ano,territorio,grupamento_modelo,inscritos,universo_elegivel_proxy,tendencia,tend_bercario,tend_maternal_i,tend_maternal_ii,ano_caged_lag1,caged_taxa_lag1,caged_estoque_dez_lag1,previsto,taxa_anterior,prev_persistencia,modelo
2026,ABOLICAO,Bercario,0,125.0,5,5,0,0,2025,0.019417862207853187,2125526,23.56304498597034,0.1232876712328767,15.410958904109588,PPML-FE base replicado
2026,ABOLICAO,Maternal I,0,76.0,5,0,5,0,2025,0.019417862207853187,2125526,21.551994330029554,0.5,38.0,PPML-FE base replicado
2026,ABOLICAO,Maternal II,0,78.0,5,0,0,5,2025,0.019417862207853187,2125526,10.740572868175787,0.14130434782608695,11.021739130434781,PPML-FE base replicado
2026,ACARI,Bercario,0,735.0,5,5,0,0,2025,0.019417862207853187,2125526,272.3398838121177,0.2607052896725441,191.6183879093199,PPML-FE base replicado
2026,ACARI,Maternal I,0,415.0,5,0,5,0,2025,0.019417862207853187,2125526,231.32601580419026,0.5872235872235873,243.6977886977887,PPML-FE base replicado
2026,ACARI,Maternal II,0,407.0,5,0,0,5,2025,0.019417862207853187,2125526,110.16147995566625,0.1984924623115578,80.78643216080403,PPML-FE base replicado
2026,AGUA SANTA,Bercario,0,115.0,5,5,0,0,2025,0.019417862207853187,2125526,24.048967255835855,0.09090909090909091,10.454545454545455,PPML-FE base replicado
2026,AGUA SANTA,Maternal I,0,54.0,5,0,5,0,2025,0.019417862207853187,2125526,16.98810055424615,0.2753623188405797,14.869565217391305,PPML-FE base replicado
2026,AGUA SANTA,Maternal II,0,69.0,5,0,0,5,2025,0.019417862207853187,2125526,10.540449338616098,0.1,6.9,PPML-FE base replicado
2026,ALTO BOA VISTA,Bercario,0,124.0,5,5,0,0,2025,0.019417862207853187,2125526,33.31671927122881,0.2792207792207792,34.62337662337662,PPML-FE base replicado
2026,ALTO BOA VISTA,Maternal I,0,99.0,5,0,5,0,2025,0.019417862207853187,2125526,40.01549663708208,0.45714285714285713,45.25714285714285,PPML-FE base replicado
2026,ALTO BOA VISTA,Maternal II,0,70.0,5,0,0,5,2025,0.019417862207853187,2125526,13.738838805918617,0.08823529411764706,6.176470588235294,PPML-FE base replicado
2026,ANCHIETA,Bercario,0,1148.0,5,5,0,0,2025,0.019417862207853187,2125526,321.5236502656495,0.2139261744966443,245.58724832214767,PPML-FE base replicado
2026,ANCHIETA,Maternal I,0,641.0,5,0,5,0,2025,0.019417862207853187,2125526,270.07322948840545,0.46112600536193027,295.5817694369973,PPML-FE base replicado
2026,ANCHIETA,Maternal II,0,746.0,5,0,0,5,2025,0.019417862207853187,2125526,152.62346425771278,0.260806916426513,194.56195965417868,PPML-FE base replicado
2026,ANDARAI,Bercario,0,438.0,5,5,0,0,2025,0.019417862207853187,2125526,82.14844306109794,0.19389978213507625,84.9281045751634,PPML-FE base replicado
2026,ANDARAI,Maternal I,0,237.0,5,0,5,0,2025,0.019417862207853187,2125526,66.86918725944182,0.19330855018587362,45.814126394052046,PPML-FE base replicado
2026,ANDARAI,Maternal II,0,269.0,5,0,0,5,2025,0.019417862207853187,2125526,36.85436647279861,0.08368200836820083,22.510460251046023,PPML-FE base replicado
2026,ANIL,Bercario,0,662.0,5,5,0,0,2025,0.019417862207853187,2125526,551.0058867077661,0.39444444444444443,261.1222222222222,PPML-FE base replicado
2026,ANIL,Maternal I,0,367.0,5,0,5,0,2025,0.019417862207853187,2125526,459.5330862846045,0.8656036446469249,317.67653758542144,PPML-FE base replicado
2026,ANIL,Maternal II,0,439.0,5,0,0,5,2025,0.019417862207853187,2125526,266.9157574769919,1.049095607235142,460.5529715762274,PPML-FE base replicado
2026,BANCARIOS,Bercario,0,256.0,5,5,0,0,2025,0.019417862207853187,2125526,68.7644132261205,0.316,80.896,PPML-FE base replicado
2026,BANCARIOS,Maternal I,0,123.0,5,0,5,0,2025,0.019417862207853187,2125526,49.70285776115526,0.21505376344086022,26.451612903225808,PPML-FE base replicado
2026,BANCARIOS,Maternal II,0,186.0,5,0,0,5,2025,0.019417862207853187,2125526,36.4962433862166,0.2446043165467626,45.49640287769784,PPML-FE base replicado
2026,BANGU,Bercario,0,3901.0,5,5,0,0,2025,0.019417862207853187,2125526,1227.5248432740545,0.25098425196850394,979.0895669291339,PPML-FE base replicado
2026,BANGU,Maternal I,0,2138.0,5,0,5,0,2025,0.019417862207853187,2125526,1012.0792324767444,0.34335635920357577,734.0958959772449,PPML-FE base replicado
2026,BANGU,Maternal II,0,2461.0,5,0,0,5,2025,0.019417862207853187,2125526,565.6885619740432,0.20786298170494355,511.5507979758661,PPML-FE base replicado
2026,BARRA GUARATIBA,Bercario,0,94.0,5,5,0,0,2025,0.019417862207853187,2125526,16.460426495900084,0.17699115044247787,16.63716814159292,PPML-FE base replicado
2026,BARRA GUARATIBA,Maternal I,0,71.0,5,0,5,0,2025,0.019417862207853187,2125526,18.703550273108995,0.22807017543859648,16.19298245614035,PPML-FE base replicado
2026,BARRA GUARATIBA,Maternal II,0,57.0,5,0,0,5,2025,0.019417862207853187,2125526,7.291208703034008,0.2112676056338028,12.04225352112676,PPML-FE base replicado
2026,BARRA OLIMPICA,Bercario,0,1025.0,5,5,0,0,2025,0.019417862207853187,2125526,197.52041418746956,0.13026819923371646,133.52490421455937,PPML-FE base replicado
2026,BARRA TIJUCA,Bercario,0,2259.0,5,5,0,0,2025,0.019417862207853187,2125526,113.76656680209517,0.01758901758901759,39.73359073359074,PPML-FE base replicado
2026,BARRA TIJUCA,Maternal I,0,1168.0,5,0,5,0,2025,0.019417862207853187,2125526,88.48990658693248,0.07933884297520662,92.66776859504132,PPML-FE base replicado
2026,BARRA TIJUCA,Maternal II,0,1210.0,5,0,0,5,2025,0.019417862207853187,2125526,44.513857945507816,0.020066889632107024,24.2809364548495,PPML-FE base replicado
2026,BARROS FILHO,Bercario,0,361.0,5,5,0,0,2025,0.019417862207853187,2125526,103.99413125806272,0.2446043165467626,88.3021582733813,PPML-FE base replicado
2026,BARROS FILHO,Maternal I,0,222.0,5,0,5,0,2025,0.019417862207853187,2125526,96.20708947854497,0.3048128342245989,67.66844919786097,PPML-FE base replicado
2026,BARROS FILHO,Maternal II,0,187.0,5,0,0,5,2025,0.019417862207853187,2125526,39.35090091399465,0.20089285714285715,37.566964285714285,PPML-FE base replicado
2026,BENFICA,Bercario,0,603.0,5,5,0,0,2025,0.019417862207853187,2125526,274.6678671367929,0.3128491620111732,188.64804469273744,PPML-FE base replicado
2026,BENFICA,Maternal I,0,408.0,5,0,5,0,2025,0.019417862207853187,2125526,279.57811893375356,0.465625,189.975,PPML-FE base replicado
2026,BENFICA,Maternal II,0,320.0,5,0,0,5,2025,0.019417862207853187,2125526,106.47605823537633,0.2647058823529412,84.70588235294117,PPML-FE base replicado
2026,BENTO RIBEIRO,Bercario,0,590.0,5,5,0,0,2025,0.019417862207853187,2125526,136.06877298286219,0.16940789473684212,99.95065789473685,PPML-FE base replicado
2026,BENTO RIBEIRO,Maternal I,0,319.0,5,0,5,0,2025,0.019417862207853187,2125526,110.67502082543012,0.3787375415282392,120.8172757475083,PPML-FE base replicado
2026,BENTO RIBEIRO,Maternal II,0,301.0,5,0,0,5,2025,0.019417862207853187,2125526,50.70892411225857,0.18285714285714286,55.04,PPML-FE base replicado
2026,BONSUCESSO,Bercario,0,658.0,5,5,0,0,2025,0.019417862207853187,2125526,208.33239742276115,0.5667655786350149,372.9317507418398,PPML-FE base replicado
2026,BONSUCESSO,Maternal I,0,397.0,5,0,5,0,2025,0.019417862207853187,2125526,189.09232301102892,0.3436657681940701,136.43530997304583,PPML-FE base replicado
2026,BONSUCESSO,Maternal II,0,742.0,5,0,0,5,2025,0.019417862207853187,2125526,171.611452470043,0.261986301369863,194.39383561643834,PPML-FE base replicado
2026,BOTAFOGO,Bercario,0,1069.0,5,5,0,0,2025,0.019417862207853187,2125526,100.220305448609,0.10664172123479888,114.0,PPML-FE base replicado
2026,BOTAFOGO,Maternal I,0,528.0,5,0,5,0,2025,0.019417862207853187,2125526,74.46709494833708,0.13932980599647266,73.56613756613756,PPML-FE base replicado
2026,BOTAFOGO,Maternal II,0,567.0,5,0,0,5,2025,0.019417862207853187,2125526,38.83045858113753,0.04903677758318739,27.80385288966725,PPML-FE base replicado
2026,BRAS PINA,Bercario,0,725.0,5,5,0,0,2025,0.019417862207853187,2125526,142.30427689007433,0.2286096256684492,165.74197860962568,PPML-FE base replicado
2026,BRAS PINA,Maternal I,0,390.0,5,0,5,0,2025,0.019417862207853187,2125526,115.15877215886063,0.4580335731414868,178.63309352517985,PPML-FE base replicado
2026,BRAS PINA,Maternal II,0,417.0,5,0,0,5,2025,0.019417862207853187,2125526,59.789847402692835,0.1570796460176991,65.50221238938053,PPML-FE base replicado
2026,CACHAMBI,Bercario,0,556.0,5,5,0,0,2025,0.019417862207853187,2125526,71.86818786298856,0.13580246913580246,75.50617283950616,PPML-FE base replicado
2026,CACHAMBI,Maternal I,0,294.0,5,0,5,0,2025,0.019417862207853187,2125526,57.16914612449071,0.18627450980392157,54.76470588235294,PPML-FE base replicado
2026,CACHAMBI,Maternal II,0,306.0,5,0,0,5,2025,0.019417862207853187,2125526,28.893142071728004,0.05379746835443038,16.462025316455698,PPML-FE base replicado
2026,CACUIA,Bercario,0,167.0,5,5,0,0,2025,0.019417862207853187,2125526,34.40527568511986,0.18497109826589594,30.89017341040462,PPML-FE base replicado
2026,CACUIA,Maternal I,0,90.0,5,0,5,0,2025,0.019417862207853187,2125526,27.89353475480177,0.2808988764044944,25.280898876404496,PPML-FE base replicado
2026,CACUIA,Maternal II,0,89.0,5,0,0,5,2025,0.019417862207853187,2125526,13.393991575455313,0.3373493975903614,30.024096385542165,PPML-FE base replicado
2026,CAJU,Bercario,0,603.0,5,5,0,0,2025,0.019417862207853187,2125526,200.80833843439066,0.27751196172248804,167.3397129186603,PPML-FE base replicado
2026,CAJU,Maternal I,0,329.0,5,0,5,0,2025,0.019417862207853187,2125526,164.8210972116948,0.41389728096676737,136.17220543806647,PPML-FE base replicado
2026,CAJU,Maternal II,0,331.0,5,0,0,5,2025,0.019417862207853187,2125526,80.52001888473212,0.16023738872403562,53.03857566765579,PPML-FE base replicado
2026,CAMORIM,Bercario,0,55.0,5,5,0,0,2025,0.019417862207853187,2125526,34.45461001660812,0.6796116504854369,37.37864077669903,PPML-FE base replicado
2026,CAMORIM,Maternal I,0,80.0,5,0,5,0,2025,0.019417862207853187,2125526,75.39232013392039,0.34959349593495936,27.96747967479675,PPML-FE base replicado
2026,CAMORIM,Maternal II,0,123.0,5,0,0,5,2025,0.019417862207853187,2125526,56.286106015716314,0.25882352941176473,31.835294117647063,PPML-FE base replicado
2026,CAMPINHO,Bercario,0,180.0,5,5,0,0,2025,0.019417862207853187,2125526,38.807813347666006,0.22164948453608246,39.896907216494846,PPML-FE base replicado
2026,CAMPINHO,Maternal I,0,107.0,5,0,5,0,2025,0.019417862207853187,2125526,34.70427034746601,0.47,50.29,PPML-FE base replicado
2026,CAMPINHO,Maternal II,0,100.0,5,0,0,5,2025,0.019417862207853187,2125526,15.74918597843401,0.1504424778761062,15.04424778761062,PPML-FE base replicado
2026,CAMPO AFONSOS,Bercario,0,70.0,5,5,0,0,2025,0.019417862207853187,2125526,11.783840528722438,0.0410958904109589,2.8767123287671232,PPML-FE base replicado
2026,CAMPO AFONSOS,Maternal I,0,41.0,5,0,5,0,2025,0.019417862207853187,2125526,10.383054789362232,0.03225806451612903,1.3225806451612903,PPML-FE base replicado
2026,CAMPO AFONSOS,Maternal II,0,31.0,5,0,0,5,2025,0.019417862207853187,2125526,3.8120795438561736,0.10344827586206896,3.206896551724138,PPML-FE base replicado
2026,CAMPO GRANDE,Bercario,0,6911.0,5,5,0,0,2025,0.019417862207853187,2125526,2043.9703096340445,0.21254404510218464,1468.891895701198,PPML-FE base replicado
2026,CAMPO GRANDE,Maternal I,0,3685.0,5,0,5,0,2025,0.019417862207853187,2125526,1639.5461839357783,0.3648717948717949,1344.5525641025642,PPML-FE base replicado
2026,CAMPO GRANDE,Maternal II,0,3900.0,5,0,0,5,2025,0.019417862207853187,2125526,842.5772734578572,0.19133574007220217,746.2093862815884,PPML-FE base replicado
2026,CASCADURA,Bercario,0,497.0,5,5,0,0,2025,0.019417862207853187,2125526,145.48143671954836,0.20840950639853748,103.57952468007312,PPML-FE base replicado
2026,CASCADURA,Maternal I,0,293.0,5,0,5,0,2025,0.019417862207853187,2125526,129.02423281397918,0.3223684210526316,94.45394736842105,PPML-FE base replicado
2026,CASCADURA,Maternal II,0,304.0,5,0,0,5,2025,0.019417862207853187,2125526,65.00342200440895,0.22448979591836735,68.24489795918367,PPML-FE base replicado
2026,CATETE,Bercario,0,309.0,5,5,0,0,2025,0.019417862207853187,2125526,52.322338069701225,0.15963855421686746,49.32831325301204,PPML-FE base replicado
2026,CATETE,Maternal I,0,169.0,5,0,5,0,2025,0.019417862207853187,2125526,43.049473091048746,0.19540229885057472,33.02298850574713,PPML-FE base replicado
2026,CATETE,Maternal II,0,174.0,5,0,0,5,2025,0.019417862207853187,2125526,21.522333425687336,0.1375,23.925,PPML-FE base replicado
2026,CATUMBI,Bercario,0,270.0,5,5,0,0,2025,0.019417862207853187,2125526,107.89005807086936,0.46037735849056605,124.30188679245283,PPML-FE base replicado
2026,CATUMBI,Maternal I,0,127.0,5,0,5,0,2025,0.019417862207853187,2125526,76.3438145936063,0.33783783783783783,42.9054054054054,PPML-FE base replicado
2026,CATUMBI,Maternal II,0,148.0,5,0,0,5,2025,0.019417862207853187,2125526,43.20070377492429,0.13259668508287292,19.624309392265193,PPML-FE base replicado
2026,CAVALCANTE,Bercario,0,286.0,5,5,0,0,2025,0.019417862207853187,2125526,90.28316301982514,0.25675675675675674,73.43243243243244,PPML-FE base replicado
2026,CAVALCANTE,Maternal I,0,153.0,5,0,5,0,2025,0.019417862207853187,2125526,72.65820023858673,0.4394904458598726,67.24203821656052,PPML-FE base replicado
2026,CAVALCANTE,Maternal II,0,157.0,5,0,0,5,2025,0.019417862207853187,2125526,36.20360592874766,0.24539877300613497,38.52760736196319,PPML-FE base replicado
2026,CENTRO,Bercario,0,365.0,5,5,0,0,2025,0.019417862207853187,2125526,128.61432742182706,0.328,119.72,PPML-FE base replicado
2026,CENTRO,Maternal I,0,199.0,5,0,5,0,2025,0.019417862207853187,2125526,105.48775151232708,0.4074074074074074,81.07407407407408,PPML-FE base replicado
2026,CENTRO,Maternal II,0,243.0,5,0,0,5,2025,0.019417862207853187,2125526,62.54811182047714,0.19123505976095617,46.47011952191235,PPML-FE base replicado
2026,CIDADE DEUS,Bercario,0,1031.0,5,5,0,0,2025,0.019417862207853187,2125526,418.9318041394627,0.41379310344827586,426.6206896551724,PPML-FE base replicado
2026,CIDADE DEUS,Maternal I,0,559.0,5,0,5,0,2025,0.019417862207853187,2125526,341.7031222492393,0.7123519458544839,398.2047377326565,PPML-FE base replicado
2026,CIDADE DEUS,Maternal II,0,591.0,5,0,0,5,2025,0.019417862207853187,2125526,175.42181149410044,0.13935681470137826,82.35987748851456,PPML-FE base replicado
2026,CIDADE NOVA,Bercario,0,80.0,5,5,0,0,2025,0.019417862207853187,2125526,24.768606181288845,0.3125,25.0,PPML-FE base replicado
2026,CIDADE NOVA,Maternal I,0,41.0,5,0,5,0,2025,0.019417862207853187,2125526,19.0962420196039,0.45652173913043476,18.717391304347824,PPML-FE base replicado
2026,CIDADE NOVA,Maternal II,0,46.0,5,0,0,5,2025,0.019417862207853187,2125526,10.403533176164895,0.1,4.6000000000000005,PPML-FE base replicado
2026,CIDADE UNIVERSITARIA,Bercario,0,25.0,5,5,0,0,2025,0.019417862207853187,2125526,4.967664972333299,0.25,6.25,PPML-FE base replicado
2026,CIDADE UNIVERSITARIA,Maternal I,0,13.0,5,0,5,0,2025,0.019417862207853187,2125526,3.8860475888154546,0.1,1.3,PPML-FE base replicado
2026,CIDADE UNIVERSITARIA,Maternal II,0,10.0,5,0,0,5,2025,0.019417862207853187,2125526,1.451522371420213,0.0,0.0,PPML-FE base replicado
2026,COCOTA,Bercario,0,89.0,5,5,0,0,2025,0.019417862207853187,2125526,17.979721703762493,0.21052631578947367,18.736842105263158,PPML-FE base replicado
2026,COCOTA,Maternal I,0,39.0,5,0,5,0,2025,0.019417862207853187,2125526,11.852502023328196,0.38461538461538464,15.0,PPML-FE base replicado
2026,COCOTA,Maternal II,0,52.0,5,0,0,5,2025,0.019417862207853187,2125526,7.6737517614843584,0.22857142857142856,11.885714285714286,PPML-FE base replicado
2026,COELHO NETO,Bercario,0,507.0,5,5,0,0,2025,0.019417862207853187,2125526,205.22997678021608,0.31956912028725315,162.02154398563735,PPML-FE base replicado
2026,COELHO NETO,Maternal I,0,314.0,5,0,5,0,2025,0.019417862207853187,2125526,191.21191773019518,0.49295774647887325,154.7887323943662,PPML-FE base replicado
2026,COELHO NETO,Maternal II,0,284.0,5,0,0,5,2025,0.019417862207853187,2125526,83.97743791408804,0.31788079470198677,90.27814569536424,PPML-FE base replicado
2026,COLEGIO,Bercario,0,574.0,5,5,0,0,2025,0.019417862207853187,2125526,167.44270184888617,0.23450586264656617,134.60636515912898,PPML-FE base replicado
2026,COLEGIO,Maternal I,0,321.0,5,0,5,0,2025,0.019417862207853187,2125526,140.86783358382039,0.32285714285714284,103.63714285714285,PPML-FE base replicado
2026,COLEGIO,Maternal II,0,350.0,5,0,0,5,2025,0.019417862207853187,2125526,74.58196455818728,0.2937853107344633,102.82485875706215,PPML-FE base replicado
2026,COMPLEXO ALEMAO,Bercario,0,850.0,5,5,0,0,2025,0.019417862207853187,2125526,38.23583092728292,0.0,0.0,PPML-FE base replicado
2026,COMPLEXO ALEMAO,Maternal I,0,410.0,5,0,5,0,2025,0.019417862207853187,2125526,27.745204872320972,0.004310344827586207,1.7672413793103448,PPML-FE base replicado
2026,COMPLEXO ALEMAO,Maternal II,0,232.0,5,0,0,5,2025,0.019417862207853187,2125526,7.6234408598376335,0.0,0.0,PPML-FE base replicado
2026,COMPLEXO MARE,Bercario,0,2988.0,5,5,0,0,2025,0.019417862207853187,2125526,775.0203077242047,0.18424479166666666,550.5234375,PPML-FE base replicado
2026,COMPLEXO MARE,Maternal I,0,1576.0,5,0,5,0,2025,0.019417862207853187,2125526,614.9519384999303,0.398838334946757,628.5692158760891,PPML-FE base replicado
2026,COMPLEXO MARE,Maternal II,0,1033.0,5,0,0,5,2025,0.019417862207853187,2125526,195.72407739981233,0.20014450867052022,206.74927745664738,PPML-FE base replicado
2026,COPACABANA,Bercario,0,1478.0,5,5,0,0,2025,0.019417862207853187,2125526,245.37679800416177,0.1707936507936508,252.43301587301588,PPML-FE base replicado
2026,COPACABANA,Maternal I,0,866.0,5,0,5,0,2025,0.019417862207853187,2125526,216.2865062261067,0.2505720823798627,216.9954233409611,PPML-FE base replicado
2026,COPACABANA,Maternal II,0,874.0,5,0,0,5,2025,0.019417862207853187,2125526,105.9941599652952,0.10982658959537572,95.98843930635839,PPML-FE base replicado
2026,CORDOVIL,Bercario,0,638.0,5,5,0,0,2025,0.019417862207853187,2125526,152.11738338822238,0.2823871906841339,180.16302765647745,PPML-FE base replicado
2026,CORDOVIL,Maternal I,0,365.0,5,0,5,0,2025,0.019417862207853187,2125526,130.9192487605815,0.3089430894308943,112.76422764227642,PPML-FE base replicado
2026,CORDOVIL,Maternal II,0,369.0,5,0,0,5,2025,0.019417862207853187,2125526,64.26817648586469,0.23459715639810427,86.56635071090048,PPML-FE base replicado
2026,COSME VELHO,Bercario,0,108.0,5,5,0,0,2025,0.019417862207853187,2125526,24.62400797021554,0.2604166666666667,28.125000000000004,PPML-FE base replicado
2026,COSME VELHO,Maternal I,0,51.0,5,0,5,0,2025,0.019417862207853187,2125526,17.492731742477037,0.328125,16.734375,PPML-FE base replicado
2026,COSME VELHO,Maternal II,0,64.0,5,0,0,5,2025,0.019417862207853187,2125526,10.659244039905065,0.05333333333333334,3.4133333333333336,PPML-FE base replicado
2026,COSMOS,Bercario,0,1965.0,5,5,0,0,2025,0.019417862207853187,2125526,660.6039552007127,0.27704997573993206,544.4032023289665,PPML-FE base replicado
2026,COSMOS,Maternal I,0,1049.0,5,0,5,0,2025,0.019417862207853187,2125526,530.5258813628882,0.4341736694677871,455.4481792717087,PPML-FE base replicado
2026,COSMOS,Maternal II,0,1071.0,5,0,0,5,2025,0.019417862207853187,2125526,263.0144017020226,0.23380035026269702,250.4001751313485,PPML-FE base replicado
2026,COSTA BARROS,Bercario,0,776.0,5,5,0,0,2025,0.019417862207853187,2125526,316.5368136211372,0.41448189762796506,321.63795255930086,PPML-FE base replicado
2026,COSTA BARROS,Maternal I,0,419.0,5,0,5,0,2025,0.019417862207853187,2125526,257.11593923576334,0.3611111111111111,151.30555555555554,PPML-FE base replicado
2026,COSTA BARROS,Maternal II,0,540.0,5,0,0,5,2025,0.019417862207853187,2125526,160.90432160500168,0.2174721189591078,117.43494423791822,PPML-FE base replicado
2026,CURICICA,Bercario,0,700.0,5,5,0,0,2025,0.019417862207853187,2125526,201.30185984759711,0.30200501253132833,211.40350877192984,PPML-FE base replicado
2026,CURICICA,Maternal I,0,449.0,5,0,5,0,2025,0.019417862207853187,2125526,194.24442404041116,0.28345323741007195,127.2705035971223,PPML-FE base replicado
2026,CURICICA,Maternal II,0,695.0,5,0,0,5,2025,0.019417862207853187,2125526,145.9976938361879,0.23052959501557632,160.21806853582555,PPML-FE base replicado
2026,DEL CASTILHO,Bercario,0,440.0,5,5,0,0,2025,0.019417862207853187,2125526,114.89474474272663,0.3479212253829322,153.08533916849015,PPML-FE base replicado
2026,DEL CASTILHO,Maternal I,0,225.0,5,0,5,0,2025,0.019417862207853187,2125526,88.38579624050992,0.27615062761506276,62.13389121338912,PPML-FE base replicado
2026,DEL CASTILHO,Maternal II,0,239.0,5,0,0,5,2025,0.019417862207853187,2125526,45.588660611673205,0.14772727272727273,35.30681818181819,PPML-FE base replicado
2026,DEODORO,Bercario,0,231.0,5,5,0,0,2025,0.019417862207853187,2125526,94.96192018664969,0.3389830508474576,78.30508474576271,PPML-FE base replicado
2026,DEODORO,Maternal I,0,122.0,5,0,5,0,2025,0.019417862207853187,2125526,75.44836119714076,0.4012738853503185,48.955414012738856,PPML-FE base replicado
2026,DEODORO,Maternal II,0,157.0,5,0,0,5,2025,0.019417862207853187,2125526,47.14640732962981,0.25,39.25,PPML-FE base replicado
2026,ENCANTADO,Bercario,0,179.0,5,5,0,0,2025,0.019417862207853187,2125526,39.53145808883416,0.2074468085106383,37.13297872340426,PPML-FE base replicado
2026,ENCANTADO,Maternal I,0,93.0,5,0,5,0,2025,0.019417862207853187,2125526,30.89763392142353,0.42857142857142855,39.857142857142854,PPML-FE base replicado
2026,ENCANTADO,Maternal II,0,91.0,5,0,0,5,2025,0.019417862207853187,2125526,14.68056054269539,0.19791666666666666,18.010416666666664,PPML-FE base replicado
2026,ENGENHEIRO LEAL,Bercario,0,96.0,5,5,0,0,2025,0.019417862207853187,2125526,24.551040706281846,0.06896551724137931,6.620689655172414,PPML-FE base replicado
2026,ENGENHEIRO LEAL,Maternal I,0,70.0,5,0,5,0,2025,0.019417862207853187,2125526,26.930795730684544,0.4090909090909091,28.636363636363637,PPML-FE base replicado
2026,ENGENHEIRO LEAL,Maternal II,0,66.0,5,0,0,5,2025,0.019417862207853187,2125526,12.329743805633843,0.4098360655737705,27.049180327868854,PPML-FE base replicado
2026,ENGENHO DENTRO,Bercario,0,684.0,5,5,0,0,2025,0.019417862207853187,2125526,146.44380291964288,0.22772277227722773,155.76237623762376,PPML-FE base replicado
2026,ENGENHO DENTRO,Maternal I,0,366.0,5,0,5,0,2025,0.019417862207853187,2125526,117.88226028081245,0.38676844783715014,141.55725190839695,PPML-FE base replicado
2026,ENGENHO DENTRO,Maternal II,0,393.0,5,0,0,5,2025,0.019417862207853187,2125526,61.46372693825453,0.16745283018867924,65.80896226415094,PPML-FE base replicado
2026,ENGENHO NOVO,Bercario,0,670.0,5,5,0,0,2025,0.019417862207853187,2125526,178.13261281963807,0.30687830687830686,205.6084656084656,PPML-FE base replicado
2026,ENGENHO NOVO,Maternal I,0,428.0,5,0,5,0,2025,0.019417862207853187,2125526,171.18467272510534,0.2897196261682243,123.99999999999999,PPML-FE base replicado
2026,ENGENHO NOVO,Maternal II,0,428.0,5,0,0,5,2025,0.019417862207853187,2125526,83.12350514333843,0.11926605504587157,51.04587155963303,PPML-FE base replicado
2026,ENGENHO RAINHA,Bercario,0,448.0,5,5,0,0,2025,0.019417862207853187,2125526,118.71286327525998,0.23319327731092437,104.47058823529412,PPML-FE base replicado
2026,ENGENHO RAINHA,Maternal I,0,248.0,5,0,5,0,2025,0.019417862207853187,2125526,98.86075419038411,0.3602941176470588,89.3529411764706,PPML-FE base replicado
2026,ENGENHO RAINHA,Maternal II,0,272.0,5,0,0,5,2025,0.019417862207853187,2125526,52.65021073863562,0.16996047430830039,46.2292490118577,PPML-FE base replicado
2026,ESTACIO,Bercario,0,328.0,5,5,0,0,2025,0.019417862207853187,2125526,116.711816364048,0.31142857142857144,102.14857142857143,PPML-FE base replicado
2026,ESTACIO,Maternal I,0,175.0,5,0,5,0,2025,0.019417862207853187,2125526,93.6766832142469,0.34831460674157305,60.95505617977528,PPML-FE base replicado
2026,ESTACIO,Maternal II,0,178.0,5,0,0,5,2025,0.019417862207853187,2125526,46.26711612610225,0.17766497461928935,31.624365482233504,PPML-FE base replicado
2026,FLAMENGO,Bercario,0,510.0,5,5,0,0,2025,0.019417862207853187,2125526,54.7307894694376,0.07945736434108527,40.52325581395349,PPML-FE base replicado
2026,FLAMENGO,Maternal I,0,268.0,5,0,5,0,2025,0.019417862207853187,2125526,43.266204941399714,0.10101010101010101,27.07070707070707,PPML-FE base replicado
2026,FLAMENGO,Maternal II,0,297.0,5,0,0,5,2025,0.019417862207853187,2125526,23.282490248317195,0.057034220532319393,16.93916349809886,PPML-FE base replicado
2026,FREGUESIA ILHA,Bercario,0,353.0,5,5,0,0,2025,0.019417862207853187,2125526,83.90908144891006,0.2336448598130841,82.4766355140187,PPML-FE base replicado
2026,FREGUESIA ILHA,Maternal I,0,165.0,5,0,5,0,2025,0.019417862207853187,2125526,59.002535951476396,0.27741935483870966,45.774193548387096,PPML-FE base replicado
2026,FREGUESIA ILHA,Maternal II,0,155.0,5,0,0,5,2025,0.019417862207853187,2125526,26.913947659349407,0.10588235294117647,16.41176470588235,PPML-FE base replicado
2026,FREGUESIA JPA,Bercario,0,1130.0,5,5,0,0,2025,0.019417862207853187,2125526,157.95207102075761,0.12116040955631399,136.91126279863482,PPML-FE base replicado
2026,FREGUESIA JPA,Maternal I,0,595.0,5,0,5,0,2025,0.019417862207853187,2125526,125.1169990780691,0.16613418530351437,98.84984025559105,PPML-FE base replicado
2026,FREGUESIA JPA,Maternal II,0,626.0,5,0,0,5,2025,0.019417862207853187,2125526,63.919395358443744,0.051696284329563816,32.36187399030695,PPML-FE base replicado
2026,GALEAO,Bercario,0,546.0,5,5,0,0,2025,0.019417862207853187,2125526,159.191281087445,0.17647058823529413,96.3529411764706,PPML-FE base replicado
2026,GALEAO,Maternal I,0,309.0,5,0,5,0,2025,0.019417862207853187,2125526,135.53067050633388,0.25360230547550433,78.36311239193084,PPML-FE base replicado
2026,GALEAO,Maternal II,0,347.0,5,0,0,5,2025,0.019417862207853187,2125526,73.90393341391871,0.2054794520547945,71.30136986301369,PPML-FE base replicado
2026,GAMBOA,Bercario,0,249.0,5,5,0,0,2025,0.019417862207853187,2125526,71.21807366245267,0.21794871794871795,54.26923076923077,PPML-FE base replicado
2026,GAMBOA,Maternal I,0,125.0,5,0,5,0,2025,0.019417862207853187,2125526,53.78403252489496,0.31746031746031744,39.682539682539684,PPML-FE base replicado
2026,GAMBOA,Maternal II,0,126.0,5,0,0,5,2025,0.019417862207853187,2125526,26.325271830165335,0.15384615384615385,19.384615384615387,PPML-FE base replicado
2026,GARDENIA AZUL,Bercario,0,715.0,5,5,0,0,2025,0.019417862207853187,2125526,266.7882874324672,0.2906208718626156,207.79392338177016,PPML-FE base replicado
2026,GARDENIA AZUL,Maternal I,0,424.0,5,0,5,0,2025,0.019417862207853187,2125526,238.00114503218452,0.444234404536862,188.3553875236295,PPML-FE base replicado
2026,GARDENIA AZUL,Maternal II,0,529.0,5,0,0,5,2025,0.019417862207853187,2125526,144.18757350151117,0.3644251626898048,192.78091106290674,PPML-FE base replicado
2026,GAVEA,Bercario,0,251.0,5,5,0,0,2025,0.019417862207853187,2125526,125.99076695773678,0.7275985663082437,182.62724014336916,PPML-FE base replicado
2026,GAVEA,Maternal I,0,165.0,5,0,5,0,2025,0.019417862207853187,2125526,124.59522963710863,0.7485029940119761,123.50299401197606,PPML-FE base replicado
2026,GAVEA,Maternal II,0,167.0,5,0,0,5,2025,0.019417862207853187,2125526,61.234039940598926,0.3567251461988304,59.57309941520467,PPML-FE base replicado
2026,GERICINO,Bercario,0,28.0,5,5,0,0,2025,0.019417862207853187,2125526,5.423901100160302,0.0,0.0,PPML-FE base replicado
2026,GERICINO,Maternal I,0,19.0,5,0,5,0,2025,0.019417862207853187,2125526,5.536812338513437,0.2803351896750988,5.326368603826877,PPML-FE base replicado
2026,GLORIA,Bercario,0,89.0,5,5,0,0,2025,0.019417862207853187,2125526,26.962432698402246,0.46,40.940000000000005,PPML-FE base replicado
2026,GLORIA,Maternal I,0,57.0,5,0,5,0,2025,0.019417862207853187,2125526,25.977442699755798,0.5227272727272727,29.795454545454543,PPML-FE base replicado
2026,GLORIA,Maternal II,0,44.0,5,0,0,5,2025,0.019417862207853187,2125526,9.737179760470314,0.11594202898550725,5.101449275362319,PPML-FE base replicado
2026,GRAJAU,Bercario,0,378.0,5,5,0,0,2025,0.019417862207853187,2125526,68.19001568290179,0.16009280742459397,60.515081206496525,PPML-FE base replicado
2026,GRAJAU,Maternal I,0,222.0,5,0,5,0,2025,0.019417862207853187,2125526,60.24686284517649,0.10256410256410256,22.76923076923077,PPML-FE base replicado
2026,GRAJAU,Maternal II,0,234.0,5,0,0,5,2025,0.019417862207853187,2125526,30.835876079468278,0.0735930735930736,17.22077922077922,PPML-FE base replicado
2026,GRUMARI,Bercario,0,1.0,5,5,0,0,2025,0.019417862207853187,2125526,0.2113442175910042,0.0,0.0,PPML-FE base replicado
2026,GRUMARI,Maternal I,0,4.0,5,0,5,0,2025,0.019417862207853187,2125526,1.271753184387571,0.5,2.0,PPML-FE base replicado
2026,GRUMARI,Maternal II,0,2.0,5,0,0,5,2025,0.019417862207853187,2125526,0.3087676620828503,0.2,0.4,PPML-FE base replicado
2026,GUADALUPE,Bercario,0,710.0,5,5,0,0,2025,0.019417862207853187,2125526,172.03835685973579,0.20291777188328913,144.0716180371353,PPML-FE base replicado
2026,GUADALUPE,Maternal I,0,400.0,5,0,5,0,2025,0.019417862207853187,2125526,145.80734467481346,0.28482328482328484,113.92931392931393,PPML-FE base replicado
2026,GUADALUPE,Maternal II,0,481.0,5,0,0,5,2025,0.019417862207853187,2125526,85.13800266062702,0.22954091816367264,110.40918163672654,PPML-FE base replicado
2026,GUARATIBA,Bercario,0,3716.0,5,5,0,0,2025,0.019417862207853187,2125526,1318.7288039513699,0.2520303194369247,936.5446670276123,PPML-FE base replicado
2026,GUARATIBA,Maternal I,0,1839.0,5,0,5,0,2025,0.019417862207853187,2125526,981.7795656073497,0.45439283715724677,835.6284275321768,PPML-FE base replicado
2026,GUARATIBA,Maternal II,0,1787.0,5,0,0,5,2025,0.019417862207853187,2125526,463.2503789181057,0.3247639034627492,580.3530954879328,PPML-FE base replicado
2026,HIGIENOPOLIS,Bercario,0,228.0,5,5,0,0,2025,0.019417862207853187,2125526,43.524827422892756,0.20982142857142858,47.839285714285715,PPML-FE base replicado
2026,HIGIENOPOLIS,Maternal I,0,101.0,5,0,5,0,2025,0.019417862207853187,2125526,29.005212865169085,0.2761904761904762,27.895238095238096,PPML-FE base replicado
2026,HIGIENOPOLIS,Maternal II,0,105.0,5,0,0,5,2025,0.019417862207853187,2125526,14.642086010980604,0.12612612612612611,13.243243243243242,PPML-FE base replicado
2026,HONORIO GURGEL,Bercario,0,356.0,5,5,0,0,2025,0.019417862207853187,2125526,98.93174487927129,0.24653739612188366,87.76731301939058,PPML-FE base replicado
2026,HONORIO GURGEL,Maternal I,0,186.0,5,0,5,0,2025,0.019417862207853187,2125526,77.75907533681026,0.354978354978355,66.02597402597404,PPML-FE base replicado
2026,HONORIO GURGEL,Maternal II,0,231.0,5,0,0,5,2025,0.019417862207853187,2125526,46.89311626736645,0.25225225225225223,58.27027027027027,PPML-FE base replicado
2026,HUMAITA,Bercario,0,138.0,5,5,0,0,2025,0.019417862207853187,2125526,15.987688870104115,0.0410958904109589,5.671232876712328,PPML-FE base replicado
2026,HUMAITA,Maternal I,0,71.0,5,0,5,0,2025,0.019417862207853187,2125526,12.374208311896831,0.09210526315789473,6.539473684210526,PPML-FE base replicado
2026,HUMAITA,Maternal II,0,76.0,5,0,0,5,2025,0.019417862207853187,2125526,6.431786765572937,0.023809523809523808,1.8095238095238093,PPML-FE base replicado
2026,ILHA GUARATIBA,Bercario,0,141.0,5,5,0,0,2025,0.019417862207853187,2125526,28.95689700451061,0.014492753623188406,2.0434782608695654,PPML-FE base replicado
2026,ILHA GUARATIBA,Maternal I,0,9.0,5,0,5,0,2025,0.019417862207853187,2125526,2.780531955738709,0.2803351896750988,2.523016707075889,PPML-FE base replicado
2026,INHAUMA,Bercario,0,1024.0,5,5,0,0,2025,0.019417862207853187,2125526,324.0759274077827,0.31297709923664124,320.48854961832063,PPML-FE base replicado
2026,INHAUMA,Maternal I,0,572.0,5,0,5,0,2025,0.019417862207853187,2125526,272.3298940736182,0.6710775047258979,383.8563327032136,PPML-FE base replicado
2026,INHAUMA,Maternal II,0,529.0,5,0,0,5,2025,0.019417862207853187,2125526,122.2964728440505,0.1683673469387755,89.06632653061224,PPML-FE base replicado
2026,INHOAIBA,Bercario,0,1484.0,5,5,0,0,2025,0.019417862207853187,2125526,583.3214711079289,0.3527027027027027,523.4108108108109,PPML-FE base replicado
2026,INHOAIBA,Maternal I,0,748.0,5,0,5,0,2025,0.019417862207853187,2125526,442.3113988609364,0.4672330097087379,349.49029126213594,PPML-FE base replicado
2026,INHOAIBA,Maternal II,0,824.0,5,0,0,5,2025,0.019417862207853187,2125526,236.59889769979694,0.23523093447905477,193.83029001074112,PPML-FE base replicado
2026,IPANEMA,Bercario,0,488.0,5,5,0,0,2025,0.019417862207853187,2125526,31.64671811329011,0.021653543307086614,10.566929133858267,PPML-FE base replicado
2026,IPANEMA,Maternal I,0,254.0,5,0,5,0,2025,0.019417862207853187,2125526,24.77964303073666,0.056910569105691054,14.455284552845528,PPML-FE base replicado
2026,IPANEMA,Maternal II,0,246.0,5,0,0,5,2025,0.019417862207853187,2125526,11.6534738932379,0.030927835051546393,7.608247422680413,PPML-FE base replicado
2026,IRAJA,Bercario,0,1377.0,5,5,0,0,2025,0.019417862207853187,2125526,315.08348509341414,0.20572207084468666,283.27929155313353,PPML-FE base replicado
2026,IRAJA,Maternal I,0,786.0,5,0,5,0,2025,0.019417862207853187,2125526,270.56194900913795,0.30036188178528345,236.08443908323278,PPML-FE base replicado
2026,IRAJA,Maternal II,0,829.0,5,0,0,5,2025,0.019417862207853187,2125526,138.5663172300859,0.1511216056670602,125.2798110979929,PPML-FE base replicado
2026,ITANHANGA,Bercario,0,1511.0,5,5,0,0,2025,0.019417862207853187,2125526,492.50334587064606,0.13485342019543975,203.76351791530945,PPML-FE base replicado
2026,ITANHANGA,Maternal I,0,819.0,5,0,5,0,2025,0.019417862207853187,2125526,401.5883404039068,0.40360610263522884,330.5533980582524,PPML-FE base replicado
2026,ITANHANGA,Maternal II,0,721.0,5,0,0,5,2025,0.019417862207853187,2125526,171.6688229654538,0.36351706036745407,262.09580052493436,PPML-FE base replicado
2026,JABOUR,Bercario,0,35.0,5,5,0,0,2025,0.019417862207853187,2125526,7.5829080300067435,0.0,0.0,PPML-FE base replicado
2026,JABOUR,Maternal I,0,1.0,5,0,5,0,2025,0.019417862207853187,2125526,0.3259269081096055,0.0,0.0,PPML-FE base replicado
2026,JABOUR,Maternal II,0,1.0,5,0,0,5,2025,0.019417862207853187,2125526,0.15826292501143963,0.18145761550073647,0.18145761550073647,PPML-FE base replicado
2026,JACARE,Bercario,0,281.0,5,5,0,0,2025,0.019417862207853187,2125526,131.40229792038457,0.8165467625899281,229.4496402877698,PPML-FE base replicado
2026,JACARE,Maternal I,0,163.0,5,0,5,0,2025,0.019417862207853187,2125526,114.66654235955684,0.4409722222222222,71.87847222222221,PPML-FE base replicado
2026,JACARE,Maternal II,0,288.0,5,0,0,5,2025,0.019417862207853187,2125526,98.37858500517257,0.25316455696202533,72.9113924050633,PPML-FE base replicado
2026,JACAREPAGUA,Bercario,0,4040.0,5,5,0,0,2025,0.019417862207853187,2125526,838.0277902668641,0.1079407210794072,436.08051316080514,PPML-FE base replicado
2026,JACAREPAGUA,Maternal I,0,2489.0,5,0,5,0,2025,0.019417862207853187,2125526,776.7020021880076,0.256004087889627,637.1941747572815,PPML-FE base replicado
2026,JACAREPAGUA,Maternal II,0,1957.0,5,0,0,5,2025,0.019417862207853187,2125526,296.5372973545039,0.1575019638648861,308.2313432835821,PPML-FE base replicado
2026,JACAREZINHO,Bercario,0,525.0,5,5,0,0,2025,0.019417862207853187,2125526,53.483118447351515,0.055062166962699825,28.907637655417407,PPML-FE base replicado
2026,JACAREZINHO,Maternal I,0,279.0,5,0,5,0,2025,0.019417862207853187,2125526,42.75767620348762,0.05732484076433121,15.993630573248408,PPML-FE base replicado
2026,JACAREZINHO,Maternal II,0,157.0,5,0,0,5,2025,0.019417862207853187,2125526,11.683380331331513,0.057692307692307696,9.057692307692308,PPML-FE base replicado
2026,JARDIM AMERICA,Bercario,0,423.0,5,5,0,0,2025,0.019417862207853187,2125526,126.13922684043318,0.3159041394335512,133.62745098039215,PPML-FE base replicado
2026,JARDIM AMERICA,Maternal I,0,281.0,5,0,5,0,2025,0.019417862207853187,2125526,126.05747092449478,0.4671280276816609,131.26297577854672,PPML-FE base replicado
2026,JARDIM AMERICA,Maternal II,0,289.0,5,0,0,5,2025,0.019417862207853187,2125526,62.95338453787874,0.15359477124183007,44.38888888888889,PPML-FE base replicado
2026,JARDIM BOTANICO,Bercario,0,187.0,5,5,0,0,2025,0.019417862207853187,2125526,19.030690950050694,0.09433962264150944,17.641509433962266,PPML-FE base replicado
2026,JARDIM BOTANICO,Maternal I,0,110.0,5,0,5,0,2025,0.019417862207853187,2125526,16.840621214091488,0.1271186440677966,13.983050847457626,PPML-FE base replicado
2026,JARDIM BOTANICO,Maternal II,0,118.0,5,0,0,5,2025,0.019417862207853187,2125526,8.772157106178057,0.0625,7.375,PPML-FE base replicado
2026,JARDIM CARIOCA,Bercario,0,363.0,5,5,0,0,2025,0.019417862207853187,2125526,67.4221285488561,0.21212121212121213,77.0,PPML-FE base replicado
2026,JARDIM CARIOCA,Maternal I,0,189.0,5,0,5,0,2025,0.019417862207853187,2125526,52.80926352429782,0.27699530516431925,52.352112676056336,PPML-FE base replicado
2026,JARDIM CARIOCA,Maternal II,0,213.0,5,0,0,5,2025,0.019417862207853187,2125526,28.899270594654283,0.11627906976744186,24.767441860465116,PPML-FE base replicado
2026,JARDIM GUANABARA,Bercario,0,327.0,5,5,0,0,2025,0.019417862207853187,2125526,26.92744780196045,0.03273809523809524,10.705357142857144,PPML-FE base replicado
2026,JARDIM GUANABARA,Maternal I,0,176.0,5,0,5,0,2025,0.019417862207853187,2125526,21.8028155297817,0.06701030927835051,11.79381443298969,PPML-FE base replicado
2026,JARDIM GUANABARA,Maternal II,0,194.0,5,0,0,5,2025,0.019417862207853187,2125526,11.669724781185632,0.04,7.76,PPML-FE base replicado
2026,JARDIM SULACAP,Bercario,0,243.0,5,5,0,0,2025,0.019417862207853187,2125526,40.661018914633104,0.10702341137123746,26.006688963210703,PPML-FE base replicado
2026,JARDIM SULACAP,Maternal I,0,176.0,5,0,5,0,2025,0.019417862207853187,2125526,44.30340685417931,0.22,38.72,PPML-FE base replicado
2026,JARDIM SULACAP,Maternal II,0,200.0,5,0,0,5,2025,0.019417862207853187,2125526,24.446316107350984,0.16091954022988506,32.18390804597701,PPML-FE base replicado
2026,JOA,Bercario,0,14.0,5,5,0,0,2025,0.019417862207853187,2125526,2.8039286152501353,0.09090909090909091,1.2727272727272727,PPML-FE base replicado
2026,JOA,Maternal I,0,4.0,5,0,5,0,2025,0.019417862207853187,2125526,1.2051785153033323,0.0,0.0,PPML-FE base replicado
2026,JOA,Maternal II,0,8.0,5,0,0,5,2025,0.019417862207853187,2125526,1.1704162635673359,0.0,0.0,PPML-FE base replicado
2026,LAGOA,Bercario,0,259.0,5,5,0,0,2025,0.019417862207853187,2125526,20.503451008796223,0.012244897959183673,3.1714285714285713,PPML-FE base replicado
2026,LAGOA,Maternal I,0,117.0,5,0,5,0,2025,0.019417862207853187,2125526,13.933670459796357,0.043795620437956206,5.124087591240876,PPML-FE base replicado
2026,LAGOA,Maternal II,0,137.0,5,0,0,5,2025,0.019417862207853187,2125526,7.922444614375523,0.0,0.0,PPML-FE base replicado
2026,LAPA,Bercario,0,83.0,5,5,0,0,2025,0.019417862207853187,2125526,11.12917330476906,0.0,0.0,PPML-FE base replicado
2026,LAPA,Maternal I,0,33.0,5,0,5,0,2025,0.019417862207853187,2125526,6.656581065278929,0.0,0.0,PPML-FE base replicado
2026,LAPA,Maternal II,0,15.0,5,0,0,5,2025,0.019417862207853187,2125526,1.4692223146777263,0.0,0.0,PPML-FE base replicado
2026,LARANJEIRAS,Bercario,0,446.0,5,5,0,0,2025,0.019417862207853187,2125526,49.91205547570325,0.09859154929577464,43.97183098591549,PPML-FE base replicado
2026,LARANJEIRAS,Maternal I,0,257.0,5,0,5,0,2025,0.019417862207853187,2125526,43.26694110079015,0.09473684210526316,24.347368421052632,PPML-FE base replicado
2026,LARANJEIRAS,Maternal II,0,285.0,5,0,0,5,2025,0.019417862207853187,2125526,23.29844308982716,0.06428571428571428,18.32142857142857,PPML-FE base replicado
2026,LEBLON,Bercario,0,520.0,5,5,0,0,2025,0.019417862207853187,2125526,32.6121436423834,0.029644268774703556,15.41501976284585,PPML-FE base replicado
2026,LEBLON,Maternal I,0,259.0,5,0,5,0,2025,0.019417862207853187,2125526,24.435894387742135,0.041666666666666664,10.791666666666666,PPML-FE base replicado
2026,LEBLON,Maternal II,0,288.0,5,0,0,5,2025,0.019417862207853187,2125526,13.194104955663466,0.018726591760299626,5.393258426966292,PPML-FE base replicado
2026,LEME,Bercario,0,179.0,5,5,0,0,2025,0.019417862207853187,2125526,35.7467912393671,0.23163841807909605,41.463276836158194,PPML-FE base replicado
2026,LEME,Maternal I,0,90.0,5,0,5,0,2025,0.019417862207853187,2125526,27.038277124663466,0.24271844660194175,21.844660194174757,PPML-FE base replicado
2026,LEME,Maternal II,0,103.0,5,0,0,5,2025,0.019417862207853187,2125526,15.025630389660211,0.09473684210526316,9.757894736842106,PPML-FE base replicado
2026,LINS VASCONCELOS,Bercario,0,640.0,5,5,0,0,2025,0.019417862207853187,2125526,149.34614213304596,0.26452599388379205,169.29663608562691,PPML-FE base replicado
2026,LINS VASCONCELOS,Maternal I,0,332.0,5,0,5,0,2025,0.019417862207853187,2125526,116.54793704174382,0.22318840579710145,74.09855072463768,PPML-FE base replicado
2026,LINS VASCONCELOS,Maternal II,0,345.0,5,0,0,5,2025,0.019417862207853187,2125526,58.80910545495013,0.07733333333333334,26.68,PPML-FE base replicado
2026,MADUREIRA,Bercario,0,764.0,5,5,0,0,2025,0.019417862207853187,2125526,185.05060027455482,0.21079691516709512,161.04884318766068,PPML-FE base replicado
2026,MADUREIRA,Maternal I,0,383.0,5,0,5,0,2025,0.019417862207853187,2125526,139.5559591901038,0.24891774891774893,95.33549783549783,PPML-FE base replicado
2026,MADUREIRA,Maternal II,0,462.0,5,0,0,5,2025,0.019417862207853187,2125526,81.74299746810568,0.15991471215351813,73.88059701492537,PPML-FE base replicado
2026,MAGALHAES BASTOS,Bercario,0,397.0,5,5,0,0,2025,0.019417862207853187,2125526,99.32558820099887,0.17574257425742573,69.76980198019801,PPML-FE base replicado
2026,MAGALHAES BASTOS,Maternal I,0,214.0,5,0,5,0,2025,0.019417862207853187,2125526,80.54468449241142,0.3508771929824561,75.08771929824562,PPML-FE base replicado
2026,MAGALHAES BASTOS,Maternal II,0,228.0,5,0,0,5,2025,0.019417862207853187,2125526,41.669369543198194,0.32195121951219513,73.40487804878049,PPML-FE base replicado
2026,MANGUEIRA,Bercario,0,432.0,5,5,0,0,2025,0.019417862207853187,2125526,149.82897087112315,0.37791932059447986,163.2611464968153,PPML-FE base replicado
2026,MANGUEIRA,Maternal I,0,228.0,5,0,5,0,2025,0.019417862207853187,2125526,118.95956546705244,0.27155172413793105,61.91379310344828,PPML-FE base replicado
2026,MANGUEIRA,Maternal II,0,232.0,5,0,0,5,2025,0.019417862207853187,2125526,58.77754983336762,0.10236220472440945,23.748031496062993,PPML-FE base replicado
2026,MANGUINHOS,Bercario,0,808.0,5,5,0,0,2025,0.019417862207853187,2125526,199.13234275699415,0.3585164835164835,289.68131868131866,PPML-FE base replicado
2026,MANGUINHOS,Maternal I,0,348.0,5,0,5,0,2025,0.019417862207853187,2125526,129.02152142508015,0.47570332480818417,165.5447570332481,PPML-FE base replicado
2026,MANGUINHOS,Maternal II,0,391.0,5,0,0,5,2025,0.019417862207853187,2125526,70.39124451615852,0.2883116883116883,112.72987012987012,PPML-FE base replicado
2026,MARACANA,Bercario,0,270.0,5,5,0,0,2025,0.019417862207853187,2125526,30.493237019668,0.039568345323741004,10.68345323741007,PPML-FE base replicado
2026,MARACANA,Maternal I,0,143.0,5,0,5,0,2025,0.019417862207853187,2125526,24.295636164438275,0.125,17.875,PPML-FE base replicado
2026,MARACANA,Maternal II,0,160.0,5,0,0,5,2025,0.019417862207853187,2125526,13.199916737862537,0.032467532467532464,5.194805194805195,PPML-FE base replicado
2026,MARECHAL HERMES,Bercario,0,668.0,5,5,0,0,2025,0.019417862207853187,2125526,171.46177315010547,0.13297872340425532,88.82978723404256,PPML-FE base replicado
2026,MARECHAL HERMES,Maternal I,0,419.0,5,0,5,0,2025,0.019417862207853187,2125526,161.79211174975762,0.39058171745152354,163.65373961218836,PPML-FE base replicado
2026,MARECHAL HERMES,Maternal II,0,361.0,5,0,0,5,2025,0.019417862207853187,2125526,67.68765895379754,0.2607655502392344,94.13636363636363,PPML-FE base replicado
2026,MARIA GRACA,Bercario,0,90.0,5,5,0,0,2025,0.019417862207853187,2125526,15.822191609082441,0.2804878048780488,25.243902439024392,PPML-FE base replicado
2026,MARIA GRACA,Maternal I,0,48.0,5,0,5,0,2025,0.019417862207853187,2125526,12.694565476926416,0.12727272727272726,6.1090909090909085,PPML-FE base replicado
2026,MARIA GRACA,Maternal II,0,55.0,5,0,0,5,2025,0.019417862207853187,2125526,7.063147299901365,0.12698412698412698,6.984126984126984,PPML-FE base replicado
2026,MEIER,Bercario,0,420.0,5,5,0,0,2025,0.019417862207853187,2125526,60.82197443138604,0.15011037527593818,63.04635761589404,PPML-FE base replicado
2026,MEIER,Maternal I,0,257.0,5,0,5,0,2025,0.019417862207853187,2125526,55.98824052973573,0.24380165289256198,62.65702479338843,PPML-FE base replicado
2026,MEIER,Maternal II,0,242.0,5,0,0,5,2025,0.019417862207853187,2125526,25.599886138390104,0.06563706563706563,15.884169884169882,PPML-FE base replicado
2026,MONERO,Bercario,0,73.0,5,5,0,0,2025,0.019417862207853187,2125526,12.799455060186085,0.09090909090909091,6.636363636363637,PPML-FE base replicado
2026,MONERO,Maternal I,0,22.0,5,0,5,0,2025,0.019417862207853187,2125526,5.802882449121354,0.0,0.0,PPML-FE base replicado
2026,MONERO,Maternal II,0,24.0,5,0,0,5,2025,0.019417862207853187,2125526,3.073911114462568,0.03333333333333333,0.8,PPML-FE base replicado
2026,OLARIA,Bercario,0,807.0,5,5,0,0,2025,0.019417862207853187,2125526,194.34089210477723,0.2749360613810742,221.87340153452686,PPML-FE base replicado
2026,OLARIA,Maternal I,0,403.0,5,0,5,0,2025,0.019417862207853187,2125526,145.99842672476709,0.34552845528455284,139.2479674796748,PPML-FE base replicado
2026,OLARIA,Maternal II,0,492.0,5,0,0,5,2025,0.019417862207853187,2125526,86.55002623048144,0.18143459915611815,89.26582278481013,PPML-FE base replicado
2026,OSWALDO CRUZ,Bercario,0,405.0,5,5,0,0,2025,0.019417862207853187,2125526,95.21734160325231,0.13260869565217392,53.70652173913044,PPML-FE base replicado
2026,OSWALDO CRUZ,Maternal I,0,255.0,5,0,5,0,2025,0.019417862207853187,2125526,90.18902289246411,0.319672131147541,81.51639344262296,PPML-FE base replicado
2026,OSWALDO CRUZ,Maternal II,0,244.0,5,0,0,5,2025,0.019417862207853187,2125526,41.90465785442052,0.2937062937062937,71.66433566433567,PPML-FE base replicado
2026,PACIENCIA,Bercario,0,2263.0,5,5,0,0,2025,0.019417862207853187,2125526,820.2491148261173,0.2891670263271472,654.3849805783341,PPML-FE base replicado
2026,PACIENCIA,Maternal I,0,1210.0,5,0,5,0,2025,0.019417862207853187,2125526,659.7798672583411,0.539568345323741,652.8776978417266,PPML-FE base replicado
2026,PACIENCIA,Maternal II,0,1251.0,5,0,0,5,2025,0.019417862207853187,2125526,331.23023286696133,0.25886524822695034,323.8404255319149,PPML-FE base replicado
2026,PADRE MIGUEL,Bercario,0,1043.0,5,5,0,0,2025,0.019417862207853187,2125526,237.61358634810261,0.17478510028653296,182.3008595988539,PPML-FE base replicado
2026,PADRE MIGUEL,Maternal I,0,547.0,5,0,5,0,2025,0.019417862207853187,2125526,187.46783314942004,0.3392156862745098,185.55098039215687,PPML-FE base replicado
2026,PADRE MIGUEL,Maternal II,0,510.0,5,0,0,5,2025,0.019417862207853187,2125526,84.87280990743109,0.16556291390728478,84.43708609271523,PPML-FE base replicado
2026,PAQUETA,Bercario,0,47.0,5,5,0,0,2025,0.019417862207853187,2125526,14.33442998093538,0.6190476190476191,29.095238095238095,PPML-FE base replicado
2026,PAQUETA,Maternal I,0,25.0,5,0,5,0,2025,0.019417862207853187,2125526,11.470307236039272,0.2727272727272727,6.8181818181818175,PPML-FE base replicado
2026,PAQUETA,Maternal II,0,33.0,5,0,0,5,2025,0.019417862207853187,2125526,7.352041559009231,0.47619047619047616,15.714285714285714,PPML-FE base replicado
2026,PARADA LUCAS,Bercario,0,523.0,5,5,0,0,2025,0.019417862207853187,2125526,97.61231109073722,0.2045028142589118,106.95497185741088,PPML-FE base replicado
2026,PARADA LUCAS,Maternal I,0,273.0,5,0,5,0,2025,0.019417862207853187,2125526,76.65103545445592,0.20714285714285716,56.550000000000004,PPML-FE base replicado
2026,PARADA LUCAS,Maternal II,0,280.0,5,0,0,5,2025,0.019417862207853187,2125526,38.17441422141073,0.11217948717948718,31.410256410256412,PPML-FE base replicado
2026,PARQUE ANCHIETA,Bercario,0,329.0,5,5,0,0,2025,0.019417862207853187,2125526,79.93871949837705,0.12680115273775217,41.71757925072046,PPML-FE base replicado
2026,PARQUE ANCHIETA,Maternal I,0,171.0,5,0,5,0,2025,0.019417862207853187,2125526,62.5042965944101,0.60431654676259,103.33812949640289,PPML-FE base replicado
2026,PARQUE ANCHIETA,Maternal II,0,139.0,5,0,0,5,2025,0.019417862207853187,2125526,24.671044311300218,0.1717171717171717,23.86868686868687,PPML-FE base replicado
2026,PARQUE COLUMBIA,Bercario,0,158.0,5,5,0,0,2025,0.019417862207853187,2125526,38.962236025225195,0.13612565445026178,21.50785340314136,PPML-FE base replicado
2026,PARQUE COLUMBIA,Maternal I,0,114.0,5,0,5,0,2025,0.019417862207853187,2125526,42.29062560639234,0.35,39.9,PPML-FE base replicado
2026,PARQUE COLUMBIA,Maternal II,0,20.0,5,0,0,5,2025,0.019417862207853187,2125526,3.6027010439895486,0.08928571428571429,1.7857142857142858,PPML-FE base replicado
2026,PAVUNA,Bercario,0,1790.0,5,5,0,0,2025,0.019417862207853187,2125526,559.148238765696,0.22426868905742145,401.4409534127844,PPML-FE base replicado
2026,PAVUNA,Maternal I,0,980.0,5,0,5,0,2025,0.019417862207853187,2125526,460.5242229570009,0.4338235294117647,425.14705882352945,PPML-FE base replicado
2026,PAVUNA,Maternal II,0,816.0,5,0,0,5,2025,0.019417862207853187,2125526,186.19822338985213,0.16324324324324324,133.20648648648648,PPML-FE base replicado
2026,PECHINCHA,Bercario,0,629.0,5,5,0,0,2025,0.019417862207853187,2125526,76.37785951452399,0.09798270893371758,61.63112391930836,PPML-FE base replicado
2026,PECHINCHA,Maternal I,0,396.0,5,0,5,0,2025,0.019417862207853187,2125526,72.33766667873176,0.17321016166281755,68.59122401847576,PPML-FE base replicado
2026,PECHINCHA,Maternal II,0,433.0,5,0,0,5,2025,0.019417862207853187,2125526,38.407512257969714,0.06336088154269973,27.435261707988982,PPML-FE base replicado
2026,PEDRA GUARATIBA,Bercario,0,337.0,5,5,0,0,2025,0.019417862207853187,2125526,56.38777219503125,0.3016304347826087,101.64945652173914,PPML-FE base replicado
2026,PEDRA GUARATIBA,Maternal I,0,220.0,5,0,5,0,2025,0.019417862207853187,2125526,55.377097470974896,0.15283842794759825,33.624454148471614,PPML-FE base replicado
2026,PEDRA GUARATIBA,Maternal II,0,458.0,5,0,0,5,2025,0.019417862207853187,2125526,55.97987926546491,0.12614678899082568,57.77522935779816,PPML-FE base replicado
2026,PENHA,Bercario,0,1179.0,5,5,0,0,2025,0.019417862207853187,2125526,264.7131538552901,0.24798061389337642,292.3691437802908,PPML-FE base replicado
2026,PENHA,Maternal I,0,651.0,5,0,5,0,2025,0.019417862207853187,2125526,219.88478451013592,0.3048951048951049,198.4867132867133,PPML-FE base replicado
2026,PENHA,Maternal II,0,715.0,5,0,0,5,2025,0.019417862207853187,2125526,117.26791481273911,0.14565826330532214,104.14565826330534,PPML-FE base replicado
2026,PENHA CIRCULAR,Bercario,0,727.0,5,5,0,0,2025,0.019417862207853187,2125526,174.81364872458172,0.26728723404255317,194.31781914893617,PPML-FE base replicado
2026,PENHA CIRCULAR,Maternal I,0,399.0,5,0,5,0,2025,0.019417862207853187,2125526,144.3332180724529,0.2916666666666667,116.37500000000001,PPML-FE base replicado
2026,PENHA CIRCULAR,Maternal II,0,360.0,5,0,0,5,2025,0.019417862207853187,2125526,63.23461390974275,0.1227154046997389,44.177545691906005,PPML-FE base replicado
2026,PIEDADE,Bercario,0,665.0,5,5,0,0,2025,0.019417862207853187,2125526,160.2261607465771,0.1753155680224404,116.58485273492286,PPML-FE base replicado
2026,PIEDADE,Maternal I,0,375.0,5,0,5,0,2025,0.019417862207853187,2125526,135.92380432836384,0.484149855907781,181.55619596541786,PPML-FE base replicado
2026,PIEDADE,Maternal II,0,347.0,5,0,0,5,2025,0.019417862207853187,2125526,61.073484602881074,0.1983695652173913,68.83423913043478,PPML-FE base replicado
2026,PILARES,Bercario,0,392.0,5,5,0,0,2025,0.019417862207853187,2125526,110.13139387872481,0.29069767441860467,113.95348837209303,PPML-FE base replicado
2026,PILARES,Maternal I,0,230.0,5,0,5,0,2025,0.019417862207853187,2125526,97.20875419818817,0.43231441048034935,99.43231441048034,PPML-FE base replicado
2026,PILARES,Maternal II,0,229.0,5,0,0,5,2025,0.019417862207853187,2125526,46.99720116051931,0.23809523809523808,54.52380952380952,PPML-FE base replicado
2026,PITANGUEIRAS,Bercario,0,167.0,5,5,0,0,2025,0.019417862207853187,2125526,25.18955030005138,0.1092896174863388,18.251366120218577,PPML-FE base replicado
2026,PITANGUEIRAS,Maternal I,0,97.0,5,0,5,0,2025,0.019417862207853187,2125526,22.010410880242077,0.30337078651685395,29.426966292134832,PPML-FE base replicado
2026,PITANGUEIRAS,Maternal II,0,89.0,5,0,0,5,2025,0.019417862207853187,2125526,9.806304928238525,0.13333333333333333,11.866666666666667,PPML-FE base replicado
2026,PORTUGUESA,Bercario,0,248.0,5,5,0,0,2025,0.019417862207853187,2125526,57.262559994027335,0.21428571428571427,53.14285714285714,PPML-FE base replicado
2026,PORTUGUESA,Maternal I,0,152.0,5,0,5,0,2025,0.019417862207853187,2125526,52.79771645810032,0.24025974025974026,36.51948051948052,PPML-FE base replicado
2026,PORTUGUESA,Maternal II,0,154.0,5,0,0,5,2025,0.019417862207853187,2125526,25.974742064616436,0.11875,18.287499999999998,PPML-FE base replicado
2026,PRACA BANDEIRA,Bercario,0,108.0,5,5,0,0,2025,0.019417862207853187,2125526,19.421451599405238,0.05309734513274336,5.734513274336283,PPML-FE base replicado
2026,PRACA BANDEIRA,Maternal I,0,62.0,5,0,5,0,2025,0.019417862207853187,2125526,16.772665788087984,0.2833333333333333,17.566666666666666,PPML-FE base replicado
2026,PRACA BANDEIRA,Maternal II,0,60.0,5,0,0,5,2025,0.019417862207853187,2125526,7.8817131609550914,0.08571428571428572,5.142857142857143,PPML-FE base replicado
2026,PRACA SECA,Bercario,0,1105.0,5,5,0,0,2025,0.019417862207853187,2125526,290.4087233166006,0.26175687666370895,289.2413487133984,PPML-FE base replicado
2026,PRACA SECA,Maternal I,0,607.0,5,0,5,0,2025,0.019417862207853187,2125526,239.9874566116422,0.3926056338028169,238.31161971830986,PPML-FE base replicado
2026,PRACA SECA,Maternal II,0,568.0,5,0,0,5,2025,0.019417862207853187,2125526,109.04535208527028,0.17638266068759342,100.18535127055307,PPML-FE base replicado
2026,PRAIA BANDEIRA,Bercario,0,75.0,5,5,0,0,2025,0.019417862207853187,2125526,12.967854395625368,0.08974358974358974,6.730769230769231,PPML-FE base replicado
2026,PRAIA BANDEIRA,Maternal I,0,40.0,5,0,5,0,2025,0.019417862207853187,2125526,10.404454754928922,0.375,15.0,PPML-FE base replicado
2026,PRAIA BANDEIRA,Maternal II,0,16.0,5,0,0,5,2025,0.019417862207853187,2125526,2.0208695897062743,0.0,0.0,PPML-FE base replicado
2026,QUINTINO BOCAIUVA,Bercario,0,418.0,5,5,0,0,2025,0.019417862207853187,2125526,91.38696124181436,0.10904872389791183,45.582366589327144,PPML-FE base replicado
2026,QUINTINO BOCAIUVA,Maternal I,0,219.0,5,0,5,0,2025,0.019417862207853187,2125526,72.02852843914063,0.45267489711934156,99.1358024691358,PPML-FE base replicado
2026,QUINTINO BOCAIUVA,Maternal II,0,243.0,5,0,0,5,2025,0.019417862207853187,2125526,38.80839412798816,0.2936170212765957,71.34893617021277,PPML-FE base replicado
2026,RAMOS,Bercario,0,858.0,5,5,0,0,2025,0.019417862207853187,2125526,280.38629444613395,0.46613995485327314,399.94808126410834,PPML-FE base replicado
2026,RAMOS,Maternal I,0,507.0,5,0,5,0,2025,0.019417862207853187,2125526,249.24699155292734,0.4262485481997677,216.10801393728224,PPML-FE base replicado
2026,RAMOS,Maternal II,0,861.0,5,0,0,5,2025,0.019417862207853187,2125526,205.53419599447784,0.2803738317757009,241.4018691588785,PPML-FE base replicado
2026,REALENGO,Bercario,0,2915.0,5,5,0,0,2025,0.019417862207853187,2125526,779.1919657279053,0.22146562905317768,645.572308690013,PPML-FE base replicado
2026,REALENGO,Maternal I,0,1620.0,5,0,5,0,2025,0.019417862207853187,2125526,651.4384579885353,0.35798816568047337,579.9408284023668,PPML-FE base replicado
2026,REALENGO,Maternal II,0,1690.0,5,0,0,5,2025,0.019417862207853187,2125526,329.9924891720573,0.19872136387852957,335.83910495471497,PPML-FE base replicado
2026,RECREIO BANDEIRANTES,Bercario,0,2436.0,5,5,0,0,2025,0.019417862207853187,2125526,333.098278808683,0.07967145790554415,194.07967145790556,PPML-FE base replicado
2026,RECREIO BANDEIRANTES,Maternal I,0,1258.0,5,0,5,0,2025,0.019417862207853187,2125526,258.77851611314685,0.1608761329305136,202.3821752265861,PPML-FE base replicado
2026,RECREIO BANDEIRANTES,Maternal II,0,1324.0,5,0,0,5,2025,0.019417862207853187,2125526,132.24965066967027,0.07563636363636364,100.14254545454546,PPML-FE base replicado
2026,RIACHUELO,Bercario,0,127.0,5,5,0,0,2025,0.019417862207853187,2125526,23.237321083530666,0.24285714285714285,30.84285714285714,PPML-FE base replicado
2026,RIACHUELO,Maternal I,0,76.0,5,0,5,0,2025,0.019417862207853187,2125526,20.91936043222532,0.2222222222222222,16.88888888888889,PPML-FE base replicado
2026,RIACHUELO,Maternal II,0,63.0,5,0,0,5,2025,0.019417862207853187,2125526,8.420431189628005,0.09090909090909091,5.7272727272727275,PPML-FE base replicado
2026,RIBEIRA,Bercario,0,48.0,5,5,0,0,2025,0.019417862207853187,2125526,8.706059380889409,0.13043478260869565,6.260869565217391,PPML-FE base replicado
2026,RIBEIRA,Maternal I,0,20.0,5,0,5,0,2025,0.019417862207853187,2125526,5.4571118560933645,0.19047619047619047,3.8095238095238093,PPML-FE base replicado
2026,RIBEIRA,Maternal II,0,21.0,5,0,0,5,2025,0.019417862207853187,2125526,2.7823459374455175,0.047619047619047616,1.0,PPML-FE base replicado
2026,RICARDO ALBUQUERQUE,Bercario,0,490.0,5,5,0,0,2025,0.019417862207853187,2125526,160.98102657589217,0.21643286573146292,106.05210420841684,PPML-FE base replicado
2026,RICARDO ALBUQUERQUE,Maternal I,0,269.0,5,0,5,0,2025,0.019417862207853187,2125526,132.94847650479593,0.486013986013986,130.73776223776224,PPML-FE base replicado
2026,RICARDO ALBUQUERQUE,Maternal II,0,286.0,5,0,0,5,2025,0.019417862207853187,2125526,68.63665174380327,0.3054662379421222,87.36334405144694,PPML-FE base replicado
2026,RIO COMPRIDO,Bercario,0,700.0,5,5,0,0,2025,0.019417862207853187,2125526,211.82772939634344,0.3079136690647482,215.53956834532374,PPML-FE base replicado
2026,RIO COMPRIDO,Maternal I,0,343.0,5,0,5,0,2025,0.019417862207853187,2125526,156.14617980953335,0.29396984924623115,100.83165829145729,PPML-FE base replicado
2026,RIO COMPRIDO,Maternal II,0,398.0,5,0,0,5,2025,0.019417862207853187,2125526,87.9790537892186,0.19270833333333334,76.69791666666667,PPML-FE base replicado
2026,ROCHA,Bercario,0,318.0,5,5,0,0,2025,0.019417862207853187,2125526,88.71310625105924,0.3116438356164384,99.10273972602741,PPML-FE base replicado
2026,ROCHA,Maternal I,0,155.0,5,0,5,0,2025,0.019417862207853187,2125526,65.04963091876951,0.20967741935483872,32.5,PPML-FE base replicado
2026,ROCHA,Maternal II,0,186.0,5,0,0,5,2025,0.019417862207853187,2125526,37.90400094240874,0.1282051282051282,23.846153846153843,PPML-FE base replicado
2026,ROCHA MIRANDA,Bercario,0,691.0,5,5,0,0,2025,0.019417862207853187,2125526,175.60930937819086,0.23342541436464087,161.29696132596683,PPML-FE base replicado
2026,ROCHA MIRANDA,Maternal I,0,358.0,5,0,5,0,2025,0.019417862207853187,2125526,136.8689661111524,0.3388888888888889,121.32222222222222,PPML-FE base replicado
2026,ROCHA MIRANDA,Maternal II,0,360.0,5,0,0,5,2025,0.019417862207853187,2125526,66.8318421456037,0.22972972972972974,82.70270270270271,PPML-FE base replicado
2026,ROCINHA,Bercario,0,1375.0,5,5,0,0,2025,0.019417862207853187,2125526,219.37933654522496,0.23117076808351977,317.85980611483967,PPML-FE base replicado
2026,ROCINHA,Maternal I,0,657.0,5,0,5,0,2025,0.019417862207853187,2125526,157.69243617172233,0.3619047619047619,237.77142857142857,PPML-FE base replicado
2026,ROCINHA,Maternal II,0,735.0,5,0,0,5,2025,0.019417862207853187,2125526,85.66270880994672,0.20448179271708683,150.2941176470588,PPML-FE base replicado
2026,SAMPAIO,Bercario,0,201.0,5,5,0,0,2025,0.019417862207853187,2125526,61.155406631765146,0.41363636363636364,83.14090909090909,PPML-FE base replicado
2026,SAMPAIO,Maternal I,0,117.0,5,0,5,0,2025,0.019417862207853187,2125526,53.552177560937274,0.296875,34.734375,PPML-FE base replicado
2026,SAMPAIO,Maternal II,0,128.0,5,0,0,5,2025,0.019417862207853187,2125526,28.44855514761315,0.14049586776859505,17.983471074380166,PPML-FE base replicado
2026,SANTA CRUZ,Bercario,0,6118.0,5,5,0,0,2025,0.019417862207853187,2125526,1704.9426415873425,0.3136897864591955,1919.154113557358,PPML-FE base replicado
2026,SANTA CRUZ,Maternal I,0,3109.0,5,0,5,0,2025,0.019417862207853187,2125526,1303.3873291699251,0.44969850841002856,1398.1126626467787,PPML-FE base replicado
2026,SANTA CRUZ,Maternal II,0,3151.0,5,0,0,5,2025,0.019417862207853187,2125526,641.4460678198653,0.20204081632653062,636.630612244898,PPML-FE base replicado
2026,SANTA TERESA,Bercario,0,609.0,5,5,0,0,2025,0.019417862207853187,2125526,182.4267774698801,0.29983525535420097,182.5996705107084,PPML-FE base replicado
2026,SANTA TERESA,Maternal I,0,313.0,5,0,5,0,2025,0.019417862207853187,2125526,141.04838044971876,0.3522727272727273,110.26136363636364,PPML-FE base replicado
2026,SANTA TERESA,Maternal II,0,352.0,5,0,0,5,2025,0.019417862207853187,2125526,77.02388162115318,0.14713896457765668,51.792915531335154,PPML-FE base replicado
2026,SANTISSIMO,Bercario,0,953.0,5,5,0,0,2025,0.019417862207853187,2125526,325.8227933289374,0.27689243027888444,263.8784860557769,PPML-FE base replicado
2026,SANTISSIMO,Maternal I,0,521.0,5,0,5,0,2025,0.019417862207853187,2125526,267.96542264606023,0.5106382978723404,266.04255319148933,PPML-FE base replicado
2026,SANTISSIMO,Maternal II,0,517.0,5,0,0,5,2025,0.019417862207853187,2125526,129.11911744128298,0.19939577039274925,103.08761329305136,PPML-FE base replicado
2026,SANTO CRISTO,Bercario,0,244.0,5,5,0,0,2025,0.019417862207853187,2125526,68.36316694426645,0.3241106719367589,79.08300395256917,PPML-FE base replicado
2026,SANTO CRISTO,Maternal I,0,135.0,5,0,5,0,2025,0.019417862207853187,2125526,56.900828237647005,0.37748344370860926,50.96026490066225,PPML-FE base replicado
2026,SANTO CRISTO,Maternal II,0,151.0,5,0,0,5,2025,0.019417862207853187,2125526,30.90443001398586,0.14367816091954022,21.695402298850574,PPML-FE base replicado
2026,SAO CONRADO,Bercario,0,157.0,5,5,0,0,2025,0.019417862207853187,2125526,20.363466393547228,0.13385826771653545,21.015748031496067,PPML-FE base replicado
2026,SAO CONRADO,Maternal I,0,56.0,5,0,5,0,2025,0.019417862207853187,2125526,10.926788961855447,0.011904761904761904,0.6666666666666666,PPML-FE base replicado
2026,SAO CONRADO,Maternal II,0,84.0,5,0,0,5,2025,0.019417862207853187,2125526,7.958711933832152,0.013157894736842105,1.1052631578947367,PPML-FE base replicado
2026,SAO CRISTOVAO,Bercario,0,547.0,5,5,0,0,2025,0.019417862207853187,2125526,181.78182698988658,0.43859649122807015,239.91228070175438,PPML-FE base replicado
2026,SAO CRISTOVAO,Maternal I,0,307.0,5,0,5,0,2025,0.019417862207853187,2125526,153.48077573031566,0.3767441860465116,115.66046511627907,PPML-FE base replicado
2026,SAO CRISTOVAO,Maternal II,0,430.0,5,0,0,5,2025,0.019417862207853187,2125526,104.38618771276339,0.17954545454545454,77.20454545454545,PPML-FE base replicado
2026,SAO FRANCISCO XAVIER,Bercario,0,108.0,5,5,0,0,2025,0.019417862207853187,2125526,22.892227795248346,0.18181818181818182,19.636363636363637,PPML-FE base replicado
2026,SAO FRANCISCO XAVIER,Maternal I,0,49.0,5,0,5,0,2025,0.019417862207853187,2125526,15.624742033539084,0.35,17.15,PPML-FE base replicado
2026,SAO FRANCISCO XAVIER,Maternal II,0,60.0,5,0,0,5,2025,0.019417862207853187,2125526,9.290241369132076,0.10909090909090909,6.545454545454545,PPML-FE base replicado
2026,SAUDE,Bercario,0,34.0,5,5,0,0,2025,0.019417862207853187,2125526,6.642288034282994,0.12962962962962962,4.407407407407407,PPML-FE base replicado
2026,SAUDE,Maternal I,0,33.0,5,0,5,0,2025,0.019417862207853187,2125526,9.698514056680875,0.2631578947368421,8.68421052631579,PPML-FE base replicado
2026,SAUDE,Maternal II,0,19.0,5,0,0,5,2025,0.019417862207853187,2125526,2.7114639332064487,0.0625,1.1875,PPML-FE base replicado
2026,SENADOR CAMARA,Bercario,0,1966.0,5,5,0,0,2025,0.019417862207853187,2125526,580.1278735632012,0.17189030362389815,337.93633692458377,PPML-FE base replicado
2026,SENADOR CAMARA,Maternal I,0,1070.0,5,0,5,0,2025,0.019417862207853187,2125526,474.9812534959802,0.37095363079615046,396.920384951881,PPML-FE base replicado
2026,SENADOR CAMARA,Maternal II,0,1143.0,5,0,0,5,2025,0.019417862207853187,2125526,246.37571255422918,0.25602660016625106,292.638403990025,PPML-FE base replicado
2026,SENADOR VASCONCELOS,Bercario,0,601.0,5,5,0,0,2025,0.019417862207853187,2125526,213.45450362730952,0.22982456140350876,138.12456140350878,PPML-FE base replicado
2026,SENADOR VASCONCELOS,Maternal I,0,267.0,5,0,5,0,2025,0.019417862207853187,2125526,142.65749184423115,0.5098039215686274,136.1176470588235,PPML-FE base replicado
2026,SENADOR VASCONCELOS,Maternal II,0,306.0,5,0,0,5,2025,0.019417862207853187,2125526,79.38961952506757,0.2134502923976608,65.3157894736842,PPML-FE base replicado
2026,SEPETIBA,Bercario,0,1429.0,5,5,0,0,2025,0.019417862207853187,2125526,449.0145050345385,0.4567143830947512,652.6448534423995,PPML-FE base replicado
2026,SEPETIBA,Maternal I,0,770.0,5,0,5,0,2025,0.019417862207853187,2125526,363.9748197087497,0.4481792717086835,345.0980392156863,PPML-FE base replicado
2026,SEPETIBA,Maternal II,0,714.0,5,0,0,5,2025,0.019417862207853187,2125526,163.88446870540113,0.2857142857142857,204.0,PPML-FE base replicado
2026,TANQUE,Bercario,0,806.0,5,5,0,0,2025,0.019417862207853187,2125526,255.82364211390552,0.2720496894409938,219.272049689441,PPML-FE base replicado
2026,TANQUE,Maternal I,0,384.0,5,0,5,0,2025,0.019417862207853187,2125526,183.35355407863355,0.5459317585301837,209.63779527559055,PPML-FE base replicado
2026,TANQUE,Maternal II,0,381.0,5,0,0,5,2025,0.019417862207853187,2125526,88.33687981322299,0.20361990950226244,77.57918552036199,PPML-FE base replicado
2026,TAQUARA,Bercario,0,1942.0,5,5,0,0,2025,0.019417862207853187,2125526,439.49338827000093,0.21339113680154143,414.40558766859345,PPML-FE base replicado
2026,TAQUARA,Maternal I,0,1106.0,5,0,5,0,2025,0.019417862207853187,2125526,376.5396545149692,0.2782874617737003,307.7859327217125,PPML-FE base replicado
2026,TAQUARA,Maternal II,0,1308.0,5,0,0,5,2025,0.019417862207853187,2125526,216.2331665106939,0.16189000774593337,211.75213013168084,PPML-FE base replicado
2026,TAUA,Bercario,0,436.0,5,5,0,0,2025,0.019417862207853187,2125526,117.14515643573402,0.26605504587155965,116.0,PPML-FE base replicado
2026,TAUA,Maternal I,0,226.0,5,0,5,0,2025,0.019417862207853187,2125526,91.34794021787535,0.3627450980392157,81.98039215686275,PPML-FE base replicado
2026,TAUA,Maternal II,0,204.0,5,0,0,5,2025,0.019417862207853187,2125526,40.03865302907835,0.14122137404580154,28.809160305343514,PPML-FE base replicado
2026,TIJUCA,Bercario,0,1839.0,5,5,0,0,2025,0.019417862207853187,2125526,268.99234494295996,0.14856557377049182,273.2120901639345,PPML-FE base replicado
2026,TIJUCA,Maternal I,0,1042.0,5,0,5,0,2025,0.019417862207853187,2125526,229.28644621683753,0.14800389483933787,154.22005842259006,PPML-FE base replicado
2026,TIJUCA,Maternal II,0,1027.0,5,0,0,5,2025,0.019417862207853187,2125526,109.73371416994948,0.05711422845691383,58.6563126252505,PPML-FE base replicado
2026,TODOS OS SANTOS,Bercario,0,263.0,5,5,0,0,2025,0.019417862207853187,2125526,34.0522220064087,0.055762081784386616,14.66542750929368,PPML-FE base replicado
2026,TODOS OS SANTOS,Maternal I,0,142.0,5,0,5,0,2025,0.019417862207853187,2125526,27.65862107545391,0.14285714285714285,20.285714285714285,PPML-FE base replicado
2026,TODOS OS SANTOS,Maternal II,0,140.0,5,0,0,5,2025,0.019417862207853187,2125526,13.241256154082587,0.07534246575342465,10.54794520547945,PPML-FE base replicado
2026,TOMAS COELHO,Bercario,0,401.0,5,5,0,0,2025,0.019417862207853187,2125526,117.29766460088305,0.2311212814645309,92.67963386727689,PPML-FE base replicado
2026,TOMAS COELHO,Maternal I,0,230.0,5,0,5,0,2025,0.019417862207853187,2125526,101.21043728209342,0.34782608695652173,80.0,PPML-FE base replicado
2026,TOMAS COELHO,Maternal II,0,230.0,5,0,0,5,2025,0.019417862207853187,2125526,49.14555824450169,0.15234375,35.0390625,PPML-FE base replicado
2026,TURIACU,Bercario,0,269.0,5,5,0,0,2025,0.019417862207853187,2125526,72.69122550920729,0.21933085501858737,59.0,PPML-FE base replicado
2026,TURIACU,Maternal I,0,140.0,5,0,5,0,2025,0.019417862207853187,2125526,56.912834895472436,0.24675324675324675,34.54545454545455,PPML-FE base replicado
2026,TURIACU,Maternal II,0,154.0,5,0,0,5,2025,0.019417862207853187,2125526,30.399180450740026,0.1506849315068493,23.205479452054792,PPML-FE base replicado
2026,URCA,Bercario,0,93.0,5,5,0,0,2025,0.019417862207853187,2125526,14.299032542600196,0.05,4.65,PPML-FE base replicado
2026,URCA,Maternal I,0,38.0,5,0,5,0,2025,0.019417862207853187,2125526,8.789411043773322,0.12,4.56,PPML-FE base replicado
2026,URCA,Maternal II,0,50.0,5,0,0,5,2025,0.019417862207853187,2125526,5.6157162295565115,0.0425531914893617,2.127659574468085,PPML-FE base replicado
2026,VARGEM GRANDE,Bercario,0,494.0,5,5,0,0,2025,0.019417862207853187,2125526,107.18900489905738,0.2682926829268293,132.53658536585365,PPML-FE base replicado
2026,VARGEM GRANDE,Maternal I,0,292.0,5,0,5,0,2025,0.019417862207853187,2125526,95.31442101389727,0.2913907284768212,85.08609271523179,PPML-FE base replicado
2026,VARGEM GRANDE,Maternal II,0,302.0,5,0,0,5,2025,0.019417862207853187,2125526,47.86760261325336,0.25,75.5,PPML-FE base replicado
2026,VARGEM PEQUENA,Bercario,0,667.0,5,5,0,0,2025,0.019417862207853187,2125526,122.26341965124912,0.1648793565683646,109.9745308310992,PPML-FE base replicado
2026,VARGEM PEQUENA,Maternal I,0,408.0,5,0,5,0,2025,0.019417862207853187,2125526,112.50798335690881,0.2328767123287671,95.01369863013699,PPML-FE base replicado
2026,VARGEM PEQUENA,Maternal II,0,365.0,5,0,0,5,2025,0.019417862207853187,2125526,48.87367685061858,0.16879795396419436,61.611253196930946,PPML-FE base replicado
2026,VASCO GAMA,Bercario,0,264.0,5,5,0,0,2025,0.019417862207853187,2125526,47.73864283695647,0.08290155440414508,21.8860103626943,PPML-FE base replicado
2026,VASCO GAMA,Maternal I,0,59.0,5,0,5,0,2025,0.019417862207853187,2125526,16.049836977055467,0.631578947368421,37.26315789473684,PPML-FE base replicado
2026,VASCO GAMA,Maternal II,0,19.0,5,0,0,5,2025,0.019417862207853187,2125526,2.5097541796263436,0.08536585365853659,1.6219512195121952,PPML-FE base replicado
2026,VAZ LOBO,Bercario,0,269.0,5,5,0,0,2025,0.019417862207853187,2125526,77.04897117472251,0.23958333333333334,64.44791666666667,PPML-FE base replicado
2026,VAZ LOBO,Maternal I,0,155.0,5,0,5,0,2025,0.019417862207853187,2125526,66.78804554227834,0.3419354838709677,53.0,PPML-FE base replicado
2026,VAZ LOBO,Maternal II,0,155.0,5,0,0,5,2025,0.019417862207853187,2125526,32.43080328845883,0.18518518518518517,28.703703703703702,PPML-FE base replicado
2026,VICENTE CARVALHO,Bercario,0,350.0,5,5,0,0,2025,0.019417862207853187,2125526,93.6578772749156,0.22994652406417113,80.4812834224599,PPML-FE base replicado
2026,VICENTE CARVALHO,Maternal I,0,207.0,5,0,5,0,2025,0.019417862207853187,2125526,83.32955910294827,0.31063829787234043,64.30212765957447,PPML-FE base replicado
2026,VICENTE CARVALHO,Maternal II,0,235.0,5,0,0,5,2025,0.019417862207853187,2125526,45.93625353321329,0.14864864864864866,34.932432432432435,PPML-FE base replicado
2026,VIDIGAL,Bercario,0,272.0,5,5,0,0,2025,0.019417862207853187,2125526,86.29978092196674,0.36,97.92,PPML-FE base replicado
2026,VIDIGAL,Maternal I,0,182.0,5,0,5,0,2025,0.019417862207853187,2125526,86.86896549856122,0.42105263157894735,76.63157894736841,PPML-FE base replicado
2026,VIDIGAL,Maternal II,0,152.0,5,0,0,5,2025,0.019417862207853187,2125526,35.22863540481648,0.13609467455621302,20.68639053254438,PPML-FE base replicado
2026,VIGARIO GERAL,Bercario,0,753.0,5,5,0,0,2025,0.019417862207853187,2125526,190.0088077074365,0.2112676056338028,159.0845070422535,PPML-FE base replicado
2026,VIGARIO GERAL,Maternal I,0,390.0,5,0,5,0,2025,0.019417862207853187,2125526,148.0457130521054,0.4582210242587601,178.70619946091645,PPML-FE base replicado
2026,VIGARIO GERAL,Maternal II,0,371.0,5,0,0,5,2025,0.019417862207853187,2125526,68.38551313207621,0.15876777251184834,58.90284360189573,PPML-FE base replicado
2026,VILA ISABEL,Bercario,0,861.0,5,5,0,0,2025,0.019417862207853187,2125526,152.77862254578733,0.20705346985210465,178.2730375426621,PPML-FE base replicado
2026,VILA ISABEL,Maternal I,0,460.0,5,0,5,0,2025,0.019417862207853187,2125526,122.79190661253936,0.17536534446764093,80.66805845511483,PPML-FE base replicado
2026,VILA ISABEL,Maternal II,0,479.0,5,0,0,5,2025,0.019417862207853187,2125526,62.087817784678705,0.08630393996247655,41.33958724202627,PPML-FE base replicado
2026,VILA KENNEDY,Bercario,0,423.0,5,5,0,0,2025,0.019417862207853187,2125526,28.215717304420792,0.001976284584980237,0.8359683794466403,PPML-FE base replicado
2026,VILA KENNEDY,Maternal I,0,277.0,5,0,5,0,2025,0.019417862207853187,2125526,27.796042663363224,0.045454545454545456,12.590909090909092,PPML-FE base replicado
2026,VILA KENNEDY,Maternal II,0,44.0,5,0,0,5,2025,0.019417862207853187,2125526,2.143950965563121,0.0,0.0,PPML-FE base replicado
2026,VILA KOSMOS,Bercario,0,202.0,5,5,0,0,2025,0.019417862207853187,2125526,55.55684744884814,0.16748768472906403,33.83251231527093,PPML-FE base replicado
2026,VILA KOSMOS,Maternal I,0,115.0,5,0,5,0,2025,0.019417862207853187,2125526,47.581325609826095,0.37962962962962965,43.65740740740741,PPML-FE base replicado
2026,VILA KOSMOS,Maternal II,0,108.0,5,0,0,5,2025,0.019417862207853187,2125526,21.698085877619018,0.14634146341463414,15.804878048780488,PPML-FE base replicado
2026,VILA MILITAR,Bercario,0,241.0,5,5,0,0,2025,0.019417862207853187,2125526,29.26679719762685,0.022388059701492536,5.395522388059701,PPML-FE base replicado
2026,VILA MILITAR,Maternal I,0,151.0,5,0,5,0,2025,0.019417862207853187,2125526,27.585926537791543,0.12222222222222222,18.455555555555556,PPML-FE base replicado
2026,VILA MILITAR,Maternal II,0,90.0,5,0,0,5,2025,0.019417862207853187,2125526,7.983845219543322,0.11258278145695365,10.132450331125828,PPML-FE base replicado
2026,VILA PENHA,Bercario,0,251.0,5,5,0,0,2025,0.019417862207853187,2125526,41.40632626765086,0.22137404580152673,55.56488549618321,PPML-FE base replicado
2026,VILA PENHA,Maternal I,0,134.0,5,0,5,0,2025,0.019417862207853187,2125526,33.254486743605256,0.32298136645962733,43.27950310559006,PPML-FE base replicado
2026,VILA PENHA,Maternal II,0,161.0,5,0,0,5,2025,0.019417862207853187,2125526,19.401276192817438,0.08791208791208792,14.153846153846155,PPML-FE base replicado
2026,VILA VALQUEIRE,Bercario,0,556.0,5,5,0,0,2025,0.019417862207853187,2125526,105.76892768368738,0.15034965034965034,83.59440559440559,PPML-FE base replicado
2026,VILA VALQUEIRE,Maternal I,0,285.0,5,0,5,0,2025,0.019417862207853187,2125526,81.56064324119134,0.33223684210526316,94.6875,PPML-FE base replicado
2026,VILA VALQUEIRE,Maternal II,0,304.0,5,0,0,5,2025,0.019417862207853187,2125526,42.24432130924151,0.16287878787878787,49.515151515151516,PPML-FE base replicado
2026,VISTA ALEGRE,Bercario,0,88.0,5,5,0,0,2025,0.019417862207853187,2125526,20.245350138100953,0.272,23.936,PPML-FE base replicado
2026,VISTA ALEGRE,Maternal I,0,75.0,5,0,5,0,2025,0.019417862207853187,2125526,25.957111095185628,0.32727272727272727,24.545454545454547,PPML-FE base replicado
2026,VISTA ALEGRE,Maternal II,0,55.0,5,0,0,5,2025,0.019417862207853187,2125526,9.243080881043078,0.22413793103448276,12.327586206896552,PPML-FE base replicado
2026,ZUMBI,Bercario,0,36.0,5,5,0,0,2025,0.019417862207853187,2125526,6.658289623335364,0.2,7.2,PPML-FE base replicado
2026,ZUMBI,Maternal I,0,17.0,5,0,5,0,2025,0.019417862207853187,2125526,4.730004733007098,0.12,2.04,PPML-FE base replicado
2026,ZUMBI,Maternal II,0,25.0,5,0,0,5,2025,0.019417862207853187,2125526,3.3776265824602527,0.08695652173913043,2.1739130434782608,PPML-FE base replicado
2026,ABOLICAO,Bercario,0,125.0,5,5,0,0,2025,0.019417862207853187,2125526,25.893705691595475,0.1232876712328767,15.410958904109588,PPML-FE + Caged comum
2026,ABOLICAO,Maternal I,0,76.0,5,0,5,0,2025,0.019417862207853187,2125526,23.707434933065596,0.5,38.0,PPML-FE + Caged comum
2026,ABOLICAO,Maternal II,0,78.0,5,0,0,5,2025,0.019417862207853187,2125526,11.932054684541338,0.14130434782608695,11.021739130434781,PPML-FE + Caged comum
2026,ACARI,Bercario,0,735.0,5,5,0,0,2025,0.019417862207853187,2125526,298.73444777244435,0.2607052896725441,191.6183879093199,PPML-FE + Caged comum
2026,ACARI,Maternal I,0,415.0,5,0,5,0,2025,0.019417862207853187,2125526,253.9994891457513,0.5872235872235873,243.6977886977887,PPML-FE + Caged comum
2026,ACARI,Maternal II,0,407.0,5,0,0,5,2025,0.019417862207853187,2125526,122.1599406467292,0.1984924623115578,80.78643216080403,PPML-FE + Caged comum
2026,AGUA SANTA,Bercario,0,115.0,5,5,0,0,2025,0.019417862207853187,2125526,26.425195993950357,0.09090909090909091,10.454545454545455,PPML-FE + Caged comum
2026,AGUA SANTA,Maternal I,0,54.0,5,0,5,0,2025,0.019417862207853187,2125526,18.685336230598033,0.2753623188405797,14.869565217391305,PPML-FE + Caged comum
2026,AGUA SANTA,Maternal II,0,69.0,5,0,0,5,2025,0.019417862207853187,2125526,11.708625232242026,0.1,6.9,PPML-FE + Caged comum
2026,ALTO BOA VISTA,Bercario,0,124.0,5,5,0,0,2025,0.019417862207853187,2125526,36.62040261934573,0.2792207792207792,34.62337662337662,PPML-FE + Caged comum
2026,ALTO BOA VISTA,Maternal I,0,99.0,5,0,5,0,2025,0.019417862207853187,2125526,44.02743704447335,0.45714285714285713,45.25714285714285,PPML-FE + Caged comum
2026,ALTO BOA VISTA,Maternal II,0,70.0,5,0,0,5,2025,0.019417862207853187,2125526,15.266374347745872,0.08823529411764706,6.176470588235294,PPML-FE + Caged comum
2026,ANCHIETA,Bercario,0,1148.0,5,5,0,0,2025,0.019417862207853187,2125526,353.5346843811597,0.2139261744966443,245.58724832214767,PPML-FE + Caged comum
2026,ANCHIETA,Maternal I,0,641.0,5,0,5,0,2025,0.019417862207853187,2125526,297.25895704769505,0.46112600536193027,295.5817694369973,PPML-FE + Caged comum
2026,ANCHIETA,Maternal II,0,746.0,5,0,0,5,2025,0.019417862207853187,2125526,169.65450838464105,0.260806916426513,194.56195965417868,PPML-FE + Caged comum
2026,ANDARAI,Bercario,0,438.0,5,5,0,0,2025,0.019417862207853187,2125526,90.16398607154468,0.19389978213507625,84.9281045751634,PPML-FE + Caged comum
2026,ANDARAI,Maternal I,0,237.0,5,0,5,0,2025,0.019417862207853187,2125526,73.46730674961445,0.19330855018587362,45.814126394052046,PPML-FE + Caged comum
2026,ANDARAI,Maternal II,0,269.0,5,0,0,5,2025,0.019417862207853187,2125526,40.89288118144835,0.08368200836820083,22.510460251046023,PPML-FE + Caged comum
2026,ANIL,Bercario,0,662.0,5,5,0,0,2025,0.019417862207853187,2125526,605.471042553757,0.39444444444444443,261.1222222222222,PPML-FE + Caged comum
2026,ANIL,Maternal I,0,367.0,5,0,5,0,2025,0.019417862207853187,2125526,505.4616754636155,0.8656036446469249,317.67653758542144,PPML-FE + Caged comum
2026,ANIL,Maternal II,0,439.0,5,0,0,5,2025,0.019417862207853187,2125526,296.50795256774,1.049095607235142,460.5529715762274,PPML-FE + Caged comum
2026,BANCARIOS,Bercario,0,256.0,5,5,0,0,2025,0.019417862207853187,2125526,75.5410284937846,0.316,80.896,PPML-FE + Caged comum
2026,BANCARIOS,Maternal I,0,123.0,5,0,5,0,2025,0.019417862207853187,2125526,54.655619359204685,0.21505376344086022,26.451612903225808,PPML-FE + Caged comum
2026,BANCARIOS,Maternal II,0,186.0,5,0,0,5,2025,0.019417862207853187,2125526,40.531465818119244,0.2446043165467626,45.49640287769784,PPML-FE + Caged comum
2026,BANGU,Bercario,0,3901.0,5,5,0,0,2025,0.019417862207853187,2125526,1348.4678684941737,0.25098425196850394,979.0895669291339,PPML-FE + Caged comum
2026,BANGU,Maternal I,0,2138.0,5,0,5,0,2025,0.019417862207853187,2125526,1112.9076649477138,0.34335635920357577,734.0958959772449,PPML-FE + Caged comum
2026,BANGU,Maternal II,0,2461.0,5,0,0,5,2025,0.019417862207853187,2125526,628.2213673774091,0.20786298170494355,511.5507979758661,PPML-FE + Caged comum
2026,BARRA GUARATIBA,Bercario,0,94.0,5,5,0,0,2025,0.019417862207853187,2125526,18.08612032961064,0.17699115044247787,16.63716814159292,PPML-FE + Caged comum
2026,BARRA GUARATIBA,Maternal I,0,71.0,5,0,5,0,2025,0.019417862207853187,2125526,20.571345180661076,0.22807017543859648,16.19298245614035,PPML-FE + Caged comum
2026,BARRA GUARATIBA,Maternal II,0,57.0,5,0,0,5,2025,0.019417862207853187,2125526,8.098952575432111,0.2112676056338028,12.04225352112676,PPML-FE + Caged comum
2026,BARRA OLIMPICA,Bercario,0,1025.0,5,5,0,0,2025,0.019417862207853187,2125526,214.2811266356392,0.13026819923371646,133.52490421455937,PPML-FE + Caged comum
2026,BARRA TIJUCA,Bercario,0,2259.0,5,5,0,0,2025,0.019417862207853187,2125526,124.95136833493535,0.01758901758901759,39.73359073359074,PPML-FE + Caged comum
2026,BARRA TIJUCA,Maternal I,0,1168.0,5,0,5,0,2025,0.019417862207853187,2125526,97.28690980248281,0.07933884297520662,92.66776859504132,PPML-FE + Caged comum
2026,BARRA TIJUCA,Maternal II,0,1210.0,5,0,0,5,2025,0.019417862207853187,2125526,49.42499040845072,0.020066889632107024,24.2809364548495,PPML-FE + Caged comum
2026,BARROS FILHO,Bercario,0,361.0,5,5,0,0,2025,0.019417862207853187,2125526,114.2289527645982,0.2446043165467626,88.3021582733813,PPML-FE + Caged comum
2026,BARROS FILHO,Maternal I,0,222.0,5,0,5,0,2025,0.019417862207853187,2125526,105.78126305909394,0.3048128342245989,67.66844919786097,PPML-FE + Caged comum
2026,BARROS FILHO,Maternal II,0,187.0,5,0,0,5,2025,0.019417862207853187,2125526,43.69653878834629,0.20089285714285715,37.566964285714285,PPML-FE + Caged comum
2026,BENFICA,Bercario,0,603.0,5,5,0,0,2025,0.019417862207853187,2125526,301.86689029705536,0.3128491620111732,188.64804469273744,PPML-FE + Caged comum
2026,BENFICA,Maternal I,0,408.0,5,0,5,0,2025,0.019417862207853187,2125526,307.5708071269838,0.465625,189.975,PPML-FE + Caged comum
2026,BENFICA,Maternal II,0,320.0,5,0,0,5,2025,0.019417862207853187,2125526,118.2999564985069,0.2647058823529412,84.70588235294117,PPML-FE + Caged comum
2026,BENTO RIBEIRO,Bercario,0,590.0,5,5,0,0,2025,0.019417862207853187,2125526,149.4998602499272,0.16940789473684212,99.95065789473685,PPML-FE + Caged comum
2026,BENTO RIBEIRO,Maternal I,0,319.0,5,0,5,0,2025,0.019417862207853187,2125526,121.72120374855926,0.3787375415282392,120.8172757475083,PPML-FE + Caged comum
2026,BENTO RIBEIRO,Maternal II,0,301.0,5,0,0,5,2025,0.019417862207853187,2125526,56.32376898373071,0.18285714285714286,55.04,PPML-FE + Caged comum
2026,BONSUCESSO,Bercario,0,658.0,5,5,0,0,2025,0.019417862207853187,2125526,229.69552818396832,0.5667655786350149,372.9317507418398,PPML-FE + Caged comum
2026,BONSUCESSO,Maternal I,0,397.0,5,0,5,0,2025,0.019417862207853187,2125526,208.6911027345184,0.3436657681940701,136.43530997304583,PPML-FE + Caged comum
2026,BONSUCESSO,Maternal II,0,742.0,5,0,0,5,2025,0.019417862207853187,2125526,191.27886661508632,0.261986301369863,194.39383561643834,PPML-FE + Caged comum
2026,BOTAFOGO,Bercario,0,1069.0,5,5,0,0,2025,0.019417862207853187,2125526,110.05087590271054,0.10664172123479888,114.0,PPML-FE + Caged comum
2026,BOTAFOGO,Maternal I,0,528.0,5,0,5,0,2025,0.019417862207853187,2125526,81.85335808588256,0.13932980599647266,73.56613756613756,PPML-FE + Caged comum
2026,BOTAFOGO,Maternal II,0,567.0,5,0,0,5,2025,0.019417862207853187,2125526,43.10575885753216,0.04903677758318739,27.80385288966725,PPML-FE + Caged comum
2026,BRAS PINA,Bercario,0,725.0,5,5,0,0,2025,0.019417862207853187,2125526,156.24873575262956,0.2286096256684492,165.74197860962568,PPML-FE + Caged comum
2026,BRAS PINA,Maternal I,0,390.0,5,0,5,0,2025,0.019417862207853187,2125526,126.56974146857247,0.4580335731414868,178.63309352517985,PPML-FE + Caged comum
2026,BRAS PINA,Maternal II,0,417.0,5,0,0,5,2025,0.019417862207853187,2125526,66.36681841641081,0.1570796460176991,65.50221238938053,PPML-FE + Caged comum
2026,CACHAMBI,Bercario,0,556.0,5,5,0,0,2025,0.019417862207853187,2125526,78.94041981081,0.13580246913580246,75.50617283950616,PPML-FE + Caged comum
2026,CACHAMBI,Maternal I,0,294.0,5,0,5,0,2025,0.019417862207853187,2125526,62.857738374057455,0.18627450980392157,54.76470588235294,PPML-FE + Caged comum
2026,CACHAMBI,Maternal II,0,306.0,5,0,0,5,2025,0.019417862207853187,2125526,32.08355650939489,0.05379746835443038,16.462025316455698,PPML-FE + Caged comum
2026,CACUIA,Bercario,0,167.0,5,5,0,0,2025,0.019417862207853187,2125526,37.77281367931068,0.18497109826589594,30.89017341040462,PPML-FE + Caged comum
2026,CACUIA,Maternal I,0,90.0,5,0,5,0,2025,0.019417862207853187,2125526,30.65435307193791,0.2808988764044944,25.280898876404496,PPML-FE + Caged comum
2026,CACUIA,Maternal II,0,89.0,5,0,0,5,2025,0.019417862207853187,2125526,14.86583505723347,0.3373493975903614,30.024096385542165,PPML-FE + Caged comum
2026,CAJU,Bercario,0,603.0,5,5,0,0,2025,0.019417862207853187,2125526,220.47833105079525,0.27751196172248804,167.3397129186603,PPML-FE + Caged comum
2026,CAJU,Maternal I,0,329.0,5,0,5,0,2025,0.019417862207853187,2125526,181.1470555054526,0.41389728096676737,136.17220543806647,PPML-FE + Caged comum
2026,CAJU,Maternal II,0,331.0,5,0,0,5,2025,0.019417862207853187,2125526,89.3743779883967,0.16023738872403562,53.03857566765579,PPML-FE + Caged comum
2026,CAMORIM,Bercario,0,55.0,5,5,0,0,2025,0.019417862207853187,2125526,37.93036005727024,0.6796116504854369,37.37864077669903,PPML-FE + Caged comum
2026,CAMORIM,Maternal I,0,80.0,5,0,5,0,2025,0.019417862207853187,2125526,83.08087145589062,0.34959349593495936,27.96747967479675,PPML-FE + Caged comum
2026,CAMORIM,Maternal II,0,123.0,5,0,0,5,2025,0.019417862207853187,2125526,62.64203028182354,0.25882352941176473,31.835294117647063,PPML-FE + Caged comum
2026,CAMPINHO,Bercario,0,180.0,5,5,0,0,2025,0.019417862207853187,2125526,42.66808087004578,0.22164948453608246,39.896907216494846,PPML-FE + Caged comum
2026,CAMPINHO,Maternal I,0,107.0,5,0,5,0,2025,0.019417862207853187,2125526,38.19452933387937,0.47,50.29,PPML-FE + Caged comum
2026,CAMPINHO,Maternal II,0,100.0,5,0,0,5,2025,0.019417862207853187,2125526,17.505198601923453,0.1504424778761062,15.04424778761062,PPML-FE + Caged comum
2026,CAMPO AFONSOS,Bercario,0,70.0,5,5,0,0,2025,0.019417862207853187,2125526,12.936436961137883,0.0410958904109589,2.8767123287671232,PPML-FE + Caged comum
2026,CAMPO AFONSOS,Maternal I,0,41.0,5,0,5,0,2025,0.019417862207853187,2125526,11.410042807112323,0.03225806451612903,1.3225806451612903,PPML-FE + Caged comum
2026,CAMPO AFONSOS,Maternal II,0,31.0,5,0,0,5,2025,0.019417862207853187,2125526,4.230724721829222,0.10344827586206896,3.206896551724138,PPML-FE + Caged comum
2026,CAMPO GRANDE,Bercario,0,6911.0,5,5,0,0,2025,0.019417862207853187,2125526,2246.1434356311975,0.21254404510218464,1468.891895701198,PPML-FE + Caged comum
2026,CAMPO GRANDE,Maternal I,0,3685.0,5,0,5,0,2025,0.019417862207853187,2125526,1803.5195981765878,0.3648717948717949,1344.5525641025642,PPML-FE + Caged comum
2026,CAMPO GRANDE,Maternal II,0,3900.0,5,0,0,5,2025,0.019417862207853187,2125526,936.0469622649853,0.19133574007220217,746.2093862815884,PPML-FE + Caged comum
2026,CASCADURA,Bercario,0,497.0,5,5,0,0,2025,0.019417862207853187,2125526,159.75495073137532,0.20840950639853748,103.57952468007312,PPML-FE + Caged comum
2026,CASCADURA,Maternal I,0,293.0,5,0,5,0,2025,0.019417862207853187,2125526,141.82485158237606,0.3223684210526316,94.45394736842105,PPML-FE + Caged comum
2026,CASCADURA,Maternal II,0,304.0,5,0,0,5,2025,0.019417862207853187,2125526,72.16189981139622,0.22448979591836735,68.24489795918367,PPML-FE + Caged comum
2026,CATETE,Bercario,0,309.0,5,5,0,0,2025,0.019417862207853187,2125526,57.405337100440114,0.15963855421686746,49.32831325301204,PPML-FE + Caged comum
2026,CATETE,Maternal I,0,169.0,5,0,5,0,2025,0.019417862207853187,2125526,47.27889060250566,0.19540229885057472,33.02298850574713,PPML-FE + Caged comum
2026,CATETE,Maternal II,0,174.0,5,0,0,5,2025,0.019417862207853187,2125526,23.871487300180107,0.1375,23.925,PPML-FE + Caged comum
2026,CATUMBI,Bercario,0,270.0,5,5,0,0,2025,0.019417862207853187,2125526,118.66813021129505,0.46037735849056605,124.30188679245283,PPML-FE + Caged comum
2026,CATUMBI,Maternal I,0,127.0,5,0,5,0,2025,0.019417862207853187,2125526,84.05447439400689,0.33783783783783783,42.9054054054054,PPML-FE + Caged comum
2026,CATUMBI,Maternal II,0,148.0,5,0,0,5,2025,0.019417862207853187,2125526,48.03618277284535,0.13259668508287292,19.624309392265193,PPML-FE + Caged comum
2026,CAVALCANTE,Bercario,0,286.0,5,5,0,0,2025,0.019417862207853187,2125526,99.18525315751093,0.25675675675675674,73.43243243243244,PPML-FE + Caged comum
2026,CAVALCANTE,Maternal I,0,153.0,5,0,5,0,2025,0.019417862207853187,2125526,79.9023006649644,0.4394904458598726,67.24203821656052,PPML-FE + Caged comum
2026,CAVALCANTE,Maternal II,0,157.0,5,0,0,5,2025,0.019417862207853187,2125526,40.20843440440311,0.24539877300613497,38.52760736196319,PPML-FE + Caged comum
2026,CENTRO,Bercario,0,365.0,5,5,0,0,2025,0.019417862207853187,2125526,141.36623927749153,0.328,119.72,PPML-FE + Caged comum
2026,CENTRO,Maternal I,0,199.0,5,0,5,0,2025,0.019417862207853187,2125526,116.06270741619885,0.4074074074074074,81.07407407407408,PPML-FE + Caged comum
2026,CENTRO,Maternal II,0,243.0,5,0,0,5,2025,0.019417862207853187,2125526,69.50171989041363,0.19123505976095617,46.47011952191235,PPML-FE + Caged comum
2026,CIDADE DEUS,Bercario,0,1031.0,5,5,0,0,2025,0.019417862207853187,2125526,460.3669050736036,0.41379310344827586,426.6206896551724,PPML-FE + Caged comum
2026,CIDADE DEUS,Maternal I,0,559.0,5,0,5,0,2025,0.019417862207853187,2125526,375.87549978045246,0.7123519458544839,398.2047377326565,PPML-FE + Caged comum
2026,CIDADE DEUS,Maternal II,0,591.0,5,0,0,5,2025,0.019417862207853187,2125526,194.8809324517133,0.13935681470137826,82.35987748851456,PPML-FE + Caged comum
2026,CIDADE NOVA,Bercario,0,80.0,5,5,0,0,2025,0.019417862207853187,2125526,27.2288413768052,0.3125,25.0,PPML-FE + Caged comum
2026,CIDADE NOVA,Maternal I,0,41.0,5,0,5,0,2025,0.019417862207853187,2125526,21.01405246296888,0.45652173913043476,18.717391304347824,PPML-FE + Caged comum
2026,CIDADE NOVA,Maternal II,0,46.0,5,0,0,5,2025,0.019417862207853187,2125526,11.562012764619572,0.1,4.6000000000000005,PPML-FE + Caged comum
2026,CIDADE UNIVERSITARIA,Bercario,0,25.0,5,5,0,0,2025,0.019417862207853187,2125526,5.457358444283137,0.25,6.25,PPML-FE + Caged comum
2026,CIDADE UNIVERSITARIA,Maternal I,0,13.0,5,0,5,0,2025,0.019417862207853187,2125526,4.2733907313329125,0.1,1.3,PPML-FE + Caged comum
2026,CIDADE UNIVERSITARIA,Maternal II,0,10.0,5,0,0,5,2025,0.019417862207853187,2125526,1.6120514879498877,0.0,0.0,PPML-FE + Caged comum
2026,COCOTA,Bercario,0,89.0,5,5,0,0,2025,0.019417862207853187,2125526,19.782683130476606,0.21052631578947367,18.736842105263158,PPML-FE + Caged comum
2026,COCOTA,Maternal I,0,39.0,5,0,5,0,2025,0.019417862207853187,2125526,13.054089190126863,0.38461538461538464,15.0,PPML-FE + Caged comum
2026,COCOTA,Maternal II,0,52.0,5,0,0,5,2025,0.019417862207853187,2125526,8.53561798067363,0.22857142857142856,11.885714285714286,PPML-FE + Caged comum
2026,COELHO NETO,Bercario,0,507.0,5,5,0,0,2025,0.019417862207853187,2125526,225.51350189890906,0.31956912028725315,162.02154398563735,PPML-FE + Caged comum
2026,COELHO NETO,Maternal I,0,314.0,5,0,5,0,2025,0.019417862207853187,2125526,210.32021557077974,0.49295774647887325,154.7887323943662,PPML-FE + Caged comum
2026,COELHO NETO,Maternal II,0,284.0,5,0,0,5,2025,0.019417862207853187,2125526,93.28662209750715,0.31788079470198677,90.27814569536424,PPML-FE + Caged comum
2026,COLEGIO,Bercario,0,574.0,5,5,0,0,2025,0.019417862207853187,2125526,183.8468479091076,0.23450586264656617,134.60636515912898,PPML-FE + Caged comum
2026,COLEGIO,Maternal I,0,321.0,5,0,5,0,2025,0.019417862207853187,2125526,154.82322466554407,0.32285714285714284,103.63714285714285,PPML-FE + Caged comum
2026,COLEGIO,Maternal II,0,350.0,5,0,0,5,2025,0.019417862207853187,2125526,82.78445195594993,0.2937853107344633,102.82485875706215,PPML-FE + Caged comum
2026,COMPLEXO ALEMAO,Bercario,0,850.0,5,5,0,0,2025,0.019417862207853187,2125526,41.785342852322856,0.0,0.0,PPML-FE + Caged comum
2026,COMPLEXO ALEMAO,Maternal I,0,410.0,5,0,5,0,2025,0.019417862207853187,2125526,30.351187066877372,0.004310344827586207,1.7672413793103448,PPML-FE + Caged comum
2026,COMPLEXO ALEMAO,Maternal II,0,232.0,5,0,0,5,2025,0.019417862207853187,2125526,8.422275956448992,0.0,0.0,PPML-FE + Caged comum
2026,COMPLEXO MARE,Bercario,0,2988.0,5,5,0,0,2025,0.019417862207853187,2125526,849.3353794856048,0.18424479166666666,550.5234375,PPML-FE + Caged comum
2026,COMPLEXO MARE,Maternal I,0,1576.0,5,0,5,0,2025,0.019417862207853187,2125526,674.5926666132402,0.398838334946757,628.5692158760891,PPML-FE + Caged comum
2026,COMPLEXO MARE,Maternal II,0,1033.0,5,0,0,5,2025,0.019417862207853187,2125526,216.83799428558888,0.20014450867052022,206.74927745664738,PPML-FE + Caged comum
2026,COPACABANA,Bercario,0,1478.0,5,5,0,0,2025,0.019417862207853187,2125526,269.5567257547301,0.1707936507936508,252.43301587301588,PPML-FE + Caged comum
2026,COPACABANA,Maternal I,0,866.0,5,0,5,0,2025,0.019417862207853187,2125526,237.83754366682948,0.2505720823798627,216.9954233409611,PPML-FE + Caged comum
2026,COPACABANA,Maternal II,0,874.0,5,0,0,5,2025,0.019417862207853187,2125526,117.7127779521328,0.10982658959537572,95.98843930635839,PPML-FE + Caged comum
2026,CORDOVIL,Bercario,0,638.0,5,5,0,0,2025,0.019417862207853187,2125526,167.03899865453283,0.2823871906841339,180.16302765647745,PPML-FE + Caged comum
2026,CORDOVIL,Maternal I,0,365.0,5,0,5,0,2025,0.019417862207853187,2125526,143.9053181979262,0.3089430894308943,112.76422764227642,PPML-FE + Caged comum
2026,CORDOVIL,Maternal II,0,369.0,5,0,0,5,2025,0.019417862207853187,2125526,71.34441860732449,0.23459715639810427,86.56635071090048,PPML-FE + Caged comum
2026,COSME VELHO,Bercario,0,108.0,5,5,0,0,2025,0.019417862207853187,2125526,27.053648002495606,0.2604166666666667,28.125000000000004,PPML-FE + Caged comum
2026,COSME VELHO,Maternal I,0,51.0,5,0,5,0,2025,0.019417862207853187,2125526,19.237960832732302,0.328125,16.734375,PPML-FE + Caged comum
2026,COSME VELHO,Maternal II,0,64.0,5,0,0,5,2025,0.019417862207853187,2125526,11.83909461832691,0.05333333333333334,3.4133333333333336,PPML-FE + Caged comum
2026,COSMOS,Bercario,0,1965.0,5,5,0,0,2025,0.019417862207853187,2125526,725.6661295617216,0.27704997573993206,544.4032023289665,PPML-FE + Caged comum
2026,COSMOS,Maternal I,0,1049.0,5,0,5,0,2025,0.019417862207853187,2125526,583.3598923999774,0.4341736694677871,455.4481792717087,PPML-FE + Caged comum
2026,COSMOS,Maternal II,0,1071.0,5,0,0,5,2025,0.019417862207853187,2125526,292.07891515837053,0.23380035026269702,250.4001751313485,PPML-FE + Caged comum
2026,COSTA BARROS,Bercario,0,776.0,5,5,0,0,2025,0.019417862207853187,2125526,348.00716718864163,0.41448189762796506,321.63795255930086,PPML-FE + Caged comum
2026,COSTA BARROS,Maternal I,0,419.0,5,0,5,0,2025,0.019417862207853187,2125526,282.9614488466225,0.3611111111111111,151.30555555555554,PPML-FE + Caged comum
2026,COSTA BARROS,Maternal II,0,540.0,5,0,0,5,2025,0.019417862207853187,2125526,178.83670714447345,0.2174721189591078,117.43494423791822,PPML-FE + Caged comum
2026,CURICICA,Bercario,0,700.0,5,5,0,0,2025,0.019417862207853187,2125526,221.3959803436292,0.30200501253132833,211.40350877192984,PPML-FE + Caged comum
2026,CURICICA,Maternal I,0,449.0,5,0,5,0,2025,0.019417862207853187,2125526,213.84781297629908,0.28345323741007195,127.2705035971223,PPML-FE + Caged comum
2026,CURICICA,Maternal II,0,695.0,5,0,0,5,2025,0.019417862207853187,2125526,162.32781168770683,0.23052959501557632,160.21806853582555,PPML-FE + Caged comum
2026,DEL CASTILHO,Bercario,0,440.0,5,5,0,0,2025,0.019417862207853187,2125526,126.25434676437872,0.3479212253829322,153.08533916849015,PPML-FE + Caged comum
2026,DEL CASTILHO,Maternal I,0,225.0,5,0,5,0,2025,0.019417862207853187,2125526,97.2216441587485,0.27615062761506276,62.13389121338912,PPML-FE + Caged comum
2026,DEL CASTILHO,Maternal II,0,239.0,5,0,0,5,2025,0.019417862207853187,2125526,50.64400016870029,0.14772727272727273,35.30681818181819,PPML-FE + Caged comum
2026,DEODORO,Bercario,0,231.0,5,5,0,0,2025,0.019417862207853187,2125526,104.26885742336667,0.3389830508474576,78.30508474576271,PPML-FE + Caged comum
2026,DEODORO,Maternal I,0,122.0,5,0,5,0,2025,0.019417862207853187,2125526,82.9257190284254,0.4012738853503185,48.955414012738856,PPML-FE + Caged comum
2026,DEODORO,Maternal II,0,157.0,5,0,0,5,2025,0.019417862207853187,2125526,52.333372772405966,0.25,39.25,PPML-FE + Caged comum
2026,ENCANTADO,Bercario,0,179.0,5,5,0,0,2025,0.019417862207853187,2125526,43.3958925717274,0.2074468085106383,37.13297872340426,PPML-FE + Caged comum
2026,ENCANTADO,Maternal I,0,93.0,5,0,5,0,2025,0.019417862207853187,2125526,33.95199697285089,0.42857142857142855,39.857142857142854,PPML-FE + Caged comum
2026,ENCANTADO,Maternal II,0,91.0,5,0,0,5,2025,0.019417862207853187,2125526,16.291963357758664,0.19791666666666666,18.010416666666664,PPML-FE + Caged comum
2026,ENGENHEIRO LEAL,Bercario,0,96.0,5,5,0,0,2025,0.019417862207853187,2125526,26.987167675282052,0.06896551724137931,6.620689655172414,PPML-FE + Caged comum
2026,ENGENHEIRO LEAL,Maternal I,0,70.0,5,0,5,0,2025,0.019417862207853187,2125526,29.632677525506374,0.4090909090909091,28.636363636363637,PPML-FE + Caged comum
2026,ENGENHEIRO LEAL,Maternal II,0,66.0,5,0,0,5,2025,0.019417862207853187,2125526,13.701447400021278,0.4098360655737705,27.049180327868854,PPML-FE + Caged comum
2026,ENGENHO DENTRO,Bercario,0,684.0,5,5,0,0,2025,0.019417862207853187,2125526,160.90117131172025,0.22772277227722773,155.76237623762376,PPML-FE + Caged comum
2026,ENGENHO DENTRO,Maternal I,0,366.0,5,0,5,0,2025,0.019417862207853187,2125526,129.64953689775336,0.38676844783715014,141.55725190839695,PPML-FE + Caged comum
2026,ENGENHO DENTRO,Maternal II,0,393.0,5,0,0,5,2025,0.019417862207853187,2125526,68.27034415869569,0.16745283018867924,65.80896226415094,PPML-FE + Caged comum
2026,ENGENHO NOVO,Bercario,0,670.0,5,5,0,0,2025,0.019417862207853187,2125526,195.70299608551903,0.30687830687830686,205.6084656084656,PPML-FE + Caged comum
2026,ENGENHO NOVO,Maternal I,0,428.0,5,0,5,0,2025,0.019417862207853187,2125526,188.25790495694002,0.2897196261682243,123.99999999999999,PPML-FE + Caged comum
2026,ENGENHO NOVO,Maternal II,0,428.0,5,0,0,5,2025,0.019417862207853187,2125526,92.3215056495329,0.11926605504587157,51.04587155963303,PPML-FE + Caged comum
2026,ENGENHO RAINHA,Bercario,0,448.0,5,5,0,0,2025,0.019417862207853187,2125526,130.33968003796414,0.23319327731092437,104.47058823529412,PPML-FE + Caged comum
2026,ENGENHO RAINHA,Maternal I,0,248.0,5,0,5,0,2025,0.019417862207853187,2125526,108.65184311717267,0.3602941176470588,89.3529411764706,PPML-FE + Caged comum
2026,ENGENHO RAINHA,Maternal II,0,272.0,5,0,0,5,2025,0.019417862207853187,2125526,58.43916183988808,0.16996047430830039,46.2292490118577,PPML-FE + Caged comum
2026,ESTACIO,Bercario,0,328.0,5,5,0,0,2025,0.019417862207853187,2125526,128.1490072318904,0.31142857142857144,102.14857142857143,PPML-FE + Caged comum
2026,ESTACIO,Maternal I,0,175.0,5,0,5,0,2025,0.019417862207853187,2125526,102.95945417397495,0.34831460674157305,60.95505617977528,PPML-FE + Caged comum
2026,ESTACIO,Maternal II,0,178.0,5,0,0,5,2025,0.019417862207853187,2125526,51.35678665807766,0.17766497461928935,31.624365482233504,PPML-FE + Caged comum
2026,FLAMENGO,Bercario,0,510.0,5,5,0,0,2025,0.019417862207853187,2125526,60.124964671924644,0.07945736434108527,40.52325581395349,PPML-FE + Caged comum
2026,FLAMENGO,Maternal I,0,268.0,5,0,5,0,2025,0.019417862207853187,2125526,47.57800555017691,0.10101010101010101,27.07070707070707,PPML-FE + Caged comum
2026,FLAMENGO,Maternal II,0,297.0,5,0,0,5,2025,0.019417862207853187,2125526,25.856964865269518,0.057034220532319393,16.93916349809886,PPML-FE + Caged comum
2026,FREGUESIA ILHA,Bercario,0,353.0,5,5,0,0,2025,0.019417862207853187,2125526,92.19242489793554,0.2336448598130841,82.4766355140187,PPML-FE + Caged comum
2026,FREGUESIA ILHA,Maternal I,0,165.0,5,0,5,0,2025,0.019417862207853187,2125526,64.89201464510361,0.27741935483870966,45.774193548387096,PPML-FE + Caged comum
2026,FREGUESIA ILHA,Maternal II,0,155.0,5,0,0,5,2025,0.019417862207853187,2125526,29.89431929776945,0.10588235294117647,16.41176470588235,PPML-FE + Caged comum
2026,FREGUESIA JPA,Bercario,0,1130.0,5,5,0,0,2025,0.019417862207853187,2125526,173.49892214429062,0.12116040955631399,136.91126279863482,PPML-FE + Caged comum
2026,FREGUESIA JPA,Maternal I,0,595.0,5,0,5,0,2025,0.019417862207853187,2125526,137.56947625073266,0.16613418530351437,98.84984025559105,PPML-FE + Caged comum
2026,FREGUESIA JPA,Maternal II,0,626.0,5,0,0,5,2025,0.019417862207853187,2125526,70.97887452934563,0.051696284329563816,32.36187399030695,PPML-FE + Caged comum
2026,GALEAO,Bercario,0,546.0,5,5,0,0,2025,0.019417862207853187,2125526,175.0180357315554,0.17647058823529413,96.3529411764706,PPML-FE + Caged comum
2026,GALEAO,Maternal I,0,309.0,5,0,5,0,2025,0.019417862207853187,2125526,149.15417784913026,0.25360230547550433,78.36311239193084,PPML-FE + Caged comum
2026,GALEAO,Maternal II,0,347.0,5,0,0,5,2025,0.019417862207853187,2125526,82.14026040064421,0.2054794520547945,71.30136986301369,PPML-FE + Caged comum
2026,GAMBOA,Bercario,0,249.0,5,5,0,0,2025,0.019417862207853187,2125526,78.2875496003231,0.21794871794871795,54.26923076923077,PPML-FE + Caged comum
2026,GAMBOA,Maternal I,0,125.0,5,0,5,0,2025,0.019417862207853187,2125526,59.18206931337046,0.31746031746031744,39.682539682539684,PPML-FE + Caged comum
2026,GAMBOA,Maternal II,0,126.0,5,0,0,5,2025,0.019417862207853187,2125526,29.255015717384197,0.15384615384615385,19.384615384615387,PPML-FE + Caged comum
2026,GARDENIA AZUL,Bercario,0,715.0,5,5,0,0,2025,0.019417862207853187,2125526,293.21690194710936,0.2906208718626156,207.79392338177016,PPML-FE + Caged comum
2026,GARDENIA AZUL,Maternal I,0,424.0,5,0,5,0,2025,0.019417862207853187,2125526,261.8397611259502,0.444234404536862,188.3553875236295,PPML-FE + Caged comum
2026,GARDENIA AZUL,Maternal II,0,529.0,5,0,0,5,2025,0.019417862207853187,2125526,160.2046320815123,0.3644251626898048,192.78091106290674,PPML-FE + Caged comum
2026,GAVEA,Bercario,0,251.0,5,5,0,0,2025,0.019417862207853187,2125526,138.4889914502858,0.7275985663082437,182.62724014336916,PPML-FE + Caged comum
2026,GAVEA,Maternal I,0,165.0,5,0,5,0,2025,0.019417862207853187,2125526,137.09204529004785,0.7485029940119761,123.50299401197606,PPML-FE + Caged comum
2026,GAVEA,Maternal II,0,167.0,5,0,0,5,2025,0.019417862207853187,2125526,68.04472137111975,0.3567251461988304,59.57309941520467,PPML-FE + Caged comum
2026,GERICINO,Bercario,0,28.0,5,5,0,0,2025,0.019417862207853187,2125526,5.949742550012677,0.0,0.0,PPML-FE + Caged comum
2026,GERICINO,Maternal I,0,19.0,5,0,5,0,2025,0.019417862207853187,2125526,6.079677241220682,0.2803351896750988,5.326368603826877,PPML-FE + Caged comum
2026,GLORIA,Bercario,0,89.0,5,5,0,0,2025,0.019417862207853187,2125526,29.715591338917378,0.46,40.940000000000005,PPML-FE + Caged comum
2026,GLORIA,Maternal I,0,57.0,5,0,5,0,2025,0.019417862207853187,2125526,28.658668350050895,0.5227272727272727,29.795454545454543,PPML-FE + Caged comum
2026,GLORIA,Maternal II,0,44.0,5,0,0,5,2025,0.019417862207853187,2125526,10.848844512240145,0.11594202898550725,5.101449275362319,PPML-FE + Caged comum
2026,GRAJAU,Bercario,0,378.0,5,5,0,0,2025,0.019417862207853187,2125526,74.89030671721906,0.16009280742459397,60.515081206496525,PPML-FE + Caged comum
2026,GRAJAU,Maternal I,0,222.0,5,0,5,0,2025,0.019417862207853187,2125526,66.23286849101262,0.10256410256410256,22.76923076923077,PPML-FE + Caged comum
2026,GRAJAU,Maternal II,0,234.0,5,0,0,5,2025,0.019417862207853187,2125526,34.23624335486048,0.0735930735930736,17.22077922077922,PPML-FE + Caged comum
2026,GRUMARI,Bercario,0,1.0,5,5,0,0,2025,0.019417862207853187,2125526,0.23224157924133898,0.0,0.0,PPML-FE + Caged comum
2026,GRUMARI,Maternal I,0,4.0,5,0,5,0,2025,0.019417862207853187,2125526,1.3989002502733192,0.5,2.0,PPML-FE + Caged comum
2026,GRUMARI,Maternal II,0,2.0,5,0,0,5,2025,0.019417862207853187,2125526,0.34300970625451604,0.2,0.4,PPML-FE + Caged comum
2026,GUADALUPE,Bercario,0,710.0,5,5,0,0,2025,0.019417862207853187,2125526,189.1040963906081,0.20291777188328913,144.0716180371353,PPML-FE + Caged comum
2026,GUADALUPE,Maternal I,0,400.0,5,0,5,0,2025,0.019417862207853187,2125526,160.43139498315563,0.28482328482328484,113.92931392931393,PPML-FE + Caged comum
2026,GUADALUPE,Maternal II,0,481.0,5,0,0,5,2025,0.019417862207853187,2125526,94.60718103645817,0.22954091816367264,110.40918163672654,PPML-FE + Caged comum
2026,GUARATIBA,Bercario,0,3716.0,5,5,0,0,2025,0.019417862207853187,2125526,1447.8812037227356,0.2520303194369247,936.5446670276123,PPML-FE + Caged comum
2026,GUARATIBA,Maternal I,0,1839.0,5,0,5,0,2025,0.019417862207853187,2125526,1079.0106583076183,0.45439283715724677,835.6284275321768,PPML-FE + Caged comum
2026,GUARATIBA,Maternal II,0,1787.0,5,0,0,5,2025,0.019417862207853187,2125526,514.183593649583,0.3247639034627492,580.3530954879328,PPML-FE + Caged comum
2026,HIGIENOPOLIS,Bercario,0,228.0,5,5,0,0,2025,0.019417862207853187,2125526,47.80299757395937,0.20982142857142858,47.839285714285715,PPML-FE + Caged comum
2026,HIGIENOPOLIS,Maternal I,0,101.0,5,0,5,0,2025,0.019417862207853187,2125526,31.88808492538517,0.2761904761904762,27.895238095238096,PPML-FE + Caged comum
2026,HIGIENOPOLIS,Maternal II,0,105.0,5,0,0,5,2025,0.019417862207853187,2125526,16.25721018526224,0.12612612612612611,13.243243243243242,PPML-FE + Caged comum
2026,HONORIO GURGEL,Bercario,0,356.0,5,5,0,0,2025,0.019417862207853187,2125526,108.64104854064247,0.24653739612188366,87.76731301939058,PPML-FE + Caged comum
2026,HONORIO GURGEL,Maternal I,0,186.0,5,0,5,0,2025,0.019417862207853187,2125526,85.47589861633448,0.354978354978355,66.02597402597404,PPML-FE + Caged comum
2026,HONORIO GURGEL,Maternal II,0,231.0,5,0,0,5,2025,0.019417862207853187,2125526,52.05858606819083,0.25225225225225223,58.27027027027027,PPML-FE + Caged comum
2026,HUMAITA,Bercario,0,138.0,5,5,0,0,2025,0.019417862207853187,2125526,17.572882446580863,0.0410958904109589,5.671232876712328,PPML-FE + Caged comum
2026,HUMAITA,Maternal I,0,71.0,5,0,5,0,2025,0.019417862207853187,2125526,13.614730426366128,0.09210526315789473,6.539473684210526,PPML-FE + Caged comum
2026,HUMAITA,Maternal II,0,76.0,5,0,0,5,2025,0.019417862207853187,2125526,7.146838159719441,0.023809523809523808,1.8095238095238093,PPML-FE + Caged comum
2026,ILHA GUARATIBA,Bercario,0,141.0,5,5,0,0,2025,0.019417862207853187,2125526,31.723080704819004,0.014492753623188406,2.0434782608695654,PPML-FE + Caged comum
2026,ILHA GUARATIBA,Maternal I,0,9.0,5,0,5,0,2025,0.019417862207853187,2125526,3.0491973479736094,0.2803351896750988,2.523016707075889,PPML-FE + Caged comum
2026,INHAUMA,Bercario,0,1024.0,5,5,0,0,2025,0.019417862207853187,2125526,356.78108947958555,0.31297709923664124,320.48854961832063,PPML-FE + Caged comum
2026,INHAUMA,Maternal I,0,572.0,5,0,5,0,2025,0.019417862207853187,2125526,300.1129114302437,0.6710775047258979,383.8563327032136,PPML-FE + Caged comum
2026,INHAUMA,Maternal II,0,529.0,5,0,0,5,2025,0.019417862207853187,2125526,136.11123690101658,0.1683673469387755,89.06632653061224,PPML-FE + Caged comum
2026,INHOAIBA,Bercario,0,1484.0,5,5,0,0,2025,0.019417862207853187,2125526,640.9922145031785,0.3527027027027027,523.4108108108109,PPML-FE + Caged comum
2026,INHOAIBA,Maternal I,0,748.0,5,0,5,0,2025,0.019417862207853187,2125526,486.52731975779744,0.4672330097087379,349.49029126213594,PPML-FE + Caged comum
2026,INHOAIBA,Maternal II,0,824.0,5,0,0,5,2025,0.019417862207853187,2125526,262.83458022379074,0.23523093447905477,193.83029001074112,PPML-FE + Caged comum
2026,IPANEMA,Bercario,0,488.0,5,5,0,0,2025,0.019417862207853187,2125526,34.76197857197035,0.021653543307086614,10.566929133858267,PPML-FE + Caged comum
2026,IPANEMA,Maternal I,0,254.0,5,0,5,0,2025,0.019417862207853187,2125526,27.246151217838683,0.056910569105691054,14.455284552845528,PPML-FE + Caged comum
2026,IPANEMA,Maternal II,0,246.0,5,0,0,5,2025,0.019417862207853187,2125526,12.940653555302529,0.030927835051546393,7.608247422680413,PPML-FE + Caged comum
2026,IRAJA,Bercario,0,1377.0,5,5,0,0,2025,0.019417862207853187,2125526,346.12316263126644,0.20572207084468666,283.27929155313353,PPML-FE + Caged comum
2026,IRAJA,Maternal I,0,786.0,5,0,5,0,2025,0.019417862207853187,2125526,297.51307015576674,0.30036188178528345,236.08443908323278,PPML-FE + Caged comum
2026,IRAJA,Maternal II,0,829.0,5,0,0,5,2025,0.019417862207853187,2125526,153.8819537026369,0.1511216056670602,125.2798110979929,PPML-FE + Caged comum
2026,ITANHANGA,Bercario,0,1511.0,5,5,0,0,2025,0.019417862207853187,2125526,540.4392867011347,0.13485342019543975,203.76351791530945,PPML-FE + Caged comum
2026,ITANHANGA,Maternal I,0,819.0,5,0,5,0,2025,0.019417862207853187,2125526,441.1163244197802,0.40360610263522884,330.5533980582524,PPML-FE + Caged comum
2026,ITANHANGA,Maternal II,0,721.0,5,0,0,5,2025,0.019417862207853187,2125526,190.4382361564405,0.36351706036745407,262.09580052493436,PPML-FE + Caged comum
2026,JABOUR,Bercario,0,35.0,5,5,0,0,2025,0.019417862207853187,2125526,8.322575011746425,0.0,0.0,PPML-FE + Caged comum
2026,JABOUR,Maternal I,0,1.0,5,0,5,0,2025,0.019417862207853187,2125526,0.35807702309942013,0.0,0.0,PPML-FE + Caged comum
2026,JABOUR,Maternal II,0,1.0,5,0,0,5,2025,0.019417862207853187,2125526,0.1756006469879838,0.18145761550073647,0.18145761550073647,PPML-FE + Caged comum
2026,JACARE,Bercario,0,281.0,5,5,0,0,2025,0.019417862207853187,2125526,144.67714279676395,0.8165467625899281,229.4496402877698,PPML-FE + Caged comum
2026,JACARE,Maternal I,0,163.0,5,0,5,0,2025,0.019417862207853187,2125526,126.37698449798579,0.4409722222222222,71.87847222222221,PPML-FE + Caged comum
2026,JACARE,Maternal II,0,288.0,5,0,0,5,2025,0.019417862207853187,2125526,109.50212044337151,0.25316455696202533,72.9113924050633,PPML-FE + Caged comum
2026,JACAREPAGUA,Bercario,0,4040.0,5,5,0,0,2025,0.019417862207853187,2125526,920.1883292713848,0.1079407210794072,436.08051316080514,PPML-FE + Caged comum
2026,JACAREPAGUA,Maternal I,0,2489.0,5,0,5,0,2025,0.019417862207853187,2125526,853.7034427706252,0.256004087889627,637.1941747572815,PPML-FE + Caged comum
2026,JACAREPAGUA,Maternal II,0,1957.0,5,0,0,5,2025,0.019417862207853187,2125526,329.17179767353326,0.1575019638648861,308.2313432835821,PPML-FE + Caged comum
2026,JACAREZINHO,Bercario,0,525.0,5,5,0,0,2025,0.019417862207853187,2125526,58.67057190453608,0.055062166962699825,28.907637655417407,PPML-FE + Caged comum
2026,JACAREZINHO,Maternal I,0,279.0,5,0,5,0,2025,0.019417862207853187,2125526,46.951773561338435,0.05732484076433121,15.993630573248408,PPML-FE + Caged comum
2026,JACAREZINHO,Maternal II,0,157.0,5,0,0,5,2025,0.019417862207853187,2125526,12.956780709936027,0.057692307692307696,9.057692307692308,PPML-FE + Caged comum
2026,JARDIM AMERICA,Bercario,0,423.0,5,5,0,0,2025,0.019417862207853187,2125526,138.6626593095588,0.3159041394335512,133.62745098039215,PPML-FE + Caged comum
2026,JARDIM AMERICA,Maternal I,0,281.0,5,0,5,0,2025,0.019417862207853187,2125526,138.71143288366466,0.4671280276816609,131.26297577854672,PPML-FE + Caged comum
2026,JARDIM AMERICA,Maternal II,0,289.0,5,0,0,5,2025,0.019417862207853187,2125526,69.96058595045182,0.15359477124183007,44.38888888888889,PPML-FE + Caged comum
2026,JARDIM BOTANICO,Bercario,0,187.0,5,5,0,0,2025,0.019417862207853187,2125526,20.889182503572403,0.09433962264150944,17.641509433962266,PPML-FE + Caged comum
2026,JARDIM BOTANICO,Maternal I,0,110.0,5,0,5,0,2025,0.019417862207853187,2125526,18.503730879077118,0.1271186440677966,13.983050847457626,PPML-FE + Caged comum
2026,JARDIM BOTANICO,Maternal II,0,118.0,5,0,0,5,2025,0.019417862207853187,2125526,9.734155572047191,0.0625,7.375,PPML-FE + Caged comum
2026,JARDIM CARIOCA,Bercario,0,363.0,5,5,0,0,2025,0.019417862207853187,2125526,74.07114094446229,0.21212121212121213,77.0,PPML-FE + Caged comum
2026,JARDIM CARIOCA,Maternal I,0,189.0,5,0,5,0,2025,0.019417862207853187,2125526,58.07523742145512,0.27699530516431925,52.352112676056336,PPML-FE + Caged comum
2026,JARDIM CARIOCA,Maternal II,0,213.0,5,0,0,5,2025,0.019417862207853187,2125526,32.09655718367133,0.11627906976744186,24.767441860465116,PPML-FE + Caged comum
2026,JARDIM GUANABARA,Bercario,0,327.0,5,5,0,0,2025,0.019417862207853187,2125526,29.577449664132057,0.03273809523809524,10.705357142857144,PPML-FE + Caged comum
2026,JARDIM GUANABARA,Maternal I,0,176.0,5,0,5,0,2025,0.019417862207853187,2125526,23.972449896232124,0.06701030927835051,11.79381443298969,PPML-FE + Caged comum
2026,JARDIM GUANABARA,Maternal II,0,194.0,5,0,0,5,2025,0.019417862207853187,2125526,12.958392763490908,0.04,7.76,PPML-FE + Caged comum
2026,JARDIM SULACAP,Bercario,0,243.0,5,5,0,0,2025,0.019417862207853187,2125526,44.69305135907711,0.10702341137123746,26.006688963210703,PPML-FE + Caged comum
2026,JARDIM SULACAP,Maternal I,0,176.0,5,0,5,0,2025,0.019417862207853187,2125526,48.74534867952117,0.22,38.72,PPML-FE + Caged comum
2026,JARDIM SULACAP,Maternal II,0,200.0,5,0,0,5,2025,0.019417862207853187,2125526,27.164403103226185,0.16091954022988506,32.18390804597701,PPML-FE + Caged comum
2026,JOA,Bercario,0,14.0,5,5,0,0,2025,0.019417862207853187,2125526,3.0811994924404873,0.09090909090909091,1.2727272727272727,PPML-FE + Caged comum
2026,JOA,Maternal I,0,4.0,5,0,5,0,2025,0.019417862207853187,2125526,1.3256795406125321,0.0,0.0,PPML-FE + Caged comum
2026,JOA,Maternal II,0,8.0,5,0,0,5,2025,0.019417862207853187,2125526,1.3002240859540408,0.0,0.0,PPML-FE + Caged comum
2026,LAGOA,Bercario,0,259.0,5,5,0,0,2025,0.019417862207853187,2125526,22.51366161735829,0.012244897959183673,3.1714285714285713,PPML-FE + Caged comum
2026,LAGOA,Maternal I,0,117.0,5,0,5,0,2025,0.019417862207853187,2125526,15.315070928413215,0.043795620437956206,5.124087591240876,PPML-FE + Caged comum
2026,LAGOA,Maternal II,0,137.0,5,0,0,5,2025,0.019417862207853187,2125526,8.794342496943,0.0,0.0,PPML-FE + Caged comum
2026,LAPA,Bercario,0,83.0,5,5,0,0,2025,0.019417862207853187,2125526,12.239422789366458,0.0,0.0,PPML-FE + Caged comum
2026,LAPA,Maternal I,0,33.0,5,0,5,0,2025,0.019417862207853187,2125526,7.327968013899497,0.0,0.0,PPML-FE + Caged comum
2026,LAPA,Maternal II,0,15.0,5,0,0,5,2025,0.019417862207853187,2125526,1.6334676636808425,0.0,0.0,PPML-FE + Caged comum
2026,LARANJEIRAS,Bercario,0,446.0,5,5,0,0,2025,0.019417862207853187,2125526,54.783203251234866,0.09859154929577464,43.97183098591549,PPML-FE + Caged comum
2026,LARANJEIRAS,Maternal I,0,257.0,5,0,5,0,2025,0.019417862207853187,2125526,47.53707630553326,0.09473684210526316,24.347368421052632,PPML-FE + Caged comum
2026,LARANJEIRAS,Maternal II,0,285.0,5,0,0,5,2025,0.019417862207853187,2125526,25.85198299958603,0.06428571428571428,18.32142857142857,PPML-FE + Caged comum
2026,LEBLON,Bercario,0,520.0,5,5,0,0,2025,0.019417862207853187,2125526,35.814758542364295,0.029644268774703556,15.41501976284585,PPML-FE + Caged comum
2026,LEBLON,Maternal I,0,259.0,5,0,5,0,2025,0.019417862207853187,2125526,26.862425777227173,0.041666666666666664,10.791666666666666,PPML-FE + Caged comum
2026,LEBLON,Maternal II,0,288.0,5,0,0,5,2025,0.019417862207853187,2125526,14.648312943512202,0.018726591760299626,5.393258426966292,PPML-FE + Caged comum
2026,LEME,Bercario,0,179.0,5,5,0,0,2025,0.019417862207853187,2125526,39.27425357920801,0.23163841807909605,41.463276836158194,PPML-FE + Caged comum
2026,LEME,Maternal I,0,90.0,5,0,5,0,2025,0.019417862207853187,2125526,29.736113026950907,0.24271844660194175,21.844660194174757,PPML-FE + Caged comum
2026,LEME,Maternal II,0,103.0,5,0,0,5,2025,0.019417862207853187,2125526,16.68893301372298,0.09473684210526316,9.757894736842106,PPML-FE + Caged comum
2026,LINS VASCONCELOS,Bercario,0,640.0,5,5,0,0,2025,0.019417862207853187,2125526,164.07595567820877,0.26452599388379205,169.29663608562691,PPML-FE + Caged comum
2026,LINS VASCONCELOS,Maternal I,0,332.0,5,0,5,0,2025,0.019417862207853187,2125526,128.17101771774412,0.22318840579710145,74.09855072463768,PPML-FE + Caged comum
2026,LINS VASCONCELOS,Maternal II,0,345.0,5,0,0,5,2025,0.019417862207853187,2125526,65.31613853623927,0.07733333333333334,26.68,PPML-FE + Caged comum
2026,MADUREIRA,Bercario,0,764.0,5,5,0,0,2025,0.019417862207853187,2125526,203.40030159535866,0.21079691516709512,161.04884318766068,PPML-FE + Caged comum
2026,MADUREIRA,Maternal I,0,383.0,5,0,5,0,2025,0.019417862207853187,2125526,153.5478672124677,0.24891774891774893,95.33549783549783,PPML-FE + Caged comum
2026,MADUREIRA,Maternal II,0,462.0,5,0,0,5,2025,0.019417862207853187,2125526,90.83153371150817,0.15991471215351813,73.88059701492537,PPML-FE + Caged comum
2026,MAGALHAES BASTOS,Bercario,0,397.0,5,5,0,0,2025,0.019417862207853187,2125526,109.12779019809705,0.17574257425742573,69.76980198019801,PPML-FE + Caged comum
2026,MAGALHAES BASTOS,Maternal I,0,214.0,5,0,5,0,2025,0.019417862207853187,2125526,88.58198501450532,0.3508771929824561,75.08771929824562,PPML-FE + Caged comum
2026,MAGALHAES BASTOS,Maternal II,0,228.0,5,0,0,5,2025,0.019417862207853187,2125526,46.282428522974804,0.32195121951219513,73.40487804878049,PPML-FE + Caged comum
2026,MANGUEIRA,Bercario,0,432.0,5,5,0,0,2025,0.019417862207853187,2125526,164.47198817149098,0.37791932059447986,163.2611464968153,PPML-FE + Caged comum
2026,MANGUEIRA,Maternal I,0,228.0,5,0,5,0,2025,0.019417862207853187,2125526,130.71632305085205,0.27155172413793105,61.91379310344828,PPML-FE + Caged comum
2026,MANGUEIRA,Maternal II,0,232.0,5,0,0,5,2025,0.019417862207853187,2125526,65.22778308118916,0.10236220472440945,23.748031496062993,PPML-FE + Caged comum
2026,MANGUINHOS,Bercario,0,808.0,5,5,0,0,2025,0.019417862207853187,2125526,218.69842498341995,0.3585164835164835,289.68131868131866,PPML-FE + Caged comum
2026,MANGUINHOS,Maternal I,0,348.0,5,0,5,0,2025,0.019417862207853187,2125526,141.84052139891926,0.47570332480818417,165.5447570332481,PPML-FE + Caged comum
2026,MANGUINHOS,Maternal II,0,391.0,5,0,0,5,2025,0.019417862207853187,2125526,78.15333044274257,0.2883116883116883,112.72987012987012,PPML-FE + Caged comum
2026,MARACANA,Bercario,0,270.0,5,5,0,0,2025,0.019417862207853187,2125526,33.49278650504587,0.039568345323741004,10.68345323741007,PPML-FE + Caged comum
2026,MARACANA,Maternal I,0,143.0,5,0,5,0,2025,0.019417862207853187,2125526,26.712241653696097,0.125,17.875,PPML-FE + Caged comum
2026,MARACANA,Maternal II,0,160.0,5,0,0,5,2025,0.019417862207853187,2125526,14.656961176846936,0.032467532467532464,5.194805194805195,PPML-FE + Caged comum
2026,MARECHAL HERMES,Bercario,0,668.0,5,5,0,0,2025,0.019417862207853187,2125526,188.27818374573633,0.13297872340425532,88.82978723404256,PPML-FE + Caged comum
2026,MARECHAL HERMES,Maternal I,0,419.0,5,0,5,0,2025,0.019417862207853187,2125526,177.83790811461458,0.39058171745152354,163.65373961218836,PPML-FE + Caged comum
2026,MARECHAL HERMES,Maternal II,0,361.0,5,0,0,5,2025,0.019417862207853187,2125526,75.13930564704467,0.2607655502392344,94.13636363636363,PPML-FE + Caged comum
2026,MARIA GRACA,Bercario,0,90.0,5,5,0,0,2025,0.019417862207853187,2125526,17.36152829076088,0.2804878048780488,25.243902439024392,PPML-FE + Caged comum
2026,MARIA GRACA,Maternal I,0,48.0,5,0,5,0,2025,0.019417862207853187,2125526,13.94355328930099,0.12727272727272726,6.1090909090909085,PPML-FE + Caged comum
2026,MARIA GRACA,Maternal II,0,55.0,5,0,0,5,2025,0.019417862207853187,2125526,7.835100478438542,0.12698412698412698,6.984126984126984,PPML-FE + Caged comum
2026,MEIER,Bercario,0,420.0,5,5,0,0,2025,0.019417862207853187,2125526,66.79749760039097,0.15011037527593818,63.04635761589404,PPML-FE + Caged comum
2026,MEIER,Maternal I,0,257.0,5,0,5,0,2025,0.019417862207853187,2125526,61.55038963073701,0.24380165289256198,62.65702479338843,PPML-FE + Caged comum
2026,MEIER,Maternal II,0,242.0,5,0,0,5,2025,0.019417862207853187,2125526,28.422528229733835,0.06563706563706563,15.884169884169882,PPML-FE + Caged comum
2026,MONERO,Bercario,0,73.0,5,5,0,0,2025,0.019417862207853187,2125526,14.062319316020078,0.09090909090909091,6.636363636363637,PPML-FE + Caged comum
2026,MONERO,Maternal I,0,22.0,5,0,5,0,2025,0.019417862207853187,2125526,6.38180539111205,0.0,0.0,PPML-FE + Caged comum
2026,MONERO,Maternal II,0,24.0,5,0,0,5,2025,0.019417862207853187,2125526,3.4141435298339973,0.03333333333333333,0.8,PPML-FE + Caged comum
2026,OLARIA,Bercario,0,807.0,5,5,0,0,2025,0.019417862207853187,2125526,213.41916364697346,0.2749360613810742,221.87340153452686,PPML-FE + Caged comum
2026,OLARIA,Maternal I,0,403.0,5,0,5,0,2025,0.019417862207853187,2125526,160.4913778523426,0.34552845528455284,139.2479674796748,PPML-FE + Caged comum
2026,OLARIA,Maternal II,0,492.0,5,0,0,5,2025,0.019417862207853187,2125526,96.0862887771641,0.18143459915611815,89.26582278481013,PPML-FE + Caged comum
2026,OSWALDO CRUZ,Bercario,0,405.0,5,5,0,0,2025,0.019417862207853187,2125526,104.5653151012582,0.13260869565217392,53.70652173913044,PPML-FE + Caged comum
2026,OSWALDO CRUZ,Maternal I,0,255.0,5,0,5,0,2025,0.019417862207853187,2125526,99.14243659831023,0.319672131147541,81.51639344262296,PPML-FE + Caged comum
2026,OSWALDO CRUZ,Maternal II,0,244.0,5,0,0,5,2025,0.019417862207853187,2125526,46.52205512114961,0.2937062937062937,71.66433566433567,PPML-FE + Caged comum
2026,PACIENCIA,Bercario,0,2263.0,5,5,0,0,2025,0.019417862207853187,2125526,901.1908050405295,0.2891670263271472,654.3849805783341,PPML-FE + Caged comum
2026,PACIENCIA,Maternal I,0,1210.0,5,0,5,0,2025,0.019417862207853187,2125526,725.611820251602,0.539568345323741,652.8776978417266,PPML-FE + Caged comum
2026,PACIENCIA,Maternal II,0,1251.0,5,0,0,5,2025,0.019417862207853187,2125526,367.8967451300109,0.25886524822695034,323.8404255319149,PPML-FE + Caged comum
2026,PADRE MIGUEL,Bercario,0,1043.0,5,5,0,0,2025,0.019417862207853187,2125526,261.1240172438889,0.17478510028653296,182.3008595988539,PPML-FE + Caged comum
2026,PADRE MIGUEL,Maternal I,0,547.0,5,0,5,0,2025,0.019417862207853187,2125526,206.22277041741054,0.3392156862745098,185.55098039215687,PPML-FE + Caged comum
2026,PADRE MIGUEL,Maternal II,0,510.0,5,0,0,5,2025,0.019417862207853187,2125526,94.29075735477691,0.16556291390728478,84.43708609271523,PPML-FE + Caged comum
2026,PAQUETA,Bercario,0,47.0,5,5,0,0,2025,0.019417862207853187,2125526,15.769176516919,0.6190476190476191,29.095238095238095,PPML-FE + Caged comum
2026,PAQUETA,Maternal I,0,25.0,5,0,5,0,2025,0.019417862207853187,2125526,12.631006128347863,0.2727272727272727,6.8181818181818175,PPML-FE + Caged comum
2026,PAQUETA,Maternal II,0,33.0,5,0,0,5,2025,0.019417862207853187,2125526,8.176388795751462,0.47619047619047616,15.714285714285714,PPML-FE + Caged comum
2026,PARADA LUCAS,Bercario,0,523.0,5,5,0,0,2025,0.019417862207853187,2125526,107.24787593543036,0.2045028142589118,106.95497185741088,PPML-FE + Caged comum
2026,PARADA LUCAS,Maternal I,0,273.0,5,0,5,0,2025,0.019417862207853187,2125526,84.30172053525654,0.20714285714285716,56.550000000000004,PPML-FE + Caged comum
2026,PARADA LUCAS,Maternal II,0,280.0,5,0,0,5,2025,0.019417862207853187,2125526,42.40152533651977,0.11217948717948718,31.410256410256412,PPML-FE + Caged comum
2026,PARQUE ANCHIETA,Bercario,0,329.0,5,5,0,0,2025,0.019417862207853187,2125526,87.78205591227966,0.12680115273775217,41.71757925072046,PPML-FE + Caged comum
2026,PARQUE ANCHIETA,Maternal I,0,171.0,5,0,5,0,2025,0.019417862207853187,2125526,68.70569561884514,0.60431654676259,103.33812949640289,PPML-FE + Caged comum
2026,PARQUE ANCHIETA,Maternal II,0,139.0,5,0,0,5,2025,0.019417862207853187,2125526,27.38804850077042,0.1717171717171717,23.86868686868687,PPML-FE + Caged comum
2026,PARQUE COLUMBIA,Bercario,0,158.0,5,5,0,0,2025,0.019417862207853187,2125526,42.71755292862823,0.13612565445026178,21.50785340314136,PPML-FE + Caged comum
2026,PARQUE COLUMBIA,Maternal I,0,114.0,5,0,5,0,2025,0.019417862207853187,2125526,46.41313575250429,0.35,39.9,PPML-FE + Caged comum
2026,PARQUE COLUMBIA,Maternal II,0,20.0,5,0,0,5,2025,0.019417862207853187,2125526,3.993150812126073,0.08928571428571429,1.7857142857142858,PPML-FE + Caged comum
2026,PAVUNA,Bercario,0,1790.0,5,5,0,0,2025,0.019417862207853187,2125526,613.7091398300572,0.22426868905742145,401.4409534127844,PPML-FE + Caged comum
2026,PAVUNA,Maternal I,0,980.0,5,0,5,0,2025,0.019417862207853187,2125526,505.9672610153909,0.4338235294117647,425.14705882352945,PPML-FE + Caged comum
2026,PAVUNA,Maternal II,0,816.0,5,0,0,5,2025,0.019417862207853187,2125526,206.6027780266533,0.16324324324324324,133.20648648648648,PPML-FE + Caged comum
2026,PECHINCHA,Bercario,0,629.0,5,5,0,0,2025,0.019417862207853187,2125526,83.87517925735204,0.09798270893371758,61.63112391930836,PPML-FE + Caged comum
2026,PECHINCHA,Maternal I,0,396.0,5,0,5,0,2025,0.019417862207853187,2125526,79.51787805524002,0.17321016166281755,68.59122401847576,PPML-FE + Caged comum
2026,PECHINCHA,Maternal II,0,433.0,5,0,0,5,2025,0.019417862207853187,2125526,42.639013685131694,0.06336088154269973,27.435261707988982,PPML-FE + Caged comum
2026,PEDRA GUARATIBA,Bercario,0,337.0,5,5,0,0,2025,0.019417862207853187,2125526,62.11503213956457,0.3016304347826087,101.64945652173914,PPML-FE + Caged comum
2026,PEDRA GUARATIBA,Maternal I,0,220.0,5,0,5,0,2025,0.019417862207853187,2125526,61.06273813316722,0.15283842794759825,33.624454148471614,PPML-FE + Caged comum
2026,PEDRA GUARATIBA,Maternal II,0,458.0,5,0,0,5,2025,0.019417862207853187,2125526,62.340277232752335,0.12614678899082568,57.77522935779816,PPML-FE + Caged comum
2026,PENHA,Bercario,0,1179.0,5,5,0,0,2025,0.019417862207853187,2125526,291.01429073025486,0.24798061389337642,292.3691437802908,PPML-FE + Caged comum
2026,PENHA,Maternal I,0,651.0,5,0,5,0,2025,0.019417862207853187,2125526,241.97376403759986,0.3048951048951049,198.4867132867133,PPML-FE + Caged comum
2026,PENHA,Maternal II,0,715.0,5,0,0,5,2025,0.019417862207853187,2125526,130.3295785406527,0.14565826330532214,104.14565826330534,PPML-FE + Caged comum
2026,PENHA CIRCULAR,Bercario,0,727.0,5,5,0,0,2025,0.019417862207853187,2125526,191.72713368958128,0.26728723404255317,194.31781914893617,PPML-FE + Caged comum
2026,PENHA CIRCULAR,Maternal I,0,399.0,5,0,5,0,2025,0.019417862207853187,2125526,158.45605706524893,0.2916666666666667,116.37500000000001,PPML-FE + Caged comum
2026,PENHA CIRCULAR,Maternal II,0,360.0,5,0,0,5,2025,0.019417862207853187,2125526,70.11131413897239,0.1227154046997389,44.177545691906005,PPML-FE + Caged comum
2026,PIEDADE,Bercario,0,665.0,5,5,0,0,2025,0.019417862207853187,2125526,175.91857707078617,0.1753155680224404,116.58485273492286,PPML-FE + Caged comum
2026,PIEDADE,Maternal I,0,375.0,5,0,5,0,2025,0.019417862207853187,2125526,149.38538354815378,0.484149855907781,181.55619596541786,PPML-FE + Caged comum
2026,PIEDADE,Maternal II,0,347.0,5,0,0,5,2025,0.019417862207853187,2125526,67.78849169948356,0.1983695652173913,68.83423913043478,PPML-FE + Caged comum
2026,PILARES,Bercario,0,392.0,5,5,0,0,2025,0.019417862207853187,2125526,121.01341817687711,0.29069767441860467,113.95348837209303,PPML-FE + Caged comum
2026,PILARES,Maternal I,0,230.0,5,0,5,0,2025,0.019417862207853187,2125526,106.92077002676493,0.43231441048034935,99.43231441048034,PPML-FE + Caged comum
2026,PILARES,Maternal II,0,229.0,5,0,0,5,2025,0.019417862207853187,2125526,52.20587528076319,0.23809523809523808,54.52380952380952,PPML-FE + Caged comum
2026,PITANGUEIRAS,Bercario,0,167.0,5,5,0,0,2025,0.019417862207853187,2125526,27.639272935416123,0.1092896174863388,18.251366120218577,PPML-FE + Caged comum
2026,PITANGUEIRAS,Maternal I,0,97.0,5,0,5,0,2025,0.019417862207853187,2125526,24.175121093849825,0.30337078651685395,29.426966292134832,PPML-FE + Caged comum
2026,PITANGUEIRAS,Maternal II,0,89.0,5,0,0,5,2025,0.019417862207853187,2125526,10.877687747810144,0.13333333333333333,11.866666666666667,PPML-FE + Caged comum
2026,PORTUGUESA,Bercario,0,248.0,5,5,0,0,2025,0.019417862207853187,2125526,62.93111369013902,0.21428571428571427,53.14285714285714,PPML-FE + Caged comum
2026,PORTUGUESA,Maternal I,0,152.0,5,0,5,0,2025,0.019417862207853187,2125526,58.082340053641055,0.24025974025974026,36.51948051948052,PPML-FE + Caged comum
2026,PORTUGUESA,Maternal II,0,154.0,5,0,0,5,2025,0.019417862207853187,2125526,28.858310070227205,0.11875,18.287499999999998,PPML-FE + Caged comum
2026,PRACA BANDEIRA,Bercario,0,108.0,5,5,0,0,2025,0.019417862207853187,2125526,21.351563424852852,0.05309734513274336,5.734513274336283,PPML-FE + Caged comum
2026,PRACA BANDEIRA,Maternal I,0,62.0,5,0,5,0,2025,0.019417862207853187,2125526,18.457989533165918,0.2833333333333333,17.566666666666666,PPML-FE + Caged comum
2026,PRACA BANDEIRA,Maternal II,0,60.0,5,0,0,5,2025,0.019417862207853187,2125526,8.759788361515149,0.08571428571428572,5.142857142857143,PPML-FE + Caged comum
2026,PRACA SECA,Bercario,0,1105.0,5,5,0,0,2025,0.019417862207853187,2125526,318.8668731149939,0.26175687666370895,289.2413487133984,PPML-FE + Caged comum
2026,PRACA SECA,Maternal I,0,607.0,5,0,5,0,2025,0.019417862207853187,2125526,263.7682977305988,0.3926056338028169,238.31161971830986,PPML-FE + Caged comum
2026,PRACA SECA,Maternal II,0,568.0,5,0,0,5,2025,0.019417862207853187,2125526,121.0408315357211,0.17638266068759342,100.18535127055307,PPML-FE + Caged comum
2026,PRAIA BANDEIRA,Bercario,0,75.0,5,5,0,0,2025,0.019417862207853187,2125526,14.229984894899028,0.08974358974358974,6.730769230769231,PPML-FE + Caged comum
2026,PRAIA BANDEIRA,Maternal I,0,40.0,5,0,5,0,2025,0.019417862207853187,2125526,11.42851881268783,0.375,15.0,PPML-FE + Caged comum
2026,PRAIA BANDEIRA,Maternal II,0,16.0,5,0,0,5,2025,0.019417862207853187,2125526,2.2418140993817675,0.0,0.0,PPML-FE + Caged comum
2026,QUINTINO BOCAIUVA,Bercario,0,418.0,5,5,0,0,2025,0.019417862207853187,2125526,100.31656189622205,0.10904872389791183,45.582366589327144,PPML-FE + Caged comum
2026,QUINTINO BOCAIUVA,Maternal I,0,219.0,5,0,5,0,2025,0.019417862207853187,2125526,79.14568695136502,0.45267489711934156,99.1358024691358,PPML-FE + Caged comum
2026,QUINTINO BOCAIUVA,Maternal II,0,243.0,5,0,0,5,2025,0.019417862207853187,2125526,43.06644951016265,0.2936170212765957,71.34893617021277,PPML-FE + Caged comum
2026,RAMOS,Bercario,0,858.0,5,5,0,0,2025,0.019417862207853187,2125526,308.7639131456932,0.46613995485327314,399.94808126410834,PPML-FE + Caged comum
2026,RAMOS,Maternal I,0,507.0,5,0,5,0,2025,0.019417862207853187,2125526,274.74765120049994,0.4262485481997677,216.10801393728224,PPML-FE + Caged comum
2026,RAMOS,Maternal II,0,861.0,5,0,0,5,2025,0.019417862207853187,2125526,228.8120214154809,0.2803738317757009,241.4018691588785,PPML-FE + Caged comum
2026,REALENGO,Bercario,0,2915.0,5,5,0,0,2025,0.019417862207853187,2125526,856.4634736072641,0.22146562905317768,645.572308690013,PPML-FE + Caged comum
2026,REALENGO,Maternal I,0,1620.0,5,0,5,0,2025,0.019417862207853187,2125526,716.7572291482567,0.35798816568047337,579.9408284023668,PPML-FE + Caged comum
2026,REALENGO,Maternal II,0,1690.0,5,0,0,5,2025,0.019417862207853187,2125526,366.68524039867737,0.19872136387852957,335.83910495471497,PPML-FE + Caged comum
2026,RECREIO BANDEIRANTES,Bercario,0,2436.0,5,5,0,0,2025,0.019417862207853187,2125526,366.187527708637,0.07967145790554415,194.07967145790556,PPML-FE + Caged comum
2026,RECREIO BANDEIRANTES,Maternal I,0,1258.0,5,0,5,0,2025,0.019417862207853187,2125526,284.76963977440926,0.1608761329305136,202.3821752265861,PPML-FE + Caged comum
2026,RECREIO BANDEIRANTES,Maternal II,0,1324.0,5,0,0,5,2025,0.019417862207853187,2125526,146.97744288325364,0.07563636363636364,100.14254545454546,PPML-FE + Caged comum
2026,RIACHUELO,Bercario,0,127.0,5,5,0,0,2025,0.019417862207853187,2125526,25.54294887753907,0.24285714285714285,30.84285714285714,PPML-FE + Caged comum
2026,RIACHUELO,Maternal I,0,76.0,5,0,5,0,2025,0.019417862207853187,2125526,23.018005314807695,0.2222222222222222,16.88888888888889,PPML-FE + Caged comum
2026,RIACHUELO,Maternal II,0,63.0,5,0,0,5,2025,0.019417862207853187,2125526,9.357165277047775,0.09090909090909091,5.7272727272727275,PPML-FE + Caged comum
2026,RIBEIRA,Bercario,0,48.0,5,5,0,0,2025,0.019417862207853187,2125526,9.561494369260313,0.13043478260869565,6.260869565217391,PPML-FE + Caged comum
2026,RIBEIRA,Maternal I,0,20.0,5,0,5,0,2025,0.019417862207853187,2125526,5.99931012113148,0.19047619047619047,3.8095238095238093,PPML-FE + Caged comum
2026,RIBEIRA,Maternal II,0,21.0,5,0,0,5,2025,0.019417862207853187,2125526,3.0891590477245865,0.047619047619047616,1.0,PPML-FE + Caged comum
2026,RICARDO ALBUQUERQUE,Bercario,0,490.0,5,5,0,0,2025,0.019417862207853187,2125526,176.9031147816963,0.21643286573146292,106.05210420841684,PPML-FE + Caged comum
2026,RICARDO ALBUQUERQUE,Maternal I,0,269.0,5,0,5,0,2025,0.019417862207853187,2125526,146.24413571438632,0.486013986013986,130.73776223776224,PPML-FE + Caged comum
2026,RICARDO ALBUQUERQUE,Maternal II,0,286.0,5,0,0,5,2025,0.019417862207853187,2125526,76.25035512857917,0.3054662379421222,87.36334405144694,PPML-FE + Caged comum
2026,RIO COMPRIDO,Bercario,0,700.0,5,5,0,0,2025,0.019417862207853187,2125526,232.66019919992686,0.3079136690647482,215.53956834532374,PPML-FE + Caged comum
2026,RIO COMPRIDO,Maternal I,0,343.0,5,0,5,0,2025,0.019417862207853187,2125526,171.67416990616496,0.29396984924623115,100.83165829145729,PPML-FE + Caged comum
2026,RIO COMPRIDO,Maternal II,0,398.0,5,0,0,5,2025,0.019417862207853187,2125526,97.68852799271018,0.19270833333333334,76.69791666666667,PPML-FE + Caged comum
2026,ROCHA,Bercario,0,318.0,5,5,0,0,2025,0.019417862207853187,2125526,97.40279224178747,0.3116438356164384,99.10273972602741,PPML-FE + Caged comum
2026,ROCHA,Maternal I,0,155.0,5,0,5,0,2025,0.019417862207853187,2125526,71.49287559397405,0.20967741935483872,32.5,PPML-FE + Caged comum
2026,ROCHA,Maternal II,0,186.0,5,0,0,5,2025,0.019417862207853187,2125526,42.07204952945871,0.1282051282051282,23.846153846153843,PPML-FE + Caged comum
2026,ROCHA MIRANDA,Bercario,0,691.0,5,5,0,0,2025,0.019417862207853187,2125526,192.8639895913722,0.23342541436464087,161.29696132596683,PPML-FE + Caged comum
2026,ROCHA MIRANDA,Maternal I,0,358.0,5,0,5,0,2025,0.019417862207853187,2125526,150.46756958761713,0.3388888888888889,121.32222222222222,PPML-FE + Caged comum
2026,ROCHA MIRANDA,Maternal II,0,360.0,5,0,0,5,2025,0.019417862207853187,2125526,74.20138944001177,0.22972972972972974,82.70270270270271,PPML-FE + Caged comum
2026,ROCINHA,Bercario,0,1375.0,5,5,0,0,2025,0.019417862207853187,2125526,240.85953373820934,0.23117076808351977,317.85980611483967,PPML-FE + Caged comum
2026,ROCINHA,Maternal I,0,657.0,5,0,5,0,2025,0.019417862207853187,2125526,173.3058781251867,0.3619047619047619,237.77142857142857,PPML-FE + Caged comum
2026,ROCINHA,Maternal II,0,735.0,5,0,0,5,2025,0.019417862207853187,2125526,95.07906890704876,0.20448179271708683,150.2941176470588,PPML-FE + Caged comum
2026,SAMPAIO,Bercario,0,201.0,5,5,0,0,2025,0.019417862207853187,2125526,67.17360861505061,0.41363636363636364,83.14090909090909,PPML-FE + Caged comum
2026,SAMPAIO,Maternal I,0,117.0,5,0,5,0,2025,0.019417862207853187,2125526,58.88101182042451,0.296875,34.734375,PPML-FE + Caged comum
2026,SAMPAIO,Maternal II,0,128.0,5,0,0,5,2025,0.019417862207853187,2125526,31.589956629645236,0.14049586776859505,17.983471074380166,PPML-FE + Caged comum
2026,SANTA CRUZ,Bercario,0,6118.0,5,5,0,0,2025,0.019417862207853187,2125526,1873.4934050202623,0.3136897864591955,1919.154113557358,PPML-FE + Caged comum
2026,SANTA CRUZ,Maternal I,0,3109.0,5,0,5,0,2025,0.019417862207853187,2125526,1433.6733043542943,0.44969850841002856,1398.1126626467787,PPML-FE + Caged comum
2026,SANTA CRUZ,Maternal II,0,3151.0,5,0,0,5,2025,0.019417862207853187,2125526,712.5700048415886,0.20204081632653062,636.630612244898,PPML-FE + Caged comum
2026,SANTA TERESA,Bercario,0,609.0,5,5,0,0,2025,0.019417862207853187,2125526,200.4991038425857,0.29983525535420097,182.5996705107084,PPML-FE + Caged comum
2026,SANTA TERESA,Maternal I,0,313.0,5,0,5,0,2025,0.019417862207853187,2125526,155.176610444048,0.3522727272727273,110.26136363636364,PPML-FE + Caged comum
2026,SANTA TERESA,Maternal II,0,352.0,5,0,0,5,2025,0.019417862207853187,2125526,85.58038670380773,0.14713896457765668,51.792915531335154,PPML-FE + Caged comum
2026,SANTISSIMO,Bercario,0,953.0,5,5,0,0,2025,0.019417862207853187,2125526,358.25123764617206,0.27689243027888444,263.8784860557769,PPML-FE + Caged comum
2026,SANTISSIMO,Maternal I,0,521.0,5,0,5,0,2025,0.019417862207853187,2125526,294.9302388905909,0.5106382978723404,266.04255319148933,PPML-FE + Caged comum
2026,SANTISSIMO,Maternal II,0,517.0,5,0,0,5,2025,0.019417862207853187,2125526,143.52309124398187,0.19939577039274925,103.08761329305136,PPML-FE + Caged comum
2026,SANTO CRISTO,Bercario,0,244.0,5,5,0,0,2025,0.019417862207853187,2125526,75.16991062361588,0.3241106719367589,79.08300395256917,PPML-FE + Caged comum
2026,SANTO CRISTO,Maternal I,0,135.0,5,0,5,0,2025,0.019417862207853187,2125526,62.62889605218512,0.37748344370860926,50.96026490066225,PPML-FE + Caged comum
2026,SANTO CRISTO,Maternal II,0,151.0,5,0,0,5,2025,0.019417862207853187,2125526,34.35323123807901,0.14367816091954022,21.695402298850574,PPML-FE + Caged comum
2026,SAO CONRADO,Bercario,0,157.0,5,5,0,0,2025,0.019417862207853187,2125526,22.389516720945814,0.13385826771653545,21.015748031496067,PPML-FE + Caged comum
2026,SAO CONRADO,Maternal I,0,56.0,5,0,5,0,2025,0.019417862207853187,2125526,12.025963309808214,0.011904761904761904,0.6666666666666666,PPML-FE + Caged comum
2026,SAO CONRADO,Maternal II,0,84.0,5,0,0,5,2025,0.019417862207853187,2125526,8.846282231028875,0.013157894736842105,1.1052631578947367,PPML-FE + Caged comum
2026,SAO CRISTOVAO,Bercario,0,547.0,5,5,0,0,2025,0.019417862207853187,2125526,200.0780503517195,0.43859649122807015,239.91228070175438,PPML-FE + Caged comum
2026,SAO CRISTOVAO,Maternal I,0,307.0,5,0,5,0,2025,0.019417862207853187,2125526,169.0975348739648,0.3767441860465116,115.66046511627907,PPML-FE + Caged comum
2026,SAO CRISTOVAO,Maternal II,0,430.0,5,0,0,5,2025,0.019417862207853187,2125526,116.1494115644161,0.17954545454545454,77.20454545454545,PPML-FE + Caged comum
2026,SAO FRANCISCO XAVIER,Bercario,0,108.0,5,5,0,0,2025,0.019417862207853187,2125526,25.138325565220203,0.18181818181818182,19.636363636363637,PPML-FE + Caged comum
2026,SAO FRANCISCO XAVIER,Maternal I,0,49.0,5,0,5,0,2025,0.019417862207853187,2125526,17.174948817745776,0.35,17.15,PPML-FE + Caged comum
2026,SAO FRANCISCO XAVIER,Maternal II,0,60.0,5,0,0,5,2025,0.019417862207853187,2125526,10.313362414383116,0.10909090909090909,6.545454545454545,PPML-FE + Caged comum
2026,SAUDE,Bercario,0,34.0,5,5,0,0,2025,0.019417862207853187,2125526,7.299821077437367,0.12962962962962962,4.407407407407407,PPML-FE + Caged comum
2026,SAUDE,Maternal I,0,33.0,5,0,5,0,2025,0.019417862207853187,2125526,10.669253125999843,0.2631578947368421,8.68421052631579,PPML-FE + Caged comum
2026,SAUDE,Maternal II,0,19.0,5,0,0,5,2025,0.019417862207853187,2125526,3.0124742078013553,0.0625,1.1875,PPML-FE + Caged comum
2026,SENADOR CAMARA,Bercario,0,1966.0,5,5,0,0,2025,0.019417862207853187,2125526,637.2977674028193,0.17189030362389815,337.93633692458377,PPML-FE + Caged comum
2026,SENADOR CAMARA,Maternal I,0,1070.0,5,0,5,0,2025,0.019417862207853187,2125526,522.3113240801566,0.37095363079615046,396.920384951881,PPML-FE + Caged comum
2026,SENADOR CAMARA,Maternal II,0,1143.0,5,0,0,5,2025,0.019417862207853187,2125526,273.6160391843059,0.25602660016625106,292.638403990025,PPML-FE + Caged comum
2026,SENADOR VASCONCELOS,Bercario,0,601.0,5,5,0,0,2025,0.019417862207853187,2125526,234.36907825696912,0.22982456140350876,138.12456140350878,PPML-FE + Caged comum
2026,SENADOR VASCONCELOS,Maternal I,0,267.0,5,0,5,0,2025,0.019417862207853187,2125526,156.79199349259972,0.5098039215686274,136.1176470588235,PPML-FE + Caged comum
2026,SENADOR VASCONCELOS,Maternal II,0,306.0,5,0,0,5,2025,0.019417862207853187,2125526,88.12186995930142,0.2134502923976608,65.3157894736842,PPML-FE + Caged comum
2026,SEPETIBA,Bercario,0,1429.0,5,5,0,0,2025,0.019417862207853187,2125526,493.3315980305519,0.4567143830947512,652.6448534423995,PPML-FE + Caged comum
2026,SEPETIBA,Maternal I,0,770.0,5,0,5,0,2025,0.019417862207853187,2125526,400.29872786215105,0.4481792717086835,345.0980392156863,PPML-FE + Caged comum
2026,SEPETIBA,Maternal II,0,714.0,5,0,0,5,2025,0.019417862207853187,2125526,182.02932301719972,0.2857142857142857,204.0,PPML-FE + Caged comum
2026,TANQUE,Bercario,0,806.0,5,5,0,0,2025,0.019417862207853187,2125526,280.97099220474485,0.2720496894409938,219.272049689441,PPML-FE + Caged comum
2026,TANQUE,Maternal I,0,384.0,5,0,5,0,2025,0.019417862207853187,2125526,201.57861093869795,0.5459317585301837,209.63779527559055,PPML-FE + Caged comum
2026,TANQUE,Maternal II,0,381.0,5,0,0,5,2025,0.019417862207853187,2125526,98.08167114437735,0.20361990950226244,77.57918552036199,PPML-FE + Caged comum
2026,TAQUARA,Bercario,0,1942.0,5,5,0,0,2025,0.019417862207853187,2125526,483.14581101617307,0.21339113680154143,414.40558766859345,PPML-FE + Caged comum
2026,TAQUARA,Maternal I,0,1106.0,5,0,5,0,2025,0.019417862207853187,2125526,414.35339384211176,0.2782874617737003,307.7859327217125,PPML-FE + Caged comum
2026,TAQUARA,Maternal II,0,1308.0,5,0,0,5,2025,0.019417862207853187,2125526,240.31073666835547,0.16189000774593337,211.75213013168084,PPML-FE + Caged comum
2026,TAUA,Bercario,0,436.0,5,5,0,0,2025,0.019417862207853187,2125526,128.61648996901343,0.26605504587155965,116.0,PPML-FE + Caged comum
2026,TAUA,Maternal I,0,226.0,5,0,5,0,2025,0.019417862207853187,2125526,100.39345108191087,0.3627450980392157,81.98039215686275,PPML-FE + Caged comum
2026,TAUA,Maternal II,0,204.0,5,0,0,5,2025,0.019417862207853187,2125526,44.4402782271292,0.14122137404580154,28.809160305343514,PPML-FE + Caged comum
2026,TIJUCA,Bercario,0,1839.0,5,5,0,0,2025,0.019417862207853187,2125526,295.46895637050864,0.14856557377049182,273.2120901639345,PPML-FE + Caged comum
2026,TIJUCA,Maternal I,0,1042.0,5,0,5,0,2025,0.019417862207853187,2125526,252.10683976624392,0.14800389483933787,154.22005842259006,PPML-FE + Caged comum
2026,TIJUCA,Maternal II,0,1027.0,5,0,0,5,2025,0.019417862207853187,2125526,121.85322012218569,0.05711422845691383,58.6563126252505,PPML-FE + Caged comum
2026,TODOS OS SANTOS,Bercario,0,263.0,5,5,0,0,2025,0.019417862207853187,2125526,37.37570865125373,0.055762081784386616,14.66542750929368,PPML-FE + Caged comum
2026,TODOS OS SANTOS,Maternal I,0,142.0,5,0,5,0,2025,0.019417862207853187,2125526,30.388468416960215,0.14285714285714285,20.285714285714285,PPML-FE + Caged comum
2026,TODOS OS SANTOS,Maternal II,0,140.0,5,0,0,5,2025,0.019417862207853187,2125526,14.692583271697282,0.07534246575342465,10.54794520547945,PPML-FE + Caged comum
2026,TOMAS COELHO,Bercario,0,401.0,5,5,0,0,2025,0.019417862207853187,2125526,128.90219933679646,0.2311212814645309,92.67963386727689,PPML-FE + Caged comum
2026,TOMAS COELHO,Maternal I,0,230.0,5,0,5,0,2025,0.019417862207853187,2125526,111.3347071943568,0.34782608695652173,80.0,PPML-FE + Caged comum
2026,TOMAS COELHO,Maternal II,0,230.0,5,0,0,5,2025,0.019417862207853187,2125526,54.598439314322064,0.15234375,35.0390625,PPML-FE + Caged comum
2026,TURIACU,Bercario,0,269.0,5,5,0,0,2025,0.019417862207853187,2125526,79.77436288604633,0.21933085501858737,59.0,PPML-FE + Caged comum
2026,TURIACU,Maternal I,0,140.0,5,0,5,0,2025,0.019417862207853187,2125526,62.520994934735725,0.24675324675324675,34.54545454545455,PPML-FE + Caged comum
2026,TURIACU,Maternal II,0,154.0,5,0,0,5,2025,0.019417862207853187,2125526,33.72626306046504,0.1506849315068493,23.205479452054792,PPML-FE + Caged comum
2026,URCA,Bercario,0,93.0,5,5,0,0,2025,0.019417862207853187,2125526,15.704861369904515,0.05,4.65,PPML-FE + Caged comum
2026,URCA,Maternal I,0,38.0,5,0,5,0,2025,0.019417862207853187,2125526,9.663212626147208,0.12,4.56,PPML-FE + Caged comum
2026,URCA,Maternal II,0,50.0,5,0,0,5,2025,0.019417862207853187,2125526,6.2353035493456135,0.0425531914893617,2.127659574468085,PPML-FE + Caged comum
2026,VARGEM GRANDE,Bercario,0,494.0,5,5,0,0,2025,0.019417862207853187,2125526,117.69893091076923,0.2682926829268293,132.53658536585365,PPML-FE + Caged comum
2026,VARGEM GRANDE,Maternal I,0,292.0,5,0,5,0,2025,0.019417862207853187,2125526,104.76475485327428,0.2913907284768212,85.08609271523179,PPML-FE + Caged comum
2026,VARGEM GRANDE,Maternal II,0,302.0,5,0,0,5,2025,0.019417862207853187,2125526,53.13601122215259,0.25,75.5,PPML-FE + Caged comum
2026,VARGEM PEQUENA,Bercario,0,667.0,5,5,0,0,2025,0.019417862207853187,2125526,134.33095546442985,0.1648793565683646,109.9745308310992,PPML-FE + Caged comum
2026,VARGEM PEQUENA,Maternal I,0,408.0,5,0,5,0,2025,0.019417862207853187,2125526,123.7363250738919,0.2328767123287671,95.01369863013699,PPML-FE + Caged comum
2026,VARGEM PEQUENA,Maternal II,0,365.0,5,0,0,5,2025,0.019417862207853187,2125526,54.28496625851062,0.16879795396419436,61.611253196930946,PPML-FE + Caged comum
2026,VASCO GAMA,Bercario,0,264.0,5,5,0,0,2025,0.019417862207853187,2125526,52.22548495795599,0.08290155440414508,21.8860103626943,PPML-FE + Caged comum
2026,VASCO GAMA,Maternal I,0,59.0,5,0,5,0,2025,0.019417862207853187,2125526,17.57589084543213,0.631578947368421,37.26315789473684,PPML-FE + Caged comum
2026,VASCO GAMA,Maternal II,0,19.0,5,0,0,5,2025,0.019417862207853187,2125526,2.7756748697712106,0.08536585365853659,1.6219512195121952,PPML-FE + Caged comum
2026,VAZ LOBO,Bercario,0,269.0,5,5,0,0,2025,0.019417862207853187,2125526,84.71402440077755,0.23958333333333334,64.44791666666667,PPML-FE + Caged comum
2026,VAZ LOBO,Maternal I,0,155.0,5,0,5,0,2025,0.019417862207853187,2125526,73.50578371671142,0.3419354838709677,53.0,PPML-FE + Caged comum
2026,VAZ LOBO,Maternal II,0,155.0,5,0,0,5,2025,0.019417862207853187,2125526,36.047169590184836,0.18518518518518517,28.703703703703702,PPML-FE + Caged comum
2026,VICENTE CARVALHO,Bercario,0,350.0,5,5,0,0,2025,0.019417862207853187,2125526,102.84292959793996,0.22994652406417113,80.4812834224599,PPML-FE + Caged comum
2026,VICENTE CARVALHO,Maternal I,0,207.0,5,0,5,0,2025,0.019417862207853187,2125526,91.59326092264185,0.31063829787234043,64.30212765957447,PPML-FE + Caged comum
2026,VICENTE CARVALHO,Maternal II,0,235.0,5,0,0,5,2025,0.019417862207853187,2125526,50.993015542203665,0.14864864864864866,34.932432432432435,PPML-FE + Caged comum
2026,VIDIGAL,Bercario,0,272.0,5,5,0,0,2025,0.019417862207853187,2125526,94.77629207872765,0.36,97.92,PPML-FE + Caged comum
2026,VIDIGAL,Maternal I,0,182.0,5,0,5,0,2025,0.019417862207853187,2125526,95.49683501603758,0.42105263157894735,76.63157894736841,PPML-FE + Caged comum
2026,VIDIGAL,Maternal II,0,152.0,5,0,0,5,2025,0.019417862207853187,2125526,39.112073072679316,0.13609467455621302,20.68639053254438,PPML-FE + Caged comum
2026,VIGARIO GERAL,Bercario,0,753.0,5,5,0,0,2025,0.019417862207853187,2125526,208.43820025172116,0.2112676056338028,159.0845070422535,PPML-FE + Caged comum
2026,VIGARIO GERAL,Maternal I,0,390.0,5,0,5,0,2025,0.019417862207853187,2125526,162.56749957016544,0.4582210242587601,178.70619946091645,PPML-FE + Caged comum
2026,VIGARIO GERAL,Maternal II,0,371.0,5,0,0,5,2025,0.019417862207853187,2125526,75.83901538202991,0.15876777251184834,58.90284360189573,PPML-FE + Caged comum
2026,VILA ISABEL,Bercario,0,861.0,5,5,0,0,2025,0.019417862207853187,2125526,167.84859700855296,0.20705346985210465,178.2730375426621,PPML-FE + Caged comum
2026,VILA ISABEL,Maternal I,0,460.0,5,0,5,0,2025,0.019417862207853187,2125526,135.0389884910582,0.17536534446764093,80.66805845511483,PPML-FE + Caged comum
2026,VILA ISABEL,Maternal II,0,479.0,5,0,0,5,2025,0.019417862207853187,2125526,68.95829505448623,0.08630393996247655,41.33958724202627,PPML-FE + Caged comum
2026,VILA KENNEDY,Bercario,0,423.0,5,5,0,0,2025,0.019417862207853187,2125526,31.02874249940038,0.001976284584980237,0.8359683794466403,PPML-FE + Caged comum
2026,VILA KENNEDY,Maternal I,0,277.0,5,0,5,0,2025,0.019417862207853187,2125526,30.59781098614491,0.045454545454545456,12.590909090909092,PPML-FE + Caged comum
2026,VILA KENNEDY,Maternal II,0,44.0,5,0,0,5,2025,0.019417862207853187,2125526,2.383487739596411,0.0,0.0,PPML-FE + Caged comum
2026,VILA KOSMOS,Bercario,0,202.0,5,5,0,0,2025,0.019417862207853187,2125526,61.01245847516635,0.16748768472906403,33.83251231527093,PPML-FE + Caged comum
2026,VILA KOSMOS,Maternal I,0,115.0,5,0,5,0,2025,0.019417862207853187,2125526,52.306032161490826,0.37962962962962965,43.65740740740741,PPML-FE + Caged comum
2026,VILA KOSMOS,Maternal II,0,108.0,5,0,0,5,2025,0.019417862207853187,2125526,24.089475766448057,0.14634146341463414,15.804878048780488,PPML-FE + Caged comum
2026,VILA MILITAR,Bercario,0,241.0,5,5,0,0,2025,0.019417862207853187,2125526,32.14835752119738,0.022388059701492536,5.395522388059701,PPML-FE + Caged comum
2026,VILA MILITAR,Maternal I,0,151.0,5,0,5,0,2025,0.019417862207853187,2125526,30.33230921850433,0.12222222222222222,18.455555555555556,PPML-FE + Caged comum
2026,VILA MILITAR,Maternal II,0,90.0,5,0,0,5,2025,0.019417862207853187,2125526,8.865856429573437,0.11258278145695365,10.132450331125828,PPML-FE + Caged comum
2026,VILA PENHA,Bercario,0,251.0,5,5,0,0,2025,0.019417862207853187,2125526,45.59226269466734,0.22137404580152673,55.56488549618321,PPML-FE + Caged comum
2026,VILA PENHA,Maternal I,0,134.0,5,0,5,0,2025,0.019417862207853187,2125526,36.65295584631199,0.32298136645962733,43.27950310559006,PPML-FE + Caged comum
2026,VILA PENHA,Maternal II,0,161.0,5,0,0,5,2025,0.019417862207853187,2125526,21.59631924440516,0.08791208791208792,14.153846153846155,PPML-FE + Caged comum
2026,VILA VALQUEIRE,Bercario,0,556.0,5,5,0,0,2025,0.019417862207853187,2125526,116.06780359473923,0.15034965034965034,83.59440559440559,PPML-FE + Caged comum
2026,VILA VALQUEIRE,Maternal I,0,285.0,5,0,5,0,2025,0.019417862207853187,2125526,89.59187281227753,0.33223684210526316,94.6875,PPML-FE + Caged comum
2026,VILA VALQUEIRE,Maternal II,0,304.0,5,0,0,5,2025,0.019417862207853187,2125526,46.86482461462447,0.16287878787878787,49.515151515151516,PPML-FE + Caged comum
2026,VISTA ALEGRE,Bercario,0,88.0,5,5,0,0,2025,0.019417862207853187,2125526,22.260629324654996,0.272,23.936,PPML-FE + Caged comum
2026,VISTA ALEGRE,Maternal I,0,75.0,5,0,5,0,2025,0.019417862207853187,2125526,28.56951118140327,0.32727272727272727,24.545454545454547,PPML-FE + Caged comum
2026,VISTA ALEGRE,Maternal II,0,55.0,5,0,0,5,2025,0.019417862207853187,2125526,10.274339050625843,0.22413793103448276,12.327586206896552,PPML-FE + Caged comum
2026,ZUMBI,Bercario,0,36.0,5,5,0,0,2025,0.019417862207853187,2125526,7.314380198304715,0.2,7.2,PPML-FE + Caged comum
2026,ZUMBI,Maternal I,0,17.0,5,0,5,0,2025,0.019417862207853187,2125526,5.2012859691868,0.12,2.04,PPML-FE + Caged comum
2026,ZUMBI,Maternal II,0,25.0,5,0,0,5,2025,0.019417862207853187,2125526,3.7510381124027727,0.08695652173913043,2.1739130434782608,PPML-FE + Caged comum
2026,ABOLICAO,Bercario,0,125.0,5,5,0,0,2025,0.019417862207853187,2125526,26.5781794825946,0.1232876712328767,15.410958904109588,PPML-FE + Caged x grupo
2026,ABOLICAO,Maternal I,0,76.0,5,0,5,0,2025,0.019417862207853187,2125526,23.523513865735723,0.5,38.0,PPML-FE + Caged x grupo
2026,ABOLICAO,Maternal II,0,78.0,5,0,0,5,2025,0.019417862207853187,2125526,11.521066474528899,0.14130434782608695,11.021739130434781,PPML-FE + Caged x grupo
2026,ACARI,Bercario,0,735.0,5,5,0,0,2025,0.019417862207853187,2125526,306.67581317597563,0.2607052896725441,191.6183879093199,PPML-FE + Caged x grupo
2026,ACARI,Maternal I,0,415.0,5,0,5,0,2025,0.019417862207853187,2125526,252.06565178184647,0.5872235872235873,243.6977886977887,PPML-FE + Caged x grupo
2026,ACARI,Maternal II,0,407.0,5,0,0,5,2025,0.019417862207853187,2125526,117.9694238892341,0.1984924623115578,80.78643216080403,PPML-FE + Caged x grupo
2026,AGUA SANTA,Bercario,0,115.0,5,5,0,0,2025,0.019417862207853187,2125526,27.11254746408099,0.09090909090909091,10.454545454545455,PPML-FE + Caged x grupo
2026,AGUA SANTA,Maternal I,0,54.0,5,0,5,0,2025,0.019417862207853187,2125526,18.532739931480464,0.2753623188405797,14.869565217391305,PPML-FE + Caged x grupo
2026,AGUA SANTA,Maternal II,0,69.0,5,0,0,5,2025,0.019417862207853187,2125526,11.30067639161469,0.1,6.9,PPML-FE + Caged x grupo
2026,ALTO BOA VISTA,Bercario,0,124.0,5,5,0,0,2025,0.019417862207853187,2125526,37.58966052634435,0.2792207792207792,34.62337662337662,PPML-FE + Caged x grupo
2026,ALTO BOA VISTA,Maternal I,0,99.0,5,0,5,0,2025,0.019417862207853187,2125526,43.68730952804681,0.45714285714285713,45.25714285714285,PPML-FE + Caged x grupo
2026,ALTO BOA VISTA,Maternal II,0,70.0,5,0,0,5,2025,0.019417862207853187,2125526,14.741022915341528,0.08823529411764706,6.176470588235294,PPML-FE + Caged x grupo
2026,ANCHIETA,Bercario,0,1148.0,5,5,0,0,2025,0.019417862207853187,2125526,362.7502684908425,0.2139261744966443,245.58724832214767,PPML-FE + Caged x grupo
2026,ANCHIETA,Maternal I,0,641.0,5,0,5,0,2025,0.019417862207853187,2125526,294.8473783575276,0.46112600536193027,295.5817694369973,PPML-FE + Caged x grupo
2026,ANCHIETA,Maternal II,0,746.0,5,0,0,5,2025,0.019417862207853187,2125526,163.75235135204102,0.260806916426513,194.56195965417868,PPML-FE + Caged x grupo
2026,ANDARAI,Bercario,0,438.0,5,5,0,0,2025,0.019417862207853187,2125526,92.54513918401764,0.19389978213507625,84.9281045751634,PPML-FE + Caged x grupo
2026,ANDARAI,Maternal I,0,237.0,5,0,5,0,2025,0.019417862207853187,2125526,72.89558657916933,0.19330855018587362,45.814126394052046,PPML-FE + Caged x grupo
2026,ANDARAI,Maternal II,0,269.0,5,0,0,5,2025,0.019417862207853187,2125526,39.48340924124039,0.08368200836820083,22.510460251046023,PPML-FE + Caged x grupo
2026,ANIL,Bercario,0,662.0,5,5,0,0,2025,0.019417862207853187,2125526,621.4850105626807,0.39444444444444443,261.1222222222222,PPML-FE + Caged x grupo
2026,ANIL,Maternal I,0,367.0,5,0,5,0,2025,0.019417862207853187,2125526,501.5475576027576,0.8656036446469249,317.67653758542144,PPML-FE + Caged x grupo
2026,ANIL,Maternal II,0,439.0,5,0,0,5,2025,0.019417862207853187,2125526,286.2991457119718,1.049095607235142,460.5529715762274,PPML-FE + Caged x grupo
2026,BANCARIOS,Bercario,0,256.0,5,5,0,0,2025,0.019417862207853187,2125526,77.55802850641005,0.316,80.896,PPML-FE + Caged x grupo
2026,BANCARIOS,Maternal I,0,123.0,5,0,5,0,2025,0.019417862207853187,2125526,54.245696983575876,0.21505376344086022,26.451612903225808,PPML-FE + Caged x grupo
2026,BANCARIOS,Maternal II,0,186.0,5,0,0,5,2025,0.019417862207853187,2125526,39.14556833273382,0.2446043165467626,45.49640287769784,PPML-FE + Caged x grupo
2026,BANGU,Bercario,0,3901.0,5,5,0,0,2025,0.019417862207853187,2125526,1384.4853190225724,0.25098425196850394,979.0895669291339,PPML-FE + Caged x grupo
2026,BANGU,Maternal I,0,2138.0,5,0,5,0,2025,0.019417862207853187,2125526,1104.5706316804042,0.34335635920357577,734.0958959772449,PPML-FE + Caged x grupo
2026,BANGU,Maternal II,0,2461.0,5,0,0,5,2025,0.019417862207853187,2125526,606.7459430358247,0.20786298170494355,511.5507979758661,PPML-FE + Caged x grupo
2026,BARRA GUARATIBA,Bercario,0,94.0,5,5,0,0,2025,0.019417862207853187,2125526,18.56926773677743,0.17699115044247787,16.63716814159292,PPML-FE + Caged x grupo
2026,BARRA GUARATIBA,Maternal I,0,71.0,5,0,5,0,2025,0.019417862207853187,2125526,20.41731643769739,0.22807017543859648,16.19298245614035,PPML-FE + Caged x grupo
2026,BARRA GUARATIBA,Maternal II,0,57.0,5,0,0,5,2025,0.019417862207853187,2125526,7.82212303945365,0.2112676056338028,12.04225352112676,PPML-FE + Caged x grupo
2026,BARRA OLIMPICA,Bercario,0,1025.0,5,5,0,0,2025,0.019417862207853187,2125526,219.1758676723546,0.13026819923371646,133.52490421455937,PPML-FE + Caged x grupo
2026,BARRA TIJUCA,Bercario,0,2259.0,5,5,0,0,2025,0.019417862207853187,2125526,128.243030201593,0.01758901758901759,39.73359073359074,PPML-FE + Caged x grupo
2026,BARRA TIJUCA,Maternal I,0,1168.0,5,0,5,0,2025,0.019417862207853187,2125526,96.52365743736408,0.07933884297520662,92.66776859504132,PPML-FE + Caged x grupo
2026,BARRA TIJUCA,Maternal II,0,1210.0,5,0,0,5,2025,0.019417862207853187,2125526,47.71838903016754,0.020066889632107024,24.2809364548495,PPML-FE + Caged x grupo
2026,BARROS FILHO,Bercario,0,361.0,5,5,0,0,2025,0.019417862207853187,2125526,117.23984361901515,0.2446043165467626,88.3021582733813,PPML-FE + Caged x grupo
2026,BARROS FILHO,Maternal I,0,222.0,5,0,5,0,2025,0.019417862207853187,2125526,104.95288703203681,0.3048128342245989,67.66844919786097,PPML-FE + Caged x grupo
2026,BARROS FILHO,Maternal II,0,187.0,5,0,0,5,2025,0.019417862207853187,2125526,42.18834588680089,0.20089285714285715,37.566964285714285,PPML-FE + Caged x grupo
2026,BENFICA,Bercario,0,603.0,5,5,0,0,2025,0.019417862207853187,2125526,309.64977549584563,0.3128491620111732,188.64804469273744,PPML-FE + Caged x grupo
2026,BENFICA,Maternal I,0,408.0,5,0,5,0,2025,0.019417862207853187,2125526,304.9909881245941,0.465625,189.975,PPML-FE + Caged x grupo
2026,BENFICA,Maternal II,0,320.0,5,0,0,5,2025,0.019417862207853187,2125526,114.15272901905598,0.2647058823529412,84.70588235294117,PPML-FE + Caged x grupo
2026,BENTO RIBEIRO,Bercario,0,590.0,5,5,0,0,2025,0.019417862207853187,2125526,153.42808616025607,0.16940789473684212,99.95065789473685,PPML-FE + Caged x grupo
2026,BENTO RIBEIRO,Maternal I,0,319.0,5,0,5,0,2025,0.019417862207853187,2125526,120.75828198738112,0.3787375415282392,120.8172757475083,PPML-FE + Caged x grupo
2026,BENTO RIBEIRO,Maternal II,0,301.0,5,0,0,5,2025,0.019417862207853187,2125526,54.37536867417434,0.18285714285714286,55.04,PPML-FE + Caged x grupo
2026,BONSUCESSO,Bercario,0,658.0,5,5,0,0,2025,0.019417862207853187,2125526,235.6791592073251,0.5667655786350149,372.9317507418398,PPML-FE + Caged x grupo
2026,BONSUCESSO,Maternal I,0,397.0,5,0,5,0,2025,0.019417862207853187,2125526,206.99467815833282,0.3436657681940701,136.43530997304583,PPML-FE + Caged x grupo
2026,BONSUCESSO,Maternal II,0,742.0,5,0,0,5,2025,0.019417862207853187,2125526,184.62140626359525,0.261986301369863,194.39383561643834,PPML-FE + Caged x grupo
2026,BOTAFOGO,Bercario,0,1069.0,5,5,0,0,2025,0.019417862207853187,2125526,112.95110824529405,0.10664172123479888,114.0,PPML-FE + Caged x grupo
2026,BOTAFOGO,Maternal I,0,528.0,5,0,5,0,2025,0.019417862207853187,2125526,81.21198025511093,0.13932980599647266,73.56613756613756,PPML-FE + Caged x grupo
2026,BOTAFOGO,Maternal II,0,567.0,5,0,0,5,2025,0.019417862207853187,2125526,41.61776111219269,0.04903677758318739,27.80385288966725,PPML-FE + Caged x grupo
2026,BRAS PINA,Bercario,0,725.0,5,5,0,0,2025,0.019417862207853187,2125526,160.4050199201289,0.2286096256684492,165.74197860962568,PPML-FE + Caged x grupo
2026,BRAS PINA,Maternal I,0,390.0,5,0,5,0,2025,0.019417862207853187,2125526,125.60818567410894,0.4580335731414868,178.63309352517985,PPML-FE + Caged x grupo
2026,BRAS PINA,Maternal II,0,417.0,5,0,0,5,2025,0.019417862207853187,2125526,64.09126843073108,0.1570796460176991,65.50221238938053,PPML-FE + Caged x grupo
2026,CACHAMBI,Bercario,0,556.0,5,5,0,0,2025,0.019417862207853187,2125526,81.02250581800635,0.13580246913580246,75.50617283950616,PPML-FE + Caged x grupo
2026,CACHAMBI,Maternal I,0,294.0,5,0,5,0,2025,0.019417862207853187,2125526,62.36653215212234,0.18627450980392157,54.76470588235294,PPML-FE + Caged x grupo
2026,CACHAMBI,Maternal II,0,306.0,5,0,0,5,2025,0.019417862207853187,2125526,30.976701331338372,0.05379746835443038,16.462025316455698,PPML-FE + Caged x grupo
2026,CACUIA,Bercario,0,167.0,5,5,0,0,2025,0.019417862207853187,2125526,38.77173462404547,0.18497109826589594,30.89017341040462,PPML-FE + Caged x grupo
2026,CACUIA,Maternal I,0,90.0,5,0,5,0,2025,0.019417862207853187,2125526,30.416879438177975,0.2808988764044944,25.280898876404496,PPML-FE + Caged x grupo
2026,CACUIA,Maternal II,0,89.0,5,0,0,5,2025,0.019417862207853187,2125526,14.353956636064023,0.3373493975903614,30.024096385542165,PPML-FE + Caged x grupo
2026,CAJU,Bercario,0,603.0,5,5,0,0,2025,0.019417862207853187,2125526,226.28625821785758,0.27751196172248804,167.3397129186603,PPML-FE + Caged x grupo
2026,CAJU,Maternal I,0,329.0,5,0,5,0,2025,0.019417862207853187,2125526,179.72568749043586,0.41389728096676737,136.17220543806647,PPML-FE + Caged x grupo
2026,CAJU,Maternal II,0,331.0,5,0,0,5,2025,0.019417862207853187,2125526,86.28826280634118,0.16023738872403562,53.03857566765579,PPML-FE + Caged x grupo
2026,CAMORIM,Bercario,0,55.0,5,5,0,0,2025,0.019417862207853187,2125526,38.92019247082463,0.6796116504854369,37.37864077669903,PPML-FE + Caged x grupo
2026,CAMORIM,Maternal I,0,80.0,5,0,5,0,2025,0.019417862207853187,2125526,82.40919339698527,0.34959349593495936,27.96747967479675,PPML-FE + Caged x grupo
2026,CAMORIM,Maternal II,0,123.0,5,0,0,5,2025,0.019417862207853187,2125526,60.4644719054497,0.25882352941176473,31.835294117647063,PPML-FE + Caged x grupo
2026,CAMPINHO,Bercario,0,180.0,5,5,0,0,2025,0.019417862207853187,2125526,43.77254719312154,0.22164948453608246,39.896907216494846,PPML-FE + Caged x grupo
2026,CAMPINHO,Maternal I,0,107.0,5,0,5,0,2025,0.019417862207853187,2125526,37.877951077734934,0.47,50.29,PPML-FE + Caged x grupo
2026,CAMPINHO,Maternal II,0,100.0,5,0,0,5,2025,0.019417862207853187,2125526,16.893209866291432,0.1504424778761062,15.04424778761062,PPML-FE + Caged x grupo
2026,CAMPO AFONSOS,Bercario,0,70.0,5,5,0,0,2025,0.019417862207853187,2125526,13.277424433706127,0.0410958904109589,2.8767123287671232,PPML-FE + Caged x grupo
2026,CAMPO AFONSOS,Maternal I,0,41.0,5,0,5,0,2025,0.019417862207853187,2125526,11.320693743423675,0.03225806451612903,1.3225806451612903,PPML-FE + Caged x grupo
2026,CAMPO AFONSOS,Maternal II,0,31.0,5,0,0,5,2025,0.019417862207853187,2125526,4.084701784192386,0.10344827586206896,3.206896551724138,PPML-FE + Caged x grupo
2026,CAMPO GRANDE,Bercario,0,6911.0,5,5,0,0,2025,0.019417862207853187,2125526,2305.2878825564476,0.21254404510218464,1468.891895701198,PPML-FE + Caged x grupo
2026,CAMPO GRANDE,Maternal I,0,3685.0,5,0,5,0,2025,0.019417862207853187,2125526,1789.3494052015237,0.3648717948717949,1344.5525641025642,PPML-FE + Caged x grupo
2026,CAMPO GRANDE,Maternal II,0,3900.0,5,0,0,5,2025,0.019417862207853187,2125526,903.7155276339655,0.19133574007220217,746.2093862815884,PPML-FE + Caged x grupo
2026,CASCADURA,Bercario,0,497.0,5,5,0,0,2025,0.019417862207853187,2125526,163.96096195878724,0.20840950639853748,103.57952468007312,PPML-FE + Caged x grupo
2026,CASCADURA,Maternal I,0,293.0,5,0,5,0,2025,0.019417862207853187,2125526,140.71003655304298,0.3223684210526316,94.45394736842105,PPML-FE + Caged x grupo
2026,CASCADURA,Maternal II,0,304.0,5,0,0,5,2025,0.019417862207853187,2125526,69.66915055312275,0.22448979591836735,68.24489795918367,PPML-FE + Caged x grupo
2026,CATETE,Bercario,0,309.0,5,5,0,0,2025,0.019417862207853187,2125526,58.923589267376066,0.15963855421686746,49.32831325301204,PPML-FE + Caged x grupo
2026,CATETE,Maternal I,0,169.0,5,0,5,0,2025,0.019417862207853187,2125526,46.91274065924788,0.19540229885057472,33.02298850574713,PPML-FE + Caged x grupo
2026,CATETE,Maternal II,0,174.0,5,0,0,5,2025,0.019417862207853187,2125526,23.049569863939894,0.1375,23.925,PPML-FE + Caged x grupo
2026,CATUMBI,Bercario,0,270.0,5,5,0,0,2025,0.019417862207853187,2125526,121.79856160507781,0.46037735849056605,124.30188679245283,PPML-FE + Caged x grupo
2026,CATUMBI,Maternal I,0,127.0,5,0,5,0,2025,0.019417862207853187,2125526,83.39797447400306,0.33783783783783783,42.9054054054054,PPML-FE + Caged x grupo
2026,CATUMBI,Maternal II,0,148.0,5,0,0,5,2025,0.019417862207853187,2125526,46.37917014094312,0.13259668508287292,19.624309392265193,PPML-FE + Caged x grupo
2026,CAVALCANTE,Bercario,0,286.0,5,5,0,0,2025,0.019417862207853187,2125526,101.78399588493458,0.25675675675675674,73.43243243243244,PPML-FE + Caged x grupo
2026,CAVALCANTE,Maternal I,0,153.0,5,0,5,0,2025,0.019417862207853187,2125526,79.26441904449456,0.4394904458598726,67.24203821656052,PPML-FE + Caged x grupo
2026,CAVALCANTE,Maternal II,0,157.0,5,0,0,5,2025,0.019417862207853187,2125526,38.81467720235849,0.24539877300613497,38.52760736196319,PPML-FE + Caged x grupo
2026,CENTRO,Bercario,0,365.0,5,5,0,0,2025,0.019417862207853187,2125526,145.10395108050665,0.328,119.72,PPML-FE + Caged x grupo
2026,CENTRO,Maternal I,0,199.0,5,0,5,0,2025,0.019417862207853187,2125526,115.16296471401431,0.4074074074074074,81.07407407407408,PPML-FE + Caged x grupo
2026,CENTRO,Maternal II,0,243.0,5,0,0,5,2025,0.019417862207853187,2125526,67.10818763375231,0.19123505976095617,46.47011952191235,PPML-FE + Caged x grupo
2026,CIDADE DEUS,Bercario,0,1031.0,5,5,0,0,2025,0.019417862207853187,2125526,472.5501801631159,0.41379310344827586,426.6206896551724,PPML-FE + Caged x grupo
2026,CIDADE DEUS,Maternal I,0,559.0,5,0,5,0,2025,0.019417862207853187,2125526,372.9704823940141,0.7123519458544839,398.2047377326565,PPML-FE + Caged x grupo
2026,CIDADE DEUS,Maternal II,0,591.0,5,0,0,5,2025,0.019417862207853187,2125526,188.17399773343382,0.13935681470137826,82.35987748851456,PPML-FE + Caged x grupo
2026,CIDADE NOVA,Bercario,0,80.0,5,5,0,0,2025,0.019417862207853187,2125526,27.946970014509915,0.3125,25.0,PPML-FE + Caged x grupo
2026,CIDADE NOVA,Maternal I,0,41.0,5,0,5,0,2025,0.019417862207853187,2125526,20.84980441043079,0.45652173913043476,18.717391304347824,PPML-FE + Caged x grupo
2026,CIDADE NOVA,Maternal II,0,46.0,5,0,0,5,2025,0.019417862207853187,2125526,11.163115969961815,0.1,4.6000000000000005,PPML-FE + Caged x grupo
2026,CIDADE UNIVERSITARIA,Bercario,0,25.0,5,5,0,0,2025,0.019417862207853187,2125526,5.599701317782164,0.25,6.25,PPML-FE + Caged x grupo
2026,CIDADE UNIVERSITARIA,Maternal I,0,13.0,5,0,5,0,2025,0.019417862207853187,2125526,4.238786993204077,0.1,1.3,PPML-FE + Caged x grupo
2026,CIDADE UNIVERSITARIA,Maternal II,0,10.0,5,0,0,5,2025,0.019417862207853187,2125526,1.555993279883645,0.0,0.0,PPML-FE + Caged x grupo
2026,COCOTA,Bercario,0,89.0,5,5,0,0,2025,0.019417862207853187,2125526,20.30708450557963,0.21052631578947367,18.736842105263158,PPML-FE + Caged x grupo
2026,COCOTA,Maternal I,0,39.0,5,0,5,0,2025,0.019417862207853187,2125526,12.953751547607387,0.38461538461538464,15.0,PPML-FE + Caged x grupo
2026,COCOTA,Maternal II,0,52.0,5,0,0,5,2025,0.019417862207853187,2125526,8.242211905301327,0.22857142857142856,11.885714285714286,PPML-FE + Caged x grupo
2026,COELHO NETO,Bercario,0,507.0,5,5,0,0,2025,0.019417862207853187,2125526,231.36596846049463,0.31956912028725315,162.02154398563735,PPML-FE + Caged x grupo
2026,COELHO NETO,Maternal I,0,314.0,5,0,5,0,2025,0.019417862207853187,2125526,208.5905140637204,0.49295774647887325,154.7887323943662,PPML-FE + Caged x grupo
2026,COELHO NETO,Maternal II,0,284.0,5,0,0,5,2025,0.019417862207853187,2125526,90.03113447039486,0.31788079470198677,90.27814569536424,PPML-FE + Caged x grupo
2026,COLEGIO,Bercario,0,574.0,5,5,0,0,2025,0.019417862207853187,2125526,188.75132106337168,0.23450586264656617,134.60636515912898,PPML-FE + Caged x grupo
2026,COLEGIO,Maternal I,0,321.0,5,0,5,0,2025,0.019417862207853187,2125526,153.65847777321247,0.32285714285714284,103.63714285714285,PPML-FE + Caged x grupo
2026,COLEGIO,Maternal II,0,350.0,5,0,0,5,2025,0.019417862207853187,2125526,79.95194157507771,0.2937853107344633,102.82485875706215,PPML-FE + Caged x grupo
2026,COMPLEXO ALEMAO,Bercario,0,850.0,5,5,0,0,2025,0.019417862207853187,2125526,42.87421893526525,0.0,0.0,PPML-FE + Caged x grupo
2026,COMPLEXO ALEMAO,Maternal I,0,410.0,5,0,5,0,2025,0.019417862207853187,2125526,30.104716302883663,0.004310344827586207,1.7672413793103448,PPML-FE + Caged x grupo
2026,COMPLEXO ALEMAO,Maternal II,0,232.0,5,0,0,5,2025,0.019417862207853187,2125526,8.129206268319939,0.0,0.0,PPML-FE + Caged x grupo
2026,COMPLEXO MARE,Bercario,0,2988.0,5,5,0,0,2025,0.019417862207853187,2125526,871.8166730451297,0.18424479166666666,550.5234375,PPML-FE + Caged x grupo
2026,COMPLEXO MARE,Maternal I,0,1576.0,5,0,5,0,2025,0.019417862207853187,2125526,669.3822269051681,0.398838334946757,628.5692158760891,PPML-FE + Caged x grupo
2026,COMPLEXO MARE,Maternal II,0,1033.0,5,0,0,5,2025,0.019417862207853187,2125526,209.37641607740002,0.20014450867052022,206.74927745664738,PPML-FE + Caged x grupo
2026,COPACABANA,Bercario,0,1478.0,5,5,0,0,2025,0.019417862207853187,2125526,276.63466320279355,0.1707936507936508,252.43301587301588,PPML-FE + Caged x grupo
2026,COPACABANA,Maternal I,0,866.0,5,0,5,0,2025,0.019417862207853187,2125526,235.95188009155393,0.2505720823798627,216.9954233409611,PPML-FE + Caged x grupo
2026,COPACABANA,Maternal II,0,874.0,5,0,0,5,2025,0.019417862207853187,2125526,113.63875292082928,0.10982658959537572,95.98843930635839,PPML-FE + Caged x grupo
2026,CORDOVIL,Bercario,0,638.0,5,5,0,0,2025,0.019417862207853187,2125526,171.49475610230428,0.2823871906841339,180.16302765647745,PPML-FE + Caged x grupo
2026,CORDOVIL,Maternal I,0,365.0,5,0,5,0,2025,0.019417862207853187,2125526,142.82242975955168,0.3089430894308943,112.76422764227642,PPML-FE + Caged x grupo
2026,CORDOVIL,Maternal II,0,369.0,5,0,0,5,2025,0.019417862207853187,2125526,68.90320052918362,0.23459715639810427,86.56635071090048,PPML-FE + Caged x grupo
2026,COSME VELHO,Bercario,0,108.0,5,5,0,0,2025,0.019417862207853187,2125526,27.78291010917217,0.2604166666666667,28.125000000000004,PPML-FE + Caged x grupo
2026,COSME VELHO,Maternal I,0,51.0,5,0,5,0,2025,0.019417862207853187,2125526,19.09842444754375,0.328125,16.734375,PPML-FE + Caged x grupo
2026,COSME VELHO,Maternal II,0,64.0,5,0,0,5,2025,0.019417862207853187,2125526,11.43712361631224,0.05333333333333334,3.4133333333333336,PPML-FE + Caged x grupo
2026,COSMOS,Bercario,0,1965.0,5,5,0,0,2025,0.019417862207853187,2125526,745.0210947185539,0.27704997573993206,544.4032023289665,PPML-FE + Caged x grupo
2026,COSMOS,Maternal I,0,1049.0,5,0,5,0,2025,0.019417862207853187,2125526,578.968438736617,0.4341736694677871,455.4481792717087,PPML-FE + Caged x grupo
2026,COSMOS,Maternal II,0,1071.0,5,0,0,5,2025,0.019417862207853187,2125526,282.0839319698076,0.23380035026269702,250.4001751313485,PPML-FE + Caged x grupo
2026,COSTA BARROS,Bercario,0,776.0,5,5,0,0,2025,0.019417862207853187,2125526,357.25636190636806,0.41448189762796506,321.63795255930086,PPML-FE + Caged x grupo
2026,COSTA BARROS,Maternal I,0,419.0,5,0,5,0,2025,0.019417862207853187,2125526,280.8055321619184,0.3611111111111111,151.30555555555554,PPML-FE + Caged x grupo
2026,COSTA BARROS,Maternal II,0,540.0,5,0,0,5,2025,0.019417862207853187,2125526,172.70100812902825,0.2174721189591078,117.43494423791822,PPML-FE + Caged x grupo
2026,CURICICA,Bercario,0,700.0,5,5,0,0,2025,0.019417862207853187,2125526,227.2220512250619,0.30200501253132833,211.40350877192984,PPML-FE + Caged x grupo
2026,CURICICA,Maternal I,0,449.0,5,0,5,0,2025,0.019417862207853187,2125526,212.1642290889907,0.28345323741007195,127.2705035971223,PPML-FE + Caged x grupo
2026,CURICICA,Maternal II,0,695.0,5,0,0,5,2025,0.019417862207853187,2125526,156.7184412773063,0.23052959501557632,160.21806853582555,PPML-FE + Caged x grupo
2026,DEL CASTILHO,Bercario,0,440.0,5,5,0,0,2025,0.019417862207853187,2125526,129.55634337907983,0.3479212253829322,153.08533916849015,PPML-FE + Caged x grupo
2026,DEL CASTILHO,Maternal I,0,225.0,5,0,5,0,2025,0.019417862207853187,2125526,96.44104556075928,0.27615062761506276,62.13389121338912,PPML-FE + Caged x grupo
2026,DEL CASTILHO,Maternal II,0,239.0,5,0,0,5,2025,0.019417862207853187,2125526,48.88625504852367,0.14772727272727273,35.30681818181819,PPML-FE + Caged x grupo
2026,DEODORO,Bercario,0,231.0,5,5,0,0,2025,0.019417862207853187,2125526,107.07373490621306,0.3389830508474576,78.30508474576271,PPML-FE + Caged x grupo
2026,DEODORO,Maternal I,0,122.0,5,0,5,0,2025,0.019417862207853187,2125526,82.31977774416953,0.4012738853503185,48.955414012738856,PPML-FE + Caged x grupo
2026,DEODORO,Maternal II,0,157.0,5,0,0,5,2025,0.019417862207853187,2125526,50.55376289696459,0.25,39.25,PPML-FE + Caged x grupo
2026,ENCANTADO,Bercario,0,179.0,5,5,0,0,2025,0.019417862207853187,2125526,44.53316068510149,0.2074468085106383,37.13297872340426,PPML-FE + Caged x grupo
2026,ENCANTADO,Maternal I,0,93.0,5,0,5,0,2025,0.019417862207853187,2125526,33.68114320404409,0.42857142857142855,39.857142857142854,PPML-FE + Caged x grupo
2026,ENCANTADO,Maternal II,0,91.0,5,0,0,5,2025,0.019417862207853187,2125526,15.727320744972548,0.19791666666666666,18.010416666666664,PPML-FE + Caged x grupo
2026,ENGENHEIRO LEAL,Bercario,0,96.0,5,5,0,0,2025,0.019417862207853187,2125526,27.696329578217142,0.06896551724137931,6.620689655172414,PPML-FE + Caged x grupo
2026,ENGENHEIRO LEAL,Maternal I,0,70.0,5,0,5,0,2025,0.019417862207853187,2125526,29.3983131778831,0.4090909090909091,28.636363636363637,PPML-FE + Caged x grupo
2026,ENGENHEIRO LEAL,Maternal II,0,66.0,5,0,0,5,2025,0.019417862207853187,2125526,13.227500417278582,0.4098360655737705,27.049180327868854,PPML-FE + Caged x grupo
2026,ENGENHO DENTRO,Bercario,0,684.0,5,5,0,0,2025,0.019417862207853187,2125526,165.13991015602377,0.22772277227722773,155.76237623762376,PPML-FE + Caged x grupo
2026,ENGENHO DENTRO,Maternal I,0,366.0,5,0,5,0,2025,0.019417862207853187,2125526,128.6324123024513,0.38676844783715014,141.55725190839695,PPML-FE + Caged x grupo
2026,ENGENHO DENTRO,Maternal II,0,393.0,5,0,0,5,2025,0.019417862207853187,2125526,65.91304199437212,0.16745283018867924,65.80896226415094,PPML-FE + Caged x grupo
2026,ENGENHO NOVO,Bercario,0,670.0,5,5,0,0,2025,0.019417862207853187,2125526,200.8595635363218,0.30687830687830686,205.6084656084656,PPML-FE + Caged x grupo
2026,ENGENHO NOVO,Maternal I,0,428.0,5,0,5,0,2025,0.019417862207853187,2125526,186.78193383797307,0.2897196261682243,123.99999999999999,PPML-FE + Caged x grupo
2026,ENGENHO NOVO,Maternal II,0,428.0,5,0,0,5,2025,0.019417862207853187,2125526,89.13419443297671,0.11926605504587157,51.04587155963303,PPML-FE + Caged x grupo
2026,ENGENHO RAINHA,Bercario,0,448.0,5,5,0,0,2025,0.019417862207853187,2125526,133.7925927790285,0.23319327731092437,104.47058823529412,PPML-FE + Caged x grupo
2026,ENGENHO RAINHA,Maternal I,0,248.0,5,0,5,0,2025,0.019417862207853187,2125526,107.81498416804808,0.3602941176470588,89.3529411764706,PPML-FE + Caged x grupo
2026,ENGENHO RAINHA,Maternal II,0,272.0,5,0,0,5,2025,0.019417862207853187,2125526,56.4294507264597,0.16996047430830039,46.2292490118577,PPML-FE + Caged x grupo
2026,ESTACIO,Bercario,0,328.0,5,5,0,0,2025,0.019417862207853187,2125526,131.51260553845177,0.31142857142857144,102.14857142857143,PPML-FE + Caged x grupo
2026,ESTACIO,Maternal I,0,175.0,5,0,5,0,2025,0.019417862207853187,2125526,102.14214495788508,0.34831460674157305,60.95505617977528,PPML-FE + Caged x grupo
2026,ESTACIO,Maternal II,0,178.0,5,0,0,5,2025,0.019417862207853187,2125526,49.578844824460994,0.17766497461928935,31.624365482233504,PPML-FE + Caged x grupo
2026,FLAMENGO,Bercario,0,510.0,5,5,0,0,2025,0.019417862207853187,2125526,61.690619089500586,0.07945736434108527,40.52325581395349,PPML-FE + Caged x grupo
2026,FLAMENGO,Maternal I,0,268.0,5,0,5,0,2025,0.019417862207853187,2125526,47.19077754284692,0.10101010101010101,27.07070707070707,PPML-FE + Caged x grupo
2026,FLAMENGO,Maternal II,0,297.0,5,0,0,5,2025,0.019417862207853187,2125526,24.956763567223778,0.057034220532319393,16.93916349809886,PPML-FE + Caged x grupo
2026,FREGUESIA ILHA,Bercario,0,353.0,5,5,0,0,2025,0.019417862207853187,2125526,94.6851607217978,0.2336448598130841,82.4766355140187,PPML-FE + Caged x grupo
2026,FREGUESIA ILHA,Maternal I,0,165.0,5,0,5,0,2025,0.019417862207853187,2125526,64.42650109306898,0.27741935483870966,45.774193548387096,PPML-FE + Caged x grupo
2026,FREGUESIA ILHA,Maternal II,0,155.0,5,0,0,5,2025,0.019417862207853187,2125526,28.88163507833861,0.10588235294117647,16.41176470588235,PPML-FE + Caged x grupo
2026,FREGUESIA JPA,Bercario,0,1130.0,5,5,0,0,2025,0.019417862207853187,2125526,178.04947942435888,0.12116040955631399,136.91126279863482,PPML-FE + Caged x grupo
2026,FREGUESIA JPA,Maternal I,0,595.0,5,0,5,0,2025,0.019417862207853187,2125526,136.47484730272717,0.16613418530351437,98.84984025559105,PPML-FE + Caged x grupo
2026,FREGUESIA JPA,Maternal II,0,626.0,5,0,0,5,2025,0.019417862207853187,2125526,68.52033235488453,0.051696284329563816,32.36187399030695,PPML-FE + Caged x grupo
2026,GALEAO,Bercario,0,546.0,5,5,0,0,2025,0.019417862207853187,2125526,179.71256991068006,0.17647058823529413,96.3529411764706,PPML-FE + Caged x grupo
2026,GALEAO,Maternal I,0,309.0,5,0,5,0,2025,0.019417862207853187,2125526,148.05315888343125,0.25360230547550433,78.36311239193084,PPML-FE + Caged x grupo
2026,GALEAO,Maternal II,0,347.0,5,0,0,5,2025,0.019417862207853187,2125526,79.34108763589715,0.2054794520547945,71.30136986301369,PPML-FE + Caged x grupo
2026,GAMBOA,Bercario,0,249.0,5,5,0,0,2025,0.019417862207853187,2125526,80.36900062274117,0.21794871794871795,54.26923076923077,PPML-FE + Caged x grupo
2026,GAMBOA,Maternal I,0,125.0,5,0,5,0,2025,0.019417862207853187,2125526,58.7317065863587,0.31746031746031744,39.682539682539684,PPML-FE + Caged x grupo
2026,GAMBOA,Maternal II,0,126.0,5,0,0,5,2025,0.019417862207853187,2125526,28.251572690432383,0.15384615384615385,19.384615384615387,PPML-FE + Caged x grupo
2026,GARDENIA AZUL,Bercario,0,715.0,5,5,0,0,2025,0.019417862207853187,2125526,300.9539746697486,0.2906208718626156,207.79392338177016,PPML-FE + Caged x grupo
2026,GARDENIA AZUL,Maternal I,0,424.0,5,0,5,0,2025,0.019417862207853187,2125526,259.79649331806826,0.444234404536862,188.3553875236295,PPML-FE + Caged x grupo
2026,GARDENIA AZUL,Maternal II,0,529.0,5,0,0,5,2025,0.019417862207853187,2125526,154.6794347972722,0.3644251626898048,192.78091106290674,PPML-FE + Caged x grupo
2026,GAVEA,Bercario,0,251.0,5,5,0,0,2025,0.019417862207853187,2125526,142.0972900644194,0.7275985663082437,182.62724014336916,PPML-FE + Caged x grupo
2026,GAVEA,Maternal I,0,165.0,5,0,5,0,2025,0.019417862207853187,2125526,135.978236618915,0.7485029940119761,123.50299401197606,PPML-FE + Caged x grupo
2026,GAVEA,Maternal II,0,167.0,5,0,0,5,2025,0.019417862207853187,2125526,65.6767128646271,0.3567251461988304,59.57309941520467,PPML-FE + Caged x grupo
2026,GERICINO,Bercario,0,28.0,5,5,0,0,2025,0.019417862207853187,2125526,6.1083930799926005,0.0,0.0,PPML-FE + Caged x grupo
2026,GERICINO,Maternal I,0,19.0,5,0,5,0,2025,0.019417862207853187,2125526,6.033869772517886,0.2803351896750988,5.326368603826877,PPML-FE + Caged x grupo
2026,GLORIA,Bercario,0,89.0,5,5,0,0,2025,0.019417862207853187,2125526,30.46565862658137,0.46,40.940000000000005,PPML-FE + Caged x grupo
2026,GLORIA,Maternal I,0,57.0,5,0,5,0,2025,0.019417862207853187,2125526,28.403300400356255,0.5227272727272727,29.795454545454543,PPML-FE + Caged x grupo
2026,GLORIA,Maternal II,0,44.0,5,0,0,5,2025,0.019417862207853187,2125526,10.462997080287497,0.11594202898550725,5.101449275362319,PPML-FE + Caged x grupo
2026,GRAJAU,Bercario,0,378.0,5,5,0,0,2025,0.019417862207853187,2125526,76.84650598428706,0.16009280742459397,60.515081206496525,PPML-FE + Caged x grupo
2026,GRAJAU,Maternal I,0,222.0,5,0,5,0,2025,0.019417862207853187,2125526,65.69898910289503,0.10256410256410256,22.76923076923077,PPML-FE + Caged x grupo
2026,GRAJAU,Maternal II,0,234.0,5,0,0,5,2025,0.019417862207853187,2125526,33.046924363603615,0.0735930735930736,17.22077922077922,PPML-FE + Caged x grupo
2026,GRUMARI,Bercario,0,1.0,5,5,0,0,2025,0.019417862207853187,2125526,0.23836931111783186,0.0,0.0,PPML-FE + Caged x grupo
2026,GRUMARI,Maternal I,0,4.0,5,0,5,0,2025,0.019417862207853187,2125526,1.3879816333125192,0.5,2.0,PPML-FE + Caged x grupo
2026,GRUMARI,Maternal II,0,2.0,5,0,0,5,2025,0.019417862207853187,2125526,0.3311793122358359,0.2,0.4,PPML-FE + Caged x grupo
2026,GUADALUPE,Bercario,0,710.0,5,5,0,0,2025,0.019417862207853187,2125526,194.0829363219402,0.20291777188328913,144.0716180371353,PPML-FE + Caged x grupo
2026,GUADALUPE,Maternal I,0,400.0,5,0,5,0,2025,0.019417862207853187,2125526,159.17042771526837,0.28482328482328484,113.92931392931393,PPML-FE + Caged x grupo
2026,GUADALUPE,Maternal II,0,481.0,5,0,0,5,2025,0.019417862207853187,2125526,91.33914555554733,0.22954091816367264,110.40918163672654,PPML-FE + Caged x grupo
2026,GUARATIBA,Bercario,0,3716.0,5,5,0,0,2025,0.019417862207853187,2125526,1486.3435484109332,0.2520303194369247,936.5446670276123,PPML-FE + Caged x grupo
2026,GUARATIBA,Maternal I,0,1839.0,5,0,5,0,2025,0.019417862207853187,2125526,1070.775961487304,0.45439283715724677,835.6284275321768,PPML-FE + Caged x grupo
2026,GUARATIBA,Maternal II,0,1787.0,5,0,0,5,2025,0.019417862207853187,2125526,496.53619563180325,0.3247639034627492,580.3530954879328,PPML-FE + Caged x grupo
2026,HIGIENOPOLIS,Bercario,0,228.0,5,5,0,0,2025,0.019417862207853187,2125526,49.05292934708178,0.20982142857142858,47.839285714285715,PPML-FE + Caged x grupo
2026,HIGIENOPOLIS,Maternal I,0,101.0,5,0,5,0,2025,0.019417862207853187,2125526,31.63186956074622,0.2761904761904762,27.895238095238096,PPML-FE + Caged x grupo
2026,HIGIENOPOLIS,Maternal II,0,105.0,5,0,0,5,2025,0.019417862207853187,2125526,15.692865866216831,0.12612612612612611,13.243243243243242,PPML-FE + Caged x grupo
2026,HONORIO GURGEL,Bercario,0,356.0,5,5,0,0,2025,0.019417862207853187,2125526,111.50280843460577,0.24653739612188366,87.76731301939058,PPML-FE + Caged x grupo
2026,HONORIO GURGEL,Maternal I,0,186.0,5,0,5,0,2025,0.019417862207853187,2125526,84.80513287917586,0.354978354978355,66.02597402597404,PPML-FE + Caged x grupo
2026,HONORIO GURGEL,Maternal II,0,231.0,5,0,0,5,2025,0.019417862207853187,2125526,50.26094512121795,0.25225225225225223,58.27027027027027,PPML-FE + Caged x grupo
2026,HUMAITA,Bercario,0,138.0,5,5,0,0,2025,0.019417862207853187,2125526,18.029474725805926,0.0410958904109589,5.671232876712328,PPML-FE + Caged x grupo
2026,HUMAITA,Maternal I,0,71.0,5,0,5,0,2025,0.019417862207853187,2125526,13.503169617043241,0.09210526315789473,6.539473684210526,PPML-FE + Caged x grupo
2026,HUMAITA,Maternal II,0,76.0,5,0,0,5,2025,0.019417862207853187,2125526,6.897638710384564,0.023809523809523808,1.8095238095238093,PPML-FE + Caged x grupo
2026,ILHA GUARATIBA,Bercario,0,141.0,5,5,0,0,2025,0.019417862207853187,2125526,32.53400528546161,0.014492753623188406,2.0434782608695654,PPML-FE + Caged x grupo
2026,ILHA GUARATIBA,Maternal I,0,9.0,5,0,5,0,2025,0.019417862207853187,2125526,3.0229733341371503,0.2803351896750988,2.523016707075889,PPML-FE + Caged x grupo
2026,INHAUMA,Bercario,0,1024.0,5,5,0,0,2025,0.019417862207853187,2125526,366.17776261149504,0.31297709923664124,320.48854961832063,PPML-FE + Caged x grupo
2026,INHAUMA,Maternal I,0,572.0,5,0,5,0,2025,0.019417862207853187,2125526,297.756619721702,0.6710775047258979,383.8563327032136,PPML-FE + Caged x grupo
2026,INHAUMA,Maternal II,0,529.0,5,0,0,5,2025,0.019417862207853187,2125526,131.41064441815513,0.1683673469387755,89.06632653061224,PPML-FE + Caged x grupo
2026,INHOAIBA,Bercario,0,1484.0,5,5,0,0,2025,0.019417862207853187,2125526,658.0625807400763,0.3527027027027027,523.4108108108109,PPML-FE + Caged x grupo
2026,INHOAIBA,Maternal I,0,748.0,5,0,5,0,2025,0.019417862207853187,2125526,482.84560181083145,0.4672330097087379,349.49029126213594,PPML-FE + Caged x grupo
2026,INHOAIBA,Maternal II,0,824.0,5,0,0,5,2025,0.019417862207853187,2125526,253.83024557050464,0.23523093447905477,193.83029001074112,PPML-FE + Caged x grupo
2026,IPANEMA,Bercario,0,488.0,5,5,0,0,2025,0.019417862207853187,2125526,35.6819487696638,0.021653543307086614,10.566929133858267,PPML-FE + Caged x grupo
2026,IPANEMA,Maternal I,0,254.0,5,0,5,0,2025,0.019417862207853187,2125526,27.035589681380316,0.056910569105691054,14.455284552845528,PPML-FE + Caged x grupo
2026,IPANEMA,Maternal II,0,246.0,5,0,0,5,2025,0.019417862207853187,2125526,12.495300740379841,0.030927835051546393,7.608247422680413,PPML-FE + Caged x grupo
2026,IRAJA,Bercario,0,1377.0,5,5,0,0,2025,0.019417862207853187,2125526,355.27542922864114,0.20572207084468666,283.27929155313353,PPML-FE + Caged x grupo
2026,IRAJA,Maternal I,0,786.0,5,0,5,0,2025,0.019417862207853187,2125526,295.2073492765716,0.30036188178528345,236.08443908323278,PPML-FE + Caged x grupo
2026,IRAJA,Maternal II,0,829.0,5,0,0,5,2025,0.019417862207853187,2125526,148.58283001399687,0.1511216056670602,125.2798110979929,PPML-FE + Caged x grupo
2026,ITANHANGA,Bercario,0,1511.0,5,5,0,0,2025,0.019417862207853187,2125526,554.7934549726245,0.13485342019543975,203.76351791530945,PPML-FE + Caged x grupo
2026,ITANHANGA,Maternal I,0,819.0,5,0,5,0,2025,0.019417862207853187,2125526,437.74798228151224,0.40360610263522884,330.5533980582524,PPML-FE + Caged x grupo
2026,ITANHANGA,Maternal II,0,721.0,5,0,0,5,2025,0.019417862207853187,2125526,183.9013816921469,0.36351706036745407,262.09580052493436,PPML-FE + Caged x grupo
2026,JABOUR,Bercario,0,35.0,5,5,0,0,2025,0.019417862207853187,2125526,8.539924965519608,0.0,0.0,PPML-FE + Caged x grupo
2026,JABOUR,Maternal I,0,1.0,5,0,5,0,2025,0.019417862207853187,2125526,0.3551889097283075,0.0,0.0,PPML-FE + Caged x grupo
2026,JABOUR,Maternal II,0,1.0,5,0,0,5,2025,0.019417862207853187,2125526,0.1694996763853162,0.18145761550073647,0.18145761550073647,PPML-FE + Caged x grupo
2026,JACARE,Bercario,0,281.0,5,5,0,0,2025,0.019417862207853187,2125526,148.72541441834244,0.8165467625899281,229.4496402877698,PPML-FE + Caged x grupo
2026,JACARE,Maternal I,0,163.0,5,0,5,0,2025,0.019417862207853187,2125526,125.58560404893522,0.4409722222222222,71.87847222222221,PPML-FE + Caged x grupo
2026,JACARE,Maternal II,0,288.0,5,0,0,5,2025,0.019417862207853187,2125526,105.88982204943473,0.25316455696202533,72.9113924050633,PPML-FE + Caged x grupo
2026,JACAREPAGUA,Bercario,0,4040.0,5,5,0,0,2025,0.019417862207853187,2125526,944.7582115194681,0.1079407210794072,436.08051316080514,PPML-FE + Caged x grupo
2026,JACAREPAGUA,Maternal I,0,2489.0,5,0,5,0,2025,0.019417862207853187,2125526,847.3007550640608,0.256004087889627,637.1941747572815,PPML-FE + Caged x grupo
2026,JACAREPAGUA,Maternal II,0,1957.0,5,0,0,5,2025,0.019417862207853187,2125526,317.91644889762995,0.1575019638648861,308.2313432835821,PPML-FE + Caged x grupo
2026,JACAREZINHO,Bercario,0,525.0,5,5,0,0,2025,0.019417862207853187,2125526,60.159606273708825,0.055062166962699825,28.907637655417407,PPML-FE + Caged x grupo
2026,JACAREZINHO,Maternal I,0,279.0,5,0,5,0,2025,0.019417862207853187,2125526,46.539667022685066,0.05732484076433121,15.993630573248408,PPML-FE + Caged x grupo
2026,JACAREZINHO,Maternal II,0,157.0,5,0,0,5,2025,0.019417862207853187,2125526,12.49764537164858,0.057692307692307696,9.057692307692308,PPML-FE + Caged x grupo
2026,JARDIM AMERICA,Bercario,0,423.0,5,5,0,0,2025,0.019417862207853187,2125526,142.2904156127514,0.3159041394335512,133.62745098039215,PPML-FE + Caged x grupo
2026,JARDIM AMERICA,Maternal I,0,281.0,5,0,5,0,2025,0.019417862207853187,2125526,137.5989079047659,0.4671280276816609,131.26297577854672,PPML-FE + Caged x grupo
2026,JARDIM AMERICA,Maternal II,0,289.0,5,0,0,5,2025,0.019417862207853187,2125526,67.53299120560715,0.15359477124183007,44.38888888888889,PPML-FE + Caged x grupo
2026,JARDIM BOTANICO,Bercario,0,187.0,5,5,0,0,2025,0.019417862207853187,2125526,21.440010688894933,0.09433962264150944,17.641509433962266,PPML-FE + Caged x grupo
2026,JARDIM BOTANICO,Maternal I,0,110.0,5,0,5,0,2025,0.019417862207853187,2125526,18.35901863833418,0.1271186440677966,13.983050847457626,PPML-FE + Caged x grupo
2026,JARDIM BOTANICO,Maternal II,0,118.0,5,0,0,5,2025,0.019417862207853187,2125526,9.398277435441713,0.0625,7.375,PPML-FE + Caged x grupo
2026,JARDIM CARIOCA,Bercario,0,363.0,5,5,0,0,2025,0.019417862207853187,2125526,76.04365310867777,0.21212121212121213,77.0,PPML-FE + Caged x grupo
2026,JARDIM CARIOCA,Maternal I,0,189.0,5,0,5,0,2025,0.019417862207853187,2125526,57.635695436487744,0.27699530516431925,52.352112676056336,PPML-FE + Caged x grupo
2026,JARDIM CARIOCA,Maternal II,0,213.0,5,0,0,5,2025,0.019417862207853187,2125526,30.99693933298506,0.11627906976744186,24.767441860465116,PPML-FE + Caged x grupo
2026,JARDIM GUANABARA,Bercario,0,327.0,5,5,0,0,2025,0.019417862207853187,2125526,30.362234509862287,0.03273809523809524,10.705357142857144,PPML-FE + Caged x grupo
2026,JARDIM GUANABARA,Maternal I,0,176.0,5,0,5,0,2025,0.019417862207853187,2125526,23.7887724463756,0.06701030927835051,11.79381443298969,PPML-FE + Caged x grupo
2026,JARDIM GUANABARA,Maternal II,0,194.0,5,0,0,5,2025,0.019417862207853187,2125526,12.513262940066173,0.04,7.76,PPML-FE + Caged x grupo
2026,JARDIM SULACAP,Bercario,0,243.0,5,5,0,0,2025,0.019417862207853187,2125526,45.87142476943847,0.10702341137123746,26.006688963210703,PPML-FE + Caged x grupo
2026,JARDIM SULACAP,Maternal I,0,176.0,5,0,5,0,2025,0.019417862207853187,2125526,48.3639774887534,0.22,38.72,PPML-FE + Caged x grupo
2026,JARDIM SULACAP,Maternal II,0,200.0,5,0,0,5,2025,0.019417862207853187,2125526,26.227011971412555,0.16091954022988506,32.18390804597701,PPML-FE + Caged x grupo
2026,JOA,Bercario,0,14.0,5,5,0,0,2025,0.019417862207853187,2125526,3.1630427109439827,0.09090909090909091,1.2727272727272727,PPML-FE + Caged x grupo
2026,JOA,Maternal I,0,4.0,5,0,5,0,2025,0.019417862207853187,2125526,1.3155592074407716,0.0,0.0,PPML-FE + Caged x grupo
2026,JOA,Maternal II,0,8.0,5,0,0,5,2025,0.019417862207853187,2125526,1.2555958467143686,0.0,0.0,PPML-FE + Caged x grupo
2026,LAGOA,Bercario,0,259.0,5,5,0,0,2025,0.019417862207853187,2125526,23.110622591029433,0.012244897959183673,3.1714285714285713,PPML-FE + Caged x grupo
2026,LAGOA,Maternal I,0,117.0,5,0,5,0,2025,0.019417862207853187,2125526,15.197464220783216,0.043795620437956206,5.124087591240876,PPML-FE + Caged x grupo
2026,LAGOA,Maternal II,0,137.0,5,0,0,5,2025,0.019417862207853187,2125526,8.492104138993678,0.0,0.0,PPML-FE + Caged x grupo
2026,LAPA,Bercario,0,83.0,5,5,0,0,2025,0.019417862207853187,2125526,12.55354548723137,0.0,0.0,PPML-FE + Caged x grupo
2026,LAPA,Maternal I,0,33.0,5,0,5,0,2025,0.019417862207853187,2125526,7.265669429924921,0.0,0.0,PPML-FE + Caged x grupo
2026,LAPA,Maternal II,0,15.0,5,0,0,5,2025,0.019417862207853187,2125526,1.5760225607025755,0.0,0.0,PPML-FE + Caged x grupo
2026,LARANJEIRAS,Bercario,0,446.0,5,5,0,0,2025,0.019417862207853187,2125526,56.23420693874238,0.09859154929577464,43.97183098591549,PPML-FE + Caged x grupo
2026,LARANJEIRAS,Maternal I,0,257.0,5,0,5,0,2025,0.019417862207853187,2125526,47.17068966398786,0.09473684210526316,24.347368421052632,PPML-FE + Caged x grupo
2026,LARANJEIRAS,Maternal II,0,285.0,5,0,0,5,2025,0.019417862207853187,2125526,24.962808144182134,0.06428571428571428,18.32142857142857,PPML-FE + Caged x grupo
2026,LEBLON,Bercario,0,520.0,5,5,0,0,2025,0.019417862207853187,2125526,36.75785868179373,0.029644268774703556,15.41501976284585,PPML-FE + Caged x grupo
2026,LEBLON,Maternal I,0,259.0,5,0,5,0,2025,0.019417862207853187,2125526,26.65139897502921,0.041666666666666664,10.791666666666666,PPML-FE + Caged x grupo
2026,LEBLON,Maternal II,0,288.0,5,0,0,5,2025,0.019417862207853187,2125526,14.14237050304591,0.018726591760299626,5.393258426966292,PPML-FE + Caged x grupo
2026,LEME,Bercario,0,179.0,5,5,0,0,2025,0.019417862207853187,2125526,40.3070823356486,0.23163841807909605,41.463276836158194,PPML-FE + Caged x grupo
2026,LEME,Maternal I,0,90.0,5,0,5,0,2025,0.019417862207853187,2125526,29.501508786513785,0.24271844660194175,21.844660194174757,PPML-FE + Caged x grupo
2026,LEME,Maternal II,0,103.0,5,0,0,5,2025,0.019417862207853187,2125526,16.111961634719886,0.09473684210526316,9.757894736842106,PPML-FE + Caged x grupo
2026,LINS VASCONCELOS,Bercario,0,640.0,5,5,0,0,2025,0.019417862207853187,2125526,168.3972093947874,0.26452599388379205,169.29663608562691,PPML-FE + Caged x grupo
2026,LINS VASCONCELOS,Maternal I,0,332.0,5,0,5,0,2025,0.019417862207853187,2125526,127.16464599047328,0.22318840579710145,74.09855072463768,PPML-FE + Caged x grupo
2026,LINS VASCONCELOS,Maternal II,0,345.0,5,0,0,5,2025,0.019417862207853187,2125526,63.06042222050215,0.07733333333333334,26.68,PPML-FE + Caged x grupo
2026,MADUREIRA,Bercario,0,764.0,5,5,0,0,2025,0.019417862207853187,2125526,208.73583362124015,0.21079691516709512,161.04884318766068,PPML-FE + Caged x grupo
2026,MADUREIRA,Maternal I,0,383.0,5,0,5,0,2025,0.019417862207853187,2125526,152.32662248598388,0.24891774891774893,95.33549783549783,PPML-FE + Caged x grupo
2026,MADUREIRA,Maternal II,0,462.0,5,0,0,5,2025,0.019417862207853187,2125526,87.68564290015769,0.15991471215351813,73.88059701492537,PPML-FE + Caged x grupo
2026,MAGALHAES BASTOS,Bercario,0,397.0,5,5,0,0,2025,0.019417862207853187,2125526,111.96072072527275,0.17574257425742573,69.76980198019801,PPML-FE + Caged x grupo
2026,MAGALHAES BASTOS,Maternal I,0,214.0,5,0,5,0,2025,0.019417862207853187,2125526,87.85416161257537,0.3508771929824561,75.08771929824562,PPML-FE + Caged x grupo
2026,MAGALHAES BASTOS,Maternal II,0,228.0,5,0,0,5,2025,0.019417862207853187,2125526,44.66762779329986,0.32195121951219513,73.40487804878049,PPML-FE + Caged x grupo
2026,MANGUEIRA,Bercario,0,432.0,5,5,0,0,2025,0.019417862207853187,2125526,168.8296864829739,0.37791932059447986,163.2611464968153,PPML-FE + Caged x grupo
2026,MANGUEIRA,Maternal I,0,228.0,5,0,5,0,2025,0.019417862207853187,2125526,129.70995263639696,0.27155172413793105,61.91379310344828,PPML-FE + Caged x grupo
2026,MANGUEIRA,Maternal II,0,232.0,5,0,0,5,2025,0.019417862207853187,2125526,62.98482324410861,0.10236220472440945,23.748031496062993,PPML-FE + Caged x grupo
2026,MANGUINHOS,Bercario,0,808.0,5,5,0,0,2025,0.019417862207853187,2125526,224.47684219046363,0.3585164835164835,289.68131868131866,PPML-FE + Caged x grupo
2026,MANGUINHOS,Maternal I,0,348.0,5,0,5,0,2025,0.019417862207853187,2125526,140.73846632986647,0.47570332480818417,165.5447570332481,PPML-FE + Caged x grupo
2026,MANGUINHOS,Maternal II,0,391.0,5,0,0,5,2025,0.019417862207853187,2125526,75.46052177262877,0.2883116883116883,112.72987012987012,PPML-FE + Caged x grupo
2026,MARACANA,Bercario,0,270.0,5,5,0,0,2025,0.019417862207853187,2125526,34.37036322301645,0.039568345323741004,10.68345323741007,PPML-FE + Caged x grupo
2026,MARACANA,Maternal I,0,143.0,5,0,5,0,2025,0.019417862207853187,2125526,26.499018089930086,0.125,17.875,PPML-FE + Caged x grupo
2026,MARACANA,Maternal II,0,160.0,5,0,0,5,2025,0.019417862207853187,2125526,14.148917135552866,0.032467532467532464,5.194805194805195,PPML-FE + Caged x grupo
2026,MARECHAL HERMES,Bercario,0,668.0,5,5,0,0,2025,0.019417862207853187,2125526,193.28451058503174,0.13297872340425532,88.82978723404256,PPML-FE + Caged x grupo
2026,MARECHAL HERMES,Maternal I,0,419.0,5,0,5,0,2025,0.019417862207853187,2125526,176.48508118076657,0.39058171745152354,163.65373961218836,PPML-FE + Caged x grupo
2026,MARECHAL HERMES,Maternal II,0,361.0,5,0,0,5,2025,0.019417862207853187,2125526,72.56223554167165,0.2607655502392344,94.13636363636363,PPML-FE + Caged x grupo
2026,MARIA GRACA,Bercario,0,90.0,5,5,0,0,2025,0.019417862207853187,2125526,17.82961068163949,0.2804878048780488,25.243902439024392,PPML-FE + Caged x grupo
2026,MARIA GRACA,Maternal I,0,48.0,5,0,5,0,2025,0.019417862207853187,2125526,13.842482232955554,0.12727272727272726,6.1090909090909085,PPML-FE + Caged x grupo
2026,MARIA GRACA,Maternal II,0,55.0,5,0,0,5,2025,0.019417862207853187,2125526,7.569111505560089,0.12698412698412698,6.984126984126984,PPML-FE + Caged x grupo
2026,MEIER,Bercario,0,420.0,5,5,0,0,2025,0.019417862207853187,2125526,68.54987987687285,0.15011037527593818,63.04635761589404,PPML-FE + Caged x grupo
2026,MEIER,Maternal I,0,257.0,5,0,5,0,2025,0.019417862207853187,2125526,61.06100071918494,0.24380165289256198,62.65702479338843,PPML-FE + Caged x grupo
2026,MEIER,Maternal II,0,242.0,5,0,0,5,2025,0.019417862207853187,2125526,27.438201209373062,0.06563706563706563,15.884169884169882,PPML-FE + Caged x grupo
2026,MONERO,Bercario,0,73.0,5,5,0,0,2025,0.019417862207853187,2125526,14.432247853857785,0.09090909090909091,6.636363636363637,PPML-FE + Caged x grupo
2026,MONERO,Maternal I,0,22.0,5,0,5,0,2025,0.019417862207853187,2125526,6.331508379027566,0.0,0.0,PPML-FE + Caged x grupo
2026,MONERO,Maternal II,0,24.0,5,0,0,5,2025,0.019417862207853187,2125526,3.2961367631264618,0.03333333333333333,0.8,PPML-FE + Caged x grupo
2026,OLARIA,Bercario,0,807.0,5,5,0,0,2025,0.019417862207853187,2125526,219.09657029088007,0.2749360613810742,221.87340153452686,PPML-FE + Caged x grupo
2026,OLARIA,Maternal I,0,403.0,5,0,5,0,2025,0.019417862207853187,2125526,159.27238274012706,0.34552845528455284,139.2479674796748,PPML-FE + Caged x grupo
2026,OLARIA,Maternal II,0,492.0,5,0,0,5,2025,0.019417862207853187,2125526,92.79188776527207,0.18143459915611815,89.26582278481013,PPML-FE + Caged x grupo
2026,OSWALDO CRUZ,Bercario,0,405.0,5,5,0,0,2025,0.019417862207853187,2125526,107.33799669494017,0.13260869565217392,53.70652173913044,PPML-FE + Caged x grupo
2026,OSWALDO CRUZ,Maternal I,0,255.0,5,0,5,0,2025,0.019417862207853187,2125526,98.38118047743022,0.319672131147541,81.51639344262296,PPML-FE + Caged x grupo
2026,OSWALDO CRUZ,Maternal II,0,244.0,5,0,0,5,2025,0.019417862207853187,2125526,44.92324829562848,0.2937062937062937,71.66433566433567,PPML-FE + Caged x grupo
2026,PACIENCIA,Bercario,0,2263.0,5,5,0,0,2025,0.019417862207853187,2125526,925.1649870570675,0.2891670263271472,654.3849805783341,PPML-FE + Caged x grupo
2026,PACIENCIA,Maternal I,0,1210.0,5,0,5,0,2025,0.019417862207853187,2125526,720.1009625575849,0.539568345323741,652.8776978417266,PPML-FE + Caged x grupo
2026,PACIENCIA,Maternal II,0,1251.0,5,0,0,5,2025,0.019417862207853187,2125526,355.28331066182244,0.25886524822695034,323.8404255319149,PPML-FE + Caged x grupo
2026,PADRE MIGUEL,Bercario,0,1043.0,5,5,0,0,2025,0.019417862207853187,2125526,267.8942102897548,0.17478510028653296,182.3008595988539,PPML-FE + Caged x grupo
2026,PADRE MIGUEL,Maternal I,0,547.0,5,0,5,0,2025,0.019417862207853187,2125526,204.52185931392003,0.3392156862745098,185.55098039215687,PPML-FE + Caged x grupo
2026,PADRE MIGUEL,Maternal II,0,510.0,5,0,0,5,2025,0.019417862207853187,2125526,90.99804421527404,0.16556291390728478,84.43708609271523,PPML-FE + Caged x grupo
2026,PAQUETA,Bercario,0,47.0,5,5,0,0,2025,0.019417862207853187,2125526,16.18640627156608,0.6190476190476191,29.095238095238095,PPML-FE + Caged x grupo
2026,PAQUETA,Maternal I,0,25.0,5,0,5,0,2025,0.019417862207853187,2125526,12.53331555324983,0.2727272727272727,6.8181818181818175,PPML-FE + Caged x grupo
2026,PAQUETA,Maternal II,0,33.0,5,0,0,5,2025,0.019417862207853187,2125526,7.894949958193746,0.47619047619047616,15.714285714285714,PPML-FE + Caged x grupo
2026,PARADA LUCAS,Bercario,0,523.0,5,5,0,0,2025,0.019417862207853187,2125526,110.07934711523762,0.2045028142589118,106.95497185741088,PPML-FE + Caged x grupo
2026,PARADA LUCAS,Maternal I,0,273.0,5,0,5,0,2025,0.019417862207853187,2125526,83.64503935538526,0.20714285714285716,56.550000000000004,PPML-FE + Caged x grupo
2026,PARADA LUCAS,Maternal II,0,280.0,5,0,0,5,2025,0.019417862207853187,2125526,40.939737190930636,0.11217948717948718,31.410256410256412,PPML-FE + Caged x grupo
2026,PARQUE ANCHIETA,Bercario,0,329.0,5,5,0,0,2025,0.019417862207853187,2125526,90.12829959107388,0.12680115273775217,41.71757925072046,PPML-FE + Caged x grupo
2026,PARQUE ANCHIETA,Maternal I,0,171.0,5,0,5,0,2025,0.019417862207853187,2125526,68.19221173875415,0.60431654676259,103.33812949640289,PPML-FE + Caged x grupo
2026,PARQUE ANCHIETA,Maternal II,0,139.0,5,0,0,5,2025,0.019417862207853187,2125526,26.45226974124691,0.1717171717171717,23.86868686868687,PPML-FE + Caged x grupo
2026,PARQUE COLUMBIA,Bercario,0,158.0,5,5,0,0,2025,0.019417862207853187,2125526,43.80689957102167,0.13612565445026178,21.50785340314136,PPML-FE + Caged x grupo
2026,PARQUE COLUMBIA,Maternal I,0,114.0,5,0,5,0,2025,0.019417862207853187,2125526,46.01121144234331,0.35,39.9,PPML-FE + Caged x grupo
2026,PARQUE COLUMBIA,Maternal II,0,20.0,5,0,0,5,2025,0.019417862207853187,2125526,3.8521065269623205,0.08928571428571429,1.7857142857142858,PPML-FE + Caged x grupo
2026,PAVUNA,Bercario,0,1790.0,5,5,0,0,2025,0.019417862207853187,2125526,629.9098319484183,0.22426868905742145,401.4409534127844,PPML-FE + Caged x grupo
2026,PAVUNA,Maternal I,0,980.0,5,0,5,0,2025,0.019417862207853187,2125526,502.02439146344676,0.4338235294117647,425.14705882352945,PPML-FE + Caged x grupo
2026,PAVUNA,Maternal II,0,816.0,5,0,0,5,2025,0.019417862207853187,2125526,199.47954903092528,0.16324324324324324,133.20648648648648,PPML-FE + Caged x grupo
2026,PECHINCHA,Bercario,0,629.0,5,5,0,0,2025,0.019417862207853187,2125526,86.09485133043907,0.09798270893371758,61.63112391930836,PPML-FE + Caged x grupo
2026,PECHINCHA,Maternal I,0,396.0,5,0,5,0,2025,0.019417862207853187,2125526,78.90328914395646,0.17321016166281755,68.59122401847576,PPML-FE + Caged x grupo
2026,PECHINCHA,Maternal II,0,433.0,5,0,0,5,2025,0.019417862207853187,2125526,41.17155728554264,0.06336088154269973,27.435261707988982,PPML-FE + Caged x grupo
2026,PEDRA GUARATIBA,Bercario,0,337.0,5,5,0,0,2025,0.019417862207853187,2125526,63.749748311084524,0.3016304347826087,101.64945652173914,PPML-FE + Caged x grupo
2026,PEDRA GUARATIBA,Maternal I,0,220.0,5,0,5,0,2025,0.019417862207853187,2125526,60.58214428966827,0.15283842794759825,33.624454148471614,PPML-FE + Caged x grupo
2026,PEDRA GUARATIBA,Maternal II,0,458.0,5,0,0,5,2025,0.019417862207853187,2125526,60.18619868476053,0.12614678899082568,57.77522935779816,PPML-FE + Caged x grupo
2026,PENHA,Bercario,0,1179.0,5,5,0,0,2025,0.019417862207853187,2125526,298.6359265197818,0.24798061389337642,292.3691437802908,PPML-FE + Caged x grupo
2026,PENHA,Maternal I,0,651.0,5,0,5,0,2025,0.019417862207853187,2125526,240.0394500603038,0.3048951048951049,198.4867132867133,PPML-FE + Caged x grupo
2026,PENHA,Maternal II,0,715.0,5,0,0,5,2025,0.019417862207853187,2125526,125.81057656039509,0.14565826330532214,104.14565826330534,PPML-FE + Caged x grupo
2026,PENHA CIRCULAR,Bercario,0,727.0,5,5,0,0,2025,0.019417862207853187,2125526,196.83230509211782,0.26728723404255317,194.31781914893617,PPML-FE + Caged x grupo
2026,PENHA CIRCULAR,Maternal I,0,399.0,5,0,5,0,2025,0.019417862207853187,2125526,157.2563712412108,0.2916666666666667,116.37500000000001,PPML-FE + Caged x grupo
2026,PENHA CIRCULAR,Maternal II,0,360.0,5,0,0,5,2025,0.019417862207853187,2125526,67.70914523628224,0.1227154046997389,44.177545691906005,PPML-FE + Caged x grupo
2026,PIEDADE,Bercario,0,665.0,5,5,0,0,2025,0.019417862207853187,2125526,180.55061554321765,0.1753155680224404,116.58485273492286,PPML-FE + Caged x grupo
2026,PIEDADE,Maternal I,0,375.0,5,0,5,0,2025,0.019417862207853187,2125526,148.2115272131923,0.484149855907781,181.55619596541786,PPML-FE + Caged x grupo
2026,PIEDADE,Maternal II,0,347.0,5,0,0,5,2025,0.019417862207853187,2125526,65.44698822339372,0.1983695652173913,68.83423913043478,PPML-FE + Caged x grupo
2026,PILARES,Bercario,0,392.0,5,5,0,0,2025,0.019417862207853187,2125526,124.15844617658472,0.29069767441860467,113.95348837209303,PPML-FE + Caged x grupo
2026,PILARES,Maternal I,0,230.0,5,0,5,0,2025,0.019417862207853187,2125526,106.04529984045156,0.43231441048034935,99.43231441048034,PPML-FE + Caged x grupo
2026,PILARES,Maternal II,0,229.0,5,0,0,5,2025,0.019417862207853187,2125526,50.38584507810369,0.23809523809523808,54.52380952380952,PPML-FE + Caged x grupo
2026,PITANGUEIRAS,Bercario,0,167.0,5,5,0,0,2025,0.019417862207853187,2125526,28.37717382021018,0.1092896174863388,18.251366120218577,PPML-FE + Caged x grupo
2026,PITANGUEIRAS,Maternal I,0,97.0,5,0,5,0,2025,0.019417862207853187,2125526,23.993731251143064,0.30337078651685395,29.426966292134832,PPML-FE + Caged x grupo
2026,PITANGUEIRAS,Maternal II,0,89.0,5,0,0,5,2025,0.019417862207853187,2125526,10.505713154673597,0.13333333333333333,11.866666666666667,PPML-FE + Caged x grupo
2026,PORTUGUESA,Bercario,0,248.0,5,5,0,0,2025,0.019417862207853187,2125526,64.60200013794264,0.21428571428571427,53.14285714285714,PPML-FE + Caged x grupo
2026,PORTUGUESA,Maternal I,0,152.0,5,0,5,0,2025,0.019417862207853187,2125526,57.63831259929129,0.24025974025974026,36.51948051948052,PPML-FE + Caged x grupo
2026,PORTUGUESA,Maternal II,0,154.0,5,0,0,5,2025,0.019417862207853187,2125526,27.867490852097188,0.11875,18.287499999999998,PPML-FE + Caged x grupo
2026,PRACA BANDEIRA,Bercario,0,108.0,5,5,0,0,2025,0.019417862207853187,2125526,21.911649835841715,0.05309734513274336,5.734513274336283,PPML-FE + Caged x grupo
2026,PRACA BANDEIRA,Maternal I,0,62.0,5,0,5,0,2025,0.019417862207853187,2125526,18.31118285681103,0.2833333333333333,17.566666666666666,PPML-FE + Caged x grupo
2026,PRACA BANDEIRA,Maternal II,0,60.0,5,0,0,5,2025,0.019417862207853187,2125526,8.456398426174555,0.08571428571428572,5.142857142857143,PPML-FE + Caged x grupo
2026,PRACA SECA,Bercario,0,1105.0,5,5,0,0,2025,0.019417862207853187,2125526,327.3415041729043,0.26175687666370895,289.2413487133984,PPML-FE + Caged x grupo
2026,PRACA SECA,Maternal I,0,607.0,5,0,5,0,2025,0.019417862207853187,2125526,261.7585482576522,0.3926056338028169,238.31161971830986,PPML-FE + Caged x grupo
2026,PRACA SECA,Maternal II,0,568.0,5,0,0,5,2025,0.019417862207853187,2125526,116.88801790465295,0.17638266068759342,100.18535127055307,PPML-FE + Caged x grupo
2026,PRAIA BANDEIRA,Bercario,0,75.0,5,5,0,0,2025,0.019417862207853187,2125526,14.608312158377933,0.08974358974358974,6.730769230769231,PPML-FE + Caged x grupo
2026,PRAIA BANDEIRA,Maternal I,0,40.0,5,0,5,0,2025,0.019417862207853187,2125526,11.341543296514692,0.375,15.0,PPML-FE + Caged x grupo
2026,PRAIA BANDEIRA,Maternal II,0,16.0,5,0,0,5,2025,0.019417862207853187,2125526,2.1649188539583317,0.0,0.0,PPML-FE + Caged x grupo
2026,QUINTINO BOCAIUVA,Bercario,0,418.0,5,5,0,0,2025,0.019417862207853187,2125526,102.96598979286361,0.10904872389791183,45.582366589327144,PPML-FE + Caged x grupo
2026,QUINTINO BOCAIUVA,Maternal I,0,219.0,5,0,5,0,2025,0.019417862207853187,2125526,78.52989527444036,0.45267489711934156,99.1358024691358,PPML-FE + Caged x grupo
2026,QUINTINO BOCAIUVA,Maternal II,0,243.0,5,0,0,5,2025,0.019417862207853187,2125526,41.582122483433736,0.2936170212765957,71.34893617021277,PPML-FE + Caged x grupo
2026,RAMOS,Bercario,0,858.0,5,5,0,0,2025,0.019417862207853187,2125526,316.9604160142624,0.46613995485327314,399.94808126410834,PPML-FE + Caged x grupo
2026,RAMOS,Maternal I,0,507.0,5,0,5,0,2025,0.019417862207853187,2125526,272.6459722250481,0.4262485481997677,216.10801393728224,PPML-FE + Caged x grupo
2026,RAMOS,Maternal II,0,861.0,5,0,0,5,2025,0.019417862207853187,2125526,220.95495980818356,0.2803738317757009,241.4018691588785,PPML-FE + Caged x grupo
2026,REALENGO,Bercario,0,2915.0,5,5,0,0,2025,0.019417862207853187,2125526,879.0614814076488,0.22146562905317768,645.572308690013,PPML-FE + Caged x grupo
2026,REALENGO,Maternal I,0,1620.0,5,0,5,0,2025,0.019417862207853187,2125526,711.1629006528775,0.35798816568047337,579.9408284023668,PPML-FE + Caged x grupo
2026,REALENGO,Maternal II,0,1690.0,5,0,0,5,2025,0.019417862207853187,2125526,354.0383100158448,0.19872136387852957,335.83910495471497,PPML-FE + Caged x grupo
2026,RECREIO BANDEIRANTES,Bercario,0,2436.0,5,5,0,0,2025,0.019417862207853187,2125526,375.83327524765355,0.07967145790554415,194.07967145790556,PPML-FE + Caged x grupo
2026,RECREIO BANDEIRANTES,Maternal I,0,1258.0,5,0,5,0,2025,0.019417862207853187,2125526,282.53481603393874,0.1608761329305136,202.3821752265861,PPML-FE + Caged x grupo
2026,RECREIO BANDEIRANTES,Maternal II,0,1324.0,5,0,0,5,2025,0.019417862207853187,2125526,141.90209023503346,0.07563636363636364,100.14254545454546,PPML-FE + Caged x grupo
2026,RIACHUELO,Bercario,0,127.0,5,5,0,0,2025,0.019417862207853187,2125526,26.207188131046557,0.24285714285714285,30.84285714285714,PPML-FE + Caged x grupo
2026,RIACHUELO,Maternal I,0,76.0,5,0,5,0,2025,0.019417862207853187,2125526,22.82988291834122,0.2222222222222222,16.88888888888889,PPML-FE + Caged x grupo
2026,RIACHUELO,Maternal II,0,63.0,5,0,0,5,2025,0.019417862207853187,2125526,9.031088906308664,0.09090909090909091,5.7272727272727275,PPML-FE + Caged x grupo
2026,RIBEIRA,Bercario,0,48.0,5,5,0,0,2025,0.019417862207853187,2125526,9.81361157552699,0.13043478260869565,6.260869565217391,PPML-FE + Caged x grupo
2026,RIBEIRA,Maternal I,0,20.0,5,0,5,0,2025,0.019417862207853187,2125526,5.95238494253345,0.19047619047619047,3.8095238095238093,PPML-FE + Caged x grupo
2026,RIBEIRA,Maternal II,0,21.0,5,0,0,5,2025,0.019417862207853187,2125526,2.9825640906541855,0.047619047619047616,1.0,PPML-FE + Caged x grupo
2026,RICARDO ALBUQUERQUE,Bercario,0,490.0,5,5,0,0,2025,0.019417862207853187,2125526,181.58226292301222,0.21643286573146292,106.05210420841684,PPML-FE + Caged x grupo
2026,RICARDO ALBUQUERQUE,Maternal I,0,269.0,5,0,5,0,2025,0.019417862207853187,2125526,145.11189402661998,0.486013986013986,130.73776223776224,PPML-FE + Caged x grupo
2026,RICARDO ALBUQUERQUE,Maternal II,0,286.0,5,0,0,5,2025,0.019417862207853187,2125526,73.62515804238191,0.3054662379421222,87.36334405144694,PPML-FE + Caged x grupo
2026,RIO COMPRIDO,Bercario,0,700.0,5,5,0,0,2025,0.019417862207853187,2125526,238.7671498228393,0.3079136690647482,215.53956834532374,PPML-FE + Caged x grupo
2026,RIO COMPRIDO,Maternal I,0,343.0,5,0,5,0,2025,0.019417862207853187,2125526,170.3115266273124,0.29396984924623115,100.83165829145729,PPML-FE + Caged x grupo
2026,RIO COMPRIDO,Maternal II,0,398.0,5,0,0,5,2025,0.019417862207853187,2125526,94.30668305838768,0.19270833333333334,76.69791666666667,PPML-FE + Caged x grupo
2026,ROCHA,Bercario,0,318.0,5,5,0,0,2025,0.019417862207853187,2125526,100.0227051984072,0.3116438356164384,99.10273972602741,PPML-FE + Caged x grupo
2026,ROCHA,Maternal I,0,155.0,5,0,5,0,2025,0.019417862207853187,2125526,70.97028691845738,0.20967741935483872,32.5,PPML-FE + Caged x grupo
2026,ROCHA,Maternal II,0,186.0,5,0,0,5,2025,0.019417862207853187,2125526,40.64127117545366,0.1282051282051282,23.846153846153843,PPML-FE + Caged x grupo
2026,ROCHA MIRANDA,Bercario,0,691.0,5,5,0,0,2025,0.019417862207853187,2125526,197.98133435046302,0.23342541436464087,161.29696132596683,PPML-FE + Caged x grupo
2026,ROCHA MIRANDA,Maternal I,0,358.0,5,0,5,0,2025,0.019417862207853187,2125526,149.31471608922467,0.3388888888888889,121.32222222222222,PPML-FE + Caged x grupo
2026,ROCHA MIRANDA,Maternal II,0,360.0,5,0,0,5,2025,0.019417862207853187,2125526,71.65253554301796,0.22972972972972974,82.70270270270271,PPML-FE + Caged x grupo
2026,ROCINHA,Bercario,0,1375.0,5,5,0,0,2025,0.019417862207853187,2125526,247.21468881957182,0.23117076808351977,317.85980611483967,PPML-FE + Caged x grupo
2026,ROCINHA,Maternal I,0,657.0,5,0,5,0,2025,0.019417862207853187,2125526,171.9532266923411,0.3619047619047619,237.77142857142857,PPML-FE + Caged x grupo
2026,ROCINHA,Maternal II,0,735.0,5,0,0,5,2025,0.019417862207853187,2125526,91.7998085666199,0.20448179271708683,150.2941176470588,PPML-FE + Caged x grupo
2026,SAMPAIO,Bercario,0,201.0,5,5,0,0,2025,0.019417862207853187,2125526,68.93750666247409,0.41363636363636364,83.14090909090909,PPML-FE + Caged x grupo
2026,SAMPAIO,Maternal I,0,117.0,5,0,5,0,2025,0.019417862207853187,2125526,58.414244303560494,0.296875,34.734375,PPML-FE + Caged x grupo
2026,SAMPAIO,Maternal II,0,128.0,5,0,0,5,2025,0.019417862207853187,2125526,30.49666483893711,0.14049586776859505,17.983471074380166,PPML-FE + Caged x grupo
2026,SANTA CRUZ,Bercario,0,6118.0,5,5,0,0,2025,0.019417862207853187,2125526,1922.9058391477492,0.3136897864591955,1919.154113557358,PPML-FE + Caged x grupo
2026,SANTA CRUZ,Maternal I,0,3109.0,5,0,5,0,2025,0.019417862207853187,2125526,1422.4684879038455,0.44969850841002856,1398.1126626467787,PPML-FE + Caged x grupo
2026,SANTA CRUZ,Maternal II,0,3151.0,5,0,0,5,2025,0.019417862207853187,2125526,687.9863340291804,0.20204081632653062,636.630612244898,PPML-FE + Caged x grupo
2026,SANTA TERESA,Bercario,0,609.0,5,5,0,0,2025,0.019417862207853187,2125526,205.7906059329211,0.29983525535420097,182.5996705107084,PPML-FE + Caged x grupo
2026,SANTA TERESA,Maternal I,0,313.0,5,0,5,0,2025,0.019417862207853187,2125526,153.9664078240711,0.3522727272727273,110.26136363636364,PPML-FE + Caged x grupo
2026,SANTA TERESA,Maternal II,0,352.0,5,0,0,5,2025,0.019417862207853187,2125526,82.6292440646052,0.14713896457765668,51.792915531335154,PPML-FE + Caged x grupo
2026,SANTISSIMO,Bercario,0,953.0,5,5,0,0,2025,0.019417862207853187,2125526,367.71463316662044,0.27689243027888444,263.8784860557769,PPML-FE + Caged x grupo
2026,SANTISSIMO,Maternal I,0,521.0,5,0,5,0,2025,0.019417862207853187,2125526,292.63692333313776,0.5106382978723404,266.04255319148933,PPML-FE + Caged x grupo
2026,SANTISSIMO,Maternal II,0,517.0,5,0,0,5,2025,0.019417862207853187,2125526,138.5770839228805,0.19939577039274925,103.08761329305136,PPML-FE + Caged x grupo
2026,SANTO CRISTO,Bercario,0,244.0,5,5,0,0,2025,0.019417862207853187,2125526,77.14314884384586,0.3241106719367589,79.08300395256917,PPML-FE + Caged x grupo
2026,SANTO CRISTO,Maternal I,0,135.0,5,0,5,0,2025,0.019417862207853187,2125526,62.13190803400204,0.37748344370860926,50.96026490066225,PPML-FE + Caged x grupo
2026,SANTO CRISTO,Maternal II,0,151.0,5,0,0,5,2025,0.019417862207853187,2125526,33.16403355019682,0.14367816091954022,21.695402298850574,PPML-FE + Caged x grupo
2026,SAO CONRADO,Bercario,0,157.0,5,5,0,0,2025,0.019417862207853187,2125526,22.971604824002256,0.13385826771653545,21.015748031496067,PPML-FE + Caged x grupo
2026,SAO CONRADO,Maternal I,0,56.0,5,0,5,0,2025,0.019417862207853187,2125526,11.927600863286447,0.011904761904761904,0.6666666666666666,PPML-FE + Caged x grupo
2026,SAO CONRADO,Maternal II,0,84.0,5,0,0,5,2025,0.019417862207853187,2125526,8.537954442018208,0.013157894736842105,1.1052631578947367,PPML-FE + Caged x grupo
2026,SAO CRISTOVAO,Bercario,0,547.0,5,5,0,0,2025,0.019417862207853187,2125526,205.30587656203633,0.43859649122807015,239.91228070175438,PPML-FE + Caged x grupo
2026,SAO CRISTOVAO,Maternal I,0,307.0,5,0,5,0,2025,0.019417862207853187,2125526,167.73582005421642,0.3767441860465116,115.66046511627907,PPML-FE + Caged x grupo
2026,SAO CRISTOVAO,Maternal II,0,430.0,5,0,0,5,2025,0.019417862207853187,2125526,112.11542631745745,0.17954545454545454,77.20454545454545,PPML-FE + Caged x grupo
2026,SAO FRANCISCO XAVIER,Bercario,0,108.0,5,5,0,0,2025,0.019417862207853187,2125526,25.80599190946051,0.18181818181818182,19.636363636363637,PPML-FE + Caged x grupo
2026,SAO FRANCISCO XAVIER,Maternal I,0,49.0,5,0,5,0,2025,0.019417862207853187,2125526,17.043793664328444,0.35,17.15,PPML-FE + Caged x grupo
2026,SAO FRANCISCO XAVIER,Maternal II,0,60.0,5,0,0,5,2025,0.019417862207853187,2125526,9.959348155156944,0.10909090909090909,6.545454545454545,PPML-FE + Caged x grupo
2026,SAUDE,Bercario,0,34.0,5,5,0,0,2025,0.019417862207853187,2125526,7.489870946890801,0.12962962962962962,4.407407407407407,PPML-FE + Caged x grupo
2026,SAUDE,Maternal I,0,33.0,5,0,5,0,2025,0.019417862207853187,2125526,10.582365177338723,0.2631578947368421,8.68421052631579,PPML-FE + Caged x grupo
2026,SAUDE,Maternal II,0,19.0,5,0,0,5,2025,0.019417862207853187,2125526,2.907581396710825,0.0625,1.1875,PPML-FE + Caged x grupo
2026,SENADOR CAMARA,Bercario,0,1966.0,5,5,0,0,2025,0.019417862207853187,2125526,654.2693873669037,0.17189030362389815,337.93633692458377,PPML-FE + Caged x grupo
2026,SENADOR CAMARA,Maternal I,0,1070.0,5,0,5,0,2025,0.019417862207853187,2125526,518.3585320689178,0.37095363079615046,396.920384951881,PPML-FE + Caged x grupo
2026,SENADOR CAMARA,Maternal II,0,1143.0,5,0,0,5,2025,0.019417862207853187,2125526,264.24220232076505,0.25602660016625106,292.638403990025,PPML-FE + Caged x grupo
2026,SENADOR VASCONCELOS,Bercario,0,601.0,5,5,0,0,2025,0.019417862207853187,2125526,240.6619586392533,0.22982456140350876,138.12456140350878,PPML-FE + Caged x grupo
2026,SENADOR VASCONCELOS,Maternal I,0,267.0,5,0,5,0,2025,0.019417862207853187,2125526,155.6387101146329,0.5098039215686274,136.1176470588235,PPML-FE + Caged x grupo
2026,SENADOR VASCONCELOS,Maternal II,0,306.0,5,0,0,5,2025,0.019417862207853187,2125526,85.12110724716233,0.2134502923976608,65.3157894736842,PPML-FE + Caged x grupo
2026,SEPETIBA,Bercario,0,1429.0,5,5,0,0,2025,0.019417862207853187,2125526,506.28441940625515,0.4567143830947512,652.6448534423995,PPML-FE + Caged x grupo
2026,SEPETIBA,Maternal I,0,770.0,5,0,5,0,2025,0.019417862207853187,2125526,397.12428453689506,0.4481792717086835,345.0980392156863,PPML-FE + Caged x grupo
2026,SEPETIBA,Maternal II,0,714.0,5,0,0,5,2025,0.019417862207853187,2125526,175.72898812058196,0.2857142857142857,204.0,PPML-FE + Caged x grupo
2026,TANQUE,Bercario,0,806.0,5,5,0,0,2025,0.019417862207853187,2125526,288.364843460698,0.2720496894409938,219.272049689441,PPML-FE + Caged x grupo
2026,TANQUE,Maternal I,0,384.0,5,0,5,0,2025,0.019417862207853187,2125526,199.9916578755181,0.5459317585301837,209.63779527559055,PPML-FE + Caged x grupo
2026,TANQUE,Maternal II,0,381.0,5,0,0,5,2025,0.019417862207853187,2125526,94.69239655544118,0.20361990950226244,77.57918552036199,PPML-FE + Caged x grupo
2026,TAQUARA,Bercario,0,1942.0,5,5,0,0,2025,0.019417862207853187,2125526,495.88912574706126,0.21339113680154143,414.40558766859345,PPML-FE + Caged x grupo
2026,TAQUARA,Maternal I,0,1106.0,5,0,5,0,2025,0.019417862207853187,2125526,411.11552066099944,0.2782874617737003,307.7859327217125,PPML-FE + Caged x grupo
2026,TAQUARA,Maternal II,0,1308.0,5,0,0,5,2025,0.019417862207853187,2125526,232.0202904490859,0.16189000774593337,211.75213013168084,PPML-FE + Caged x grupo
2026,TAUA,Bercario,0,436.0,5,5,0,0,2025,0.019417862207853187,2125526,132.08418742797755,0.26605504587155965,116.0,PPML-FE + Caged x grupo
2026,TAUA,Maternal I,0,226.0,5,0,5,0,2025,0.019417862207853187,2125526,99.66580186653843,0.3627450980392157,81.98039215686275,PPML-FE + Caged x grupo
2026,TAUA,Maternal II,0,204.0,5,0,0,5,2025,0.019417862207853187,2125526,42.93162921001966,0.14122137404580154,28.809160305343514,PPML-FE + Caged x grupo
2026,TIJUCA,Bercario,0,1839.0,5,5,0,0,2025,0.019417862207853187,2125526,303.15480128490924,0.14856557377049182,273.2120901639345,PPML-FE + Caged x grupo
2026,TIJUCA,Maternal I,0,1042.0,5,0,5,0,2025,0.019417862207853187,2125526,250.04825446299049,0.14800389483933787,154.22005842259006,PPML-FE + Caged x grupo
2026,TIJUCA,Maternal II,0,1027.0,5,0,0,5,2025,0.019417862207853187,2125526,117.60777347673333,0.05711422845691383,58.6563126252505,PPML-FE + Caged x grupo
2026,TODOS OS SANTOS,Bercario,0,263.0,5,5,0,0,2025,0.019417862207853187,2125526,38.37367972202634,0.055762081784386616,14.66542750929368,PPML-FE + Caged x grupo
2026,TODOS OS SANTOS,Maternal I,0,142.0,5,0,5,0,2025,0.019417862207853187,2125526,30.1605619452889,0.14285714285714285,20.285714285714285,PPML-FE + Caged x grupo
2026,TODOS OS SANTOS,Maternal II,0,140.0,5,0,0,5,2025,0.019417862207853187,2125526,14.190202613491698,0.07534246575342465,10.54794520547945,PPML-FE + Caged x grupo
2026,TOMAS COELHO,Bercario,0,401.0,5,5,0,0,2025,0.019417862207853187,2125526,132.33358988206126,0.2311212814645309,92.67963386727689,PPML-FE + Caged x grupo
2026,TOMAS COELHO,Maternal I,0,230.0,5,0,5,0,2025,0.019417862207853187,2125526,110.49101012267907,0.34782608695652173,80.0,PPML-FE + Caged x grupo
2026,TOMAS COELHO,Maternal II,0,230.0,5,0,0,5,2025,0.019417862207853187,2125526,52.72740771553491,0.15234375,35.0390625,PPML-FE + Caged x grupo
2026,TURIACU,Bercario,0,269.0,5,5,0,0,2025,0.019417862207853187,2125526,81.90589228462129,0.21933085501858737,59.0,PPML-FE + Caged x grupo
2026,TURIACU,Maternal I,0,140.0,5,0,5,0,2025,0.019417862207853187,2125526,62.053215110861075,0.24675324675324675,34.54545454545455,PPML-FE + Caged x grupo
2026,TURIACU,Maternal II,0,154.0,5,0,0,5,2025,0.019417862207853187,2125526,32.57365179787093,0.1506849315068493,23.205479452054792,PPML-FE + Caged x grupo
2026,URCA,Bercario,0,93.0,5,5,0,0,2025,0.019417862207853187,2125526,16.120846759216832,0.05,4.65,PPML-FE + Caged x grupo
2026,URCA,Maternal I,0,38.0,5,0,5,0,2025,0.019417862207853187,2125526,9.588747540209962,0.12,4.56,PPML-FE + Caged x grupo
2026,URCA,Maternal II,0,50.0,5,0,0,5,2025,0.019417862207853187,2125526,6.020849456113917,0.0425531914893617,2.127659574468085,PPML-FE + Caged x grupo
2026,VARGEM GRANDE,Bercario,0,494.0,5,5,0,0,2025,0.019417862207853187,2125526,120.79570863695743,0.2682926829268293,132.53658536585365,PPML-FE + Caged x grupo
2026,VARGEM GRANDE,Maternal I,0,292.0,5,0,5,0,2025,0.019417862207853187,2125526,103.93954108974215,0.2913907284768212,85.08609271523179,PPML-FE + Caged x grupo
2026,VARGEM GRANDE,Maternal II,0,302.0,5,0,0,5,2025,0.019417862207853187,2125526,51.29964536038895,0.25,75.5,PPML-FE + Caged x grupo
2026,VARGEM PEQUENA,Bercario,0,667.0,5,5,0,0,2025,0.019417862207853187,2125526,137.87546655599792,0.1648793565683646,109.9745308310992,PPML-FE + Caged x grupo
2026,VARGEM PEQUENA,Maternal I,0,408.0,5,0,5,0,2025,0.019417862207853187,2125526,122.77069399285101,0.2328767123287671,95.01369863013699,PPML-FE + Caged x grupo
2026,VARGEM PEQUENA,Maternal II,0,365.0,5,0,0,5,2025,0.019417862207853187,2125526,52.412742943793,0.16879795396419436,61.611253196930946,PPML-FE + Caged x grupo
2026,VASCO GAMA,Bercario,0,264.0,5,5,0,0,2025,0.019417862207853187,2125526,53.65736432645185,0.08290155440414508,21.8860103626943,PPML-FE + Caged x grupo
2026,VASCO GAMA,Maternal I,0,59.0,5,0,5,0,2025,0.019417862207853187,2125526,17.456244148862638,0.631578947368421,37.26315789473684,PPML-FE + Caged x grupo
2026,VASCO GAMA,Maternal II,0,19.0,5,0,0,5,2025,0.019417862207853187,2125526,2.6826367702911655,0.08536585365853659,1.6219512195121952,PPML-FE + Caged x grupo
2026,VAZ LOBO,Bercario,0,269.0,5,5,0,0,2025,0.019417862207853187,2125526,86.94856956777885,0.23958333333333334,64.44791666666667,PPML-FE + Caged x grupo
2026,VAZ LOBO,Maternal I,0,155.0,5,0,5,0,2025,0.019417862207853187,2125526,72.93151687116476,0.3419354838709677,53.0,PPML-FE + Caged x grupo
2026,VAZ LOBO,Maternal II,0,155.0,5,0,0,5,2025,0.019417862207853187,2125526,34.803644397029586,0.18518518518518517,28.703703703703702,PPML-FE + Caged x grupo
2026,VICENTE CARVALHO,Bercario,0,350.0,5,5,0,0,2025,0.019417862207853187,2125526,105.54758125327245,0.22994652406417113,80.4812834224599,PPML-FE + Caged x grupo
2026,VICENTE CARVALHO,Maternal I,0,207.0,5,0,5,0,2025,0.019417862207853187,2125526,90.87072082557177,0.31063829787234043,64.30212765957447,PPML-FE + Caged x grupo
2026,VICENTE CARVALHO,Maternal II,0,235.0,5,0,0,5,2025,0.019417862207853187,2125526,49.23012813824643,0.14864864864864866,34.932432432432435,PPML-FE + Caged x grupo
2026,VIDIGAL,Bercario,0,272.0,5,5,0,0,2025,0.019417862207853187,2125526,97.24546885721027,0.36,97.92,PPML-FE + Caged x grupo
2026,VIDIGAL,Maternal I,0,182.0,5,0,5,0,2025,0.019417862207853187,2125526,94.72077550739617,0.42105263157894735,76.63157894736841,PPML-FE + Caged x grupo
2026,VIDIGAL,Maternal II,0,152.0,5,0,0,5,2025,0.019417862207853187,2125526,37.75086622567527,0.13609467455621302,20.68639053254438,PPML-FE + Caged x grupo
2026,VIGARIO GERAL,Bercario,0,753.0,5,5,0,0,2025,0.019417862207853187,2125526,214.0651354749534,0.2112676056338028,159.0845070422535,PPML-FE + Caged x grupo
2026,VIGARIO GERAL,Maternal I,0,390.0,5,0,5,0,2025,0.019417862207853187,2125526,161.39458424602302,0.4582210242587601,178.70619946091645,PPML-FE + Caged x grupo
2026,VIGARIO GERAL,Maternal II,0,371.0,5,0,0,5,2025,0.019417862207853187,2125526,73.26688647919723,0.15876777251184834,58.90284360189573,PPML-FE + Caged x grupo
2026,VILA ISABEL,Bercario,0,861.0,5,5,0,0,2025,0.019417862207853187,2125526,172.29844143533703,0.20705346985210465,178.2730375426621,PPML-FE + Caged x grupo
2026,VILA ISABEL,Maternal I,0,460.0,5,0,5,0,2025,0.019417862207853187,2125526,134.00142468960402,0.17536534446764093,80.66805845511483,PPML-FE + Caged x grupo
2026,VILA ISABEL,Maternal II,0,479.0,5,0,0,5,2025,0.019417862207853187,2125526,66.58809244225681,0.08630393996247655,41.33958724202627,PPML-FE + Caged x grupo
2026,VILA KENNEDY,Bercario,0,423.0,5,5,0,0,2025,0.019417862207853187,2125526,31.77271944376042,0.001976284584980237,0.8359683794466403,PPML-FE + Caged x grupo
2026,VILA KENNEDY,Maternal I,0,277.0,5,0,5,0,2025,0.019417862207853187,2125526,30.287761457117572,0.045454545454545456,12.590909090909092,PPML-FE + Caged x grupo
2026,VILA KENNEDY,Maternal II,0,44.0,5,0,0,5,2025,0.019417862207853187,2125526,2.2958819827938126,0.0,0.0,PPML-FE + Caged x grupo
2026,VILA KOSMOS,Bercario,0,202.0,5,5,0,0,2025,0.019417862207853187,2125526,62.63262993352914,0.16748768472906403,33.83251231527093,PPML-FE + Caged x grupo
2026,VILA KOSMOS,Maternal I,0,115.0,5,0,5,0,2025,0.019417862207853187,2125526,51.90635175717861,0.37962962962962965,43.65740740740741,PPML-FE + Caged x grupo
2026,VILA KOSMOS,Maternal II,0,108.0,5,0,0,5,2025,0.019417862207853187,2125526,23.26247379657936,0.14634146341463414,15.804878048780488,PPML-FE + Caged x grupo
2026,VILA MILITAR,Bercario,0,241.0,5,5,0,0,2025,0.019417862207853187,2125526,32.999249691522536,0.022388059701492536,5.395522388059701,PPML-FE + Caged x grupo
2026,VILA MILITAR,Maternal I,0,151.0,5,0,5,0,2025,0.019417862207853187,2125526,30.097980513067167,0.12222222222222222,18.455555555555556,PPML-FE + Caged x grupo
2026,VILA MILITAR,Maternal II,0,90.0,5,0,0,5,2025,0.019417862207853187,2125526,8.560761444540095,0.11258278145695365,10.132450331125828,PPML-FE + Caged x grupo
2026,VILA PENHA,Bercario,0,251.0,5,5,0,0,2025,0.019417862207853187,2125526,46.758420295969664,0.22137404580152673,55.56488549618321,PPML-FE + Caged x grupo
2026,VILA PENHA,Maternal I,0,134.0,5,0,5,0,2025,0.019417862207853187,2125526,36.338273878395974,0.32298136645962733,43.27950310559006,PPML-FE + Caged x grupo
2026,VILA PENHA,Maternal II,0,161.0,5,0,0,5,2025,0.019417862207853187,2125526,20.83506442919335,0.08791208791208792,14.153846153846155,PPML-FE + Caged x grupo
2026,VILA VALQUEIRE,Bercario,0,556.0,5,5,0,0,2025,0.019417862207853187,2125526,119.11273411277584,0.15034965034965034,83.59440559440559,PPML-FE + Caged x grupo
2026,VILA VALQUEIRE,Maternal I,0,285.0,5,0,5,0,2025,0.019417862207853187,2125526,88.87950936938698,0.33223684210526316,94.6875,PPML-FE + Caged x grupo
2026,VILA VALQUEIRE,Maternal II,0,304.0,5,0,0,5,2025,0.019417862207853187,2125526,45.24179717786913,0.16287878787878787,49.515151515151516,PPML-FE + Caged x grupo
2026,VISTA ALEGRE,Bercario,0,88.0,5,5,0,0,2025,0.019417862207853187,2125526,22.826512068547782,0.272,23.936,PPML-FE + Caged x grupo
2026,VISTA ALEGRE,Maternal I,0,75.0,5,0,5,0,2025,0.019417862207853187,2125526,28.319888127164614,0.32727272727272727,24.545454545454547,PPML-FE + Caged x grupo
2026,VISTA ALEGRE,Maternal II,0,55.0,5,0,0,5,2025,0.019417862207853187,2125526,9.910656771620513,0.22413793103448276,12.327586206896552,PPML-FE + Caged x grupo
2026,ZUMBI,Bercario,0,36.0,5,5,0,0,2025,0.019417862207853187,2125526,7.509375033040402,0.2,7.2,PPML-FE + Caged x grupo
2026,ZUMBI,Maternal I,0,17.0,5,0,5,0,2025,0.019417862207853187,2125526,5.162066578095652,0.12,2.04,PPML-FE + Caged x grupo
2026,ZUMBI,Maternal II,0,25.0,5,0,0,5,2025,0.019417862207853187,2125526,3.622631550265803,0.08695652173913043,2.1739130434782608,PPML-FE + Caged x grupo
2026,ABOLICAO,Bercario,0,125.0,5,5,0,0,2025,0.019417862207853187,2125526,16.23580583533276,0.1232876712328767,15.410958904109588,PPML-FE Caged x grupo sem tendencia
2026,ABOLICAO,Maternal I,0,76.0,5,0,5,0,2025,0.019417862207853187,2125526,15.219615712569718,0.5,38.0,PPML-FE Caged x grupo sem tendencia
2026,ABOLICAO,Maternal II,0,78.0,5,0,0,5,2025,0.019417862207853187,2125526,10.204339730935603,0.14130434782608695,11.021739130434781,PPML-FE Caged x grupo sem tendencia
2026,ACARI,Bercario,0,735.0,5,5,0,0,2025,0.019417862207853187,2125526,188.69381969120832,0.2607052896725441,191.6183879093199,PPML-FE Caged x grupo sem tendencia
2026,ACARI,Maternal I,0,415.0,5,0,5,0,2025,0.019417862207853187,2125526,164.26486919653112,0.5872235872235873,243.6977886977887,PPML-FE Caged x grupo sem tendencia
2026,ACARI,Maternal II,0,407.0,5,0,0,5,2025,0.019417862207853187,2125526,105.24251464416233,0.1984924623115578,80.78643216080403,PPML-FE Caged x grupo sem tendencia
2026,AGUA SANTA,Bercario,0,115.0,5,5,0,0,2025,0.019417862207853187,2125526,16.567280087153016,0.09090909090909091,10.454545454545455,PPML-FE Caged x grupo sem tendencia
2026,AGUA SANTA,Maternal I,0,54.0,5,0,5,0,2025,0.019417862207853187,2125526,11.994258172131405,0.2753623188405797,14.869565217391305,PPML-FE Caged x grupo sem tendencia
2026,AGUA SANTA,Maternal II,0,69.0,5,0,0,5,2025,0.019417862207853187,2125526,10.012186605754406,0.1,6.9,PPML-FE Caged x grupo sem tendencia
2026,ALTO BOA VISTA,Bercario,0,124.0,5,5,0,0,2025,0.019417862207853187,2125526,22.94334330333001,0.2792207792207792,34.62337662337662,PPML-FE Caged x grupo sem tendencia
2026,ALTO BOA VISTA,Maternal I,0,99.0,5,0,5,0,2025,0.019417862207853187,2125526,28.24206652273271,0.45714285714285713,45.25714285714285,PPML-FE Caged x grupo sem tendencia
2026,ALTO BOA VISTA,Maternal II,0,70.0,5,0,0,5,2025,0.019417862207853187,2125526,13.045463945526263,0.08823529411764706,6.176470588235294,PPML-FE Caged x grupo sem tendencia
2026,ANCHIETA,Bercario,0,1148.0,5,5,0,0,2025,0.019417862207853187,2125526,220.98372065267765,0.2139261744966443,245.58724832214767,PPML-FE Caged x grupo sem tendencia
2026,ANCHIETA,Maternal I,0,641.0,5,0,5,0,2025,0.019417862207853187,2125526,190.24036982237615,0.46112600536193027,295.5817694369973,PPML-FE Caged x grupo sem tendencia
2026,ANCHIETA,Maternal II,0,746.0,5,0,0,5,2025,0.019417862207853187,2125526,144.6384274114165,0.260806916426513,194.56195965417868,PPML-FE Caged x grupo sem tendencia
2026,ANDARAI,Bercario,0,438.0,5,5,0,0,2025,0.019417862207853187,2125526,56.61631854234163,0.19389978213507625,84.9281045751634,PPML-FE Caged x grupo sem tendencia
2026,ANDARAI,Maternal I,0,237.0,5,0,5,0,2025,0.019417862207853187,2125526,47.23262909581063,0.19330855018587362,45.814126394052046,PPML-FE Caged x grupo sem tendencia
2026,ANDARAI,Maternal II,0,269.0,5,0,0,5,2025,0.019417862207853187,2125526,35.022429201733736,0.08368200836820083,22.510460251046023,PPML-FE Caged x grupo sem tendencia
2026,ANIL,Bercario,0,662.0,5,5,0,0,2025,0.019417862207853187,2125526,381.7176691793235,0.39444444444444443,261.1222222222222,PPML-FE Caged x grupo sem tendencia
2026,ANIL,Maternal I,0,367.0,5,0,5,0,2025,0.019417862207853187,2125526,326.2695896783676,0.8656036446469249,317.67653758542144,PPML-FE Caged x grupo sem tendencia
2026,ANIL,Maternal II,0,439.0,5,0,0,5,2025,0.019417862207853187,2125526,254.9618868863715,1.049095607235142,460.5529715762274,PPML-FE Caged x grupo sem tendencia
2026,BANCARIOS,Bercario,0,256.0,5,5,0,0,2025,0.019417862207853187,2125526,47.73421411547098,0.316,80.896,PPML-FE Caged x grupo sem tendencia
2026,BANCARIOS,Maternal I,0,123.0,5,0,5,0,2025,0.019417862207853187,2125526,35.36072669893583,0.21505376344086022,26.451612903225808,PPML-FE Caged x grupo sem tendencia
2026,BANCARIOS,Maternal II,0,186.0,5,0,0,5,2025,0.019417862207853187,2125526,34.932464484774954,0.2446043165467626,45.49640287769784,PPML-FE Caged x grupo sem tendencia
2026,BANGU,Bercario,0,3901.0,5,5,0,0,2025,0.019417862207853187,2125526,845.6617538889141,0.25098425196850394,979.0895669291339,PPML-FE Caged x grupo sem tendencia
2026,BANGU,Maternal I,0,2138.0,5,0,5,0,2025,0.019417862207853187,2125526,714.586321490976,0.34335635920357577,734.0958959772449,PPML-FE Caged x grupo sem tendencia
2026,BANGU,Maternal II,0,2461.0,5,0,0,5,2025,0.019417862207853187,2125526,537.3519427309551,0.20786298170494355,511.5507979758661,PPML-FE Caged x grupo sem tendencia
2026,BARRA GUARATIBA,Bercario,0,94.0,5,5,0,0,2025,0.019417862207853187,2125526,11.366689723869326,0.17699115044247787,16.63716814159292,PPML-FE Caged x grupo sem tendencia
2026,BARRA GUARATIBA,Maternal I,0,71.0,5,0,5,0,2025,0.019417862207853187,2125526,13.23703627511943,0.22807017543859648,16.19298245614035,PPML-FE Caged x grupo sem tendencia
2026,BARRA GUARATIBA,Maternal II,0,57.0,5,0,0,5,2025,0.019417862207853187,2125526,6.942365550811597,0.2112676056338028,12.04225352112676,PPML-FE Caged x grupo sem tendencia
2026,BARRA OLIMPICA,Bercario,0,1025.0,5,5,0,0,2025,0.019417862207853187,2125526,148.16535497426096,0.13026819923371646,133.52490421455937,PPML-FE Caged x grupo sem tendencia
2026,BARRA TIJUCA,Bercario,0,2259.0,5,5,0,0,2025,0.019417862207853187,2125526,78.767126760859,0.01758901758901759,39.73359073359074,PPML-FE Caged x grupo sem tendencia
2026,BARRA TIJUCA,Maternal I,0,1168.0,5,0,5,0,2025,0.019417862207853187,2125526,62.79106862014115,0.07933884297520662,92.66776859504132,PPML-FE Caged x grupo sem tendencia
2026,BARRA TIJUCA,Maternal II,0,1210.0,5,0,0,5,2025,0.019417862207853187,2125526,42.4952720172504,0.020066889632107024,24.2809364548495,PPML-FE Caged x grupo sem tendencia
2026,BARROS FILHO,Bercario,0,361.0,5,5,0,0,2025,0.019417862207853187,2125526,71.68309698625956,0.2446043165467626,88.3021582733813,PPML-FE Caged x grupo sem tendencia
2026,BARROS FILHO,Maternal I,0,222.0,5,0,5,0,2025,0.019417862207853187,2125526,67.96554307561593,0.3048128342245989,67.66844919786097,PPML-FE Caged x grupo sem tendencia
2026,BARROS FILHO,Maternal II,0,187.0,5,0,0,5,2025,0.019417862207853187,2125526,37.40051955644037,0.20089285714285715,37.566964285714285,PPML-FE Caged x grupo sem tendencia
2026,BENFICA,Bercario,0,603.0,5,5,0,0,2025,0.019417862207853187,2125526,188.3831844326189,0.3128491620111732,188.64804469273744,PPML-FE Caged x grupo sem tendencia
2026,BENFICA,Maternal I,0,408.0,5,0,5,0,2025,0.019417862207853187,2125526,196.52203088932097,0.465625,189.975,PPML-FE Caged x grupo sem tendencia
2026,BENFICA,Maternal II,0,320.0,5,0,0,5,2025,0.019417862207853187,2125526,100.6934614718601,0.2647058823529412,84.70588235294117,PPML-FE Caged x grupo sem tendencia
2026,BENTO RIBEIRO,Bercario,0,590.0,5,5,0,0,2025,0.019417862207853187,2125526,93.37310426906481,0.16940789473684212,99.95065789473685,PPML-FE Caged x grupo sem tendencia
2026,BENTO RIBEIRO,Maternal I,0,319.0,5,0,5,0,2025,0.019417862207853187,2125526,77.83711446185512,0.3787375415282392,120.8172757475083,PPML-FE Caged x grupo sem tendencia
2026,BENTO RIBEIRO,Maternal II,0,301.0,5,0,0,5,2025,0.019417862207853187,2125526,47.9802771128415,0.18285714285714286,55.04,PPML-FE Caged x grupo sem tendencia
2026,BONSUCESSO,Bercario,0,658.0,5,5,0,0,2025,0.019417862207853187,2125526,142.42794103334367,0.5667655786350149,372.9317507418398,PPML-FE Caged x grupo sem tendencia
2026,BONSUCESSO,Maternal I,0,397.0,5,0,5,0,2025,0.019417862207853187,2125526,132.49090538832004,0.3436657681940701,136.43530997304583,PPML-FE Caged x grupo sem tendencia
2026,BONSUCESSO,Maternal II,0,742.0,5,0,0,5,2025,0.019417862207853187,2125526,161.77063051296568,0.261986301369863,194.39383561643834,PPML-FE Caged x grupo sem tendencia
2026,BOTAFOGO,Bercario,0,1069.0,5,5,0,0,2025,0.019417862207853187,2125526,69.20381109794826,0.10664172123479888,114.0,PPML-FE Caged x grupo sem tendencia
2026,BOTAFOGO,Maternal I,0,528.0,5,0,5,0,2025,0.019417862207853187,2125526,52.70022725283697,0.13932980599647266,73.56613756613756,PPML-FE Caged x grupo sem tendencia
2026,BOTAFOGO,Maternal II,0,567.0,5,0,0,5,2025,0.019417862207853187,2125526,36.971054353590205,0.04903677758318739,27.80385288966725,PPML-FE Caged x grupo sem tendencia
2026,BRAS PINA,Bercario,0,725.0,5,5,0,0,2025,0.019417862207853187,2125526,98.03332279430603,0.2286096256684492,165.74197860962568,PPML-FE Caged x grupo sem tendencia
2026,BRAS PINA,Maternal I,0,390.0,5,0,5,0,2025,0.019417862207853187,2125526,81.30674634092826,0.4580335731414868,178.63309352517985,PPML-FE Caged x grupo sem tendencia
2026,BRAS PINA,Maternal II,0,417.0,5,0,0,5,2025,0.019417862207853187,2125526,56.793448772360705,0.1570796460176991,65.50221238938053,PPML-FE Caged x grupo sem tendencia
2026,CACHAMBI,Bercario,0,556.0,5,5,0,0,2025,0.019417862207853187,2125526,49.62054049729118,0.13580246913580246,75.50617283950616,PPML-FE Caged x grupo sem tendencia
2026,CACHAMBI,Maternal I,0,294.0,5,0,5,0,2025,0.019417862207853187,2125526,40.45388989124112,0.18627450980392157,54.76470588235294,PPML-FE Caged x grupo sem tendencia
2026,CACHAMBI,Maternal II,0,306.0,5,0,0,5,2025,0.019417862207853187,2125526,27.506453307376244,0.05379746835443038,16.462025316455698,PPML-FE Caged x grupo sem tendencia
2026,CACUIA,Bercario,0,167.0,5,5,0,0,2025,0.019417862207853187,2125526,23.76035230624742,0.18497109826589594,30.89017341040462,PPML-FE Caged x grupo sem tendencia
2026,CACUIA,Maternal I,0,90.0,5,0,5,0,2025,0.019417862207853187,2125526,19.742637564055336,0.2808988764044944,25.280898876404496,PPML-FE Caged x grupo sem tendencia
2026,CACUIA,Maternal II,0,89.0,5,0,0,5,2025,0.019417862207853187,2125526,12.754189981679543,0.3373493975903614,30.024096385542165,PPML-FE Caged x grupo sem tendencia
2026,CAJU,Bercario,0,603.0,5,5,0,0,2025,0.019417862207853187,2125526,138.5989504737191,0.27751196172248804,167.3397129186603,PPML-FE Caged x grupo sem tendencia
2026,CAJU,Maternal I,0,329.0,5,0,5,0,2025,0.019417862207853187,2125526,116.59093526056078,0.41389728096676737,136.17220543806647,PPML-FE Caged x grupo sem tendencia
2026,CAJU,Maternal II,0,331.0,5,0,0,5,2025,0.019417862207853187,2125526,76.62969442192514,0.16023738872403562,53.03857566765579,PPML-FE Caged x grupo sem tendencia
2026,CAMORIM,Bercario,0,55.0,5,5,0,0,2025,0.019417862207853187,2125526,23.71426955290638,0.6796116504854369,37.37864077669903,PPML-FE Caged x grupo sem tendencia
2026,CAMORIM,Maternal I,0,80.0,5,0,5,0,2025,0.019417862207853187,2125526,53.18183376850331,0.34959349593495936,27.96747967479675,PPML-FE Caged x grupo sem tendencia
2026,CAMORIM,Maternal II,0,123.0,5,0,0,5,2025,0.019417862207853187,2125526,53.416895559348596,0.25882352941176473,31.835294117647063,PPML-FE Caged x grupo sem tendencia
2026,CAMPINHO,Bercario,0,180.0,5,5,0,0,2025,0.019417862207853187,2125526,26.547484013570998,0.22164948453608246,39.896907216494846,PPML-FE Caged x grupo sem tendencia
2026,CAMPINHO,Maternal I,0,107.0,5,0,5,0,2025,0.019417862207853187,2125526,24.33105268863552,0.47,50.29,PPML-FE Caged x grupo sem tendencia
2026,CAMPINHO,Maternal II,0,100.0,5,0,0,5,2025,0.019417862207853187,2125526,14.85515998216727,0.1504424778761062,15.04424778761062,PPML-FE Caged x grupo sem tendencia
2026,CAMPO AFONSOS,Bercario,0,70.0,5,5,0,0,2025,0.019417862207853187,2125526,8.191485131845738,0.0410958904109589,2.8767123287671232,PPML-FE Caged x grupo sem tendencia
2026,CAMPO AFONSOS,Maternal I,0,41.0,5,0,5,0,2025,0.019417862207853187,2125526,7.39732539033292,0.03225806451612903,1.3225806451612903,PPML-FE Caged x grupo sem tendencia
2026,CAMPO AFONSOS,Maternal II,0,31.0,5,0,0,5,2025,0.019417862207853187,2125526,3.653867307086557,0.10344827586206896,3.206896551724138,PPML-FE Caged x grupo sem tendencia
2026,CAMPO GRANDE,Bercario,0,6911.0,5,5,0,0,2025,0.019417862207853187,2125526,1406.4662588839742,0.21254404510218464,1468.891895701198,PPML-FE Caged x grupo sem tendencia
2026,CAMPO GRANDE,Maternal I,0,3685.0,5,0,5,0,2025,0.019417862207853187,2125526,1156.2511449283322,0.3648717948717949,1344.5525641025642,PPML-FE Caged x grupo sem tendencia
2026,CAMPO GRANDE,Maternal II,0,3900.0,5,0,0,5,2025,0.019417862207853187,2125526,799.4282706433271,0.19133574007220217,746.2093862815884,PPML-FE Caged x grupo sem tendencia
2026,CASCADURA,Bercario,0,497.0,5,5,0,0,2025,0.019417862207853187,2125526,100.21137545155037,0.20840950639853748,103.57952468007312,PPML-FE Caged x grupo sem tendencia
2026,CASCADURA,Maternal I,0,293.0,5,0,5,0,2025,0.019417862207853187,2125526,91.08660460239639,0.3223684210526316,94.45394736842105,PPML-FE Caged x grupo sem tendencia
2026,CASCADURA,Maternal II,0,304.0,5,0,0,5,2025,0.019417862207853187,2125526,61.739156028122636,0.22448979591836735,68.24489795918367,PPML-FE Caged x grupo sem tendencia
2026,CATETE,Bercario,0,309.0,5,5,0,0,2025,0.019417862207853187,2125526,36.177859717985754,0.15963855421686746,49.32831325301204,PPML-FE Caged x grupo sem tendencia
2026,CATETE,Maternal I,0,169.0,5,0,5,0,2025,0.019417862207853187,2125526,30.50684912946303,0.19540229885057472,33.02298850574713,PPML-FE Caged x grupo sem tendencia
2026,CATETE,Maternal II,0,174.0,5,0,0,5,2025,0.019417862207853187,2125526,20.519185125217025,0.1375,23.925,PPML-FE Caged x grupo sem tendencia
2026,CATUMBI,Bercario,0,270.0,5,5,0,0,2025,0.019417862207853187,2125526,74.12315417667084,0.46037735849056605,124.30188679245283,PPML-FE Caged x grupo sem tendencia
2026,CATUMBI,Maternal I,0,127.0,5,0,5,0,2025,0.019417862207853187,2125526,53.7551535951148,0.33783783783783783,42.9054054054054,PPML-FE Caged x grupo sem tendencia
2026,CATUMBI,Maternal II,0,148.0,5,0,0,5,2025,0.019417862207853187,2125526,40.92402236458837,0.13259668508287292,19.624309392265193,PPML-FE Caged x grupo sem tendencia
2026,CAVALCANTE,Bercario,0,286.0,5,5,0,0,2025,0.019417862207853187,2125526,62.11226898948672,0.25675675675675674,73.43243243243244,PPML-FE Caged x grupo sem tendencia
2026,CAVALCANTE,Maternal I,0,153.0,5,0,5,0,2025,0.019417862207853187,2125526,51.23055382969978,0.4394904458598726,67.24203821656052,PPML-FE Caged x grupo sem tendencia
2026,CAVALCANTE,Maternal II,0,157.0,5,0,0,5,2025,0.019417862207853187,2125526,34.34294103726107,0.24539877300613497,38.52760736196319,PPML-FE Caged x grupo sem tendencia
2026,CENTRO,Bercario,0,365.0,5,5,0,0,2025,0.019417862207853187,2125526,88.20237907515329,0.328,119.72,PPML-FE Caged x grupo sem tendencia
2026,CENTRO,Maternal I,0,199.0,5,0,5,0,2025,0.019417862207853187,2125526,74.1424221924412,0.4074074074074074,81.07407407407408,PPML-FE Caged x grupo sem tendencia
2026,CENTRO,Maternal II,0,243.0,5,0,0,5,2025,0.019417862207853187,2125526,59.14529183867594,0.19123505976095617,46.47011952191235,PPML-FE Caged x grupo sem tendencia
2026,CIDADE DEUS,Bercario,0,1031.0,5,5,0,0,2025,0.019417862207853187,2125526,287.60405381367383,0.41379310344827586,426.6206896551724,PPML-FE Caged x grupo sem tendencia
2026,CIDADE DEUS,Maternal I,0,559.0,5,0,5,0,2025,0.019417862207853187,2125526,240.42211008094384,0.7123519458544839,398.2047377326565,PPML-FE Caged x grupo sem tendencia
2026,CIDADE DEUS,Maternal II,0,591.0,5,0,0,5,2025,0.019417862207853187,2125526,166.054362333868,0.13935681470137826,82.35987748851456,PPML-FE Caged x grupo sem tendencia
2026,CIDADE NOVA,Bercario,0,80.0,5,5,0,0,2025,0.019417862207853187,2125526,16.99087483370998,0.3125,25.0,PPML-FE Caged x grupo sem tendencia
2026,CIDADE NOVA,Maternal I,0,41.0,5,0,5,0,2025,0.019417862207853187,2125526,13.42566693521786,0.45652173913043476,18.717391304347824,PPML-FE Caged x grupo sem tendencia
2026,CIDADE NOVA,Maternal II,0,46.0,5,0,0,5,2025,0.019417862207853187,2125526,9.840338899701727,0.1,4.6000000000000005,PPML-FE Caged x grupo sem tendencia
2026,CIDADE UNIVERSITARIA,Bercario,0,25.0,5,5,0,0,2025,0.019417862207853187,2125526,3.4148454352848088,0.25,6.25,PPML-FE Caged x grupo sem tendencia
2026,CIDADE UNIVERSITARIA,Maternal I,0,13.0,5,0,5,0,2025,0.019417862207853187,2125526,2.7377932818821926,0.1,1.3,PPML-FE Caged x grupo sem tendencia
2026,CIDADE UNIVERSITARIA,Maternal II,0,10.0,5,0,0,5,2025,0.019417862207853187,2125526,1.3758069941886069,0.0,0.0,PPML-FE Caged x grupo sem tendencia
2026,COCOTA,Bercario,0,89.0,5,5,0,0,2025,0.019417862207853187,2125526,12.317303400116472,0.21052631578947367,18.736842105263158,PPML-FE Caged x grupo sem tendencia
2026,COCOTA,Maternal I,0,39.0,5,0,5,0,2025,0.019417862207853187,2125526,8.321785132076966,0.38461538461538464,15.0,PPML-FE Caged x grupo sem tendencia
2026,COCOTA,Maternal II,0,52.0,5,0,0,5,2025,0.019417862207853187,2125526,7.24862189510897,0.22857142857142856,11.885714285714286,PPML-FE Caged x grupo sem tendencia
2026,COELHO NETO,Bercario,0,507.0,5,5,0,0,2025,0.019417862207853187,2125526,141.3591894942208,0.31956912028725315,162.02154398563735,PPML-FE Caged x grupo sem tendencia
2026,COELHO NETO,Maternal I,0,314.0,5,0,5,0,2025,0.019417862207853187,2125526,134.98079876620412,0.49295774647887325,154.7887323943662,PPML-FE Caged x grupo sem tendencia
2026,COELHO NETO,Maternal II,0,284.0,5,0,0,5,2025,0.019417862207853187,2125526,79.75554692502821,0.31788079470198677,90.27814569536424,PPML-FE Caged x grupo sem tendencia
2026,COLEGIO,Bercario,0,574.0,5,5,0,0,2025,0.019417862207853187,2125526,115.77838090268273,0.23450586264656617,134.60636515912898,PPML-FE Caged x grupo sem tendencia
2026,COLEGIO,Maternal I,0,321.0,5,0,5,0,2025,0.019417862207853187,2125526,99.8267358155986,0.32285714285714284,103.63714285714285,PPML-FE Caged x grupo sem tendencia
2026,COLEGIO,Maternal II,0,350.0,5,0,0,5,2025,0.019417862207853187,2125526,71.106629664489,0.2937853107344633,102.82485875706215,PPML-FE Caged x grupo sem tendencia
2026,COMPLEXO ALEMAO,Bercario,0,850.0,5,5,0,0,2025,0.019417862207853187,2125526,26.50390755667438,0.0,0.0,PPML-FE Caged x grupo sem tendencia
2026,COMPLEXO ALEMAO,Maternal I,0,410.0,5,0,5,0,2025,0.019417862207853187,2125526,19.710656874642755,0.004310344827586207,1.7672413793103448,PPML-FE Caged x grupo sem tendencia
2026,COMPLEXO ALEMAO,Maternal II,0,232.0,5,0,0,5,2025,0.019417862207853187,2125526,7.286272974484732,0.0,0.0,PPML-FE Caged x grupo sem tendencia
2026,COMPLEXO MARE,Bercario,0,2988.0,5,5,0,0,2025,0.019417862207853187,2125526,538.6374631117587,0.18424479166666666,550.5234375,PPML-FE Caged x grupo sem tendencia
2026,COMPLEXO MARE,Maternal I,0,1576.0,5,0,5,0,2025,0.019417862207853187,2125526,438.0245324054683,0.398838334946757,628.5692158760891,PPML-FE Caged x grupo sem tendencia
2026,COMPLEXO MARE,Maternal II,0,1033.0,5,0,0,5,2025,0.019417862207853187,2125526,187.56109297109725,0.20014450867052022,206.74927745664738,PPML-FE Caged x grupo sem tendencia
2026,COPACABANA,Bercario,0,1478.0,5,5,0,0,2025,0.019417862207853187,2125526,169.43760869559878,0.1707936507936508,252.43301587301588,PPML-FE Caged x grupo sem tendencia
2026,COPACABANA,Maternal I,0,866.0,5,0,5,0,2025,0.019417862207853187,2125526,153.06628090275103,0.2505720823798627,216.9954233409611,PPML-FE Caged x grupo sem tendencia
2026,COPACABANA,Maternal II,0,874.0,5,0,0,5,2025,0.019417862207853187,2125526,100.91907995395721,0.10982658959537572,95.98843930635839,PPML-FE Caged x grupo sem tendencia
2026,CORDOVIL,Bercario,0,638.0,5,5,0,0,2025,0.019417862207853187,2125526,104.81718258550208,0.2823871906841339,180.16302765647745,PPML-FE Caged x grupo sem tendencia
2026,CORDOVIL,Maternal I,0,365.0,5,0,5,0,2025,0.019417862207853187,2125526,92.45511143356988,0.3089430894308943,112.76422764227642,PPML-FE Caged x grupo sem tendencia
2026,CORDOVIL,Maternal II,0,369.0,5,0,0,5,2025,0.019417862207853187,2125526,61.06110226714922,0.23459715639810427,86.56635071090048,PPML-FE Caged x grupo sem tendencia
2026,COSME VELHO,Bercario,0,108.0,5,5,0,0,2025,0.019417862207853187,2125526,16.900975665652084,0.2604166666666667,28.125000000000004,PPML-FE Caged x grupo sem tendencia
2026,COSME VELHO,Maternal I,0,51.0,5,0,5,0,2025,0.019417862207853187,2125526,12.30508040104708,0.328125,16.734375,PPML-FE Caged x grupo sem tendencia
2026,COSME VELHO,Maternal II,0,64.0,5,0,0,5,2025,0.019417862207853187,2125526,10.087753591097698,0.05333333333333334,3.4133333333333336,PPML-FE Caged x grupo sem tendencia
2026,COSMOS,Bercario,0,1965.0,5,5,0,0,2025,0.019417862207853187,2125526,457.81466962343177,0.27704997573993206,544.4032023289665,PPML-FE Caged x grupo sem tendencia
2026,COSMOS,Maternal I,0,1049.0,5,0,5,0,2025,0.019417862207853187,2125526,376.8156195926262,0.4341736694677871,455.4481792717087,PPML-FE Caged x grupo sem tendencia
2026,COSMOS,Maternal II,0,1071.0,5,0,0,5,2025,0.019417862207853187,2125526,251.32928231924197,0.23380035026269702,250.4001751313485,PPML-FE Caged x grupo sem tendencia
2026,COSTA BARROS,Bercario,0,776.0,5,5,0,0,2025,0.019417862207853187,2125526,217.58121066191902,0.41448189762796506,321.63795255930086,PPML-FE Caged x grupo sem tendencia
2026,COSTA BARROS,Maternal I,0,419.0,5,0,5,0,2025,0.019417862207853187,2125526,181.13398811073662,0.3611111111111111,151.30555555555554,PPML-FE Caged x grupo sem tendencia
2026,COSTA BARROS,Maternal II,0,540.0,5,0,0,5,2025,0.019417862207853187,2125526,152.50353053010173,0.2174721189591078,117.43494423791822,PPML-FE Caged x grupo sem tendencia
2026,CURICICA,Bercario,0,700.0,5,5,0,0,2025,0.019417862207853187,2125526,137.60685989746776,0.30200501253132833,211.40350877192984,PPML-FE Caged x grupo sem tendencia
2026,CURICICA,Maternal I,0,449.0,5,0,5,0,2025,0.019417862207853187,2125526,136.08637455178788,0.28345323741007195,127.2705035971223,PPML-FE Caged x grupo sem tendencia
2026,CURICICA,Maternal II,0,695.0,5,0,0,5,2025,0.019417862207853187,2125526,137.61105349606004,0.23052959501557632,160.21806853582555,PPML-FE Caged x grupo sem tendencia
2026,DEL CASTILHO,Bercario,0,440.0,5,5,0,0,2025,0.019417862207853187,2125526,79.26370970030831,0.3479212253829322,153.08533916849015,PPML-FE Caged x grupo sem tendencia
2026,DEL CASTILHO,Maternal I,0,225.0,5,0,5,0,2025,0.019417862207853187,2125526,62.49287351178498,0.27615062761506276,62.13389121338912,PPML-FE Caged x grupo sem tendencia
2026,DEL CASTILHO,Maternal II,0,239.0,5,0,0,5,2025,0.019417862207853187,2125526,43.36567285531659,0.14772727272727273,35.30681818181819,PPML-FE Caged x grupo sem tendencia
2026,DEODORO,Bercario,0,231.0,5,5,0,0,2025,0.019417862207853187,2125526,65.9523409776269,0.3389830508474576,78.30508474576271,PPML-FE Caged x grupo sem tendencia
2026,DEODORO,Maternal I,0,122.0,5,0,5,0,2025,0.019417862207853187,2125526,53.70371443701026,0.4012738853503185,48.955414012738856,PPML-FE Caged x grupo sem tendencia
2026,DEODORO,Maternal II,0,157.0,5,0,0,5,2025,0.019417862207853187,2125526,45.14860732344376,0.25,39.25,PPML-FE Caged x grupo sem tendencia
2026,ENCANTADO,Bercario,0,179.0,5,5,0,0,2025,0.019417862207853187,2125526,27.233223818557747,0.2074468085106383,37.13297872340426,PPML-FE Caged x grupo sem tendencia
2026,ENCANTADO,Maternal I,0,93.0,5,0,5,0,2025,0.019417862207853187,2125526,21.815000716715506,0.42857142857142855,39.857142857142854,PPML-FE Caged x grupo sem tendencia
2026,ENCANTADO,Maternal II,0,91.0,5,0,0,5,2025,0.019417862207853187,2125526,13.944851286640212,0.19791666666666666,18.010416666666664,PPML-FE Caged x grupo sem tendencia
2026,ENGENHEIRO LEAL,Bercario,0,96.0,5,5,0,0,2025,0.019417862207853187,2125526,16.975519545303438,0.06896551724137931,6.620689655172414,PPML-FE Caged x grupo sem tendencia
2026,ENGENHEIRO LEAL,Maternal I,0,70.0,5,0,5,0,2025,0.019417862207853187,2125526,19.084295855438324,0.4090909090909091,28.636363636363637,PPML-FE Caged x grupo sem tendencia
2026,ENGENHEIRO LEAL,Maternal II,0,66.0,5,0,0,5,2025,0.019417862207853187,2125526,11.754989564736603,0.4098360655737705,27.049180327868854,PPML-FE Caged x grupo sem tendencia
2026,ENGENHO DENTRO,Bercario,0,684.0,5,5,0,0,2025,0.019417862207853187,2125526,100.49334564494468,0.22772277227722773,155.76237623762376,PPML-FE Caged x grupo sem tendencia
2026,ENGENHO DENTRO,Maternal I,0,366.0,5,0,5,0,2025,0.019417862207853187,2125526,82.90649354058662,0.38676844783715014,141.55725190839695,PPML-FE Caged x grupo sem tendencia
2026,ENGENHO DENTRO,Maternal II,0,393.0,5,0,0,5,2025,0.019417862207853187,2125526,58.15676279220135,0.16745283018867924,65.80896226415094,PPML-FE Caged x grupo sem tendencia
2026,ENGENHO NOVO,Bercario,0,670.0,5,5,0,0,2025,0.019417862207853187,2125526,122.80405950655623,0.30687830687830686,205.6084656084656,PPML-FE Caged x grupo sem tendencia
2026,ENGENHO NOVO,Maternal I,0,428.0,5,0,5,0,2025,0.019417862207853187,2125526,120.95057807662346,0.2897196261682243,123.99999999999999,PPML-FE Caged x grupo sem tendencia
2026,ENGENHO NOVO,Maternal II,0,428.0,5,0,0,5,2025,0.019417862207853187,2125526,79.01474814816731,0.11926605504587157,51.04587155963303,PPML-FE Caged x grupo sem tendencia
2026,ENGENHO RAINHA,Bercario,0,448.0,5,5,0,0,2025,0.019417862207853187,2125526,82.1277176451626,0.23319327731092437,104.47058823529412,PPML-FE Caged x grupo sem tendencia
2026,ENGENHO RAINHA,Maternal I,0,248.0,5,0,5,0,2025,0.019417862207853187,2125526,70.09542597102205,0.3602941176470588,89.3529411764706,PPML-FE Caged x grupo sem tendencia
2026,ENGENHO RAINHA,Maternal II,0,272.0,5,0,0,5,2025,0.019417862207853187,2125526,50.22351613614272,0.16996047430830039,46.2292490118577,PPML-FE Caged x grupo sem tendencia
2026,ESTACIO,Bercario,0,328.0,5,5,0,0,2025,0.019417862207853187,2125526,80.23824520633987,0.31142857142857144,102.14857142857143,PPML-FE Caged x grupo sem tendencia
2026,ESTACIO,Maternal I,0,175.0,5,0,5,0,2025,0.019417862207853187,2125526,66.00424775760017,0.34831460674157305,60.95505617977528,PPML-FE Caged x grupo sem tendencia
2026,ESTACIO,Maternal II,0,178.0,5,0,0,5,2025,0.019417862207853187,2125526,43.858527962436604,0.17766497461928935,31.624365482233504,PPML-FE Caged x grupo sem tendencia
2026,FLAMENGO,Bercario,0,510.0,5,5,0,0,2025,0.019417862207853187,2125526,37.77398194430273,0.07945736434108527,40.52325581395349,PPML-FE Caged x grupo sem tendencia
2026,FLAMENGO,Maternal I,0,268.0,5,0,5,0,2025,0.019417862207853187,2125526,30.60438417386147,0.10101010101010101,27.07070707070707,PPML-FE Caged x grupo sem tendencia
2026,FLAMENGO,Maternal II,0,297.0,5,0,0,5,2025,0.019417862207853187,2125526,22.15672217380941,0.057034220532319393,16.93916349809886,PPML-FE Caged x grupo sem tendencia
2026,FREGUESIA ILHA,Bercario,0,353.0,5,5,0,0,2025,0.019417862207853187,2125526,57.763654243930105,0.2336448598130841,82.4766355140187,PPML-FE Caged x grupo sem tendencia
2026,FREGUESIA ILHA,Maternal I,0,165.0,5,0,5,0,2025,0.019417862207853187,2125526,41.628442010490545,0.27741935483870966,45.774193548387096,PPML-FE Caged x grupo sem tendencia
2026,FREGUESIA ILHA,Maternal II,0,155.0,5,0,0,5,2025,0.019417862207853187,2125526,25.546894998677647,0.10588235294117647,16.41176470588235,PPML-FE Caged x grupo sem tendencia
2026,FREGUESIA JPA,Bercario,0,1130.0,5,5,0,0,2025,0.019417862207853187,2125526,108.91714637950018,0.12116040955631399,136.91126279863482,PPML-FE Caged x grupo sem tendencia
2026,FREGUESIA JPA,Maternal I,0,595.0,5,0,5,0,2025,0.019417862207853187,2125526,88.4221427916523,0.16613418530351437,98.84984025559105,PPML-FE Caged x grupo sem tendencia
2026,FREGUESIA JPA,Maternal II,0,626.0,5,0,0,5,2025,0.019417862207853187,2125526,60.77411096849467,0.051696284329563816,32.36187399030695,PPML-FE Caged x grupo sem tendencia
2026,GALEAO,Bercario,0,546.0,5,5,0,0,2025,0.019417862207853187,2125526,110.59800677486028,0.17647058823529413,96.3529411764706,PPML-FE Caged x grupo sem tendencia
2026,GALEAO,Maternal I,0,309.0,5,0,5,0,2025,0.019417862207853187,2125526,96.5026846755044,0.25360230547550433,78.36311239193084,PPML-FE Caged x grupo sem tendencia
2026,GALEAO,Maternal II,0,347.0,5,0,0,5,2025,0.019417862207853187,2125526,70.79630679520594,0.2054794520547945,71.30136986301369,PPML-FE Caged x grupo sem tendencia
2026,GAMBOA,Bercario,0,249.0,5,5,0,0,2025,0.019417862207853187,2125526,49.048974526445896,0.21794871794871795,54.26923076923077,PPML-FE Caged x grupo sem tendencia
2026,GAMBOA,Maternal I,0,125.0,5,0,5,0,2025,0.019417862207853187,2125526,37.963553467847504,0.31746031746031744,39.682539682539684,PPML-FE Caged x grupo sem tendencia
2026,GAMBOA,Maternal II,0,126.0,5,0,0,5,2025,0.019417862207853187,2125526,24.99928573375229,0.15384615384615385,19.384615384615387,PPML-FE Caged x grupo sem tendencia
2026,GARDENIA AZUL,Bercario,0,715.0,5,5,0,0,2025,0.019417862207853187,2125526,183.69315801635162,0.2906208718626156,207.79392338177016,PPML-FE Caged x grupo sem tendencia
2026,GARDENIA AZUL,Maternal I,0,424.0,5,0,5,0,2025,0.019417862207853187,2125526,167.94963099159582,0.444234404536862,188.3553875236295,PPML-FE Caged x grupo sem tendencia
2026,GARDENIA AZUL,Maternal II,0,529.0,5,0,0,5,2025,0.019417862207853187,2125526,136.88916714916104,0.3644251626898048,192.78091106290674,PPML-FE Caged x grupo sem tendencia
2026,GAVEA,Bercario,0,251.0,5,5,0,0,2025,0.019417862207853187,2125526,87.09684035554554,0.7275985663082437,182.62724014336916,PPML-FE Caged x grupo sem tendencia
2026,GAVEA,Maternal I,0,165.0,5,0,5,0,2025,0.019417862207853187,2125526,88.27523484509452,0.7485029940119761,123.50299401197606,PPML-FE Caged x grupo sem tendencia
2026,GAVEA,Maternal II,0,167.0,5,0,0,5,2025,0.019417862207853187,2125526,58.36757100884323,0.3567251461988304,59.57309941520467,PPML-FE Caged x grupo sem tendencia
2026,GERICINO,Bercario,0,28.0,5,5,0,0,2025,0.019417862207853187,2125526,3.768019666814248,0.0,0.0,PPML-FE Caged x grupo sem tendencia
2026,GERICINO,Maternal I,0,19.0,5,0,5,0,2025,0.019417862207853187,2125526,3.94216673699809,0.2803351896750988,5.326368603826877,PPML-FE Caged x grupo sem tendencia
2026,GLORIA,Bercario,0,89.0,5,5,0,0,2025,0.019417862207853187,2125526,18.31838977438732,0.46,40.940000000000005,PPML-FE Caged x grupo sem tendencia
2026,GLORIA,Maternal I,0,57.0,5,0,5,0,2025,0.019417862207853187,2125526,18.088327113161096,0.5227272727272727,29.795454545454543,PPML-FE Caged x grupo sem tendencia
2026,GLORIA,Maternal II,0,44.0,5,0,0,5,2025,0.019417862207853187,2125526,9.121713674924075,0.11594202898550725,5.101449275362319,PPML-FE Caged x grupo sem tendencia
2026,GRAJAU,Bercario,0,378.0,5,5,0,0,2025,0.019417862207853187,2125526,46.906961292037764,0.16009280742459397,60.515081206496525,PPML-FE Caged x grupo sem tendencia
2026,GRAJAU,Maternal I,0,222.0,5,0,5,0,2025,0.019417862207853187,2125526,42.47415355865439,0.10256410256410256,22.76923076923077,PPML-FE Caged x grupo sem tendencia
2026,GRAJAU,Maternal II,0,234.0,5,0,0,5,2025,0.019417862207853187,2125526,29.247437903730003,0.0735930735930736,17.22077922077922,PPML-FE Caged x grupo sem tendencia
2026,GRUMARI,Bercario,0,1.0,5,5,0,0,2025,0.019417862207853187,2125526,0.1457241362391137,0.0,0.0,PPML-FE Caged x grupo sem tendencia
2026,GRUMARI,Maternal I,0,4.0,5,0,5,0,2025,0.019417862207853187,2125526,0.8987062040284525,0.5,2.0,PPML-FE Caged x grupo sem tendencia
2026,GRUMARI,Maternal II,0,2.0,5,0,0,5,2025,0.019417862207853187,2125526,0.29355396848751486,0.2,0.4,PPML-FE Caged x grupo sem tendencia
2026,GUADALUPE,Bercario,0,710.0,5,5,0,0,2025,0.019417862207853187,2125526,118.13404156974666,0.20291777188328913,144.0716180371353,PPML-FE Caged x grupo sem tendencia
2026,GUADALUPE,Maternal I,0,400.0,5,0,5,0,2025,0.019417862207853187,2125526,102.61313670743435,0.28482328482328484,113.92931392931393,PPML-FE Caged x grupo sem tendencia
2026,GUADALUPE,Maternal II,0,481.0,5,0,0,5,2025,0.019417862207853187,2125526,80.60987733407224,0.22954091816367264,110.40918163672654,PPML-FE Caged x grupo sem tendencia
2026,GUARATIBA,Bercario,0,3716.0,5,5,0,0,2025,0.019417862207853187,2125526,914.7209329972229,0.2520303194369247,936.5446670276123,PPML-FE Caged x grupo sem tendencia
2026,GUARATIBA,Maternal I,0,1839.0,5,0,5,0,2025,0.019417862207853187,2125526,697.9445179635792,0.45439283715724677,835.6284275321768,PPML-FE Caged x grupo sem tendencia
2026,GUARATIBA,Maternal II,0,1787.0,5,0,0,5,2025,0.019417862207853187,2125526,443.06142040674996,0.3247639034627492,580.3530954879328,PPML-FE Caged x grupo sem tendencia
2026,HIGIENOPOLIS,Bercario,0,228.0,5,5,0,0,2025,0.019417862207853187,2125526,30.03096344757664,0.20982142857142858,47.839285714285715,PPML-FE Caged x grupo sem tendencia
2026,HIGIENOPOLIS,Maternal I,0,101.0,5,0,5,0,2025,0.019417862207853187,2125526,20.510774070158682,0.2761904761904762,27.895238095238096,PPML-FE Caged x grupo sem tendencia
2026,HIGIENOPOLIS,Maternal II,0,105.0,5,0,0,5,2025,0.019417862207853187,2125526,13.92997021709631,0.12612612612612611,13.243243243243242,PPML-FE Caged x grupo sem tendencia
2026,HONORIO GURGEL,Bercario,0,356.0,5,5,0,0,2025,0.019417862207853187,2125526,67.85878562389642,0.24653739612188366,87.76731301939058,PPML-FE Caged x grupo sem tendencia
2026,HONORIO GURGEL,Maternal I,0,186.0,5,0,5,0,2025,0.019417862207853187,2125526,54.6632297645865,0.354978354978355,66.02597402597404,PPML-FE Caged x grupo sem tendencia
2026,HONORIO GURGEL,Maternal II,0,231.0,5,0,0,5,2025,0.019417862207853187,2125526,44.35009309179557,0.25225225225225223,58.27027027027027,PPML-FE Caged x grupo sem tendencia
2026,HUMAITA,Bercario,0,138.0,5,5,0,0,2025,0.019417862207853187,2125526,10.973272314333219,0.0410958904109589,5.671232876712328,PPML-FE Caged x grupo sem tendencia
2026,HUMAITA,Maternal I,0,71.0,5,0,5,0,2025,0.019417862207853187,2125526,8.704456871994706,0.09210526315789473,6.539473684210526,PPML-FE Caged x grupo sem tendencia
2026,HUMAITA,Maternal II,0,76.0,5,0,0,5,2025,0.019417862207853187,2125526,6.086913542748814,0.023809523809523808,1.8095238095238093,PPML-FE Caged x grupo sem tendencia
2026,ILHA GUARATIBA,Bercario,0,141.0,5,5,0,0,2025,0.019417862207853187,2125526,20.33110469771904,0.014492753623188406,2.0434782608695654,PPML-FE Caged x grupo sem tendencia
2026,ILHA GUARATIBA,Maternal I,0,9.0,5,0,5,0,2025,0.019417862207853187,2125526,2.000832035310658,0.2803351896750988,2.523016707075889,PPML-FE Caged x grupo sem tendencia
2026,INHAUMA,Bercario,0,1024.0,5,5,0,0,2025,0.019417862207853187,2125526,221.72522361403605,0.31297709923664124,320.48854961832063,PPML-FE Caged x grupo sem tendencia
2026,INHAUMA,Maternal I,0,572.0,5,0,5,0,2025,0.019417862207853187,2125526,190.95781310221562,0.6710775047258979,383.8563327032136,PPML-FE Caged x grupo sem tendencia
2026,INHAUMA,Maternal II,0,529.0,5,0,0,5,2025,0.019417862207853187,2125526,115.37116747304148,0.1683673469387755,89.06632653061224,PPML-FE Caged x grupo sem tendencia
2026,INHOAIBA,Bercario,0,1484.0,5,5,0,0,2025,0.019417862207853187,2125526,402.3196415185664,0.3527027027027027,523.4108108108109,PPML-FE Caged x grupo sem tendencia
2026,INHOAIBA,Maternal I,0,748.0,5,0,5,0,2025,0.019417862207853187,2125526,312.6548652906591,0.4672330097087379,349.49029126213594,PPML-FE Caged x grupo sem tendencia
2026,INHOAIBA,Maternal II,0,824.0,5,0,0,5,2025,0.019417862207853187,2125526,225.00440307581292,0.23523093447905477,193.83029001074112,PPML-FE Caged x grupo sem tendencia
2026,IPANEMA,Bercario,0,488.0,5,5,0,0,2025,0.019417862207853187,2125526,21.895398137268828,0.021653543307086614,10.566929133858267,PPML-FE Caged x grupo sem tendencia
2026,IPANEMA,Maternal I,0,254.0,5,0,5,0,2025,0.019417862207853187,2125526,17.57085925142725,0.056910569105691054,14.455284552845528,PPML-FE Caged x grupo sem tendencia
2026,IPANEMA,Maternal II,0,246.0,5,0,0,5,2025,0.019417862207853187,2125526,11.11717909720446,0.030927835051546393,7.608247422680413,PPML-FE Caged x grupo sem tendencia
2026,IRAJA,Bercario,0,1377.0,5,5,0,0,2025,0.019417862207853187,2125526,217.6734061191096,0.20572207084468666,283.27929155313353,PPML-FE Caged x grupo sem tendencia
2026,IRAJA,Maternal I,0,786.0,5,0,5,0,2025,0.019417862207853187,2125526,191.56679684091372,0.30036188178528345,236.08443908323278,PPML-FE Caged x grupo sem tendencia
2026,IRAJA,Maternal II,0,829.0,5,0,0,5,2025,0.019417862207853187,2125526,131.99346621986243,0.1511216056670602,125.2798110979929,PPML-FE Caged x grupo sem tendencia
2026,ITANHANGA,Bercario,0,1511.0,5,5,0,0,2025,0.019417862207853187,2125526,342.24361854495356,0.13485342019543975,203.76351791530945,PPML-FE Caged x grupo sem tendencia
2026,ITANHANGA,Maternal I,0,819.0,5,0,5,0,2025,0.019417862207853187,2125526,286.00989275027183,0.40360610263522884,330.5533980582524,PPML-FE Caged x grupo sem tendencia
2026,ITANHANGA,Maternal II,0,721.0,5,0,0,5,2025,0.019417862207853187,2125526,164.48739771580193,0.36351706036745407,262.09580052493436,PPML-FE Caged x grupo sem tendencia
2026,JABOUR,Bercario,0,35.0,5,5,0,0,2025,0.019417862207853187,2125526,5.261052947398908,0.0,0.0,PPML-FE Caged x grupo sem tendencia
2026,JABOUR,Maternal I,0,1.0,5,0,5,0,2025,0.019417862207853187,2125526,0.23175594681717804,0.0,0.0,PPML-FE Caged x grupo sem tendencia
2026,JABOUR,Maternal II,0,1.0,5,0,0,5,2025,0.019417862207853187,2125526,0.15140182098177696,0.18145761550073647,0.18145761550073647,PPML-FE Caged x grupo sem tendencia
2026,JACARE,Bercario,0,281.0,5,5,0,0,2025,0.019417862207853187,2125526,90.39973996106221,0.8165467625899281,229.4496402877698,PPML-FE Caged x grupo sem tendencia
2026,JACARE,Maternal I,0,163.0,5,0,5,0,2025,0.019417862207853187,2125526,80.84901335991117,0.4409722222222222,71.87847222222221,PPML-FE Caged x grupo sem tendencia
2026,JACARE,Maternal II,0,288.0,5,0,0,5,2025,0.019417862207853187,2125526,93.32109359875257,0.25316455696202533,72.9113924050633,PPML-FE Caged x grupo sem tendencia
2026,JACAREPAGUA,Bercario,0,4040.0,5,5,0,0,2025,0.019417862207853187,2125526,580.1361999896957,0.1079407210794072,436.08051316080514,PPML-FE Caged x grupo sem tendencia
2026,JACAREPAGUA,Maternal I,0,2489.0,5,0,5,0,2025,0.019417862207853187,2125526,551.0611016169386,0.256004087889627,637.1941747572815,PPML-FE Caged x grupo sem tendencia
2026,JACAREPAGUA,Maternal II,0,1957.0,5,0,0,5,2025,0.019417862207853187,2125526,283.05178427593023,0.1575019638648861,308.2313432835821,PPML-FE Caged x grupo sem tendencia
2026,JACAREZINHO,Bercario,0,525.0,5,5,0,0,2025,0.019417862207853187,2125526,36.92039965567538,0.055062166962699825,28.907637655417407,PPML-FE Caged x grupo sem tendencia
2026,JACAREZINHO,Maternal I,0,279.0,5,0,5,0,2025,0.019417862207853187,2125526,30.250847904768,0.05732484076433121,15.993630573248408,PPML-FE Caged x grupo sem tendencia
2026,JACAREZINHO,Maternal II,0,157.0,5,0,0,5,2025,0.019417862207853187,2125526,11.120727857278508,0.057692307692307696,9.057692307692308,PPML-FE Caged x grupo sem tendencia
2026,JARDIM AMERICA,Bercario,0,423.0,5,5,0,0,2025,0.019417862207853187,2125526,86.38925097813043,0.3159041394335512,133.62745098039215,PPML-FE Caged x grupo sem tendencia
2026,JARDIM AMERICA,Maternal I,0,281.0,5,0,5,0,2025,0.019417862207853187,2125526,88.48138657090178,0.4671280276816609,131.26297577854672,PPML-FE Caged x grupo sem tendencia
2026,JARDIM AMERICA,Maternal II,0,289.0,5,0,0,5,2025,0.019417862207853187,2125526,59.44887689627146,0.15359477124183007,44.38888888888889,PPML-FE Caged x grupo sem tendencia
2026,JARDIM BOTANICO,Bercario,0,187.0,5,5,0,0,2025,0.019417862207853187,2125526,13.113664858158563,0.09433962264150944,17.641509433962266,PPML-FE Caged x grupo sem tendencia
2026,JARDIM BOTANICO,Maternal I,0,110.0,5,0,5,0,2025,0.019417862207853187,2125526,11.89327381510417,0.1271186440677966,13.983050847457626,PPML-FE Caged x grupo sem tendencia
2026,JARDIM BOTANICO,Maternal II,0,118.0,5,0,0,5,2025,0.019417862207853187,2125526,8.334718791155774,0.0625,7.375,PPML-FE Caged x grupo sem tendencia
2026,JARDIM CARIOCA,Bercario,0,363.0,5,5,0,0,2025,0.019417862207853187,2125526,46.53583161750202,0.21212121212121213,77.0,PPML-FE Caged x grupo sem tendencia
2026,JARDIM CARIOCA,Maternal I,0,189.0,5,0,5,0,2025,0.019417862207853187,2125526,37.35673547588429,0.27699530516431925,52.352112676056336,PPML-FE Caged x grupo sem tendencia
2026,JARDIM CARIOCA,Maternal II,0,213.0,5,0,0,5,2025,0.019417862207853187,2125526,27.503434394504787,0.11627906976744186,24.767441860465116,PPML-FE Caged x grupo sem tendencia
2026,JARDIM GUANABARA,Bercario,0,327.0,5,5,0,0,2025,0.019417862207853187,2125526,18.625353145806663,0.03273809523809524,10.705357142857144,PPML-FE Caged x grupo sem tendencia
2026,JARDIM GUANABARA,Maternal I,0,176.0,5,0,5,0,2025,0.019417862207853187,2125526,15.45594948806982,0.06701030927835051,11.79381443298969,PPML-FE Caged x grupo sem tendencia
2026,JARDIM GUANABARA,Maternal II,0,194.0,5,0,0,5,2025,0.019417862207853187,2125526,11.129738582098327,0.04,7.76,PPML-FE Caged x grupo sem tendencia
2026,JARDIM SULACAP,Bercario,0,243.0,5,5,0,0,2025,0.019417862207853187,2125526,28.11121291027948,0.10702341137123746,26.006688963210703,PPML-FE Caged x grupo sem tendencia
2026,JARDIM SULACAP,Maternal I,0,176.0,5,0,5,0,2025,0.019417862207853187,2125526,31.391512212656806,0.22,38.72,PPML-FE Caged x grupo sem tendencia
2026,JARDIM SULACAP,Maternal II,0,200.0,5,0,0,5,2025,0.019417862207853187,2125526,23.30396272477585,0.16091954022988506,32.18390804597701,PPML-FE Caged x grupo sem tendencia
2026,JOA,Bercario,0,14.0,5,5,0,0,2025,0.019417862207853187,2125526,1.939359258893894,0.09090909090909091,1.2727272727272727,PPML-FE Caged x grupo sem tendencia
2026,JOA,Maternal I,0,4.0,5,0,5,0,2025,0.019417862207853187,2125526,0.8543119519179702,0.0,0.0,PPML-FE Caged x grupo sem tendencia
2026,JOA,Maternal II,0,8.0,5,0,0,5,2025,0.019417862207853187,2125526,1.1162120064941505,0.0,0.0,PPML-FE Caged x grupo sem tendencia
2026,LAGOA,Bercario,0,259.0,5,5,0,0,2025,0.019417862207853187,2125526,14.155797327622723,0.012244897959183673,3.1714285714285713,PPML-FE Caged x grupo sem tendencia
2026,LAGOA,Maternal I,0,117.0,5,0,5,0,2025,0.019417862207853187,2125526,9.859313867233347,0.043795620437956206,5.124087591240876,PPML-FE Caged x grupo sem tendencia
2026,LAGOA,Maternal II,0,137.0,5,0,0,5,2025,0.019417862207853187,2125526,7.541914586101945,0.0,0.0,PPML-FE Caged x grupo sem tendencia
2026,LAPA,Bercario,0,83.0,5,5,0,0,2025,0.019417862207853187,2125526,7.657815066139011,0.0,0.0,PPML-FE Caged x grupo sem tendencia
2026,LAPA,Maternal I,0,33.0,5,0,5,0,2025,0.019417862207853187,2125526,4.694258271809113,0.0,0.0,PPML-FE Caged x grupo sem tendencia
2026,LAPA,Maternal II,0,15.0,5,0,0,5,2025,0.019417862207853187,2125526,1.3939413819332107,0.0,0.0,PPML-FE Caged x grupo sem tendencia
2026,LARANJEIRAS,Bercario,0,446.0,5,5,0,0,2025,0.019417862207853187,2125526,34.444529528959265,0.09859154929577464,43.97183098591549,PPML-FE Caged x grupo sem tendencia
2026,LARANJEIRAS,Maternal I,0,257.0,5,0,5,0,2025,0.019417862207853187,2125526,30.60164554487051,0.09473684210526316,24.347368421052632,PPML-FE Caged x grupo sem tendencia
2026,LARANJEIRAS,Maternal II,0,285.0,5,0,0,5,2025,0.019417862207853187,2125526,22.16954239784922,0.06428571428571428,18.32142857142857,PPML-FE Caged x grupo sem tendencia
2026,LEBLON,Bercario,0,520.0,5,5,0,0,2025,0.019417862207853187,2125526,22.525285712754666,0.029644268774703556,15.41501976284585,PPML-FE Caged x grupo sem tendencia
2026,LEBLON,Maternal I,0,259.0,5,0,5,0,2025,0.019417862207853187,2125526,17.29788427992727,0.041666666666666664,10.791666666666666,PPML-FE Caged x grupo sem tendencia
2026,LEBLON,Maternal II,0,288.0,5,0,0,5,2025,0.019417862207853187,2125526,12.565677893235817,0.018726591760299626,5.393258426966292,PPML-FE Caged x grupo sem tendencia
2026,LEME,Bercario,0,179.0,5,5,0,0,2025,0.019417862207853187,2125526,24.631206717345762,0.23163841807909605,41.463276836158194,PPML-FE Caged x grupo sem tendencia
2026,LEME,Maternal I,0,90.0,5,0,5,0,2025,0.019417862207853187,2125526,19.094198195335863,0.24271844660194175,21.844660194174757,PPML-FE Caged x grupo sem tendencia
2026,LEME,Maternal II,0,103.0,5,0,0,5,2025,0.019417862207853187,2125526,14.275665170686107,0.09473684210526316,9.757894736842106,PPML-FE Caged x grupo sem tendencia
2026,LINS VASCONCELOS,Bercario,0,640.0,5,5,0,0,2025,0.019417862207853187,2125526,102.89489210434404,0.26452599388379205,169.29663608562691,PPML-FE Caged x grupo sem tendencia
2026,LINS VASCONCELOS,Maternal I,0,332.0,5,0,5,0,2025,0.019417862207853187,2125526,82.29589722934226,0.22318840579710145,74.09855072463768,PPML-FE Caged x grupo sem tendencia
2026,LINS VASCONCELOS,Maternal II,0,345.0,5,0,0,5,2025,0.019417862207853187,2125526,55.86752186456043,0.07733333333333334,26.68,PPML-FE Caged x grupo sem tendencia
2026,MADUREIRA,Bercario,0,764.0,5,5,0,0,2025,0.019417862207853187,2125526,126.92899024941966,0.21079691516709512,161.04884318766068,PPML-FE Caged x grupo sem tendencia
2026,MADUREIRA,Maternal I,0,383.0,5,0,5,0,2025,0.019417862207853187,2125526,98.10530656013471,0.24891774891774893,95.33549783549783,PPML-FE Caged x grupo sem tendencia
2026,MADUREIRA,Maternal II,0,462.0,5,0,0,5,2025,0.019417862207853187,2125526,77.31004259808951,0.15991471215351813,73.88059701492537,PPML-FE Caged x grupo sem tendencia
2026,MAGALHAES BASTOS,Bercario,0,397.0,5,5,0,0,2025,0.019417862207853187,2125526,68.48497815869696,0.17574257425742573,69.76980198019801,PPML-FE Caged x grupo sem tendencia
2026,MAGALHAES BASTOS,Maternal I,0,214.0,5,0,5,0,2025,0.019417862207853187,2125526,56.9173729554056,0.3508771929824561,75.08771929824562,PPML-FE Caged x grupo sem tendencia
2026,MAGALHAES BASTOS,Maternal II,0,228.0,5,0,0,5,2025,0.019417862207853187,2125526,39.61559036078425,0.32195121951219513,73.40487804878049,PPML-FE Caged x grupo sem tendencia
2026,MANGUEIRA,Bercario,0,432.0,5,5,0,0,2025,0.019417862207853187,2125526,103.6066485261339,0.37791932059447986,163.2611464968153,PPML-FE Caged x grupo sem tendencia
2026,MANGUEIRA,Maternal I,0,228.0,5,0,5,0,2025,0.019417862207853187,2125526,84.3072618059602,0.27155172413793105,61.91379310344828,PPML-FE Caged x grupo sem tendencia
2026,MANGUEIRA,Maternal II,0,232.0,5,0,0,5,2025,0.019417862207853187,2125526,56.042607540848074,0.10236220472440945,23.748031496062993,PPML-FE Caged x grupo sem tendencia
2026,MANGUINHOS,Bercario,0,808.0,5,5,0,0,2025,0.019417862207853187,2125526,137.53481099920904,0.3585164835164835,289.68131868131866,PPML-FE Caged x grupo sem tendencia
2026,MANGUINHOS,Maternal I,0,348.0,5,0,5,0,2025,0.019417862207853187,2125526,91.32859506272658,0.47570332480818417,165.5447570332481,PPML-FE Caged x grupo sem tendencia
2026,MANGUINHOS,Maternal II,0,391.0,5,0,0,5,2025,0.019417862207853187,2125526,67.03544582494051,0.2883116883116883,112.72987012987012,PPML-FE Caged x grupo sem tendencia
2026,MARACANA,Bercario,0,270.0,5,5,0,0,2025,0.019417862207853187,2125526,21.000447115372193,0.039568345323741004,10.68345323741007,PPML-FE Caged x grupo sem tendencia
2026,MARACANA,Maternal I,0,143.0,5,0,5,0,2025,0.019417862207853187,2125526,17.148536938157662,0.125,17.875,PPML-FE Caged x grupo sem tendencia
2026,MARACANA,Maternal II,0,160.0,5,0,0,5,2025,0.019417862207853187,2125526,12.53462166881237,0.032467532467532464,5.194805194805195,PPML-FE Caged x grupo sem tendencia
2026,MARECHAL HERMES,Bercario,0,668.0,5,5,0,0,2025,0.019417862207853187,2125526,118.4152629687225,0.13297872340425532,88.82978723404256,PPML-FE Caged x grupo sem tendencia
2026,MARECHAL HERMES,Maternal I,0,419.0,5,0,5,0,2025,0.019417862207853187,2125526,114.5174062411607,0.39058171745152354,163.65373961218836,PPML-FE Caged x grupo sem tendencia
2026,MARECHAL HERMES,Maternal II,0,361.0,5,0,0,5,2025,0.019417862207853187,2125526,64.45622900617714,0.2607655502392344,94.13636363636363,PPML-FE Caged x grupo sem tendencia
2026,MARIA GRACA,Bercario,0,90.0,5,5,0,0,2025,0.019417862207853187,2125526,10.90345478520642,0.2804878048780488,25.243902439024392,PPML-FE Caged x grupo sem tendencia
2026,MARIA GRACA,Maternal I,0,48.0,5,0,5,0,2025,0.019417862207853187,2125526,8.965801377592781,0.12727272727272726,6.1090909090909085,PPML-FE Caged x grupo sem tendencia
2026,MARIA GRACA,Maternal II,0,55.0,5,0,0,5,2025,0.019417862207853187,2125526,6.7113637443286756,0.12698412698412698,6.984126984126984,PPML-FE Caged x grupo sem tendencia
2026,MEIER,Bercario,0,420.0,5,5,0,0,2025,0.019417862207853187,2125526,41.83881478112386,0.15011037527593818,63.04635761589404,PPML-FE Caged x grupo sem tendencia
2026,MEIER,Maternal I,0,257.0,5,0,5,0,2025,0.019417862207853187,2125526,39.47203023766336,0.24380165289256198,62.65702479338843,PPML-FE Caged x grupo sem tendencia
2026,MEIER,Maternal II,0,242.0,5,0,0,5,2025,0.019417862207853187,2125526,24.281299132787407,0.06563706563706563,15.884169884169882,PPML-FE Caged x grupo sem tendencia
2026,MONERO,Bercario,0,73.0,5,5,0,0,2025,0.019417862207853187,2125526,8.837047387542736,0.09090909090909091,6.636363636363637,PPML-FE Caged x grupo sem tendencia
2026,MONERO,Maternal I,0,22.0,5,0,5,0,2025,0.019417862207853187,2125526,4.106135372182623,0.0,0.0,PPML-FE Caged x grupo sem tendencia
2026,MONERO,Maternal II,0,24.0,5,0,0,5,2025,0.019417862207853187,2125526,2.926321484854764,0.03333333333333333,0.8,PPML-FE Caged x grupo sem tendencia
2026,OLARIA,Bercario,0,807.0,5,5,0,0,2025,0.019417862207853187,2125526,134.0632602479384,0.2749360613810742,221.87340153452686,PPML-FE Caged x grupo sem tendencia
2026,OLARIA,Maternal I,0,403.0,5,0,5,0,2025,0.019417862207853187,2125526,103.22087749629884,0.34552845528455284,139.2479674796748,PPML-FE Caged x grupo sem tendencia
2026,OLARIA,Maternal II,0,492.0,5,0,0,5,2025,0.019417862207853187,2125526,82.32425612636582,0.18143459915611815,89.26582278481013,PPML-FE Caged x grupo sem tendencia
2026,OSWALDO CRUZ,Bercario,0,405.0,5,5,0,0,2025,0.019417862207853187,2125526,65.56834128927045,0.13260869565217392,53.70652173913044,PPML-FE Caged x grupo sem tendencia
2026,OSWALDO CRUZ,Maternal I,0,255.0,5,0,5,0,2025,0.019417862207853187,2125526,63.65105599337117,0.319672131147541,81.51639344262296,PPML-FE Caged x grupo sem tendencia
2026,OSWALDO CRUZ,Maternal II,0,244.0,5,0,0,5,2025,0.019417862207853187,2125526,39.7883079717614,0.2937062937062937,71.66433566433567,PPML-FE Caged x grupo sem tendencia
2026,PACIENCIA,Bercario,0,2263.0,5,5,0,0,2025,0.019417862207853187,2125526,565.94500140514,0.2891670263271472,654.3849805783341,PPML-FE Caged x grupo sem tendencia
2026,PACIENCIA,Maternal I,0,1210.0,5,0,5,0,2025,0.019417862207853187,2125526,466.5533406847674,0.539568345323741,652.8776978417266,PPML-FE Caged x grupo sem tendencia
2026,PACIENCIA,Maternal II,0,1251.0,5,0,0,5,2025,0.019417862207853187,2125526,315.1181764748899,0.25886524822695034,323.8404255319149,PPML-FE Caged x grupo sem tendencia
2026,PADRE MIGUEL,Bercario,0,1043.0,5,5,0,0,2025,0.019417862207853187,2125526,162.97242816699247,0.17478510028653296,182.3008595988539,PPML-FE Caged x grupo sem tendencia
2026,PADRE MIGUEL,Maternal I,0,547.0,5,0,5,0,2025,0.019417862207853187,2125526,131.77815197802622,0.3392156862745098,185.55098039215687,PPML-FE Caged x grupo sem tendencia
2026,PADRE MIGUEL,Maternal II,0,510.0,5,0,0,5,2025,0.019417862207853187,2125526,80.26504885445267,0.16556291390728478,84.43708609271523,PPML-FE Caged x grupo sem tendencia
2026,PAQUETA,Bercario,0,47.0,5,5,0,0,2025,0.019417862207853187,2125526,9.842346801254148,0.6190476190476191,29.095238095238095,PPML-FE Caged x grupo sem tendencia
2026,PAQUETA,Maternal I,0,25.0,5,0,5,0,2025,0.019417862207853187,2125526,8.071738302541274,0.2727272727272727,6.8181818181818175,PPML-FE Caged x grupo sem tendencia
2026,PAQUETA,Maternal II,0,33.0,5,0,0,5,2025,0.019417862207853187,2125526,6.960512472042129,0.47619047619047616,15.714285714285714,PPML-FE Caged x grupo sem tendencia
2026,PARADA LUCAS,Bercario,0,523.0,5,5,0,0,2025,0.019417862207853187,2125526,67.50995156153915,0.2045028142589118,106.95497185741088,PPML-FE Caged x grupo sem tendencia
2026,PARADA LUCAS,Maternal I,0,273.0,5,0,5,0,2025,0.019417862207853187,2125526,54.33191507864692,0.20714285714285716,56.550000000000004,PPML-FE Caged x grupo sem tendencia
2026,PARADA LUCAS,Maternal II,0,280.0,5,0,0,5,2025,0.019417862207853187,2125526,36.4041260370952,0.11217948717948718,31.410256410256412,PPML-FE Caged x grupo sem tendencia
2026,PARQUE ANCHIETA,Bercario,0,329.0,5,5,0,0,2025,0.019417862207853187,2125526,55.13540112238915,0.12680115273775217,41.71757925072046,PPML-FE Caged x grupo sem tendencia
2026,PARQUE ANCHIETA,Maternal I,0,171.0,5,0,5,0,2025,0.019417862207853187,2125526,44.18318401200504,0.60431654676259,103.33812949640289,PPML-FE Caged x grupo sem tendencia
2026,PARQUE ANCHIETA,Maternal II,0,139.0,5,0,0,5,2025,0.019417862207853187,2125526,23.462587823648093,0.1717171717171717,23.86868686868687,PPML-FE Caged x grupo sem tendencia
2026,PARQUE COLUMBIA,Bercario,0,158.0,5,5,0,0,2025,0.019417862207853187,2125526,27.213904624457243,0.13612565445026178,21.50785340314136,PPML-FE Caged x grupo sem tendencia
2026,PARQUE COLUMBIA,Maternal I,0,114.0,5,0,5,0,2025,0.019417862207853187,2125526,30.273656677158712,0.35,39.9,PPML-FE Caged x grupo sem tendencia
2026,PARQUE COLUMBIA,Maternal II,0,20.0,5,0,0,5,2025,0.019417862207853187,2125526,3.4696865097585725,0.08928571428571429,1.7857142857142858,PPML-FE Caged x grupo sem tendencia
2026,PAVUNA,Bercario,0,1790.0,5,5,0,0,2025,0.019417862207853187,2125526,386.17813280343836,0.22426868905742145,401.4409534127844,PPML-FE Caged x grupo sem tendencia
2026,PAVUNA,Maternal I,0,980.0,5,0,5,0,2025,0.019417862207853187,2125526,325.97701738690097,0.4338235294117647,425.14705882352945,PPML-FE Caged x grupo sem tendencia
2026,PAVUNA,Maternal II,0,816.0,5,0,0,5,2025,0.019417862207853187,2125526,177.31736813713812,0.16324324324324324,133.20648648648648,PPML-FE Caged x grupo sem tendencia
2026,PECHINCHA,Bercario,0,629.0,5,5,0,0,2025,0.019417862207853187,2125526,52.84947629188384,0.09798270893371758,61.63112391930836,PPML-FE Caged x grupo sem tendencia
2026,PECHINCHA,Maternal I,0,396.0,5,0,5,0,2025,0.019417862207853187,2125526,51.299305689564555,0.17321016166281755,68.59122401847576,PPML-FE Caged x grupo sem tendencia
2026,PECHINCHA,Maternal II,0,433.0,5,0,0,5,2025,0.019417862207853187,2125526,36.64412951165491,0.06336088154269973,27.435261707988982,PPML-FE Caged x grupo sem tendencia
2026,PEDRA GUARATIBA,Bercario,0,337.0,5,5,0,0,2025,0.019417862207853187,2125526,38.453723527187144,0.3016304347826087,101.64945652173914,PPML-FE Caged x grupo sem tendencia
2026,PEDRA GUARATIBA,Maternal I,0,220.0,5,0,5,0,2025,0.019417862207853187,2125526,38.70414144140469,0.15283842794759825,33.624454148471614,PPML-FE Caged x grupo sem tendencia
2026,PEDRA GUARATIBA,Maternal II,0,458.0,5,0,0,5,2025,0.019417862207853187,2125526,52.63812936532926,0.12614678899082568,57.77522935779816,PPML-FE Caged x grupo sem tendencia
2026,PENHA,Bercario,0,1179.0,5,5,0,0,2025,0.019417862207853187,2125526,182.1049801187624,0.24798061389337642,292.3691437802908,PPML-FE Caged x grupo sem tendencia
2026,PENHA,Maternal I,0,651.0,5,0,5,0,2025,0.019417862207853187,2125526,155.0298279158449,0.3048951048951049,198.4867132867133,PPML-FE Caged x grupo sem tendencia
2026,PENHA,Maternal II,0,715.0,5,0,0,5,2025,0.019417862207853187,2125526,111.23476201446593,0.14565826330532214,104.14565826330534,PPML-FE Caged x grupo sem tendencia
2026,PENHA CIRCULAR,Bercario,0,727.0,5,5,0,0,2025,0.019417862207853187,2125526,120.79635997313147,0.26728723404255317,194.31781914893617,PPML-FE Caged x grupo sem tendencia
2026,PENHA CIRCULAR,Maternal I,0,399.0,5,0,5,0,2025,0.019417862207853187,2125526,102.21593158882035,0.2916666666666667,116.37500000000001,PPML-FE Caged x grupo sem tendencia
2026,PENHA CIRCULAR,Maternal II,0,360.0,5,0,0,5,2025,0.019417862207853187,2125526,60.24880092539326,0.1227154046997389,44.177545691906005,PPML-FE Caged x grupo sem tendencia
2026,PIEDADE,Bercario,0,665.0,5,5,0,0,2025,0.019417862207853187,2125526,110.40835400404448,0.1753155680224404,116.58485273492286,PPML-FE Caged x grupo sem tendencia
2026,PIEDADE,Maternal I,0,375.0,5,0,5,0,2025,0.019417862207853187,2125526,95.99261360558005,0.484149855907781,181.55619596541786,PPML-FE Caged x grupo sem tendencia
2026,PIEDADE,Maternal II,0,347.0,5,0,0,5,2025,0.019417862207853187,2125526,58.0278173368407,0.1983695652173913,68.83423913043478,PPML-FE Caged x grupo sem tendencia
2026,PILARES,Bercario,0,392.0,5,5,0,0,2025,0.019417862207853187,2125526,75.77000787748204,0.29069767441860467,113.95348837209303,PPML-FE Caged x grupo sem tendencia
2026,PILARES,Maternal I,0,230.0,5,0,5,0,2025,0.019417862207853187,2125526,68.54335531205521,0.43231441048034935,99.43231441048034,PPML-FE Caged x grupo sem tendencia
2026,PILARES,Maternal II,0,229.0,5,0,0,5,2025,0.019417862207853187,2125526,44.58340336460568,0.23809523809523808,54.52380952380952,PPML-FE Caged x grupo sem tendencia
2026,PITANGUEIRAS,Bercario,0,167.0,5,5,0,0,2025,0.019417862207853187,2125526,17.464535614121047,0.1092896174863388,18.251366120218577,PPML-FE Caged x grupo sem tendencia
2026,PITANGUEIRAS,Maternal I,0,97.0,5,0,5,0,2025,0.019417862207853187,2125526,15.640065369670728,0.30337078651685395,29.426966292134832,PPML-FE Caged x grupo sem tendencia
2026,PITANGUEIRAS,Maternal II,0,89.0,5,0,0,5,2025,0.019417862207853187,2125526,9.374692862013694,0.13333333333333333,11.866666666666667,PPML-FE Caged x grupo sem tendencia
2026,PORTUGUESA,Bercario,0,248.0,5,5,0,0,2025,0.019417862207853187,2125526,39.626585035872836,0.21428571428571427,53.14285714285714,PPML-FE Caged x grupo sem tendencia
2026,PORTUGUESA,Maternal I,0,152.0,5,0,5,0,2025,0.019417862207853187,2125526,37.445946530221555,0.24025974025974026,36.51948051948052,PPML-FE Caged x grupo sem tendencia
2026,PORTUGUESA,Maternal II,0,154.0,5,0,0,5,2025,0.019417862207853187,2125526,24.784613885120105,0.11875,18.287499999999998,PPML-FE Caged x grupo sem tendencia
2026,PRACA BANDEIRA,Bercario,0,108.0,5,5,0,0,2025,0.019417862207853187,2125526,13.348761849605648,0.05309734513274336,5.734513274336283,PPML-FE Caged x grupo sem tendencia
2026,PRACA BANDEIRA,Maternal I,0,62.0,5,0,5,0,2025,0.019417862207853187,2125526,11.815039494742358,0.2833333333333333,17.566666666666666,PPML-FE Caged x grupo sem tendencia
2026,PRACA BANDEIRA,Maternal II,0,60.0,5,0,0,5,2025,0.019417862207853187,2125526,7.46955880031319,0.08571428571428572,5.142857142857143,PPML-FE Caged x grupo sem tendencia
2026,PRACA SECA,Bercario,0,1105.0,5,5,0,0,2025,0.019417862207853187,2125526,199.9978663344806,0.26175687666370895,289.2413487133984,PPML-FE Caged x grupo sem tendencia
2026,PRACA SECA,Maternal I,0,607.0,5,0,5,0,2025,0.019417862207853187,2125526,169.38620349614814,0.3926056338028169,238.31161971830986,PPML-FE Caged x grupo sem tendencia
2026,PRACA SECA,Maternal II,0,568.0,5,0,0,5,2025,0.019417862207853187,2125526,103.54708814454209,0.17638266068759342,100.18535127055307,PPML-FE Caged x grupo sem tendencia
2026,PRAIA BANDEIRA,Bercario,0,75.0,5,5,0,0,2025,0.019417862207853187,2125526,8.951257834362151,0.08974358974358974,6.730769230769231,PPML-FE Caged x grupo sem tendencia
2026,PRAIA BANDEIRA,Maternal I,0,40.0,5,0,5,0,2025,0.019417862207853187,2125526,7.36052942883763,0.375,15.0,PPML-FE Caged x grupo sem tendencia
2026,PRAIA BANDEIRA,Maternal II,0,16.0,5,0,0,5,2025,0.019417862207853187,2125526,1.9233984270445919,0.0,0.0,PPML-FE Caged x grupo sem tendencia
2026,QUINTINO BOCAIUVA,Bercario,0,418.0,5,5,0,0,2025,0.019417862207853187,2125526,62.932637630919004,0.10904872389791183,45.582366589327144,PPML-FE Caged x grupo sem tendencia
2026,QUINTINO BOCAIUVA,Maternal I,0,219.0,5,0,5,0,2025,0.019417862207853187,2125526,50.83584255803104,0.45267489711934156,99.1358024691358,PPML-FE Caged x grupo sem tendencia
2026,QUINTINO BOCAIUVA,Maternal II,0,243.0,5,0,0,5,2025,0.019417862207853187,2125526,36.84956763404601,0.2936170212765957,71.34893617021277,PPML-FE Caged x grupo sem tendencia
2026,RAMOS,Bercario,0,858.0,5,5,0,0,2025,0.019417862207853187,2125526,193.5808183465317,0.46613995485327314,399.94808126410834,PPML-FE Caged x grupo sem tendencia
2026,RAMOS,Maternal I,0,507.0,5,0,5,0,2025,0.019417862207853187,2125526,176.3637203599142,0.4262485481997677,216.10801393728224,PPML-FE Caged x grupo sem tendencia
2026,RAMOS,Maternal II,0,861.0,5,0,0,5,2025,0.019417862207853187,2125526,195.66117421487974,0.2803738317757009,241.4018691588785,PPML-FE Caged x grupo sem tendencia
2026,REALENGO,Bercario,0,2915.0,5,5,0,0,2025,0.019417862207853187,2125526,536.6644395499683,0.22146562905317768,645.572308690013,PPML-FE Caged x grupo sem tendencia
2026,REALENGO,Maternal I,0,1620.0,5,0,5,0,2025,0.019417862207853187,2125526,459.8387153118499,0.35798816568047337,579.9408284023668,PPML-FE Caged x grupo sem tendencia
2026,REALENGO,Maternal II,0,1690.0,5,0,0,5,2025,0.019417862207853187,2125526,313.3844440983804,0.19872136387852957,335.83910495471497,PPML-FE Caged x grupo sem tendencia
2026,RECREIO BANDEIRANTES,Bercario,0,2436.0,5,5,0,0,2025,0.019417862207853187,2125526,230.52987058462094,0.07967145790554415,194.07967145790556,PPML-FE Caged x grupo sem tendencia
2026,RECREIO BANDEIRANTES,Maternal I,0,1258.0,5,0,5,0,2025,0.019417862207853187,2125526,183.55102846934392,0.1608761329305136,202.3821752265861,PPML-FE Caged x grupo sem tendencia
2026,RECREIO BANDEIRANTES,Maternal II,0,1324.0,5,0,0,5,2025,0.019417862207853187,2125526,126.20145966519821,0.07563636363636364,100.14254545454546,PPML-FE Caged x grupo sem tendencia
2026,RIACHUELO,Bercario,0,127.0,5,5,0,0,2025,0.019417862207853187,2125526,15.962623430693451,0.24285714285714285,30.84285714285714,PPML-FE Caged x grupo sem tendencia
2026,RIACHUELO,Maternal I,0,76.0,5,0,5,0,2025,0.019417862207853187,2125526,14.727885476182385,0.2222222222222222,16.88888888888889,PPML-FE Caged x grupo sem tendencia
2026,RIACHUELO,Maternal II,0,63.0,5,0,0,5,2025,0.019417862207853187,2125526,7.975677180904499,0.09090909090909091,5.7272727272727275,PPML-FE Caged x grupo sem tendencia
2026,RIBEIRA,Bercario,0,48.0,5,5,0,0,2025,0.019417862207853187,2125526,6.000789404183067,0.13043478260869565,6.260869565217391,PPML-FE Caged x grupo sem tendencia
2026,RIBEIRA,Maternal I,0,20.0,5,0,5,0,2025,0.019417862207853187,2125526,3.854991302537802,0.19047619047619047,3.8095238095238093,PPML-FE Caged x grupo sem tendencia
2026,RIBEIRA,Maternal II,0,21.0,5,0,0,5,2025,0.019417862207853187,2125526,2.644313324612251,0.047619047619047616,1.0,PPML-FE Caged x grupo sem tendencia
2026,RICARDO ALBUQUERQUE,Bercario,0,490.0,5,5,0,0,2025,0.019417862207853187,2125526,110.97679862267044,0.21643286573146292,106.05210420841684,PPML-FE Caged x grupo sem tendencia
2026,RICARDO ALBUQUERQUE,Maternal I,0,269.0,5,0,5,0,2025,0.019417862207853187,2125526,93.93223394643611,0.486013986013986,130.73776223776224,PPML-FE Caged x grupo sem tendencia
2026,RICARDO ALBUQUERQUE,Maternal II,0,286.0,5,0,0,5,2025,0.019417862207853187,2125526,65.24220281608794,0.3054662379421222,87.36334405144694,PPML-FE Caged x grupo sem tendencia
2026,RIO COMPRIDO,Bercario,0,700.0,5,5,0,0,2025,0.019417862207853187,2125526,145.82443288635778,0.3079136690647482,215.53956834532374,PPML-FE Caged x grupo sem tendencia
2026,RIO COMPRIDO,Maternal I,0,343.0,5,0,5,0,2025,0.019417862207853187,2125526,110.16728199411178,0.29396984924623115,100.83165829145729,PPML-FE Caged x grupo sem tendencia
2026,RIO COMPRIDO,Maternal II,0,398.0,5,0,0,5,2025,0.019417862207853187,2125526,83.51063742887168,0.19270833333333334,76.69791666666667,PPML-FE Caged x grupo sem tendencia
2026,ROCHA,Bercario,0,318.0,5,5,0,0,2025,0.019417862207853187,2125526,61.806147618311755,0.3116438356164384,99.10273972602741,PPML-FE Caged x grupo sem tendencia
2026,ROCHA,Maternal I,0,155.0,5,0,5,0,2025,0.019417862207853187,2125526,46.447517996529875,0.20967741935483872,32.5,PPML-FE Caged x grupo sem tendencia
2026,ROCHA,Maternal II,0,186.0,5,0,0,5,2025,0.019417862207853187,2125526,36.4119526666001,0.1282051282051282,23.846153846153843,PPML-FE Caged x grupo sem tendencia
2026,ROCHA MIRANDA,Bercario,0,691.0,5,5,0,0,2025,0.019417862207853187,2125526,120.90016981289179,0.23342541436464087,161.29696132596683,PPML-FE Caged x grupo sem tendencia
2026,ROCHA MIRANDA,Maternal I,0,358.0,5,0,5,0,2025,0.019417862207853187,2125526,96.57353946400815,0.3388888888888889,121.32222222222222,PPML-FE Caged x grupo sem tendencia
2026,ROCHA MIRANDA,Maternal II,0,360.0,5,0,0,5,2025,0.019417862207853187,2125526,63.442141566122416,0.22972972972972974,82.70270270270271,PPML-FE Caged x grupo sem tendencia
2026,ROCINHA,Bercario,0,1375.0,5,5,0,0,2025,0.019417862207853187,2125526,151.09671259302718,0.23117076808351977,317.85980611483967,PPML-FE Caged x grupo sem tendencia
2026,ROCINHA,Maternal I,0,657.0,5,0,5,0,2025,0.019417862207853187,2125526,111.31250224352567,0.3619047619047619,237.77142857142857,PPML-FE Caged x grupo sem tendencia
2026,ROCINHA,Maternal II,0,735.0,5,0,0,5,2025,0.019417862207853187,2125526,81.35160523186997,0.20448179271708683,150.2941176470588,PPML-FE Caged x grupo sem tendencia
2026,SAMPAIO,Bercario,0,201.0,5,5,0,0,2025,0.019417862207853187,2125526,42.244478349051946,0.41363636363636364,83.14090909090909,PPML-FE Caged x grupo sem tendencia
2026,SAMPAIO,Maternal I,0,117.0,5,0,5,0,2025,0.019417862207853187,2125526,37.91281351117684,0.296875,34.734375,PPML-FE Caged x grupo sem tendencia
2026,SAMPAIO,Maternal II,0,128.0,5,0,0,5,2025,0.019417862207853187,2125526,27.09632135703008,0.14049586776859505,17.983471074380166,PPML-FE Caged x grupo sem tendencia
2026,SANTA CRUZ,Bercario,0,6118.0,5,5,0,0,2025,0.019417862207853187,2125526,1177.4295202413073,0.3136897864591955,1919.154113557358,PPML-FE Caged x grupo sem tendencia
2026,SANTA CRUZ,Maternal I,0,3109.0,5,0,5,0,2025,0.019417862207853187,2125526,922.5128582534122,0.44969850841002856,1398.1126626467787,PPML-FE Caged x grupo sem tendencia
2026,SANTA CRUZ,Maternal II,0,3151.0,5,0,0,5,2025,0.019417862207853187,2125526,610.8018181152503,0.20204081632653062,636.630612244898,PPML-FE Caged x grupo sem tendencia
2026,SANTA TERESA,Bercario,0,609.0,5,5,0,0,2025,0.019417862207853187,2125526,125.76215403959752,0.29983525535420097,182.5996705107084,PPML-FE Caged x grupo sem tendencia
2026,SANTA TERESA,Maternal I,0,313.0,5,0,5,0,2025,0.019417862207853187,2125526,99.65595856664012,0.3522727272727273,110.26136363636364,PPML-FE Caged x grupo sem tendencia
2026,SANTA TERESA,Maternal II,0,352.0,5,0,0,5,2025,0.019417862207853187,2125526,73.2152936528888,0.14713896457765668,51.792915531335154,PPML-FE Caged x grupo sem tendencia
2026,SANTISSIMO,Bercario,0,953.0,5,5,0,0,2025,0.019417862207853187,2125526,223.4152562251826,0.27689243027888444,263.8784860557769,PPML-FE Caged x grupo sem tendencia
2026,SANTISSIMO,Maternal I,0,521.0,5,0,5,0,2025,0.019417862207853187,2125526,188.31456332511814,0.5106382978723404,266.04255319148933,PPML-FE Caged x grupo sem tendencia
2026,SANTISSIMO,Maternal II,0,517.0,5,0,0,5,2025,0.019417862207853187,2125526,122.07786885839731,0.19939577039274925,103.08761329305136,PPML-FE Caged x grupo sem tendencia
2026,SANTO CRISTO,Bercario,0,244.0,5,5,0,0,2025,0.019417862207853187,2125526,46.92895769305769,0.3241106719367589,79.08300395256917,PPML-FE Caged x grupo sem tendencia
2026,SANTO CRISTO,Maternal I,0,135.0,5,0,5,0,2025,0.019417862207853187,2125526,40.03235223817172,0.37748344370860926,50.96026490066225,PPML-FE Caged x grupo sem tendencia
2026,SANTO CRISTO,Maternal II,0,151.0,5,0,0,5,2025,0.019417862207853187,2125526,29.251928276515034,0.14367816091954022,21.695402298850574,PPML-FE Caged x grupo sem tendencia
2026,SAO CONRADO,Bercario,0,157.0,5,5,0,0,2025,0.019417862207853187,2125526,14.021795219591215,0.13385826771653545,21.015748031496067,PPML-FE Caged x grupo sem tendencia
2026,SAO CONRADO,Maternal I,0,56.0,5,0,5,0,2025,0.019417862207853187,2125526,7.711134058978731,0.011904761904761904,0.6666666666666666,PPML-FE Caged x grupo sem tendencia
2026,SAO CONRADO,Maternal II,0,84.0,5,0,0,5,2025,0.019417862207853187,2125526,7.5563092623786305,0.013157894736842105,1.1052631578947367,PPML-FE Caged x grupo sem tendencia
2026,SAO CRISTOVAO,Bercario,0,547.0,5,5,0,0,2025,0.019417862207853187,2125526,124.28359829953605,0.43859649122807015,239.91228070175438,PPML-FE Caged x grupo sem tendencia
2026,SAO CRISTOVAO,Maternal I,0,307.0,5,0,5,0,2025,0.019417862207853187,2125526,107.54522348809967,0.3767441860465116,115.66046511627907,PPML-FE Caged x grupo sem tendencia
2026,SAO CRISTOVAO,Maternal II,0,430.0,5,0,0,5,2025,0.019417862207853187,2125526,98.40596358562804,0.17954545454545454,77.20454545454545,PPML-FE Caged x grupo sem tendencia
2026,SAO FRANCISCO XAVIER,Bercario,0,108.0,5,5,0,0,2025,0.019417862207853187,2125526,15.806875177462388,0.18181818181818182,19.636363636363637,PPML-FE Caged x grupo sem tendencia
2026,SAO FRANCISCO XAVIER,Maternal I,0,49.0,5,0,5,0,2025,0.019417862207853187,2125526,11.057185791293495,0.35,17.15,PPML-FE Caged x grupo sem tendencia
2026,SAO FRANCISCO XAVIER,Maternal II,0,60.0,5,0,0,5,2025,0.019417862207853187,2125526,8.845043826349661,0.10909090909090909,6.545454545454545,PPML-FE Caged x grupo sem tendencia
2026,SAUDE,Bercario,0,34.0,5,5,0,0,2025,0.019417862207853187,2125526,4.550839368002342,0.12962962962962962,4.407407407407407,PPML-FE Caged x grupo sem tendencia
2026,SAUDE,Maternal I,0,33.0,5,0,5,0,2025,0.019417862207853187,2125526,6.810089003195911,0.2631578947368421,8.68421052631579,PPML-FE Caged x grupo sem tendencia
2026,SAUDE,Maternal II,0,19.0,5,0,0,5,2025,0.019417862207853187,2125526,2.5614899763968872,0.0625,1.1875,PPML-FE Caged x grupo sem tendencia
2026,SENADOR CAMARA,Bercario,0,1966.0,5,5,0,0,2025,0.019417862207853187,2125526,400.51649118836673,0.17189030362389815,337.93633692458377,PPML-FE Caged x grupo sem tendencia
2026,SENADOR CAMARA,Maternal I,0,1070.0,5,0,5,0,2025,0.019417862207853187,2125526,336.0832943820836,0.37095363079615046,396.920384951881,PPML-FE Caged x grupo sem tendencia
2026,SENADOR CAMARA,Maternal II,0,1143.0,5,0,0,5,2025,0.019417862207853187,2125526,234.53604110250205,0.25602660016625106,292.638403990025,PPML-FE Caged x grupo sem tendencia
2026,SENADOR VASCONCELOS,Bercario,0,601.0,5,5,0,0,2025,0.019417862207853187,2125526,147.51189982679412,0.22982456140350876,138.12456140350878,PPML-FE Caged x grupo sem tendencia
2026,SENADOR VASCONCELOS,Maternal I,0,267.0,5,0,5,0,2025,0.019417862207853187,2125526,101.03924780226075,0.5098039215686274,136.1176470588235,PPML-FE Caged x grupo sem tendencia
2026,SENADOR VASCONCELOS,Maternal II,0,306.0,5,0,0,5,2025,0.019417862207853187,2125526,75.64852792048755,0.2134502923976608,65.3157894736842,PPML-FE Caged x grupo sem tendencia
2026,SEPETIBA,Bercario,0,1429.0,5,5,0,0,2025,0.019417862207853187,2125526,311.01031615042206,0.4567143830947512,652.6448534423995,PPML-FE Caged x grupo sem tendencia
2026,SEPETIBA,Maternal I,0,770.0,5,0,5,0,2025,0.019417862207853187,2125526,258.38039020433087,0.4481792717086835,345.0980392156863,PPML-FE Caged x grupo sem tendencia
2026,SEPETIBA,Maternal II,0,714.0,5,0,0,5,2025,0.019417862207853187,2125526,156.51906617741517,0.2857142857142857,204.0,PPML-FE Caged x grupo sem tendencia
2026,TANQUE,Bercario,0,806.0,5,5,0,0,2025,0.019417862207853187,2125526,176.19146492820772,0.2720496894409938,219.272049689441,PPML-FE Caged x grupo sem tendencia
2026,TANQUE,Maternal I,0,384.0,5,0,5,0,2025,0.019417862207853187,2125526,129.42176185534316,0.5459317585301837,209.63779527559055,PPML-FE Caged x grupo sem tendencia
2026,TANQUE,Maternal II,0,381.0,5,0,0,5,2025,0.019417862207853187,2125526,83.8882762995617,0.20361990950226244,77.57918552036199,PPML-FE Caged x grupo sem tendencia
2026,TAQUARA,Bercario,0,1942.0,5,5,0,0,2025,0.019417862207853187,2125526,302.1075983537224,0.21339113680154143,414.40558766859345,PPML-FE Caged x grupo sem tendencia
2026,TAQUARA,Maternal I,0,1106.0,5,0,5,0,2025,0.019417862207853187,2125526,265.2734639584455,0.2782874617737003,307.7859327217125,PPML-FE Caged x grupo sem tendencia
2026,TAQUARA,Maternal II,0,1308.0,5,0,0,5,2025,0.019417862207853187,2125526,204.94939341120468,0.16189000774593337,211.75213013168084,PPML-FE Caged x grupo sem tendencia
2026,TAUA,Bercario,0,436.0,5,5,0,0,2025,0.019417862207853187,2125526,81.14206236299192,0.26605504587155965,116.0,PPML-FE Caged x grupo sem tendencia
2026,TAUA,Maternal I,0,226.0,5,0,5,0,2025,0.019417862207853187,2125526,64.84765119073354,0.3627450980392157,81.98039215686275,PPML-FE Caged x grupo sem tendencia
2026,TAUA,Maternal II,0,204.0,5,0,0,5,2025,0.019417862207853187,2125526,38.23985091539712,0.14122137404580154,28.809160305343514,PPML-FE Caged x grupo sem tendencia
2026,TIJUCA,Bercario,0,1839.0,5,5,0,0,2025,0.019417862207853187,2125526,185.36445158981397,0.14856557377049182,273.2120901639345,PPML-FE Caged x grupo sem tendencia
2026,TIJUCA,Maternal I,0,1042.0,5,0,5,0,2025,0.019417862207853187,2125526,161.93424434638476,0.14800389483933787,154.22005842259006,PPML-FE Caged x grupo sem tendencia
2026,TIJUCA,Maternal II,0,1027.0,5,0,0,5,2025,0.019417862207853187,2125526,104.26574133536583,0.05711422845691383,58.6563126252505,PPML-FE Caged x grupo sem tendencia
2026,TODOS OS SANTOS,Bercario,0,263.0,5,5,0,0,2025,0.019417862207853187,2125526,23.572663125184764,0.055762081784386616,14.66542750929368,PPML-FE Caged x grupo sem tendencia
2026,TODOS OS SANTOS,Maternal I,0,142.0,5,0,5,0,2025,0.019417862207853187,2125526,19.623094907572387,0.14285714285714285,20.285714285714285,PPML-FE Caged x grupo sem tendencia
2026,TODOS OS SANTOS,Maternal II,0,140.0,5,0,0,5,2025,0.019417862207853187,2125526,12.638845571031677,0.07534246575342465,10.54794520547945,PPML-FE Caged x grupo sem tendencia
2026,TOMAS COELHO,Bercario,0,401.0,5,5,0,0,2025,0.019417862207853187,2125526,81.22482423372682,0.2311212814645309,92.67963386727689,PPML-FE Caged x grupo sem tendencia
2026,TOMAS COELHO,Maternal I,0,230.0,5,0,5,0,2025,0.019417862207853187,2125526,71.82878201901637,0.34782608695652173,80.0,PPML-FE Caged x grupo sem tendencia
2026,TOMAS COELHO,Maternal II,0,230.0,5,0,0,5,2025,0.019417862207853187,2125526,46.924398471470546,0.15234375,35.0390625,PPML-FE Caged x grupo sem tendencia
2026,TURIACU,Bercario,0,269.0,5,5,0,0,2025,0.019417862207853187,2125526,50.192960178899824,0.21933085501858737,59.0,PPML-FE Caged x grupo sem tendencia
2026,TURIACU,Maternal I,0,140.0,5,0,5,0,2025,0.019417862207853187,2125526,40.275860106218225,0.24675324675324675,34.54545454545455,PPML-FE Caged x grupo sem tendencia
2026,TURIACU,Maternal II,0,154.0,5,0,0,5,2025,0.019417862207853187,2125526,28.94261187243218,0.1506849315068493,23.205479452054792,PPML-FE Caged x grupo sem tendencia
2026,URCA,Bercario,0,93.0,5,5,0,0,2025,0.019417862207853187,2125526,9.862816277944884,0.05,4.65,PPML-FE Caged x grupo sem tendencia
2026,URCA,Maternal I,0,38.0,5,0,5,0,2025,0.019417862207853187,2125526,6.2133790677308465,0.12,4.56,PPML-FE Caged x grupo sem tendencia
2026,URCA,Maternal II,0,50.0,5,0,0,5,2025,0.019417862207853187,2125526,5.340900282023353,0.0425531914893617,2.127659574468085,PPML-FE Caged x grupo sem tendencia
2026,VARGEM GRANDE,Bercario,0,494.0,5,5,0,0,2025,0.019417862207853187,2125526,74.26881470113454,0.2682926829268293,132.53658536585365,PPML-FE Caged x grupo sem tendencia
2026,VARGEM GRANDE,Maternal I,0,292.0,5,0,5,0,2025,0.019417862207853187,2125526,67.68441100445315,0.2913907284768212,85.08609271523179,PPML-FE Caged x grupo sem tendencia
2026,VARGEM GRANDE,Maternal II,0,302.0,5,0,0,5,2025,0.019417862207853187,2125526,45.73123788109327,0.25,75.5,PPML-FE Caged x grupo sem tendencia
2026,VARGEM PEQUENA,Bercario,0,667.0,5,5,0,0,2025,0.019417862207853187,2125526,84.693462951732,0.1648793565683646,109.9745308310992,PPML-FE Caged x grupo sem tendencia
2026,VARGEM PEQUENA,Maternal I,0,408.0,5,0,5,0,2025,0.019417862207853187,2125526,79.87492778522235,0.2328767123287671,95.01369863013699,PPML-FE Caged x grupo sem tendencia
2026,VARGEM PEQUENA,Maternal II,0,365.0,5,0,0,5,2025,0.019417862207853187,2125526,46.681348339102904,0.16879795396419436,61.611253196930946,PPML-FE Caged x grupo sem tendencia
2026,VASCO GAMA,Bercario,0,264.0,5,5,0,0,2025,0.019417862207853187,2125526,33.064932600824775,0.08290155440414508,21.8860103626943,PPML-FE Caged x grupo sem tendencia
2026,VASCO GAMA,Maternal I,0,59.0,5,0,5,0,2025,0.019417862207853187,2125526,11.39310199129516,0.631578947368421,37.26315789473684,PPML-FE Caged x grupo sem tendencia
2026,VASCO GAMA,Maternal II,0,19.0,5,0,0,5,2025,0.019417862207853187,2125526,2.3968661733223398,0.08536585365853659,1.6219512195121952,PPML-FE Caged x grupo sem tendencia
2026,VAZ LOBO,Bercario,0,269.0,5,5,0,0,2025,0.019417862207853187,2125526,52.94133114436519,0.23958333333333334,64.44791666666667,PPML-FE Caged x grupo sem tendencia
2026,VAZ LOBO,Maternal I,0,155.0,5,0,5,0,2025,0.019417862207853187,2125526,47.03276744504318,0.3419354838709677,53.0,PPML-FE Caged x grupo sem tendencia
2026,VAZ LOBO,Maternal II,0,155.0,5,0,0,5,2025,0.019417862207853187,2125526,30.72562639615584,0.18518518518518517,28.703703703703702,PPML-FE Caged x grupo sem tendencia
2026,VICENTE CARVALHO,Bercario,0,350.0,5,5,0,0,2025,0.019417862207853187,2125526,64.32218833039501,0.22994652406417113,80.4812834224599,PPML-FE Caged x grupo sem tendencia
2026,VICENTE CARVALHO,Maternal I,0,207.0,5,0,5,0,2025,0.019417862207853187,2125526,58.65288393843988,0.31063829787234043,64.30212765957447,PPML-FE Caged x grupo sem tendencia
2026,VICENTE CARVALHO,Maternal II,0,235.0,5,0,0,5,2025,0.019417862207853187,2125526,43.49978392022842,0.14864864864864866,34.932432432432435,PPML-FE Caged x grupo sem tendencia
2026,VIDIGAL,Bercario,0,272.0,5,5,0,0,2025,0.019417862207853187,2125526,59.499339278798935,0.36,97.92,PPML-FE Caged x grupo sem tendencia
2026,VIDIGAL,Maternal I,0,182.0,5,0,5,0,2025,0.019417862207853187,2125526,61.38197891076753,0.42105263157894735,76.63157894736841,PPML-FE Caged x grupo sem tendencia
2026,VIDIGAL,Maternal II,0,152.0,5,0,0,5,2025,0.019417862207853187,2125526,33.489857329722085,0.13609467455621302,20.68639053254438,PPML-FE Caged x grupo sem tendencia
2026,VIGARIO GERAL,Bercario,0,753.0,5,5,0,0,2025,0.019417862207853187,2125526,132.1135600855855,0.2112676056338028,159.0845070422535,PPML-FE Caged x grupo sem tendencia
2026,VIGARIO GERAL,Maternal I,0,390.0,5,0,5,0,2025,0.019417862207853187,2125526,105.49777134675611,0.4582210242587601,178.70619946091645,PPML-FE Caged x grupo sem tendencia
2026,VIGARIO GERAL,Maternal II,0,371.0,5,0,0,5,2025,0.019417862207853187,2125526,65.56209150073317,0.15876777251184834,58.90284360189573,PPML-FE Caged x grupo sem tendencia
2026,VILA ISABEL,Bercario,0,861.0,5,5,0,0,2025,0.019417862207853187,2125526,105.11587235714455,0.20705346985210465,178.2730375426621,PPML-FE Caged x grupo sem tendencia
2026,VILA ISABEL,Maternal I,0,460.0,5,0,5,0,2025,0.019417862207853187,2125526,86.58631115668717,0.17536534446764093,80.66805845511483,PPML-FE Caged x grupo sem tendencia
2026,VILA ISABEL,Maternal II,0,479.0,5,0,0,5,2025,0.019417862207853187,2125526,58.90160531257467,0.08630393996247655,41.33958724202627,PPML-FE Caged x grupo sem tendencia
2026,VILA KENNEDY,Bercario,0,423.0,5,5,0,0,2025,0.019417862207853187,2125526,19.415974853632868,0.001976284584980237,0.8359683794466403,PPML-FE Caged x grupo sem tendencia
2026,VILA KENNEDY,Maternal I,0,277.0,5,0,5,0,2025,0.019417862207853187,2125526,19.603104777488703,0.045454545454545456,12.590909090909092,PPML-FE Caged x grupo sem tendencia
2026,VILA KENNEDY,Maternal II,0,44.0,5,0,0,5,2025,0.019417862207853187,2125526,2.034220283472732,0.0,0.0,PPML-FE Caged x grupo sem tendencia
2026,VILA KOSMOS,Bercario,0,202.0,5,5,0,0,2025,0.019417862207853187,2125526,38.375652372828036,0.16748768472906403,33.83251231527093,PPML-FE Caged x grupo sem tendencia
2026,VILA KOSMOS,Maternal I,0,115.0,5,0,5,0,2025,0.019417862207853187,2125526,33.684375571233275,0.37962962962962965,43.65740740740741,PPML-FE Caged x grupo sem tendencia
2026,VILA KOSMOS,Maternal II,0,108.0,5,0,0,5,2025,0.019417862207853187,2125526,20.66591448150005,0.14634146341463414,15.804878048780488,PPML-FE Caged x grupo sem tendencia
2026,VILA MILITAR,Bercario,0,241.0,5,5,0,0,2025,0.019417862207853187,2125526,20.22076778641981,0.022388059701492536,5.395522388059701,PPML-FE Caged x grupo sem tendencia
2026,VILA MILITAR,Maternal I,0,151.0,5,0,5,0,2025,0.019417862207853187,2125526,19.533668141282696,0.12222222222222222,18.455555555555556,PPML-FE Caged x grupo sem tendencia
2026,VILA MILITAR,Maternal II,0,90.0,5,0,0,5,2025,0.019417862207853187,2125526,7.60588192588126,0.11258278145695365,10.132450331125828,PPML-FE Caged x grupo sem tendencia
2026,VILA PENHA,Bercario,0,251.0,5,5,0,0,2025,0.019417862207853187,2125526,28.167940706600753,0.22137404580152673,55.56488549618321,PPML-FE Caged x grupo sem tendencia
2026,VILA PENHA,Maternal I,0,134.0,5,0,5,0,2025,0.019417862207853187,2125526,23.18528471616197,0.32298136645962733,43.27950310559006,PPML-FE Caged x grupo sem tendencia
2026,VILA PENHA,Maternal II,0,161.0,5,0,0,5,2025,0.019417862207853187,2125526,18.198421634458555,0.08791208791208792,14.153846153846155,PPML-FE Caged x grupo sem tendencia
2026,VILA VALQUEIRE,Bercario,0,556.0,5,5,0,0,2025,0.019417862207853187,2125526,73.15828267598233,0.15034965034965034,83.59440559440559,PPML-FE Caged x grupo sem tendencia
2026,VILA VALQUEIRE,Maternal I,0,285.0,5,0,5,0,2025,0.019417862207853187,2125526,57.817569264602376,0.33223684210526316,94.6875,PPML-FE Caged x grupo sem tendencia
2026,VILA VALQUEIRE,Maternal II,0,304.0,5,0,0,5,2025,0.019417862207853187,2125526,40.28921120569975,0.16287878787878787,49.515151515151516,PPML-FE Caged x grupo sem tendencia
2026,VISTA ALEGRE,Bercario,0,88.0,5,5,0,0,2025,0.019417862207853187,2125526,13.845823799571239,0.272,23.936,PPML-FE Caged x grupo sem tendencia
2026,VISTA ALEGRE,Maternal I,0,75.0,5,0,5,0,2025,0.019417862207853187,2125526,18.19380980788871,0.32727272727272727,24.545454545454547,PPML-FE Caged x grupo sem tendencia
2026,VISTA ALEGRE,Maternal II,0,55.0,5,0,0,5,2025,0.019417862207853187,2125526,8.716161895518391,0.22413793103448276,12.327586206896552,PPML-FE Caged x grupo sem tendencia
2026,ZUMBI,Bercario,0,36.0,5,5,0,0,2025,0.019417862207853187,2125526,4.617367312627896,0.2,7.2,PPML-FE Caged x grupo sem tendencia
2026,ZUMBI,Maternal I,0,17.0,5,0,5,0,2025,0.019417862207853187,2125526,3.3617630808452392,0.12,2.04,PPML-FE Caged x grupo sem tendencia
2026,ZUMBI,Maternal II,0,25.0,5,0,0,5,2025,0.019417862207853187,2125526,3.2296718820158854,0.08695652173913043,2.1739130434782608,PPML-FE Caged x grupo sem tendencia
