ano_teste,codigo_unidade,nome_unidade,demanda_observada,modelo,previsto
2025,10001,CP ESCOLA COMUNITÁRIA JARDIM DE INFÂNCIA TIA ANASTÁCIA,116,PPML-FE base,119.6119528867241
2025,10004,CP ESCOLA COMUNITÁRIA JARDIM BALÃO MÁGICO,38,PPML-FE base,50.87737055494525
2025,10005,CP CRECHE COMUNITÁRIA JARDIM PEDRA AZUL,26,PPML-FE base,32.966356143963175
2025,10006,CP CRECHE ESCOLA COMUNITÁRIA ISMÊNIA RIBEIRO,84,PPML-FE base,87.79955681618333
2025,10008,CP CRECHE COMUNITÁRIA JARDIM ESPERANÇA,92,PPML-FE base,73.44837173913737
2025,10009,CP JARDIM ESCOLA ERNESTO FAGUNDES VARELA,68,PPML-FE base,68.92392541263105
2025,10010,CP ESCOLA COMUNITÁRIA JARDIM ARCO-ÍRIS,95,PPML-FE base,84.01984773721698
2025,10011,CP CRECHE PINGUINHO DE GENTE,30,PPML-FE base,32.966356143963175
2025,10013,CP ESCOLA COMUNITÁRIA ENCANTO DE MARIA,53,PPML-FE base,50.12771305952725
2025,10014,CP CRECHE COMUNITÁRIA SÃO JOÃO BATISTA,54,PPML-FE base,38.16961544145805
2025,10018,CP CRECHE ESCOLA COMUNITÁRIA SÍTIO ALEGRE,244,PPML-FE base,160.62044514490344
2025,10019,CP ESCOLA COMUNITÁRIA JARDIM ALEXANDRINO,166,PPML-FE base,143.90268221494495
2025,10020,CP CASA MATERNAL NOSSA SENHORA DE NAZARÉ,112,PPML-FE base,91.58117310147928
2025,10022,CP ASSOCIAÇÃO DE MORADORES E AMIGOS DO PARQUE ESTORIL - AMAPE,203,PPML-FE base,160.62044514490344
2025,10023,CP CRECHE ESCOLA SOSSEGO DA MAMÃE,90,PPML-FE base,90.06830785982662
2025,10024,CP CRECHE COMUNITÁRIA MUNDO ENCANTADO DA CRIANÇA,170,PPML-FE base,165.9422028700973
2025,10026,CP CRECHE E ESCOLA COMUNITÁRIA GENTE BAIXINHA I,249,PPML-FE base,182.6743585181564
2025,10027,CP CRECHE CASULO AGOSTINHO - SANTA CRUZ,194,PPML-FE base,129.47576544649894
2025,10028,CP CRECHE CASULO AGOSTINHO - VERIDIANA,124,PPML-FE base,119.6119528867241
2025,10029,CP ASSOCIAÇÃO DE MORADORES DAS MORADAS DO IMPÉRIO,65,PPML-FE base,71.93976587894677
2025,10030,CP INSTITUTO AVELINO - GUARATIBA,93,PPML-FE base,77.22174307072886
2025,10032,CP CRECHE COMUNITÁRIA MUNDO MÁGICO,150,PPML-FE base,142.3835317177258
2025,10033,CP PROJETO QUEBRA CABEÇA,69,PPML-FE base,59.13696347468956
2025,10034,CP OS BENEDITINHOS,134,PPML-FE base,124.92243377986205
2025,10035,CP ESCOLA COMUNITÁRIA JARDIM DE INFÂNCIA CHAVE DO TAMANHO,139,PPML-FE base,57.63355439706991
2025,10036,CP CAAD DONA ZULMIRA TELLES,157,PPML-FE base,157.5799452666911
2025,10037,CP CAAD - COMITÊ DE ATENDIMENTO À CRIANÇA E AO ADOLESCENTE,71,PPML-FE base,63.651032199515
2025,10039,CP FUNDAÇÃO KLINGNER PARA O DESENVOLVIMENTO SOCIAL,243,PPML-FE base,214.64058477011005
2025,1004,CP CRECHE CANTINHO FELIZ DE SANTA TERESA,136,PPML-FE base,121.88763455336822
2025,10040,CP CICIM I,219,PPML-FE base,167.46290335891553
2025,10041,CP CRECHE BEZERRA DE MENEZES - SANTA CRUZ,173,PPML-FE base,118.09503820955364
2025,10042,CP CICIM II,179,PPML-FE base,140.8644987316074
2025,10043,CP CRECHE CANTINHO CASLU,168,PPML-FE base,131.75291559734308
2025,10044,CP CRECHE COMUNITÁRIA MAGIA DA CRIANÇA,93,PPML-FE base,99.9067195994734
2025,10045,CP ESPAÇO CRIATIVO ERA UMA VEZ,73,PPML-FE base,75.71208666111399
2025,10046,CP CRECHE COMUNITÁRIA DEUS É FIEL - CCDF,191,PPML-FE base,184.1959194090236
2025,10047,CP CENTRO CULTURAL MONTESSORI - SANTA CRUZ,194,PPML-FE base,207.78848362516177
2025,1005,CP CASA MATERNAL CORAÇÃO DE MÃE,48,PPML-FE base,33.70830538209262
2025,10051,CP CRECHE COMUNITÁRIA DEUS É FIEL - UNIDADE VI,244,PPML-FE base,222.25526535666228
2025,10052,CP CRECHE COMUNITÁRIA DEUS É FIEL - UNIDADE VII,493,PPML-FE base,432.7281359200449
2025,10053,CP CRECHE COMUNITÁRIA GÊNIO DO FUTURO,311,PPML-FE base,280.1615772749654
2025,10054,CP CRECHE COMUNITÁRIA AQUARELA DO SABER,51,PPML-FE base,87.79955681618333
2025,10055,CP ESPAÇO DE DESENVOLVIMENTO MÃE GAIA,140,PPML-FE base,62.14573285631344
2025,10056,CP CRECHE MUNDO DA BIBI,100,PPML-FE base,75.71208666111399
2025,10057,CP CENTRO CULTURAL MONTESSORI - PACIÊNCIA,358,PPML-FE base,269.4906536174052
2025,10058,CP CRECHE ESCOLA COMUNITÁRIA MALLETZINHO,261,PPML-FE base,162.90106383013628
2025,10059,CP CRECHE COMUNITÁRIA PLANETA BEBÊ,95,PPML-FE base,83.26414955019312
2025,1006,CP CRECHE DO TUIUTI,233,PPML-FE base,221.49374121848624
2025,10060,CP CRECHE COMUNITÁRIA JARDIM DO CONHECIMENTO,83,PPML-FE base,72.69401361592053
2025,10061,CP CRECHE COMUNITÁRIA ESTRELA DO AMANHÃ,113,PPML-FE base,133.27118760614758
2025,10062,CP CENTRO CULTURAL DE DESENVOLVIMENTO INFANTIL JOÃO BATISTA,79,PPML-FE base,87.04345722640339
2025,10063,CP CRECHE COMUNITÁRIA UNIVERSO INFANTIL,313,PPML-FE base,246.6300362171844
2025,10064,CP CRECHE COMUNITÁRIA CORAÇÃO DE MÃE,269,PPML-FE base,215.40199570438452
2025,10065,CP CRECHE MAGIA DA CRIANÇA II,94,PPML-FE base,128.71678575358726
2025,10066,CP CRECHE COMUNITÁRIA ARTE & CULTURA,219,PPML-FE base,160.62044514490344
2025,10067,CP CRECHE COMUNITÁRIA ARCA DE NOÉ,117,PPML-FE base,104.45102479229791
2025,10068,CP CRECHE COMUNITÁRIA TIA NEIDE - GUARATIBA,152,PPML-FE base,87.79955681618333
2025,10069,CP CRECHE E ESCOLA COMUNITÁRIA GENTE BAIXINHA II,411,PPML-FE base,351.84343349720695
2025,1007,CP EDUCANDÁRIO NOSSA SENHORA DE NAZARÉ,78,PPML-FE base,95.36454475954048
2025,10070,CP PEDACINHO DO CÉU,121,PPML-FE base,120.3704726696886
2025,10071,CP CRECHE COMUNITÁRIA ARTE & CULTURA - UNIDADE I,251,PPML-FE base,140.8644987316074
2025,10072,CP CRECHE COMUNITÁRIA DEUS É FIEL - UNIDADE X,219,PPML-FE base,179.63145313508195
2025,10073,CP NINHO CARIOCA,435,PPML-FE base,327.43521438607576
2025,10074,CP CRECHE MUNDO MÁGICO II,201,PPML-FE base,161.38062851810665
2025,10075,CP CRECHE COMUNITÁRIA PEDACINHO DE CÉU,153,PPML-FE base,160.62044514490344
2025,10076,CP ESPAÇO DE DESENVOLVIMENTO MÃE GAIA - UNIDADE I,73,PPML-FE base,33.70830538209268
2025,10077,CP CRECHE COMUNITÁRIA CANTINHO DO SABER,40,PPML-FE base,47.880134618727766
2025,10078,CP CRECHE COMUNITÁRIA CRIANÇA FELIZ,72,PPML-FE base,58.38517425341227
2025,10079,CP CRECHE COMUNITÁRIA DEUS É FIEL - UNIDADE VIII,100,PPML-FE base,121.88763455336822
2025,10080,CP ASSOCIAÇÃO CENTRO EDUCACIONAL REBRAL XII (GUARATIBA),154,PPML-FE base,87.79955681618333
2025,10081,CP CENTRO EDUCACIONAL ESTRELA DO AMANHÃ,228,PPML-FE base,239.01173190699276
2025,10082,CP CRECHE ESCOLA BAIXINHOS SABIDOS,70,PPML-FE base,73.44837173913737
2025,10083,CP CRECHE COMUNITÁRIA CRISTÃ CORDEIRINHO DE CRISTO,116,PPML-FE base,235.96470104428184
2025,10084,CP CRECHE COMUNITÁRIA AQUARELA DO SABER (GUARATIBA),284,PPML-FE base,208.5497739579808
2025,10085,CP CRECHE VIDA,50,PPML-FE base,75.71208666111399
2025,1009,CP CRECHE COMUNITÁRIA ANITA WAY,179,PPML-FE base,162.90106383013628
2025,1010,CP CENTRO CULTURAL MONTESSORI - SÃO CRISTÓVÃO,465,PPML-FE base,364.8123773793261
2025,101601,CM LADEIRA DOS FUNCIONÁRIOS,122,PPML-FE base,99.05270601430966
2025,101602,CM VIRGÍNIA LEMOS,58,PPML-FE base,60.65146965327913
2025,101603,CM SENNINHA,255,PPML-FE base,229.9564998734641
2025,101604,CM SEMPRE VIDA P. CONQUISTA,68,PPML-FE base,55.724417730597246
2025,101605,CM CLEMENTE FERREIRA,199,PPML-FE base,181.4229102633968
2025,101606,CM QUINTA DO CAJU,143,PPML-FE base,128.85062975279402
2025,101607,CM TIA DORA,259,PPML-FE base,239.4881575123699
2025,101801,EDI PARQUE DA ALEGRIA,271,PPML-FE base,251.4915230913581
2025,101802,EDI MACHADO DE ASSIS,152,PPML-FE base,127.08701145015164
2025,101803,EDI ANTÔNIO RAPOSO TAVARES,38,PPML-FE base,47.634219877989175
2025,1019601,CM SEMPRE VIDA VALE DO SOL,29,PPML-FE base,48.86494364419754
2025,1019602,CM SEMPRE VIDA ANTARES,151,PPML-FE base,170.3064489542671
2025,1019603,CM JARDIM DOS VIEIRAS,137,PPML-FE base,117.21164047974018
2025,1019604,CM AYRTON SENNA,63,PPML-FE base,65.0519691841677
2025,1019605,CM MARLENE DA SILVA CARDOSO,57,PPML-FE base,60.475474708510696
2025,1019606,CM TRINTA E UM DE OUTUBRO,124,PPML-FE base,99.22897184727682
2025,1019607,CM ADALTO BASTOS,221,PPML-FE base,156.0153801254039
2025,1019609,CM CANTINHO DA TIA DOLORES,76,PPML-FE base,133.965372535743
2025,1019610,CM CHAVE DO TAMANHO,56,PPML-FE base,93.06013751214626
2025,1019611,CM CRIANÇA FELIZ,51,PPML-FE base,51.15097029078287
2025,1019612,CM DANIELA PEREZ,305,PPML-FE base,316.28273040919424
2025,1019613,CM DJANIRA MARIA RAMOS,128,PPML-FE base,95.52755233989208
2025,1019614,CM INSPETOR HERALDO CARVALHO DE SOUSA,240,PPML-FE base,195.5403382824675
2025,1019615,CM MARCOLINA,44,PPML-FE base,50.27167035888544
2025,1019616,CM MARIA HELENA PAPERA MONTEIRO,60,PPML-FE base,57.13196958949748
2025,1019618,CM LEUZA MARINS NOVAES S. SANTOS,75,PPML-FE base,85.30654587081712
2025,1019619,CM SANTA TEREZINHA,41,PPML-FE base,65.22801297735225
2025,1019620,CM SEMENTINHA DO AMOR,68,PPML-FE base,90.7691172249298
2025,1019621,CM SEMPRE VIDA ESTRELA DO ALAGADO,48,PPML-FE base,90.41666591890808
2025,1019623,CM SEMPRE VIDA TERRA DA PAZ,243,PPML-FE base,203.6584382703521
2025,1019624,CM ZACARIAS - O TRAPALHÃO,27,PPML-FE base,61.53147435857699
2025,1019625,CM NARIZINHO,41,PPML-FE base,45.17325946128965
2025,1019626,CM PEDRINHO,52,PPML-FE base,43.94304052782617
2025,1019627,CM VOVÓ BENTA,104,PPML-FE base,69.98182510492992
2025,1019628,CM IRINÉA DOS SANTOS PAIVA,77,PPML-FE base,123.55991463665858
2025,1019630,CM ESTRELA DALVA,69,PPML-FE base,66.28431201223694
2025,1019631,CM TIA HILDA MACEDO,147,PPML-FE base,165.18968356691778
2025,1019632,CM MIRIAM PIRES,326,PPML-FE base,290.1529043696246
2025,1019633,CM MERILUCE DE OLIVEIRA MÜLLER,44,PPML-FE base,69.45356633082098
2025,1019801,EDI SARGENTO IZO GOMES PATRÍCIO,217,PPML-FE base,236.48740801495308
2025,1019802,EDI LARISSA DOS SANTOS ATANAZIO,120,PPML-FE base,101.52049550814472
2025,1019803,EDI LARYSSA SILVA MARTINS,189,PPML-FE base,202.42304986686983
2025,1019804,EDI PROFESSORA MARIA LUIZA JOBIM DE QUEIROZ,55,PPML-FE base,56.95601751982585
2025,1019806,EDI PROFESSOR RUBEM GONÇALVES,64,PPML-FE base,86.53994817019353
2025,1019807,EDI PROFESSOR ANTONIO ALFREDO MERCADANTE,107,PPML-FE base,89.53555363810025
2025,1019808,EDI GEÓGRAFO AZIZ AB' SABER,82,PPML-FE base,82.31135164972882
2025,1019809,EDI PROFESSORA CARMEN FRAGA DE ARAÚJO,48,PPML-FE base,75.617395156574
2025,1019810,EDI PROFESSORA ROSELE NICOLAU JORGE COUTINHO,51,PPML-FE base,40.42919872061272
2025,1019811,EDI PROFESSORA RAQUEL KELLY LANERA,55,PPML-FE base,40.78050660195154
2025,1019815,EDI JOÃO CORRÊA,92,PPML-FE base,105.57502543806068
2025,1019818,EDI RENÉE BISCAIA RAPOSO,41,PPML-FE base,95.35130302406247
2025,1019820,EDI INAIÁ WANDERLEY CARMO,54,PPML-FE base,99.75777387110983
2025,1019821,EDI PROFESSORA SOLANGE INÁCIA DE SÁ DE LACERDA,120,PPML-FE base,186.18739045855492
2025,1019822,EDI PROFESSORA KATIA MIRANDA SANTOS,36,PPML-FE base,150.0172398639069
2025,1019824,EDI PROFESSORA LILIA CHAVES DA COSTA,26,PPML-FE base,117.564304609951
2025,1019826,EDI THAMIRIS DE ANDRADE DA SILVA SANTOS,140,PPML-FE base,165.18968356691792
2025,1019827,EDI MEDALHISTA OLÍMPICA POLIANA OKIMOTO,200,PPML-FE base,223.0727794356063
2025,1019828,EDI MEDALHISTA OLÍMPICO ERLON DE SOUZA SILVA,171,PPML-FE base,196.77567548016444
2025,1019829,EDI ERASMO CARLOS,94,PPML-FE base,87.79955681618333
2025,1019830,EDI GAL COSTA,109,PPML-FE base,105.96623502895486
2025,1019831,EDI PROFESSORA MARIA MESQUITA DE SIQUEIRA,218,PPML-FE base,246.54889150899763
2025,102601,CM SEMPRE VIDA SANTO ANTÔNIO DE PÁDUA,142,PPML-FE base,147.5475271251038
2025,102602,CM ANA MARIA DA CRUZ SILVA,249,PPML-FE base,275.67638604103786
2025,102604,CM ARCO-ÍRIS,292,PPML-FE base,301.2755167679521
2025,102605,CM ALDEIA DOS CURUMINS,281,PPML-FE base,311.3391154013865
2025,102606,CM GEORGE SAVALLA GOMES - PALHAÇO CAREQUINHA,279,PPML-FE base,292.0949231377997
2025,1026601,CM SONHO DE CRIANÇA,248,PPML-FE base,274.61715376896655
2025,1026602,CM NOSSA SENHORA DA GLÓRIA,118,PPML-FE base,155.48611778985082
2025,1026603,CM SEMPRE VIDA COLÔNIA DOS PESCADORES,116,PPML-FE base,150.72288410524644
2025,1026604,CM JOSEPHA FERREIRA DA COSTA,319,PPML-FE base,304.45346718463645
2025,1026801,EDI SAMIRA PIRES RIBEIRO,36,PPML-FE base,134.1417493665746
2025,1026802,EDI PROFESSOR MARCOS FLAMÍNIO PORTUGAL PINTO,387,PPML-FE base,420.99288011023566
2025,1026803,EDI PADRE CARLOS HENRIQUE DE SOUZA,99,PPML-FE base,126.20521952945082
2025,1026805,EDI MEDALHISTA OLÍMPICO IZAQUIAS QUEIROZ DOS SANTOS,330,PPML-FE base,348.5941521907166
2025,1026806,EDI MEDALHISTA OLÍMPICO FELIPE ALMEIDA WU,253,PPML-FE base,279.560267806721
2025,1026807,EDI ALFREDO FERNANDO VAZ GUIMARÃES JÚNIOR,379,PPML-FE base,371.3723220818683
2025,1026809,EDI MEDALHISTA PARALÍMPICO RICARDO COSTA DE OLIVEIRA,238,PPML-FE base,239.1351261864285
2025,1026810,EDI ALCEBÍADES FRANCISCO ROSA,331,PPML-FE base,381.6139710647415
2025,1026811,EDI GERMANO THOMÉ DE OLIVEIRA,43,PPML-FE base,183.89336136482092
2025,102802,EDI CAMPOS SALLES,31,PPML-FE base,53.437474920273694
2025,102803,EDI RACHEL DE QUEIROZ,53,PPML-FE base,72.62331955073292
2025,103601,CM ESPAÇO LIVRE DA CRIANÇA,51,PPML-FE base,46.05209634342867
2025,103602,CM DIREITOS HUMANOS,87,PPML-FE base,79.1403158103053
2025,103604,CM SONHO INFANTIL,107,PPML-FE base,97.46634798201616
2025,103605,CM BRINCADEIRAS DE CRIANÇA,123,PPML-FE base,135.55277884209542
2025,103606,CM CAMPOS DA PAZ,102,PPML-FE base,134.494504270441
2025,103607,CM ESTÁCIO DE SÁ,227,PPML-FE base,257.84647081898856
2025,103801,EDI PROFESSORA SIMONE SOUSA PIMENTEL,134,PPML-FE base,134.494504270441
2025,103802,EDI LILY MARINHO,175,PPML-FE base,204.54086396854345
2025,103804,EDI ZÉLIA GATTAI AMADO,73,PPML-FE base,68.92532140120822
2025,103805,EDI BEATRIZ VICÊNCIA BANDEIRA RYFF,86,PPML-FE base,130.61429296613375
2025,103806,EDI FUNDAÇÃO LEÃO XIII,19,PPML-FE base,13.48269731299592
2025,103807,EDI MARIA LUIZA NOBRE - TIA LUIZINHA,232,PPML-FE base,222.36676950948151
2025,107601,CM ADALBERTO ISMAEL DE SOUZA,67,PPML-FE base,57.835800412910544
2025,107602,CM DEPUTADO LUIZ EDUARDO DE MAGALHÃES,188,PPML-FE base,185.48153143286137
2025,107603,CM VOVÓ LUCÍOLA,130,PPML-FE base,125.49979440984016
2025,107604,CM HOMERO JOSÉ DOS SANTOS,174,PPML-FE base,175.4234309132386
2025,107605,CM EDUARDO MOREIRA DOS SANTOS,152,PPML-FE base,152.31060278888262
2025,107606,CM FRANCISCO ALVES,154,PPML-FE base,131.67251194945314
2025,107607,CM NAÇÃO MANGUEIRENSE,175,PPML-FE base,199.4228582999906
2025,107608,CM SAMORA MACHEL,138,PPML-FE base,110.86407026771138
2025,107609,CM VASQUINHO,239,PPML-FE base,220.7782560405681
2025,107610,CM ARARA AZUL,335,PPML-FE base,300.0396543410739
2025,107801,EDI PROFESSORA DAYSE MALAGOLE,48,PPML-FE base,63.643682723793845
2025,107802,EDI MORRO DOS TELÉGRAFOS,16,PPML-FE base,23.07132841455427
2025,107803,EDI DOIS DE JULHO,45,PPML-FE base,39.19976516880679
2025,11001,CP CRECHE COMUNITÁRIA ALEGRIA DA CRIANÇA,118,PPML-FE base,125.68122986629658
2025,11003,CP AMIG - ASSOCIAÇÃO DOS MORADORES DA ILHA DO GOVERNADOR,215,PPML-FE base,173.54654263601302
2025,11004,CP CENTRO DE ATIVIDADES EDUCACIONAIS E CULTURAIS ARCA DE NOÉ - CAECAN,237,PPML-FE base,200.93750803173475
2025,11006,CP CRECHE CASULO DO DENDÊ,391,PPML-FE base,316.7583825122853
2025,11007,CP CRECHE ESFERA KIDS,135,PPML-FE base,128.71678575358726
2025,11008,CP FILIAL BANCÁRIOS - RJ,213,PPML-FE base,186.4783926923257
2025,11009,CP CRECHE COMUNITÁRIA IRMÃ MOROCHA (CCIM),147,PPML-FE base,129.47576544649894
2025,11010,CP CHALÉ SEMENTINHA (ILHA DO GOVERNADOR),54,PPML-FE base,163.6613153470296
2025,1120201,CIEP OLGA BENÁRIO PRESTES,34,PPML-FE base,30.25066673389888
2025,1120601,CM STELLA MARIS,289,PPML-FE base,266.31996002021043
2025,1120602,CM CORA CORALINA,274,PPML-FE base,307.454888817259
2025,1120603,CM DOUTOR ANTÔNIO MONTEIRO,294,PPML-FE base,264.37809671895315
2025,1120604,CM MARIA ARMINDA F. SOUZA AGUIAR,194,PPML-FE base,237.89952067320684
2025,1120605,CM SEMPRE VIDA LORETO,264,PPML-FE base,237.36997743042275
2025,1120606,CM TAUÁ,364,PPML-FE base,322.1092089455688
2025,1120801,EDI JOSÉ DE SOUZA RAMOS,135,PPML-FE base,155.83895903936298
2025,1120802,EDI NEUSA MARIA GOULART BRIZOLA,197,PPML-FE base,235.42832912907969
2025,1120804,EDI PROFESSORA ANNA MARIA JESUS CONCEICAO,178,PPML-FE base,230.3095170848703
2025,121001,EM JOAQUIM MANUEL DE MACEDO,56,PPML-FE base,30.776605808803943
2025,123601,CM JOSÉ MARINHO DE OLIVEIRA,130,PPML-FE base,98.17138828286495
2025,123603,CM FALLET,92,PPML-FE base,82.6637114182487
2025,123801,EDI HELOÍSA MARINHO,14,PPML-FE base,18.18117676129044
2025,2001,CP CRECHE ESPAÇO SEMENTE,62,PPML-FE base,64.40389823181044
2025,2002,CP EDUCANDÁRIO CASA DE JACIRA,38,PPML-FE base,28.52623162430274
2025,2003,CP CENTRO COMUNITÁRIO DA RUA UM UNIÃO FAZ A FORÇA,135,PPML-FE base,40.40569553712064
2025,2004,CP AÇÃO SOCIAL PADRE ANCHIETA - ASPA,293,PPML-FE base,298.4580287133137
2025,2005,CP ESCOLA COMUNITÁRIA DO CANTAGALO,61,PPML-FE base,74.95741037392285
2025,2006,CP CRECHE PRÉ-ESCOLA COMUNITÁRIA DOIS IRMÃOS,73,PPML-FE base,73.44837173913737
2025,2009,CP ABRIGO TERESA DE JESUS,137,PPML-FE base,133.27118760614758
2025,2010,CP CRECHE PATINHO FELIZ,141,PPML-FE base,183.4351300707877
2025,2011,CP SOCIEDADE CIVIL DE ASSISTÊNCIA A MENORES - CASA DA DINDA,80,PPML-FE base,109.755169305876
2025,2012,CP GRUPO COMUNITÁRIO CRECHE ESCOLA TIA MAURA,107,PPML-FE base,83.26414955019305
2025,2013,CP CENTRO DE EDUCAÇÃO INFANTIL CRISTO REDENTOR,57,PPML-FE base,58.38517425341233
2025,2014,CP CRUZADA PELA INFÂNCIA DO LEME,114,PPML-FE base,89.3119833908732
2025,2015,CP CRECHE SANT ANNA,127,PPML-FE base,116.57829359327764
2025,2016,CP CASA MATERNAL MELLO MATTOS,184,PPML-FE base,159.10014804127903
2025,2018,CP FUNDAÇÃO CASA SANTA IGNEZ,84,PPML-FE base,97.63535375729472
2025,2019,CP UNIDAS - OBRAS SOCIAIS UNIDAS DE SANTA MARTA,45,PPML-FE base,49.3782833541845
2025,2020,CP CASA ESPÍRITA CRISTÃ MARIA DE NAZARÉ,104,PPML-FE base,114.30350519361473
2025,2022,CP CRECHE CHAPEUZINHO MARROM,49,PPML-FE base,52.37734332446863
2025,2024,CP CRECHE ESCADINHA DO SABER,11,PPML-FE base,15.396897571158664
2025,2025,CP CRECHE BEZERRA DE MENEZES - BOTAFOGO,238,PPML-FE base,290.83400517659
2025,2026,CP CRECHE MONSENHOR FRANCA,63,PPML-FE base,67.41673020480314
2025,2028,CP OBRAS SOCIAIS PADRE ALEIXO,155,PPML-FE base,137.06744711720418
2025,2029,CP CASA DA CRIANÇA,416,PPML-FE base,387.701892728914
2025,2031,CP CENTRO COMUNITÁRIO ALEGRIA DAS CRIANÇAS,86,PPML-FE base,59.88891789201324
2025,2032,CP PATRONATO OPERÁRIO DA GÁVEA,71,PPML-FE base,56.13084025698442
2025,2034,CP CENTRO SOCIAL DA MULHER UÊGA,76,PPML-FE base,71.9397658789469
2025,2035,CP CENTRO SOCIAL E AÍ COMO É QUE FICA ?,82,PPML-FE base,77.22174307072879
2025,2036,CP CRECHE BERÇÁRIO MARIA HELENA DA ROCINHA,177,PPML-FE base,160.62044514490344
2025,2037,CP CRECHE COMUNITÁRIA CANTINHO DA NATUREZA,176,PPML-FE base,166.702542365136
2025,2038,CP CRECHE CHÁCARA DO CÉU,45,PPML-FE base,69.67770811200612
2025,2039,CP CRECHE ESCOLA MENINOS DE LUZ,268,PPML-FE base,255.01131052514188
2025,2040,CP CRECHE MARIA MARIA,123,PPML-FE base,98.3924150850714
2025,2041,CP CRECHE E PRÉ-ESCOLA COMUNITÁRIA DO 199 PINGO DE GENTE,80,PPML-FE base,32.9663561439632
2025,2042,CP CRECHE SANTA CLARA,133,PPML-FE base,113.54533229493391
2025,2043,CP CRECHE SANTA MÔNICA,124,PPML-FE base,147.70105672959394
2025,2044,CP CRECHE SÃO COSME E SÃO DAMIÃO,89,PPML-FE base,79.48695866380045
2025,2045,CP CREI - CENTRO DE RECUPERAÇÃO INFANTIL,63,PPML-FE base,41.898165382714936
2025,2046,CP ESPAÇO SANTA TEREZINHA - EST,207,PPML-FE base,216.16341956940465
2025,204601,CM TIA AMÁLIA,58,PPML-FE base,76.67421891758237
2025,204602,CM ARACY GUIMARÃES ROSA,587,PPML-FE base,435.6501632848485
2025,2047,CP GRUPO COMUNITÁRIO MORRO DA ALEGRIA,66,PPML-FE base,68.92392541263105
2025,2048,CP LAR CANTINHO FELIZ,212,PPML-FE base,245.8681602947833
2025,204804,EDI PROFESSORA SARITA KONDER,30,PPML-FE base,81.07812726290209
2025,204805,EDI CLAUDIO CAVALCANTI,188,PPML-FE base,172.77668986044912
2025,204806,EDI IRMA MARGARITA ALARCON,133,PPML-FE base,178.24668150969592
2025,2049,CP OBRA DO BERÇO,285,PPML-FE base,254.24932913877552
2025,2052,CP CRECHE CASA SANTA MARTA,137,PPML-FE base,135.54884581051442
2025,2053,CP CRECHE ESPERANÇA,184,PPML-FE base,184.1959194090236
2025,2054,CP UNIÃO DE MULHERES PRO-MELHORAMENTO DA ROUPA SUJA,78,PPML-FE base,77.22174307072886
2025,2055,CP CRECHE CASA DO POBRE DE NOSSA SENHORA DE COPACABANA,136,PPML-FE base,88.5557326289228
2025,2056,CP CRECHE SANTA CLARA DE ASSIS NA PROVIDÊNCIA DE DEUS,70,PPML-FE base,79.48695866380031
2025,205601,CM IRMÃS BAPTISTA,425,PPML-FE base,411.6335611202257
2025,205602,CM TIA SONIA CRISPINIANO,181,PPML-FE base,190.4226161036836
2025,2057,CP CENTRO EDUCACIONAL ESPERANÇA,37,PPML-FE base,28.52623162430274
2025,2058,CP NASCEER - NÚCLEO DE ASSIST. SOCIAL CULTURAL EDUC. ECOLÓGICO DA ROCINHA,82,PPML-FE base,53.87815308838196
2025,205801,EDI DONA MARCELA,90,PPML-FE base,130.43792465844143
2025,2060,CP ASSOCIAÇÃO CENTRO EDUCACIONAL REBRAL - ROCINHA,138,PPML-FE base,66.66332310808603
2025,2061,CP CRECHE INSTITUTO MACINTYRE,60,PPML-FE base,67.41673020480314
2025,2062,CP CENTRO EDUCACIONAL ROUPA FELIZ,13,PPML-FE base,24.110581762655357
2025,2063,CP CRECHE ANJOS DO BEM,66,PPML-FE base,62.8983092871192
2025,206601,CM DOUTOR SOBRAL PINTO,74,PPML-FE base,82.6637114182487
2025,206602,CM VIDIGAL,139,PPML-FE base,142.4319099205648
2025,206603,CM JACÓ INÁCIO GOMES,88,PPML-FE base,165.18968356691778
2025,206605,CM DOUTOR PEDRO BLOCH,121,PPML-FE base,175.2469797928903
2025,206606,CM ELZA MACHADO DOS SANTOS - TIA ELZA,196,PPML-FE base,195.0109109782937
2025,208601,CM CASA BRANCA - PROFESSOR PAULO FREIRE,82,PPML-FE base,90.59289111876902
2025,208603,CM RAÍZES DO SALGUEIRO,85,PPML-FE base,68.22101673124885
2025,208604,CM TIA BELA,89,PPML-FE base,116.85897851904238
2025,208605,CM TIA MARIA,30,PPML-FE base,56.25223220433336
2025,208606,CM DOUTOR RONALDO LUIZ GAZOLLA,48,PPML-FE base,86.53994817019353
2025,208607,CM DOS SONHOS,57,PPML-FE base,74.91287187971731
2025,208608,CM DOUTOR SÉRGIO AROUCA,181,PPML-FE base,183.18751372489425
2025,208801,EDI IGOR MORAES DA SILVA,70,PPML-FE base,82.31135164972882
2025,208803,EDI BOREL,58,PPML-FE base,86.40575676823538
2025,209601,CM PIPA NO CÉU,101,PPML-FE base,121.2674057697788
2025,209602,CM CANTINHO DO CÉU,152,PPML-FE base,134.84726082336786
2025,209603,CM GALDINO MANOEL DA SILVA,46,PPML-FE base,46.40365564721745
2025,209604,CM NOVA DIVINÉIA,56,PPML-FE base,67.34067182313174
2025,209605,CM SÃO SEBASTIÃO - ARRELIA,75,PPML-FE base,74.73674435314061
2025,209606,CM WINNIE MANDELA,55,PPML-FE base,71.21448159580993
2025,209607,CM SOLANGE MARIA MAGALHÃES,71,PPML-FE base,109.1009920548224
2025,209608,CM GERMINAL DA VILA,124,PPML-FE base,124.6180236696268
2025,209609,CM PAPA JOÃO PAULO II,146,PPML-FE base,151.78136030575152
2025,209610,CM FRANCISCO DE PAULA,92,PPML-FE base,121.44374960542288
2025,209803,EDI PROFESSORA SUELY DE PINHO CAVALCANTE,34,PPML-FE base,99.22897184727674
2025,209804,EDI PROFESSORA LUCIA MARIA QUITETE DE CARVALHO AMARAL,15,PPML-FE base,40.25355151991399
2025,227601,CM CASTELINHO,44,PPML-FE base,145.6070855601564
2025,227602,CM IACYRA FRAZÃO,15,PPML-FE base,32.17944415909957
2025,227801,EDI PROFESSORA EDIR CASEIRO RIBEIRO,347,PPML-FE base,286.4454439648338
2025,3001,CP ASSOCIAÇÃO PRESBITERIANA CUIDANDO DO AMANHÃ - APCA,161,PPML-FE base,152.26000501994244
2025,3002,CP ABRIGO MARIA IMACULADA,249,PPML-FE base,237.48819517182483
2025,3003,CP CASA SÃO ROQUE,158,PPML-FE base,168.98368907332454
2025,3004,CP CENTRO COMUNITÁRIO NOSSA SENHORA APARECIDA - CRECHE,85,PPML-FE base,99.1495373366461
2025,3005,CP COLÉGIO RUTH SANT ANNA / JARDIM DE INFÂNCIA CIRANDA CIRANDINHA,94,PPML-FE base,131.75291559734308
2025,3006,CP CRECHE CASA VIVA,421,PPML-FE base,393.04331626388137
2025,3007,CP CRECHE CHAMEGUINHO,85,PPML-FE base,88.5557326289228
2025,3008,CP CRECHE COMUNITÁRIA ELIANA SATURNINO BRAGA,105,PPML-FE base,84.01984773721698
2025,3009,CP CRECHE COMUNITÁRIA JOÃO FERREIRA,46,PPML-FE base,38.91460845708968
2025,3010,CP CRECHE ESCOLA COMUNITÁRIA MÃE SOCIAL,122,PPML-FE base,121.12903339346158
2025,3011,CP CRECHE DO CENTRO PASTORAL SOCIAL PADRE JUSTINO RUSSOLILLO,44,PPML-FE base,51.62724937515424
2025,3012,CP CRECHE MÃE DO DIVINO SALVADOR,328,PPML-FE base,290.83400517658976
2025,3013,CP CRECHE DO JACAREZINHO,179,PPML-FE base,165.18188506941672
2025,3014,CP CRECHE PLANTANDO O AMANHÃ,584,PPML-FE base,542.6661399037358
2025,3015,CP CRECHE MARIETTA NAVARRO GAIO,68,PPML-FE base,87.04345722640339
2025,3016,CP CRECHE SÃO PEDRO NOLASCO,80,PPML-FE base,74.95741037392285
2025,3017,CP CRECHE TERNURINHA,43,PPML-FE base,52.37734332446853
2025,3018,CP FRATERNIDADE ASSISTENCIAL CRISTÃ,42,PPML-FE base,42.6448892956832
2025,3019,CP INSTITUTO EDUCACIONAL CRESCENDO E APRENDENDO ALGODÃO DOCE,202,PPML-FE base,205.50469636421403
2025,3020,CP LAR DA CRIANÇA JESUS BOM PASTOR,118,PPML-FE base,102.93603120985696
2025,3021,CP CRECHE COMUNITÁRIA TIA ALICE,199,PPML-FE base,202.4598459358969
2025,3022,CP INSTITUTO AVANTE ELITE DO FUTURO,257,PPML-FE base,232.91784281603523
2025,3023,CP LAR DE MARIA DOLORES,49,PPML-FE base,40.40569553712072
2025,3024,CP CASA DE LEYLÁ,191,PPML-FE base,200.17636129016725
2025,3025,CP CENTRO CULTURAL EDUCAR - UNIDADE II,486,PPML-FE base,413.6476997889594
2025,3026,CP CHALÉ SEMENTINHA,504,PPML-FE base,431.2016243731938
2025,3027,CP CENTRO CULTURAL EDUCAR - UNIDADE IV,239,PPML-FE base,240.53531071182476
2025,3028,CP ESTRELINHA DO MAR,299,PPML-FE base,271.7771476408841
2025,3029,CP CRECHE BRINCANDO COM JUNINHO,179,PPML-FE base,184.9567263874777
2025,3030,CP CRECHE TIO KITO,65,PPML-FE base,83.26414955019305
2025,3031,CP ESCOLA COMUNITÁRIA JARDIM ARCO-ÍRIS - UNIDADE I,110,PPML-FE base,116.57829359327764
2025,3032,CP NÚCLEO RECREATIVO RAIOZINHO DE SOL,188,PPML-FE base,178.11011107248265
2025,3033,CP INSTITUTO EDUCACIONAL T & P CONQUISTA,270,PPML-FE base,236.72644274807556
2025,3034,CP CRECHE RISCO E RABISCO,129,PPML-FE base,115.8199864247535
2025,3035,CP CENTRO EDUCACIONAL SÃO VICENTE DE PAULO,76,PPML-FE base,97.63535375729472
2025,3036,CP CENTRO CULTURAL EVOLUIR,178,PPML-FE base,159.86028491313954
2025,3037,CP CRECHE FRUTOS DO AMANHÃ I,447,PPML-FE base,477.0022438733425
2025,3038,CP CRECHE FRUTOS DO AMANHÃ II,210,PPML-FE base,218.44776785078963
2025,3039,CP CRECHE COMUNITÁRIA CÉU AZUL,101,PPML-FE base,70.43161074233021
2025,3040,CP ASSOCIAÇÃO CRESCENCIO UNIDADE II,100,PPML-FE base,131.75291559734308
2025,3041,CP CENTRO DE DESENVOLVIMENTO INFANTIL ESPELHO D'AGUA,124,PPML-FE base,99.9067195994734
2025,312502,CIEP PROCÓPIO FERREIRA,143,PPML-FE base,151.95777414389318
2025,312601,CM CANTINHO FELIZ,228,PPML-FE base,263.6719678086775
2025,312602,CM ENGENHO DA RAINHA,244,PPML-FE base,212.48289166617417
2025,312603,CM RENASCER,248,PPML-FE base,231.8981014862323
2025,312801,EDI HENRIQUE FORÉIS,186,PPML-FE base,198.5404592747761
2025,312802,EDI LUCIA MARIA BATISTA DE ALBUQUERQUE,76,PPML-FE base,120.20935345065044
2025,312803,EDI PROFESSORA LUIZA HELENA MAIA MEDEIROS,70,PPML-FE base,97.2900898583293
2025,312804,EDI PROFESSORA TÂNIA MARTINS NOVO LENZ,129,PPML-FE base,163.0724678439825
2025,312805,EDI TANIA CRISTINA MOREIRA,273,PPML-FE base,268.4383708909417
2025,312806,EDI PROFESSORA ELIANE MONTE CHIARI DANTAS,189,PPML-FE base,225.19082357106367
2025,312809,EDI PROFESSORA VALÉRIA PEREIRA DE SOUZA PINTO,161,PPML-FE base,213.36536034601204
2025,312810,EDI MARIA MAZZETTI,55,PPML-FE base,78.78800167495706
2025,312812,EDI HERMENEGILDO DE BARROS,152,PPML-FE base,144.19588201133993
2025,312813,EDI JORNALISTA JORGE BASTOS MORENO,217,PPML-FE base,280.3424732970591
2025,313601,CM VILA DOS MINEIROS,102,PPML-FE base,135.9055402909092
2025,313602,CM ACONCHEGO,76,PPML-FE base,113.68512069780571
2025,313603,CM SYLVIA ORTHOF,147,PPML-FE base,160.77886312691038
2025,313604,CM NOSSO CANTINHO,111,PPML-FE base,145.43068387597285
2025,313606,CM CANTINHO DO QUETO,73,PPML-FE base,116.68264835634172
2025,313607,CM ODETINHA VIDAL DE OLIVEIRA,133,PPML-FE base,207.1881676972066
2025,313608,CM RACHEL LEITE DIAS,322,PPML-FE base,347.35815562553194
2025,313609,CM RECANTO DA CACHOEIRA,128,PPML-FE base,140.1388013160628
2025,313610,CM EMMANUEL,134,PPML-FE base,178.59959210416173
2025,313611,CM JOSÉ RAMOS JANUÁRIO - ZÉ PRETINHO,133,PPML-FE base,214.4243281752708
2025,313612,CM MARCILIA CATARINA DA COSTA ORGÉLIO - TIA MANA,218,PPML-FE base,265.0842273408044
2025,313801,EDI PROF. JOSÉ LIBONATI FILHO,101,PPML-FE base,115.80100578535976
2025,313802,EDI ANÍSIO TEIXEIRA,316,PPML-FE base,351.5958706530495
2025,313804,EDI GEORGE BERNANOS,84,PPML-FE base,120.0330131938153
2025,313805,EDI MAURÍCIO CARDOSO,160,PPML-FE base,183.71689912251995
2025,313806,EDI EDUCANDÁRIO DE SANTA CRUZ,28,PPML-FE base,88.302035514944
2025,313809,EDI ESCULTORA LYGIA CLARK,123,PPML-FE base,115.09570172001146
2025,328601,CM GERALDA DE JESUS ALEIXO,105,PPML-FE base,124.08896697473304
2025,328602,CM TIA ANDREZA,214,PPML-FE base,253.0802459580399
2025,328604,CM DA COMUNIDADE DO JACAREZINHO,201,PPML-FE base,228.8974516383038
2025,328801,EDI PADRE NELSON CARLOS DEL MÔNACO,288,PPML-FE base,294.56659871022185
2025,329801,EDI DONA LINDU,323,PPML-FE base,300.9224128039495
2025,330601,CM JOSÉ DE VIEIRA DA SILVA,220,PPML-FE base,205.2468077433088
2025,330602,CM NOVA BRASÍLIA,258,PPML-FE base,279.0306448099844
2025,4001,CP CENTRO EDUCACIONAL APRENDIZ DA MARÉ,178,PPML-FE base,189.5219307808607
2025,4002,CP INSTITUTO EDUCACIONAL LUIZ ANTONIO - IELA,114,PPML-FE base,133.27118760614758
2025,4003,CP ASSOCIAÇÃO CIVIL CENTRO EDUCACIONAL COMUNITÁRIO ESTAÇÃO DO SABER,100,PPML-FE base,121.12903339346158
2025,4004,CP CRECHE DO CENTRO COMUNITÁRIO DA VILA PROLETÁRIA DA PENHA,108,PPML-FE base,90.8247048240866
2025,4005,CP CASA DE JOEL,193,PPML-FE base,168.22328565844737
2025,4006,CP COMUNIDADE INSTITUCIONAL ADULÃO TEMPO FELIZ,92,PPML-FE base,86.28743516594643
2025,4007,CP CRECHE CASULO BOM JESUS DA PENHA,80,PPML-FE base,108.23944341628273
2025,4008,CP CRECHE COMUNITÁRIA CASULO DO PARQUE PROLETÁRIO DA PENHA,65,PPML-FE base,44.13926110665887
2025,4009,CP CRECHE COMUNITÁRIA DE MANGUINHOS,59,PPML-FE base,59.13696347468961
2025,4010,CP CRECHE COMUNITÁRIA SAGRADO CORAÇÃO DE MARIA,114,PPML-FE base,89.3119833908732
2025,4011,CP CRECHE E PRÉ-ESCOLA NOVA JERUSALÉM,71,PPML-FE base,83.26414955019305
2025,4012,CP CRECHE ESCOLA MIMI I,200,PPML-FE base,218.44776785078963
2025,4013,CP RECANTO DA CRIANÇA FELIZ,87,PPML-FE base,84.7756290282936
2025,4014,CP CRECHE SAGRADO CORAÇÃO DE MARIA E SANTO ANTÔNIO,109,PPML-FE base,74.95741037392285
2025,4015,CP ESPAÇO DE EDUCAÇÃO INFANTIL VILA DO JOÃO,325,PPML-FE base,182.6743585181564
2025,4016,CP CRECHE LAR IRMÃO FRANCISCO,182,PPML-FE base,127.95784192384828
2025,4017,CP ASSOCIAÇÃO CENTRO EDUCACIONAL REBRAL I,144,PPML-FE base,152.26000501994244
2025,4018,CP SOCIEDADE DE ENSINO TEREZA CRISTINA,149,PPML-FE base,145.42194778156784
2025,4020,CP CENTRO CULTURAL EDUCAR,77,PPML-FE base,95.36454475954056
2025,4021,CP ASSOCIAÇÃO CENTRO EDUCACIONAL REBRAL II,184,PPML-FE base,169.74411341567605
2025,4022,CP CRECHE VALE DO SOL NO GROTÃO,306,PPML-FE base,249.67763812073
2025,4023,CP CENTRO CULTURAL EDUCAR - UNIDADE III,106,PPML-FE base,162.90106383013628
2025,4024,CP CRECHE VALE DO SOL,358,PPML-FE base,351.84343349720723
2025,4025,CP CRECHE E PRÉ-ESCOLA NOVA JERUSALÉM NO CORDOVIL,189,PPML-FE base,199.41522950481956
2025,4026,CP CRECHE ESCOLA PATINHO ESTUDIOSO,40,PPML-FE base,44.13926110665887
2025,4027,CP ASSOCIAÇÃO CENTRO EDUCACIONAL REBRAL IV,392,PPML-FE base,353.36912044151774
2025,4028,CP CRECHE TIA NANE I,92,PPML-FE base,97.63535375729462
2025,4029,CP SOLZINHO,290,PPML-FE base,273.30151780130933
2025,4030,CP CRECHE VALE DO SOL II,327,PPML-FE base,266.4421111321228
2025,4032,CP ASSOCIAÇÃO CENTRO EDUCACIONAL REBRAL V,377,PPML-FE base,373.20475145237424
2025,4034,CP CASA DE JOEL II,341,PPML-FE base,337.35040436245146
2025,4035,CP INSTITUTO DE EDUCAÇÃO EUCLIDES DOS SANTOS,178,PPML-FE base,205.50469636421383
2025,4036,CP CRECHE GIZ COLORIDO,93,PPML-FE base,126.44006354741492
2025,4037,CP CRECHE ESCOLA MIMI II,92,PPML-FE base,83.26414955019305
2025,4038,CP ASSOCIAÇÃO CENTRO EDUCACIONAL REBRAL VIII,227,PPML-FE base,247.39192202109385
2025,4039,CP ASSOCIAÇÃO CENTRO EDUCACIONAL REBRAL IX,89,PPML-FE base,79.48695866380045
2025,4040,CP ASSOCIAÇÃO CENTRO EDUCACIONAL REBRAL X,503,PPML-FE base,237.48819517182483
2025,4041,CP CRECHE ESCOLA OTACÍLIO BATISTA,105,PPML-FE base,81.75300847734839
2025,4042,CP CENTRO CULTURAL PEDACINHO DO CÉU,167,PPML-FE base,173.54654263601302
2025,4043,CP ASSOCIAÇÃO COMUNITÁRIA EDUCACIONAL FLORESCER,104,PPML-FE base,102.17861763066882
2025,4044,CP CRECHE HOUSE BABY - BONSUCESSO,186,PPML-FE base,183.4351300707877
2025,4045,CP CRECHE CRIANÇA FELIZ EM LUCAS,112,PPML-FE base,118.85347455872164
2025,4046,CP CRECHE TIA NANE III,84,PPML-FE base,94.6077366801272
2025,4047,CP CRECHE VALE DO SOL III,305,PPML-FE base,271.0149747584784
2025,4048,CP INSTITUTO DE EDUCAÇÃO EUCLIDES DOS SANTOS II,117,PPML-FE base,166.70254236513586
2025,4049,CP INSTITUTO JOSEFA LAURENTINO,91,PPML-FE base,174.3070887344091
2025,4050,CP CENTRO EDUCACIONAL CARIOQUINHA,112,PPML-FE base,122.64627565398187
2025,410601,CM MANGUINHOS,62,PPML-FE base,90.94534423388866
2025,410602,CM DR. JUVENIL DE SOUZA LOPES,27,PPML-FE base,99.22897184727682
2025,410603,CM CHICO BENTO,143,PPML-FE base,273.91100090233107
2025,410801,EDI DOUTOR DOMINGOS ARTHUR MACHADO FILHO,452,PPML-FE base,323.6982622943542
2025,410802,EDI DOUTOR ANTÔNIO FERNANDES FIGUEIRA,187,PPML-FE base,130.967030891503
2025,410803,EDI JOAQUIM VENÂNCIO,68,PPML-FE base,67.34067182313174
2025,410804,EDI SARGENTO JORGE FALEIRO SOUZA,22,PPML-FE base,46.75522866459847
2025,410805,EDI COMPOSITOR NEOCI DIAS DE ANDRADE,150,PPML-FE base,171.1886721327606
2025,410807,EDI PROFESSORA TANIA DA ROCHA CORREA,132,PPML-FE base,189.01086077421155
2025,410808,EDI ALMIR LEITE RIBEIRO,158,PPML-FE base,184.2462865115185
2025,410810,EDI MIGUEL COUTO,42,PPML-FE base,112.4508925371864
2025,411601,CM CARLOS DRUMMOND DE ANDRADE,138,PPML-FE base,208.600079096113
2025,411602,CM TEMPO DE APRENDER,94,PPML-FE base,109.27729709318864
2025,411603,CM MORRO DA PAZ,108,PPML-FE base,115.4483526346448
2025,411604,CM BETINHO,11,PPML-FE base,90.0642182521949
2025,411605,CM CARACOL,101,PPML-FE base,137.3166021540364
2025,411607,CM MARIA ALTAMIRA C. OLEGÁRIO,5,PPML-FE base,50.62338169828783
2025,411609,CM TIA RUTH COSTA DOS SANTOS,31,PPML-FE base,109.27729709318864
2025,411801,EDI MARIANA ROCHA DE SOUZA,208,PPML-FE base,291.56528059772074
2025,411802,EDI JOEL LUIZ DE AZEVEDO BASTOS,51,PPML-FE base,95.52755233989208
2025,411803,EDI MARIA DE LOURDES FERREIRA,96,PPML-FE base,159.19101144216486
2025,411804,EDI MORRO DA FÉ,4,PPML-FE base,29.02376008500698
2025,430601,CM MENINO MALUQUINHO,115,PPML-FE base,243.01849919331312
2025,430602,CM VILA PINHEIRO,377,PPML-FE base,271.96908876639986
2025,430603,CM TIO MÁRIO,439,PPML-FE base,288.91707983195835
2025,430604,CM MONTEIRO LOBATO,69,PPML-FE base,136.96383429460548
2025,430605,CM NOVA HOLANDA,73,PPML-FE base,79.4926346905816
2025,430607,CM PROFESSOR PAULO FREIRE,78,PPML-FE base,74.91287187971731
2025,430801,"EDI PESCADOR ISIDORO DUARTE - ""DORO""",176,PPML-FE base,172.0709016803488
2025,430802,EDI PROFESSORA KELITA FARIA DE PAULA,87,PPML-FE base,194.48148544191264
2025,430803,EDI PROFESSOR MOACYR DE GÓES,60,PPML-FE base,138.55130206861088
2025,430805,EDI PROFESSORA SOLANGE CONCEIÇÃO TRICARICO,178,PPML-FE base,157.07391305612643
2025,430806,EDI CLEIA SANTOS DE OLIVEIRA,74,PPML-FE base,180.5406170135053
2025,430807,EDI MARIA AMÉLIA CASTRO E SILVA BELFORT,161,PPML-FE base,160.2495766103957
2025,430809,EDI MEDALHISTA OLÍMPICO LUIZ FELIPE MARQUES FONTELES,406,PPML-FE base,270.9098691096634
2025,430810,EDI MEDALHISTA OLÍMPICO EVANDRO MOTTA MARCONDES GUERRA,402,PPML-FE base,290.8590917764454
2025,430811,EDI MEDALHISTA OLÍMPICO WILLIAM PEIXOTO ARJONA,387,PPML-FE base,300.0396543410742
2025,430812,EDI MEDALHISTA OLÍMPICO EDER FRANCIS CARBONERA,204,PPML-FE base,173.129585453199
2025,430813,EDI ARMANDO DE SALLES OLIVEIRA,82,PPML-FE base,67.69280493805921
2025,430815,EDI PESCADOR ALBANO ROSA,340,PPML-FE base,89.18311519475115
2025,431601,CM LUÍS CARLOS DE OLIVEIRA CÂMARA,23,PPML-FE base,95.7038024711405
2025,431602,CM BARBOSA LIMA SOBRINHO,289,PPML-FE base,256.0811926297321
2025,431603,CM CHICO MENDES,104,PPML-FE base,130.43792465844143
2025,431604,CM CORAÇÃO DE GENEVE,109,PPML-FE base,127.08701145015164
2025,431605,CM SEMPRE VIDA DIQUE,306,PPML-FE base,265.0842273408044
2025,431606,CM VISCONDE DE SABUGOSA,61,PPML-FE base,71.3905812925086
2025,431607,CM ACAUÃ,32,PPML-FE base,21.498059368136992
2025,431608,CM ARI PIMENTEL,8,PPML-FE base,50.09581906586868
2025,431801,EDI CARVALHO MOURÃO,26,PPML-FE base,26.221063229718304
2025,431802,EDI PROFESSOR CARLOS FALSETH,158,PPML-FE base,242.8419808944732
2025,431803,EDI PROFESSOR EMMANUEL PEREIRA FILHO,31,PPML-FE base,40.42919872061268
2025,5001,CP ASSOCIAÇÃO AMIGOS DA CRIANÇA - CRECHE ROCHA MIRANDA,490,PPML-FE base,514.4132922669668
2025,5002,CP CRECHE EFFATÁ,116,PPML-FE base,106.72391948794755
2025,5003,CP CRECHE PINTINHO DOURADO,175,PPML-FE base,150.74024991194256
2025,5004,CP CRECHE CASULO SÃO RAFAEL ARCANJO,72,PPML-FE base,75.71208666111399
2025,5005,CP CRECHE APÓSTOLO SÃO PEDRO,147,PPML-FE base,148.46081472890907
2025,5006,CP CRECHE CARDEAL CÂMARA,470,PPML-FE base,428.9118814575474
2025,5007,CP CENTRO COMUNITÁRIO FLOR DO AMANHÃ,75,PPML-FE base,88.5557326289228
2025,5008,CP ASSOCIAÇÃO HOUSE BABY - VILA KOSMOS,223,PPML-FE base,199.4152295048197
2025,5009,CP ASSOCIAÇÃO CRECHE ESPERANÇA - IRAJÁ,249,PPML-FE base,295.40833618414075
2025,5010,CP ASSOCIAÇÃO CENTRO EDUCACIONAL REBRAL VII,641,PPML-FE base,403.7267329340677
2025,5012,CP ASSOCIAÇÃO CENTRO EDUCACIONAL REBRAL XI,351,PPML-FE base,351.08059732500215
2025,5013,CP CENTRO EDUCACIONAL SOMAR,281,PPML-FE base,283.9729918469954
2025,5014,CP AEMMAC - MARECHAL HERMES,407,PPML-FE base,341.9269512244288
2025,5015,CP AEMMAC - ROCHA MIRANDA,578,PPML-FE base,494.56179422774255
2025,5016,CP ASSOCIAÇÃO EDUCACIONAL E CULTURAL SÃO BERNARDO - CSB,338,PPML-FE base,337.35040436245146
2025,514009,EM MATO GROSSO,64,PPML-FE base,66.10825790039848
2025,514501,CIEP DOM OSCAR ROMERO,46,PPML-FE base,55.3725533077448
2025,514601,CM TIO SEBASTIÃO XAVIER,72,PPML-FE base,118.26963932720004
2025,514602,CM JECIÁ DE FREITAS FERREIRA,470,PPML-FE base,525.8949702233477
2025,514603,CM AMÁLIA FERNANDEZ CONDE,110,PPML-FE base,197.65806498739417
2025,514604,CM ESTRELINHA DOURADA,80,PPML-FE base,152.31060278888262
2025,514605,CM O SONHO DE RAMON PASCUAL,149,PPML-FE base,197.65806498739417
2025,514606,CM ACALANTO,112,PPML-FE base,135.9055402909092
2025,514607,CM SEMENTINHA,104,PPML-FE base,191.12849872428404
2025,514608,CM JOSEPH BARBERA,158,PPML-FE base,173.129585453199
2025,514609,CM PARQUE BOM MENINO,287,PPML-FE base,371.0191649709078
2025,514801,EDI DEPUTADO PEDRO FERNANDES,123,PPML-FE base,245.4897685843904
2025,514802,EDI LUXEMBURGO,81,PPML-FE base,67.51673756695767
2025,514803,EDI JOSÉ ALPOIM,58,PPML-FE base,60.475474708510696
2025,515015,EM PADRE DEHON,80,PPML-FE base,92.53142737252584
2025,515021,EM MOZART LAGO,71,PPML-FE base,83.89700463045324
2025,515046,EM ADELMAR TAVARES,55,PPML-FE base,51.85446121765092
2025,515053,EM SENADOR FRANCISCO GALLOTTI,34,PPML-FE base,40.42919872061272
2025,515064,EM MESTRE DARCY DO JONGO,24,PPML-FE base,22.371951358440075
2025,515501,CIEP AUGUSTO PINHEIRO DE CARVALHO,76,PPML-FE base,88.65446455197537
2025,515503,CIEP METALÚRGICO BENEDITO CERQUEIRA,47,PPML-FE base,56.95601751982585
2025,515601,CM OLGA BENÁRIO,102,PPML-FE base,130.0851893589384
2025,515602,CM SÃO MIGUEL ARCANJO,339,PPML-FE base,419.7567367249652
2025,515604,CM GERCINDA ROSA FONSECA,222,PPML-FE base,295.8024428495963
2025,515605,CM JOSÉ RAIMUNDO DE SOUZA ALVES,244,PPML-FE base,289.97635773973406
2025,515606,CM JOSUÉ DE CASTRO,153,PPML-FE base,226.24985362211808
2025,515607,CM MANÉ GARRINCHA I,299,PPML-FE base,301.98172568402384
2025,515608,CM MARIA JOSÉ DE PAULA DE JESUS,128,PPML-FE base,160.2495766103957
2025,515610,CM SEMPRE VIDA PALMEIRINHA,69,PPML-FE base,95.70380247114042
2025,515611,CM VOVÓ MARIA JOANA,169,PPML-FE base,174.8940782820476
2025,515612,CM TIA MARIA DO JONGO,150,PPML-FE base,136.2583033548079
2025,515613,CM MANOEL DA ROCHA APRISCO,189,PPML-FE base,205.59978069601613
2025,515801,EDI KARINE LORRAINE CHAGAS DE OLIVEIRA,433,PPML-FE base,390.6197021436288
2025,515802,EDI GUSTAVO LESSA,96,PPML-FE base,82.31135164972882
2025,515803,EDI PIO XII,89,PPML-FE base,96.58506525460696
2025,515804,EDI FERNÃO DIAS,85,PPML-FE base,94.47006878198648
2025,515805,EDI ROCHA POMBO,45,PPML-FE base,61.179466525951845
2025,515807,EDI BURITI CONGONHAS,102,PPML-FE base,134.31812661183554
2025,515808,EDI GUARACIARA RODRIGUES DINIZ,95,PPML-FE base,107.8668744205374
2025,515809,EDI PROFESSOR UBIRAJARA DE PAULA CASTRO,305,PPML-FE base,319.813919989452
2025,515810,EDI PROFESSORA TEREZINHA SARDOUX HENRIQUES,195,PPML-FE base,249.9028097990832
2025,6001,CP ESCOLA PATRONATO NOSSA SENHORA DE NAZARÉ,295,PPML-FE base,255.773301157978
2025,6002,CP CRECHE GUADALUPE,197,PPML-FE base,184.1959194090236
2025,6003,CP CRECHE NOSSO LAR,416,PPML-FE base,386.1758076389846
2025,6004,CP CENTRO COMUNITÁRIO PARQUE UNIDOS DE ACARI,91,PPML-FE base,79.48695866380045
2025,6005,CP CRECHE DON GUANELLA,132,PPML-FE base,123.40495620889992
2025,6006,CP CRECHE ESCOLA COMUNITÁRIA TIO PATINHAS,161,PPML-FE base,154.53983000040037
2025,6007,CP CRECHE ABRINDO PORTAS,131,PPML-FE base,124.16367574052674
2025,6009,CP CENTRO EDUCACIONAL NOSSA SENHORA APARECIDA,315,PPML-FE base,245.10629431483773
2025,6012,CP ASSOCIAÇÃO CRESCÊNCIO,221,PPML-FE base,212.35643046899003
2025,6013,CP CRECHE COMUNITÁRIA AQUARELA,279,PPML-FE base,229.87116173821968
2025,6015,CP AEMMAC - PAVUNA,356,PPML-FE base,277.8748202366484
2025,6016,CP CRECHE NOSSO LAR II,368,PPML-FE base,333.5367608356418
2025,6017,CP CRECHE JOÃO E MARIA,271,PPML-FE base,191.043800388402
2025,6018,CP ASSOCIAÇÃO CRECHE ESPERANÇA - COELHO NETO,181,PPML-FE base,212.35643046899003
2025,622202,CIEP GENERAL AUGUSTO CESAR SANDINO,179,PPML-FE base,174.18827819353058
2025,622601,CM JOSÉ GOULART,216,PPML-FE base,281.50222613777504
2025,622602,CM SILVIO AMANCIO,176,PPML-FE base,218.66025743103387
2025,622603,CM YARA AMARAL,239,PPML-FE base,283.09110963647134
2025,622801,EDI ERNANI CARDOSO,244,PPML-FE base,242.66546272239057
2025,622802,EDI PROFESSORA MILTOLINA DA SILVA,50,PPML-FE base,57.835800412910544
2025,622804,EDI MEDALHISTA PARALÍMPICO DANIEL MARTINS,302,PPML-FE base,330.2310973209493
2025,622805,EDI MEDALHISTA OLÍMPICO MAURÍCIO LUIZ DE SOUZA,155,PPML-FE base,250.0793330216428
2025,622810,EDI ANTÔNIO FRANCISCO LISBOA,61,PPML-FE base,65.58010578287852
2025,625601,CM OS SABIDINHOS,160,PPML-FE base,141.19715128269883
2025,625602,CM PROFESSORA JUREMA GOMES SAMPAIO DELFIM,193,PPML-FE base,142.96109772782987
2025,625603,CM DR. ALBERT SABIN,136,PPML-FE base,131.31977055571056
2025,625604,CM HERBERT DE SOUZA - BETINHO,332,PPML-FE base,333.0561363704963
2025,625605,CM LUÍS CARLOS PRESTES,253,PPML-FE base,192.0108565977389
2025,625606,CM LUÍS DE SOUZA DA COSTA BARROS,328,PPML-FE base,316.81240695558233
2025,625607,CM LUIZA DE BARROS DE SÁ FREIRE,382,PPML-FE base,339.05940131960904
2025,625608,CM MAJOR CELESTINO R. DOS SANTOS,184,PPML-FE base,166.60118266380252
2025,625609,CM SÔNIA MARIA DE M. ANGEL JONES,103,PPML-FE base,120.7383773095908
2025,625610,CM ZUZU ANGEL,110,PPML-FE base,108.57208070219536
2025,625611,CM ZILKA SALABERRY,407,PPML-FE base,351.77244287495864
2025,625612,CM YEDDA MARQUES LAMOUNIER DE ANDRADE MACIEL,484,PPML-FE base,440.9480443143202
2025,625614,CM SIMONE DE BEAUVOIR,291,PPML-FE base,282.0318531255803
2025,625615,CM EDNA LOTTE,408,PPML-FE base,347.00501430690133
2025,625616,CM PROFESSOR ROGÉRIO PEDRO BATISTA,97,PPML-FE base,97.99512704233813
2025,625801,EDI PROFESSORA ROSENICE ROCHA ROQUE,131,PPML-FE base,127.7924533029748
2025,625802,EDI WESLEY GUILBER RODRIGUES DE ANDRADE,325,PPML-FE base,265.2607602626339
2025,625803,EDI PROFESSORA BEATRIZ DE SOUZA MADEIRA,219,PPML-FE base,216.01279087134003
2025,625804,EDI PROFESSORA HELIA LÚCIA MORENO FERREIRA,270,PPML-FE base,246.37237071308436
2025,625807,EDI FROTA PESSOA,49,PPML-FE base,47.45841502904876
2025,625813,EDI PROFESSORA GRACÍLIA ROSA DE BELÉM MAYOR,22,PPML-FE base,132.37799988870083
2025,625814,EDI PROFESSORA ROSEANE VASCONCELOS,103,PPML-FE base,133.78899612042986
2025,625815,EDI PROFESSORA KRISTINA ROMOLO KIFFER,165,PPML-FE base,204.3643784705216
2025,625816,EDI PROFESSORA REGINA CELI RABELO DE ALMEIDA,243,PPML-FE base,219.18975499034104
2025,625817,EDI PROFESSORA DANIELE SIMÕES DE SOUZA LOPES,242,PPML-FE base,242.4889446772494
2025,625818,EDI MARIA EUGENIA CANELHAS,230,PPML-FE base,212.30639842560188
2025,625819,EDI MARIZA ALVES PIMENTA,253,PPML-FE base,249.7262866962292
2025,625820,EDI BETH CARVALHO,272,PPML-FE base,269.9844136971782
2025,7001,CP CRECHE NOVO PALMARES,219,PPML-FE base,209.31107807869924
2025,7002,CP CRECHE CANTINHO FELIZ,220,PPML-FE base,231.39447984418223
2025,7003,CP CRECHE ESCOLA MÃE ASTÉRIA,658,PPML-FE base,550.3025403633594
2025,7004,CP CASA EMILIEN LACAY,201,PPML-FE base,214.64058477011005
2025,7007,CP SEMENTE DE AMOR,170,PPML-FE base,173.5465426360132
2025,7008,CP CRECHE SÃO PAULO APÓSTOLO,138,PPML-FE base,140.8644987316074
2025,7010,CP CRECHE NOVA ESPERANÇA,88,PPML-FE base,114.30350519361473
2025,7011,CP CRECHE RITA ALEXANDRINA FERREIRA,117,PPML-FE base,120.37047266968872
2025,7013,CP ESPAÇO DE EDUCAÇÃO INFANTIL CIDADE DE DEUS,673,PPML-FE base,548.7752441034839
2025,7014,CP CENTRO INTEGRADO SÃO JOSÉ,712,PPML-FE base,573.9766281948305
2025,7015,CP CRECHE CANTINHO FELIZ II,323,PPML-FE base,270.2528100686491
2025,7017,CP CRECHE RAIMUNDA NONATA DA SILVA,90,PPML-FE base,105.96623502895486
2025,7018,CP CRECHE SANT ANA IRMÃ ANCILA,150,PPML-FE base,166.70254236513586
2025,7019,CP JARDIM ESCOLA TURMINHA DA ARCA - JETA,291,PPML-FE base,226.8246625060772
2025,7020,CP JARDIM ESCOLA CRESCENDO E APRENDENDO,260,PPML-FE base,303.79524969686497
2025,7025,CP INSTITUTO CONSUELO PINHEIRO,177,PPML-FE base,172.78601638867923
2025,7027,CP CRECHE MUNDO MÁGICO I,207,PPML-FE base,269.4906536174052
2025,7034,CP INSTITUTO EDUCACIONAL DIVA ALVES,349,PPML-FE base,246.6300362171841
2025,7035,CP AEMMAC - ANIL,274,PPML-FE base,207.78848362516177
2025,7036,CP CAAD UNIVERSO ENCANTADO,427,PPML-FE base,409.068716102416
2025,7037,CP CAAD UNIVERSO DA CRIANÇA,483,PPML-FE base,444.1773778567068
2025,7038,CP CAAD UNIVERSO DAS FLORES,541,PPML-FE base,398.3849313599972
2025,7039,CP CRECHE JARDIM CLARICE,217,PPML-FE base,246.6300362171841
2025,7040,CP CRECHE VALE DO SOL PRAÇA SECA,887,PPML-FE base,661.0503742234406
2025,7041,CP CRECHE VALE DO SOL TAQUARA,531,PPML-FE base,405.2529955180398
2025,7042,CP INSTITUTO EDUCACIONAL DIVA ALVES II,717,PPML-FE base,637.3704202161196
2025,7043,CP ESPAÇO DE EDUCAÇÃO INFANTIL PEQUENO APRENDIZ,286,PPML-FE base,204.7434621986716
2025,7044,CP CRECHE AMOR DE MÃE,512,PPML-FE base,303.03276970798976
2025,7045,CP JARDIM ESCOLA TURMINHA DA ARCA - JETA II,177,PPML-FE base,171.26502414372882
2025,716601,CM OTÁVIO HENRIQUE DE OLIVEIRA,892,PPML-FE base,747.3833268272062
2025,716602,CM TIA TEREZA,121,PPML-FE base,179.65832949120352
2025,716603,CM CRIANÇA DO FUTURO,714,PPML-FE base,719.6516385022046
2025,716604,CM GERMINIO DE SOUZA ESTRELA,198,PPML-FE base,251.49152309135832
2025,716605,CM SEMPRE VIDA NISE DA SILVEIRA,384,PPML-FE base,508.5871129879913
2025,716606,CM AMIGUINHOS DA VILA SAPÊ,461,PPML-FE base,451.0141130538638
2025,716607,CM EMÍLIA JOANA DA FONSECA MARQUES,322,PPML-FE base,399.0958010022253
2025,716608,CM IRMÃ DULCE,276,PPML-FE base,436.3565453899911
2025,716609,CM RIO NOVO - RIO DAS FLORES,1217,PPML-FE base,1065.521880695314
2025,716610,CM TIA MALU,250,PPML-FE base,275.146769460518
2025,716611,CM VITORINO FREIRE,241,PPML-FE base,288.38744208612087
2025,716612,CM TIA AUTA,150,PPML-FE base,177.1879553818014
2025,716613,CM MARIA DA CONCEIÇÃO SILVEIRA DE CARVALHO,555,PPML-FE base,600.9573663776898
2025,716614,CM AUGUSTO DE CARVALHO TORRES FILHO,602,PPML-FE base,621.9755532884822
2025,716801,EDI DOUTORA ZILDA ARNS,285,PPML-FE base,361.3074310876527
2025,716802,EDI ARTHUR BISPO DO ROSÁRIO,213,PPML-FE base,238.6055801783365
2025,716803,EDI COMPOSITOR ROBERTO RIBEIRO,323,PPML-FE base,506.2911932255357
2025,716804,EDI RODRIGO LOPES (TIKINHO),148,PPML-FE base,157.0739130561263
2025,716805,EDI ANNA MARIA NIEMEYER,451,PPML-FE base,374.9039050602264
2025,716806,EDI PROFESSORA EDILIA COELHO GARCIA,256,PPML-FE base,333.4092674716959
2025,716807,EDI LEILA DINIZ,729,PPML-FE base,384.2627019026185
2025,716808,EDI PROFESSORA MARIA BERENICE PARENTE,394,PPML-FE base,520.0667843067466
2025,716809,EDI PROFESSOR ROBERTO LUIZ PEREIRA,243,PPML-FE base,320.69672198099926
2025,716813,EDI PROFESSORA KENIA MENDES DOS SANTOS,260,PPML-FE base,331.1139201514366
2025,716814,EDI PROFESSORA EMILIA MARIA VIEIRA DE OLIVEIRA,818,PPML-FE base,344.7096018166565
2025,716815,EDI EVARISTO DA VEIGA,207,PPML-FE base,285.73926555636285
2025,716816,EDI DEBRET,240,PPML-FE base,297.0382911773645
2025,716818,EDI PROFESSORA CLÁUDIA PIRES CONTINO DA SILVA,674,PPML-FE base,823.337984333118
2025,716819,EDI PROFESSORA NORMA ANDRADE NOGUEIRA,571,PPML-FE base,745.4403312342047
2025,716820,EDI MEDALHISTA OLÍMPICA ÁGATHA BEDNARCZUK RIPPEL,606,PPML-FE base,724.4207577152603
2025,716821,EDI MEDALHISTA PARALÍMPICO FELIPE DE SOUZA GOMES,509,PPML-FE base,653.0617726966806
2025,716822,EDI MARCELO PARENTE GOMES DE OLIVEIRA,415,PPML-FE base,518.8305062984562
2025,724601,CM MARIA VIEIRA BAZANI,260,PPML-FE base,380.0247381014846
2025,724602,CM DINA SFAT,131,PPML-FE base,192.0108565977389
2025,724603,CM BENEDITA SIQUEIRA LOPES,242,PPML-FE base,287.1516238316287
2025,724604,CM EDSON LUIZ,105,PPML-FE base,184.5992125381997
2025,724605,CM SEBASTIÃO BERNARDES DE SOUZA PRATA,267,PPML-FE base,362.72003636601016
2025,724606,CM ROGÉRIO CARDOSO FURTADO,286,PPML-FE base,394.1513965447625
2025,724801,EDI MILENA SANTOS NASCIMENTO,350,PPML-FE base,408.27836348239737
2025,724802,EDI PORFIRIO DIAS,76,PPML-FE base,88.83068049167196
2025,724803,EDI VERA LUCIA MARTINS COSTA,176,PPML-FE base,214.07133824591807
2025,724804,EDI PROFESSORA MATILDE ROSA LOPES DE ARAUJO,366,PPML-FE base,429.29275298201503
2025,724805,EDI TRISTÃO DE ATHAYDE,100,PPML-FE base,135.9055402909092
2025,724806,EDI PROFESSORA RUTH CARDOSO,93,PPML-FE base,168.18913970900678
2025,724807,EDI CARMEN MIRANDA,332,PPML-FE base,367.6641833202741
2025,724808,EDI AMOR,150,PPML-FE base,202.42304986686983
2025,724809,"EDI UGOCIONE JOSÉ DE MEDEIROS ""SEU UGO""",72,PPML-FE base,91.82649269949732
2025,734601,CM LUZES DO AMANHÃ,190,PPML-FE base,181.42291026339691
2025,734602,CM MARGARIDA GABINAL,122,PPML-FE base,176.83504857016536
2025,734603,CM SEMPRE VIDA JOSUÉ,84,PPML-FE base,120.38569422322716
2025,734801,EDI JARDIM DO AMANHÃ,208,PPML-FE base,222.01376545226844
2025,734802,EDI SENHORA PERCILIANA PEREIRA DE ALVARENGA,721,PPML-FE base,576.5837038255439
2025,734803,EDI ANA CAROLINA PACHECO DA SILVA,97,PPML-FE base,139.78602102218673
2025,734804,EDI MARIA BERALDA,237,PPML-FE base,253.962873865815
2025,734805,EDI MONSENHOR CORDIOLI,148,PPML-FE base,214.07133824591807
2025,8002,CP CRECHE ESPÍRITA FRANCISCO DE ASSIS,71,PPML-FE base,55.37975513817646
2025,8003,CP CRECHE CRIANÇA JABOUR,164,PPML-FE base,156.0598386319516
2025,8004,CP CRECHE COMUNITÁRIA NINO,449,PPML-FE base,384.6497387441877
2025,8005,CP CRECHE E ESCOLA COMUNITÁRIA GENTE INOCENTE - REALENGO,309,PPML-FE base,275.5881333579147
2025,8006,CP FUNDAÇÃO CASA DA JOANINHA - CRECHE,134,PPML-FE base,111.27109169400504
2025,8007,CP CRECHE E ESCOLA COMUNITÁRIA GENTE INOCENTE - BANGU,479,PPML-FE base,433.491396540094
2025,8008,CP ASSOCIAÇÃO DE MORADORES DO CONJUNTO PEDRO I E ADJACÊNCIAS,45,PPML-FE base,45.63479892620136
2025,8009,CP ASSOCIAÇÃO RECREATIVA PINGUINHO DE GENTE,555,PPML-FE base,487.690504761705
2025,8010,CP ASSOCIAÇÃO CENTRO EDUCACIONAL REBRAL III,557,PPML-FE base,495.32528330244537
2025,8011,CP ESPAÇO DE EDUCAÇÃO INFANTIL BATAN,202,PPML-FE base,185.7175508625353
2025,8013,CP CENTRO EDUCACIONAL LUIZA,294,PPML-FE base,282.44840333847924
2025,8014,"CP DO.RA., A AVENTUREIRA",216,PPML-FE base,191.043800388402
2025,8015,CP CEM CRECHE ESCOLA MACHADO,205,PPML-FE base,159.86028491313954
2025,8016,CP ASSOCIAÇÃO CENTRO EDUCACIONAL REBRAL VI,454,PPML-FE base,428.9118814575471
2025,8017,CP ASSOCIAÇÃO CRECHE ESPERANÇA - REALENGO,232,PPML-FE base,271.7771476408841
2025,8018,CP CRECHE COMUNITÁRIA ESTRELINHA,203,PPML-FE base,194.848759320932
2025,8019,CP ESCOLA COMUNITÁRIA JARDIM ARCO-ÍRIS - UNIDADE II,182,PPML-FE base,181.91360489831715
2025,8021,CP ASSOCIAÇÃO RECREATIVA MUNDO MÁGICO DA TIA NATY,197,PPML-FE base,209.31107807869944
2025,8022,CP ASSOCIAÇÃO CRECHE ESPERANÇA - MAGALHÃES BASTOS,146,PPML-FE base,167.46290335891553
2025,8023,CP CRECHE COMUNITÁRIA IRMÃ MARIA DE LOURDES,152,PPML-FE base,153.01992128995352
2025,8024,CP CEM CRECHE ESCOLA MACHADO - UNIDADE I,128,PPML-FE base,137.82679545459635
2025,8025,CP ASSOCIAÇÃO RECREATIVA MONIZ BARRETO,56,PPML-FE base,55.37975513817646
2025,8027,CP CENTRO EDUCACIONAL MUNDO DA MÔNICA,56,PPML-FE base,54.628857732052985
2025,817202,CIEP AMILCAR CABRAL,145,PPML-FE base,136.96383429460548
2025,817504,CIEP ANTONIO EVARISTO DE MORAES,198,PPML-FE base,158.83815873530042
2025,817505,CIEP MARECHAL JULIO CAETANO HORTA BARBOSA,103,PPML-FE base,83.72081668191929
2025,817601,CM JOSÉ FÉLIX,403,PPML-FE base,388.5006948972973
2025,817602,CM VILA PROGRESSO,372,PPML-FE base,266.8495613240739
2025,817603,CM DENTE DE LEITE,376,PPML-FE base,355.8336205452142
2025,817604,CM DRAMATURGO ALFREDO DE FREITAS DIAS GOMES,156,PPML-FE base,185.6579958646912
2025,817605,CM MANÉ GARRINCHA II,239,PPML-FE base,279.7368089971624
2025,817606,CM MEIMEI,117,PPML-FE base,137.14021802604515
2025,817607,CM MULHERES DO QUAFÁ,492,PPML-FE base,386.5582778584077
2025,817608,CM NOVA ALIANÇA,161,PPML-FE base,322.9920156442355
2025,817609,CM RECANTO FELIZ,369,PPML-FE base,405.09977014122313
2025,817610,CM SEMPRE VIDA FAZENDA COQUEIROS,128,PPML-FE base,171.54156319116737
2025,817611,CM TIA ELZA,99,PPML-FE base,111.74563222323874
2025,817612,CM VILA KENNEDY,398,PPML-FE base,317.3420841727191
2025,817613,CM CÉLIA ALENCAR,175,PPML-FE base,229.42697511692927
2025,817614,CM FAZENDA COQUEIROS II,246,PPML-FE base,259.96481947686283
2025,817615,CM VILA UNIÃO DA PAZ,163,PPML-FE base,156.36822321659054
2025,817616,CM PROFESSORA MARIA ASSUMPÇÃO,47,PPML-FE base,87.24477141612127
2025,817617,CM JOSÉ MANOEL IBARRA PEREZ,219,PPML-FE base,260.84746946778625
2025,817618,CM JANETE CLAIR,170,PPML-FE base,172.77668986044927
2025,817619,CM PROFESSORA REGINA MARIA DA MATTA MONTEZANO,208,PPML-FE base,207.3646560159937
2025,817801,EDI PROFESSORA TÂNIA MARIA LARRUBIA GOMES,321,PPML-FE base,258.1995278112295
2025,817802,EDI PROFESSOR REINALDO JOSÉ DE ARAGÃO BARBOSA,145,PPML-FE base,177.71731738184093
2025,817803,EDI JOSÉ EPHIM MINDLIN,303,PPML-FE base,294.56659871022185
2025,817804,EDI PROFESSORA EDITH MARQUES DE SOUZA,324,PPML-FE base,280.6195163804152
2025,817805,EDI RAFAEL PEREIRA DA SILVA,106,PPML-FE base,109.1009920548224
2025,817806,EDI PROFESSORA MARIA YEDDA LEITE LINHARES,149,PPML-FE base,198.89341831867293
2025,817807,EDI MARIA DO CARMO SOUZA PIRAN,168,PPML-FE base,180.01124380922997
2025,817808,EDI PROFESSOR ANTONIO FLAVIO PIERUCCI,377,PPML-FE base,345.41588145606585
2025,817809,EDI REPÚBLICA ÁRABE UNIDA,64,PPML-FE base,67.51673756695767
2025,817810,EDI VILA DO VINTÉM,143,PPML-FE base,174.8940782820476
2025,817814,EDI PROFESSORA GIOVANA BANSI,363,PPML-FE base,382.4968800672716
2025,817815,EDI SENHOR JOÃO GOMES,337,PPML-FE base,304.1003602816341
2025,833505,CIEP ARACY DE ALMEIDA (CANTORA),25,PPML-FE base,39.90227079377284
2025,833601,CM CASA DE REALENGO,398,PPML-FE base,397.6831102152043
2025,833602,CM JULINHO CACAU,296,PPML-FE base,383.5563725577017
2025,833603,CM SILVEIRINHA,287,PPML-FE base,354.0678872400249
2025,833801,EDI GESSICA GUEDES PEREIRA,69,PPML-FE base,125.8525060283355
2025,833802,EDI PROFESSORA ZENA ELIAN,139,PPML-FE base,268.0853013684291
2025,833803,EDI FREI ORLANDO,192,PPML-FE base,257.6699424914717
2025,833805,EDI DEODORO,89,PPML-FE base,159.01458494114885
2025,833806,EDI PROFESSOR CRISTIANO PINTO DE MORAES BISPO,324,PPML-FE base,343.82675368457785
2025,833807,EDI LUIZA PAULA DA SILVEIRA MACHADO,256,PPML-FE base,304.27691369274163
2025,833808,EDI PROFESSORA VANUZIA BASTOS DA SILVA,166,PPML-FE base,223.24928229318328
2025,833809,EDI PROFESSORA MARIA CECILIA FERREIRA,157,PPML-FE base,221.30775915914668
2025,833810,EDI MEDALHISTA OLÍMPICO SERGIO DUTRA DOS SANTOS,209,PPML-FE base,234.3692550979864
2025,833811,EDI MEDALHISTA OLÍMPICA RAFAELA LOPES SILVA,310,PPML-FE base,298.6272451258706
2025,9001,CP CRECHE COMUNITÁRIA SANTA RITA,56,PPML-FE base,106.72391948794755
2025,9002,CP CRECHE SAGRADA FAMÍLIA,40,PPML-FE base,75.71208666111399
2025,9003,CP CRECHE SÃO JORGE,47,PPML-FE base,44.88688897493016
2025,9004,CP CRECHE E PRÉ-ESCOLA CANTINHO DO SABER,158,PPML-FE base,143.14309243185176
2025,9007,CP INSTITUTO AVELINO - CAMPO GRANDE,17,PPML-FE base,44.13926110665887
2025,9008,CP CRECHE COMUNITÁRIA ANA & LU,60,PPML-FE base,77.22174307072886
2025,9009,CP CRECHE COMUNITÁRIA CRIANÇAS DE OURO,159,PPML-FE base,175.0676545125477
2025,9010,CP CRECHE JARDIM ESCOLA RIO DA PRATA,153,PPML-FE base,173.5465426360132
2025,9011,CP CRECHE NOVA JERUSALÉM EM CAMPO GRANDE,212,PPML-FE base,198.6541127891887
2025,9012,CP CRECHE COMUNITÁRIA TIA NEIDE - CAMPO GRANDE,170,PPML-FE base,181.15286936028895
2025,9013,CP CRECHE COMUNITÁRIA SOL DO SABER,301,PPML-FE base,262.6316240795521
2025,9014,CP INSTITUTO DE ENSINO AVANÇADO,221,PPML-FE base,192.56573563013455
2025,9017,CP ESPAÇO CRESCER,236,PPML-FE base,200.17636129016725
2025,9018,CP ESPAÇO DE DESENVOLVIMENTO CARIOQUINHA,213,PPML-FE base,164.42158916138794
2025,9019,CP ASSOCIAÇÃO DE MORADORES UNIÃO DAS BASES DE URUCÂNIA E ADJACÊNCIAS - COSMOS,121,PPML-FE base,112.78720533595894
2025,9020,CP ASSOCIAÇÃO DE MORADORES UNIÃO DAS BASES DE URUCÂNIA E ADJACÊNCIAS - CAMPO GRANDE,56,PPML-FE base,61.3933063879413
2025,9021,CP INSTITUTO CRESCER & APRENDER,332,PPML-FE base,235.96470104428204
2025,9022,CP ESPAÇO CRIATIVO CASTELINHO RINALDI,237,PPML-FE base,197.1319250275602
2025,9023,CP ESPAÇO CRIATIVO SALOMÃO,172,PPML-FE base,181.15286936028895
2025,9024,CP CRECHE COMUNITÁRIA DOCE INFÂNCIA,196,PPML-FE base,191.043800388402
2025,9025,CP INSTITUTO Ô LUAR,113,PPML-FE base,105.96623502895486
2025,9026,CP CRECHE COMUNITÁRIA LEÃOZINHO FELIZ,207,PPML-FE base,184.1959194090236
2025,9027,CP INSTITUTO FRUTIFICAR,152,PPML-FE base,117.33664437305464
2025,9028,CP CRECHE COMUNITÁRIA ALÉM DO ARCO-ÍRIS,215,PPML-FE base,237.48819517182483
2025,9029,CP INSTITUTO CRECHE DO PAPAI,237,PPML-FE base,203.98224233449116
2025,9030,CP ESPAÇO DE DESENVOLVIMENTO PEDRITA,146,PPML-FE base,168.22328565844737
2025,9031,CP ESPAÇO CRIATIVO TURMINHA DO BAIRRO,136,PPML-FE base,148.46081472890907
2025,9032,CP SOLDADINHOS DE DEUS,91,PPML-FE base,137.82679545459635
2025,9033,CP TEMPO DE CRIANÇA,121,PPML-FE base,94.6077366801272
2025,9034,CP CRECHE COMUNITÁRIA ARTE DA CRIANÇA,111,PPML-FE base,137.06744711720418
2025,9035,CP INSTITUTO CRESCER E APRENDER - FILIAL,108,PPML-FE base,98.3924150850714
2025,9036,CP INSTITUTO CONSTRUINDO AMANHÃ,344,PPML-FE base,409.068716102416
2025,9037,CP CRECHE COMUNITÁRIA AURINA,56,PPML-FE base,71.93976587894677
2025,9038,CP CEM CRECHE ESCOLA MACHADO UNIDADE II,154,PPML-FE base,240.53531071182476
2025,9039,CP CRECHE COMUNITÁRIA ESTRELINHA DO SABER,140,PPML-FE base,153.77986303297942
2025,9040,CP CRECHE E ESCOLA COMUNITARIA GENTE BAIXINHA - UNIDADE COSMOS,249,PPML-FE base,246.6300362171844
2025,9041,CP CRECHE COMUNITÁRIA PEQUENOS PASSOS,114,PPML-FE base,115.8199864247535
2025,9042,CP CRECHE PEQUENA CANAÃ,60,PPML-FE base,68.17026522281797
2025,9043,CP CRECHE COMUNITÁRIA RIBEIRO,109,PPML-FE base,110.51310627039008
2025,9044,CP CRECHE COMUNITÁRIA JARDIM FELIZ,250,PPML-FE base,288.5469352946803
2025,9045,CP CRECHE COMUNITÁRIA PINTANDO SONHOS,107,PPML-FE base,80.2422181977106
2025,9046,CP CRECHE COMUNITÁRIA URSINHO PIMPÃO,310,PPML-FE base,227.5862700023029
2025,918601,CM ALEGRIA DE NOVA CIDADE,288,PPML-FE base,332.8795709210248
2025,918602,CM VITÓRIA DA PAZ,126,PPML-FE base,229.42697511692927
2025,918603,CM SEMPRE VIDA ELZA RABELO DE ANDRADE,98,PPML-FE base,96.93757597254788
2025,918604,CM VERA PACHECO JORDÃO,48,PPML-FE base,74.91287187971731
2025,918605,CM SEMPRE VIDA PROFESSORA EUGENIA MARIA VELOSO MARCHESE,99,PPML-FE base,127.26337122416794
2025,918606,CM CECÍLIA MEIRELES,175,PPML-FE base,264.37809671895315
2025,918607,CM SONHO FELIZ,316,PPML-FE base,315.7530545358017
2025,918608,CM JARDIM MONTE SANTO,125,PPML-FE base,266.1434264629122
2025,918609,CM ADÉLIA VIEIRA,123,PPML-FE base,187.0697190850848
2025,918610,CM ESPERANÇA DO AMANHÃ,63,PPML-FE base,118.26963932720004
2025,918611,CM MÁRIO LOMBARDI,43,PPML-FE base,73.50388924436525
2025,918613,CM PROFESSORA FLORA SANTINA FERRARI BRAZ,376,PPML-FE base,431.5884784890532
2025,918614,CM ZÉLIA CHAUKE CURI,161,PPML-FE base,228.72094409709544
2025,918615,CM MARCELO CARDOSO TOMÉ,122,PPML-FE base,132.2016272627767
2025,918616,CM PADRE VALTER DA COSTA SANTOS,285,PPML-FE base,341.17821881418683
2025,918617,CM CRIANDO O FUTURO,246,PPML-FE base,440.0650617140189
2025,918618,CM ESPERANÇA DA VILA SÃO JORGE,146,PPML-FE base,295.0962456834147
2025,918619,CM RAUL CORTEZ,400,PPML-FE base,442.3608184750392
2025,918620,CM EMILIO IBRAHIM LÁZARO JUBRAM DIB,327,PPML-FE base,437.2395239056689
2025,918621,CM ELIZABETH TAVARES DE SOUZA - BETINHA,217,PPML-FE base,268.4383708909417
2025,918801,EDI BIANCA ROCHA TAVARES,153,PPML-FE base,217.77776462808657
2025,918802,EDI PINTANDO O SETE,198,PPML-FE base,222.190267405188
2025,918803,EDI LUDMILA MÁXIMO MOREIRA CARDOSO,96,PPML-FE base,133.78899612042986
2025,918804,EDI RENAN DE SOUZA LEAL,53,PPML-FE base,61.355469458062665
2025,918805,EDI CANTORA CESÁRIA ÉVORA,148,PPML-FE base,202.2465665359984
2025,918806,EDI COMENDADOR SERAFIM SOFIA,224,PPML-FE base,323.6982622943539
2025,918807,EDI URBANO DE FREITAS,259,PPML-FE base,350.5364385947389
2025,918808,EDI PROFESSORA MARTA REGINA PERROTA,206,PPML-FE base,253.0802459580401
2025,918809,EDI CAMPO GRANDE,39,PPML-FE base,89.35933395072944
2025,918810,EDI DOM BOSCO,145,PPML-FE base,208.42358956722444
2025,918811,EDI ISABEL,14,PPML-FE base,21.8475706258782
2025,918812,EDI PROFESSOR JORGE EUCLIDES PEREIRA NUNES,85,PPML-FE base,118.44597434235251
2025,918813,EDI PROFESSOR MARCO ALTINO DE OLIVEIRA,184,PPML-FE base,180.36415904904865
2025,918814,EDI PROFESSOR NESTOR MANOEL PINTO,177,PPML-FE base,220.95475692710684
2025,918815,EDI PROFESSORA SIRLÉIA SILVA REIS,282,PPML-FE base,300.0396543410739
2025,918816,EDI PROFESSOR JOÃO FERNANDES FILHO,46,PPML-FE base,65.58010578287858
2025,918817,EDI PROFESSORA EUGENIA DE ALMEIDA AZEVEDO,307,PPML-FE base,341.70792463848414
2025,918818,EDI FRANCISCO JOSÉ DE MORAES,101,PPML-FE base,138.19852870686196
2025,918819,EDI JOARI,18,PPML-FE base,52.90977974729873
2025,918820,EDI ALMO SATURNINO,30,PPML-FE base,61.70748121631553
2025,918821,EDI PROFESSORA ENYR PORTILHO DE AVELLAR,169,PPML-FE base,163.4253343522227
2025,918822,EDI PROFESSOR ANDRÉ LUIZ GILS,241,PPML-FE base,354.5976066076031
2025,918823,EDI PROFESSOR DERSU GABRIEL BICEGO,147,PPML-FE base,211.4239347148307
2025,918824,EDI ALBERTO FERREIRA PINTO,228,PPML-FE base,282.9145666506886
2025,918825,EDI PROFESSORA TERESINHA DE JESUS SIQUEIRA BROWN,231,PPML-FE base,288.5639879116234
2025,918826,EDI PROFESSORA MARLY DOS SANTOS DE OLIVEIRA (MARLY MARINHO),208,PPML-FE base,324.40451008677866
2025,918827,EDI ATAULFO ALVES,178,PPML-FE base,261.9066530814729
2025,918828,EDI ALYRIO CAVALLIERI,241,PPML-FE base,322.815454160776
2025,918829,EDI RUBEM AZEVEDO ALVES,143,PPML-FE base,106.80908424290028
2025,918830,EDI HENRIQUE DIAS,47,PPML-FE base,93.41261523931313
2025,918831,EDI ELFLODÍZIO DOS SANTOS,233,PPML-FE base,314.16403097622083
2025,918832,EDI PROFESSORA JACINTHA REIS FERREIRA,367,PPML-FE base,394.3279817735056
2025,918833,EDI PROFESSOR WILSON CHOERI,175,PPML-FE base,209.65901986511687
2025,918834,EDI ENGENHEIRA ELAINE MONSORES PIRES,127,PPML-FE base,200.83470649099905
2025,918835,EDI MEDALHISTA OLÍMPICO ARTHUR NORY OYAKAWA MARIANO,254,PPML-FE base,336.4108926437366
2025,918836,EDI MEDALHISTA OLÍMPICO RAFAEL CARLOS DA SILVA,325,PPML-FE base,402.4509536346108
2025,918837,EDI MEDALHISTA OLÍMPICO WALLACE LEANDRO DE SOUZA,333,PPML-FE base,373.3146900604395
2025,918838,EDI EUSTORGIO WANDERLEY,100,PPML-FE base,116.68264835634184
2025,918839,EDI DALILA TAVARES,69,PPML-FE base,103.28328938682704
2025,10001,CP ESCOLA COMUNITÁRIA JARDIM DE INFÂNCIA TIA ANASTÁCIA,116,Persistencia taxa t-1,143.41539038778183
2025,10004,CP ESCOLA COMUNITÁRIA JARDIM BALÃO MÁGICO,38,Persistencia taxa t-1,59.75641266157579
2025,10005,CP CRECHE COMUNITÁRIA JARDIM PEDRA AZUL,26,Persistencia taxa t-1,37.69250644807087
2025,10006,CP CRECHE ESCOLA COMUNITÁRIA ISMÊNIA RIBEIRO,84,Persistencia taxa t-1,104.80355451414827
2025,10008,CP CRECHE COMUNITÁRIA JARDIM ESPERANÇA,92,Persistencia taxa t-1,87.3362954284569
2025,10009,CP JARDIM ESCOLA ERNESTO FAGUNDES VARELA,68,Persistencia taxa t-1,81.82031887508069
2025,10010,CP ESCOLA COMUNITÁRIA JARDIM ARCO-ÍRIS,95,Persistencia taxa t-1,100.20690738633476
2025,10011,CP CRECHE PINGUINHO DE GENTE,30,Persistencia taxa t-1,37.69250644807087
2025,10013,CP ESCOLA COMUNITÁRIA ENCANTO DE MARIA,53,Persistencia taxa t-1,58.83708323601308
2025,10014,CP CRECHE COMUNITÁRIA SÃO JOÃO BATISTA,54,Persistencia taxa t-1,44.12781242700981
2025,10018,CP CRECHE ESCOLA COMUNITÁRIA SÍTIO ALEGRE,244,Persistencia taxa t-1,193.0591793681679
2025,10019,CP ESCOLA COMUNITÁRIA JARDIM ALEXANDRINO,166,Persistencia taxa t-1,172.8339320057884
2025,10020,CP CASA MATERNAL NOSSA SENHORA DE NAZARÉ,112,Persistencia taxa t-1,109.4002016419618
2025,10022,CP ASSOCIAÇÃO DE MORADORES E AMIGOS DO PARQUE ESTORIL - AMAPE,203,Persistencia taxa t-1,193.0591793681679
2025,10023,CP CRECHE ESCOLA SOSSEGO DA MAMÃE,90,Persistencia taxa t-1,107.5615427908364
2025,10024,CP CRECHE COMUNITÁRIA MUNDO ENCANTADO DA CRIANÇA,170,Persistencia taxa t-1,199.49448534710683
2025,10026,CP CRECHE E ESCOLA COMUNITÁRIA GENTE BAIXINHA I,249,Persistencia taxa t-1,219.71973270948632
2025,10027,CP CRECHE CASULO AGOSTINHO - SANTA CRUZ,194,Persistencia taxa t-1,155.36667292009702
2025,10028,CP CRECHE CASULO AGOSTINHO - VERIDIANA,124,Persistencia taxa t-1,143.41539038778183
2025,10029,CP ASSOCIAÇÃO DE MORADORES DAS MORADAS DO IMPÉRIO,65,Persistencia taxa t-1,85.4976365773315
2025,10030,CP INSTITUTO AVELINO - GUARATIBA,93,Persistencia taxa t-1,91.93294255627043
2025,10032,CP CRECHE COMUNITÁRIA MUNDO MÁGICO,150,Persistencia taxa t-1,170.995273154663
2025,10033,CP PROJETO QUEBRA CABEÇA,69,Persistencia taxa t-1,69.86903634276553
2025,10034,CP OS BENEDITINHOS,134,Persistencia taxa t-1,149.8506963667208
2025,10035,CP ESCOLA COMUNITÁRIA JARDIM DE INFÂNCIA CHAVE DO TAMANHO,139,Persistencia taxa t-1,68.03037749164012
2025,10036,CP CAAD DONA ZULMIRA TELLES,157,Persistencia taxa t-1,189.38186166591709
2025,10037,CP CAAD - COMITÊ DE ATENDIMENTO À CRIANÇA E AO ADOLESCENTE,71,Persistencia taxa t-1,75.38501289614175
2025,10039,CP FUNDAÇÃO KLINGNER PARA O DESENVOLVIMENTO SOCIAL,243,Persistencia taxa t-1,258.3315685831199
2025,1004,CP CRECHE CANTINHO FELIZ DE SANTA TERESA,136,Persistencia taxa t-1,146.17337866447
2025,10040,CP CICIM I,219,Persistencia taxa t-1,201.33314419823225
2025,10041,CP CRECHE BEZERRA DE MENEZES - SANTA CRUZ,173,Persistencia taxa t-1,141.57673153665647
2025,10042,CP CICIM II,179,Persistencia taxa t-1,169.1566143035376
2025,10043,CP CRECHE CANTINHO CASLU,168,Persistencia taxa t-1,158.12466119678513
2025,10044,CP CRECHE COMUNITÁRIA MAGIA DA CRIANÇA,93,Persistencia taxa t-1,119.51282532315156
2025,10045,CP ESPAÇO CRIATIVO ERA UMA VEZ,73,Persistencia taxa t-1,90.09428370514502
2025,10046,CP CRECHE COMUNITÁRIA DEUS É FIEL - CCDF,191,Persistencia taxa t-1,221.5583915606117
2025,10047,CP CENTRO CULTURAL MONTESSORI - SANTA CRUZ,194,Persistencia taxa t-1,250.0576037530556
2025,1005,CP CASA MATERNAL CORAÇÃO DE MÃE,48,Persistencia taxa t-1,38.61183587363358
2025,10051,CP CRECHE COMUNITÁRIA DEUS É FIEL - UNIDADE VI,244,Persistencia taxa t-1,267.52486283874697
2025,10052,CP CRECHE COMUNITÁRIA DEUS É FIEL - UNIDADE VII,493,Persistencia taxa t-1,521.2597842940534
2025,10053,CP CRECHE COMUNITÁRIA GÊNIO DO FUTURO,311,Persistencia taxa t-1,337.3938991815125
2025,10054,CP CRECHE COMUNITÁRIA AQUARELA DO SABER,51,Persistencia taxa t-1,104.80355451414827
2025,10055,CP ESPAÇO DE DESENVOLVIMENTO MÃE GAIA,140,Persistencia taxa t-1,73.54635404501634
2025,10056,CP CRECHE MUNDO DA BIBI,100,Persistencia taxa t-1,90.09428370514502
2025,10057,CP CENTRO CULTURAL MONTESSORI - PACIÊNCIA,358,Persistencia taxa t-1,324.5232872236346
2025,10058,CP CRECHE ESCOLA COMUNITÁRIA MALLETZINHO,261,Persistencia taxa t-1,195.81716764485603
2025,10059,CP CRECHE COMUNITÁRIA PLANETA BEBÊ,95,Persistencia taxa t-1,99.28757796077208
2025,1006,CP CRECHE DO TUIUTI,233,Persistencia taxa t-1,266.6055334131842
2025,10060,CP CRECHE COMUNITÁRIA JARDIM DO CONHECIMENTO,83,Persistencia taxa t-1,86.4169660028942
2025,10061,CP CRECHE COMUNITÁRIA ESTRELA DO AMANHÃ,113,Persistencia taxa t-1,159.96332004791054
2025,10062,CP CENTRO CULTURAL DE DESENVOLVIMENTO INFANTIL JOÃO BATISTA,79,Persistencia taxa t-1,103.88422508858558
2025,10063,CP CRECHE COMUNITÁRIA UNIVERSO INFANTIL,313,Persistencia taxa t-1,296.9434044567535
2025,10064,CP CRECHE COMUNITÁRIA CORAÇÃO DE MÃE,269,Persistencia taxa t-1,259.2508980086826
2025,10065,CP CRECHE MAGIA DA CRIANÇA II,94,Persistencia taxa t-1,154.44734349453432
2025,10066,CP CRECHE COMUNITÁRIA ARTE & CULTURA,219,Persistencia taxa t-1,193.0591793681679
2025,10067,CP CRECHE COMUNITÁRIA ARCA DE NOÉ,117,Persistencia taxa t-1,125.0288018765278
2025,10068,CP CRECHE COMUNITÁRIA TIA NEIDE - GUARATIBA,152,Persistencia taxa t-1,104.80355451414827
2025,10069,CP CRECHE E ESCOLA COMUNITÁRIA GENTE BAIXINHA II,411,Persistencia taxa t-1,423.8108651844067
2025,1007,CP EDUCANDÁRIO NOSSA SENHORA DE NAZARÉ,78,Persistencia taxa t-1,113.99684876977534
2025,10070,CP PEDACINHO DO CÉU,121,Persistencia taxa t-1,144.33471981334458
2025,10071,CP CRECHE COMUNITÁRIA ARTE & CULTURA - UNIDADE I,251,Persistencia taxa t-1,169.1566143035376
2025,10072,CP CRECHE COMUNITÁRIA DEUS É FIEL - UNIDADE X,219,Persistencia taxa t-1,216.04241500723552
2025,10073,CP NINHO CARIOCA,435,Persistencia taxa t-1,394.39232356640014
2025,10074,CP CRECHE MUNDO MÁGICO II,201,Persistencia taxa t-1,193.9785087937306
2025,10075,CP CRECHE COMUNITÁRIA PEDACINHO DE CÉU,153,Persistencia taxa t-1,193.0591793681679
2025,10076,CP ESPAÇO DE DESENVOLVIMENTO MÃE GAIA - UNIDADE I,73,Persistencia taxa t-1,38.61183587363358
2025,10077,CP CRECHE COMUNITÁRIA CANTINHO DO SABER,40,Persistencia taxa t-1,56.07909495932496
2025,10078,CP CRECHE COMUNITÁRIA CRIANÇA FELIZ,72,Persistencia taxa t-1,68.94970691720282
2025,10079,CP CRECHE COMUNITÁRIA DEUS É FIEL - UNIDADE VIII,100,Persistencia taxa t-1,146.17337866447
2025,10080,CP ASSOCIAÇÃO CENTRO EDUCACIONAL REBRAL XII (GUARATIBA),154,Persistencia taxa t-1,104.80355451414827
2025,10081,CP CENTRO EDUCACIONAL ESTRELA DO AMANHÃ,228,Persistencia taxa t-1,287.75011020112646
2025,10082,CP CRECHE ESCOLA BAIXINHOS SABIDOS,70,Persistencia taxa t-1,87.3362954284569
2025,10083,CP CRECHE COMUNITÁRIA CRISTÃ CORDEIRINHO DE CRISTO,116,Persistencia taxa t-1,284.07279249887563
2025,10084,CP CRECHE COMUNITÁRIA AQUARELA DO SABER (GUARATIBA),284,Persistencia taxa t-1,250.9769331786183
2025,10085,CP CRECHE VIDA,50,Persistencia taxa t-1,90.09428370514502
2025,1009,CP CRECHE COMUNITÁRIA ANITA WAY,179,Persistencia taxa t-1,195.81716764485603
2025,1010,CP CENTRO CULTURAL MONTESSORI - SÃO CRISTÓVÃO,465,Persistencia taxa t-1,439.4394654189727
2025,101601,CM LADEIRA DOS FUNCIONÁRIOS,122,Persistencia taxa t-1,97.44891910964664
2025,101602,CM VIRGÍNIA LEMOS,58,Persistencia taxa t-1,61.5950715127012
2025,101603,CM SENNINHA,255,Persistencia taxa t-1,273.9601688176859
2025,101604,CM SEMPRE VIDA P. CONQUISTA,68,Persistencia taxa t-1,66.19171864051471
2025,101605,CM CLEMENTE FERREIRA,199,Persistencia taxa t-1,214.2037561561101
2025,101606,CM QUINTA DO CAJU,143,Persistencia taxa t-1,162.72130832459865
2025,101607,CM TIA DORA,259,Persistencia taxa t-1,331.8779226281363
2025,101801,EDI PARQUE DA ALEGRIA,271,Persistencia taxa t-1,310.73334584019403
2025,101802,EDI MACHADO DE ASSIS,152,Persistencia taxa t-1,189.38186166591709
2025,101803,EDI ANTÔNIO RAPOSO TAVARES,38,Persistencia taxa t-1,52.401777257074144
2025,1019601,CM SEMPRE VIDA VALE DO SOL,29,Persistencia taxa t-1,36.77317702250817
2025,1019602,CM SEMPRE VIDA ANTARES,151,Persistencia taxa t-1,160.88264947347324
2025,1019603,CM JARDIM DOS VIEIRAS,137,Persistencia taxa t-1,137.89941383440564
2025,1019604,CM AYRTON SENNA,63,Persistencia taxa t-1,74.46568347057905
2025,1019605,CM MARLENE DA SILVA CARDOSO,57,Persistencia taxa t-1,79.06233059839256
2025,1019606,CM TRINTA E UM DE OUTUBRO,124,Persistencia taxa t-1,110.31953106752452
2025,1019607,CM ADALTO BASTOS,221,Persistencia taxa t-1,193.9785087937306
2025,1019609,CM CANTINHO DA TIA DOLORES,76,Persistencia taxa t-1,152.6086846434089
2025,1019610,CM CHAVE DO TAMANHO,56,Persistencia taxa t-1,45.04714185257251
2025,1019611,CM CRIANÇA FELIZ,51,Persistencia taxa t-1,67.11104806607742
2025,1019612,CM DANIELA PEREZ,305,Persistencia taxa t-1,314.41066354244487
2025,1019613,CM DJANIRA MARIA RAMOS,128,Persistencia taxa t-1,102.04556623746018
2025,1019614,CM INSPETOR HERALDO CARVALHO DE SOUSA,240,Persistencia taxa t-1,246.3802860508048
2025,1019615,CM MARCOLINA,44,Persistencia taxa t-1,68.03037749164012
2025,1019616,CM MARIA HELENA PAPERA MONTEIRO,60,Persistencia taxa t-1,85.4976365773315
2025,1019618,CM LEUZA MARINS NOVAES S. SANTOS,75,Persistencia taxa t-1,98.36824853520936
2025,1019619,CM SANTA TEREZINHA,41,Persistencia taxa t-1,61.5950715127012
2025,1019620,CM SEMENTINHA DO AMOR,68,Persistencia taxa t-1,74.46568347057905
2025,1019621,CM SEMPRE VIDA ESTRELA DO ALAGADO,48,Persistencia taxa t-1,57.91775381045038
2025,1019623,CM SEMPRE VIDA TERRA DA PAZ,243,Persistencia taxa t-1,237.18699179517773
2025,1019624,CM ZACARIAS - O TRAPALHÃO,27,Persistencia taxa t-1,23.902565064630316
2025,1019625,CM NARIZINHO,41,Persistencia taxa t-1,56.07909495932496
2025,1019626,CM PEDRINHO,52,Persistencia taxa t-1,45.96647127813522
2025,1019627,CM VOVÓ BENTA,104,Persistencia taxa t-1,115.83550762090076
2025,1019628,CM IRINÉA DOS SANTOS PAIVA,77,Persistencia taxa t-1,116.75483704646346
2025,1019630,CM ESTRELA DALVA,69,Persistencia taxa t-1,81.82031887508069
2025,1019631,CM TIA HILDA MACEDO,147,Persistencia taxa t-1,112.15818991864992
2025,1019632,CM MIRIAM PIRES,326,Persistencia taxa t-1,306.1366987123805
2025,1019633,CM MERILUCE DE OLIVEIRA MÜLLER,44,Persistencia taxa t-1,47.80513012926063
2025,1019801,EDI SARGENTO IZO GOMES PATRÍCIO,217,Persistencia taxa t-1,223.39705041173715
2025,1019802,EDI LARISSA DOS SANTOS ATANAZIO,120,Persistencia taxa t-1,93.77160140739583
2025,1019803,EDI LARYSSA SILVA MARTINS,189,Persistencia taxa t-1,206.84912075160847
2025,1019804,EDI PROFESSORA MARIA LUIZA JOBIM DE QUEIROZ,55,Persistencia taxa t-1,57.91775381045038
2025,1019806,EDI PROFESSOR RUBEM GONÇALVES,64,Persistencia taxa t-1,96.52958968408394
2025,1019807,EDI PROFESSOR ANTONIO ALFREDO MERCADANTE,107,Persistencia taxa t-1,100.20690738633476
2025,1019808,EDI GEÓGRAFO AZIZ AB' SABER,82,Persistencia taxa t-1,73.54635404501634
2025,1019809,EDI PROFESSORA CARMEN FRAGA DE ARAÚJO,48,Persistencia taxa t-1,50.563118405948735
2025,1019810,EDI PROFESSORA ROSELE NICOLAU JORGE COUTINHO,51,Persistencia taxa t-1,35.853847596945464
2025,1019811,EDI PROFESSORA RAQUEL KELLY LANERA,55,Persistencia taxa t-1,39.53116529919628
2025,1019815,EDI JOÃO CORRÊA,92,Persistencia taxa t-1,92.85227198183313
2025,1019818,EDI RENÉE BISCAIA RAPOSO,41,Persistencia taxa t-1,98.36824853520936
2025,1019820,EDI INAIÁ WANDERLEY CARMO,54,Persistencia taxa t-1,113.99684876977534
2025,1019821,EDI PROFESSORA SOLANGE INÁCIA DE SÁ DE LACERDA,120,Persistencia taxa t-1,148.9313669411581
2025,1019822,EDI PROFESSORA KATIA MIRANDA SANTOS,36,Persistencia taxa t-1,130.544778429904
2025,1019824,EDI PROFESSORA LILIA CHAVES DA COSTA,26,Persistencia taxa t-1,44.12781242700981
2025,1019826,EDI THAMIRIS DE ANDRADE DA SILVA SANTOS,140,Persistencia taxa t-1,135.14142555771753
2025,1019827,EDI MEDALHISTA OLÍMPICA POLIANA OKIMOTO,200,Persistencia taxa t-1,235.34833294405232
2025,1019828,EDI MEDALHISTA OLÍMPICO ERLON DE SOUZA SILVA,171,Persistencia taxa t-1,194.8978382192933
2025,1019829,EDI ERASMO CARLOS,94,Persistencia taxa t-1,104.80355451414827
2025,1019830,EDI GAL COSTA,109,Persistencia taxa t-1,126.8674607276532
2025,1019831,EDI PROFESSORA MARIA MESQUITA DE SIQUEIRA,218,Persistencia taxa t-1,282.23413364775024
2025,102601,CM SEMPRE VIDA SANTO ANTÔNIO DE PÁDUA,142,Persistencia taxa t-1,204.0911324749204
2025,102602,CM ANA MARIA DA CRUZ SILVA,249,Persistencia taxa t-1,331.8779226281363
2025,102604,CM ARCO-ÍRIS,292,Persistencia taxa t-1,341.07121688376327
2025,102605,CM ALDEIA DOS CURUMINS,281,Persistencia taxa t-1,338.3132286070752
2025,102606,CM GEORGE SAVALLA GOMES - PALHAÇO CAREQUINHA,279,Persistencia taxa t-1,365.8931113739563
2025,1026601,CM SONHO DE CRIANÇA,248,Persistencia taxa t-1,303.3787104356924
2025,1026602,CM NOSSA SENHORA DA GLÓRIA,118,Persistencia taxa t-1,146.17337866447
2025,1026603,CM SEMPRE VIDA COLÔNIA DOS PESCADORES,116,Persistencia taxa t-1,113.99684876977534
2025,1026604,CM JOSEPHA FERREIRA DA COSTA,319,Persistencia taxa t-1,364.0544525228309
2025,1026801,EDI SAMIRA PIRES RIBEIRO,36,Persistencia taxa t-1,95.61026025852124
2025,1026802,EDI PROFESSOR MARCOS FLAMÍNIO PORTUGAL PINTO,387,Persistencia taxa t-1,364.0544525228309
2025,1026803,EDI PADRE CARLOS HENRIQUE DE SOUZA,99,Persistencia taxa t-1,106.6422133652737
2025,1026805,EDI MEDALHISTA OLÍMPICO IZAQUIAS QUEIROZ DOS SANTOS,330,Persistencia taxa t-1,350.2645111393903
2025,1026806,EDI MEDALHISTA OLÍMPICO FELIPE ALMEIDA WU,253,Persistencia taxa t-1,248.2189449019302
2025,1026807,EDI ALFREDO FERNANDO VAZ GUIMARÃES JÚNIOR,379,Persistencia taxa t-1,368.6510996506444
2025,1026809,EDI MEDALHISTA PARALÍMPICO RICARDO COSTA DE OLIVEIRA,238,Persistencia taxa t-1,236.26766236961504
2025,1026810,EDI ALCEBÍADES FRANCISCO ROSA,331,Persistencia taxa t-1,316.24932239357025
2025,1026811,EDI GERMANO THOMÉ DE OLIVEIRA,43,Persistencia taxa t-1,132.38343728102942
2025,102802,EDI CAMPOS SALLES,31,Persistencia taxa t-1,47.80513012926063
2025,102803,EDI RACHEL DE QUEIROZ,53,Persistencia taxa t-1,61.5950715127012
2025,103601,CM ESPAÇO LIVRE DA CRIANÇA,51,Persistencia taxa t-1,56.07909495932496
2025,103602,CM DIREITOS HUMANOS,87,Persistencia taxa t-1,83.65897772620609
2025,103604,CM SONHO INFANTIL,107,Persistencia taxa t-1,142.49606096221916
2025,103605,CM BRINCADEIRAS DE CRIANÇA,123,Persistencia taxa t-1,160.88264947347324
2025,103606,CM CAMPOS DA PAZ,102,Persistencia taxa t-1,140.65740211109377
2025,103607,CM ESTÁCIO DE SÁ,227,Persistencia taxa t-1,284.07279249887563
2025,103801,EDI PROFESSORA SIMONE SOUSA PIMENTEL,134,Persistencia taxa t-1,187.54320281479167
2025,103802,EDI LILY MARINHO,175,Persistencia taxa t-1,227.074368113988
2025,103804,EDI ZÉLIA GATTAI AMADO,73,Persistencia taxa t-1,71.70769519389093
2025,103805,EDI BEATRIZ VICÊNCIA BANDEIRA RYFF,86,Persistencia taxa t-1,139.73807268553105
2025,103806,EDI FUNDAÇÃO LEÃO XIII,19,Persistencia taxa t-1,7.354635404501635
2025,103807,EDI MARIA LUIZA NOBRE - TIA LUIZINHA,232,Persistencia taxa t-1,275.79882766881127
2025,107601,CM ADALBERTO ISMAEL DE SOUZA,67,Persistencia taxa t-1,52.401777257074144
2025,107602,CM DEPUTADO LUIZ EDUARDO DE MAGALHÃES,188,Persistencia taxa t-1,223.39705041173715
2025,107603,CM VOVÓ LUCÍOLA,130,Persistencia taxa t-1,133.3027667065921
2025,107604,CM HOMERO JOSÉ DOS SANTOS,174,Persistencia taxa t-1,207.7684501771712
2025,107605,CM EDUARDO MOREIRA DOS SANTOS,152,Persistencia taxa t-1,174.6725908569138
2025,107606,CM FRANCISCO ALVES,154,Persistencia taxa t-1,130.544778429904
2025,107607,CM NAÇÃO MANGUEIRENSE,175,Persistencia taxa t-1,210.52643845385927
2025,107608,CM SAMORA MACHEL,138,Persistencia taxa t-1,171.9146025802257
2025,107609,CM VASQUINHO,239,Persistencia taxa t-1,222.47772098617443
2025,107610,CM ARARA AZUL,335,Persistencia taxa t-1,326.36194607476
2025,107801,EDI PROFESSORA DAYSE MALAGOLE,48,Persistencia taxa t-1,36.77317702250817
2025,107802,EDI MORRO DOS TELÉGRAFOS,16,Persistencia taxa t-1,12.87061195787786
2025,107803,EDI DOIS DE JULHO,45,Persistencia taxa t-1,42.2891535758844
2025,11001,CP CRECHE COMUNITÁRIA ALEGRIA DA CRIANÇA,118,Persistencia taxa t-1,150.7700257922835
2025,11003,CP AMIG - ASSOCIAÇÃO DOS MORADORES DA ILHA DO GOVERNADOR,215,Persistencia taxa t-1,208.68777960273388
2025,11004,CP CENTRO DE ATIVIDADES EDUCACIONAIS E CULTURAIS ARCA DE NOÉ - CAECAN,237,Persistencia taxa t-1,241.7836389229913
2025,11006,CP CRECHE CASULO DO DENDÊ,391,Persistencia taxa t-1,381.5217116085223
2025,11007,CP CRECHE ESFERA KIDS,135,Persistencia taxa t-1,154.44734349453432
2025,11008,CP FILIAL BANCÁRIOS - RJ,213,Persistencia taxa t-1,224.31637983729985
2025,11009,CP CRECHE COMUNITÁRIA IRMÃ MOROCHA (CCIM),147,Persistencia taxa t-1,155.36667292009702
2025,11010,CP CHALÉ SEMENTINHA (ILHA DO GOVERNADOR),54,Persistencia taxa t-1,196.73649707041872
2025,1120201,CIEP OLGA BENÁRIO PRESTES,34,Persistencia taxa t-1,34.01518874582006
2025,1120601,CM STELLA MARIS,289,Persistencia taxa t-1,362.2157936717055
2025,1120602,CM CORA CORALINA,274,Persistencia taxa t-1,310.73334584019403
2025,1120603,CM DOUTOR ANTÔNIO MONTEIRO,294,Persistencia taxa t-1,323.6039577980719
2025,1120604,CM MARIA ARMINDA F. SOUZA AGUIAR,194,Persistencia taxa t-1,239.94498007186584
2025,1120605,CM SEMPRE VIDA LORETO,264,Persistencia taxa t-1,323.6039577980719
2025,1120606,CM TAUÁ,364,Persistencia taxa t-1,378.76372333183417
2025,1120801,EDI JOSÉ DE SOUZA RAMOS,135,Persistencia taxa t-1,162.72130832459865
2025,1120802,EDI NEUSA MARIA GOULART BRIZOLA,197,Persistencia taxa t-1,242.70296834855395
2025,1120804,EDI PROFESSORA ANNA MARIA JESUS CONCEICAO,178,Persistencia taxa t-1,225.23570926286257
2025,121001,EM JOAQUIM MANUEL DE MACEDO,56,Persistencia taxa t-1,38.61183587363358
2025,123601,CM JOSÉ MARINHO DE OLIVEIRA,130,Persistencia taxa t-1,123.1901430254024
2025,123603,CM FALLET,92,Persistencia taxa t-1,85.4976365773315
2025,123801,EDI HELOÍSA MARINHO,14,Persistencia taxa t-1,20.22524736237949
2025,2001,CP CRECHE ESPAÇO SEMENTE,62,Persistencia taxa t-1,76.30434232170445
2025,2002,CP EDUCANDÁRIO CASA DE JACIRA,38,Persistencia taxa t-1,32.17652989469465
2025,2003,CP CENTRO COMUNITÁRIO DA RUA UM UNIÃO FAZ A FORÇA,135,Persistencia taxa t-1,46.88580070369792
2025,2004,CP AÇÃO SOCIAL PADRE ANCHIETA - ASPA,293,Persistencia taxa t-1,359.4578053950174
2025,2005,CP ESCOLA COMUNITÁRIA DO CANTAGALO,61,Persistencia taxa t-1,89.17495427958231
2025,2006,CP CRECHE PRÉ-ESCOLA COMUNITÁRIA DOIS IRMÃOS,73,Persistencia taxa t-1,87.3362954284569
2025,2009,CP ABRIGO TERESA DE JESUS,137,Persistencia taxa t-1,159.96332004791054
2025,2010,CP CRECHE PATINHO FELIZ,141,Persistencia taxa t-1,220.63906213504904
2025,2011,CP SOCIEDADE CIVIL DE ASSISTÊNCIA A MENORES - CASA DA DINDA,80,Persistencia taxa t-1,131.46410785546672
2025,2012,CP GRUPO COMUNITÁRIO CRECHE ESCOLA TIA MAURA,107,Persistencia taxa t-1,99.28757796077208
2025,2013,CP CENTRO DE EDUCAÇÃO INFANTIL CRISTO REDENTOR,57,Persistencia taxa t-1,68.94970691720282
2025,2014,CP CRUZADA PELA INFÂNCIA DO LEME,114,Persistencia taxa t-1,106.6422133652737
2025,2015,CP CRECHE SANT ANNA,127,Persistencia taxa t-1,139.73807268553105
2025,2016,CP CASA MATERNAL MELLO MATTOS,184,Persistencia taxa t-1,191.2205205170425
2025,2018,CP FUNDAÇÃO CASA SANTA IGNEZ,84,Persistencia taxa t-1,116.75483704646346
2025,2019,CP UNIDAS - OBRAS SOCIAIS UNIDAS DE SANTA MARTA,45,Persistencia taxa t-1,57.91775381045038
2025,2020,CP CASA ESPÍRITA CRISTÃ MARIA DE NAZARÉ,104,Persistencia taxa t-1,136.98008440884294
2025,2022,CP CRECHE CHAPEUZINHO MARROM,49,Persistencia taxa t-1,61.5950715127012
2025,2024,CP CRECHE ESCADINHA DO SABER,11,Persistencia taxa t-1,15.628600234565974
2025,2025,CP CRECHE BEZERRA DE MENEZES - BOTAFOGO,238,Persistencia taxa t-1,350.2645111393903
2025,2026,CP CRECHE MONSENHOR FRANCA,63,Persistencia taxa t-1,79.98166002395527
2025,2028,CP OBRAS SOCIAIS PADRE ALEIXO,155,Persistencia taxa t-1,164.55996717572407
2025,2029,CP CASA DA CRIANÇA,416,Persistencia taxa t-1,467.01934818585386
2025,2031,CP CENTRO COMUNITÁRIO ALEGRIA DAS CRIANÇAS,86,Persistencia taxa t-1,70.78836576832823
2025,2032,CP PATRONATO OPERÁRIO DA GÁVEA,71,Persistencia taxa t-1,66.19171864051471
2025,2034,CP CENTRO SOCIAL DA MULHER UÊGA,76,Persistencia taxa t-1,85.4976365773315
2025,2035,CP CENTRO SOCIAL E AÍ COMO É QUE FICA ?,82,Persistencia taxa t-1,91.93294255627043
2025,2036,CP CRECHE BERÇÁRIO MARIA HELENA DA ROCINHA,177,Persistencia taxa t-1,193.0591793681679
2025,2037,CP CRECHE COMUNITÁRIA CANTINHO DA NATUREZA,176,Persistencia taxa t-1,200.41381477266955
2025,2038,CP CRECHE CHÁCARA DO CÉU,45,Persistencia taxa t-1,82.73964830064338
2025,2039,CP CRECHE ESCOLA MENINOS DE LUZ,268,Persistencia taxa t-1,307.05602813794326
2025,2040,CP CRECHE MARIA MARIA,123,Persistencia taxa t-1,117.67416647202616
2025,2041,CP CRECHE E PRÉ-ESCOLA COMUNITÁRIA DO 199 PINGO DE GENTE,80,Persistencia taxa t-1,37.69250644807087
2025,2042,CP CRECHE SANTA CLARA,133,Persistencia taxa t-1,136.06075498328025
2025,2043,CP CRECHE SANTA MÔNICA,124,Persistencia taxa t-1,177.43057913360192
2025,2044,CP CRECHE SÃO COSME E SÃO DAMIÃO,89,Persistencia taxa t-1,94.69093083295854
2025,2045,CP CREI - CENTRO DE RECUPERAÇÃO INFANTIL,63,Persistencia taxa t-1,48.724459554823326
2025,2046,CP ESPAÇO SANTA TEREZINHA - EST,207,Persistencia taxa t-1,260.1702274342453
2025,204601,CM TIA AMÁLIA,58,Persistencia taxa t-1,69.86903634276553
2025,204602,CM ARACY GUIMARÃES ROSA,587,Persistencia taxa t-1,607.6767502969475
2025,2047,CP GRUPO COMUNITÁRIO MORRO DA ALEGRIA,66,Persistencia taxa t-1,81.82031887508069
2025,2048,CP LAR CANTINHO FELIZ,212,Persistencia taxa t-1,296.0240750311908
2025,204804,EDI PROFESSORA SARITA KONDER,30,Persistencia taxa t-1,45.04714185257251
2025,204805,EDI CLAUDIO CAVALCANTI,188,Persistencia taxa t-1,170.0759437291003
2025,204806,EDI IRMA MARGARITA ALARCON,133,Persistencia taxa t-1,159.96332004791054
2025,2049,CP OBRA DO BERÇO,285,Persistencia taxa t-1,306.1366987123805
2025,2052,CP CRECHE CASA SANTA MARTA,137,Persistencia taxa t-1,162.72130832459865
2025,2053,CP CRECHE ESPERANÇA,184,Persistencia taxa t-1,221.5583915606117
2025,2054,CP UNIÃO DE MULHERES PRO-MELHORAMENTO DA ROUPA SUJA,78,Persistencia taxa t-1,91.93294255627043
2025,2055,CP CRECHE CASA DO POBRE DE NOSSA SENHORA DE COPACABANA,136,Persistencia taxa t-1,105.722883939711
2025,2056,CP CRECHE SANTA CLARA DE ASSIS NA PROVIDÊNCIA DE DEUS,70,Persistencia taxa t-1,94.69093083295854
2025,205601,CM IRMÃS BAPTISTA,425,Persistencia taxa t-1,516.6631371662398
2025,205602,CM TIA SONIA CRISPINIANO,181,Persistencia taxa t-1,230.7516858162388
2025,2057,CP CENTRO EDUCACIONAL ESPERANÇA,37,Persistencia taxa t-1,32.17652989469465
2025,2058,CP NASCEER - NÚCLEO DE ASSIST. SOCIAL CULTURAL EDUC. ECOLÓGICO DA ROCINHA,82,Persistencia taxa t-1,63.433730363826605
2025,205801,EDI DONA MARCELA,90,Persistencia taxa t-1,98.36824853520936
2025,2060,CP ASSOCIAÇÃO CENTRO EDUCACIONAL REBRAL - ROCINHA,138,Persistencia taxa t-1,79.06233059839256
2025,2061,CP CRECHE INSTITUTO MACINTYRE,60,Persistencia taxa t-1,79.98166002395527
2025,2062,CP CENTRO EDUCACIONAL ROUPA FELIZ,13,Persistencia taxa t-1,26.660553341318423
2025,2063,CP CRECHE ANJOS DO BEM,66,Persistencia taxa t-1,74.46568347057905
2025,206601,CM DOUTOR SOBRAL PINTO,74,Persistencia taxa t-1,33.095859320257354
2025,206602,CM VIDIGAL,139,Persistencia taxa t-1,168.23728487797487
2025,206603,CM JACÓ INÁCIO GOMES,88,Persistencia taxa t-1,111.23886049308722
2025,206605,CM DOUTOR PEDRO BLOCH,121,Persistencia taxa t-1,167.31795545241218
2025,206606,CM ELZA MACHADO DOS SANTOS - TIA ELZA,196,Persistencia taxa t-1,240.86430949742856
2025,208601,CM CASA BRANCA - PROFESSOR PAULO FREIRE,82,Persistencia taxa t-1,97.44891910964664
2025,208603,CM RAÍZES DO SALGUEIRO,85,Persistencia taxa t-1,79.06233059839256
2025,208604,CM TIA BELA,89,Persistencia taxa t-1,126.8674607276532
2025,208605,CM TIA MARIA,30,Persistencia taxa t-1,52.401777257074144
2025,208606,CM DOUTOR RONALDO LUIZ GAZOLLA,48,Persistencia taxa t-1,75.38501289614175
2025,208607,CM DOS SONHOS,57,Persistencia taxa t-1,61.5950715127012
2025,208608,CM DOUTOR SÉRGIO AROUCA,181,Persistencia taxa t-1,233.50967409292693
2025,208801,EDI IGOR MORAES DA SILVA,70,Persistencia taxa t-1,88.25562485401962
2025,208803,EDI BOREL,58,Persistencia taxa t-1,88.25562485401962
2025,209601,CM PIPA NO CÉU,101,Persistencia taxa t-1,112.15818991864992
2025,209602,CM CANTINHO DO CÉU,152,Persistencia taxa t-1,172.8339320057884
2025,209603,CM GALDINO MANOEL DA SILVA,46,Persistencia taxa t-1,38.61183587363358
2025,209604,CM NOVA DIVINÉIA,56,Persistencia taxa t-1,75.38501289614175
2025,209605,CM SÃO SEBASTIÃO - ARRELIA,75,Persistencia taxa t-1,99.28757796077208
2025,209606,CM WINNIE MANDELA,55,Persistencia taxa t-1,91.93294255627043
2025,209607,CM SOLANGE MARIA MAGALHÃES,71,Persistencia taxa t-1,118.59349589758888
2025,209608,CM GERMINAL DA VILA,124,Persistencia taxa t-1,141.57673153665647
2025,209609,CM PAPA JOÃO PAULO II,146,Persistencia taxa t-1,211.445767879422
2025,209610,CM FRANCISCO DE PAULA,92,Persistencia taxa t-1,112.15818991864992
2025,209803,EDI PROFESSORA SUELY DE PINHO CAVALCANTE,34,Persistencia taxa t-1,52.401777257074144
2025,209804,EDI PROFESSORA LUCIA MARIA QUITETE DE CARVALHO AMARAL,15,Persistencia taxa t-1,11.951282532315156
2025,227601,CM CASTELINHO,44,Persistencia taxa t-1,53.32110668263685
2025,227602,CM IACYRA FRAZÃO,15,Persistencia taxa t-1,20.22524736237949
2025,227801,EDI PROFESSORA EDIR CASEIRO RIBEIRO,347,Persistencia taxa t-1,372.32841735289526
2025,3001,CP ASSOCIAÇÃO PRESBITERIANA CUIDANDO DO AMANHÃ - APCA,161,Persistencia taxa t-1,182.94655568697812
2025,3002,CP ABRIGO MARIA IMACULADA,249,Persistencia taxa t-1,285.911451350001
2025,3003,CP CASA SÃO ROQUE,158,Persistencia taxa t-1,203.17180304935764
2025,3004,CP CENTRO COMUNITÁRIO NOSSA SENHORA APARECIDA - CRECHE,85,Persistencia taxa t-1,118.59349589758888
2025,3005,CP COLÉGIO RUTH SANT ANNA / JARDIM DE INFÂNCIA CIRANDA CIRANDINHA,94,Persistencia taxa t-1,158.12466119678513
2025,3006,CP CRECHE CASA VIVA,421,Persistencia taxa t-1,473.4546541647928
2025,3007,CP CRECHE CHAMEGUINHO,85,Persistencia taxa t-1,105.722883939711
2025,3008,CP CRECHE COMUNITÁRIA ELIANA SATURNINO BRAGA,105,Persistencia taxa t-1,100.20690738633476
2025,3009,CP CRECHE COMUNITÁRIA JOÃO FERREIRA,46,Persistencia taxa t-1,45.04714185257251
2025,3010,CP CRECHE ESCOLA COMUNITÁRIA MÃE SOCIAL,122,Persistencia taxa t-1,145.25404923890727
2025,3011,CP CRECHE DO CENTRO PASTORAL SOCIAL PADRE JUSTINO RUSSOLILLO,44,Persistencia taxa t-1,60.67574208713849
2025,3012,CP CRECHE MÃE DO DIVINO SALVADOR,328,Persistencia taxa t-1,350.2645111393903
2025,3013,CP CRECHE DO JACAREZINHO,179,Persistencia taxa t-1,198.5751559215441
2025,3014,CP CRECHE PLANTANDO O AMANHÃ,584,Persistencia taxa t-1,653.6432215750827
2025,3015,CP CRECHE MARIETTA NAVARRO GAIO,68,Persistencia taxa t-1,103.88422508858558
2025,3016,CP CRECHE SÃO PEDRO NOLASCO,80,Persistencia taxa t-1,89.17495427958231
2025,3017,CP CRECHE TERNURINHA,43,Persistencia taxa t-1,61.5950715127012
2025,3018,CP FRATERNIDADE ASSISTENCIAL CRISTÃ,42,Persistencia taxa t-1,49.643788980386034
2025,3019,CP INSTITUTO EDUCACIONAL CRESCENDO E APRENDENDO ALGODÃO DOCE,202,Persistencia taxa t-1,247.29961547636748
2025,3020,CP LAR DA CRIANÇA JESUS BOM PASTOR,118,Persistencia taxa t-1,123.1901430254024
2025,3021,CP CRECHE COMUNITÁRIA TIA ALICE,199,Persistencia taxa t-1,243.62229777411667
2025,3022,CP INSTITUTO AVANTE ELITE DO FUTURO,257,Persistencia taxa t-1,280.3954747966248
2025,3023,CP LAR DE MARIA DOLORES,49,Persistencia taxa t-1,46.88580070369792
2025,3024,CP CASA DE LEYLÁ,191,Persistencia taxa t-1,240.86430949742856
2025,3025,CP CENTRO CULTURAL EDUCAR - UNIDADE II,486,Persistencia taxa t-1,498.2765486549858
2025,3026,CP CHALÉ SEMENTINHA,504,Persistencia taxa t-1,519.421125442928
2025,3027,CP CENTRO CULTURAL EDUCAR - UNIDADE IV,239,Persistencia taxa t-1,289.58876905225185
2025,3028,CP ESTRELINHA DO MAR,299,Persistencia taxa t-1,327.28127550032275
2025,3029,CP CRECHE BRINCANDO COM JUNINHO,179,Persistencia taxa t-1,222.47772098617443
2025,3030,CP CRECHE TIO KITO,65,Persistencia taxa t-1,99.28757796077208
2025,3031,CP ESCOLA COMUNITÁRIA JARDIM ARCO-ÍRIS - UNIDADE I,110,Persistencia taxa t-1,139.73807268553105
2025,3032,CP NÚCLEO RECREATIVO RAIOZINHO DE SOL,188,Persistencia taxa t-1,214.2037561561101
2025,3033,CP INSTITUTO EDUCACIONAL T & P CONQUISTA,270,Persistencia taxa t-1,284.9921219244383
2025,3034,CP CRECHE RISCO E RABISCO,129,Persistencia taxa t-1,138.81874325996836
2025,3035,CP CENTRO EDUCACIONAL SÃO VICENTE DE PAULO,76,Persistencia taxa t-1,116.75483704646346
2025,3036,CP CENTRO CULTURAL EVOLUIR,178,Persistencia taxa t-1,192.1398499426052
2025,3037,CP CRECHE FRUTOS DO AMANHÃ I,447,Persistencia taxa t-1,574.5808909766902
2025,3038,CP CRECHE FRUTOS DO AMANHÃ II,210,Persistencia taxa t-1,262.92821571093344
2025,3039,CP CRECHE COMUNITÁRIA CÉU AZUL,101,Persistencia taxa t-1,83.65897772620609
2025,3040,CP ASSOCIAÇÃO CRESCENCIO UNIDADE II,100,Persistencia taxa t-1,158.12466119678513
2025,3041,CP CENTRO DE DESENVOLVIMENTO INFANTIL ESPELHO D'AGUA,124,Persistencia taxa t-1,119.51282532315156
2025,312502,CIEP PROCÓPIO FERREIRA,143,Persistencia taxa t-1,136.98008440884294
2025,312601,CM CANTINHO FELIZ,228,Persistencia taxa t-1,272.1215099665605
2025,312602,CM ENGENHO DA RAINHA,244,Persistencia taxa t-1,261.089556859808
2025,312603,CM RENASCER,248,Persistencia taxa t-1,281.3148042221875
2025,312801,EDI HENRIQUE FORÉIS,186,Persistencia taxa t-1,262.00888628537075
2025,312802,EDI LUCIA MARIA BATISTA DE ALBUQUERQUE,76,Persistencia taxa t-1,99.28757796077208
2025,312803,EDI PROFESSORA LUIZA HELENA MAIA MEDEIROS,70,Persistencia taxa t-1,124.1094724509651
2025,312804,EDI PROFESSORA TÂNIA MARTINS NOVO LENZ,129,Persistencia taxa t-1,156.28600234565974
2025,312805,EDI TANIA CRISTINA MOREIRA,273,Persistencia taxa t-1,360.37713482058007
2025,312806,EDI PROFESSORA ELIANE MONTE CHIARI DANTAS,189,Persistencia taxa t-1,271.20218054099774
2025,312809,EDI PROFESSORA VALÉRIA PEREIRA DE SOUZA PINTO,161,Persistencia taxa t-1,233.50967409292693
2025,312810,EDI MARIA MAZZETTI,55,Persistencia taxa t-1,84.5783071517688
2025,312812,EDI HERMENEGILDO DE BARROS,152,Persistencia taxa t-1,155.36667292009702
2025,312813,EDI JORNALISTA JORGE BASTOS MORENO,217,Persistencia taxa t-1,276.718157094374
2025,313601,CM VILA DOS MINEIROS,102,Persistencia taxa t-1,131.46410785546672
2025,313602,CM ACONCHEGO,76,Persistencia taxa t-1,76.30434232170445
2025,313603,CM SYLVIA ORTHOF,147,Persistencia taxa t-1,205.01046190048305
2025,313604,CM NOSSO CANTINHO,111,Persistencia taxa t-1,162.72130832459865
2025,313606,CM CANTINHO DO QUETO,73,Persistencia taxa t-1,111.23886049308722
2025,313607,CM ODETINHA VIDAL DE OLIVEIRA,133,Persistencia taxa t-1,240.86430949742856
2025,313608,CM RACHEL LEITE DIAS,322,Persistencia taxa t-1,395.3116529919628
2025,313609,CM RECANTO DA CACHOEIRA,128,Persistencia taxa t-1,144.33471981334458
2025,313610,CM EMMANUEL,134,Persistencia taxa t-1,185.70454396366625
2025,313611,CM JOSÉ RAMOS JANUÁRIO - ZÉ PRETINHO,133,Persistencia taxa t-1,198.5751559215441
2025,313612,CM MARCILIA CATARINA DA COSTA ORGÉLIO - TIA MANA,218,Persistencia taxa t-1,285.911451350001
2025,313801,EDI PROF. JOSÉ LIBONATI FILHO,101,Persistencia taxa t-1,116.75483704646346
2025,313802,EDI ANÍSIO TEIXEIRA,316,Persistencia taxa t-1,342.9098757348887
2025,313804,EDI GEORGE BERNANOS,84,Persistencia taxa t-1,124.1094724509651
2025,313805,EDI MAURÍCIO CARDOSO,160,Persistencia taxa t-1,213.2844267305474
2025,313806,EDI EDUCANDÁRIO DE SANTA CRUZ,28,Persistencia taxa t-1,31.25720046913195
2025,313809,EDI ESCULTORA LYGIA CLARK,123,Persistencia taxa t-1,114.91617819533803
2025,328601,CM GERALDA DE JESUS ALEIXO,105,Persistencia taxa t-1,116.75483704646346
2025,328602,CM TIA ANDREZA,214,Persistencia taxa t-1,278.5568159454994
2025,328604,CM DA COMUNIDADE DO JACAREZINHO,201,Persistencia taxa t-1,277.6374865199367
2025,328801,EDI PADRE NELSON CARLOS DEL MÔNACO,288,Persistencia taxa t-1,311.6526752657567
2025,329801,EDI DONA LINDU,323,Persistencia taxa t-1,373.247746778458
2025,330601,CM JOSÉ DE VIEIRA DA SILVA,220,Persistencia taxa t-1,255.5735803064318
2025,330602,CM NOVA BRASÍLIA,258,Persistencia taxa t-1,313.4913341168822
2025,4001,CP CENTRO EDUCACIONAL APRENDIZ DA MARÉ,178,Persistencia taxa t-1,227.99369753955068
2025,4002,CP INSTITUTO EDUCACIONAL LUIZ ANTONIO - IELA,114,Persistencia taxa t-1,159.96332004791054
2025,4003,CP ASSOCIAÇÃO CIVIL CENTRO EDUCACIONAL COMUNITÁRIO ESTAÇÃO DO SABER,100,Persistencia taxa t-1,145.25404923890727
2025,4004,CP CRECHE DO CENTRO COMUNITÁRIO DA VILA PROLETÁRIA DA PENHA,108,Persistencia taxa t-1,108.4808722163991
2025,4005,CP CASA DE JOEL,193,Persistencia taxa t-1,202.2524736237949
2025,4006,CP COMUNIDADE INSTITUCIONAL ADULÃO TEMPO FELIZ,92,Persistencia taxa t-1,102.96489566302289
2025,4007,CP CRECHE CASULO BOM JESUS DA PENHA,80,Persistencia taxa t-1,129.6254490043413
2025,4008,CP CRECHE COMUNITÁRIA CASULO DO PARQUE PROLETÁRIO DA PENHA,65,Persistencia taxa t-1,51.48244783151144
2025,4009,CP CRECHE COMUNITÁRIA DE MANGUINHOS,59,Persistencia taxa t-1,69.86903634276553
2025,4010,CP CRECHE COMUNITÁRIA SAGRADO CORAÇÃO DE MARIA,114,Persistencia taxa t-1,106.6422133652737
2025,4011,CP CRECHE E PRÉ-ESCOLA NOVA JERUSALÉM,71,Persistencia taxa t-1,99.28757796077208
2025,4012,CP CRECHE ESCOLA MIMI I,200,Persistencia taxa t-1,262.92821571093344
2025,4013,CP RECANTO DA CRIANÇA FELIZ,87,Persistencia taxa t-1,101.12623681189748
2025,4014,CP CRECHE SAGRADO CORAÇÃO DE MARIA E SANTO ANTÔNIO,109,Persistencia taxa t-1,89.17495427958231
2025,4015,CP ESPAÇO DE EDUCAÇÃO INFANTIL VILA DO JOÃO,325,Persistencia taxa t-1,219.71973270948632
2025,4016,CP CRECHE LAR IRMÃO FRANCISCO,182,Persistencia taxa t-1,153.52801406897163
2025,4017,CP ASSOCIAÇÃO CENTRO EDUCACIONAL REBRAL I,144,Persistencia taxa t-1,182.94655568697812
2025,4018,CP SOCIEDADE DE ENSINO TEREZA CRISTINA,149,Persistencia taxa t-1,174.6725908569138
2025,4020,CP CENTRO CULTURAL EDUCAR,77,Persistencia taxa t-1,113.99684876977534
2025,4021,CP ASSOCIAÇÃO CENTRO EDUCACIONAL REBRAL II,184,Persistencia taxa t-1,204.0911324749204
2025,4022,CP CRECHE VALE DO SOL NO GROTÃO,306,Persistencia taxa t-1,300.6207221590043
2025,4023,CP CENTRO CULTURAL EDUCAR - UNIDADE III,106,Persistencia taxa t-1,195.81716764485603
2025,4024,CP CRECHE VALE DO SOL,358,Persistencia taxa t-1,423.8108651844067
2025,4025,CP CRECHE E PRÉ-ESCOLA NOVA JERUSALÉM NO CORDOVIL,189,Persistencia taxa t-1,239.94498007186584
2025,4026,CP CRECHE ESCOLA PATINHO ESTUDIOSO,40,Persistencia taxa t-1,51.48244783151144
2025,4027,CP ASSOCIAÇÃO CENTRO EDUCACIONAL REBRAL IV,392,Persistencia taxa t-1,425.64952403553207
2025,4028,CP CRECHE TIA NANE I,92,Persistencia taxa t-1,116.75483704646346
2025,4029,CP SOLZINHO,290,Persistencia taxa t-1,329.11993435144814
2025,4030,CP CRECHE VALE DO SOL II,327,Persistencia taxa t-1,320.8459695213838
2025,4032,CP ASSOCIAÇÃO CENTRO EDUCACIONAL REBRAL V,377,Persistencia taxa t-1,449.5520891001624
2025,4034,CP CASA DE JOEL II,341,Persistencia taxa t-1,406.34360609871527
2025,4035,CP INSTITUTO DE EDUCAÇÃO EUCLIDES DOS SANTOS,178,Persistencia taxa t-1,247.29961547636748
2025,4036,CP CRECHE GIZ COLORIDO,93,Persistencia taxa t-1,151.6893552178462
2025,4037,CP CRECHE ESCOLA MIMI II,92,Persistencia taxa t-1,99.28757796077208
2025,4038,CP ASSOCIAÇÃO CENTRO EDUCACIONAL REBRAL VIII,227,Persistencia taxa t-1,297.8627338823162
2025,4039,CP ASSOCIAÇÃO CENTRO EDUCACIONAL REBRAL IX,89,Persistencia taxa t-1,94.69093083295854
2025,4040,CP ASSOCIAÇÃO CENTRO EDUCACIONAL REBRAL X,503,Persistencia taxa t-1,285.911451350001
2025,4041,CP CRECHE ESCOLA OTACÍLIO BATISTA,105,Persistencia taxa t-1,97.44891910964664
2025,4042,CP CENTRO CULTURAL PEDACINHO DO CÉU,167,Persistencia taxa t-1,208.68777960273388
2025,4043,CP ASSOCIAÇÃO COMUNITÁRIA EDUCACIONAL FLORESCER,104,Persistencia taxa t-1,122.27081359983968
2025,4044,CP CRECHE HOUSE BABY - BONSUCESSO,186,Persistencia taxa t-1,220.63906213504904
2025,4045,CP CRECHE CRIANÇA FELIZ EM LUCAS,112,Persistencia taxa t-1,142.49606096221916
2025,4046,CP CRECHE TIA NANE III,84,Persistencia taxa t-1,113.07751934421265
2025,4047,CP CRECHE VALE DO SOL III,305,Persistencia taxa t-1,326.36194607476
2025,4048,CP INSTITUTO DE EDUCAÇÃO EUCLIDES DOS SANTOS II,117,Persistencia taxa t-1,200.41381477266955
2025,4049,CP INSTITUTO JOSEFA LAURENTINO,91,Persistencia taxa t-1,209.60710902829655
2025,4050,CP CENTRO EDUCACIONAL CARIOQUINHA,112,Persistencia taxa t-1,147.0927080900327
2025,410601,CM MANGUINHOS,62,Persistencia taxa t-1,56.07909495932496
2025,410602,CM DR. JUVENIL DE SOUZA LOPES,27,Persistencia taxa t-1,14.70927080900327
2025,410603,CM CHICO BENTO,143,Persistencia taxa t-1,349.3451817138276
2025,410801,EDI DOUTOR DOMINGOS ARTHUR MACHADO FILHO,452,Persistencia taxa t-1,425.64952403553207
2025,410802,EDI DOUTOR ANTÔNIO FERNANDES FIGUEIRA,187,Persistencia taxa t-1,141.57673153665647
2025,410803,EDI JOAQUIM VENÂNCIO,68,Persistencia taxa t-1,65.272389214952
2025,410804,EDI SARGENTO JORGE FALEIRO SOUZA,22,Persistencia taxa t-1,18.38658851125409
2025,410805,EDI COMPOSITOR NEOCI DIAS DE ANDRADE,150,Persistencia taxa t-1,137.89941383440564
2025,410807,EDI PROFESSORA TANIA DA ROCHA CORREA,132,Persistencia taxa t-1,154.44734349453432
2025,410808,EDI ALMIR LEITE RIBEIRO,158,Persistencia taxa t-1,206.84912075160847
2025,410810,EDI MIGUEL COUTO,42,Persistencia taxa t-1,44.12781242700981
2025,411601,CM CARLOS DRUMMOND DE ANDRADE,138,Persistencia taxa t-1,232.5903446673642
2025,411602,CM TEMPO DE APRENDER,94,Persistencia taxa t-1,109.4002016419618
2025,411603,CM MORRO DA PAZ,108,Persistencia taxa t-1,131.46410785546672
2025,411604,CM BETINHO,11,Persistencia taxa t-1,32.17652989469465
2025,411605,CM CARACOL,101,Persistencia taxa t-1,139.73807268553105
2025,411607,CM MARIA ALTAMIRA C. OLEGÁRIO,5,Persistencia taxa t-1,9.193294255627045
2025,411609,CM TIA RUTH COSTA DOS SANTOS,31,Persistencia taxa t-1,19.30591793681679
2025,411801,EDI MARIANA ROCHA DE SOUZA,208,Persistencia taxa t-1,284.9921219244383
2025,411802,EDI JOEL LUIZ DE AZEVEDO BASTOS,51,Persistencia taxa t-1,105.722883939711
2025,411803,EDI MARIA DE LOURDES FERREIRA,96,Persistencia taxa t-1,147.0927080900327
2025,411804,EDI MORRO DA FÉ,4,Persistencia taxa t-1,32.17652989469465
2025,430601,CM MENINO MALUQUINHO,115,Persistencia taxa t-1,305.2173692868178
2025,430602,CM VILA PINHEIRO,377,Persistencia taxa t-1,400.8276295453391
2025,430603,CM TIO MÁRIO,439,Persistencia taxa t-1,472.5353247392301
2025,430604,CM MONTEIRO LOBATO,69,Persistencia taxa t-1,103.88422508858558
2025,430605,CM NOVA HOLANDA,73,Persistencia taxa t-1,127.7867901532159
2025,430607,CM PROFESSOR PAULO FREIRE,78,Persistencia taxa t-1,87.3362954284569
2025,430801,"EDI PESCADOR ISIDORO DUARTE - ""DORO""",176,Persistencia taxa t-1,201.33314419823225
2025,430802,EDI PROFESSORA KELITA FARIA DE PAULA,87,Persistencia taxa t-1,241.7836389229913
2025,430803,EDI PROFESSOR MOACYR DE GÓES,60,Persistencia taxa t-1,167.31795545241218
2025,430805,EDI PROFESSORA SOLANGE CONCEIÇÃO TRICARICO,178,Persistencia taxa t-1,199.49448534710683
2025,430806,EDI CLEIA SANTOS DE OLIVEIRA,74,Persistencia taxa t-1,205.01046190048305
2025,430807,EDI MARIA AMÉLIA CASTRO E SILVA BELFORT,161,Persistencia taxa t-1,174.6725908569138
2025,430809,EDI MEDALHISTA OLÍMPICO LUIZ FELIPE MARQUES FONTELES,406,Persistencia taxa t-1,397.1503118430883
2025,430810,EDI MEDALHISTA OLÍMPICO EVANDRO MOTTA MARCONDES GUERRA,402,Persistencia taxa t-1,406.34360609871527
2025,430811,EDI MEDALHISTA OLÍMPICO WILLIAM PEIXOTO ARJONA,387,Persistencia taxa t-1,389.7956764385866
2025,430812,EDI MEDALHISTA OLÍMPICO EDER FRANCIS CARBONERA,204,Persistencia taxa t-1,215.1230855816728
2025,430813,EDI ARMANDO DE SALLES OLIVEIRA,82,Persistencia taxa t-1,95.61026025852124
2025,430815,EDI PESCADOR ALBANO ROSA,340,Persistencia taxa t-1,330.9585932025735
2025,431601,CM LUÍS CARLOS DE OLIVEIRA CÂMARA,23,Persistencia taxa t-1,12.87061195787786
2025,431602,CM BARBOSA LIMA SOBRINHO,289,Persistencia taxa t-1,299.7013927334416
2025,431603,CM CHICO MENDES,104,Persistencia taxa t-1,130.544778429904
2025,431604,CM CORAÇÃO DE GENEVE,109,Persistencia taxa t-1,137.89941383440564
2025,431605,CM SEMPRE VIDA DIQUE,306,Persistencia taxa t-1,315.3299929680076
2025,431606,CM VISCONDE DE SABUGOSA,61,Persistencia taxa t-1,73.54635404501634
2025,431607,CM ACAUÃ,32,Persistencia taxa t-1,49.643788980386034
2025,431608,CM ARI PIMENTEL,8,Persistencia taxa t-1,4.5966471278135215
2025,431801,EDI CARVALHO MOURÃO,26,Persistencia taxa t-1,27.579882766881127
2025,431802,EDI PROFESSOR CARLOS FALSETH,158,Persistencia taxa t-1,195.81716764485603
2025,431803,EDI PROFESSOR EMMANUEL PEREIRA FILHO,31,Persistencia taxa t-1,27.579882766881127
2025,5001,CP ASSOCIAÇÃO AMIGOS DA CRIANÇA - CRECHE ROCHA MIRANDA,490,Persistencia taxa t-1,619.6280328292627
2025,5002,CP CRECHE EFFATÁ,116,Persistencia taxa t-1,127.7867901532159
2025,5003,CP CRECHE PINTINHO DOURADO,175,Persistencia taxa t-1,181.1078968358528
2025,5004,CP CRECHE CASULO SÃO RAFAEL ARCANJO,72,Persistencia taxa t-1,90.09428370514502
2025,5005,CP CRECHE APÓSTOLO SÃO PEDRO,147,Persistencia taxa t-1,178.34990855916462
2025,5006,CP CRECHE CARDEAL CÂMARA,470,Persistencia taxa t-1,516.6631371662398
2025,5007,CP CENTRO COMUNITÁRIO FLOR DO AMANHÃ,75,Persistencia taxa t-1,105.722883939711
2025,5008,CP ASSOCIAÇÃO HOUSE BABY - VILA KOSMOS,223,Persistencia taxa t-1,239.94498007186584
2025,5009,CP ASSOCIAÇÃO CRECHE ESPERANÇA - IRAJÁ,249,Persistencia taxa t-1,355.78048769276654
2025,5010,CP ASSOCIAÇÃO CENTRO EDUCACIONAL REBRAL VII,641,Persistencia taxa t-1,486.3252661226706
2025,5012,CP ASSOCIAÇÃO CENTRO EDUCACIONAL REBRAL XI,351,Persistencia taxa t-1,422.891535758844
2025,5013,CP CENTRO EDUCACIONAL SOMAR,281,Persistencia taxa t-1,341.990546309326
2025,5014,CP AEMMAC - MARECHAL HERMES,407,Persistencia taxa t-1,411.8595826520916
2025,5015,CP AEMMAC - ROCHA MIRANDA,578,Persistencia taxa t-1,595.7254677646324
2025,5016,CP ASSOCIAÇÃO EDUCACIONAL E CULTURAL SÃO BERNARDO - CSB,338,Persistencia taxa t-1,406.34360609871527
2025,514009,EM MATO GROSSO,64,Persistencia taxa t-1,63.433730363826605
2025,514501,CIEP DOM OSCAR ROMERO,46,Persistencia taxa t-1,38.61183587363358
2025,514601,CM TIO SEBASTIÃO XAVIER,72,Persistencia taxa t-1,110.31953106752452
2025,514602,CM JECIÁ DE FREITAS FERREIRA,470,Persistencia taxa t-1,531.372407975243
2025,514603,CM AMÁLIA FERNANDEZ CONDE,110,Persistencia taxa t-1,150.7700257922835
2025,514604,CM ESTRELINHA DOURADA,80,Persistencia taxa t-1,119.51282532315156
2025,514605,CM O SONHO DE RAMON PASCUAL,149,Persistencia taxa t-1,178.34990855916462
2025,514606,CM ACALANTO,112,Persistencia taxa t-1,139.73807268553105
2025,514607,CM SEMENTINHA,104,Persistencia taxa t-1,146.17337866447
2025,514608,CM JOSEPH BARBERA,158,Persistencia taxa t-1,197.65582649598144
2025,514609,CM PARQUE BOM MENINO,287,Persistencia taxa t-1,320.8459695213838
2025,514801,EDI DEPUTADO PEDRO FERNANDES,123,Persistencia taxa t-1,176.51124970803923
2025,514802,EDI LUXEMBURGO,81,Persistencia taxa t-1,92.85227198183313
2025,514803,EDI JOSÉ ALPOIM,58,Persistencia taxa t-1,52.401777257074144
2025,515015,EM PADRE DEHON,80,Persistencia taxa t-1,95.61026025852124
2025,515021,EM MOZART LAGO,71,Persistencia taxa t-1,80.90098944951798
2025,515046,EM ADELMAR TAVARES,55,Persistencia taxa t-1,65.272389214952
2025,515053,EM SENADOR FRANCISCO GALLOTTI,34,Persistencia taxa t-1,56.99842438488767
2025,515064,EM MESTRE DARCY DO JONGO,24,Persistencia taxa t-1,19.30591793681679
2025,515501,CIEP AUGUSTO PINHEIRO DE CARVALHO,76,Persistencia taxa t-1,73.54635404501634
2025,515503,CIEP METALÚRGICO BENEDITO CERQUEIRA,47,Persistencia taxa t-1,63.433730363826605
2025,515601,CM OLGA BENÁRIO,102,Persistencia taxa t-1,93.77160140739583
2025,515602,CM SÃO MIGUEL ARCANJO,339,Persistencia taxa t-1,458.7453833557895
2025,515604,CM GERCINDA ROSA FONSECA,222,Persistencia taxa t-1,278.5568159454994
2025,515605,CM JOSÉ RAIMUNDO DE SOUZA ALVES,244,Persistencia taxa t-1,264.76687456205883
2025,515606,CM JOSUÉ DE CASTRO,153,Persistencia taxa t-1,173.75326143135112
2025,515607,CM MANÉ GARRINCHA I,299,Persistencia taxa t-1,300.6207221590043
2025,515608,CM MARIA JOSÉ DE PAULA DE JESUS,128,Persistencia taxa t-1,167.31795545241218
2025,515610,CM SEMPRE VIDA PALMEIRINHA,69,Persistencia taxa t-1,91.93294255627043
2025,515611,CM VOVÓ MARIA JOANA,169,Persistencia taxa t-1,201.33314419823225
2025,515612,CM TIA MARIA DO JONGO,150,Persistencia taxa t-1,191.2205205170425
2025,515613,CM MANOEL DA ROCHA APRISCO,189,Persistencia taxa t-1,259.2508980086826
2025,515801,EDI KARINE LORRAINE CHAGAS DE OLIVEIRA,433,Persistencia taxa t-1,431.1655005889083
2025,515802,EDI GUSTAVO LESSA,96,Persistencia taxa t-1,71.70769519389093
2025,515803,EDI PIO XII,89,Persistencia taxa t-1,81.82031887508069
2025,515804,EDI FERNÃO DIAS,85,Persistencia taxa t-1,89.17495427958231
2025,515805,EDI ROCHA POMBO,45,Persistencia taxa t-1,68.94970691720282
2025,515807,EDI BURITI CONGONHAS,102,Persistencia taxa t-1,124.1094724509651
2025,515808,EDI GUARACIARA RODRIGUES DINIZ,95,Persistencia taxa t-1,118.59349589758888
2025,515809,EDI PROFESSOR UBIRAJARA DE PAULA CASTRO,305,Persistencia taxa t-1,376.005735055146
2025,515810,EDI PROFESSORA TEREZINHA SARDOUX HENRIQUES,195,Persistencia taxa t-1,226.1550386884253
2025,6001,CP ESCOLA PATRONATO NOSSA SENHORA DE NAZARÉ,295,Persistencia taxa t-1,307.97535756350595
2025,6002,CP CRECHE GUADALUPE,197,Persistencia taxa t-1,221.5583915606117
2025,6003,CP CRECHE NOSSO LAR,416,Persistencia taxa t-1,465.1806893347284
2025,6004,CP CENTRO COMUNITÁRIO PARQUE UNIDOS DE ACARI,91,Persistencia taxa t-1,94.69093083295854
2025,6005,CP CRECHE DON GUANELLA,132,Persistencia taxa t-1,148.01203751559538
2025,6006,CP CRECHE ESCOLA COMUNITÁRIA TIO PATINHAS,161,Persistencia taxa t-1,185.70454396366625
2025,6007,CP CRECHE ABRINDO PORTAS,131,Persistencia taxa t-1,148.9313669411581
2025,6009,CP CENTRO EDUCACIONAL NOSSA SENHORA APARECIDA,315,Persistencia taxa t-1,295.10474560562807
2025,6012,CP ASSOCIAÇÃO CRESCÊNCIO,221,Persistencia taxa t-1,255.5735803064318
2025,6013,CP CRECHE COMUNITÁRIA AQUARELA,279,Persistencia taxa t-1,276.718157094374
2025,6015,CP AEMMAC - PAVUNA,356,Persistencia taxa t-1,334.6359109048244
2025,6016,CP CRECHE NOSSO LAR II,368,Persistencia taxa t-1,401.7469589709018
2025,6017,CP CRECHE JOÃO E MARIA,271,Persistencia taxa t-1,229.8323563906761
2025,6018,CP ASSOCIAÇÃO CRECHE ESPERANÇA - COELHO NETO,181,Persistencia taxa t-1,255.5735803064318
2025,622202,CIEP GENERAL AUGUSTO CESAR SANDINO,179,Persistencia taxa t-1,170.0759437291003
2025,622601,CM JOSÉ GOULART,216,Persistencia taxa t-1,269.3635216898724
2025,622602,CM SILVIO AMANCIO,176,Persistencia taxa t-1,185.70454396366625
2025,622603,CM YARA AMARAL,239,Persistencia taxa t-1,299.7013927334416
2025,622801,EDI ERNANI CARDOSO,244,Persistencia taxa t-1,253.7349214553064
2025,622802,EDI PROFESSORA MILTOLINA DA SILVA,50,Persistencia taxa t-1,54.24043610819955
2025,622804,EDI MEDALHISTA PARALÍMPICO DANIEL MARTINS,302,Persistencia taxa t-1,324.5232872236346
2025,622805,EDI MEDALHISTA OLÍMPICO MAURÍCIO LUIZ DE SOUZA,155,Persistencia taxa t-1,236.26766236961504
2025,622810,EDI ANTÔNIO FRANCISCO LISBOA,61,Persistencia taxa t-1,50.563118405948735
2025,625601,CM OS SABIDINHOS,160,Persistencia taxa t-1,182.02722626141545
2025,625602,CM PROFESSORA JUREMA GOMES SAMPAIO DELFIM,193,Persistencia taxa t-1,214.2037561561101
2025,625603,CM DR. ALBERT SABIN,136,Persistencia taxa t-1,172.8339320057884
2025,625604,CM HERBERT DE SOUZA - BETINHO,332,Persistencia taxa t-1,330.9585932025735
2025,625605,CM LUÍS CARLOS PRESTES,253,Persistencia taxa t-1,268.44419226430966
2025,625606,CM LUÍS DE SOUZA DA COSTA BARROS,328,Persistencia taxa t-1,376.9250644807088
2025,625607,CM LUIZA DE BARROS DE SÁ FREIRE,382,Persistencia taxa t-1,415.5369003543423
2025,625608,CM MAJOR CELESTINO R. DOS SANTOS,184,Persistencia taxa t-1,193.9785087937306
2025,625609,CM SÔNIA MARIA DE M. ANGEL JONES,103,Persistencia taxa t-1,155.36667292009702
2025,625610,CM ZUZU ANGEL,110,Persistencia taxa t-1,111.23886049308722
2025,625611,CM ZILKA SALABERRY,407,Persistencia taxa t-1,516.6631371662398
2025,625612,CM YEDDA MARQUES LAMOUNIER DE ANDRADE MACIEL,484,Persistencia taxa t-1,584.69351465788
2025,625614,CM SIMONE DE BEAUVOIR,291,Persistencia taxa t-1,331.8779226281363
2025,625615,CM EDNA LOTTE,408,Persistencia taxa t-1,461.5033716324776
2025,625616,CM PROFESSOR ROGÉRIO PEDRO BATISTA,97,Persistencia taxa t-1,101.12623681189748
2025,625801,EDI PROFESSORA ROSENICE ROCHA ROQUE,131,Persistencia taxa t-1,164.55996717572407
2025,625802,EDI WESLEY GUILBER RODRIGUES DE ANDRADE,325,Persistencia taxa t-1,343.8292051604514
2025,625803,EDI PROFESSORA BEATRIZ DE SOUZA MADEIRA,219,Persistencia taxa t-1,260.1702274342453
2025,625804,EDI PROFESSORA HELIA LÚCIA MORENO FERREIRA,270,Persistencia taxa t-1,290.50809847781454
2025,625807,EDI FROTA PESSOA,49,Persistencia taxa t-1,77.22367174726716
2025,625813,EDI PROFESSORA GRACÍLIA ROSA DE BELÉM MAYOR,22,Persistencia taxa t-1,32.17652989469465
2025,625814,EDI PROFESSORA ROSEANE VASCONCELOS,103,Persistencia taxa t-1,143.41539038778183
2025,625815,EDI PROFESSORA KRISTINA ROMOLO KIFFER,165,Persistencia taxa t-1,220.63906213504904
2025,625816,EDI PROFESSORA REGINA CELI RABELO DE ALMEIDA,243,Persistencia taxa t-1,271.20218054099774
2025,625817,EDI PROFESSORA DANIELE SIMÕES DE SOUZA LOPES,242,Persistencia taxa t-1,287.75011020112646
2025,625818,EDI MARIA EUGENIA CANELHAS,230,Persistencia taxa t-1,243.62229777411667
2025,625819,EDI MARIZA ALVES PIMENTA,253,Persistencia taxa t-1,320.8459695213838
2025,625820,EDI BETH CARVALHO,272,Persistencia taxa t-1,326.36194607476
2025,7001,CP CRECHE NOVO PALMARES,219,Persistencia taxa t-1,251.896262604181
2025,7002,CP CRECHE CANTINHO FELIZ,220,Persistencia taxa t-1,278.5568159454994
2025,7003,CP CRECHE ESCOLA MÃE ASTÉRIA,658,Persistencia taxa t-1,662.8365158307098
2025,7004,CP CASA EMILIEN LACAY,201,Persistencia taxa t-1,258.3315685831199
2025,7007,CP SEMENTE DE AMOR,170,Persistencia taxa t-1,208.68777960273388
2025,7008,CP CRECHE SÃO PAULO APÓSTOLO,138,Persistencia taxa t-1,169.1566143035376
2025,7010,CP CRECHE NOVA ESPERANÇA,88,Persistencia taxa t-1,136.98008440884294
2025,7011,CP CRECHE RITA ALEXANDRINA FERREIRA,117,Persistencia taxa t-1,144.33471981334458
2025,7013,CP ESPAÇO DE EDUCAÇÃO INFANTIL CIDADE DE DEUS,673,Persistencia taxa t-1,660.9978569795844
2025,7014,CP CENTRO INTEGRADO SÃO JOSÉ,712,Persistencia taxa t-1,691.3357280231536
2025,7015,CP CRECHE CANTINHO FELIZ II,323,Persistencia taxa t-1,325.4426166491973
2025,7017,CP CRECHE RAIMUNDA NONATA DA SILVA,90,Persistencia taxa t-1,126.8674607276532
2025,7018,CP CRECHE SANT ANA IRMÃ ANCILA,150,Persistencia taxa t-1,200.41381477266955
2025,7019,CP JARDIM ESCOLA TURMINHA DA ARCA - JETA,291,Persistencia taxa t-1,273.0408393921232
2025,7020,CP JARDIM ESCOLA CRESCENDO E APRENDENDO,260,Persistencia taxa t-1,365.8931113739563
2025,7025,CP INSTITUTO CONSUELO PINHEIRO,177,Persistencia taxa t-1,207.7684501771712
2025,7027,CP CRECHE MUNDO MÁGICO I,207,Persistencia taxa t-1,324.5232872236346
2025,7034,CP INSTITUTO EDUCACIONAL DIVA ALVES,349,Persistencia taxa t-1,296.9434044567535
2025,7035,CP AEMMAC - ANIL,274,Persistencia taxa t-1,250.0576037530556
2025,7036,CP CAAD UNIVERSO ENCANTADO,427,Persistencia taxa t-1,492.7605721016096
2025,7037,CP CAAD UNIVERSO DA CRIANÇA,483,Persistencia taxa t-1,535.0497256774939
2025,7038,CP CAAD UNIVERSO DAS FLORES,541,Persistencia taxa t-1,479.8899601437317
2025,7039,CP CRECHE JARDIM CLARICE,217,Persistencia taxa t-1,296.9434044567535
2025,7040,CP CRECHE VALE DO SOL PRAÇA SECA,887,Persistencia taxa t-1,796.1392825373019
2025,7041,CP CRECHE VALE DO SOL TAQUARA,531,Persistencia taxa t-1,488.163924973796
2025,7042,CP INSTITUTO EDUCACIONAL DIVA ALVES II,717,Persistencia taxa t-1,767.640070344858
2025,7043,CP ESPAÇO DE EDUCAÇÃO INFANTIL PEQUENO APRENDIZ,286,Persistencia taxa t-1,246.3802860508048
2025,7044,CP CRECHE AMOR DE MÃE,512,Persistencia taxa t-1,364.9737819483936
2025,7045,CP JARDIM ESCOLA TURMINHA DA ARCA - JETA II,177,Persistencia taxa t-1,205.92979132604577
2025,716601,CM OTÁVIO HENRIQUE DE OLIVEIRA,892,Persistencia taxa t-1,1034.2456037580423
2025,716602,CM TIA TEREZA,121,Persistencia taxa t-1,154.44734349453432
2025,716603,CM CRIANÇA DO FUTURO,714,Persistencia taxa t-1,788.7846471328003
2025,716604,CM GERMINIO DE SOUZA ESTRELA,198,Persistencia taxa t-1,240.86430949742856
2025,716605,CM SEMPRE VIDA NISE DA SILVEIRA,384,Persistencia taxa t-1,379.68305275739687
2025,716606,CM AMIGUINHOS DA VILA SAPÊ,461,Persistencia taxa t-1,498.2765486549858
2025,716607,CM EMÍLIA JOANA DA FONSECA MARQUES,322,Persistencia taxa t-1,351.183840564953
2025,716608,CM IRMÃ DULCE,276,Persistencia taxa t-1,303.3787104356924
2025,716609,CM RIO NOVO - RIO DAS FLORES,1217,Persistencia taxa t-1,1469.0884220492014
2025,716610,CM TIA MALU,250,Persistencia taxa t-1,341.07121688376327
2025,716611,CM VITORINO FREIRE,241,Persistencia taxa t-1,234.4290035184896
2025,716612,CM TIA AUTA,150,Persistencia taxa t-1,162.72130832459865
2025,716613,CM MARIA DA CONCEIÇÃO SILVEIRA DE CARVALHO,555,Persistencia taxa t-1,772.2367174726716
2025,716614,CM AUGUSTO DE CARVALHO TORRES FILHO,602,Persistencia taxa t-1,672.9491395118995
2025,716801,EDI DOUTORA ZILDA ARNS,285,Persistencia taxa t-1,396.2309824175255
2025,716802,EDI ARTHUR BISPO DO ROSÁRIO,213,Persistencia taxa t-1,298.7820633078789
2025,716803,EDI COMPOSITOR ROBERTO RIBEIRO,323,Persistencia taxa t-1,465.1806893347284
2025,716804,EDI RODRIGO LOPES (TIKINHO),148,Persistencia taxa t-1,183.86588511254087
2025,716805,EDI ANNA MARIA NIEMEYER,451,Persistencia taxa t-1,501.0345369316738
2025,716806,EDI PROFESSORA EDILIA COELHO GARCIA,256,Persistencia taxa t-1,285.911451350001
2025,716807,EDI LEILA DINIZ,729,Persistencia taxa t-1,404.5049472475899
2025,716808,EDI PROFESSORA MARIA BERENICE PARENTE,394,Persistencia taxa t-1,532.2917374008058
2025,716809,EDI PROFESSOR ROBERTO LUIZ PEREIRA,243,Persistencia taxa t-1,254.6542508808691
2025,716813,EDI PROFESSORA KENIA MENDES DOS SANTOS,260,Persistencia taxa t-1,364.0544525228309
2025,716814,EDI PROFESSORA EMILIA MARIA VIEIRA DE OLIVEIRA,818,Persistencia taxa t-1,452.3100773768505
2025,716815,EDI EVARISTO DA VEIGA,207,Persistencia taxa t-1,219.71973270948632
2025,716816,EDI DEBRET,240,Persistencia taxa t-1,242.70296834855395
2025,716818,EDI PROFESSORA CLÁUDIA PIRES CONTINO DA SILVA,674,Persistencia taxa t-1,879.798260263508
2025,716819,EDI PROFESSORA NORMA ANDRADE NOGUEIRA,571,Persistencia taxa t-1,786.0266588561121
2025,716820,EDI MEDALHISTA OLÍMPICA ÁGATHA BEDNARCZUK RIPPEL,606,Persistencia taxa t-1,720.7542696411601
2025,716821,EDI MEDALHISTA PARALÍMPICO FELIPE DE SOUZA GOMES,509,Persistencia taxa t-1,623.3053505315135
2025,716822,EDI MARCELO PARENTE GOMES DE OLIVEIRA,415,Persistencia taxa t-1,552.5169847631853
2025,724601,CM MARIA VIEIRA BAZANI,260,Persistencia taxa t-1,407.262935524278
2025,724602,CM DINA SFAT,131,Persistencia taxa t-1,184.7852145381036
2025,724603,CM BENEDITA SIQUEIRA LOPES,242,Persistencia taxa t-1,319.9266400958211
2025,724604,CM EDSON LUIZ,105,Persistencia taxa t-1,162.72130832459865
2025,724605,CM SEBASTIÃO BERNARDES DE SOUZA PRATA,267,Persistencia taxa t-1,457.8260539302268
2025,724606,CM ROGÉRIO CARDOSO FURTADO,286,Persistencia taxa t-1,466.1000187602911
2025,724801,EDI MILENA SANTOS NASCIMENTO,350,Persistencia taxa t-1,440.35879484453534
2025,724802,EDI PORFIRIO DIAS,76,Persistencia taxa t-1,78.14300117282987
2025,724803,EDI VERA LUCIA MARTINS COSTA,176,Persistencia taxa t-1,249.1382743274929
2025,724804,EDI PROFESSORA MATILDE ROSA LOPES DE ARAUJO,366,Persistencia taxa t-1,570.9035732744394
2025,724805,EDI TRISTÃO DE ATHAYDE,100,Persistencia taxa t-1,153.52801406897163
2025,724806,EDI PROFESSORA RUTH CARDOSO,93,Persistencia taxa t-1,161.80197889903596
2025,724807,EDI CARMEN MIRANDA,332,Persistencia taxa t-1,405.4242766731526
2025,724808,EDI AMOR,150,Persistencia taxa t-1,184.7852145381036
2025,724809,"EDI UGOCIONE JOSÉ DE MEDEIROS ""SEU UGO""",72,Persistencia taxa t-1,97.44891910964664
2025,734601,CM LUZES DO AMANHÃ,190,Persistencia taxa t-1,250.9769331786183
2025,734602,CM MARGARIDA GABINAL,122,Persistencia taxa t-1,168.23728487797487
2025,734603,CM SEMPRE VIDA JOSUÉ,84,Persistencia taxa t-1,115.83550762090076
2025,734801,EDI JARDIM DO AMANHÃ,208,Persistencia taxa t-1,271.20218054099774
2025,734802,EDI SENHORA PERCILIANA PEREIRA DE ALVARENGA,721,Persistencia taxa t-1,717.996281364472
2025,734803,EDI ANA CAROLINA PACHECO DA SILVA,97,Persistencia taxa t-1,139.73807268553105
2025,734804,EDI MARIA BERALDA,237,Persistencia taxa t-1,296.0240750311908
2025,734805,EDI MONSENHOR CORDIOLI,148,Persistencia taxa t-1,201.33314419823225
2025,8002,CP CRECHE ESPÍRITA FRANCISCO DE ASSIS,71,Persistencia taxa t-1,65.272389214952
2025,8003,CP CRECHE CRIANÇA JABOUR,164,Persistencia taxa t-1,187.54320281479167
2025,8004,CP CRECHE COMUNITÁRIA NINO,449,Persistencia taxa t-1,463.342030483603
2025,8005,CP CRECHE E ESCOLA COMUNITÁRIA GENTE INOCENTE - REALENGO,309,Persistencia taxa t-1,331.8779226281363
2025,8006,CP FUNDAÇÃO CASA DA JOANINHA - CRECHE,134,Persistencia taxa t-1,133.3027667065921
2025,8007,CP CRECHE E ESCOLA COMUNITÁRIA GENTE INOCENTE - BANGU,479,Persistencia taxa t-1,522.179113719616
2025,8008,CP ASSOCIAÇÃO DE MORADORES DO CONJUNTO PEDRO I E ADJACÊNCIAS,45,Persistencia taxa t-1,53.32110668263685
2025,8009,CP ASSOCIAÇÃO RECREATIVA PINGUINHO DE GENTE,555,Persistencia taxa t-1,587.451502934568
2025,8010,CP ASSOCIAÇÃO CENTRO EDUCACIONAL REBRAL III,557,Persistencia taxa t-1,596.644797190195
2025,8011,CP ESPAÇO DE EDUCAÇÃO INFANTIL BATAN,202,Persistencia taxa t-1,223.39705041173715
2025,8013,CP CENTRO EDUCACIONAL LUIZA,294,Persistencia taxa t-1,340.1518874582006
2025,8014,"CP DO.RA., A AVENTUREIRA",216,Persistencia taxa t-1,229.8323563906761
2025,8015,CP CEM CRECHE ESCOLA MACHADO,205,Persistencia taxa t-1,192.1398499426052
2025,8016,CP ASSOCIAÇÃO CENTRO EDUCACIONAL REBRAL VI,454,Persistencia taxa t-1,516.6631371662398
2025,8017,CP ASSOCIAÇÃO CRECHE ESPERANÇA - REALENGO,232,Persistencia taxa t-1,327.28127550032275
2025,8018,CP CRECHE COMUNITÁRIA ESTRELINHA,203,Persistencia taxa t-1,234.4290035184896
2025,8019,CP ESCOLA COMUNITÁRIA JARDIM ARCO-ÍRIS - UNIDADE II,182,Persistencia taxa t-1,218.80040328392363
2025,8021,CP ASSOCIAÇÃO RECREATIVA MUNDO MÁGICO DA TIA NATY,197,Persistencia taxa t-1,251.896262604181
2025,8022,CP ASSOCIAÇÃO CRECHE ESPERANÇA - MAGALHÃES BASTOS,146,Persistencia taxa t-1,201.33314419823225
2025,8023,CP CRECHE COMUNITÁRIA IRMÃ MARIA DE LOURDES,152,Persistencia taxa t-1,183.86588511254087
2025,8024,CP CEM CRECHE ESCOLA MACHADO - UNIDADE I,128,Persistencia taxa t-1,165.47929660128676
2025,8025,CP ASSOCIAÇÃO RECREATIVA MONIZ BARRETO,56,Persistencia taxa t-1,65.272389214952
2025,8027,CP CENTRO EDUCACIONAL MUNDO DA MÔNICA,56,Persistencia taxa t-1,64.3530597893893
2025,817202,CIEP AMILCAR CABRAL,145,Persistencia taxa t-1,180.18856741029003
2025,817504,CIEP ANTONIO EVARISTO DE MORAES,198,Persistencia taxa t-1,215.1230855816728
2025,817505,CIEP MARECHAL JULIO CAETANO HORTA BARBOSA,103,Persistencia taxa t-1,101.12623681189748
2025,817601,CM JOSÉ FÉLIX,403,Persistencia taxa t-1,487.24459554823335
2025,817602,CM VILA PROGRESSO,372,Persistencia taxa t-1,377.8443939062715
2025,817603,CM DENTE DE LEITE,376,Persistencia taxa t-1,403.5856178220272
2025,817604,CM DRAMATURGO ALFREDO DE FREITAS DIAS GOMES,156,Persistencia taxa t-1,230.7516858162388
2025,817605,CM MANÉ GARRINCHA II,239,Persistencia taxa t-1,278.5568159454994
2025,817606,CM MEIMEI,117,Persistencia taxa t-1,103.88422508858558
2025,817607,CM MULHERES DO QUAFÁ,492,Persistencia taxa t-1,505.6311840594874
2025,817608,CM NOVA ALIANÇA,161,Persistencia taxa t-1,357.619146543892
2025,817609,CM RECANTO FELIZ,369,Persistencia taxa t-1,388.8763470130239
2025,817610,CM SEMPRE VIDA FAZENDA COQUEIROS,128,Persistencia taxa t-1,150.7700257922835
2025,817611,CM TIA ELZA,99,Persistencia taxa t-1,107.5615427908364
2025,817612,CM VILA KENNEDY,398,Persistencia taxa t-1,381.5217116085223
2025,817613,CM CÉLIA ALENCAR,175,Persistencia taxa t-1,190.30119109147975
2025,817614,CM FAZENDA COQUEIROS II,246,Persistencia taxa t-1,297.8627338823162
2025,817615,CM VILA UNIÃO DA PAZ,163,Persistencia taxa t-1,147.0927080900327
2025,817616,CM PROFESSORA MARIA ASSUMPÇÃO,47,Persistencia taxa t-1,79.06233059839256
2025,817617,CM JOSÉ MANOEL IBARRA PEREZ,219,Persistencia taxa t-1,280.3954747966248
2025,817618,CM JANETE CLAIR,170,Persistencia taxa t-1,210.52643845385927
2025,817619,CM PROFESSORA REGINA MARIA DA MATTA MONTEZANO,208,Persistencia taxa t-1,220.63906213504904
2025,817801,EDI PROFESSORA TÂNIA MARIA LARRUBIA GOMES,321,Persistencia taxa t-1,286.8307807755637
2025,817802,EDI PROFESSOR REINALDO JOSÉ DE ARAGÃO BARBOSA,145,Persistencia taxa t-1,198.5751559215441
2025,817803,EDI JOSÉ EPHIM MINDLIN,303,Persistencia taxa t-1,330.9585932025735
2025,817804,EDI PROFESSORA EDITH MARQUES DE SOUZA,324,Persistencia taxa t-1,315.3299929680076
2025,817805,EDI RAFAEL PEREIRA DA SILVA,106,Persistencia taxa t-1,109.4002016419618
2025,817806,EDI PROFESSORA MARIA YEDDA LEITE LINHARES,149,Persistencia taxa t-1,228.9130269651134
2025,817807,EDI MARIA DO CARMO SOUZA PIRAN,168,Persistencia taxa t-1,217.8810738583609
2025,817808,EDI PROFESSOR ANTONIO FLAVIO PIERUCCI,377,Persistencia taxa t-1,399.9083001197764
2025,817809,EDI REPÚBLICA ÁRABE UNIDA,64,Persistencia taxa t-1,53.32110668263685
2025,817810,EDI VILA DO VINTÉM,143,Persistencia taxa t-1,189.38186166591709
2025,817814,EDI PROFESSORA GIOVANA BANSI,363,Persistencia taxa t-1,405.4242766731526
2025,817815,EDI SENHOR JOÃO GOMES,337,Persistencia taxa t-1,379.68305275739687
2025,833505,CIEP ARACY DE ALMEIDA (CANTORA),25,Persistencia taxa t-1,30.337871043569244
2025,833601,CM CASA DE REALENGO,398,Persistencia taxa t-1,451.39074795128784
2025,833602,CM JULINHO CACAU,296,Persistencia taxa t-1,352.10316999051577
2025,833603,CM SILVEIRINHA,287,Persistencia taxa t-1,376.9250644807088
2025,833801,EDI GESSICA GUEDES PEREIRA,69,Persistencia taxa t-1,103.88422508858558
2025,833802,EDI PROFESSORA ZENA ELIAN,139,Persistencia taxa t-1,197.65582649598144
2025,833803,EDI FREI ORLANDO,192,Persistencia taxa t-1,189.38186166591709
2025,833805,EDI DEODORO,89,Persistencia taxa t-1,102.96489566302289
2025,833806,EDI PROFESSOR CRISTIANO PINTO DE MORAES BISPO,324,Persistencia taxa t-1,353.02249941607846
2025,833807,EDI LUIZA PAULA DA SILVEIRA MACHADO,256,Persistencia taxa t-1,247.29961547636748
2025,833808,EDI PROFESSORA VANUZIA BASTOS DA SILVA,166,Persistencia taxa t-1,154.44734349453432
2025,833809,EDI PROFESSORA MARIA CECILIA FERREIRA,157,Persistencia taxa t-1,193.0591793681679
2025,833810,EDI MEDALHISTA OLÍMPICO SERGIO DUTRA DOS SANTOS,209,Persistencia taxa t-1,214.2037561561101
2025,833811,EDI MEDALHISTA OLÍMPICA RAFAELA LOPES SILVA,310,Persistencia taxa t-1,232.5903446673642
2025,9001,CP CRECHE COMUNITÁRIA SANTA RITA,56,Persistencia taxa t-1,127.7867901532159
2025,9002,CP CRECHE SAGRADA FAMÍLIA,40,Persistencia taxa t-1,90.09428370514502
2025,9003,CP CRECHE SÃO JORGE,47,Persistencia taxa t-1,52.401777257074144
2025,9004,CP CRECHE E PRÉ-ESCOLA CANTINHO DO SABER,158,Persistencia taxa t-1,171.9146025802257
2025,9007,CP INSTITUTO AVELINO - CAMPO GRANDE,17,Persistencia taxa t-1,51.48244783151144
2025,9008,CP CRECHE COMUNITÁRIA ANA & LU,60,Persistencia taxa t-1,91.93294255627043
2025,9009,CP CRECHE COMUNITÁRIA CRIANÇAS DE OURO,159,Persistencia taxa t-1,210.52643845385927
2025,9010,CP CRECHE JARDIM ESCOLA RIO DA PRATA,153,Persistencia taxa t-1,208.68777960273388
2025,9011,CP CRECHE NOVA JERUSALÉM EM CAMPO GRANDE,212,Persistencia taxa t-1,239.02565064630315
2025,9012,CP CRECHE COMUNITÁRIA TIA NEIDE - CAMPO GRANDE,170,Persistencia taxa t-1,217.8810738583609
2025,9013,CP CRECHE COMUNITÁRIA SOL DO SABER,301,Persistencia taxa t-1,316.24932239357025
2025,9014,CP INSTITUTO DE ENSINO AVANÇADO,221,Persistencia taxa t-1,231.6710152418015
2025,9017,CP ESPAÇO CRESCER,236,Persistencia taxa t-1,240.86430949742856
2025,9018,CP ESPAÇO DE DESENVOLVIMENTO CARIOQUINHA,213,Persistencia taxa t-1,197.65582649598144
2025,9019,CP ASSOCIAÇÃO DE MORADORES UNIÃO DAS BASES DE URUCÂNIA E ADJACÊNCIAS - COSMOS,121,Persistencia taxa t-1,135.14142555771753
2025,9020,CP ASSOCIAÇÃO DE MORADORES UNIÃO DAS BASES DE URUCÂNIA E ADJACÊNCIAS - CAMPO GRANDE,56,Persistencia taxa t-1,72.62702461945364
2025,9021,CP INSTITUTO CRESCER & APRENDER,332,Persistencia taxa t-1,284.07279249887563
2025,9022,CP ESPAÇO CRIATIVO CASTELINHO RINALDI,237,Persistencia taxa t-1,237.18699179517773
2025,9023,CP ESPAÇO CRIATIVO SALOMÃO,172,Persistencia taxa t-1,217.8810738583609
2025,9024,CP CRECHE COMUNITÁRIA DOCE INFÂNCIA,196,Persistencia taxa t-1,229.8323563906761
2025,9025,CP INSTITUTO Ô LUAR,113,Persistencia taxa t-1,126.8674607276532
2025,9026,CP CRECHE COMUNITÁRIA LEÃOZINHO FELIZ,207,Persistencia taxa t-1,221.5583915606117
2025,9027,CP INSTITUTO FRUTIFICAR,152,Persistencia taxa t-1,140.65740211109377
2025,9028,CP CRECHE COMUNITÁRIA ALÉM DO ARCO-ÍRIS,215,Persistencia taxa t-1,285.911451350001
2025,9029,CP INSTITUTO CRECHE DO PAPAI,237,Persistencia taxa t-1,245.4609566252421
2025,9030,CP ESPAÇO DE DESENVOLVIMENTO PEDRITA,146,Persistencia taxa t-1,202.2524736237949
2025,9031,CP ESPAÇO CRIATIVO TURMINHA DO BAIRRO,136,Persistencia taxa t-1,178.34990855916462
2025,9032,CP SOLDADINHOS DE DEUS,91,Persistencia taxa t-1,165.47929660128676
2025,9033,CP TEMPO DE CRIANÇA,121,Persistencia taxa t-1,113.07751934421265
2025,9034,CP CRECHE COMUNITÁRIA ARTE DA CRIANÇA,111,Persistencia taxa t-1,164.55996717572407
2025,9035,CP INSTITUTO CRESCER E APRENDER - FILIAL,108,Persistencia taxa t-1,117.67416647202616
2025,9036,CP INSTITUTO CONSTRUINDO AMANHÃ,344,Persistencia taxa t-1,492.7605721016096
2025,9037,CP CRECHE COMUNITÁRIA AURINA,56,Persistencia taxa t-1,85.4976365773315
2025,9038,CP CEM CRECHE ESCOLA MACHADO UNIDADE II,154,Persistencia taxa t-1,289.58876905225185
2025,9039,CP CRECHE COMUNITÁRIA ESTRELINHA DO SABER,140,Persistencia taxa t-1,184.7852145381036
2025,9040,CP CRECHE E ESCOLA COMUNITARIA GENTE BAIXINHA - UNIDADE COSMOS,249,Persistencia taxa t-1,296.9434044567535
2025,9041,CP CRECHE COMUNITÁRIA PEQUENOS PASSOS,114,Persistencia taxa t-1,138.81874325996836
2025,9042,CP CRECHE PEQUENA CANAÃ,60,Persistencia taxa t-1,80.90098944951798
2025,9043,CP CRECHE COMUNITÁRIA RIBEIRO,109,Persistencia taxa t-1,132.38343728102942
2025,9044,CP CRECHE COMUNITÁRIA JARDIM FELIZ,250,Persistencia taxa t-1,347.50652286270224
2025,9045,CP CRECHE COMUNITÁRIA PINTANDO SONHOS,107,Persistencia taxa t-1,95.61026025852124
2025,9046,CP CRECHE COMUNITÁRIA URSINHO PIMPÃO,310,Persistencia taxa t-1,273.9601688176859
2025,918601,CM ALEGRIA DE NOVA CIDADE,288,Persistencia taxa t-1,262.92821571093344
2025,918602,CM VITÓRIA DA PAZ,126,Persistencia taxa t-1,121.35148417427698
2025,918603,CM SEMPRE VIDA ELZA RABELO DE ANDRADE,98,Persistencia taxa t-1,92.85227198183313
2025,918604,CM VERA PACHECO JORDÃO,48,Persistencia taxa t-1,64.3530597893893
2025,918605,CM SEMPRE VIDA PROFESSORA EUGENIA MARIA VELOSO MARCHESE,99,Persistencia taxa t-1,120.43215474871428
2025,918606,CM CECÍLIA MEIRELES,175,Persistencia taxa t-1,299.7013927334416
2025,918607,CM SONHO FELIZ,316,Persistencia taxa t-1,411.8595826520916
2025,918608,CM JARDIM MONTE SANTO,125,Persistencia taxa t-1,191.2205205170425
2025,918609,CM ADÉLIA VIEIRA,123,Persistencia taxa t-1,213.2844267305474
2025,918610,CM ESPERANÇA DO AMANHÃ,63,Persistencia taxa t-1,68.94970691720282
2025,918611,CM MÁRIO LOMBARDI,43,Persistencia taxa t-1,58.83708323601308
2025,918613,CM PROFESSORA FLORA SANTINA FERRARI BRAZ,376,Persistencia taxa t-1,476.21264244148085
2025,918614,CM ZÉLIA CHAUKE CURI,161,Persistencia taxa t-1,200.41381477266955
2025,918615,CM MARCELO CARDOSO TOMÉ,122,Persistencia taxa t-1,164.55996717572407
2025,918616,CM PADRE VALTER DA COSTA SANTOS,285,Persistencia taxa t-1,299.7013927334416
2025,918617,CM CRIANDO O FUTURO,246,Persistencia taxa t-1,371.4090879273325
2025,918618,CM ESPERANÇA DA VILA SÃO JORGE,146,Persistencia taxa t-1,145.25404923890727
2025,918619,CM RAUL CORTEZ,400,Persistencia taxa t-1,444.95544197234886
2025,918620,CM EMILIO IBRAHIM LÁZARO JUBRAM DIB,327,Persistencia taxa t-1,456.9067245046641
2025,918621,CM ELIZABETH TAVARES DE SOUZA - BETINHA,217,Persistencia taxa t-1,237.18699179517773
2025,918801,EDI BIANCA ROCHA TAVARES,153,Persistencia taxa t-1,193.0591793681679
2025,918802,EDI PINTANDO O SETE,198,Persistencia taxa t-1,238.10632122074043
2025,918803,EDI LUDMILA MÁXIMO MOREIRA CARDOSO,96,Persistencia taxa t-1,137.89941383440564
2025,918804,EDI RENAN DE SOUZA LEAL,53,Persistencia taxa t-1,61.5950715127012
2025,918805,EDI CANTORA CESÁRIA ÉVORA,148,Persistencia taxa t-1,191.2205205170425
2025,918806,EDI COMENDADOR SERAFIM SOFIA,224,Persistencia taxa t-1,248.2189449019302
2025,918807,EDI URBANO DE FREITAS,259,Persistencia taxa t-1,356.69981711832924
2025,918808,EDI PROFESSORA MARTA REGINA PERROTA,206,Persistencia taxa t-1,234.4290035184896
2025,918809,EDI CAMPO GRANDE,39,Persistencia taxa t-1,65.272389214952
2025,918810,EDI DOM BOSCO,145,Persistencia taxa t-1,211.445767879422
2025,918811,EDI ISABEL,14,Persistencia taxa t-1,31.25720046913195
2025,918812,EDI PROFESSOR JORGE EUCLIDES PEREIRA NUNES,85,Persistencia taxa t-1,126.8674607276532
2025,918813,EDI PROFESSOR MARCO ALTINO DE OLIVEIRA,184,Persistencia taxa t-1,187.54320281479167
2025,918814,EDI PROFESSOR NESTOR MANOEL PINTO,177,Persistencia taxa t-1,205.01046190048305
2025,918815,EDI PROFESSORA SIRLÉIA SILVA REIS,282,Persistencia taxa t-1,339.2325580326379
2025,918816,EDI PROFESSOR JOÃO FERNANDES FILHO,46,Persistencia taxa t-1,63.433730363826605
2025,918817,EDI PROFESSORA EUGENIA DE ALMEIDA AZEVEDO,307,Persistencia taxa t-1,352.10316999051577
2025,918818,EDI FRANCISCO JOSÉ DE MORAES,101,Persistencia taxa t-1,110.31953106752452
2025,918819,EDI JOARI,18,Persistencia taxa t-1,42.2891535758844
2025,918820,EDI ALMO SATURNINO,30,Persistencia taxa t-1,58.83708323601308
2025,918821,EDI PROFESSORA ENYR PORTILHO DE AVELLAR,169,Persistencia taxa t-1,211.445767879422
2025,918822,EDI PROFESSOR ANDRÉ LUIZ GILS,241,Persistencia taxa t-1,319.0073106702584
2025,918823,EDI PROFESSOR DERSU GABRIEL BICEGO,147,Persistencia taxa t-1,222.47772098617443
2025,918824,EDI ALBERTO FERREIRA PINTO,228,Persistencia taxa t-1,278.5568159454994
2025,918825,EDI PROFESSORA TERESINHA DE JESUS SIQUEIRA BROWN,231,Persistencia taxa t-1,299.7013927334416
2025,918826,EDI PROFESSORA MARLY DOS SANTOS DE OLIVEIRA (MARLY MARINHO),208,Persistencia taxa t-1,294.1854161800654
2025,918827,EDI ATAULFO ALVES,178,Persistencia taxa t-1,171.9146025802257
2025,918828,EDI ALYRIO CAVALLIERI,241,Persistencia taxa t-1,319.0073106702584
2025,918829,EDI RUBEM AZEVEDO ALVES,143,Persistencia taxa t-1,99.28757796077208
2025,918830,EDI HENRIQUE DIAS,47,Persistencia taxa t-1,79.98166002395527
2025,918831,EDI ELFLODÍZIO DOS SANTOS,233,Persistencia taxa t-1,308.89468698906865
2025,918832,EDI PROFESSORA JACINTHA REIS FERREIRA,367,Persistencia taxa t-1,364.0544525228309
2025,918833,EDI PROFESSOR WILSON CHOERI,175,Persistencia taxa t-1,188.4625322403544
2025,918834,EDI ENGENHEIRA ELAINE MONSORES PIRES,127,Persistencia taxa t-1,166.39862602684948
2025,918835,EDI MEDALHISTA OLÍMPICO ARTHUR NORY OYAKAWA MARIANO,254,Persistencia taxa t-1,345.6678640115768
2025,918836,EDI MEDALHISTA OLÍMPICO RAFAEL CARLOS DA SILVA,325,Persistencia taxa t-1,427.4881828866575
2025,918837,EDI MEDALHISTA OLÍMPICO WALLACE LEANDRO DE SOUZA,333,Persistencia taxa t-1,404.5049472475899
2025,918838,EDI EUSTORGIO WANDERLEY,100,Persistencia taxa t-1,121.35148417427698
2025,918839,EDI DALILA TAVARES,69,Persistencia taxa t-1,81.82031887508069
2025,10001,CP ESCOLA COMUNITÁRIA JARDIM DE INFÂNCIA TIA ANASTÁCIA,116,PPML-FE + Caged pre-corte,113.14373608661363
2025,10004,CP ESCOLA COMUNITÁRIA JARDIM BALÃO MÁGICO,38,PPML-FE + Caged pre-corte,48.10127932370377
2025,10005,CP CRECHE COMUNITÁRIA JARDIM PEDRA AZUL,26,PPML-FE + Caged pre-corte,31.15270458978829
2025,10006,CP CRECHE ESCOLA COMUNITÁRIA ISMÊNIA RIBEIRO,84,PPML-FE + Caged pre-corte,83.04006721179279
2025,10008,CP CRECHE COMUNITÁRIA JARDIM ESPERANÇA,92,PPML-FE + Caged pre-corte,69.4597602868481
2025,10009,CP JARDIM ESCOLA ERNESTO FAGUNDES VARELA,68,PPML-FE + Caged pre-corte,65.17835446566417
2025,10010,CP ESCOLA COMUNITÁRIA JARDIM ARCO-ÍRIS,95,PPML-FE + Caged pre-corte,79.46338304081692
2025,10011,CP CRECHE PINGUINHO DE GENTE,30,PPML-FE + Caged pre-corte,31.15270458978829
2025,10013,CP ESCOLA COMUNITÁRIA ENCANTO DE MARIA,53,PPML-FE + Caged pre-corte,47.391897717436144
2025,10014,CP CRECHE COMUNITÁRIA SÃO JOÃO BATISTA,54,PPML-FE + Caged pre-corte,36.07632503761917
2025,10018,CP CRECHE ESCOLA COMUNITÁRIA SÍTIO ALEGRE,244,PPML-FE + Caged pre-corte,151.94963440763124
2025,10019,CP ESCOLA COMUNITÁRIA JARDIM ALEXANDRINO,166,PPML-FE + Caged pre-corte,136.12978722332497
2025,10020,CP CASA MATERNAL NOSSA SENHORA DE NAZARÉ,112,PPML-FE + Caged pre-corte,86.61855803414065
2025,10022,CP ASSOCIAÇÃO DE MORADORES E AMIGOS DO PARQUE ESTORIL - AMAPE,203,PPML-FE + Caged pre-corte,151.94963440763124
2025,10023,CP CRECHE ESCOLA SOSSEGO DA MAMÃE,90,PPML-FE + Caged pre-corte,85.18695451463066
2025,10024,CP CRECHE COMUNITÁRIA MUNDO ENCANTADO DA CRIANÇA,170,PPML-FE + Caged pre-corte,156.98556041567267
2025,10026,CP CRECHE E ESCOLA COMUNITÁRIA GENTE BAIXINHA I,249,PPML-FE + Caged pre-corte,172.81903507904812
2025,10027,CP CRECHE CASULO AGOSTINHO - SANTA CRUZ,194,PPML-FE + Caged pre-corte,122.47775100272457
2025,10028,CP CRECHE CASULO AGOSTINHO - VERIDIANA,124,PPML-FE + Caged pre-corte,113.14373608661363
2025,10029,CP ASSOCIAÇÃO DE MORADORES DAS MORADAS DO IMPÉRIO,65,PPML-FE + Caged pre-corte,68.0321919283641
2025,10030,CP INSTITUTO AVELINO - GUARATIBA,93,PPML-FE + Caged pre-corte,73.0304402962153
2025,10032,CP CRECHE COMUNITÁRIA MUNDO MÁGICO,150,PPML-FE + Caged pre-corte,134.6922311074517
2025,10033,CP PROJETO QUEBRA CABEÇA,69,PPML-FE + Caged pre-corte,55.91714120171025
2025,10034,CP OS BENEDITINHOS,134,PPML-FE + Caged pre-corte,118.1689838807756
2025,10035,CP ESCOLA COMUNITÁRIA JARDIM DE INFÂNCIA CHAVE DO TAMANHO,139,PPML-FE + Caged pre-corte,54.49449737558397
2025,10036,CP CAAD DONA ZULMIRA TELLES,157,PPML-FE + Caged pre-corte,149.07244011511173
2025,10037,CP CAAD - COMITÊ DE ATENDIMENTO À CRIANÇA E AO ADOLESCENTE,71,PPML-FE + Caged pre-corte,60.18871330389883
2025,10039,CP FUNDAÇÃO KLINGNER PARA O DESENVOLVIMENTO SOCIAL,243,PPML-FE + Caged pre-corte,203.0683721096841
2025,1004,CP CRECHE CANTINHO FELIZ DE SANTA TERESA,136,PPML-FE + Caged pre-corte,115.29718764737922
2025,10040,CP CICIM I,219,PPML-FE + Caged pre-corte,158.424584155645
2025,10041,CP CRECHE BEZERRA DE MENEZES - SANTA CRUZ,173,PPML-FE + Caged pre-corte,111.7082972093946
2025,10042,CP CICIM II,179,PPML-FE + Caged pre-corte,133.25478626343244
2025,10043,CP CRECHE CANTINHO CASLU,168,PPML-FE + Caged pre-corte,124.63259319743065
2025,10044,CP CRECHE COMUNITÁRIA MAGIA DA CRIANÇA,93,PPML-FE + Caged pre-corte,94.49691234362864
2025,10045,CP ESPAÇO CRIATIVO ERA UMA VEZ,73,PPML-FE + Caged pre-corte,71.60187660018215
2025,10046,CP CRECHE COMUNITÁRIA DEUS É FIEL - CCDF,191,PPML-FE + Caged pre-corte,174.2588734419032
2025,10047,CP CENTRO CULTURAL MONTESSORI - SANTA CRUZ,194,PPML-FE + Caged pre-corte,196.5842927566155
2025,1005,CP CASA MATERNAL CORAÇÃO DE MÃE,48,PPML-FE + Caged pre-corte,31.854775926658455
2025,10051,CP CRECHE COMUNITÁRIA DEUS É FIEL - UNIDADE VI,244,PPML-FE + Caged pre-corte,210.27407377647296
2025,10052,CP CRECHE COMUNITÁRIA DEUS É FIEL - UNIDADE VII,493,PPML-FE + Caged pre-corte,409.4427021172678
2025,10053,CP CRECHE COMUNITÁRIA GÊNIO DO FUTURO,311,PPML-FE + Caged pre-corte,265.07029302476565
2025,10054,CP CRECHE COMUNITÁRIA AQUARELA DO SABER,51,PPML-FE + Caged pre-corte,83.04006721179279
2025,10055,CP ESPAÇO DE DESENVOLVIMENTO MÃE GAIA,140,PPML-FE + Caged pre-corte,58.76427807323179
2025,10056,CP CRECHE MUNDO DA BIBI,100,PPML-FE + Caged pre-corte,71.60187660018215
2025,10057,CP CENTRO CULTURAL MONTESSORI - PACIÊNCIA,358,PPML-FE + Caged pre-corte,254.97249310657745
2025,10058,CP CRECHE ESCOLA COMUNITÁRIA MALLETZINHO,261,PPML-FE + Caged pre-corte,154.10776094379528
2025,10059,CP CRECHE COMUNITÁRIA PLANETA BEBÊ,95,PPML-FE + Caged pre-corte,78.74827699784929
2025,1006,CP CRECHE DO TUIUTI,233,PPML-FE + Caged pre-corte,209.55345051975144
2025,10060,CP CRECHE COMUNITÁRIA JARDIM DO CONHECIMENTO,83,PPML-FE + Caged pre-corte,68.74592381362002
2025,10061,CP CRECHE COMUNITÁRIA ESTRELA DO AMANHÃ,113,PPML-FE + Caged pre-corte,126.06931744991505
2025,10062,CP CENTRO CULTURAL DE DESENVOLVIMENTO INFANTIL JOÃO BATISTA,79,PPML-FE + Caged pre-corte,82.32458091949326
2025,10063,CP CRECHE COMUNITÁRIA UNIVERSO INFANTIL,313,PPML-FE + Caged pre-corte,233.33969656034668
2025,10064,CP CRECHE COMUNITÁRIA CORAÇÃO DE MÃE,269,PPML-FE + Caged pre-corte,203.7888881969482
2025,10065,CP CRECHE MAGIA DA CRIANÇA II,94,PPML-FE + Caged pre-corte,121.75953689694292
2025,10066,CP CRECHE COMUNITÁRIA ARTE & CULTURA,219,PPML-FE + Caged pre-corte,151.94963440763124
2025,10067,CP CRECHE COMUNITÁRIA ARCA DE NOÉ,117,PPML-FE + Caged pre-corte,98.7971308624934
2025,10068,CP CRECHE COMUNITÁRIA TIA NEIDE - GUARATIBA,152,PPML-FE + Caged pre-corte,83.04006721179279
2025,10069,CP CRECHE E ESCOLA COMUNITÁRIA GENTE BAIXINHA II,411,PPML-FE + Caged pre-corte,332.9022046375553
2025,1007,CP EDUCANDÁRIO NOSSA SENHORA DE NAZARÉ,78,PPML-FE + Caged pre-corte,90.1987116099985
2025,10070,CP PEDACINHO DO CÉU,121,PPML-FE + Caged pre-corte,113.86151466135341
2025,10071,CP CRECHE COMUNITÁRIA ARTE & CULTURA - UNIDADE I,251,PPML-FE + Caged pre-corte,133.25478626343244
2025,10072,CP CRECHE COMUNITÁRIA DEUS É FIEL - UNIDADE X,219,PPML-FE + Caged pre-corte,169.9395632337394
2025,10073,CP NINHO CARIOCA,435,PPML-FE + Caged pre-corte,309.804919411893
2025,10074,CP CRECHE MUNDO MÁGICO II,201,PPML-FE + Caged pre-corte,152.66898827961833
2025,10075,CP CRECHE COMUNITÁRIA PEDACINHO DE CÉU,153,PPML-FE + Caged pre-corte,151.94963440763124
2025,10076,CP ESPAÇO DE DESENVOLVIMENTO MÃE GAIA - UNIDADE I,73,PPML-FE + Caged pre-corte,31.854775926658455
2025,10077,CP CRECHE COMUNITÁRIA CANTINHO DO SABER,40,PPML-FE + Caged pre-corte,45.265074446900066
2025,10078,CP CRECHE COMUNITÁRIA CRIANÇA FELIZ,72,PPML-FE + Caged pre-corte,55.20573903083605
2025,10079,CP CRECHE COMUNITÁRIA DEUS É FIEL - UNIDADE VIII,100,PPML-FE + Caged pre-corte,115.29718764737922
2025,10080,CP ASSOCIAÇÃO CENTRO EDUCACIONAL REBRAL XII (GUARATIBA),154,PPML-FE + Caged pre-corte,83.04006721179279
2025,10081,CP CENTRO EDUCACIONAL ESTRELA DO AMANHÃ,228,PPML-FE + Caged pre-corte,226.13056440840575
2025,10082,CP CRECHE ESCOLA BAIXINHOS SABIDOS,70,PPML-FE + Caged pre-corte,69.4597602868481
2025,10083,CP CRECHE COMUNITÁRIA CRISTÃ CORDEIRINHO DE CRISTO,116,PPML-FE + Caged pre-corte,223.24718689371372
2025,10084,CP CRECHE COMUNITÁRIA AQUARELA DO SABER (GUARATIBA),284,PPML-FE + Caged pre-corte,197.30469466964956
2025,10085,CP CRECHE VIDA,50,PPML-FE + Caged pre-corte,71.6018766001821
2025,1009,CP CRECHE COMUNITÁRIA ANITA WAY,179,PPML-FE + Caged pre-corte,154.10776094379528
2025,1010,CP CENTRO CULTURAL MONTESSORI - SÃO CRISTÓVÃO,465,PPML-FE + Caged pre-corte,345.17460384266434
2025,101601,CM LADEIRA DOS FUNCIONÁRIOS,122,PPML-FE + Caged pre-corte,86.7340425111518
2025,101602,CM VIRGÍNIA LEMOS,58,PPML-FE + Caged pre-corte,53.111199148658585
2025,101603,CM SENNINHA,255,PPML-FE + Caged pre-corte,201.3490177000265
2025,101604,CM SEMPRE VIDA P. CONQUISTA,68,PPML-FE + Caged pre-corte,48.797235576116506
2025,101605,CM CLEMENTE FERREIRA,199,PPML-FE + Caged pre-corte,158.8546346259548
2025,101606,CM QUINTA DO CAJU,143,PPML-FE + Caged pre-corte,112.82410765506695
2025,101607,CM TIA DORA,259,PPML-FE + Caged pre-corte,209.69461731246668
2025,101801,EDI PARQUE DA ALEGRIA,271,PPML-FE + Caged pre-corte,220.20436143335763
2025,101802,EDI MACHADO DE ASSIS,152,PPML-FE + Caged pre-corte,111.27994252037544
2025,101803,EDI ANTÔNIO RAPOSO TAVARES,38,PPML-FE + Caged pre-corte,41.71372507154171
2025,1019601,CM SEMPRE VIDA VALE DO SOL,29,PPML-FE + Caged pre-corte,42.79130632938044
2025,1019602,CM SEMPRE VIDA ANTARES,151,PPML-FE + Caged pre-corte,149.12143383654399
2025,1019603,CM JARDIM DOS VIEIRAS,137,PPML-FE + Caged pre-corte,102.63339825727391
2025,1019604,CM AYRTON SENNA,63,PPML-FE + Caged pre-corte,56.964130573636886
2025,1019605,CM MARLENE DA SILVA CARDOSO,57,PPML-FE + Caged pre-corte,52.95710380728295
2025,1019606,CM TRINTA E UM DE OUTUBRO,124,PPML-FE + Caged pre-corte,86.88837498429412
2025,1019607,CM ADALTO BASTOS,221,PPML-FE + Caged pre-corte,136.60865302372815
2025,1019609,CM CANTINHO DA TIA DOLORES,76,PPML-FE + Caged pre-corte,117.30240515307997
2025,1019610,CM CHAVE DO TAMANHO,56,PPML-FE + Caged pre-corte,81.48714971603451
2025,1019611,CM CRIANÇA FELIZ,51,PPML-FE + Caged pre-corte,44.79287597685486
2025,1019612,CM DANIELA PEREZ,305,PPML-FE + Caged pre-corte,276.93336802574817
2025,1019613,CM DJANIRA MARIA RAMOS,128,PPML-FE + Caged pre-corte,83.64753572981606
2025,1019614,CM INSPETOR HERALDO CARVALHO DE SOUSA,240,PPML-FE + Caged pre-corte,171.21538114833064
2025,1019615,CM MARCOLINA,44,PPML-FE + Caged pre-corte,44.02298992984265
2025,1019616,CM MARIA HELENA PAPERA MONTEIRO,60,PPML-FE + Caged pre-corte,50.02964143380845
2025,1019618,CM LEUZA MARINS NOVAES S. SANTOS,75,PPML-FE + Caged pre-corte,74.69836366755459
2025,1019619,CM SANTA TEREZINHA,41,PPML-FE + Caged pre-corte,57.118268674508265
2025,1019620,CM SEMENTINHA DO AMOR,68,PPML-FE + Caged pre-corte,79.48120884851907
2025,1019621,CM SEMPRE VIDA ESTRELA DO ALAGADO,48,PPML-FE + Caged pre-corte,79.17261425114478
2025,1019623,CM SEMPRE VIDA TERRA DA PAZ,243,PPML-FE + Caged pre-corte,178.3233172030528
2025,1019624,CM ZACARIAS - O TRAPALHÃO,27,PPML-FE + Caged pre-corte,53.881702099626956
2025,1019625,CM NARIZINHO,41,PPML-FE + Caged pre-corte,39.55898891870575
2025,1019626,CM PEDRINHO,52,PPML-FE + Caged pre-corte,38.481849528420376
2025,1019627,CM VOVÓ BENTA,104,PPML-FE + Caged pre-corte,61.28054862444982
2025,1019628,CM IRINÉA DOS SANTOS PAIVA,77,PPML-FE + Caged pre-corte,108.19173463295132
2025,1019630,CM ESTRELA DALVA,69,PPML-FE + Caged pre-corte,58.04312903408861
2025,1019631,CM TIA HILDA MACEDO,147,PPML-FE + Caged pre-corte,144.64136560096205
2025,1019632,CM MIRIAM PIRES,326,PPML-FE + Caged pre-corte,254.05496939147827
2025,1019633,CM MERILUCE DE OLIVEIRA MÜLLER,44,PPML-FE + Caged pre-corte,60.81802280506826
2025,1019801,EDI SARGENTO IZO GOMES PATRÍCIO,217,PPML-FE + Caged pre-corte,207.0672617392892
2025,1019802,EDI LARISSA DOS SANTOS ATANAZIO,120,PPML-FE + Caged pre-corte,88.89475651759905
2025,1019803,EDI LARYSSA SILVA MARTINS,189,PPML-FE + Caged pre-corte,177.2416525556851
2025,1019804,EDI PROFESSORA MARIA LUIZA JOBIM DE QUEIROZ,55,PPML-FE + Caged pre-corte,49.875583622553336
2025,1019806,EDI PROFESSOR RUBEM GONÇALVES,64,PPML-FE + Caged pre-corte,75.77828957251278
2025,1019807,EDI PROFESSOR ANTONIO ALFREDO MERCADANTE,107,PPML-FE + Caged pre-corte,78.40114175057322
2025,1019808,EDI GEÓGRAFO AZIZ AB' SABER,82,PPML-FE + Caged pre-corte,72.07587149836472
2025,1019809,EDI PROFESSORA CARMEN FRAGA DE ARAÚJO,48,PPML-FE + Caged pre-corte,66.2148662400656
2025,1019810,EDI PROFESSORA ROSELE NICOLAU JORGE COUTINHO,51,PPML-FE + Caged pre-corte,35.40524443705619
2025,1019811,EDI PROFESSORA RAQUEL KELLY LANERA,55,PPML-FE + Caged pre-corte,35.712838165679386
2025,1019815,EDI JOÃO CORRÊA,92,PPML-FE + Caged pre-corte,92.44476737987952
2025,1019818,EDI RENÉE BISCAIA RAPOSO,41,PPML-FE + Caged pre-corte,83.49321771621722
2025,1019820,EDI INAIÁ WANDERLEY CARMO,54,PPML-FE + Caged pre-corte,87.35137636498021
2025,1019821,EDI PROFESSORA SOLANGE INÁCIA DE SÁ DE LACERDA,120,PPML-FE + Caged pre-corte,163.02625371120334
2025,1019822,EDI PROFESSORA KATIA MIRANDA SANTOS,36,PPML-FE + Caged pre-corte,131.3568824257139
2025,1019824,EDI PROFESSORA LILIA CHAVES DA COSTA,26,PPML-FE + Caged pre-corte,102.9421791680786
2025,1019826,EDI THAMIRIS DE ANDRADE DA SILVA SANTOS,140,PPML-FE + Caged pre-corte,144.64136560096205
2025,1019827,EDI MEDALHISTA OLÍMPICA POLIANA OKIMOTO,200,PPML-FE + Caged pre-corte,195.321863039402
2025,1019828,EDI MEDALHISTA OLÍMPICO ERLON DE SOUZA SILVA,171,PPML-FE + Caged pre-corte,172.29700096513025
2025,1019829,EDI ERASMO CARLOS,94,PPML-FE + Caged pre-corte,83.04006721179279
2025,1019830,EDI GAL COSTA,109,PPML-FE + Caged pre-corte,100.23095551477037
2025,1019831,EDI PROFESSORA MARIA MESQUITA DE SIQUEIRA,218,PPML-FE + Caged pre-corte,215.87675907663174
2025,102601,CM SEMPRE VIDA SANTO ANTÔNIO DE PÁDUA,142,PPML-FE + Caged pre-corte,129.19448470890984
2025,102602,CM ANA MARIA DA CRUZ SILVA,249,PPML-FE + Caged pre-corte,241.37981580835046
2025,102604,CM ARCO-ÍRIS,292,PPML-FE + Caged pre-corte,263.79355548755143
2025,102605,CM ALDEIA DOS CURUMINS,281,PPML-FE + Caged pre-corte,272.6049046630436
2025,102606,CM GEORGE SAVALLA GOMES - PALHAÇO CAREQUINHA,279,PPML-FE + Caged pre-corte,255.75533584402353
2025,1026601,CM SONHO DE CRIANÇA,248,PPML-FE + Caged pre-corte,240.45238757997913
2025,1026602,CM NOSSA SENHORA DA GLÓRIA,118,PPML-FE + Caged pre-corte,136.14524866112228
2025,1026603,CM SEMPRE VIDA COLÔNIA DOS PESCADORES,116,PPML-FE + Caged pre-corte,131.9747208769899
2025,1026604,CM JOSEPHA FERREIRA DA COSTA,319,PPML-FE + Caged pre-corte,266.57606220472127
2025,1026801,EDI SAMIRA PIRES RIBEIRO,36,PPML-FE + Caged pre-corte,117.45683479898297
2025,1026802,EDI PROFESSOR MARCOS FLAMÍNIO PORTUGAL PINTO,387,PPML-FE + Caged pre-corte,368.61405993347813
2025,1026803,EDI PADRE CARLOS HENRIQUE DE SOUZA,99,PPML-FE + Caged pre-corte,110.50787503774167
2025,1026805,EDI MEDALHISTA OLÍMPICO IZAQUIAS QUEIROZ DOS SANTOS,330,PPML-FE + Caged pre-corte,305.224164310118
2025,1026806,EDI MEDALHISTA OLÍMPICO FELIPE ALMEIDA WU,253,PPML-FE + Caged pre-corte,244.780412333355
2025,1026807,EDI ALFREDO FERNANDO VAZ GUIMARÃES JÚNIOR,379,PPML-FE + Caged pre-corte,325.16796520060416
2025,1026809,EDI MEDALHISTA PARALÍMPICO RICARDO COSTA DE OLIVEIRA,238,PPML-FE + Caged pre-corte,209.38551492915286
2025,1026810,EDI ALCEBÍADES FRANCISCO ROSA,331,PPML-FE + Caged pre-corte,334.135209225268
2025,1026811,EDI GERMANO THOMÉ DE OLIVEIRA,43,PPML-FE + Caged pre-corte,161.0176787669411
2025,102802,EDI CAMPOS SALLES,31,PPML-FE + Caged pre-corte,46.79486400374248
2025,102803,EDI RACHEL DE QUEIROZ,53,PPML-FE + Caged pre-corte,63.59335329984564
2025,103601,CM ESPAÇO LIVRE DA CRIANÇA,51,PPML-FE + Caged pre-corte,40.32846966505912
2025,103602,CM DIREITOS HUMANOS,87,PPML-FE + Caged pre-corte,69.29941821528827
2025,103604,CM SONHO INFANTIL,107,PPML-FE + Caged pre-corte,85.34508042400118
2025,103605,CM BRINCADEIRAS DE CRIANÇA,123,PPML-FE + Caged pre-corte,118.69228494836479
2025,103606,CM CAMPOS DA PAZ,102,PPML-FE + Caged pre-corte,117.76569517829407
2025,103607,CM ESTÁCIO DE SÁ,227,PPML-FE + Caged pre-corte,225.7685404073231
2025,103801,EDI PROFESSORA SIMONE SOUSA PIMENTEL,134,PPML-FE + Caged pre-corte,117.76569517829407
2025,103802,EDI LILY MARINHO,175,PPML-FE + Caged pre-corte,179.09593954475855
2025,103804,EDI ZÉLIA GATTAI AMADO,73,PPML-FE + Caged pre-corte,60.35550910476099
2025,103805,EDI BEATRIZ VICÊNCIA BANDEIRA RYFF,86,PPML-FE + Caged pre-corte,114.36831210731341
2025,103806,EDI FUNDAÇÃO LEÃO XIII,19,PPML-FE + Caged pre-corte,11.811717535343154
2025,103807,EDI MARIA LUIZA NOBRE - TIA LUIZINHA,232,PPML-FE + Caged pre-corte,194.70370443456096
2025,107601,CM ADALBERTO ISMAEL DE SOUZA,67,PPML-FE + Caged pre-corte,50.64589241291261
2025,107602,CM DEPUTADO LUIZ EDUARDO DE MAGALHÃES,188,PPML-FE + Caged pre-corte,162.4082272195605
2025,107603,CM VOVÓ LUCÍOLA,130,PPML-FE + Caged pre-corte,109.89022842032627
2025,107604,CM HOMERO JOSÉ DOS SANTOS,174,PPML-FE + Caged pre-corte,153.60169167763337
2025,107605,CM EDUARDO MOREIRA DOS SANTOS,152,PPML-FE + Caged pre-corte,133.36487414952094
2025,107606,CM FRANCISCO ALVES,154,PPML-FE + Caged pre-corte,115.29485321179075
2025,107607,CM NAÇÃO MANGUEIRENSE,175,PPML-FE + Caged pre-corte,174.614785452837
2025,107608,CM SAMORA MACHEL,138,PPML-FE + Caged pre-corte,97.07567815029739
2025,107609,CM VASQUINHO,239,PPML-FE + Caged pre-corte,193.3128553349047
2025,107610,CM ARARA AZUL,335,PPML-FE + Caged pre-corte,262.71147582788603
2025,107801,EDI PROFESSORA DAYSE MALAGOLE,48,PPML-FE + Caged pre-corte,55.73108168893064
2025,107802,EDI MORRO DOS TELÉGRAFOS,16,PPML-FE + Caged pre-corte,20.207246154821025
2025,107803,EDI DOIS DE JULHO,45,PPML-FE + Caged pre-corte,34.328792448907976
2025,11001,CP CRECHE COMUNITÁRIA ALEGRIA DA CRIANÇA,118,PPML-FE + Caged pre-corte,118.88702411545889
2025,11003,CP AMIG - ASSOCIAÇÃO DOS MORADORES DA ILHA DO GOVERNADOR,215,PPML-FE + Caged pre-corte,164.18147190025394
2025,11004,CP CENTRO DE ATIVIDADES EDUCACIONAIS E CULTURAIS ARCA DE NOÉ - CAECAN,237,PPML-FE + Caged pre-corte,190.10127897952978
2025,11006,CP CRECHE CASULO DO DENDÊ,391,PPML-FE + Caged pre-corte,299.70152684157677
2025,11007,CP CRECHE ESFERA KIDS,135,PPML-FE + Caged pre-corte,121.75953689694282
2025,11008,CP FILIAL BANCÁRIOS - RJ,213,PPML-FE + Caged pre-corte,176.41875590926182
2025,11009,CP CRECHE COMUNITÁRIA IRMÃ MOROCHA (CCIM),147,PPML-FE + Caged pre-corte,122.47775100272457
2025,11010,CP CHALÉ SEMENTINHA (ILHA DO GOVERNADOR),54,PPML-FE + Caged pre-corte,154.8271793363727
2025,1120201,CIEP OLGA BENÁRIO PRESTES,34,PPML-FE + Caged pre-corte,26.493250185366826
2025,1120601,CM STELLA MARIS,289,PPML-FE + Caged pre-corte,233.18764319063695
2025,1120602,CM CORA CORALINA,274,PPML-FE + Caged pre-corte,269.20400624266614
2025,1120603,CM DOUTOR ANTÔNIO MONTEIRO,294,PPML-FE + Caged pre-corte,231.48741285206475
2025,1120604,CM MARIA ARMINDA F. SOUZA AGUIAR,194,PPML-FE + Caged pre-corte,208.3036602012833
2025,1120605,CM SEMPRE VIDA LORETO,264,PPML-FE + Caged pre-corte,207.84000990608206
2025,1120606,CM TAUÁ,364,PPML-FE + Caged pre-corte,282.03483705649364
2025,1120801,EDI JOSÉ DE SOUZA RAMOS,135,PPML-FE + Caged pre-corte,136.45418463362947
2025,1120802,EDI NEUSA MARIA GOULART BRIZOLA,197,PPML-FE + Caged pre-corte,206.13996780248655
2025,1120804,EDI PROFESSORA ANNA MARIA JESUS CONCEICAO,178,PPML-FE + Caged pre-corte,201.65810772594776
2025,121001,EM JOAQUIM MANUEL DE MACEDO,56,PPML-FE + Caged pre-corte,26.95374568873508
2025,123601,CM JOSÉ MARINHO DE OLIVEIRA,130,PPML-FE + Caged pre-corte,85.9623901545613
2025,123603,CM FALLET,92,PPML-FE + Caged pre-corte,72.38438596296766
2025,123801,EDI HELOÍSA MARINHO,14,PPML-FE + Caged pre-corte,15.925575418674509
2025,2001,CP CRECHE ESPAÇO SEMENTE,62,PPML-FE + Caged pre-corte,60.901135951138755
2025,2002,CP EDUCANDÁRIO CASA DE JACIRA,38,PPML-FE + Caged pre-corte,26.95125614245819
2025,2003,CP CENTRO COMUNITÁRIO DA RUA UM UNIÃO FAZ A FORÇA,135,PPML-FE + Caged pre-corte,38.1922453885666
2025,2004,CP AÇÃO SOCIAL PADRE ANCHIETA - ASPA,293,PPML-FE + Caged pre-corte,282.38406297016957
2025,2005,CP ESCOLA COMUNITÁRIA DO CANTAGALO,61,PPML-FE + Caged pre-corte,70.88773868252868
2025,2006,CP CRECHE PRÉ-ESCOLA COMUNITÁRIA DOIS IRMÃOS,73,PPML-FE + Caged pre-corte,69.4597602868481
2025,2009,CP ABRIGO TERESA DE JESUS,137,PPML-FE + Caged pre-corte,126.06931744991505
2025,2010,CP CRECHE PATINHO FELIZ,141,PPML-FE + Caged pre-corte,173.53894584104026
2025,2011,CP SOCIEDADE CIVIL DE ASSISTÊNCIA A MENORES - CASA DA DINDA,80,PPML-FE + Caged pre-corte,103.81637776617515
2025,2012,CP GRUPO COMUNITÁRIO CRECHE ESCOLA TIA MAURA,107,PPML-FE + Caged pre-corte,78.74827699784929
2025,2013,CP CENTRO DE EDUCAÇÃO INFANTIL CRISTO REDENTOR,57,PPML-FE + Caged pre-corte,55.20573903083605
2025,2014,CP CRUZADA PELA INFÂNCIA DO LEME,114,PPML-FE + Caged pre-corte,84.47125520161013
2025,2015,CP CRECHE SANT ANNA,127,PPML-FE + Caged pre-corte,110.27301938469397
2025,2016,CP CASA MATERNAL MELLO MATTOS,184,PPML-FE + Caged pre-corte,150.51099260404263
2025,2018,CP FUNDAÇÃO CASA SANTA IGNEZ,84,PPML-FE + Caged pre-corte,92.34754826110674
2025,2019,CP UNIDAS - OBRAS SOCIAIS UNIDAS DE SANTA MARTA,45,PPML-FE + Caged pre-corte,46.68273205123372
2025,2020,CP CASA ESPÍRITA CRISTÃ MARIA DE NAZARÉ,104,PPML-FE + Caged pre-corte,108.12041377356947
2025,2022,CP CRECHE CHAPEUZINHO MARROM,49,PPML-FE + Caged pre-corte,49.52066607571311
2025,2024,CP CRECHE ESCADINHA DO SABER,11,PPML-FE + Caged pre-corte,14.528344989795931
2025,2025,CP CRECHE BEZERRA DE MENEZES - BOTAFOGO,238,PPML-FE + Caged pre-corte,275.1695168699295
2025,2026,CP CRECHE MONSENHOR FRANCA,63,PPML-FE + Caged pre-corte,63.75212271541669
2025,2028,CP OBRAS SOCIAIS PADRE ALEIXO,155,PPML-FE + Caged pre-corte,129.66167682401735
2025,2029,CP CASA DA CRIANÇA,416,PPML-FE + Caged pre-corte,366.83475461044065
2025,2031,CP CENTRO COMUNITÁRIO ALEGRIA DAS CRIANÇAS,86,PPML-FE + Caged pre-corte,56.62869993420858
2025,2032,CP PATRONATO OPERÁRIO DA GÁVEA,71,PPML-FE + Caged pre-corte,53.072512189412315
2025,2034,CP CENTRO SOCIAL DA MULHER UÊGA,76,PPML-FE + Caged pre-corte,68.0321919283641
2025,2035,CP CENTRO SOCIAL E AÍ COMO É QUE FICA ?,82,PPML-FE + Caged pre-corte,73.0304402962153
2025,2036,CP CRECHE BERÇÁRIO MARIA HELENA DA ROCINHA,177,PPML-FE + Caged pre-corte,151.94963440763124
2025,2037,CP CRECHE COMUNITÁRIA CANTINHO DA NATUREZA,176,PPML-FE + Caged pre-corte,157.70506210797325
2025,2038,CP CRECHE CHÁCARA DO CÉU,45,PPML-FE + Caged pre-corte,65.89164572607217
2025,2039,CP CRECHE ESCOLA MENINOS DE LUZ,268,PPML-FE + Caged pre-corte,241.27082069635117
2025,2040,CP CRECHE MARIA MARIA,123,PPML-FE + Caged pre-corte,93.06394553819264
2025,2041,CP CRECHE E PRÉ-ESCOLA COMUNITÁRIA DO 199 PINGO DE GENTE,80,PPML-FE + Caged pre-corte,31.15270458978826
2025,2042,CP CRECHE SANTA CLARA,133,PPML-FE + Caged pre-corte,107.402963710724
2025,2043,CP CRECHE SANTA MÔNICA,124,PPML-FE + Caged pre-corte,139.7241493242073
2025,2044,CP CRECHE SÃO COSME E SÃO DAMIÃO,89,PPML-FE + Caged pre-corte,75.17397837136332
2025,2045,CP CREI - CENTRO DE RECUPERAÇÃO INFANTIL,63,PPML-FE + Caged pre-corte,39.60451840262367
2025,2046,CP ESPAÇO SANTA TEREZINHA - EST,207,PPML-FE + Caged pre-corte,204.50941652574386
2025,204601,CM TIA AMÁLIA,58,PPML-FE + Caged pre-corte,67.14018593143226
2025,204602,CM ARACY GUIMARÃES ROSA,587,PPML-FE + Caged pre-corte,381.44748497964576
2025,2047,CP GRUPO COMUNITÁRIO MORRO DA ALEGRIA,66,PPML-FE + Caged pre-corte,65.17835446566417
2025,2048,CP LAR CANTINHO FELIZ,212,PPML-FE + Caged pre-corte,232.61874028062076
2025,204804,EDI PROFESSORA SARITA KONDER,30,PPML-FE + Caged pre-corte,70.99610133882749
2025,204805,EDI CLAUDIO CAVALCANTI,188,PPML-FE + Caged pre-corte,151.28429395382324
2025,204806,EDI IRMA MARGARITA ALARCON,133,PPML-FE + Caged pre-corte,156.0736352350552
2025,2049,CP OBRA DO BERÇO,285,PPML-FE + Caged pre-corte,240.54976457988434
2025,2052,CP CRECHE CASA SANTA MARTA,137,PPML-FE + Caged pre-corte,128.22464074591073
2025,2053,CP CRECHE ESPERANÇA,184,PPML-FE + Caged pre-corte,174.2588734419032
2025,2054,CP UNIÃO DE MULHERES PRO-MELHORAMENTO DA ROUPA SUJA,78,PPML-FE + Caged pre-corte,73.0304402962153
2025,2055,CP CRECHE CASA DO POBRE DE NOSSA SENHORA DE COPACABANA,136,PPML-FE + Caged pre-corte,83.75562570823263
2025,2056,CP CRECHE SANTA CLARA DE ASSIS NA PROVIDÊNCIA DE DEUS,70,PPML-FE + Caged pre-corte,75.17397837136332
2025,205601,CM IRMÃS BAPTISTA,425,PPML-FE + Caged pre-corte,360.41935444938
2025,205602,CM TIA SONIA CRISPINIANO,181,PPML-FE + Caged pre-corte,166.73447525095102
2025,2057,CP CENTRO EDUCACIONAL ESPERANÇA,37,PPML-FE + Caged pre-corte,26.95125614245819
2025,2058,CP NASCEER - NÚCLEO DE ASSIST. SOCIAL CULTURAL EDUC. ECOLÓGICO DA ROCINHA,82,PPML-FE + Caged pre-corte,50.94084622292823
2025,205801,EDI DONA MARCELA,90,PPML-FE + Caged pre-corte,114.21388992310798
2025,2060,CP ASSOCIAÇÃO CENTRO EDUCACIONAL REBRAL - ROCINHA,138,PPML-FE + Caged pre-corte,63.0391873568114
2025,2061,CP CRECHE INSTITUTO MACINTYRE,60,PPML-FE + Caged pre-corte,63.75212271541669
2025,2062,CP CENTRO EDUCACIONAL ROUPA FELIZ,13,PPML-FE + Caged pre-corte,22.773038805547905
2025,2063,CP CRECHE ANJOS DO BEM,66,PPML-FE + Caged pre-corte,59.4764262819591
2025,206601,CM DOUTOR SOBRAL PINTO,74,PPML-FE + Caged pre-corte,72.38438596296766
2025,206602,CM VIDIGAL,139,PPML-FE + Caged pre-corte,124.71542168308066
2025,206603,CM JACÓ INÁCIO GOMES,88,PPML-FE + Caged pre-corte,144.64136560096205
2025,206605,CM DOUTOR PEDRO BLOCH,121,PPML-FE + Caged pre-corte,153.44719699298219
2025,206606,CM ELZA MACHADO DOS SANTOS - TIA ELZA,196,PPML-FE + Caged pre-corte,170.7518323577104
2025,208601,CM CASA BRANCA - PROFESSOR PAULO FREIRE,82,PPML-FE + Caged pre-corte,79.32691115313699
2025,208603,CM RAÍZES DO SALGUEIRO,85,PPML-FE + Caged pre-corte,59.738843344114485
2025,208604,CM TIA BELA,89,PPML-FE + Caged pre-corte,102.32461924577026
2025,208605,CM TIA MARIA,30,PPML-FE + Caged pre-corte,49.25937247786396
2025,208606,CM DOUTOR RONALDO LUIZ GAZOLLA,48,PPML-FE + Caged pre-corte,75.77828957251278
2025,208607,CM DOS SONHOS,57,PPML-FE + Caged pre-corte,65.59800911585698
2025,208608,CM DOUTOR SÉRGIO AROUCA,181,PPML-FE + Caged pre-corte,160.39966224345312
2025,208801,EDI IGOR MORAES DA SILVA,70,PPML-FE + Caged pre-corte,72.07587149836472
2025,208803,EDI BOREL,58,PPML-FE + Caged pre-corte,76.7283148901083
2025,209601,CM PIPA NO CÉU,101,PPML-FE + Caged pre-corte,106.18449060779939
2025,209602,CM CANTINHO DO CÉU,152,PPML-FE + Caged pre-corte,118.0745570013003
2025,209603,CM GALDINO MANOEL DA SILVA,46,PPML-FE + Caged pre-corte,40.63628345235269
2025,209604,CM NOVA DIVINÉIA,56,PPML-FE + Caged pre-corte,58.96804259467987
2025,209605,CM SÃO SEBASTIÃO - ARRELIA,75,PPML-FE + Caged pre-corte,65.44379771713298
2025,209606,CM WINNIE MANDELA,55,PPML-FE + Caged pre-corte,62.35982165505885
2025,209607,CM SOLANGE MARIA MAGALHÃES,71,PPML-FE + Caged pre-corte,95.53198583795397
2025,209608,CM GERMINAL DA VILA,124,PPML-FE + Caged pre-corte,109.11817948032613
2025,209609,CM PAPA JOÃO PAULO II,146,PPML-FE + Caged pre-corte,132.90148716727214
2025,209610,CM FRANCISCO DE PAULA,92,PPML-FE + Caged pre-corte,106.33889136774837
2025,209803,EDI PROFESSORA SUELY DE PINHO CAVALCANTE,34,PPML-FE + Caged pre-corte,86.88837498429403
2025,209804,EDI PROFESSORA LUCIA MARIA QUITETE DE CARVALHO AMARAL,15,PPML-FE + Caged pre-corte,35.25145347179522
2025,227601,CM CASTELINHO,44,PPML-FE + Caged pre-corte,127.4954990923156
2025,227602,CM IACYRA FRAZÃO,15,PPML-FE + Caged pre-corte,28.1820261251789
2025,227801,EDI PROFESSORA EDIR CASEIRO RIBEIRO,347,PPML-FE + Caged pre-corte,250.8088414948286
2025,3001,CP ASSOCIAÇÃO PRESBITERIANA CUIDANDO DO AMANHÃ - APCA,161,PPML-FE + Caged pre-corte,144.03823497219904
2025,3002,CP ABRIGO MARIA IMACULADA,249,PPML-FE + Caged pre-corte,224.68885548354913
2025,3003,CP CASA SÃO ROQUE,158,PPML-FE + Caged pre-corte,159.8636885884479
2025,3004,CP CENTRO COMUNITÁRIO NOSSA SENHORA APARECIDA - CRECHE,85,PPML-FE + Caged pre-corte,93.7804005206103
2025,3005,CP COLÉGIO RUTH SANT ANNA / JARDIM DE INFÂNCIA CIRANDA CIRANDINHA,94,PPML-FE + Caged pre-corte,124.63259319743065
2025,3006,CP CRECHE CASA VIVA,421,PPML-FE + Caged pre-corte,371.8892977128854
2025,3007,CP CRECHE CHAMEGUINHO,85,PPML-FE + Caged pre-corte,83.75562570823263
2025,3008,CP CRECHE COMUNITÁRIA ELIANA SATURNINO BRAGA,105,PPML-FE + Caged pre-corte,79.46338304081692
2025,3009,CP CRECHE COMUNITÁRIA JOÃO FERREIRA,46,PPML-FE + Caged pre-corte,36.78128373503495
2025,3010,CP CRECHE ESCOLA COMUNITÁRIA MÃE SOCIAL,122,PPML-FE + Caged pre-corte,114.57933200764641
2025,3011,CP CRECHE DO CENTRO PASTORAL SOCIAL PADRE JUSTINO RUSSOLILLO,44,PPML-FE + Caged pre-corte,48.81087073585471
2025,3012,CP CRECHE MÃE DO DIVINO SALVADOR,328,PPML-FE + Caged pre-corte,275.1695168699292
2025,3013,CP CRECHE DO JACAREZINHO,179,PPML-FE + Caged pre-corte,156.26607926400843
2025,3014,CP CRECHE PLANTANDO O AMANHÃ,584,PPML-FE + Caged pre-corte,513.4761003644372
2025,3015,CP CRECHE MARIETTA NAVARRO GAIO,68,PPML-FE + Caged pre-corte,82.32458091949326
2025,3016,CP CRECHE SÃO PEDRO NOLASCO,80,PPML-FE + Caged pre-corte,70.88773868252868
2025,3017,CP CRECHE TERNURINHA,43,PPML-FE + Caged pre-corte,49.52066607571311
2025,3018,CP FRATERNIDADE ASSISTENCIAL CRISTÃ,42,PPML-FE + Caged pre-corte,40.31111861999492
2025,3019,CP INSTITUTO EDUCACIONAL CRESCENDO E APRENDENDO ALGODÃO DOCE,202,PPML-FE + Caged pre-corte,194.42316629309778
2025,3020,CP LAR DA CRIANÇA JESUS BOM PASTOR,118,PPML-FE + Caged pre-corte,97.36351140829484
2025,3021,CP CRECHE COMUNITÁRIA TIA ALICE,199,PPML-FE + Caged pre-corte,191.54185297839155
2025,3022,CP INSTITUTO AVANTE ELITE DO FUTURO,257,PPML-FE + Caged pre-corte,220.36397280592516
2025,3023,CP LAR DE MARIA DOLORES,49,PPML-FE + Caged pre-corte,38.1922453885666
2025,3024,CP CASA DE LEYLÁ,191,PPML-FE + Caged pre-corte,189.38101300741377
2025,3025,CP CENTRO CULTURAL EDUCAR - UNIDADE II,486,PPML-FE + Caged pre-corte,391.38704883159994
2025,3026,CP CHALÉ SEMENTINHA,504,PPML-FE + Caged pre-corte,407.99817729922285
2025,3027,CP CENTRO CULTURAL EDUCAR - UNIDADE IV,239,PPML-FE + Caged pre-corte,227.57231315891713
2025,3028,CP ESTRELINHA DO MAR,299,PPML-FE + Caged pre-corte,257.1361819725559
2025,3029,CP CRECHE BRINCANDO COM JUNINHO,179,PPML-FE + Caged pre-corte,174.97881774395444
2025,3030,CP CRECHE TIO KITO,65,PPML-FE + Caged pre-corte,78.74827699784929
2025,3031,CP ESCOLA COMUNITÁRIA JARDIM ARCO-ÍRIS - UNIDADE I,110,PPML-FE + Caged pre-corte,110.27301938469397
2025,3032,CP NÚCLEO RECREATIVO RAIOZINHO DE SOL,188,PPML-FE + Caged pre-corte,168.49993205216333
2025,3033,CP INSTITUTO EDUCACIONAL T & P CONQUISTA,270,PPML-FE + Caged pre-corte,223.96801611453773
2025,3034,CP CRECHE RISCO E RABISCO,129,PPML-FE + Caged pre-corte,109.55544216192274
2025,3035,CP CENTRO EDUCACIONAL SÃO VICENTE DE PAULO,76,PPML-FE + Caged pre-corte,92.34754826110674
2025,3036,CP CENTRO CULTURAL EVOLUIR,178,PPML-FE + Caged pre-corte,151.2303024468027
2025,3037,CP CRECHE FRUTOS DO AMANHÃ I,447,PPML-FE + Caged pre-corte,451.3389127706237
2025,3038,CP CRECHE FRUTOS DO AMANHÃ II,210,PPML-FE + Caged pre-corte,206.671074110859
2025,3039,CP CRECHE COMUNITÁRIA CÉU AZUL,101,PPML-FE + Caged pre-corte,66.60505062371467
2025,3040,CP ASSOCIAÇÃO CRESCENCIO UNIDADE II,100,PPML-FE + Caged pre-corte,124.63259319743065
2025,3041,CP CENTRO DE DESENVOLVIMENTO INFANTIL ESPELHO D'AGUA,124,PPML-FE + Caged pre-corte,94.49691234362864
2025,312502,CIEP PROCÓPIO FERREIRA,143,PPML-FE + Caged pre-corte,133.05594921199508
2025,312601,CM CANTINHO FELIZ,228,PPML-FE + Caged pre-corte,230.86915007541282
2025,312602,CM ENGENHO DA RAINHA,244,PPML-FE + Caged pre-corte,186.04971258058683
2025,312603,CM RENASCER,248,PPML-FE + Caged pre-corte,203.04901892739878
2025,312801,EDI HENRIQUE FORÉIS,186,PPML-FE + Caged pre-corte,173.8421864632899
2025,312802,EDI LUCIA MARIA BATISTA DE ALBUQUERQUE,76,PPML-FE + Caged pre-corte,105.25809541085422
2025,312803,EDI PROFESSORA LUIZA HELENA MAIA MEDEIROS,70,PPML-FE + Caged pre-corte,85.19075469977972
2025,312804,EDI PROFESSORA TÂNIA MARTINS NOVO LENZ,129,PPML-FE + Caged pre-corte,142.7876024873417
2025,312805,EDI TANIA CRISTINA MOREIRA,273,PPML-FE + Caged pre-corte,235.042452655443
2025,312806,EDI PROFESSORA ELIANE MONTE CHIARI DANTAS,189,PPML-FE + Caged pre-corte,197.17635142362886
2025,312809,EDI PROFESSORA VALÉRIA PEREIRA DE SOUZA PINTO,161,PPML-FE + Caged pre-corte,186.82237255276738
2025,312810,EDI MARIA MAZZETTI,55,PPML-FE + Caged pre-corte,68.99094369788389
2025,312812,EDI HERMENEGILDO DE BARROS,152,PPML-FE + Caged pre-corte,126.2598965471649
2025,312813,EDI JORNALISTA JORGE BASTOS MORENO,217,PPML-FE + Caged pre-corte,248.92260244823822
2025,313601,CM VILA DOS MINEIROS,102,PPML-FE + Caged pre-corte,119.00115105755226
2025,313602,CM ACONCHEGO,76,PPML-FE + Caged pre-corte,99.5456955339797
2025,313603,CM SYLVIA ORTHOF,147,PPML-FE + Caged pre-corte,140.77939907955607
2025,313604,CM NOSSO CANTINHO,111,PPML-FE + Caged pre-corte,127.3410476880766
2025,313606,CM CANTINHO DO QUETO,73,PPML-FE + Caged pre-corte,102.17023045582876
2025,313607,CM ODETINHA VIDAL DE OLIVEIRA,133,PPML-FE + Caged pre-corte,181.41382988801954
2025,313608,CM RACHEL LEITE DIAS,322,PPML-FE + Caged pre-corte,304.1419672091308
2025,313609,CM RECANTO DA CACHOEIRA,128,PPML-FE + Caged pre-corte,122.70765261003102
2025,313610,CM EMMANUEL,134,PPML-FE + Caged pre-corte,156.38263191799373
2025,313611,CM JOSÉ RAMOS JANUÁRIO - ZÉ PRETINHO,133,PPML-FE + Caged pre-corte,187.7495692588761
2025,313612,CM MARCILIA CATARINA DA COSTA ORGÉLIO - TIA MANA,218,PPML-FE + Caged pre-corte,232.10567712722653
2025,313801,EDI PROF. JOSÉ LIBONATI FILHO,101,PPML-FE + Caged pre-corte,101.39829372203286
2025,313802,EDI ANÍSIO TEIXEIRA,316,PPML-FE + Caged pre-corte,307.85236822978385
2025,313804,EDI GEORGE BERNANOS,84,PPML-FE + Caged pre-corte,105.10369778398682
2025,313805,EDI MAURÍCIO CARDOSO,160,PPML-FE + Caged pre-corte,160.86317434512625
2025,313806,EDI EDUCANDÁRIO DE SANTA CRUZ,28,PPML-FE + Caged pre-corte,77.32111445219721
2025,313809,EDI ESCULTORA LYGIA CLARK,123,PPML-FE + Caged pre-corte,100.78075308199038
2025,328601,CM GERALDA DE JESUS ALEIXO,105,PPML-FE + Caged pre-corte,108.65495514953528
2025,328602,CM TIA ANDREZA,214,PPML-FE + Caged pre-corte,221.59539386256466
2025,328604,CM DA COMUNIDADE DO JACAREZINHO,201,PPML-FE + Caged pre-corte,200.42175059816242
2025,328801,EDI PADRE NELSON CARLOS DEL MÔNACO,288,PPML-FE + Caged pre-corte,257.91945201653704
2025,329801,EDI DONA LINDU,323,PPML-FE + Caged pre-corte,263.4843895085057
2025,330601,CM JOSÉ DE VIEIRA DA SILVA,220,PPML-FE + Caged pre-corte,179.71404023391588
2025,330602,CM NOVA BRASÍLIA,258,PPML-FE + Caged pre-corte,244.31669221250735
2025,4001,CP CENTRO EDUCACIONAL APRENDIZ DA MARÉ,178,PPML-FE + Caged pre-corte,179.2988267791718
2025,4002,CP INSTITUTO EDUCACIONAL LUIZ ANTONIO - IELA,114,PPML-FE + Caged pre-corte,126.06931744991505
2025,4003,CP ASSOCIAÇÃO CIVIL CENTRO EDUCACIONAL COMUNITÁRIO ESTAÇÃO DO SABER,100,PPML-FE + Caged pre-corte,114.57933200764641
2025,4004,CP CRECHE DO CENTRO COMUNITÁRIO DA VILA PROLETÁRIA DA PENHA,108,PPML-FE + Caged pre-corte,85.90272249893086
2025,4005,CP CASA DE JOEL,193,PPML-FE + Caged pre-corte,159.1441263759132
2025,4006,CP COMUNIDADE INSTITUCIONAL ADULÃO TEMPO FELIZ,92,PPML-FE + Caged pre-corte,81.60916806946368
2025,4007,CP CRECHE CASULO BOM JESUS DA PENHA,80,PPML-FE + Caged pre-corte,102.38206473766442
2025,4008,CP CRECHE COMUNITÁRIA CASULO DO PARQUE PROLETÁRIO DA PENHA,65,PPML-FE + Caged pre-corte,41.72519522070278
2025,4009,CP CRECHE COMUNITÁRIA DE MANGUINHOS,59,PPML-FE + Caged pre-corte,55.91714120171025
2025,4010,CP CRECHE COMUNITÁRIA SAGRADO CORAÇÃO DE MARIA,114,PPML-FE + Caged pre-corte,84.47125520161013
2025,4011,CP CRECHE E PRÉ-ESCOLA NOVA JERUSALÉM,71,PPML-FE + Caged pre-corte,78.74827699784929
2025,4012,CP CRECHE ESCOLA MIMI I,200,PPML-FE + Caged pre-corte,206.6710741108592
2025,4013,CP RECANTO DA CRIANÇA FELIZ,87,PPML-FE + Caged pre-corte,80.17856780978393
2025,4014,CP CRECHE SAGRADO CORAÇÃO DE MARIA E SANTO ANTÔNIO,109,PPML-FE + Caged pre-corte,70.88773868252873
2025,4015,CP ESPAÇO DE EDUCAÇÃO INFANTIL VILA DO JOÃO,325,PPML-FE + Caged pre-corte,172.81903507904812
2025,4016,CP CRECHE LAR IRMÃO FRANCISCO,182,PPML-FE + Caged pre-corte,121.04135675246918
2025,4017,CP ASSOCIAÇÃO CENTRO EDUCACIONAL REBRAL I,144,PPML-FE + Caged pre-corte,144.03823497219904
2025,4018,CP SOCIEDADE DE ENSINO TEREZA CRISTINA,149,PPML-FE + Caged pre-corte,137.56745229826578
2025,4020,CP CENTRO CULTURAL EDUCAR,77,PPML-FE + Caged pre-corte,90.1987116099985
2025,4021,CP ASSOCIAÇÃO CENTRO EDUCACIONAL REBRAL II,184,PPML-FE + Caged pre-corte,160.58327061532316
2025,4022,CP CRECHE VALE DO SOL NO GROTÃO,306,PPML-FE + Caged pre-corte,236.2236146532182
2025,4023,CP CENTRO CULTURAL EDUCAR - UNIDADE III,106,PPML-FE + Caged pre-corte,154.10776094379528
2025,4024,CP CRECHE VALE DO SOL,358,PPML-FE + Caged pre-corte,332.9022046375553
2025,4025,CP CRECHE E PRÉ-ESCOLA NOVA JERUSALÉM NO CORDOVIL,189,PPML-FE + Caged pre-corte,188.6607611948021
2025,4026,CP CRECHE ESCOLA PATINHO ESTUDIOSO,40,PPML-FE + Caged pre-corte,41.72519522070278
2025,4027,CP ASSOCIAÇÃO CENTRO EDUCACIONAL REBRAL IV,392,PPML-FE + Caged pre-corte,334.3459489535191
2025,4028,CP CRECHE TIA NANE I,92,PPML-FE + Caged pre-corte,92.34754826110674
2025,4029,CP SOLZINHO,290,PPML-FE + Caged pre-corte,258.5786798493048
2025,4030,CP CRECHE VALE DO SOL II,327,PPML-FE + Caged pre-corte,252.0876846277196
2025,4032,CP ASSOCIAÇÃO CENTRO EDUCACIONAL REBRAL V,377,PPML-FE + Caged pre-corte,353.1162348701022
2025,4034,CP CASA DE JOEL II,341,PPML-FE + Caged pre-corte,319.18757718691506
2025,4035,CP INSTITUTO DE EDUCAÇÃO EUCLIDES DOS SANTOS,178,PPML-FE + Caged pre-corte,194.42316629309778
2025,4036,CP CRECHE GIZ COLORIDO,93,PPML-FE + Caged pre-corte,119.6050999517397
2025,4037,CP CRECHE ESCOLA MIMI II,92,PPML-FE + Caged pre-corte,78.74827699784936
2025,4038,CP ASSOCIAÇÃO CENTRO EDUCACIONAL REBRAL VIII,227,PPML-FE + Caged pre-corte,234.06066219438694
2025,4039,CP ASSOCIAÇÃO CENTRO EDUCACIONAL REBRAL IX,89,PPML-FE + Caged pre-corte,75.17397837136332
2025,4040,CP ASSOCIAÇÃO CENTRO EDUCACIONAL REBRAL X,503,PPML-FE + Caged pre-corte,224.68885548354896
2025,4041,CP CRECHE ESCOLA OTACÍLIO BATISTA,105,PPML-FE + Caged pre-corte,77.31830676654435
2025,4042,CP CENTRO CULTURAL PEDACINHO DO CÉU,167,PPML-FE + Caged pre-corte,164.18147190025394
2025,4043,CP ASSOCIAÇÃO COMUNITÁRIA EDUCACIONAL FLORESCER,104,PPML-FE + Caged pre-corte,96.64678049400435
2025,4044,CP CRECHE HOUSE BABY - BONSUCESSO,186,PPML-FE + Caged pre-corte,173.53894584104026
2025,4045,CP CRECHE CRIANÇA FELIZ EM LUCAS,112,PPML-FE + Caged pre-corte,112.4259967705248
2025,4046,CP CRECHE TIA NANE III,84,PPML-FE + Caged pre-corte,89.48255420704902
2025,4047,CP CRECHE VALE DO SOL III,305,PPML-FE + Caged pre-corte,256.41494458081354
2025,4048,CP INSTITUTO DE EDUCAÇÃO EUCLIDES DOS SANTOS II,117,PPML-FE + Caged pre-corte,157.70506210797325
2025,4049,CP INSTITUTO JOSEFA LAURENTINO,91,PPML-FE + Caged pre-corte,164.90116920600607
2025,4050,CP CENTRO EDUCACIONAL CARIOQUINHA,112,PPML-FE + Caged pre-corte,116.01508111120198
2025,410601,CM MANGUINHOS,62,PPML-FE + Caged pre-corte,79.63550733422565
2025,410602,CM DR. JUVENIL DE SOUZA LOPES,27,PPML-FE + Caged pre-corte,86.88837498429403
2025,410603,CM CHICO BENTO,143,PPML-FE + Caged pre-corte,239.83410382915804
2025,410801,EDI DOUTOR DOMINGOS ARTHUR MACHADO FILHO,452,PPML-FE + Caged pre-corte,283.426158828815
2025,410802,EDI DOUTOR ANTÔNIO FERNANDES FIGUEIRA,187,PPML-FE + Caged pre-corte,114.67715762256609
2025,410803,EDI JOAQUIM VENÂNCIO,68,PPML-FE + Caged pre-corte,58.96804259467993
2025,410804,EDI SARGENTO JORGE FALEIRO SOUZA,22,PPML-FE + Caged pre-corte,40.94410924281943
2025,410805,EDI COMPOSITOR NEOCI DIAS DE ANDRADE,150,PPML-FE + Caged pre-corte,149.89387887364566
2025,410807,EDI PROFESSORA TANIA DA ROCHA CORREA,132,PPML-FE + Caged pre-corte,165.49838963093129
2025,410808,EDI ALMIR LEITE RIBEIRO,158,PPML-FE + Caged pre-corte,161.32668819023044
2025,410810,EDI MIGUEL COUTO,42,PPML-FE + Caged pre-corte,98.46504664756465
2025,411601,CM CARLOS DRUMMOND DE ANDRADE,138,PPML-FE + Caged pre-corte,182.650052146472
2025,411602,CM TEMPO DE APRENDER,94,PPML-FE + Caged pre-corte,95.68635263289958
2025,411603,CM MORRO DA PAZ,108,PPML-FE + Caged pre-corte,101.08952242322441
2025,411604,CM BETINHO,11,PPML-FE + Caged pre-corte,78.86402283968039
2025,411605,CM CARACOL,101,PPML-FE + Caged pre-corte,120.23662956118677
2025,411607,CM MARIA ALTAMIRA C. OLEGÁRIO,5,PPML-FE + Caged pre-corte,44.33093679187155
2025,411609,CM TIA RUTH COSTA DOS SANTOS,31,PPML-FE + Caged pre-corte,95.68635263289958
2025,411801,EDI MARIANA ROCHA DE SOUZA,208,PPML-FE + Caged pre-corte,255.29159861261587
2025,411802,EDI JOEL LUIZ DE AZEVEDO BASTOS,51,PPML-FE + Caged pre-corte,83.64753572981606
2025,411803,EDI MARIA DE LOURDES FERREIRA,96,PPML-FE + Caged pre-corte,139.38912936735858
2025,411804,EDI MORRO DA FÉ,4,PPML-FE + Caged pre-corte,25.419009672652567
2025,430601,CM MENINO MALUQUINHO,115,PPML-FE + Caged pre-corte,212.78566602893062
2025,430602,CM VILA PINHEIRO,377,PPML-FE + Caged pre-corte,238.13383073506068
2025,430603,CM TIO MÁRIO,439,PPML-FE + Caged pre-corte,252.97292290458213
2025,430604,CM MONTEIRO LOBATO,69,PPML-FE + Caged pre-corte,119.92775783971754
2025,430605,CM NOVA HOLANDA,73,PPML-FE + Caged pre-corte,69.60789688637884
2025,430607,CM PROFESSOR PAULO FREIRE,78,PPML-FE + Caged pre-corte,65.59800911585698
2025,430801,"EDI PESCADOR ISIDORO DUARTE - ""DORO""",176,PPML-FE + Caged pre-corte,150.66632948680603
2025,430802,EDI PROFESSORA KELITA FARIA DE PAULA,87,PPML-FE + Caged pre-corte,170.2882851147863
2025,430803,EDI PROFESSOR MOACYR DE GÓES,60,PPML-FE + Caged pre-corte,121.31769144787404
2025,430805,EDI PROFESSORA SOLANGE CONCEIÇÃO TRICARICO,178,PPML-FE + Caged pre-corte,137.53546898006232
2025,430806,EDI CLEIA SANTOS DE OLIVEIRA,74,PPML-FE + Caged pre-corte,158.0821282421234
2025,430807,EDI MARIA AMÉLIA CASTRO E SILVA BELFORT,161,PPML-FE + Caged pre-corte,140.31597354699545
2025,430809,EDI MEDALHISTA OLÍMPICO LUIZ FELIPE MARQUES FONTELES,406,PPML-FE + Caged pre-corte,237.20641355162326
2025,430810,EDI MEDALHISTA OLÍMPICO EVANDRO MOTTA MARCONDES GUERRA,402,PPML-FE + Caged pre-corte,254.6732833828556
2025,430811,EDI MEDALHISTA OLÍMPICO WILLIAM PEIXOTO ARJONA,387,PPML-FE + Caged pre-corte,262.71147582788603
2025,430812,EDI MEDALHISTA OLÍMPICO EDER FRANCIS CARBONERA,204,PPML-FE + Caged pre-corte,151.59327750292653
2025,430813,EDI ARMANDO DE SALLES OLIVEIRA,82,PPML-FE + Caged pre-corte,59.27635865039773
2025,430815,EDI PESCADOR ALBANO ROSA,340,PPML-FE + Caged pre-corte,78.0925584133818
2025,431601,CM LUÍS CARLOS DE OLIVEIRA CÂMARA,23,PPML-FE + Caged pre-corte,83.80185445725225
2025,431602,CM BARBOSA LIMA SOBRINHO,289,PPML-FE + Caged pre-corte,224.2229220639845
2025,431603,CM CHICO MENDES,104,PPML-FE + Caged pre-corte,114.21388992310798
2025,431604,CM CORAÇÃO DE GENEVE,109,PPML-FE + Caged pre-corte,111.27994252037534
2025,431605,CM SEMPRE VIDA DIQUE,306,PPML-FE + Caged pre-corte,232.10567712722653
2025,431606,CM VISCONDE DE SABUGOSA,61,PPML-FE + Caged pre-corte,62.51400869204349
2025,431607,CM ACAUÃ,32,PPML-FE + Caged pre-corte,18.829739590196677
2025,431608,CM ARI PIMENTEL,8,PPML-FE + Caged pre-corte,43.86902032973149
2025,431801,EDI CARVALHO MOURÃO,26,PPML-FE + Caged pre-corte,22.965056503691
2025,431802,EDI PROFESSOR CARLOS FALSETH,158,PPML-FE + Caged pre-corte,212.63111252954428
2025,431803,EDI PROFESSOR EMMANUEL PEREIRA FILHO,31,PPML-FE + Caged pre-corte,35.40524443705619
2025,5001,CP ASSOCIAÇÃO AMIGOS DA CRIANÇA - CRECHE ROCHA MIRANDA,490,PPML-FE + Caged pre-corte,486.7406700330178
2025,5002,CP CRECHE EFFATÁ,116,PPML-FE + Caged pre-corte,100.94794298546421
2025,5003,CP CRECHE PINTINHO DOURADO,175,PPML-FE + Caged pre-corte,142.60010635927358
2025,5004,CP CRECHE CASULO SÃO RAFAEL ARCANJO,72,PPML-FE + Caged pre-corte,71.6018766001821
2025,5005,CP CRECHE APÓSTOLO SÃO PEDRO,147,PPML-FE + Caged pre-corte,140.4431004273044
2025,5006,CP CRECHE CARDEAL CÂMARA,470,PPML-FE + Caged pre-corte,405.83141317105975
2025,5007,CP CENTRO COMUNITÁRIO FLOR DO AMANHÃ,75,PPML-FE + Caged pre-corte,83.75562570823263
2025,5008,CP ASSOCIAÇÃO HOUSE BABY - VILA KOSMOS,223,PPML-FE + Caged pre-corte,188.66076119480226
2025,5009,CP ASSOCIAÇÃO CRECHE ESPERANÇA - IRAJÁ,249,PPML-FE + Caged pre-corte,279.4981658546873
2025,5010,CP ASSOCIAÇÃO CENTRO EDUCACIONAL REBRAL VII,641,PPML-FE + Caged pre-corte,381.9989230532035
2025,5012,CP ASSOCIAÇÃO CENTRO EDUCACIONAL REBRAL XI,351,PPML-FE + Caged pre-corte,332.1803393892855
2025,5013,CP CENTRO EDUCACIONAL SOMAR,281,PPML-FE + Caged pre-corte,268.67700077045924
2025,5014,CP AEMMAC - MARECHAL HERMES,407,PPML-FE + Caged pre-corte,323.518323637256
2025,5015,CP AEMMAC - ROCHA MIRANDA,578,PPML-FE + Caged pre-corte,467.9553659586426
2025,5016,CP ASSOCIAÇÃO EDUCACIONAL E CULTURAL SÃO BERNARDO - CSB,338,PPML-FE + Caged pre-corte,319.1875771869148
2025,514009,EM MATO GROSSO,64,PPML-FE + Caged pre-corte,57.88898190067913
2025,514501,CIEP DOM OSCAR ROMERO,46,PPML-FE + Caged pre-corte,48.48915471848819
2025,514601,CM TIO SEBASTIÃO XAVIER,72,PPML-FE + Caged pre-corte,103.55974664232271
2025,514602,CM JECIÁ DE FREITAS FERREIRA,470,PPML-FE + Caged pre-corte,460.4628079079158
2025,514603,CM AMÁLIA FERNANDEZ CONDE,110,PPML-FE + Caged pre-corte,173.06959162170457
2025,514604,CM ESTRELINHA DOURADA,80,PPML-FE + Caged pre-corte,133.36487414952094
2025,514605,CM O SONHO DE RAMON PASCUAL,149,PPML-FE + Caged pre-corte,173.06959162170457
2025,514606,CM ACALANTO,112,PPML-FE + Caged pre-corte,119.00115105755226
2025,514607,CM SEMENTINHA,104,PPML-FE + Caged pre-corte,167.35252239979417
2025,514608,CM JOSEPH BARBERA,158,PPML-FE + Caged pre-corte,151.59327750292653
2025,514609,CM PARQUE BOM MENINO,287,PPML-FE + Caged pre-corte,324.8587526900486
2025,514801,EDI DEPUTADO PEDRO FERNANDES,123,PPML-FE + Caged pre-corte,214.94942658348637
2025,514802,EDI LUXEMBURGO,81,PPML-FE + Caged pre-corte,59.122199910308154
2025,514803,EDI JOSÉ ALPOIM,58,PPML-FE + Caged pre-corte,52.95710380728295
2025,515015,EM PADRE DEHON,80,PPML-FE + Caged pre-corte,81.02422877307988
2025,515021,EM MOZART LAGO,71,PPML-FE + Caged pre-corte,73.46421637236918
2025,515046,EM ADELMAR TAVARES,55,PPML-FE + Caged pre-corte,45.40882943854081
2025,515053,EM SENADOR FRANCISCO GALLOTTI,34,PPML-FE + Caged pre-corte,35.40524443705619
2025,515064,EM MESTRE DARCY DO JONGO,24,PPML-FE + Caged pre-corte,19.59489294076597
2025,515501,CIEP AUGUSTO PINHEIRO DE CARVALHO,76,PPML-FE + Caged pre-corte,77.6296895549692
2025,515503,CIEP METALÚRGICO BENEDITO CERQUEIRA,47,PPML-FE + Caged pre-corte,49.875583622553336
2025,515601,CM OLGA BENÁRIO,102,PPML-FE + Caged pre-corte,113.90504670670182
2025,515602,CM SÃO MIGUEL ARCANJO,339,PPML-FE + Caged pre-corte,367.5317342870183
2025,515604,CM GERCINDA ROSA FONSECA,222,PPML-FE + Caged pre-corte,259.00151566511556
2025,515605,CM JOSÉ RAIMUNDO DE SOUZA ALVES,244,PPML-FE + Caged pre-corte,253.90039108783648
2025,515606,CM JOSUÉ DE CASTRO,153,PPML-FE + Caged pre-corte,198.10360260519013
2025,515607,CM MANÉ GARRINCHA I,299,PPML-FE + Caged pre-corte,264.4118883107147
2025,515608,CM MARIA JOSÉ DE PAULA DE JESUS,128,PPML-FE + Caged pre-corte,140.31597354699545
2025,515610,CM SEMPRE VIDA PALMEIRINHA,69,PPML-FE + Caged pre-corte,83.80185445725218
2025,515611,CM VOVÓ MARIA JOANA,169,PPML-FE + Caged pre-corte,153.13820826265882
2025,515612,CM TIA MARIA DO JONGO,150,PPML-FE + Caged pre-corte,119.31001858069226
2025,515613,CM MANOEL DA ROCHA APRISCO,189,PPML-FE + Caged pre-corte,180.0230915111865
2025,515801,EDI KARINE LORRAINE CHAGAS DE OLIVEIRA,433,PPML-FE + Caged pre-corte,342.02032501935366
2025,515802,EDI GUSTAVO LESSA,96,PPML-FE + Caged pre-corte,72.07587149836472
2025,515803,EDI PIO XII,89,PPML-FE + Caged pre-corte,84.57345871090627
2025,515804,EDI FERNÃO DIAS,85,PPML-FE + Caged pre-corte,82.72163844838715
2025,515805,EDI ROCHA POMBO,45,PPML-FE + Caged pre-corte,53.57349571049428
2025,515807,EDI BURITI CONGONHAS,102,PPML-FE + Caged pre-corte,117.61126480770415
2025,515808,EDI GUARACIARA RODRIGUES DINIZ,95,PPML-FE + Caged pre-corte,94.45143371111303
2025,515809,EDI PROFESSOR UBIRAJARA DE PAULA CASTRO,305,PPML-FE + Caged pre-corte,280.0251590922194
2025,515810,EDI PROFESSORA TEREZINHA SARDOUX HENRIQUES,195,PPML-FE + Caged pre-corte,218.81333738666032
2025,6001,CP ESCOLA PATRONATO NOSSA SENHORA DE NAZARÉ,295,PPML-FE + Caged pre-corte,241.99188556586697
2025,6002,CP CRECHE GUADALUPE,197,PPML-FE + Caged pre-corte,174.2588734419032
2025,6003,CP CRECHE NOSSO LAR,416,PPML-FE + Caged pre-corte,365.3906334373253
2025,6004,CP CENTRO COMUNITÁRIO PARQUE UNIDOS DE ACARI,91,PPML-FE + Caged pre-corte,75.17397837136325
2025,6005,CP CRECHE DON GUANELLA,132,PPML-FE + Caged pre-corte,116.73301193831874
2025,6006,CP CRECHE ESCOLA COMUNITÁRIA TIO PATINHAS,161,PPML-FE + Caged pre-corte,146.19560999120324
2025,6007,CP CRECHE ABRINDO PORTAS,131,PPML-FE + Caged pre-corte,117.45097967627818
2025,6009,CP CENTRO EDUCACIONAL NOSSA SENHORA APARECIDA,315,PPML-FE + Caged pre-corte,231.89779341291572
2025,6012,CP ASSOCIAÇÃO CRESCÊNCIO,221,PPML-FE + Caged pre-corte,200.9068981656054
2025,6013,CP CRECHE COMUNITÁRIA AQUARELA,279,PPML-FE + Caged pre-corte,217.48092642100104
2025,6015,CP AEMMAC - PAVUNA,356,PPML-FE + Caged pre-corte,262.9063551857199
2025,6016,CP CRECHE NOSSO LAR II,368,PPML-FE + Caged pre-corte,315.57875955860806
2025,6017,CP CRECHE JOÃO E MARIA,271,PPML-FE + Caged pre-corte,180.73895742298535
2025,6018,CP ASSOCIAÇÃO CRECHE ESPERANÇA - COELHO NETO,181,PPML-FE + Caged pre-corte,200.9068981656054
2025,622202,CIEP GENERAL AUGUSTO CESAR SANDINO,179,PPML-FE + Caged pre-corte,152.5202333699671
2025,622601,CM JOSÉ GOULART,216,PPML-FE + Caged pre-corte,246.48072587207227
2025,622602,CM SILVIO AMANCIO,176,PPML-FE + Caged pre-corte,191.45840680884982
2025,622603,CM YARA AMARAL,239,PPML-FE + Caged pre-corte,247.87189893705306
2025,622801,EDI ERNANI CARDOSO,244,PPML-FE + Caged pre-corte,212.47655914113506
2025,622802,EDI PROFESSORA MILTOLINA DA SILVA,50,PPML-FE + Caged pre-corte,50.64589241291261
2025,622804,EDI MEDALHISTA PARALÍMPICO DANIEL MARTINS,302,PPML-FE + Caged pre-corte,289.146089887406
2025,622805,EDI MEDALHISTA OLÍMPICO MAURÍCIO LUIZ DE SOUZA,155,PPML-FE + Caged pre-corte,218.96789519681786
2025,622810,EDI ANTÔNIO FRANCISCO LISBOA,61,PPML-FE + Caged pre-corte,57.426549444886675
2025,625601,CM OS SABIDINHOS,160,PPML-FE + Caged pre-corte,123.6343083859675
2025,625602,CM PROFESSORA JUREMA GOMES SAMPAIO DELFIM,193,PPML-FE + Caged pre-corte,125.17876079803396
2025,625603,CM DR. ALBERT SABIN,136,PPML-FE + Caged pre-corte,114.98600466010663
2025,625604,CM HERBERT DE SOUZA - BETINHO,332,PPML-FE + Caged pre-corte,291.6195992485798
2025,625605,CM LUÍS CARLOS PRESTES,253,PPML-FE + Caged pre-corte,168.12508536111582
2025,625606,CM LUÍS DE SOUZA DA COSTA BARROS,328,PPML-FE + Caged pre-corte,277.39713503040946
2025,625607,CM LUIZA DE BARROS DE SÁ FREIRE,382,PPML-FE + Caged pre-corte,296.8758565187387
2025,625608,CM MAJOR CELESTINO R. DOS SANTOS,184,PPML-FE + Caged pre-corte,145.8772268920567
2025,625609,CM SÔNIA MARIA DE M. ANGEL JONES,103,PPML-FE + Caged pre-corte,105.72129099523714
2025,625610,CM ZUZU ANGEL,110,PPML-FE + Caged pre-corte,95.06888874694198
2025,625611,CM ZILKA SALABERRY,407,PPML-FE + Caged pre-corte,308.0069689398387
2025,625612,CM YEDDA MARQUES LAMOUNIER DE ANDRADE MACIEL,484,PPML-FE + Caged pre-corte,386.0861317366105
2025,625614,CM SIMONE DE BEAUVOIR,291,PPML-FE + Caged pre-corte,246.9444494871716
2025,625615,CM EDNA LOTTE,408,PPML-FE + Caged pre-corte,303.83276852520873
2025,625616,CM PROFESSOR ROGÉRIO PEDRO BATISTA,97,PPML-FE + Caged pre-corte,85.80806170177269
2025,625801,EDI PROFESSORA ROSENICE ROCHA ROQUE,131,PPML-FE + Caged pre-corte,111.89760378703187
2025,625802,EDI WESLEY GUILBER RODRIGUES DE ANDRADE,325,PPML-FE + Caged pre-corte,232.2602434292248
2025,625803,EDI PROFESSORA BEATRIZ DE SOUZA MADEIRA,219,PPML-FE + Caged pre-corte,189.14037390670558
2025,625804,EDI PROFESSORA HELIA LÚCIA MORENO FERREIRA,270,PPML-FE + Caged pre-corte,215.72220339103106
2025,625807,EDI FROTA PESSOA,49,PPML-FE + Caged pre-corte,41.559796123461666
2025,625813,EDI PROFESSORA GRACÍLIA ROSA DE BELÉM MAYOR,22,PPML-FE + Caged pre-corte,115.91255482533698
2025,625814,EDI PROFESSORA ROSEANE VASCONCELOS,103,PPML-FE + Caged pre-corte,117.1479758709488
2025,625815,EDI PROFESSORA KRISTINA ROMOLO KIFFER,165,PPML-FE + Caged pre-corte,178.94141476265258
2025,625816,EDI PROFESSORA REGINA CELI RABELO DE ALMEIDA,243,PPML-FE + Caged pre-corte,191.9220171078663
2025,625817,EDI PROFESSORA DANIELE SIMÕES DE SOUZA LOPES,242,PPML-FE + Caged pre-corte,212.3220058638646
2025,625818,EDI MARIA EUGENIA CANELHAS,230,PPML-FE + Caged pre-corte,185.89518101987042
2025,625819,EDI MARIZA ALVES PIMENTA,253,PPML-FE + Caged pre-corte,218.65877968130624
2025,625820,EDI BETH CARVALHO,272,PPML-FE + Caged pre-corte,239.72579635560987
2025,7001,CP CRECHE NOVO PALMARES,219,PPML-FE + Caged pre-corte,198.02510963586465
2025,7002,CP CRECHE CANTINHO FELIZ,220,PPML-FE + Caged pre-corte,218.92242837682926
2025,7003,CP CRECHE ESCOLA MÃE ASTÉRIA,658,PPML-FE + Caged pre-corte,520.7023614979022
2025,7004,CP CASA EMILIEN LACAY,201,PPML-FE + Caged pre-corte,203.0683721096839
2025,7007,CP SEMENTE DE AMOR,170,PPML-FE + Caged pre-corte,164.18147190025394
2025,7008,CP CRECHE SÃO PAULO APÓSTOLO,138,PPML-FE + Caged pre-corte,133.25478626343244
2025,7010,CP CRECHE NOVA ESPERANÇA,88,PPML-FE + Caged pre-corte,108.12041377356947
2025,7011,CP CRECHE RITA ALEXANDRINA FERREIRA,117,PPML-FE + Caged pre-corte,113.86151466135341
2025,7013,CP ESPAÇO DE EDUCAÇÃO INFANTIL CIDADE DE DEUS,673,PPML-FE + Caged pre-corte,519.2570939689972
2025,7014,CP CENTRO INTEGRADO SÃO JOSÉ,712,PPML-FE + Caged pre-corte,543.1049506744623
2025,7015,CP CRECHE CANTINHO FELIZ II,323,PPML-FE + Caged pre-corte,255.6937149443003
2025,7017,CP CRECHE RAIMUNDA NONATA DA SILVA,90,PPML-FE + Caged pre-corte,100.23095551477037
2025,7018,CP CRECHE SANT ANA IRMÃ ANCILA,150,PPML-FE + Caged pre-corte,157.70506210797325
2025,7019,CP JARDIM ESCOLA TURMINHA DA ARCA - JETA,291,PPML-FE + Caged pre-corte,214.59805218468142
2025,7020,CP JARDIM ESCOLA CRESCENDO E APRENDENDO,260,PPML-FE + Caged pre-corte,287.4346281425398
2025,7025,CP INSTITUTO CONSUELO PINHEIRO,177,PPML-FE + Caged pre-corte,163.4617933894183
2025,7027,CP CRECHE MUNDO MÁGICO I,207,PPML-FE + Caged pre-corte,254.97249310657722
2025,7034,CP INSTITUTO EDUCACIONAL DIVA ALVES,349,PPML-FE + Caged pre-corte,233.3396965603469
2025,7035,CP AEMMAC - ANIL,274,PPML-FE + Caged pre-corte,196.58429275661533
2025,7036,CP CAAD UNIVERSO ENCANTADO,427,PPML-FE + Caged pre-corte,387.05399585619847
2025,7037,CP CAAD UNIVERSO DA CRIANÇA,483,PPML-FE + Caged pre-corte,420.2770219001721
2025,7038,CP CAAD UNIVERSO DAS FLORES,541,PPML-FE + Caged pre-corte,376.94402213110124
2025,7039,CP CRECHE JARDIM CLARICE,217,PPML-FE + Caged pre-corte,233.3396965603469
2025,7040,CP CRECHE VALE DO SOL PRAÇA SECA,887,PPML-FE + Caged pre-corte,625.5021025520573
2025,7041,CP CRECHE VALE DO SOL TAQUARA,531,PPML-FE + Caged pre-corte,383.4432122270936
2025,7042,CP INSTITUTO EDUCACIONAL DIVA ALVES II,717,PPML-FE + Caged pre-corte,603.0939613999398
2025,7043,CP ESPAÇO DE EDUCAÇÃO INFANTIL PEQUENO APRENDIZ,286,PPML-FE + Caged pre-corte,193.702817554559
2025,7044,CP CRECHE AMOR DE MÃE,512,PPML-FE + Caged pre-corte,286.71310004405666
2025,7045,CP JARDIM ESCOLA TURMINHA DA ARCA - JETA II,177,PPML-FE + Caged pre-corte,162.02249341214383
2025,716601,CM OTÁVIO HENRIQUE DE OLIVEIRA,892,PPML-FE + Caged pre-corte,654.3905756760287
2025,716602,CM TIA TEREZA,121,PPML-FE + Caged pre-corte,157.30962687274487
2025,716603,CM CRIANÇA DO FUTURO,714,PPML-FE + Caged pre-corte,630.1096406017405
2025,716604,CM GERMINIO DE SOUZA ESTRELA,198,PPML-FE + Caged pre-corte,220.20436143335743
2025,716605,CM SEMPRE VIDA NISE DA SILVEIRA,384,PPML-FE + Caged pre-corte,445.3086292527668
2025,716606,CM AMIGUINHOS DA VILA SAPÊ,461,PPML-FE + Caged pre-corte,394.8996435612103
2025,716607,CM EMÍLIA JOANA DA FONSECA MARQUES,322,PPML-FE + Caged pre-corte,349.44171261797806
2025,716608,CM IRMÃ DULCE,276,PPML-FE + Caged pre-corte,382.0659694347148
2025,716609,CM RIO NOVO - RIO DAS FLORES,1217,PPML-FE + Caged pre-corte,932.9420101158254
2025,716610,CM TIA MALU,250,PPML-FE + Caged pre-corte,240.91610130501155
2025,716611,CM VITORINO FREIRE,241,PPML-FE + Caged pre-corte,252.5091898706263
2025,716612,CM TIA AUTA,150,PPML-FE + Caged pre-corte,155.14665013757562
2025,716613,CM MARIA DA CONCEIÇÃO SILVEIRA DE CARVALHO,555,PPML-FE + Caged pre-corte,526.1849215649854
2025,716614,CM AUGUSTO DE CARVALHO TORRES FILHO,602,PPML-FE + Caged pre-corte,544.5877402668028
2025,716801,EDI DOUTORA ZILDA ARNS,285,PPML-FE + Caged pre-corte,316.35548453028616
2025,716802,EDI ARTHUR BISPO DO ROSÁRIO,213,PPML-FE + Caged pre-corte,208.92186221289936
2025,716803,EDI COMPOSITOR ROBERTO RIBEIRO,323,PPML-FE + Caged pre-corte,443.29839899754535
2025,716804,EDI RODRIGO LOPES (TIKINHO),148,PPML-FE + Caged pre-corte,137.53546898006232
2025,716805,EDI ANNA MARIA NIEMEYER,451,PPML-FE + Caged pre-corte,328.2601006976052
2025,716806,EDI PROFESSORA EDILIA COELHO GARCIA,256,PPML-FE + Caged pre-corte,291.9287889868732
2025,716807,EDI LEILA DINIZ,729,PPML-FE + Caged pre-corte,336.4543490247374
2025,716808,EDI PROFESSORA MARIA BERENICE PARENTE,394,PPML-FE + Caged pre-corte,455.3598440111762
2025,716809,EDI PROFESSOR ROBERTO LUIZ PEREIRA,243,PPML-FE + Caged pre-corte,280.79811088316666
2025,716813,EDI PROFESSORA KENIA MENDES DOS SANTOS,260,PPML-FE + Caged pre-corte,289.91905992335506
2025,716814,EDI PROFESSORA EMILIA MARIA VIEIRA DE OLIVEIRA,818,PPML-FE + Caged pre-corte,301.82298240366396
2025,716815,EDI EVARISTO DA VEIGA,207,PPML-FE + Caged pre-corte,250.19053538167825
2025,716816,EDI DEBRET,240,PPML-FE + Caged pre-corte,260.0835829807179
2025,716818,EDI PROFESSORA CLÁUDIA PIRES CONTINO DA SILVA,674,PPML-FE + Caged pre-corte,720.8939232208425
2025,716819,EDI PROFESSORA NORMA ANDRADE NOGUEIRA,571,PPML-FE + Caged pre-corte,652.6893539803028
2025,716820,EDI MEDALHISTA OLÍMPICA ÁGATHA BEDNARCZUK RIPPEL,606,PPML-FE + Caged pre-corte,634.2853212393355
2025,716821,EDI MEDALHISTA PARALÍMPICO FELIPE DE SOUZA GOMES,509,PPML-FE + Caged pre-corte,571.8057901439558
2025,716822,EDI MARCELO PARENTE GOMES DE OLIVEIRA,415,PPML-FE + Caged pre-corte,454.27740049727595
2025,724601,CM MARIA VIEIRA BAZANI,260,PPML-FE + Caged pre-corte,332.7437301955614
2025,724602,CM DINA SFAT,131,PPML-FE + Caged pre-corte,168.12508536111582
2025,724603,CM BENEDITA SIQUEIRA LOPES,242,PPML-FE + Caged pre-corte,251.42714888476917
2025,724604,CM EDSON LUIZ,105,PPML-FE + Caged pre-corte,161.6356983839392
2025,724605,CM SEBASTIÃO BERNARDES DE SOUZA PRATA,267,PPML-FE + Caged pre-corte,317.5923142904505
2025,724606,CM ROGÉRIO CARDOSO FURTADO,286,PPML-FE + Caged pre-corte,345.11255807041965
2025,724801,EDI MILENA SANTOS NASCIMENTO,350,PPML-FE + Caged pre-corte,357.48165604188495
2025,724802,EDI PORFIRIO DIAS,76,PPML-FE + Caged pre-corte,77.78397835047564
2025,724803,EDI VERA LUCIA MARTINS COSTA,176,PPML-FE + Caged pre-corte,187.4405031185284
2025,724804,EDI PROFESSORA MATILDE ROSA LOPES DE ARAUJO,366,PPML-FE + Caged pre-corte,375.88114996236476
2025,724805,EDI TRISTÃO DE ATHAYDE,100,PPML-FE + Caged pre-corte,119.00115105755226
2025,724806,EDI PROFESSORA RUTH CARDOSO,93,PPML-FE + Caged pre-corte,147.26758884556165
2025,724807,EDI CARMEN MIRANDA,332,PPML-FE + Caged pre-corte,321.92124338609943
2025,724808,EDI AMOR,150,PPML-FE + Caged pre-corte,177.2416525556851
2025,724809,"EDI UGOCIONE JOSÉ DE MEDEIROS ""SEU UGO""",72,PPML-FE + Caged pre-corte,80.4070115115743
2025,734601,CM LUZES DO AMANHÃ,190,PPML-FE + Caged pre-corte,158.8546346259548
2025,734602,CM MARGARIDA GABINAL,122,PPML-FE + Caged pre-corte,154.83765676646564
2025,734603,CM SEMPRE VIDA JOSUÉ,84,PPML-FE + Caged pre-corte,105.41249348922922
2025,734801,EDI JARDIM DO AMANHÃ,208,PPML-FE + Caged pre-corte,194.3946259252164
2025,734802,EDI SENHORA PERCILIANA PEREIRA DE ALVARENGA,721,PPML-FE + Caged pre-corte,504.8441610547162
2025,734803,EDI ANA CAROLINA PACHECO DA SILVA,97,PPML-FE + Caged pre-corte,122.39877000260113
2025,734804,EDI MARIA BERALDA,237,PPML-FE + Caged pre-corte,222.36819323999876
2025,734805,EDI MONSENHOR CORDIOLI,148,PPML-FE + Caged pre-corte,187.44050311852857
2025,8002,CP CRECHE ESPÍRITA FRANCISCO DE ASSIS,71,PPML-FE + Caged pre-corte,52.36177735163456
2025,8003,CP CRECHE CRIANÇA JABOUR,164,PPML-FE + Caged pre-corte,147.63397865589212
2025,8004,CP CRECHE COMUNITÁRIA NINO,449,PPML-FE + Caged pre-corte,363.9465275932328
2025,8005,CP CRECHE E ESCOLA COMUNITÁRIA GENTE INOCENTE - REALENGO,309,PPML-FE + Caged pre-corte,260.7424837603457
2025,8006,CP FUNDAÇÃO CASA DA JOANINHA - CRECHE,134,PPML-FE + Caged pre-corte,105.25087689515676
2025,8007,CP CRECHE E ESCOLA COMUNITÁRIA GENTE INOCENTE - BANGU,479,PPML-FE + Caged pre-corte,410.1649691136007
2025,8008,CP ASSOCIAÇÃO DE MORADORES DO CONJUNTO PEDRO I E ADJACÊNCIAS,45,PPML-FE + Caged pre-corte,43.14037742513892
2025,8009,CP ASSOCIAÇÃO RECREATIVA PINGUINHO DE GENTE,555,PPML-FE + Caged pre-corte,461.45312313555587
2025,8010,CP ASSOCIAÇÃO CENTRO EDUCACIONAL REBRAL III,557,PPML-FE + Caged pre-corte,468.6778491834337
2025,8011,CP ESPAÇO DE EDUCAÇÃO INFANTIL BATAN,202,PPML-FE + Caged pre-corte,175.69877861119156
2025,8013,CP CENTRO EDUCACIONAL LUIZA,294,PPML-FE + Caged pre-corte,267.23429620348577
2025,8014,"CP DO.RA., A AVENTUREIRA",216,PPML-FE + Caged pre-corte,180.73895742298535
2025,8015,CP CEM CRECHE ESCOLA MACHADO,205,PPML-FE + Caged pre-corte,151.2303024468027
2025,8016,CP ASSOCIAÇÃO CENTRO EDUCACIONAL REBRAL VI,454,PPML-FE + Caged pre-corte,405.8314131710594
2025,8017,CP ASSOCIAÇÃO CRECHE ESPERANÇA - REALENGO,232,PPML-FE + Caged pre-corte,257.1361819725559
2025,8018,CP CRECHE COMUNITÁRIA ESTRELINHA,203,PPML-FE + Caged pre-corte,184.33955377428802
2025,8019,CP ESCOLA COMUNITÁRIA JARDIM ARCO-ÍRIS - UNIDADE II,182,PPML-FE + Caged pre-corte,172.09914129531438
2025,8021,CP ASSOCIAÇÃO RECREATIVA MUNDO MÁGICO DA TIA NATY,197,PPML-FE + Caged pre-corte,198.02510963586465
2025,8022,CP ASSOCIAÇÃO CRECHE ESPERANÇA - MAGALHÃES BASTOS,146,PPML-FE + Caged pre-corte,158.424584155645
2025,8023,CP CRECHE COMUNITÁRIA IRMÃ MARIA DE LOURDES,152,PPML-FE + Caged pre-corte,144.75733593756908
2025,8024,CP CEM CRECHE ESCOLA MACHADO - UNIDADE I,128,PPML-FE + Caged pre-corte,130.38024001650425
2025,8025,CP ASSOCIAÇÃO RECREATIVA MONIZ BARRETO,56,PPML-FE + Caged pre-corte,52.36177735163456
2025,8027,CP CENTRO EDUCACIONAL MUNDO DA MÔNICA,56,PPML-FE + Caged pre-corte,51.651220432746975
2025,817202,CIEP AMILCAR CABRAL,145,PPML-FE + Caged pre-corte,119.92775783971754
2025,817504,CIEP ANTONIO EVARISTO DE MORAES,198,PPML-FE + Caged pre-corte,139.08018336417032
2025,817505,CIEP MARECHAL JULIO CAETANO HORTA BARBOSA,103,PPML-FE + Caged pre-corte,73.30995208057661
2025,817601,CM JOSÉ FÉLIX,403,PPML-FE + Caged pre-corte,340.1649934137631
2025,817602,CM VILA PROGRESSO,372,PPML-FE + Caged pre-corte,233.65134431901782
2025,817603,CM DENTE DE LEITE,376,PPML-FE + Caged pre-corte,311.56279977539754
2025,817604,CM DRAMATURGO ALFREDO DE FREITAS DIAS GOMES,156,PPML-FE + Caged pre-corte,162.56273355829174
2025,817605,CM MANÉ GARRINCHA II,239,PPML-FE + Caged pre-corte,244.9349858746579
2025,817606,CM MEIMEI,117,PPML-FE + Caged pre-corte,120.08219352686821
2025,817607,CM MULHERES DO QUAFÁ,492,PPML-FE + Caged pre-corte,338.46427826510234
2025,817608,CM NOVA ALIANÇA,161,PPML-FE + Caged pre-corte,282.8077929686368
2025,817609,CM RECANTO FELIZ,369,PPML-FE + Caged pre-corte,354.69858642689684
2025,817610,CM SEMPRE VIDA FAZENDA COQUEIROS,128,PPML-FE + Caged pre-corte,150.20285845298935
2025,817611,CM TIA ELZA,99,PPML-FE + Caged pre-corte,97.84754430954872
2025,817612,CM VILA KENNEDY,398,PPML-FE + Caged pre-corte,277.8609026223278
2025,817613,CM CÉLIA ALENCAR,175,PPML-FE + Caged pre-corte,200.885383589685
2025,817614,CM FAZENDA COQUEIROS II,246,PPML-FE + Caged pre-corte,227.6232954038671
2025,817615,CM VILA UNIÃO DA PAZ,163,PPML-FE + Caged pre-corte,136.91759060858269
2025,817616,CM PROFESSORA MARIA ASSUMPÇÃO,47,PPML-FE + Caged pre-corte,76.3954092891052
2025,817617,CM JOSÉ MANOEL IBARRA PEREZ,219,PPML-FE + Caged pre-corte,228.3961141153918
2025,817618,CM JANETE CLAIR,170,PPML-FE + Caged pre-corte,151.28429395382324
2025,817619,CM PROFESSORA REGINA MARIA DA MATTA MONTEZANO,208,PPML-FE + Caged pre-corte,181.56835713970563
2025,817801,EDI PROFESSORA TÂNIA MARIA LARRUBIA GOMES,321,PPML-FE + Caged pre-corte,226.07766526177753
2025,817802,EDI PROFESSOR REINALDO JOSÉ DE ARAGÃO BARBOSA,145,PPML-FE + Caged pre-corte,155.61014175487503
2025,817803,EDI JOSÉ EPHIM MINDLIN,303,PPML-FE + Caged pre-corte,257.91945201653704
2025,817804,EDI PROFESSORA EDITH MARQUES DE SOUZA,324,PPML-FE + Caged pre-corte,245.70785483407846
2025,817805,EDI RAFAEL PEREIRA DA SILVA,106,PPML-FE + Caged pre-corte,95.53198583795405
2025,817806,EDI PROFESSORA MARIA YEDDA LEITE LINHARES,149,PPML-FE + Caged pre-corte,174.1512255634114
2025,817807,EDI MARIA DO CARMO SOUZA PIRAN,168,PPML-FE + Caged pre-corte,157.61862681562485
2025,817808,EDI PROFESSOR ANTONIO FLAVIO PIERUCCI,377,PPML-FE + Caged pre-corte,302.44137714680903
2025,817809,EDI REPÚBLICA ÁRABE UNIDA,64,PPML-FE + Caged pre-corte,59.122199910308154
2025,817810,EDI VILA DO VINTÉM,143,PPML-FE + Caged pre-corte,153.13820826265896
2025,817814,EDI PROFESSORA GIOVANA BANSI,363,PPML-FE + Caged pre-corte,334.90825470724604
2025,817815,EDI SENHOR JOÃO GOMES,337,PPML-FE + Caged pre-corte,266.26689365251895
2025,833505,CIEP ARACY DE ALMEIDA (CANTORA),25,PPML-FE + Caged pre-corte,34.94388351028798
2025,833601,CM CASA DE REALENGO,398,PPML-FE + Caged pre-corte,348.2048079923767
2025,833602,CM JULINHO CACAU,296,PPML-FE + Caged pre-corte,335.8359107629859
2025,833603,CM SILVEIRINHA,287,PPML-FE + Caged pre-corte,310.0167829686611
2025,833801,EDI GESSICA GUEDES PEREIRA,69,PPML-FE + Caged pre-corte,110.19905090495631
2025,833802,EDI PROFESSORA ZENA ELIAN,139,PPML-FE + Caged pre-corte,234.7333168305538
2025,833803,EDI FREI ORLANDO,192,PPML-FE + Caged pre-corte,225.61397812771096
2025,833805,EDI DEODORO,89,PPML-FE + Caged pre-corte,139.2346562365576
2025,833806,EDI PROFESSOR CRISTIANO PINTO DE MORAES BISPO,324,PPML-FE + Caged pre-corte,301.04999021551464
2025,833807,EDI LUIZA PAULA DA SILVEIRA MACHADO,256,PPML-FE + Caged pre-corte,266.42147789325463
2025,833808,EDI PROFESSORA VANUZIA BASTOS DA SILVA,166,PPML-FE + Caged pre-corte,195.4764030198424
2025,833809,EDI PROFESSORA MARIA CECILIA FERREIRA,157,PPML-FE + Caged pre-corte,193.7764705010878
2025,833810,EDI MEDALHISTA OLÍMPICO SERGIO DUTRA DOS SANTOS,209,PPML-FE + Caged pre-corte,205.21267811608544
2025,833811,EDI MEDALHISTA OLÍMPICA RAFAELA LOPES SILVA,310,PPML-FE + Caged pre-corte,261.47481772587014
2025,9001,CP CRECHE COMUNITÁRIA SANTA RITA,56,PPML-FE + Caged pre-corte,100.94794298546421
2025,9002,CP CRECHE SAGRADA FAMÍLIA,40,PPML-FE + Caged pre-corte,71.6018766001821
2025,9003,CP CRECHE SÃO JORGE,47,PPML-FE + Caged pre-corte,42.432652592377295
2025,9004,CP CRECHE E PRÉ-ESCOLA CANTINHO DO SABER,158,PPML-FE + Caged pre-corte,135.41099540265927
2025,9007,CP INSTITUTO AVELINO - CAMPO GRANDE,17,PPML-FE + Caged pre-corte,41.72519522070278
2025,9008,CP CRECHE COMUNITÁRIA ANA & LU,60,PPML-FE + Caged pre-corte,73.0304402962153
2025,9009,CP CRECHE COMUNITÁRIA CRIANÇAS DE OURO,159,PPML-FE + Caged pre-corte,165.620885144426
2025,9010,CP CRECHE JARDIM ESCOLA RIO DA PRATA,153,PPML-FE + Caged pre-corte,164.18147190025394
2025,9011,CP CRECHE NOVA JERUSALÉM EM CAMPO GRANDE,212,PPML-FE + Caged pre-corte,187.94052364917187
2025,9012,CP CRECHE COMUNITÁRIA TIA NEIDE - CAMPO GRANDE,170,PPML-FE + Caged pre-corte,171.37926463096224
2025,9013,CP CRECHE COMUNITÁRIA SOL DO SABER,301,PPML-FE + Caged pre-corte,248.4818548851916
2025,9014,CP INSTITUTO DE ENSINO AVANÇADO,221,PPML-FE + Caged pre-corte,182.17915020602666
2025,9017,CP ESPAÇO CRESCER,236,PPML-FE + Caged pre-corte,189.38101300741377
2025,9018,CP ESPAÇO DE DESENVOLVIMENTO CARIOQUINHA,213,PPML-FE + Caged pre-corte,155.5466188407812
2025,9019,CP ASSOCIAÇÃO DE MORADORES UNIÃO DAS BASES DE URUCÂNIA E ADJACÊNCIAS - COSMOS,121,PPML-FE + Caged pre-corte,106.68555715541493
2025,9020,CP ASSOCIAÇÃO DE MORADORES UNIÃO DAS BASES DE URUCÂNIA E ADJACÊNCIAS - CAMPO GRANDE,56,PPML-FE + Caged pre-corte,58.052271978703665
2025,9021,CP INSTITUTO CRESCER & APRENDER,332,PPML-FE + Caged pre-corte,223.24718689371372
2025,9022,CP ESPAÇO CRIATIVO CASTELINHO RINALDI,237,PPML-FE + Caged pre-corte,186.50009179490752
2025,9023,CP ESPAÇO CRIATIVO SALOMÃO,172,PPML-FE + Caged pre-corte,171.37926463096224
2025,9024,CP CRECHE COMUNITÁRIA DOCE INFÂNCIA,196,PPML-FE + Caged pre-corte,180.73895742298535
2025,9025,CP INSTITUTO Ô LUAR,113,PPML-FE + Caged pre-corte,100.23095551477037
2025,9026,CP CRECHE COMUNITÁRIA LEÃOZINHO FELIZ,207,PPML-FE + Caged pre-corte,174.2588734419032
2025,9027,CP INSTITUTO FRUTIFICAR,152,PPML-FE + Caged pre-corte,110.99063790897318
2025,9028,CP CRECHE COMUNITÁRIA ALÉM DO ARCO-ÍRIS,215,PPML-FE + Caged pre-corte,224.68885548354896
2025,9029,CP INSTITUTO CRECHE DO PAPAI,237,PPML-FE + Caged pre-corte,192.98248235541283
2025,9030,CP ESPAÇO DE DESENVOLVIMENTO PEDRITA,146,PPML-FE + Caged pre-corte,159.1441263759132
2025,9031,CP ESPAÇO CRIATIVO TURMINHA DO BAIRRO,136,PPML-FE + Caged pre-corte,140.4431004273044
2025,9032,CP SOLDADINHOS DE DEUS,91,PPML-FE + Caged pre-corte,130.38024001650425
2025,9033,CP TEMPO DE CRIANÇA,121,PPML-FE + Caged pre-corte,89.48255420704902
2025,9034,CP CRECHE COMUNITÁRIA ARTE DA CRIANÇA,111,PPML-FE + Caged pre-corte,129.66167682401723
2025,9035,CP INSTITUTO CRESCER E APRENDER - FILIAL,108,PPML-FE + Caged pre-corte,93.06394553819264
2025,9036,CP INSTITUTO CONSTRUINDO AMANHÃ,344,PPML-FE + Caged pre-corte,387.0539958561988
2025,9037,CP CRECHE COMUNITÁRIA AURINA,56,PPML-FE + Caged pre-corte,68.0321919283641
2025,9038,CP CEM CRECHE ESCOLA MACHADO UNIDADE II,154,PPML-FE + Caged pre-corte,227.57231315891713
2025,9039,CP CRECHE COMUNITÁRIA ESTRELINHA DO SABER,140,PPML-FE + Caged pre-corte,145.47646102239688
2025,9040,CP CRECHE E ESCOLA COMUNITARIA GENTE BAIXINHA - UNIDADE COSMOS,249,PPML-FE + Caged pre-corte,233.33969656034668
2025,9041,CP CRECHE COMUNITÁRIA PEQUENOS PASSOS,114,PPML-FE + Caged pre-corte,109.55544216192274
2025,9042,CP CRECHE PEQUENA CANAÃ,60,PPML-FE + Caged pre-corte,64.46517928737235
2025,9043,CP CRECHE COMUNITÁRIA RIBEIRO,109,PPML-FE + Caged pre-corte,104.53360438339446
2025,9044,CP CRECHE COMUNITÁRIA JARDIM FELIZ,250,PPML-FE + Caged pre-corte,273.00528289262684
2025,9045,CP CRECHE COMUNITÁRIA PINTANDO SONHOS,107,PPML-FE + Caged pre-corte,75.88866885782936
2025,9046,CP CRECHE COMUNITÁRIA URSINHO PIMPÃO,310,PPML-FE + Caged pre-corte,215.318754355067
2025,918601,CM ALEGRIA DE NOVA CIDADE,288,PPML-FE + Caged pre-corte,291.46500446797364
2025,918602,CM VITÓRIA DA PAZ,126,PPML-FE + Caged pre-corte,200.885383589685
2025,918603,CM SEMPRE VIDA ELZA RABELO DE ANDRADE,98,PPML-FE + Caged pre-corte,84.88210531873769
2025,918604,CM VERA PACHECO JORDÃO,48,PPML-FE + Caged pre-corte,65.59800911585698
2025,918605,CM SEMPRE VIDA PROFESSORA EUGENIA MARIA VELOSO MARCHESE,99,PPML-FE + Caged pre-corte,111.43435723368206
2025,918606,CM CECÍLIA MEIRELES,175,PPML-FE + Caged pre-corte,231.48741285206475
2025,918607,CM SONHO FELIZ,316,PPML-FE + Caged pre-corte,276.46960161030944
2025,918608,CM JARDIM MONTE SANTO,125,PPML-FE + Caged pre-corte,233.03307633227612
2025,918609,CM ADÉLIA VIEIRA,123,PPML-FE + Caged pre-corte,163.7987910670078
2025,918610,CM ESPERANÇA DO AMANHÃ,63,PPML-FE + Caged pre-corte,103.55974664232271
2025,918611,CM MÁRIO LOMBARDI,43,PPML-FE + Caged pre-corte,64.36435082060238
2025,918613,CM PROFESSORA FLORA SANTINA FERRARI BRAZ,376,PPML-FE + Caged pre-corte,377.89121013976154
2025,918614,CM ZÉLIA CHAUKE CURI,161,PPML-FE + Caged pre-corte,200.26720651717443
2025,918615,CM MARCELO CARDOSO TOMÉ,122,PPML-FE + Caged pre-corte,115.75812886068013
2025,918616,CM PADRE VALTER DA COSTA SANTOS,285,PPML-FE + Caged pre-corte,298.731021991198
2025,918617,CM CRIANDO O FUTURO,246,PPML-FE + Caged pre-corte,385.3130218173508
2025,918618,CM ESPERANÇA DA VILA SÃO JORGE,146,PPML-FE + Caged pre-corte,258.38319312922386
2025,918619,CM RAUL CORTEZ,400,PPML-FE + Caged pre-corte,387.323109358705
2025,918620,CM EMILIO IBRAHIM LÁZARO JUBRAM DIB,327,PPML-FE + Caged pre-corte,382.8390757777429
2025,918621,CM ELIZABETH TAVARES DE SOUZA - BETINHA,217,PPML-FE + Caged pre-corte,235.042452655443
2025,918801,EDI BIANCA ROCHA TAVARES,153,PPML-FE + Caged pre-corte,190.68572571681057
2025,918802,EDI PINTANDO O SETE,198,PPML-FE + Caged pre-corte,194.5491651136243
2025,918803,EDI LUDMILA MÁXIMO MOREIRA CARDOSO,96,PPML-FE + Caged pre-corte,117.1479758709489
2025,918804,EDI RENAN DE SOUZA LEAL,53,PPML-FE + Caged pre-corte,53.72759804354379
2025,918805,EDI CANTORA CESÁRIA ÉVORA,148,PPML-FE + Caged pre-corte,177.08712967091796
2025,918806,EDI COMENDADOR SERAFIM SOFIA,224,PPML-FE + Caged pre-corte,283.426158828815
2025,918807,EDI URBANO DE FREITAS,259,PPML-FE + Caged pre-corte,306.9247650841271
2025,918808,EDI PROFESSORA MARTA REGINA PERROTA,206,PPML-FE + Caged pre-corte,221.59539386256466
2025,918809,EDI CAMPO GRANDE,39,PPML-FE + Caged pre-corte,78.24684967430025
2025,918810,EDI DOM BOSCO,145,PPML-FE + Caged pre-corte,182.49552383534055
2025,918811,EDI ISABEL,14,PPML-FE + Caged pre-corte,19.135761084105646
2025,918812,EDI PROFESSOR JORGE EUCLIDES PEREIRA NUNES,85,PPML-FE + Caged pre-corte,103.71413968034672
2025,918813,EDI PROFESSOR MARCO ALTINO DE OLIVEIRA,184,PPML-FE + Caged pre-corte,157.9276275655251
2025,918814,EDI PROFESSOR NESTOR MANOEL PINTO,177,PPML-FE + Caged pre-corte,193.46739358969126
2025,918815,EDI PROFESSORA SIRLÉIA SILVA REIS,282,PPML-FE + Caged pre-corte,262.71147582788603
2025,918816,EDI PROFESSOR JOÃO FERNANDES FILHO,46,PPML-FE + Caged pre-corte,57.426549444886675
2025,918817,EDI PROFESSORA EUGENIA DE ALMEIDA AZEVEDO,307,PPML-FE + Caged pre-corte,299.1948146293976
2025,918818,EDI FRANCISCO JOSÉ DE MORAES,101,PPML-FE + Caged pre-corte,121.00881490930378
2025,918819,EDI JOARI,18,PPML-FE + Caged pre-corte,46.332831528163524
2025,918820,EDI ALMO SATURNINO,30,PPML-FE + Caged pre-corte,54.0358078689594
2025,918821,EDI PROFESSORA ENYR PORTILHO DE AVELLAR,169,PPML-FE + Caged pre-corte,143.09656057338412
2025,918822,EDI PROFESSOR ANDRÉ LUIZ GILS,241,PPML-FE + Caged pre-corte,310.48058746437124
2025,918823,EDI PROFESSOR DERSU GABRIEL BICEGO,147,PPML-FE + Caged pre-corte,185.12252539811888
2025,918824,EDI ALBERTO FERREIRA PINTO,228,PPML-FE + Caged pre-corte,247.71732382389672
2025,918825,EDI PROFESSORA TERESINHA DE JESUS SIQUEIRA BROWN,231,PPML-FE + Caged pre-corte,252.6637674700104
2025,918826,EDI PROFESSORA MARLY DOS SANTOS DE OLIVEIRA (MARLY MARINHO),208,PPML-FE + Caged pre-corte,284.0445256891099
2025,918827,EDI ATAULFO ALVES,178,PPML-FE + Caged pre-corte,229.32349974259157
2025,918828,EDI ALYRIO CAVALLIERI,241,PPML-FE + Caged pre-corte,282.65320166037236
2025,918829,EDI RUBEM AZEVEDO ALVES,143,PPML-FE + Caged pre-corte,93.5252680050857
2025,918830,EDI HENRIQUE DIAS,47,PPML-FE + Caged pre-corte,81.79576744297123
2025,918831,EDI ELFLODÍZIO DOS SANTOS,233,PPML-FE + Caged pre-corte,275.07830591913995
2025,918832,EDI PROFESSORA JACINTHA REIS FERREIRA,367,PPML-FE + Caged pre-corte,345.2671701683435
2025,918833,EDI PROFESSOR WILSON CHOERI,175,PPML-FE + Caged pre-corte,183.5772251612749
2025,918834,EDI ENGENHEIRA ELAINE MONSORES PIRES,127,PPML-FE + Caged pre-corte,175.8509523728017
2025,918835,EDI MEDALHISTA OLÍMPICO ARTHUR NORY OYAKAWA MARIANO,254,PPML-FE + Caged pre-corte,294.5569112284112
2025,918836,EDI MEDALHISTA OLÍMPICO RAFAEL CARLOS DA SILVA,325,PPML-FE + Caged pre-corte,352.3793716217348
2025,918837,EDI MEDALHISTA OLÍMPICO WALLACE LEANDRO DE SOUZA,333,PPML-FE + Caged pre-corte,326.8686373954606
2025,918838,EDI EUSTORGIO WANDERLEY,100,PPML-FE + Caged pre-corte,102.17023045582876
2025,918839,EDI DALILA TAVARES,69,PPML-FE + Caged pre-corte,90.43819991290609
2025,10001,CP ESCOLA COMUNITÁRIA JARDIM DE INFÂNCIA TIA ANASTÁCIA,116,PPML-FE Caged pre-corte sem tendencia,140.74227042946453
2025,10004,CP ESCOLA COMUNITÁRIA JARDIM BALÃO MÁGICO,38,PPML-FE Caged pre-corte sem tendencia,59.96180608270891
2025,10005,CP CRECHE COMUNITÁRIA JARDIM PEDRA AZUL,26,PPML-FE Caged pre-corte sem tendencia,38.91054285375282
2025,10006,CP CRECHE ESCOLA COMUNITÁRIA ISMÊNIA RIBEIRO,84,PPML-FE Caged pre-corte sem tendencia,103.35506278285662
2025,10008,CP CRECHE COMUNITÁRIA JARDIM ESPERANÇA,92,PPML-FE Caged pre-corte sem tendencia,86.48882383999197
2025,10009,CP JARDIM ESCOLA ERNESTO FAGUNDES VARELA,68,PPML-FE Caged pre-corte sem tendencia,81.1714324701836
2025,10010,CP ESCOLA COMUNITÁRIA JARDIM ARCO-ÍRIS,95,PPML-FE Caged pre-corte sem tendencia,98.91297013706695
2025,10011,CP CRECHE PINGUINHO DE GENTE,30,PPML-FE Caged pre-corte sem tendencia,38.91054285375279
2025,10013,CP ESCOLA COMUNITÁRIA ENCANTO DE MARIA,53,PPML-FE Caged pre-corte sem tendencia,59.08074037749667
2025,10014,CP CRECHE COMUNITÁRIA SÃO JOÃO BATISTA,54,PPML-FE Caged pre-corte sem tendencia,45.02623464114724
2025,10018,CP CRECHE ESCOLA COMUNITÁRIA SÍTIO ALEGRE,244,PPML-FE Caged pre-corte sem tendencia,188.9367908403108
2025,10019,CP ESCOLA COMUNITÁRIA JARDIM ALEXANDRINO,166,PPML-FE Caged pre-corte sem tendencia,169.28955524501768
2025,10020,CP CASA MATERNAL NOSSA SENHORA DE NAZARÉ,112,PPML-FE Caged pre-corte sem tendencia,107.79938953668007
2025,10022,CP ASSOCIAÇÃO DE MORADORES E AMIGOS DO PARQUE ESTORIL - AMAPE,203,PPML-FE Caged pre-corte sem tendencia,188.9367908403108
2025,10023,CP CRECHE ESCOLA SOSSEGO DA MAMÃE,90,PPML-FE Caged pre-corte sem tendencia,106.02140259824621
2025,10024,CP CRECHE COMUNITÁRIA MUNDO ENCANTADO DA CRIANÇA,170,PPML-FE Caged pre-corte sem tendencia,195.19108085658456
2025,10026,CP CRECHE E ESCOLA COMUNITÁRIA GENTE BAIXINHA I,249,PPML-FE Caged pre-corte sem tendencia,214.8552009249578
2025,10027,CP CRECHE CASULO AGOSTINHO - SANTA CRUZ,194,PPML-FE Caged pre-corte sem tendencia,152.33456700809714
2025,10028,CP CRECHE CASULO AGOSTINHO - VERIDIANA,124,PPML-FE Caged pre-corte sem tendencia,140.74227042946453
2025,10029,CP ASSOCIAÇÃO DE MORADORES DAS MORADAS DO IMPÉRIO,65,PPML-FE Caged pre-corte sem tendencia,84.71582500308779
2025,10030,CP INSTITUTO AVELINO - GUARATIBA,93,PPML-FE Caged pre-corte sem tendencia,90.92349460594286
2025,10032,CP CRECHE COMUNITÁRIA MUNDO MÁGICO,150,PPML-FE Caged pre-corte sem tendencia,167.50420079279525
2025,10033,CP PROJETO QUEBRA CABEÇA,69,PPML-FE Caged pre-corte sem tendencia,69.66914787540135
2025,10034,CP OS BENEDITINHOS,134,PPML-FE Caged pre-corte sem tendencia,146.9833349983225
2025,10035,CP ESCOLA COMUNITÁRIA JARDIM DE INFÂNCIA CHAVE DO TAMANHO,139,PPML-FE Caged pre-corte sem tendencia,67.90222983296633
2025,10036,CP CAAD DONA ZULMIRA TELLES,157,PPML-FE Caged pre-corte sem tendencia,185.36350271046027
2025,10037,CP CAAD - COMITÊ DE ATENDIMENTO À CRIANÇA E AO ADOLESCENTE,71,PPML-FE Caged pre-corte sem tendencia,74.97439549215521
2025,10039,CP FUNDAÇÃO KLINGNER PARA O DESENVOLVIMENTO SOCIAL,243,PPML-FE Caged pre-corte sem tendencia,252.42280530733404
2025,1004,CP CRECHE CANTINHO FELIZ DE SANTA TERESA,136,PPML-FE Caged pre-corte sem tendencia,143.41673250371588
2025,10040,CP CICIM I,219,PPML-FE Caged pre-corte sem tendencia,196.978253476825
2025,10041,CP CRECHE BEZERRA DE MENEZES - SANTA CRUZ,173,PPML-FE Caged pre-corte sem tendencia,138.95953773717187
2025,10042,CP CICIM II,179,PPML-FE Caged pre-corte sem tendencia,165.71898416240347
2025,10043,CP CRECHE CANTINHO CASLU,168,PPML-FE Caged pre-corte sem tendencia,155.01075092017365
2025,10044,CP CRECHE COMUNITÁRIA MAGIA DA CRIANÇA,93,PPML-FE Caged pre-corte sem tendencia,117.58392712375647
2025,10045,CP ESPAÇO CRIATIVO ERA UMA VEZ,73,PPML-FE Caged pre-corte sem tendencia,89.14926583586839
2025,10046,CP CRECHE COMUNITÁRIA DEUS É FIEL - CCDF,191,PPML-FE Caged pre-corte sem tendencia,216.64338303287138
2025,10047,CP CENTRO CULTURAL MONTESSORI - SANTA CRUZ,194,PPML-FE Caged pre-corte sem tendencia,244.37002786906328
2025,1005,CP CASA MATERNAL CORAÇÃO DE MÃE,48,PPML-FE Caged pre-corte sem tendencia,39.78261152190735
2025,10051,CP CRECHE COMUNITÁRIA DEUS É FIEL - UNIDADE VI,244,PPML-FE Caged pre-corte sem tendencia,261.3717850791149
2025,10052,CP CRECHE COMUNITÁRIA DEUS É FIEL - UNIDADE VII,493,PPML-FE Caged pre-corte sem tendencia,508.72483327093215
2025,10053,CP CRECHE COMUNITÁRIA GÊNIO DO FUTURO,311,PPML-FE Caged pre-corte sem tendencia,329.4248077565473
2025,10054,CP CRECHE COMUNITÁRIA AQUARELA DO SABER,51,PPML-FE Caged pre-corte sem tendencia,103.35506278285662
2025,10055,CP ESPAÇO DE DESENVOLVIMENTO MÃE GAIA,140,PPML-FE Caged pre-corte sem tendencia,73.20526627863481
2025,10056,CP CRECHE MUNDO DA BIBI,100,PPML-FE Caged pre-corte sem tendencia,89.14926583586839
2025,10057,CP CENTRO CULTURAL MONTESSORI - PACIÊNCIA,358,PPML-FE Caged pre-corte sem tendencia,316.8840625978129
2025,10058,CP CRECHE ESCOLA COMUNITÁRIA MALLETZINHO,261,PPML-FE Caged pre-corte sem tendencia,191.6170429127983
2025,10059,CP CRECHE COMUNITÁRIA PLANETA BEBÊ,95,PPML-FE Caged pre-corte sem tendencia,98.02483696661272
2025,1006,CP CRECHE DO TUIUTI,233,PPML-FE Caged pre-corte sem tendencia,260.47682128326414
2025,10060,CP CRECHE COMUNITÁRIA JARDIM DO CONHECIMENTO,83,PPML-FE Caged pre-corte sem tendencia,85.6022598100603
2025,10061,CP CRECHE COMUNITÁRIA ESTRELA DO AMANHÃ,113,PPML-FE Caged pre-corte sem tendencia,156.79507511605152
2025,10062,CP CENTRO CULTURAL DE DESENVOLVIMENTO INFANTIL JOÃO BATISTA,79,PPML-FE Caged pre-corte sem tendencia,102.46645944655042
2025,10063,CP CRECHE COMUNITÁRIA UNIVERSO INFANTIL,313,PPML-FE Caged pre-corte sem tendencia,290.01766712760127
2025,10064,CP CRECHE COMUNITÁRIA CORAÇÃO DE MÃE,269,PPML-FE Caged pre-corte sem tendencia,253.31763624034176
2025,10065,CP CRECHE MAGIA DA CRIANÇA II,94,PPML-FE Caged pre-corte sem tendencia,151.44258820642355
2025,10066,CP CRECHE COMUNITÁRIA ARTE & CULTURA,219,PPML-FE Caged pre-corte sem tendencia,188.9367908403108
2025,10067,CP CRECHE COMUNITÁRIA ARCA DE NOÉ,117,PPML-FE Caged pre-corte sem tendencia,122.9245778989814
2025,10068,CP CRECHE COMUNITÁRIA TIA NEIDE - GUARATIBA,152,PPML-FE Caged pre-corte sem tendencia,103.35506278285662
2025,10069,CP CRECHE E ESCOLA COMUNITÁRIA GENTE BAIXINHA II,411,PPML-FE Caged pre-corte sem tendencia,413.6671375173288
2025,1007,CP EDUCANDÁRIO NOSSA SENHORA DE NAZARÉ,78,PPML-FE Caged pre-corte sem tendencia,112.24577280908375
2025,10070,CP PEDACINHO DO CÉU,121,PPML-FE Caged pre-corte sem tendencia,141.63370998491
2025,10071,CP CRECHE COMUNITÁRIA ARTE & CULTURA - UNIDADE I,251,PPML-FE Caged pre-corte sem tendencia,165.71898416240347
2025,10072,CP CRECHE COMUNITÁRIA DEUS É FIEL - UNIDADE X,219,PPML-FE Caged pre-corte sem tendencia,211.2790906211937
2025,10073,CP NINHO CARIOCA,435,PPML-FE Caged pre-corte sem tendencia,384.9819876695639
2025,10074,CP CRECHE MUNDO MÁGICO II,201,PPML-FE Caged pre-corte sem tendencia,189.83018138590884
2025,10075,CP CRECHE COMUNITÁRIA PEDACINHO DE CÉU,153,PPML-FE Caged pre-corte sem tendencia,188.9367908403108
2025,10076,CP ESPAÇO DE DESENVOLVIMENTO MÃE GAIA - UNIDADE I,73,PPML-FE Caged pre-corte sem tendencia,39.78261152190735
2025,10077,CP CRECHE COMUNITÁRIA CANTINHO DO SABER,40,PPML-FE Caged pre-corte sem tendencia,56.43917238522383
2025,10078,CP CRECHE COMUNITÁRIA CRIANÇA FELIZ,72,PPML-FE Caged pre-corte sem tendencia,68.78558981175664
2025,10079,CP CRECHE COMUNITÁRIA DEUS É FIEL - UNIDADE VIII,100,PPML-FE Caged pre-corte sem tendencia,143.41673250371588
2025,10080,CP ASSOCIAÇÃO CENTRO EDUCACIONAL REBRAL XII (GUARATIBA),154,PPML-FE Caged pre-corte sem tendencia,103.35506278285662
2025,10081,CP CENTRO EDUCACIONAL ESTRELA DO AMANHÃ,228,PPML-FE Caged pre-corte sem tendencia,281.06443405694364
2025,10082,CP CRECHE ESCOLA BAIXINHOS SABIDOS,70,PPML-FE Caged pre-corte sem tendencia,86.48882383999197
2025,10083,CP CRECHE COMUNITÁRIA CRISTÃ CORDEIRINHO DE CRISTO,116,PPML-FE Caged pre-corte sem tendencia,277.4834822421877
2025,10084,CP CRECHE COMUNITÁRIA AQUARELA DO SABER (GUARATIBA),284,PPML-FE Caged pre-corte sem tendencia,245.2647172630475
2025,10085,CP CRECHE VIDA,50,PPML-FE Caged pre-corte sem tendencia,89.14926583586848
2025,1009,CP CRECHE COMUNITÁRIA ANITA WAY,179,PPML-FE Caged pre-corte sem tendencia,191.61704291279847
2025,1010,CP CENTRO CULTURAL MONTESSORI - SÃO CRISTÓVÃO,465,PPML-FE Caged pre-corte sem tendencia,428.90856282481894
2025,101601,CM LADEIRA DOS FUNCIONÁRIOS,122,PPML-FE Caged pre-corte sem tendencia,148.55552915566633
2025,101602,CM VIRGÍNIA LEMOS,58,PPML-FE Caged pre-corte sem tendencia,90.94856654790763
2025,101603,CM SENNINHA,255,PPML-FE Caged pre-corte sem tendencia,344.9287738549329
2025,101604,CM SEMPRE VIDA P. CONQUISTA,68,PPML-FE Caged pre-corte sem tendencia,83.55733887581033
2025,101605,CM CLEMENTE FERREIRA,199,PPML-FE Caged pre-corte sem tendencia,272.12187264937813
2025,101606,CM QUINTA DO CAJU,143,PPML-FE Caged pre-corte sem tendencia,193.2564015390933
2025,101607,CM TIA DORA,259,PPML-FE Caged pre-corte sem tendencia,359.22754065520166
2025,101801,EDI PARQUE DA ALEGRIA,271,PPML-FE Caged pre-corte sem tendencia,377.2342015433749
2025,101802,EDI MACHADO DE ASSIS,152,PPML-FE Caged pre-corte sem tendencia,190.61073785521373
2025,101803,EDI ANTÔNIO RAPOSO TAVARES,38,PPML-FE Caged pre-corte sem tendencia,71.42098087787478
2025,1019601,CM SEMPRE VIDA VALE DO SOL,29,PPML-FE Caged pre-corte sem tendencia,73.26722739582395
2025,1019602,CM SEMPRE VIDA ANTARES,151,PPML-FE Caged pre-corte sem tendencia,255.44568886090886
2025,1019603,CM JARDIM DOS VIEIRAS,137,PPML-FE Caged pre-corte sem tendencia,175.7963591598001
2025,1019604,CM AYRTON SENNA,63,PPML-FE Caged pre-corte sem tendencia,97.54989782715248
2025,1019605,CM MARLENE DA SILVA CARDOSO,57,PPML-FE Caged pre-corte sem tendencia,90.68455088436671
2025,1019606,CM TRINTA E UM DE OUTUBRO,124,PPML-FE Caged pre-corte sem tendencia,148.81995145204098
2025,1019607,CM ADALTO BASTOS,221,PPML-FE Caged pre-corte sem tendencia,234.0071684272497
2025,1019609,CM CANTINHO DA TIA DOLORES,76,PPML-FE Caged pre-corte sem tendencia,200.92920095523974
2025,1019610,CM CHAVE DO TAMANHO,56,PPML-FE Caged pre-corte sem tendencia,139.56587622576967
2025,1019611,CM CRIANÇA FELIZ,51,PPML-FE Caged pre-corte sem tendencia,76.6965667643394
2025,1019612,CM DANIELA PEREZ,305,PPML-FE Caged pre-corte sem tendencia,474.4297188148601
2025,1019613,CM DJANIRA MARIA RAMOS,128,PPML-FE Caged pre-corte sem tendencia,143.26732784974863
2025,1019614,CM INSPETOR HERALDO CARVALHO DE SOUSA,240,PPML-FE Caged pre-corte sem tendencia,293.29990975242185
2025,1019615,CM MARCOLINA,44,PPML-FE Caged pre-corte sem tendencia,75.37750161931194
2025,1019616,CM MARIA HELENA PAPERA MONTEIRO,60,PPML-FE Caged pre-corte sem tendencia,85.6688520696027
2025,1019618,CM LEUZA MARINS NOVAES S. SANTOS,75,PPML-FE Caged pre-corte sem tendencia,127.9344546344523
2025,1019619,CM SANTA TEREZINHA,41,PPML-FE Caged pre-corte sem tendencia,97.81398682686968
2025,1019620,CM SEMENTINHA DO AMOR,68,PPML-FE Caged pre-corte sem tendencia,136.12904007897689
2025,1019621,CM SEMPRE VIDA ESTRELA DO ALAGADO,48,PPML-FE Caged pre-corte sem tendencia,135.60031609924124
2025,1019623,CM SEMPRE VIDA TERRA DA PAZ,243,PPML-FE Caged pre-corte sem tendencia,305.4781497006116
2025,1019624,CM ZACARIAS - O TRAPALHÃO,27,PPML-FE Caged pre-corte sem tendencia,92.26868987787438
2025,1019625,CM NARIZINHO,41,PPML-FE Caged pre-corte sem tendencia,67.72921933467542
2025,1019626,CM PEDRINHO,52,PPML-FE Caged pre-corte sem tendencia,65.88373092913324
2025,1019627,CM VOVÓ BENTA,104,PPML-FE Caged pre-corte sem tendencia,104.94533516298888
2025,1019628,CM IRINÉA DOS SANTOS PAIVA,77,PPML-FE Caged pre-corte sem tendencia,185.31962027524239
2025,1019630,CM ESTRELA DALVA,69,PPML-FE Caged pre-corte sem tendencia,99.39857528427324
2025,1019631,CM TIA HILDA MACEDO,147,PPML-FE Caged pre-corte sem tendencia,247.76985425575896
2025,1019632,CM MIRIAM PIRES,326,PPML-FE Caged pre-corte sem tendencia,435.23146818235165
2025,1019633,CM MERILUCE DE OLIVEIRA MÜLLER,44,PPML-FE Caged pre-corte sem tendencia,104.152876916294
2025,1019801,EDI SARGENTO IZO GOMES PATRÍCIO,217,PPML-FE Caged pre-corte sem tendencia,354.72601331946123
2025,1019802,EDI LARISSA DOS SANTOS ATANAZIO,120,PPML-FE Caged pre-corte sem tendencia,152.25754311235178
2025,1019803,EDI LARYSSA SILVA MARTINS,189,PPML-FE Caged pre-corte sem tendencia,303.62490121821133
2025,1019804,EDI PROFESSORA MARIA LUIZA JOBIM DE QUEIROZ,55,PPML-FE Caged pre-corte sem tendencia,85.40490077787518
2025,1019806,EDI PROFESSOR RUBEM GONÇALVES,64,PPML-FE Caged pre-corte sem tendencia,129.78472248455873
2025,1019807,EDI PROFESSOR ANTONIO ALFREDO MERCADANTE,107,PPML-FE Caged pre-corte sem tendencia,134.27853014142755
2025,1019808,EDI GEÓGRAFO AZIZ AB' SABER,82,PPML-FE Caged pre-corte sem tendencia,123.44126425473347
2025,1019809,EDI PROFESSORA CARMEN FRAGA DE ARAÚJO,48,PPML-FE Caged pre-corte sem tendencia,113.39943875735374
2025,1019810,EDI PROFESSORA ROSELE NICOLAU JORGE COUTINHO,51,PPML-FE Caged pre-corte sem tendencia,60.61251301268327
2025,1019811,EDI PROFESSORA RAQUEL KELLY LANERA,55,PPML-FE Caged pre-corte sem tendencia,61.139520211574435
2025,1019815,EDI JOÃO CORRÊA,92,PPML-FE Caged pre-corte sem tendencia,158.33987994355803
2025,1019818,EDI RENÉE BISCAIA RAPOSO,41,PPML-FE Caged pre-corte sem tendencia,143.00293034377628
2025,1019820,EDI INAIÁ WANDERLEY CARMO,54,PPML-FE Caged pre-corte sem tendencia,149.6132251325178
2025,1019821,EDI PROFESSORA SOLANGE INÁCIA DE SÁ DE LACERDA,120,PPML-FE Caged pre-corte sem tendencia,279.2692324497347
2025,1019822,EDI PROFESSORA KATIA MIRANDA SANTOS,36,PPML-FE Caged pre-corte sem tendencia,225.0091536359138
2025,1019824,EDI PROFESSORA LILIA CHAVES DA COSTA,26,PPML-FE Caged pre-corte sem tendencia,176.32540255734347
2025,1019826,EDI THAMIRIS DE ANDRADE DA SILVA SANTOS,140,PPML-FE Caged pre-corte sem tendencia,247.76985425575896
2025,1019827,EDI MEDALHISTA OLÍMPICA POLIANA OKIMOTO,200,PPML-FE Caged pre-corte sem tendencia,334.6022686223104
2025,1019828,EDI MEDALHISTA OLÍMPICO ERLON DE SOUZA SILVA,171,PPML-FE Caged pre-corte sem tendencia,295.15308140035165
2025,1019829,EDI ERASMO CARLOS,94,PPML-FE Caged pre-corte sem tendencia,103.35506278285662
2025,1019830,EDI GAL COSTA,109,PPML-FE Caged pre-corte sem tendencia,124.70531264477879
2025,1019831,EDI PROFESSORA MARIA MESQUITA DE SIQUEIRA,218,PPML-FE Caged pre-corte sem tendencia,369.8195901610398
2025,102601,CM SEMPRE VIDA SANTO ANTÔNIO DE PÁDUA,142,PPML-FE Caged pre-corte sem tendencia,221.30425337274852
2025,102602,CM ANA MARIA DA CRUZ SILVA,249,PPML-FE Caged pre-corte sem tendencia,413.51474540366627
2025,102604,CM ARCO-ÍRIS,292,PPML-FE Caged pre-corte sem tendencia,451.9168814882568
2025,102605,CM ALDEIA DOS CURUMINS,281,PPML-FE Caged pre-corte sem tendencia,467.0136319009613
2025,102606,CM GEORGE SAVALLA GOMES - PALHAÇO CAREQUINHA,279,PPML-FE Caged pre-corte sem tendencia,438.14475730595365
2025,1026601,CM SONHO DE CRIANÇA,248,PPML-FE Caged pre-corte sem tendencia,411.9257546675849
2025,1026602,CM NOSSA SENHORA DA GLÓRIA,118,PPML-FE Caged pre-corte sem tendencia,233.21320393853858
2025,1026603,CM SEMPRE VIDA COLÔNIA DOS PESCADORES,116,PPML-FE Caged pre-corte sem tendencia,226.06771462117027
2025,1026604,CM JOSEPHA FERREIRA DA COSTA,319,PPML-FE Caged pre-corte sem tendencia,456.6842341961621
2025,1026801,EDI SAMIRA PIRES RIBEIRO,36,PPML-FE Caged pre-corte sem tendencia,201.19378983492498
2025,1026802,EDI PROFESSOR MARCOS FLAMÍNIO PORTUGAL PINTO,387,PPML-FE Caged pre-corte sem tendencia,631.5090184459893
2025,1026803,EDI PADRE CARLOS HENRIQUE DE SOUZA,99,PPML-FE Caged pre-corte sem tendencia,189.28793187147213
2025,1026805,EDI MEDALHISTA OLÍMPICO IZAQUIAS QUEIROZ DOS SANTOS,330,PPML-FE Caged pre-corte sem tendencia,522.9011943240992
2025,1026806,EDI MEDALHISTA OLÍMPICO FELIPE ALMEIDA WU,253,PPML-FE Caged pre-corte sem tendencia,419.3410899335029
2025,1026807,EDI ALFREDO FERNANDO VAZ GUIMARÃES JÚNIOR,379,PPML-FE Caged pre-corte sem tendencia,557.0715109463974
2025,1026809,EDI MEDALHISTA PARALÍMPICO RICARDO COSTA DE OLIVEIRA,238,PPML-FE Caged pre-corte sem tendencia,358.69794624310634
2025,1026810,EDI ALCEBÍADES FRANCISCO ROSA,331,PPML-FE Caged pre-corte sem tendencia,572.4353611385839
2025,1026811,EDI GERMANO THOMÉ DE OLIVEIRA,43,PPML-FE Caged pre-corte sem tendencia,275.82788088729484
2025,102802,EDI CAMPOS SALLES,31,PPML-FE Caged pre-corte sem tendencia,80.12662385498487
2025,102803,EDI RACHEL DE QUEIROZ,53,PPML-FE Caged pre-corte sem tendencia,108.90792749436115
2025,103601,CM ESPAÇO LIVRE DA CRIANÇA,51,PPML-FE Caged pre-corte sem tendencia,69.04758913875207
2025,103602,CM DIREITOS HUMANOS,87,PPML-FE Caged pre-corte sem tendencia,118.6842883297896
2025,103604,CM SONHO INFANTIL,107,PPML-FE Caged pre-corte sem tendencia,146.17578021522525
2025,103605,CM BRINCADEIRAS DE CRIANÇA,123,PPML-FE Caged pre-corte sem tendencia,203.31052312581264
2025,103606,CM CAMPOS DA PAZ,102,PPML-FE Caged pre-corte sem tendencia,201.72296945844857
2025,103607,CM ESTÁCIO DE SÁ,227,PPML-FE Caged pre-corte sem tendencia,386.7674769183719
2025,103801,EDI PROFESSORA SIMONE SOUSA PIMENTEL,134,PPML-FE Caged pre-corte sem tendencia,201.72296945844857
2025,103802,EDI LILY MARINHO,175,PPML-FE Caged pre-corte sem tendencia,306.80190673428217
2025,103804,EDI ZÉLIA GATTAI AMADO,73,PPML-FE Caged pre-corte sem tendencia,103.36043945281372
2025,103805,EDI BEATRIZ VICÊNCIA BANDEIRA RYFF,86,PPML-FE Caged pre-corte sem tendencia,195.90213262069952
2025,103806,EDI FUNDAÇÃO LEÃO XIII,19,PPML-FE Caged pre-corte sem tendencia,20.189525433072898
2025,103807,EDI MARIA LUIZA NOBRE - TIA LUIZINHA,232,PPML-FE Caged pre-corte sem tendencia,333.54315891069064
2025,107601,CM ADALBERTO ISMAEL DE SOUZA,67,PPML-FE Caged pre-corte sem tendencia,86.72469108541557
2025,107602,CM DEPUTADO LUIZ EDUARDO DE MAGALHÃES,188,PPML-FE Caged pre-corte sem tendencia,278.210349163927
2025,107603,CM VOVÓ LUCÍOLA,130,PPML-FE Caged pre-corte sem tendencia,188.2296997159386
2025,107604,CM HOMERO JOSÉ DOS SANTOS,174,PPML-FE Caged pre-corte sem tendencia,263.1218484463013
2025,107605,CM EDUARDO MOREIRA DOS SANTOS,152,PPML-FE Caged pre-corte sem tendencia,228.4495055608334
2025,107606,CM FRANCISCO ALVES,154,PPML-FE Caged pre-corte sem tendencia,197.4896028673488
2025,107607,CM NAÇÃO MANGUEIRENSE,175,PPML-FE Caged pre-corte sem tendencia,299.124211042009
2025,107608,CM SAMORA MACHEL,138,PPML-FE Caged pre-corte sem tendencia,166.27415449859
2025,107609,CM VASQUINHO,239,PPML-FE Caged pre-corte sem tendencia,331.160175360981
2025,107610,CM ARARA AZUL,335,PPML-FE Caged pre-corte sem tendencia,450.0629217628722
2025,107801,EDI PROFESSORA DAYSE MALAGOLE,48,PPML-FE Caged pre-corte sem tendencia,95.43728173805053
2025,107802,EDI MORRO DOS TELÉGRAFOS,16,PPML-FE Caged pre-corte sem tendencia,34.573535004561414
2025,107803,EDI DOIS DE JULHO,45,PPML-FE Caged pre-corte sem tendencia,58.76820414664103
2025,11001,CP CRECHE COMUNITÁRIA ALEGRIA DA CRIANÇA,118,PPML-FE Caged pre-corte sem tendencia,147.87509850995716
2025,11003,CP AMIG - ASSOCIAÇÃO DOS MORADORES DA ILHA DO GOVERNADOR,215,PPML-FE Caged pre-corte sem tendencia,204.12792631156177
2025,11004,CP CENTRO DE ATIVIDADES EDUCACIONAIS E CULTURAIS ARCA DE NOÉ - CAECAN,237,PPML-FE Caged pre-corte sem tendencia,236.3185713555077
2025,11006,CP CRECHE CASULO DO DENDÊ,391,PPML-FE Caged pre-corte sem tendencia,372.43430586524227
2025,11007,CP CRECHE ESFERA KIDS,135,PPML-FE Caged pre-corte sem tendencia,151.44258820642355
2025,11008,CP FILIAL BANCÁRIOS - RJ,213,PPML-FE Caged pre-corte sem tendencia,219.32581101819238
2025,11009,CP CRECHE COMUNITÁRIA IRMÃ MOROCHA (CCIM),147,PPML-FE Caged pre-corte sem tendencia,152.33456700809714
2025,11010,CP CHALÉ SEMENTINHA (ILHA DO GOVERNADOR),54,PPML-FE Caged pre-corte sem tendencia,192.51051339954873
2025,1120201,CIEP OLGA BENÁRIO PRESTES,34,PPML-FE Caged pre-corte sem tendencia,45.34341899318625
2025,1120601,CM STELLA MARIS,289,PPML-FE Caged pre-corte sem tendencia,399.47884919294836
2025,1120602,CM CORA CORALINA,274,PPML-FE Caged pre-corte sem tendencia,461.1867700101979
2025,1120603,CM DOUTOR ANTÔNIO MONTEIRO,294,PPML-FE Caged pre-corte sem tendencia,396.56579333191763
2025,1120604,CM MARIA ARMINDA F. SOUZA AGUIAR,194,PPML-FE Caged pre-corte sem tendencia,356.8443719939613
2025,1120605,CM SEMPRE VIDA LORETO,264,PPML-FE Caged pre-corte sem tendencia,356.0499859966722
2025,1120606,CM TAUÁ,364,PPML-FE Caged pre-corte sem tendencia,483.1702196924658
2025,1120801,EDI JOSÉ DE SOUZA RAMOS,135,PPML-FE Caged pre-corte sem tendencia,233.74251313620786
2025,1120802,EDI NEUSA MARIA GOULART BRIZOLA,197,PPML-FE Caged pre-corte sem tendencia,353.13725272781244
2025,1120804,EDI PROFESSORA ANNA MARIA JESUS CONCEICAO,178,PPML-FE Caged pre-corte sem tendencia,345.45834708889385
2025,121001,EM JOAQUIM MANUEL DE MACEDO,56,PPML-FE Caged pre-corte sem tendencia,46.13239340675619
2025,123601,CM JOSÉ MARINHO DE OLIVEIRA,130,PPML-FE Caged pre-corte sem tendencia,147.23343483391525
2025,123603,CM FALLET,92,PPML-FE Caged pre-corte sem tendencia,123.96985083809615
2025,123801,EDI HELOÍSA MARINHO,14,PPML-FE Caged pre-corte sem tendencia,27.237746183704044
2025,2001,CP CRECHE ESPAÇO SEMENTE,62,PPML-FE Caged pre-corte sem tendencia,75.85921324116349
2025,2002,CP EDUCANDÁRIO CASA DE JACIRA,38,PPML-FE Caged pre-corte sem tendencia,33.6916130198549
2025,2003,CP CENTRO COMUNITÁRIO DA RUA UM UNIÃO FAZ A FORÇA,135,PPML-FE Caged pre-corte sem tendencia,47.65437510855683
2025,2004,CP AÇÃO SOCIAL PADRE ANCHIETA - ASPA,293,PPML-FE Caged pre-corte sem tendencia,350.92726598272145
2025,2005,CP ESCOLA COMUNITÁRIA DO CANTAGALO,61,PPML-FE Caged pre-corte sem tendencia,88.26232932104257
2025,2006,CP CRECHE PRÉ-ESCOLA COMUNITÁRIA DOIS IRMÃOS,73,PPML-FE Caged pre-corte sem tendencia,86.48882383999197
2025,2009,CP ABRIGO TERESA DE JESUS,137,PPML-FE Caged pre-corte sem tendencia,156.79507511605152
2025,2010,CP CRECHE PATINHO FELIZ,141,PPML-FE Caged pre-corte sem tendencia,215.74928154440212
2025,2011,CP SOCIEDADE CIVIL DE ASSISTÊNCIA A MENORES - CASA DA DINDA,80,PPML-FE Caged pre-corte sem tendencia,129.1582145473458
2025,2012,CP GRUPO COMUNITÁRIO CRECHE ESCOLA TIA MAURA,107,PPML-FE Caged pre-corte sem tendencia,98.02483696661264
2025,2013,CP CENTRO DE EDUCAÇÃO INFANTIL CRISTO REDENTOR,57,PPML-FE Caged pre-corte sem tendencia,68.78558981175664
2025,2014,CP CRUZADA PELA INFÂNCIA DO LEME,114,PPML-FE Caged pre-corte sem tendencia,105.13253583000062
2025,2015,CP CRECHE SANT ANNA,127,PPML-FE Caged pre-corte sem tendencia,137.1770044178858
2025,2016,CP CASA MATERNAL MELLO MATTOS,184,PPML-FE Caged pre-corte sem tendencia,187.15009144730735
2025,2018,CP FUNDAÇÃO CASA SANTA IGNEZ,84,PPML-FE Caged pre-corte sem tendencia,114.91452371700848
2025,2019,CP UNIDAS - OBRAS SOCIAIS UNIDAS DE SANTA MARTA,45,PPML-FE Caged pre-corte sem tendencia,58.19994088927479
2025,2020,CP CASA ESPÍRITA CRISTÃ MARIA DE NAZARÉ,104,PPML-FE Caged pre-corte sem tendencia,134.5035895750354
2025,2022,CP CRECHE CHAPEUZINHO MARROM,49,PPML-FE Caged pre-corte sem tendencia,61.724706314332934
2025,2024,CP CRECHE ESCADINHA DO SABER,11,PPML-FE Caged pre-corte sem tendencia,18.25681917632359
2025,2025,CP CRECHE BEZERRA DE MENEZES - BOTAFOGO,238,PPML-FE Caged pre-corte sem tendencia,341.9673188978758
2025,2026,CP CRECHE MONSENHOR FRANCA,63,PPML-FE Caged pre-corte sem tendencia,79.4000847984335
2025,2028,CP OBRAS SOCIAIS PADRE ALEIXO,155,PPML-FE Caged pre-corte sem tendencia,161.25656516976514
2025,2029,CP CASA DA CRIANÇA,416,PPML-FE Caged pre-corte sem tendencia,455.80888744397134
2025,2031,CP CENTRO COMUNITÁRIO ALEGRIA DAS CRIANÇAS,86,PPML-FE Caged pre-corte sem tendencia,70.55289915938646
2025,2032,CP PATRONATO OPERÁRIO DA GÁVEA,71,PPML-FE Caged pre-corte sem tendencia,66.1361245218441
2025,2034,CP CENTRO SOCIAL DA MULHER UÊGA,76,PPML-FE Caged pre-corte sem tendencia,84.71582500308779
2025,2035,CP CENTRO SOCIAL E AÍ COMO É QUE FICA ?,82,PPML-FE Caged pre-corte sem tendencia,90.9234946059427
2025,2036,CP CRECHE BERÇÁRIO MARIA HELENA DA ROCINHA,177,PPML-FE Caged pre-corte sem tendencia,188.9367908403108
2025,2037,CP CRECHE COMUNITÁRIA CANTINHO DA NATUREZA,176,PPML-FE Caged pre-corte sem tendencia,196.08465455572855
2025,2038,CP CRECHE CHÁCARA DO CÉU,45,PPML-FE Caged pre-corte sem tendencia,82.05732293918442
2025,2039,CP CRECHE ESCOLA MENINOS DE LUZ,268,PPML-FE Caged pre-corte sem tendencia,299.8675611712602
2025,2040,CP CRECHE MARIA MARIA,123,PPML-FE Caged pre-corte sem tendencia,115.80425381765822
2025,2041,CP CRECHE E PRÉ-ESCOLA COMUNITÁRIA DO 199 PINGO DE GENTE,80,PPML-FE Caged pre-corte sem tendencia,38.91054285375282
2025,2042,CP CRECHE SANTA CLARA,133,PPML-FE Caged pre-corte sem tendencia,133.61255668369822
2025,2043,CP CRECHE SANTA MÔNICA,124,PPML-FE Caged pre-corte sem tendencia,173.7535257871139
2025,2044,CP CRECHE SÃO COSME E SÃO DAMIÃO,89,PPML-FE Caged pre-corte sem tendencia,93.58569367497819
2025,2045,CP CREI - CENTRO DE RECUPERAÇÃO INFANTIL,63,PPML-FE Caged pre-corte sem tendencia,49.40851105535752
2025,2046,CP ESPAÇO SANTA TEREZINHA - EST,207,PPML-FE Caged pre-corte sem tendencia,254.21248234936482
2025,204601,CM TIA AMÁLIA,58,PPML-FE Caged pre-corte sem tendencia,114.98481491950082
2025,204602,CM ARACY GUIMARÃES ROSA,587,PPML-FE Caged pre-corte sem tendencia,653.4969136987733
2025,2047,CP GRUPO COMUNITÁRIO MORRO DA ALEGRIA,66,PPML-FE Caged pre-corte sem tendencia,81.17143247018353
2025,2048,CP LAR CANTINHO FELIZ,212,PPML-FE Caged pre-corte sem tendencia,289.1222904218105
2025,204804,EDI PROFESSORA SARITA KONDER,30,PPML-FE Caged pre-corte sem tendencia,121.59126345327117
2025,204805,EDI CLAUDIO CAVALCANTI,188,PPML-FE Caged pre-corte sem tendencia,259.15138169019525
2025,204806,EDI IRMA MARGARITA ALARCON,133,PPML-FE Caged pre-corte sem tendencia,267.3571032296999
2025,2049,CP OBRA DO BERÇO,285,PPML-FE Caged pre-corte sem tendencia,298.9720606658484
2025,2052,CP CRECHE CASA SANTA MARTA,137,PPML-FE Caged pre-corte sem tendencia,159.47185480555618
2025,2053,CP CRECHE ESPERANÇA,184,PPML-FE Caged pre-corte sem tendencia,216.64338303287138
2025,2054,CP UNIÃO DE MULHERES PRO-MELHORAMENTO DA ROUPA SUJA,78,PPML-FE Caged pre-corte sem tendencia,90.9234946059427
2025,2055,CP CRECHE CASA DO POBRE DE NOSSA SENHORA DE COPACABANA,136,PPML-FE Caged pre-corte sem tendencia,104.24375540724378
2025,2056,CP CRECHE SANTA CLARA DE ASSIS NA PROVIDÊNCIA DE DEUS,70,PPML-FE Caged pre-corte sem tendencia,93.58569367497819
2025,205601,CM IRMÃS BAPTISTA,425,PPML-FE Caged pre-corte sem tendencia,617.4687817423918
2025,205602,CM TIA SONIA CRISPINIANO,181,PPML-FE Caged pre-corte sem tendencia,285.62263943875547
2025,2057,CP CENTRO EDUCACIONAL ESPERANÇA,37,PPML-FE Caged pre-corte sem tendencia,33.6916130198549
2025,2058,CP NASCEER - NÚCLEO DE ASSIST. SOCIAL CULTURAL EDUC. ECOLÓGICO DA ROCINHA,82,PPML-FE Caged pre-corte sem tendencia,63.48858495757068
2025,205801,EDI DONA MARCELA,90,PPML-FE Caged pre-corte sem tendencia,195.63755653160996
2025,2060,CP ASSOCIAÇÃO CENTRO EDUCACIONAL REBRAL - ROCINHA,138,PPML-FE Caged pre-corte sem tendencia,78.51463391637755
2025,2061,CP CRECHE INSTITUTO MACINTYRE,60,PPML-FE Caged pre-corte sem tendencia,79.40008479843343
2025,2062,CP CENTRO EDUCACIONAL ROUPA FELIZ,13,PPML-FE Caged pre-corte sem tendencia,28.501172914489445
2025,2063,CP CRECHE ANJOS DO BEM,66,PPML-FE Caged pre-corte sem tendencia,74.08974519646887
2025,206601,CM DOUTOR SOBRAL PINTO,74,PPML-FE Caged pre-corte sem tendencia,123.96985083809615
2025,206602,CM VIDIGAL,139,PPML-FE Caged pre-corte sem tendencia,213.63014173977714
2025,206603,CM JACÓ INÁCIO GOMES,88,PPML-FE Caged pre-corte sem tendencia,247.76985425575896
2025,206605,CM DOUTOR PEDRO BLOCH,121,PPML-FE Caged pre-corte sem tendencia,262.85714808636163
2025,206606,CM ELZA MACHADO DOS SANTOS - TIA ELZA,196,PPML-FE Caged pre-corte sem tendencia,292.5056977184898
2025,208601,CM CASA BRANCA - PROFESSOR PAULO FREIRE,82,PPML-FE Caged pre-corte sem tendencia,135.86467740895597
2025,208603,CM RAÍZES DO SALGUEIRO,85,PPML-FE Caged pre-corte sem tendencia,102.3038890487126
2025,208604,CM TIA BELA,89,PPML-FE Caged pre-corte sem tendencia,175.26731901817934
2025,208605,CM TIA MARIA,30,PPML-FE Caged pre-corte sem tendencia,84.34913008842972
2025,208606,CM DOUTOR RONALDO LUIZ GAZOLLA,48,PPML-FE Caged pre-corte sem tendencia,129.78472248455873
2025,208607,CM DOS SONHOS,57,PPML-FE Caged pre-corte sem tendencia,112.34256019020623
2025,208608,CM DOUTOR SÉRGIO AROUCA,181,PPML-FE Caged pre-corte sem tendencia,274.7690146862095
2025,208801,EDI IGOR MORAES DA SILVA,70,PPML-FE Caged pre-corte sem tendencia,123.44126425473347
2025,208803,EDI BOREL,58,PPML-FE Caged pre-corte sem tendencia,111.79526758301114
2025,209601,CM PIPA NO CÉU,101,PPML-FE Caged pre-corte sem tendencia,181.88055001684384
2025,209602,CM CANTINHO DO CÉU,152,PPML-FE Caged pre-corte sem tendencia,202.25215155668667
2025,209603,CM GALDINO MANOEL DA SILVA,46,PPML-FE Caged pre-corte sem tendencia,69.57497392914125
2025,209604,CM NOVA DIVINÉIA,56,PPML-FE Caged pre-corte sem tendencia,100.98325498104226
2025,209605,CM SÃO SEBASTIÃO - ARRELIA,75,PPML-FE Caged pre-corte sem tendencia,112.07834549103383
2025,209606,CM WINNIE MANDELA,55,PPML-FE Caged pre-corte sem tendencia,106.79448349429694
2025,209607,CM SOLANGE MARIA MAGALHÃES,71,PPML-FE Caged pre-corte sem tendencia,163.6293013576953
2025,209608,CM GERMINAL DA VILA,124,PPML-FE Caged pre-corte sem tendencia,186.90692551815593
2025,209609,CM PAPA JOÃO PAULO II,146,PPML-FE Caged pre-corte sem tendencia,227.65557086292213
2025,209610,CM FRANCISCO DE PAULA,92,PPML-FE Caged pre-corte sem tendencia,182.14508938025892
2025,209803,EDI PROFESSORA SUELY DE PINHO CAVALCANTE,34,PPML-FE Caged pre-corte sem tendencia,148.81995145204098
2025,209804,EDI PROFESSORA LUCIA MARIA QUITETE DE CARVALHO AMARAL,15,PPML-FE Caged pre-corte sem tendencia,60.34901953622537
2025,227601,CM CASTELINHO,44,PPML-FE Caged pre-corte sem tendencia,218.39333086189384
2025,227602,CM IACYRA FRAZÃO,15,PPML-FE Caged pre-corte sem tendencia,48.236827221665976
2025,227801,EDI PROFESSORA EDIR CASEIRO RIBEIRO,347,PPML-FE Caged pre-corte sem tendencia,429.66977936881653
2025,3001,CP ASSOCIAÇÃO PRESBITERIANA CUIDANDO DO AMANHÃ - APCA,161,PPML-FE Caged pre-corte sem tendencia,179.11134475084984
2025,3002,CP ABRIGO MARIA IMACULADA,249,PPML-FE Caged pre-corte sem tendencia,279.2739331434956
2025,3003,CP CASA SÃO ROQUE,158,PPML-FE Caged pre-corte sem tendencia,198.76552608303126
2025,3004,CP CENTRO COMUNITÁRIO NOSSA SENHORA APARECIDA - CRECHE,85,PPML-FE Caged pre-corte sem tendencia,116.6940553091756
2025,3005,CP COLÉGIO RUTH SANT ANNA / JARDIM DE INFÂNCIA CIRANDA CIRANDINHA,94,PPML-FE Caged pre-corte sem tendencia,155.01075092017365
2025,3006,CP CRECHE CASA VIVA,421,PPML-FE Caged pre-corte sem tendencia,462.08626002060305
2025,3007,CP CRECHE CHAMEGUINHO,85,PPML-FE Caged pre-corte sem tendencia,104.24375540724397
2025,3008,CP CRECHE COMUNITÁRIA ELIANA SATURNINO BRAGA,105,PPML-FE Caged pre-corte sem tendencia,98.91297013706695
2025,3009,CP CRECHE COMUNITÁRIA JOÃO FERREIRA,46,PPML-FE Caged pre-corte sem tendencia,45.901853159435426
2025,3010,CP CRECHE ESCOLA COMUNITÁRIA MÃE SOCIAL,122,PPML-FE Caged pre-corte sem tendencia,142.5251975399919
2025,3011,CP CRECHE DO CENTRO PASTORAL SOCIAL PADRE JUSTINO RUSSOLILLO,44,PPML-FE Caged pre-corte sem tendencia,60.84313046911411
2025,3012,CP CRECHE MÃE DO DIVINO SALVADOR,328,PPML-FE Caged pre-corte sem tendencia,341.9673188978761
2025,3013,CP CRECHE DO JACAREZINHO,179,PPML-FE Caged pre-corte sem tendencia,194.29753260868836
2025,3014,CP CRECHE PLANTANDO O AMANHÃ,584,PPML-FE Caged pre-corte sem tendencia,637.9266397410145
2025,3015,CP CRECHE MARIETTA NAVARRO GAIO,68,PPML-FE Caged pre-corte sem tendencia,102.46645944655042
2025,3016,CP CRECHE SÃO PEDRO NOLASCO,80,PPML-FE Caged pre-corte sem tendencia,88.26232932104266
2025,3017,CP CRECHE TERNURINHA,43,PPML-FE Caged pre-corte sem tendencia,61.724706314332934
2025,3018,CP FRATERNIDADE ASSISTENCIAL CRISTÃ,42,PPML-FE Caged pre-corte sem tendencia,50.286149900313404
2025,3019,CP INSTITUTO EDUCACIONAL CRESCENDO E APRENDENDO ALGODÃO DOCE,202,PPML-FE Caged pre-corte sem tendencia,241.686057959511
2025,3020,CP LAR DA CRIANÇA JESUS BOM PASTOR,118,PPML-FE Caged pre-corte sem tendencia,121.14409707162818
2025,3021,CP CRECHE COMUNITÁRIA TIA ALICE,199,PPML-FE Caged pre-corte sem tendencia,238.10766524886182
2025,3022,CP INSTITUTO AVANTE ELITE DO FUTURO,257,PPML-FE Caged pre-corte sem tendencia,273.902733061368
2025,3023,CP LAR DE MARIA DOLORES,49,PPML-FE Caged pre-corte sem tendencia,47.65437510855683
2025,3024,CP CASA DE LEYLÁ,191,PPML-FE Caged pre-corte sem tendencia,235.4240504734829
2025,3025,CP CENTRO CULTURAL EDUCAR - UNIDADE II,486,PPML-FE Caged pre-corte sem tendencia,486.30103781742645
2025,3026,CP CHALÉ SEMENTINHA,504,PPML-FE Caged pre-corte sem tendencia,506.93083960817796
2025,3027,CP CENTRO CULTURAL EDUCAR - UNIDADE IV,239,PPML-FE Caged pre-corte sem tendencia,282.8549843514644
2025,3028,CP ESTRELINHA DO MAR,299,PPML-FE Caged pre-corte sem tendencia,319.5712096103137
2025,3029,CP CRECHE BRINCANDO COM JUNINHO,179,PPML-FE Caged pre-corte sem tendencia,217.5375052199072
2025,3030,CP CRECHE TIO KITO,65,PPML-FE Caged pre-corte sem tendencia,98.02483696661264
2025,3031,CP ESCOLA COMUNITÁRIA JARDIM ARCO-ÍRIS - UNIDADE I,110,PPML-FE Caged pre-corte sem tendencia,137.1770044178858
2025,3032,CP NÚCLEO RECREATIVO RAIOZINHO DE SOL,188,PPML-FE Caged pre-corte sem tendencia,209.49116527383703
2025,3033,CP INSTITUTO EDUCACIONAL T & P CONQUISTA,270,PPML-FE Caged pre-corte sem tendencia,278.3787014014112
2025,3034,CP CRECHE RISCO E RABISCO,129,PPML-FE Caged pre-corte sem tendencia,136.28581412351784
2025,3035,CP CENTRO EDUCACIONAL SÃO VICENTE DE PAULO,76,PPML-FE Caged pre-corte sem tendencia,114.91452371700848
2025,3036,CP CENTRO CULTURAL EVOLUIR,178,PPML-FE Caged pre-corte sem tendencia,188.04342744209328
2025,3037,CP CRECHE FRUTOS DO AMANHÃ I,447,PPML-FE Caged pre-corte sem tendencia,560.7568424928475
2025,3038,CP CRECHE FRUTOS DO AMANHÃ II,210,PPML-FE Caged pre-corte sem tendencia,256.8971106791312
2025,3039,CP CRECHE COMUNITÁRIA CÉU AZUL,101,PPML-FE Caged pre-corte sem tendencia,82.94335378176103
2025,3040,CP ASSOCIAÇÃO CRESCENCIO UNIDADE II,100,PPML-FE Caged pre-corte sem tendencia,155.01075092017365
2025,3041,CP CENTRO DE DESENVOLVIMENTO INFANTIL ESPELHO D'AGUA,124,PPML-FE Caged pre-corte sem tendencia,117.58392712375647
2025,312502,CIEP PROCÓPIO FERREIRA,143,PPML-FE Caged pre-corte sem tendencia,227.9202152776731
2025,312601,CM CANTINHO FELIZ,228,PPML-FE Caged pre-corte sem tendencia,395.50650509177257
2025,312602,CM ENGENHO DA RAINHA,244,PPML-FE Caged pre-corte sem tendencia,318.71601475456254
2025,312603,CM RENASCER,248,PPML-FE Caged pre-corte sem tendencia,347.8414370699222
2025,312801,EDI HENRIQUE FORÉIS,186,PPML-FE Caged pre-corte sem tendencia,297.80049403114305
2025,312802,EDI LUCIA MARIA BATISTA DE ALBUQUERQUE,76,PPML-FE Caged pre-corte sem tendencia,180.29332988639575
2025,312803,EDI PROFESSORA LUIZA HELENA MAIA MEDEIROS,70,PPML-FE Caged pre-corte sem tendencia,145.91136948957154
2025,312804,EDI PROFESSORA TÂNIA MARTINS NOVO LENZ,129,PPML-FE Caged pre-corte sem tendencia,244.59374663082437
2025,312805,EDI TANIA CRISTINA MOREIRA,273,PPML-FE Caged pre-corte sem tendencia,402.65675013318355
2025,312806,EDI PROFESSORA ELIANE MONTE CHIARI DANTAS,189,PPML-FE Caged pre-corte sem tendencia,337.77961929945866
2025,312809,EDI PROFESSORA VALÉRIA PEREIRA DE SOUZA PINTO,161,PPML-FE Caged pre-corte sem tendencia,320.03983628167873
2025,312810,EDI MARIA MAZZETTI,55,PPML-FE Caged pre-corte sem tendencia,118.15577024381463
2025,312812,EDI HERMENEGILDO DE BARROS,152,PPML-FE Caged pre-corte sem tendencia,216.27633634595725
2025,312813,EDI JORNALISTA JORGE BASTOS MORENO,217,PPML-FE Caged pre-corte sem tendencia,362.64113560232397
2025,313601,CM VILA DOS MINEIROS,102,PPML-FE Caged pre-corte sem tendencia,203.83971257120388
2025,313602,CM ACONCHEGO,76,PPML-FE Caged pre-corte sem tendencia,170.50610755790586
2025,313603,CM SYLVIA ORTHOF,147,PPML-FE Caged pre-corte sem tendencia,241.1530318713994
2025,313604,CM NOSSO CANTINHO,111,PPML-FE Caged pre-corte sem tendencia,218.12870468573348
2025,313606,CM CANTINHO DO QUETO,73,PPML-FE Caged pre-corte sem tendencia,175.0028001744654
2025,313607,CM ODETINHA VIDAL DE OLIVEIRA,133,PPML-FE Caged pre-corte sem tendencia,310.7732177995767
2025,313608,CM RACHEL LEITE DIAS,322,PPML-FE Caged pre-corte sem tendencia,521.0470333425477
2025,313609,CM RECANTO DA CACHOEIRA,128,PPML-FE Caged pre-corte sem tendencia,210.1901714579267
2025,313610,CM EMMANUEL,134,PPML-FE Caged pre-corte sem tendencia,267.8865164848348
2025,313611,CM JOSÉ RAMOS JANUÁRIO - ZÉ PRETINHO,133,PPML-FE Caged pre-corte sem tendencia,321.62843023699503
2025,313612,CM MARCILIA CATARINA DA COSTA ORGÉLIO - TIA MANA,218,PPML-FE Caged pre-corte sem tendencia,397.6250841401336
2025,313801,EDI PROF. JOSÉ LIBONATI FILHO,101,PPML-FE Caged pre-corte sem tendencia,173.6802183259905
2025,313802,EDI ANÍSIO TEIXEIRA,316,PPML-FE Caged pre-corte sem tendencia,527.4041754896639
2025,313804,EDI GEORGE BERNANOS,84,PPML-FE Caged pre-corte sem tendencia,180.0287958938552
2025,313805,EDI MAURÍCIO CARDOSO,160,PPML-FE Caged pre-corte sem tendencia,275.5631638383665
2025,313806,EDI EDUCANDÁRIO DE SANTA CRUZ,28,PPML-FE Caged pre-corte sem tendencia,132.42808844278548
2025,313809,EDI ESCULTORA LYGIA CLARK,123,PPML-FE Caged pre-corte sem tendencia,172.62216784205089
2025,328601,CM GERALDA DE JESUS ALEIXO,105,PPML-FE Caged pre-corte sem tendencia,186.11326962750064
2025,328602,CM TIA ANDREZA,214,PPML-FE Caged pre-corte sem tendencia,379.6174992833141
2025,328604,CM DA COMUNIDADE DO JACAREZINHO,201,PPML-FE Caged pre-corte sem tendencia,343.3400592531864
2025,328801,EDI PADRE NELSON CARLOS DEL MÔNACO,288,PPML-FE Caged pre-corte sem tendencia,441.85260281585437
2025,329801,EDI DONA LINDU,323,PPML-FE Caged pre-corte sem tendencia,451.38717808921916
2025,330601,CM JOSÉ DE VIEIRA DA SILVA,220,PPML-FE Caged pre-corte sem tendencia,307.8609171871286
2025,330602,CM NOVA BRASÍLIA,258,PPML-FE Caged pre-corte sem tendencia,418.54658427166305
2025,4001,CP CENTRO EDUCACIONAL APRENDIZ DA MARÉ,178,PPML-FE Caged pre-corte sem tendencia,222.90266372377442
2025,4002,CP INSTITUTO EDUCACIONAL LUIZ ANTONIO - IELA,114,PPML-FE Caged pre-corte sem tendencia,156.79507511605152
2025,4003,CP ASSOCIAÇÃO CIVIL CENTRO EDUCACIONAL COMUNITÁRIO ESTAÇÃO DO SABER,100,PPML-FE Caged pre-corte sem tendencia,142.52519753999175
2025,4004,CP CRECHE DO CENTRO COMUNITÁRIO DA VILA PROLETÁRIA DA PENHA,108,PPML-FE Caged pre-corte sem tendencia,106.91035429473006
2025,4005,CP CASA DE JOEL,193,PPML-FE Caged pre-corte sem tendencia,197.87187739365692
2025,4006,CP COMUNIDADE INSTITUCIONAL ADULÃO TEMPO FELIZ,92,PPML-FE Caged pre-corte sem tendencia,101.57794692611998
2025,4007,CP CRECHE CASULO BOM JESUS DA PENHA,80,PPML-FE Caged pre-corte sem tendencia,127.37687541731493
2025,4008,CP CRECHE COMUNITÁRIA CASULO DO PARQUE PROLETÁRIO DA PENHA,65,PPML-FE Caged pre-corte sem tendencia,52.04250649196553
2025,4009,CP CRECHE COMUNITÁRIA DE MANGUINHOS,59,PPML-FE Caged pre-corte sem tendencia,69.6691478754014
2025,4010,CP CRECHE COMUNITÁRIA SAGRADO CORAÇÃO DE MARIA,114,PPML-FE Caged pre-corte sem tendencia,105.1325358300007
2025,4011,CP CRECHE E PRÉ-ESCOLA NOVA JERUSALÉM,71,PPML-FE Caged pre-corte sem tendencia,98.02483696661264
2025,4012,CP CRECHE ESCOLA MIMI I,200,PPML-FE Caged pre-corte sem tendencia,256.8971106791312
2025,4013,CP RECANTO DA CRIANÇA FELIZ,87,PPML-FE Caged pre-corte sem tendencia,99.80120064236255
2025,4014,CP CRECHE SAGRADO CORAÇÃO DE MARIA E SANTO ANTÔNIO,109,PPML-FE Caged pre-corte sem tendencia,88.26232932104266
2025,4015,CP ESPAÇO DE EDUCAÇÃO INFANTIL VILA DO JOÃO,325,PPML-FE Caged pre-corte sem tendencia,214.8552009249578
2025,4016,CP CRECHE LAR IRMÃO FRANCISCO,182,PPML-FE Caged pre-corte sem tendencia,150.5506514576756
2025,4017,CP ASSOCIAÇÃO CENTRO EDUCACIONAL REBRAL I,144,PPML-FE Caged pre-corte sem tendencia,179.11134475084984
2025,4018,CP SOCIEDADE DE ENSINO TEREZA CRISTINA,149,PPML-FE Caged pre-corte sem tendencia,171.07504465818775
2025,4020,CP CENTRO CULTURAL EDUCAR,77,PPML-FE Caged pre-corte sem tendencia,112.24577280908385
2025,4021,CP ASSOCIAÇÃO CENTRO EDUCACIONAL REBRAL II,184,PPML-FE Caged pre-corte sem tendencia,199.6591993247244
2025,4022,CP CRECHE VALE DO SOL NO GROTÃO,306,PPML-FE Caged pre-corte sem tendencia,293.59928923829114
2025,4023,CP CENTRO CULTURAL EDUCAR - UNIDADE III,106,PPML-FE Caged pre-corte sem tendencia,191.6170429127983
2025,4024,CP CRECHE VALE DO SOL,358,PPML-FE Caged pre-corte sem tendencia,413.6671375173288
2025,4025,CP CRECHE E PRÉ-ESCOLA NOVA JERUSALÉM NO CORDOVIL,189,PPML-FE Caged pre-corte sem tendencia,234.52954714287
2025,4026,CP CRECHE ESCOLA PATINHO ESTUDIOSO,40,PPML-FE Caged pre-corte sem tendencia,52.04250649196553
2025,4027,CP ASSOCIAÇÃO CENTRO EDUCACIONAL REBRAL IV,392,PPML-FE Caged pre-corte sem tendencia,415.4601628172513
2025,4028,CP CRECHE TIA NANE I,92,PPML-FE Caged pre-corte sem tendencia,114.91452371700848
2025,4029,CP SOLZINHO,290,PPML-FE Caged pre-corte sem tendencia,321.3626888630759
2025,4030,CP CRECHE VALE DO SOL II,327,PPML-FE Caged pre-corte sem tendencia,313.3013363425696
2025,4032,CP ASSOCIAÇÃO CENTRO EDUCACIONAL REBRAL V,377,PPML-FE Caged pre-corte sem tendencia,438.77148883475826
2025,4034,CP CASA DE JOEL II,341,PPML-FE Caged pre-corte sem tendencia,396.63456768865865
2025,4035,CP INSTITUTO DE EDUCAÇÃO EUCLIDES DOS SANTOS,178,PPML-FE Caged pre-corte sem tendencia,241.686057959511
2025,4036,CP CRECHE GIZ COLORIDO,93,PPML-FE Caged pre-corte sem tendencia,148.76690610254147
2025,4037,CP CRECHE ESCOLA MIMI II,92,PPML-FE Caged pre-corte sem tendencia,98.02483696661264
2025,4038,CP ASSOCIAÇÃO CENTRO EDUCACIONAL REBRAL VIII,227,PPML-FE Caged pre-corte sem tendencia,290.9130554326677
2025,4039,CP ASSOCIAÇÃO CENTRO EDUCACIONAL REBRAL IX,89,PPML-FE Caged pre-corte sem tendencia,93.58569367497819
2025,4040,CP ASSOCIAÇÃO CENTRO EDUCACIONAL REBRAL X,503,PPML-FE Caged pre-corte sem tendencia,279.2739331434956
2025,4041,CP CRECHE ESCOLA OTACÍLIO BATISTA,105,PPML-FE Caged pre-corte sem tendencia,96.24886963285829
2025,4042,CP CENTRO CULTURAL PEDACINHO DO CÉU,167,PPML-FE Caged pre-corte sem tendencia,204.12792631156177
2025,4043,CP ASSOCIAÇÃO COMUNITÁRIA EDUCACIONAL FLORESCER,104,PPML-FE Caged pre-corte sem tendencia,120.25395417915587
2025,4044,CP CRECHE HOUSE BABY - BONSUCESSO,186,PPML-FE Caged pre-corte sem tendencia,215.74928154440212
2025,4045,CP CRECHE CRIANÇA FELIZ EM LUCAS,112,PPML-FE Caged pre-corte sem tendencia,139.85087947573618
2025,4046,CP CRECHE TIA NANE III,84,PPML-FE Caged pre-corte sem tendencia,111.35633944968959
2025,4047,CP CRECHE VALE DO SOL III,305,PPML-FE Caged pre-corte sem tendencia,318.6754843037272
2025,4048,CP INSTITUTO DE EDUCAÇÃO EUCLIDES DOS SANTOS II,117,PPML-FE Caged pre-corte sem tendencia,196.08465455572855
2025,4049,CP INSTITUTO JOSEFA LAURENTINO,91,PPML-FE Caged pre-corte sem tendencia,205.02174240234612
2025,4050,CP CENTRO EDUCACIONAL CARIOQUINHA,112,PPML-FE Caged pre-corte sem tendencia,144.3083142959058
2025,410601,CM MANGUINHOS,62,PPML-FE Caged pre-corte sem tendencia,136.3934041040462
2025,410602,CM DR. JUVENIL DE SOUZA LOPES,27,PPML-FE Caged pre-corte sem tendencia,148.81995145204098
2025,410603,CM CHICO BENTO,143,PPML-FE Caged pre-corte sem tendencia,410.8664304831141
2025,410801,EDI DOUTOR DOMINGOS ARTHUR MACHADO FILHO,452,PPML-FE Caged pre-corte sem tendencia,485.5540132860305
2025,410802,EDI DOUTOR ANTÔNIO FERNANDES FIGUEIRA,187,PPML-FE Caged pre-corte sem tendencia,196.43128676476948
2025,410803,EDI JOAQUIM VENÂNCIO,68,PPML-FE Caged pre-corte sem tendencia,100.98325498104226
2025,410804,EDI SARGENTO JORGE FALEIRO SOUZA,22,PPML-FE Caged pre-corte sem tendencia,70.10237931333326
2025,410805,EDI COMPOSITOR NEOCI DIAS DE ANDRADE,150,PPML-FE Caged pre-corte sem tendencia,256.76914200757216
2025,410807,EDI PROFESSORA TANIA DA ROCHA CORREA,132,PPML-FE Caged pre-corte sem tendencia,283.5048169303754
2025,410808,EDI ALMIR LEITE RIBEIRO,158,PPML-FE Caged pre-corte sem tendencia,276.3573159786488
2025,410810,EDI MIGUEL COUTO,42,PPML-FE Caged pre-corte sem tendencia,168.65460018360307
2025,411601,CM CARLOS DRUMMOND DE ANDRADE,138,PPML-FE Caged pre-corte sem tendencia,312.8912744910539
2025,411602,CM TEMPO DE APRENDER,94,PPML-FE Caged pre-corte sem tendencia,163.8937824951625
2025,411603,CM MORRO DA PAZ,108,PPML-FE Caged pre-corte sem tendencia,173.1511914060971
2025,411604,CM BETINHO,11,PPML-FE Caged pre-corte sem tendencia,135.0715975819134
2025,411605,CM CARACOL,101,PPML-FE Caged pre-corte sem tendencia,205.95649446541438
2025,411607,CM MARIA ALTAMIRA C. OLEGÁRIO,5,PPML-FE Caged pre-corte sem tendencia,75.90511471368046
2025,411609,CM TIA RUTH COSTA DOS SANTOS,31,PPML-FE Caged pre-corte sem tendencia,163.8937824951625
2025,411801,EDI MARIANA ROCHA DE SOUZA,208,PPML-FE Caged pre-corte sem tendencia,437.35022232142325
2025,411802,EDI JOEL LUIZ DE AZEVEDO BASTOS,51,PPML-FE Caged pre-corte sem tendencia,143.26732784974863
2025,411803,EDI MARIA DE LOURDES FERREIRA,96,PPML-FE Caged pre-corte sem tendencia,238.7710413492758
2025,411804,EDI MORRO DA FÉ,4,PPML-FE Caged pre-corte sem tendencia,43.502906202059414
2025,430601,CM MENINO MALUQUINHO,115,PPML-FE Caged pre-corte sem tendencia,364.5235274209805
2025,430602,CM VILA PINHEIRO,377,PPML-FE Caged pre-corte sem tendencia,407.953301350125
2025,430603,CM TIO MÁRIO,439,PPML-FE Caged pre-corte sem tendencia,433.37756530535177
2025,430604,CM MONTEIRO LOBATO,69,PPML-FE Caged pre-corte sem tendencia,205.4272953997779
2025,430605,CM NOVA HOLANDA,73,PPML-FE Caged pre-corte sem tendencia,119.21281353819306
2025,430607,CM PROFESSOR PAULO FREIRE,78,PPML-FE Caged pre-corte sem tendencia,112.34256019020614
2025,430801,"EDI PESCADOR ISIDORO DUARTE - ""DORO""",176,PPML-FE Caged pre-corte sem tendencia,258.09260471147394
2025,430802,EDI PROFESSORA KELITA FARIA DE PAULA,87,PPML-FE Caged pre-corte sem tendencia,291.7114883371519
2025,430803,EDI PROFESSOR MOACYR DE GÓES,60,PPML-FE Caged pre-corte sem tendencia,207.8087098132932
2025,430805,EDI PROFESSORA SOLANGE CONCEIÇÃO TRICARICO,178,PPML-FE Caged pre-corte sem tendencia,235.59510979910024
2025,430806,EDI CLEIA SANTOS DE OLIVEIRA,74,PPML-FE Caged pre-corte sem tendencia,270.79831435682644
2025,430807,EDI MARIA AMÉLIA CASTRO E SILVA BELFORT,161,PPML-FE Caged pre-corte sem tendencia,240.35903109673427
2025,430809,EDI MEDALHISTA OLÍMPICO LUIZ FELIPE MARQUES FONTELES,406,PPML-FE Caged pre-corte sem tendencia,406.36432954214536
2025,430810,EDI MEDALHISTA OLÍMPICO EVANDRO MOTTA MARCONDES GUERRA,402,PPML-FE Caged pre-corte sem tendencia,436.2908441907716
2025,430811,EDI MEDALHISTA OLÍMPICO WILLIAM PEIXOTO ARJONA,387,PPML-FE Caged pre-corte sem tendencia,450.0629217628726
2025,430812,EDI MEDALHISTA OLÍMPICO EDER FRANCIS CARBONERA,204,PPML-FE Caged pre-corte sem tendencia,259.6807724344484
2025,430813,EDI ARMANDO DE SALLES OLIVEIRA,82,PPML-FE Caged pre-corte sem tendencia,101.51150132973599
2025,430815,EDI PESCADOR ALBANO ROSA,340,PPML-FE Caged pre-corte sem tendencia,133.7498254679274
2025,431601,CM LUÍS CARLOS DE OLIVEIRA CÂMARA,23,PPML-FE Caged pre-corte sem tendencia,143.5317265795858
2025,431602,CM BARBOSA LIMA SOBRINHO,289,PPML-FE Caged pre-corte sem tendencia,384.119322466067
2025,431603,CM CHICO MENDES,104,PPML-FE Caged pre-corte sem tendencia,195.63755653160996
2025,431604,CM CORAÇÃO DE GENEVE,109,PPML-FE Caged pre-corte sem tendencia,190.61073785521373
2025,431605,CM SEMPRE VIDA DIQUE,306,PPML-FE Caged pre-corte sem tendencia,397.6250841401336
2025,431606,CM VISCONDE DE SABUGOSA,61,PPML-FE Caged pre-corte sem tendencia,107.05865641696822
2025,431607,CM ACAUÃ,32,PPML-FE Caged pre-corte sem tendencia,32.213446761922775
2025,431608,CM ARI PIMENTEL,8,PPML-FE Caged pre-corte sem tendencia,75.11370164409605
2025,431801,EDI CARVALHO MOURÃO,26,PPML-FE Caged pre-corte sem tendencia,39.29851599995505
2025,431802,EDI PROFESSOR CARLOS FALSETH,158,PPML-FE Caged pre-corte sem tendencia,364.25872625996834
2025,431803,EDI PROFESSOR EMMANUEL PEREIRA FILHO,31,PPML-FE Caged pre-corte sem tendencia,60.61251301268327
2025,5001,CP ASSOCIAÇÃO AMIGOS DA CRIANÇA - CRECHE ROCHA MIRANDA,490,PPML-FE Caged pre-corte sem tendencia,604.7232119447319
2025,5002,CP CRECHE EFFATÁ,116,PPML-FE Caged pre-corte sem tendencia,125.59577300781315
2025,5003,CP CRECHE PINTINHO DOURADO,175,PPML-FE Caged pre-corte sem tendencia,177.32528114002517
2025,5004,CP CRECHE CASULO SÃO RAFAEL ARCANJO,72,PPML-FE Caged pre-corte sem tendencia,89.14926583586848
2025,5005,CP CRECHE APÓSTOLO SÃO PEDRO,147,PPML-FE Caged pre-corte sem tendencia,174.64641736006038
2025,5006,CP CRECHE CARDEAL CÂMARA,470,PPML-FE Caged pre-corte sem tendencia,504.2398777754753
2025,5007,CP CENTRO COMUNITÁRIO FLOR DO AMANHÃ,75,PPML-FE Caged pre-corte sem tendencia,104.24375540724378
2025,5008,CP ASSOCIAÇÃO HOUSE BABY - VILA KOSMOS,223,PPML-FE Caged pre-corte sem tendencia,234.52954714287
2025,5009,CP ASSOCIAÇÃO CRECHE ESPERANÇA - IRAJÁ,249,PPML-FE Caged pre-corte sem tendencia,347.34318956728174
2025,5010,CP ASSOCIAÇÃO CENTRO EDUCACIONAL REBRAL VII,641,PPML-FE Caged pre-corte sem tendencia,474.64167408576947
2025,5012,CP ASSOCIAÇÃO CENTRO EDUCACIONAL REBRAL XI,351,PPML-FE Caged pre-corte sem tendencia,412.770633439325
2025,5013,CP CENTRO EDUCACIONAL SOMAR,281,PPML-FE Caged pre-corte sem tendencia,333.9040801694374
2025,5014,CP AEMMAC - MARECHAL HERMES,407,PPML-FE Caged pre-corte sem tendencia,402.0130400675575
2025,5015,CP AEMMAC - ROCHA MIRANDA,578,PPML-FE Caged pre-corte sem tendencia,581.3932515388481
2025,5016,CP ASSOCIAÇÃO EDUCACIONAL E CULTURAL SÃO BERNARDO - CSB,338,PPML-FE Caged pre-corte sem tendencia,396.634567688659
2025,514009,EM MATO GROSSO,64,PPML-FE Caged pre-corte sem tendencia,99.13447079367683
2025,514501,CIEP DOM OSCAR ROMERO,46,PPML-FE Caged pre-corte sem tendencia,83.02949592404805
2025,514601,CM TIO SEBASTIÃO XAVIER,72,PPML-FE Caged pre-corte sem tendencia,177.38349904257333
2025,514602,CM JECIÁ DE FREITAS FERREIRA,470,PPML-FE Caged pre-corte sem tendencia,788.8762572766666
2025,514603,CM AMÁLIA FERNANDEZ CONDE,110,PPML-FE Caged pre-corte sem tendencia,296.4767841294211
2025,514604,CM ESTRELINHA DOURADA,80,PPML-FE Caged pre-corte sem tendencia,228.4495055608336
2025,514605,CM O SONHO DE RAMON PASCUAL,149,PPML-FE Caged pre-corte sem tendencia,296.4767841294211
2025,514606,CM ACALANTO,112,PPML-FE Caged pre-corte sem tendencia,203.83971257120388
2025,514607,CM SEMENTINHA,104,PPML-FE Caged pre-corte sem tendencia,286.68155812932827
2025,514608,CM JOSEPH BARBERA,158,PPML-FE Caged pre-corte sem tendencia,259.6807724344484
2025,514609,CM PARQUE BOM MENINO,287,PPML-FE Caged pre-corte sem tendencia,556.5417278079858
2025,514801,EDI DEPUTADO PEDRO FERNANDES,123,PPML-FE Caged pre-corte sem tendencia,368.2307634918924
2025,514802,EDI LUXEMBURGO,81,PPML-FE Caged pre-corte sem tendencia,101.2473769339401
2025,514803,EDI JOSÉ ALPOIM,58,PPML-FE Caged pre-corte sem tendencia,90.68455088436679
2025,515015,EM PADRE DEHON,80,PPML-FE Caged pre-corte sem tendencia,138.7727404542486
2025,515021,EM MOZART LAGO,71,PPML-FE Caged pre-corte sem tendencia,125.81995494811513
2025,515046,EM ADELMAR TAVARES,55,PPML-FE Caged pre-corte sem tendencia,77.75189543216334
2025,515053,EM SENADOR FRANCISCO GALLOTTI,34,PPML-FE Caged pre-corte sem tendencia,60.61251301268327
2025,515064,EM MESTRE DARCY DO JONGO,24,PPML-FE Caged pre-corte sem tendencia,33.5243869052757
2025,515501,CIEP AUGUSTO PINHEIRO DE CARVALHO,76,PPML-FE Caged pre-corte sem tendencia,132.9567789977779
2025,515503,CIEP METALÚRGICO BENEDITO CERQUEIRA,47,PPML-FE Caged pre-corte sem tendencia,85.40490077787518
2025,515601,CM OLGA BENÁRIO,102,PPML-FE Caged pre-corte sem tendencia,195.10840632817263
2025,515602,CM SÃO MIGUEL ARCANJO,339,PPML-FE Caged pre-corte sem tendencia,629.6546371861187
2025,515604,CM GERCINDA ROSA FONSECA,222,PPML-FE Caged pre-corte sem tendencia,443.7065351029971
2025,515605,CM JOSÉ RAIMUNDO DE SOUZA ALVES,244,PPML-FE Caged pre-corte sem tendencia,434.96662451305417
2025,515606,CM JOSUÉ DE CASTRO,153,PPML-FE Caged pre-corte sem tendencia,339.3683066167125
2025,515607,CM MANÉ GARRINCHA I,299,PPML-FE Caged pre-corte sem tendencia,452.9762897688049
2025,515608,CM MARIA JOSÉ DE PAULA DE JESUS,128,PPML-FE Caged pre-corte sem tendencia,240.35903109673427
2025,515610,CM SEMPRE VIDA PALMEIRINHA,69,PPML-FE Caged pre-corte sem tendencia,143.5317265795858
2025,515611,CM VOVÓ MARIA JOANA,169,PPML-FE Caged pre-corte sem tendencia,262.3277484616688
2025,515612,CM TIA MARIA DO JONGO,150,PPML-FE Caged pre-corte sem tendencia,204.3689044403141
2025,515613,CM MANOEL DA ROCHA APRISCO,189,PPML-FE Caged pre-corte sem tendencia,308.3904240120645
2025,515801,EDI KARINE LORRAINE CHAGAS DE OLIVEIRA,433,PPML-FE Caged pre-corte sem tendencia,585.9451683661588
2025,515802,EDI GUSTAVO LESSA,96,PPML-FE Caged pre-corte sem tendencia,123.44126425473347
2025,515803,EDI PIO XII,89,PPML-FE Caged pre-corte sem tendencia,144.85373843052355
2025,515804,EDI FERNÃO DIAS,85,PPML-FE Caged pre-corte sem tendencia,141.68096133070813
2025,515805,EDI ROCHA POMBO,45,PPML-FE Caged pre-corte sem tendencia,91.74063161220134
2025,515807,EDI BURITI CONGONHAS,102,PPML-FE Caged pre-corte sem tendencia,201.45837933653735
2025,515808,EDI GUARACIARA RODRIGUES DINIZ,95,PPML-FE Caged pre-corte sem tendencia,161.77795986113225
2025,515809,EDI PROFESSOR UBIRAJARA DE PAULA CASTRO,305,PPML-FE Caged pre-corte sem tendencia,479.7269777714873
2025,515810,EDI PROFESSORA TEREZINHA SARDOUX HENRIQUES,195,PPML-FE Caged pre-corte sem tendencia,374.8509181691406
2025,6001,CP ESCOLA PATRONATO NOSSA SENHORA DE NAZARÉ,295,PPML-FE Caged pre-corte sem tendencia,300.7630725309329
2025,6002,CP CRECHE GUADALUPE,197,PPML-FE Caged pre-corte sem tendencia,216.64338303287138
2025,6003,CP CRECHE NOSSO LAR,416,PPML-FE Caged pre-corte sem tendencia,454.01539460445576
2025,6004,CP CENTRO COMUNITÁRIO PARQUE UNIDOS DE ACARI,91,PPML-FE Caged pre-corte sem tendencia,93.58569367497819
2025,6005,CP CRECHE DON GUANELLA,132,PPML-FE Caged pre-corte sem tendencia,145.1999423469404
2025,6006,CP CRECHE ESCOLA COMUNITÁRIA TIO PATINHAS,161,PPML-FE Caged pre-corte sem tendencia,181.79066575591563
2025,6007,CP CRECHE ABRINDO PORTAS,131,PPML-FE Caged pre-corte sem tendencia,146.09161609750072
2025,6009,CP CENTRO EDUCACIONAL NOSSA SENHORA APARECIDA,315,PPML-FE Caged pre-corte sem tendencia,288.2269253867955
2025,6012,CP ASSOCIAÇÃO CRESCÊNCIO,221,PPML-FE Caged pre-corte sem tendencia,249.73840464017326
2025,6013,CP CRECHE COMUNITÁRIA AQUARELA,279,PPML-FE Caged pre-corte sem tendencia,270.322191811895
2025,6015,CP AEMMAC - PAVUNA,356,PPML-FE Caged pre-corte sem tendencia,326.73735197064536
2025,6016,CP CRECHE NOSSO LAR II,368,PPML-FE Caged pre-corte sem tendencia,392.15267824921057
2025,6017,CP CRECHE JOÃO E MARIA,271,PPML-FE Caged pre-corte sem tendencia,224.6912080795188
2025,6018,CP ASSOCIAÇÃO CRECHE ESPERANÇA - COELHO NETO,181,PPML-FE Caged pre-corte sem tendencia,249.73840464017326
2025,622202,CIEP GENERAL AUGUSTO CESAR SANDINO,179,PPML-FE Caged pre-corte sem tendencia,261.2689536136656
2025,622601,CM JOSÉ GOULART,216,PPML-FE Caged pre-corte sem tendencia,422.25428837769897
2025,622602,CM SILVIO AMANCIO,176,PPML-FE Caged pre-corte sem tendencia,327.9828929939592
2025,622603,CM YARA AMARAL,239,PPML-FE Caged pre-corte sem tendencia,424.6378271317076
2025,622801,EDI ERNANI CARDOSO,244,PPML-FE Caged pre-corte sem tendencia,363.9939252891476
2025,622802,EDI PROFESSORA MILTOLINA DA SILVA,50,PPML-FE Caged pre-corte sem tendencia,86.72469108541557
2025,622804,EDI MEDALHISTA PARALÍMPICO DANIEL MARTINS,302,PPML-FE Caged pre-corte sem tendencia,495.3541438592378
2025,622805,EDI MEDALHISTA OLÍMPICO MAURÍCIO LUIZ DE SOUZA,155,PPML-FE Caged pre-corte sem tendencia,375.1157267178673
2025,622810,EDI ANTÔNIO FRANCISCO LISBOA,61,PPML-FE Caged pre-corte sem tendencia,98.34217266159708
2025,625601,CM OS SABIDINHOS,160,PPML-FE Caged pre-corte sem tendencia,211.77783826816437
2025,625602,CM PROFESSORA JUREMA GOMES SAMPAIO DELFIM,193,PPML-FE Caged pre-corte sem tendencia,214.423994389203
2025,625603,CM DR. ALBERT SABIN,136,PPML-FE Caged pre-corte sem tendencia,196.96044351830724
2025,625604,CM HERBERT DE SOUZA - BETINHO,332,PPML-FE Caged pre-corte sem tendencia,499.5920821341529
2025,625605,CM LUÍS CARLOS PRESTES,253,PPML-FE Caged pre-corte sem tendencia,288.0052133914905
2025,625606,CM LUÍS DE SOUZA DA COSTA BARROS,328,PPML-FE Caged pre-corte sem tendencia,475.2243048216847
2025,625607,CM LUIZA DE BARROS DE SÁ FREIRE,382,PPML-FE Caged pre-corte sem tendencia,508.59778644182455
2025,625608,CM MAJOR CELESTINO R. DOS SANTOS,184,PPML-FE Caged pre-corte sem tendencia,249.8872922741894
2025,625609,CM SÔNIA MARIA DE M. ANGEL JONES,103,PPML-FE Caged pre-corte sem tendencia,181.08693649897367
2025,625610,CM ZUZU ANGEL,110,PPML-FE Caged pre-corte sem tendencia,162.83586359204426
2025,625611,CM ZILKA SALABERRY,407,PPML-FE Caged pre-corte sem tendencia,527.6690575563675
2025,625612,CM YEDDA MARQUES LAMOUNIER DE ANDRADE MACIEL,484,PPML-FE Caged pre-corte sem tendencia,661.4444474892921
2025,625614,CM SIMONE DE BEAUVOIR,291,PPML-FE Caged pre-corte sem tendencia,423.0488000277277
2025,625615,CM EDNA LOTTE,408,PPML-FE Caged pre-corte sem tendencia,520.5172738980033
2025,625616,CM PROFESSOR ROGÉRIO PEDRO BATISTA,97,PPML-FE Caged pre-corte sem tendencia,146.96901943023946
2025,625801,EDI PROFESSORA ROSENICE ROCHA ROQUE,131,PPML-FE Caged pre-corte sem tendencia,191.66899512253485
2025,625802,EDI WESLEY GUILBER RODRIGUES DE ANDRADE,325,PPML-FE Caged pre-corte sem tendencia,397.88990724184725
2025,625803,EDI PROFESSORA BEATRIZ DE SOUZA MADEIRA,219,PPML-FE Caged pre-corte sem tendencia,324.011337603475
2025,625804,EDI PROFESSORA HELIA LÚCIA MORENO FERREIRA,270,PPML-FE Caged pre-corte sem tendencia,369.55478525333
2025,625807,EDI FROTA PESSOA,49,PPML-FE Caged pre-corte sem tendencia,71.1572506444842
2025,625813,EDI PROFESSORA GRACÍLIA ROSA DE BELÉM MAYOR,22,PPML-FE Caged pre-corte sem tendencia,198.54792929664487
2025,625814,EDI PROFESSORA ROSEANE VASCONCELOS,103,PPML-FE Caged pre-corte sem tendencia,200.66461269911593
2025,625815,EDI PROFESSORA KRISTINA ROMOLO KIFFER,165,PPML-FE Caged pre-corte sem tendencia,306.5371547897956
2025,625816,EDI PROFESSORA REGINA CELI RABELO DE ALMEIDA,243,PPML-FE Caged pre-corte sem tendencia,328.7772104451162
2025,625817,EDI PROFESSORA DANIELE SIMÕES DE SOUZA LOPES,242,PPML-FE Caged pre-corte sem tendencia,363.7291245087953
2025,625818,EDI MARIA EUGENIA CANELHAS,230,PPML-FE Caged pre-corte sem tendencia,318.45125119247064
2025,625819,EDI MARIZA ALVES PIMENTA,253,PPML-FE Caged pre-corte sem tendencia,374.5861098000241
2025,625820,EDI BETH CARVALHO,272,PPML-FE Caged pre-corte sem tendencia,349.243593564449
2025,7001,CP CRECHE NOVO PALMARES,219,PPML-FE Caged pre-corte sem tendencia,246.1594228383275
2025,7002,CP CRECHE CANTINHO FELIZ,220,PPML-FE Caged pre-corte sem tendencia,272.1124361060434
2025,7003,CP CRECHE ESCOLA MÃE ASTÉRIA,658,PPML-FE Caged pre-corte sem tendencia,646.9011213767837
2025,7004,CP CASA EMILIEN LACAY,201,PPML-FE Caged pre-corte sem tendencia,252.42280530733404
2025,7007,CP SEMENTE DE AMOR,170,PPML-FE Caged pre-corte sem tendencia,204.12792631156177
2025,7008,CP CRECHE SÃO PAULO APÓSTOLO,138,PPML-FE Caged pre-corte sem tendencia,165.71898416240376
2025,7010,CP CRECHE NOVA ESPERANÇA,88,PPML-FE Caged pre-corte sem tendencia,134.5035895750354
2025,7011,CP CRECHE RITA ALEXANDRINA FERREIRA,117,PPML-FE Caged pre-corte sem tendencia,141.63370998491015
2025,7013,CP ESPAÇO DE EDUCAÇÃO INFANTIL CIDADE DE DEUS,673,PPML-FE Caged pre-corte sem tendencia,645.1062060588436
2025,7014,CP CENTRO INTEGRADO SÃO JOSÉ,712,PPML-FE Caged pre-corte sem tendencia,674.7234784815258
2025,7015,CP CRECHE CANTINHO FELIZ II,323,PPML-FE Caged pre-corte sem tendencia,317.77976861489975
2025,7017,CP CRECHE RAIMUNDA NONATA DA SILVA,90,PPML-FE Caged pre-corte sem tendencia,124.70531264477879
2025,7018,CP CRECHE SANT ANA IRMÃ ANCILA,150,PPML-FE Caged pre-corte sem tendencia,196.08465455572855
2025,7019,CP JARDIM ESCOLA TURMINHA DA ARCA - JETA,291,PPML-FE Caged pre-corte sem tendencia,266.74186400134033
2025,7020,CP JARDIM ESCOLA CRESCENDO E APRENDENDO,260,PPML-FE Caged pre-corte sem tendencia,357.1997038634359
2025,7025,CP INSTITUTO CONSUELO PINHEIRO,177,PPML-FE Caged pre-corte sem tendencia,203.2341335112732
2025,7027,CP CRECHE MUNDO MÁGICO I,207,PPML-FE Caged pre-corte sem tendencia,316.8840625978126
2025,7034,CP INSTITUTO EDUCACIONAL DIVA ALVES,349,PPML-FE Caged pre-corte sem tendencia,290.01766712760127
2025,7035,CP AEMMAC - ANIL,274,PPML-FE Caged pre-corte sem tendencia,244.37002786906328
2025,7036,CP CAAD UNIVERSO ENCANTADO,427,PPML-FE Caged pre-corte sem tendencia,480.9197038738877
2025,7037,CP CAAD UNIVERSO DA CRIANÇA,483,PPML-FE Caged pre-corte sem tendencia,522.180261781537
2025,7038,CP CAAD UNIVERSO DAS FLORES,541,PPML-FE Caged pre-corte sem tendencia,468.3638575569601
2025,7039,CP CRECHE JARDIM CLARICE,217,PPML-FE Caged pre-corte sem tendencia,290.01766712760127
2025,7040,CP CRECHE VALE DO SOL PRAÇA SECA,887,PPML-FE Caged pre-corte sem tendencia,777.0546296597984
2025,7041,CP CRECHE VALE DO SOL TAQUARA,531,PPML-FE Caged pre-corte sem tendencia,476.4353753662929
2025,7042,CP INSTITUTO EDUCACIONAL DIVA ALVES II,717,PPML-FE Caged pre-corte sem tendencia,749.2253818413083
2025,7043,CP ESPAÇO DE EDUCAÇÃO INFANTIL PEQUENO APRENDIZ,286,PPML-FE Caged pre-corte sem tendencia,240.79143448185795
2025,7044,CP CRECHE AMOR DE MÃE,512,PPML-FE Caged pre-corte sem tendencia,356.3036180053256
2025,7045,CP JARDIM ESCOLA TURMINHA DA ARCA - JETA II,177,PPML-FE Caged pre-corte sem tendencia,201.4466185987121
2025,716601,CM OTÁVIO HENRIQUE DE OLIVEIRA,892,PPML-FE Caged pre-corte sem tendencia,1121.1385742653351
2025,716602,CM TIA TEREZA,121,PPML-FE Caged pre-corte sem tendencia,269.47476465876593
2025,716603,CM CRIANÇA DO FUTURO,714,PPML-FE Caged pre-corte sem tendencia,1079.5373127117193
2025,716604,CM GERMINIO DE SOUZA ESTRELA,198,PPML-FE Caged pre-corte sem tendencia,377.2342015433749
2025,716605,CM SEMPRE VIDA NISE DA SILVEIRA,384,PPML-FE Caged pre-corte sem tendencia,762.9121443330779
2025,716606,CM AMIGUINHOS DA VILA SAPÊ,461,PPML-FE Caged pre-corte sem tendencia,676.544903895153
2025,716607,CM EMÍLIA JOANA DA FONSECA MARQUES,322,PPML-FE Caged pre-corte sem tendencia,598.6604560887281
2025,716608,CM IRMÃ DULCE,276,PPML-FE Caged pre-corte sem tendencia,654.5565818220459
2025,716609,CM RIO NOVO - RIO DAS FLORES,1217,PPML-FE Caged pre-corte sem tendencia,1598.3891866998583
2025,716610,CM TIA MALU,250,PPML-FE Caged pre-corte sem tendencia,412.7202493687204
2025,716611,CM VITORINO FREIRE,241,PPML-FE Caged pre-corte sem tendencia,432.5830375140465
2025,716612,CM TIA AUTA,150,PPML-FE Caged pre-corte sem tendencia,265.76887195065115
2025,716613,CM MARIA DA CONCEIÇÃO SILVEIRA DE CARVALHO,555,PPML-FE Caged pre-corte sem tendencia,901.4799442426781
2025,716614,CM AUGUSTO DE CARVALHO TORRES FILHO,602,PPML-FE Caged pre-corte sem tendencia,933.0100507618254
2025,716801,EDI DOUTORA ZILDA ARNS,285,PPML-FE Caged pre-corte sem tendencia,541.9728215329607
2025,716802,EDI ARTHUR BISPO DO ROSÁRIO,213,PPML-FE Caged pre-corte sem tendencia,357.90355609662794
2025,716803,EDI COMPOSITOR ROBERTO RIBEIRO,323,PPML-FE Caged pre-corte sem tendencia,759.4679559994071
2025,716804,EDI RODRIGO LOPES (TIKINHO),148,PPML-FE Caged pre-corte sem tendencia,235.59510979910024
2025,716805,EDI ANNA MARIA NIEMEYER,451,PPML-FE Caged pre-corte sem tendencia,562.3693601375819
2025,716806,EDI PROFESSORA EDILIA COELHO GARCIA,256,PPML-FE Caged pre-corte sem tendencia,500.121826248962
2025,716807,EDI LEILA DINIZ,729,PPML-FE Caged pre-corte sem tendencia,576.4088134525106
2025,716808,EDI PROFESSORA MARIA BERENICE PARENTE,394,PPML-FE Caged pre-corte sem tendencia,780.1331947813566
2025,716809,EDI PROFESSOR ROBERTO LUIZ PEREIRA,243,PPML-FE Caged pre-corte sem tendencia,481.0512994070493
2025,716813,EDI PROFESSORA KENIA MENDES DOS SANTOS,260,PPML-FE Caged pre-corte sem tendencia,496.6784967607363
2025,716814,EDI PROFESSORA EMILIA MARIA VIEIRA DE OLIVEIRA,818,PPML-FE Caged pre-corte sem tendencia,517.0738466318516
2025,716815,EDI EVARISTO DA VEIGA,207,PPML-FE Caged pre-corte sem tendencia,428.61041686143227
2025,716816,EDI DEBRET,240,PPML-FE Caged pre-corte sem tendencia,445.5604736743378
2025,716818,EDI PROFESSORA CLÁUDIA PIRES CONTINO DA SILVA,674,PPML-FE Caged pre-corte sem tendencia,1235.0807742662305
2025,716819,EDI PROFESSORA NORMA ANDRADE NOGUEIRA,571,PPML-FE Caged pre-corte sem tendencia,1118.2238196010903
2025,716820,EDI MEDALHISTA OLÍMPICA ÁGATHA BEDNARCZUK RIPPEL,606,PPML-FE Caged pre-corte sem tendencia,1086.6916328298626
2025,716821,EDI MEDALHISTA PARALÍMPICO FELIPE DE SOUZA GOMES,509,PPML-FE Caged pre-corte sem tendencia,979.6435598563038
2025,716822,EDI MARCELO PARENTE GOMES DE OLIVEIRA,415,PPML-FE Caged pre-corte sem tendencia,778.2786115474729
2025,724601,CM MARIA VIEIRA BAZANI,260,PPML-FE Caged pre-corte sem tendencia,570.051298061246
2025,724602,CM DINA SFAT,131,PPML-FE Caged pre-corte sem tendencia,288.0052133914905
2025,724603,CM BENEDITA SIQUEIRA LOPES,242,PPML-FE Caged pre-corte sem tendencia,430.72914406425787
2025,724604,CM EDSON LUIZ,105,PPML-FE Caged pre-corte sem tendencia,276.8867523904489
2025,724605,CM SEBASTIÃO BERNARDES DE SOUZA PRATA,267,PPML-FE Caged pre-corte sem tendencia,544.0919193305995
2025,724606,CM ROGÉRIO CARDOSO FURTADO,286,PPML-FE Caged pre-corte sem tendencia,591.2431847279815
2025,724801,EDI MILENA SANTOS NASCIMENTO,350,PPML-FE Caged pre-corte sem tendencia,612.4355342355207
2025,724802,EDI PORFIRIO DIAS,76,PPML-FE Caged pre-corte sem tendencia,133.22112640841405
2025,724803,EDI VERA LUCIA MARTINS COSTA,176,PPML-FE Caged pre-corte sem tendencia,321.0988979388442
2025,724804,EDI PROFESSORA MATILDE ROSA LOPES DE ARAUJO,366,PPML-FE Caged pre-corte sem tendencia,643.9599435632169
2025,724805,EDI TRISTÃO DE ATHAYDE,100,PPML-FE Caged pre-corte sem tendencia,203.83971257120388
2025,724806,EDI PROFESSORA RUTH CARDOSO,93,PPML-FE Caged pre-corte sem tendencia,252.26944089858682
2025,724807,EDI CARMEN MIRANDA,332,PPML-FE Caged pre-corte sem tendencia,551.5088043519589
2025,724808,EDI AMOR,150,PPML-FE Caged pre-corte sem tendencia,303.62490121821133
2025,724809,"EDI UGOCIONE JOSÉ DE MEDEIROS ""SEU UGO""",72,PPML-FE Caged pre-corte sem tendencia,137.71524437322861
2025,734601,CM LUZES DO AMANHÃ,190,PPML-FE Caged pre-corte sem tendencia,272.12187264937836
2025,734602,CM MARGARIDA GABINAL,122,PPML-FE Caged pre-corte sem tendencia,265.23946437183764
2025,734603,CM SEMPRE VIDA JOSUÉ,84,PPML-FE Caged pre-corte sem tendencia,180.557864652934
2025,734801,EDI JARDIM DO AMANHÃ,208,PPML-FE Caged pre-corte sem tendencia,333.0136054140765
2025,734802,EDI SENHORA PERCILIANA PEREIRA DE ALVARENGA,721,PPML-FE Caged pre-corte sem tendencia,864.9161731221446
2025,734803,EDI ANA CAROLINA PACHECO DA SILVA,97,PPML-FE Caged pre-corte sem tendencia,209.66095373234606
2025,734804,EDI MARIA BERALDA,237,PPML-FE Caged pre-corte sem tendencia,380.9415597244511
2025,734805,EDI MONSENHOR CORDIOLI,148,PPML-FE Caged pre-corte sem tendencia,321.0988979388439
2025,8002,CP CRECHE ESPÍRITA FRANCISCO DE ASSIS,71,PPML-FE Caged pre-corte sem tendencia,65.25338988131541
2025,8003,CP CRECHE CRIANÇA JABOUR,164,PPML-FE Caged pre-corte sem tendencia,183.57702675206306
2025,8004,CP CRECHE COMUNITÁRIA NINO,449,PPML-FE Caged pre-corte sem tendencia,452.2219207834374
2025,8005,CP CRECHE E ESCOLA COMUNITÁRIA GENTE INOCENTE - REALENGO,309,PPML-FE Caged pre-corte sem tendencia,324.0499785514562
2025,8006,CP FUNDAÇÃO CASA DA JOANINHA - CRECHE,134,PPML-FE Caged pre-corte sem tendencia,130.93978400324164
2025,8007,CP CRECHE E ESCOLA COMUNITÁRIA GENTE INOCENTE - BANGU,479,PPML-FE Caged pre-corte sem tendencia,509.621835794323
2025,8008,CP ASSOCIAÇÃO DE MORADORES DO CONJUNTO PEDRO I E ADJACÊNCIAS,45,PPML-FE Caged pre-corte sem tendencia,53.80022481868924
2025,8009,CP ASSOCIAÇÃO RECREATIVA PINGUINHO DE GENTE,555,PPML-FE Caged pre-corte sem tendencia,573.3179457804292
2025,8010,CP ASSOCIAÇÃO CENTRO EDUCACIONAL REBRAL III,557,PPML-FE Caged pre-corte sem tendencia,582.2905223774616
2025,8011,CP ESPAÇO DE EDUCAÇÃO INFANTIL BATAN,202,PPML-FE Caged pre-corte sem tendencia,218.4316479371275
2025,8013,CP CENTRO EDUCACIONAL LUIZA,294,PPML-FE Caged pre-corte sem tendencia,332.1123445780911
2025,8014,"CP DO.RA., A AVENTUREIRA",216,PPML-FE Caged pre-corte sem tendencia,224.6912080795188
2025,8015,CP CEM CRECHE ESCOLA MACHADO,205,PPML-FE Caged pre-corte sem tendencia,188.04342744209328
2025,8016,CP ASSOCIAÇÃO CENTRO EDUCACIONAL REBRAL VI,454,PPML-FE Caged pre-corte sem tendencia,504.23987777547575
2025,8017,CP ASSOCIAÇÃO CRECHE ESPERANÇA - REALENGO,232,PPML-FE Caged pre-corte sem tendencia,319.5712096103134
2025,8018,CP CRECHE COMUNITÁRIA ESTRELINHA,203,PPML-FE Caged pre-corte sem tendencia,229.16290329963036
2025,8019,CP ESCOLA COMUNITÁRIA JARDIM ARCO-ÍRIS - UNIDADE II,182,PPML-FE Caged pre-corte sem tendencia,213.96114134710695
2025,8021,CP ASSOCIAÇÃO RECREATIVA MUNDO MÁGICO DA TIA NATY,197,PPML-FE Caged pre-corte sem tendencia,246.1594228383275
2025,8022,CP ASSOCIAÇÃO CRECHE ESPERANÇA - MAGALHÃES BASTOS,146,PPML-FE Caged pre-corte sem tendencia,196.978253476825
2025,8023,CP CRECHE COMUNITÁRIA IRMÃ MARIA DE LOURDES,152,PPML-FE Caged pre-corte sem tendencia,180.00442196971966
2025,8024,CP CEM CRECHE ESCOLA MACHADO - UNIDADE I,128,PPML-FE Caged pre-corte sem tendencia,162.14897627314576
2025,8025,CP ASSOCIAÇÃO RECREATIVA MONIZ BARRETO,56,PPML-FE Caged pre-corte sem tendencia,65.25338988131541
2025,8027,CP CENTRO EDUCACIONAL MUNDO DA MÔNICA,56,PPML-FE Caged pre-corte sem tendencia,64.37087473000439
2025,817202,CIEP AMILCAR CABRAL,145,PPML-FE Caged pre-corte sem tendencia,205.4272953997779
2025,817504,CIEP ANTONIO EVARISTO DE MORAES,198,PPML-FE Caged pre-corte sem tendencia,238.24171495867583
2025,817505,CIEP MARECHAL JULIO CAETANO HORTA BARBOSA,103,PPML-FE Caged pre-corte sem tendencia,125.5556495518204
2025,817601,CM JOSÉ FÉLIX,403,PPML-FE Caged pre-corte sem tendencia,582.7663726436232
2025,817602,CM VILA PROGRESSO,372,PPML-FE Caged pre-corte sem tendencia,400.27332230669725
2025,817603,CM DENTE DE LEITE,376,PPML-FE Caged pre-corte sem tendencia,533.7613699457539
2025,817604,CM DRAMATURGO ALFREDO DE FREITAS DIAS GOMES,156,PPML-FE Caged pre-corte sem tendencia,278.47506949831615
2025,817605,CM MANÉ GARRINCHA II,239,PPML-FE Caged pre-corte sem tendencia,419.60592544148614
2025,817606,CM MEIMEI,117,PPML-FE Caged pre-corte sem tendencia,205.69189463504932
2025,817607,CM MULHERES DO QUAFÁ,492,PPML-FE Caged pre-corte sem tendencia,579.8524859720386
2025,817608,CM NOVA ALIANÇA,161,PPML-FE Caged pre-corte sem tendencia,484.49454839042085
2025,817609,CM RECANTO FELIZ,369,PPML-FE Caged pre-corte sem tendencia,607.667216917822
2025,817610,CM SEMPRE VIDA FAZENDA COQUEIROS,128,PPML-FE Caged pre-corte sem tendencia,257.2985259477612
2025,817611,CM TIA ELZA,99,PPML-FE Caged pre-corte sem tendencia,167.59661536092548
2025,817612,CM VILA KENNEDY,398,PPML-FE Caged pre-corte sem tendencia,476.01889183487896
2025,817613,CM CÉLIA ALENCAR,175,PPML-FE Caged pre-corte sem tendencia,344.1344155953364
2025,817614,CM FAZENDA COQUEIROS II,246,PPML-FE Caged pre-corte sem tendencia,389.9452845135202
2025,817615,CM VILA UNIÃO DA PAZ,163,PPML-FE Caged pre-corte sem tendencia,234.53648038854794
2025,817616,CM PROFESSORA MARIA ASSUMPÇÃO,47,PPML-FE Caged pre-corte sem tendencia,130.84205131849373
2025,817617,CM JOSÉ MANOEL IBARRA PEREZ,219,PPML-FE Caged pre-corte sem tendencia,391.2693780886861
2025,817618,CM JANETE CLAIR,170,PPML-FE Caged pre-corte sem tendencia,259.15138169019525
2025,817619,CM PROFESSORA REGINA MARIA DA MATTA MONTEZANO,208,PPML-FE Caged pre-corte sem tendencia,311.0379739766003
2025,817801,EDI PROFESSORA TÂNIA MARIA LARRUBIA GOMES,321,PPML-FE Caged pre-corte sem tendencia,387.29710984098676
2025,817802,EDI PROFESSOR REINALDO JOSÉ DE ARAGÃO BARBOSA,145,PPML-FE Caged pre-corte sem tendencia,266.56298599372997
2025,817803,EDI JOSÉ EPHIM MINDLIN,303,PPML-FE Caged pre-corte sem tendencia,441.85260281585437
2025,817804,EDI PROFESSORA EDITH MARQUES DE SOUZA,324,PPML-FE Caged pre-corte sem tendencia,420.9301051285405
2025,817805,EDI RAFAEL PEREIRA DA SILVA,106,PPML-FE Caged pre-corte sem tendencia,163.62930135769517
2025,817806,EDI PROFESSORA MARIA YEDDA LEITE LINHARES,149,PPML-FE Caged pre-corte sem tendencia,298.3299799859201
2025,817807,EDI MARIA DO CARMO SOUZA PIRAN,168,PPML-FE Caged pre-corte sem tendencia,270.0041835012734
2025,817808,EDI PROFESSOR ANTONIO FLAVIO PIERUCCI,377,PPML-FE Caged pre-corte sem tendencia,518.133361023123
2025,817809,EDI REPÚBLICA ÁRABE UNIDA,64,PPML-FE Caged pre-corte sem tendencia,101.24737693394002
2025,817810,EDI VILA DO VINTÉM,143,PPML-FE Caged pre-corte sem tendencia,262.3277484616688
2025,817814,EDI PROFESSORA GIOVANA BANSI,363,PPML-FE Caged pre-corte sem tendencia,573.7598433276643
2025,817815,EDI SENHOR JOÃO GOMES,337,PPML-FE Caged pre-corte sem tendencia,456.1545263875141
2025,833505,CIEP ARACY DE ALMEIDA (CANTORA),25,PPML-FE Caged pre-corte sem tendencia,59.822053122810324
2025,833601,CM CASA DE REALENGO,398,PPML-FE Caged pre-corte sem tendencia,596.5412299999647
2025,833602,CM JULINHO CACAU,296,PPML-FE Caged pre-corte sem tendencia,575.3492244862056
2025,833603,CM SILVEIRINHA,287,PPML-FE Caged pre-corte sem tendencia,531.1125326457669
2025,833801,EDI GESSICA GUEDES PEREIRA,69,PPML-FE Caged pre-corte sem tendencia,188.7588143810637
2025,833802,EDI PROFESSORA ZENA ELIAN,139,PPML-FE Caged pre-corte sem tendencia,402.1270984099637
2025,833803,EDI FREI ORLANDO,192,PPML-FE Caged pre-corte sem tendencia,386.50266071003995
2025,833805,EDI DEODORO,89,PPML-FE Caged pre-corte sem tendencia,238.50637793251207
2025,833806,EDI PROFESSOR CRISTIANO PINTO DE MORAES BISPO,324,PPML-FE Caged pre-corte sem tendencia,515.7494557690322
2025,833807,EDI LUIZA PAULA DA SILVEIRA MACHADO,256,PPML-FE Caged pre-corte sem tendencia,456.4193802312329
2025,833808,EDI PROFESSORA VANUZIA BASTOS DA SILVA,166,PPML-FE Caged pre-corte sem tendencia,334.86704661445947
2025,833809,EDI PROFESSORA MARIA CECILIA FERREIRA,157,PPML-FE Caged pre-corte sem tendencia,331.9545011536548
2025,833810,EDI MEDALHISTA OLÍMPICO SERGIO DUTRA DOS SANTOS,209,PPML-FE Caged pre-corte sem tendencia,351.5484994205067
2025,833811,EDI MEDALHISTA OLÍMPICA RAFAELA LOPES SILVA,310,PPML-FE Caged pre-corte sem tendencia,447.944118130458
2025,9001,CP CRECHE COMUNITÁRIA SANTA RITA,56,PPML-FE Caged pre-corte sem tendencia,125.59577300781315
2025,9002,CP CRECHE SAGRADA FAMÍLIA,40,PPML-FE Caged pre-corte sem tendencia,89.14926583586839
2025,9003,CP CRECHE SÃO JORGE,47,PPML-FE Caged pre-corte sem tendencia,52.92120092191737
2025,9004,CP CRECHE E PRÉ-ESCOLA CANTINHO DO SABER,158,PPML-FE Caged pre-corte sem tendencia,168.39686097208732
2025,9007,CP INSTITUTO AVELINO - CAMPO GRANDE,17,PPML-FE Caged pre-corte sem tendencia,52.04250649196553
2025,9008,CP CRECHE COMUNITÁRIA ANA & LU,60,PPML-FE Caged pre-corte sem tendencia,90.92349460594278
2025,9009,CP CRECHE COMUNITÁRIA CRIANÇAS DE OURO,159,PPML-FE Caged pre-corte sem tendencia,205.9155815827893
2025,9010,CP CRECHE JARDIM ESCOLA RIO DA PRATA,153,PPML-FE Caged pre-corte sem tendencia,204.12792631156177
2025,9011,CP CRECHE NOVA JERUSALÉM EM CAMPO GRANDE,212,PPML-FE Caged pre-corte sem tendencia,233.63506149676303
2025,9012,CP CRECHE COMUNITÁRIA TIA NEIDE - CAMPO GRANDE,170,PPML-FE Caged pre-corte sem tendencia,213.06710298556334
2025,9013,CP CRECHE COMUNITÁRIA SOL DO SABER,301,PPML-FE Caged pre-corte sem tendencia,308.8231528089709
2025,9014,CP INSTITUTO DE ENSINO AVANÇADO,221,PPML-FE Caged pre-corte sem tendencia,226.479829452978
2025,9017,CP ESPAÇO CRESCER,236,PPML-FE Caged pre-corte sem tendencia,235.4240504734827
2025,9018,CP ESPAÇO DE DESENVOLVIMENTO CARIOQUINHA,213,PPML-FE Caged pre-corte sem tendencia,193.40401004446886
2025,9019,CP ASSOCIAÇÃO DE MORADORES UNIÃO DAS BASES DE URUCÂNIA E ADJACÊNCIAS - COSMOS,121,PPML-FE Caged pre-corte sem tendencia,132.7215776452182
2025,9020,CP ASSOCIAÇÃO DE MORADORES UNIÃO DAS BASES DE URUCÂNIA E ADJACÊNCIAS - CAMPO GRANDE,56,PPML-FE Caged pre-corte sem tendencia,72.32096280197553
2025,9021,CP INSTITUTO CRESCER & APRENDER,332,PPML-FE Caged pre-corte sem tendencia,277.4834822421877
2025,9022,CP ESPAÇO CRIATIVO CASTELINHO RINALDI,237,PPML-FE Caged pre-corte sem tendencia,231.84614379805518
2025,9023,CP ESPAÇO CRIATIVO SALOMÃO,172,PPML-FE Caged pre-corte sem tendencia,213.06710298556334
2025,9024,CP CRECHE COMUNITÁRIA DOCE INFÂNCIA,196,PPML-FE Caged pre-corte sem tendencia,224.6912080795188
2025,9025,CP INSTITUTO Ô LUAR,113,PPML-FE Caged pre-corte sem tendencia,124.70531264477879
2025,9026,CP CRECHE COMUNITÁRIA LEÃOZINHO FELIZ,207,PPML-FE Caged pre-corte sem tendencia,216.64338303287118
2025,9027,CP INSTITUTO FRUTIFICAR,152,PPML-FE Caged pre-corte sem tendencia,138.06824583887183
2025,9028,CP CRECHE COMUNITÁRIA ALÉM DO ARCO-ÍRIS,215,PPML-FE Caged pre-corte sem tendencia,279.2739331434956
2025,9029,CP INSTITUTO CRECHE DO PAPAI,237,PPML-FE Caged pre-corte sem tendencia,239.8968277876645
2025,9030,CP ESPAÇO DE DESENVOLVIMENTO PEDRITA,146,PPML-FE Caged pre-corte sem tendencia,197.87187739365692
2025,9031,CP ESPAÇO CRIATIVO TURMINHA DO BAIRRO,136,PPML-FE Caged pre-corte sem tendencia,174.64641736006007
2025,9032,CP SOLDADINHOS DE DEUS,91,PPML-FE Caged pre-corte sem tendencia,162.14897627314576
2025,9033,CP TEMPO DE CRIANÇA,121,PPML-FE Caged pre-corte sem tendencia,111.35633944968968
2025,9034,CP CRECHE COMUNITÁRIA ARTE DA CRIANÇA,111,PPML-FE Caged pre-corte sem tendencia,161.25656516976514
2025,9035,CP INSTITUTO CRESCER E APRENDER - FILIAL,108,PPML-FE Caged pre-corte sem tendencia,115.80425381765833
2025,9036,CP INSTITUTO CONSTRUINDO AMANHÃ,344,PPML-FE Caged pre-corte sem tendencia,480.9197038738877
2025,9037,CP CRECHE COMUNITÁRIA AURINA,56,PPML-FE Caged pre-corte sem tendencia,84.71582500308779
2025,9038,CP CEM CRECHE ESCOLA MACHADO UNIDADE II,154,PPML-FE Caged pre-corte sem tendencia,282.8549843514644
2025,9039,CP CRECHE COMUNITÁRIA ESTRELINHA DO SABER,140,PPML-FE Caged pre-corte sem tendencia,180.89752906852803
2025,9040,CP CRECHE E ESCOLA COMUNITARIA GENTE BAIXINHA - UNIDADE COSMOS,249,PPML-FE Caged pre-corte sem tendencia,290.01766712760104
2025,9041,CP CRECHE COMUNITÁRIA PEQUENOS PASSOS,114,PPML-FE Caged pre-corte sem tendencia,136.28581412351772
2025,9042,CP CRECHE PEQUENA CANAÃ,60,PPML-FE Caged pre-corte sem tendencia,80.28568538676988
2025,9043,CP CRECHE COMUNITÁRIA RIBEIRO,109,PPML-FE Caged pre-corte sem tendencia,130.04897087411024
2025,9044,CP CRECHE COMUNITÁRIA JARDIM FELIZ,250,PPML-FE Caged pre-corte sem tendencia,339.27949582786357
2025,9045,CP CRECHE COMUNITÁRIA PINTANDO SONHOS,107,PPML-FE Caged pre-corte sem tendencia,94.47331312475573
2025,9046,CP CRECHE COMUNITÁRIA URSINHO PIMPÃO,310,PPML-FE Caged pre-corte sem tendencia,267.63692563467066
2025,918601,CM ALEGRIA DE NOVA CIDADE,288,PPML-FE Caged pre-corte sem tendencia,499.3272102284766
2025,918602,CM VITÓRIA DA PAZ,126,PPML-FE Caged pre-corte sem tendencia,344.1344155953364
2025,918603,CM SEMPRE VIDA ELZA RABELO DE ANDRADE,98,PPML-FE Caged pre-corte sem tendencia,145.38255158275408
2025,918604,CM VERA PACHECO JORDÃO,48,PPML-FE Caged pre-corte sem tendencia,112.34256019020604
2025,918605,CM SEMPRE VIDA PROFESSORA EUGENIA MARIA VELOSO MARCHESE,99,PPML-FE Caged pre-corte sem tendencia,190.87530113776904
2025,918606,CM CECÍLIA MEIRELES,175,PPML-FE Caged pre-corte sem tendencia,396.56579333191763
2025,918607,CM SONHO FELIZ,316,PPML-FE Caged pre-corte sem tendencia,473.6351338177754
2025,918608,CM JARDIM MONTE SANTO,125,PPML-FE Caged pre-corte sem tendencia,399.2140251377697
2025,918609,CM ADÉLIA VIEIRA,123,PPML-FE Caged pre-corte sem tendencia,280.5928438261811
2025,918610,CM ESPERANÇA DO AMANHÃ,63,PPML-FE Caged pre-corte sem tendencia,177.38349904257316
2025,918611,CM MÁRIO LOMBARDI,43,PPML-FE Caged pre-corte sem tendencia,110.22889900481665
2025,918613,CM PROFESSORA FLORA SANTINA FERRARI BRAZ,376,PPML-FE Caged pre-corte sem tendencia,647.4038404568621
2025,918614,CM ZÉLIA CHAUKE CURI,161,PPML-FE Caged pre-corte sem tendencia,343.0752742334333
2025,918615,CM MARCELO CARDOSO TOMÉ,122,PPML-FE Caged pre-corte sem tendencia,198.2833467272093
2025,918616,CM PADRE VALTER DA COSTA SANTOS,285,PPML-FE Caged pre-corte sem tendencia,511.77629747266747
2025,918617,CM CRIANDO O FUTURO,246,PPML-FE Caged pre-corte sem tendencia,660.1198548803862
2025,918618,CM ESPERANÇA DA VILA SÃO JORGE,146,PPML-FE Caged pre-corte sem tendencia,442.6471444517661
2025,918619,CM RAUL CORTEZ,400,PPML-FE Caged pre-corte sem tendencia,663.5637986644994
2025,918620,CM EMILIO IBRAHIM LÁZARO JUBRAM DIB,327,PPML-FE Caged pre-corte sem tendencia,655.8811683027798
2025,918621,CM ELIZABETH TAVARES DE SOUZA - BETINHA,217,PPML-FE Caged pre-corte sem tendencia,402.65675013318355
2025,918801,EDI BIANCA ROCHA TAVARES,153,PPML-FE Caged pre-corte sem tendencia,326.6590352706875
2025,918802,EDI PINTANDO O SETE,198,PPML-FE Caged pre-corte sem tendencia,333.27838204881783
2025,918803,EDI LUDMILA MÁXIMO MOREIRA CARDOSO,96,PPML-FE Caged pre-corte sem tendencia,200.66461269911593
2025,918804,EDI RENAN DE SOUZA LEAL,53,PPML-FE Caged pre-corte sem tendencia,92.00465926742856
2025,918805,EDI CANTORA CESÁRIA ÉVORA,148,PPML-FE Caged pre-corte sem tendencia,303.36015252552636
2025,918806,EDI COMENDADOR SERAFIM SOFIA,224,PPML-FE Caged pre-corte sem tendencia,485.5540132860305
2025,918807,EDI URBANO DE FREITAS,259,PPML-FE Caged pre-corte sem tendencia,525.8148849995976
2025,918808,EDI PROFESSORA MARTA REGINA PERROTA,206,PPML-FE Caged pre-corte sem tendencia,379.61749928331375
2025,918809,EDI CAMPO GRANDE,39,PPML-FE Caged pre-corte sem tendencia,134.01417710568782
2025,918810,EDI DOM BOSCO,145,PPML-FE Caged pre-corte sem tendencia,312.62651649828615
2025,918811,EDI ISABEL,14,PPML-FE Caged pre-corte sem tendencia,32.73775437509815
2025,918812,EDI PROFESSOR JORGE EUCLIDES PEREIRA NUNES,85,PPML-FE Caged pre-corte sem tendencia,177.6480251686525
2025,918813,EDI PROFESSOR MARCO ALTINO DE OLIVEIRA,184,PPML-FE Caged pre-corte sem tendencia,270.53360372696994
2025,918814,EDI PROFESSOR NESTOR MANOEL PINTO,177,PPML-FE Caged pre-corte sem tendencia,331.4249503956529
2025,918815,EDI PROFESSORA SIRLÉIA SILVA REIS,282,PPML-FE Caged pre-corte sem tendencia,450.0629217628722
2025,918816,EDI PROFESSOR JOÃO FERNANDES FILHO,46,PPML-FE Caged pre-corte sem tendencia,98.34217266159699
2025,918817,EDI PROFESSORA EUGENIA DE ALMEIDA AZEVEDO,307,PPML-FE Caged pre-corte sem tendencia,512.5709274068662
2025,918818,EDI FRANCISCO JOSÉ DE MORAES,101,PPML-FE Caged pre-corte sem tendencia,207.27950249050076
2025,918819,EDI JOARI,18,PPML-FE Caged pre-corte sem tendencia,79.33501176948788
2025,918820,EDI ALMO SATURNINO,30,PPML-FE Caged pre-corte sem tendencia,92.5327234267484
2025,918821,EDI PROFESSORA ENYR PORTILHO DE AVELLAR,169,PPML-FE Caged pre-corte sem tendencia,245.12309373165132
2025,918822,EDI PROFESSOR ANDRÉ LUIZ GILS,241,PPML-FE Caged pre-corte sem tendencia,531.9071828995817
2025,918823,EDI PROFESSOR DERSU GABRIEL BICEGO,147,PPML-FE Caged pre-corte sem tendencia,317.12743712134716
2025,918824,EDI ALBERTO FERREIRA PINTO,228,PPML-FE Caged pre-corte sem tendencia,424.37298893000104
2025,918825,EDI PROFESSORA TERESINHA DE JESUS SIQUEIRA BROWN,231,PPML-FE Caged pre-corte sem tendencia,432.8478799764481
2025,918826,EDI PROFESSORA MARLY DOS SANTOS DE OLIVEIRA (MARLY MARINHO),208,PPML-FE Caged pre-corte sem tendencia,486.6134798955135
2025,918827,EDI ATAULFO ALVES,178,PPML-FE Caged pre-corte sem tendencia,392.8582958172654
2025,918828,EDI ALYRIO CAVALLIERI,241,PPML-FE Caged pre-corte sem tendencia,484.2296824351885
2025,918829,EDI RUBEM AZEVEDO ALVES,143,PPML-FE Caged pre-corte sem tendencia,160.1911331477545
2025,918830,EDI HENRIQUE DIAS,47,PPML-FE Caged pre-corte sem tendencia,140.09463986188806
2025,918831,EDI ELFLODÍZIO DOS SANTOS,233,PPML-FE Caged pre-corte sem tendencia,471.25138491891323
2025,918832,EDI PROFESSORA JACINTHA REIS FERREIRA,367,PPML-FE Caged pre-corte sem tendencia,591.5080863092658
2025,918833,EDI PROFESSOR WILSON CHOERI,175,PPML-FE Caged pre-corte sem tendencia,314.47982784292054
2025,918834,EDI ENGENHEIRA ELAINE MONSORES PIRES,127,PPML-FE Caged pre-corte sem tendencia,301.24217289030304
2025,918835,EDI MEDALHISTA OLÍMPICO ARTHUR NORY OYAKAWA MARIANO,254,PPML-FE Caged pre-corte sem tendencia,504.62466744644064
2025,918836,EDI MEDALHISTA OLÍMPICO RAFAEL CARLOS DA SILVA,325,PPML-FE Caged pre-corte sem tendencia,603.693636073191
2025,918837,EDI MEDALHISTA OLÍMPICO WALLACE LEANDRO DE SOUZA,333,PPML-FE Caged pre-corte sem tendencia,559.9853240113773
2025,918838,EDI EUSTORGIO WANDERLEY,100,PPML-FE Caged pre-corte sem tendencia,175.0028001744654
2025,918839,EDI DALILA TAVARES,69,PPML-FE Caged pre-corte sem tendencia,154.9019695166624
2025,10001,CP ESCOLA COMUNITÁRIA JARDIM DE INFÂNCIA TIA ANASTÁCIA,116,PPML-FE + Caged corte agosto,112.33999109371624
2025,10004,CP ESCOLA COMUNITÁRIA JARDIM BALÃO MÁGICO,38,PPML-FE + Caged corte agosto,47.758211234133825
2025,10005,CP CRECHE COMUNITÁRIA JARDIM PEDRA AZUL,26,PPML-FE + Caged corte agosto,30.929696966822313
2025,10006,CP CRECHE ESCOLA COMUNITÁRIA ISMÊNIA RIBEIRO,84,PPML-FE + Caged corte agosto,82.44953240780976
2025,10008,CP CRECHE COMUNITÁRIA JARDIM ESPERANÇA,92,PPML-FE + Caged corte agosto,68.9654105547262
2025,10009,CP JARDIM ESCOLA ERNESTO FAGUNDES VARELA,68,PPML-FE + Caged corte agosto,64.71432906447394
2025,10010,CP ESCOLA COMUNITÁRIA JARDIM ARCO-ÍRIS,95,PPML-FE + Caged corte agosto,78.89818059237318
2025,10011,CP CRECHE PINGUINHO DE GENTE,30,PPML-FE + Caged corte agosto,30.929696966822313
2025,10013,CP ESCOLA COMUNITÁRIA ENCANTO DE MARIA,53,PPML-FE + Caged corte agosto,47.05385438758215
2025,10014,CP CRECHE COMUNITÁRIA SÃO JOÃO BATISTA,54,PPML-FE + Caged corte agosto,35.81843698450974
2025,10018,CP CRECHE ESCOLA COMUNITÁRIA SÍTIO ALEGRE,244,PPML-FE + Caged corte agosto,150.8710498067419
2025,10019,CP ESCOLA COMUNITÁRIA JARDIM ALEXANDRINO,166,PPML-FE + Caged corte agosto,135.16324503270357
2025,10020,CP CASA MATERNAL NOSSA SENHORA DE NAZARÉ,112,PPML-FE + Caged corte agosto,86.00267818303008
2025,10022,CP ASSOCIAÇÃO DE MORADORES E AMIGOS DO PARQUE ESTORIL - AMAPE,203,PPML-FE + Caged corte agosto,150.8710498067419
2025,10023,CP CRECHE ESCOLA SOSSEGO DA MAMÃE,90,PPML-FE + Caged corte agosto,84.58121413813626
2025,10024,CP CRECHE COMUNITÁRIA MUNDO ENCANTADO DA CRIANÇA,170,PPML-FE + Caged corte agosto,155.87130947288952
2025,10026,CP CRECHE E ESCOLA COMUNITÁRIA GENTE BAIXINHA I,249,PPML-FE + Caged corte agosto,171.59264564094323
2025,10027,CP CRECHE CASULO AGOSTINHO - SANTA CRUZ,194,PPML-FE + Caged corte agosto,121.60789830308809
2025,10028,CP CRECHE CASULO AGOSTINHO - VERIDIANA,124,PPML-FE + Caged corte agosto,112.33999109371624
2025,10029,CP ASSOCIAÇÃO DE MORADORES DAS MORADAS DO IMPÉRIO,65,PPML-FE + Caged corte agosto,67.54795334346323
2025,10030,CP INSTITUTO AVELINO - GUARATIBA,93,PPML-FE + Caged corte agosto,72.51080035623357
2025,10032,CP CRECHE COMUNITÁRIA MUNDO MÁGICO,150,PPML-FE + Caged corte agosto,133.73587027843732
2025,10033,CP PROJETO QUEBRA CABEÇA,69,PPML-FE + Caged corte agosto,55.518712240134995
2025,10034,CP OS BENEDITINHOS,134,PPML-FE + Caged corte agosto,117.32964778365084
2025,10035,CP ESCOLA COMUNITÁRIA JARDIM DE INFÂNCIA CHAVE DO TAMANHO,139,PPML-FE + Caged corte agosto,54.106145062970704
2025,10036,CP CAAD DONA ZULMIRA TELLES,157,PPML-FE + Caged corte agosto,148.01423291282416
2025,10037,CP CAAD - COMITÊ DE ATENDIMENTO À CRIANÇA E AO ADOLESCENTE,71,PPML-FE + Caged corte agosto,59.76002891246849
2025,10039,CP FUNDAÇÃO KLINGNER PARA O DESENVOLVIMENTO SOCIAL,243,PPML-FE + Caged corte agosto,201.62774633296527
2025,1004,CP CRECHE CANTINHO FELIZ DE SANTA TERESA,136,PPML-FE + Caged corte agosto,114.47819091576604
2025,10040,CP CICIM I,219,PPML-FE + Caged corte agosto,157.30014150566808
2025,10041,CP CRECHE BEZERRA DE MENEZES - SANTA CRUZ,173,PPML-FE + Caged corte agosto,110.91471866601677
2025,10042,CP CICIM II,179,PPML-FE + Caged corte agosto,132.30860601194286
2025,10043,CP CRECHE CANTINHO CASLU,168,PPML-FE + Caged corte agosto,123.74747896646495
2025,10044,CP CRECHE COMUNITÁRIA MAGIA DA CRIANÇA,93,PPML-FE + Caged corte agosto,93.82523350826366
2025,10045,CP ESPAÇO CRIATIVO ERA UMA VEZ,73,PPML-FE + Caged corte agosto,71.09235478982743
2025,10046,CP CRECHE COMUNITÁRIA DEUS É FIEL - CCDF,191,PPML-FE + Caged corte agosto,173.02228655102172
2025,10047,CP CENTRO CULTURAL MONTESSORI - SANTA CRUZ,194,PPML-FE + Caged corte agosto,195.18958943480345
2025,1005,CP CASA MATERNAL CORAÇÃO DE MÃE,48,PPML-FE + Caged corte agosto,31.62679443310857
2025,10051,CP CRECHE COMUNITÁRIA DEUS É FIEL - UNIDADE VI,244,PPML-FE + Caged corte agosto,208.78241479816086
2025,10052,CP CRECHE COMUNITÁRIA DEUS É FIEL - UNIDADE VII,493,PPML-FE + Caged corte agosto,406.5404695590661
2025,10053,CP CRECHE COMUNITÁRIA GÊNIO DO FUTURO,311,PPML-FE + Caged corte agosto,263.1905495148205
2025,10054,CP CRECHE COMUNITÁRIA AQUARELA DO SABER,51,PPML-FE + Caged corte agosto,82.44953240780976
2025,10055,CP ESPAÇO DE DESENVOLVIMENTO MÃE GAIA,140,PPML-FE + Caged corte agosto,58.345682871052944
2025,10056,CP CRECHE MUNDO DA BIBI,100,PPML-FE + Caged corte agosto,71.09235478982743
2025,10057,CP CENTRO CULTURAL MONTESSORI - PACIÊNCIA,358,PPML-FE + Caged corte agosto,253.16426540301563
2025,10058,CP CRECHE ESCOLA COMUNITÁRIA MALLETZINHO,261,PPML-FE + Caged corte agosto,153.01389166658342
2025,10059,CP CRECHE COMUNITÁRIA PLANETA BEBÊ,95,PPML-FE + Caged corte agosto,78.18813939963441
2025,1006,CP CRECHE DO TUIUTI,233,PPML-FE + Caged corte agosto,208.06689523635876
2025,10060,CP CRECHE COMUNITÁRIA JARDIM DO CONHECIMENTO,83,PPML-FE + Caged corte agosto,68.25663002187137
2025,10061,CP CRECHE COMUNITÁRIA ESTRELA DO AMANHÃ,113,PPML-FE + Caged corte agosto,125.17402771809944
2025,10062,CP CENTRO CULTURAL DE DESENVOLVIMENTO INFANTIL JOÃO BATISTA,79,PPML-FE + Caged corte agosto,81.73911363640961
2025,10063,CP CRECHE COMUNITÁRIA UNIVERSO INFANTIL,313,PPML-FE + Caged corte agosto,231.6846792540295
2025,10064,CP CRECHE COMUNITÁRIA CORAÇÃO DE MÃE,269,PPML-FE + Caged corte agosto,202.3431594818026
2025,10065,CP CRECHE MAGIA DA CRIANÇA II,94,PPML-FE + Caged corte agosto,120.89477090515705
2025,10066,CP CRECHE COMUNITÁRIA ARTE & CULTURA,219,PPML-FE + Caged corte agosto,150.8710498067419
2025,10067,CP CRECHE COMUNITÁRIA ARCA DE NOÉ,117,PPML-FE + Caged corte agosto,98.0949955861084
2025,10068,CP CRECHE COMUNITÁRIA TIA NEIDE - GUARATIBA,152,PPML-FE + Caged corte agosto,82.44953240780976
2025,10069,CP CRECHE E ESCOLA COMUNITÁRIA GENTE BAIXINHA II,411,PPML-FE + Caged corte agosto,330.5420546790643
2025,1007,CP EDUCANDÁRIO NOSSA SENHORA DE NAZARÉ,78,PPML-FE + Caged corte agosto,89.55747502720811
2025,10070,CP PEDACINHO DO CÉU,121,PPML-FE + Caged corte agosto,113.05268602738963
2025,10071,CP CRECHE COMUNITÁRIA ARTE & CULTURA - UNIDADE I,251,PPML-FE + Caged corte agosto,132.30860601194286
2025,10072,CP CRECHE COMUNITÁRIA DEUS É FIEL - UNIDADE X,219,PPML-FE + Caged corte agosto,168.73356725591083
2025,10073,CP NINHO CARIOCA,435,PPML-FE + Caged corte agosto,307.60835143688206
2025,10074,CP CRECHE MUNDO MÁGICO II,201,PPML-FE + Caged corte agosto,151.5853089391996
2025,10075,CP CRECHE COMUNITÁRIA PEDACINHO DE CÉU,153,PPML-FE + Caged corte agosto,150.8710498067419
2025,10076,CP ESPAÇO DE DESENVOLVIMENTO MÃE GAIA - UNIDADE I,73,PPML-FE + Caged corte agosto,31.62679443310857
2025,10077,CP CRECHE COMUNITÁRIA CANTINHO DO SABER,40,PPML-FE + Caged corte agosto,44.94209616773136
2025,10078,CP CRECHE COMUNITÁRIA CRIANÇA FELIZ,72,PPML-FE + Caged corte agosto,54.81234895533288
2025,10079,CP CRECHE COMUNITÁRIA DEUS É FIEL - UNIDADE VIII,100,PPML-FE + Caged corte agosto,114.47819091576594
2025,10080,CP ASSOCIAÇÃO CENTRO EDUCACIONAL REBRAL XII (GUARATIBA),154,PPML-FE + Caged corte agosto,82.44953240780976
2025,10081,CP CENTRO EDUCACIONAL ESTRELA DO AMANHÃ,228,PPML-FE + Caged corte agosto,224.52660452291974
2025,10082,CP CRECHE ESCOLA BAIXINHOS SABIDOS,70,PPML-FE + Caged corte agosto,68.9654105547262
2025,10083,CP CRECHE COMUNITÁRIA CRISTÃ CORDEIRINHO DE CRISTO,116,PPML-FE + Caged corte agosto,221.66364803234987
2025,10084,CP CRECHE COMUNITÁRIA AQUARELA DO SABER (GUARATIBA),284,PPML-FE + Caged corte agosto,195.9048892152626
2025,10085,CP CRECHE VIDA,50,PPML-FE + Caged corte agosto,71.09235478982743
2025,1009,CP CRECHE COMUNITÁRIA ANITA WAY,179,PPML-FE + Caged corte agosto,153.01389166658342
2025,1010,CP CENTRO CULTURAL MONTESSORI - SÃO CRISTÓVÃO,465,PPML-FE + Caged corte agosto,342.7275370577417
2025,101601,CM LADEIRA DOS FUNCIONÁRIOS,122,PPML-FE + Caged corte agosto,85.75043559880059
2025,101602,CM VIRGÍNIA LEMOS,58,PPML-FE + Caged corte agosto,52.50903555200517
2025,101603,CM SENNINHA,255,PPML-FE + Caged corte agosto,199.06512920138195
2025,101604,CM SEMPRE VIDA P. CONQUISTA,68,PPML-FE + Caged corte agosto,48.244012833513366
2025,101605,CM CLEMENTE FERREIRA,199,PPML-FE + Caged corte agosto,157.05283560664975
2025,101606,CM QUINTA DO CAJU,143,PPML-FE + Caged corte agosto,111.54451480582702
2025,101607,CM TIA DORA,259,PPML-FE + Caged corte agosto,207.3160498070695
2025,101801,EDI PARQUE DA ALEGRIA,271,PPML-FE + Caged corte agosto,217.70656317226843
2025,101802,EDI MACHADO DE ASSIS,152,PPML-FE + Caged corte agosto,110.017867880935
2025,101803,EDI ANTÔNIO RAPOSO TAVARES,38,PPML-FE + Caged corte agosto,41.24086295291081
2025,1019601,CM SEMPRE VIDA VALE DO SOL,29,PPML-FE + Caged corte agosto,42.306219331359884
2025,1019602,CM SEMPRE VIDA ANTARES,151,PPML-FE + Caged corte agosto,147.43005584250477
2025,1019603,CM JARDIM DOS VIEIRAS,137,PPML-FE + Caged corte agosto,101.46941673288082
2025,1019604,CM AYRTON SENNA,63,PPML-FE + Caged corte agosto,56.318256402564074
2025,1019605,CM MARLENE DA SILVA CARDOSO,57,PPML-FE + Caged corte agosto,52.35668838468017
2025,1019606,CM TRINTA E UM DE OUTUBRO,124,PPML-FE + Caged corte agosto,85.9030172050194
2025,1019607,CM ADALTO BASTOS,221,PPML-FE + Caged corte agosto,135.05922977312835
2025,1019609,CM CANTINHO DA TIA DOLORES,76,PPML-FE + Caged corte agosto,115.97200701394108
2025,1019610,CM CHAVE DO TAMANHO,56,PPML-FE + Caged corte agosto,80.56306760947395
2025,1019611,CM CRIANÇA FELIZ,51,PPML-FE + Caged corte agosto,44.285081685281256
2025,1019612,CM DANIELA PEREZ,305,PPML-FE + Caged corte agosto,273.79199152973314
2025,1019613,CM DJANIRA MARIA RAMOS,128,PPML-FE + Caged corte agosto,82.69894453600729
2025,1019614,CM INSPETOR HERALDO CARVALHO DE SOUSA,240,PPML-FE + Caged corte agosto,169.27335216924456
2025,1019615,CM MARCOLINA,44,PPML-FE + Caged corte agosto,43.523929798597955
2025,1019616,CM MARIA HELENA PAPERA MONTEIRO,60,PPML-FE + Caged corte agosto,49.46243735260281
2025,1019618,CM LEUZA MARINS NOVAES S. SANTOS,75,PPML-FE + Caged corte agosto,73.85129878312735
2025,1019619,CM SANTA TEREZINHA,41,PPML-FE + Caged corte agosto,56.47064584371284
2025,1019620,CM SEMENTINHA DO AMOR,68,PPML-FE + Caged corte agosto,78.57988368300046
2025,1019621,CM SEMPRE VIDA ESTRELA DO ALAGADO,48,PPML-FE + Caged corte agosto,78.2747900207508
2025,1019623,CM SEMPRE VIDA TERRA DA PAZ,243,PPML-FE + Caged corte agosto,176.30065024527943
2025,1019624,CM ZACARIAS - O TRAPALHÃO,27,PPML-FE + Caged corte agosto,53.27079733462337
2025,1019625,CM NARIZINHO,41,PPML-FE + Caged corte agosto,39.11057171426133
2025,1019626,CM PEDRINHO,52,PPML-FE + Caged corte agosto,38.04565218245403
2025,1019627,CM VOVÓ BENTA,104,PPML-FE + Caged corte agosto,60.58570572062387
2025,1019628,CM IRINÉA DOS SANTOS PAIVA,77,PPML-FE + Caged corte agosto,106.96469502389272
2025,1019630,CM ESTRELA DALVA,69,PPML-FE + Caged corte agosto,57.38501388430243
2025,1019631,CM TIA HILDA MACEDO,147,PPML-FE + Caged corte agosto,143.0008129956527
2025,1019632,CM MIRIAM PIRES,326,PPML-FE + Caged corte agosto,251.173143353284
2025,1019633,CM MERILUCE DE OLIVEIRA MÜLLER,44,PPML-FE + Caged corte agosto,60.128427146941426
2025,1019801,EDI SARGENTO IZO GOMES PATRÍCIO,217,PPML-FE + Caged corte agosto,204.7185010097655
2025,1019802,EDI LARISSA DOS SANTOS ATANAZIO,120,PPML-FE + Caged corte agosto,87.88663679413648
2025,1019803,EDI LARYSSA SILVA MARTINS,189,PPML-FE + Caged corte agosto,175.23125684666508
2025,1019804,EDI PROFESSORA MARIA LUIZA JOBIM DE QUEIROZ,55,PPML-FE + Caged corte agosto,49.310127289088655
2025,1019806,EDI PROFESSOR RUBEM GONÇALVES,64,PPML-FE + Caged corte agosto,74.91897317718822
2025,1019807,EDI PROFESSOR ANTONIO ALFREDO MERCADANTE,107,PPML-FE + Caged corte agosto,77.51206969911351
2025,1019808,EDI GEÓGRAFO AZIZ AB' SABER,82,PPML-FE + Caged corte agosto,71.25855818230258
2025,1019809,EDI PROFESSORA CARMEN FRAGA DE ARAÚJO,48,PPML-FE + Caged corte agosto,65.46404466504728
2025,1019810,EDI PROFESSORA ROSELE NICOLAU JORGE COUTINHO,51,PPML-FE + Caged corte agosto,35.00395033523405
2025,1019811,EDI PROFESSORA RAQUEL KELLY LANERA,55,PPML-FE + Caged corte agosto,35.308054498398405
2025,1019815,EDI JOÃO CORRÊA,92,PPML-FE + Caged corte agosto,91.39637358486684
2025,1019818,EDI RENÉE BISCAIA RAPOSO,41,PPML-FE + Caged corte agosto,82.54637722516556
2025,1019820,EDI INAIÁ WANDERLEY CARMO,54,PPML-FE + Caged corte agosto,86.36076593996208
2025,1019821,EDI PROFESSORA SOLANGE INÁCIA DE SÁ DE LACERDA,120,PPML-FE + Caged corte agosto,161.17712858841034
2025,1019822,EDI PROFESSORA KATIA MIRANDA SANTOS,36,PPML-FE + Caged corte agosto,129.8670393535686
2025,1019824,EDI PROFESSORA LILIA CHAVES DA COSTA,26,PPML-FE + Caged corte agosto,101.77469459333267
2025,1019826,EDI THAMIRIS DE ANDRADE DA SILVA SANTOS,140,PPML-FE + Caged corte agosto,143.0008129956527
2025,1019827,EDI MEDALHISTA OLÍMPICA POLIANA OKIMOTO,200,PPML-FE + Caged corte agosto,193.1063512945513
2025,1019828,EDI MEDALHISTA OLÍMPICO ERLON DE SOUZA SILVA,171,PPML-FE + Caged corte agosto,170.34270124607468
2025,1019829,EDI ERASMO CARLOS,94,PPML-FE + Caged corte agosto,82.44953240780976
2025,1019830,EDI GAL COSTA,109,PPML-FE + Caged corte agosto,99.51866514804405
2025,1019831,EDI PROFESSORA MARIA MESQUITA DE SIQUEIRA,218,PPML-FE + Caged corte agosto,213.4280565209753
2025,102601,CM SEMPRE VIDA SANTO ANTÔNIO DE PÁDUA,142,PPML-FE + Caged corte agosto,127.72917356111626
2025,102602,CM ANA MARIA DA CRUZ SILVA,249,PPML-FE + Caged corte agosto,238.64178662939244
2025,102604,CM ARCO-ÍRIS,292,PPML-FE + Caged corte agosto,260.8012473081971
2025,102605,CM ALDEIA DOS CURUMINS,281,PPML-FE + Caged corte agosto,269.5126336430236
2025,102606,CM GEORGE SAVALLA GOMES - PALHAÇO CAREQUINHA,279,PPML-FE + Caged corte agosto,252.85421951830978
2025,1026601,CM SONHO DE CRIANÇA,248,PPML-FE + Caged corte agosto,237.72487987239296
2025,1026602,CM NOSSA SENHORA DA GLÓRIA,118,PPML-FE + Caged corte agosto,134.60108263082142
2025,1026603,CM SEMPRE VIDA COLÔNIA DOS PESCADORES,116,PPML-FE + Caged corte agosto,130.47786856405617
2025,1026604,CM JOSEPHA FERREIRA DA COSTA,319,PPML-FE + Caged corte agosto,263.5521870916918
2025,1026801,EDI SAMIRA PIRES RIBEIRO,36,PPML-FE + Caged corte agosto,116.12468468979424
2025,1026802,EDI PROFESSOR MARCOS FLAMÍNIO PORTUGAL PINTO,387,PPML-FE + Caged corte agosto,364.4325858911566
2025,1026803,EDI PADRE CARLOS HENRIQUE DE SOUZA,99,PPML-FE + Caged corte agosto,109.25455933196776
2025,1026805,EDI MEDALHISTA OLÍMPICO IZAQUIAS QUEIROZ DOS SANTOS,330,PPML-FE + Caged corte agosto,301.7618348765412
2025,1026806,EDI MEDALHISTA OLÍMPICO FELIPE ALMEIDA WU,253,PPML-FE + Caged corte agosto,242.0038041269687
2025,1026807,EDI ALFREDO FERNANDO VAZ GUIMARÃES JÚNIOR,379,PPML-FE + Caged corte agosto,321.4793776760537
2025,1026809,EDI MEDALHISTA PARALÍMPICO RICARDO COSTA DE OLIVEIRA,238,PPML-FE + Caged corte agosto,207.01045412287627
2025,1026810,EDI ALCEBÍADES FRANCISCO ROSA,331,PPML-FE + Caged corte agosto,330.34489026358267
2025,1026811,EDI GERMANO THOMÉ DE OLIVEIRA,43,PPML-FE + Caged corte agosto,159.19134048639617
2025,102802,EDI CAMPOS SALLES,31,PPML-FE + Caged corte agosto,46.26435766529966
2025,102803,EDI RACHEL DE QUEIROZ,53,PPML-FE + Caged corte agosto,62.87227217352568
2025,103601,CM ESPAÇO LIVRE DA CRIANÇA,51,PPML-FE + Caged corte agosto,39.87132290543291
2025,103602,CM DIREITOS HUMANOS,87,PPML-FE + Caged corte agosto,68.5136031177697
2025,103604,CM SONHO INFANTIL,107,PPML-FE + Caged corte agosto,84.37723097141604
2025,103605,CM BRINCADEIRAS DE CRIANÇA,123,PPML-FE + Caged corte agosto,117.34611893141768
2025,103606,CM CAMPOS DA PAZ,102,PPML-FE + Caged corte agosto,116.43004111666194
2025,103607,CM ESTÁCIO DE SÁ,227,PPML-FE + Caged corte agosto,223.20761774821884
2025,103801,EDI PROFESSORA SIMONE SOUSA PIMENTEL,134,PPML-FE + Caged corte agosto,116.43004111666184
2025,103802,EDI LILY MARINHO,175,PPML-FE + Caged corte agosto,177.06450735555057
2025,103804,EDI ZÉLIA GATTAI AMADO,73,PPML-FE + Caged corte agosto,59.671160554697614
2025,103805,EDI BEATRIZ VICÊNCIA BANDEIRA RYFF,86,PPML-FE + Caged corte agosto,113.07120060196615
2025,103806,EDI FUNDAÇÃO LEÃO XIII,19,PPML-FE + Caged corte agosto,11.678082828360012
2025,103807,EDI MARIA LUIZA NOBRE - TIA LUIZINHA,232,PPML-FE + Caged corte agosto,192.49520556408564
2025,107601,CM ADALBERTO ISMAEL DE SOUZA,67,PPML-FE + Caged corte agosto,50.07169711657408
2025,107602,CM DEPUTADO LUIZ EDUARDO DE MAGALHÃES,188,PPML-FE + Caged corte agosto,160.56611347179333
2025,107603,CM VOVÓ LUCÍOLA,130,PPML-FE + Caged corte agosto,108.64391977783997
2025,107604,CM HOMERO JOSÉ DOS SANTOS,174,PPML-FE + Caged corte agosto,151.85948614288517
2025,107605,CM EDUARDO MOREIRA DOS SANTOS,152,PPML-FE + Caged corte agosto,131.85225085461255
2025,107606,CM FRANCISCO ALVES,154,PPML-FE + Caged corte agosto,113.9872303035392
2025,107607,CM NAÇÃO MANGUEIRENSE,175,PPML-FE + Caged corte agosto,172.63419097619547
2025,107608,CM SAMORA MACHEL,138,PPML-FE + Caged corte agosto,95.97474771467253
2025,107609,CM VASQUINHO,239,PPML-FE + Caged corte agosto,191.12013534369459
2025,107610,CM ARARA AZUL,335,PPML-FE + Caged corte agosto,259.73144360696483
2025,107801,EDI PROFESSORA DAYSE MALAGOLE,48,PPML-FE + Caged corte agosto,55.09919616048226
2025,107802,EDI MORRO DOS TELÉGRAFOS,16,PPML-FE + Caged corte agosto,19.97836842198753
2025,107803,EDI DOIS DE JULHO,45,PPML-FE + Caged corte agosto,33.9397103934102
2025,11001,CP CRECHE COMUNITÁRIA ALEGRIA DA CRIANÇA,118,PPML-FE + Caged corte agosto,118.04260253494644
2025,11003,CP AMIG - ASSOCIAÇÃO DOS MORADORES DA ILHA DO GOVERNADOR,215,PPML-FE + Caged corte agosto,163.0162568307198
2025,11004,CP CENTRO DE ATIVIDADES EDUCACIONAIS E CULTURAIS ARCA DE NOÉ - CAECAN,237,PPML-FE + Caged corte agosto,188.75249059216702
2025,11006,CP CRECHE CASULO DO DENDÊ,391,PPML-FE + Caged corte agosto,297.5765141848272
2025,11007,CP CRECHE ESFERA KIDS,135,PPML-FE + Caged corte agosto,120.89477090515705
2025,11008,CP FILIAL BANCÁRIOS - RJ,213,PPML-FE + Caged corte agosto,175.16687195793614
2025,11009,CP CRECHE COMUNITÁRIA IRMÃ MOROCHA (CCIM),147,PPML-FE + Caged corte agosto,121.60789830308798
2025,11010,CP CHALÉ SEMENTINHA (ILHA DO GOVERNADOR),54,PPML-FE + Caged corte agosto,153.72821486470775
2025,1120201,CIEP OLGA BENÁRIO PRESTES,34,PPML-FE + Caged corte agosto,26.193059995908275
2025,1120601,CM STELLA MARIS,289,PPML-FE + Caged corte agosto,230.5425524264422
2025,1120602,CM CORA CORALINA,274,PPML-FE + Caged corte agosto,266.1503176758894
2025,1120603,CM DOUTOR ANTÔNIO MONTEIRO,294,PPML-FE + Caged corte agosto,228.8616108307891
2025,1120604,CM MARIA ARMINDA F. SOUZA AGUIAR,194,PPML-FE + Caged corte agosto,205.9408728009183
2025,1120605,CM SEMPRE VIDA LORETO,264,PPML-FE + Caged corte agosto,205.4824825171778
2025,1120606,CM TAUÁ,364,PPML-FE + Caged corte agosto,278.8355855030271
2025,1120801,EDI JOSÉ DE SOUZA RAMOS,135,PPML-FE + Caged corte agosto,134.90651379285185
2025,1120802,EDI NEUSA MARIA GOULART BRIZOLA,197,PPML-FE + Caged corte agosto,203.8017270203766
2025,1120804,EDI PROFESSORA ANNA MARIA JESUS CONCEICAO,178,PPML-FE + Caged corte agosto,199.3707126684195
2025,121001,EM JOAQUIM MANUEL DE MACEDO,56,PPML-FE + Caged corte agosto,26.648331327135978
2025,123601,CM JOSÉ MARINHO DE OLIVEIRA,130,PPML-FE + Caged corte agosto,84.9875374631898
2025,123603,CM FALLET,92,PPML-FE + Caged corte agosto,71.56357262165486
2025,123801,EDI HELOÍSA MARINHO,14,PPML-FE + Caged corte agosto,15.745271327448904
2025,2001,CP CRECHE ESPAÇO SEMENTE,62,PPML-FE + Caged corte agosto,60.46740552908361
2025,2002,CP EDUCANDÁRIO CASA DE JACIRA,38,PPML-FE + Caged corte agosto,26.758015646824138
2025,2003,CP CENTRO COMUNITÁRIO DA RUA UM UNIÃO FAZ A FORÇA,135,PPML-FE + Caged corte agosto,37.919368280128076
2025,2004,CP AÇÃO SOCIAL PADRE ANCHIETA - ASPA,293,PPML-FE + Caged corte agosto,280.3816979356943
2025,2005,CP ESCOLA COMUNITÁRIA DO CANTAGALO,61,PPML-FE + Caged corte agosto,70.38327492712402
2025,2006,CP CRECHE PRÉ-ESCOLA COMUNITÁRIA DOIS IRMÃOS,73,PPML-FE + Caged corte agosto,68.9654105547262
2025,2009,CP ABRIGO TERESA DE JESUS,137,PPML-FE + Caged corte agosto,125.17402771809944
2025,2010,CP CRECHE PATINHO FELIZ,141,PPML-FE + Caged corte agosto,172.30745773594154
2025,2011,CP SOCIEDADE CIVIL DE ASSISTÊNCIA A MENORES - CASA DA DINDA,80,PPML-FE + Caged corte agosto,103.0786936192326
2025,2012,CP GRUPO COMUNITÁRIO CRECHE ESCOLA TIA MAURA,107,PPML-FE + Caged corte agosto,78.18813939963441
2025,2013,CP CENTRO DE EDUCAÇÃO INFANTIL CRISTO REDENTOR,57,PPML-FE + Caged corte agosto,54.81234895533293
2025,2014,CP CRUZADA PELA INFÂNCIA DO LEME,114,PPML-FE + Caged corte agosto,83.87058384257932
2025,2015,CP CRECHE SANT ANNA,127,PPML-FE + Caged corte agosto,109.4896061571296
2025,2016,CP CASA MATERNAL MELLO MATTOS,184,PPML-FE + Caged corte agosto,149.44259701729894
2025,2018,CP FUNDAÇÃO CASA SANTA IGNEZ,84,PPML-FE + Caged corte agosto,91.69109240610447
2025,2019,CP UNIDAS - OBRAS SOCIAIS UNIDAS DE SANTA MARTA,45,PPML-FE + Caged corte agosto,46.34971197296084
2025,2020,CP CASA ESPÍRITA CRISTÃ MARIA DE NAZARÉ,104,PPML-FE + Caged corte agosto,107.35224632979866
2025,2022,CP CRECHE CHAPEUZINHO MARROM,49,PPML-FE + Caged corte agosto,49.16754411075377
2025,2024,CP CRECHE ESCADINHA DO SABER,11,PPML-FE + Caged corte agosto,14.423157139379912
2025,2025,CP CRECHE BEZERRA DE MENEZES - BOTAFOGO,238,PPML-FE + Caged corte agosto,273.21824749505254
2025,2026,CP CRECHE MONSENHOR FRANCA,63,PPML-FE + Caged corte agosto,63.29819909012276
2025,2028,CP OBRAS SOCIAIS PADRE ALEIXO,155,PPML-FE + Caged corte agosto,128.74094447453584
2025,2029,CP CASA DA CRIANÇA,416,PPML-FE + Caged corte agosto,364.2342841575229
2025,2031,CP CENTRO COMUNITÁRIO ALEGRIA DAS CRIANÇAS,86,PPML-FE + Caged corte agosto,56.2252309908849
2025,2032,CP PATRONATO OPERÁRIO DA GÁVEA,71,PPML-FE + Caged corte agosto,52.694231917745824
2025,2034,CP CENTRO SOCIAL DA MULHER UÊGA,76,PPML-FE + Caged corte agosto,67.5479533434633
2025,2035,CP CENTRO SOCIAL E AÍ COMO É QUE FICA ?,82,PPML-FE + Caged corte agosto,72.51080035623357
2025,2036,CP CRECHE BERÇÁRIO MARIA HELENA DA ROCINHA,177,PPML-FE + Caged corte agosto,150.8710498067419
2025,2037,CP CRECHE COMUNITÁRIA CANTINHO DA NATUREZA,176,PPML-FE + Caged corte agosto,156.58571538336295
2025,2038,CP CRECHE CHÁCARA DO CÉU,45,PPML-FE + Caged corte agosto,65.42256820755514
2025,2039,CP CRECHE ESCOLA MENINOS DE LUZ,268,PPML-FE + Caged corte agosto,239.55963260938583
2025,2040,CP CRECHE MARIA MARIA,123,PPML-FE + Caged corte agosto,92.4024157601087
2025,2041,CP CRECHE E PRÉ-ESCOLA COMUNITÁRIA DO 199 PINGO DE GENTE,80,PPML-FE + Caged corte agosto,30.929696966822313
2025,2042,CP CRECHE SANTA CLARA,133,PPML-FE + Caged corte agosto,106.63987759564995
2025,2043,CP CRECHE SANTA MÔNICA,124,PPML-FE + Caged corte agosto,138.73215040466883
2025,2044,CP CRECHE SÃO COSME E SÃO DAMIÃO,89,PPML-FE + Caged corte agosto,74.63915637705718
2025,2045,CP CREI - CENTRO DE RECUPERAÇÃO INFANTIL,63,PPML-FE + Caged corte agosto,39.32163703915959
2025,2046,CP ESPAÇO SANTA TEREZINHA - EST,207,PPML-FE + Caged corte agosto,203.0585847857638
2025,204601,CM TIA AMÁLIA,58,PPML-FE + Caged corte agosto,66.37886682090615
2025,204602,CM ARACY GUIMARÃES ROSA,587,PPML-FE + Caged corte agosto,377.12041851354667
2025,2047,CP GRUPO COMUNITÁRIO MORRO DA ALEGRIA,66,PPML-FE + Caged corte agosto,64.71432906447394
2025,2048,CP LAR CANTINHO FELIZ,212,PPML-FE + Caged corte agosto,230.96882902047653
2025,204804,EDI PROFESSORA SARITA KONDER,30,PPML-FE + Caged corte agosto,70.19103776519191
2025,204805,EDI CLAUDIO CAVALCANTI,188,PPML-FE + Caged corte agosto,149.56837878713634
2025,204806,EDI IRMA MARGARITA ALARCON,133,PPML-FE + Caged corte agosto,154.30338604346113
2025,2049,CP OBRA DO BERÇO,285,PPML-FE + Caged corte agosto,238.84368324411906
2025,2052,CP CRECHE CASA SANTA MARTA,137,PPML-FE + Caged corte agosto,127.31408609392257
2025,2053,CP CRECHE ESPERANÇA,184,PPML-FE + Caged corte agosto,173.02228655102172
2025,2054,CP UNIÃO DE MULHERES PRO-MELHORAMENTO DA ROUPA SUJA,78,PPML-FE + Caged corte agosto,72.51080035623357
2025,2055,CP CRECHE CASA DO POBRE DE NOSSA SENHORA DE COPACABANA,136,PPML-FE + Caged corte agosto,83.16002287611836
2025,2056,CP CRECHE SANTA CLARA DE ASSIS NA PROVIDÊNCIA DE DEUS,70,PPML-FE + Caged corte agosto,74.63915637705718
2025,205601,CM IRMÃS BAPTISTA,425,PPML-FE + Caged corte agosto,356.3308475632041
2025,205602,CM TIA SONIA CRISPINIANO,181,PPML-FE + Caged corte agosto,164.84328116765002
2025,2057,CP CENTRO EDUCACIONAL ESPERANÇA,37,PPML-FE + Caged corte agosto,26.758015646824138
2025,2058,CP NASCEER - NÚCLEO DE ASSIST. SOCIAL CULTURAL EDUC. ECOLÓGICO DA ROCINHA,82,PPML-FE + Caged corte agosto,50.577664838306994
2025,205801,EDI DONA MARCELA,90,PPML-FE + Caged corte agosto,112.91853030311115
2025,2060,CP ASSOCIAÇÃO CENTRO EDUCACIONAL REBRAL - ROCINHA,138,PPML-FE + Caged corte agosto,62.5903133543066
2025,2061,CP CRECHE INSTITUTO MACINTYRE,60,PPML-FE + Caged corte agosto,63.2981990901227
2025,2062,CP CENTRO EDUCACIONAL ROUPA FELIZ,13,PPML-FE + Caged corte agosto,22.609404829265237
2025,2063,CP CRECHE ANJOS DO BEM,66,PPML-FE + Caged corte agosto,59.052786971221956
2025,206601,CM DOUTOR SOBRAL PINTO,74,PPML-FE + Caged corte agosto,71.56357262165486
2025,206602,CM VIDIGAL,139,PPML-FE + Caged corte agosto,123.30092451464438
2025,206603,CM JACÓ INÁCIO GOMES,88,PPML-FE + Caged corte agosto,143.0008129956527
2025,206605,CM DOUTOR PEDRO BLOCH,121,PPML-FE + Caged corte agosto,151.70674416649737
2025,206606,CM ELZA MACHADO DOS SANTOS - TIA ELZA,196,PPML-FE + Caged corte agosto,168.81506223813537
2025,208601,CM CASA BRANCA - PROFESSOR PAULO FREIRE,82,PPML-FE + Caged corte agosto,78.42733645968491
2025,208603,CM RAÍZES DO SALGUEIRO,85,PPML-FE + Caged corte agosto,59.06149072038602
2025,208604,CM TIA BELA,89,PPML-FE + Caged corte agosto,101.16414075016921
2025,208605,CM TIA MARIA,30,PPML-FE + Caged corte agosto,48.70090690703075
2025,208606,CM DOUTOR RONALDO LUIZ GAZOLLA,48,PPML-FE + Caged corte agosto,74.91897317718829
2025,208607,CM DOS SONHOS,57,PPML-FE + Caged corte agosto,64.85418564040437
2025,208608,CM DOUTOR SÉRGIO AROUCA,181,PPML-FE + Caged corte agosto,158.5803352248018
2025,208801,EDI IGOR MORAES DA SILVA,70,PPML-FE + Caged corte agosto,71.25855818230258
2025,208803,EDI BOREL,58,PPML-FE + Caged corte agosto,75.77918871785346
2025,209601,CM PIPA NO CÉU,101,PPML-FE + Caged corte agosto,104.98022273433698
2025,209602,CM CANTINHO DO CÉU,152,PPML-FE + Caged corte agosto,116.73539897083707
2025,209603,CM GALDINO MANOEL DA SILVA,46,PPML-FE + Caged corte agosto,40.17564462647478
2025,209604,CM NOVA DIVINÉIA,56,PPML-FE + Caged corte agosto,58.29943452167148
2025,209605,CM SÃO SEBASTIÃO - ARRELIA,75,PPML-FE + Caged corte agosto,64.70172373383987
2025,209606,CM WINNIE MANDELA,55,PPML-FE + Caged corte agosto,61.65273465417343
2025,209607,CM SOLANGE MARIA MAGALHÃES,71,PPML-FE + Caged corte agosto,94.44856824467384
2025,209608,CM GERMINAL DA VILA,124,PPML-FE + Caged corte agosto,107.8806295610192
2025,209609,CM PAPA JOÃO PAULO II,146,PPML-FE + Caged corte agosto,131.3941208953903
2025,209610,CM FRANCISCO DE PAULA,92,PPML-FE + Caged corte agosto,105.13287185213338
2025,209803,EDI PROFESSORA SUELY DE PINHO CAVALCANTE,34,PPML-FE + Caged corte agosto,85.90301720501931
2025,209804,EDI PROFESSORA LUCIA MARIA QUITETE DE CARVALHO AMARAL,15,PPML-FE + Caged corte agosto,34.85190408565682
2025,227601,CM CASTELINHO,44,PPML-FE + Caged corte agosto,126.04946256074332
2025,227602,CM IACYRA FRAZÃO,15,PPML-FE + Caged corte agosto,27.862677312523505
2025,227801,EDI PROFESSORA EDIR CASEIRO RIBEIRO,347,PPML-FE + Caged corte agosto,247.9638420714072
2025,3001,CP ASSOCIAÇÃO PRESBITERIANA CUIDANDO DO AMANHÃ - APCA,161,PPML-FE + Caged corte agosto,143.01568197933804
2025,3002,CP ABRIGO MARIA IMACULADA,249,PPML-FE + Caged corte agosto,223.095106252521
2025,3003,CP CASA SÃO ROQUE,158,PPML-FE + Caged corte agosto,158.7290536622462
2025,3004,CP CENTRO COMUNITÁRIO NOSSA SENHORA APARECIDA - CRECHE,85,PPML-FE + Caged corte agosto,93.11379641371923
2025,3005,CP COLÉGIO RUTH SANT ANNA / JARDIM DE INFÂNCIA CIRANDA CIRANDINHA,94,PPML-FE + Caged corte agosto,123.74747896646495
2025,3006,CP CRECHE CASA VIVA,421,PPML-FE + Caged corte agosto,369.25302948036216
2025,3007,CP CRECHE CHAMEGUINHO,85,PPML-FE + Caged corte agosto,83.16002287611836
2025,3008,CP CRECHE COMUNITÁRIA ELIANA SATURNINO BRAGA,105,PPML-FE + Caged corte agosto,78.89818059237318
2025,3009,CP CRECHE COMUNITÁRIA JOÃO FERREIRA,46,PPML-FE + Caged corte agosto,36.51840175221185
2025,3010,CP CRECHE ESCOLA COMUNITÁRIA MÃE SOCIAL,122,PPML-FE + Caged corte agosto,113.76541945965893
2025,3011,CP CRECHE DO CENTRO PASTORAL SOCIAL PADRE JUSTINO RUSSOLILLO,44,PPML-FE + Caged corte agosto,48.46277642098684
2025,3012,CP CRECHE MÃE DO DIVINO SALVADOR,328,PPML-FE + Caged corte agosto,273.21824749505254
2025,3013,CP CRECHE DO JACAREZINHO,179,PPML-FE + Caged corte agosto,155.15692395820932
2025,3014,CP CRECHE PLANTANDO O AMANHÃ,584,PPML-FE + Caged corte agosto,509.8370729374193
2025,3015,CP CRECHE MARIETTA NAVARRO GAIO,68,PPML-FE + Caged corte agosto,81.73911363640961
2025,3016,CP CRECHE SÃO PEDRO NOLASCO,80,PPML-FE + Caged corte agosto,70.38327492712402
2025,3017,CP CRECHE TERNURINHA,43,PPML-FE + Caged corte agosto,49.16754411075377
2025,3018,CP FRATERNIDADE ASSISTENCIAL CRISTÃ,42,PPML-FE + Caged corte agosto,40.02323189918085
2025,3019,CP INSTITUTO EDUCACIONAL CRESCENDO E APRENDENDO ALGODÃO DOCE,202,PPML-FE + Caged corte agosto,193.04376880951594
2025,3020,CP LAR DA CRIANÇA JESUS BOM PASTOR,118,PPML-FE + Caged corte agosto,96.6715297789118
2025,3021,CP CRECHE COMUNITÁRIA TIA ALICE,199,PPML-FE + Caged corte agosto,190.18286194784096
2025,3022,CP INSTITUTO AVANTE ELITE DO FUTURO,257,PPML-FE + Caged corte agosto,218.80085381479694
2025,3023,CP LAR DE MARIA DOLORES,49,PPML-FE + Caged corte agosto,37.919368280128076
2025,3024,CP CASA DE LEYLÁ,191,PPML-FE + Caged corte agosto,188.03732579325808
2025,3025,CP CENTRO CULTURAL EDUCAR - UNIDADE II,486,PPML-FE + Caged corte agosto,388.6126917402464
2025,3026,CP CHALÉ SEMENTINHA,504,PPML-FE + Caged corte agosto,405.10617529134777
2025,3027,CP CENTRO CULTURAL EDUCAR - UNIDADE IV,239,PPML-FE + Caged corte agosto,225.95814233777065
2025,3028,CP ESTRELINHA DO MAR,299,PPML-FE + Caged corte agosto,255.3126303391239
2025,3029,CP CRECHE BRINCANDO COM JUNINHO,179,PPML-FE + Caged corte agosto,173.73713194947143
2025,3030,CP CRECHE TIO KITO,65,PPML-FE + Caged corte agosto,78.18813939963441
2025,3031,CP ESCOLA COMUNITÁRIA JARDIM ARCO-ÍRIS - UNIDADE I,110,PPML-FE + Caged corte agosto,109.4896061571296
2025,3032,CP NÚCLEO RECREATIVO RAIOZINHO DE SOL,188,PPML-FE + Caged corte agosto,167.30413206563725
2025,3033,CP INSTITUTO EDUCACIONAL T & P CONQUISTA,270,PPML-FE + Caged corte agosto,222.37937210416848
2025,3034,CP CRECHE RISCO E RABISCO,129,PPML-FE + Caged corte agosto,108.77711115803825
2025,3035,CP CENTRO EDUCACIONAL SÃO VICENTE DE PAULO,76,PPML-FE + Caged corte agosto,91.69109240610447
2025,3036,CP CENTRO CULTURAL EVOLUIR,178,PPML-FE + Caged corte agosto,150.1568124309568
2025,3037,CP CRECHE FRUTOS DO AMANHÃ I,447,PPML-FE + Caged corte agosto,448.13995896338133
2025,3038,CP CRECHE FRUTOS DO AMANHÃ II,210,PPML-FE + Caged corte agosto,205.20493278392672
2025,3039,CP CRECHE COMUNITÁRIA CÉU AZUL,101,PPML-FE + Caged corte agosto,66.13092019120486
2025,3040,CP ASSOCIAÇÃO CRESCENCIO UNIDADE II,100,PPML-FE + Caged corte agosto,123.74747896646495
2025,3041,CP CENTRO DE DESENVOLVIMENTO INFANTIL ESPELHO D'AGUA,124,PPML-FE + Caged corte agosto,93.82523350826375
2025,312502,CIEP PROCÓPIO FERREIRA,143,PPML-FE + Caged corte agosto,131.54683060231332
2025,312601,CM CANTINHO FELIZ,228,PPML-FE + Caged corte agosto,228.2503621106856
2025,312602,CM ENGENHO DA RAINHA,244,PPML-FE + Caged corte agosto,183.93939135690653
2025,312603,CM RENASCER,248,PPML-FE + Caged corte agosto,200.74584428584066
2025,312801,EDI HENRIQUE FORÉIS,186,PPML-FE + Caged corte agosto,171.87035695305931
2025,312802,EDI LUCIA MARIA BATISTA DE ALBUQUERQUE,76,PPML-FE + Caged corte agosto,104.06433728402268
2025,312803,EDI PROFESSORA LUIZA HELENA MAIA MEDEIROS,70,PPML-FE + Caged corte agosto,84.22465603749481
2025,312804,EDI PROFESSORA TÂNIA MARTINS NOVO LENZ,129,PPML-FE + Caged corte agosto,141.16808041651873
2025,312805,EDI TANIA CRISTINA MOREIRA,273,PPML-FE + Caged corte agosto,232.376319481765
2025,312806,EDI PROFESSORA ELIANE MONTE CHIARI DANTAS,189,PPML-FE + Caged corte agosto,194.9398009130038
2025,312809,EDI PROFESSORA VALÉRIA PEREIRA DE SOUZA PINTO,161,PPML-FE + Caged corte agosto,184.70328567058954
2025,312810,EDI MARIA MAZZETTI,55,PPML-FE + Caged corte agosto,68.20862817200516
2025,312812,EDI HERMENEGILDO DE BARROS,152,PPML-FE + Caged corte agosto,124.82787765317353
2025,312813,EDI JORNALISTA JORGE BASTOS MORENO,217,PPML-FE + Caged corte agosto,245.84017124251676
2025,313601,CM VILA DOS MINEIROS,102,PPML-FE + Caged corte agosto,117.65148102312128
2025,313602,CM ACONCHEGO,76,PPML-FE + Caged corte agosto,98.41674330542719
2025,313603,CM SYLVIA ORTHOF,147,PPML-FE + Caged corte agosto,139.18265963415413
2025,313604,CM NOSSO CANTINHO,111,PPML-FE + Caged corte agosto,125.89676337352986
2025,313606,CM CANTINHO DO QUETO,73,PPML-FE + Caged corte agosto,101.01150346649771
2025,313607,CM ODETINHA VIDAL DE OLIVEIRA,133,PPML-FE + Caged corte agosto,179.35610173987178
2025,313608,CM RACHEL LEITE DIAS,322,PPML-FE + Caged corte agosto,300.6919150666431
2025,313609,CM RECANTO DA CACHOEIRA,128,PPML-FE + Caged corte agosto,121.31593313714019
2025,313610,CM EMMANUEL,134,PPML-FE + Caged corte agosto,154.6088772268662
2025,313611,CM JOSÉ RAMOS JANUÁRIO - ZÉ PRETINHO,133,PPML-FE + Caged corte agosto,185.61996353271377
2025,313612,CM MARCILIA CATARINA DA COSTA ORGÉLIO - TIA MANA,218,PPML-FE + Caged corte agosto,229.47286103239728
2025,313801,EDI PROF. JOSÉ LIBONATI FILHO,101,PPML-FE + Caged corte agosto,100.24832418213701
2025,313802,EDI ANÍSIO TEIXEIRA,316,PPML-FE + Caged corte agosto,304.3602223934814
2025,313804,EDI GEORGE BERNANOS,84,PPML-FE + Caged corte agosto,103.91169126374174
2025,313805,EDI MAURÍCIO CARDOSO,160,PPML-FE + Caged corte agosto,159.03858888335662
2025,313806,EDI EDUCANDÁRIO DE SANTA CRUZ,28,PPML-FE + Caged corte agosto,76.44429506290263
2025,313809,EDI ESCULTORA LYGIA CLARK,123,PPML-FE + Caged corte agosto,99.63778940234566
2025,328601,CM GERALDA DE JESUS ALEIXO,105,PPML-FE + Caged corte agosto,107.42266040700113
2025,328602,CM TIA ANDREZA,214,PPML-FE + Caged corte agosto,219.08181464171562
2025,328604,CM DA COMUNIDADE DO JACAREZINHO,201,PPML-FE + Caged corte agosto,198.14838174239728
2025,328801,EDI PADRE NELSON CARLOS DEL MÔNACO,288,PPML-FE + Caged corte agosto,254.99378426357248
2025,329801,EDI DONA LINDU,323,PPML-FE + Caged corte agosto,260.4955887499543
2025,330601,CM JOSÉ DE VIEIRA DA SILVA,220,PPML-FE + Caged corte agosto,177.67559582760393
2025,330602,CM NOVA BRASÍLIA,258,PPML-FE + Caged corte agosto,241.54534480996972
2025,4001,CP CENTRO EDUCACIONAL APRENDIZ DA MARÉ,178,PPML-FE + Caged corte agosto,178.02654514169424
2025,4002,CP INSTITUTO EDUCACIONAL LUIZ ANTONIO - IELA,114,PPML-FE + Caged corte agosto,125.17402771809944
2025,4003,CP ASSOCIAÇÃO CIVIL CENTRO EDUCACIONAL COMUNITÁRIO ESTAÇÃO DO SABER,100,PPML-FE + Caged corte agosto,113.76541945965873
2025,4004,CP CRECHE DO CENTRO COMUNITÁRIO DA VILA PROLETÁRIA DA PENHA,108,PPML-FE + Caged corte agosto,85.2919126224625
2025,4005,CP CASA DE JOEL,193,PPML-FE + Caged corte agosto,158.01458765831595
2025,4006,CP COMUNIDADE INSTITUCIONAL ADULÃO TEMPO FELIZ,92,PPML-FE + Caged corte agosto,81.02876779138485
2025,4007,CP CRECHE CASULO BOM JESUS DA PENHA,80,PPML-FE + Caged corte agosto,101.65453911681016
2025,4008,CP CRECHE COMUNITÁRIA CASULO DO PARQUE PROLETÁRIO DA PENHA,65,PPML-FE + Caged corte agosto,41.427291679706016
2025,4009,CP CRECHE COMUNITÁRIA DE MANGUINHOS,59,PPML-FE + Caged corte agosto,55.518712240134995
2025,4010,CP CRECHE COMUNITÁRIA SAGRADO CORAÇÃO DE MARIA,114,PPML-FE + Caged corte agosto,83.87058384257925
2025,4011,CP CRECHE E PRÉ-ESCOLA NOVA JERUSALÉM,71,PPML-FE + Caged corte agosto,78.18813939963441
2025,4012,CP CRECHE ESCOLA MIMI I,200,PPML-FE + Caged corte agosto,205.20493278392672
2025,4013,CP RECANTO DA CRIANÇA FELIZ,87,PPML-FE + Caged corte agosto,79.6082999582602
2025,4014,CP CRECHE SAGRADO CORAÇÃO DE MARIA E SANTO ANTÔNIO,109,PPML-FE + Caged corte agosto,70.38327492712402
2025,4015,CP ESPAÇO DE EDUCAÇÃO INFANTIL VILA DO JOÃO,325,PPML-FE + Caged corte agosto,171.59264564094295
2025,4016,CP CRECHE LAR IRMÃO FRANCISCO,182,PPML-FE + Caged corte agosto,120.18167722935054
2025,4017,CP ASSOCIAÇÃO CENTRO EDUCACIONAL REBRAL I,144,PPML-FE + Caged corte agosto,143.01568197933804
2025,4018,CP SOCIEDADE DE ENSINO TEREZA CRISTINA,149,PPML-FE + Caged corte agosto,136.5907279782115
2025,4020,CP CENTRO CULTURAL EDUCAR,77,PPML-FE + Caged corte agosto,89.55747502720811
2025,4021,CP ASSOCIAÇÃO CENTRO EDUCACIONAL REBRAL II,184,PPML-FE + Caged corte agosto,159.44353934078438
2025,4022,CP CRECHE VALE DO SOL NO GROTÃO,306,PPML-FE + Caged corte agosto,234.54817250566825
2025,4023,CP CENTRO CULTURAL EDUCAR - UNIDADE III,106,PPML-FE + Caged corte agosto,153.01389166658342
2025,4024,CP CRECHE VALE DO SOL,358,PPML-FE + Caged corte agosto,330.5420546790643
2025,4025,CP CRECHE E PRÉ-ESCOLA NOVA JERUSALÉM NO CORDOVIL,189,PPML-FE + Caged corte agosto,187.3221750539338
2025,4026,CP CRECHE ESCOLA PATINHO ESTUDIOSO,40,PPML-FE + Caged corte agosto,41.427291679706016
2025,4027,CP ASSOCIAÇÃO CENTRO EDUCACIONAL REBRAL IV,392,PPML-FE + Caged corte agosto,331.9755739620937
2025,4028,CP CRECHE TIA NANE I,92,PPML-FE + Caged corte agosto,91.69109240610447
2025,4029,CP SOLZINHO,290,PPML-FE + Caged corte agosto,256.74491198974755
2025,4030,CP CRECHE VALE DO SOL II,327,PPML-FE + Caged corte agosto,250.2998880536338
2025,4032,CP ASSOCIAÇÃO CENTRO EDUCACIONAL REBRAL V,377,PPML-FE + Caged corte agosto,350.6129230724482
2025,4034,CP CASA DE JOEL II,341,PPML-FE + Caged corte agosto,316.9245583727741
2025,4035,CP INSTITUTO DE EDUCAÇÃO EUCLIDES DOS SANTOS,178,PPML-FE + Caged corte agosto,193.0437688095161
2025,4036,CP CRECHE GIZ COLORIDO,93,PPML-FE + Caged corte agosto,118.75559263713694
2025,4037,CP CRECHE ESCOLA MIMI II,92,PPML-FE + Caged corte agosto,78.18813939963441
2025,4038,CP ASSOCIAÇÃO CENTRO EDUCACIONAL REBRAL VIII,227,PPML-FE + Caged corte agosto,232.40053877584157
2025,4039,CP ASSOCIAÇÃO CENTRO EDUCACIONAL REBRAL IX,89,PPML-FE + Caged corte agosto,74.63915637705712
2025,4040,CP ASSOCIAÇÃO CENTRO EDUCACIONAL REBRAL X,503,PPML-FE + Caged corte agosto,223.095106252521
2025,4041,CP CRECHE ESCOLA OTACÍLIO BATISTA,105,PPML-FE + Caged corte agosto,76.76829717054085
2025,4042,CP CENTRO CULTURAL PEDACINHO DO CÉU,167,PPML-FE + Caged corte agosto,163.01625683071998
2025,4043,CP ASSOCIAÇÃO COMUNITÁRIA EDUCACIONAL FLORESCER,104,PPML-FE + Caged corte agosto,95.95987513380761
2025,4044,CP CRECHE HOUSE BABY - BONSUCESSO,186,PPML-FE + Caged corte agosto,172.30745773594154
2025,4045,CP CRECHE CRIANÇA FELIZ EM LUCAS,112,PPML-FE + Caged corte agosto,111.62733514231729
2025,4046,CP CRECHE TIA NANE III,84,PPML-FE + Caged corte agosto,88.84638986102692
2025,4047,CP CRECHE VALE DO SOL III,305,PPML-FE + Caged corte agosto,254.5965009788852
2025,4048,CP INSTITUTO DE EDUCAÇÃO EUCLIDES DOS SANTOS II,117,PPML-FE + Caged corte agosto,156.58571538336295
2025,4049,CP INSTITUTO JOSEFA LAURENTINO,91,PPML-FE + Caged corte agosto,163.73085697512494
2025,4050,CP CENTRO EDUCACIONAL CARIOQUINHA,112,PPML-FE + Caged corte agosto,115.19099992965666
2025,410601,CM MANGUINHOS,62,PPML-FE + Caged corte agosto,78.73243168766729
2025,410602,CM DR. JUVENIL DE SOUZA LOPES,27,PPML-FE + Caged corte agosto,85.9030172050194
2025,410603,CM CHICO BENTO,143,PPML-FE + Caged corte agosto,237.11361041613378
2025,410801,EDI DOUTOR DOMINGOS ARTHUR MACHADO FILHO,452,PPML-FE + Caged corte agosto,280.2111230321853
2025,410802,EDI DOUTOR ANTÔNIO FERNANDES FIGUEIRA,187,PPML-FE + Caged corte agosto,113.37654233349986
2025,410803,EDI JOAQUIM VENÂNCIO,68,PPML-FE + Caged corte agosto,58.29943452167143
2025,410804,EDI SARGENTO JORGE FALEIRO SOUZA,22,PPML-FE + Caged corte agosto,40.47997821429897
2025,410805,EDI COMPOSITOR NEOCI DIAS DE ANDRADE,150,PPML-FE + Caged corte agosto,148.1937376604638
2025,410807,EDI PROFESSORA TANIA DA ROCHA CORREA,132,PPML-FE + Caged corte agosto,163.6212186680865
2025,410808,EDI ALMIR LEITE RIBEIRO,158,PPML-FE + Caged corte agosto,159.4968442655561
2025,410810,EDI MIGUEL COUTO,42,PPML-FE + Caged corte agosto,97.34835413824607
2025,411601,CM CARLOS DRUMMOND DE ANDRADE,138,PPML-FE + Caged corte agosto,180.57829932714986
2025,411602,CM TEMPO DE APRENDER,94,PPML-FE + Caged corte agosto,94.60118378304287
2025,411603,CM MORRO DA PAZ,108,PPML-FE + Caged corte agosto,99.94305582456552
2025,411604,CM BETINHO,11,PPML-FE + Caged corte agosto,77.9696995082377
2025,411605,CM CARACOL,101,PPML-FE + Caged corte agosto,118.87294329714712
2025,411607,CM MARIA ALTAMIRA C. OLEGÁRIO,5,PPML-FE + Caged corte agosto,43.82838308235077
2025,411609,CM TIA RUTH COSTA DOS SANTOS,31,PPML-FE + Caged corte agosto,94.60118378304279
2025,411801,EDI MARIANA ROCHA DE SOUZA,208,PPML-FE + Caged corte agosto,252.39574328491742
2025,411802,EDI JOEL LUIZ DE AZEVEDO BASTOS,51,PPML-FE + Caged corte agosto,82.69894453600729
2025,411803,EDI MARIA DE LOURDES FERREIRA,96,PPML-FE + Caged corte agosto,137.80816222554898
2025,411804,EDI MORRO DA FÉ,4,PPML-FE + Caged corte agosto,25.13100638651933
2025,430601,CM MENINO MALUQUINHO,115,PPML-FE + Caged corte agosto,210.37203124994582
2025,430602,CM VILA PINHEIRO,377,PPML-FE + Caged corte agosto,235.43262655014294
2025,430603,CM TIO MÁRIO,439,PPML-FE + Caged corte agosto,250.10337244838732
2025,430604,CM MONTEIRO LOBATO,69,PPML-FE + Caged corte agosto,118.56757565686681
2025,430605,CM NOVA HOLANDA,73,PPML-FE + Caged corte agosto,68.81858217005355
2025,430607,CM PROFESSOR PAULO FREIRE,78,PPML-FE + Caged corte agosto,64.85418564040437
2025,430801,"EDI PESCADOR ISIDORO DUARTE - ""DORO""",176,PPML-FE + Caged corte agosto,148.95742499119476
2025,430802,EDI PROFESSORA KELITA FARIA DE PAULA,87,PPML-FE + Caged corte agosto,168.35677383715722
2025,430803,EDI PROFESSOR MOACYR DE GÓES,60,PPML-FE + Caged corte agosto,119.94174077638469
2025,430805,EDI PROFESSORA SOLANGE CONCEIÇÃO TRICARICO,178,PPML-FE + Caged corte agosto,135.97553120678992
2025,430806,EDI CLEIA SANTOS DE OLIVEIRA,74,PPML-FE + Caged corte agosto,156.2890931382227
2025,430807,EDI MARIA AMÉLIA CASTRO E SILVA BELFORT,161,PPML-FE + Caged corte agosto,138.72449156217462
2025,430809,EDI MEDALHISTA OLÍMPICO LUIZ FELIPE MARQUES FONTELES,406,PPML-FE + Caged corte agosto,234.5157307127404
2025,430810,EDI MEDALHISTA OLÍMPICO EVANDRO MOTTA MARCONDES GUERRA,402,PPML-FE + Caged corte agosto,251.78444270693586
2025,430811,EDI MEDALHISTA OLÍMPICO WILLIAM PEIXOTO ARJONA,387,PPML-FE + Caged corte agosto,259.73144360696483
2025,430812,EDI MEDALHISTA OLÍMPICO EDER FRANCIS CARBONERA,204,PPML-FE + Caged corte agosto,149.8738569857703
2025,430813,EDI ARMANDO DE SALLES OLIVEIRA,82,PPML-FE + Caged corte agosto,58.604252805302046
2025,430815,EDI PESCADOR ALBANO ROSA,340,PPML-FE + Caged corte agosto,77.20698716919647
2025,431601,CM LUÍS CARLOS DE OLIVEIRA CÂMARA,23,PPML-FE + Caged corte agosto,82.85151255258162
2025,431602,CM BARBOSA LIMA SOBRINHO,289,PPML-FE + Caged corte agosto,221.6795341082358
2025,431603,CM CHICO MENDES,104,PPML-FE + Caged corte agosto,112.91853030311125
2025,431604,CM CORAÇÃO DE GENEVE,109,PPML-FE + Caged corte agosto,110.017867880935
2025,431605,CM SEMPRE VIDA DIQUE,306,PPML-FE + Caged corte agosto,229.47286103239747
2025,431606,CM VISCONDE DE SABUGOSA,61,PPML-FE + Caged corte agosto,61.80517247565898
2025,431607,CM ACAUÃ,32,PPML-FE + Caged corte agosto,18.616489098058977
2025,431608,CM ARI PIMENTEL,8,PPML-FE + Caged corte agosto,43.3717069441
2025,431801,EDI CARVALHO MOURÃO,26,PPML-FE + Caged corte agosto,22.70489246239289
2025,431802,EDI PROFESSOR CARLOS FALSETH,158,PPML-FE + Caged corte agosto,210.21923112630816
2025,431803,EDI PROFESSOR EMMANUEL PEREIRA FILHO,31,PPML-FE + Caged corte agosto,35.00395033523405
2025,5001,CP ASSOCIAÇÃO AMIGOS DA CRIANÇA - CRECHE ROCHA MIRANDA,490,PPML-FE + Caged corte agosto,483.29099067288814
2025,5002,CP CRECHE EFFATÁ,116,PPML-FE + Caged corte agosto,100.23057454496643
2025,5003,CP CRECHE PINTINHO DOURADO,175,PPML-FE + Caged corte agosto,141.58773876280645
2025,5004,CP CRECHE CASULO SÃO RAFAEL ARCANJO,72,PPML-FE + Caged corte agosto,71.09235478982743
2025,5005,CP CRECHE APÓSTOLO SÃO PEDRO,147,PPML-FE + Caged corte agosto,139.44600960745873
2025,5006,CP CRECHE CARDEAL CÂMARA,470,PPML-FE + Caged corte agosto,402.95475682535766
2025,5007,CP CENTRO COMUNITÁRIO FLOR DO AMANHÃ,75,PPML-FE + Caged corte agosto,83.16002287611836
2025,5008,CP ASSOCIAÇÃO HOUSE BABY - VILA KOSMOS,223,PPML-FE + Caged corte agosto,187.3221750539338
2025,5009,CP ASSOCIAÇÃO CRECHE ESPERANÇA - IRAJÁ,249,PPML-FE + Caged corte agosto,277.5162396398826
2025,5010,CP ASSOCIAÇÃO CENTRO EDUCACIONAL REBRAL VII,641,PPML-FE + Caged corte agosto,379.2910554501897
2025,5012,CP ASSOCIAÇÃO CENTRO EDUCACIONAL REBRAL XI,351,PPML-FE + Caged corte agosto,329.82530189842663
2025,5013,CP CENTRO EDUCACIONAL SOMAR,281,PPML-FE + Caged corte agosto,266.77171342429415
2025,5014,CP AEMMAC - MARECHAL HERMES,407,PPML-FE + Caged corte agosto,321.2246331625935
2025,5015,CP AEMMAC - ROCHA MIRANDA,578,PPML-FE + Caged corte agosto,464.6387295844218
2025,5016,CP ASSOCIAÇÃO EDUCACIONAL E CULTURAL SÃO BERNARDO - CSB,338,PPML-FE + Caged corte agosto,316.9245583727738
2025,514009,EM MATO GROSSO,64,PPML-FE + Caged corte agosto,57.2326155132038
2025,514501,CIEP DOM OSCAR ROMERO,46,PPML-FE + Caged corte agosto,47.93942707644632
2025,514601,CM TIO SEBASTIÃO XAVIER,72,PPML-FE + Caged corte agosto,102.38525590270231
2025,514602,CM JECIÁ DE FREITAS FERREIRA,470,PPML-FE + Caged corte agosto,455.239329731624
2025,514603,CM AMÁLIA FERNANDEZ CONDE,110,PPML-FE + Caged corte agosto,171.10652703080956
2025,514604,CM ESTRELINHA DOURADA,80,PPML-FE + Caged corte agosto,131.85225085461255
2025,514605,CM O SONHO DE RAMON PASCUAL,149,PPML-FE + Caged corte agosto,171.10652703080956
2025,514606,CM ACALANTO,112,PPML-FE + Caged corte agosto,117.65148102312128
2025,514607,CM SEMENTINHA,104,PPML-FE + Caged corte agosto,165.4543167070226
2025,514608,CM JOSEPH BARBERA,158,PPML-FE + Caged corte agosto,149.8738569857703
2025,514609,CM PARQUE BOM MENINO,287,PPML-FE + Caged corte agosto,321.1736731143095
2025,514801,EDI DEPUTADO PEDRO FERNANDES,123,PPML-FE + Caged corte agosto,212.51124441279276
2025,514802,EDI LUXEMBURGO,81,PPML-FE + Caged corte agosto,58.45184295934503
2025,514803,EDI JOSÉ ALPOIM,58,PPML-FE + Caged corte agosto,52.35668838468017
2025,515015,EM PADRE DEHON,80,PPML-FE + Caged corte agosto,80.10539839900508
2025,515021,EM MOZART LAGO,71,PPML-FE + Caged corte agosto,72.63115260449048
2025,515046,EM ADELMAR TAVARES,55,PPML-FE + Caged corte agosto,44.89404731171821
2025,515053,EM SENADOR FRANCISCO GALLOTTI,34,PPML-FE + Caged corte agosto,35.00395033523405
2025,515064,EM MESTRE DARCY DO JONGO,24,PPML-FE + Caged corte agosto,19.372962105606263
2025,515501,CIEP AUGUSTO PINHEIRO DE CARVALHO,76,PPML-FE + Caged corte agosto,76.74936945189633
2025,515503,CIEP METALÚRGICO BENEDITO CERQUEIRA,47,PPML-FE + Caged corte agosto,49.31012728908861
2025,515601,CM OLGA BENÁRIO,102,PPML-FE + Caged corte agosto,112.6131908443291
2025,515602,CM SÃO MIGUEL ARCANJO,339,PPML-FE + Caged corte agosto,363.36253899439305
2025,515604,CM GERCINDA ROSA FONSECA,222,PPML-FE + Caged corte agosto,256.0635721354063
2025,515605,CM JOSÉ RAIMUNDO DE SOUZA ALVES,244,PPML-FE + Caged corte agosto,251.02031870687006
2025,515606,CM JOSUÉ DE CASTRO,153,PPML-FE + Caged corte agosto,195.85653263235756
2025,515607,CM MANÉ GARRINCHA I,299,PPML-FE + Caged corte agosto,261.41256527993846
2025,515608,CM MARIA JOSÉ DE PAULA DE JESUS,128,PPML-FE + Caged corte agosto,138.72449156217473
2025,515610,CM SEMPRE VIDA PALMEIRINHA,69,PPML-FE + Caged corte agosto,82.85151255258162
2025,515611,CM VOVÓ MARIA JOANA,169,PPML-FE + Caged corte agosto,151.40126084544855
2025,515612,CM TIA MARIA DO JONGO,150,PPML-FE + Caged corte agosto,117.95684451272768
2025,515613,CM MANOEL DA ROCHA APRISCO,189,PPML-FE + Caged corte agosto,177.98114098573748
2025,515801,EDI KARINE LORRAINE CHAGAS DE OLIVEIRA,433,PPML-FE + Caged corte agosto,338.14055113015536
2025,515802,EDI GUSTAVO LESSA,96,PPML-FE + Caged corte agosto,71.25855818230258
2025,515803,EDI PIO XII,89,PPML-FE + Caged corte agosto,83.6143631313917
2025,515804,EDI FERNÃO DIAS,85,PPML-FE + Caged corte agosto,81.7835513484992
2025,515805,EDI ROCHA POMBO,45,PPML-FE + Caged corte agosto,52.96608747199472
2025,515807,EDI BURITI CONGONHAS,102,PPML-FE + Caged corte agosto,116.2773627243476
2025,515808,EDI GUARACIARA RODRIGUES DINIZ,95,PPML-FE + Caged corte agosto,93.38027473860973
2025,515809,EDI PROFESSOR UBIRAJARA DE PAULA CASTRO,305,PPML-FE + Caged corte agosto,276.8487068985167
2025,515810,EDI PROFESSORA TEREZINHA SARDOUX HENRIQUES,195,PPML-FE + Caged corte agosto,216.33131999020455
2025,6001,CP ESCOLA PATRONATO NOSSA SENHORA DE NAZARÉ,295,PPML-FE + Caged corte agosto,240.27559066588552
2025,6002,CP CRECHE GUADALUPE,197,PPML-FE + Caged corte agosto,173.02228655102172
2025,6003,CP CRECHE NOSSO LAR,416,PPML-FE + Caged corte agosto,362.80039068109704
2025,6004,CP CENTRO COMUNITÁRIO PARQUE UNIDOS DE ACARI,91,PPML-FE + Caged corte agosto,74.63915637705718
2025,6005,CP CRECHE DON GUANELLA,132,PPML-FE + Caged corte agosto,115.9038460437692
2025,6006,CP CRECHE ESCOLA COMUNITÁRIA TIO PATINHAS,161,PPML-FE + Caged corte agosto,145.15777762015273
2025,6007,CP CRECHE ABRINDO PORTAS,131,PPML-FE + Caged corte agosto,116.61672880882908
2025,6009,CP CENTRO EDUCACIONAL NOSSA SENHORA APARECIDA,315,PPML-FE + Caged corte agosto,230.25298813248187
2025,6012,CP ASSOCIAÇÃO CRESCÊNCIO,221,PPML-FE + Caged corte agosto,199.48158067960534
2025,6013,CP CRECHE COMUNITÁRIA AQUARELA,279,PPML-FE + Caged corte agosto,215.938226116079
2025,6015,CP AEMMAC - PAVUNA,356,PPML-FE + Caged corte agosto,261.04193736429227
2025,6016,CP CRECHE NOSSO LAR II,368,PPML-FE + Caged corte agosto,313.3412994881041
2025,6017,CP CRECHE JOÃO E MARIA,271,PPML-FE + Caged corte agosto,179.4564762707097
2025,6018,CP ASSOCIAÇÃO CRECHE ESPERANÇA - COELHO NETO,181,PPML-FE + Caged corte agosto,199.4815806796055
2025,622202,CIEP GENERAL AUGUSTO CESAR SANDINO,179,PPML-FE + Caged corte agosto,150.79029674216042
2025,622601,CM JOSÉ GOULART,216,PPML-FE + Caged corte agosto,243.68482797861952
2025,622602,CM SILVIO AMANCIO,176,PPML-FE + Caged corte agosto,189.28672513107918
2025,622603,CM YARA AMARAL,239,PPML-FE + Caged corte agosto,245.06021848790982
2025,622801,EDI ERNANI CARDOSO,244,PPML-FE + Caged corte agosto,210.06643111238876
2025,622802,EDI PROFESSORA MILTOLINA DA SILVA,50,PPML-FE + Caged corte agosto,50.07169711657408
2025,622804,EDI MEDALHISTA PARALÍMPICO DANIEL MARTINS,302,PPML-FE + Caged corte agosto,285.86616271575986
2025,622805,EDI MEDALHISTA OLÍMPICO MAURÍCIO LUIZ DE SOUZA,155,PPML-FE + Caged corte agosto,216.4841243756936
2025,622810,EDI ANTÔNIO FRANCISCO LISBOA,61,PPML-FE + Caged corte agosto,56.77542924275684
2025,625601,CM OS SABIDINHOS,160,PPML-FE + Caged corte agosto,122.23207620853306
2025,625602,CM PROFESSORA JUREMA GOMES SAMPAIO DELFIM,193,PPML-FE + Caged corte agosto,123.7590071498911
2025,625603,CM DR. ALBERT SABIN,136,PPML-FE + Caged corte agosto,113.68188557004144
2025,625604,CM HERBERT DE SOUZA - BETINHO,332,PPML-FE + Caged corte agosto,288.31161065061633
2025,625605,CM LUÍS CARLOS PRESTES,253,PPML-FE + Caged corte agosto,166.21811511082245
2025,625606,CM LUÍS DE SOUZA DA COSTA BARROS,328,PPML-FE + Caged corte agosto,274.250497198525
2025,625607,CM LUIZA DE BARROS DE SÁ FREIRE,382,PPML-FE + Caged corte agosto,293.5082368238719
2025,625608,CM MAJOR CELESTINO R. DOS SANTOS,184,PPML-FE + Caged corte agosto,144.22265371233038
2025,625609,CM SÔNIA MARIA DE M. ANGEL JONES,103,PPML-FE + Caged corte agosto,104.52227801795365
2025,625610,CM ZUZU ANGEL,110,PPML-FE + Caged corte agosto,93.99072488599799
2025,625611,CM ZILKA SALABERRY,407,PPML-FE + Caged corte agosto,304.513069192053
2025,625612,CM YEDDA MARQUES LAMOUNIER DE ANDRADE MACIEL,484,PPML-FE + Caged corte agosto,381.70644082898815
2025,625614,CM SIMONE DE BEAUVOIR,291,PPML-FE + Caged corte agosto,244.14329075021803
2025,625615,CM EDNA LOTTE,408,PPML-FE + Caged corte agosto,300.3862241746397
2025,625616,CM PROFESSOR ROGÉRIO PEDRO BATISTA,97,PPML-FE + Caged corte agosto,84.83495983167988
2025,625801,EDI PROFESSORA ROSENICE ROCHA ROQUE,131,PPML-FE + Caged corte agosto,110.6285219180133
2025,625802,EDI WESLEY GUILBER RODRIGUES DE ANDRADE,325,PPML-FE + Caged corte agosto,229.62567381336066
2025,625803,EDI PROFESSORA BEATRIZ DE SOUZA MADEIRA,219,PPML-FE + Caged corte agosto,186.9949898057472
2025,625804,EDI PROFESSORA HELIA LÚCIA MORENO FERREIRA,270,PPML-FE + Caged corte agosto,213.27525423593323
2025,625807,EDI FROTA PESSOA,49,PPML-FE + Caged corte agosto,41.088680288555004
2025,625813,EDI PROFESSORA GRACÍLIA ROSA DE BELÉM MAYOR,22,PPML-FE + Caged corte agosto,114.59792422951702
2025,625814,EDI PROFESSORA ROSEANE VASCONCELOS,103,PPML-FE + Caged corte agosto,115.81932969773044
2025,625815,EDI PROFESSORA KRISTINA ROMOLO KIFFER,165,PPML-FE + Caged corte agosto,176.91173562329234
2025,625816,EDI PROFESSORA REGINA CELI RABELO DE ALMEIDA,243,PPML-FE + Caged corte agosto,189.74507587253228
2025,625817,EDI PROFESSORA DANIELE SIMÕES DE SOUZA LOPES,242,PPML-FE + Caged corte agosto,209.91363120834657
2025,625818,EDI MARIA EUGENIA CANELHAS,230,PPML-FE + Caged corte agosto,183.78661292296755
2025,625819,EDI MARIZA ALVES PIMENTA,253,PPML-FE + Caged corte agosto,216.1785157083301
2025,625820,EDI BETH CARVALHO,272,PPML-FE + Caged corte agosto,236.75730409507185
2025,7001,CP CRECHE NOVO PALMARES,219,PPML-FE + Caged corte agosto,196.62020195677593
2025,7002,CP CRECHE CANTINHO FELIZ,220,PPML-FE + Caged corte agosto,217.36951887873806
2025,7003,CP CRECHE ESCOLA MÃE ASTÉRIA,658,PPML-FE + Caged corte agosto,517.0121555995227
2025,7004,CP CASA EMILIEN LACAY,201,PPML-FE + Caged corte agosto,201.62774633296527
2025,7007,CP SEMENTE DE AMOR,170,PPML-FE + Caged corte agosto,163.0162568307198
2025,7008,CP CRECHE SÃO PAULO APÓSTOLO,138,PPML-FE + Caged corte agosto,132.30860601194286
2025,7010,CP CRECHE NOVA ESPERANÇA,88,PPML-FE + Caged corte agosto,107.35224632979886
2025,7011,CP CRECHE RITA ALEXANDRINA FERREIRA,117,PPML-FE + Caged corte agosto,113.05268602738963
2025,7013,CP ESPAÇO DE EDUCAÇÃO INFANTIL CIDADE DE DEUS,673,PPML-FE + Caged corte agosto,515.5771238731209
2025,7014,CP CENTRO INTEGRADO SÃO JOSÉ,712,PPML-FE + Caged corte agosto,539.2560831711063
2025,7015,CP CRECHE CANTINHO FELIZ II,323,PPML-FE + Caged corte agosto,253.88037931909835
2025,7017,CP CRECHE RAIMUNDA NONATA DA SILVA,90,PPML-FE + Caged corte agosto,99.51866514804405
2025,7018,CP CRECHE SANT ANA IRMÃ ANCILA,150,PPML-FE + Caged corte agosto,156.58571538336295
2025,7019,CP JARDIM ESCOLA TURMINHA DA ARCA - JETA,291,PPML-FE + Caged corte agosto,213.07576935059683
2025,7020,CP JARDIM ESCOLA CRESCENDO E APRENDENDO,260,PPML-FE + Caged corte agosto,285.39649344113155
2025,7025,CP INSTITUTO CONSUELO PINHEIRO,177,PPML-FE + Caged corte agosto,162.301675348673
2025,7027,CP CRECHE MUNDO MÁGICO I,207,PPML-FE + Caged corte agosto,253.16426540301586
2025,7034,CP INSTITUTO EDUCACIONAL DIVA ALVES,349,PPML-FE + Caged corte agosto,231.6846792540295
2025,7035,CP AEMMAC - ANIL,274,PPML-FE + Caged corte agosto,195.18958943480345
2025,7036,CP CAAD UNIVERSO ENCANTADO,427,PPML-FE + Caged corte agosto,384.31032672893673
2025,7037,CP CAAD UNIVERSO DA CRIANÇA,483,PPML-FE + Caged corte agosto,417.2980575019528
2025,7038,CP CAAD UNIVERSO DAS FLORES,541,PPML-FE + Caged corte agosto,374.2719548372169
2025,7039,CP CRECHE JARDIM CLARICE,217,PPML-FE + Caged corte agosto,231.6846792540295
2025,7040,CP CRECHE VALE DO SOL PRAÇA SECA,887,PPML-FE + Caged corte agosto,621.0696747451937
2025,7041,CP CRECHE VALE DO SOL TAQUARA,531,PPML-FE + Caged corte agosto,380.7251157397475
2025,7042,CP INSTITUTO EDUCACIONAL DIVA ALVES II,717,PPML-FE + Caged corte agosto,598.8202344711617
2025,7043,CP ESPAÇO DE EDUCAÇÃO INFANTIL PEQUENO APRENDIZ,286,PPML-FE + Caged corte agosto,192.3285218282722
2025,7044,CP CRECHE AMOR DE MÃE,512,PPML-FE + Caged corte agosto,284.6800754278106
2025,7045,CP JARDIM ESCOLA TURMINHA DA ARCA - JETA II,177,PPML-FE + Caged corte agosto,160.8725690266589
2025,716601,CM OTÁVIO HENRIQUE DE OLIVEIRA,892,PPML-FE + Caged corte agosto,646.9670289767438
2025,716602,CM TIA TEREZA,121,PPML-FE + Caged corte agosto,155.5253556273371
2025,716603,CM CRIANÇA DO FUTURO,714,PPML-FE + Caged corte agosto,622.9615558536246
2025,716604,CM GERMINIO DE SOUZA ESTRELA,198,PPML-FE + Caged corte agosto,217.70656317226823
2025,716605,CM SEMPRE VIDA NISE DA SILVEIRA,384,PPML-FE + Caged corte agosto,440.25707194926144
2025,716606,CM AMIGUINHOS DA VILA SAPÊ,461,PPML-FE + Caged corte agosto,390.41996527307094
2025,716607,CM EMÍLIA JOANA DA FONSECA MARQUES,322,PPML-FE + Caged corte agosto,345.4777446967867
2025,716608,CM IRMÃ DULCE,276,PPML-FE + Caged corte agosto,377.731886396601
2025,716609,CM RIO NOVO - RIO DAS FLORES,1217,PPML-FE + Caged corte agosto,922.3583576869142
2025,716610,CM TIA MALU,250,PPML-FE + Caged corte agosto,238.18333286615535
2025,716611,CM VITORINO FREIRE,241,PPML-FE + Caged corte agosto,249.64490036481513
2025,716612,CM TIA AUTA,150,PPML-FE + Caged corte agosto,153.38691738838605
2025,716613,CM MARIA DA CONCEIÇÃO SILVEIRA DE CARVALHO,555,PPML-FE + Caged corte agosto,520.2158402480069
2025,716614,CM AUGUSTO DE CARVALHO TORRES FILHO,602,PPML-FE + Caged corte agosto,538.4098829577194
2025,716801,EDI DOUTORA ZILDA ARNS,285,PPML-FE + Caged corte agosto,312.76687268584976
2025,716802,EDI ARTHUR BISPO DO ROSÁRIO,213,PPML-FE + Caged corte agosto,206.55206144555834
2025,716803,EDI COMPOSITOR ROBERTO RIBEIRO,323,PPML-FE + Caged corte agosto,438.2696473206196
2025,716804,EDI RODRIGO LOPES (TIKINHO),148,PPML-FE + Caged corte agosto,135.97553120678992
2025,716805,EDI ANNA MARIA NIEMEYER,451,PPML-FE + Caged corte agosto,324.5364335670234
2025,716806,EDI PROFESSORA EDILIA COELHO GARCIA,256,PPML-FE + Caged corte agosto,288.61729269849917
2025,716807,EDI LEILA DINIZ,729,PPML-FE + Caged corte agosto,332.63771992533594
2025,716808,EDI PROFESSORA MARIA BERENICE PARENTE,394,PPML-FE + Caged corte agosto,450.1942578544743
2025,716809,EDI PROFESSOR ROBERTO LUIZ PEREIRA,243,PPML-FE + Caged corte agosto,277.6128897193756
2025,716813,EDI PROFESSORA KENIA MENDES DOS SANTOS,260,PPML-FE + Caged corte agosto,286.6303635745879
2025,716814,EDI PROFESSORA EMILIA MARIA VIEIRA DE OLIVEIRA,818,PPML-FE + Caged corte agosto,298.3992386401558
2025,716815,EDI EVARISTO DA VEIGA,207,PPML-FE + Caged corte agosto,247.35255050658245
2025,716816,EDI DEBRET,240,PPML-FE + Caged corte agosto,257.13336363265137
2025,716818,EDI PROFESSORA CLÁUDIA PIRES CONTINO DA SILVA,674,PPML-FE + Caged corte agosto,712.7159104412116
2025,716819,EDI PROFESSORA NORMA ANDRADE NOGUEIRA,571,PPML-FE + Caged corte agosto,645.2851072728223
2025,716820,EDI MEDALHISTA OLÍMPICA ÁGATHA BEDNARCZUK RIPPEL,606,PPML-FE + Caged corte agosto,627.0898642985194
2025,716821,EDI MEDALHISTA PARALÍMPICO FELIPE DE SOUZA GOMES,509,PPML-FE + Caged corte agosto,565.3191499538772
2025,716822,EDI MARCELO PARENTE GOMES DE OLIVEIRA,415,PPML-FE + Caged corte agosto,449.12409442766716
2025,724601,CM MARIA VIEIRA BAZANI,260,PPML-FE + Caged corte agosto,328.96919726147274
2025,724602,CM DINA SFAT,131,PPML-FE + Caged corte agosto,166.21811511082245
2025,724603,CM BENEDITA SIQUEIRA LOPES,242,PPML-FE + Caged corte agosto,248.57513489853355
2025,724604,CM EDSON LUIZ,105,PPML-FE + Caged corte agosto,159.80234880639125
2025,724605,CM SEBASTIÃO BERNARDES DE SOUZA PRATA,267,PPML-FE + Caged corte agosto,313.9896708809091
2025,724606,CM ROGÉRIO CARDOSO FURTADO,286,PPML-FE + Caged corte agosto,341.1977034682438
2025,724801,EDI MILENA SANTOS NASCIMENTO,350,PPML-FE + Caged corte agosto,353.4264767068516
2025,724802,EDI PORFIRIO DIAS,76,PPML-FE + Caged corte agosto,76.90190787638755
2025,724803,EDI VERA LUCIA MARTINS COSTA,176,PPML-FE + Caged corte agosto,185.31440368018164
2025,724804,EDI PROFESSORA MATILDE ROSA LOPES DE ARAUJO,366,PPML-FE + Caged corte agosto,371.6172323598449
2025,724805,EDI TRISTÃO DE ATHAYDE,100,PPML-FE + Caged corte agosto,117.65148102312128
2025,724806,EDI PROFESSORA RUTH CARDOSO,93,PPML-FE + Caged corte agosto,145.5972423153066
2025,724807,EDI CARMEN MIRANDA,332,PPML-FE + Caged corte agosto,318.26948921575024
2025,724808,EDI AMOR,150,PPML-FE + Caged corte agosto,175.23125684666508
2025,724809,"EDI UGOCIONE JOSÉ DE MEDEIROS ""SEU UGO""",72,PPML-FE + Caged corte agosto,79.49518332641979
2025,734601,CM LUZES DO AMANHÃ,190,PPML-FE + Caged corte agosto,157.05283560664975
2025,734602,CM MARGARIDA GABINAL,122,PPML-FE + Caged corte agosto,153.08142947922195
2025,734603,CM SEMPRE VIDA JOSUÉ,84,PPML-FE + Caged corte agosto,104.2169837506859
2025,734801,EDI JARDIM DO AMANHÃ,208,PPML-FE + Caged corte agosto,192.18963348292843
2025,734802,EDI SENHORA PERCILIANA PEREIRA DE ALVARENGA,721,PPML-FE + Caged corte agosto,499.11718604283817
2025,734803,EDI ANA CAROLINA PACHECO DA SILVA,97,PPML-FE + Caged corte agosto,121.01055473446459
2025,734804,EDI MARIA BERALDA,237,PPML-FE + Caged corte agosto,219.845846778618
2025,734805,EDI MONSENHOR CORDIOLI,148,PPML-FE + Caged corte agosto,185.31440368018164
2025,8002,CP CRECHE ESPÍRITA FRANCISCO DE ASSIS,71,PPML-FE + Caged corte agosto,51.98853129758658
2025,8003,CP CRECHE CRIANÇA JABOUR,164,PPML-FE + Caged corte agosto,146.58595919630665
2025,8004,CP CRECHE COMUNITÁRIA NINO,449,PPML-FE + Caged corte agosto,361.3665124253334
2025,8005,CP CRECHE E ESCOLA COMUNITÁRIA GENTE INOCENTE - REALENGO,309,PPML-FE + Caged corte agosto,258.8933911583023
2025,8006,CP FUNDAÇÃO CASA DA JOANINHA - CRECHE,134,PPML-FE + Caged corte agosto,104.50303291269155
2025,8007,CP CRECHE E ESCOLA COMUNITÁRIA GENTE INOCENTE - BANGU,479,PPML-FE + Caged corte agosto,407.2576212478015
2025,8008,CP ASSOCIAÇÃO DE MORADORES DO CONJUNTO PEDRO I E ADJACÊNCIAS,45,PPML-FE + Caged corte agosto,42.83244935633199
2025,8009,CP ASSOCIAÇÃO RECREATIVA PINGUINHO DE GENTE,555,PPML-FE + Caged corte agosto,458.18253753950233
2025,8010,CP ASSOCIAÇÃO CENTRO EDUCACIONAL REBRAL III,557,PPML-FE + Caged corte agosto,465.35609597263647
2025,8011,CP ESPAÇO DE EDUCAÇÃO INFANTIL BATAN,202,PPML-FE + Caged corte agosto,174.45199379624498
2025,8013,CP CENTRO EDUCACIONAL LUIZA,294,PPML-FE + Caged corte agosto,265.33922654346514
2025,8014,"CP DO.RA., A AVENTUREIRA",216,PPML-FE + Caged corte agosto,179.4564762707097
2025,8015,CP CEM CRECHE ESCOLA MACHADO,205,PPML-FE + Caged corte agosto,150.1568124309568
2025,8016,CP ASSOCIAÇÃO CENTRO EDUCACIONAL REBRAL VI,454,PPML-FE + Caged corte agosto,402.95475682535766
2025,8017,CP ASSOCIAÇÃO CRECHE ESPERANÇA - REALENGO,232,PPML-FE + Caged corte agosto,255.3126303391241
2025,8018,CP CRECHE COMUNITÁRIA ESTRELINHA,203,PPML-FE + Caged corte agosto,183.03157193182014
2025,8019,CP ESCOLA COMUNITÁRIA JARDIM ARCO-ÍRIS - UNIDADE II,182,PPML-FE + Caged corte agosto,170.87785040443316
2025,8021,CP ASSOCIAÇÃO RECREATIVA MUNDO MÁGICO DA TIA NATY,197,PPML-FE + Caged corte agosto,196.62020195677593
2025,8022,CP ASSOCIAÇÃO CRECHE ESPERANÇA - MAGALHÃES BASTOS,146,PPML-FE + Caged corte agosto,157.30014150566808
2025,8023,CP CRECHE COMUNITÁRIA IRMÃ MARIA DE LOURDES,152,PPML-FE + Caged corte agosto,143.7296899881107
2025,8024,CP CEM CRECHE ESCOLA MACHADO - UNIDADE I,128,PPML-FE + Caged corte agosto,129.4544185001643
2025,8025,CP ASSOCIAÇÃO RECREATIVA MONIZ BARRETO,56,PPML-FE + Caged corte agosto,51.98853129758663
2025,8027,CP CENTRO EDUCACIONAL MUNDO DA MÔNICA,56,PPML-FE + Caged corte agosto,51.28300735214184
2025,817202,CIEP AMILCAR CABRAL,145,PPML-FE + Caged corte agosto,118.56757565686681
2025,817504,CIEP ANTONIO EVARISTO DE MORAES,198,PPML-FE + Caged corte agosto,137.50272114668766
2025,817505,CIEP MARECHAL JULIO CAETANO HORTA BARBOSA,103,PPML-FE + Caged corte agosto,72.4786384054835
2025,817601,CM JOSÉ FÉLIX,403,PPML-FE + Caged corte agosto,336.3062678590218
2025,817602,CM VILA PROGRESSO,372,PPML-FE + Caged corte agosto,231.0009929664991
2025,817603,CM DENTE DE LEITE,376,PPML-FE + Caged corte agosto,308.0285598989076
2025,817604,CM DRAMATURGO ALFREDO DE FREITAS DIAS GOMES,156,PPML-FE + Caged corte agosto,160.71886696999346
2025,817605,CM MANÉ GARRINCHA II,239,PPML-FE + Caged corte agosto,242.15662406508548
2025,817606,CM MEIMEI,117,PPML-FE + Caged corte agosto,118.72025930539333
2025,817607,CM MULHERES DO QUAFÁ,492,PPML-FE + Caged corte agosto,334.62484695465474
2025,817608,CM NOVA ALIANÇA,161,PPML-FE + Caged corte agosto,279.5997723983173
2025,817609,CM RECANTO FELIZ,369,PPML-FE + Caged corte agosto,350.67498041287155
2025,817610,CM SEMPRE VIDA FAZENDA COQUEIROS,128,PPML-FE + Caged corte agosto,148.4992119343937
2025,817611,CM TIA ELZA,99,PPML-FE + Caged corte agosto,96.7378572256676
2025,817612,CM VILA KENNEDY,398,PPML-FE + Caged corte agosto,274.70900344790954
2025,817613,CM CÉLIA ALENCAR,175,PPML-FE + Caged corte agosto,198.6067549188288
2025,817614,CM FAZENDA COQUEIROS II,246,PPML-FE + Caged corte agosto,225.04133095338634
2025,817615,CM VILA UNIÃO DA PAZ,163,PPML-FE + Caged corte agosto,135.36466252920562
2025,817616,CM PROFESSORA MARIA ASSUMPÇÃO,47,PPML-FE + Caged corte agosto,75.52909181240892
2025,817617,CM JOSÉ MANOEL IBARRA PEREZ,219,PPML-FE + Caged corte agosto,225.8053822049743
2025,817618,CM JANETE CLAIR,170,PPML-FE + Caged corte agosto,149.56837878713623
2025,817619,CM PROFESSORA REGINA MARIA DA MATTA MONTEZANO,208,PPML-FE + Caged corte agosto,179.50887591368294
2025,817801,EDI PROFESSORA TÂNIA MARIA LARRUBIA GOMES,321,PPML-FE + Caged corte agosto,223.51323564854545
2025,817802,EDI PROFESSOR REINALDO JOSÉ DE ARAGÃO BARBOSA,145,PPML-FE + Caged corte agosto,153.84515079505476
2025,817803,EDI JOSÉ EPHIM MINDLIN,303,PPML-FE + Caged corte agosto,254.99378426357225
2025,817804,EDI PROFESSORA EDITH MARQUES DE SOUZA,324,PPML-FE + Caged corte agosto,242.92072499435955
2025,817805,EDI RAFAEL PEREIRA DA SILVA,106,PPML-FE + Caged corte agosto,94.44856824467384
2025,817806,EDI PROFESSORA MARIA YEDDA LEITE LINHARES,149,PPML-FE + Caged corte agosto,172.17589007224223
2025,817807,EDI MARIA DO CARMO SOUZA PIRAN,168,PPML-FE + Caged corte agosto,155.830850033685
2025,817808,EDI PROFESSOR ANTONIO FLAVIO PIERUCCI,377,PPML-FE + Caged corte agosto,299.01061782924603
2025,817809,EDI REPÚBLICA ÁRABE UNIDA,64,PPML-FE + Caged corte agosto,58.45184295934508
2025,817810,EDI VILA DO VINTÉM,143,PPML-FE + Caged corte agosto,151.40126084544855
2025,817814,EDI PROFESSORA GIOVANA BANSI,363,PPML-FE + Caged corte agosto,331.1091657123395
2025,817815,EDI SENHOR JOÃO GOMES,337,PPML-FE + Caged corte agosto,263.24652598949143
2025,833505,CIEP ARACY DE ALMEIDA (CANTORA),25,PPML-FE + Caged corte agosto,34.54782341948137
2025,833601,CM CASA DE REALENGO,398,PPML-FE + Caged corte agosto,344.2548724857903
2025,833602,CM JULINHO CACAU,296,PPML-FE + Caged corte agosto,332.02629771145035
2025,833603,CM SILVEIRINHA,287,PPML-FE + Caged corte agosto,306.5000823171446
2025,833801,EDI GESSICA GUEDES PEREIRA,69,PPML-FE + Caged corte agosto,108.94923874018073
2025,833802,EDI PROFESSORA ZENA ELIAN,139,PPML-FE + Caged corte agosto,232.07069073549619
2025,833803,EDI FREI ORLANDO,192,PPML-FE + Caged corte agosto,223.05480894399537
2025,833805,EDI DEODORO,89,PPML-FE + Caged corte agosto,137.65544155837802
2025,833806,EDI PROFESSOR CRISTIANO PINTO DE MORAES BISPO,324,PPML-FE + Caged corte agosto,297.6350158804953
2025,833807,EDI LUIZA PAULA DA SILVEIRA MACHADO,256,PPML-FE + Caged corte agosto,263.3993565056272
2025,833808,EDI PROFESSORA VANUZIA BASTOS DA SILVA,166,PPML-FE + Caged corte agosto,193.25913805266154
2025,833809,EDI PROFESSORA MARIA CECILIA FERREIRA,157,PPML-FE + Caged corte agosto,191.57849089707844
2025,833810,EDI MEDALHISTA OLÍMPICO SERGIO DUTRA DOS SANTOS,209,PPML-FE + Caged corte agosto,202.884957233154
2025,833811,EDI MEDALHISTA OLÍMPICA RAFAELA LOPES SILVA,310,PPML-FE + Caged corte agosto,258.50881512218376
2025,9001,CP CRECHE COMUNITÁRIA SANTA RITA,56,PPML-FE + Caged corte agosto,100.23057454496652
2025,9002,CP CRECHE SAGRADA FAMÍLIA,40,PPML-FE + Caged corte agosto,71.09235478982743
2025,9003,CP CRECHE SÃO JORGE,47,PPML-FE + Caged corte agosto,42.12973772000615
2025,9004,CP CRECHE E PRÉ-ESCOLA CANTINHO DO SABER,158,PPML-FE + Caged corte agosto,134.44954398982378
2025,9007,CP INSTITUTO AVELINO - CAMPO GRANDE,17,PPML-FE + Caged corte agosto,41.42729167970598
2025,9008,CP CRECHE COMUNITÁRIA ANA & LU,60,PPML-FE + Caged corte agosto,72.51080035623357
2025,9009,CP CRECHE COMUNITÁRIA CRIANÇAS DE OURO,159,PPML-FE + Caged corte agosto,164.44547562078225
2025,9010,CP CRECHE JARDIM ESCOLA RIO DA PRATA,153,PPML-FE + Caged corte agosto,163.0162568307198
2025,9011,CP CRECHE NOVA JERUSALÉM EM CAMPO GRANDE,212,PPML-FE + Caged corte agosto,186.60703848091345
2025,9012,CP CRECHE COMUNITÁRIA TIA NEIDE - CAMPO GRANDE,170,PPML-FE + Caged corte agosto,170.1630721665409
2025,9013,CP CRECHE COMUNITÁRIA SOL DO SABER,301,PPML-FE + Caged corte agosto,246.7195959455623
2025,9014,CP INSTITUTO DE ENSINO AVANÇADO,221,PPML-FE + Caged corte agosto,180.8864691005285
2025,9017,CP ESPAÇO CRESCER,236,PPML-FE + Caged corte agosto,188.03732579325808
2025,9018,CP ESPAÇO DE DESENVOLVIMENTO CARIOQUINHA,213,PPML-FE + Caged corte agosto,154.44255902580105
2025,9019,CP ASSOCIAÇÃO DE MORADORES UNIÃO DAS BASES DE URUCÂNIA E ADJACÊNCIAS - COSMOS,121,PPML-FE + Caged corte agosto,105.92755206284579
2025,9020,CP ASSOCIAÇÃO DE MORADORES UNIÃO DAS BASES DE URUCÂNIA E ADJACÊNCIAS - CAMPO GRANDE,56,PPML-FE + Caged corte agosto,57.63871988996101
2025,9021,CP INSTITUTO CRESCER & APRENDER,332,PPML-FE + Caged corte agosto,221.66364803235007
2025,9022,CP ESPAÇO CRIATIVO CASTELINHO RINALDI,237,PPML-FE + Caged corte agosto,185.17680826676764
2025,9023,CP ESPAÇO CRIATIVO SALOMÃO,172,PPML-FE + Caged corte agosto,170.1630721665409
2025,9024,CP CRECHE COMUNITÁRIA DOCE INFÂNCIA,196,PPML-FE + Caged corte agosto,179.4564762707097
2025,9025,CP INSTITUTO Ô LUAR,113,PPML-FE + Caged corte agosto,99.51866514804395
2025,9026,CP CRECHE COMUNITÁRIA LEÃOZINHO FELIZ,207,PPML-FE + Caged corte agosto,173.02228655102172
2025,9027,CP INSTITUTO FRUTIFICAR,152,PPML-FE + Caged corte agosto,110.20214216701527
2025,9028,CP CRECHE COMUNITÁRIA ALÉM DO ARCO-ÍRIS,215,PPML-FE + Caged corte agosto,223.095106252521
2025,9029,CP INSTITUTO CRECHE DO PAPAI,237,PPML-FE + Caged corte agosto,191.61328829086978
2025,9030,CP ESPAÇO DE DESENVOLVIMENTO PEDRITA,146,PPML-FE + Caged corte agosto,158.01458765831595
2025,9031,CP ESPAÇO CRIATIVO TURMINHA DO BAIRRO,136,PPML-FE + Caged corte agosto,139.44600960745873
2025,9032,CP SOLDADINHOS DE DEUS,91,PPML-FE + Caged corte agosto,129.4544185001643
2025,9033,CP TEMPO DE CRIANÇA,121,PPML-FE + Caged corte agosto,88.846389861027
2025,9034,CP CRECHE COMUNITÁRIA ARTE DA CRIANÇA,111,PPML-FE + Caged corte agosto,128.74094447453584
2025,9035,CP INSTITUTO CRESCER E APRENDER - FILIAL,108,PPML-FE + Caged corte agosto,92.4024157601087
2025,9036,CP INSTITUTO CONSTRUINDO AMANHÃ,344,PPML-FE + Caged corte agosto,384.31032672893673
2025,9037,CP CRECHE COMUNITÁRIA AURINA,56,PPML-FE + Caged corte agosto,67.54795334346323
2025,9038,CP CEM CRECHE ESCOLA MACHADO UNIDADE II,154,PPML-FE + Caged corte agosto,225.95814233777065
2025,9039,CP CRECHE COMUNITÁRIA ESTRELINHA DO SABER,140,PPML-FE + Caged corte agosto,144.44372194632317
2025,9040,CP CRECHE E ESCOLA COMUNITARIA GENTE BAIXINHA - UNIDADE COSMOS,249,PPML-FE + Caged corte agosto,231.6846792540297
2025,9041,CP CRECHE COMUNITÁRIA PEQUENOS PASSOS,114,PPML-FE + Caged corte agosto,108.77711115803825
2025,9042,CP CRECHE PEQUENA CANAÃ,60,PPML-FE + Caged corte agosto,64.00620518979089
2025,9043,CP CRECHE COMUNITÁRIA RIBEIRO,109,PPML-FE + Caged corte agosto,103.7908404801588
2025,9044,CP CRECHE COMUNITÁRIA JARDIM FELIZ,250,PPML-FE + Caged corte agosto,271.0693412982545
2025,9045,CP CRECHE COMUNITÁRIA PINTANDO SONHOS,107,PPML-FE + Caged corte agosto,75.3487849308481
2025,9046,CP CRECHE COMUNITÁRIA URSINHO PIMPÃO,310,PPML-FE + Caged corte agosto,213.7913672689741
2025,918601,CM ALEGRIA DE NOVA CIDADE,288,PPML-FE + Caged corte agosto,288.15876971421045
2025,918602,CM VITÓRIA DA PAZ,126,PPML-FE + Caged corte agosto,198.60675491882898
2025,918603,CM SEMPRE VIDA ELZA RABELO DE ANDRADE,98,PPML-FE + Caged corte agosto,83.91950821358061
2025,918604,CM VERA PACHECO JORDÃO,48,PPML-FE + Caged corte agosto,64.85418564040431
2025,918605,CM SEMPRE VIDA PROFESSORA EUGENIA MARIA VELOSO MARCHESE,99,PPML-FE + Caged corte agosto,110.17053079369607
2025,918606,CM CECÍLIA MEIRELES,175,PPML-FE + Caged corte agosto,228.8616108307891
2025,918607,CM SONHO FELIZ,316,PPML-FE + Caged corte agosto,273.3334864434777
2025,918608,CM JARDIM MONTE SANTO,125,PPML-FE + Caged corte agosto,230.3897390954295
2025,918609,CM ADÉLIA VIEIRA,123,PPML-FE + Caged corte agosto,161.94090167729703
2025,918610,CM ESPERANÇA DO AMANHÃ,63,PPML-FE + Caged corte agosto,102.3852559027024
2025,918611,CM MÁRIO LOMBARDI,43,PPML-FE + Caged corte agosto,63.634522908871254
2025,918613,CM PROFESSORA FLORA SANTINA FERRARI BRAZ,376,PPML-FE + Caged corte agosto,373.60448884046866
2025,918614,CM ZÉLIA CHAUKE CURI,161,PPML-FE + Caged corte agosto,197.9955909302749
2025,918615,CM MARCELO CARDOSO TOMÉ,122,PPML-FE + Caged corte agosto,114.44525019312339
2025,918616,CM PADRE VALTER DA COSTA SANTOS,285,PPML-FE + Caged corte agosto,295.34235584700764
2025,918617,CM CRIANDO O FUTURO,246,PPML-FE + Caged corte agosto,380.94210167411
2025,918618,CM ESPERANÇA DA VILA SÃO JORGE,146,PPML-FE + Caged corte agosto,255.45226433420066
2025,918619,CM RAUL CORTEZ,400,PPML-FE + Caged corte agosto,382.92938520820024
2025,918620,CM EMILIO IBRAHIM LÁZARO JUBRAM DIB,327,PPML-FE + Caged corte agosto,378.49622201582525
2025,918621,CM ELIZABETH TAVARES DE SOUZA - BETINHA,217,PPML-FE + Caged corte agosto,232.376319481765
2025,918801,EDI BIANCA ROCHA TAVARES,153,PPML-FE + Caged corte agosto,188.52280993722098
2025,918802,EDI PINTANDO O SETE,198,PPML-FE + Caged corte agosto,192.34241945799462
2025,918803,EDI LUDMILA MÁXIMO MOREIRA CARDOSO,96,PPML-FE + Caged corte agosto,115.81932969773044
2025,918804,EDI RENAN DE SOUZA LEAL,53,PPML-FE + Caged corte agosto,53.11844155157779
2025,918805,EDI CANTORA CESÁRIA ÉVORA,148,PPML-FE + Caged corte agosto,175.0784869902131
2025,918806,EDI COMENDADOR SERAFIM SOFIA,224,PPML-FE + Caged corte agosto,280.2111230321856
2025,918807,EDI URBANO DE FREITAS,259,PPML-FE + Caged corte agosto,303.44314270407733
2025,918808,EDI PROFESSORA MARTA REGINA PERROTA,206,PPML-FE + Caged corte agosto,219.08181464171562
2025,918809,EDI CAMPO GRANDE,39,PPML-FE + Caged corte agosto,77.3595280311066
2025,918810,EDI DOM BOSCO,145,PPML-FE + Caged corte agosto,180.4255241059169
2025,918811,EDI ISABEL,14,PPML-FE + Caged corte agosto,18.9190389081835
2025,918812,EDI PROFESSOR JORGE EUCLIDES PEREIRA NUNES,85,PPML-FE + Caged corte agosto,102.53789738623206
2025,918813,EDI PROFESSOR MARCO ALTINO DE OLIVEIRA,184,PPML-FE + Caged corte agosto,156.13634523789375
2025,918814,EDI PROFESSOR NESTOR MANOEL PINTO,177,PPML-FE + Caged corte agosto,191.2729203957348
2025,918815,EDI PROFESSORA SIRLÉIA SILVA REIS,282,PPML-FE + Caged corte agosto,259.73144360696483
2025,918816,EDI PROFESSOR JOÃO FERNANDES FILHO,46,PPML-FE + Caged corte agosto,56.77542924275689
2025,918817,EDI PROFESSORA EUGENIA DE ALMEIDA AZEVEDO,307,PPML-FE + Caged corte agosto,295.8008868584644
2025,918818,EDI FRANCISCO JOSÉ DE MORAES,101,PPML-FE + Caged corte agosto,119.6363683736819
2025,918819,EDI JOARI,18,PPML-FE + Caged corte agosto,45.80756683164572
2025,918820,EDI ALMO SATURNINO,30,PPML-FE + Caged corte agosto,53.42315481145824
2025,918821,EDI PROFESSORA ENYR PORTILHO DE AVELLAR,169,PPML-FE + Caged corte agosto,141.47353344109354
2025,918822,EDI PROFESSOR ANDRÉ LUIZ GILS,241,PPML-FE + Caged corte agosto,306.9586250515621
2025,918823,EDI PROFESSOR DERSU GABRIEL BICEGO,147,PPML-FE + Caged corte agosto,183.02272291034154
2025,918824,EDI ALBERTO FERREIRA PINTO,228,PPML-FE + Caged corte agosto,244.90739699577622
2025,918825,EDI PROFESSORA TERESINHA DE JESUS SIQUEIRA BROWN,231,PPML-FE + Caged corte agosto,249.79772431496306
2025,918826,EDI PROFESSORA MARLY DOS SANTOS DE OLIVEIRA (MARLY MARINHO),208,PPML-FE + Caged corte agosto,280.82247465482135
2025,918827,EDI ATAULFO ALVES,178,PPML-FE + Caged corte agosto,226.7222468442384
2025,918828,EDI ALYRIO CAVALLIERI,241,PPML-FE + Caged corte agosto,279.44693489485127
2025,918829,EDI RUBEM AZEVEDO ALVES,143,PPML-FE + Caged corte agosto,92.46461617397742
2025,918830,EDI HENRIQUE DIAS,47,PPML-FE + Caged corte agosto,80.86818413867321
2025,918831,EDI ELFLODÍZIO DOS SANTOS,233,PPML-FE + Caged corte agosto,271.9579746995171
2025,918832,EDI PROFESSORA JACINTHA REIS FERREIRA,367,PPML-FE + Caged corte agosto,341.3505615254653
2025,918833,EDI PROFESSOR WILSON CHOERI,175,PPML-FE + Caged corte agosto,181.494953766836
2025,918834,EDI ENGENHEIRA ELAINE MONSORES PIRES,127,PPML-FE + Caged corte agosto,173.85633385301907
2025,918835,EDI MEDALHISTA OLÍMPICO ARTHUR NORY OYAKAWA MARIANO,254,PPML-FE + Caged corte agosto,291.2155994641351
2025,918836,EDI MEDALHISTA OLÍMPICO RAFAEL CARLOS DA SILVA,325,PPML-FE + Caged corte agosto,348.38207659651124
2025,918837,EDI MEDALHISTA OLÍMPICO WALLACE LEANDRO DE SOUZA,333,PPML-FE + Caged corte agosto,323.1607561140143
2025,918838,EDI EUSTORGIO WANDERLEY,100,PPML-FE + Caged corte agosto,101.0115034664978
2025,918839,EDI DALILA TAVARES,69,PPML-FE + Caged corte agosto,89.412570172997
2025,10001,CP ESCOLA COMUNITÁRIA JARDIM DE INFÂNCIA TIA ANASTÁCIA,116,PPML-FE + Caged sem 2021,129.9084655384882
2025,10004,CP ESCOLA COMUNITÁRIA JARDIM BALÃO MÁGICO,38,PPML-FE + Caged sem 2021,54.99326622063226
2025,10005,CP CRECHE COMUNITÁRIA JARDIM PEDRA AZUL,26,PPML-FE + Caged sem 2021,35.42760369344882
2025,10006,CP CRECHE ESCOLA COMUNITÁRIA ISMÊNIA RIBEIRO,84,PPML-FE + Caged sem 2021,95.25420289209619
2025,10008,CP CRECHE COMUNITÁRIA JARDIM ESPERANÇA,92,PPML-FE + Caged sem 2021,79.61247526899221
2025,10009,CP JARDIM ESCOLA ERNESTO FAGUNDES VARELA,68,PPML-FE + Caged sem 2021,74.67958543346593
2025,10010,CP ESCOLA COMUNITÁRIA JARDIM ARCO-ÍRIS,95,PPML-FE + Caged sem 2021,91.13525161045824
2025,10011,CP CRECHE PINGUINHO DE GENTE,30,PPML-FE + Caged sem 2021,35.42760369344882
2025,10013,CP ESCOLA COMUNITÁRIA ENCANTO DE MARIA,53,PPML-FE + Caged sem 2021,54.17502484101777
2025,10014,CP CRECHE COMUNITÁRIA SÃO JOÃO BATISTA,54,PPML-FE + Caged sem 2021,41.11562679112556
2025,10018,CP CRECHE ESCOLA COMUNITÁRIA SÍTIO ALEGRE,244,PPML-FE + Caged sem 2021,174.55734044297273
2025,10019,CP ESCOLA COMUNITÁRIA JARDIM ALEXANDRINO,166,PPML-FE + Caged sem 2021,156.35780851361264
2025,10020,CP CASA MATERNAL NOSSA SENHORA DE NAZARÉ,112,PPML-FE + Caged sem 2021,99.37482767688229
2025,10022,CP ASSOCIAÇÃO DE MORADORES E AMIGOS DO PARQUE ESTORIL - AMAPE,203,PPML-FE + Caged sem 2021,174.5573404429729
2025,10023,CP CRECHE ESCOLA SOSSEGO DA MAMÃE,90,PPML-FE + Caged sem 2021,97.72638590717159
2025,10024,CP CRECHE COMUNITÁRIA MUNDO ENCANTADO DA CRIANÇA,170,PPML-FE + Caged sem 2021,180.35025369368998
2025,10026,CP CRECHE E ESCOLA COMUNITÁRIA GENTE BAIXINHA I,249,PPML-FE + Caged sem 2021,198.5623309163637
2025,10027,CP CRECHE CASULO AGOSTINHO - SANTA CRUZ,194,PPML-FE + Caged sem 2021,140.6497596911
2025,10028,CP CRECHE CASULO AGOSTINHO - VERIDIANA,124,PPML-FE + Caged sem 2021,129.90846553848831
2025,10029,CP ASSOCIAÇÃO DE MORADORES DAS MORADAS DO IMPÉRIO,65,PPML-FE + Caged sem 2021,77.96777610087035
2025,10030,CP INSTITUTO AVELINO - GUARATIBA,93,PPML-FE + Caged sem 2021,83.72585714830619
2025,10032,CP CRECHE COMUNITÁRIA MUNDO MÁGICO,150,PPML-FE + Caged sem 2021,154.7038691714009
2025,10033,CP PROJETO QUEBRA CABEÇA,69,PPML-FE + Caged sem 2021,64.00577336106237
2025,10034,CP OS BENEDITINHOS,134,PPML-FE + Caged sem 2021,135.6915380095968
2025,10035,CP ESCOLA COMUNITÁRIA JARDIM DE INFÂNCIA CHAVE DO TAMANHO,139,PPML-FE + Caged sem 2021,62.365660729346516
2025,10036,CP CAAD DONA ZULMIRA TELLES,157,PPML-FE + Caged sem 2021,171.2475440883395
2025,10037,CP CAAD - COMITÊ DE ATENDIMENTO À CRIANÇA E AO ADOLESCENTE,71,PPML-FE + Caged sem 2021,68.92950774967197
2025,10039,CP FUNDAÇÃO KLINGNER PARA O DESENVOLVIMENTO SOCIAL,243,PPML-FE + Caged sem 2021,233.3508893527464
2025,1004,CP CRECHE CANTINHO FELIZ DE SANTA TERESA,136,PPML-FE + Caged sem 2021,132.38671658939194
2025,10040,CP CICIM I,219,PPML-FE + Caged sem 2021,182.00554457673553
2025,10041,CP CRECHE BEZERRA DE MENEZES - SANTA CRUZ,173,PPML-FE + Caged sem 2021,128.25647857904573
2025,10042,CP CICIM II,179,PPML-FE + Caged sem 2021,153.05003235883188
2025,10043,CP CRECHE CANTINHO CASLU,168,PPML-FE + Caged sem 2021,143.1292934876401
2025,10044,CP CRECHE COMUNITÁRIA MAGIA DA CRIANÇA,93,PPML-FE + Caged sem 2021,108.4454542406325
2025,10045,CP ESPAÇO CRIATIVO ERA UMA VEZ,73,PPML-FE + Caged sem 2021,82.08023354078304
2025,10046,CP CRECHE COMUNITÁRIA DEUS É FIEL - CCDF,191,PPML-FE + Caged sem 2021,200.2183713852748
2025,10047,CP CENTRO CULTURAL MONTESSORI - SANTA CRUZ,194,PPML-FE + Caged sem 2021,225.8942870679019
2025,1005,CP CASA MATERNAL CORAÇÃO DE MÃE,48,PPML-FE + Caged sem 2021,36.238940419928326
2025,10051,CP CRECHE COMUNITÁRIA DEUS É FIEL - UNIDADE VI,244,PPML-FE + Caged sem 2021,241.63707759256323
2025,10052,CP CRECHE COMUNITÁRIA DEUS É FIEL - UNIDADE VII,493,PPML-FE + Caged sem 2021,470.6033856338629
2025,10053,CP CRECHE COMUNITÁRIA GÊNIO DO FUTURO,311,PPML-FE + Caged sem 2021,304.64232568479196
2025,10054,CP CRECHE COMUNITÁRIA AQUARELA DO SABER,51,PPML-FE + Caged sem 2021,95.25420289209619
2025,10055,CP ESPAÇO DE DESENVOLVIMENTO MÃE GAIA,140,PPML-FE + Caged sem 2021,67.28772415889573
2025,10056,CP CRECHE MUNDO DA BIBI,100,PPML-FE + Caged sem 2021,82.0802335407829
2025,10057,CP CENTRO CULTURAL MONTESSORI - PACIÊNCIA,358,PPML-FE + Caged sem 2021,293.0326423264546
2025,10058,CP CRECHE ESCOLA COMUNITÁRIA MALLETZINHO,261,PPML-FE + Caged sem 2021,177.03990021067995
2025,10059,CP CRECHE COMUNITÁRIA PLANETA BEBÊ,95,PPML-FE + Caged sem 2021,90.31167523736266
2025,1006,CP CRECHE DO TUIUTI,233,PPML-FE + Caged sem 2021,240.808409972846
2025,10060,CP CRECHE COMUNITÁRIA JARDIM DO CONHECIMENTO,83,PPML-FE + Caged sem 2021,78.79007709363361
2025,10061,CP CRECHE COMUNITÁRIA ESTRELA DO AMANHÃ,113,PPML-FE + Caged sem 2021,144.78246611588222
2025,10062,CP CENTRO CULTURAL DE DESENVOLVIMENTO INFANTIL JOÃO BATISTA,79,PPML-FE + Caged sem 2021,94.43027415825743
2025,10063,CP CRECHE COMUNITÁRIA UNIVERSO INFANTIL,313,PPML-FE + Caged sem 2021,268.15965969226346
2025,10064,CP CRECHE COMUNITÁRIA CORAÇÃO DE MÃE,269,PPML-FE + Caged sem 2021,234.1794584696779
2025,10065,CP CRECHE MAGIA DA CRIANÇA II,94,PPML-FE + Caged sem 2021,139.8233098629684
2025,10066,CP CRECHE COMUNITÁRIA ARTE & CULTURA,219,PPML-FE + Caged sem 2021,174.5573404429729
2025,10067,CP CRECHE COMUNITÁRIA ARCA DE NOÉ,117,PPML-FE + Caged sem 2021,113.3957825557165
2025,10068,CP CRECHE COMUNITÁRIA TIA NEIDE - GUARATIBA,152,PPML-FE + Caged sem 2021,95.25420289209627
2025,10069,CP CRECHE E ESCOLA COMUNITÁRIA GENTE BAIXINHA II,411,PPML-FE + Caged sem 2021,382.6228032214021
2025,1007,CP EDUCANDÁRIO NOSSA SENHORA DE NAZARÉ,78,PPML-FE + Caged sem 2021,103.4969917424022
2025,10070,CP PEDACINHO DO CÉU,121,PPML-FE + Caged sem 2021,130.73451359231538
2025,10071,CP CRECHE COMUNITÁRIA ARTE & CULTURA - UNIDADE I,251,PPML-FE + Caged sem 2021,153.05003235883188
2025,10072,CP CRECHE COMUNITÁRIA DEUS É FIEL - UNIDADE X,219,PPML-FE + Caged sem 2021,195.2504384568255
2025,10073,CP NINHO CARIOCA,435,PPML-FE + Caged sem 2021,356.0711438218909
2025,10074,CP CRECHE MUNDO MÁGICO II,201,PPML-FE + Caged sem 2021,175.38484044363028
2025,10075,CP CRECHE COMUNITÁRIA PEDACINHO DE CÉU,153,PPML-FE + Caged sem 2021,174.5573404429729
2025,10076,CP ESPAÇO DE DESENVOLVIMENTO MÃE GAIA - UNIDADE I,73,PPML-FE + Caged sem 2021,36.238940419928326
2025,10077,CP CRECHE COMUNITÁRIA CANTINHO DO SABER,40,PPML-FE + Caged sem 2021,51.72153994610967
2025,10078,CP CRECHE COMUNITÁRIA CRIANÇA FELIZ,72,PPML-FE + Caged sem 2021,63.18564211809887
2025,10079,CP CRECHE COMUNITÁRIA DEUS É FIEL - UNIDADE VIII,100,PPML-FE + Caged sem 2021,132.38671658939194
2025,10080,CP ASSOCIAÇÃO CENTRO EDUCACIONAL REBRAL XII (GUARATIBA),154,PPML-FE + Caged sem 2021,95.25420289209627
2025,10081,CP CENTRO EDUCACIONAL ESTRELA DO AMANHÃ,228,PPML-FE + Caged sem 2021,259.8703190511117
2025,10082,CP CRECHE ESCOLA BAIXINHOS SABIDOS,70,PPML-FE + Caged sem 2021,79.61247526899221
2025,10083,CP CRECHE COMUNITÁRIA CRISTÃ CORDEIRINHO DE CRISTO,116,PPML-FE + Caged sem 2021,256.55483577678024
2025,10084,CP CRECHE COMUNITÁRIA AQUARELA DO SABER (GUARATIBA),284,PPML-FE + Caged sem 2021,226.72275122913769
2025,10085,CP CRECHE VIDA,50,PPML-FE + Caged sem 2021,82.08023354078304
2025,1009,CP CRECHE COMUNITÁRIA ANITA WAY,179,PPML-FE + Caged sem 2021,177.03990021067995
2025,1010,CP CENTRO CULTURAL MONTESSORI - SÃO CRISTÓVÃO,465,PPML-FE + Caged sem 2021,396.73017709095177
2025,101601,CM LADEIRA DOS FUNCIONÁRIOS,122,PPML-FE + Caged sem 2021,92.75932425498658
2025,101602,CM VIRGÍNIA LEMOS,58,PPML-FE + Caged sem 2021,64.65347543175189
2025,101603,CM SENNINHA,255,PPML-FE + Caged sem 2021,237.40650427250904
2025,101604,CM SEMPRE VIDA P. CONQUISTA,68,PPML-FE + Caged sem 2021,60.77996947340814
2025,101605,CM CLEMENTE FERREIRA,199,PPML-FE + Caged sem 2021,178.64828337959028
2025,101606,CM QUINTA DO CAJU,143,PPML-FE + Caged sem 2021,118.70730810092847
2025,101607,CM TIA DORA,259,PPML-FE + Caged sem 2021,250.5203968673507
2025,101801,EDI PARQUE DA ALEGRIA,271,PPML-FE + Caged sem 2021,245.6633112348282
2025,101802,EDI MACHADO DE ASSIS,152,PPML-FE + Caged sem 2021,127.92585722816152
2025,101803,EDI ANTÔNIO RAPOSO TAVARES,38,PPML-FE + Caged sem 2021,45.056603278815444
2025,1019601,CM SEMPRE VIDA VALE DO SOL,29,PPML-FE + Caged sem 2021,43.6065554958766
2025,1019602,CM SEMPRE VIDA ANTARES,151,PPML-FE + Caged sem 2021,162.87035939724396
2025,1019603,CM JARDIM DOS VIEIRAS,137,PPML-FE + Caged sem 2021,111.43061748396872
2025,1019604,CM AYRTON SENNA,63,PPML-FE + Caged sem 2021,61.26410205226876
2025,1019605,CM MARLENE DA SILVA CARDOSO,57,PPML-FE + Caged sem 2021,61.02203369678378
2025,1019606,CM TRINTA E UM DE OUTUBRO,124,PPML-FE + Caged sem 2021,95.66852954657708
2025,1019607,CM ADALTO BASTOS,221,PPML-FE + Caged sem 2021,151.70591402926868
2025,1019609,CM CANTINHO DA TIA DOLORES,76,PPML-FE + Caged sem 2021,144.66818024134813
2025,1019610,CM CHAVE DO TAMANHO,56,PPML-FE + Caged sem 2021,75.0679232883093
2025,1019611,CM CRIANÇA FELIZ,51,PPML-FE + Caged sem 2021,48.682875819330924
2025,1019612,CM DANIELA PEREZ,305,PPML-FE + Caged sem 2021,308.8122146953304
2025,1019613,CM DJANIRA MARIA RAMOS,128,PPML-FE + Caged sem 2021,95.42608627470739
2025,1019614,CM INSPETOR HERALDO CARVALHO DE SOUSA,240,PPML-FE + Caged sem 2021,201.9547392274102
2025,1019615,CM MARCOLINA,44,PPML-FE + Caged sem 2021,48.682875819330924
2025,1019616,CM MARIA HELENA PAPERA MONTEIRO,60,PPML-FE + Caged sem 2021,58.35956191240045
2025,1019618,CM LEUZA MARINS NOVAES S. SANTOS,75,PPML-FE + Caged sem 2021,85.48748072612452
2025,1019619,CM SANTA TEREZINHA,41,PPML-FE + Caged sem 2021,62.23241615333645
2025,1019620,CM SEMENTINHA DO AMOR,68,PPML-FE + Caged sem 2021,80.39830580868433
2025,1019621,CM SEMPRE VIDA ESTRELA DO ALAGADO,48,PPML-FE + Caged sem 2021,71.434321157905
2025,1019623,CM SEMPRE VIDA TERRA DA PAZ,243,PPML-FE + Caged sem 2021,202.9259238260018
2025,1019624,CM ZACARIAS - O TRAPALHÃO,27,PPML-FE + Caged sem 2021,44.08987347504052
2025,1019625,CM NARIZINHO,41,PPML-FE + Caged sem 2021,43.36490853777449
2025,1019626,CM PEDRINHO,52,PPML-FE + Caged sem 2021,43.123269719043265
2025,1019627,CM VOVÓ BENTA,104,PPML-FE + Caged sem 2021,77.49067081663691
2025,1019628,CM IRINÉA DOS SANTOS PAIVA,77,PPML-FE + Caged sem 2021,112.8858703114096
2025,1019630,CM ESTRELA DALVA,69,PPML-FE + Caged sem 2021,64.65347543175189
2025,1019631,CM TIA HILDA MACEDO,147,PPML-FE + Caged sem 2021,152.91937519095458
2025,1019632,CM MIRIAM PIRES,326,PPML-FE + Caged sem 2021,263.39214298989685
2025,1019633,CM MERILUCE DE OLIVEIRA MÜLLER,44,PPML-FE + Caged sem 2021,50.61749813770019
2025,1019801,EDI SARGENTO IZO GOMES PATRÍCIO,217,PPML-FE + Caged sem 2021,214.58059376101522
2025,1019802,EDI LARISSA DOS SANTOS ATANAZIO,120,PPML-FE + Caged sem 2021,93.97146259691881
2025,1019803,EDI LARYSSA SILVA MARTINS,189,PPML-FE + Caged sem 2021,192.0004590594532
2025,1019804,EDI PROFESSORA MARIA LUIZA JOBIM DE QUEIROZ,55,PPML-FE + Caged sem 2021,51.82683369951782
2025,1019806,EDI PROFESSOR RUBEM GONÇALVES,64,PPML-FE + Caged sem 2021,80.88294575761725
2025,1019807,EDI PROFESSOR ANTONIO ALFREDO MERCADANTE,107,PPML-FE + Caged sem 2021,84.51803868443814
2025,1019808,EDI GEÓGRAFO AZIZ AB' SABER,82,PPML-FE + Caged sem 2021,72.16098932423616
2025,1019809,EDI PROFESSORA CARMEN FRAGA DE ARAÚJO,48,PPML-FE + Caged sem 2021,66.34843785458749
2025,1019810,EDI PROFESSORA ROSELE NICOLAU JORGE COUTINHO,51,PPML-FE + Caged sem 2021,37.5680530401203
2025,1019811,EDI PROFESSORA RAQUEL KELLY LANERA,55,PPML-FE + Caged sem 2021,40.707349917462764
2025,1019815,EDI JOÃO CORRÊA,92,PPML-FE + Caged sem 2021,96.39586946244748
2025,1019818,EDI RENÉE BISCAIA RAPOSO,41,PPML-FE + Caged sem 2021,84.27568354778853
2025,1019820,EDI INAIÁ WANDERLEY CARMO,54,PPML-FE + Caged sem 2021,92.03206273039754
2025,1019821,EDI PROFESSORA SOLANGE INÁCIA DE SÁ DE LACERDA,120,PPML-FE + Caged sem 2021,166.9966728007143
2025,1019822,EDI PROFESSORA KATIA MIRANDA SANTOS,36,PPML-FE + Caged sem 2021,136.90313132390597
2025,1019824,EDI PROFESSORA LILIA CHAVES DA COSTA,26,PPML-FE + Caged sem 2021,90.33518348686448
2025,1019826,EDI THAMIRIS DE ANDRADE DA SILVA SANTOS,140,PPML-FE + Caged sem 2021,143.2121732407356
2025,1019827,EDI MEDALHISTA OLÍMPICA POLIANA OKIMOTO,200,PPML-FE + Caged sem 2021,207.78193617839236
2025,1019828,EDI MEDALHISTA OLÍMPICO ERLON DE SOUZA SILVA,171,PPML-FE + Caged sem 2021,185.9311190920149
2025,1019829,EDI ERASMO CARLOS,94,PPML-FE + Caged sem 2021,95.25420289209627
2025,1019830,EDI GAL COSTA,109,PPML-FE + Caged sem 2021,115.04627878981513
2025,1019831,EDI PROFESSORA MARIA MESQUITA DE SIQUEIRA,218,PPML-FE + Caged sem 2021,229.87851638565445
2025,102601,CM SEMPRE VIDA SANTO ANTÔNIO DE PÁDUA,142,PPML-FE + Caged sem 2021,156.5598571153214
2025,102602,CM ANA MARIA DA CRUZ SILVA,249,PPML-FE + Caged sem 2021,286.22279045834165
2025,102604,CM ARCO-ÍRIS,292,PPML-FE + Caged sem 2021,303.46834447055363
2025,102605,CM ALDEIA DOS CURUMINS,281,PPML-FE + Caged sem 2021,309.2980250335724
2025,102606,CM GEORGE SAVALLA GOMES - PALHAÇO CAREQUINHA,279,PPML-FE + Caged sem 2021,296.42427723090924
2025,1026601,CM SONHO DE CRIANÇA,248,PPML-FE + Caged sem 2021,262.17779944410506
2025,1026602,CM NOSSA SENHORA DA GLÓRIA,118,PPML-FE + Caged sem 2021,136.90313132390597
2025,1026603,CM SEMPRE VIDA COLÔNIA DOS PESCADORES,116,PPML-FE + Caged sem 2021,127.44063453835444
2025,1026604,CM JOSEPHA FERREIRA DA COSTA,319,PPML-FE + Caged sem 2021,311.96999345946597
2025,1026801,EDI SAMIRA PIRES RIBEIRO,36,PPML-FE + Caged sem 2021,120.89051392013475
2025,1026802,EDI PROFESSOR MARCOS FLAMÍNIO PORTUGAL PINTO,387,PPML-FE + Caged sem 2021,363.95541055038785
2025,1026803,EDI PADRE CARLOS HENRIQUE DE SOUZA,99,PPML-FE + Caged sem 2021,116.03906665395766
2025,1026805,EDI MEDALHISTA OLÍMPICO IZAQUIAS QUEIROZ DOS SANTOS,330,PPML-FE + Caged sem 2021,328.4880333555087
2025,1026806,EDI MEDALHISTA OLÍMPICO FELIPE ALMEIDA WU,253,PPML-FE + Caged sem 2021,255.8633053179842
2025,1026807,EDI ALFREDO FERNANDO VAZ GUIMARÃES JÚNIOR,379,PPML-FE + Caged sem 2021,325.0872036756968
2025,1026809,EDI MEDALHISTA PARALÍMPICO RICARDO COSTA DE OLIVEIRA,238,PPML-FE + Caged sem 2021,231.8211966167613
2025,1026810,EDI ALCEBÍADES FRANCISCO ROSA,331,PPML-FE + Caged sem 2021,337.47607482668604
2025,1026811,EDI GERMANO THOMÉ DE OLIVEIRA,43,PPML-FE + Caged sem 2021,166.51121566471554
2025,102802,EDI CAMPOS SALLES,31,PPML-FE + Caged sem 2021,50.375648770743815
2025,102803,EDI RACHEL DE QUEIROZ,53,PPML-FE + Caged sem 2021,67.55923080120151
2025,103601,CM ESPAÇO LIVRE DA CRIANÇA,51,PPML-FE + Caged sem 2021,53.76206519328738
2025,103602,CM DIREITOS HUMANOS,87,PPML-FE + Caged sem 2021,76.76381883328955
2025,103604,CM SONHO INFANTIL,107,PPML-FE + Caged sem 2021,101.00269435492352
2025,103605,CM BRINCADEIRAS DE CRIANÇA,123,PPML-FE + Caged sem 2021,131.3225205029137
2025,103606,CM CAMPOS DA PAZ,102,PPML-FE + Caged sem 2021,132.53565768622477
2025,103607,CM ESTÁCIO DE SÁ,227,PPML-FE + Caged sem 2021,269.9496936239775
2025,103801,EDI PROFESSORA SIMONE SOUSA PIMENTEL,134,PPML-FE + Caged sem 2021,138.35901626861835
2025,103802,EDI LILY MARINHO,175,PPML-FE + Caged sem 2021,203.16872092052208
2025,103804,EDI ZÉLIA GATTAI AMADO,73,PPML-FE + Caged sem 2021,71.1921044507938
2025,103805,EDI BEATRIZ VICÊNCIA BANDEIRA RYFF,86,PPML-FE + Caged sem 2021,134.9619978140568
2025,103806,EDI FUNDAÇÃO LEÃO XIII,19,PPML-FE + Caged sem 2021,10.198937791086035
2025,103807,EDI MARIA LUIZA NOBRE - TIA LUIZINHA,232,PPML-FE + Caged sem 2021,228.17868660531875
2025,107601,CM ADALBERTO ISMAEL DE SOUZA,67,PPML-FE + Caged sem 2021,47.95749752901681
2025,107602,CM DEPUTADO LUIZ EDUARDO DE MAGALHÃES,188,PPML-FE + Caged sem 2021,176.22076702390865
2025,107603,CM VOVÓ LUCÍOLA,130,PPML-FE + Caged sem 2021,127.19802462232823
2025,107604,CM HOMERO JOSÉ DOS SANTOS,174,PPML-FE + Caged sem 2021,172.57958662653917
2025,107605,CM EDUARDO MOREIRA DOS SANTOS,152,PPML-FE + Caged sem 2021,149.521726567788
2025,107606,CM FRANCISCO ALVES,154,PPML-FE + Caged sem 2021,137.38842302898811
2025,107607,CM NAÇÃO MANGUEIRENSE,175,PPML-FE + Caged sem 2021,194.18548676582597
2025,107608,CM SAMORA MACHEL,138,PPML-FE + Caged sem 2021,139.32962246198437
2025,107609,CM VASQUINHO,239,PPML-FE + Caged sem 2021,221.37951589650692
2025,107610,CM ARARA AZUL,335,PPML-FE + Caged sem 2021,286.46567920297383
2025,107801,EDI PROFESSORA DAYSE MALAGOLE,48,PPML-FE + Caged sem 2021,53.520142144650855
2025,107802,EDI MORRO DOS TELÉGRAFOS,16,PPML-FE + Caged sem 2021,20.467245057550745
2025,107803,EDI DOIS DE JULHO,45,PPML-FE + Caged sem 2021,42.88163913032102
2025,11001,CP CRECHE COMUNITÁRIA ALEGRIA DA CRIANÇA,118,PPML-FE + Caged sem 2021,136.51782747556175
2025,11003,CP AMIG - ASSOCIAÇÃO DOS MORADORES DA ILHA DO GOVERNADOR,215,PPML-FE + Caged sem 2021,188.62743774521127
2025,11004,CP CENTRO DE ATIVIDADES EDUCACIONAIS E CULTURAIS ARCA DE NOÉ - CAECAN,237,PPML-FE + Caged sem 2021,218.43866440518465
2025,11006,CP CRECHE CASULO DO DENDÊ,391,PPML-FE + Caged sem 2021,344.4563254806952
2025,11007,CP CRECHE ESFERA KIDS,135,PPML-FE + Caged sem 2021,139.8233098629684
2025,11008,CP FILIAL BANCÁRIOS - RJ,213,PPML-FE + Caged sem 2021,202.70254700290548
2025,11009,CP CRECHE COMUNITÁRIA IRMÃ MOROCHA (CCIM),147,PPML-FE + Caged sem 2021,140.64975969109977
2025,11010,CP CHALÉ SEMENTINHA (ILHA DO GOVERNADOR),54,PPML-FE + Caged sem 2021,177.86745960799107
2025,1120201,CIEP OLGA BENÁRIO PRESTES,34,PPML-FE + Caged sem 2021,27.440177814921917
2025,1120601,CM STELLA MARIS,289,PPML-FE + Caged sem 2021,280.1506343567002
2025,1120602,CM CORA CORALINA,274,PPML-FE + Caged sem 2021,293.99532267655195
2025,1120603,CM DOUTOR ANTÔNIO MONTEIRO,294,PPML-FE + Caged sem 2021,253.19183642759907
2025,1120604,CM MARIA ARMINDA F. SOUZA AGUIAR,194,PPML-FE + Caged sem 2021,221.62233923208132
2025,1120605,CM SEMPRE VIDA LORETO,264,PPML-FE + Caged sem 2021,246.14901523019122
2025,1120606,CM TAUÁ,364,PPML-FE + Caged sem 2021,308.08350041131246
2025,1120801,EDI JOSÉ DE SOUZA RAMOS,135,PPML-FE + Caged sem 2021,138.35901626861835
2025,1120802,EDI NEUSA MARIA GOULART BRIZOLA,197,PPML-FE + Caged sem 2021,225.0218988216686
2025,1120804,EDI PROFESSORA ANNA MARIA JESUS CONCEICAO,178,PPML-FE + Caged sem 2021,219.1941202211419
2025,121001,EM JOAQUIM MANUEL DE MACEDO,56,PPML-FE + Caged sem 2021,33.224432172669765
2025,123601,CM JOSÉ MARINHO DE OLIVEIRA,130,PPML-FE + Caged sem 2021,96.63831943972582
2025,123603,CM FALLET,92,PPML-FE + Caged sem 2021,79.91367541116547
2025,123801,EDI HELOÍSA MARINHO,14,PPML-FE + Caged sem 2021,18.06900983389956
2025,2001,CP CRECHE ESPAÇO SEMENTE,62,PPML-FE + Caged sem 2021,69.75059059152436
2025,2002,CP EDUCANDÁRIO CASA DE JACIRA,38,PPML-FE + Caged sem 2021,30.570063479031464
2025,2003,CP CENTRO COMUNITÁRIO DA RUA UM UNIÃO FAZ A FORÇA,135,PPML-FE + Caged sem 2021,43.558844736224856
2025,2004,CP AÇÃO SOCIAL PADRE ANCHIETA - ASPA,293,PPML-FE + Caged sem 2021,324.54762978770924
2025,2005,CP ESCOLA COMUNITÁRIA DO CANTAGALO,61,PPML-FE + Caged sem 2021,81.2575553697478
2025,2006,CP CRECHE PRÉ-ESCOLA COMUNITÁRIA DOIS IRMÃOS,73,PPML-FE + Caged sem 2021,79.61247526899221
2025,2009,CP ABRIGO TERESA DE JESUS,137,PPML-FE + Caged sem 2021,144.78246611588222
2025,2010,CP CRECHE PATINHO FELIZ,141,PPML-FE + Caged sem 2021,199.39034340571703
2025,2011,CP SOCIEDADE CIVIL DE ASSISTÊNCIA A MENORES - CASA DA DINDA,80,PPML-FE + Caged sem 2021,119.17331454695837
2025,2012,CP GRUPO COMUNITÁRIO CRECHE ESCOLA TIA MAURA,107,PPML-FE + Caged sem 2021,90.31167523736266
2025,2013,CP CENTRO DE EDUCAÇÃO INFANTIL CRISTO REDENTOR,57,PPML-FE + Caged sem 2021,63.18564211809887
2025,2014,CP CRUZADA PELA INFÂNCIA DO LEME,114,PPML-FE + Caged sem 2021,96.90225987893145
2025,2015,CP CRECHE SANT ANNA,127,PPML-FE + Caged sem 2021,126.60464026350994
2025,2016,CP CASA MATERNAL MELLO MATTOS,184,PPML-FE + Caged sem 2021,172.9024011497027
2025,2018,CP FUNDAÇÃO CASA SANTA IGNEZ,84,PPML-FE + Caged sem 2021,105.97097906916558
2025,2019,CP UNIDAS - OBRAS SOCIAIS UNIDAS DE SANTA MARTA,45,PPML-FE + Caged sem 2021,53.35698589026311
2025,2020,CP CASA ESPÍRITA CRISTÃ MARIA DE NAZARÉ,104,PPML-FE + Caged sem 2021,124.12716998857101
2025,2022,CP CRECHE CHAPEUZINHO MARROM,49,PPML-FE + Caged sem 2021,56.630333170139835
2025,2024,CP CRECHE ESCADINHA DO SABER,11,PPML-FE + Caged sem 2021,16.17356758590491
2025,2025,CP CRECHE BEZERRA DE MENEZES - BOTAFOGO,238,PPML-FE + Caged sem 2021,316.25331665585225
2025,2026,CP CRECHE MONSENHOR FRANCA,63,PPML-FE + Caged sem 2021,73.03612900971969
2025,2028,CP OBRAS SOCIAIS PADRE ALEIXO,155,PPML-FE + Caged sem 2021,148.9159035641256
2025,2029,CP CASA DA CRIANÇA,416,PPML-FE + Caged sem 2021,421.62827356363056
2025,2031,CP CENTRO COMUNITÁRIO ALEGRIA DAS CRIANÇAS,86,PPML-FE + Caged sem 2021,64.82605072133242
2025,2032,CP PATRONATO OPERÁRIO DA GÁVEA,71,PPML-FE + Caged sem 2021,60.72616319202824
2025,2034,CP CENTRO SOCIAL DA MULHER UÊGA,76,PPML-FE + Caged sem 2021,77.96777610087028
2025,2035,CP CENTRO SOCIAL E AÍ COMO É QUE FICA ?,82,PPML-FE + Caged sem 2021,83.72585714830619
2025,2036,CP CRECHE BERÇÁRIO MARIA HELENA DA ROCINHA,177,PPML-FE + Caged sem 2021,174.55734044297273
2025,2037,CP CRECHE COMUNITÁRIA CANTINHO DA NATUREZA,176,PPML-FE + Caged sem 2021,181.17788976744933
2025,2038,CP CRECHE CHÁCARA DO CÉU,45,PPML-FE + Caged sem 2021,75.50147679224534
2025,2039,CP CRECHE ESCOLA MENINOS DE LUZ,268,PPML-FE + Caged sem 2021,277.2789254544424
2025,2040,CP CRECHE MARIA MARIA,123,PPML-FE + Caged sem 2021,106.79575102578926
2025,2041,CP CRECHE E PRÉ-ESCOLA COMUNITÁRIA DO 199 PINGO DE GENTE,80,PPML-FE + Caged sem 2021,35.42760369344885
2025,2042,CP CRECHE SANTA CLARA,133,PPML-FE + Caged sem 2021,123.30142516711354
2025,2043,CP CRECHE SANTA MÔNICA,124,PPML-FE + Caged sem 2021,160.49309155945156
2025,2044,CP CRECHE SÃO COSME E SÃO DAMIÃO,89,PPML-FE + Caged sem 2021,86.19493532444605
2025,2045,CP CREI - CENTRO DE RECUPERAÇÃO INFANTIL,63,PPML-FE + Caged sem 2021,45.18922410094207
2025,2046,CP ESPAÇO SANTA TEREZINHA - EST,207,PPML-FE + Caged sem 2021,235.00803883885
2025,204601,CM TIA AMÁLIA,58,PPML-FE + Caged sem 2021,75.31018600752572
2025,204602,CM ARACY GUIMARÃES ROSA,587,PPML-FE + Caged sem 2021,465.26853406134967
2025,2047,CP GRUPO COMUNITÁRIO MORRO DA ALEGRIA,66,PPML-FE + Caged sem 2021,74.67958543346607
2025,2048,CP LAR CANTINHO FELIZ,212,PPML-FE + Caged sem 2021,267.3306860633703
2025,204804,EDI PROFESSORA SARITA KONDER,30,PPML-FE + Caged sem 2021,78.45984269395477
2025,204805,EDI CLAUDIO CAVALCANTI,188,PPML-FE + Caged sem 2021,173.06507067991149
2025,204806,EDI IRMA MARGARITA ALARCON,133,PPML-FE + Caged sem 2021,182.77517208988817
2025,2049,CP OBRA DO BERÇO,285,PPML-FE + Caged sem 2021,276.44986011100127
2025,2052,CP CRECHE CASA SANTA MARTA,137,PPML-FE + Caged sem 2021,147.26244347539424
2025,2053,CP CRECHE ESPERANÇA,184,PPML-FE + Caged sem 2021,200.218371385275
2025,2054,CP UNIÃO DE MULHERES PRO-MELHORAMENTO DA ROUPA SUJA,78,PPML-FE + Caged sem 2021,83.72585714830612
2025,2055,CP CRECHE CASA DO POBRE DE NOSSA SENHORA DE COPACABANA,136,PPML-FE + Caged sem 2021,96.07819850780245
2025,2056,CP CRECHE SANTA CLARA DE ASSIS NA PROVIDÊNCIA DE DEUS,70,PPML-FE + Caged sem 2021,86.19493532444605
2025,205601,CM IRMÃS BAPTISTA,425,PPML-FE + Caged sem 2021,416.18921866298325
2025,205602,CM TIA SONIA CRISPINIANO,181,PPML-FE + Caged sem 2021,205.3539115909788
2025,2057,CP CENTRO EDUCACIONAL ESPERANÇA,37,PPML-FE + Caged sem 2021,30.570063479031464
2025,2058,CP NASCEER - NÚCLEO DE ASSIST. SOCIAL CULTURAL EDUC. ECOLÓGICO DA ROCINHA,82,PPML-FE + Caged sem 2021,58.26814293930661
2025,205801,EDI DONA MARCELA,90,PPML-FE + Caged sem 2021,126.71280766618351
2025,2060,CP ASSOCIAÇÃO CENTRO EDUCACIONAL REBRAL - ROCINHA,138,PPML-FE + Caged sem 2021,72.2145687680365
2025,2061,CP CRECHE INSTITUTO MACINTYRE,60,PPML-FE + Caged sem 2021,73.03612900971969
2025,2062,CP CENTRO EDUCACIONAL ROUPA FELIZ,13,PPML-FE + Caged sem 2021,25.73483249491627
2025,2063,CP CRECHE ANJOS DO BEM,66,PPML-FE + Caged sem 2021,68.10855127066951
2025,206601,CM DOUTOR SOBRAL PINTO,74,PPML-FE + Caged sem 2021,79.4290546806866
2025,206602,CM VIDIGAL,139,PPML-FE + Caged sem 2021,145.15352186047383
2025,206603,CM JACÓ INÁCIO GOMES,88,PPML-FE + Caged sem 2021,143.69750591145285
2025,206605,CM DOUTOR PEDRO BLOCH,121,PPML-FE + Caged sem 2021,165.78303416117743
2025,206606,CM ELZA MACHADO DOS SANTOS - TIA ELZA,196,PPML-FE + Caged sem 2021,200.9835607196563
2025,208601,CM CASA BRANCA - PROFESSOR PAULO FREIRE,82,PPML-FE + Caged sem 2021,86.94170695335724
2025,208603,CM RAÍZES DO SALGUEIRO,85,PPML-FE + Caged sem 2021,69.9810669540131
2025,208604,CM TIA BELA,89,PPML-FE + Caged sem 2021,109.00529641486925
2025,208605,CM TIA MARIA,30,PPML-FE + Caged sem 2021,53.27822445800446
2025,208606,CM DOUTOR RONALDO LUIZ GAZOLLA,48,PPML-FE + Caged sem 2021,76.76381883328955
2025,208607,CM DOS SONHOS,57,PPML-FE + Caged sem 2021,72.16098932423616
2025,208608,CM DOUTOR SÉRGIO AROUCA,181,PPML-FE + Caged sem 2021,186.17388742194044
2025,208801,EDI IGOR MORAES DA SILVA,70,PPML-FE + Caged sem 2021,81.85225385747243
2025,208803,EDI BOREL,58,PPML-FE + Caged sem 2021,80.67507268143801
2025,209601,CM PIPA NO CÉU,101,PPML-FE + Caged sem 2021,125.49978222381719
2025,209602,CM CANTINHO DO CÉU,152,PPML-FE + Caged sem 2021,137.63107011453312
2025,209603,CM GALDINO MANOEL DA SILVA,46,PPML-FE + Caged sem 2021,39.258234494529226
2025,209604,CM NOVA DIVINÉIA,56,PPML-FE + Caged sem 2021,63.20079384447831
2025,209605,CM SÃO SEBASTIÃO - ARRELIA,75,PPML-FE + Caged sem 2021,70.70768018163024
2025,209606,CM WINNIE MANDELA,55,PPML-FE + Caged sem 2021,66.59058954627271
2025,209607,CM SOLANGE MARIA MAGALHÃES,71,PPML-FE + Caged sem 2021,97.60813582108563
2025,209608,CM GERMINAL DA VILA,124,PPML-FE + Caged sem 2021,134.71935992195185
2025,209609,CM PAPA JOÃO PAULO II,146,PPML-FE + Caged sem 2021,158.98692457840644
2025,209610,CM FRANCISCO DE PAULA,92,PPML-FE + Caged sem 2021,111.1880796773776
2025,209803,EDI PROFESSORA SUELY DE PINHO CAVALCANTE,34,PPML-FE + Caged sem 2021,83.79097980939966
2025,209804,EDI PROFESSORA LUCIA MARIA QUITETE DE CARVALHO AMARAL,15,PPML-FE + Caged sem 2021,30.57213607607585
2025,227601,CM CASTELINHO,44,PPML-FE + Caged sem 2021,121.37568253468122
2025,227602,CM IACYRA FRAZÃO,15,PPML-FE + Caged sem 2021,26.477150013824303
2025,227801,EDI PROFESSORA EDIR CASEIRO RIBEIRO,347,PPML-FE + Caged sem 2021,300.5535404240982
2025,3001,CP ASSOCIAÇÃO PRESBITERIANA CUIDANDO DO AMANHÃ - APCA,161,PPML-FE + Caged sem 2021,165.4562152465529
2025,3002,CP ABRIGO MARIA IMACULADA,249,PPML-FE + Caged sem 2021,258.2125588835993
2025,3003,CP CASA SÃO ROQUE,158,PPML-FE + Caged sem 2021,183.66090972913148
2025,3004,CP CENTRO COMUNITÁRIO NOSSA SENHORA APARECIDA - CRECHE,85,PPML-FE + Caged sem 2021,107.62057635121859
2025,3005,CP COLÉGIO RUTH SANT ANNA / JARDIM DE INFÂNCIA CIRANDA CIRANDINHA,94,PPML-FE + Caged sem 2021,143.1292934876401
2025,3006,CP CRECHE CASA VIVA,421,PPML-FE + Caged sem 2021,427.43829549921213
2025,3007,CP CRECHE CHAMEGUINHO,85,PPML-FE + Caged sem 2021,96.07819850780245
2025,3008,CP CRECHE COMUNITÁRIA ELIANA SATURNINO BRAGA,105,PPML-FE + Caged sem 2021,91.13525161045824
2025,3009,CP CRECHE COMUNITÁRIA JOÃO FERREIRA,46,PPML-FE + Caged sem 2021,41.92970368095607
2025,3010,CP CRECHE ESCOLA COMUNITÁRIA MÃE SOCIAL,122,PPML-FE + Caged sem 2021,131.5605974237295
2025,3011,CP CRECHE DO CENTRO PASTORAL SOCIAL PADRE JUSTINO RUSSOLILLO,44,PPML-FE + Caged sem 2021,55.81170419316548
2025,3012,CP CRECHE MÃE DO DIVINO SALVADOR,328,PPML-FE + Caged sem 2021,316.25331665585196
2025,3013,CP CRECHE DO JACAREZINHO,179,PPML-FE + Caged sem 2021,179.52263652651988
2025,3014,CP CRECHE PLANTANDO O AMANHÃ,584,PPML-FE + Caged sem 2021,590.1735859145604
2025,3015,CP CRECHE MARIETTA NAVARRO GAIO,68,PPML-FE + Caged sem 2021,94.43027415825752
2025,3016,CP CRECHE SÃO PEDRO NOLASCO,80,PPML-FE + Caged sem 2021,81.25755536974773
2025,3017,CP CRECHE TERNURINHA,43,PPML-FE + Caged sem 2021,56.63033317013989
2025,3018,CP FRATERNIDADE ASSISTENCIAL CRISTÃ,42,PPML-FE + Caged sem 2021,46.004851159003394
2025,3019,CP INSTITUTO EDUCACIONAL CRESCENDO E APRENDENDO ALGODÃO DOCE,202,PPML-FE + Caged sem 2021,223.40896746571016
2025,3020,CP LAR DA CRIANÇA JESUS BOM PASTOR,118,PPML-FE + Caged sem 2021,111.74547596133222
2025,3021,CP CRECHE COMUNITÁRIA TIA ALICE,199,PPML-FE + Caged sem 2021,220.09538142600002
2025,3022,CP INSTITUTO AVANTE ELITE DO FUTURO,257,PPML-FE + Caged sem 2021,253.23950266634554
2025,3023,CP LAR DE MARIA DOLORES,49,PPML-FE + Caged sem 2021,43.55884473622482
2025,3024,CP CASA DE LEYLÁ,191,PPML-FE + Caged sem 2021,217.61032522881288
2025,3025,CP CENTRO CULTURAL EDUCAR - UNIDADE II,486,PPML-FE + Caged sem 2021,449.8498998808067
2025,3026,CP CHALÉ SEMENTINHA,504,PPML-FE + Caged sem 2021,468.9430402062196
2025,3027,CP CENTRO CULTURAL EDUCAR - UNIDADE IV,239,PPML-FE + Caged sem 2021,261.5281158104212
2025,3028,CP ESTRELINHA DO MAR,299,PPML-FE + Caged sem 2021,295.5203164510999
2025,3029,CP CRECHE BRINCANDO COM JUNINHO,179,PPML-FE + Caged sem 2021,201.0464147280359
2025,3030,CP CRECHE TIO KITO,65,PPML-FE + Caged sem 2021,90.31167523736275
2025,3031,CP ESCOLA COMUNITÁRIA JARDIM ARCO-ÍRIS - UNIDADE I,110,PPML-FE + Caged sem 2021,126.60464026350994
2025,3032,CP NÚCLEO RECREATIVO RAIOZINHO DE SOL,188,PPML-FE + Caged sem 2021,193.594588588874
2025,3033,CP INSTITUTO EDUCACIONAL T & P CONQUISTA,270,PPML-FE + Caged sem 2021,257.3836926679458
2025,3034,CP CRECHE RISCO E RABISCO,129,PPML-FE + Caged sem 2021,125.7787780484478
2025,3035,CP CENTRO EDUCACIONAL SÃO VICENTE DE PAULO,76,PPML-FE + Caged sem 2021,105.97097906916548
2025,3036,CP CENTRO CULTURAL EVOLUIR,178,PPML-FE + Caged sem 2021,173.7298606146216
2025,3037,CP CRECHE FRUTOS DO AMANHÃ I,447,PPML-FE + Caged sem 2021,518.7579817577665
2025,3038,CP CRECHE FRUTOS DO AMANHÃ II,210,PPML-FE + Caged sem 2021,237.49384667638705
2025,3039,CP CRECHE COMUNITÁRIA CÉU AZUL,101,PPML-FE + Caged sem 2021,76.32347382797091
2025,3040,CP ASSOCIAÇÃO CRESCENCIO UNIDADE II,100,PPML-FE + Caged sem 2021,143.1292934876401
2025,3041,CP CENTRO DE DESENVOLVIMENTO INFANTIL ESPELHO D'AGUA,124,PPML-FE + Caged sem 2021,108.4454542406324
2025,312502,CIEP PROCÓPIO FERREIRA,143,PPML-FE + Caged sem 2021,146.36688874161086
2025,312601,CM CANTINHO FELIZ,228,PPML-FE + Caged sem 2021,246.63472025127638
2025,312602,CM ENGENHO DA RAINHA,244,PPML-FE + Caged sem 2021,210.69561308857487
2025,312603,CM RENASCER,248,PPML-FE + Caged sem 2021,235.22093135224938
2025,312801,EDI HENRIQUE FORÉIS,186,PPML-FE + Caged sem 2021,196.8561213976843
2025,312802,EDI LUCIA MARIA BATISTA DE ALBUQUERQUE,76,PPML-FE + Caged sem 2021,111.1880796773776
2025,312803,EDI PROFESSORA LUIZA HELENA MAIA MEDEIROS,70,PPML-FE + Caged sem 2021,92.03206273039754
2025,312804,EDI PROFESSORA TÂNIA MARTINS NOVO LENZ,129,PPML-FE + Caged sem 2021,150.73515721466578
2025,312805,EDI TANIA CRISTINA MOREIRA,273,PPML-FE + Caged sem 2021,266.3065902508254
2025,312806,EDI PROFESSORA ELIANE MONTE CHIARI DANTAS,189,PPML-FE + Caged sem 2021,222.5936357296459
2025,312809,EDI PROFESSORA VALÉRIA PEREIRA DE SOUZA PINTO,161,PPML-FE + Caged sem 2021,209.9671890838159
2025,312810,EDI MARIA MAZZETTI,55,PPML-FE + Caged sem 2021,73.85665110391103
2025,312812,EDI HERMENEGILDO DE BARROS,152,PPML-FE + Caged sem 2021,141.7561934501079
2025,312813,EDI JORNALISTA JORGE BASTOS MORENO,217,PPML-FE + Caged sem 2021,261.9501351694632
2025,313601,CM VILA DOS MINEIROS,102,PPML-FE + Caged sem 2021,125.49978222381719
2025,313602,CM ACONCHEGO,76,PPML-FE + Caged sem 2021,96.8807710724399
2025,313603,CM SYLVIA ORTHOF,147,PPML-FE + Caged sem 2021,155.5890477380625
2025,313604,CM NOSSO CANTINHO,111,PPML-FE + Caged sem 2021,138.8443177573815
2025,313606,CM CANTINHO DO QUETO,73,PPML-FE + Caged sem 2021,110.21794102446587
2025,313607,CM ODETINHA VIDAL DE OLIVEIRA,133,PPML-FE + Caged sem 2021,203.16872092052228
2025,313608,CM RACHEL LEITE DIAS,322,PPML-FE + Caged sem 2021,314.88489014049395
2025,313609,CM RECANTO DA CACHOEIRA,128,PPML-FE + Caged sem 2021,132.77828778208178
2025,313610,CM EMMANUEL,134,PPML-FE + Caged sem 2021,163.35579942379917
2025,313611,CM JOSÉ RAMOS JANUÁRIO - ZÉ PRETINHO,133,PPML-FE + Caged sem 2021,211.42404024155127
2025,313612,CM MARCILIA CATARINA DA COSTA ORGÉLIO - TIA MANA,218,PPML-FE + Caged sem 2021,250.76325378083448
2025,313801,EDI PROF. JOSÉ LIBONATI FILHO,101,PPML-FE + Caged sem 2021,119.67761100143224
2025,313802,EDI ANÍSIO TEIXEIRA,316,PPML-FE + Caged sem 2021,332.6176501702545
2025,313804,EDI GEORGE BERNANOS,84,PPML-FE + Caged sem 2021,108.27772523145259
2025,313805,EDI MAURÍCIO CARDOSO,160,PPML-FE + Caged sem 2021,170.15219785294516
2025,313806,EDI EDUCANDÁRIO DE SANTA CRUZ,28,PPML-FE + Caged sem 2021,65.8641449934892
2025,313809,EDI ESCULTORA LYGIA CLARK,123,PPML-FE + Caged sem 2021,117.49445423269161
2025,328601,CM GERALDA DE JESUS ALEIXO,105,PPML-FE + Caged sem 2021,115.31138832211975
2025,328602,CM TIA ANDREZA,214,PPML-FE + Caged sem 2021,244.69190633750767
2025,328604,CM DA COMUNIDADE DO JACAREZINHO,201,PPML-FE + Caged sem 2021,220.8938701767807
2025,328801,EDI PADRE NELSON CARLOS DEL MÔNACO,288,PPML-FE + Caged sem 2021,278.45045260228113
2025,329801,EDI DONA LINDU,323,PPML-FE + Caged sem 2021,285.2512373804078
2025,330601,CM JOSÉ DE VIEIRA DA SILVA,220,PPML-FE + Caged sem 2021,189.08714197959242
2025,330602,CM NOVA BRASÍLIA,258,PPML-FE + Caged sem 2021,266.0637184309278
2025,4001,CP CENTRO EDUCACIONAL APRENDIZ DA MARÉ,178,PPML-FE + Caged sem 2021,206.01499049239672
2025,4002,CP INSTITUTO EDUCACIONAL LUIZ ANTONIO - IELA,114,PPML-FE + Caged sem 2021,144.78246611588222
2025,4003,CP ASSOCIAÇÃO CIVIL CENTRO EDUCACIONAL COMUNITÁRIO ESTAÇÃO DO SABER,100,PPML-FE + Caged sem 2021,131.5605974237295
2025,4004,CP CRECHE DO CENTRO COMUNITÁRIO DA VILA PROLETÁRIA DA PENHA,108,PPML-FE + Caged sem 2021,98.55057552141793
2025,4005,CP CASA DE JOEL,193,PPML-FE + Caged sem 2021,182.83321795279255
2025,4006,CP COMUNIDADE INSTITUCIONAL ADULÃO TEMPO FELIZ,92,PPML-FE + Caged sem 2021,93.60641346183101
2025,4007,CP CRECHE CASULO BOM JESUS DA PENHA,80,PPML-FE + Caged sem 2021,117.52236709480698
2025,4008,CP CRECHE COMUNITÁRIA CASULO DO PARQUE PROLETÁRIO DA PENHA,65,PPML-FE + Caged sem 2021,47.63693080025492
2025,4009,CP CRECHE COMUNITÁRIA DE MANGUINHOS,59,PPML-FE + Caged sem 2021,64.00577336106242
2025,4010,CP CRECHE COMUNITÁRIA SAGRADO CORAÇÃO DE MARIA,114,PPML-FE + Caged sem 2021,96.90225987893145
2025,4011,CP CRECHE E PRÉ-ESCOLA NOVA JERUSALÉM,71,PPML-FE + Caged sem 2021,90.31167523736275
2025,4012,CP CRECHE ESCOLA MIMI I,200,PPML-FE + Caged sem 2021,237.49384667638705
2025,4013,CP RECANTO DA CRIANÇA FELIZ,87,PPML-FE + Caged sem 2021,91.95890095498748
2025,4014,CP CRECHE SAGRADO CORAÇÃO DE MARIA E SANTO ANTÔNIO,109,PPML-FE + Caged sem 2021,81.2575553697478
2025,4015,CP ESPAÇO DE EDUCAÇÃO INFANTIL VILA DO JOÃO,325,PPML-FE + Caged sem 2021,198.5623309163637
2025,4016,CP CRECHE LAR IRMÃO FRANCISCO,182,PPML-FE + Caged sem 2021,138.9968913541315
2025,4017,CP ASSOCIAÇÃO CENTRO EDUCACIONAL REBRAL I,144,PPML-FE + Caged sem 2021,165.4562152465529
2025,4018,CP SOCIEDADE DE ENSINO TEREZA CRISTINA,149,PPML-FE + Caged sem 2021,158.01184824619477
2025,4020,CP CENTRO CULTURAL EDUCAR,77,PPML-FE + Caged sem 2021,103.4969917424022
2025,4021,CP ASSOCIAÇÃO CENTRO EDUCACIONAL REBRAL II,184,PPML-FE + Caged sem 2021,184.48861974148795
2025,4022,CP CRECHE VALE DO SOL NO GROTÃO,306,PPML-FE + Caged sem 2021,271.4756396215402
2025,4023,CP CENTRO CULTURAL EDUCAR - UNIDADE III,106,PPML-FE + Caged sem 2021,177.03990021067995
2025,4024,CP CRECHE VALE DO SOL,358,PPML-FE + Caged sem 2021,382.62280322140174
2025,4025,CP CRECHE E PRÉ-ESCOLA NOVA JERUSALÉM NO CORDOVIL,189,PPML-FE + Caged sem 2021,216.7819990720314
2025,4026,CP CRECHE ESCOLA PATINHO ESTUDIOSO,40,PPML-FE + Caged sem 2021,47.63693080025492
2025,4027,CP ASSOCIAÇÃO CENTRO EDUCACIONAL REBRAL IV,392,PPML-FE + Caged sem 2021,384.2824324487508
2025,4028,CP CRECHE TIA NANE I,92,PPML-FE + Caged sem 2021,105.97097906916548
2025,4029,CP SOLZINHO,290,PPML-FE + Caged sem 2021,297.17880134784457
2025,4030,CP CRECHE VALE DO SOL II,327,PPML-FE + Caged sem 2021,289.71584452859867
2025,4032,CP ASSOCIAÇÃO CENTRO EDUCACIONAL REBRAL V,377,PPML-FE + Caged sem 2021,405.8590898049513
2025,4034,CP CASA DE JOEL II,341,PPML-FE + Caged sem 2021,366.8571915650486
2025,4035,CP INSTITUTO DE EDUCAÇÃO EUCLIDES DOS SANTOS,178,PPML-FE + Caged sem 2021,223.40896746571016
2025,4036,CP CRECHE GIZ COLORIDO,93,PPML-FE + Caged sem 2021,137.34414978057055
2025,4037,CP CRECHE ESCOLA MIMI II,92,PPML-FE + Caged sem 2021,90.31167523736275
2025,4038,CP ASSOCIAÇÃO CENTRO EDUCACIONAL REBRAL VIII,227,PPML-FE + Caged sem 2021,268.98864191491
2025,4039,CP ASSOCIAÇÃO CENTRO EDUCACIONAL REBRAL IX,89,PPML-FE + Caged sem 2021,86.19493532444605
2025,4040,CP ASSOCIAÇÃO CENTRO EDUCACIONAL REBRAL X,503,PPML-FE + Caged sem 2021,258.2125588835993
2025,4041,CP CRECHE ESCOLA OTACÍLIO BATISTA,105,PPML-FE + Caged sem 2021,88.6647467096802
2025,4042,CP CENTRO CULTURAL PEDACINHO DO CÉU,167,PPML-FE + Caged sem 2021,188.6274377452111
2025,4043,CP ASSOCIAÇÃO COMUNITÁRIA EDUCACIONAL FLORESCER,104,PPML-FE + Caged sem 2021,110.92039551168126
2025,4044,CP CRECHE HOUSE BABY - BONSUCESSO,186,PPML-FE + Caged sem 2021,199.39034340571723
2025,4045,CP CRECHE CRIANÇA FELIZ EM LUCAS,112,PPML-FE + Caged sem 2021,129.08245371396364
2025,4046,CP CRECHE TIA NANE III,84,PPML-FE + Caged sem 2021,102.67244168942261
2025,4047,CP CRECHE VALE DO SOL III,305,PPML-FE + Caged sem 2021,294.6910846070876
2025,4048,CP INSTITUTO DE EDUCAÇÃO EUCLIDES DOS SANTOS II,117,PPML-FE + Caged sem 2021,181.1778897674495
2025,4049,CP INSTITUTO JOSEFA LAURENTINO,91,PPML-FE + Caged sem 2021,189.45525384391485
2025,4050,CP CENTRO EDUCACIONAL CARIOQUINHA,112,PPML-FE + Caged sem 2021,133.21287065413472
2025,410601,CM MANGUINHOS,62,PPML-FE + Caged sem 2021,74.0988999595084
2025,410602,CM DR. JUVENIL DE SOUZA LOPES,27,PPML-FE + Caged sem 2021,70.4654726611615
2025,410603,CM CHICO BENTO,143,PPML-FE + Caged sem 2021,272.13557876501386
2025,410801,EDI DOUTOR DOMINGOS ARTHUR MACHADO FILHO,452,PPML-FE + Caged sem 2021,311.96999345946597
2025,410802,EDI DOUTOR ANTÔNIO FERNANDES FIGUEIRA,187,PPML-FE + Caged sem 2021,131.56514615592755
2025,410803,EDI JOAQUIM VENÂNCIO,68,PPML-FE + Caged sem 2021,68.04357177837076
2025,410804,EDI SARGENTO JORGE FALEIRO SOUZA,22,PPML-FE + Caged sem 2021,41.432033699711965
2025,410805,EDI COMPOSITOR NEOCI DIAS DE ANDRADE,150,PPML-FE + Caged sem 2021,162.1422037473977
2025,410807,EDI PROFESSORA TANIA DA ROCHA CORREA,132,PPML-FE + Caged sem 2021,158.50150611655613
2025,410808,EDI ALMIR LEITE RIBEIRO,158,PPML-FE + Caged sem 2021,180.10481661801296
2025,410810,EDI MIGUEL COUTO,42,PPML-FE + Caged sem 2021,84.03333058527589
2025,411601,CM CARLOS DRUMMOND DE ANDRADE,138,PPML-FE + Caged sem 2021,198.07006233462573
2025,411602,CM TEMPO DE APRENDER,94,PPML-FE + Caged sem 2021,104.88255273565296
2025,411603,CM MORRO DA PAZ,108,PPML-FE + Caged sem 2021,115.06883120016555
2025,411604,CM BETINHO,11,PPML-FE + Caged sem 2021,77.97525167971172
2025,411605,CM CARACOL,101,PPML-FE + Caged sem 2021,125.25718007056048
2025,411607,CM MARIA ALTAMIRA C. OLEGÁRIO,5,PPML-FE + Caged sem 2021,47.95749752901681
2025,411609,CM TIA RUTH COSTA DOS SANTOS,31,PPML-FE + Caged sem 2021,93.24417426800004
2025,411801,EDI MARIANA ROCHA DE SOUZA,208,PPML-FE + Caged sem 2021,280.87928665751065
2025,411802,EDI JOEL LUIZ DE AZEVEDO BASTOS,51,PPML-FE + Caged sem 2021,91.7896458586121
2025,411803,EDI MARIA DE LOURDES FERREIRA,96,PPML-FE + Caged sem 2021,152.67668162393326
2025,411804,EDI MORRO DA FÉ,4,PPML-FE + Caged sem 2021,20.467245057550745
2025,430601,CM MENINO MALUQUINHO,115,PPML-FE + Caged sem 2021,258.29193833963444
2025,430602,CM VILA PINHEIRO,377,PPML-FE + Caged sem 2021,304.4399512445625
2025,430603,CM TIO MÁRIO,439,PPML-FE + Caged sem 2021,324.60137320444704
2025,430604,CM MONTEIRO LOBATO,69,PPML-FE + Caged sem 2021,134.47672288364075
2025,430605,CM NOVA HOLANDA,73,PPML-FE + Caged sem 2021,77.73295997141422
2025,430607,CM PROFESSOR PAULO FREIRE,78,PPML-FE + Caged sem 2021,72.16098932423616
2025,430801,"EDI PESCADOR ISIDORO DUARTE - ""DORO""",176,PPML-FE + Caged sem 2021,177.4345190404936
2025,430802,EDI PROFESSORA KELITA FARIA DE PAULA,87,PPML-FE + Caged sem 2021,212.1524705211297
2025,430803,EDI PROFESSOR MOACYR DE GÓES,60,PPML-FE + Caged sem 2021,133.50618333008077
2025,430805,EDI PROFESSORA SOLANGE CONCEIÇÃO TRICARICO,178,PPML-FE + Caged sem 2021,166.5112156647154
2025,430806,EDI CLEIA SANTOS DE OLIVEIRA,74,PPML-FE + Caged sem 2021,159.47234549462786
2025,430807,EDI MARIA AMÉLIA CASTRO E SILVA BELFORT,161,PPML-FE + Caged sem 2021,168.93852346781773
2025,430809,EDI MEDALHISTA OLÍMPICO LUIZ FELIPE MARQUES FONTELES,406,PPML-FE + Caged sem 2021,304.6828533580777
2025,430810,EDI MEDALHISTA OLÍMPICO EVANDRO MOTTA MARCONDES GUERRA,402,PPML-FE + Caged sem 2021,320.2289257399812
2025,430811,EDI MEDALHISTA OLÍMPICO WILLIAM PEIXOTO ARJONA,387,PPML-FE + Caged sem 2021,334.5610133770861
2025,430812,EDI MEDALHISTA OLÍMPICO EDER FRANCIS CARBONERA,204,PPML-FE + Caged sem 2021,171.365885635409
2025,430813,EDI ARMANDO DE SALLES OLIVEIRA,82,PPML-FE + Caged sem 2021,65.6220038754099
2025,430815,EDI PESCADOR ALBANO ROSA,340,PPML-FE + Caged sem 2021,98.33551517559933
2025,431601,CM LUÍS CARLOS DE OLIVEIRA CÂMARA,23,PPML-FE + Caged sem 2021,72.40321799444801
2025,431602,CM BARBOSA LIMA SOBRINHO,289,PPML-FE + Caged sem 2021,239.34925451359243
2025,431603,CM CHICO MENDES,104,PPML-FE + Caged sem 2021,119.43503364366289
2025,431604,CM CORAÇÃO DE GENEVE,109,PPML-FE + Caged sem 2021,122.10344332984675
2025,431605,CM SEMPRE VIDA DIQUE,306,PPML-FE + Caged sem 2021,247.60613335451987
2025,431606,CM VISCONDE DE SABUGOSA,61,PPML-FE + Caged sem 2021,66.10628966181733
2025,431607,CM ACAUÃ,32,PPML-FE + Caged sem 2021,24.792698776799426
2025,431608,CM ARI PIMENTEL,8,PPML-FE + Caged sem 2021,30.33111101444666
2025,431801,EDI CARVALHO MOURÃO,26,PPML-FE + Caged sem 2021,23.59024864152656
2025,431802,EDI PROFESSOR CARLOS FALSETH,158,PPML-FE + Caged sem 2021,207.05352498720475
2025,431803,EDI PROFESSOR EMMANUEL PEREIRA FILHO,31,PPML-FE + Caged sem 2021,35.63706947400466
2025,5001,CP ASSOCIAÇÃO AMIGOS DA CRIANÇA - CRECHE ROCHA MIRANDA,490,PPML-FE + Caged sem 2021,559.4464432902392
2025,5002,CP CRECHE EFFATÁ,116,PPML-FE + Caged sem 2021,115.87159634414081
2025,5003,CP CRECHE PINTINHO DOURADO,175,PPML-FE + Caged sem 2021,163.80174851911318
2025,5004,CP CRECHE CASULO SÃO RAFAEL ARCANJO,72,PPML-FE + Caged sem 2021,82.08023354078304
2025,5005,CP CRECHE APÓSTOLO SÃO PEDRO,147,PPML-FE + Caged sem 2021,161.32022065337944
2025,5006,CP CRECHE CARDEAL CÂMARA,470,PPML-FE + Caged sem 2021,466.45254325696925
2025,5007,CP CENTRO COMUNITÁRIO FLOR DO AMANHÃ,75,PPML-FE + Caged sem 2021,96.07819850780245
2025,5008,CP ASSOCIAÇÃO HOUSE BABY - VILA KOSMOS,223,PPML-FE + Caged sem 2021,216.7819990720314
2025,5009,CP ASSOCIAÇÃO CRECHE ESPERANÇA - IRAJÁ,249,PPML-FE + Caged sem 2021,321.2298322969314
2025,5010,CP ASSOCIAÇÃO CENTRO EDUCACIONAL REBRAL VII,641,PPML-FE + Caged sem 2021,439.05883407373045
2025,5012,CP ASSOCIAÇÃO CENTRO EDUCACIONAL REBRAL XI,351,PPML-FE + Caged sem 2021,381.7929949493715
2025,5013,CP CENTRO EDUCACIONAL SOMAR,281,PPML-FE + Caged sem 2021,308.78896316789684
2025,5014,CP AEMMAC - MARECHAL HERMES,407,PPML-FE + Caged sem 2021,371.83563272921083
2025,5015,CP AEMMAC - ROCHA MIRANDA,578,PPML-FE + Caged sem 2021,537.8560069458705
2025,5016,CP ASSOCIAÇÃO EDUCACIONAL E CULTURAL SÃO BERNARDO - CSB,338,PPML-FE + Caged sem 2021,366.8571915650486
2025,514009,EM MATO GROSSO,64,PPML-FE + Caged sem 2021,55.93960623866307
2025,514501,CIEP DOM OSCAR ROMERO,46,PPML-FE + Caged sem 2021,46.74866796419505
2025,514601,CM TIO SEBASTIÃO XAVIER,72,PPML-FE + Caged sem 2021,110.46047379068449
2025,514602,CM JECIÁ DE FREITAS FERREIRA,470,PPML-FE + Caged sem 2021,467.94126033650275
2025,514603,CM AMÁLIA FERNANDEZ CONDE,110,PPML-FE + Caged sem 2021,166.75394395376912
2025,514604,CM ESTRELINHA DOURADA,80,PPML-FE + Caged sem 2021,128.89631393842785
2025,514605,CM O SONHO DE RAMON PASCUAL,149,PPML-FE + Caged sem 2021,176.7062663410426
2025,514606,CM ACALANTO,112,PPML-FE + Caged sem 2021,124.7719787295418
2025,514607,CM SEMENTINHA,104,PPML-FE + Caged sem 2021,160.2004814383872
2025,514608,CM JOSEPH BARBERA,158,PPML-FE + Caged sem 2021,168.45305750805494
2025,514609,CM PARQUE BOM MENINO,287,PPML-FE + Caged sem 2021,321.44348960897594
2025,514801,EDI DEPUTADO PEDRO FERNANDES,123,PPML-FE + Caged sem 2021,201.22635477237282
2025,514802,EDI LUXEMBURGO,81,PPML-FE + Caged sem 2021,62.474504691145754
2025,514803,EDI JOSÉ ALPOIM,58,PPML-FE + Caged sem 2021,52.79440536511434
2025,515015,EM PADRE DEHON,80,PPML-FE + Caged sem 2021,87.18408521022904
2025,515021,EM MOZART LAGO,71,PPML-FE + Caged sem 2021,78.94444373498388
2025,515046,EM ADELMAR TAVARES,55,PPML-FE + Caged sem 2021,51.82683369951778
2025,515053,EM SENADOR FRANCISCO GALLOTTI,34,PPML-FE + Caged sem 2021,39.49972963590678
2025,515064,EM MESTRE DARCY DO JONGO,24,PPML-FE + Caged sem 2021,21.66777074100565
2025,515501,CIEP AUGUSTO PINHEIRO DE CARVALHO,76,PPML-FE + Caged sem 2021,86.45695658129105
2025,515503,CIEP METALÚRGICO BENEDITO CERQUEIRA,47,PPML-FE + Caged sem 2021,51.34308195102832
2025,515601,CM OLGA BENÁRIO,102,PPML-FE + Caged sem 2021,104.39755018976726
2025,515602,CM SÃO MIGUEL ARCANJO,339,PPML-FE + Caged sem 2021,378.77474441925193
2025,515604,CM GERCINDA ROSA FONSECA,222,PPML-FE + Caged sem 2021,264.36362186106743
2025,515605,CM JOSÉ RAIMUNDO DE SOUZA ALVES,244,PPML-FE + Caged sem 2021,259.02053280815215
2025,515606,CM JOSUÉ DE CASTRO,153,PPML-FE + Caged sem 2021,203.6543162371065
2025,515607,CM MANÉ GARRINCHA I,299,PPML-FE + Caged sem 2021,277.96468818567547
2025,515608,CM MARIA JOSÉ DE PAULA DE JESUS,128,PPML-FE + Caged sem 2021,145.6388664226833
2025,515610,CM SEMPRE VIDA PALMEIRINHA,69,PPML-FE + Caged sem 2021,87.6688478091753
2025,515611,CM VOVÓ MARIA JOANA,169,PPML-FE + Caged sem 2021,164.56940963274053
2025,515612,CM TIA MARIA DO JONGO,150,PPML-FE + Caged sem 2021,153.89015606932563
2025,515613,CM MANOEL DA ROCHA APRISCO,189,PPML-FE + Caged sem 2021,196.3705478202919
2025,515801,EDI KARINE LORRAINE CHAGAS DE OLIVEIRA,433,PPML-FE + Caged sem 2021,365.89890559508046
2025,515802,EDI GUSTAVO LESSA,96,PPML-FE + Caged sem 2021,85.97221447453357
2025,515803,EDI PIO XII,89,PPML-FE + Caged sem 2021,82.33692178724927
2025,515804,EDI FERNÃO DIAS,85,PPML-FE + Caged sem 2021,89.1231834926288
2025,515805,EDI ROCHA POMBO,45,PPML-FE + Caged sem 2021,58.11754539385205
2025,515807,EDI BURITI CONGONHAS,102,PPML-FE + Caged sem 2021,125.01457890452751
2025,515808,EDI GUARACIARA RODRIGUES DINIZ,95,PPML-FE + Caged sem 2021,102.94257682954542
2025,515809,EDI PROFESSOR UBIRAJARA DE PAULA CASTRO,305,PPML-FE + Caged sem 2021,305.1686580872514
2025,515810,EDI PROFESSORA TEREZINHA SARDOUX HENRIQUES,195,PPML-FE + Caged sem 2021,236.6779774646548
2025,6001,CP ESCOLA PATRONATO NOSSA SENHORA DE NAZARÉ,295,PPML-FE + Caged sem 2021,278.10799883832016
2025,6002,CP CRECHE GUADALUPE,197,PPML-FE + Caged sem 2021,200.2183713852748
2025,6003,CP CRECHE NOSSO LAR,416,PPML-FE + Caged sem 2021,419.9682984941649
2025,6004,CP CENTRO COMUNITÁRIO PARQUE UNIDOS DE ACARI,91,PPML-FE + Caged sem 2021,86.19493532444605
2025,6005,CP CRECHE DON GUANELLA,132,PPML-FE + Caged sem 2021,134.0390591907626
2025,6006,CP CRECHE ESCOLA COMUNITÁRIA TIO PATINHAS,161,PPML-FE + Caged sem 2021,167.93808304524094
2025,6007,CP CRECHE ABRINDO PORTAS,131,PPML-FE + Caged sem 2021,134.86528177985835
2025,6009,CP CENTRO EDUCACIONAL NOSSA SENHORA APARECIDA,315,PPML-FE + Caged sem 2021,266.5017210813405
2025,6012,CP ASSOCIAÇÃO CRESCÊNCIO,221,PPML-FE + Caged sem 2021,230.86525031550354
2025,6013,CP CRECHE COMUNITÁRIA AQUARELA,279,PPML-FE + Caged sem 2021,249.9243236564623
2025,6015,CP AEMMAC - PAVUNA,356,PPML-FE + Caged sem 2021,302.15442291171314
2025,6016,CP CRECHE NOSSO LAR II,368,PPML-FE + Caged sem 2021,362.7086170288016
2025,6017,CP CRECHE JOÃO E MARIA,271,PPML-FE + Caged sem 2021,207.67129980648966
2025,6018,CP ASSOCIAÇÃO CRECHE ESPERANÇA - COELHO NETO,181,PPML-FE + Caged sem 2021,230.86525031550374
2025,622202,CIEP GENERAL AUGUSTO CESAR SANDINO,179,PPML-FE + Caged sem 2021,166.2684879351772
2025,622601,CM JOSÉ GOULART,216,PPML-FE + Caged sem 2021,258.7776677531189
2025,622602,CM SILVIO AMANCIO,176,PPML-FE + Caged sem 2021,200.49797376821311
2025,622603,CM YARA AMARAL,239,PPML-FE + Caged sem 2021,275.53587822891245
2025,622801,EDI ERNANI CARDOSO,244,PPML-FE + Caged sem 2021,237.40650427250904
2025,622802,EDI PROFESSORA MILTOLINA DA SILVA,50,PPML-FE + Caged sem 2021,55.93960623866307
2025,622804,EDI MEDALHISTA PARALÍMPICO DANIEL MARTINS,302,PPML-FE + Caged sem 2021,308.569309770622
2025,622805,EDI MEDALHISTA OLÍMPICO MAURÍCIO LUIZ DE SOUZA,155,PPML-FE + Caged sem 2021,222.1079868511878
2025,622810,EDI ANTÔNIO FRANCISCO LISBOA,61,PPML-FE + Caged sem 2021,67.55923080120151
2025,625601,CM OS SABIDINHOS,160,PPML-FE + Caged sem 2021,141.27087299623653
2025,625602,CM PROFESSORA JUREMA GOMES SAMPAIO DELFIM,193,PPML-FE + Caged sem 2021,145.6388664226834
2025,625603,CM DR. ALBERT SABIN,136,PPML-FE + Caged sem 2021,135.93255785949734
2025,625604,CM HERBERT DE SOUZA - BETINHO,332,PPML-FE + Caged sem 2021,301.0393393904032
2025,625605,CM LUÍS CARLOS PRESTES,253,PPML-FE + Caged sem 2021,200.74076705129372
2025,625606,CM LUÍS DE SOUZA DA COSTA BARROS,328,PPML-FE + Caged sem 2021,322.6580572400303
2025,625607,CM LUIZA DE BARROS DE SÁ FREIRE,382,PPML-FE + Caged sem 2021,349.13651394111645
2025,625608,CM MAJOR CELESTINO R. DOS SANTOS,184,PPML-FE + Caged sem 2021,169.42399160194537
2025,625609,CM SÔNIA MARIA DE M. ANGEL JONES,103,PPML-FE + Caged sem 2021,121.13309769972611
2025,625610,CM ZUZU ANGEL,110,PPML-FE + Caged sem 2021,98.57797816898874
2025,625611,CM ZILKA SALABERRY,407,PPML-FE + Caged sem 2021,348.89358505825913
2025,625612,CM YEDDA MARQUES LAMOUNIER DE ANDRADE MACIEL,484,PPML-FE + Caged sem 2021,432.22466983722285
2025,625614,CM SIMONE DE BEAUVOIR,291,PPML-FE + Caged sem 2021,285.00834958768945
2025,625615,CM EDNA LOTTE,408,PPML-FE + Caged sem 2021,341.36285395388114
2025,625616,CM PROFESSOR ROGÉRIO PEDRO BATISTA,97,PPML-FE + Caged sem 2021,95.42608627470739
2025,625801,EDI PROFESSORA ROSENICE ROCHA ROQUE,131,PPML-FE + Caged sem 2021,127.19802462232835
2025,625802,EDI WESLEY GUILBER RODRIGUES DE ANDRADE,325,PPML-FE + Caged sem 2021,274.56435995831833
2025,625803,EDI PROFESSORA BEATRIZ DE SOUZA MADEIRA,219,PPML-FE + Caged sem 2021,224.77907112109648
2025,625804,EDI PROFESSORA HELIA LÚCIA MORENO FERREIRA,270,PPML-FE + Caged sem 2021,252.46325906724658
2025,625807,EDI FROTA PESSOA,49,PPML-FE + Caged sem 2021,51.34308195102832
2025,625813,EDI PROFESSORA GRACÍLIA ROSA DE BELÉM MAYOR,22,PPML-FE + Caged sem 2021,102.21510976314154
2025,625814,EDI PROFESSORA ROSEANE VASCONCELOS,103,PPML-FE + Caged sem 2021,130.35202690812105
2025,625815,EDI PROFESSORA KRISTINA ROMOLO KIFFER,165,PPML-FE + Caged sem 2021,198.3128517130687
2025,625816,EDI PROFESSORA REGINA CELI RABELO DE ALMEIDA,243,PPML-FE + Caged sem 2021,220.4082257302628
2025,625817,EDI PROFESSORA DANIELE SIMÕES DE SOUZA LOPES,242,PPML-FE + Caged sem 2021,233.52105700515045
2025,625818,EDI MARIA EUGENIA CANELHAS,230,PPML-FE + Caged sem 2021,217.00875073016846
2025,625819,EDI MARIZA ALVES PIMENTA,253,PPML-FE + Caged sem 2021,260.96346155032853
2025,625820,EDI BETH CARVALHO,272,PPML-FE + Caged sem 2021,252.27110511042784
2025,7001,CP CRECHE NOVO PALMARES,219,PPML-FE + Caged sem 2021,227.5512273903976
2025,7002,CP CRECHE CANTINHO FELIZ,220,PPML-FE + Caged sem 2021,251.58189364676977
2025,7003,CP CRECHE ESCOLA MÃE ASTÉRIA,658,PPML-FE + Caged sem 2021,598.4786493637281
2025,7004,CP CASA EMILIEN LACAY,201,PPML-FE + Caged sem 2021,233.35088935274663
2025,7007,CP SEMENTE DE AMOR,170,PPML-FE + Caged sem 2021,188.62743774521127
2025,7008,CP CRECHE SÃO PAULO APÓSTOLO,138,PPML-FE + Caged sem 2021,153.05003235883188
2025,7010,CP CRECHE NOVA ESPERANÇA,88,PPML-FE + Caged sem 2021,124.12716998857101
2025,7011,CP CRECHE RITA ALEXANDRINA FERREIRA,117,PPML-FE + Caged sem 2021,130.73451359231538
2025,7013,CP ESPAÇO DE EDUCAÇÃO INFANTIL CIDADE DE DEUS,673,PPML-FE + Caged sem 2021,596.8176226389805
2025,7014,CP CENTRO INTEGRADO SÃO JOSÉ,712,PPML-FE + Caged sem 2021,624.2254280057444
2025,7015,CP CRECHE CANTINHO FELIZ II,323,PPML-FE + Caged sem 2021,293.86185988551637
2025,7017,CP CRECHE RAIMUNDA NONATA DA SILVA,90,PPML-FE + Caged sem 2021,115.04627878981513
2025,7018,CP CRECHE SANT ANA IRMÃ ANCILA,150,PPML-FE + Caged sem 2021,181.1778897674495
2025,7019,CP JARDIM ESCOLA TURMINHA DA ARCA - JETA,291,PPML-FE + Caged sem 2021,246.6093028404543
2025,7020,CP JARDIM ESCOLA CRESCENDO E APRENDENDO,260,PPML-FE + Caged sem 2021,330.35400054364237
2025,7025,CP INSTITUTO CONSUELO PINHEIRO,177,PPML-FE + Caged sem 2021,187.79963894153371
2025,7027,CP CRECHE MUNDO MÁGICO I,207,PPML-FE + Caged sem 2021,293.0326423264544
2025,7034,CP INSTITUTO EDUCACIONAL DIVA ALVES,349,PPML-FE + Caged sem 2021,268.15965969226346
2025,7035,CP AEMMAC - ANIL,274,PPML-FE + Caged sem 2021,225.8942870679019
2025,7036,CP CAAD UNIVERSO ENCANTADO,427,PPML-FE + Caged sem 2021,444.86934204800866
2025,7037,CP CAAD UNIVERSO DA CRIANÇA,483,PPML-FE + Caged sem 2021,483.05632831461975
2025,7038,CP CAAD UNIVERSO DAS FLORES,541,PPML-FE + Caged sem 2021,433.2484838089629
2025,7039,CP CRECHE JARDIM CLARICE,217,PPML-FE + Caged sem 2021,268.15965969226346
2025,7040,CP CRECHE VALE DO SOL PRAÇA SECA,887,PPML-FE + Caged sem 2021,718.9194532242728
2025,7041,CP CRECHE VALE DO SOL TAQUARA,531,PPML-FE + Caged sem 2021,440.7189632979048
2025,7042,CP INSTITUTO EDUCACIONAL DIVA ALVES II,717,PPML-FE + Caged sem 2021,693.1675828603999
2025,7043,CP ESPAÇO DE EDUCAÇÃO INFANTIL PEQUENO APRENDIZ,286,PPML-FE + Caged sem 2021,222.58055219081282
2025,7044,CP CRECHE AMOR DE MÃE,512,PPML-FE + Caged sem 2021,329.5245017572848
2025,7045,CP JARDIM ESCOLA TURMINHA DA ARCA - JETA II,177,PPML-FE + Caged sem 2021,186.14409382809237
2025,716601,CM OTÁVIO HENRIQUE DE OLIVEIRA,892,PPML-FE + Caged sem 2021,762.464790052595
2025,716602,CM TIA TEREZA,121,PPML-FE + Caged sem 2021,155.83174912641704
2025,716603,CM CRIANÇA DO FUTURO,714,PPML-FE + Caged sem 2021,693.2028586679704
2025,716604,CM GERMINIO DE SOUZA ESTRELA,198,PPML-FE + Caged sem 2021,242.2634123310606
2025,716605,CM SEMPRE VIDA NISE DA SILVEIRA,384,PPML-FE + Caged sem 2021,474.2586473568057
2025,716606,CM AMIGUINHOS DA VILA SAPÊ,461,PPML-FE + Caged sem 2021,436.59803883064984
2025,716607,CM EMÍLIA JOANA DA FONSECA MARQUES,322,PPML-FE + Caged sem 2021,359.3396400850644
2025,716608,CM IRMÃ DULCE,276,PPML-FE + Caged sem 2021,379.98946224620437
2025,716609,CM RIO NOVO - RIO DAS FLORES,1217,PPML-FE + Caged sem 2021,1063.8363801566347
2025,716610,CM TIA MALU,250,PPML-FE + Caged sem 2021,267.278079717763
2025,716611,CM VITORINO FREIRE,241,PPML-FE + Caged sem 2021,238.86356531516935
2025,716612,CM TIA AUTA,150,PPML-FE + Caged sem 2021,171.365885635409
2025,716613,CM MARIA DA CONCEIÇÃO SILVEIRA DE CARVALHO,555,PPML-FE + Caged sem 2021,594.296692301396
2025,716614,CM AUGUSTO DE CARVALHO TORRES FILHO,602,PPML-FE + Caged sem 2021,599.885809910369
2025,716801,EDI DOUTORA ZILDA ARNS,285,PPML-FE + Caged sem 2021,341.8487037629737
2025,716802,EDI ARTHUR BISPO DO ROSÁRIO,213,PPML-FE + Caged sem 2021,231.09268934548177
2025,716803,EDI COMPOSITOR ROBERTO RIBEIRO,323,PPML-FE + Caged sem 2021,467.69828486378356
2025,716804,EDI RODRIGO LOPES (TIKINHO),148,PPML-FE + Caged sem 2021,153.16206942109363
2025,716805,EDI ANNA MARIA NIEMEYER,451,PPML-FE + Caged sem 2021,364.4412836101943
2025,716806,EDI PROFESSORA EDILIA COELHO GARCIA,256,PPML-FE + Caged sem 2021,307.59769170719585
2025,716807,EDI LEILA DINIZ,729,PPML-FE + Caged sem 2021,367.11359377863494
2025,716808,EDI PROFESSORA MARIA BERENICE PARENTE,394,PPML-FE + Caged sem 2021,498.7996989820379
2025,716809,EDI PROFESSOR ROBERTO LUIZ PEREIRA,243,PPML-FE + Caged sem 2021,273.83572341887253
2025,716813,EDI PROFESSORA KENIA MENDES DOS SANTOS,260,PPML-FE + Caged sem 2021,318.52854269808324
2025,716814,EDI PROFESSORA EMILIA MARIA VIEIRA DE OLIVEIRA,818,PPML-FE + Caged sem 2021,330.6742959589071
2025,716815,EDI EVARISTO DA VEIGA,207,PPML-FE + Caged sem 2021,240.56348224577414
2025,716816,EDI DEBRET,240,PPML-FE + Caged sem 2021,247.8489872651396
2025,716818,EDI PROFESSORA CLÁUDIA PIRES CONTINO DA SILVA,674,PPML-FE + Caged sem 2021,799.4054043854143
2025,716819,EDI PROFESSORA NORMA ANDRADE NOGUEIRA,571,PPML-FE + Caged sem 2021,707.0550500239946
2025,716820,EDI MEDALHISTA OLÍMPICA ÁGATHA BEDNARCZUK RIPPEL,606,PPML-FE + Caged sem 2021,674.9764521939711
2025,716821,EDI MEDALHISTA PARALÍMPICO FELIPE DE SOUZA GOMES,509,PPML-FE + Caged sem 2021,600.3718212248187
2025,716822,EDI MARCELO PARENTE GOMES DE OLIVEIRA,415,PPML-FE + Caged sem 2021,502.930435552193
2025,724601,CM MARIA VIEIRA BAZANI,260,PPML-FE + Caged sem 2021,376.34531691400497
2025,724602,CM DINA SFAT,131,PPML-FE + Caged sem 2021,188.358822403404
2025,724603,CM BENEDITA SIQUEIRA LOPES,242,PPML-FE + Caged sem 2021,285.97990190344655
2025,724604,CM EDSON LUIZ,105,PPML-FE + Caged sem 2021,178.40552953401115
2025,724605,CM SEBASTIÃO BERNARDES DE SOUZA PRATA,267,PPML-FE + Caged sem 2021,379.74651846481356
2025,724606,CM ROGÉRIO CARDOSO FURTADO,286,PPML-FE + Caged sem 2021,408.65754911251446
2025,724801,EDI MILENA SANTOS NASCIMENTO,350,PPML-FE + Caged sem 2021,405.9850425584102
2025,724802,EDI PORFIRIO DIAS,76,PPML-FE + Caged sem 2021,85.24511701580627
2025,724803,EDI VERA LUCIA MARTINS COSTA,176,PPML-FE + Caged sem 2021,219.6797614600274
2025,724804,EDI PROFESSORA MATILDE ROSA LOPES DE ARAUJO,366,PPML-FE + Caged sem 2021,426.6365154666882
2025,724805,EDI TRISTÃO DE ATHAYDE,100,PPML-FE + Caged sem 2021,131.8077727040391
2025,724806,EDI PROFESSORA RUTH CARDOSO,93,PPML-FE + Caged sem 2021,158.74421503974946
2025,724807,EDI CARMEN MIRANDA,332,PPML-FE + Caged sem 2021,342.5774794741846
2025,724808,EDI AMOR,150,PPML-FE + Caged sem 2021,198.7984316532562
2025,724809,"EDI UGOCIONE JOSÉ DE MEDEIROS ""SEU UGO""",72,PPML-FE + Caged sem 2021,89.85037773727105
2025,734601,CM LUZES DO AMANHÃ,190,PPML-FE + Caged sem 2021,184.4745185818599
2025,734602,CM MARGARIDA GABINAL,122,PPML-FE + Caged sem 2021,177.9200233068316
2025,734603,CM SEMPRE VIDA JOSUÉ,84,PPML-FE + Caged sem 2021,117.9795924474767
2025,734801,EDI JARDIM DO AMANHÃ,208,PPML-FE + Caged sem 2021,217.2515682531292
2025,734802,EDI SENHORA PERCILIANA PEREIRA DE ALVARENGA,721,PPML-FE + Caged sem 2021,579.9594982917521
2025,734803,EDI ANA CAROLINA PACHECO DA SILVA,97,PPML-FE + Caged sem 2021,145.15352186047383
2025,734804,EDI MARIA BERALDA,237,PPML-FE + Caged sem 2021,259.0205328081524
2025,734805,EDI MONSENHOR CORDIOLI,148,PPML-FE + Caged sem 2021,217.00875073016846
2025,8002,CP CRECHE ESPÍRITA FRANCISCO DE ASSIS,71,PPML-FE + Caged sem 2021,59.9066552702472
2025,8003,CP CRECHE CRIANÇA JABOUR,164,PPML-FE + Caged sem 2021,169.59277084332103
2025,8004,CP CRECHE COMUNITÁRIA NINO,449,PPML-FE + Caged sem 2021,418.30833749094984
2025,8005,CP CRECHE E ESCOLA COMUNITÁRIA GENTE INOCENTE - REALENGO,309,PPML-FE + Caged sem 2021,299.66658112862325
2025,8006,CP FUNDAÇÃO CASA DA JOANINHA - CRECHE,134,PPML-FE + Caged sem 2021,120.82443389267556
2025,8007,CP CRECHE E ESCOLA COMUNITÁRIA GENTE INOCENTE - BANGU,479,PPML-FE + Caged sem 2021,471.4335625563142
2025,8008,CP ASSOCIAÇÃO DE MORADORES DO CONJUNTO PEDRO I E ADJACÊNCIAS,45,PPML-FE + Caged sem 2021,49.27005110728505
2025,8009,CP ASSOCIAÇÃO RECREATIVA PINGUINHO DE GENTE,555,PPML-FE + Caged sem 2021,530.3827268164164
2025,8010,CP ASSOCIAÇÃO CENTRO EDUCACIONAL REBRAL III,557,PPML-FE + Caged sem 2021,538.6863822287136
2025,8011,CP ESPAÇO DE EDUCAÇÃO INFANTIL BATAN,202,PPML-FE + Caged sem 2021,201.87447330855255
2025,8013,CP CENTRO EDUCACIONAL LUIZA,294,PPML-FE + Caged sem 2021,307.13028846010565
2025,8014,"CP DO.RA., A AVENTUREIRA",216,PPML-FE + Caged sem 2021,207.67129980648983
2025,8015,CP CEM CRECHE ESCOLA MACHADO,205,PPML-FE + Caged sem 2021,173.7298606146216
2025,8016,CP ASSOCIAÇÃO CENTRO EDUCACIONAL REBRAL VI,454,PPML-FE + Caged sem 2021,466.45254325696965
2025,8017,CP ASSOCIAÇÃO CRECHE ESPERANÇA - REALENGO,232,PPML-FE + Caged sem 2021,295.52031645109963
2025,8018,CP CRECHE COMUNITÁRIA ESTRELINHA,203,PPML-FE + Caged sem 2021,211.8123211707406
2025,8019,CP ESCOLA COMUNITÁRIA JARDIM ARCO-ÍRIS - UNIDADE II,182,PPML-FE + Caged sem 2021,197.73433404579444
2025,8021,CP ASSOCIAÇÃO RECREATIVA MUNDO MÁGICO DA TIA NATY,197,PPML-FE + Caged sem 2021,227.5512273903976
2025,8022,CP ASSOCIAÇÃO CRECHE ESPERANÇA - MAGALHÃES BASTOS,146,PPML-FE + Caged sem 2021,182.00554457673553
2025,8023,CP CRECHE COMUNITÁRIA IRMÃ MARIA DE LOURDES,152,PPML-FE + Caged sem 2021,166.2834823726562
2025,8024,CP CEM CRECHE ESCOLA MACHADO - UNIDADE I,128,PPML-FE + Caged sem 2021,149.74267522759277
2025,8025,CP ASSOCIAÇÃO RECREATIVA MONIZ BARRETO,56,PPML-FE + Caged sem 2021,59.9066552702472
2025,8027,CP CENTRO EDUCACIONAL MUNDO DA MÔNICA,56,PPML-FE + Caged sem 2021,59.08731367279999
2025,817202,CIEP AMILCAR CABRAL,145,PPML-FE + Caged sem 2021,142.48417990955758
2025,817504,CIEP ANTONIO EVARISTO DE MORAES,198,PPML-FE + Caged sem 2021,177.9200233068316
2025,817505,CIEP MARECHAL JULIO CAETANO HORTA BARBOSA,103,PPML-FE + Caged sem 2021,71.43432115790507
2025,817601,CM JOSÉ FÉLIX,403,PPML-FE + Caged sem 2021,390.67909336205673
2025,817602,CM VILA PROGRESSO,372,PPML-FE + Caged sem 2021,278.2075702935727
2025,817603,CM DENTE DE LEITE,376,PPML-FE + Caged sem 2021,344.76381374305646
2025,817604,CM DRAMATURGO ALFREDO DE FREITAS DIAS GOMES,156,PPML-FE + Caged sem 2021,174.7642811092629
2025,817605,CM MANÉ GARRINCHA II,239,PPML-FE + Caged sem 2021,239.10640977851455
2025,817606,CM MEIMEI,117,PPML-FE + Caged sem 2021,125.74238536049677
2025,817607,CM MULHERES DO QUAFÁ,492,PPML-FE + Caged sem 2021,392.13678586548696
2025,817608,CM NOVA ALIANÇA,161,PPML-FE + Caged sem 2021,316.09943711274013
2025,817609,CM RECANTO FELIZ,369,PPML-FE + Caged sem 2021,368.8141620783816
2025,817610,CM SEMPRE VIDA FAZENDA COQUEIROS,128,PPML-FE + Caged sem 2021,145.881539801334
2025,817611,CM TIA ELZA,99,PPML-FE + Caged sem 2021,102.70008633861492
2025,817612,CM VILA KENNEDY,398,PPML-FE + Caged sem 2021,301.28223913100845
2025,817613,CM CÉLIA ALENCAR,175,PPML-FE + Caged sem 2021,198.3128517130687
2025,817614,CM FAZENDA COQUEIROS II,246,PPML-FE + Caged sem 2021,238.37787720588622
2025,817615,CM VILA UNIÃO DA PAZ,163,PPML-FE + Caged sem 2021,139.32962246198437
2025,817616,CM PROFESSORA MARIA ASSUMPÇÃO,47,PPML-FE + Caged sem 2021,77.73295997141422
2025,817617,CM JOSÉ MANOEL IBARRA PEREZ,219,PPML-FE + Caged sem 2021,237.89219019017864
2025,817618,CM JANETE CLAIR,170,PPML-FE + Caged sem 2021,169.66672648051272
2025,817619,CM PROFESSORA REGINA MARIA DA MATTA MONTEZANO,208,PPML-FE + Caged sem 2021,204.38271201745428
2025,817801,EDI PROFESSORA TÂNIA MARIA LARRUBIA GOMES,321,PPML-FE + Caged sem 2021,263.14927383107965
2025,817802,EDI PROFESSOR REINALDO JOSÉ DE ARAGÃO BARBOSA,145,PPML-FE + Caged sem 2021,166.02576076678508
2025,817803,EDI JOSÉ EPHIM MINDLIN,303,PPML-FE + Caged sem 2021,292.0521719684167
2025,817804,EDI PROFESSORA EDITH MARQUES DE SOUZA,324,PPML-FE + Caged sem 2021,296.42427723090896
2025,817805,EDI RAFAEL PEREIRA DA SILVA,106,PPML-FE + Caged sem 2021,96.15342114890854
2025,817806,EDI PROFESSORA MARIA YEDDA LEITE LINHARES,149,PPML-FE + Caged sem 2021,199.04122221307887
2025,817807,EDI MARIA DO CARMO SOUZA PIRAN,168,PPML-FE + Caged sem 2021,185.6883512110519
2025,817808,EDI PROFESSOR ANTONIO FLAVIO PIERUCCI,377,PPML-FE + Caged sem 2021,325.3301191321278
2025,817809,EDI REPÚBLICA ÁRABE UNIDA,64,PPML-FE + Caged sem 2021,50.375648770743865
2025,817810,EDI VILA DO VINTÉM,143,PPML-FE + Caged sem 2021,163.11307911901483
2025,817814,EDI PROFESSORA GIOVANA BANSI,363,PPML-FE + Caged sem 2021,353.75218675561837
2025,817815,EDI SENHOR JOÃO GOMES,337,PPML-FE + Caged sem 2021,320.95766360833875
2025,833505,CIEP ARACY DE ALMEIDA (CANTORA),25,PPML-FE + Caged sem 2021,32.25975299787999
2025,833601,CM CASA DE REALENGO,398,PPML-FE + Caged sem 2021,392.865633484561
2025,833602,CM JULINHO CACAU,296,PPML-FE + Caged sem 2021,346.2213758182166
2025,833603,CM SILVEIRINHA,287,PPML-FE + Caged sem 2021,323.3867996126932
2025,833801,EDI GESSICA GUEDES PEREIRA,69,PPML-FE + Caged sem 2021,120.89051392013465
2025,833802,EDI PROFESSORA ZENA ELIAN,139,PPML-FE + Caged sem 2021,228.9071833051896
2025,833803,EDI FREI ORLANDO,192,PPML-FE + Caged sem 2021,212.6380924339422
2025,833805,EDI DEODORO,89,PPML-FE + Caged sem 2021,131.3225205029137
2025,833806,EDI PROFESSOR CRISTIANO PINTO DE MORAES BISPO,324,PPML-FE + Caged sem 2021,295.9384848953617
2025,833807,EDI LUIZA PAULA DA SILVEIRA MACHADO,256,PPML-FE + Caged sem 2021,264.8493626324553
2025,833808,EDI PROFESSORA VANUZIA BASTOS DA SILVA,166,PPML-FE + Caged sem 2021,192.72879787640662
2025,833809,EDI PROFESSORA MARIA CECILIA FERREIRA,157,PPML-FE + Caged sem 2021,197.34169657750846
2025,833810,EDI MEDALHISTA OLÍMPICO SERGIO DUTRA DOS SANTOS,209,PPML-FE + Caged sem 2021,205.5967124070376
2025,833811,EDI MEDALHISTA OLÍMPICA RAFAELA LOPES SILVA,310,PPML-FE + Caged sem 2021,260.2348615488989
2025,9001,CP CRECHE COMUNITÁRIA SANTA RITA,56,PPML-FE + Caged sem 2021,115.87159634414081
2025,9002,CP CRECHE SAGRADA FAMÍLIA,40,PPML-FE + Caged sem 2021,82.08023354078297
2025,9003,CP CRECHE SÃO JORGE,47,PPML-FE + Caged sem 2021,48.453365151907896
2025,9004,CP CRECHE E PRÉ-ESCOLA CANTINHO DO SABER,158,PPML-FE + Caged sem 2021,155.53082616158838
2025,9007,CP INSTITUTO AVELINO - CAMPO GRANDE,17,PPML-FE + Caged sem 2021,47.636930800254966
2025,9008,CP CRECHE COMUNITÁRIA ANA & LU,60,PPML-FE + Caged sem 2021,83.72585714830619
2025,9009,CP CRECHE COMUNITÁRIA CRIANÇAS DE OURO,159,PPML-FE + Caged sem 2021,190.28308708790462
2025,9010,CP CRECHE JARDIM ESCOLA RIO DA PRATA,153,PPML-FE + Caged sem 2021,188.62743774521127
2025,9011,CP CRECHE NOVA JERUSALÉM EM CAMPO GRANDE,212,PPML-FE + Caged sem 2021,215.9536860339061
2025,9012,CP CRECHE COMUNITÁRIA TIA NEIDE - CAMPO GRANDE,170,PPML-FE + Caged sem 2021,196.90635292419356
2025,9013,CP CRECHE COMUNITÁRIA SOL DO SABER,301,PPML-FE + Caged sem 2021,285.57001338981314
2025,9014,CP INSTITUTO DE ENSINO AVANÇADO,221,PPML-FE + Caged sem 2021,209.32766627060465
2025,9017,CP ESPAÇO CRESCER,236,PPML-FE + Caged sem 2021,217.61032522881288
2025,9018,CP ESPAÇO DE DESENVOLVIMENTO CARIOQUINHA,213,PPML-FE + Caged sem 2021,178.6950384393519
2025,9019,CP ASSOCIAÇÃO DE MORADORES UNIÃO DAS BASES DE URUCÂNIA E ADJACÊNCIAS - COSMOS,121,PPML-FE + Caged sem 2021,122.47572051716521
2025,9020,CP ASSOCIAÇÃO DE MORADORES UNIÃO DAS BASES DE URUCÂNIA E ADJACÊNCIAS - CAMPO GRANDE,56,PPML-FE + Caged sem 2021,66.46702952666249
2025,9021,CP INSTITUTO CRESCER & APRENDER,332,PPML-FE + Caged sem 2021,256.5548357767798
2025,9022,CP ESPAÇO CRIATIVO CASTELINHO RINALDI,237,PPML-FE + Caged sem 2021,214.29709971557108
2025,9023,CP ESPAÇO CRIATIVO SALOMÃO,172,PPML-FE + Caged sem 2021,196.90635292419356
2025,9024,CP CRECHE COMUNITÁRIA DOCE INFÂNCIA,196,PPML-FE + Caged sem 2021,207.67129980648966
2025,9025,CP INSTITUTO Ô LUAR,113,PPML-FE + Caged sem 2021,115.04627878981502
2025,9026,CP CRECHE COMUNITÁRIA LEÃOZINHO FELIZ,207,PPML-FE + Caged sem 2021,200.218371385275
2025,9027,CP INSTITUTO FRUTIFICAR,152,PPML-FE + Caged sem 2021,127.4305406028464
2025,9028,CP CRECHE COMUNITÁRIA ALÉM DO ARCO-ÍRIS,215,PPML-FE + Caged sem 2021,258.2125588835993
2025,9029,CP INSTITUTO CRECHE DO PAPAI,237,PPML-FE + Caged sem 2021,221.75214936398174
2025,9030,CP ESPAÇO DE DESENVOLVIMENTO PEDRITA,146,PPML-FE + Caged sem 2021,182.83321795279255
2025,9031,CP ESPAÇO CRIATIVO TURMINHA DO BAIRRO,136,PPML-FE + Caged sem 2021,161.32022065337944
2025,9032,CP SOLDADINHOS DE DEUS,91,PPML-FE + Caged sem 2021,149.74267522759277
2025,9033,CP TEMPO DE CRIANÇA,121,PPML-FE + Caged sem 2021,102.67244168942261
2025,9034,CP CRECHE COMUNITÁRIA ARTE DA CRIANÇA,111,PPML-FE + Caged sem 2021,148.9159035641256
2025,9035,CP INSTITUTO CRESCER E APRENDER - FILIAL,108,PPML-FE + Caged sem 2021,106.79575102578916
2025,9036,CP INSTITUTO CONSTRUINDO AMANHÃ,344,PPML-FE + Caged sem 2021,444.86934204800826
2025,9037,CP CRECHE COMUNITÁRIA AURINA,56,PPML-FE + Caged sem 2021,77.96777610087028
2025,9038,CP CEM CRECHE ESCOLA MACHADO UNIDADE II,154,PPML-FE + Caged sem 2021,261.5281158104212
2025,9039,CP CRECHE COMUNITÁRIA ESTRELINHA DO SABER,140,PPML-FE + Caged sem 2021,167.11077171142725
2025,9040,CP CRECHE E ESCOLA COMUNITARIA GENTE BAIXINHA - UNIDADE COSMOS,249,PPML-FE + Caged sem 2021,268.15965969226346
2025,9041,CP CRECHE COMUNITÁRIA PEQUENOS PASSOS,114,PPML-FE + Caged sem 2021,125.7787780484478
2025,9042,CP CRECHE PEQUENA CANAÃ,60,PPML-FE + Caged sem 2021,73.857802048529
2025,9043,CP CRECHE COMUNITÁRIA RIBEIRO,109,PPML-FE + Caged sem 2021,119.99885302594932
2025,9044,CP CRECHE COMUNITÁRIA JARDIM FELIZ,250,PPML-FE + Caged sem 2021,313.76514194688156
2025,9045,CP CRECHE COMUNITÁRIA PINTANDO SONHOS,107,PPML-FE + Caged sem 2021,87.01812634686722
2025,9046,CP CRECHE COMUNITÁRIA URSINHO PIMPÃO,310,PPML-FE + Caged sem 2021,247.438042983803
2025,918601,CM ALEGRIA DE NOVA CIDADE,288,PPML-FE + Caged sem 2021,325.33011913212806
2025,918602,CM VITÓRIA DA PAZ,126,PPML-FE + Caged sem 2021,169.66672648051272
2025,918603,CM SEMPRE VIDA ELZA RABELO DE ANDRADE,98,PPML-FE + Caged sem 2021,87.6688478091753
2025,918604,CM VERA PACHECO JORDÃO,48,PPML-FE + Caged sem 2021,75.31018600752579
2025,918605,CM SEMPRE VIDA PROFESSORA EUGENIA MARIA VELOSO MARCHESE,99,PPML-FE + Caged sem 2021,128.4110837043439
2025,918606,CM CECÍLIA MEIRELES,175,PPML-FE + Caged sem 2021,250.0346837835824
2025,918607,CM SONHO FELIZ,316,PPML-FE + Caged sem 2021,326.05886638201673
2025,918608,CM JARDIM MONTE SANTO,125,PPML-FE + Caged sem 2021,217.00875073016846
2025,918609,CM ADÉLIA VIEIRA,123,PPML-FE + Caged sem 2021,171.85136445725252
2025,918610,CM ESPERANÇA DO AMANHÃ,63,PPML-FE + Caged sem 2021,105.85257465188309
2025,918611,CM MÁRIO LOMBARDI,43,PPML-FE + Caged sem 2021,68.28574727039856
2025,918613,CM PROFESSORA FLORA SANTINA FERRARI BRAZ,376,PPML-FE + Caged sem 2021,431.25281370622133
2025,918614,CM ZÉLIA CHAUKE CURI,161,PPML-FE + Caged sem 2021,215.0662224808454
2025,918615,CM MARCELO CARDOSO TOMÉ,122,PPML-FE + Caged sem 2021,131.56514615592755
2025,918616,CM PADRE VALTER DA COSTA SANTOS,285,PPML-FE + Caged sem 2021,321.6864028351301
2025,918617,CM CRIANDO O FUTURO,246,PPML-FE + Caged sem 2021,374.8876656731528
2025,918618,CM ESPERANÇA DA VILA SÃO JORGE,146,PPML-FE + Caged sem 2021,237.40650427250904
2025,918619,CM RAUL CORTEZ,400,PPML-FE + Caged sem 2021,417.8899302975184
2025,918620,CM EMILIO IBRAHIM LÁZARO JUBRAM DIB,327,PPML-FE + Caged sem 2021,411.33006693847403
2025,918621,CM ELIZABETH TAVARES DE SOUZA - BETINHA,217,PPML-FE + Caged sem 2021,258.7776677531189
2025,918801,EDI BIANCA ROCHA TAVARES,153,PPML-FE + Caged sem 2021,199.28401316477806
2025,918802,EDI PINTANDO O SETE,198,PPML-FE + Caged sem 2021,205.83951359042797
2025,918803,EDI LUDMILA MÁXIMO MOREIRA CARDOSO,96,PPML-FE + Caged sem 2021,133.99145138071592
2025,918804,EDI RENAN DE SOUZA LEAL,53,PPML-FE + Caged sem 2021,62.7165971723448
2025,918805,EDI CANTORA CESÁRIA ÉVORA,148,PPML-FE + Caged sem 2021,193.9427042490316
2025,918806,EDI COMENDADOR SERAFIM SOFIA,224,PPML-FE + Caged sem 2021,292.7808521253849
2025,918807,EDI URBANO DE FREITAS,259,PPML-FE + Caged sem 2021,338.44776636268125
2025,918808,EDI PROFESSORA MARTA REGINA PERROTA,206,PPML-FE + Caged sem 2021,247.3632796973256
2025,918809,EDI CAMPO GRANDE,39,PPML-FE + Caged sem 2021,79.1867479772959
2025,918810,EDI DOM BOSCO,145,PPML-FE + Caged sem 2021,186.65942542401243
2025,918811,EDI ISABEL,14,PPML-FE + Caged sem 2021,23.59024864152656
2025,918812,EDI PROFESSOR JORGE EUCLIDES PEREIRA NUNES,85,PPML-FE + Caged sem 2021,112.64332510630632
2025,918813,EDI PROFESSOR MARCO ALTINO DE OLIVEIRA,184,PPML-FE + Caged sem 2021,189.32991604140483
2025,918814,EDI PROFESSOR NESTOR MANOEL PINTO,177,PPML-FE + Caged sem 2021,212.6380924339422
2025,918815,EDI PROFESSORA SIRLÉIA SILVA REIS,282,PPML-FE + Caged sem 2021,309.05511978306595
2025,918816,EDI PROFESSOR JOÃO FERNANDES FILHO,46,PPML-FE + Caged sem 2021,73.37216189252119
2025,918817,EDI PROFESSORA EUGENIA DE ALMEIDA AZEVEDO,307,PPML-FE + Caged sem 2021,332.6176501702545
2025,918818,EDI FRANCISCO JOSÉ DE MORAES,101,PPML-FE + Caged sem 2021,126.95541566372081
2025,918819,EDI JOARI,18,PPML-FE + Caged sem 2021,48.92468161082605
2025,918820,EDI ALMO SATURNINO,30,PPML-FE + Caged sem 2021,63.68500593228767
2025,918821,EDI PROFESSORA ENYR PORTILHO DE AVELLAR,169,PPML-FE + Caged sem 2021,173.79330064162156
2025,918822,EDI PROFESSOR ANDRÉ LUIZ GILS,241,PPML-FE + Caged sem 2021,332.8605700813198
2025,918823,EDI PROFESSOR DERSU GABRIEL BICEGO,147,PPML-FE + Caged sem 2021,226.72170127787996
2025,918824,EDI ALBERTO FERREIRA PINTO,228,PPML-FE + Caged sem 2021,283.55102686128095
2025,918825,EDI PROFESSORA TERESINHA DE JESUS SIQUEIRA BROWN,231,PPML-FE + Caged sem 2021,292.7808521253847
2025,918826,EDI PROFESSORA MARLY DOS SANTOS DE OLIVEIRA (MARLY MARINHO),208,PPML-FE + Caged sem 2021,305.6544634841776
2025,918827,EDI ATAULFO ALVES,178,PPML-FE + Caged sem 2021,246.14901523019103
2025,918828,EDI ALYRIO CAVALLIERI,241,PPML-FE + Caged sem 2021,309.7838360218783
2025,918829,EDI RUBEM AZEVEDO ALVES,143,PPML-FE + Caged sem 2021,102.45759731417255
2025,918830,EDI HENRIQUE DIAS,47,PPML-FE + Caged sem 2021,89.85037773727105
2025,918831,EDI ELFLODÍZIO DOS SANTOS,233,PPML-FE + Caged sem 2021,306.8689798840356
2025,918832,EDI PROFESSORA JACINTHA REIS FERREIRA,367,PPML-FE + Caged sem 2021,347.6789425639147
2025,918833,EDI PROFESSOR WILSON CHOERI,175,PPML-FE + Caged sem 2021,196.37054782029173
2025,918834,EDI ENGENHEIRA ELAINE MONSORES PIRES,127,PPML-FE + Caged sem 2021,185.44558378022327
2025,918835,EDI MEDALHISTA OLÍMPICO ARTHUR NORY OYAKAWA MARIANO,254,PPML-FE + Caged sem 2021,326.0588663820164
2025,918836,EDI MEDALHISTA OLÍMPICO RAFAEL CARLOS DA SILVA,325,PPML-FE + Caged sem 2021,405.49913349844735
2025,918837,EDI MEDALHISTA OLÍMPICO WALLACE LEANDRO DE SOUZA,333,PPML-FE + Caged sem 2021,370.0288571544204
2025,918838,EDI EUSTORGIO WANDERLEY,100,PPML-FE + Caged sem 2021,111.6731565370029
2025,918839,EDI DALILA TAVARES,69,PPML-FE + Caged sem 2021,97.60813582108563
