unidade,nome_unidade_norm,demanda_2026_ppml,demanda_2026_persistencia,demanda_2026_ppml_historico,limite_p025_condicional,limite_p975_condicional,codigo_unidade,interesse_bruto_2025,status_em_2025,tipo_oferta,tipo_unidade,cre,microarea,bairro,latitude,longitude,matriculas_total,fila_total,prev_ppml_base_2025,prev_persistencia_2025,prev_ppml_cag_fem_2025,tem_contexto_creche_2025
10041,CP CRECHE BEZERRA DE MENEZES - SANTA CRUZ,600.0311406036278,649.8099123662532,53.08856571801514,358.78489811703867,901.7106224581091,10041,173,continuante,Parceira,Creche Parceira,10.0,10.1,SANTA CRUZ,-22.92397,-43.67806,157.0,9.0,118.09503820955364,141.57673153665647,113.73867961156162,True
10052,CP CRECHE COMUNITARIA DEUS E FIEL - UNIDADE VII,533.6061357287658,444.9210000584202,196.89650709365412,318.5754988204541,802.3912470413571,10052,493,continuante,,,,,,,,,,432.7281359200449,521.2597842940534,416.8772200463337,False
07040,CP CRECHE VALE DO SOL PRACA SECA,469.1529581080231,429.09177760220444,254.86303426202846,268.1443769758227,721.9689539528714,7040,887,continuante,Parceira,Creche Parceira,7.0,7.2,JACAREPAGUÁ,-22.89823,-43.35344,389.0,233.0,661.0503742234406,796.1392825373019,636.8582738289316,True
08016,CP ASSOCIACAO CENTRO EDUCACIONAL REBRAL VI,463.50825438702236,403.16834687335836,109.70920923898893,274.6332765066747,700.0561001371714,8016,454,continuante,Parceira,Creche Parceira,8.0,8.5,REALENGO,-22.88321,-43.42582,251.0,24.0,428.9118814575471,516.6631371662398,413.2003832559162,True
10051,CP CRECHE COMUNITARIA DEUS E FIEL - UNIDADE VI,443.8992190379689,361.3650612525375,90.63653643184446,265.0957698733666,667.3896744806865,10051,244,continuante,,,,,,,,,,222.25526535666228,267.52486283874697,214.09351535757,False
08009,CP ASSOCIACAO RECREATIVA PINGUINHO DE GENTE,400.8124694263529,297.4854887405347,105.38918829860998,237.11973750539426,605.7051820514588,8009,555,continuante,Parceira,Creche Parceira,8.0,8.8,SENADOR CAMARÁ,-22.87421,-43.48822,98.0,141.0,487.690504761705,587.451502934568,469.8316725864839,True
0817807,EDI MARIA DO CARMO SOUZA PIRAN,390.0057154400801,315.96520366711,129.82310137297722,232.29799453660334,587.4069759558344,817807,168,continuante,Pública,EDI,8.0,8.19,Bangu,-22.863767,-43.471723,144.0,4.0,180.01124380922997,217.8810738583609,161.25374677705432,True
10072,CP CRECHE COMUNITARIA DEUS E FIEL - UNIDADE X,381.29782366490093,308.7164815345597,72.02567075076675,227.72815124681608,573.2587490165322,10072,219,continuante,,,,,,,,,,179.63145313508195,216.04241500723552,173.02689807946766,False
09035,CP INSTITUTO CRESCER E APRENDER - FILIAL,362.5317337892392,284.3309768637358,32.3051647988114,216.7596702488016,544.8953998444538,9035,108,continuante,Parceira,Creche Parceira,9.0,9.18,CAMPO GRANDE,-22.90268,-43.57109,80.0,0.0,98.3924150850714,117.67416647202616,94.7559131697354,True
07041,CP CRECHE VALE DO SOL TAQUARA,359.80053476058896,313.83115396660844,110.73820056495045,210.80106952559908,546.1161167714084,7041,531,continuante,Parceira,Creche Parceira,7.0,7.8,TAQUARA / JACAREPAGUÁ,-22.91733,-43.37196,122.0,173.0,405.2529955180398,488.163924973796,390.4058181522087,True
07037,CP CAAD UNIVERSO DA CRIANCA,352.07132963184375,307.8481379684241,153.5325940006299,204.10218219802354,537.4717644882102,7037,483,continuante,Parceira,Creche Parceira,7.0,7.5,FREGUESIA / JACAREPAGUÁ,-22.92011,-43.36048,294.0,15.0,444.1773778567068,535.0497256774939,427.9081915770171,True
09042,CP CRECHE PEQUENA CANAA,350.27573268192384,271.8395007480382,12.680230772254594,209.59698437915623,526.252380744928,9042,60,continuante,Parceira,Creche Parceira,9.0,9.18,CAMPO GRANDE,-22.89855,-43.56794,40.0,0.0,68.17026522281797,80.90098944951798,65.63804356962831,True
07014,CP CENTRO INTEGRADO SAO JOSE,345.9389468148901,311.7650335926294,91.35800065150673,203.34216436313545,524.60229335738,7014,712,continuante,Parceira,Creche Parceira,7.0,7.16,CIDADE DE DEUS / JACAREPAGUÁ,-22.94726,-43.36008,115.0,270.0,573.9766281948305,691.3357280231536,552.9655470363003,True
0716821,EDI MEDALHISTA PARALIMPICO FELIPE DE SOUZA GOMES,339.77736474235377,280.53311245686916,195.93386615219546,200.38730037588596,514.0460052262592,716821,509,continuante,Pública,EDI,7.0,7.1,Taquara,-22.933395,-43.384692,171.0,127.0,653.0617726966806,623.3053505315135,584.9943411885142,True
07013,CP ESPACO DE EDUCACAO INFANTIL CIDADE DE DEUS,334.7262352233565,296.8000303655533,128.07591093913229,196.9466446483537,507.30209978833875,7013,673,continuante,Parceira,Creche Parceira,7.0,7.14,CIDADE DE DEUS / JACAREPAGUÁ,-22.95235,-43.36266,194.0,322.0,548.7752441034839,660.9978569795844,528.6848324138944,True
0817619,CM PROFESSORA REGINA MARIA DA MATTA MONTEZANO,331.2207698014489,261.34113474458826,77.32669895438019,197.61660189272456,498.4562287877595,817619,208,continuante,Pública,Creche,8.0,8.18,Bangu,-22.868027,-43.474576,142.0,0.0,207.3646560159937,220.63906213504904,185.75588938461044,True
0716819,EDI PROFESSORA NORMA ANDRADE NOGUEIRA,319.52005951987906,230.56669576749707,215.5578695104645,188.74248879168093,482.9944081007683,716819,571,continuante,Pública,EDI,7.0,7.18,Anil,-22.96226,-43.343769,142.0,137.0,745.4403312342047,786.0266588561121,667.7435243555584,True
0918807,EDI URBANO DE FREITAS,314.76847645299466,243.2987649799664,210.4717021635694,188.33170056717904,472.92675513298184,918807,259,continuante,Pública,EDI,9.0,9.8,Campo Grande,-22.893198,-43.567798,176.0,0.0,350.5364385947389,356.69981711832924,314.00370459105625,True
0833601,CM CASA DE REALENGO,310.3082176373899,270.77968351178333,112.74992823771356,184.00793003224436,468.45712083371234,833601,398,continuante,Pública,Creche,8.0,8.6,Realengo,-22.880628,-43.430644,114.0,9.0,397.6831102152043,451.39074795128784,356.2358920432204,True
0817808,EDI PROFESSOR ANTONIO FLAVIO PIERUCCI,305.8432636183354,236.41185819294395,308.26340407148666,180.82731329202988,462.32616770441825,817808,377,continuante,Pública,EDI,8.0,8.12,Senador Camará,-22.879882,-43.490044,201.0,53.0,345.41588145606585,399.9083001197764,309.4169051008845,True
05010,CP ASSOCIACAO CENTRO EDUCACIONAL REBRAL VII,296.6482136102836,261.70094188986167,156.65471572091852,172.37443940543028,452.35339172303395,5010,641,continuante,Parceira,Creche Parceira,5.0,5.2,IRAJÁ,-22.82850531,-43.32955762,557.0,0.0,403.7267329340677,486.3252661226706,388.9353139468561,True
05014,CP AEMMAC - MARECHAL HERMES,290.9087361262291,237.5833483604321,67.55703063883311,166.01514597594525,447.4228532115177,5014,407,continuante,Parceira,Creche Parceira,5.0,5.14,MARECHAL HERMES,-22.86148952,-43.36831059,219.0,25.0,341.9269512244288,411.8595826520916,329.39324354949184,True
07044,CP CRECHE AMOR DE MAE,277.7556273025587,187.39554130871437,106.92842088164662,162.85741754395463,422.10247250924004,7044,512,continuante,Parceira,Creche Parceira,7.0,7.28,RECREIO DOS BANDEIRANTES,-23.02235,-43.48079,176.0,17.0,303.03276970798976,364.9737819483936,291.91997460330066,True
1120605,CM SEMPRE VIDA LORETO,263.99440789010885,180.44297234244402,187.21309225704232,150.36890936950726,406.31404181257875,1120605,264,continuante,Pública,Creche,11.0,11.1,Ilha do Governador,-22.814814,-43.225622,114.0,113.0,237.36997743042275,323.6039577980719,212.6335107351809,True
0918606,CM CECILIA MEIRELES,256.1759448464569,216.36531366711557,80.2886586950539,153.0947764133578,385.1823327581942,918606,175,continuante,Pública,Creche,9.0,9.7,Campo Grande,-22.891834,-43.561631,105.0,1.0,264.37809671895315,299.7013927334416,236.8263526656091,True
04027,CP ASSOCIACAO CENTRO EDUCACIONAL REBRAL IV,250.80848807616218,240.56583566985412,116.33459170884116,144.01237087300245,384.36744620207884,4027,392,continuante,Parceira,Creche Parceira,4.0,4.23,VIGÁRIO GERAL,-22.80848159,-43.30968078,192.0,61.0,353.36912044151774,425.64952403553207,340.41739920554284,True
09046,CP CRECHE COMUNITARIA URSINHO PIMPAO,246.43549764421326,214.24322348741725,52.50808134692715,144.1375181971071,374.12555674900534,9046,310,continuante,Parceira,Creche Parceira,9.0,9.7,SANTÍSSIMO,-22.87472,-43.51354,73.0,53.0,227.5862700023029,273.9601688176859,219.2297612312095,True
0817815,EDI SENHOR JOAO GOMES,245.46961288714132,196.02930303625533,173.5721308769925,146.2306043884104,369.69930451565415,817815,337,continuante,Pública,EDI,8.0,8.18,Bangu,-22.869535,-43.478332,120.0,38.0,304.1003602816341,379.68305275739687,272.40803931803464,True
10069,CP CRECHE E ESCOLA COMUNITARIA GENTE BAIXINHA II,245.13658984400143,205.96766667859907,120.3947730350648,145.87192183450563,369.1835239829792,10069,411,continuante,Parceira,Creche Parceira,10.0,10.18,PACIÊNCIA,-22.91875,-43.62709,95.0,16.0,351.84343349720695,423.8108651844067,338.9474497391861,True
1026809,EDI MEDALHISTA PARALIMPICO RICARDO COSTA DE OLIVEIRA,232.0333209560574,193.35048489608096,93.34575296942897,138.42805805503002,349.040177257788,1026809,238,continuante,Pública,EDI,10.0,10.26,Guaratiba,-22.964108,-43.610268,167.0,47.0,239.1351261864285,236.26766236961504,214.21466359175392,True
09036,CP INSTITUTO CONSTRUINDO AMANHA,230.35910796333005,176.31448742377896,82.59586732234824,133.5321965867336,351.50440507245196,9036,344,continuante,Parceira,Creche Parceira,9.0,9.7,SENADOR VASCONCELOS,-22.89620483,-43.53572883,151.0,20.0,409.068716102416,492.7605721016096,394.0821404607437,True
0716818,EDI PROFESSORA CLAUDIA PIRES CONTINO DA SILVA,225.56723018786494,188.72086346129885,345.5022828093361,131.9097383691916,342.92017232457886,716818,674,continuante,Pública,EDI,7.0,7.18,Gardênia Azul,-22.95761,-43.35047,138.0,178.0,823.337984333118,879.798260263508,737.5212656604742,True
06015,CP AEMMAC - PAVUNA,221.17119746211597,179.3017250244854,84.4738337724902,129.53207617481044,335.8239579560825,6015,356,continuante,Parceira,Creche Parceira,6.0,6.6,PAVUNA,-22.80827194,-43.36968857,357.0,11.0,277.8748202366484,334.6359109048244,267.68111740642973,True
0724804,EDI PROFESSORA MATILDE ROSA LOPES DE ARAUJO,215.45808019170522,221.2936754127444,52.55993960045612,126.76260304460035,326.9383037716439,724804,366,continuante,Pública,EDI,7.0,7.22,Itanhangá,-22.988367,-43.322451,100.0,96.0,429.29275298201503,570.9035732744394,384.55060249161954,True
07015,CP CRECHE CANTINHO FELIZ II,215.02956207029723,242.51632123165504,80.86132121424544,120.67434385651165,332.8058045466247,7015,323,continuante,Parceira,Creche Parceira,7.0,7.25,VARGEM GRANDE,-22.98393,-43.49695,216.0,11.0,270.2528100686491,325.4426166491973,260.33756167796906,True
03006,CP CRECHE CASA VIVA,214.07751379631492,216.53086991114225,115.13425559530278,120.13483321294626,331.23139122978387,3006,421,continuante,Parceira,Creche Parceira,3.0,3.1,ENGENHO DE DENTRO,-22.89574292,-43.29739802,82.0,107.0,393.04331626388137,473.4546541647928,378.6421906203437,True
0514602,CM JECIA DE FREITAS FERREIRA,213.86688270964865,189.2237208967647,380.4989814145626,124.47286057517815,325.90052137536816,514602,470,continuante,Pública,Creche,5.0,5.3,Irajá,-22.831074,-43.327411,140.0,31.0,525.8949702233477,531.372407975243,471.0831781104041,True
07038,CP CAAD UNIVERSO DAS FLORES,212.41490957681592,180.68436410988946,135.48110169763518,117.96009551411906,331.1307821608541,7038,541,continuante,Parceira,Creche Parceira,7.0,7.1,VILA VALQUEIRE,-22.88771,-43.36412,153.0,136.0,398.3849313599972,479.8899601437317,383.788662431121,True
08010,CP ASSOCIACAO CENTRO EDUCACIONAL REBRAL III,211.62256936700265,181.3677677883024,101.02015213219198,125.06382201821766,320.03650491029106,8010,557,continuante,Parceira,Creche Parceira,8.0,8.5,REALENGO,-22.88308324,-43.43710919,51.0,64.0,495.32528330244537,596.644797190195,477.18753328587184,True
07042,CP INSTITUTO EDUCACIONAL DIVA ALVES II,210.35181423303482,166.66549061928967,143.11346249224127,123.4903561876273,318.9925414666518,7042,717,continuante,Parceira,Creche Parceira,7.0,7.22,JACAREPAGUÁ,-22.95334,-43.37915,129.0,227.0,637.3704202161196,767.640070344858,614.0434068186071,True
06003,CP CRECHE NOSSO LAR,208.62432239789013,177.43499740949153,56.91722515400536,122.02199505542794,317.3349157839106,6003,416,continuante,Parceira,Creche Parceira,6.0,6.12,ANCHIETA,-22.82355,-43.40247,101.0,16.0,386.1758076389846,465.1806893347284,372.0255702559005,True
01010,CP CENTRO CULTURAL MONTESSORI - SAO CRISTOVAO,207.40366796374667,193.69351988470078,100.82032683521408,118.31713410632777,319.24355657422797,1010,465,continuante,Parceira,Creche Parceira,1.0,1.2,SÃO CRISTÓVÃO,-22.89682824,-43.23647362,296.0,38.0,364.8123773793261,439.4394654189727,351.44260310484816,True
07027,CP CRECHE MUNDO MAGICO I,206.79420433428115,152.3369972533325,51.357790318932466,121.95729259562641,312.93084646636686,7027,207,continuante,Parceira,Creche Parceira,7.0,7.24,ITANHANGÁ,-22.93257,-43.37475,171.0,1.0,269.4906536174052,324.5232872236346,259.60324905634707,True
0918835,EDI MEDALHISTA OLIMPICO ARTHUR NORY OYAKAWA MARIANO,206.48630031400975,175.03120954848535,177.96219469081873,122.3903976896012,311.754510713893,918835,254,continuante,Pública,EDI,9.0,9.1,Campo Grande,-22.90624,-43.588702,163.0,7.0,336.4108926437366,345.6678640115768,301.35058008976614,True
07020,CP JARDIM ESCOLA CRESCENDO E APRENDENDO,204.93761431275124,166.78541427400245,50.299343850113964,119.85252380617901,311.5142235570099,7020,260,continuante,Parceira,Creche Parceira,7.0,7.17,JACAREPAGUÁ,-22.95829,-43.35315,77.0,33.0,303.79524969686497,365.8931113739563,292.6545990382453,True
06017,CP CRECHE JOAO E MARIA,202.96870661110194,174.06873176869365,48.86528622854208,116.38189338007368,311.369166473538,6017,271,continuante,Parceira,Creche Parceira,6.0,6.6,GUADALUPE,-22.84816,-43.37781,46.0,51.0,191.043800388402,229.8323563906761,184.02231087764767,True
04023,CP CENTRO CULTURAL EDUCAR - UNIDADE III,202.00314269579044,239.22869277137215,44.13984041925416,116.99204596088258,308.54595419341246,4023,106,continuante,Parceira,Creche Parceira,4.0,4.12,BONSUCESSO,-22.86131112,-43.24694176,263.0,0.0,162.90106383013628,195.81716764485603,156.90773425584456,True
09027,CP INSTITUTO FRUTIFICAR,201.97443728033141,171.63152201483317,37.66037969730593,119.7809340239381,304.6980674308557,9027,152,continuante,Parceira,Creche Parceira,9.0,9.13,COSMOS,-22.90722,-43.60736,94.0,21.0,117.33664437305464,140.65740211109377,113.00799406315927,True
0716603,CM CRIANCA DO FUTURO,196.06373619223064,154.35376928687145,285.15323007973853,115.19914422368026,297.1700597327015,716603,714,continuante,Pública,Creche,7.0,7.11,Jacarepaguá,-22.944254,-43.384456,100.0,293.0,719.6516385022046,788.7846471328003,644.6429987401987,True
0625816,EDI PROFESSORA REGINA CELI RABELO DE ALMEIDA,195.55306013543964,160.71105087256166,182.53893743737282,114.78673420259297,296.578802899519,625816,243,continuante,Pública,EDI,6.0,6.1,Pavuna,-22.814742,-43.355257,108.0,25.0,219.18975499034104,271.20218054099774,196.3483616069444,True
0107610,CM ARARA AZUL,195.10916028662047,148.30024221923958,228.9654021237809,112.31513711294988,298.44110196643385,107610,335,continuante,Pública,Creche,1.0,1.2,Benfica,-22.889247,-43.24211,148.0,61.0,300.0396543410739,326.36194607476,268.77061402977426,True
03037,CP CRECHE FRUTOS DO AMANHA I,192.9524548842707,194.86966106487014,103.72493743981138,111.04497082497157,295.4924470872094,3037,447,continuante,Parceira,Creche Parceira,3.0,3.19,INHAÚMA,-22.87367839,-43.28338169,172.0,70.0,477.0022438733425,574.5808909766902,459.5338810755816,True
04030,CP CRECHE VALE DO SOL II,189.65218320063858,206.18347700932947,71.3205496227144,109.8089752470062,289.6615697018225,4030,327,continuante,Parceira,Creche Parceira,4.0,4.11,RAMOS,-22.85806396,-43.26002708,338.0,2.0,266.4421111321228,320.8459695213838,256.6660788717587,True
0716822,EDI MARCELO PARENTE GOMES DE OLIVEIRA,189.41464916479816,136.63925903975218,161.09954571598908,111.76738294894625,286.4792075314062,716822,415,continuante,Pública,EDI,7.0,7.18,Anil,-22.966022,-43.343186,140.0,97.0,518.8305062984562,552.5169847631853,464.7551012253893,True
06016,CP CRECHE NOSSO LAR II,187.11823419489636,162.00322217662074,70.05299515522653,106.64634797534966,287.8016670310744,6016,368,continuante,Parceira,Creche Parceira,6.0,6.17,RICARDO DE ALBUQUERQUE,-22.83996,-43.398,179.0,35.0,333.5367608356418,401.7469589709018,321.3095698152023,True
0625614,CM SIMONE DE BEAUVOIR,186.93475364938567,148.25922839612696,191.58111469147394,109.92054818215092,283.26784354065944,625614,291,continuante,Pública,Creche,6.0,6.5,Costa Barros,-22.814685,-43.367493,194.0,6.0,282.0318531255803,331.8779226281363,252.63991346081212,True
05015,CP AEMMAC - ROCHA MIRANDA,186.4480127725464,165.1023844813817,109.33613584513694,106.73555564908406,286.6551032556744,5015,578,continuante,Parceira,Creche Parceira,5.0,5.1,ROCHA MIRANDA,-22.84070048,-43.34991116,253.0,83.0,494.56179422774255,595.7254677646324,476.451936403296,True
09031,CP ESPACO CRIATIVO TURMINHA DO BAIRRO,185.6931559322404,144.75263256425256,38.93887278259262,110.94690157470563,279.19983769180607,9031,136,continuante,Parceira,Creche Parceira,9.0,9.18,CAMPO GRANDE,-22.89867,-43.57786,76.0,0.0,148.46081472890907,178.34990855916462,142.9950474918864,True
08007,CP CRECHE E ESCOLA COMUNITARIA GENTE INOCENTE - BANGU,185.65462095362946,147.830067643102,67.91633875072583,110.09094114507543,280.2518291201691,8007,479,continuante,Parceira,Creche Parceira,8.0,8.8,BANGU,-22.86206558,-43.45701633,210.0,9.0,433.491396540094,522.179113719616,417.612596778498,True
0430815,EDI PESCADOR ALBANO ROSA,184.2321548019394,162.91725566109116,91.43787495987779,108.76906941037608,278.58723769431754,430815,340,continuante,Pública,EDI,4.0,4.6,Bonsucesso,-22.86549,-43.23884,72.0,98.0,89.18311519475115,330.9585932025735,79.89337091176289,True
09014,CP INSTITUTO DE ENSINO AVANCADO,184.04083601717028,158.69225353875396,86.95581683757135,108.97352146068157,277.8582126824041,9014,221,continuante,Parceira,Creche Parceira,9.0,9.13,COSMOS,-22.91434,-43.61417,140.0,26.0,192.56573563013453,231.6710152418015,185.4886444319581,True
04022,CP CRECHE VALE DO SOL NO GROTAO,179.19150520393703,175.38046441819546,106.75856476378311,102.99519900679036,274.295773326464,4022,306,continuante,Parceira,Creche Parceira,4.0,4.16,PENHA,-22.84533897,-43.28999995,265.0,29.0,249.67763812073,300.6207221590043,240.51406260054665,True
0734802,EDI SENHORA PERCILIANA PEREIRA DE ALVARENGA,179.08994285099274,155.97070574695167,289.8109482366697,105.1488122072272,271.69458447120667,734802,721,continuante,Pública,EDI,7.0,7.14,Jacarepaguá,-22.94965,-43.356636,99.0,321.0,576.5837038255439,717.996281364472,516.488209071306,True
0205601,CM IRMAS BAPTISTA,178.78673188788733,174.33381734479312,254.31498786863145,102.67263194033683,273.9555899945999,205601,425,continuante,Pública,Creche,2.0,2.3,Copacabana,-22.966176,-43.18712,126.0,49.0,411.6335611202257,516.6631371662398,368.7321730385037,True
04040,CP ASSOCIACAO CENTRO EDUCACIONAL REBRAL X,177.78619197043872,170.98181989033614,107.45560281303277,100.68457194290359,274.0104259418131,4040,503,continuante,Parceira,Creche Parceira,4.0,4.21,JARDIM AMÉRICA,-22.80994784,-43.31967943,273.0,79.0,237.48819517182483,285.911451350001,228.7699377248708,True
0716614,CM AUGUSTO DE CARVALHO TORRES FILHO,176.98311535108172,154.9180898287288,150.86005160434868,102.8361134727437,269.47619535570425,716614,602,continuante,Pública,Creche,7.0,7.9,Curicica,-22.955267,-43.390377,74.0,234.0,621.9755532884822,672.9491395118995,557.1484935551795,True
02048,CP LAR CANTINHO FELIZ,176.91945540786332,156.3208859532394,70.86117394184986,99.81949672528255,273.5352331666219,2048,212,continuante,Parceira,Creche Parceira,2.0,2.15,VILA ISABEL,-22.91503469,-43.25269838,109.0,31.0,245.8681602947833,296.0240750311908,236.84375669322665,True
0625802,EDI WESLEY GUILBER RODRIGUES DE ANDRADE,174.16618774250003,140.80150491073104,108.93881660463467,101.78483866711667,264.86534673657343,625802,325,continuante,Pública,EDI,6.0,6.5,Costa Barros,-22.820877,-43.368983,127.0,6.0,265.2607602626339,343.8292051604514,237.61700896044863,True
0716803,EDI COMPOSITOR ROBERTO RIBEIRO,173.82075911747484,135.06355333732355,279.6870079178846,102.33259692440716,263.21405854509493,716803,323,continuante,Pública,EDI,7.0,7.18,Anil,-22.957616,-43.331432,96.0,96.0,506.2911932255357,465.1806893347284,453.5228636382018,True
0716613,CM MARIA DA CONCEICAO SILVEIRA DE CARVALHO,172.32203079999687,130.50538832887472,600.8894980609404,100.06001373736507,262.75483909487485,716613,555,continuante,Pública,Creche,7.0,7.27,Jacarepaguá,-22.968566,-43.389478,79.0,303.0,600.9573663776898,772.2367174726716,538.3212047562063,True
05006,CP CRECHE CARDEAL CAMARA,171.07223505243257,155.08843168770696,108.77107344981808,91.79308305832251,271.21903001771125,5006,470,continuante,Parceira,Creche Parceira,5.0,5.17,CAMPINHO,-22.88763764,-43.34557373,185.0,47.0,428.9118814575474,516.6631371662398,413.2003832559166,True
09021,CP INSTITUTO CRESCER & APRENDER,170.51101271357564,144.78741722832004,70.89223597427873,101.07359764469764,257.4123733279316,9021,332,continuante,Parceira,Creche Parceira,9.0,9.14,INHOAÍBA,-22.90626,-43.59867,277.0,0.0,235.96470104428204,284.07279249887563,227.30210161758308,True
09026,CP CRECHE COMUNITARIA LEAOZINHO FELIZ,170.44539900573736,145.2218340000365,54.11731097008227,101.04002677123145,257.18851031801967,9026,207,continuante,Parceira,Creche Parceira,9.0,9.13,COSMOS,-22.90216,-43.61082,123.0,1.0,184.1959194090236,221.5583915606117,177.42460762349893,True
10022,CP ASSOCIACAO DE MORADORES E AMIGOS DO PARQUE ESTORIL - AMAPE,169.6542350506406,166.43163240317682,69.92606570541406,100.55612971714213,256.06292279435877,10022,203,continuante,Parceira,Creche Parceira,10.0,10.18,PACIÊNCIA,-22.9226,-43.63206,214.0,0.0,160.62044514490344,193.0591793681679,154.7104357442195,True
06009,CP CENTRO EDUCACIONAL NOSSA SENHORA APARECIDA,168.0026014174561,187.98782298397754,56.12688762642058,97.5808502549059,255.98485828307247,6009,315,continuante,Parceira,Creche Parceira,6.0,6.12,ANCHIETA,-22.82195586,-43.39752575,305.0,0.0,245.10629431483773,295.10474560562807,236.1097240262557,True
1019623,CM SEMPRE VIDA TERRA DA PAZ,166.67958149736717,142.39623011360092,41.654173144276626,99.17683979834122,251.04079621630635,1019623,243,continuante,Pública,Creche,10.0,10.19,Paciência,-22.921142,-43.630065,114.0,9.0,203.6584382703521,237.18699179517773,182.43600100809377,True
09033,CP TEMPO DE CRIANCA,164.4469865745408,129.2459815935628,24.986605252277716,98.24801485727303,247.26286659378857,9033,121,continuante,Parceira,Creche Parceira,9.0,9.18,CAMPO GRANDE,-22.89612,-43.57793,82.0,0.0,94.6077366801272,113.07751934421265,91.10951555519772,True
04016,CP CRECHE LAR IRMAO FRANCISCO,164.22622866240368,199.34535626059971,56.371756721048314,93.78379271811254,252.54004964768865,4016,182,continuante,Parceira,Creche Parceira,4.0,4.1,MANGUINHOS,-22.875973,-43.25116019,135.0,14.0,127.95784192384828,153.52801406897163,123.24114353216224,True
0430801,"EDI PESCADOR ISIDORO DUARTE - ""DORO""",163.7571375992735,140.62772712412666,88.77358429826675,96.64404398507092,247.68109229147092,430801,176,continuante,Pública,EDI,4.0,4.7,Bonsucesso,-22.862239,-43.238621,56.0,13.0,172.0709016803488,201.33314419823225,154.14109130295168,True
0724801,EDI MILENA SANTOS NASCIMENTO,163.5382109188284,110.0860453143024,293.384588460076,95.8342884424719,248.59990290095524,724801,350,continuante,Pública,EDI,7.0,7.28,Recreio,-23.023984,-43.489959,184.0,8.0,408.27836348239737,440.35879484453534,365.72671516830354,True
04024,CP CRECHE VALE DO SOL,162.61184927132456,163.71355906571978,111.35912251302145,92.88845149084635,249.62730471358617,4024,358,continuante,Parceira,Creche Parceira,4.0,4.15,OLARIA,-22.85146702,-43.27229563,264.0,9.0,351.84343349720723,423.8108651844067,338.9474497391861,True
09028,CP CRECHE COMUNITARIA ALEM DO ARCO-IRIS,162.50343363305583,126.0056973713978,52.61007454011528,97.0758242488549,244.35215427233453,9028,215,continuante,Parceira,Creche Parceira,9.0,9.18,CAMPO GRANDE,-22.88237,-43.57008,96.0,15.0,237.48819517182483,285.911451350001,228.7699377248709,True
09040,CP CRECHE E ESCOLA COMUNITARIA GENTE BAIXINHA - UNIDADE COSMOS,159.20623075899695,137.3158206715822,41.7158908408309,94.29637053205442,240.3229397010382,9040,249,continuante,Parceira,Creche Parceira,9.0,9.23,COSMOS,-22.90761,-43.61597,50.0,13.0,246.6300362171844,296.9434044567535,237.57779894282888,True
0625611,CM ZILKA SALABERRY,158.42852062999296,129.20086768845937,170.82891503241345,91.93205280628646,241.68905006566365,625611,407,continuante,Pública,Creche,6.0,6.19,Acari,-22.824265,-43.345692,199.0,77.0,351.77244287495864,516.6631371662398,315.1108700121902,True
0918620,CM EMILIO IBRAHIM LAZARO JUBRAM DIB,156.6676512470051,121.36014681967353,295.4604800267865,93.42637312446637,235.78779803565635,918620,327,continuante,Pública,Creche,9.0,9.19,Campo Grande,-22.919907,-43.555444,199.0,10.0,437.2395239056689,456.9067245046641,391.6690162982413,True
02046,CP ESPACO SANTA TEREZINHA - EST,155.92337178695914,176.49915509959064,52.88339908570991,87.44594554978859,241.04131798921742,2046,207,continuante,Parceira,Creche Parceira,2.0,2.6,GÁVEA,-22.97556009,-43.22728739,137.0,12.0,216.16341956940465,260.1702274342453,208.2242245970676,True
05016,CP ASSOCIACAO EDUCACIONAL E CULTURAL SAO BERNARDO - CSB,154.14340879383022,134.40535814135183,112.84201972877587,87.36910080697233,238.10636469051545,5016,338,continuante,Parceira,Creche Parceira,5.0,5.1,ROCHA MIRANDA,-22.85561968,-43.35253061,183.0,28.0,337.35040436245146,406.34360609871527,324.9838904699947,True
0716807,EDI LEILA DINIZ,153.66921156066445,134.39507490115446,143.2540339085328,89.24542063096659,234.0439172913937,716807,729,continuante,Pública,EDI,7.0,7.9,Curicica,-22.954868,-43.392306,311.0,198.0,384.2627019026185,404.5049472475899,344.2144029447375,True
1026807,EDI ALFREDO FERNANDO VAZ GUIMARAES JUNIOR,153.018850754778,130.5608922807787,357.35990495503444,91.18508471392376,230.32610114853085,1026807,379,continuante,Pública,EDI,10.0,10.26,Guaratiba,-22.958121,-43.608041,169.0,49.0,371.3723220818683,368.6510996506444,332.6676931124242,True
03040,CP ASSOCIACAO CRESCENCIO UNIDADE II,152.6343515224563,134.87824674327038,35.167919095276154,86.36078015585397,235.37823480593076,3040,100,continuante,Parceira,Creche Parceira,3.0,3.3,ENGENHO NOVO,-22.90891203,-43.26861001,67.0,11.0,131.75291559734308,158.12466119678513,126.89756444078672,True
10055,CP ESPACO DE DESENVOLVIMENTO MAE GAIA,152.4050737746652,183.56370525657456,48.099270656448766,89.5954187844437,230.93023111944174,10055,140,continuante,Parceira,Creche Parceira,10.0,10.9,SEPETIBA,-22.97657329,-43.69658743,133.0,0.0,62.14573285631344,73.54635404501634,59.83366240258313,True
09020,CP ASSOCIACAO DE MORADORES UNIAO DAS BASES DE URUCANIA E ADJACENCIAS - CAMPO GRANDE,151.8339313855232,117.90284930155357,24.18246519731119,90.65338716656744,228.36635606247327,9020,56,continuante,Parceira,Creche Parceira,9.0,9.18,CAMPO GRANDE,-22.90717,-43.57941,99.0,12.0,61.3933063879413,72.62702461945364,59.1087322691483,True
11006,CP CRECHE CASULO DO DENDE,150.62468974639808,135.14887196966905,69.82842421678238,81.31723708518523,237.32357342028445,11006,391,continuante,Parceira,Creche Parceira,11.0,11.5,ILHA DO GOVERNADOR / TAUÁ,-22.79948,-43.18549,310.0,22.0,316.7583825122853,381.5217116085223,305.14415215682465,True
1019612,CM DANIELA PEREZ,150.5825296508383,129.63553717674307,154.50273136853826,89.56171314699402,226.84305245357237,1019612,305,continuante,Pública,Creche,10.0,10.17,Paciência,-22.924633,-43.644761,168.0,2.0,316.28273040919424,314.41066354244487,283.32054117800874,True
08015,CP CEM CRECHE ESCOLA MACHADO,150.03565716886368,132.8719193890552,53.05090328377291,89.04935100795967,226.408549958729,8015,205,continuante,,,,,,,,,,159.86028491313954,192.1398499426052,153.9780472471458,False
07018,CP CRECHE SANT ANA IRMA ANCILA,148.50987444388156,150.23956977740545,34.7588394434741,85.55685679313896,227.66950820719822,7018,150,continuante,Parceira,Creche Parceira,7.0,7.5,JACAREPAGUÁ,-22.9138,-43.3644,152.0,0.0,166.70254236513586,200.41381477266955,160.57032971937073,True
07039,CP CRECHE JARDIM CLARICE,148.23658213047827,159.89240471716116,28.455418589342933,87.14101599015925,224.61874909180221,7039,217,continuante,Parceira,Creche Parceira,7.0,7.8,ANIL,-22.96408,-43.33653,142.0,23.0,246.6300362171841,296.9434044567535,237.57779894282888,True
10019,CP ESCOLA COMUNITARIA JARDIM ALEXANDRINO,147.9577203297705,157.88565660835997,69.90207000559354,88.32000063820877,222.53779471288564,10019,166,continuante,Parceira,Creche Parceira,10.0,10.11,SANTA CRUZ,-22.93446,-43.67244,169.0,4.0,143.90268221494495,172.8339320057884,138.6034435860128,True
10027,CP CRECHE CASULO AGOSTINHO - SANTA CRUZ,147.11303904583076,157.8537043854673,62.05032193623025,87.8590244955443,221.21168724272212,10027,194,continuante,Parceira,Creche Parceira,10.0,10.11,SANTA CRUZ,-22.90966,-43.67976,160.0,9.0,129.47576544649894,155.36667292009702,124.7036097513613,True
06002,CP CRECHE GUADALUPE,144.92314005286403,118.41177228632802,54.270258483792894,82.2328158548037,223.24197087894075,6002,197,continuante,Parceira,Creche Parceira,6.0,6.1,GUADALUPE,-22.83417,-43.37066,166.0,13.0,184.1959194090236,221.5583915606117,177.42460762349893,True
07004,CP CASA EMILIEN LACAY,144.587598561605,112.68794580593861,43.34116868749472,82.52723429738647,222.48212157770627,7004,201,continuante,Parceira,Creche Parceira,7.0,7.7,FREGUESIA / JACAREPAGUÁ,-22.93948,-43.35402,141.0,3.0,214.64058477011005,258.3315685831199,206.757023976548,True
09045,CP CRECHE COMUNITARIA PINTANDO SONHOS,143.91790360379622,109.21744170641901,30.080299636248995,85.98897854280142,216.3721037973542,9045,107,continuante,Parceira,Creche Parceira,9.0,9.18,CAMPO GRANDE,-22.88529,-43.55016,38.0,24.0,80.2422181977106,95.61026025852124,77.26888489974878,True
05001,CP ASSOCIACAO AMIGOS DA CRIANCA - CRECHE ROCHA MIRANDA,139.8721825912295,121.86477469318598,82.29873566294724,79.71943054881186,215.4885284792017,5001,490,continuante,Parceira,Creche Parceira,5.0,5.1,ROCHA MIRANDA,-22.85260964,-43.35192325,115.0,90.0,514.4132922669668,619.6280328292627,495.5782090071146,True
03002,CP ABRIGO MARIA IMACULADA,139.81724141309374,123.48668716138911,72.62929209718436,76.2863051731305,219.83846170962724,3002,249,continuante,Parceira,Creche Parceira,3.0,3.4,ROCHA,-22.90056725,-43.24951092,356.0,1.0,237.48819517182483,285.911451350001,228.7699377248708,True
09013,CP CRECHE COMUNITARIA SOL DO SABER,139.5645130178774,119.09743870782734,50.602152842595316,81.7135430188859,211.80250702098195,9013,301,continuante,Parceira,Creche Parceira,9.0,9.7,SANTÍSSIMO,-22.87444,-43.52549,108.0,27.0,262.6316240795521,316.24932239357025,252.99480027574987,True
0817609,CM RECANTO FELIZ,138.55961330740968,110.0710431031026,243.91283485642674,82.25747104422757,209.03745619802407,817609,369,continuante,Pública,Creche,8.0,8.16,Padre Miguel,-22.86933,-43.458291,224.0,0.0,405.09977014122313,388.8763470130239,362.87945268000726,True
0716808,EDI PROFESSORA MARIA BERENICE PARENTE,138.54930642210886,115.81233174877553,71.22658898550682,80.99219137114737,210.6608812072758,716808,394,continuante,Pública,EDI,7.0,7.17,Gardênia Azul,-22.958906,-43.351378,113.0,80.0,520.0667843067466,532.2917374008058,465.86251183310907,True
06004,CP CENTRO COMUNITARIO PARQUE UNIDOS DE ACARI,137.95245097312986,114.5650561939475,38.638679994032685,79.90952444835843,210.61192390600792,6004,91,continuante,Parceira,Creche Parceira,6.0,6.4,ACARI,-22.82067,-43.34701,84.0,7.0,79.48695866380045,94.69093083295854,76.54122187124464,True
07036,CP CAAD UNIVERSO ENCANTADO,137.6672952571404,110.29309262068722,81.5238459449035,79.2970018318903,210.58201260772324,7036,427,continuante,Parceira,Creche Parceira,7.0,7.7,FREGUESIA / JACAREPAGUÁ,-22.93773,-43.342,175.0,95.0,409.068716102416,492.7605721016096,394.08214046074335,True
03022,CP INSTITUTO AVANTE ELITE DO FUTURO,136.98913466135326,132.19130727830995,50.64383706031243,77.31016773069831,212.07628637578722,3022,257,continuante,Parceira,Creche Parceira,3.0,3.9,PILARES,-22.87453725,-43.2938692,116.0,19.0,232.91784281603523,280.3954747966248,224.36655472603263,True
09038,CP CEM CRECHE ESCOLA MACHADO UNIDADE II,136.79495245395242,116.9869189864123,84.40008515337114,81.11969344686008,206.37179643327275,9038,154,continuante,,,,,,,,,,240.5353107118248,289.58876905225185,231.7057326192593,False
06012,CP ASSOCIACAO CRESCENCIO,135.93961302071298,115.60062528341957,46.32171519189279,77.71245906737535,208.88702690746896,6012,221,continuante,Parceira,Creche Parceira,6.0,6.15,GUADALUPE,-22.84617,-43.36729,132.0,16.0,212.35643046899003,255.5735803064318,204.5563174054578,True
08021,CP ASSOCIACAO RECREATIVA MUNDO MAGICO DA TIA NATY,135.5348758468255,113.22324020770553,62.95671613059549,78.72382721540696,206.65913344632415,8021,197,continuante,Parceira,Creche Parceira,8.0,8.7,PADRE MIGUEL,-22.87342,-43.43952,38.0,18.0,209.31107807869944,251.896262604181,201.6222219092484,True
0918601,CM ALEGRIA DE NOVA CIDADE,135.51279563287386,114.7824806671147,160.01903864110426,80.3380623871161,204.57292566519945,918601,288,continuante,Pública,Creche,9.0,9.1,Inhoaíba,-22.903147,-43.590627,139.0,0.0,332.8795709210248,262.92821571093344,298.1873569759937,True
0716606,CM AMIGUINHOS DA VILA SAPE,135.2648595540987,103.1320723530133,265.54772607699067,79.57119489678712,204.9751339901292,716606,461,continuante,Pública,Creche,7.0,7.12,Jacarepaguá,-22.947959,-43.374412,98.0,241.0,451.0141130538638,498.2765486549858,404.0077670274217,True
04015,CP ESPACO DE EDUCACAO INFANTIL VILA DO JOAO,134.6004827583643,142.34115768460418,153.37751953538745,77.4033467560086,206.2942291937145,4015,325,continuante,Parceira,Creche Parceira,4.0,4.1,MANGUINHOS,-22.86529825,-43.24814105,207.0,133.0,182.6743585181564,219.71973270948632,175.95863491130442,True
04038,CP ASSOCIACAO CENTRO EDUCACIONAL REBRAL VIII,134.0474419161361,134.28206395039984,76.30494037382056,76.09091309746057,206.7881976202531,4038,227,continuante,Parceira,Creche Parceira,4.0,4.21,CORDOVIL,-22.82752902,-43.30657976,234.0,0.0,247.39192202109385,297.8627338823162,238.3118507163105,True
03033,CP INSTITUTO EDUCACIONAL T & P CONQUISTA,132.9934422018363,114.90340436025475,63.00490333432157,74.79281439329571,205.67142963605414,3033,270,continuante,Parceira,Creche Parceira,3.0,3.4,LINS DE VASCONCELOS,-22.912049,-43.28506245,198.0,3.0,236.7264427480756,284.9921219244383,228.0360145051604,True
06001,CP ESCOLA PATRONATO NOSSA SENHORA DE NAZARE,132.25785341270424,148.89087782980215,34.76420797553023,76.76349796919794,201.5828808378103,6001,295,continuante,Parceira,Creche Parceira,6.0,6.12,ANCHIETA,-22.82191,-43.39912,106.0,0.0,255.773301157978,307.97535756350595,246.38703252332607,True
09041,CP CRECHE COMUNITARIA PEQUENOS PASSOS,132.23210979420514,103.03703813561934,21.546271039516686,78.98961185147616,198.8402734341061,9041,114,continuante,Parceira,Creche Parceira,9.0,9.18,CAMPO GRANDE,-22.88208,-43.56469,60.0,12.0,115.8199864247535,138.81874325996836,111.54674804393991,True
10032,CP CRECHE COMUNITARIA MUNDO MAGICO,132.2154166733284,141.49924728365414,63.46275387867379,78.89591537895008,198.89600117371916,10032,150,continuante,Parceira,Creche Parceira,10.0,1.1,SANTA CRUZ,-22.93267,-43.69154,197.0,0.0,142.3835317177258,170.995273154663,137.13979446239753,True
01004,CP CRECHE CANTINHO FELIZ DE SANTA TERESA,131.79236082716199,99.16735871551742,45.71380393257694,73.7536160495326,204.63814120990762,1004,136,continuante,Parceira,Creche Parceira,1.0,1.11,SANTA TERESA,-22.93159323,-43.19609406,50.0,14.0,121.88763455336822,146.17337866447,117.39271204084844,True
1019628,CM IRINEA DOS SANTOS PAIVA,131.72009475619132,141.58662985070785,108.12239240319099,78.70980499618129,198.01150125499964,1019628,77,continuante,Pública,Creche,10.0,10.12,Santa Cruz,-22.926998,-43.673065,69.0,0.0,123.55991463665858,116.75483704646346,110.68679917543402,True
0724602,CM DINA SFAT,130.9424456756028,58.63967514821047,260.98480479709247,77.33580118613546,197.93994284749368,724602,131,continuante,Pública,Creche,7.0,7.24,Itanhangá,-22.989203,-43.297275,68.0,0.0,192.0108565977389,184.7852145381036,172.0025419423812,True
10035,CP ESCOLA COMUNITARIA JARDIM DE INFANCIA CHAVE DO TAMANHO,130.85631605050054,160.9616140868468,31.756461373603067,77.0472429033876,198.13273798825952,10035,139,continuante,Parceira,Creche Parceira,10.0,10.9,SEPETIBA,-22.97224,-43.69661,84.0,18.0,57.63355439706991,68.03037749164012,55.48637820432478,True
10054,CP CRECHE COMUNITARIA AQUARELA DO SABER,130.6115335693239,141.09862035879547,13.348080060599738,78.06843360100265,196.3183196448349,10054,51,continuante,Parceira,Creche Parceira,10.0,10.1,SANTA CRUZ,-22.92614,-43.68532,43.0,0.0,87.79955681618333,104.80355451414827,84.55008992024112,True
10075,CP CRECHE COMUNITARIA PEDACINHO DE CEU,130.1524157788301,137.5639122159848,65.12411286178597,77.66522461275545,195.79312553525205,10075,153,continuante,Parceira,Creche Parceira,10.0,10.15,SANTA CRUZ,-22.93109266,-43.66661398,78.0,2.0,160.62044514490344,193.0591793681679,154.7104357442195,True
0724601,CM MARIA VIEIRA BAZANI,129.71727872318075,86.60336224306472,196.2541739996507,76.03649972399045,197.15775667739177,724601,260,continuante,Pública,Creche,7.0,7.28,Recreio dos Bandeirantes,-23.027024,-43.485789,142.0,6.0,380.0247381014846,407.262935524278,340.4181968625034,True
03014,CP CRECHE PLANTANDO O AMANHA,129.6915529533377,122.96990666465453,147.60368335041827,73.11305423366831,200.65309694380653,3014,584,continuante,Parceira,Creche Parceira,3.0,3.13,DEL CASTILHO,-22.87406959,-43.28668612,166.0,92.0,542.6661399037358,653.6432215750827,522.798909089317,True
0716812,EDI ESCRITORA CLARICE LISPECTOR,129.48857810720938,81.58115281530475,84.37031461476747,76.34722641131364,196.012845157837,716812,1043,nova_ou_reativada,Pública,EDI,7.0,7.23,Rio Das Pedras,-22.976261,-43.325334,67.0,580.0,,,,True
0833811,EDI MEDALHISTA OLIMPICA RAFAELA LOPES SILVA,129.46240969254734,115.80287307827754,237.07678764884392,72.44202745504671,200.7757994997418,833811,310,continuante,Pública,EDI,8.0,8.3,Magalhães Bastos,-22.868937,-43.414361,94.0,54.0,298.6272451258706,232.5903446673642,267.50543179945095,True
0625604,CM HERBERT DE SOUZA - BETINHO,128.21575234408394,107.7998163485186,192.41219981525285,73.72592562678248,196.43577955791147,625604,332,continuante,Pública,Creche,6.0,6.7,Coelho Neto,-22.83664,-43.348239,195.0,32.0,333.0561363704963,330.9585932025735,298.3455175614079,True
08024,CP CEM CRECHE ESCOLA MACHADO - UNIDADE I,128.1317210244233,111.37909018029451,39.13832713614907,76.10832841131788,193.28965509628424,8024,128,continuante,,,,,,,,,,137.82679545459635,165.47929660128676,132.7495366130056,False
0716813,EDI PROFESSORA KENIA MENDES DOS SANTOS,127.88289462978975,80.86535217237449,205.36431827819712,69.73320697244385,200.27115033359516,716813,260,continuante,Pública,EDI,7.0,7.27,Camorim- Jacarepaguá,-22.964857,-43.413066,99.0,76.0,331.1139201514366,364.0544525228309,296.6057544585315,True
0625606,CM LUIS DE SOUZA DA COSTA BARROS,127.83193183880493,104.16980837338339,65.81310601624779,74.722037419098,194.37883449516522,625606,328,continuante,Pública,Creche,6.0,6.5,Costa Barros,-22.820707,-43.365549,143.0,1.0,316.81240695558233,376.9250644807088,283.79500519715185,True
06013,CP CRECHE COMUNITARIA AQUARELA,127.53353620279239,113.09957457182931,76.67981295364808,71.17686743302289,198.35397449429914,6013,279,continuante,Parceira,Creche Parceira,6.0,6.18,PARQUE ANCHIETA,-22.83706,-43.41045,100.0,31.0,229.87116173821968,276.718157094374,221.4311785770548,True
0622804,EDI MEDALHISTA PARALIMPICO DANIEL MARTINS,127.12272620551857,109.63645431806266,230.7435294367612,72.57697378080717,195.3746314162701,622804,302,continuante,Pública,EDI,6.0,6.13,Ricardo de Albuquerque,-22.834977,-43.393545,142.0,34.0,330.2310973209493,324.5232872236346,295.81495548774944,True
06007,CP CRECHE ABRINDO PORTAS,126.39842147903755,118.70143527412966,29.730275596548992,72.80517394151994,193.42640939945701,6007,131,continuante,Parceira,Creche Parceira,6.0,6.2,ACARI,-22.82279,-43.34669,119.0,0.0,124.16367574052674,148.9313669411581,119.58559755139612,True
08018,CP CRECHE COMUNITARIA ESTRELINHA,125.76538413453227,102.09895736174758,27.309077897958826,74.6855185712192,189.77003257750218,8018,203,continuante,Parceira,Creche Parceira,8.0,8.8,SENADOR CAMARÁ,-22.87388,-43.48101,72.0,9.0,194.848759320932,234.4290035184896,187.6882612299809,True
0430603,CM TIO MARIO,124.91470699929245,110.19137128422739,305.1680269726263,72.76496710030973,190.1973772701333,430603,439,continuante,Pública,Creche,4.0,4.4,Bonsucesso,-22.873426,-43.239545,75.0,214.0,288.91707983195835,472.5353247392301,258.80743658646225,True
0833603,CM SILVEIRINHA,124.69924352374738,97.84072350084384,240.89682419278736,70.04110618954293,193.64712478465,833603,287,continuante,Pública,Creche,8.0,8.14,Deodoro,-22.853024,-43.396094,192.0,0.0,354.0678872400249,376.9250644807088,317.1670413923763,True
03026,CP CHALE SEMENTINHA,124.50324785898125,123.40158533559838,122.40360594686051,68.82678006424025,194.7381536124637,3026,504,continuante,Parceira,Creche Parceira,3.0,3.14,HIGIENÓPOLIS,-22.88059599,-43.25631045,239.0,70.0,431.2016243731938,519.421125442928,415.40647592302673,True
07019,CP JARDIM ESCOLA TURMINHA DA ARCA - JETA,123.82708624780335,123.98111504052369,56.33458663917683,71.97008579599161,188.65300306769683,7019,291,continuante,Parceira,Creche Parceira,7.0,7.7,JACAREPAGUÁ,-22.96342,-43.34745,185.0,0.0,226.8246625060772,273.0408393921232,218.49597769691448,True
01009,CP CRECHE COMUNITARIA ANITA WAY,123.04880791578191,110.5694097254197,54.227291620329254,66.55016373315779,194.53690590510703,1009,179,continuante,Parceira,Creche Parceira,1.0,1.5,SANTO CRISTO,-22.9009354,-43.1977302,129.0,10.0,162.90106383013628,195.81716764485603,156.90773425584456,True
04036,CP CRECHE GIZ COLORIDO,122.95453749322792,141.49716610560608,24.877980032106365,69.6906616110477,189.64716074623095,4036,93,continuante,Parceira,Creche Parceira,4.0,4.14,BRÁS DE PINA,-22.82947091,-43.29392752,57.0,9.0,126.44006354741492,151.6893552178462,121.7788172510495,True
0918837,EDI MEDALHISTA OLIMPICO WALLACE LEANDRO DE SOUZA,122.59003547031745,104.14657847988377,274.3857234929504,71.69179551879452,186.17566626424838,918837,333,continuante,Pública,EDI,9.0,9.2,Santíssimo,-22.870428,-43.51129,194.0,31.0,373.3146900604395,404.5049472475899,334.40759215000907,True
04018,CP SOCIEDADE DE ENSINO TEREZA CRISTINA,122.19047927494938,111.29995370810461,58.527611671746094,70.9168439737168,186.39990111242977,4018,149,continuante,Parceira,Creche Parceira,4.0,4.5,BONSUCESSO,-22.85034047,-43.2465646,210.0,3.0,145.42194778156784,174.6725908569138,140.0672036419685,True
0817504,CIEP ANTONIO EVARISTO DE MORAES,122.11006606603017,116.58179752100078,70.44705086286686,71.9945996856653,184.87574559904039,817504,198,continuante,Pública,CIEP,8.0,8.12,Senador Camará,-22.881793,-43.487326,70.0,0.0,158.83815873530042,215.1230855816728,142.2877050473878,True
10060,CP CRECHE COMUNITARIA JARDIM DO CONHECIMENTO,121.77922564246411,130.78250159398905,20.176394848261623,72.73913379257263,183.1065567550752,10060,83,continuante,Parceira,Creche Parceira,10.0,10.1,SANTA CRUZ,-22.92958,-43.68569,95.0,1.0,72.69401361592053,86.4169660028942,69.99648963001323,True
1019606,CM TRINTA E UM DE OUTUBRO,121.52005919183745,119.54640886062847,99.7947742411495,72.0905714084369,183.3426985930142,1019606,124,continuante,Pública,Creche,10.0,10.4,Paciência,-22.917668,-43.637215,106.0,0.0,99.22897184727682,110.31953106752452,88.89206721919201,True
0313611,CM JOSE RAMOS JANUARIO - ZE PRETINHO,121.28482271361568,111.3844318719832,139.1540628012863,68.79058119991032,186.83735683149078,313611,133,continuante,Pública,Creche,3.0,3.3,Engenho Novo,-22.908008,-43.266694,113.0,0.0,214.4243281752708,198.5751559215441,192.0796741979341,True
08011,CP ESPACO DE EDUCACAO INFANTIL BATAN,121.27489470654045,91.34270070675815,80.8295843269602,70.96455808596407,184.4985457616214,8011,202,continuante,Parceira,Creche Parceira,8.0,8.5,REALENGO,-22.88083,-43.49267,190.0,0.0,185.7175508625353,223.39705041173715,178.8906483525913,True
10056,CP CRECHE MUNDO DA BIBI,120.99462639176687,128.87771434139148,39.5046720674806,72.20661085240148,182.00956663217596,10056,100,continuante,Parceira,Creche Parceira,10.0,10.1,SANTA CRUZ,-22.93585,-43.68192,100.0,2.0,75.71208666111399,90.09428370514502,72.90428180639294,True
0625820,EDI BETH CARVALHO,120.90672414671342,95.94246622656634,115.40097132233005,71.05937181901575,183.25747655530856,625820,272,continuante,Pública,EDI,6.0,6.5,PAVUNA,-22.81084,-43.36713,197.0,17.0,269.9844136971782,326.36194607476,245.5032907489178,True
04041,CP CRECHE ESCOLA OTACILIO BATISTA,120.40708172225916,138.52797602281044,28.79538099966872,69.61039437715861,184.075420176455,4041,105,continuante,Parceira,Creche Parceira,4.0,4.12,BONSUCESSO,-22.85751606,-43.24458774,52.0,16.0,81.75300847734839,97.44891910964664,78.7244725377484,True
0817804,EDI PROFESSORA EDITH MARQUES DE SOUZA,119.68046958628628,98.829881103222,186.27084974182094,69.76055110547593,182.16890959803163,817804,324,continuante,Pública,EDI,8.0,8.16,PADRE MIGUEL,-22.868071,-43.45675,118.0,35.0,280.6195163804152,315.3299929680076,251.37479614310803,True
0204602,CM ARACY GUIMARAES ROSA,119.42232401356532,107.85577921512056,373.4092474078769,63.43714721606477,190.20570746629625,204602,587,continuante,Pública,Creche,2.0,2.2,Catete,-22.928943,-43.179417,140.0,88.0,435.6501632848485,607.6767502969475,390.2453277719082,True
04003,CP ASSOCIACAO CIVIL CENTRO EDUCACIONAL COMUNITARIO ESTACAO DO SABER,119.09405143063648,111.21347030051604,33.05817562305792,66.78142302192508,184.73071248664172,4003,100,continuante,Parceira,Creche Parceira,4.0,4.21,PARADA DE LUCAS,-22.81297733,-43.29690787,142.0,0.0,121.12903339346158,145.25404923890727,116.66182659897136,True
0625612,CM YEDDA MARQUES LAMOUNIER DE ANDRADE MACIEL,118.54350667588443,95.4109044084807,190.49818719736723,68.68732466728669,180.98208647634806,625612,484,continuante,Pública,Creche,6.0,6.19,Acari,-22.826136,-43.34295,143.0,85.0,440.9480443143202,584.69351465788,394.9909672046118,True
03024,CP CASA DE LEYLA,118.22710256161758,110.35176787741132,42.35093830344708,64.27929414119178,186.08588196346057,3024,191,continuante,Parceira,Creche Parceira,3.0,3.11,SAMPAIO,-22.90124083,-43.25925243,129.0,0.0,200.17636129016725,240.86430949742856,192.8212273780911,True
09008,CP CRECHE COMUNITARIA ANA & LU,117.47192440012707,91.13782100419029,19.75324858243492,70.15279820061829,176.66700743439338,9008,60,continuante,Parceira,Creche Parceira,9.0,9.18,CAMPO GRANDE,-22.91489,-43.56694,64.0,2.0,77.22174307072886,91.93294255627043,74.35877581246562,True
04021,CP ASSOCIACAO CENTRO EDUCACIONAL REBRAL II,117.14135216401804,110.40516537684964,55.37048453823428,66.64299254477636,180.40070656870975,4021,184,continuante,Parceira,Creche Parceira,4.0,4.19,PENHA CIRCULAR,-22.83816909,-43.28794454,193.0,1.0,169.74411341567605,204.0911324749204,163.50078032507056,True
10043,CP CRECHE CANTINHO CASLU,116.86634702443583,100.91064972759679,36.35297944675966,69.47099788914103,176.09699775897838,10043,168,continuante,Parceira,Creche Parceira,10.0,10.18,PACIÊNCIA,-22.92932,-43.63725,125.0,15.0,131.75291559734308,158.12466119678513,126.8975644407866,True
0625804,EDI PROFESSORA HELIA LUCIA MORENO FERREIRA,116.86101059550303,94.29511773047818,109.12003465372398,68.45473426165026,177.42382437316493,625804,270,continuante,Pública,EDI,6.0,6.6,Costa Barros,-22.821307,-43.361933,120.0,11.0,246.3723707130844,290.50809847781454,220.69751089013943,True
0817605,CM MANE GARRINCHA II,116.74479289144716,92.43261041474702,48.65389833759907,69.36467686220172,176.0775490209802,817605,239,continuante,Pública,Creche,8.0,8.11,Bangu,-22.878109,-43.480675,113.0,4.0,279.7368089971624,278.5568159454994,250.58410058056293,True
0817801,EDI PROFESSORA TANIA MARIA LARRUBIA GOMES,116.4334157906381,91.94480078458862,169.56584710420407,69.00233572187771,175.8406791065567,817801,321,continuante,Pública,EDI,8.0,8.9,Bangu,-22.888872,-43.470733,187.0,34.0,258.1995278112295,286.8307807755637,231.2918265845112,True
04042,CP CENTRO CULTURAL PEDACINHO DO CEU,116.17394801214016,125.63533832177524,61.42360451143156,65.98289718855624,179.059068724712,4042,167,continuante,Parceira,Creche Parceira,4.0,4.14,BRÁS DE PINA,-22.82835328,-43.28778895,179.0,0.0,173.54654263601302,208.68777960273388,167.16429221592375,True
0716820,EDI MEDALHISTA OLIMPICA AGATHA BEDNARCZUK RIPPEL,115.91028060115698,96.56561412020527,188.4668029854155,67.59199372442622,176.25380436056028,716820,606,continuante,Pública,EDI,7.0,7.11,Curicica,-22.954432,-43.382779,96.0,231.0,724.4207577152603,720.7542696411601,648.9149935132281,True
0716605,CM SEMPRE VIDA NISE DA SILVEIRA,115.5051138124904,97.04872094712523,222.70954217605117,67.29737522589096,175.84157072169486,716605,384,continuante,Pública,Creche,7.0,7.16,Jacarepaguá,-22.943136,-43.352063,144.0,196.0,508.5871129879913,379.68305275739687,455.579460846241,True
03025,CP CENTRO CULTURAL EDUCAR - UNIDADE II,115.24366416545857,108.36121048786697,85.03518683912918,61.43334241239634,182.86341519542364,3025,486,continuante,Parceira,Creche Parceira,3.0,3.13,ABOLIÇÃO,-22.88511431,-43.30126439,151.0,2.0,413.6476997889594,498.2765486549858,398.493841893986,True
09017,CP ESPACO CRESCER,114.89109914338304,91.4170367594347,66.8824352236184,68.32867702389063,173.15375311698227,9017,236,continuante,Parceira,Creche Parceira,9.0,9.18,CAMPO GRANDE,-22.91264,-43.53939,176.0,0.0,200.17636129016725,240.86430949742856,192.8212273780911,True
07035,CP AEMMAC - ANIL,114.74313571036336,114.89066524812324,32.33412821539581,67.25721609527774,174.11061602889106,7035,274,continuante,Parceira,Creche Parceira,7.0,7.18,JACAREPAGUÁ,-22.95058,-43.34142,205.0,0.0,207.78848362516177,250.0576037530556,200.1552529492108,True
0724603,CM BENEDITA SIQUEIRA LOPES,114.5898429501471,119.02353583415282,205.3047530601965,67.29370972590755,174.0375612013612,724603,242,continuante,Pública,Creche,7.0,7.24,Barra da Tijuca,-22.98716,-43.307461,94.0,35.0,287.1516238316287,319.9266400958211,257.2260085275888,True
0515602,CM SAO MIGUEL ARCANJO,114.5784290786244,94.87786454118081,197.29266456246236,65.11008561776599,176.75213569989822,515602,339,continuante,Pública,Creche,5.0,5.8,Madureira,-22.860679,-43.331741,146.0,38.0,419.7567367249652,458.7453833557895,376.00860342521327,True
10026,CP CRECHE E ESCOLA COMUNITARIA GENTE BAIXINHA I,114.39078216653479,111.48418129269996,83.32312604364526,67.80887324663799,172.66038456503557,10026,249,continuante,Parceira,Creche Parceira,10.0,10.18,PACIÊNCIA,-22.91791,-43.62659,143.0,0.0,182.6743585181564,219.71973270948632,175.95863491130442,True
0918619,CM RAUL CORTEZ,114.35764090538878,88.86158600751658,376.1379910718773,66.39323469716044,174.3542861599023,918619,400,continuante,Pública,Creche,9.0,9.15,Campo Grande,-22.899666,-43.534143,174.0,13.0,442.3608184750392,444.95544197234886,396.25647632578415,True
0515801,EDI KARINE LORRAINE CHAGAS DE OLIVEIRA,114.00503764500513,96.97364005322605,255.48541706917618,65.2327186294554,175.09612851890515,515801,433,continuante,Pública,EDI,5.0,5.11,Honório Gurgel,-22.839458,-43.356108,96.0,118.0,390.6197021436288,431.1655005889083,349.9087609204606,True
0918831,EDI ELFLODIZIO DOS SANTOS,113.24530699276063,96.19304191580659,128.38162242622641,67.12553622340465,170.97402022509638,918831,233,continuante,Pública,EDI,9.0,9.1,Inhoaíba,-22.903285,-43.591003,156.0,4.0,314.16403097622083,308.89468698906865,281.4226911498574,True
0625803,EDI PROFESSORA BEATRIZ DE SOUZA MADEIRA,112.35781306425491,92.9511308396823,110.81604633401037,65.40250440669661,171.19019656398052,625803,219,continuante,Pública,EDI,6.0,6.9,Costa Barros,-22.823882,-43.361693,146.0,3.0,216.01279087134003,260.1702274342453,193.5025584383698,True
10065,CP CRECHE MAGIA DA CRIANCA II,112.24746951318737,136.89123997721774,53.21983320634449,66.18717819654728,169.83980008412857,10065,94,continuante,Parceira,Creche Parceira,10.0,10.9,SEPETIBA,-22.97923,-43.69058,169.0,0.0,128.71678575358726,154.44734349453432,123.97235935366392,True
04006,CP COMUNIDADE INSTITUCIONAL ADULAO TEMPO FELIZ,111.8195681029245,121.1832025782899,20.20544364881125,64.60881825496985,170.97691977788668,4006,92,continuante,Parceira,Creche Parceira,4.0,4.11,BONSUCESSO,-22.85972933,-43.25933213,64.0,27.0,86.28743516594643,102.96489566302289,83.09321824288921,True
1019620,CM SEMENTINHA DO AMOR,111.41065346843249,120.35672592037565,55.026044772385745,66.59747871407458,167.449615445131,1019620,68,continuante,Pública,Creche,10.0,10.12,Santa Cruz,-22.920081,-43.672904,46.0,0.0,90.7691172249298,74.46568347057905,81.31405123485881,True
0515808,EDI GUARACIARA RODRIGUES DINIZ,110.53384706870945,91.00170634879952,68.97582632753273,62.968581463166345,170.32473412951768,515808,95,continuante,Pública,EDI,5.0,5.7,Madureira,-22.863852,-43.335166,101.0,6.0,107.8668744205374,118.59349589758888,96.62957154779625,True
0716607,CM EMILIA JOANA DA FONSECA MARQUES,109.36369722679305,98.41042538953,210.62602175114327,62.79457224006343,167.83303734760904,716607,322,continuante,Pública,Creche,7.0,7.3,Praça Seca,-22.907555,-43.353033,121.0,73.0,399.0958010022253,351.183840564953,357.50132648402814,True
0410808,EDI ALMIR LEITE RIBEIRO,108.95732680884309,107.38084814199489,145.53041019145203,62.84942979644482,166.43216014141206,410808,158,continuante,Pública,EDI,4.0,4.16,Olaria,-22.84681,-43.283699,147.0,1.0,184.2462865115185,206.84912075160847,165.04733640555918,True
03012,CP CRECHE MAE DO DIVINO SALVADOR,108.55264924044312,126.39731518132307,57.66155176899757,60.55646927949587,168.49396912647254,3012,328,continuante,Parceira,Creche Parceira,3.0,3.8,PIEDADE,-22.88678077,-43.31002626,252.0,0.0,290.83400517658976,350.2645111393903,280.1668657546068,True
05013,CP CENTRO EDUCACIONAL SOMAR,107.94214698546602,113.39826425060959,25.955446444713132,60.13956629835301,167.54990594540826,5013,281,continuante,Parceira,Creche Parceira,5.0,5.13,BENTO RIBEIRO,-22.86338415,-43.36411183,44.0,34.0,283.9729918469954,341.990546309326,273.55650505095883,True
08014,"CP DO.RA., A AVENTUREIRA",107.789173180415,86.24679151609195,37.91990837424547,63.97510950193228,162.68188265398345,8014,216,continuante,Parceira,Creche Parceira,8.0,8.8,BANGU,-22.88082,-43.4709,88.0,9.0,191.043800388402,229.8323563906761,184.02231087764767,True
0833602,CM JULINHO CACAU,107.70133099836522,95.47750062797459,94.73978015311275,62.90611208166385,163.83378809162065,833602,296,continuante,Pública,Creche,8.0,8.4,Realengo,-22.883527,-43.417187,99.0,0.0,383.5563725577017,352.10316999051577,343.5817000995129,True
0430602,CM VILA PINHEIRO,107.34166186535715,92.2387739696475,134.22861009499726,63.02441067771095,162.7880463645393,430602,377,continuante,Pública,Creche,4.0,4.5,Bonsucesso,-22.869745,-43.236586,72.0,165.0,271.96908876639986,400.8276295453391,243.62607344897967,True
01006,CP CRECHE DO TUIUTI,107.22073830988927,100.99452938599983,26.13667948792018,61.20633882973796,164.99653852988683,1006,233,continuante,Parceira,Creche Parceira,1.0,1.2,BENFICA,-22.8978552,-43.23659028,147.0,0.0,221.49374121848624,266.6055334131842,213.35981216722035,True
09025,CP INSTITUTO O LUAR,107.11012402960526,83.67828402143672,15.675419729563465,63.99306696314391,161.04927038271336,9025,113,continuante,Parceira,Creche Parceira,9.0,9.18,CAMPO GRANDE,-22.88272,-43.56714,61.0,1.0,105.96623502895486,126.8674607276532,102.05301219610948,True
04025,CP CRECHE E PRE-ESCOLA NOVA JERUSALEM NO CORDOVIL,106.53212669488116,108.4197667277238,57.31011332685585,60.544920770519774,164.26127426192232,4025,189,continuante,Parceira,Creche Parceira,4.0,4.21,CORDOVIL,-22.82168197,-43.29078896,195.0,0.0,199.4152295048196,239.94498007186584,192.08790236348656,True
0515809,EDI PROFESSOR UBIRAJARA DE PAULA CASTRO,106.42766769952827,85.47938879723962,305.5892797666612,60.65517736190638,163.82776201332587,515809,305,continuante,Pública,EDI,5.0,6.16,Marechal Hermes,-22.848431,-43.361544,158.0,15.0,319.813919989452,376.005735055146,286.4836459289276,True
0328602,CM TIA ANDREZA,105.85671047087615,108.5660699790785,122.28110514989186,59.66570102695098,163.69361210626457,328602,214,continuante,Pública,Creche,3.0,3.12,Jacarezinho,-22.89037,-43.259111,98.0,13.0,253.0802459580399,278.5568159454994,226.70616938967905,True
04017,CP ASSOCIACAO CENTRO EDUCACIONAL REBRAL I,105.40025451865438,98.78528228785399,52.442349585019095,60.08264912703936,162.16489183263425,4017,144,continuante,Parceira,Creche Parceira,4.0,4.19,PENHA,-22.82766816,-43.27648683,164.0,1.0,152.26000501994244,182.9465556869781,146.6554370908323,True
0515810,EDI PROFESSORA TEREZINHA SARDOUX HENRIQUES,105.39454934626715,83.69840068877349,139.9195210598563,59.729119084609636,162.85628491882136,515810,195,continuante,Pública,EDI,5.0,5.16,Cascadura,-22.888526,-43.330231,79.0,4.0,249.9028097990832,226.1550386884253,223.859943412231,True
0103801,EDI PROFESSORA SIMONE SOUSA PIMENTEL,105.02352285983379,91.90148986432942,105.57551994601307,59.61318691816818,161.9153019285715,103801,134,continuante,Pública,EDI,1.0,1.1,Rio Comprido,-22.927634,-43.213252,75.0,3.0,134.494504270441,187.54320281479167,120.48158778156794,True
0107604,CM HOMERO JOSE DOS SANTOS,104.91762625213978,90.49522863616413,100.00241392452186,59.467665076069906,161.81685084528743,107604,174,continuante,Pública,Creche,1.0,1.3,Mangueira,-22.903303,-43.236528,145.0,2.0,175.4234309132386,207.7684501771712,157.14415906107004,True
10073,CP NINHO CARIOCA,104.49809812242233,88.84917195079483,124.89864089894695,62.13669715850679,157.46960142066365,10073,435,continuante,Parceira,Creche Parceira,10.0,10.18,GUARATIBA,-22.94731,-43.60089,149.0,83.0,327.43521438607576,394.39232356640014,315.4309296868377,True
0716608,CM IRMA DULCE,103.73000639599965,92.0109383396155,244.7037920554185,59.07572772241213,159.87754486930854,716608,276,continuante,Pública,Creche,7.0,7.3,Praça Seca,-22.900935,-43.362466,140.0,31.0,436.3565453899911,303.3787104356924,390.8780778760335,True
09032,CP SOLDADINHOS DE DEUS,103.69667180981293,87.56139502040685,25.627102982677,61.46205323823759,156.56047656577007,9032,91,continuante,Parceira,Creche Parceira,9.0,9.14,CAMPO GRANDE,-22.91303271,-43.58235799,88.0,2.0,137.82679545459635,165.47929660128676,132.7495366130056,True
04048,CP INSTITUTO DE EDUCACAO EUCLIDES DOS SANTOS II,103.35176822416969,112.58111956761834,29.3980547846774,59.785954787144554,157.93393461097452,4048,117,continuante,Parceira,Creche Parceira,4.0,4.11,RAMOS,-22.85122669,-43.25565045,127.0,1.0,166.70254236513586,200.41381477266955,160.57032971937073,True
07034,CP INSTITUTO EDUCACIONAL DIVA ALVES,103.34382887932706,82.62765206505809,38.925177370219366,60.411813986908385,157.02134511286008,7034,349,continuante,Parceira,Creche Parceira,7.0,7.11,JACAREPAGUÁ,-22.93863,-43.39598,72.0,125.0,246.6300362171841,296.9434044567535,237.57779894282888,True
0918833,EDI PROFESSOR WILSON CHOERI,103.34084213825987,90.15075543419304,173.0807923519925,61.11744529877474,156.1008103980231,918833,175,continuante,Pública,EDI,9.0,9.13,Cosmos,-22.906845,-43.618746,187.0,0.0,209.65901986511687,188.4625322403544,187.81109293386592,True
0625607,CM LUIZA DE BARROS DE SA FREIRE,103.2925524131811,84.16966804054682,93.79109742272277,60.23937918721298,157.22672916012127,625607,382,continuante,Pública,Creche,6.0,6.6,Costa Barros,-22.81981,-43.361921,132.0,12.0,339.05940131960904,415.5369003543423,303.7230129961964,True
0123603,CM FALLET,103.22103730396961,92.95381558713927,58.69670495030951,58.55765690246953,159.2121488381395,123603,92,continuante,Pública,Creche,1.0,1.11,Santa Teresa,-22.927235,-43.195756,96.0,0.0,82.6637114182487,85.4976365773315,74.05353673559935,True
0625814,EDI PROFESSORA ROSEANE VASCONCELOS,102.94847243771365,85.17541521743846,92.08217308585114,57.78188152335625,159.27101778846855,625814,103,continuante,Pública,EDI,6.0,6.1,Barros Filho,-22.83288,-43.367418,119.0,0.0,133.78899612042986,143.41539038778183,119.84962047734462,True
09022,CP ESPACO CRIATIVO CASTELINHO RINALDI,102.66743997124442,87.14591220019577,60.60024857520857,60.82221998331842,155.03410810616964,9022,237,continuante,Parceira,Creche Parceira,9.0,9.14,INHOAÍBA,-22.91745,-43.60024,104.0,4.0,197.1319250275602,237.18699179517773,189.8880149167313,True
0206602,CM VIDIGAL,102.54900987776765,101.04114483990843,109.75074333126187,56.78367570453066,159.94412993465295,206602,139,continuante,Pública,Creche,2.0,2.5,Vidigal,-22.993826,-43.235266,93.0,0.0,142.4319099205648,168.23728487797487,127.59161311799625,True
1019830,EDI GAL COSTA,102.26667097641865,109.78806319442229,27.9966177616729,61.10708379590771,153.73814988768703,1019830,109,continuante,Pública,EDI,10.0,10.1,SANTA CRUZ,-22.92303,-43.67329553,96.0,0.0,105.96623502895486,126.8674607276532,102.05301219610948,True
11004,CP CENTRO DE ATIVIDADES EDUCACIONAIS E CULTURAIS ARCA DE NOE - CAECAN,101.83813708364896,95.56227301647203,43.72924675348125,52.55135626465058,163.33646564986086,11004,237,continuante,Parceira,Creche Parceira,11.0,11.3,ILHA DO GOVERNADOR / GUARABU,-22.80427,-43.19551,148.0,10.0,200.93750803173475,241.7836389229913,193.5545668087913,True
0411601,CM CARLOS DRUMMOND DE ANDRADE,101.69979916606727,101.11131885957484,146.78781188329725,58.667060087754244,155.36172108308946,411601,138,continuante,Pública,Creche,4.0,4.16,Penha,-22.843844,-43.287744,88.0,1.0,208.600079096113,232.5903446673642,186.86253421802832,True
0918613,CM PROFESSORA FLORA SANTINA FERRARI BRAZ,101.6809701239053,87.55814698500437,150.0096866497457,59.50576111273819,154.33388362241817,918613,376,continuante,Pública,Creche,9.0,9.7,Santíssimo,-22.877835,-43.5237,116.0,21.0,431.5884784890532,476.21264244148085,386.6070256985441,True
04045,CP CRECHE CRIANCA FELIZ EM LUCAS,101.4347865748951,94.56540555369833,39.123873013081216,57.118448731967675,157.0265344894686,4045,112,continuante,Parceira,Creche Parceira,4.0,4.23,PARADA DE LUCAS,-22.81241883,-43.29846109,155.0,6.0,118.85347455872164,142.49606096221916,114.46940614945414,True
10036,CP CAAD DONA ZULMIRA TELLES,101.27065684628985,107.70816196655794,51.408181261728,60.424194666377154,152.3555726153528,10036,157,continuante,Parceira,Creche Parceira,10.0,10.1,SANTA CRUZ,-22.92066,-43.69698,131.0,1.0,157.5799452666911,189.38186166591709,151.78101772587092,True
03021,CP CRECHE COMUNITARIA TIA ALICE,100.9513857403647,84.00715381282096,41.68623870935744,55.35618687117811,158.11492987938638,3021,199,continuante,Parceira,Creche Parceira,3.0,3.12,JACARÉ,-22.88931194,-43.25333441,177.0,0.0,202.4598459358969,243.62229777411667,195.02128848692087,True
0716609,CM RIO NOVO - RIO DAS FLORES,99.98074146587363,68.57025131890474,824.5933543982413,58.40476172012049,152.01609849808068,716609,1217,continuante,Pública,Creche,7.0,7.19,Freguesia,-22.972272,-43.334928,145.0,765.0,1065.521880695314,1469.0884220492014,954.460346387105,True
10011,CP CRECHE PINGUINHO DE GENTE,99.64478838857745,108.7114868546023,10.710244975008733,59.56965843096767,149.75631540205836,10011,30,continuante,Parceira,Creche Parceira,10.0,10.11,SANTA CRUZ,-22.92193,-43.68943,109.0,2.0,32.966356143963175,37.69250644807087,31.720876975081698,True
08013,CP CENTRO EDUCACIONAL LUIZA,99.52495583969487,92.51173832546718,50.62700843962561,58.58843620531986,150.78488673956127,8013,294,continuante,Parceira,Creche Parceira,8.0,8.5,REALENGO,-22.8799,-43.43653,102.0,6.0,282.44840333847924,340.1518874582006,272.0876141863571,True
1120606,CM TAUA,99.15809097391312,90.46807222140896,138.31676240943256,54.406191440545705,155.13011122144542,1120606,364,continuante,Pública,Creche,11.0,11.5,Ilha do Governador,-22.796875,-43.1796,148.0,5.0,322.1092089455688,378.76372333183417,288.53967810577075,True
0918816,EDI PROFESSOR JOAO FERNANDES FILHO,99.08196116693443,83.68360991550139,23.269888747376818,59.21360482100727,148.97682969768675,918816,46,continuante,Pública,EDI,9.0,9.7,Campo Grande,-22.894133,-43.557582,31.0,0.0,65.58010578287858,63.433730363826605,58.75069065495738,True
0208608,CM DOUTOR SERGIO AROUCA,98.91854602359672,87.51723454507369,112.39138152715327,56.08060517410844,152.62081641863242,208608,181,continuante,Pública,Creche,2.0,2.12,Rio Comprido,-22.922555,-43.215483,124.0,0.0,183.18751372489425,233.50967409292693,164.0989281506835,True
0515608,CM MARIA JOSE DE PAULA DE JESUS,98.86606269584394,82.71915164741513,84.6291810761919,54.627868779519,154.698046628608,515608,128,continuante,Pública,Creche,5.0,5.8,Vaz Lobo,-22.857199,-43.334689,66.0,9.0,160.2495766103957,167.31795545241218,143.55199933543253,True
0101605,CM CLEMENTE FERREIRA,98.78848518880437,81.97257284932726,96.45030984162607,56.80240407072889,151.4463212373914,101605,199,continuante,Pública,Creche,1.0,1.1,Caju,-22.876014,-43.222735,113.0,2.0,181.4229102633968,214.2037561561101,162.51826371355276,True
0312502,CIEP PROCOPIO FERREIRA,98.7490669776684,96.92686055945606,93.1064718887551,55.192033351560006,153.47056748509803,312502,143,continuante,Pública,CIEP,3.0,3.14,Del Castilho,-22.879513,-43.274866,138.0,0.0,151.95777414389318,136.98008440884294,136.12451898845237,True
04012,CP CRECHE ESCOLA MIMI I,98.48204540289757,88.8009599161448,44.20532684670142,57.31946012517628,150.02174596130502,4012,200,continuante,Parceira,Creche Parceira,4.0,4.4,BONSUCESSO,-22.85158405,-43.24220338,125.0,2.0,218.44776785078963,262.92821571093344,210.4251181374188,True
0101603,CM SENNINHA,98.4813935473671,81.35469942701909,128.9740094772291,56.16912391066069,151.53399884783076,101603,255,continuante,Pública,Creche,1.0,1.1,Caju,-22.882989,-43.228696,94.0,7.0,229.9564998734641,273.9601688176859,205.99280060188644,True
0102601,CM SEMPRE VIDA SANTO ANTONIO DE PADUA,98.16329381979838,82.77890271412718,98.7107235744357,55.460736779628746,151.79868595135474,102601,142,continuante,Pública,Creche,1.0,1.9,Estácio,-22.918978,-43.202959,97.0,3.0,147.5475271251038,204.0911324749204,132.17398791966903,True
0430811,EDI MEDALHISTA OLIMPICO WILLIAM PEIXOTO ARJONA,97.87792683058206,83.16622962583541,154.7656121685993,57.39748739508682,148.53522157531117,430811,387,continuante,Pública,EDI,4.0,4.5,Maré,-22.869949,-43.234122,142.0,109.0,300.0396543410742,389.7956764385866,268.77061402977426,True
04010,CP CRECHE COMUNITARIA SAGRADO CORACAO DE MARIA,97.83352589009834,95.53205561829769,37.014091075517534,57.04871316550415,148.86418536286675,4010,114,continuante,Parceira,Creche Parceira,4.0,4.4,BONSUCESSO,-22.85783,-43.24325,123.0,8.0,89.3119833908732,106.6422133652737,86.00725566889906,True
10006,CP CRECHE ESCOLA COMUNITARIA ISMENIA RIBEIRO,97.6005089679754,103.04878296718728,37.77499784380071,58.169904845771526,146.91633167336312,10006,84,continuante,Parceira,Creche Parceira,10.0,10.11,SANTA CRUZ,-22.93625,-43.69207,111.0,3.0,87.79955681618333,104.80355451414827,84.55008992024112,True
0410801,EDI DOUTOR DOMINGOS ARTHUR MACHADO FILHO,97.5470109575815,82.07848082870699,196.69520122607943,55.75290023987769,149.8181493937982,410801,452,continuante,Pública,EDI,4.0,4.2,Manguinhos,-22.884679,-43.248251,108.0,69.0,323.6982622943542,425.64952403553207,289.96309140040194,True
04047,CP CRECHE VALE DO SOL III,97.28457269304289,97.2568728120499,70.64716577081595,55.60625756258429,149.36785381606865,4047,305,continuante,Parceira,Creche Parceira,4.0,4.15,OLARIA,-22.84292307,-43.26179249,276.0,2.0,271.0149747584784,326.36194607476,261.0718822397647,True
0625818,EDI MARIA EUGENIA CANELHAS,96.81600708917729,78.22739972029397,152.71592507529272,56.590650125941934,147.15498386504188,625818,230,continuante,Pública,EDI,6.0,6.8,Pavuna,-22.816734,-43.372226,98.0,23.0,212.30639842560188,243.62229777411667,190.1825135830816,True
04005,CP CASA DE JOEL,96.31686538691709,95.15168688150717,47.99919121468641,54.680780225378356,148.56673369178654,4005,193,continuante,Parceira,Creche Parceira,4.0,4.21,CORDOVIL,-22.8298666,-43.30749742,240.0,1.0,168.22328565844737,202.2524736237949,162.0355143121039,True
0103807,EDI MARIA LUIZA NOBRE - TIA LUIZINHA,96.00771133531745,87.30216116111855,108.27779877943088,53.23136814788185,149.4931187702803,103807,232,continuante,Pública,EDI,1.0,1.8,Catumbi,-22.921988,-43.196215,156.0,3.0,222.36676950948151,275.79882766881127,199.19420991902825,True
0817616,CM PROFESSORA MARIA ASSUMPCAO,95.95843168347638,76.10550831890282,43.263840779981834,57.10163953662955,144.62273330780368,817616,47,continuante,Pública,Creche,8.0,8.19,Bangu,-22.864759,-43.468277,61.0,0.0,87.24477141612127,79.06233059839256,78.15707623037427,True
0622601,CM JOSE GOULART,95.77762646498637,83.45499831516442,123.15180211451548,55.77325781608016,145.96215725949665,622601,216,continuante,Pública,Creche,6.0,6.13,Anchieta,-22.827194,-43.394719,91.0,4.0,281.50222613777504,269.3635216898724,252.16549383217688,True
02028,CP OBRAS SOCIAIS PADRE ALEIXO,94.8088789695021,71.33846602255466,20.758467308647152,49.68498394260975,151.24464579153874,2028,155,continuante,Parceira,Creche Parceira,2.0,2.1,FLAMENGO,-22.93738397,-43.17922769,85.0,0.0,137.06744711720418,164.55996717572407,132.01793080768687,True
0515604,CM GERCINDA ROSA FONSECA,94.3510633269079,74.54940738044185,146.68234314866325,53.40212301927356,145.87647687411416,515604,222,continuante,Pública,Creche,5.0,5.16,Cascadura,-22.88969,-43.332498,142.0,0.0,295.8024428495963,278.5568159454994,264.97508180834984,True
07003,CP CRECHE ESCOLA MAE ASTERIA,94.24195675959578,74.83314413518191,205.46063237439955,54.268824430423436,144.31323777012736,7003,658,continuante,Parceira,Creche Parceira,7.0,7.8,TAQUARA / JACAREPAGUÁ,-22.91192,-43.4059,315.0,223.0,550.3025403633594,662.8365158307098,530.1563327197813,True
0107607,CM NACAO MANGUEIRENSE,93.74223620057556,78.12815294268592,116.00083469619457,52.9591875614314,144.84549072151776,107607,175,continuante,Pública,Creche,1.0,1.3,Mangueira,-22.905354,-43.239478,143.0,0.0,199.4228582999906,210.52643845385927,178.64193015211418,True
09034,CP CRECHE COMUNITARIA ARTE DA CRIANCA,93.16351632276866,72.45648795722019,24.119365910785127,55.49610448129651,140.28954715591516,9034,111,continuante,Parceira,Creche Parceira,9.0,9.18,CAMPO GRANDE,-22.90765,-43.54105,89.0,0.0,137.06744711720418,164.55996717572407,132.01793080768687,True
08004,CP CRECHE COMUNITARIA NINO,92.4371963738421,53.47738023247807,97.50187481503214,50.90232891837609,145.4776544712194,8004,449,continuante,Parceira,Creche Parceira,8.0,8.8,VILA KENNEDY,-22.85888,-43.48897,97.0,106.0,384.6497387441877,463.342030483603,370.555252705184,True
02037,CP CRECHE COMUNITARIA CANTINHO DA NATUREZA,92.41983401382926,87.66691973968499,22.339761994133685,52.36050599111167,142.66669657859515,2037,176,continuante,Parceira,Creche Parceira,2.0,2.3,COPACABANA,-22.96304873,-43.19386787,142.0,2.0,166.702542365136,200.41381477266955,160.57032971937073,True
10039,CP FUNDACAO KLINGNER PARA O DESENVOLVIMENTO SOCIAL,92.16461350046727,97.39892940923863,105.28288145250993,54.8811384476733,138.79351343163344,10039,243,continuante,Parceira,Creche Parceira,10.0,10.11,SANTA CRUZ,-22.94542,-43.68158,349.0,0.0,214.64058477011005,258.3315685831199,206.757023976548,True
0227801,EDI PROFESSORA EDIR CASEIRO RIBEIRO,91.76953084404337,120.62325515968774,243.62729168233165,52.545592154107226,140.75493505513074,227801,347,continuante,Pública,EDI,2.0,2.8,Rocinha,-22.988,-43.24644,142.0,38.0,286.4454439648338,372.32841735289526,256.5934395731904,True
04044,CP CRECHE HOUSE BABY - BONSUCESSO,91.67547552371178,98.66567995860476,36.56168235690376,52.68520770414483,140.5443955724198,4044,186,continuante,Parceira,Creche Parceira,4.0,4.12,BONSUCESSO,-22.85933168,-43.25650048,217.0,2.0,183.4351300707877,220.63906213504904,176.69161269541593,True
05005,CP CRECHE APOSTOLO SAO PEDRO,91.42726434936634,85.46113493106867,37.21466934599605,49.98567801332232,143.12109187743746,5005,147,continuante,Parceira,Creche Parceira,5.0,5.12,CAVALCANTI,-22.87248531,-43.31333538,97.0,0.0,148.46081472890907,178.34990855916462,142.9950474918864,True
05008,CP ASSOCIACAO HOUSE BABY - VILA KOSMOS,90.75319196353469,76.03785541362402,49.82755123648825,50.44078068741504,141.47117006704343,5008,223,continuante,Parceira,Creche Parceira,5.0,5.1,VILA COSMOS,-22.85633262,-43.30689816,148.0,15.0,199.4152295048197,239.94498007186584,192.08790236348656,True
0817810,EDI VILA DO VINTEM,90.09049464101624,87.76262386631538,56.671731260173246,51.7320706948548,138.13578345289758,817810,143,continuante,Pública,EDI,8.0,8.16,Padre Miguel,-22.87125,-43.449299,158.0,0.0,174.8940782820476,189.38186166591709,156.66998517398812,True
04035,CP INSTITUTO DE EDUCACAO EUCLIDES DOS SANTOS,90.06245767879062,81.68244500108656,51.28752356389202,52.19281076737783,137.4910363937112,4035,178,continuante,Parceira,Creche Parceira,4.0,4.5,BONSUCESSO,-22.8483656,-43.24487657,141.0,45.0,205.50469636421383,247.29961547636748,197.95490015601715,True
04001,CP CENTRO EDUCACIONAL APRENDIZ DA MARE,89.91150148653153,79.80052572488412,42.580842337298215,52.39772580461909,136.8813568877983,4001,178,continuante,Parceira,Creche Parceira,4.0,4.4,BONSUCESSO,-22.8508233,-43.2422339,200.0,14.0,189.5219307808607,227.99369753955068,182.55604058853467,True
04029,CP SOLZINHO,89.38303744663655,89.90960970862216,45.483810976736166,51.0854127690134,137.2328889505991,4029,290,continuante,Parceira,Creche Parceira,4.0,4.15,OLARIA,-22.85518005,-43.26747178,187.0,5.0,273.30151780130933,329.11993435144814,263.27489112455066,True
1019829,EDI ERASMO CARLOS,89.22457488919879,96.04410719857307,20.903346639529012,53.329102926243394,134.11322221378,1019829,94,continuante,Pública,EDI,10.0,10.1,SANTA CRUZ,-22.92303,-43.67329553,73.0,0.0,87.79955681618333,104.80355451414827,84.55008992024112,True
0817612,CM VILA KENNEDY,89.1831771437048,70.01707852152278,170.17118084987132,52.7570391646761,134.8716556567336,817612,398,continuante,Pública,Creche,8.0,8.21,Bangu,-22.856744,-43.485291,226.0,47.0,317.3420841727191,381.5217116085223,284.2694698170982,True
02039,CP CRECHE ESCOLA MENINOS DE LUZ,89.12424011453918,77.73619816375397,72.73064103563922,49.66101953683673,138.7809450973164,2039,268,continuante,Parceira,Creche Parceira,2.0,2.3,COPACABANA,-22.980926,-43.19565188,87.0,55.0,255.01131052514188,307.05602813794326,245.6528797154901,True
05012,CP ASSOCIACAO CENTRO EDUCACIONAL REBRAL XI,88.95894464365581,84.9688633193118,58.443584166754945,49.21842174059961,139.01813279006143,5012,351,continuante,Parceira,Creche Parceira,5.0,5.2,VILA DA PENHA,-22.84274349,-43.31110874,251.0,4.0,351.08059732500215,422.891535758844,338.21248204102136,True
0430810,EDI MEDALHISTA OLIMPICO EVANDRO MOTTA MARCONDES GUERRA,88.9581274426959,76.86541559263053,137.813953727027,52.09955309931201,135.0867937599504,430810,402,continuante,Pública,EDI,4.0,4.5,Maré,-22.870255,-43.234242,147.0,108.0,290.8590917764454,406.34360609871527,260.54701671662514,True
0817803,EDI JOSE EPHIM MINDLIN,88.76519031077044,68.97625720760931,168.1377407094148,52.42480160558185,134.27056787813166,817803,303,continuante,Pública,EDI,8.0,8.2,Senador Camará,-22.869048,-43.485836,147.0,29.0,294.56659871022185,330.9585932025735,263.8680598287267,True
0514608,CM JOSEPH BARBERA,88.66664896899296,72.6699491486837,75.43436929850823,49.805068244837045,137.206833657063,514608,158,continuante,Pública,Creche,5.0,3.16,Vicente de Carvalho,-22.867977,-43.309801,111.0,1.0,173.129585453199,197.65582649598144,155.08941982923085,True
0102604,CM ARCO-IRIS,88.44439794953725,74.9922137276307,90.19217911404952,49.36076167881663,137.54502774904228,102604,292,continuante,Pública,Creche,1.0,1.7,Centro,-22.910794,-43.181706,120.0,2.0,301.2755167679521,341.07121688376327,269.8776523898404,True
07007,CP SEMENTE DE AMOR,88.30035263903643,73.23928991931153,31.51111659890166,50.78013969135197,135.37050282098994,7007,170,continuante,Parceira,Creche Parceira,7.0,7.7,FREGUESIA / JACAREPAGUÁ,-22.94353,-43.35555,118.0,5.0,173.5465426360132,208.68777960273388,167.16429221592375,True
0625817,EDI PROFESSORA DANIELE SIMOES DE SOUZA LOPES,87.94953565662789,70.93635335210182,111.48065366565362,51.26818662778901,133.85536611883478,625817,242,continuante,Pública,EDI,6.0,6.7,Pavuna,-22.820559,-43.35212,140.0,2.0,242.4889446772494,287.75011020112646,217.21888613429465,True
0515611,CM VOVO MARIA JOANA,87.91724854704526,72.3036489151184,78.85387843178398,50.04102412042072,135.5090072315968,515611,169,continuante,Pública,Creche,5.0,5.7,Madureira,-22.864671,-43.329916,93.0,5.0,174.8940782820476,201.33314419823225,156.669985173988,True
03028,CP ESTRELINHA DO MAR,87.86540906896066,101.92854623933778,38.05100933009376,48.92826509764758,136.49908166519003,3028,299,continuante,Parceira,Creche Parceira,3.0,3.8,PIEDADE,-22.88613644,-43.30941258,96.0,1.0,271.7771476408841,327.28127550032275,261.8062106973848,True
0622603,CM YARA AMARAL,87.68846006507825,80.01506613362648,152.96502437602345,50.72681345316238,134.00795346756559,622603,239,continuante,Pública,Creche,6.0,6.12,Anchieta,-22.820067,-43.386506,191.0,0.0,283.09110963647134,299.7013927334416,253.5887549889724,True
0817603,CM DENTE DE LEITE,87.53461041407414,69.35690494823197,215.56541011524212,51.85533161309761,132.2054102917155,817603,376,continuante,Pública,Creche,8.0,8.25,Bangu,-22.849922,-43.460718,163.0,21.0,355.8336205452142,403.5856178220272,318.74871783892564,True
04004,CP CRECHE DO CENTRO COMUNITARIO DA VILA PROLETARIA DA PENHA,87.29266704083696,79.72723453756966,48.70034338067794,49.731972728156656,134.19450748609515,4004,108,continuante,Parceira,Creche Parceira,4.0,4.21,PENHA,-22.85038676,-43.2840068,159.0,0.0,90.8247048240866,108.4808722163991,87.46470577664927,True
04050,CP CENTRO EDUCACIONAL CARIOQUINHA,87.08094152635746,91.50578244662144,27.57018600780755,50.25805644271337,133.2290323490458,4050,112,continuante,Parceira,Creche Parceira,4.0,4.4,RAMOS,-22.85441093,-43.24714966,76.0,14.0,122.64627565398187,147.0927080900327,118.12363599154747,True
0515613,CM MANOEL DA ROCHA APRISCO,86.96116629878462,73.67370102515008,123.17300638717954,48.76428610321813,134.91714512395563,515613,189,continuante,Pública,Creche,5.0,5.6,Cavalcante,-22.868759,-43.316545,140.0,0.0,205.59978069601613,259.2508980086826,184.17498144540784,True
0716604,CM GERMINIO DE SOUZA ESTRELA,86.82685906998825,78.54189190289377,97.2603270018601,50.55838008311646,132.10675734489809,716604,198,continuante,Pública,Creche,7.0,7.17,Jacarepaguá,-22.960454,-43.352685,119.0,0.0,251.49152309135832,240.86430949742856,225.28305211301043,True
03013,CP CRECHE DO JACAREZINHO,86.79535157068028,81.22687015821069,40.46232097335041,48.037018879925924,135.39601220485488,3013,179,continuante,Parceira,Creche Parceira,3.0,3.1,CACHAMBI,-22.88896761,-43.26652117,230.0,0.0,165.18188506941672,198.5751559215441,159.10522802566413,True
06006,CP CRECHE ESCOLA COMUNITARIA TIO PATINHAS,86.50188581155493,80.61772285847651,20.905631482545537,49.80237966439692,132.40239310422365,6006,161,continuante,Parceira,Creche Parceira,6.0,6.2,ACARI,-22.82359,-43.34934,84.0,6.0,154.53983000040037,185.70454396366625,148.8519704725683,True
0312813,EDI JORNALISTA JORGE BASTOS MORENO,86.34928014436058,76.13528951389858,101.0079335805721,47.71558006652628,134.72125692738783,312813,217,continuante,Pública,EDI,3.0,3.1,ROCHA,-22.90075,-43.25066,173.0,8.0,280.3424732970591,276.718157094374,254.92180560135088,True
0622801,EDI ERNANI CARDOSO,85.81616688912236,84.42271930288734,186.38324207090713,48.44330171367662,132.70960823889664,622801,244,continuante,Pública,EDI,6.0,6.15,Guadalupe,-22.84031,-43.380765,99.0,58.0,242.66546272239057,253.7349214553064,217.3770042589326,True
04046,CP CRECHE TIA NANE III,84.64878606540213,79.82388339249258,18.175572664933565,49.158476123623764,129.1136090360632,4046,84,continuante,Parceira,Creche Parceira,4.0,4.11,RAMOS,-22.86203298,-43.23867014,72.0,16.0,94.6077366801272,113.07751934421265,91.10951555519765,True
0625603,CM DR. ALBERT SABIN,84.64565749519896,70.23127807402133,80.1228879368167,49.036311365011784,129.25821814466195,625603,136,continuante,Pública,Creche,6.0,6.1,Costa Barros,-22.829398,-43.370787,81.0,0.0,131.31977055571056,172.8339320057884,117.63778234719976,True
1026601,CM SONHO DE CRIANCA,84.61332436269912,72.68295503936778,239.69678364369605,50.359948674159625,127.44383458432429,1026601,248,continuante,Pública,Creche,10.0,10.28,Guaratiba,-22.972751,-43.590149,168.0,25.0,274.61715376896655,303.3787104356924,245.99810894904908,True
03016,CP CRECHE SAO PEDRO NOLASCO,84.59337208431683,88.7877406284712,23.38581195565643,48.56968982324613,129.74756596872484,3016,80,continuante,Parceira,Creche Parceira,3.0,3.23,RAMOS,-22.86244302,-43.26375257,95.0,1.0,74.95741037392285,89.17495427958231,72.17718133528058,True
11003,CP AMIG - ASSOCIACAO DOS MORADORES DA ILHA DO GOVERNADOR,84.35503566786097,81.86585734681225,47.6177645593812,37.91209972202065,143.09562647843657,11003,215,continuante,Parceira,Creche Parceira,11.0,11.3,ILHA DO GOVERNADOR / PITANGUEIRAS,-22.81567,-43.17681,125.0,16.0,173.54654263601302,208.68777960273388,167.16429221592375,True
0431604,CM CORACAO DE GENEVE,84.18582707857091,80.02360114806729,110.40577754344466,48.37559667763825,128.9711937982199,431604,109,continuante,Pública,Creche,4.0,4.24,Vigário Geral,-22.807072,-43.304288,76.0,17.0,127.08701145015164,137.89941383440564,113.84623807991224,True
03008,CP CRECHE COMUNITARIA ELIANA SATURNINO BRAGA,83.89129544177243,83.806442990793,25.215966999467152,47.889981135401335,129.0100863668402,3008,105,continuante,Parceira,Creche Parceira,3.0,3.23,RAMOS,-22.86360149,-43.27257363,102.0,4.0,84.01984773721698,100.20690738633476,80.90848460522885,True
0625815,EDI PROFESSORA KRISTINA ROMOLO KIFFER,83.88655279999085,68.1249014995437,84.25023818343648,48.6201886363357,128.0487550144215,625815,165,continuante,Pública,EDI,6.0,6.7,Acari,-22.823448,-43.353838,104.0,0.0,204.3643784705216,220.63906213504904,183.0683552914443,True
09007,CP INSTITUTO AVELINO - CAMPO GRANDE,83.20446677398525,67.29212256166751,5.8266623121835135,49.61990742186078,125.23295401847633,9007,17,continuante,Parceira,Creche Parceira,9.0,9.18,CAMPO GRANDE,-22.90733,-43.57735,84.0,0.0,44.13926110665887,51.48244783151144,42.4852880857458,True
10085,CP CRECHE VIDA,83.05319845702861,85.36986333505855,11.890499226494786,49.339476968348094,125.20675820688945,10085,50,continuante,Parceira,Creche Parceira,10.0,10.18,GUARATIBA,-22.96926,-43.62339,55.0,1.0,75.71208666111399,90.09428370514502,72.90428180639289,True
04011,CP CRECHE E PRE-ESCOLA NOVA JERUSALEM,83.0346443581228,78.5729315583167,27.608359823062226,47.23229238566901,127.89847240237569,4011,71,continuante,Parceira,Creche Parceira,4.0,4.19,PENHA,-22.82362399,-43.28531112,100.0,0.0,83.26414955019305,99.28757796077208,80.18039850683797,True
0734804,EDI MARIA BERALDA,82.4741892938152,76.109733462068,58.14242498417727,48.31485556978813,125.36780731148824,734804,237,continuante,Pública,EDI,7.0,7.15,Cidade de Deus,-22.94897,-43.360433,41.0,0.0,253.962873865815,296.0240750311908,227.4967937650373,True
02010,CP CRECHE PATINHO FELIZ,82.23387643313058,72.62814248321854,37.68514473361755,46.09254939036699,127.52859759730018,2010,141,continuante,Parceira,Creche Parceira,2.0,2.15,VILA ISABEL,-22.91515809,-43.26162846,170.0,1.0,183.4351300707877,220.63906213504904,176.69161269541593,True
0625615,CM EDNA LOTTE,81.99877923115986,68.78954667616401,175.76675652397535,47.008610136243206,125.8622329147927,625615,408,continuante,Pública,Creche,6.0,6.3,Acari,-22.823514,-43.339125,122.0,57.0,347.00501430690133,461.5033716324776,310.8403896072975,True
10079,CP CRECHE COMUNITARIA DEUS E FIEL - UNIDADE VIII,81.98656049542875,105.03612052308608,51.666266778328406,48.4500692161028,123.92171099502166,10079,100,continuante,,,,,,,,,,121.88763455336822,146.17337866447,117.39271204084844,False
0103606,CM CAMPOS DA PAZ,81.58752677397058,70.38687363184452,81.85901357695163,45.90399898295053,126.31713322600118,103606,102,continuante,Pública,Creche,1.0,1.1,Rio Comprido,-22.922461,-43.204005,99.0,0.0,134.494504270441,140.65740211109377,120.48158778156794,True
04014,CP CRECHE SAGRADO CORACAO DE MARIA E SANTO ANTONIO,80.91492466598697,92.65837057685421,41.83000470568371,45.42173063094473,125.37827556160542,4014,109,continuante,Parceira,Creche Parceira,4.0,4.14,BRÁS DE PINA,-22.83399614,-43.30145542,147.0,2.0,74.95741037392285,89.17495427958231,72.17718133528071,True
0102605,CM ALDEIA DOS CURUMINS,80.76355180271769,69.67539787498474,126.46488530358529,44.60642516476565,126.19624310814902,102605,281,continuante,Pública,Creche,1.0,1.7,Centro,-22.916844,-43.185946,134.0,0.0,311.3391154013865,338.3132286070752,278.8922396751044,True
0313802,EDI ANISIO TEIXEIRA,80.53612391352318,76.38493545145658,187.20651230474328,45.25050148249531,124.91081160769978,313802,316,continuante,Pública,EDI,3.0,3.9,Pilares,-22.873813,-43.298014,73.0,64.0,351.5958706530495,342.9098757348887,314.95270336054404,True
0817602,CM VILA PROGRESSO,80.0888369706588,62.529560316475184,170.25167275592142,47.260635699153475,121.27348719891233,817602,372,continuante,Pública,Creche,8.0,8.23,Vila Kennedy,-22.860475,-43.494277,129.0,97.0,266.8495613240739,377.8443939062715,239.0401962770408,True
07001,CP CRECHE NOVO PALMARES,79.90876024161865,70.92442915392311,64.09392695572785,45.38901134695866,123.25499618529531,7001,219,continuante,Parceira,Creche Parceira,7.0,7.25,VARGEM PEQUENA,-22.98963,-43.46062,140.0,29.0,209.31107807869924,251.896262604181,201.6222219092484,True
02060,CP ASSOCIACAO CENTRO EDUCACIONAL REBRAL - ROCINHA,79.80634582129534,102.049047216092,32.531624930018026,45.192287589297784,123.1121464608955,2060,138,continuante,Parceira,Creche Parceira,2.0,2.6,ROCINHA,-22.98638312,-43.24528365,87.0,0.0,66.66332310808603,79.06233059839256,64.1861678027724,True
02004,CP ACAO SOCIAL PADRE ANCHIETA - ASPA,79.54010398480504,94.46712028646067,93.10234576791191,45.191047440478485,122.4970910380473,2004,293,continuante,Parceira,Creche Parceira,2.0,2.6,ROCINHA,-22.98990458,-43.25124153,152.0,26.0,298.4580287133137,359.4578053950174,287.5123618952157,True
0918838,EDI EUSTORGIO WANDERLEY,79.15040973222375,67.01672895236078,71.07292803524015,47.253769345680865,119.06786419924839,918838,100,continuante,Pública,EDI,9.0,9.8,Senador Vasconcelos,-22.894484,-43.552539,96.0,0.0,116.68264835634184,121.35148417427698,104.52640607958249,True
02053,CP CRECHE ESPERANCA,78.86396846021236,51.97732732293899,58.15427361790763,39.868712686635476,128.34161445409194,2053,184,continuante,Parceira,Creche Parceira,2.0,2.4,LEBLON,-22.98073266,-43.22117188,96.0,4.0,184.1959194090236,221.5583915606117,177.42460762349893,True
1019602,CM SEMPRE VIDA ANTARES,78.81724043127589,82.43880705427556,200.45942896301062,47.006554472028476,118.59915166114216,1019602,151,continuante,Pública,Creche,10.0,10.14,Santa Cruz,-22.92138,-43.662102,124.0,0.0,170.3064489542671,160.88264947347324,152.56056187768195,True
0514605,CM O SONHO DE RAMON PASCUAL,78.24255418905125,66.12734805313997,102.6895144356315,44.4953375763321,120.59403685568171,514605,149,continuante,Pública,Creche,5.0,5.8,Colégio,-22.85155,-43.336467,135.0,0.0,197.65806498739417,178.34990855916462,177.0610956666896,True
02056,CP CRECHE SANTA CLARA DE ASSIS NA PROVIDENCIA DE DEUS,78.16592541461918,65.11534156677666,41.43141580045419,42.927677305075385,122.76957302125923,2056,70,continuante,Parceira,Creche Parceira,2.0,2.5,VIDIGAL,-22.99264828,-43.23640401,102.0,0.0,79.48695866380031,94.69093083295854,76.54122187124464,True
11008,CP FILIAL BANCARIOS - RJ,78.03372644435214,73.87701256106992,14.328425636599757,41.44780201111814,124.23194469973598,11008,213,continuante,Parceira,Creche Parceira,11.0,11.5,ILHA DO GOVERNADOR / TAUÁ,-22.7881,-43.1831,104.0,3.0,186.4783926923257,224.31637983729985,179.62369387835128,True
0515605,CM JOSE RAIMUNDO DE SOUZA ALVES,77.96606328466228,66.86402230489834,167.60758568766957,44.10222309060799,120.53142997568666,515605,244,continuante,Pública,Creche,5.0,5.1,Rocha Miranda,-22.855144,-43.341821,137.0,2.0,289.97635773973406,264.76687456205883,259.7562972801544,True
10066,CP CRECHE COMUNITARIA ARTE & CULTURA,77.80424427306639,79.23707046897007,79.25103582759434,46.33820367557786,117.15639058897523,10066,219,continuante,Parceira,Creche Parceira,10.0,10.5,SANTA CRUZ,-22.90686866,-43.6581032,227.0,7.0,160.62044514490344,193.0591793681679,154.7104357442195,True
0312602,CM ENGENHO DA RAINHA,77.53282055180411,65.93453699203863,124.71244865073594,43.58012277877704,119.98458401455092,312602,244,continuante,Pública,Creche,3.0,3.16,Engenho Da Rainha,-22.86946,-43.299954,98.0,34.0,212.48289166617417,261.089556859808,190.3406094901681,True
0918803,EDI LUDMILA MAXIMO MOREIRA CARDOSO,77.51192920462678,60.847519775692824,100.91051313965698,46.240223090700596,116.63446227904099,918803,96,continuante,Pública,EDI,9.0,9.21,Campo Grande,-22.912636,-43.578547,70.0,0.0,133.78899612042986,137.89941383440564,119.84962047734462,True
09024,CP CRECHE COMUNITARIA DOCE INFANCIA,77.46851634960252,65.74852115184092,41.21661296577179,45.87876094274995,116.99857644826068,9024,196,continuante,Parceira,Creche Parceira,9.0,9.14,INHOAÍBA,-22.915875,-43.603487,85.0,2.0,191.043800388402,229.8323563906761,184.02231087764767,True
05003,CP CRECHE PINTINHO DOURADO,77.34964212712147,88.84228725507718,41.92994604866477,42.52330309724613,120.97482686553775,5003,175,continuante,Parceira,Creche Parceira,5.0,5.15,QUINTINO BOCAIÚVA,-22.88950808,-43.32446538,54.0,24.0,150.74024991194256,181.1078968358528,145.19120510160212,True
0918828,EDI ALYRIO CAVALLIERI,77.14473843917706,61.491799240611925,154.7009837969143,45.975408045614124,116.14383689073202,918828,241,continuante,Pública,EDI,9.0,9.9,Campo Grande,-22.893649,-43.588409,172.0,3.0,322.815454160776,319.0073106702584,289.1723055939608,True
10077,CP CRECHE COMUNITARIA CANTINHO DO SABER,77.02174277073428,81.08006449612343,17.71091983323016,45.916845129057656,115.92535306966668,10077,40,continuante,Parceira,Creche Parceira,10.0,10.1,SANTA CRUZ,-22.92954,-43.69489,31.0,0.0,47.880134618727766,56.07909495932496,46.0894239111481,True
0625602,CM PROFESSORA JUREMA GOMES SAMPAIO DELFIM,76.92157239837562,63.45996122426272,61.58566980567648,44.765199097944716,117.2072493650446,625602,193,continuante,Pública,Creche,6.0,6.6,Costa Barros,-22.822051,-43.35957,125.0,12.0,142.96109772782987,214.2037561561101,128.06563937580364,True
0918822,EDI PROFESSOR ANDRE LUIZ GILS,76.67401215103308,61.29159804711084,118.15694751660949,45.75059101432721,115.36247048815146,918822,241,continuante,Pública,EDI,9.0,9.19,Campo Grande,-22.916866,-43.559949,115.0,1.0,354.5976066076031,319.0073106702584,317.64154376742823,True
10046,CP CRECHE COMUNITARIA DEUS E FIEL - CCDF,76.65228043763734,95.61483891606089,69.43520277824868,45.28735488893132,115.86671244970705,10046,191,continuante,,,,,,,,,,184.1959194090236,221.5583915606117,177.42460762349893,False
09044,CP CRECHE COMUNITARIA JARDIM FELIZ,76.59774768280495,60.49400932259403,32.45034075933904,44.40304274543442,116.83739472379256,9044,250,continuante,Parceira,Creche Parceira,9.0,9.8,SENADOR VASCONCELOS,-22.90041,-43.53366,108.0,0.0,288.5469352946803,347.50652286270224,277.96334911951016,True
0625601,CM OS SABIDINHOS,76.41663421819075,63.331741915456064,147.523794576685,41.91387779208777,119.76899616038571,625601,160,continuante,Pública,Creche,6.0,6.2,Pavuna,-22.812409,-43.344044,106.0,29.0,141.19715128269883,182.02722626141545,126.48556341504391,True
10071,CP CRECHE COMUNITARIA ARTE & CULTURA - UNIDADE I,76.2999584048183,87.23340718266971,65.08255811542966,41.792255303527355,119.12482975428573,10071,251,continuante,Parceira,Creche Parceira,10.0,10.12,PEDRA DE GUARATIBA,-22.99276,-43.64814,238.0,3.0,140.8644987316074,169.1566143035376,135.6762586257475,True
0724606,CM ROGERIO CARDOSO FURTADO,76.21861375725811,66.62828107506142,230.6536166094512,43.32609322003562,117.50853953724771,724606,286,continuante,Pública,Creche,7.0,7.26,Vargem Pequena,-22.991854,-43.432396,137.0,23.0,394.1513965447625,466.1000187602911,353.072317851806,True
0430809,EDI MEDALHISTA OLIMPICO LUIZ FELIPE MARQUES FONTELES,76.13620899342565,66.13022795637126,103.83573564267914,44.53595811591136,115.68806544624489,430809,406,continuante,Pública,EDI,4.0,4.5,Maré,-22.87059,-43.234365,120.0,121.0,270.9098691096634,397.1503118430883,242.67726493161985,True
0209602,CM CANTINHO DO CEU,76.11100949927005,63.614663182068256,90.87625864238191,43.46353905949447,117.03275484545145,209602,152,continuante,Pública,Creche,2.0,2.13,Tijuca - Andaraí,-22.930966,-43.25058,108.0,0.0,134.84726082336786,172.8339320057884,120.79757365306584,True
0625616,CM PROFESSOR ROGERIO PEDRO BATISTA,76.00003231761534,67.68206541683607,69.51909673114314,43.485274742628306,116.55937229407155,625616,97,continuante,Pública,Creche,6.0,6.7,Acari,-22.825477,-43.352297,103.0,1.0,97.99512704233813,101.12623681189748,87.78683599031513,True
1120603,CM DOUTOR ANTONIO MONTEIRO,75.85327616956826,60.18534595919756,149.327563444073,39.421254009177,121.34999108407797,1120603,294,continuante,Pública,Creche,11.0,11.2,Ilha do Governador,-22.795669,-43.209615,148.0,43.0,264.37809671895315,323.6039577980719,236.8263526656089,True
0107602,CM DEPUTADO LUIZ EDUARDO DE MAGALHAES,75.81515441519778,61.118324812695015,74.39094153229624,43.39232703404848,116.3605842039505,107602,188,continuante,Pública,Creche,1.0,1.2,São Cristóvão - Tuiuti,-22.898459,-43.235698,133.0,1.0,185.48153143286137,223.39705041173715,166.1538216630602,True
0312805,EDI TANIA CRISTINA MOREIRA,75.74190980184108,74.95313303015485,185.71529695071678,43.47248159335167,116.14189004767351,312805,273,continuante,Pública,EDI,3.0,3.18,Bonsucesso - Complexo do Alemão,-22.860823,-43.28566,128.0,19.0,268.4383708909417,360.37713482058007,240.4633912120529,True
1019826,EDI THAMIRIS DE ANDRADE DA SILVA SANTOS,75.68721476593706,94.19843555704799,141.44967489988076,44.617134351119184,114.53724790430712,1019826,140,continuante,Pública,EDI,10.0,10.23,Sepetiba,-22.976463,-43.694707,97.0,0.0,165.18968356691792,135.14142555771753,147.97715867424148,True
02043,CP CRECHE SANTA MONICA,75.62036801155759,66.17815840850093,35.890727424213466,43.265147992033036,116.15589020038006,2043,124,continuante,Parceira,Creche Parceira,2.0,2.11,BOREL / TIJUCA,-22.93984396,-43.25451306,140.0,0.0,147.70105672959394,177.43057913360192,142.2630467509528,True
0833807,EDI LUIZA PAULA DA SILVEIRA MACHADO,75.45593850447072,64.39469229290262,96.59287870484403,44.14918024918835,114.67435508921096,833807,256,continuante,Pública,EDI,8.0,8.2,Realengo,-22.893768,-43.419503,92.0,5.0,304.27691369274163,247.29961547636748,272.5661891204386,True
10057,CP CENTRO CULTURAL MONTESSORI - PACIENCIA,75.43658284020925,64.0621293886644,88.27463529390269,44.700420904824284,113.87083324078733,10057,358,continuante,Parceira,Creche Parceira,10.0,10.18,PACIÊNCIA,-22.91426,-43.60254,275.0,0.0,269.4906536174052,324.5232872236346,259.6032490563473,True
0625819,EDI MARIZA ALVES PIMENTA,74.91057062733066,61.09233774424795,164.63238060947359,43.61462891105506,114.08714335045252,625819,253,continuante,Pública,EDI,6.0,6.8,Pavuna,-22.81986,-43.377041,177.0,7.0,249.7262866962292,320.8459695213838,223.7018207573561,True
04034,CP CASA DE JOEL II,74.84980992741677,72.45453814670324,39.899272827462944,41.21458672239465,117.26357958786062,4034,341,continuante,Parceira,Creche Parceira,4.0,4.11,VILA DA PENHA,-22.84382511,-43.30889912,57.0,52.0,337.35040436245146,406.34360609871527,324.9838904699947,True
0817615,CM VILA UNIAO DA PAZ,74.82811468167242,59.68872266863996,47.181719746337706,44.38550660032919,112.93710486378633,817615,163,continuante,Pública,Creche,8.0,8.17,Bangu,-22.862988,-43.45751,86.0,5.0,156.36822321659054,147.0927080900327,140.0752310320183,True
0817607,CM MULHERES DO QUAFA,74.68215943167208,58.55004015473631,332.0554101180441,44.10737421660753,113.02535324477414,817607,492,continuante,Pública,Creche,8.0,8.27,Bangu,-22.849653,-43.487379,287.0,19.0,386.5582778584077,505.6311840594874,346.27069219418627,True
0101607,CM TIA DORA,74.59035696539438,66.03838297158485,163.51086563605884,40.27791577547136,117.9636398353,101607,259,continuante,Pública,Creche,1.0,1.6,Santo Cristo,-22.898108,-43.197524,132.0,6.0,239.4881575123699,331.8779226281363,214.53089557357413,True
0918806,EDI COMENDADOR SERAFIM SOFIA,74.49263447111824,63.38756126246025,94.19792037846545,44.16789269464867,112.39389523656719,918806,224,continuante,Pública,EDI,9.0,9.13,Cosmos,-22.909561,-43.618801,136.0,0.0,323.6982622943539,248.2189449019302,289.96309140040194,True
03030,CP CRECHE TIO KITO,74.45184848672015,66.14331685770864,9.400308837386824,41.88978370368441,115.14353220119827,3030,65,continuante,Parceira,Creche Parceira,3.0,3.3,SÃO FRANCISCO XAVIER,-22.90433894,-43.26414042,60.0,9.0,83.26414955019305,99.28757796077208,80.18039850683797,True
0205602,CM TIA SONIA CRISPINIANO,74.42998721951183,70.31800363773793,96.0670933283001,42.09952182314307,114.99009988826681,205602,181,continuante,Pública,Creche,2.0,2.3,Copacabana - Morro dos Cabritos,-22.96286,-43.1939,110.0,1.0,190.4226161036836,230.7516858162388,170.57985672766273,True
0515612,CM TIA MARIA DO JONGO,74.36160322605477,60.88178890834259,65.09221991453136,42.32367381969943,114.60333611165326,515612,150,continuante,Pública,Creche,5.0,5.6,Madureira,-22.868144,-43.329101,121.0,4.0,136.2583033548079,191.2205205170425,122.0615317560734,True
03007,CP CRECHE CHAMEGUINHO,74.28176488612024,63.11882853637266,20.853375166512798,41.77517912540114,114.878356863876,3007,85,continuante,Parceira,Creche Parceira,3.0,3.4,LINS DE VASCONCELOS,-22.91549097,-43.27870767,58.0,0.0,88.5557326289228,105.722883939711,85.27863665409059,True
0724807,EDI CARMEN MIRANDA,73.86211804465783,46.44846067983322,201.15097757848233,42.21367362839592,113.50773347224593,724807,332,continuante,Pública,EDI,7.0,7.3,Barra da Tijuca,-22.997104,-43.335633,142.0,45.0,367.6641833202741,405.4242766731526,329.34608405844205,True
0724803,EDI VERA LUCIA MARTINS COSTA,73.79432635589055,57.81095154921891,89.63597819346657,42.86421242156061,112.67789617678787,724803,176,continuante,Pública,EDI,7.0,7.28,Recreio dos Bandeirantes,-23.020023,-43.48266,112.0,1.0,214.07133824591807,249.1382743274929,191.7634792951996,True
02003,CP CENTRO COMUNITARIO DA RUA UM UNIAO FAZ A FORCA,73.6598725914331,93.63010729869679,24.074948063992103,41.820207565663594,113.47254086481462,2003,135,continuante,Parceira,Creche Parceira,2.0,2.6,ROCINHA,-22.98642263,-43.24521927,139.0,0.0,40.40569553712064,46.88580070369792,38.8882065446787,True
02044,CP CRECHE SAO COSME E SAO DAMIAO,73.15188596941253,50.56343473218972,36.725402081720816,39.95555899381039,115.39543408402467,2044,89,continuante,Parceira,Creche Parceira,2.0,2.16,ANDARAÍ,-22.92825408,-43.25259783,62.0,0.0,79.48695866380045,94.69093083295854,76.54122187124464,True
0514607,CM SEMENTINHA,73.0083573908173,60.796933879018546,80.13661107257455,40.924882945603315,113.28414397162804,514607,104,continuante,Pública,Creche,5.0,5.5,Vicente de Carvalho,-22.860325,-43.318375,68.0,0.0,191.12849872428404,146.17337866447,171.2121594372563,True
08005,CP CRECHE E ESCOLA COMUNITARIA GENTE INOCENTE - REALENGO,72.3240220487086,59.57924836193147,45.12443368867157,42.36627045403127,109.84214864243187,8005,309,continuante,Parceira,Creche Parceira,8.0,8.7,REALENGO,-22.86257763,-43.45247321,142.0,12.0,275.5881333579147,331.8779226281363,265.47796989632525,True
0103605,CM BRINCADEIRAS DE CRIANCA,72.2965989813261,63.808329040661036,72.42214685518546,39.941999577956004,112.79296870730485,103605,123,continuante,Pública,Creche,1.0,1.8,Rio Comprido,-22.918929,-43.19801,117.0,0.0,135.55277884209542,160.88264947347324,121.42954979635076,True
1120801,EDI JOSE DE SOUZA RAMOS,72.20804653033171,69.76313535878752,89.4071585282032,37.458522815821325,115.50028411994813,1120801,135,continuante,Pública,EDI,11.0,11.3,ILHA DO GOVERNADOR,-22.805503,-43.1932,110.0,5.0,155.83895903936298,162.72130832459865,139.60113637161106,True
0817608,CM NOVA ALIANCA,72.12874222000183,57.90046061018002,84.30812126545403,42.852980403905875,108.81448846736748,817608,161,continuante,Pública,Creche,8.0,8.2,Bangu,-22.872318,-43.481571,123.0,0.0,322.9920156442355,357.619146543892,289.3304626269316,True
02029,CP CASA DA CRIANCA,72.07217141742596,67.54417931608882,64.10927571121938,38.99285692171402,113.83981817883053,2029,416,continuante,Parceira,Creche Parceira,2.0,2.1,BOTAFOGO,-22.95376697,-43.17703523,184.0,41.0,387.701892728914,467.01934818585386,373.4959034136399,True
09023,CP ESPACO CRIATIVO SALOMAO,71.94341858706667,61.45166296047991,21.9451360018249,42.61533638210184,108.60269691529119,9023,172,continuante,Parceira,Creche Parceira,9.0,9.13,COSMOS,-22.91565,-43.60693,69.0,4.0,181.15286936028892,217.8810738583609,174.49273134440725,True
0102606,CM GEORGE SAVALLA GOMES - PALHACO CAREQUINHA,71.83478662568736,62.873176892495366,124.62728687763533,40.2351918904976,111.55769555395149,102606,279,continuante,Pública,Creche,1.0,1.7,Centro,-22.906898,-43.193638,94.0,8.0,292.0949231377997,365.8931113739563,261.6540272507568,True
09030,CP ESPACO DE DESENVOLVIMENTO PEDRITA,71.7861866516576,56.95584594298235,44.233760458438894,42.70957543609473,108.17112330319247,9030,146,continuante,Parceira,Creche Parceira,9.0,9.18,CAMPO GRANDE,-22.86709,-43.5593,120.0,0.0,168.22328565844737,202.2524736237949,162.0355143121039,True
0313610,CM EMMANUEL,71.73785178434304,63.18871264713624,84.83878253749799,40.47195732563482,110.76783476015359,313610,134,continuante,Pública,Creche,3.0,3.5,Lins de Vasconcelos,-22.914251,-43.282108,120.0,6.0,178.59959210416173,185.70454396366625,159.9892430511631,True
04032,CP ASSOCIACAO CENTRO EDUCACIONAL REBRAL V,71.70059932677427,67.7243095514265,50.24198388574219,39.942339770846594,111.63284375306205,4032,377,continuante,Parceira,Creche Parceira,4.0,4.11,VILA DA PENHA,-22.83835591,-43.31194556,108.0,0.0,373.20475145237424,449.5520891001624,359.5283812701175,True
0918815,EDI PROFESSORA SIRLEIA SILVA REIS,71.21621191727257,56.32894664635736,228.2357127100015,42.38678822558765,107.2864533703168,918815,282,continuante,Pública,EDI,9.0,9.2,Campo Grande,-22.869529,-43.552115,200.0,0.0,300.0396543410739,339.2325580326379,268.77061402977426,True
09009,CP CRECHE COMUNITARIA CRIANCAS DE OURO,71.20217022580722,55.97937361553451,53.028685738990404,42.34077479216967,107.31701339452744,9009,159,continuante,Parceira,Creche Parceira,9.0,9.18,CAMPO GRANDE,-22.93023317,-43.55805948,100.0,13.0,175.0676545125477,210.52643845385927,168.6298321071249,True
03020,CP LAR DA CRIANCA JESUS BOM PASTOR,71.16578038659915,77.92796224253624,26.294648490116227,40.756721085216164,109.30017588943934,3020,118,continuante,Parceira,Creche Parceira,3.0,3.19,INHAÚMA,-22.86388686,-43.27845814,96.0,0.0,102.93603120985696,123.1901430254024,99.13352088735164,True
02055,CP CRECHE CASA DO POBRE DE NOSSA SENHORA DE COPACABANA,70.87632423890491,66.56692609455858,27.42191706036475,40.080645055551656,109.3894882867108,2055,136,continuante,Parceira,Creche Parceira,2.0,2.3,COPACABANA,-22.96882468,-43.18329646,78.0,15.0,88.5557326289228,105.722883939711,85.27863665409059,True
0918616,CM PADRE VALTER DA COSTA SANTOS,70.66903952575134,56.23415355979576,214.52757226014774,42.10786599109729,106.40772237168656,918616,285,continuante,Pública,Creche,9.0,9.5,Campo Grande,-22.877052,-43.58049,123.0,7.0,341.17821881418683,299.7013927334416,305.6209687746947,True
0514606,CM ACALANTO,70.46114138099551,59.72627339715556,95.29050273478997,39.47478083470522,109.33083810208151,514606,112,continuante,Pública,Creche,5.0,5.5,Vicente de Carvalho,-22.860794,-43.307537,119.0,0.0,135.9055402909092,139.73807268553105,121.74554005292389,True
10076,CP ESPACO DE DESENVOLVIMENTO MAE GAIA - UNIDADE I,70.176258412955,74.4457192545993,22.72754712820155,41.83252549567763,105.62517739206685,10076,73,continuante,Parceira,Creche Parceira,10.0,10.1,SANTA CRUZ,-22.9329475,-43.6976363,60.0,0.0,33.70830538209268,38.61183587363358,32.43569330961425,True
04020,CP CENTRO CULTURAL EDUCAR,70.10243605297813,73.85543749294033,16.059658031230864,40.28615039844182,107.48551253371656,4020,77,continuante,Parceira,Creche Parceira,4.0,4.11,RAMOS,-22.86522307,-43.25652803,111.0,1.0,95.36454475954056,113.99684876977534,91.83867202833952,True
0716809,EDI PROFESSOR ROBERTO LUIZ PEREIRA,70.06798909904157,62.61080700848721,130.1894790239331,40.04593511520711,107.78376022713226,716809,243,continuante,Pública,EDI,7.0,7.3,Praça Seca,-22.904538,-43.34563,89.0,44.0,320.69672198099926,254.6542508808691,287.2744262338219,True
03038,CP CRECHE FRUTOS DO AMANHA II,70.05478803470679,64.68981293036126,59.81810370945802,38.86198564223572,109.14682740511016,3038,210,continuante,Parceira,Creche Parceira,3.0,3.16,ENGENHO DA RAINHA,-22.86547232,-43.28919086,162.0,15.0,218.44776785078963,262.92821571093344,210.42511813741856,True
0716801,EDI DOUTORA ZILDA ARNS,70.01712588514752,53.14236591904681,139.86343490447547,41.13084769540048,106.16413721278248,716801,285,continuante,Pública,EDI,7.0,7.8,Jacarepaguá,-22.941016,-43.391418,146.0,78.0,361.3074310876527,396.2309824175255,323.65194823050564,True
0625801,EDI PROFESSORA ROSENICE ROCHA ROQUE,69.93219154750673,58.61094474508822,96.37439117464821,39.46312708749124,108.01845981107286,625801,131,continuante,Pública,EDI,6.0,6.1,Barros Filho,-22.838141,-43.367654,88.0,7.0,127.7924533029748,164.55996717572407,114.47814600427324,True
0313612,CM MARCILIA CATARINA DA COSTA ORGELIO - TIA MANA,69.42792083232602,71.43555593395197,109.04574367691659,38.950767218145856,107.61560810989917,313612,218,continuante,Pública,Creche,3.0,3.11,Largo do Jacaré,-22.895698,-43.261933,93.0,0.0,265.0842273408044,285.911451350001,237.4588775106104,True
0817601,CM JOSE FELIX,68.12117231106562,52.38234998499228,163.27716938011406,40.11341939083366,103.19952905766198,817601,403,continuante,Pública,Creche,8.0,8.22,Senador Camará,-22.874814,-43.503815,225.0,0.0,388.5006948972973,487.24459554823335,348.0106351764374,True
0734805,EDI MONSENHOR CORDIOLI,67.98117784521943,59.53389910731728,22.558383295175098,39.722195812519146,103.47950017919538,734805,148,continuante,Pública,EDI,7.0,7.15,Cidade de Deus,-22.95123,-43.361925,99.0,0.0,214.07133824591807,201.33314419823225,191.7634792951996,True
0411801,EDI MARIANA ROCHA DE SOUZA,67.93376380341331,63.57706626481604,229.17475338666475,37.55142984937323,106.20846384075715,411801,208,continuante,Pública,EDI,4.0,4.11,Penha Circular,-22.845849,-43.30474,96.0,2.0,291.56528059772074,284.9921219244383,261.17959369169904,True
0208603,CM RAIZES DO SALGUEIRO,67.78159796209039,56.17035511972879,82.43552075054735,38.655158357626654,104.25579876757462,208603,85,continuante,Pública,Creche,2.0,2.12,Tijuca,-22.928219,-43.225674,109.0,5.0,68.22101673124885,79.06233059839256,61.11631869427309,True
0716802,EDI ARTHUR BISPO DO ROSARIO,67.72301495544599,59.939897541286946,60.985112989620404,39.750478566124,102.75873961115627,716802,213,continuante,Pública,EDI,7.0,7.8,Curicica,-22.93725,-43.390376,130.0,5.0,238.6055801783365,298.7820633078789,213.74031649755096,True
10081,CP CENTRO EDUCACIONAL ESTRELA DO AMANHA,67.6867596294251,43.14870697363153,145.31978915572503,35.967316263432295,108.16608200123574,10081,228,continuante,Parceira,Creche Parceira,10.0,10.18,GUARATIBA,-23.01107,-43.53864,100.0,96.0,239.0117319069928,287.75011020112646,230.23781489829395,True
0123601,CM JOSE MARINHO DE OLIVEIRA,67.6819054443522,61.74015478940443,64.01875076237212,38.19696939745607,104.70860306696908,123601,130,continuante,Pública,Creche,1.0,1.11,Santa Teresa - Morro dos Prazeres,-22.934912,-43.202502,100.0,0.0,98.17138828286495,123.1901430254024,87.94472410320255,True
10045,CP ESPACO CRIATIVO ERA UMA VEZ,67.59651880369705,71.24432077537949,28.29220313040411,40.32861140274264,101.69778091874282,10045,73,continuante,Parceira,Creche Parceira,10.0,10.1,SANTA CRUZ,-22.9057,-43.6697,125.0,2.0,75.71208666111399,90.09428370514502,72.90428180639289,True
0312806,EDI PROFESSORA ELIANE MONTE CHIARI DANTAS,66.90665620403422,68.14228722734325,74.2711977337444,38.72962910138753,102.1599941046687,312806,189,continuante,Pública,EDI,3.0,3.2,Bonsucesso,-22.864563,-43.275474,70.0,2.0,225.19082357106367,271.20218054099774,201.7238897263645,True
01007,CP EDUCANDARIO NOSSA SENHORA DE NAZARE,66.76820103712853,40.69954665333526,17.983597978426204,36.0104183989083,105.41518406718714,1007,78,continuante,Parceira,Creche Parceira,1.0,1.8,CATUMBI,-22.92083117,-43.19584332,30.0,1.0,95.36454475954048,113.99684876977534,91.83867202833952,True
0734602,CM MARGARIDA GABINAL,66.46814570905114,61.40526841977848,95.94906636383172,38.809604692835684,101.17272124751378,734602,122,continuante,Pública,Creche,7.0,7.16,Cidade de Deus,-22.950792,-43.355759,89.0,3.0,176.83504857016536,168.23728487797487,158.4086322904431,True
0515807,EDI BURITI CONGONHAS,66.16177650508757,54.61512555163699,53.35839598240473,37.497841876988396,102.19638362948652,515807,102,continuante,Pública,EDI,5.0,5.8,Madureira,-22.860399,-43.334597,84.0,0.0,134.31812661183554,124.1094724509651,120.3235953992126,True
0208604,CM TIA BELA,66.15851748552697,58.36317539472997,49.6533735538836,38.17710593613988,101.17709783216975,208604,89,continuante,Pública,Creche,2.0,2.13,Tijuca,-22.93817,-43.243002,79.0,0.0,116.85897851904238,126.8674607276532,104.68435592188456,True
0918830,EDI HENRIQUE DIAS,66.04835817800297,55.92125585250034,22.537115617230615,39.43493848512993,99.35496733150632,918830,47,continuante,Pública,EDI,9.0,9.18,Campo Grande,-22.904029,-43.554265,47.0,0.0,93.41261523931313,79.98166002395527,83.68199623433512,True
03019,CP INSTITUTO EDUCACIONAL CRESCENDO E APRENDENDO ALGODAO DOCE,66.01023495661107,68.09858111335998,31.823404359869222,37.85525924846642,101.28908553410278,3019,202,continuante,Parceira,Creche Parceira,3.0,3.23,RAMOS,-22.85989694,-43.26788322,85.0,15.0,205.50469636421403,247.29961547636748,197.95490015601715,True
03015,CP CRECHE MARIETTA NAVARRO GAIO,65.8490185499263,58.51738067910228,15.160395891243162,36.46462154497027,102.69041536966549,3015,68,continuante,Parceira,Creche Parceira,3.0,3.1,ROCHA,-22.90458707,-43.25192193,58.0,2.0,87.04345722640339,103.88422508858558,83.8216166963473,True
08023,CP CRECHE COMUNITARIA IRMA MARIA DE LOURDES,65.82819386469113,52.577540370014674,28.45571082048273,38.920169775689445,99.60848463621926,8023,152,continuante,Parceira,Creche Parceira,8.0,8.8,VILA KENNEDY,-22.85592,-43.48252,70.0,27.0,153.01992128995352,183.86588511254087,147.38759040833375,True
03036,CP CENTRO CULTURAL EVOLUIR,65.57590489992383,64.28739810915651,30.293464995401653,34.69013106918955,105.16395011711835,3036,178,continuante,Parceira,Creche Parceira,3.0,3.19,MARIA DA GRAÇA,-22.87989519,-43.26200525,147.0,4.0,159.86028491313954,192.1398499426052,153.97804724714567,True
0817617,CM JOSE MANOEL IBARRA PEREZ,65.45180624635914,51.902591811290506,177.47375521120856,38.794814251353074,98.83495435739934,817617,219,continuante,Pública,Creche,8.0,8.26,Bangu,-22.84761,-43.472659,134.0,0.0,260.84746946778625,280.3954747966248,233.6637516020044,True
07008,CP CRECHE SAO PAULO APOSTOLO,65.30753260561325,62.12526944186417,13.421285256647892,37.182576626546094,100.6903154946819,7008,138,continuante,Parceira,Creche Parceira,7.0,7.2,MATO ALTO / JACAREPAGUÁ,-22.90428,-43.35496,56.0,14.0,140.8644987316074,169.1566143035376,135.6762586257475,True
0107605,CM EDUARDO MOREIRA DOS SANTOS,65.25089340088854,53.627310758111776,54.75909062669658,36.889898796444186,100.80560288937907,107605,152,continuante,Pública,Creche,1.0,1.3,Mangueira - Morro dos Telégrafos,-22.902679,-43.235857,69.0,5.0,152.31060278888262,174.6725908569138,136.44056943067125,True
0918805,EDI CANTORA CESARIA EVORA,64.95594904552247,51.655341872453995,84.68751062241803,38.72636052393912,97.7727403455025,918805,148,continuante,Pública,EDI,9.0,9.9,Campo Grande,-22.900123,-43.585876,136.0,0.0,202.2465665359984,191.2205205170425,181.17130020349336,True
0313608,CM RACHEL LEITE DIAS,64.84367717549603,61.03847613980031,250.8900777695734,36.39056147543523,100.45726343478941,313608,322,continuante,Pública,Creche,3.0,3.1,Engenho de Dentro,-22.885294,-43.288125,146.0,38.0,347.35815562553194,395.3116529919628,311.156720111282,True
0734601,CM LUZES DO AMANHA,64.71880102918819,59.35356634208902,74.62648304085478,37.88008038928267,98.39861835589186,734601,190,continuante,Pública,Creche,7.0,7.12,Cidade de Deus,-22.952939,-43.364891,98.0,0.0,181.4229102633969,250.9769331786183,162.51826371355276,True
04008,CP CRECHE COMUNITARIA CASULO DO PARQUE PROLETARIO DA PENHA,64.63096843859407,58.649998870590814,17.90783416369967,37.03459446395243,99.0431624587792,4008,65,continuante,Parceira,Creche Parceira,4.0,4.16,PENHA,-22.84672749,-43.28419513,97.0,1.0,44.13926110665887,51.48244783151144,42.4852880857458,True
0204805,EDI CLAUDIO CAVALCANTI,64.11167725967154,56.1698744257319,159.8069229616528,34.30083968331712,101.25598992583548,204805,188,continuante,Pública,EDI,2.0,2.1,Botafogo,-22.954419,-43.188186,142.0,14.0,172.77668986044912,170.0759437291003,154.77330942317303,True
0313801,EDI PROF. JOSE LIBONATI FILHO,64.0007884264694,54.59480801109001,113.88413679361884,35.63090199236686,99.54767735223496,313801,101,continuante,Pública,EDI,3.0,3.1,Triagem,-22.895035,-43.246193,88.0,19.0,115.80100578535976,116.75483704646346,103.73666425048408,True
0102602,CM ANA MARIA DA CRUZ SILVA,63.83552610579231,55.301215674499524,125.61908895990561,32.574883203127435,103.40339427963714,102602,249,continuante,Pública,Creche,1.0,1.9,Cidade Nova,-22.912295,-43.196778,238.0,0.0,275.67638604103786,331.8779226281363,246.94692876613945,True
0817614,CM FAZENDA COQUEIROS II,63.681044343380364,50.19902562702689,160.63520769329625,37.66588956369162,96.29435235994222,817614,246,continuante,Pública,Creche,8.0,8.22,Senador Camará,-22.869391,-43.495536,132.0,4.0,259.96481947686283,297.8627338823162,232.87310744653124,True
10058,CP CRECHE ESCOLA COMUNITARIA MALLETZINHO,63.475265808168594,76.97381704512094,91.8237115727273,37.35628820987884,96.1410662542551,10058,261,continuante,Parceira,Creche Parceira,10.0,10.9,SEPETIBA,-22.97265,-43.70832,272.0,2.0,162.90106383013628,195.81716764485603,156.90773425584456,True
0312812,EDI HERMENEGILDO DE BARROS,63.4566692369766,57.1668692268547,78.22697027629312,35.81176740745814,98.06384046873843,312812,152,continuante,Pública,EDI,3.0,3.16,Engenho Da Rainha,-22.871295,-43.292118,129.0,13.0,144.19588201133993,155.36667292009702,129.17171204879523,True
0817814,EDI PROFESSORA GIOVANA BANSI,63.00806759778213,50.351396622997555,328.7887476145378,37.09335695690257,95.45559351889833,817814,363,continuante,Pública,EDI,8.0,8.11,Bangu,-22.895049,-43.490355,141.0,95.0,382.4968800672716,405.4242766731526,342.6326471994025,True
10034,CP OS BENEDITINHOS,62.8962994287574,64.15298184530238,43.65964650475912,37.46566948548679,94.6988581200443,10034,134,continuante,Parceira,Creche Parceira,10.0,10.9,SANTA CRUZ,-22.92996,-43.65597,134.0,0.0,124.92243377986205,149.8506963667208,120.3166342475768,True
0313607,CM ODETINHA VIDAL DE OLIVEIRA,62.595649205046556,56.1717979362645,145.74978620565957,35.04322063520488,97.06339023799508,313607,133,continuante,Pública,Creche,3.0,3.4,Lins de Vasconcelos,-22.906141,-43.272911,144.0,0.0,207.1881676972066,240.86430949742856,185.5977978859644,True
0410805,EDI COMPOSITOR NEOCI DIAS DE ANDRADE,62.40475779550908,63.81429836628577,92.42484948131401,35.74811867447994,95.66800639688594,410805,150,continuante,Pública,EDI,4.0,4.15,Olaria,-22.849859,-43.265338,69.0,5.0,171.1886721327606,137.89941383440564,153.3508237379642,True
02025,CP CRECHE BEZERRA DE MENEZES - BOTAFOGO,62.33635765708739,58.79140123505418,26.34457347078853,33.97990855815078,98.17301830851557,2025,238,continuante,Parceira,Creche Parceira,2.0,2.1,BOTAFOGO,-22.95335051,-43.19505846,43.0,23.0,290.83400517659,350.2645111393903,280.1668657546068,True
0430805,EDI PROFESSORA SOLANGE CONCEICAO TRICARICO,62.268756777025175,65.42048891995921,78.71793393462215,36.01983560432019,95.15798143238212,430805,178,continuante,Pública,EDI,4.0,4.7,BONSUCESSO,-22.865663,-43.242858,65.0,13.0,157.07391305612643,199.49448534710683,140.70736107035026,True
10044,CP CRECHE COMUNITARIA MAGIA DA CRIANCA,62.19796302398027,65.97580592197563,37.15007193325146,37.062170064849155,93.63514477733442,10044,93,continuante,Parceira,Creche Parceira,10.0,10.11,SANTA CRUZ,-22.93376,-43.70068,168.0,23.0,99.9067195994734,119.51282532315156,96.21488991097274,True
02047,CP GRUPO COMUNITARIO MORRO DA ALEGRIA,62.02544391502733,77.2633078150509,17.738452266487442,35.23506439012422,95.51547398996397,2047,66,continuante,Parceira,Creche Parceira,2.0,2.7,ROCINHA,-22.99001468,-43.24478783,63.0,0.0,68.92392541263105,81.82031887508069,66.36416390382034,True
02049,CP OBRA DO BERCO,61.90760497303532,36.07197557734534,52.44064233408013,30.209449043532132,102.34896136846474,2049,285,continuante,Parceira,Creche Parceira,2.0,2.1,LAGOA,-22.96339094,-43.20299223,81.0,44.0,254.24932913877552,306.1366987123805,244.918735819376,True
0312601,CM CANTINHO FELIZ,61.79820771984297,60.349082055926,115.02914866471289,35.256768712932185,95.03970876486177,312601,228,continuante,Pública,Creche,3.0,3.15,Inhaúma,-22.880691,-43.281352,134.0,0.0,263.6719678086775,272.1215099665605,236.19382935368657,True
0431602,CM BARBOSA LIMA SOBRINHO,61.77474905739767,58.60497715584159,183.5051903361331,35.061712839942416,95.17307953364741,431602,289,continuante,Pública,Creche,4.0,4.25,Jardim América,-22.802662,-43.31926,169.0,58.0,256.0811926297321,299.7013927334416,229.3943028220734,True
03003,CP CASA SAO ROQUE,61.67719475731779,55.530221983749115,46.90086242960372,32.81542012952016,97.56212706947623,3003,158,continuante,Parceira,Creche Parceira,3.0,3.4,MÉIER,-22.89696158,-43.28062754,196.0,3.0,168.98368907332454,203.17180304935764,162.76813723193737,True
03039,CP CRECHE COMUNITARIA CEU AZUL,61.506828143518334,63.918867391163744,19.62180081009042,34.746645650389915,95.12385988016345,3039,101,continuante,Parceira,Creche Parceira,3.0,3.14,BONSUCESSO,-22.8719761,-43.25736737,48.0,6.0,70.43161074233021,83.65897772620609,67.81675662160528,True
0622602,CM SILVIO AMANCIO,61.41174129106634,52.999159852633646,91.21286158687151,35.679882340613865,93.68642182805672,622602,176,continuante,Pública,Creche,6.0,6.14,Jardim Cristina Capri - Anchieta,-22.825833,-43.389133,110.0,1.0,218.66025743103387,185.70454396366625,195.87405790853572,True
10059,CP CRECHE COMUNITARIA PLANETA BEBE,61.38690950941603,64.5582673930241,25.464200258088688,36.60064911522601,92.38540913905294,10059,95,continuante,Parceira,Creche Parceira,10.0,10.1,SANTA CRUZ,-22.90309,-43.67469,91.0,0.0,83.26414955019312,99.28757796077208,80.18039850683797,True
0209608,CM GERMINAL DA VILA,61.33747619581815,55.67865003255102,63.867052977758576,34.56096202633397,94.89512593504544,209608,124,continuante,Pública,Creche,2.0,2.18,Vila Isabel,-22.913956,-43.255247,76.0,0.0,124.6180236696268,141.57673153665647,111.6346129237063,True
07045,CP JARDIM ESCOLA TURMINHA DA ARCA - JETA II,61.15716064612411,63.52556372639104,16.317924862270406,35.50021801313392,93.24854018610301,7045,177,continuante,Parceira,Creche Parceira,7.0,7.22,GARDÊNIA AZUL,-22.96375,-43.34749,127.0,0.0,171.26502414372882,205.92979132604577,164.96612631861836,True
0103607,CM ESTACIO DE SA,60.75135913225636,48.52306842936431,94.2560361540925,33.490805312509444,94.99684180365459,103607,227,continuante,Pública,Creche,1.0,1.9,Estácio,-22.913974,-43.203886,119.0,0.0,257.84647081898856,284.07279249887563,230.9755716131536,True
0312603,CM RENASCER,60.74028548411451,60.24150119970252,97.24709309264986,34.15007016522624,94.08901456861453,312603,248,continuante,Pública,Creche,3.0,3.14,Del Castilho,-22.880363,-43.279044,133.0,0.0,231.8981014862323,281.3148042221875,207.7320131934729,True
08019,CP ESCOLA COMUNITARIA JARDIM ARCO-IRIS - UNIDADE II,60.30092504062284,55.76290089087587,31.160174539340666,35.25178192274496,91.68905354401181,8019,182,continuante,Parceira,Creche Parceira,8.0,8.5,REALENGO,-22.89115,-43.42064,142.0,0.0,181.91360489831715,218.80040328392363,175.2256744130755,True
1019607,CM ADALTO BASTOS,60.10040180614802,58.9047967325141,78.68253836202734,35.596086611270046,90.74103439084607,1019607,221,continuante,Pública,Creche,10.0,10.18,Paciência,-22.927505,-43.634912,48.0,35.0,156.0153801254039,193.9785087937306,139.75916765067294,True
0918839,EDI DALILA TAVARES,59.99243789424891,50.77640559410389,41.729751552690004,35.82260595651533,90.2423328090338,918839,69,continuante,Pública,EDI,9.0,9.8,Campo Grande,-22.89154,-43.57146,61.0,0.0,103.28328938682704,81.82031887508069,92.52377057228468,True
02040,CP CRECHE MARIA MARIA,59.95058845693917,76.01453891070054,19.45632765157925,34.09751290599944,92.26079327087109,2040,123,continuante,Parceira,Creche Parceira,2.0,2.5,ROCINHA,-22.98633516,-43.24536688,72.0,0.0,98.3924150850714,117.67416647202616,94.75591316973532,True
0101802,EDI MACHADO DE ASSIS,59.881483085916315,54.54598106903889,55.937235540626126,32.361316969659654,94.72226047800228,101802,152,continuante,Pública,EDI,1.0,1.5,Santo Cristo,-22.902003,-43.200648,122.0,6.0,127.08701145015164,189.38186166591709,113.84623807991224,True
10067,CP CRECHE COMUNITARIA ARCA DE NOE,59.46601651172609,62.43341927966651,46.846076833810294,35.39352335203209,89.57262204489436,10067,117,continuante,Parceira,Creche Parceira,10.0,10.1,SANTA CRUZ,-22.94696,-43.67592,124.0,0.0,104.45102479229791,125.0288018765278,100.59316208613431,True
0313603,CM SYLVIA ORTHOF,59.11587452572674,49.87126577074944,74.32111366336385,33.55510721314827,91.19724741452883,313603,147,continuante,Pública,Creche,3.0,3.9,Piedade,-22.878497,-43.306157,74.0,0.0,160.77886312691038,205.01046190048305,144.02611400467447,True
0515606,CM JOSUE DE CASTRO,59.11136736064597,51.56297569646861,119.71524654039631,32.35529891465401,92.8348940483136,515606,153,continuante,Pública,Creche,5.0,5.16,Campinho,-22.885981,-43.339707,110.0,0.0,226.24985362211808,173.75326143135112,202.67252841226968,True
09011,CP CRECHE NOVA JERUSALEM EM CAMPO GRANDE,58.43040974779604,49.05793489038399,43.88567066901562,34.61691549890385,88.20656646991714,9011,212,continuante,Parceira,Creche Parceira,9.0,9.13,CAMPO GRANDE,-22.89458,-43.60037,125.0,0.0,198.6541127891887,239.02565064630315,191.35459187439983,True
09004,CP CRECHE E PRE-ESCOLA CANTINHO DO SABER,58.37964446871614,47.09966601018649,48.761979664126216,34.717312968883945,87.9814645640061,9004,158,continuante,Parceira,Creche Parceira,9.0,9.18,CAMPO GRANDE,-22.8919,-43.60452,165.0,1.0,143.14309243185176,171.9146025802257,137.87160501223292,True
04007,CP CRECHE CASULO BOM JESUS DA PENHA,58.24243582114844,52.76629533145555,29.814199379056923,33.331469705715286,89.32047238715037,4007,80,continuante,Parceira,Creche Parceira,4.0,4.16,RAMOS,-22.84171675,-43.28014224,83.0,8.0,108.23944341628273,129.6254490043413,104.24316634174916,True
04009,CP CRECHE COMUNITARIA DE MANGUINHOS,58.118188687975305,67.4399289166235,15.363057978927305,32.496399867801614,90.31225538708328,4009,59,continuante,Parceira,Creche Parceira,4.0,4.12,MANGUINHOS,-22.87888067,-43.25304592,67.0,1.0,59.13696347468961,69.86903634276553,56.93484540128639,True
0208601,CM CASA BRANCA - PROFESSOR PAULO FREIRE,57.97618185777798,49.13585605291822,53.754657581526644,33.27470114580957,88.89845613634989,208601,82,continuante,Pública,Creche,2.0,2.13,Tijuca,-22.936602,-43.248803,85.0,0.0,90.59289111876902,97.44891910964664,81.15619458913281,True
0101601,CM LADEIRA DOS FUNCIONARIOS,57.31937962384286,44.99993812417464,45.488999497521625,32.55329003817987,88.3075223166149,101601,122,continuante,Pública,Creche,1.0,1.1,Caju,-22.879151,-43.224306,70.0,0.0,99.05270601430966,97.44891910964664,88.73417499317962,True
0515607,CM MANE GARRINCHA I,57.2230046012337,56.50533660129015,192.53079795562272,32.08154441083971,88.8305270974769,515607,299,continuante,Pública,Creche,5.0,5.18,Marechal Hermes,-22.869303,-43.374677,115.0,17.0,301.98172568402384,300.6207221590043,270.51024736417656,True
0625609,CM SONIA MARIA DE M. ANGEL JONES,56.932984340312515,49.468235770177536,66.13815151261424,33.11559526621388,86.73481378575073,625609,103,continuante,Pública,Creche,6.0,6.1,Pavuna,-22.813466,-43.353119,94.0,4.0,120.7383773095908,155.36667292009702,108.15937355454544,True
0734603,CM SEMPRE VIDA JOSUE,56.68299881869959,51.04095450908737,49.18811969904775,33.14326778346089,86.22070463627584,734603,84,continuante,Pública,Creche,7.0,7.14,Cidade de Deus,-22.942892,-43.363848,35.0,0.0,120.38569422322716,115.83550762090076,107.84345348404584,True
09019,CP ASSOCIACAO DE MORADORES UNIAO DAS BASES DE URUCANIA E ADJACENCIAS - COSMOS,56.606617369859286,47.777476193464736,37.78584846472741,33.511261218009786,85.484776541441,9019,121,continuante,Parceira,Creche Parceira,9.0,9.13,COSMOS,-22.88994,-43.60561,85.0,0.0,112.78720533595894,135.14142555771753,108.62477166071103,True
0625605,CM LUIS CARLOS PRESTES,56.575390881413526,46.30948665457455,119.79980947311459,32.889099479777514,86.22991006015792,625605,253,continuante,Pública,Creche,6.0,6.4,Caminho do Job - Pavuna,-22.818729,-43.379834,107.0,1.0,192.0108565977389,268.44419226430966,172.0025419423812,True
04049,CP INSTITUTO JOSEFA LAURENTINO,56.53083241405295,51.7521015559675,19.711631669255034,32.72694279211826,86.34226330685847,4049,91,continuante,Parceira,Creche Parceira,4.0,4.4,MARÉ,-22.84825182,-43.24773693,60.0,0.0,174.3070887344091,209.60710902829652,167.89705267640426,True
0734803,EDI ANA CAROLINA PACHECO DA SILVA,56.26669292782319,50.83933614633046,40.51004264142509,32.947173929677916,85.53542823458714,734803,97,continuante,Pública,EDI,7.0,7.15,Cidade de Deus,-22.947426,-43.365557,47.0,0.0,139.78602102218673,139.73807268553105,125.22152673599334,True
0431603,CM CHICO MENDES,56.22210831188681,56.00635001375283,117.00731273855,32.026431725500046,86.5914629296004,431603,104,continuante,Pública,Creche,4.0,4.22,Cordovil,-22.818898,-43.292015,95.0,1.0,130.43792465844143,130.544778429904,116.8478584077468,True
0734801,EDI JARDIM DO AMANHA,56.219046740006895,50.493434562561326,76.83853539123163,32.94394042448003,85.40958320439259,734801,208,continuante,Pública,EDI,7.0,7.12,Cidade de Deus,-22.949404,-43.370431,32.0,37.0,222.01376545226844,271.20218054099774,198.87800236194403,True
04002,CP INSTITUTO EDUCACIONAL LUIZ ANTONIO - IELA,56.1791260281581,53.8519684111903,28.88306701290469,31.411047172123407,87.29850000849066,4002,114,continuante,Parceira,Creche Parceira,4.0,4.11,VILA DA PENHA,-22.83392624,-43.30671229,90.0,12.0,133.27118760614758,159.96332004791054,128.36036663729075,True
11001,CP CRECHE COMUNITARIA ALEGRIA DA CRIANCA,56.176139527727294,44.42642123649849,13.162640899813578,29.346094856026703,89.72511748839263,11001,118,continuante,Parceira,Creche Parceira,11.0,11.2,ILHA DO GOVERNADOR / PARQUE ROYAL,-22.79554,-43.20989,104.0,6.0,125.68122986629658,150.7700257922835,121.04770762624038,True
0312804,EDI PROFESSORA TANIA MARTINS NOVO LENZ,56.085025594657566,48.21484034469015,70.96380254497869,31.403197111456166,87.03243126279887,312804,129,continuante,Pública,EDI,3.0,3.9,Tomás Coelho,-22.87358,-43.308096,84.0,0.0,163.0724678439825,156.28600234565974,146.08063760691488,True
0313805,EDI MAURICIO CARDOSO,56.05512290167911,59.78698128116135,119.80888285815743,30.73235498733085,87.68948867872524,313805,160,continuante,Pública,EDI,3.0,3.6,Engenho De Dentro,-22.900652,-43.295975,45.0,42.0,183.71689912251995,213.2844267305474,164.5731313862943,True
0514609,CM PARQUE BOM MENINO,55.84280559028743,48.33083314610738,163.20382969636393,31.74495820001699,86.0804614415413,514609,287,continuante,Pública,Creche,5.0,5.8,Irajá,-22.849166,-43.324973,87.0,33.0,371.0191649709078,320.8459695213838,332.3513484628495,True
0918832,EDI PROFESSORA JACINTHA REIS FERREIRA,55.796732422977236,47.80754702672536,357.37510231208245,33.05107866616486,84.23086523115273,918832,367,continuante,Pública,EDI,9.0,9.23,Cosmos,-22.922708,-43.620744,167.0,9.0,394.3279817735056,364.0544525228309,353.23049615401794,True
0410802,EDI DOUTOR ANTONIO FERNANDES FIGUEIRA,55.4322680142015,61.94440181941238,72.1431573917764,31.391425610420374,85.58447046162667,410802,187,continuante,Pública,EDI,4.0,4.1,Manguinhos - Bonsucesso,-22.88338,-43.253337,75.0,21.0,130.967030891503,141.57673153665647,117.32181160231112,True
0328801,EDI PADRE NELSON CARLOS DEL MONACO,55.28318595809399,48.79890580203364,100.63280842513379,31.26582995726462,85.37234020583708,328801,288,continuante,Pública,EDI,3.0,3.12,Jacarezinho,-22.883767,-43.254063,65.0,19.0,294.56659871022185,311.6526752657567,263.8680598287267,True
0817806,EDI PROFESSORA MARIA YEDDA LEITE LINHARES,55.16498842282705,43.72676592862041,61.61634070667153,32.681467206113815,83.31596295726567,817806,149,continuante,Pública,EDI,8.0,8.25,Bangu,-22.846973,-43.465672,137.0,0.0,198.89341831867293,228.9130269651134,178.1676780262564,True
0329801,EDI DONA LINDU,55.02578644079311,56.78903341855809,177.30474395519573,31.53609766579415,84.46330084979189,329801,323,continuante,Pública,EDI,3.0,3.23,Ramos,-22.860896,-43.267813,115.0,22.0,300.9224128039495,373.247746778458,269.5613553451865,True
1026810,EDI ALCEBIADES FRANCISCO ROSA,54.94574017009849,48.39714726222005,212.55127077296513,32.46498020218519,83.04300318408896,1026810,331,continuante,Pública,EDI,10.0,10.22,Pedra de Guaratiba,-22.974412,-43.648574,123.0,79.0,381.6139710647415,316.24932239357025,341.8417710421822,True
02009,CP ABRIGO TERESA DE JESUS,54.826119919125794,39.85774371804666,58.27707053295656,27.94036393592599,88.80937083070134,2009,137,continuante,Parceira,Creche Parceira,2.0,2.15,TIJUCA,-22.91366865,-43.22071856,91.0,6.0,133.27118760614758,159.96332004791054,128.36036663729075,True
0918617,CM CRIANDO O FUTURO,54.7016970394448,44.43734726656045,157.48750149601102,32.533679853868954,82.44041851823306,918617,246,continuante,Pública,Creche,9.0,9.14,Inhoaíba,-22.911154,-43.590203,97.0,0.0,440.0650617140189,371.4090879273325,394.2000251236768,True
10082,CP CRECHE ESCOLA BAIXINHOS SABIDOS,54.57279786691406,48.72189559644579,21.869169514654487,32.42853645511538,82.25445662171391,10082,70,continuante,Parceira,Creche Parceira,10.0,10.18,PACIÊNCIA,-22.91765,-43.65719,31.0,3.0,73.44837173913737,87.3362954284569,70.7232832085773,True
0918824,EDI ALBERTO FERREIRA PINTO,54.39402214967631,44.38359533242263,191.73188074797588,32.282583674450045,82.06763344779351,918824,228,continuante,Pública,EDI,9.0,9.2,Campo Grande,-22.933228,-43.560292,165.0,0.0,282.9145666506886,278.5568159454994,253.43061452471105,True
0430807,EDI MARIA AMELIA CASTRO E SILVA BELFORT,54.28029100006215,58.50543465096274,91.88804104348492,31.317889879596482,83.07184511275328,430807,161,continuante,Pública,EDI,4.0,4.8,Bonsucesso (Maré),-22.856902,-43.239377,140.0,9.0,160.2495766103957,174.6725908569138,143.55199933543253,True
02001,CP CRECHE ESPACO SEMENTE,54.14274893142226,37.73527228523449,32.97230708784954,30.77114410980461,83.3685803134558,2001,62,continuante,Parceira,Creche Parceira,2.0,2.11,BOREL / TIJUCA,-22.93805743,-43.25208851,72.0,0.0,64.40389823181044,76.30434232170445,62.00930756001832,True
0313604,CM NOSSO CANTINHO,54.06865918450966,46.72495503335106,110.05559674436499,30.32455739176079,83.78299337292816,313604,111,continuante,Pública,Creche,3.0,3.3,Engenho Novo,-22.916705,-43.263264,113.0,3.0,145.43068387597285,162.72130832459865,130.27780046869174,True
0209610,CM FRANCISCO DE PAULA,53.713453440158275,47.16799745979262,87.68287503451134,30.14871051718825,83.2608071753787,209610,92,continuante,Pública,Creche,2.0,2.18,Vila Isabel,-22.91189,-43.24757,88.0,0.0,121.44374960542288,112.15818991864992,108.79121917972624,True
0918823,EDI PROFESSOR DERSU GABRIEL BICEGO,53.31364339943391,42.574402797767945,73.91389412360718,31.65676322295028,80.41274889297965,918823,147,continuante,Pública,EDI,9.0,9.7,Campo Grande,-22.882641,-43.538851,121.0,2.0,211.4239347148307,222.47772098617443,189.3920362798151,True
03009,CP CRECHE COMUNITARIA JOAO FERREIRA,52.78183878090936,50.26711578648708,18.186759120859683,30.024627592556676,81.28263296880804,3009,46,continuante,Parceira,Creche Parceira,3.0,3.23,RAMOS,-22.85752743,-43.26904816,61.0,0.0,38.91460845708968,45.04714185257251,37.45163216930124,True
0209609,CM PAPA JOAO PAULO II,52.78172438317783,41.706556403553336,92.56821322794238,29.032209313106538,82.51359252388298,209609,146,continuante,Pública,Creche,2.0,2.14,Grajaú,-22.929088,-43.26211,120.0,1.0,151.78136030575152,211.445767879422,135.96649420116586,True
0312801,EDI HENRIQUE FOREIS,52.72907955671141,52.610766371577995,68.79829349329414,30.348078061773638,80.74314626910072,312801,186,continuante,Pública,EDI,3.0,3.18,Inhaúma,-22.86323,-43.284779,139.0,16.0,198.5404592747761,262.00888628537075,177.85151078757326,True
0103604,CM SONHO INFANTIL,52.66432325504543,46.65471502330523,28.92860878682465,29.90364201849873,81.18481027289963,103604,107,continuante,Pública,Creche,1.0,1.1,Rio Comprido - Turano,-22.927155,-43.214382,72.0,1.0,97.46634798201616,142.49606096221916,87.31317582640898,True
10018,CP CRECHE ESCOLA COMUNITARIA SITIO ALEGRE,52.54347187992799,60.958036418776175,78.03597214911481,30.961330212117687,79.53718323531609,10018,244,continuante,Parceira,Creche Parceira,10.0,10.9,SEPETIBA,-22.95394,-43.68347,220.0,0.0,160.62044514490344,193.0591793681679,154.7104357442195,True
04043,CP ASSOCIACAO COMUNITARIA EDUCACIONAL FLORESCER,52.446317162164895,52.10394373898535,18.82381733980043,29.97850024071493,80.51947588226624,4043,104,continuante,Parceira,Creche Parceira,4.0,4.15,OLARIA,-22.84165972,-43.263427,86.0,0.0,102.17861763066882,122.27081359983968,98.403780526856,True
0918826,EDI PROFESSORA MARLY DOS SANTOS DE OLIVEIRA (MARLY MARINHO),52.04650877817065,44.8877313081615,134.88514506430806,30.76358745326445,78.65188736619048,918826,208,continuante,Pública,EDI,9.0,9.11,Cosmos,-22.895337,-43.603717,147.0,2.0,324.40451008677866,294.1854161800654,290.59572119706,True
0918827,EDI ATAULFO ALVES,51.83522374227304,44.36056188571976,224.68680051881904,30.67858101915678,78.28278187280357,918827,178,continuante,Pública,EDI,9.0,9.12,Cosmos,-22.894072,-43.611071,139.0,0.0,261.9066530814729,171.9146025802257,234.6125278351496,True
03029,CP CRECHE BRINCANDO COM JUNINHO,51.75835327742694,47.894390910116,22.723912873416737,28.817268065157833,80.43935762436513,3029,179,continuante,Parceira,Creche Parceira,3.0,3.1,ENGENHO DE DENTRO,-22.9102186,-43.2971967,86.0,1.0,184.9567263874777,222.47772098617443,178.1576195553794,True
0410807,EDI PROFESSORA TANIA DA ROCHA CORREA,51.59435202774215,50.977619221847675,124.62285611704543,29.43819625366824,79.28714817648898,410807,132,continuante,Pública,EDI,4.0,4.15,Olaria,-22.85273,-43.277416,74.0,4.0,189.01086077421155,154.44734349453432,169.31526018634202,True
0431605,CM SEMPRE VIDA DIQUE,51.37164138754069,48.90219041613882,118.91795407216355,29.201565108666443,79.09130088490794,431605,306,continuante,Pública,Creche,4.0,4.25,Jardim América,-22.802921,-43.323902,90.0,59.0,265.0842273408044,315.3299929680076,237.45887751061056,True
0208801,EDI IGOR MORAES DA SILVA,51.217229439897615,43.23219161946237,70.42958367803527,27.723394235690595,80.64230010612644,208801,70,continuante,Pública,EDI,2.0,2.11,Alto Boa Vista,-22.975728,-43.284476,108.0,3.0,82.31135164972882,88.25562485401962,73.73790623782848,True
0625610,CM ZUZU ANGEL,51.18525473500579,47.10643958719151,60.65960796943333,28.919916316239753,79.0525969220698,625610,110,continuante,Pública,Creche,6.0,5.9,Coelho Neto,-22.838585,-43.343128,47.0,0.0,108.57208070219536,111.23886049308722,97.26126848278383,True
0205801,EDI DONA MARCELA,51.09654210471869,47.243375586934484,44.73496806659107,24.912748982588926,84.04411483327621,205801,90,continuante,Pública,EDI,2.0,2.3,Leme,-22.960596,-43.167882,53.0,0.0,130.43792465844143,98.36824853520936,116.8478584077468,True
0107603,CM VOVO LUCIOLA,51.0463282711783,41.26324693249094,37.112913640569715,28.75951898132015,78.9989796928125,107603,130,continuante,Pública,Creche,1.0,1.3,Mangueira,-22.902712,-43.240861,93.0,0.0,125.49979440984016,133.3027667065921,112.42446954801544,True
0431802,EDI PROFESSOR CARLOS FALSETH,51.03320953868084,46.497829720510246,34.18757320013599,28.50107102816135,79.07332886283895,431802,158,continuante,Pública,EDI,4.0,4.26,Jardim América,-22.807508,-43.321322,56.0,0.0,242.8419808944732,195.81716764485603,217.5351224972732,True
04039,CP ASSOCIACAO CENTRO EDUCACIONAL REBRAL IX,51.02451745488844,47.26364351293008,36.31422887838312,29.000036538515555,78.62119816274661,4039,89,continuante,Parceira,Creche Parceira,4.0,4.19,PENHA CIRCULAR,-22.81753909,-43.27197276,124.0,0.0,79.48695866380045,94.69093083295854,76.54122187124464,True
0101801,EDI PARQUE DA ALEGRIA,50.8916528846485,45.523701983730234,145.98515303878548,28.91327207936146,78.47133644881403,101801,271,continuante,Pública,EDI,1.0,1.1,Caju,-22.884494,-43.23098,199.0,2.0,251.4915230913581,310.73334584019403,225.28305211301023,True
0209601,CM PIPA NO CEU,50.8716743963992,44.82316248677714,80.60256616197644,28.544385905792765,78.87284764655227,209601,101,continuante,Pública,Creche,2.0,3.2,Vila Isabel,-22.9068,-43.242383,87.0,0.0,121.2674057697788,112.15818991864992,108.63325709122395,True
1019611,CM CRIANCA FELIZ,50.86702376473926,53.15559418643089,28.32534374160373,30.366994093121868,76.50886683860155,1019611,51,continuante,Pública,Creche,10.0,10.12,Santa Cruz,-22.918625,-43.672089,40.0,0.0,51.15097029078287,67.11104806607742,45.82561571080186,True
08008,CP ASSOCIACAO DE MORADORES DO CONJUNTO PEDRO I E ADJACENCIAS,50.75127725015492,52.240877119134744,11.712769327207218,29.6902353369644,77.15443122607695,8008,45,continuante,Parceira,Creche Parceira,8.0,8.5,REALENGO,-22.88605,-43.42591,33.0,0.0,45.63479892620136,53.32110668263685,43.92615905745213,True
10061,CP CRECHE COMUNITARIA ESTRELA DO AMANHA,50.74991407801167,53.00193611032359,24.77578430262592,30.254725290924693,76.38078520225167,10061,113,continuante,Parceira,Creche Parceira,10.0,10.1,SANTA CRUZ,-22.93413,-43.66251,92.0,1.0,133.27118760614758,159.96332004791054,128.36036663729075,True
0833806,EDI PROFESSOR CRISTIANO PINTO DE MORAES BISPO,50.73076936840141,43.1385771850893,359.72248827950995,29.735739600617077,77.03280057527262,833806,324,continuante,Pública,EDI,8.0,8.7,Realengo,-22.895022,-43.447946,262.0,0.0,343.82675368457785,353.02249941607846,307.9934251441643,True
0918817,EDI PROFESSORA EUGENIA DE ALMEIDA AZEVEDO,50.56785444678344,39.65764431685655,248.69153898002412,30.14936845827272,76.11414479784045,918817,307,continuante,Pública,EDI,9.0,9.4,Campo Grande,-22.873566,-43.573069,184.0,0.0,341.70792463848414,352.10316999051577,306.09545901870274,True
10010,CP ESCOLA COMUNITARIA JARDIM ARCO-IRIS,50.22517869266771,52.04177758410127,32.52482099107126,29.92080675698115,75.6226861069218,10010,95,continuante,Parceira,Creche Parceira,10.0,10.11,SANTA CRUZ,-22.93673,-43.66903,115.0,1.0,84.01984773721698,100.20690738633476,80.90848460522885,True
0918814,EDI PROFESSOR NESTOR MANOEL PINTO,50.180281620160926,40.42620246721217,158.0948003347463,29.780550118621253,75.71267698974722,918814,177,continuante,Pública,EDI,9.0,9.17,Campo Grande,-22.922822,-43.54117,136.0,18.0,220.95475692710684,205.01046190048305,197.929382956851,True
0103804,EDI ZELIA GATTAI AMADO,50.03239708831989,43.871439874023444,40.12964136066856,28.093275913022328,77.55159681959798,103804,73,continuante,Pública,EDI,1.0,1.11,Rio Comprido,-22.926867,-43.200934,69.0,0.0,68.92532140120822,71.70769519389093,61.74720813984563,True
02054,CP UNIAO DE MULHERES PRO-MELHORAMENTO DA ROUPA SUJA,49.92919809302039,61.755912498094865,16.883543379363843,28.58303508604822,76.5850875002727,2054,78,continuante,Parceira,Creche Parceira,2.0,2.6,ROCINHA,-22.99003892,-43.24550019,57.0,0.0,77.22174307072886,91.93294255627043,74.35877581246562,True
0514801,EDI DEPUTADO PEDRO FERNANDES,49.91416686483686,44.90671720114184,142.10145582068498,28.671109178836325,76.5019637281128,514801,123,continuante,Pública,EDI,5.0,5.3,Irajá,-22.823514,-43.320473,96.0,0.0,245.4897685843904,176.51124970803923,219.90690960534545,True
1019801,EDI SARGENTO IZO GOMES PATRICIO,49.80763273246227,44.252124620512745,92.08909933543788,29.585196438176403,75.0841445506469,1019801,217,continuante,Pública,EDI,10.0,10.5,Paciência,-22.913409,-43.656075,168.0,1.0,236.48740801495308,223.39705041173715,211.8429387518688,True
03035,CP CENTRO EDUCACIONAL SAO VICENTE DE PAULO,49.74385595705265,55.62123107013585,10.212557383832358,28.5676692909561,76.29879449741058,3035,76,continuante,Parceira,Creche Parceira,3.0,3.19,INHAÚMA,-22.86558896,-43.27640855,67.0,1.0,97.63535375729472,116.75483704646346,94.02651248294124,True
0107609,CM VASQUINHO,49.679083545989826,45.411187806796974,133.98959143195248,28.21714572597894,76.61983541524054,107609,239,continuante,Pública,Creche,1.0,1.4,São Cristóvão,-22.886432,-43.227433,142.0,0.0,220.7782560405681,222.47772098617443,197.77128020126213,True
10037,CP CAAD - COMITE DE ATENDIMENTO A CRIANCA E AO ADOLESCENTE,49.67356877571975,51.94266515481344,25.04821937690468,29.590258782950585,74.7927320259522,10037,71,continuante,Parceira,Creche Parceira,10.0,10.14,SANTA CRUZ,-22.89778,-43.6834,80.0,0.0,63.651032199515,75.38501289614175,61.28395335091778,True
02022,CP CRECHE CHAPEUZINHO MARROM,49.6512601478943,35.8279730928718,12.608635026812962,27.813502456129473,76.99224310681664,2022,49,continuante,Parceira,Creche Parceira,2.0,2.12,TURANO / RIO COMPRIDO,-22.92403522,-43.21549246,42.0,0.0,52.37734332446863,61.5950715127012,50.42226297447405,True
10078,CP CRECHE COMUNITARIA CRIANCA FELIZ,49.62817671866371,52.782440818304124,18.112394434664445,29.585309922239894,74.69354651133621,10078,72,continuante,Parceira,Creche Parceira,10.0,10.1,SANTA CRUZ,-22.94064,-43.67972,38.0,1.0,58.38517425341227,68.94970691720282,56.21053009607304,True
0313602,CM ACONCHEGO,49.598745268923984,42.816896633369424,53.39120062406055,27.936596209719365,76.63981764852429,313602,76,continuante,Pública,Creche,3.0,3.5,Lins de Vasconcelos,-22.914311,-43.284815,95.0,0.0,113.68512069780571,76.30434232170445,101.8413349867826,True
10029,CP ASSOCIACAO DE MORADORES DAS MORADAS DO IMPERIO,49.399640120597624,51.22394528128897,29.76605837758182,29.42736874157653,74.38298550263428,10029,65,continuante,Parceira,Creche Parceira,10.0,10.1,SANTA CRUZ,-22.91704,-43.69961,75.0,0.0,71.93976587894677,85.4976365773315,69.26980252951967,True
0622805,EDI MEDALHISTA OLIMPICO MAURICIO LUIZ DE SOUZA,49.20350722984586,42.90772562193768,141.04736136539898,28.463194599012873,75.22229144811564,622805,155,continuante,Pública,EDI,6.0,6.18,Anchieta,-22.822348,-43.41374,97.0,2.0,250.0793330216428,236.26766236961504,224.0180661743276,True
0716611,CM VITORINO FREIRE,48.968162588327424,50.87492410916504,120.24573111228482,26.627312929403907,77.09800064000457,716611,241,continuante,Pública,Creche,7.0,7.1,Vila Valqueire,-22.884513,-43.372318,61.0,39.0,288.38744208612087,234.4290035184896,258.3330073216867,True
0209607,CM SOLANGE MARIA MAGALHAES,48.679323452402265,43.795961705980304,36.42975807600253,27.41601891204909,75.32556008621269,209607,71,continuante,Pública,Creche,2.0,2.18,Vila Isabel,-22.913574,-43.252219,42.0,0.0,109.1009920548224,118.59349589758888,97.73504713232344,True
03001,CP ASSOCIACAO PRESBITERIANA CUIDANDO DO AMANHA - APCA,48.57692603390799,43.72198296431131,29.63882232838958,27.122714465926226,75.41496438008645,3001,161,continuante,Parceira,Creche Parceira,3.0,3.1,ENGENHO DE DENTRO,-22.91589597,-43.29810565,83.0,25.0,152.26000501994244,182.9465556869781,146.6554370908323,True
02014,CP CRUZADA PELA INFANCIA DO LEME,48.44748813643676,45.524447956382225,13.235382532997614,27.08750156105658,75.27170157601314,2014,114,continuante,Parceira,Creche Parceira,2.0,2.3,COPACABANA,-22.96098248,-43.17907823,58.0,15.0,89.3119833908732,106.6422133652737,86.00725566889915,True
1019631,CM TIA HILDA MACEDO,48.440744057013454,42.20286893568294,64.65609732732838,28.80910799194815,72.98300052515407,1019631,147,continuante,Pública,Creche,10.0,10.5,Santa Cruz,-22.911349,-43.654573,95.0,1.0,165.18968356691778,112.15818991864992,147.97715867424148,True
02019,CP UNIDAS - OBRAS SOCIAIS UNIDAS DE SANTA MARTA,48.1205526309363,43.89755643040865,9.538096040300772,26.07587407769916,75.91662015390645,2019,45,continuante,Parceira,Creche Parceira,2.0,2.1,BOTAFOGO,-22.94739012,-43.1940714,40.0,0.0,49.3782833541845,57.91775381045038,47.532814914727496,True
0206606,CM ELZA MACHADO DOS SANTOS - TIA ELZA,48.081631837472315,41.16499055151303,140.02605335273157,26.55511101103001,75.17244065780424,206606,196,continuante,Pública,Creche,2.0,2.4,Ipanema,-22.981527,-43.196355,104.0,0.0,195.0109109782937,240.86430949742856,174.68987614757813,True
02038,CP CRECHE CHACARA DO CEU,48.031367580069244,40.265584567620635,12.126891202508054,27.334915000852373,73.95854548229038,2038,45,continuante,Parceira,Creche Parceira,2.0,2.11,TIJUCA,-22.93697965,-43.25635225,59.0,0.0,69.67770811200612,82.73964830064338,67.09040241746496,True
02011,CP SOCIEDADE CIVIL DE ASSISTENCIA A MENORES - CASA DA DINDA,47.96847964318029,41.94537873861458,5.456008273952015,26.921758035469352,74.33605074328452,2011,80,continuante,Parceira,Creche Parceira,2.0,2.15,VILA ISABEL,-22.91421868,-43.25481999,45.0,12.0,109.755169305876,131.46410785546672,105.70351366590609,True
0313606,CM CANTINHO DO QUETO,47.940437956397346,44.1560692673002,56.74254989322275,26.203836845471756,75.2524380645877,313606,73,continuante,Pública,Creche,3.0,3.2,Sampaio,-22.904185,-43.261677,83.0,0.0,116.68264835634172,111.23886049308722,104.5264060795826,True
0103805,EDI BEATRIZ VICENCIA BANDEIRA RYFF,47.93176443787823,38.49452847060198,32.41521161526221,26.557932479924162,74.76642748674645,103805,86,continuante,Pública,EDI,1.0,1.9,Estácio,-22.919861,-43.205131,45.0,0.0,130.61429296613375,139.73807268553105,117.00584241483377,True
0330602,CM NOVA BRASILIA,47.829396469040844,48.09347971279618,144.5736590154069,27.2878090412239,73.58115999254173,330602,258,continuante,Pública,Creche,3.0,3.21,Bonsucesso,-22.865662,-43.270293,143.0,29.0,279.0306448099844,313.4913341168822,249.95154567064097,True
0918808,EDI PROFESSORA MARTA REGINA PERROTA,47.673925985951456,38.08602282487032,197.3131861276326,28.34860476079059,71.8568516929646,918808,206,continuante,Pública,EDI,9.0,9.2,Campo Grande,-22.929639,-43.566393,129.0,11.0,253.0802459580401,234.4290035184896,226.70616938967905,True
0208606,CM DOUTOR RONALDO LUIZ GAZOLLA,47.67249505295046,40.64494531999762,36.86506518473837,27.41726059362159,73.02001064916007,208606,48,continuante,Pública,Creche,2.0,2.13,Tijuca,-22.94015,-43.24459,58.0,0.0,86.53994817019353,75.38501289614175,77.5257223523388,True
02041,CP CRECHE E PRE-ESCOLA COMUNITARIA DO 199 PINGO DE GENTE,47.65008012853636,57.053070340675994,16.773493099227785,26.946405978613328,73.56019733595637,2041,80,continuante,Parceira,Creche Parceira,2.0,2.5,ROCINHA,-22.98565589,-43.24294428,44.0,7.0,32.9663561439632,37.69250644807087,31.72087697508164,True
01005,CP CASA MATERNAL CORACAO DE MAE,47.54906647015542,34.707011473653665,10.35390707387716,26.603007547713105,73.74221470005531,1005,48,continuante,Parceira,Creche Parceira,1.0,1.7,RIO COMPRIDO,-22.92507123,-43.21432426,40.0,9.0,33.70830538209262,38.61183587363358,32.43569330961425,True
10023,CP CRECHE ESCOLA SOSSEGO DA MAMAE,47.51790962725153,49.69493445589426,30.373834526142772,28.31203437041849,71.53898703068734,10023,90,continuante,Parceira,Creche Parceira,10.0,10.11,SANTA CRUZ,-22.89736,-43.67945,99.0,0.0,90.06830785982662,107.5615427908364,86.73594576611752,True
10063,CP CRECHE COMUNITARIA UNIVERSO INFANTIL,47.44240914718299,41.03636495716263,76.39780450284678,28.13031663256549,71.5880504114873,10063,313,continuante,Parceira,Creche Parceira,10.0,10.28,GUARATIBA,-22.96041,-43.64983,124.0,23.0,246.6300362171844,296.9434044567535,237.57779894282888,True
0918621,CM ELIZABETH TAVARES DE SOUZA - BETINHA,47.303898278704715,37.20180253033695,128.82494598207631,28.040278133271833,71.4061651841607,918621,217,continuante,Pública,Creche,9.0,9.4,Campo Grande,-22.884107,-43.531443,118.0,2.0,268.4383708909417,237.18699179517773,240.4633912120529,True
02016,CP CASA MATERNAL MELLO MATTOS,46.74373184798833,40.66456473298461,34.67788045635521,23.253105894546735,76.03489023682818,2016,184,continuante,Parceira,Creche Parceira,2.0,2.6,JARDIM BOTÂNICO,-22.96076836,-43.22089458,108.0,0.0,159.10014804127903,191.2205205170425,153.24568126879169,True
07002,CP CRECHE CANTINHO FELIZ,46.72451217932502,47.61064002181019,39.67583442856543,26.32718752550402,72.23246945561903,7002,220,continuante,Parceira,Creche Parceira,7.0,7.25,VARGEM GRANDE,-22.99539,-43.49488,109.0,1.0,231.39447984418223,278.5568159454994,222.8988450299873,True
0103602,CM DIREITOS HUMANOS,46.66335672899112,41.141231774911844,41.56924720926622,26.16806418693566,72.39519216632564,103602,87,continuante,Pública,Creche,1.0,1.11,Rio Comprido,-22.931337,-43.201233,65.0,0.0,79.1403158103053,83.65897772620609,70.8974127386187,True
0918615,CM MARCELO CARDOSO TOME,46.633235743312376,39.507410817032316,92.35231247160085,27.477967002909633,70.61196870736615,918615,122,continuante,Pública,Creche,9.0,9.11,Inhoaíba,-22.907751,-43.603988,116.0,0.0,132.2016272627767,164.55996717572407,118.42771596858069,True
10033,CP PROJETO QUEBRA CABECA,46.605330844079404,56.93674805209099,28.25316849995797,27.40933940921908,70.61318202948362,10033,69,continuante,Parceira,Creche Parceira,10.0,10.9,SEPETIBA,-22.98573,-43.69129,107.0,17.0,59.13696347468956,69.86903634276553,56.93484540128648,True
1026803,EDI PADRE CARLOS HENRIQUE DE SOUZA,46.338957436205924,57.700487629672715,76.01875189266123,27.464830226008505,69.97438911326444,1026803,99,continuante,Pública,EDI,10.0,10.26,Guaratiba,-22.963643,-43.610407,93.0,0.0,126.20521952945082,106.6422133652737,113.05636248512992,True
08002,CP CRECHE ESPIRITA FRANCISCO DE ASSIS,46.33185752944691,39.38177141994277,12.400804476398562,26.913415007954207,70.65219925859925,8002,71,continuante,Parceira,Creche Parceira,8.0,8.5,REALENGO,-22.86123,-43.4272,35.0,0.0,55.37975513817646,65.272389214952,53.314945611364216,True
03034,CP CRECHE RISCO E RABISCO,46.30336052864362,45.92531089754602,23.29849778642675,25.557191338715384,72.3590064902506,3034,129,continuante,Parceira,Creche Parceira,3.0,3.9,PILARES,-22.8778187,-43.30045718,100.0,5.0,115.8199864247535,138.81874325996836,111.54674804393991,True
1026604,CM JOSEPHA FERREIRA DA COSTA,45.9933742302235,38.896946420561605,310.2707939962712,27.304968005827725,69.36805804236673,1026604,319,continuante,Pública,Creche,10.0,10.28,Guaratiba,-22.954726,-43.582599,286.0,25.0,304.45346718463645,364.0544525228309,272.7243389952052,True
03031,CP ESCOLA COMUNITARIA JARDIM ARCO-IRIS - UNIDADE I,45.97076939108566,34.2465380999038,30.841561188879076,25.274910527153793,71.85996107477874,3031,110,continuante,Parceira,Creche Parceira,3.0,3.4,MÉIER,-22.9067521,-43.28005184,77.0,12.0,116.57829359327764,139.73807268553105,112.27735002899789,True
0411605,CM CARACOL,45.94290241432799,45.18321979186509,43.983118080137025,26.451712417125528,70.26256124794743,411605,101,continuante,Pública,Creche,4.0,4.18,Penha,-22.844111,-43.289449,52.0,1.0,137.3166021540364,139.73807268553105,123.0095154706621,True
0514601,CM TIO SEBASTIAO XAVIER,45.8326513175047,40.881296095756866,71.569306826689,24.36727555002264,72.97749878849311,514601,72,continuante,Pública,Creche,5.0,5.1,Vila Kosmos,-22.849085,-43.303981,91.0,7.0,118.26963932720004,110.31953106752452,105.94797213135352,True
10064,CP CRECHE COMUNITARIA CORACAO DE MAE,45.82507488399993,39.62605827712343,84.3453410285945,27.1614183302881,69.15966769483866,10064,269,continuante,Parceira,Creche Parceira,10.0,10.18,PACIÊNCIA,-22.88824,-43.63861,145.0,30.0,215.4019957043845,259.2508980086826,207.49061805511235,True
05004,CP CRECHE CASULO SAO RAFAEL ARCANJO,45.79034438885217,43.44841829627143,18.512894832059963,23.84482993816757,73.05291447250538,5004,72,continuante,Parceira,Creche Parceira,5.0,5.3,VISTA ALEGRE,-22.83134416,-43.31817674,50.0,0.0,75.71208666111399,90.09428370514502,72.90428180639289,True
0313609,CM RECANTO DA CACHOEIRA,45.61807773005644,39.58442497999681,77.60590828010257,25.66601679378961,70.56084501780441,313609,128,continuante,Pública,Creche,3.0,3.5,Lins de Vasconcelos,-22.919202,-43.284753,120.0,9.0,140.1388013160628,144.33471981334458,125.5375338714668,True
06005,CP CRECHE DON GUANELLA,45.513552525667436,49.60363455245653,13.724707258154318,26.293874119395394,69.53850923747791,6005,132,continuante,Parceira,Creche Parceira,6.0,6.12,ANCHIETA,-22.81704,-43.39683,59.0,0.0,123.40495620889992,148.01203751559538,118.8545979819405,True
03023,CP LAR DE MARIA DOLORES,45.51057331142022,34.612082376822976,18.901924073787402,24.27597627975284,72.05068037157993,3023,49,continuante,Parceira,Creche Parceira,3.0,3.1,ROCHA,-22.9032269,-43.24715835,45.0,1.0,40.40569553712072,46.88580070369792,38.8882065446787,True
0918825,EDI PROFESSORA TERESINHA DE JESUS SIQUEIRA BROWN,45.426206509413845,36.45376193853021,97.7586467717085,26.920328263746683,68.58483698200814,918825,231,continuante,Pública,EDI,9.0,9.7,Campo Grande,-22.875422,-43.536818,184.0,8.0,288.5639879116234,299.7013927334416,258.49115032953074,True
08006,CP FUNDACAO CASA DA JOANINHA - CRECHE,45.35321691205348,48.63291639304105,24.334347703463617,25.251009576001778,70.65727767843435,8006,134,continuante,Parceira,Creche Parceira,8.0,8.5,MAGALHÃES BASTOS,-22.8683,-43.42191,50.0,7.0,111.27109169400504,133.3027667065921,107.16405045855949,True
04037,CP CRECHE ESCOLA MIMI II,45.34763565609748,43.05763891307694,30.490857995529552,25.76265267544552,69.90976976868876,4037,92,continuante,Parceira,Creche Parceira,4.0,4.11,RAMOS,-22.85054855,-43.24136999,94.0,0.0,83.26414955019305,99.28757796077208,80.18039850683797,True
09012,CP CRECHE COMUNITARIA TIA NEIDE - CAMPO GRANDE,45.29690622868647,36.612438604279646,68.82142863714915,26.898612699689835,68.31570758638604,9012,170,continuante,Parceira,Creche Parceira,9.0,9.18,CAMPO GRANDE,-22.87946,-43.61508,147.0,0.0,181.15286936028892,217.8810738583609,174.49273134440725,True
10028,CP CRECHE CASULO AGOSTINHO - VERIDIANA,45.26836401081716,46.644217008051484,42.11122972004741,26.896100002550668,68.2457489608454,10028,124,continuante,Parceira,Creche Parceira,10.0,10.11,SANTA CRUZ,-22.94825,-43.66536,139.0,1.0,119.6119528867241,143.41539038778183,115.2001731619435,True
1019827,EDI MEDALHISTA OLIMPICA POLIANA OKIMOTO,45.26706921518411,46.74877163263581,106.70005764648684,26.961879697199848,68.159534421786,1019827,200,continuante,Pública,EDI,10.0,10.15,Santa Cruz,-22.933612,-43.65972,97.0,0.0,223.0727794356063,235.34833294405232,199.82662665594103,True
0625608,CM MAJOR CELESTINO R. DOS SANTOS,45.21079652029458,40.790489439896554,125.97593975344455,25.664568926727544,69.64175562702012,625608,184,continuante,Pública,Creche,6.0,6.3,Conj. Hab. Amarelinho - Irajá,-22.826122,-43.338803,117.0,7.0,166.60118266380252,193.9785087937306,149.24152571113316,True
03018,CP FRATERNIDADE ASSISTENCIAL CRISTA,44.817319735324915,34.39262178970788,14.47409964171706,24.995689035835472,69.57182806416378,3018,42,continuante,Parceira,Creche Parceira,3.0,3.3,ENGENHO NOVO,-22.89988423,-43.26966169,43.0,1.0,42.6448892956832,49.643788980386034,41.04554264473595,True
0103802,EDI LILY MARINHO,44.76934231565953,39.333553203097374,101.4466093908215,24.860610942290254,69.7573974719163,103802,175,continuante,Pública,EDI,1.0,1.8,Catumbi,-22.919001,-43.193367,104.0,0.0,204.54086396854345,227.074368113988,183.2264442635364,True
04026,CP CRECHE ESCOLA PATINHO ESTUDIOSO,44.37876989229453,42.290381843194936,17.703146213417906,25.507072346079834,68.02494799969753,4026,40,continuante,Parceira,Creche Parceira,4.0,4.21,PARADA DE LUCAS,-22.86201813,-43.23874525,45.0,0.0,44.13926110665887,51.48244783151144,42.4852880857458,True
0918836,EDI MEDALHISTA OLIMPICO RAFAEL CARLOS DA SILVA,44.20620365279549,37.455008935460285,155.88968722350694,25.87493536330011,67.10919198605939,918836,325,continuante,Pública,EDI,9.0,9.7,Santíssimo,-22.875386,-43.533794,185.0,6.0,402.4509536346108,427.4881828866575,360.506744041528,True
0328604,CM DA COMUNIDADE DO JACAREZINHO,43.776316813723575,39.63708839066003,84.15367841924537,24.2802849434977,68.26461363794331,328604,201,continuante,Pública,Creche,3.0,3.13,Jacarezinho,-22.888592,-43.263362,145.0,7.0,228.8974516383038,277.6374865199367,205.0441456284,True
0817611,CM TIA ELZA,43.65054430905771,36.23616623771851,18.83907866921053,25.742751290849412,66.08371045496085,817611,99,continuante,Pública,Creche,8.0,8.16,Padre Miguel,-22.868855,-43.455452,80.0,0.0,111.74563222323874,107.5615427908364,100.10401508137151,True
0313601,CM VILA DOS MINEIROS,43.45207665907685,36.820337490683734,46.273352961268294,24.638668508843082,67.0572228549233,313601,102,continuante,Pública,Creche,3.0,3.9,Piedade,-22.876109,-43.305279,60.0,1.0,135.9055402909092,131.46410785546672,121.74554005292389,True
09018,CP ESPACO DE DESENVOLVIMENTO CARIOQUINHA,43.403388897017486,36.75086681398982,39.348149498018415,25.67327719821361,65.57511162860465,9018,213,continuante,Parceira,Creche Parceira,9.0,9.13,COSMOS,-22.92836,-43.60332,124.0,0.0,164.42158916138794,197.65582649598144,158.3727087391214,True
07010,CP CRECHE NOVA ESPERANCA,43.394886390937536,37.793786105021965,20.436394858800043,24.963619702439743,66.50419962473718,7010,88,continuante,Parceira,Creche Parceira,7.0,7.7,FREGUESIA / JACAREPAGUÁ,-22.94445,-43.34162,83.0,0.0,114.30350519361473,136.98008440884294,110.08567241271032,True
03032,CP NUCLEO RECREATIVO RAIOZINHO DE SOL,42.97870021426618,42.80922166838188,25.62162066931374,23.632069103508258,67.29852089999017,3032,188,continuante,Parceira,Creche Parceira,3.0,3.9,PILARES,-22.88210436,-43.2935604,31.0,21.0,178.11011107248265,214.2037561561101,171.5611363023552,True
1019603,CM JARDIM DOS VIEIRAS,42.93847372261976,41.96621941665483,41.11609848244546,25.439630897674547,64.82323650924207,1019603,137,continuante,Pública,Creche,10.0,10.19,"Jardim dos Vieiras, Paciência",-22.924192,-43.628443,49.0,0.0,117.21164047974018,137.89941383440564,105.00025707114216,True
0410803,EDI JOAQUIM VENANCIO,42.937802095105546,47.11898787820786,10.982676699141354,23.949276367003886,66.80296778701279,410803,68,continuante,Pública,EDI,4.0,3.14,Bonsucesso,-22.875506,-43.25493,64.0,0.0,67.34067182313174,65.272389214952,60.32773906457388,True
0430802,EDI PROFESSORA KELITA FARIA DE PAULA,42.852433135570294,39.73163002570256,70.51742851947841,24.613247954628108,65.67286297020487,430802,87,continuante,Pública,EDI,4.0,4.7,Bonsucesso (Maré),-22.865546,-43.243179,121.0,5.0,194.48148544191264,241.7836389229913,174.21563695998296,True
0724605,CM SEBASTIAO BERNARDES DE SOUZA PRATA,42.82184237217892,37.59902272039245,81.67108472675969,24.32846696043494,66.04010129048957,724605,267,continuante,Pública,Creche,7.0,7.26,Vargem Grande,-22.991385,-43.432685,135.0,23.0,362.72003636601016,457.8260539302268,324.9173060788733,True
1019621,CM SEMPRE VIDA ESTRELA DO ALAGADO,42.81517420307696,44.095746928091685,24.390065838160105,25.135368347291152,64.90118739054175,1019621,48,continuante,Pública,Creche,10.0,10.23,Sepetiba,-22.974872,-43.693244,40.0,0.0,90.41666591890808,57.91775381045038,80.99833875510511,True
0716804,EDI RODRIGO LOPES (TIKINHO),42.519653955012835,37.56636578834154,23.99243902081532,24.955531928360635,64.50585307109685,716804,148,continuante,Pública,EDI,7.0,7.11,Curicica,-22.945659,-43.378626,56.0,10.0,157.0739130561263,183.86588511254087,140.70736107035026,True
1026805,EDI MEDALHISTA OLIMPICO IZAQUIAS QUEIROZ DOS SANTOS,42.47788785368835,36.06417686689016,345.88798238611156,25.180255867140946,64.11525653470673,1026805,330,continuante,Pública,EDI,10.0,10.25,Guaratiba,-22.942744,-43.582757,189.0,70.0,348.5941521907166,350.2645111393903,312.26387862187124,True
0833803,EDI FREI ORLANDO,42.46735877490506,35.11468351704735,111.86168333802416,23.176708680191325,66.75192246915394,833803,192,continuante,Pública,EDI,8.0,8.14,Vila Militar,-22.859927,-43.390942,93.0,0.0,257.6699424914717,189.38186166591709,230.8174442784949,True
1026802,EDI PROFESSOR MARCOS FLAMINIO PORTUGAL PINTO,42.46211369423395,37.874075970099305,102.46181923052616,24.957970250718965,64.32470575006818,1026802,387,continuante,Pública,EDI,10.0,10.24,Pedra de Guaratiba,-22.981152,-43.644506,123.0,69.0,420.99288011023566,364.0544525228309,377.1158934465724,True
10009,CP JARDIM ESCOLA ERNESTO FAGUNDES VARELA,42.299394119200656,49.66474145531076,26.504703142057753,24.9147894272866,64.03745328558281,10009,68,continuante,Parceira,Creche Parceira,10.0,10.9,SEPETIBA,-22.96847,-43.70721,70.0,0.0,68.92392541263105,81.82031887508069,66.3641639038204,True
09039,CP CRECHE COMUNITARIA ESTRELINHA DO SABER,42.26346395252478,33.44372306375149,24.205775304400547,25.111797416209868,63.72680921003813,9039,140,continuante,Parceira,Creche Parceira,9.0,9.18,CAMPO GRANDE,-22.93345,-43.56384,50.0,1.0,153.77986303297942,184.7852145381036,148.11976828215876,True
0411603,CM MORRO DA PAZ,42.2545541201049,39.46606161298809,84.77313073736826,23.96109761566048,65.18666341024354,411603,108,continuante,Pública,Creche,4.0,4.19,Praça Do Carmo/Penha,-22.843652,-43.29655,95.0,0.0,115.4483526346448,131.46410785546672,103.4207709918837,True
0716816,EDI DEBRET,42.090043665927226,43.79126860516249,99.4495788096998,22.86517937329234,66.30989823688424,716816,240,continuante,Pública,EDI,7.0,7.1,Vila Valqueire,-22.879869,-43.367359,48.0,64.0,297.0382911773645,242.70296834855395,266.0821075395904,True
0411803,EDI MARIA DE LOURDES FERREIRA,41.90131440283463,39.748396094294144,74.55236723766791,23.854172000213225,64.50123932247328,411803,96,continuante,Pública,EDI,4.0,4.19,PENHA,-22.84136,-43.288855,58.0,0.0,159.19101144216486,147.0927080900327,142.6037770412924,True
0833801,EDI GESSICA GUEDES PEREIRA,41.89011587480926,35.19192636636864,70.97092486109814,24.25565029433769,63.98075139874801,833801,69,continuante,Pública,EDI,8.0,8.2,Realengo,-22.88766,-43.410707,89.0,0.0,125.8525060283355,103.88422508858558,112.7404151734808,True
0833809,EDI PROFESSORA MARIA CECILIA FERREIRA,41.77542748766919,35.00615573520218,145.96883228710553,24.39545215109149,63.54411262391524,833809,157,continuante,Pública,EDI,8.0,8.24,Realengo,-22.859369,-43.44396,130.0,0.0,221.30775915914668,193.0591793681679,198.2455888791228,True
04013,CP RECANTO DA CRIANCA FELIZ,41.748058089560026,38.52236664548356,35.448359833064416,23.84703976884754,64.16759368429956,4013,87,continuante,Parceira,Creche Parceira,4.0,4.11,RAMOS,-22.84581315,-43.24890236,80.0,11.0,84.7756290282936,101.12623681189748,81.63665085315633,True
1019810,EDI PROFESSORA ROSELE NICOLAU JORGE COUTINHO,41.46599137978369,43.16678453860175,44.3118908813984,24.739163422592764,62.388604357868985,1019810,51,continuante,Pública,EDI,10.0,10.12,Santa Cruz,-22.914425,-43.671305,46.0,0.0,40.42919872061272,35.853847596945464,36.22145434486624,True
0918604,CM VERA PACHECO JORDAO,41.34149632953972,33.786853491284575,45.90320602636453,24.402298733390186,62.554874500931646,918604,48,continuante,Pública,Creche,9.0,9.21,Campo Grande,-22.914584,-43.58532,62.0,0.0,74.91287187971731,64.3530597893893,67.11062888360321,True
10070,CP PEDACINHO DO CEU,41.15720753926469,41.39463549955458,24.206387428225007,24.48369619948406,62.008615582031624,10070,121,continuante,Parceira,Creche Parceira,10.0,10.15,SANTA CRUZ,-22.93288,-43.65333,45.0,0.0,120.3704726696886,144.33471981334458,115.93098014375047,True
0724808,EDI AMOR,40.85255937094636,32.24471525689057,74.2528409802927,23.68837994087351,62.42867219363062,724808,150,continuante,Pública,EDI,7.0,7.28,Recreio dos Bandeirantes,-23.024193,-43.478971,57.0,1.0,202.42304986686983,184.7852145381036,181.32938723447413,True
0204806,EDI IRMA MARGARITA ALARCON,40.693833208323184,34.77352030266545,64.18493845598506,22.050948551388426,64.230372931164,204806,133,continuante,Pública,EDI,2.0,2.2,Laranjeiras,-22.931115,-43.190496,71.0,0.0,178.24668150969592,159.96332004791054,159.67311920825833,True
04028,CP CRECHE TIA NANE I,40.67149089890352,41.71835893592059,16.44717776872569,23.346117013889398,62.38722028476931,4028,92,continuante,Parceira,Creche Parceira,4.0,4.11,RAMOS,-22.84333434,-43.25027488,72.0,4.0,97.63535375729462,116.75483704646346,94.02651248294131,True
0107608,CM SAMORA MACHEL,40.635101862767755,32.04254331583658,65.75052595628918,22.96863808702164,62.73603195589194,107608,138,continuante,Pública,Creche,1.0,1.2,Benfica,-22.884162,-43.248667,54.0,28.0,110.86407026771138,171.9146025802257,99.3143454552634,True
0209606,CM WINNIE MANDELA,40.58862535840679,35.37259035219695,45.80514500072579,22.63667133173042,63.25899068710005,209606,55,continuante,Pública,Creche,2.0,2.14,Andaraí - Morro do Andaraí,-22.932545,-43.257283,77.0,0.0,71.21448159580993,91.93294255627043,63.797751101045954,True
1120802,EDI NEUSA MARIA GOULART BRIZOLA,40.56084552631535,38.40794911355804,54.52230546494812,21.521593214421504,64.60411045980307,1120802,197,continuante,Pública,EDI,11.0,11.5,Bancários - Ilha do Governador,-22.788537,-43.185002,71.0,6.0,235.42832912907969,242.70296834855395,210.89425632436908,True
0918607,CM SONHO FELIZ,40.53217105700462,32.79710903633581,229.12287809448324,23.86861925878827,61.400905011727545,918607,316,continuante,Pública,Creche,9.0,9.1,Campo Grande,-22.854592,-43.528906,196.0,14.0,315.7530545358017,411.8595826520916,282.8460777616811,True
0716601,CM OTAVIO HENRIQUE DE OLIVEIRA,40.48487299254427,38.94965467145861,499.8719623731987,23.429545585760614,61.86965353107645,716601,892,continuante,Pública,Creche,7.0,7.22,Jacarepaguá,-22.974934,-43.331015,145.0,560.0,747.3833268272062,1034.2456037580423,669.4839855696122,True
0724809,"EDI UGOCIONE JOSE DE MEDEIROS ""SEU UGO""",40.39703981824128,39.007465417206866,56.73474566634745,22.556084225253244,62.79795795165937,724809,72,continuante,Pública,EDI,7.0,7.25,Vargem Pequena,-22.979894,-43.462745,32.0,20.0,91.82649269949732,97.44891910964664,82.26120798052283,True
0918812,EDI PROFESSOR JORGE EUCLIDES PEREIRA NUNES,40.26161340584944,33.25098098886773,100.03647443820819,23.7645371422644,60.91633081089091,918812,85,continuante,Pública,EDI,9.0,9.11,Inhoaíba,-22.90191,-43.600159,140.0,0.0,118.44597434235251,126.8674607276532,106.10592631975749,True
09010,CP CRECHE JARDIM ESCOLA RIO DA PRATA,40.16025811999421,34.45733401818245,40.60623136980015,23.781217385965192,60.660063131771224,9010,153,continuante,Parceira,Creche Parceira,9.0,9.18,CAMPO GRANDE,-22.9164,-43.5345,127.0,0.0,173.5465426360132,208.68777960273388,167.16429221592375,True
09037,CP CRECHE COMUNITARIA AURINA,40.005302290322035,33.97572533062508,12.026232389697618,23.81191433243754,60.27204840968237,9037,56,continuante,Parceira,Creche Parceira,9.0,9.18,CAMPO GRANDE,-22.91974,-43.55759,76.0,0.0,71.93976587894677,85.4976365773315,69.26980252951967,True
1120601,CM STELLA MARIS,39.96476282268883,29.811487465681793,181.42146233714212,22.533865765753013,61.80675243742044,1120601,289,continuante,Pública,Creche,11.0,11.1,Ilha do Governador,-22.80497,-43.239865,127.0,132.0,266.31996002021043,362.2157936717055,238.5657996538717,True
02006,CP CRECHE PRE-ESCOLA COMUNITARIA DOIS IRMAOS,39.94664770224826,43.65325184282498,14.057637051074272,22.54165359542986,61.66391103736627,2006,73,continuante,Parceira,Creche Parceira,2.0,2.6,ROCINHA,-22.98736693,-43.24550193,73.0,0.0,73.44837173913737,87.3362954284569,70.7232832085773,True
02061,CP CRECHE INSTITUTO MACINTYRE,39.89936831235501,35.48869721619159,19.862737408903246,21.90067698979649,62.45167324058909,2061,60,continuante,Parceira,Creche Parceira,2.0,2.3,COPACABANA,-22.98024935,-43.19492368,70.0,0.0,67.41673020480314,79.98166002395527,64.91204398461065,True
10020,CP CASA MATERNAL NOSSA SENHORA DE NAZARE,39.728040407001615,40.12612348911334,45.2201685794644,23.59219799012005,59.913129880477335,10020,112,continuante,Parceira,Creche Parceira,10.0,10.11,SANTA CRUZ,-22.93204,-43.65063,153.0,0.0,91.58117310147928,109.4002016419618,88.19353455989565,True
02042,CP CRECHE SANTA CLARA,39.59576991058177,27.887189853737,17.48983260991062,20.779378034745527,63.42956666111378,2042,133,continuante,Parceira,Creche Parceira,2.0,2.1,LARANJEIRAS,-22.93506699,-43.19282147,39.0,0.0,113.54533229493391,136.06075498328025,109.35519988920748,True
02018,CP FUNDACAO CASA SANTA IGNEZ,39.53929451932916,37.85097128135952,21.741202699918396,21.94502912511985,61.4371690498773,2018,84,continuante,Parceira,Creche Parceira,2.0,2.6,GÁVEA,-22.98324602,-43.23881755,94.0,0.0,97.63535375729472,116.75483704646346,94.02651248294124,True
0430812,EDI MEDALHISTA OLIMPICO EDER FRANCIS CARBONERA,39.52404662501472,38.82788729138814,59.75108357750595,22.967346918284324,60.255672004477006,430812,204,continuante,Pública,EDI,4.0,4.5,Maré,-22.869632,-43.23396,71.0,40.0,173.129585453199,215.1230855816728,155.08941982923085,True
0817613,CM CELIA ALENCAR,39.49194202303627,36.75613687189502,118.3804461971042,23.112478579027346,60.0089602800482,817613,175,continuante,Pública,Creche,8.0,8.16,Padre Miguel,-22.875707,-43.441092,82.0,7.0,229.42697511692927,190.30119109147972,205.5184725428284,True
0716602,CM TIA TEREZA,39.45037542530867,38.24043209187992,95.80472339022215,22.604242723690472,60.64686203887908,716602,121,continuante,Pública,Creche,7.0,7.5,Taquara,-22.910162,-43.371421,69.0,0.0,179.65832949120352,154.44734349453432,160.93761959899797,True
07017,CP CRECHE RAIMUNDA NONATA DA SILVA,38.89595633374881,31.70249965719114,25.33843846383607,22.446812197348326,59.561512047716015,7017,90,continuante,Parceira,Creche Parceira,7.0,7.28,RECREIO DOS BANDEIRANTES,-23.01089,-43.47622,62.0,0.0,105.96623502895486,126.8674607276532,102.05301219610948,True
1019809,EDI PROFESSORA CARMEN FRAGA DE ARAUJO,38.74652708109163,41.17906079524372,72.73835602037943,23.104762933539348,58.308309659318795,1019809,48,continuante,Pública,EDI,10.0,10.13,Santa Cruz,-22.940353,-43.68028,46.0,0.0,75.617395156574,50.563118405948735,67.74171410924264,True
0101604,CM SEMPRE VIDA P. CONQUISTA,38.55558748053137,30.630441884657916,28.9288197123552,21.87387501072213,59.435857845398715,101604,68,continuante,Pública,Creche,1.0,1.1,Caju,-22.877834,-43.226418,78.0,0.0,55.724417730597246,66.19171864051471,49.92233767712104,True
0411602,CM TEMPO DE APRENDER,38.43062309559553,36.62008419301439,47.846663231379,21.91201241224059,59.113898845869365,411602,94,continuante,Pública,Creche,4.0,4.19,Penha,-22.840212,-43.288936,56.0,0.0,109.27729709318864,109.4002016419618,97.89297447211258,True
0430803,EDI PROFESSOR MOACYR DE GOES,38.35925267672491,37.86640557786811,34.61274112204158,22.39933152009272,58.330149107638356,430803,60,continuante,Pública,EDI,4.0,4.8,Bonsucesso (Maré),-22.857891,-43.239989,85.0,1.0,138.55130206861088,167.31795545241218,124.11551257702055,True
0410603,CM CHICO BENTO,38.02547424923061,41.839395125942225,30.022817907107807,21.323564057927193,58.99302087178433,410603,143,continuante,Pública,Creche,4.0,4.3,Benfica,-22.88047,-43.24962,80.0,0.0,273.91100090233107,349.3451817138276,245.3655641791012,True
10053,CP CRECHE COMUNITARIA GENIO DO FUTURO,37.89854978505946,41.25711594123422,117.3244194499499,22.326984024407146,57.37755011642912,10053,311,continuante,Parceira,Creche Parceira,10.0,10.1,SANTA CRUZ,-22.98306,-43.68632,279.0,0.0,280.1615772749654,337.3938991815125,269.8843325342593,True
0833810,EDI MEDALHISTA OLIMPICO SERGIO DUTRA DOS SANTOS,37.5054130966911,31.052575611084464,131.62089063318467,21.839479402249808,57.123458992708954,833810,209,continuante,Pública,EDI,8.0,8.24,Realengo,-22.859013,-43.430526,90.0,4.0,234.3692550979864,214.2037561561101,209.94557824532583,True
10008,CP CRECHE COMUNITARIA JARDIM ESPERANCA,37.35773768228206,32.63613981111105,30.037595859840067,22.108439245673843,56.43442877399121,10008,92,continuante,Parceira,Creche Parceira,10.0,10.11,SANTA CRUZ,-22.92159,-43.60487,113.0,1.0,73.44837173913737,87.3362954284569,70.7232832085773,True
10068,CP CRECHE COMUNITARIA TIA NEIDE - GUARATIBA,37.28862537949795,32.75963813267891,46.17865072791789,22.061850606225185,56.327106676187434,10068,152,continuante,Parceira,Creche Parceira,10.0,10.28,GUARATIBA,-22.96729,-43.65904,118.0,0.0,87.79955681618333,104.80355451414827,84.55008992024112,True
0206605,CM DOUTOR PEDRO BLOCH,37.28351399540769,40.76204610237483,74.72072001164322,20.92344177079532,57.65385228883112,206605,121,continuante,Pública,Creche,2.0,2.6,Gávea,-22.981455,-43.240524,75.0,1.0,175.2469797928903,167.31795545241218,156.98610088080252,True
07011,CP CRECHE RITA ALEXANDRINA FERREIRA,37.26008964916869,31.420175012802957,46.339420144017424,21.34672769839598,57.23515925390776,7011,117,continuante,Parceira,Creche Parceira,7.0,7.28,RECREIO DOS BANDEIRANTES,-23.0096,-43.46302,157.0,0.0,120.37047266968872,144.33471981334458,115.93098014375047,True
0918614,CM ZELIA CHAUKE CURI,37.1612747553533,28.94106583367629,159.67536627037393,22.059664304806596,56.05915941422335,918614,161,continuante,Pública,Creche,9.0,9.16,Campo Grande,-22.913544,-43.530911,149.0,0.0,228.72094409709544,200.41381477266955,204.88603691219967,True
03010,CP CRECHE ESCOLA COMUNITARIA MAE SOCIAL,37.03304096303119,39.346332460801186,18.77153034581742,21.109057733917965,56.99775616821471,3010,122,continuante,Parceira,Creche Parceira,3.0,3.19,INHAÚMA,-22.85981282,-43.279069,60.0,0.0,121.12903339346158,145.25404923890727,116.66182659897136,True
02026,CP CRECHE MONSENHOR FRANCA,36.981007110609326,30.903896318465552,12.553677243325618,19.00379239428713,59.80364087213212,2026,63,continuante,Parceira,Creche Parceira,2.0,2.2,CATETE,-22.92696246,-43.18175201,45.0,1.0,67.41673020480314,79.98166002395527,64.91204398461065,True
09043,CP CRECHE COMUNITARIA RIBEIRO,36.931948623209685,33.20418520119698,18.074038201462805,21.1621334515982,56.53786942297181,9043,109,continuante,Parceira,Creche Parceira,9.0,9.8,SENADOR VASCONCELOS,-22.89184,-43.53047,50.0,2.0,110.51310627039008,132.38343728102942,106.43375869965595,True
0724604,CM EDSON LUIZ,36.8666072333931,36.34738732689891,74.53060814101212,21.550521617486424,56.10953830094973,724604,105,continuante,Pública,Creche,7.0,7.24,Itanhangá,-22.989005,-43.297241,85.0,2.0,184.5992125381997,162.72130832459865,165.3634740709401,True
0716824,EDI PROFESSORA TEREZINHA SARAIVA,36.695044971075376,31.383698618197258,8.457196051795517,21.263215223937834,55.97368006950164,716824,170,nova_ou_reativada,Pública,EDI,7.0,7.9,Curicica,-22.953416,-43.393608,44.0,0.0,,,,True
1019632,CM MIRIAM PIRES,36.58830471976672,31.470429692721257,134.4760867316353,21.690747252262085,55.21478205425405,1019632,326,continuante,Pública,Creche,10.0,10.3,Paciência,-22.888021,-43.635612,149.0,38.0,290.1529043696246,306.1366987123805,259.9144410085021,True
0107606,CM FRANCISCO ALVES,36.53639792305064,30.41145965538727,94.15339178517935,20.4417531096537,56.82899338734117,107606,154,continuante,Pública,Creche,1.0,1.4,Vasco da Gama,-22.889746,-43.23006,145.0,2.0,131.67251194945314,130.544778429904,117.9537546411679,True
0330601,CM JOSE DE VIEIRA DA SILVA,36.38311543171555,36.04047186378503,96.6112910878795,20.709435369923654,56.02759232486487,330601,220,continuante,Pública,Creche,3.0,3.23,Complexo do Alemão - Ramos,-22.861757,-43.270948,73.0,26.0,205.2468077433088,255.5735803064318,183.8588017486444,True
1019802,EDI LARISSA DOS SANTOS ATANAZIO,36.346708338017976,35.69091235138579,45.642389683934226,21.540094582235294,54.864082385929564,1019802,120,continuante,Pública,EDI,10.0,10.17,PACIÊNCIA,-22.921659,-43.645341,73.0,0.0,101.52049550814472,93.77160140739583,90.94472691007884,True
0918618,CM ESPERANCA DA VILA SAO JORGE,36.01612283075677,32.033183451449545,38.119600260092774,21.263811274140735,54.45437013182798,918618,146,continuante,Pública,Creche,9.0,9.14,Cosmos,-22.914253,-43.606667,86.0,0.0,295.0962456834147,145.25404923890727,264.34249735860027,True
0101606,CM QUINTA DO CAJU,35.98916708007211,30.092258058150527,89.81326681796725,20.397865927902156,55.572565595890076,101606,143,continuante,Pública,Creche,1.0,1.1,Caju,-22.875318,-43.211624,119.0,0.0,128.85062975279402,162.72130832459865,115.42602013500624,True
10074,CP CRECHE MUNDO MAGICO II,35.92872666866685,31.222450933869318,43.94255606244599,21.2971107046042,54.22226264576462,10074,201,continuante,Parceira,Creche Parceira,10.0,10.13,PACIÊNCIA,-22.88981,-43.63757,120.0,20.0,161.38062851810665,193.9785087937306,155.44284654935882,True
0716815,EDI EVARISTO DA VEIGA,35.91761925931319,33.41131183422181,106.72748836577232,19.138590319713067,57.31657263762692,716815,207,continuante,Pública,EDI,7.0,7.2,Praça Seca,-22.890918,-43.349861,113.0,0.0,285.73926555636285,219.71973270948632,255.9608719250365,True
0430604,CM MONTEIRO LOBATO,35.802411473711814,35.097981237799544,41.55978718053483,20.786905199530366,54.59719789590697,430604,69,continuante,Pública,Creche,4.0,4.8,Bonsucesso,-22.856316,-43.243106,41.0,1.0,136.96383429460548,103.88422508858558,122.69351947231684,True
03005,CP COLEGIO RUTH SANT ANNA / JARDIM DE INFANCIA CIRANDA CIRANDINHA,35.75863497200153,30.256048152319195,27.47756587771477,19.406400123943342,56.18504743885147,3005,94,continuante,Parceira,Creche Parceira,3.0,3.4,MÉIER,-22.89612162,-43.26963723,109.0,0.0,131.75291559734308,158.12466119678513,126.89756444078672,True
02063,CP CRECHE ANJOS DO BEM,35.67533711130767,22.85398136990573,19.68361211905184,19.41415126163613,56.09412424549272,2063,66,continuante,Parceira,Creche Parceira,2.0,2.14,GRAJAÚ,-22.92057761,-43.25421313,38.0,4.0,62.8983092871192,74.46568347057905,60.558737216657335,True
10083,CP CRECHE COMUNITARIA CRISTA CORDEIRINHO DE CRISTO,35.62221894054313,34.42387230018232,14.368237152969032,21.16030847563639,53.70062807363061,10083,116,continuante,Parceira,Creche Parceira,10.0,10.18,GUARATIBA,-22.95184,-43.60696,40.0,4.0,235.96470104428184,284.07279249887563,227.30210161758288,True
02031,CP CENTRO COMUNITARIO ALEGRIA DAS CRIANCAS,35.52511307761583,44.84057025405308,26.056314983181704,19.860918993234222,55.17073779710935,2031,86,continuante,Parceira,Creche Parceira,2.0,2.6,ROCINHA,-22.99096626,-43.24934773,88.0,1.0,59.88891789201324,70.78836576832823,57.659320094770045,True
1019630,CM ESTRELA DALVA,35.406255884679055,36.6115233060315,67.38441860575819,21.099630112015912,53.3020235431339,1019630,69,continuante,Pública,Creche,10.0,10.6,Santa Cruz,-22.911519,-43.667708,47.0,0.0,66.28431201223694,81.82031887508069,59.381491940244544,True
0918801,EDI BIANCA ROCHA TAVARES,35.30735571745318,30.377094297151533,124.8777011179561,20.911174262620445,53.30215525360359,918801,153,continuante,Pública,EDI,9.0,9.23,Cosmos,-22.917448,-43.618065,106.0,0.0,217.77776462808657,193.0591793681679,195.08355454737992,True
0514604,CM ESTRELINHA DOURADA,35.29650521521489,31.580259599795227,37.175468742028634,20.342805191173134,54.014748199438074,514604,80,continuante,Pública,Creche,5.0,5.4,Irajá,-22.824322,-43.326431,46.0,0.0,152.31060278888262,119.51282532315156,136.44056943067125,True
1120602,CM CORA CORALINA,35.266456891066376,29.369774065467876,140.88653651373522,17.98094004315269,56.971716029931805,1120602,274,continuante,Pública,Creche,11.0,11.4,Ilha do Governador,-22.796641,-43.190965,143.0,27.0,307.454888817259,310.73334584019403,275.4128978570729,True
10013,CP ESCOLA COMUNITARIA ENCANTO DE MARIA,35.194721778483725,37.82398121699482,17.870044470555627,19.887818162430545,54.25101484714637,10013,53,continuante,Parceira,Creche Parceira,10.0,10.11,SANTA CRUZ,-22.98837,-43.63944,66.0,0.0,50.12771305952725,58.83708323601308,48.25485335619771,True
1019804,EDI PROFESSORA MARIA LUIZA JOBIM DE QUEIROZ,35.152148852068535,35.87095978032493,55.17504643583213,20.640755204257335,53.28009250453503,1019804,55,continuante,Pública,EDI,10.0,10.23,Sepetiba,-22.97679,-43.694065,46.0,0.0,56.95601751982585,57.91775381045038,51.02555831395922,True
03017,CP CRECHE TERNURINHA,35.1455130108864,26.829649785124978,17.588072922911287,19.55134846901789,54.636284205204674,3017,43,continuante,Parceira,Creche Parceira,3.0,3.3,LINS DE VASCONCELOS,-22.91426861,-43.27635515,41.0,1.0,52.37734332446853,61.5950715127012,50.42226297447405,True
0918829,EDI RUBEM AZEVEDO ALVES,35.12073163260048,29.468878721730665,39.42163452236261,20.781660713658063,53.071202799327885,918829,143,continuante,Pública,EDI,9.0,9.9,Inhoaíba,-22.89705,-43.5925,96.0,0.0,106.80908424290028,99.28757796077208,95.68204338178518,True
03004,CP CENTRO COMUNITARIO NOSSA SENHORA APARECIDA - CRECHE,34.94026706286162,30.0492388002327,21.43066824029401,18.78139461112831,55.09648996315252,3004,85,continuante,Parceira,Creche Parceira,3.0,3.4,CACHAMBI,-22.89434309,-43.27341272,48.0,0.0,99.1495373366461,118.59349589758888,95.4853726058628,True
1026602,CM NOSSA SENHORA DA GLORIA,34.78790661773944,33.85467532746901,60.070272950549835,20.574063770358872,52.55605206781116,1026602,118,continuante,Pública,Creche,10.0,10.27,Pedra de Guaratiba,-22.999508,-43.612145,60.0,29.0,155.48611778985082,146.17337866447,139.2850746398129,True
05007,CP CENTRO COMUNITARIO FLOR DO AMANHA,34.727782788030964,33.19058190173223,9.189820565585444,19.542284356932022,53.794671546471754,5007,75,continuante,Parceira,Creche Parceira,5.0,5.14,MARECHAL HERMES,-22.84823636,-43.36162723,55.0,5.0,88.5557326289228,105.722883939711,85.27863665409059,True
03041,CP CENTRO DE DESENVOLVIMENTO INFANTIL ESPELHO D'AGUA,34.704521042622524,38.28338960336154,12.077642041857468,19.16185754861892,54.1582554719457,3041,124,continuante,Parceira,Creche Parceira,3.0,3.8,PIEDADE,-22.89043602,-43.3050719,47.0,1.0,99.9067195994734,119.51282532315156,96.21488991097291,True
0208605,CM TIA MARIA,34.69156977453662,29.16535842349188,23.945942097295315,19.87295387811275,53.23617556092103,208605,30,continuante,Pública,Creche,2.0,2.13,Tijuca,-22.943486,-43.24161,55.0,0.0,56.25223220433336,52.401777257074144,50.3951339774502,True
1019803,EDI LARYSSA SILVA MARTINS,34.50366853264412,36.406780624534896,197.6665989487742,20.558983298081635,51.944747917573736,1019803,189,continuante,Pública,EDI,10.0,10.7,SANTA CRUZ,-22.907539,-43.701722,145.0,0.0,202.42304986686983,206.84912075160847,181.32938723447413,True
02015,CP CRECHE SANT ANNA,34.230260336345076,23.89606925025204,16.386650895785998,17.909494865243843,54.923461140175306,2015,127,continuante,Parceira,Creche Parceira,2.0,2.2,LARANJEIRAS,-22.93862791,-43.19266742,72.0,3.0,116.57829359327764,139.73807268553105,112.27735002899789,True
0209604,CM NOVA DIVINEIA,34.22873522793746,27.10658911903346,35.93223733585635,18.91889020049465,53.412576310958016,209604,56,continuante,Pública,Creche,2.0,2.14,Grajaú - Morro Nova Divinéia,-22.928893,-43.263875,56.0,0.0,67.34067182313174,75.38501289614175,60.32773906457388,True
02035,CP CENTRO SOCIAL E AI COMO E QUE FICA ?,34.208179533278255,37.4667150924968,17.17428410499378,19.38671895486002,52.75238788960853,2035,82,continuante,Parceira,Creche Parceira,2.0,2.6,ROCINHA,-22.99306537,-43.25349939,65.0,0.0,77.22174307072879,91.93294255627043,74.35877581246562,True
02012,CP GRUPO COMUNITARIO CRECHE ESCOLA TIA MAURA,34.07923528931112,23.907596136505102,12.460258298181452,16.514464156237462,56.27800753799253,2012,107,continuante,Parceira,Creche Parceira,2.0,2.6,SÃO CONRADO,-22.99453304,-43.27299073,68.0,11.0,83.26414955019305,99.28757796077208,80.18039850683797,True
0204601,CM TIA AMALIA,33.97200882031697,32.06481676189937,28.708556372503246,17.454874000207575,55.22403038072074,204601,58,continuante,Pública,Creche,2.0,2.2,Cosme Velho,-22.941447,-43.205546,45.0,0.0,76.67421891758237,69.86903634276553,68.68837673753876,True
0833802,EDI PROFESSORA ZENA ELIAN,33.75556427107553,28.116638942816508,111.93878486360506,19.743146234884257,51.30358522133885,833802,139,continuante,Pública,EDI,8.0,8.15,Realengo,-22.863934,-43.445244,79.0,0.0,268.0853013684291,197.65582649598144,240.1471250171804,True
0833805,EDI DEODORO,33.66654932522431,26.787634099563746,28.44414391915833,18.439600160797383,52.87802851682111,833805,89,continuante,Pública,EDI,8.0,8.14,Deodoro,-22.855758,-43.389857,42.0,0.0,159.01458494114885,102.96489566302289,142.44574091215242,True
0208607,CM DOS SONHOS,33.62533193237071,28.155074503301833,34.90838481222901,18.96424594773288,52.00723802167526,208607,57,continuante,Pública,Creche,2.0,2.12,Tijuca - Comunidade Chacrinha,-22.926104,-43.220047,54.0,0.0,74.91287187971731,61.5950715127012,67.11062888360321,True
0918834,EDI ENGENHEIRA ELAINE MONSORES PIRES,33.61219880681051,26.666629022948875,87.53122490586178,20.01106354391335,50.628344229863785,918834,127,continuante,Pública,EDI,9.0,9.6,Campo Grande,-22.887011,-43.597355,153.0,0.0,200.83470649099905,166.39862602684948,179.90660986901375,True
1026806,EDI MEDALHISTA OLIMPICO FELIPE ALMEIDA WU,33.45201611318085,30.438577638538874,70.26750610404916,19.570327096269473,50.78263784380721,1026806,253,continuante,Pública,EDI,10.0,10.24,Guaratiba,-22.983841,-43.645917,141.0,20.0,279.560267806721,248.2189449019302,250.42596172441608,True
02013,CP CENTRO DE EDUCACAO INFANTIL CRISTO REDENTOR,33.40546247058325,24.980139922726767,19.296493525240532,16.4541286948644,55.46692644119145,2013,57,continuante,Parceira,Creche Parceira,2.0,2.2,COSME VELHO,-22.93992976,-43.20541693,62.0,4.0,58.38517425341233,68.94970691720282,56.21053009607304,True
05002,CP CRECHE EFFATA,33.315262319079,29.56788619640051,23.369243759039666,19.34289774548151,50.800003297516795,5002,116,continuante,,,,,,,,,,106.72391948794755,127.7867901532159,102.78301375546197,False
0817606,CM MEIMEI,32.814121337575806,31.539497132176812,57.76092418430349,18.830607279397725,50.33322317632542,817606,117,continuante,Pública,Creche,8.0,8.15,Padre Miguel,-22.863292,-43.445078,80.0,1.0,137.14021802604515,103.88422508858558,122.8515172939006,True
0312809,EDI PROFESSORA VALERIA PEREIRA DE SOUZA PINTO,32.72085364399051,32.27624431611161,71.09763544416853,18.58205551881983,50.44620384836639,312809,161,continuante,Pública,EDI,3.0,3.21,Bonsucesso,-22.863791,-43.270311,106.0,5.0,213.36536034601204,233.50967409292693,191.1310912442287,True
10084,CP CRECHE COMUNITARIA AQUARELA DO SABER (GUARATIBA),32.642697079065236,27.31252865079712,37.01265262448942,19.333443992318912,49.29314147332127,10084,284,continuante,Parceira,Creche Parceira,10.0,10.18,GUARATIBA,-22.93971992,-43.57756788,56.0,14.0,208.5497739579808,250.9769331786183,200.88873078436032,True
03011,CP CRECHE DO CENTRO PASTORAL SOCIAL PADRE JUSTINO RUSSOLILLO,32.45208608392186,34.509880272928775,11.696177633584792,18.516826643557422,49.917235244456876,3011,44,continuante,Parceira,Creche Parceira,3.0,3.19,RAMOS,-22.85847817,-43.2759666,53.0,0.0,51.62724937515424,60.67574208713849,49.69958350027226,True
09029,CP INSTITUTO CRECHE DO PAPAI,32.42603918803875,26.20561951234376,41.27820994640757,19.16466451531185,49.02636914486097,9029,237,continuante,Parceira,Creche Parceira,9.0,9.18,CAMPO GRANDE,-22.95044,-43.56709,78.0,1.0,203.9822423344912,245.4609566252421,196.4880665467624,True
0107601,CM ADALBERTO ISMAEL DE SOUZA,32.28226676397122,24.033196144671475,46.414057565970886,18.107947099240317,50.114412342454145,107601,67,continuante,Pública,Creche,1.0,1.3,São Cristóvão,-22.906374,-43.232485,72.0,0.0,57.835800412910544,52.401777257074144,51.81363462956797,True
0622202,CIEP GENERAL AUGUSTO CESAR SANDINO,32.27031198245423,39.156524441326674,110.15312238039579,17.57984404846679,50.724417075271816,622202,179,continuante,Pública,CIEP,6.0,6.18,Anchieta,-22.835096,-43.415077,163.0,0.0,174.18827819353058,170.0759437291003,156.03775638755974,True
10062,CP CENTRO CULTURAL DE DESENVOLVIMENTO INFANTIL JOAO BATISTA,32.24897406763314,28.70985798203207,36.68054381341905,19.020460450450983,48.78568047820925,10062,79,continuante,Parceira,Creche Parceira,10.0,10.28,GUARATIBA,-22.97964,-43.66379,106.0,10.0,87.04345722640339,103.88422508858558,83.8216166963473,True
10047,CP CENTRO CULTURAL MONTESSORI - SANTA CRUZ,32.22295382622968,33.951982268006695,50.19310353633597,19.188164296868674,48.52630128333237,10047,194,continuante,Parceira,Creche Parceira,10.0,10.1,SANTA CRUZ,-22.9059,-43.7084,148.0,17.0,207.78848362516177,250.0576037530556,200.15525294921065,True
02058,CP NASCEER - NUCLEO DE ASSIST. SOCIAL CULTURAL EDUC. ECOLOGICO DA ROCINHA,31.933353064382672,42.074252100143774,17.05870003734661,17.991721267937088,49.407321658794814,2058,82,continuante,Parceira,Creche Parceira,2.0,2.8,ROCINHA,-22.98785037,-43.24865159,75.0,0.0,53.87815308838196,63.433730363826605,51.86822202624032,True
09001,CP CRECHE COMUNITARIA SANTA RITA,31.855504030627017,27.29726112460502,17.256738033656017,18.862518043120048,48.11268481316579,9001,56,continuante,Parceira,Creche Parceira,9.0,9.18,CAMPO GRANDE,-22.90951,-43.53293,35.0,0.0,106.72391948794755,127.7867901532159,102.78301375546197,True
0313809,EDI ESCULTORA LYGIA CLARK,31.738356719874147,28.522530487841824,99.23201337810735,15.677061697958374,51.79808631943434,313809,123,continuante,Pública,EDI,3.0,3.7,Água Santa,-22.90646,-43.313662,98.0,10.0,115.09570172001146,114.91617819533803,103.10487973602714,True
11007,CP CRECHE ESFERA KIDS,31.700483801628152,29.43043517791059,15.529779102694038,16.554739925970523,50.82830469518848,11007,135,continuante,Parceira,Creche Parceira,11.0,11.5,ILHA DO GOVERNADOR,-22.79792,-43.17526,77.0,5.0,128.71678575358726,154.44734349453432,123.97235935366392,True
10042,CP CICIM II,31.37869636981684,33.886088702643875,51.89635958883953,18.506950765175237,47.47743555746692,10042,179,continuante,Parceira,Creche Parceira,10.0,10.9,SEPETIBA,-22.94751,-43.67828,125.0,7.0,140.8644987316074,169.1566143035376,135.6762586257475,True
0918810,EDI DOM BOSCO,31.297744042234864,26.46757552277468,34.659777748492445,18.66264794316586,47.11085406709626,918810,145,continuante,Pública,EDI,9.0,9.9,Campo Grande,-22.889064,-43.579067,45.0,0.0,208.42358956722444,211.445767879422,186.70444163549564,True
0833808,EDI PROFESSORA VANUZIA BASTOS DA SILVA,31.0212904940976,26.039773030366362,80.44647836245522,18.129438467230724,47.168425377524834,833808,166,continuante,Pública,EDI,8.0,8.24,Realengo,-22.860859,-43.446539,61.0,0.0,223.24928229318328,154.44734349453432,199.9847311769945,True
10001,CP ESCOLA COMUNITARIA JARDIM DE INFANCIA TIA ANASTACIA,30.800761192449485,30.85536202628858,46.537642431245175,18.134276536031702,46.63985759514465,10001,116,continuante,Parceira,Creche Parceira,10.0,10.11,SANTA CRUZ,-22.96921,-43.66113,137.0,0.0,119.6119528867241,143.41539038778183,115.2001731619435,True
03027,CP CENTRO CULTURAL EDUCAR - UNIDADE IV,30.766537525450058,29.618908303429233,55.062223983601655,16.698228425583206,48.376298546656166,3027,239,continuante,Parceira,Creche Parceira,3.0,3.4,MÉIER,-22.89738946,-43.27465889,227.0,0.0,240.5353107118248,289.58876905225185,231.7057326192593,True
0103601,CM ESPACO LIVRE DA CRIANCA,30.756211938165514,21.430186719295257,19.175118086080936,16.718579173771257,48.39896219615536,103601,51,continuante,Pública,Creche,1.0,1.9,Estácio,-22.916117,-43.203354,63.0,0.0,46.05209634342867,56.07909495932496,41.25823588466536,True
0312803,EDI PROFESSORA LUIZA HELENA MAIA MEDEIROS,30.699520809177066,32.64958907120569,30.716292170793473,17.539108568024304,47.20934022116421,312803,70,continuante,Pública,EDI,3.0,3.2,Inhaúma,-22.865266,-43.275281,53.0,1.0,97.2900898583293,124.1094724509651,87.15529050505194,True
02036,CP CRECHE BERCARIO MARIA HELENA DA ROCINHA,30.630437490667024,35.52039702450184,14.958421487698738,17.420377961077218,47.14446936357343,2036,177,continuante,Parceira,Creche Parceira,2.0,2.6,ROCINHA,-22.99190871,-43.2508208,86.0,25.0,160.62044514490344,193.0591793681679,154.7104357442195,True
0430607,CM PROFESSOR PAULO FREIRE,30.599089228649103,28.306015804160793,37.148098315046425,17.581571125829058,46.886209591435666,430607,78,continuante,Pública,Creche,4.0,4.8,Bonsucesso,-22.859501,-43.24005,51.0,5.0,74.91287187971731,87.3362954284569,67.11062888360321,True
0716806,EDI PROFESSORA EDILIA COELHO GARCIA,30.418068729682286,24.161143205034662,226.47425279334672,17.5276464687155,46.5646307108142,716806,256,continuante,Pública,EDI,7.0,7.4,Taquara,-22.912042,-43.419526,73.0,87.0,333.4092674716959,285.911451350001,298.66183891340233,True
02005,CP ESCOLA COMUNITARIA DO CANTAGALO,30.255048675364904,26.25256380287763,19.010955401124676,16.340797328333462,47.69121069508312,2005,61,continuante,Parceira,Creche Parceira,2.0,2.3,COPACABANA,-22.98210005,-43.19621238,72.0,0.0,74.95741037392285,89.17495427958231,72.17718133528065,True
1120604,CM MARIA ARMINDA F. SOUZA AGUIAR,30.181244663270313,28.031466334176113,46.00479253094508,15.955467604723323,48.1345848834089,1120604,194,continuante,Pública,Creche,11.0,11.5,Ilha do Governador,-22.786565,-43.186716,101.0,0.0,237.89952067320684,239.94498007186584,213.1078553524788,True
0328601,CM GERALDA DE JESUS ALEIXO,30.012730460056986,21.35689490204298,56.540275722598835,15.862578672837511,47.57043630741533,328601,105,continuante,Pública,Creche,3.0,3.12,Jacarezinho,-22.885812,-43.254144,77.0,3.0,124.08896697473304,116.75483704646346,111.16070409846331,True
0625813,EDI PROFESSORA GRACILIA ROSA DE BELEM MAYOR,29.903836814468804,22.69712382481727,10.17531836899976,17.188083251827805,45.820352077370124,625813,22,continuante,Pública,EDI,6.0,6.5,Pavuna,-22.812382,-43.364913,21.0,0.0,132.37799988870083,32.17652989469465,118.58570384334548,True
1019613,CM DJANIRA MARIA RAMOS,29.597006842892874,29.033962265866734,66.28940177600478,17.54367300599211,44.67313276767123,1019613,128,continuante,Pública,Creche,10.0,10.17,Paciência,-22.926768,-43.641091,75.0,1.0,95.52755233989208,102.04556623746018,85.57647644688778,True
0312810,EDI MARIA MAZZETTI,29.533646393750047,25.19666010918698,48.69199347896533,16.33582049539617,46.02475378547806,312810,55,continuante,Pública,EDI,3.0,3.17,Tomás Coelho,-22.862818,-43.306177,45.0,4.0,78.78800167495706,84.5783071517688,70.58182310993331,True
08022,CP ASSOCIACAO CRECHE ESPERANCA - MAGALHAES BASTOS,29.443929421884636,22.82899743463006,61.83716633013801,15.1997210316338,47.68810922704928,8022,146,continuante,,,,,,,,,,167.46290335891553,201.33314419823225,161.3029117467172,False
0313804,EDI GEORGE BERNANOS,29.193949240834066,24.80821330931404,73.54808626404383,15.633380595165207,46.11855394768269,313804,84,continuante,Pública,EDI,3.0,3.1,Cachambi,-22.892515,-43.276286,46.0,10.0,120.0330131938153,124.1094724509651,107.52753525586206,True
1019828,EDI MEDALHISTA OLIMPICO ERLON DE SOUZA SILVA,29.17705574763533,30.10651798009653,36.36235617834194,17.37725458093666,43.93391034502464,1019828,171,continuante,Pública,EDI,10.0,10.15,Santa Cruz,-22.934045,-43.659561,120.0,0.0,196.77567548016444,194.8978382192933,176.27068482736692,True
08003,CP CRECHE CRIANCA JABOUR,29.161338361248234,26.04507579738293,18.0507843519592,16.99223438601546,45.29041600648927,8003,164,continuante,Parceira,Creche Parceira,8.0,8.8,JABOUR,-22.87855,-43.49396,77.0,15.0,156.0598386319516,187.54320281479167,150.31644686154513,True
09002,CP CRECHE SAGRADA FAMILIA,29.001424285930543,24.841020967122958,7.3554473367395525,17.17431731261021,43.792786644171485,9002,40,continuante,Parceira,Creche Parceira,9.0,9.18,CAMPO GRANDE,-22.90369,-43.53572,34.0,0.0,75.71208666111399,90.09428370514502,72.90428180639289,True
0411802,EDI JOEL LUIZ DE AZEVEDO BASTOS,28.950188117325236,26.561412207314323,50.28248638895022,16.39280819586766,44.696597813741676,411802,51,continuante,Pública,EDI,4.0,4.19,Penha,-22.846748,-43.297816,97.0,0.0,95.52755233989208,105.722883939711,85.57647644688778,True
0918605,CM SEMPRE VIDA PROFESSORA EUGENIA MARIA VELOSO MARCHESE,28.92979405021005,23.72261730147771,58.444294036348616,17.082724381777,43.76397565626849,918605,99,continuante,Pública,Creche,9.0,9.9,Inhoaíba,-22.896822,-43.592565,82.0,0.0,127.26337122416794,120.43215474871428,114.00421444372354,True
02057,CP CENTRO EDUCACIONAL ESPERANCA,28.79939737654292,22.945667436773874,21.415114914881126,15.72952926108912,45.1915932307616,2057,37,continuante,Parceira,Creche Parceira,2.0,2.11,ALTO DA BOA VISTA,-22.94728841,-43.24453566,50.0,0.0,28.52623162430274,32.17652989469465,27.443155920547635,True
0724805,EDI TRISTAO DE ATHAYDE,28.736487967962418,25.376961015537184,43.228509406588444,15.897102041159698,44.79276663892982,724805,100,continuante,Pública,EDI,7.0,7.22,Barra da Tijuca,-23.002962,-43.375805,66.0,0.0,135.9055402909092,153.52801406897163,121.74554005292396,True
0918609,CM ADELIA VIEIRA,28.574384074016248,24.289542959221492,46.578645737115195,17.005467659614975,43.05404202916711,918609,123,continuante,Pública,Creche,9.0,9.9,Inhoaíba - Campo Grande,-22.888013,-43.587225,55.0,8.0,187.0697190850848,213.2844267305474,167.57645954774756,True
10040,CP CICIM I,28.507169159972413,26.537467972261616,67.8367248939555,16.495974141712896,43.5364626862146,10040,219,continuante,Parceira,Creche Parceira,10.0,10.9,SEPETIBA,-23.00534,-43.62616,200.0,6.0,167.46290335891553,201.33314419823225,161.3029117467172,True
05009,CP ASSOCIACAO CRECHE ESPERANCA - IRAJA,28.361250409539164,22.065297980656915,51.74821936848286,14.627632206220866,45.939526575030925,5009,249,continuante,,,,,,,,,,295.40833618414075,355.78048769276654,284.5740833371368,False
10024,CP CRECHE COMUNITARIA MUNDO ENCANTADO DA CRIANCA,28.142140925421668,29.080694526133932,65.2274173979802,16.70803840796081,42.446289175891984,10024,170,continuante,Parceira,Creche Parceira,10.0,10.11,SANTA CRUZ,-22.90224,-43.72044,140.0,14.0,165.9422028700973,199.49448534710683,159.83776841614713,True
0817809,EDI REPUBLICA ARABE UNIDA,27.905032418162502,25.721556081992738,39.05390024152932,16.487290449329073,42.195149722395406,817809,64,continuante,Pública,EDI,8.0,8.8,Bangu,-22.875856,-43.468583,32.0,0.0,67.51673756695767,53.32110668263685,60.48545209084057,True
0817802,EDI PROFESSOR REINALDO JOSE DE ARAGAO BARBOSA,27.897240552872017,22.791901375118204,39.21298752687794,16.47340829081705,42.214322073048415,817802,145,continuante,Pública,EDI,8.0,8.25,Bangu,-22.849625,-43.464005,119.0,0.0,177.71731738184093,198.5751559215441,159.19893502375535,True
10080,CP ASSOCIACAO CENTRO EDUCACIONAL REBRAL XII (GUARATIBA),27.518695060309405,28.574251794135776,25.377702666662138,15.292690097937529,42.71407243468832,10080,154,continuante,Parceira,Creche Parceira,10.0,10.27,PEDRA DE GUARATIBA,-22.98236646,-43.65473281,117.0,5.0,87.79955681618333,104.80355451414827,84.55008992024105,True
0716610,CM TIA MALU,26.757157262300282,23.876832222149204,85.93342158922721,15.50592397554376,40.86740439805459,716610,250,continuante,Pública,Creche,7.0,7.8,Taquara,-22.918418,-43.410069,63.0,33.0,275.146769460518,341.07121688376327,246.4725184594635,True
0431606,CM VISCONDE DE SABUGOSA,26.734506184575167,24.15444188473286,82.0710786090156,15.205113269332355,41.163740022613496,431606,61,continuante,Pública,Creche,4.0,4.25,Jardim América,-22.804345,-43.331531,105.0,0.0,71.3905812925086,73.54635404501634,63.9554945346263,True
0430806,EDI CLEIA SANTOS DE OLIVEIRA,26.557312059943555,24.448375163981886,58.59374086313177,15.175051803057112,40.80293086999033,430806,74,continuante,Pública,EDI,4.0,4.7,Bonsucesso,-22.854283,-43.241914,67.0,4.0,180.5406170135053,205.01046190048305,161.72793909120486,True
0514603,CM AMALIA FERNANDEZ CONDE,26.462145092032515,23.882710071147326,44.23046158464999,15.168755603869993,40.599149014128315,514603,110,continuante,Pública,Creche,5.0,5.3,Irajá,-22.821755,-43.321511,45.0,0.0,197.65806498739417,150.7700257922835,177.0610956666896,True
0817618,CM JANETE CLAIR,26.36757882036443,24.100079633798085,93.46294689635295,15.372521370709528,40.1593705445711,817618,170,continuante,Pública,Creche,8.0,8.13,Santíssimo,-22.877426,-43.499731,176.0,0.0,172.77668986044927,210.52643845385927,154.77330942317303,True
1120804,EDI PROFESSORA ANNA MARIA JESUS CONCEICAO,26.3405419570649,24.613738264230317,24.71238132785566,13.900961182350365,42.046175904497694,1120804,178,continuante,Pública,EDI,11.0,11.5,Ilha do Governador,-22.787578,-43.175142,103.0,3.0,230.3095170848703,225.23570926286257,206.3090199412329,True
0208803,EDI BOREL,26.23700488544622,18.367433948729342,63.11777369043797,14.7827079216441,40.5620230678974,208803,58,continuante,Pública,EDI,2.0,2.11,Tijuca,-22.940985,-43.25352,73.0,0.0,86.40575676823538,88.25562485401962,78.57641009543144,True
0817202,CIEP AMILCAR CABRAL,26.044282802219172,21.55745530000621,77.71669339839346,15.35976771162547,39.436288631784805,817202,145,continuante,Pública,CIEP,8.0,8.9,Bangu,-22.894122,-43.472616,96.0,0.0,136.96383429460548,180.18856741029003,122.69351947231684,True
0515601,CM OLGA BENARIO,25.70164763165813,23.21955957795817,41.948053235475555,14.367346005941721,39.99709693532776,515601,102,continuante,Pública,Creche,5.0,5.1,Rocha Miranda,-22.853399,-43.339342,44.0,0.0,130.0851893589384,93.77160140739583,116.53189157215736,True
0206603,CM JACO INACIO GOMES,25.66828793603829,17.707942815618267,62.93213761299608,12.180556494958832,42.663558555516744,206603,88,continuante,Pública,Creche,2.0,2.1,São Conrado,-22.994354,-43.270922,64.0,0.0,165.18968356691778,111.23886049308722,147.97715867424148,True
0918811,EDI ISABEL,25.09467937057437,20.56674703397128,13.91992947201178,14.79060711454442,38.004067196574944,918811,14,continuante,Pública,EDI,9.0,9.14,Inhoaíba,-22.910324,-43.585815,21.0,0.0,21.8475706258782,31.25720046913195,19.5767094581534,True
0625807,EDI FROTA PESSOA,24.84795297454332,20.019194132564827,37.655367692952744,14.158305481274725,38.249100658354294,625807,49,continuante,Pública,EDI,6.0,6.8,Costa Barros,-22.823909,-43.373274,46.0,0.0,47.45841502904876,77.22367174726716,42.51796342994894,True
1019614,CM INSPETOR HERALDO CARVALHO DE SOUSA,24.841242192652135,21.410354019431523,176.06633792122213,14.687721591017848,37.541379541754054,1019614,240,continuante,Pública,Creche,10.0,10.1,Santa Cruz,-22.874263,-43.631461,152.0,95.0,195.5403382824675,246.3802860508048,175.16411691857584,True
0515610,CM SEMPRE VIDA PALMEIRINHA,24.806606606401683,24.244051596657094,26.608302768337662,13.964058590947738,38.42198877587315,515610,69,continuante,Pública,Creche,5.0,6.16,Honório Gurgel,-22.849063,-43.363966,39.0,0.0,95.70380247114042,91.93294255627043,85.73435461000419,True
0410602,CM DR. JUVENIL DE SOUZA LOPES,24.36593486547891,27.452956963114605,33.64102864541758,14.009883377549587,37.37576033202467,410602,27,continuante,Pública,Creche,4.0,4.12,Bonsucesso,-22.855554,-43.253675,14.0,0.0,99.22897184727682,14.70927080900327,88.89206721919201,True
10030,CP INSTITUTO AVELINO - GUARATIBA,24.363590702001247,21.595701442955416,15.243243477351703,14.40291848350324,36.81543770700566,10030,93,continuante,Parceira,Creche Parceira,10.0,10.28,PEDRA DE GUARATIBA,-22.97091,-43.65353,142.0,8.0,77.22174307072886,91.93294255627043,74.3587758124657,True
08027,CP CENTRO EDUCACIONAL MUNDO DA MONICA,24.30989535709064,20.137608153251165,9.052779851921443,14.320241225143704,36.82989246354934,8027,56,continuante,Parceira,Creche Parceira,8.0,8.8,BANGU,-22.89334,-43.46445,18.0,2.0,54.628857732052985,64.3530597893893,52.591490815597325,True
0209605,CM SAO SEBASTIAO - ARRELIA,24.14313766752555,21.416064372333032,32.99661332629844,13.536862013962017,37.49872530750943,209605,75,continuante,Pública,Creche,2.0,2.14,Andaraí,-22.936518,-43.261847,52.0,0.0,74.73674435314061,99.28757796077208,66.95286052604136,True
0206601,CM DOUTOR SOBRAL PINTO,23.987166829717545,22.75938416258115,46.22819942322386,13.331721812685505,37.35139428374297,206601,74,continuante,Pública,Creche,2.0,2.5,Vidigal,-22.996197,-43.245549,61.0,0.0,82.6637114182487,33.095859320257354,74.05353673559928,True
0102802,EDI CAMPOS SALLES,23.901937595353424,17.737702120560968,18.29645724606454,12.781007499807346,37.78160626756298,102802,31,continuante,Pública,EDI,1.0,1.7,Centro,-22.908079,-43.186536,13.0,0.0,53.437474920273694,47.80513012926063,47.873780494379936,True
0515803,EDI PIO XII,23.69996584144124,27.832265581317134,38.37627048798268,12.97949723841416,37.335428628185504,515803,89,continuante,Pública,EDI,5.0,5.11,Rocha Miranda,-22.845923,-43.351168,25.0,9.0,96.58506525460696,81.82031887508069,86.52375628704218,True
1026811,EDI GERMANO THOME DE OLIVEIRA,23.470183965641745,23.206637996127206,61.96878449328851,13.863436009543882,35.47460325968636,1026811,43,continuante,Pública,EDI,10.0,10.27,Guaratiba,-22.986274,-43.628916,47.0,0.0,183.8933613648209,132.38343728102942,164.73119952837175,True
02032,CP PATRONATO OPERARIO DA GAVEA,23.45800807139986,19.140167827325275,26.756293937482695,11.279755279495317,39.05788340414233,2032,71,continuante,Parceira,Creche Parceira,2.0,2.4,GÁVEA,-22.96510697,-43.21660085,69.0,3.0,56.13084025698442,66.19171864051471,54.03858153715331,True
0817604,CM DRAMATURGO ALFREDO DE FREITAS DIAS GOMES,23.33482422521084,19.207656506074272,72.41379869498385,13.74754849381862,35.354237220960236,817604,156,continuante,Pública,Creche,8.0,8.26,Bangu,-22.843664,-43.467732,92.0,0.0,185.6579958646912,230.7516858162388,166.31189176627865,True
0817805,EDI RAFAEL PEREIRA DA SILVA,23.21957259252335,21.71003019532336,66.09492828901878,13.375104884512321,35.55782363466206,817805,106,continuante,Pública,EDI,8.0,8.25,Bangu,-22.857179,-43.453549,85.0,0.0,109.1009920548224,109.4002016419618,97.73504713232344,True
02052,CP CRECHE CASA SANTA MARTA,23.21146140786206,17.446287129585833,30.343608909776588,12.088632873275024,37.43021403674062,2052,137,continuante,Parceira,Creche Parceira,2.0,2.1,BOTAFOGO,-22.94853774,-43.19249665,89.0,2.0,135.54884581051442,162.72130832459865,130.55481113920737,True
08017,CP ASSOCIACAO CRECHE ESPERANCA - REALENGO,22.974488350513266,17.78196928703001,38.51557562402915,11.865865606198236,37.202671015579554,8017,232,continuante,,,,,,,,,,271.7771476408841,327.28127550032275,261.8062106973848,False
0918610,CM ESPERANCA DO AMANHA,22.867530680956786,20.46062739171691,25.51835653545313,13.5008964922344,34.57320423001552,918610,63,continuante,Pública,Creche,9.0,9.13,Cosmos,-22.903307,-43.618239,34.0,0.0,118.26963932720004,68.94970691720282,105.94797213135352,True
0209603,CM GALDINO MANOEL DA SILVA,22.783779063703694,19.297347925345136,21.001805033214524,12.680738964195282,35.527711792216756,209603,46,continuante,Pública,Creche,2.0,2.14,Andaraí - Jamelão,-22.933066,-43.260764,51.0,0.0,46.40365564721745,38.61183587363358,41.57314953211111,True
0515804,EDI FERNAO DIAS,22.388383911981965,28.371373857865,39.17969120386561,12.136155978804286,35.241603313405236,515804,85,continuante,Pública,EDI,5.0,5.14,Marechal Hermes,-22.857065,-43.373658,46.0,2.0,94.47006878198648,89.17495427958231,84.6292228994338,True
0918602,CM VITORIA DA PAZ,22.041349388713442,18.63338852246428,109.38633485498403,12.988022262213457,33.376240783714465,918602,126,continuante,Pública,Creche,9.0,9.22,Inhoaíba,-22.919706,-43.601994,118.0,0.0,229.42697511692927,121.35148417427698,205.5184725428284,True
0209803,EDI PROFESSORA SUELY DE PINHO CAVALCANTE,21.613302858069442,15.573949584756503,38.222344873764925,11.884379516677338,33.80330166691398,209803,34,continuante,Pública,EDI,2.0,2.17,Vila Isabel,-22.914416,-43.259923,55.0,0.0,99.22897184727674,52.401777257074144,88.89206721919201,True
0918821,EDI PROFESSORA ENYR PORTILHO DE AVELLAR,21.386433124184723,18.43996216938706,93.73982319587714,12.612875560538903,32.37217459832566,918821,169,continuante,Pública,EDI,9.0,9.1,Campo Grande,-22.859155,-43.536614,133.0,0.0,163.4253343522227,211.445767879422,146.39672196244447,True
0430605,CM NOVA HOLANDA,21.35316037055994,20.203878379651467,48.00417185602234,12.204911081800283,32.817271473371605,430605,73,continuante,Pública,Creche,4.0,4.7,Bonsucesso,-22.854467,-43.242888,45.0,6.0,79.4926346905816,127.7867901532159,71.21300661684866,True
06018,CP ASSOCIACAO CRECHE ESPERANCA - COELHO NETO,21.26484914217546,16.610676958711696,22.611237765602148,10.953758762419886,34.47668595604053,6018,181,continuante,,,,,,,,,,212.35643046899003,255.5735803064318,204.5563174054578,False
1019615,CM MARCOLINA,21.081703966875228,21.726238493232195,34.68604427381004,12.552620715068656,31.75033202378479,1019615,44,continuante,Pública,Creche,10.0,10.15,Santa Cruz,-22.929635,-43.662555,46.0,0.0,50.27167035888544,68.03037749164012,45.03797189698657,True
0817610,CM SEMPRE VIDA FAZENDA COQUEIROS,20.86057697669552,19.5669701523056,60.91812640279167,12.227931712147868,31.68763559790046,817610,128,continuante,Pública,Creche,8.0,8.22,Senador Camará,-22.869579,-43.502876,97.0,0.0,171.54156319116737,150.7700257922835,153.6669300826751,True
1019831,EDI PROFESSORA MARIA MESQUITA DE SIQUEIRA,20.722939778576976,20.498832377419884,235.6560317441932,12.290497305944715,31.271638912402597,1019831,218,continuante,Pública,EDI,10.0,10.2,Santa Cruz,-22.882892,-43.660717,168.0,0.0,246.54889150899763,282.23413364775024,220.8556314786668,True
0430813,EDI ARMANDO DE SALLES OLIVEIRA,20.704840598368015,20.2808134165458,19.12185945627797,11.673624441128343,32.03553934524477,430813,82,continuante,Pública,EDI,4.0,4.11,Ramos,-22.841106,-43.250621,63.0,14.0,67.69280493805921,95.61026025852124,60.64316657444502,True
0918813,EDI PROFESSOR MARCO ALTINO DE OLIVEIRA,20.35983821678587,16.19641101207163,110.08559427951577,11.989797221497733,30.841978031302233,918813,184,continuante,Pública,EDI,9.0,9.1,Carobinha -Campo Grande,-22.847942,-43.527432,119.0,0.0,180.36415904904865,187.54320281479167,161.56987478074973,True
11010,CP CHALE SEMENTINHA (ILHA DO GOVERNADOR),20.346330829912155,16.09155742312648,22.601360569142468,10.441788289345244,33.05295854742083,11010,54,continuante,,,,,,,,,,163.6613153470296,196.73649707041872,157.64021075034677,False
1019821,EDI PROFESSORA SOLANGE INACIA DE SA DE LACERDA,20.164115749476196,21.186153371203936,145.15822412853527,12.004735561821128,30.369730353836232,1019821,120,continuante,Pública,EDI,10.0,10.7,Santa Cruz,-22.903523,-43.707845,100.0,0.0,186.1873904585549,148.9313669411581,166.78610323887685,True
07043,CP ESPACO DE EDUCACAO INFANTIL PEQUENO APRENDIZ,20.074472614091054,15.428824204417403,22.471141939099578,10.389552120015937,32.46798736408996,7043,286,continuante,Parceira,Creche Parceira,7.0,7.25,VARGEM PEQUENA,-22.98893,-43.44052,68.0,27.0,204.7434621986716,246.3802860508048,197.22147645901205,True
1019815,EDI JOAO CORREA,19.96373506698951,19.606490411654516,82.76035549715289,11.816441622493185,30.151093624868423,1019815,92,continuante,Pública,EDI,10.0,10.5,Paciência,-22.916108,-43.651918,47.0,0.0,105.57502543806068,92.85227198183313,94.5766204872744,True
0918603,CM SEMPRE VIDA ELZA RABELO DE ANDRADE,19.873374145929866,19.19761897799844,52.72819550800611,11.756106368233347,30.023619149402894,918603,98,continuante,Pública,Creche,9.0,9.23,Cosmos,-22.918605,-43.621346,58.0,0.0,96.93757597254788,92.85227198183313,86.83952197744486,True
11009,CP CRECHE COMUNITARIA IRMA MOROCHA (CCIM),19.74100617114756,17.483847030167325,10.60469432621478,10.326502225502296,31.612052428128592,11009,147,continuante,Parceira,Creche Parceira,11.0,11.1,FREGUESIA (ILHA DO GOV.),-22.78936,-43.17063,54.0,13.0,129.47576544649894,155.36667292009702,124.7036097513613,True
0101803,EDI ANTONIO RAPOSO TAVARES,19.522309298106958,14.453414488834706,24.723912352275303,9.582655114894703,32.623107068584,101803,38,continuante,Pública,EDI,1.0,1.6,Gamboa,-22.895647,-43.19424,32.0,0.0,47.634219877989175,52.401777257074144,42.675442817259885,True
0431607,CM ACAUA,19.362854837059338,19.667918201640187,16.382400095794427,10.89997671699252,29.957657037382177,431607,32,continuante,Pública,Creche,4.0,4.24,Vigário Geral,-22.801972,-43.304736,37.0,0.0,21.498059368136992,49.643788980386034,19.26362950133986,True
0312802,EDI LUCIA MARIA BATISTA DE ALBUQUERQUE,19.263852644535632,18.087154223523896,68.38230782327572,10.775984454204128,29.914736629198977,312802,76,continuante,Pública,EDI,3.0,3.24,Ramos,-22.866994,-43.269147,64.0,1.0,120.20935345065044,99.28757796077208,107.68549413899112,True
10005,CP CRECHE COMUNITARIA JARDIM PEDRA AZUL,19.165417181826058,16.717986573838413,9.220043168774305,10.99148267257288,29.35822818621739,10005,26,continuante,Parceira,Creche Parceira,10.0,10.27,PEDRA DE GUARATIBA,-22.98161,-43.62566,37.0,0.0,32.966356143963175,37.69250644807087,31.72087697508167,True
0918809,EDI CAMPO GRANDE,18.98635354526922,16.927997156687574,20.01194530393382,11.29862180498286,28.617318625412782,918809,39,continuante,Pública,EDI,9.0,9.18,Campo Grande,-22.909046,-43.559383,17.0,0.0,89.35933395072944,65.272389214952,80.05122097454117,True
1019627,CM VOVO BENTA,18.94209451653853,21.965651026683,50.59292183292344,11.152321851076017,28.68295160933807,1019627,104,continuante,Pública,Creche,10.0,10.2,Sepetiba,-22.956258,-43.691301,61.0,0.0,69.98182510492992,115.83550762090076,62.6935841303906,True
02045,CP CREI - CENTRO DE RECUPERACAO INFANTIL,18.863086439692882,13.37344719898178,14.533725816635819,9.159940165710479,31.06562401903537,2045,63,continuante,Parceira,Creche Parceira,2.0,2.4,IPANEMA,-22.9816337,-43.20474171,49.0,1.0,41.898165382714936,48.724459554823326,40.32611590153684,True
0514802,EDI LUXEMBURGO,18.83743394019175,17.324707659645036,43.631348295946026,10.675489698468589,29.063567587737676,514802,81,continuante,Pública,EDI,5.0,5.3,Irajá,-22.822981,-43.316319,43.0,0.0,67.51673756695767,92.85227198183313,60.48545209084051,True
02020,CP CASA ESPIRITA CRISTA MARIA DE NAZARE,18.801011429696334,24.845651305895018,27.939817952447065,10.782535524540034,28.81175470593754,2020,104,continuante,,,,,,,,,,114.30350519361473,136.98008440884294,110.08567241271032,False
02034,CP CENTRO SOCIAL DA MULHER UEGA,18.772810115437725,22.505118672458725,14.397901491761218,10.529690771188163,29.112507718380563,2034,76,continuante,Parceira,Creche Parceira,2.0,2.6,ROCINHA,-22.99192815,-43.25085578,77.0,0.0,71.9397658789469,85.4976365773315,69.26980252951967,True
0515046,EM ADELMAR TAVARES,18.719175396359535,19.53385795023575,29.259357859419314,9.687758470919007,30.07339409203956,515046,55,continuante,Pública,Escola,5.0,5.12,Cavalcante,-22.877798,-43.314848,45.0,0.0,51.85446121765092,65.272389214952,46.45577641605863,True
09003,CP CRECHE SAO JORGE,18.571872951512397,15.952149754738791,11.771847056880276,10.96761914388548,28.091468240828448,9003,47,continuante,Parceira,Creche Parceira,9.0,9.18,CAMPO GRANDE,-22.92398,-43.52999,33.0,0.0,44.88688897493016,52.401777257074144,43.205587430474296,True
0918802,EDI PINTANDO O SETE,18.559190962040837,14.873606681098012,147.85270789413931,11.025633811530819,27.984280246550497,918802,198,continuante,Pública,EDI,9.0,9.6,Campo Grande,-22.881274,-43.613359,118.0,0.0,222.190267405188,238.10632122074043,199.0361060726933,True
0101602,CM VIRGINIA LEMOS,18.507020947301115,14.802415618181104,11.030207219661294,10.413272041020399,28.677493206368098,101602,58,continuante,Pública,Creche,1.0,1.1,Caju,-22.886423,-43.233212,58.0,0.0,60.65146965327913,61.5950715127012,54.3358048002554,True
0918820,EDI ALMO SATURNINO,18.474637949983975,15.722126582259024,24.795273878832184,10.981982125413094,27.853077627320808,918820,30,continuante,Pública,EDI,9.0,9.21,campo grande,-22.916753,-43.580605,41.0,0.0,61.70748121631553,58.83708323601308,55.28174004833593,True
0515021,EM MOZART LAGO,18.363167856499338,27.127568898211358,25.493351073959644,9.6387267284401,29.39311218844151,515021,71,continuante,Pública,Escola,5.0,5.17,Osvaldo Cruz,-22.872211,-43.350334,45.0,0.0,83.89700463045324,80.90098944951798,75.15827394840674,True
1019633,CM MERILUCE DE OLIVEIRA MULLER,18.08701404934051,18.597098036775854,56.8015585193491,10.744576555727875,27.27106079987054,1019633,44,continuante,Pública,Creche,10.0,10.21,Sepetiba,-22.946388,-43.681028,41.0,0.0,69.45356633082098,47.80513012926063,62.22038993572932,True
0918608,CM JARDIM MONTE SANTO,17.91399586428493,15.427306873922692,91.33987689447125,10.601661975237661,27.06526909863279,918608,125,continuante,Pública,Creche,9.0,9.16,Campo Grande,-22.912352,-43.532948,71.0,0.0,266.1434264629122,191.2205205170425,238.4076676348361,True
0410601,CM MANGUINHOS,17.376128932131415,15.835648833659242,8.966149020330137,9.704174120545764,26.99801274289355,410601,62,continuante,Pública,Creche,4.0,4.3,Manguinhos,-22.880445,-43.25004,42.0,2.0,90.94534423388866,56.07909495932496,81.47190868914704,True
0724806,EDI PROFESSORA RUTH CARDOSO,17.196220167049205,14.0411469683225,39.52963273168727,9.908858961334243,26.35298254475675,724806,93,continuante,Pública,EDI,7.0,7.29,Recreio dos Bandeirantes,-23.01423,-43.472804,70.0,2.0,168.18913970900678,161.80197889903596,150.66395704396828,True
0514501,CIEP DOM OSCAR ROMERO,16.92588929422576,20.02778160883086,23.527950292258723,9.263495558006944,26.466396498178025,514501,46,continuante,Pública,CIEP,5.0,5.4,Irajá,-22.834911,-43.330928,24.0,0.0,55.3725533077448,38.61183587363358,49.60715079407027,True
1019616,CM MARIA HELENA PAPERA MONTEIRO,16.71433547240768,16.853296330676727,63.29299630673178,9.919870882334127,25.213658071542483,1019616,60,continuante,Pública,Creche,10.0,10.17,Santa Cruz,-22.93332,-43.650062,83.0,0.0,57.13196958949748,85.4976365773315,51.18316953916169,True
1019625,CM NARIZINHO,16.523125412515803,16.79905922225576,34.075351576212086,9.698964292647084,25.049212857983655,1019625,41,continuante,Pública,Creche,10.0,10.2,Sepetiba,-22.961619,-43.689819,30.0,0.0,45.17325946128965,56.07909495932496,40.4710067281939,True
02002,CP EDUCANDARIO CASA DE JACIRA,16.400631086599887,10.973539501480895,14.717841793215126,8.774527118729088,25.95063047724346,2002,38,continuante,Parceira,Creche Parceira,2.0,2.11,TIJUCA,-22.92425287,-43.2207641,22.0,1.0,28.52623162430274,32.17652989469465,27.44315592054761,True
0724802,EDI PORFIRIO DIAS,16.007128211048805,16.40174706889127,68.94795043128377,8.931410900001541,24.840953280622173,724802,76,continuante,Pública,EDI,7.0,7.25,Vargem Grande,-22.975934,-43.484274,57.0,0.0,88.83068049167196,78.14300117282987,79.57767330188078,True
0622802,EDI PROFESSORA MILTOLINA DA SILVA,15.99813810078316,19.344427819997506,24.932339458343293,8.83874720699068,25.023713879713625,622802,50,continuante,Pública,EDI,6.0,6.16,Guadalupe,-22.850418,-43.375531,25.0,4.0,57.835800412910544,54.24043610819955,51.81363462956797,True
0515053,EM SENADOR FRANCISCO GALLOTTI,15.69892825039956,16.969878762525028,17.46075962105163,8.497045515346453,24.836278030783447,515053,34,continuante,Pública,Escola,5.0,5.15,Cascadura,-22.883904,-43.322462,23.0,2.0,40.42919872061272,56.99842438488767,36.22145434486621,True
0515503,CIEP METALURGICO BENEDITO CERQUEIRA,15.234249962473022,15.936025245837735,9.989054341320282,8.241721630478775,24.108640280672,515503,47,continuante,Pública,CIEP,5.0,5.12,Cascadura,-22.877129,-43.325708,25.0,0.0,56.95601751982585,63.433730363826605,51.02555831395922,True
1026603,CM SEMPRE VIDA COLONIA DOS PESCADORES,15.217382383132563,13.357591583337967,33.24420828371277,8.382849592064396,23.70796414684881,1026603,116,continuante,Pública,Creche,10.0,10.27,Pedra de Guaratiba,-23.00073,-43.637411,90.0,0.0,150.72288410524644,113.99684876977534,135.0183515934298,True
1019605,CM MARLENE DA SILVA CARDOSO,14.943040304440547,15.300068903284334,34.95959937167549,8.886211939426524,22.519360210746733,1019605,57,continuante,Pública,Creche,10.0,10.16,Santa Cruz,-22.932954,-43.658363,67.0,0.0,60.475474708510696,79.06233059839256,54.17815517865762,True
08025,CP ASSOCIACAO RECREATIVA MONIZ BARRETO,14.907037667583893,12.865481139933628,16.123227812805133,7.4441588161149,24.517931255396434,8025,56,continuante,Parceira,Creche Parceira,8.0,8.1,JARDIM SULACAP,-22.88886,-43.3991,46.0,1.0,55.37975513817646,65.272389214952,53.31494561136432,True
0123801,EDI HELOISA MARINHO,14.888641027596332,10.253665218817721,9.911664273920413,8.093718276836109,23.475772378549177,123801,14,continuante,Pública,EDI,1.0,1.11,Santa Teresa,-22.929564,-43.194951,12.0,0.0,18.18117676129044,20.22524736237949,16.29248017548954,True
02024,CP CRECHE ESCADINHA DO SABER,14.772829135214703,13.82355457822101,1.4175485523699585,7.528546151301159,23.755422244140806,2024,11,continuante,Parceira,Creche Parceira,2.0,2.11,ALTO DA BOA VISTA,-22.97184644,-43.28361504,15.0,0.0,15.396897571158664,15.628600234565974,14.794678561750777,True
0515064,EM MESTRE DARCY DO JONGO,14.688798631136414,13.933448266025808,12.581292961430762,8.042561442628555,23.08901352420834,515064,24,continuante,Pública,Escola,5.0,5.7,Madureira,-22.864996,-43.329074,23.0,0.0,22.371951358440075,19.30591793681679,20.046431310847343,True
10004,CP ESCOLA COMUNITARIA JARDIM BALAO MAGICO,14.515401449699908,15.111049346523089,9.325845132786705,8.627584831330658,21.880454951074917,10004,38,continuante,Parceira,Creche Parceira,10.0,10.11,SANTA CRUZ,-22.90336,-43.71409,90.0,3.0,50.87737055494525,59.75641266157579,48.97711163287909,True
1019610,CM CHAVE DO TAMANHO,14.478260290265904,14.847698735012571,34.90156202374838,8.474187776367305,21.97980956766564,1019610,56,continuante,Pública,Creche,10.0,10.23,Sepetiba,-22.979983,-43.681585,35.0,0.0,93.06013751214626,45.04714185257251,83.36626009127734,True
0430601,CM MENINO MALUQUINHO,14.057744892331039,14.06664919801782,24.860552393615052,7.958456835948284,21.711490179307003,430601,115,continuante,Pública,Creche,4.0,4.5,Bonsucesso,-22.871385,-43.238471,50.0,26.0,243.01849919331312,305.2173692868178,217.69324084915127,True
10014,CP CRECHE COMUNITARIA SAO JOAO BATISTA,14.030157104919912,12.581399953983766,8.01435895393258,8.217693816769028,21.288499876159264,10014,54,continuante,Parceira,Creche Parceira,10.0,10.28,PEDRA DE GUARATIBA,-22.98416,-43.65166,30.0,3.0,38.16961544145805,44.12781242700981,36.733876513715565,True
0515805,EDI ROCHA POMBO,14.017600697713288,19.166625325022025,23.72159795374195,7.315536510467952,22.392367046556103,515805,45,continuante,Pública,EDI,5.0,3.8,Quintino Bocaiúva,-22.886506,-43.312269,31.0,0.0,61.179466525951845,68.94970691720282,54.80876444598439,True
0107802,EDI MORRO DOS TELEGRAFOS,13.876010399232388,8.27139459789887,18.301511820098682,7.494721710828142,21.958418927937785,107802,16,continuante,Pública,EDI,1.0,1.3,São Cristóvão,-22.900287,-43.236696,11.0,0.0,23.07132841455427,12.87061195787786,20.672908618584767,True
1019618,CM LEUZA MARINS NOVAES S. SANTOS,13.855661556847654,14.281336442370996,61.906596816003955,8.240030052464132,20.880760627186937,1019618,75,continuante,Pública,Creche,10.0,10.7,Santa Cruz,-22.904981,-43.701708,94.0,0.0,85.30654587081712,98.36824853520936,76.42088744021595,True
0817505,CIEP MARECHAL JULIO CAETANO HORTA BARBOSA,13.751138841408107,13.2540054957778,10.003704906749237,8.08205851420536,20.850283343252936,817505,103,continuante,Pública,CIEP,8.0,8.1,Bangu,-22.883931,-43.479045,68.0,0.0,83.72081668191929,101.12623681189748,75.00045147711641,True
0515015,EM PADRE DEHON,13.633486174421272,17.748872625350746,27.250294273628857,7.0615449381821485,22.00199555984625,515015,80,continuante,Pública,Escola,5.0,5.17,Osvaldo Cruz,-22.879152,-43.351898,23.0,2.0,92.53142737252584,95.61026025852124,82.89266165446217,True
0515802,EDI GUSTAVO LESSA,13.599749803997327,15.494581519743688,37.24700640363839,7.4427623616264205,21.397852054123476,515802,96,continuante,Pública,EDI,5.0,5.9,Rocha Miranda,-22.841024,-43.347547,77.0,0.0,82.31135164972882,71.70769519389093,73.73790623782855,True
1019808,EDI GEOGRAFO AZIZ AB' SABER,12.87218191173704,12.429579669289211,23.55507257031782,7.60064633193767,19.46505936269106,1019808,82,continuante,Pública,EDI,10.0,10.3,Paciência,-22.894294,-43.6386,72.0,1.0,82.31135164972882,73.54635404501634,73.73790623782848,True
1019820,EDI INAIA WANDERLEY CARMO,12.590329175746117,13.016848615312732,58.20754048560569,7.371083210056167,19.11264306095696,1019820,54,continuante,Pública,EDI,10.0,10.9,Sepetiba,-22.962886,-43.70679,87.0,0.0,99.75777387110983,113.99684876977534,89.36574794989636,True
1019609,CM CANTINHO DA TIA DOLORES,12.452120379127894,12.741631393728747,110.99750323040327,7.383536288146788,18.79338796625186,1019609,76,continuante,Pública,Creche,10.0,10.8,Santa Cruz,-22.888959,-43.715865,96.0,0.0,133.965372535743,152.6086846434089,120.00761174612748,True
0833505,CIEP ARACY DE ALMEIDA (CANTORA),12.212152381183127,14.411321562311784,19.8195609565191,6.182113049267619,20.061356484762165,833505,25,continuante,Pública,CIEP,8.0,8.1,Sulacap,-22.889417,-43.384375,20.0,0.0,39.90227079377284,30.337871043569244,35.7494519339213,True
07025,CP INSTITUTO CONSUELO PINHEIRO,11.976690446938898,10.568225403226888,17.76860592227796,5.935173662188294,19.778229463258995,7025,177,continuante,Parceira,Creche Parceira,7.0,7.16,CIDADE DE DEUS / JACAREPAGUÁ,-22.94804,-43.35885,177.0,2.0,172.78601638867923,207.7684501771712,166.4315508908677,True
0431608,CM ARI PIMENTEL,11.92883180353974,10.42328729694131,7.833933608148761,6.318086501731628,18.978733613792404,431608,8,continuante,Pública,Creche,4.0,4.23,Parada de Lucas,-22.812555,-43.296036,3.0,0.0,50.09581906586868,4.5966471278135215,44.8804509191738,True
0107801,EDI PROFESSORA DAYSE MALAGOLE,11.900038817548158,9.117361757922563,30.471013612452143,6.485605767843479,18.699576559195897,107801,48,continuante,Pública,EDI,1.0,1.4,Vasco da Gama,-22.890748,-43.230827,40.0,0.0,63.643682723793845,36.77317702250817,57.01611614554941,True
0716612,CM TIA AUTA,11.776877258741983,10.535132477197795,81.82451304454506,6.740525719981118,18.0987621719595,716612,150,continuante,Pública,Creche,7.0,7.8,Jacarepaguá - Taquara,-22.915653,-43.420588,96.0,17.0,177.1879553818014,162.72130832459865,158.72475274511172,True
1019604,CM AYRTON SENNA,10.565050402882827,10.880201870842033,52.77098282552144,6.2795889696875085,15.926288400584486,1019604,63,continuante,Pública,Creche,10.0,10.7,Santa Cruz,-22.902828,-43.705531,57.0,0.0,65.0519691841677,74.46568347057905,58.27760587679057,True
0107803,EDI DOIS DE JULHO,10.49896506441726,8.051571955792209,19.457891770144442,5.763858303025598,16.433607243846943,107803,45,continuante,Pública,EDI,1.0,1.2,São Cristóvão,-22.891507,-43.233074,31.0,0.0,39.19976516880679,42.2891535758844,35.12017353942421,True
0918804,EDI RENAN DE SOUZA LEAL,10.48506376797287,9.258679363870051,24.001065332154592,6.196599289584902,15.853237180366978,918804,53,continuante,Pública,EDI,9.0,9.6,Campo Grande,-22.879399,-43.614001,57.0,0.0,61.355469458062665,61.5950715127012,54.96642122063464,True
0431801,EDI CARVALHO MOURAO,10.462364675266596,12.151757516153538,14.751999644525766,5.667102250429075,16.482347682072167,431801,26,continuante,Pública,EDI,4.0,4.22,Cordovil,-22.819887,-43.295081,23.0,0.0,26.221063229718304,27.579882766881127,23.49432869999784,True
0716814,EDI PROFESSORA EMILIA MARIA VIEIRA DE OLIVEIRA,10.325373490638864,11.036245355806152,72.03816811423437,5.938400398268181,15.829130990964313,716814,818,continuante,Pública,EDI,7.0,7.22,RIO DAS PEDRAS,-22.974188,-43.331099,92.0,473.0,344.7096018166565,452.3100773768505,308.78424677816224,True
0918611,CM MARIO LOMBARDI,10.152849644011601,8.719926117569852,33.16814340118048,6.0222543616649,15.322389947151706,918611,43,continuante,Pública,Creche,9.0,9.6,Campo Grande,-22.88353,-43.604592,57.0,0.0,73.50388924436525,58.83708323601308,65.84851567680779,True
1019818,EDI RENEE BISCAIA RAPOSO,9.97246170053808,9.783571917158518,17.901714243006673,5.857573812997852,15.104022751703102,1019818,41,continuante,Pública,EDI,10.0,10.19,Paciência,-22.919608,-43.624282,47.0,0.0,95.35130302406247,98.36824853520936,85.41859901408105,True
0227601,CM CASTELINHO,9.927385771475043,14.759552073679805,26.980052035907384,5.429789502543005,15.576146338012393,227601,44,continuante,Pública,Creche,2.0,2.8,Rocinha,-22.987364,-43.246889,22.0,0.0,145.6070855601564,53.32110668263685,130.43581436999548,True
0121001,EM JOAQUIM MANUEL DE MACEDO,9.797760669760367,9.097216922191919,31.65747259545009,5.162226411483539,15.635621094681577,121001,56,continuante,Pública,Escola,1.0,1.12,Paquetá,-22.753151,-43.109534,85.0,0.0,30.776605808803943,38.61183587363358,27.57501839692729,True
0515501,CIEP AUGUSTO PINHEIRO DE CARVALHO,9.789909065101034,11.948958123693783,16.34492390045279,5.268848608929473,15.468216618075463,515501,76,continuante,Pública,CIEP,5.0,5.18,Marechal Hermes,-22.861625,-43.377995,35.0,0.0,88.65446455197537,73.54635404501634,79.41982576140754,True
0514009,EM MATO GROSSO,9.629568483332172,9.602942285178688,12.440673440531764,5.303903143218515,15.057000394997337,514009,64,continuante,Pública,Escola,5.0,5.2,Irajá,-22.842919,-43.326192,46.0,0.0,66.10825790039848,63.433730363826605,59.22378933120367,True
0431803,EDI PROFESSOR EMMANUEL PEREIRA FILHO,9.61036208484636,10.756292612206474,28.354893333002988,5.193888265345144,15.155863043068763,431803,31,continuante,Pública,EDI,4.0,4.21,Cordovil,-22.825848,-43.309081,18.0,0.0,40.42919872061268,27.579882766881127,36.22145434486624,True
0514803,EDI JOSE ALPOIM,9.540582018464075,10.154016672365387,34.04122290180403,5.142863597190073,15.039742747258286,514803,58,continuante,Pública,EDI,5.0,5.8,Colégio,-22.843475,-43.331615,48.0,2.0,60.475474708510696,52.401777257074144,54.17815517865757,True
1019626,CM PEDRINHO,9.091881600902214,9.146915162156843,26.960019256626516,5.335688128306516,13.785579358070258,1019626,52,continuante,Pública,Creche,10.0,10.21,Sepetiba,-22.958718,-43.68282,28.0,0.0,43.94304052782617,45.96647127813522,39.369022649442165,True
0103806,EDI FUNDACAO LEAO XIII,8.98552368225829,6.317676375605437,9.343466148902788,4.622170453511903,14.444103813715607,103806,19,continuante,Pública,EDI,1.0,1.9,Estácio,-22.919603,-43.203214,30.0,0.0,13.48269731299592,7.354635404501635,12.08373580202588,True
0410810,EDI MIGUEL COUTO,8.95713926483685,8.820800223853071,34.831774070126585,4.913543735708059,13.992208343854124,410810,42,continuante,Pública,EDI,4.0,4.13,Olaria,-22.839343,-43.267453,27.0,0.0,112.4508925371864,44.12781242700981,100.73576041001606,True
0313806,EDI EDUCANDARIO DE SANTA CRUZ,8.597557594338385,9.079662018079667,15.564277987963576,4.549470190704679,13.683613341302078,313806,28,continuante,Pública,EDI,3.0,3.8,Piedade,-22.882647,-43.306307,20.0,0.0,88.302035514944,31.25720046913195,79.10413322612229,True
0918819,EDI JOARI,8.5124645470936,7.640210838970397,4.070904297034465,5.050918707953461,12.848855983074982,918819,18,continuante,Pública,EDI,9.0,9.18,Campo Grande,-22.91385,-43.552316,19.0,0.0,52.90977974729873,42.2891535758844,47.40109103072929,True
0716805,EDI ANNA MARIA NIEMEYER,8.503146274716597,10.889161553764973,83.77465760218533,4.819600147049543,13.129936976801181,716805,451,continuante,Pública,EDI,7.0,7.19,Jacarepaguá,-22.977493,-43.332264,45.0,280.0,374.9039050602264,501.0345369316738,335.8311502393202,True
1120201,CIEP OLGA BENARIO PRESTES,8.340149091015983,9.907585675835286,10.452329401834307,2.7250307189484277,15.555354440686214,1120201,34,continuante,Pública,CIEP,11.0,11.6,Cocotá,-22.814275,-43.182585,21.0,0.0,30.25066673389888,34.01518874582006,27.10390139494028,True
0102803,EDI RACHEL DE QUEIROZ,7.907523564731412,5.350120099187086,30.719376622489968,3.779784528641369,13.227513897474273,102803,53,continuante,Pública,EDI,1.0,1.7,Praça Onze,-22.907017,-43.194719,60.0,0.0,72.62331955073292,61.5950715127012,65.0597347344205,True
1026801,EDI SAMIRA PIRES RIBEIRO,7.8656167589658015,7.655742104546246,29.385715460520576,4.604867305850522,11.939113234915293,1026801,36,continuante,Pública,EDI,10.0,10.24,Guaratiba,-22.984621,-43.659773,47.0,0.0,134.1417493665746,95.61026025852124,120.16560338707517,True
1019807,EDI PROFESSOR ANTONIO ALFREDO MERCADANTE,7.805321079333444,7.80538823800458,68.17728801984593,4.616812884406284,11.79490367106117,1019807,107,continuante,Pública,EDI,10.0,10.2,SANTA CRUZ,-22.883481,-43.661004,68.0,0.0,89.53555363810025,100.20690738633476,80.20907187148933,True
1019601,CM SEMPRE VIDA VALE DO SOL,7.795770004763883,8.03995680646777,28.35766459415767,4.635003472042245,11.74996105671223,1019601,29,continuante,Pública,Creche,10.0,10.7,Santa Cruz,-22.903021,-43.705841,43.0,0.0,48.86494364419754,36.77317702250817,43.77787896475043,True
1019822,EDI PROFESSORA KATIA MIRANDA SANTOS,7.3245085719210135,7.498466709905408,30.304868879873787,4.328505212005619,11.071467090973744,1019822,36,continuante,Pública,EDI,10.0,10.21,Sepetiba,-22.956389,-43.687368,47.0,0.0,150.0172398639069,130.544778429904,134.3862623963361,True
0411604,CM BETINHO,7.006669701745113,6.423898344423769,9.276348760126023,3.87586320819612,10.930201373112176,411604,11,continuante,Pública,Creche,4.0,4.18,Penha,-22.846304,-43.291751,23.0,0.0,90.0642182521949,32.17652989469465,80.68262953478032,True
0431601,CM LUIS CARLOS DE OLIVEIRA CAMARA,6.9815127854351156,7.660423836755907,13.74146420889131,3.7742485374662413,11.009673908328063,431601,23,continuante,Pública,Creche,4.0,4.22,Cordovil,-22.81681,-43.290269,21.0,0.0,95.7038024711405,12.87061195787786,85.73435461000412,True
1019806,EDI PROFESSOR RUBEM GONCALVES,6.883304265817763,6.933150883223937,42.77915508567473,4.075993404931806,10.395723421815328,1019806,64,continuante,Pública,EDI,10.0,10.2,Santa Cruz,-22.886309,-43.66621,74.0,0.0,86.53994817019353,96.52958968408394,77.5257223523388,True
0209804,EDI PROFESSORA LUCIA MARIA QUITETE DE CARVALHO AMARAL,6.732681074922579,4.63417003962678,15.374983679186535,3.425878772115988,10.817348728070588,209804,15,continuante,Pública,EDI,2.0,2.14,Grajaú,-22.928467,-43.26525,19.0,0.0,40.25355151991399,11.951282532315156,36.06411612609281,True
0411607,CM MARIA ALTAMIRA C. OLEGARIO,6.638260660631841,6.492727809449072,14.587170556937027,3.5320224483612153,10.546306115612914,411607,5,continuante,Pública,Creche,4.0,4.2,Vila Da Penha,-22.83427,-43.298281,2.0,0.0,50.62338169828783,9.193294255627045,45.35302169129052,True
02062,CP CENTRO EDUCACIONAL ROUPA FELIZ,6.591714342186146,9.26103612759131,5.166968083144454,3.7041495383847884,10.211578277055672,2062,13,continuante,,,,,,,,,,24.11058176265536,26.660553341318423,23.189083141244467,False
0410804,EDI SARGENTO JORGE FALEIRO SOUZA,6.4550306264318555,6.378549249781309,10.042734338675093,3.5478974492828836,10.070128945667738,410804,22,continuante,Pública,EDI,4.0,4.15,Olaria,-22.85192,-43.273958,19.0,0.0,46.75522866459847,18.38658851125409,41.88807545984112,True
0918818,EDI FRANCISCO JOSE DE MORAES,6.21690782054749,5.425270589761128,75.46826970794694,3.653697813490389,9.4257757220884,918818,101,continuante,Pública,EDI,9.0,9.6,Inhoaíba,-22.884711,-43.621103,68.0,1.0,138.19852870686196,110.31953106752452,123.79951165043086,True
0204804,EDI PROFESSORA SARITA KONDER,6.199526455851239,4.638836369011237,16.15024774492031,3.0691384206126373,10.181340505671493,204804,30,continuante,Pública,EDI,2.0,2.2,Laranjeiras,-22.93676,-43.1972,22.0,1.0,81.07812726290209,45.04714185257251,72.63323066529401,True
0411609,CM TIA RUTH COSTA DOS SANTOS,6.111643034113063,5.724457092017277,22.762753406453076,3.3653219883717442,9.553351299976383,411609,31,continuante,Pública,Creche,4.0,4.13,Penha,-22.837612,-43.266566,25.0,0.0,109.27729709318864,19.30591793681679,97.89297447211258,True
0227602,CM IACYRA FRAZAO,5.360262344617864,7.483669842159363,12.365605788023373,2.907868483002151,8.439529815201384,227602,15,continuante,Pública,Creche,2.0,2.8,Rocinha,-22.985511,-43.246407,8.0,0.0,32.17944415909957,20.22524736237949,28.831629583734944,True
1019619,CM SANTA TEREZINHA,4.879646235425245,4.968618844298038,35.71191969742001,2.8879794438795723,7.371681093443978,1019619,41,continuante,Pública,Creche,10.0,10.8,Santa Cruz,-22.900768,-43.723326,35.0,0.0,65.22801297735225,61.5950715127012,58.43529924481879,True
0622810,EDI ANTONIO FRANCISCO LISBOA,4.61457658715625,5.111126971034935,9.661399859677102,2.550200538432558,7.21016508619399,622810,61,continuante,Pública,Escola,6.0,6.15,Guadalupe,-22.832775,-43.376768,50.0,0.0,65.58010578287852,50.563118405948735,58.75069065495738,True
0411804,EDI MORRO DA FE,3.3625852771463967,3.0995916226948523,5.872962433916518,1.7758687912145033,5.367820822860751,411804,4,continuante,Pública,EDI,4.0,4.19,Vila Da Penha,-22.84704,-43.296892,15.0,0.0,29.02376008500698,32.17652989469465,26.004883136609063,True
1019811,EDI PROFESSORA RAQUEL KELLY LANERA,3.1680517908745407,3.111819166758756,26.505490225168394,1.8456631799358334,4.8202920086678525,1019811,55,continuante,Pública,EDI,10.0,10.1,Santa Cruz,-22.87566,-43.634503,50.0,0.0,40.78050660195154,39.53116529919628,36.5361428529266,True
1019824,EDI PROFESSORA LILIA CHAVES DA COSTA,2.920404185593658,3.0640196711590475,11.624334666626146,1.7139677080622067,4.42940810909974,1019824,26,continuante,Pública,EDI,10.0,10.21,Sepetiba,-22.956647,-43.68821,24.0,0.0,117.564304609951,44.12781242700981,105.31616016352504,True
1019624,CM ZACARIAS - O TRAPALHAO,2.0352809044119478,2.0450373804738704,11.762731544744236,1.1999159562579644,3.0805298975118642,1019624,27,continuante,Pública,Creche,10.0,10.7,Santa Cruz,-22.903753,-43.714566,18.0,0.0,61.53147435857699,23.90256506463032,55.12407975808858,True
