ano,territorio,grupamento_modelo,inscritos,universo_elegivel_proxy,tendencia,tend_bercario,tend_maternal_i,tend_maternal_ii,ano_caged_lag1,caged_taxa_lag1,caged_estoque_dez_lag1,previsto,taxa_anterior,prev_persistencia,ano_teste,modelo
2024,ABOLICAO,Bercario,31,154.0,3,3,0,0,2023,0.03636678039942394,2007743,13.77104302705585,0.07058823529411765,10.870588235294118,2024,PPML-FE base replicado
2024,ABOLICAO,Maternal I,22,92.0,3,0,3,0,2023,0.03636678039942394,2007743,12.876866643820708,0.0875,8.049999999999999,2024,PPML-FE base replicado
2024,ABOLICAO,Maternal II,11,80.0,3,0,0,3,2023,0.03636678039942394,2007743,7.0925210183262335,0.07079646017699115,5.663716814159292,2024,PPML-FE base replicado
2024,ACARI,Bercario,235,822.0,3,3,0,0,2023,0.03636678039942394,2007743,166.21696975100156,0.2745341614906832,225.6670807453416,2024,PPML-FE base replicado
2024,ACARI,Maternal I,276,398.0,3,0,3,0,2023,0.03636678039942394,2007743,125.9687649599752,0.4004914004914005,159.3955773955774,2024,PPML-FE base replicado
2024,ACARI,Maternal II,109,407.0,3,0,0,3,2023,0.03636678039942394,2007743,81.59480001877812,0.18292682926829268,74.45121951219512,2024,PPML-FE base replicado
2024,AGUA SANTA,Bercario,18,123.0,3,3,0,0,2023,0.03636678039942394,2007743,13.785007280096456,0.023255813953488372,2.8604651162790695,2024,PPML-FE base replicado
2024,AGUA SANTA,Maternal I,31,60.0,3,0,3,0,2023,0.03636678039942394,2007743,10.525176685871951,0.21739130434782608,13.043478260869565,2024,PPML-FE base replicado
2024,AGUA SANTA,Maternal II,10,69.0,3,0,0,3,2023,0.03636678039942394,2007743,7.666824273811291,0.12658227848101267,8.734177215189874,2024,PPML-FE base replicado
2024,ALTO BOA VISTA,Bercario,63,169.0,3,3,0,0,2023,0.03636678039942394,2007743,23.833308293760247,0.22093023255813954,37.33720930232558,2024,PPML-FE base replicado
2024,ALTO BOA VISTA,Maternal I,29,102.0,3,0,3,0,2023,0.03636678039942394,2007743,22.515109023944238,0.13043478260869565,13.304347826086957,2024,PPML-FE base replicado
2024,ALTO BOA VISTA,Maternal II,15,92.0,3,0,0,3,2023,0.03636678039942394,2007743,12.863228476370212,0.125,11.5,2024,PPML-FE base replicado
2024,ANCHIETA,Bercario,280,1387.0,3,3,0,0,2023,0.03636678039942394,2007743,194.76634326414117,0.15138888888888888,209.97638888888886,2024,PPML-FE base replicado
2024,ANCHIETA,Maternal I,380,694.0,3,0,3,0,2023,0.03636678039942394,2007743,152.53628891880018,0.211864406779661,147.03389830508473,2024,PPML-FE base replicado
2024,ANCHIETA,Maternal II,206,826.0,3,0,0,3,2023,0.03636678039942394,2007743,114.99581269141542,0.14103923647932132,116.4984093319194,2024,PPML-FE base replicado
2024,ANDARAI,Bercario,114,506.0,3,3,0,0,2023,0.03636678039942394,2007743,51.042970862092744,0.12992125984251968,65.74015748031496,2024,PPML-FE base replicado
2024,ANDARAI,Maternal I,56,239.0,3,0,3,0,2023,0.03636678039942394,2007743,37.73632331556907,0.08108108108108109,19.37837837837838,2024,PPML-FE base replicado
2024,ANDARAI,Maternal II,18,296.0,3,0,0,3,2023,0.03636678039942394,2007743,29.603405092144705,0.060714285714285714,17.97142857142857,2024,PPML-FE base replicado
2024,ANIL,Bercario,349,806.0,3,3,0,0,2023,0.03636678039942394,2007743,403.49143293050753,0.37530266343825663,302.49394673123487,2024,PPML-FE base replicado
2024,ANIL,Maternal I,426,387.0,3,0,3,0,2023,0.03636678039942394,2007743,303.2400067216841,0.8445945945945946,326.8581081081081,2024,PPML-FE base replicado
2024,ANIL,Maternal II,426,444.0,3,0,0,3,2023,0.03636678039942394,2007743,220.36711016159316,0.8547619047619047,379.5142857142857,2024,PPML-FE base replicado
2024,BANCARIOS,Bercario,95,309.0,3,3,0,0,2023,0.03636678039942394,2007743,44.7355727460163,0.1723076923076923,53.24307692307692,2024,PPML-FE base replicado
2024,BANCARIOS,Maternal I,54,139.0,3,0,3,0,2023,0.03636678039942394,2007743,31.498188601913235,0.22641509433962265,31.471698113207548,2024,PPML-FE base replicado
2024,BANCARIOS,Maternal II,14,159.0,3,0,0,3,2023,0.03636678039942394,2007743,22.822130108557644,0.21232876712328766,33.76027397260274,2024,PPML-FE base replicado
2024,BANGU,Bercario,1122,4599.0,3,3,0,0,2023,0.03636678039942394,2007743,846.4117699245911,0.20059642147117296,922.5429423459244,2024,PPML-FE base replicado
2024,BANGU,Maternal I,966,2569.0,3,0,3,0,2023,0.03636678039942394,2007743,740.0458795617221,0.31390134529147984,806.4125560538117,2024,PPML-FE base replicado
2024,BANGU,Maternal II,639,2676.0,3,0,0,3,2023,0.03636678039942394,2007743,488.27998606700066,0.19642857142857142,525.6428571428571,2024,PPML-FE base replicado
2024,BARRA GUARATIBA,Bercario,14,128.0,3,3,0,0,2023,0.03636678039942394,2007743,9.58350846735631,0.0234375,3.0,2024,PPML-FE base replicado
2024,BARRA GUARATIBA,Maternal I,24,71.0,3,0,3,0,2023,0.03636678039942394,2007743,8.32049504468187,0.02531645569620253,1.7974683544303798,2024,PPML-FE base replicado
2024,BARRA GUARATIBA,Maternal II,26,79.0,3,0,0,3,2023,0.03636678039942394,2007743,5.864165014763082,0.05172413793103448,4.086206896551724,2024,PPML-FE base replicado
2024,BARRA TIJUCA,Bercario,58,2378.0,3,3,0,0,2023,0.03636678039942394,2007743,67.70471083720989,0.02369077306733167,56.33665835411471,2024,PPML-FE base replicado
2024,BARRA TIJUCA,Maternal I,96,1196.0,3,0,3,0,2023,0.03636678039942394,2007743,53.298436991500616,0.03986981285598047,47.68429617575264,2024,PPML-FE base replicado
2024,BARRA TIJUCA,Maternal II,35,1229.0,3,0,0,3,2023,0.03636678039942394,2007743,34.691529707410176,0.02680565897244974,32.944154877140726,2024,PPML-FE base replicado
2024,BARROS FILHO,Bercario,115,409.0,3,3,0,0,2023,0.03636678039942394,2007743,67.28490321069455,0.17274939172749393,70.65450121654501,2024,PPML-FE base replicado
2024,BARROS FILHO,Maternal I,62,224.0,3,0,3,0,2023,0.03636678039942394,2007743,57.679116393680594,0.2648221343873518,59.320158102766804,2024,PPML-FE base replicado
2024,BARROS FILHO,Maternal II,58,253.0,3,0,0,3,2023,0.03636678039942394,2007743,41.264764914818166,0.20425531914893616,51.676595744680846,2024,PPML-FE base replicado
2024,BENFICA,Bercario,364,728.0,3,3,0,0,2023,0.03636678039942394,2007743,186.28553789981038,0.3227665706051873,234.97406340057637,2024,PPML-FE base replicado
2024,BENFICA,Maternal I,234,374.0,3,0,3,0,2023,0.03636678039942394,2007743,149.7944143542398,0.3873239436619718,144.85915492957747,2024,PPML-FE base replicado
2024,BENFICA,Maternal II,156,426.0,3,0,0,3,2023,0.03636678039942394,2007743,108.07416531607474,0.25461254612546125,108.4649446494465,2024,PPML-FE base replicado
2024,BENTO RIBEIRO,Bercario,100,620.0,3,3,0,0,2023,0.03636678039942394,2007743,76.06568490363142,0.06605222734254992,40.952380952380956,2024,PPML-FE base replicado
2024,BENTO RIBEIRO,Maternal I,122,350.0,3,0,3,0,2023,0.03636678039942394,2007743,67.21116003896151,0.15458937198067632,54.106280193236714,2024,PPML-FE base replicado
2024,BENTO RIBEIRO,Maternal II,87,414.0,3,0,0,3,2023,0.03636678039942394,2007743,50.35724494821166,0.17266187050359713,71.48201438848922,2024,PPML-FE base replicado
2024,BONSUCESSO,Bercario,439,1139.0,3,3,0,0,2023,0.03636678039942394,2007743,158.34477644163144,0.17119155354449472,194.9871794871795,2024,PPML-FE base replicado
2024,BONSUCESSO,Maternal I,362,584.0,3,0,3,0,2023,0.03636678039942394,2007743,127.07763407694354,0.20728643216080403,121.05527638190955,2024,PPML-FE base replicado
2024,BONSUCESSO,Maternal II,207,796.0,3,0,0,3,2023,0.03636678039942394,2007743,109.71287984536364,0.09943502824858758,79.1502824858757,2024,PPML-FE base replicado
2024,BOTAFOGO,Bercario,112,1095.0,3,3,0,0,2023,0.03636678039942394,2007743,47.2489075086617,0.033391915641476276,36.564147627416524,2024,PPML-FE base replicado
2024,BOTAFOGO,Maternal I,71,571.0,3,0,3,0,2023,0.03636678039942394,2007743,38.564705265155986,0.06164383561643835,35.1986301369863,2024,PPML-FE base replicado
2024,BOTAFOGO,Maternal II,35,584.0,3,0,0,3,2023,0.03636678039942394,2007743,24.983600645073366,0.03770739064856712,22.021116138763198,2024,PPML-FE base replicado
2024,BRAS PINA,Bercario,192,807.0,3,3,0,0,2023,0.03636678039942394,2007743,61.58233866621396,0.039125431530494824,31.574223245109323,2024,PPML-FE base replicado
2024,BRAS PINA,Maternal I,172,452.0,3,0,3,0,2023,0.03636678039942394,2007743,53.98801180300469,0.09368191721132897,42.344226579520694,2024,PPML-FE base replicado
2024,BRAS PINA,Maternal II,73,459.0,3,0,0,3,2023,0.03636678039942394,2007743,34.726407616894484,0.05042016806722689,23.142857142857142,2024,PPML-FE base replicado
2024,CACHAMBI,Bercario,97,600.0,3,3,0,0,2023,0.03636678039942394,2007743,34.31097132523913,0.03054662379421222,18.327974276527332,2024,PPML-FE base replicado
2024,CACHAMBI,Maternal I,73,316.0,3,0,3,0,2023,0.03636678039942394,2007743,28.284278276500704,0.08181818181818182,25.854545454545455,2024,PPML-FE base replicado
2024,CACHAMBI,Maternal II,33,330.0,3,0,0,3,2023,0.03636678039942394,2007743,18.709416039703797,0.03225806451612903,10.64516129032258,2024,PPML-FE base replicado
2024,CACUIA,Bercario,31,179.0,3,3,0,0,2023,0.03636678039942394,2007743,17.338322021275435,0.09883720930232558,17.691860465116278,2024,PPML-FE base replicado
2024,CACUIA,Maternal I,26,83.0,3,0,3,0,2023,0.03636678039942394,2007743,12.583700766924132,0.11214953271028037,9.30841121495327,2024,PPML-FE base replicado
2024,CACUIA,Maternal II,25,107.0,3,0,0,3,2023,0.03636678039942394,2007743,10.275485282740563,0.18947368421052632,20.273684210526316,2024,PPML-FE base replicado
2024,CAJU,Bercario,176,660.0,3,3,0,0,2023,0.03636678039942394,2007743,132.36556115310228,0.26646706586826346,175.86826347305387,2024,PPML-FE base replicado
2024,CAJU,Maternal I,147,337.0,3,0,3,0,2023,0.03636678039942394,2007743,105.78819979805982,0.3515850144092219,118.48414985590779,2024,PPML-FE base replicado
2024,CAJU,Maternal II,37,347.0,3,0,0,3,2023,0.03636678039942394,2007743,68.99618444317254,0.21739130434782608,75.43478260869566,2024,PPML-FE base replicado
2024,CAMORIM,Bercario,121,203.0,3,3,0,0,2023,0.03636678039942394,2007743,77.64662063681321,0.5480769230769231,111.2596153846154,2024,PPML-FE base replicado
2024,CAMORIM,Maternal I,80,85.0,3,0,3,0,2023,0.03636678039942394,2007743,50.888740604291606,0.9887640449438202,84.04494382022472,2024,PPML-FE base replicado
2024,CAMORIM,Maternal II,58,89.0,3,0,0,3,2023,0.03636678039942394,2007743,33.75056579824696,0.373134328358209,33.2089552238806,2024,PPML-FE base replicado
2024,CAMPINHO,Bercario,45,207.0,3,3,0,0,2023,0.03636678039942394,2007743,21.31383182615849,0.09389671361502347,19.43661971830986,2024,PPML-FE base replicado
2024,CAMPINHO,Maternal I,27,113.0,3,0,3,0,2023,0.03636678039942394,2007743,18.211507165979306,0.10416666666666667,11.770833333333334,2024,PPML-FE base replicado
2024,CAMPINHO,Maternal II,36,144.0,3,0,0,3,2023,0.03636678039942394,2007743,14.70002967462349,0.22807017543859648,32.84210526315789,2024,PPML-FE base replicado
2024,CAMPO AFONSOS,Bercario,3,72.0,3,3,0,0,2023,0.03636678039942394,2007743,6.771400970914003,0.016666666666666666,1.2,2024,PPML-FE base replicado
2024,CAMPO AFONSOS,Maternal I,5,29.0,3,0,3,0,2023,0.03636678039942394,2007743,4.268942343479682,0.1,2.9000000000000004,2024,PPML-FE base replicado
2024,CAMPO AFONSOS,Maternal II,5,30.0,3,0,0,3,2023,0.03636678039942394,2007743,2.7972534608664703,0.1111111111111111,3.333333333333333,2024,PPML-FE base replicado
2024,CAMPO GRANDE,Bercario,1787,7585.0,3,3,0,0,2023,0.03636678039942394,2007743,1262.7186827896746,0.1707014276846679,1294.770328988206,2024,PPML-FE base replicado
2024,CAMPO GRANDE,Maternal I,1732,4155.0,3,0,3,0,2023,0.03636678039942394,2007743,1082.6754908421678,0.2804209603157202,1165.1490901118175,2024,PPML-FE base replicado
2024,CAMPO GRANDE,Maternal II,1170,4561.0,3,0,0,3,2023,0.03636678039942394,2007743,752.7930890146151,0.1836734693877551,837.7346938775511,2024,PPML-FE base replicado
2024,CASCADURA,Bercario,127,597.0,3,3,0,0,2023,0.03636678039942394,2007743,101.95409473506277,0.1806020066889632,107.81939799331103,2024,PPML-FE base replicado
2024,CASCADURA,Maternal I,91,294.0,3,0,3,0,2023,0.03636678039942394,2007743,78.58758234730526,0.24620060790273557,72.38297872340426,2024,PPML-FE base replicado
2024,CASCADURA,Maternal II,100,329.0,3,0,0,3,2023,0.03636678039942394,2007743,55.704562768200105,0.1984126984126984,65.27777777777777,2024,PPML-FE base replicado
2024,CATETE,Bercario,54,343.0,3,3,0,0,2023,0.03636678039942394,2007743,30.15393804407068,0.11976047904191617,41.07784431137725,2024,PPML-FE base replicado
2024,CATETE,Maternal I,36,160.0,3,0,3,0,2023,0.03636678039942394,2007743,22.016392400440786,0.12571428571428572,20.114285714285714,2024,PPML-FE base replicado
2024,CATETE,Maternal II,14,175.0,3,0,0,3,2023,0.03636678039942394,2007743,15.252902596630033,0.05434782608695652,9.51086956521739,2024,PPML-FE base replicado
2024,CATUMBI,Bercario,138,275.0,3,3,0,0,2023,0.03636678039942394,2007743,64.40854323175036,0.3890577507598784,106.99088145896657,2024,PPML-FE base replicado
2024,CATUMBI,Maternal I,72,181.0,3,0,3,0,2023,0.03636678039942394,2007743,66.35377165698328,0.3684210526315789,66.68421052631578,2024,PPML-FE base replicado
2024,CATUMBI,Maternal II,32,171.0,3,0,0,3,2023,0.03636678039942394,2007743,39.707397474755226,0.15714285714285714,26.87142857142857,2024,PPML-FE base replicado
2024,CAVALCANTE,Bercario,101,310.0,3,3,0,0,2023,0.03636678039942394,2007743,51.1661629506433,0.284375,88.15625,2024,PPML-FE base replicado
2024,CAVALCANTE,Maternal I,72,163.0,3,0,3,0,2023,0.03636678039942394,2007743,42.10997819093347,0.24479166666666666,39.901041666666664,2024,PPML-FE base replicado
2024,CAVALCANTE,Maternal II,61,192.0,3,0,0,3,2023,0.03636678039942394,2007743,31.418606180163756,0.20103092783505155,38.5979381443299,2024,PPML-FE base replicado
2024,CENTRO,Bercario,155,442.0,3,3,0,0,2023,0.03636678039942394,2007743,86.89305400121563,0.2550607287449393,112.73684210526316,2024,PPML-FE base replicado
2024,CENTRO,Maternal I,104,251.0,3,0,3,0,2023,0.03636678039942394,2007743,77.2347544135311,0.3505535055350554,87.9889298892989,2024,PPML-FE base replicado
2024,CENTRO,Maternal II,82,271.0,3,0,0,3,2023,0.03636678039942394,2007743,52.81978305572467,0.24,65.03999999999999,2024,PPML-FE base replicado
2024,CIDADE DEUS,Bercario,447,1150.0,3,3,0,0,2023,0.03636678039942394,2007743,242.76367956851215,0.182475884244373,209.84726688102896,2024,PPML-FE base replicado
2024,CIDADE DEUS,Maternal I,421,653.0,3,0,3,0,2023,0.03636678039942394,2007743,215.7621736654384,0.5013123359580053,327.35695538057746,2024,PPML-FE base replicado
2024,CIDADE DEUS,Maternal II,195,762.0,3,0,0,3,2023,0.03636678039942394,2007743,159.4796862364851,0.21388888888888888,162.98333333333332,2024,PPML-FE base replicado
2024,CIDADE NOVA,Bercario,34,87.0,3,3,0,0,2023,0.03636678039942394,2007743,15.368945510114782,0.2641509433962264,22.9811320754717,2024,PPML-FE base replicado
2024,CIDADE NOVA,Maternal I,19,60.0,3,0,3,0,2023,0.03636678039942394,2007743,16.59022686621954,0.5283018867924528,31.69811320754717,2024,PPML-FE base replicado
2024,CIDADE NOVA,Maternal II,10,53.0,3,0,0,3,2023,0.03636678039942394,2007743,9.28250555735856,0.1095890410958904,5.808219178082192,2024,PPML-FE base replicado
2024,CIDADE UNIVERSITARIA,Bercario,5,23.0,3,3,0,0,2023,0.03636678039942394,2007743,2.235517441583683,0.0,0.0,2024,PPML-FE base replicado
2024,CIDADE UNIVERSITARIA,Maternal I,6,15.0,3,0,3,0,2023,0.03636678039942394,2007743,2.2820110442928554,0.0,0.0,2024,PPML-FE base replicado
2024,CIDADE UNIVERSITARIA,Maternal II,3,10.0,3,0,0,3,2023,0.03636678039942394,2007743,0.963639861823401,0.07692307692307693,0.7692307692307693,2024,PPML-FE base replicado
2024,COCOTA,Bercario,15,91.0,3,3,0,0,2023,0.03636678039942394,2007743,9.094941443560236,0.14754098360655737,13.426229508196721,2024,PPML-FE base replicado
2024,COCOTA,Maternal I,17,70.0,3,0,3,0,2023,0.03636678039942394,2007743,10.95047129977872,0.0547945205479452,3.835616438356164,2024,PPML-FE base replicado
2024,COCOTA,Maternal II,10,73.0,3,0,0,3,2023,0.03636678039942394,2007743,7.233457017715297,0.09090909090909091,6.636363636363637,2024,PPML-FE base replicado
2024,COELHO NETO,Bercario,191,598.0,3,3,0,0,2023,0.03636678039942394,2007743,137.03599859788125,0.2627986348122867,157.15358361774744,2024,PPML-FE base replicado
2024,COELHO NETO,Maternal I,191,302.0,3,0,3,0,2023,0.03636678039942394,2007743,108.32200353790965,0.4222222222222222,127.5111111111111,2024,PPML-FE base replicado
2024,COELHO NETO,Maternal II,80,315.0,3,0,0,3,2023,0.03636678039942394,2007743,71.56630068597946,0.2198952879581152,69.26701570680629,2024,PPML-FE base replicado
2024,COLEGIO,Bercario,116,671.0,3,3,0,0,2023,0.03636678039942394,2007743,112.43820431377712,0.125,83.875,2024,PPML-FE base replicado
2024,COLEGIO,Maternal I,120,354.0,3,0,3,0,2023,0.03636678039942394,2007743,92.84764640699649,0.11271676300578035,39.90173410404624,2024,PPML-FE base replicado
2024,COLEGIO,Maternal II,102,346.0,3,0,0,3,2023,0.03636678039942394,2007743,57.48201846282262,0.2905982905982906,100.54700854700856,2024,PPML-FE base replicado
2024,COMPLEXO ALEMAO,Bercario,0,642.0,3,3,0,0,2023,0.03636678039942394,2007743,16.186883102231892,0.0,0.0,2024,PPML-FE base replicado
2024,COMPLEXO ALEMAO,Maternal I,1,213.0,3,0,3,0,2023,0.03636678039942394,2007743,8.405896959015163,0.006622516556291391,1.4105960264900663,2024,PPML-FE base replicado
2024,COMPLEXO ALEMAO,Maternal II,0,151.0,3,0,0,3,2023,0.03636678039942394,2007743,3.774589084656417,0.00234192037470726,0.35362997658079626,2024,PPML-FE base replicado
2024,COMPLEXO MARE,Bercario,586,2609.0,3,3,0,0,2023,0.03636678039942394,2007743,360.88435800226233,0.18494000827472074,482.5084815887464,2024,PPML-FE base replicado
2024,COMPLEXO MARE,Maternal I,475,1384.0,3,0,3,0,2023,0.03636678039942394,2007743,299.6445105964531,0.2818565400843882,390.0894514767933,2024,PPML-FE base replicado
2024,COMPLEXO MARE,Maternal II,319,1185.0,3,0,0,3,2023,0.03636678039942394,2007743,162.5087912307547,0.181890389197776,215.54011119936456,2024,PPML-FE base replicado
2024,COPACABANA,Bercario,362,1740.0,3,3,0,0,2023,0.03636678039942394,2007743,134.54572617116915,0.12305922944220817,214.12305922944222,2024,PPML-FE base replicado
2024,COPACABANA,Maternal I,212,865.0,3,0,3,0,2023,0.03636678039942394,2007743,104.69188573836185,0.10321100917431193,89.27752293577983,2024,PPML-FE base replicado
2024,COPACABANA,Maternal II,100,872.0,3,0,0,3,2023,0.03636678039942394,2007743,66.85004035305447,0.05760151085930123,50.228517469310674,2024,PPML-FE base replicado
2024,CORDOVIL,Bercario,215,734.0,3,3,0,0,2023,0.03636678039942394,2007743,79.32793759832508,0.11757269279393173,86.29835651074589,2024,PPML-FE base replicado
2024,CORDOVIL,Maternal I,149,422.0,3,0,3,0,2023,0.03636678039942394,2007743,71.38694731266064,0.09905660377358491,41.801886792452834,2024,PPML-FE base replicado
2024,CORDOVIL,Maternal II,82,424.0,3,0,0,3,2023,0.03636678039942394,2007743,45.43185715982787,0.13443396226415094,57.0,2024,PPML-FE base replicado
2024,COSME VELHO,Bercario,42,115.0,3,3,0,0,2023,0.03636678039942394,2007743,13.16908696974723,0.2302158273381295,26.474820143884894,2024,PPML-FE base replicado
2024,COSME VELHO,Maternal I,29,75.0,3,0,3,0,2023,0.03636678039942394,2007743,13.442973581510914,0.03260869565217391,2.4456521739130435,2024,PPML-FE base replicado
2024,COSME VELHO,Maternal II,7,92.0,3,0,0,3,2023,0.03636678039942394,2007743,10.445041813467,0.014925373134328358,1.373134328358209,2024,PPML-FE base replicado
2024,COSMOS,Bercario,648,2120.0,3,3,0,0,2023,0.03636678039942394,2007743,391.50912178186246,0.15634884771802982,331.45955716222323,2024,PPML-FE base replicado
2024,COSMOS,Maternal I,532,1142.0,3,0,3,0,2023,0.03636678039942394,2007743,330.1021739341596,0.2872975277067349,328.09377664109127,2024,PPML-FE base replicado
2024,COSMOS,Maternal II,280,1173.0,3,0,0,3,2023,0.03636678039942394,2007743,214.76750230961727,0.18698441796516957,219.3327222731439,2024,PPML-FE base replicado
2024,COSTA BARROS,Bercario,314,959.0,3,3,0,0,2023,0.03636678039942394,2007743,237.8732115227292,0.323747680890538,310.47402597402595,2024,PPML-FE base replicado
2024,COSTA BARROS,Maternal I,207,538.0,3,0,3,0,2023,0.03636678039942394,2007743,208.8745180492426,0.3523076923076923,189.54153846153847,2024,PPML-FE base replicado
2024,COSTA BARROS,Maternal II,175,650.0,3,0,0,3,2023,0.03636678039942394,2007743,159.8471198829983,0.31521739130434784,204.8913043478261,2024,PPML-FE base replicado
2024,CURICICA,Bercario,260,1144.0,3,3,0,0,2023,0.03636678039942394,2007743,183.75265583408378,0.17576664173522813,201.07703814510097,2024,PPML-FE base replicado
2024,CURICICA,Maternal I,213,642.0,3,0,3,0,2023,0.03636678039942394,2007743,161.40570634346523,0.2756598240469208,176.97360703812316,2024,PPML-FE base replicado
2024,CURICICA,Maternal II,171,682.0,3,0,0,3,2023,0.03636678039942394,2007743,108.60667178494971,0.21579532814238042,147.17241379310346,2024,PPML-FE base replicado
2024,DEL CASTILHO,Bercario,146,464.0,3,3,0,0,2023,0.03636678039942394,2007743,60.93232608357974,0.21669980119284293,100.54870775347912,2024,PPML-FE base replicado
2024,DEL CASTILHO,Maternal I,90,264.0,3,0,3,0,2023,0.03636678039942394,2007743,54.26376961593776,0.16182572614107885,42.72199170124482,2024,PPML-FE base replicado
2024,DEL CASTILHO,Maternal II,36,241.0,3,0,0,3,2023,0.03636678039942394,2007743,31.376995085362033,0.066006600660066,15.907590759075907,2024,PPML-FE base replicado
2024,DEODORO,Bercario,74,279.0,3,3,0,0,2023,0.03636678039942394,2007743,72.58818624215016,0.25951557093425603,72.40484429065744,2024,PPML-FE base replicado
2024,DEODORO,Maternal I,67,132.0,3,0,3,0,2023,0.03636678039942394,2007743,53.75414136327079,0.43703703703703706,57.68888888888889,2024,PPML-FE base replicado
2024,DEODORO,Maternal II,43,135.0,3,0,0,3,2023,0.03636678039942394,2007743,34.82250746507853,0.4485294117647059,60.5514705882353,2024,PPML-FE base replicado
2024,ENCANTADO,Bercario,32,184.0,3,3,0,0,2023,0.03636678039942394,2007743,18.679353793726104,0.08021390374331551,14.759358288770054,2024,PPML-FE base replicado
2024,ENCANTADO,Maternal I,51,96.0,3,0,3,0,2023,0.03636678039942394,2007743,15.25427298919724,0.2037037037037037,19.555555555555554,2024,PPML-FE base replicado
2024,ENCANTADO,Maternal II,22,108.0,3,0,0,3,2023,0.03636678039942394,2007743,10.87006923979968,0.1834862385321101,19.816513761467892,2024,PPML-FE base replicado
2024,ENGENHEIRO LEAL,Bercario,17,136.0,3,3,0,0,2023,0.03636678039942394,2007743,18.628170291516888,0.07086614173228346,9.637795275590552,2024,PPML-FE base replicado
2024,ENGENHEIRO LEAL,Maternal I,21,61.0,3,0,3,0,2023,0.03636678039942394,2007743,13.07788103408083,0.14666666666666667,8.946666666666667,2024,PPML-FE base replicado
2024,ENGENHEIRO LEAL,Maternal II,34,75.0,3,0,0,3,2023,0.03636678039942394,2007743,10.184907394140613,0.38028169014084506,28.52112676056338,2024,PPML-FE base replicado
2024,ENGENHO DENTRO,Bercario,192,759.0,3,3,0,0,2023,0.03636678039942394,2007743,72.34505727679328,0.07099143206854346,53.88249694002448,2024,PPML-FE base replicado
2024,ENGENHO DENTRO,Maternal I,150,424.0,3,0,3,0,2023,0.03636678039942394,2007743,63.25708891175786,0.15182186234817813,64.37246963562752,2024,PPML-FE base replicado
2024,ENGENHO DENTRO,Maternal II,96,494.0,3,0,0,3,2023,0.03636678039942394,2007743,46.682979631211325,0.09320388349514563,46.042718446601945,2024,PPML-FE base replicado
2024,ENGENHO NOVO,Bercario,308,856.0,3,3,0,0,2023,0.03636678039942394,2007743,114.28202206397765,0.23726851851851852,203.10185185185185,2024,PPML-FE base replicado
2024,ENGENHO NOVO,Maternal I,159,436.0,3,0,3,0,2023,0.03636678039942394,2007743,91.11017838200921,0.14870689655172414,64.83620689655173,2024,PPML-FE base replicado
2024,ENGENHO NOVO,Maternal II,71,464.0,3,0,0,3,2023,0.03636678039942394,2007743,61.416726088510394,0.08627450980392157,40.03137254901961,2024,PPML-FE base replicado
2024,ENGENHO RAINHA,Bercario,125,520.0,3,3,0,0,2023,0.03636678039942394,2007743,69.29087063129045,0.15047619047619049,78.24761904761905,2024,PPML-FE base replicado
2024,ENGENHO RAINHA,Maternal I,112,253.0,3,0,3,0,2023,0.03636678039942394,2007743,52.767856397974825,0.19850187265917604,50.22097378277154,2024,PPML-FE base replicado
2024,ENGENHO RAINHA,Maternal II,84,267.0,3,0,0,3,2023,0.03636678039942394,2007743,35.27349281494999,0.07042253521126761,18.802816901408452,2024,PPML-FE base replicado
2024,ESTACIO,Bercario,140,353.0,3,3,0,0,2023,0.03636678039942394,2007743,74.68723393192077,0.36,127.08,2024,PPML-FE base replicado
2024,ESTACIO,Maternal I,75,197.0,3,0,3,0,2023,0.03636678039942394,2007743,65.24003007530659,0.4029126213592233,79.37378640776699,2024,PPML-FE base replicado
2024,ESTACIO,Maternal II,24,206.0,3,0,0,3,2023,0.03636678039942394,2007743,43.21190578882036,0.1459227467811159,30.060085836909874,2024,PPML-FE base replicado
2024,FLAMENGO,Bercario,57,565.0,3,3,0,0,2023,0.03636678039942394,2007743,31.673540650135077,0.0625,35.3125,2024,PPML-FE base replicado
2024,FLAMENGO,Maternal I,33,263.0,3,0,3,0,2023,0.03636678039942394,2007743,23.07704362221095,0.08243727598566308,21.68100358422939,2024,PPML-FE base replicado
2024,FLAMENGO,Maternal II,20,279.0,3,0,0,3,2023,0.03636678039942394,2007743,15.506611260140806,0.03551912568306011,9.90983606557377,2024,PPML-FE base replicado
2024,FREGUESIA ILHA,Bercario,88,320.0,3,3,0,0,2023,0.03636678039942394,2007743,41.67451787497019,0.18536585365853658,59.3170731707317,2024,PPML-FE base replicado
2024,FREGUESIA ILHA,Maternal I,62,255.0,3,0,3,0,2023,0.03636678039942394,2007743,51.9800918630611,0.2774869109947644,70.75916230366492,2024,PPML-FE base replicado
2024,FREGUESIA ILHA,Maternal II,38,191.0,3,0,0,3,2023,0.03636678039942394,2007743,24.661444060002616,0.14659685863874344,27.999999999999996,2024,PPML-FE base replicado
2024,FREGUESIA JPA,Bercario,160,1221.0,3,3,0,0,2023,0.03636678039942394,2007743,92.24094505010044,0.06506024096385542,79.43855421686746,2024,PPML-FE base replicado
2024,FREGUESIA JPA,Maternal I,133,619.0,3,0,3,0,2023,0.03636678039942394,2007743,73.19391633088371,0.1384180790960452,85.68079096045197,2024,PPML-FE base replicado
2024,FREGUESIA JPA,Maternal II,63,708.0,3,0,0,3,2023,0.03636678039942394,2007743,53.02807571324969,0.031506849315068496,22.306849315068494,2024,PPML-FE base replicado
2024,GALEAO,Bercario,126,656.0,3,3,0,0,2023,0.03636678039942394,2007743,120.40409081840124,0.17134831460674158,112.40449438202248,2024,PPML-FE base replicado
2024,GALEAO,Maternal I,108,365.0,3,0,3,0,2023,0.03636678039942394,2007743,104.85919613895713,0.2914285714285714,106.37142857142857,2024,PPML-FE base replicado
2024,GALEAO,Maternal II,119,350.0,3,0,0,3,2023,0.03636678039942394,2007743,63.68981358195446,0.26506024096385544,92.77108433734941,2024,PPML-FE base replicado
2024,GAMBOA,Bercario,78,251.0,3,3,0,0,2023,0.03636678039942394,2007743,40.63957760025229,0.15602836879432624,39.163120567375884,2024,PPML-FE base replicado
2024,GAMBOA,Maternal I,49,156.0,3,0,3,0,2023,0.03636678039942394,2007743,39.53450618554119,0.22077922077922077,34.44155844155844,2024,PPML-FE base replicado
2024,GAMBOA,Maternal II,41,154.0,3,0,0,3,2023,0.03636678039942394,2007743,24.720697185510573,0.23376623376623376,36.0,2024,PPML-FE base replicado
2024,GARDENIA AZUL,Bercario,267,953.0,3,3,0,0,2023,0.03636678039942394,2007743,197.37979867691163,0.2313131313131313,220.44141414141413,2024,PPML-FE base replicado
2024,GARDENIA AZUL,Maternal I,253,461.0,3,0,3,0,2023,0.03636678039942394,2007743,149.4469247421868,0.3172905525846702,146.27094474153296,2024,PPML-FE base replicado
2024,GARDENIA AZUL,Maternal II,167,561.0,3,0,0,3,2023,0.03636678039942394,2007743,115.19594515330994,0.17148014440433212,96.20036101083032,2024,PPML-FE base replicado
2024,GAVEA,Bercario,213,332.0,3,3,0,0,2023,0.03636678039942394,2007743,70.69458694329074,0.3106508875739645,103.1360946745562,2024,PPML-FE base replicado
2024,GAVEA,Maternal I,148,171.0,3,0,3,0,2023,0.03636678039942394,2007743,56.99285910088477,0.3129251700680272,53.51020408163266,2024,PPML-FE base replicado
2024,GAVEA,Maternal II,80,147.0,3,0,0,3,2023,0.03636678039942394,2007743,31.033441675862242,0.1925133689839572,28.29946524064171,2024,PPML-FE base replicado
2024,GERICINO,Bercario,0,19.0,3,3,0,0,2023,0.03636678039942394,2007743,2.0509068637360826,0.0,0.0,2024,PPML-FE base replicado
2024,GERICINO,Maternal I,0,12.0,3,0,3,0,2023,0.03636678039942394,2007743,2.027448540152381,0.0,0.0,2024,PPML-FE base replicado
2024,GERICINO,Maternal II,0,1.0,3,0,0,3,2023,0.03636678039942394,2007743,0.10701800917948201,0.0,0.0,2024,PPML-FE base replicado
2024,GLORIA,Bercario,44,101.0,3,3,0,0,2023,0.03636678039942394,2007743,15.709022337681372,0.25663716814159293,25.920353982300885,2024,PPML-FE base replicado
2024,GLORIA,Maternal I,23,69.0,3,0,3,0,2023,0.03636678039942394,2007743,16.797828019221964,0.358974358974359,24.76923076923077,2024,PPML-FE base replicado
2024,GLORIA,Maternal II,18,78.0,3,0,0,3,2023,0.03636678039942394,2007743,12.027819892772813,0.09219858156028368,7.191489361702128,2024,PPML-FE base replicado
2024,GRAJAU,Bercario,86,456.0,3,3,0,0,2023,0.03636678039942394,2007743,47.87149754623383,0.17849462365591398,81.39354838709677,2024,PPML-FE base replicado
2024,GRAJAU,Maternal I,39,231.0,3,0,3,0,2023,0.03636678039942394,2007743,37.95774528199884,0.1111111111111111,25.666666666666664,2024,PPML-FE base replicado
2024,GRAJAU,Maternal II,27,252.0,3,0,0,3,2023,0.03636678039942394,2007743,26.228728749929925,0.054313099041533544,13.686900958466452,2024,PPML-FE base replicado
2024,GRUMARI,Bercario,0,6.0,3,3,0,0,2023,0.03636678039942394,2007743,0.6553865422286114,0.0,0.0,2024,PPML-FE base replicado
2024,GRUMARI,Maternal I,0,5.0,3,0,3,0,2023,0.03636678039942394,2007743,0.8548551443966315,0.0,0.0,2024,PPML-FE base replicado
2024,GRUMARI,Maternal II,2,5.0,3,0,0,3,2023,0.03636678039942394,2007743,0.541477984047616,0.0,0.0,2024,PPML-FE base replicado
2024,GUADALUPE,Bercario,179,881.0,3,3,0,0,2023,0.03636678039942394,2007743,111.83600881933837,0.10081466395112017,88.81771894093687,2024,PPML-FE base replicado
2024,GUADALUPE,Maternal I,190,501.0,3,0,3,0,2023,0.03636678039942394,2007743,99.54506475250021,0.24329501915708812,121.89080459770115,2024,PPML-FE base replicado
2024,GUADALUPE,Maternal II,112,522.0,3,0,0,3,2023,0.03636678039942394,2007743,65.69628085901198,0.19031719532554256,99.34557595993321,2024,PPML-FE base replicado
2024,GUARATIBA,Bercario,1051,3626.0,3,3,0,0,2023,0.03636678039942394,2007743,693.6342664436182,0.14026536691037098,508.6022204170052,2024,PPML-FE base replicado
2024,GUARATIBA,Maternal I,948,1906.0,3,0,3,0,2023,0.03636678039942394,2007743,570.6921418562016,0.23319544984488108,444.47052740434333,2024,PPML-FE base replicado
2024,GUARATIBA,Maternal II,696,1934.0,3,0,0,3,2023,0.03636678039942394,2007743,366.795281148932,0.20421393841166938,394.94975688816857,2024,PPML-FE base replicado
2024,HIGIENOPOLIS,Bercario,54,206.0,3,3,0,0,2023,0.03636678039942394,2007743,18.17264556470012,0.05092592592592592,10.49074074074074,2024,PPML-FE base replicado
2024,HIGIENOPOLIS,Maternal I,27,111.0,3,0,3,0,2023,0.03636678039942394,2007743,15.326753440450029,0.07627118644067797,8.466101694915254,2024,PPML-FE base replicado
2024,HIGIENOPOLIS,Maternal II,20,118.0,3,0,0,3,2023,0.03636678039942394,2007743,10.320422414672299,0.044444444444444446,5.2444444444444445,2024,PPML-FE base replicado
2024,HONORIO GURGEL,Bercario,108,417.0,3,3,0,0,2023,0.03636678039942394,2007743,61.08966284188651,0.17439293598233996,72.72185430463577,2024,PPML-FE base replicado
2024,HONORIO GURGEL,Maternal I,84,222.0,3,0,3,0,2023,0.03636678039942394,2007743,50.90505418140894,0.23137254901960785,51.36470588235294,2024,PPML-FE base replicado
2024,HONORIO GURGEL,Maternal II,61,255.0,3,0,0,3,2023,0.03636678039942394,2007743,37.0370496546162,0.16370106761565836,41.743772241992886,2024,PPML-FE base replicado
2024,HUMAITA,Bercario,9,147.0,3,3,0,0,2023,0.03636678039942394,2007743,8.957051942618104,0.025,3.6750000000000003,2024,PPML-FE base replicado
2024,HUMAITA,Maternal I,12,84.0,3,0,3,0,2023,0.03636678039942394,2007743,8.011305630750597,0.020833333333333332,1.75,2024,PPML-FE base replicado
2024,HUMAITA,Maternal II,2,96.0,3,0,0,3,2023,0.03636678039942394,2007743,5.799406101172085,0.023622047244094488,2.267716535433071,2024,PPML-FE base replicado
2024,ILHA GUARATIBA,Bercario,1,9.0,3,3,0,0,2023,0.03636678039942394,2007743,1.0520206467262079,0.15196469627011724,1.3676822664310553,2024,PPML-FE base replicado
2024,INHAUMA,Bercario,404,1101.0,3,3,0,0,2023,0.03636678039942394,2007743,167.59156261340496,0.2041127189642041,224.72810357958872,2024,PPML-FE base replicado
2024,INHAUMA,Maternal I,369,784.0,3,0,3,0,2023,0.03636678039942394,2007743,186.7915175023905,0.17882352941176471,140.19764705882355,2024,PPML-FE base replicado
2024,INHAUMA,Maternal II,200,850.0,3,0,0,3,2023,0.03636678039942394,2007743,128.27685012340507,0.12982005141388175,110.34704370179949,2024,PPML-FE base replicado
2024,INHOAIBA,Bercario,532,1572.0,3,3,0,0,2023,0.03636678039942394,2007743,356.7628641063565,0.196011396011396,308.1299145299145,2024,PPML-FE base replicado
2024,INHOAIBA,Maternal I,445,931.0,3,0,3,0,2023,0.03636678039942394,2007743,330.7143481974045,0.3076086956521739,286.3836956521739,2024,PPML-FE base replicado
2024,INHOAIBA,Maternal II,214,920.0,3,0,0,3,2023,0.03636678039942394,2007743,207.00434318375682,0.18622174381054898,171.32400430570507,2024,PPML-FE base replicado
2024,IPANEMA,Bercario,8,500.0,3,3,0,0,2023,0.03636678039942394,2007743,17.24583274596516,0.0148975791433892,7.4487895716946,2024,PPML-FE base replicado
2024,IPANEMA,Maternal I,19,291.0,3,0,3,0,2023,0.03636678039942394,2007743,15.710261386272602,0.0,0.0,2024,PPML-FE base replicado
2024,IPANEMA,Maternal II,5,254.0,3,0,0,3,2023,0.03636678039942394,2007743,8.685851744426776,0.01818181818181818,4.618181818181818,2024,PPML-FE base replicado
2024,IRAJA,Bercario,304,1615.0,3,3,0,0,2023,0.03636678039942394,2007743,201.09884427943467,0.10441527446300716,168.63066825775655,2024,PPML-FE base replicado
2024,IRAJA,Maternal I,261,847.0,3,0,3,0,2023,0.03636678039942394,2007743,165.08085695229212,0.12632821723730814,107.0,2024,PPML-FE base replicado
2024,IRAJA,Maternal II,155,847.0,3,0,0,3,2023,0.03636678039942394,2007743,104.56467415946948,0.09859154929577464,83.50704225352112,2024,PPML-FE base replicado
2024,ITANHANGA,Bercario,291,1540.0,3,3,0,0,2023,0.03636678039942394,2007743,290.40417011130404,0.1341874578556979,206.64868509777477,2024,PPML-FE base replicado
2024,ITANHANGA,Maternal I,374,762.0,3,0,3,0,2023,0.03636678039942394,2007743,224.91237687764607,0.382228490832158,291.2581100141044,2024,PPML-FE base replicado
2024,ITANHANGA,Maternal II,291,709.0,3,0,0,3,2023,0.03636678039942394,2007743,132.55401683088155,0.39711664482306686,281.5557011795544,2024,PPML-FE base replicado
2024,JABOUR,Bercario,0,2.0,3,3,0,0,2023,0.03636678039942394,2007743,0.23346400017540211,0.0,0.0,2024,PPML-FE base replicado
2024,JACARE,Bercario,258,451.0,3,3,0,0,2023,0.03636678039942394,2007743,114.27513460313594,0.3195364238410596,144.11092715231788,2024,PPML-FE base replicado
2024,JACARE,Maternal I,148,316.0,3,0,3,0,2023,0.03636678039942394,2007743,125.32523815292566,0.25301204819277107,79.95180722891565,2024,PPML-FE base replicado
2024,JACARE,Maternal II,101,332.0,3,0,0,3,2023,0.03636678039942394,2007743,83.40225890622611,0.2891566265060241,96.0,2024,PPML-FE base replicado
2024,JACAREPAGUA,Bercario,624,4446.0,3,3,0,0,2023,0.03636678039942394,2007743,548.5535268271879,0.11503442149677992,511.44303797468353,2024,PPML-FE base replicado
2024,JACAREPAGUA,Maternal I,646,2546.0,3,0,3,0,2023,0.03636678039942394,2007743,491.6818861167589,0.20389556568586822,519.1181102362204,2024,PPML-FE base replicado
2024,JACAREPAGUA,Maternal II,523,2413.0,3,0,0,3,2023,0.03636678039942394,2007743,295.1694494632452,0.17670682730923695,426.39357429718876,2024,PPML-FE base replicado
2024,JACAREZINHO,Bercario,40,436.0,3,3,0,0,2023,0.03636678039942394,2007743,23.907912693194323,0.0684931506849315,29.863013698630134,2024,PPML-FE base replicado
2024,JACAREZINHO,Maternal I,20,208.0,3,0,3,0,2023,0.03636678039942394,2007743,17.85232412384992,0.04390243902439024,9.13170731707317,2024,PPML-FE base replicado
2024,JACAREZINHO,Maternal II,13,205.0,3,0,0,3,2023,0.03636678039942394,2007743,11.144832946734736,0.01444043321299639,2.9602888086642603,2024,PPML-FE base replicado
2024,JARDIM AMERICA,Bercario,141,570.0,3,3,0,0,2023,0.03636678039942394,2007743,90.15038121860883,0.16134453781512606,91.96638655462185,2024,PPML-FE base replicado
2024,JARDIM AMERICA,Maternal I,158,306.0,3,0,3,0,2023,0.03636678039942394,2007743,75.75135308361024,0.24645892351274787,75.41643059490085,2024,PPML-FE base replicado
2024,JARDIM AMERICA,Maternal II,54,353.0,3,0,0,3,2023,0.03636678039942394,2007743,55.35182536187592,0.09895833333333333,34.932291666666664,2024,PPML-FE base replicado
2024,JARDIM BOTANICO,Bercario,12,228.0,3,3,0,0,2023,0.03636678039942394,2007743,10.760364982177812,0.008695652173913044,1.982608695652174,2024,PPML-FE base replicado
2024,JARDIM BOTANICO,Maternal I,15,112.0,3,0,3,0,2023,0.03636678039942394,2007743,8.273445958230612,0.0,0.0,2024,PPML-FE base replicado
2024,JARDIM BOTANICO,Maternal II,5,122.0,3,0,0,3,2023,0.03636678039942394,2007743,5.708427849384899,0.0,0.0,2024,PPML-FE base replicado
2024,JARDIM CARIOCA,Bercario,85,402.0,3,3,0,0,2023,0.03636678039942394,2007743,35.612840388638105,0.09813084112149532,39.44859813084112,2024,PPML-FE base replicado
2024,JARDIM CARIOCA,Maternal I,54,215.0,3,0,3,0,2023,0.03636678039942394,2007743,29.8122858278338,0.1308016877637131,28.122362869198316,2024,PPML-FE base replicado
2024,JARDIM CARIOCA,Maternal II,33,237.0,3,0,0,3,2023,0.03636678039942394,2007743,20.815815806951942,0.0752212389380531,17.827433628318584,2024,PPML-FE base replicado
2024,JARDIM GUANABARA,Bercario,14,370.0,3,3,0,0,2023,0.03636678039942394,2007743,16.170212317759976,0.02030456852791878,7.512690355329949,2024,PPML-FE base replicado
2024,JARDIM GUANABARA,Maternal I,7,200.0,3,0,3,0,2023,0.03636678039942394,2007743,13.681075834894068,0.011428571428571429,2.2857142857142856,2024,PPML-FE base replicado
2024,JARDIM GUANABARA,Maternal II,13,175.0,3,0,0,3,2023,0.03636678039942394,2007743,7.5825725970462,0.014354066985645933,2.511961722488038,2024,PPML-FE base replicado
2024,JARDIM SULACAP,Bercario,39,376.0,3,3,0,0,2023,0.03636678039942394,2007743,32.18928687430178,0.0481283422459893,18.096256684491976,2024,PPML-FE base replicado
2024,JARDIM SULACAP,Maternal I,48,174.0,3,0,3,0,2023,0.03636678039942394,2007743,23.31572986954784,0.08080808080808081,14.060606060606062,2024,PPML-FE base replicado
2024,JARDIM SULACAP,Maternal II,39,198.0,3,0,0,3,2023,0.03636678039942394,2007743,16.805569367040086,0.09137055837563451,18.091370558375633,2024,PPML-FE base replicado
2024,JOA,Bercario,0,12.0,3,3,0,0,2023,0.03636678039942394,2007743,1.32193253697038,0.05263157894736842,0.631578947368421,2024,PPML-FE base replicado
2024,JOA,Maternal I,0,11.0,3,0,3,0,2023,0.03636678039942394,2007743,1.8966927647383036,0.0,0.0,2024,PPML-FE base replicado
2024,JOA,Maternal II,0,4.0,3,0,0,3,2023,0.03636678039942394,2007743,0.43687034691413507,0.2,0.8,2024,PPML-FE base replicado
2024,LAGOA,Bercario,5,254.0,3,3,0,0,2023,0.03636678039942394,2007743,11.088164282333924,0.0,0.0,2024,PPML-FE base replicado
2024,LAGOA,Maternal I,3,128.0,3,0,3,0,2023,0.03636678039942394,2007743,8.746054135433862,0.006756756756756757,0.8648648648648649,2024,PPML-FE base replicado
2024,LAGOA,Maternal II,1,148.0,3,0,0,3,2023,0.03636678039942394,2007743,6.405487391954552,0.0136986301369863,2.0273972602739727,2024,PPML-FE base replicado
2024,LAPA,Bercario,0,48.0,3,3,0,0,2023,0.03636678039942394,2007743,3.5397438185575893,0.0,0.0,2024,PPML-FE base replicado
2024,LAPA,Maternal I,0,34.0,3,0,3,0,2023,0.03636678039942394,2007743,3.92451296363654,0.0,0.0,2024,PPML-FE base replicado
2024,LAPA,Maternal II,0,49.0,3,0,0,3,2023,0.03636678039942394,2007743,3.5825412923340405,0.0,0.0,2024,PPML-FE base replicado
2024,LARANJEIRAS,Bercario,53,542.0,3,3,0,0,2023,0.03636678039942394,2007743,31.90364184963721,0.06548672566371681,35.49380530973451,2024,PPML-FE base replicado
2024,LARANJEIRAS,Maternal I,38,280.0,3,0,3,0,2023,0.03636678039942394,2007743,25.797359889076894,0.07692307692307693,21.53846153846154,2024,PPML-FE base replicado
2024,LARANJEIRAS,Maternal II,17,273.0,3,0,0,3,2023,0.03636678039942394,2007743,15.93192127941021,0.047619047619047616,13.0,2024,PPML-FE base replicado
2024,LEBLON,Bercario,26,547.0,3,3,0,0,2023,0.03636678039942394,2007743,17.195723921350336,0.009009009009009009,4.927927927927928,2024,PPML-FE base replicado
2024,LEBLON,Maternal I,16,267.0,3,0,3,0,2023,0.03636678039942394,2007743,13.137739770806666,0.006968641114982578,1.8606271777003485,2024,PPML-FE base replicado
2024,LEBLON,Maternal II,5,287.0,3,0,0,3,2023,0.03636678039942394,2007743,8.944983923611513,0.0031746031746031746,0.9111111111111111,2024,PPML-FE base replicado
2024,LEME,Bercario,48,193.0,3,3,0,0,2023,0.03636678039942394,2007743,19.164627027775467,0.15151515151515152,29.242424242424242,2024,PPML-FE base replicado
2024,LEME,Maternal I,31,95.0,3,0,3,0,2023,0.03636678039942394,2007743,14.765322061700452,0.05084745762711865,4.830508474576272,2024,PPML-FE base replicado
2024,LEME,Maternal II,9,118.0,3,0,0,3,2023,0.03636678039942394,2007743,11.61688259042709,0.11666666666666667,13.766666666666667,2024,PPML-FE base replicado
2024,LINS VASCONCELOS,Bercario,222,677.0,3,3,0,0,2023,0.03636678039942394,2007743,86.22504255418463,0.21666666666666667,146.68333333333334,2024,PPML-FE base replicado
2024,LINS VASCONCELOS,Maternal I,85,375.0,3,0,3,0,2023,0.03636678039942394,2007743,74.7570702174707,0.11055276381909548,41.45728643216081,2024,PPML-FE base replicado
2024,LINS VASCONCELOS,Maternal II,33,398.0,3,0,0,3,2023,0.03636678039942394,2007743,50.25651284545747,0.06698564593301436,26.660287081339714,2024,PPML-FE base replicado
2024,MADUREIRA,Bercario,214,845.0,3,3,0,0,2023,0.03636678039942394,2007743,115.55994335019298,0.18796992481203006,158.8345864661654,2024,PPML-FE base replicado
2024,MADUREIRA,Maternal I,131,469.0,3,0,3,0,2023,0.03636678039942394,2007743,100.39213963536704,0.17495395948434622,82.05340699815838,2024,PPML-FE base replicado
2024,MADUREIRA,Maternal II,75,543.0,3,0,0,3,2023,0.03636678039942394,2007743,73.62324764783915,0.13738019169329074,74.59744408945687,2024,PPML-FE base replicado
2024,MAGALHAES BASTOS,Bercario,100,442.0,3,3,0,0,2023,0.03636678039942394,2007743,59.29024944663455,0.12009237875288684,53.08083140877598,2024,PPML-FE base replicado
2024,MAGALHAES BASTOS,Maternal I,58,205.0,3,0,3,0,2023,0.03636678039942394,2007743,43.041869413628845,0.13636363636363635,27.954545454545453,2024,PPML-FE base replicado
2024,MAGALHAES BASTOS,Maternal II,45,242.0,3,0,0,3,2023,0.03636678039942394,2007743,32.184065560710714,0.11481481481481481,27.785185185185185,2024,PPML-FE base replicado
2024,MANGUEIRA,Bercario,182,460.0,3,3,0,0,2023,0.03636678039942394,2007743,96.9923144422254,0.35802469135802467,164.69135802469134,2024,PPML-FE base replicado
2024,MANGUEIRA,Maternal I,62,254.0,3,0,3,0,2023,0.03636678039942394,2007743,83.82806932820374,0.25523012552301255,64.82845188284519,2024,PPML-FE base replicado
2024,MANGUEIRA,Maternal II,34,239.0,3,0,0,3,2023,0.03636678039942394,2007743,49.9622423893441,0.12406015037593984,29.65037593984962,2024,PPML-FE base replicado
2024,MANGUINHOS,Bercario,162,739.0,3,3,0,0,2023,0.03636678039942394,2007743,78.15279318686771,0.09149484536082474,67.61469072164948,2024,PPML-FE base replicado
2024,MANGUINHOS,Maternal I,118,385.0,3,0,3,0,2023,0.03636678039942394,2007743,63.72899236261482,0.17233560090702948,66.34920634920636,2024,PPML-FE base replicado
2024,MANGUINHOS,Maternal II,89,441.0,3,0,0,3,2023,0.03636678039942394,2007743,46.23844129453586,0.13043478260869565,57.52173913043478,2024,PPML-FE base replicado
2024,MARACANA,Bercario,17,303.0,3,3,0,0,2023,0.03636678039942394,2007743,20.074848535306103,0.08598726114649681,26.054140127388532,2024,PPML-FE base replicado
2024,MARACANA,Maternal I,9,154.0,3,0,3,0,2023,0.03636678039942394,2007743,15.970062870528345,0.057803468208092484,8.901734104046243,2024,PPML-FE base replicado
2024,MARACANA,Maternal II,9,173.0,3,0,0,3,2023,0.03636678039942394,2007743,11.363713659732612,0.047872340425531915,8.28191489361702,2024,PPML-FE base replicado
2024,MARECHAL HERMES,Bercario,133,780.0,3,3,0,0,2023,0.03636678039942394,2007743,110.83347288178129,0.07445442875481387,58.07445442875482,2024,PPML-FE base replicado
2024,MARECHAL HERMES,Maternal I,171,418.0,3,0,3,0,2023,0.03636678039942394,2007743,92.96701293353802,0.20316027088036118,84.92099322799098,2024,PPML-FE base replicado
2024,MARECHAL HERMES,Maternal II,97,443.0,3,0,0,3,2023,0.03636678039942394,2007743,62.408622290238874,0.22760290556900725,100.82808716707021,2024,PPML-FE base replicado
2024,MARIA GRACA,Bercario,18,103.0,3,3,0,0,2023,0.03636678039942394,2007743,8.667931590253962,0.07627118644067797,7.855932203389831,2024,PPML-FE base replicado
2024,MARIA GRACA,Maternal I,15,63.0,3,0,3,0,2023,0.03636678039942394,2007743,8.298413208512004,0.02,1.26,2024,PPML-FE base replicado
2024,MARIA GRACA,Maternal II,5,50.0,3,0,0,3,2023,0.03636678039942394,2007743,4.171697266343793,0.01818181818181818,0.9090909090909091,2024,PPML-FE base replicado
2024,MEIER,Bercario,72,499.0,3,3,0,0,2023,0.03636678039942394,2007743,30.792196871306395,0.05588822355289421,27.88822355289421,2024,PPML-FE base replicado
2024,MEIER,Maternal I,90,259.0,3,0,3,0,2023,0.03636678039942394,2007743,25.015901001399836,0.056910569105691054,14.739837398373982,2024,PPML-FE base replicado
2024,MEIER,Maternal II,37,246.0,3,0,0,3,2023,0.03636678039942394,2007743,15.050113194769068,0.033707865168539325,8.292134831460674,2024,PPML-FE base replicado
2024,MONERO,Bercario,2,46.0,3,3,0,0,2023,0.03636678039942394,2007743,4.529750274221076,0.05555555555555555,2.5555555555555554,2024,PPML-FE base replicado
2024,MONERO,Maternal I,5,30.0,3,0,3,0,2023,0.03636678039942394,2007743,4.623958624245043,0.10714285714285714,3.214285714285714,2024,PPML-FE base replicado
2024,MONERO,Maternal II,2,28.0,3,0,0,3,2023,0.03636678039942394,2007743,2.733625328082289,0.10344827586206896,2.896551724137931,2024,PPML-FE base replicado
2024,OLARIA,Bercario,236,895.0,3,3,0,0,2023,0.03636678039942394,2007743,104.60973887089945,0.10248447204968944,91.72360248447205,2024,PPML-FE base replicado
2024,OLARIA,Maternal I,170,474.0,3,0,3,0,2023,0.03636678039942394,2007743,86.71688733747811,0.11594202898550725,54.95652173913044,2024,PPML-FE base replicado
2024,OLARIA,Maternal II,73,483.0,3,0,0,3,2023,0.03636678039942394,2007743,55.97070065347926,0.07471264367816093,36.08620689655173,2024,PPML-FE base replicado
2024,OSWALDO CRUZ,Bercario,79,499.0,3,3,0,0,2023,0.03636678039942394,2007743,61.83765256203043,0.05471698113207547,27.30377358490566,2024,PPML-FE base replicado
2024,OSWALDO CRUZ,Maternal I,95,286.0,3,0,3,0,2023,0.03636678039942394,2007743,55.47467143286041,0.15298507462686567,43.75373134328358,2024,PPML-FE base replicado
2024,OSWALDO CRUZ,Maternal II,77,268.0,3,0,0,3,2023,0.03636678039942394,2007743,32.92697040654567,0.22875816993464052,61.307189542483655,2024,PPML-FE base replicado
2024,PACIENCIA,Bercario,734,2461.0,3,3,0,0,2023,0.03636678039942394,2007743,486.08151494137667,0.18564449455092072,456.8711010898159,2024,PPML-FE base replicado
2024,PACIENCIA,Maternal I,760,1410.0,3,0,3,0,2023,0.03636678039942394,2007743,435.90601416724826,0.3201113430758525,451.356993736952,2024,PPML-FE base replicado
2024,PACIENCIA,Maternal II,342,1437.0,3,0,0,3,2023,0.03636678039942394,2007743,281.39656405555473,0.16233766233766234,233.27922077922076,2024,PPML-FE base replicado
2024,PADRE MIGUEL,Bercario,192,1057.0,3,3,0,0,2023,0.03636678039942394,2007743,128.4051941522062,0.09605026929982047,101.52513464991023,2024,PPML-FE base replicado
2024,PADRE MIGUEL,Maternal I,187,604.0,3,0,3,0,2023,0.03636678039942394,2007743,114.84730260797289,0.25826771653543307,155.99370078740156,2024,PPML-FE base replicado
2024,PADRE MIGUEL,Maternal II,146,635.0,3,0,0,3,2023,0.03636678039942394,2007743,76.47964439188048,0.13618677042801555,86.47859922178988,2024,PPML-FE base replicado
2024,PAQUETA,Bercario,23,58.0,3,3,0,0,2023,0.03636678039942394,2007743,9.06622601282169,0.3466666666666667,20.10666666666667,2024,PPML-FE base replicado
2024,PAQUETA,Maternal I,13,42.0,3,0,3,0,2023,0.03636678039942394,2007743,10.27599997591572,0.25806451612903225,10.838709677419354,2024,PPML-FE base replicado
2024,PAQUETA,Maternal II,6,31.0,3,0,0,3,2023,0.03636678039942394,2007743,4.804240851370165,0.28,8.680000000000001,2024,PPML-FE base replicado
2024,PARADA LUCAS,Bercario,138,553.0,3,3,0,0,2023,0.03636678039942394,2007743,49.12991958134675,0.030405405405405407,16.81418918918919,2024,PPML-FE base replicado
2024,PARADA LUCAS,Maternal I,83,312.0,3,0,3,0,2023,0.03636678039942394,2007743,43.38621582126011,0.10714285714285714,33.42857142857142,2024,PPML-FE base replicado
2024,PARADA LUCAS,Maternal II,39,280.0,3,0,0,3,2023,0.03636678039942394,2007743,24.66286259835452,0.06289308176100629,17.61006289308176,2024,PPML-FE base replicado
2024,PARQUE ANCHIETA,Bercario,64,310.0,3,3,0,0,2023,0.03636678039942394,2007743,39.46754216970126,0.04451038575667656,13.798219584569734,2024,PPML-FE base replicado
2024,PARQUE ANCHIETA,Maternal I,67,198.0,3,0,3,0,2023,0.03636678039942394,2007743,39.45661592734094,0.2403846153846154,47.59615384615385,2024,PPML-FE base replicado
2024,PARQUE ANCHIETA,Maternal II,44,208.0,3,0,0,3,2023,0.03636678039942394,2007743,26.254651196965803,0.17159763313609466,35.69230769230769,2024,PPML-FE base replicado
2024,PARQUE COLUMBIA,Bercario,23,134.0,3,3,0,0,2023,0.03636678039942394,2007743,20.821528545128896,0.3026315789473684,40.55263157894737,2024,PPML-FE base replicado
2024,PARQUE COLUMBIA,Maternal I,17,56.0,3,0,3,0,2023,0.03636678039942394,2007743,13.619842757315372,0.5121951219512195,28.682926829268293,2024,PPML-FE base replicado
2024,PARQUE COLUMBIA,Maternal II,4,41.0,3,0,0,3,2023,0.03636678039942394,2007743,6.31620470924009,0.12280701754385964,5.035087719298246,2024,PPML-FE base replicado
2024,PAVUNA,Bercario,475,1796.0,3,3,0,0,2023,0.03636678039942394,2007743,324.83905917522003,0.24755887421022402,444.6157380815623,2024,PPML-FE base replicado
2024,PAVUNA,Maternal I,380,925.0,3,0,3,0,2023,0.03636678039942394,2007743,261.8664741051878,0.3119918699186992,288.5924796747968,2024,PPML-FE base replicado
2024,PAVUNA,Maternal II,197,984.0,3,0,0,3,2023,0.03636678039942394,2007743,176.44995022225726,0.16747337850919652,164.79380445304938,2024,PPML-FE base replicado
2024,PECHINCHA,Bercario,78,829.0,3,3,0,0,2023,0.03636678039942394,2007743,49.68059647209867,0.035175879396984924,29.160804020100503,2024,PPML-FE base replicado
2024,PECHINCHA,Maternal I,70,363.0,3,0,3,0,2023,0.03636678039942394,2007743,34.049846012988425,0.05868544600938967,21.302816901408452,2024,PPML-FE base replicado
2024,PECHINCHA,Maternal II,58,426.0,3,0,0,3,2023,0.03636678039942394,2007743,25.310830766245246,0.05200945626477541,22.156028368794324,2024,PPML-FE base replicado
2024,PEDRA GUARATIBA,Bercario,107,678.0,3,3,0,0,2023,0.03636678039942394,2007743,55.44865116186504,0.04697986577181208,31.85234899328859,2024,PPML-FE base replicado
2024,PEDRA GUARATIBA,Maternal I,136,436.0,3,0,3,0,2023,0.03636678039942394,2007743,55.811544063359264,0.09740259740259741,42.46753246753247,2024,PPML-FE base replicado
2024,PEDRA GUARATIBA,Maternal II,45,462.0,3,0,0,3,2023,0.03636678039942394,2007743,37.460002135484686,0.05765765765765766,26.63783783783784,2024,PPML-FE base replicado
2024,PENHA,Bercario,350,1366.0,3,3,0,0,2023,0.03636678039942394,2007743,145.83775249927044,0.12666200139958012,173.02029391182643,2024,PPML-FE base replicado
2024,PENHA,Maternal I,273,714.0,3,0,3,0,2023,0.03636678039942394,2007743,119.31463899242746,0.115995115995116,82.82051282051282,2024,PPML-FE base replicado
2024,PENHA,Maternal II,139,819.0,3,0,0,3,2023,0.03636678039942394,2007743,86.68973898113941,0.06673960612691467,54.65973741794311,2024,PPML-FE base replicado
2024,PENHA CIRCULAR,Bercario,248,759.0,3,3,0,0,2023,0.03636678039942394,2007743,86.75485714086635,0.17092866756393002,129.7348586810229,2024,PPML-FE base replicado
2024,PENHA CIRCULAR,Maternal I,140,383.0,3,0,3,0,2023,0.03636678039942394,2007743,68.5215302692003,0.11483253588516747,43.98086124401914,2024,PPML-FE base replicado
2024,PENHA CIRCULAR,Maternal II,69,418.0,3,0,0,3,2023,0.03636678039942394,2007743,47.36884931307521,0.12566844919786097,52.529411764705884,2024,PPML-FE base replicado
2024,PIEDADE,Bercario,153,722.0,3,3,0,0,2023,0.03636678039942394,2007743,83.4949393181051,0.08671328671328671,62.606993006993,2024,PPML-FE base replicado
2024,PIEDADE,Maternal I,170,368.0,3,0,3,0,2023,0.03636678039942394,2007743,66.61116522848465,0.16152019002375298,59.4394299287411,2024,PPML-FE base replicado
2024,PIEDADE,Maternal II,90,421.0,3,0,0,3,2023,0.03636678039942394,2007743,48.269142290950036,0.13729977116704806,57.80320366132723,2024,PPML-FE base replicado
2024,PILARES,Bercario,138,459.0,3,3,0,0,2023,0.03636678039942394,2007743,60.41295312177585,0.1826086956521739,83.81739130434782,2024,PPML-FE base replicado
2024,PILARES,Maternal I,115,231.0,3,0,3,0,2023,0.03636678039942394,2007743,47.588894505536516,0.15079365079365079,34.83333333333333,2024,PPML-FE base replicado
2024,PILARES,Maternal II,67,252.0,3,0,0,3,2023,0.03636678039942394,2007743,32.88383427997486,0.05993690851735016,15.10410094637224,2024,PPML-FE base replicado
2024,PITANGUEIRAS,Bercario,18,186.0,3,3,0,0,2023,0.03636678039942394,2007743,13.274200110146555,0.01675977653631285,3.11731843575419,2024,PPML-FE base replicado
2024,PITANGUEIRAS,Maternal I,14,90.0,3,0,3,0,2023,0.03636678039942394,2007743,10.053428230643037,0.0375,3.375,2024,PPML-FE base replicado
2024,PITANGUEIRAS,Maternal II,15,80.0,3,0,0,3,2023,0.03636678039942394,2007743,5.660436637095182,0.041237113402061855,3.2989690721649483,2024,PPML-FE base replicado
2024,PORTUGUESA,Bercario,72,306.0,3,3,0,0,2023,0.03636678039942394,2007743,40.796364820244364,0.14331210191082802,43.853503184713375,2024,PPML-FE base replicado
2024,PORTUGUESA,Maternal I,36,160.0,3,0,3,0,2023,0.03636678039942394,2007743,33.38845162356061,0.2585034013605442,41.36054421768708,2024,PPML-FE base replicado
2024,PORTUGUESA,Maternal II,16,147.0,3,0,0,3,2023,0.03636678039942394,2007743,19.43040733518471,0.14204545454545456,20.88068181818182,2024,PPML-FE base replicado
2024,PRACA BANDEIRA,Bercario,13,122.0,3,3,0,0,2023,0.03636678039942394,2007743,11.760155911722054,0.07692307692307693,9.384615384615385,2024,PPML-FE base replicado
2024,PRACA BANDEIRA,Maternal I,21,70.0,3,0,3,0,2023,0.03636678039942394,2007743,10.561547221567494,0.1891891891891892,13.243243243243244,2024,PPML-FE base replicado
2024,PRACA BANDEIRA,Maternal II,12,74.0,3,0,0,3,2023,0.03636678039942394,2007743,7.072118004400008,0.08247422680412371,6.103092783505154,2024,PPML-FE base replicado
2024,PRACA SECA,Bercario,289,1175.0,3,3,0,0,2023,0.03636678039942394,2007743,157.3360026398304,0.09135004042037187,107.33629749393695,2024,PPML-FE base replicado
2024,PRACA SECA,Maternal I,236,669.0,3,0,3,0,2023,0.03636678039942394,2007743,140.21440052664624,0.19578313253012047,130.9789156626506,2024,PPML-FE base replicado
2024,PRACA SECA,Maternal II,156,664.0,3,0,0,3,2023,0.03636678039942394,2007743,88.15010925710982,0.12342215988779803,81.9523141654979,2024,PPML-FE base replicado
2024,PRAIA BANDEIRA,Bercario,3,56.0,3,3,0,0,2023,0.03636678039942394,2007743,5.36774687407473,0.017857142857142856,1.0,2024,PPML-FE base replicado
2024,PRAIA BANDEIRA,Maternal I,5,40.0,3,0,3,0,2023,0.03636678039942394,2007743,6.001229678052602,0.0,0.0,2024,PPML-FE base replicado
2024,PRAIA BANDEIRA,Maternal II,1,33.0,3,0,0,3,2023,0.03636678039942394,2007743,3.1360463343670637,0.13793103448275862,4.551724137931035,2024,PPML-FE base replicado
2024,QUINTINO BOCAIUVA,Bercario,68,462.0,3,3,0,0,2023,0.03636678039942394,2007743,44.32701458008396,0.07531380753138076,34.79497907949791,2024,PPML-FE base replicado
2024,QUINTINO BOCAIUVA,Maternal I,119,235.0,3,0,3,0,2023,0.03636678039942394,2007743,35.29154128005406,0.0962962962962963,22.62962962962963,2024,PPML-FE base replicado
2024,QUINTINO BOCAIUVA,Maternal II,89,270.0,3,0,0,3,2023,0.03636678039942394,2007743,25.68353516996654,0.19413919413919414,52.417582417582416,2024,PPML-FE base replicado
2024,RAMOS,Bercario,490,1368.0,3,3,0,0,2023,0.03636678039942394,2007743,193.73673320388997,0.08383233532934131,114.68263473053892,2024,PPML-FE base replicado
2024,RAMOS,Maternal I,427,642.0,3,0,3,0,2023,0.03636678039942394,2007743,142.31057040178925,0.1066350710900474,68.45971563981043,2024,PPML-FE base replicado
2024,RAMOS,Maternal II,222,844.0,3,0,0,3,2023,0.03636678039942394,2007743,118.50395685531043,0.16598079561042525,140.0877914951989,2024,PPML-FE base replicado
2024,REALENGO,Bercario,832,3310.0,3,3,0,0,2023,0.03636678039942394,2007743,470.6175544596421,0.12924025791982058,427.7852537146061,2024,PPML-FE base replicado
2024,REALENGO,Maternal I,663,1877.0,3,0,3,0,2023,0.03636678039942394,2007743,417.7155645627283,0.19705434230573896,369.871000507872,2024,PPML-FE base replicado
2024,REALENGO,Maternal II,450,1969.0,3,0,0,3,2023,0.03636678039942394,2007743,277.5558435185127,0.10338069573738363,203.55658990690839,2024,PPML-FE base replicado
2024,RECREIO BANDEIRANTES,Bercario,232,2582.0,3,3,0,0,2023,0.03636678039942394,2007743,207.68364688630436,0.06632085957762134,171.24045942941828,2024,PPML-FE base replicado
2024,RECREIO BANDEIRANTES,Maternal I,276,1375.0,3,0,3,0,2023,0.03636678039942394,2007743,173.11114059629492,0.14590747330960854,200.62277580071174,2024,PPML-FE base replicado
2024,RECREIO BANDEIRANTES,Maternal II,181,1405.0,3,0,0,3,2023,0.03636678039942394,2007743,112.04356473696225,0.10569663692518874,148.5037748798902,2024,PPML-FE base replicado
2024,RIACHUELO,Bercario,48,139.0,3,3,0,0,2023,0.03636678039942394,2007743,11.020155433783668,0.11428571428571428,15.885714285714284,2024,PPML-FE base replicado
2024,RIACHUELO,Maternal I,15,77.0,3,0,3,0,2023,0.03636678039942394,2007743,9.555202631176519,0.11702127659574468,9.01063829787234,2024,PPML-FE base replicado
2024,RIACHUELO,Maternal II,18,94.0,3,0,0,3,2023,0.03636678039942394,2007743,7.388653555223173,0.020202020202020204,1.8989898989898992,2024,PPML-FE base replicado
2024,RIBEIRA,Bercario,5,41.0,3,3,0,0,2023,0.03636678039942394,2007743,3.7523830959321582,0.07142857142857142,2.9285714285714284,2024,PPML-FE base replicado
2024,RIBEIRA,Maternal I,4,21.0,3,0,3,0,2023,0.03636678039942394,2007743,3.0082842169789017,0.0967741935483871,2.032258064516129,2024,PPML-FE base replicado
2024,RIBEIRA,Maternal II,6,31.0,3,0,0,3,2023,0.03636678039942394,2007743,2.8128692023384816,0.0,0.0,2024,PPML-FE base replicado
2024,RICARDO ALBUQUERQUE,Bercario,148,555.0,3,3,0,0,2023,0.03636678039942394,2007743,100.52491354993376,0.1423785594639866,79.02010050251256,2024,PPML-FE base replicado
2024,RICARDO ALBUQUERQUE,Maternal I,122,311.0,3,0,3,0,2023,0.03636678039942394,2007743,88.16929546917154,0.3193548387096774,99.31935483870967,2024,PPML-FE base replicado
2024,RICARDO ALBUQUERQUE,Maternal II,100,310.0,3,0,0,3,2023,0.03636678039942394,2007743,55.66817054797709,0.22121212121212122,68.57575757575758,2024,PPML-FE base replicado
2024,RIO COMPRIDO,Bercario,251,741.0,3,3,0,0,2023,0.03636678039942394,2007743,122.23338003075428,0.2442455242966752,180.98593350383632,2024,PPML-FE base replicado
2024,RIO COMPRIDO,Maternal I,147,384.0,3,0,3,0,2023,0.03636678039942394,2007743,99.14688951610447,0.21394230769230768,82.15384615384615,2024,PPML-FE base replicado
2024,RIO COMPRIDO,Maternal II,73,416.0,3,0,0,3,2023,0.03636678039942394,2007743,68.03454331334251,0.12727272727272726,52.94545454545454,2024,PPML-FE base replicado
2024,ROCHA,Bercario,107,341.0,3,3,0,0,2023,0.03636678039942394,2007743,54.008223970678245,0.22514619883040934,76.77485380116958,2024,PPML-FE base replicado
2024,ROCHA,Maternal I,47,156.0,3,0,3,0,2023,0.03636678039942394,2007743,38.67286718940814,0.33544303797468356,52.32911392405063,2024,PPML-FE base replicado
2024,ROCHA,Maternal II,29,158.0,3,0,0,3,2023,0.03636678039942394,2007743,24.81002112441291,0.2978723404255319,47.06382978723404,2024,PPML-FE base replicado
2024,ROCHA MIRANDA,Bercario,189,718.0,3,3,0,0,2023,0.03636678039942394,2007743,95.54083748671445,0.11442786069651742,82.1592039800995,2024,PPML-FE base replicado
2024,ROCHA MIRANDA,Maternal I,132,444.0,3,0,3,0,2023,0.03636678039942394,2007743,92.47489057004535,0.15876777251184834,70.49289099526067,2024,PPML-FE base replicado
2024,ROCHA MIRANDA,Maternal II,76,422.0,3,0,0,3,2023,0.03636678039942394,2007743,55.672609827588055,0.14601769911504425,61.61946902654867,2024,PPML-FE base replicado
2024,ROCINHA,Bercario,283,1392.0,3,3,0,0,2023,0.03636678039942394,2007743,70.44410404741218,0.06487232574189096,90.30227743271222,2024,PPML-FE base replicado
2024,ROCINHA,Maternal I,231,714.0,3,0,3,0,2023,0.03636678039942394,2007743,56.556155863553876,0.05405405405405406,38.5945945945946,2024,PPML-FE base replicado
2024,ROCINHA,Maternal II,129,814.0,3,0,0,3,2023,0.03636678039942394,2007743,40.84081025126428,0.04772727272727273,38.85,2024,PPML-FE base replicado
2024,SAMPAIO,Bercario,114,245.0,3,3,0,0,2023,0.03636678039942394,2007743,37.130478529370535,0.285140562248996,69.85943775100401,2024,PPML-FE base replicado
2024,SAMPAIO,Maternal I,41,121.0,3,0,3,0,2023,0.03636678039942394,2007743,28.70292053367236,0.232,28.072000000000003,2024,PPML-FE base replicado
2024,SAMPAIO,Maternal II,26,125.0,3,0,0,3,2023,0.03636678039942394,2007743,18.781877562626192,0.1079136690647482,13.489208633093524,2024,PPML-FE base replicado
2024,SANTA CRUZ,Bercario,2078,6260.0,3,3,0,0,2023,0.03636678039942394,2007743,767.0147779912389,0.10363166691992098,648.7342349187054,2024,PPML-FE base replicado
2024,SANTA CRUZ,Maternal I,1592,3430.0,3,0,3,0,2023,0.03636678039942394,2007743,657.8089448235199,0.2122695852534562,728.0846774193548,2024,PPML-FE base replicado
2024,SANTA CRUZ,Maternal II,770,3472.0,3,0,0,3,2023,0.03636678039942394,2007743,421.768018131531,0.0966015520470966,335.4005887075194,2024,PPML-FE base replicado
2024,SANTA TERESA,Bercario,192,665.0,3,3,0,0,2023,0.03636678039942394,2007743,114.36772190827719,0.23504867872044508,156.30737134909597,2024,PPML-FE base replicado
2024,SANTA TERESA,Maternal I,121,367.0,3,0,3,0,2023,0.03636678039942394,2007743,98.79253869513452,0.29381443298969073,107.8298969072165,2024,PPML-FE base replicado
2024,SANTA TERESA,Maternal II,61,388.0,3,0,0,3,2023,0.03636678039942394,2007743,66.15734696572865,0.16791979949874686,65.15288220551378,2024,PPML-FE base replicado
2024,SANTISSIMO,Bercario,291,1038.0,3,3,0,0,2023,0.03636678039942394,2007743,195.84961394384294,0.20525869380831213,213.058524173028,2024,PPML-FE base replicado
2024,SANTISSIMO,Maternal I,269,662.0,3,0,3,0,2023,0.03636678039942394,2007743,195.50578472609632,0.3807531380753138,252.05857740585773,2024,PPML-FE base replicado
2024,SANTISSIMO,Maternal II,239,717.0,3,0,0,3,2023,0.03636678039942394,2007743,134.12478909338526,0.19804741980474197,142.0,2024,PPML-FE base replicado
2024,SANTO CRISTO,Bercario,95,286.0,3,3,0,0,2023,0.03636678039942394,2007743,41.94228638963715,0.12923076923076923,36.96,2024,PPML-FE base replicado
2024,SANTO CRISTO,Maternal I,58,174.0,3,0,3,0,2023,0.03636678039942394,2007743,39.9403230106317,0.1791907514450867,31.179190751445084,2024,PPML-FE base replicado
2024,SANTO CRISTO,Maternal II,34,173.0,3,0,0,3,2023,0.03636678039942394,2007743,25.153400246608747,0.15196078431372548,26.289215686274506,2024,PPML-FE base replicado
2024,SAO CONRADO,Bercario,14,140.0,3,3,0,0,2023,0.03636678039942394,2007743,9.755726452644438,0.05,7.0,2024,PPML-FE base replicado
2024,SAO CONRADO,Maternal I,7,76.0,3,0,3,0,2023,0.03636678039942394,2007743,8.289368134145693,0.038461538461538464,2.9230769230769234,2024,PPML-FE base replicado
2024,SAO CONRADO,Maternal II,3,78.0,3,0,0,3,2023,0.03636678039942394,2007743,5.388783198913794,0.0,0.0,2024,PPML-FE base replicado
2024,SAO CRISTOVAO,Bercario,259,737.0,3,3,0,0,2023,0.03636678039942394,2007743,133.42665912678476,0.20919540229885059,154.1770114942529,2024,PPML-FE base replicado
2024,SAO CRISTOVAO,Maternal I,179,440.0,3,0,3,0,2023,0.03636678039942394,2007743,124.68208517942595,0.28316831683168314,124.59405940594058,2024,PPML-FE base replicado
2024,SAO CRISTOVAO,Maternal II,79,505.0,3,0,0,3,2023,0.03636678039942394,2007743,90.64232404814277,0.19748653500897667,99.73070017953322,2024,PPML-FE base replicado
2024,SAO FRANCISCO XAVIER,Bercario,32,109.0,3,3,0,0,2023,0.03636678039942394,2007743,11.341215477958547,0.14782608695652175,16.11304347826087,2024,PPML-FE base replicado
2024,SAO FRANCISCO XAVIER,Maternal I,13,55.0,3,0,3,0,2023,0.03636678039942394,2007743,8.957195428755702,0.13333333333333333,7.333333333333333,2024,PPML-FE base replicado
2024,SAO FRANCISCO XAVIER,Maternal II,12,60.0,3,0,0,3,2023,0.03636678039942394,2007743,6.189404758252645,0.09523809523809523,5.7142857142857135,2024,PPML-FE base replicado
2024,SAUDE,Bercario,5,52.0,3,3,0,0,2023,0.03636678039942394,2007743,5.394910029696558,0.0784313725490196,4.078431372549019,2024,PPML-FE base replicado
2024,SAUDE,Maternal I,8,32.0,3,0,3,0,2023,0.03636678039942394,2007743,5.196454122255879,0.16216216216216217,5.1891891891891895,2024,PPML-FE base replicado
2024,SAUDE,Maternal II,7,37.0,3,0,0,3,2023,0.03636678039942394,2007743,3.805810122775909,0.1568627450980392,5.803921568627451,2024,PPML-FE base replicado
2024,SENADOR CAMARA,Bercario,391,2213.0,3,3,0,0,2023,0.03636678039942394,2007743,382.6534007489711,0.159846547314578,353.7404092071611,2024,PPML-FE base replicado
2024,SENADOR CAMARA,Maternal I,476,1203.0,3,0,3,0,2023,0.03636678039942394,2007743,325.5862435651369,0.3302752293577982,397.32110091743124,2024,PPML-FE base replicado
2024,SENADOR CAMARA,Maternal II,360,1308.0,3,0,0,3,2023,0.03636678039942394,2007743,224.2314046807892,0.26152556580050296,342.07544006705785,2024,PPML-FE base replicado
2024,SENADOR VASCONCELOS,Bercario,143,573.0,3,3,0,0,2023,0.03636678039942394,2007743,112.34869595230538,0.18518518518518517,106.1111111111111,2024,PPML-FE base replicado
2024,SENADOR VASCONCELOS,Maternal I,192,342.0,3,0,3,0,2023,0.03636678039942394,2007743,104.9580555234052,0.3864306784660767,132.15929203539824,2024,PPML-FE base replicado
2024,SENADOR VASCONCELOS,Maternal II,142,339.0,3,0,0,3,2023,0.03636678039942394,2007743,65.89882062433719,0.28104575163398693,95.27450980392157,2024,PPML-FE base replicado
2024,SEPETIBA,Bercario,694,1484.0,3,3,0,0,2023,0.03636678039942394,2007743,178.76305237892268,0.08475734791524266,125.7799043062201,2024,PPML-FE base replicado
2024,SEPETIBA,Maternal I,313,749.0,3,0,3,0,2023,0.03636678039942394,2007743,141.22186244322515,0.18318695106649938,137.20702634880803,2024,PPML-FE base replicado
2024,SEPETIBA,Maternal II,216,797.0,3,0,0,3,2023,0.03636678039942394,2007743,95.18460504024969,0.10473815461346633,83.47630922693267,2024,PPML-FE base replicado
2024,TANQUE,Bercario,221,765.0,3,3,0,0,2023,0.03636678039942394,2007743,121.93613403105331,0.10814094775212636,82.72782503037666,2024,PPML-FE base replicado
2024,TANQUE,Maternal I,236,442.0,3,0,3,0,2023,0.03636678039942394,2007743,110.27308185102554,0.2719665271966527,120.20920502092049,2024,PPML-FE base replicado
2024,TANQUE,Maternal II,137,478.0,3,0,0,3,2023,0.03636678039942394,2007743,75.53764018095147,0.14225053078556263,67.99575371549894,2024,PPML-FE base replicado
2024,TAQUARA,Bercario,450,2414.0,3,3,0,0,2023,0.03636678039942394,2007743,290.1142236588661,0.113120430934975,273.07272027702965,2024,PPML-FE base replicado
2024,TAQUARA,Maternal I,431,1291.0,3,0,3,0,2023,0.03636678039942394,2007743,242.84784538525383,0.19073203492276697,246.23505708529217,2024,PPML-FE base replicado
2024,TAQUARA,Maternal II,294,1489.0,3,0,0,3,2023,0.03636678039942394,2007743,177.4152648542797,0.12316528398213146,183.39310784939374,2024,PPML-FE base replicado
2024,TAUA,Bercario,125,430.0,3,3,0,0,2023,0.03636678039942394,2007743,62.803100799849666,0.19527896995708155,83.96995708154506,2024,PPML-FE base replicado
2024,TAUA,Maternal I,79,262.0,3,0,3,0,2023,0.03636678039942394,2007743,59.89494616522453,0.2638888888888889,69.13888888888889,2024,PPML-FE base replicado
2024,TAUA,Maternal II,36,216.0,3,0,0,3,2023,0.03636678039942394,2007743,31.277419320474415,0.09745762711864407,21.05084745762712,2024,PPML-FE base replicado
2024,TIJUCA,Bercario,380,2069.0,3,3,0,0,2023,0.03636678039942394,2007743,161.71075227420195,0.11703703703703704,242.14962962962963,2024,PPML-FE base replicado
2024,TIJUCA,Maternal I,179,998.0,3,0,3,0,2023,0.03636678039942394,2007743,122.09143672706438,0.11001788908765653,109.79785330948121,2024,PPML-FE base replicado
2024,TIJUCA,Maternal II,71,1118.0,3,0,0,3,2023,0.03636678039942394,2007743,86.63327661021319,0.057208237986270026,63.95881006864989,2024,PPML-FE base replicado
2024,TODOS OS SANTOS,Bercario,28,282.0,3,3,0,0,2023,0.03636678039942394,2007743,17.924448704664705,0.04195804195804196,11.832167832167833,2024,PPML-FE base replicado
2024,TODOS OS SANTOS,Maternal I,40,146.0,3,0,3,0,2023,0.03636678039942394,2007743,14.525323411715615,0.034722222222222224,5.069444444444445,2024,PPML-FE base replicado
2024,TODOS OS SANTOS,Maternal II,17,144.0,3,0,0,3,2023,0.03636678039942394,2007743,9.07452122940657,0.029197080291970802,4.204379562043796,2024,PPML-FE base replicado
2024,TOMAS COELHO,Bercario,110,460.0,3,3,0,0,2023,0.03636678039942394,2007743,79.02281635035912,0.18724279835390947,86.13168724279836,2024,PPML-FE base replicado
2024,TOMAS COELHO,Maternal I,87,256.0,3,0,3,0,2023,0.03636678039942394,2007743,68.83524994394334,0.32421875,83.0,2024,PPML-FE base replicado
2024,TOMAS COELHO,Maternal II,65,256.0,3,0,0,3,2023,0.03636678039942394,2007743,43.601272818411644,0.15319148936170213,39.217021276595744,2024,PPML-FE base replicado
2024,TURIACU,Bercario,70,294.0,3,3,0,0,2023,0.03636678039942394,2007743,45.57114822202079,0.14666666666666667,43.12,2024,PPML-FE base replicado
2024,TURIACU,Maternal I,58,146.0,3,0,3,0,2023,0.03636678039942394,2007743,35.42189187164644,0.16374269005847952,23.90643274853801,2024,PPML-FE base replicado
2024,TURIACU,Maternal II,35,171.0,3,0,0,3,2023,0.03636678039942394,2007743,26.27866396075845,0.2550335570469799,43.61073825503356,2024,PPML-FE base replicado
2024,URCA,Bercario,6,88.0,3,3,0,0,2023,0.03636678039942394,2007743,7.312228218521791,0.05154639175257732,4.536082474226804,2024,PPML-FE base replicado
2024,URCA,Maternal I,11,47.0,3,0,3,0,2023,0.03636678039942394,2007743,6.112813975657134,0.034482758620689655,1.6206896551724137,2024,PPML-FE base replicado
2024,URCA,Maternal II,3,58.0,3,0,0,3,2023,0.03636678039942394,2007743,4.778147905373117,0.13953488372093023,8.093023255813954,2024,PPML-FE base replicado
2024,VARGEM GRANDE,Bercario,131,594.0,3,3,0,0,2023,0.03636678039942394,2007743,55.7471532115945,0.04909090909090909,29.159999999999997,2024,PPML-FE base replicado
2024,VARGEM GRANDE,Maternal I,106,248.0,3,0,3,0,2023,0.03636678039942394,2007743,36.430420717576524,0.16037735849056603,39.77358490566038,2024,PPML-FE base replicado
2024,VARGEM GRANDE,Maternal II,57,318.0,3,0,0,3,2023,0.03636678039942394,2007743,29.58883729143925,0.1736111111111111,55.20833333333333,2024,PPML-FE base replicado
2024,VARGEM PEQUENA,Bercario,113,773.0,3,3,0,0,2023,0.03636678039942394,2007743,70.6841550933381,0.07804232804232804,60.326719576719576,2024,PPML-FE base replicado
2024,VARGEM PEQUENA,Maternal I,113,391.0,3,0,3,0,2023,0.03636678039942394,2007743,55.962304590166525,0.1643192488262911,64.24882629107982,2024,PPML-FE base replicado
2024,VARGEM PEQUENA,Maternal II,80,426.0,3,0,0,3,2023,0.03636678039942394,2007743,38.62039456283987,0.15885416666666666,67.671875,2024,PPML-FE base replicado
2024,VASCO GAMA,Bercario,9,78.0,3,3,0,0,2023,0.03636678039942394,2007743,8.140713628541398,0.2079207920792079,16.217821782178216,2024,PPML-FE base replicado
2024,VASCO GAMA,Maternal I,8,82.0,3,0,3,0,2023,0.03636678039942394,2007743,13.395470847146477,0.1935483870967742,15.870967741935484,2024,PPML-FE base replicado
2024,VASCO GAMA,Maternal II,6,62.0,3,0,0,3,2023,0.03636678039942394,2007743,6.415405238721754,0.18421052631578946,11.421052631578947,2024,PPML-FE base replicado
2024,VAZ LOBO,Bercario,91,310.0,3,3,0,0,2023,0.03636678039942394,2007743,51.02429470263992,0.18313953488372092,56.77325581395348,2024,PPML-FE base replicado
2024,VAZ LOBO,Maternal I,58,189.0,3,0,3,0,2023,0.03636678039942394,2007743,48.69152502600011,0.21717171717171718,41.04545454545455,2024,PPML-FE base replicado
2024,VAZ LOBO,Maternal II,32,198.0,3,0,0,3,2023,0.03636678039942394,2007743,32.31060103881922,0.1111111111111111,22.0,2024,PPML-FE base replicado
2024,VICENTE CARVALHO,Bercario,89,442.0,3,3,0,0,2023,0.03636678039942394,2007743,67.72723732002595,0.17067833698030635,75.43982494529541,2024,PPML-FE base replicado
2024,VICENTE CARVALHO,Maternal I,79,222.0,3,0,3,0,2023,0.03636678039942394,2007743,53.243956746749156,0.24686192468619247,54.80334728033473,2024,PPML-FE base replicado
2024,VICENTE CARVALHO,Maternal II,48,239.0,3,0,0,3,2023,0.03636678039942394,2007743,36.30809994388317,0.1419141914191419,33.917491749174914,2024,PPML-FE base replicado
2024,VIDIGAL,Bercario,116,334.0,3,3,0,0,2023,0.03636678039942394,2007743,54.93895688051611,0.32710280373831774,109.25233644859813,2024,PPML-FE base replicado
2024,VIDIGAL,Maternal I,68,169.0,3,0,3,0,2023,0.03636678039942394,2007743,43.51078346641036,0.22413793103448276,37.87931034482759,2024,PPML-FE base replicado
2024,VIDIGAL,Maternal II,49,174.0,3,0,0,3,2023,0.03636678039942394,2007743,28.375774281669926,0.1485148514851485,25.84158415841584,2024,PPML-FE base replicado
2024,VIGARIO GERAL,Bercario,157,761.0,3,3,0,0,2023,0.03636678039942394,2007743,96.0733425828836,0.10466582597730138,79.65069356872635,2024,PPML-FE base replicado
2024,VIGARIO GERAL,Maternal I,187,422.0,3,0,3,0,2023,0.03636678039942394,2007743,83.38865162251108,0.19373219373219372,81.75498575498575,2024,PPML-FE base replicado
2024,VIGARIO GERAL,Maternal II,73,351.0,3,0,0,3,2023,0.03636678039942394,2007743,43.932901906058106,0.14713896457765668,51.6457765667575,2024,PPML-FE base replicado
2024,VILA ISABEL,Bercario,219,939.0,3,3,0,0,2023,0.03636678039942394,2007743,86.87471777962307,0.1422924901185771,133.61264822134387,2024,PPML-FE base replicado
2024,VILA ISABEL,Maternal I,88,533.0,3,0,3,0,2023,0.03636678039942394,2007743,77.18471054635697,0.08375209380234507,44.63986599664992,2024,PPML-FE base replicado
2024,VILA ISABEL,Maternal II,69,597.0,3,0,0,3,2023,0.03636678039942394,2007743,54.76040805932586,0.05008944543828265,29.90339892665474,2024,PPML-FE base replicado
2024,VILA KENNEDY,Bercario,0,321.0,3,3,0,0,2023,0.03636678039942394,2007743,11.968331588085277,0.0,0.0,2024,PPML-FE base replicado
2024,VILA KENNEDY,Maternal I,0,101.0,3,0,3,0,2023,0.03636678039942394,2007743,5.894218221780348,0.017167381974248927,1.7339055793991416,2024,PPML-FE base replicado
2024,VILA KENNEDY,Maternal II,2,233.0,3,0,0,3,2023,0.03636678039942394,2007743,8.612892599887019,0.013513513513513514,3.1486486486486487,2024,PPML-FE base replicado
2024,VILA KOSMOS,Bercario,45,223.0,3,3,0,0,2023,0.03636678039942394,2007743,35.23882649001429,0.12987012987012986,28.96103896103896,2024,PPML-FE base replicado
2024,VILA KOSMOS,Maternal I,68,123.0,3,0,3,0,2023,0.03636678039942394,2007743,30.42271310816315,0.2857142857142857,35.14285714285714,2024,PPML-FE base replicado
2024,VILA KOSMOS,Maternal II,15,126.0,3,0,0,3,2023,0.03636678039942394,2007743,19.74020458987097,0.21782178217821782,27.445544554455445,2024,PPML-FE base replicado
2024,VILA MILITAR,Bercario,12,241.0,3,3,0,0,2023,0.03636678039942394,2007743,17.582687448625293,0.03319502074688797,8.0,2024,PPML-FE base replicado
2024,VILA MILITAR,Maternal I,10,151.0,3,0,3,0,2023,0.03636678039942394,2007743,17.24334101441184,0.04666666666666667,7.046666666666667,2024,PPML-FE base replicado
2024,VILA MILITAR,Maternal II,4,150.0,3,0,0,3,2023,0.03636678039942394,2007743,10.849856710839873,0.08411214953271028,12.616822429906541,2024,PPML-FE base replicado
2024,VILA PENHA,Bercario,62,295.0,3,3,0,0,2023,0.03636678039942394,2007743,22.21559356587135,0.052478134110787174,15.481049562682216,2024,PPML-FE base replicado
2024,VILA PENHA,Maternal I,52,182.0,3,0,3,0,2023,0.03636678039942394,2007743,21.452778550891722,0.058091286307053944,10.572614107883817,2024,PPML-FE base replicado
2024,VILA PENHA,Maternal II,18,241.0,3,0,0,3,2023,0.03636678039942394,2007743,17.993575814811404,0.028391167192429023,6.842271293375394,2024,PPML-FE base replicado
2024,VILA VALQUEIRE,Bercario,78,589.0,3,3,0,0,2023,0.03636678039942394,2007743,58.26183049878254,0.04401408450704225,25.924295774647884,2024,PPML-FE base replicado
2024,VILA VALQUEIRE,Maternal I,74,264.0,3,0,3,0,2023,0.03636678039942394,2007743,40.87417629669504,0.14950166112956811,39.46843853820598,2024,PPML-FE base replicado
2024,VILA VALQUEIRE,Maternal II,45,301.0,3,0,0,3,2023,0.03636678039942394,2007743,29.518878691293608,0.11314984709480122,34.05810397553517,2024,PPML-FE base replicado
2024,VISTA ALEGRE,Bercario,33,130.0,3,3,0,0,2023,0.03636678039942394,2007743,14.334894553600114,0.061946902654867256,8.053097345132743,2024,PPML-FE base replicado
2024,VISTA ALEGRE,Maternal I,23,58.0,3,0,3,0,2023,0.03636678039942394,2007743,10.010491477469115,0.11904761904761904,6.904761904761904,2024,PPML-FE base replicado
2024,VISTA ALEGRE,Maternal II,18,84.0,3,0,0,3,2023,0.03636678039942394,2007743,9.18321953032048,0.05,4.2,2024,PPML-FE base replicado
2024,ZUMBI,Bercario,3,42.0,3,3,0,0,2023,0.03636678039942394,2007743,4.08687560990356,0.041666666666666664,1.75,2024,PPML-FE base replicado
2024,ZUMBI,Maternal I,3,23.0,3,0,3,0,2023,0.03636678039942394,2007743,3.5030490747105585,0.0625,1.4375,2024,PPML-FE base replicado
2024,ZUMBI,Maternal II,2,16.0,3,0,0,3,2023,0.03636678039942394,2007743,1.5435711110690502,0.0,0.0,2024,PPML-FE base replicado
2024,ABOLICAO,Bercario,31,154.0,3,3,0,0,2023,0.03636678039942394,2007743,11.174915913705576,0.07058823529411765,10.870588235294118,2024,PPML-FE + Caged comum
2024,ABOLICAO,Maternal I,22,92.0,3,0,3,0,2023,0.03636678039942394,2007743,10.455100690787157,0.0875,8.049999999999999,2024,PPML-FE + Caged comum
2024,ABOLICAO,Maternal II,11,80.0,3,0,0,3,2023,0.03636678039942394,2007743,5.724417360852758,0.07079646017699115,5.663716814159292,2024,PPML-FE + Caged comum
2024,ACARI,Bercario,235,822.0,3,3,0,0,2023,0.03636678039942394,2007743,134.97334298640826,0.2745341614906832,225.6670807453416,2024,PPML-FE + Caged comum
2024,ACARI,Maternal I,276,398.0,3,0,3,0,2023,0.03636678039942394,2007743,102.34723359915999,0.4004914004914005,159.3955773955774,2024,PPML-FE + Caged comum
2024,ACARI,Maternal II,109,407.0,3,0,0,3,2023,0.03636678039942394,2007743,65.90044637246093,0.18292682926829268,74.45121951219512,2024,PPML-FE + Caged comum
2024,AGUA SANTA,Bercario,18,123.0,3,3,0,0,2023,0.03636678039942394,2007743,11.182524194163259,0.023255813953488372,2.8604651162790695,2024,PPML-FE + Caged comum
2024,AGUA SANTA,Maternal I,31,60.0,3,0,3,0,2023,0.03636678039942394,2007743,8.542851059889898,0.21739130434782608,13.043478260869565,2024,PPML-FE + Caged comum
2024,AGUA SANTA,Maternal II,10,69.0,3,0,0,3,2023,0.03636678039942394,2007743,6.1858813527822765,0.12658227848101267,8.734177215189874,2024,PPML-FE + Caged comum
2024,ALTO BOA VISTA,Bercario,63,169.0,3,3,0,0,2023,0.03636678039942394,2007743,19.33137257309949,0.22093023255813954,37.33720930232558,2024,PPML-FE + Caged comum
2024,ALTO BOA VISTA,Maternal I,29,102.0,3,0,3,0,2023,0.03636678039942394,2007743,18.272291186592504,0.13043478260869565,13.304347826086957,2024,PPML-FE + Caged comum
2024,ALTO BOA VISTA,Maternal II,15,92.0,3,0,0,3,2023,0.03636678039942394,2007743,10.37723313858285,0.125,11.5,2024,PPML-FE + Caged comum
2024,ANCHIETA,Bercario,280,1387.0,3,3,0,0,2023,0.03636678039942394,2007743,158.05491717492455,0.15138888888888888,209.97638888888886,2024,PPML-FE + Caged comum
2024,ANCHIETA,Maternal I,380,694.0,3,0,3,0,2023,0.03636678039942394,2007743,123.85338202446749,0.211864406779661,147.03389830508473,2024,PPML-FE + Caged comum
2024,ANCHIETA,Maternal II,206,826.0,3,0,0,3,2023,0.03636678039942394,2007743,92.81739124571368,0.14103923647932132,116.4984093319194,2024,PPML-FE + Caged comum
2024,ANDARAI,Bercario,114,506.0,3,3,0,0,2023,0.03636678039942394,2007743,41.449529891673166,0.12992125984251968,65.74015748031496,2024,PPML-FE + Caged comum
2024,ANDARAI,Maternal I,56,239.0,3,0,3,0,2023,0.03636678039942394,2007743,30.660825447093476,0.08108108108108109,19.37837837837838,2024,PPML-FE + Caged comum
2024,ANDARAI,Maternal II,18,296.0,3,0,0,3,2023,0.03636678039942394,2007743,23.909944254080475,0.060714285714285714,17.97142857142857,2024,PPML-FE + Caged comum
2024,ANIL,Bercario,349,806.0,3,3,0,0,2023,0.03636678039942394,2007743,327.624953218402,0.37530266343825663,302.49394673123487,2024,PPML-FE + Caged comum
2024,ANIL,Maternal I,426,387.0,3,0,3,0,2023,0.03636678039942394,2007743,246.35974419465435,0.8445945945945946,326.8581081081081,2024,PPML-FE + Caged comum
2024,ANIL,Maternal II,426,444.0,3,0,0,3,2023,0.03636678039942394,2007743,177.96830342317827,0.8547619047619047,379.5142857142857,2024,PPML-FE + Caged comum
2024,BANCARIOS,Bercario,95,309.0,3,3,0,0,2023,0.03636678039942394,2007743,36.34426391799027,0.1723076923076923,53.24307692307692,2024,PPML-FE + Caged comum
2024,BANCARIOS,Maternal I,54,139.0,3,0,3,0,2023,0.03636678039942394,2007743,25.604072463314704,0.22641509433962265,31.471698113207548,2024,PPML-FE + Caged comum
2024,BANCARIOS,Maternal II,14,159.0,3,0,0,3,2023,0.03636678039942394,2007743,18.441331827140097,0.21232876712328766,33.76027397260274,2024,PPML-FE + Caged comum
2024,BANGU,Bercario,1122,4599.0,3,3,0,0,2023,0.03636678039942394,2007743,687.2106568179498,0.20059642147117296,922.5429423459244,2024,PPML-FE + Caged comum
2024,BANGU,Maternal I,966,2569.0,3,0,3,0,2023,0.03636678039942394,2007743,601.1840220814828,0.31390134529147984,806.4125560538117,2024,PPML-FE + Caged comum
2024,BANGU,Maternal II,639,2676.0,3,0,0,3,2023,0.03636678039942394,2007743,394.3032395693782,0.19642857142857142,525.6428571428571,2024,PPML-FE + Caged comum
2024,BARRA GUARATIBA,Bercario,14,128.0,3,3,0,0,2023,0.03636678039942394,2007743,7.779824061348578,0.0234375,3.0,2024,PPML-FE + Caged comum
2024,BARRA GUARATIBA,Maternal I,24,71.0,3,0,3,0,2023,0.03636678039942394,2007743,6.7582616859345706,0.02531645569620253,1.7974683544303798,2024,PPML-FE + Caged comum
2024,BARRA GUARATIBA,Maternal II,26,79.0,3,0,0,3,2023,0.03636678039942394,2007743,4.734832907741813,0.05172413793103448,4.086206896551724,2024,PPML-FE + Caged comum
2024,BARRA TIJUCA,Bercario,58,2378.0,3,3,0,0,2023,0.03636678039942394,2007743,54.95317364144834,0.02369077306733167,56.33665835411471,2024,PPML-FE + Caged comum
2024,BARRA TIJUCA,Maternal I,96,1196.0,3,0,3,0,2023,0.03636678039942394,2007743,43.28415638151259,0.03986981285598047,47.68429617575264,2024,PPML-FE + Caged comum
2024,BARRA TIJUCA,Maternal II,35,1229.0,3,0,0,3,2023,0.03636678039942394,2007743,28.005966914857957,0.02680565897244974,32.944154877140726,2024,PPML-FE + Caged comum
2024,BARROS FILHO,Bercario,115,409.0,3,3,0,0,2023,0.03636678039942394,2007743,54.6052645103276,0.17274939172749393,70.65450121654501,2024,PPML-FE + Caged comum
2024,BARROS FILHO,Maternal I,62,224.0,3,0,3,0,2023,0.03636678039942394,2007743,46.83559855320722,0.2648221343873518,59.320158102766804,2024,PPML-FE + Caged comum
2024,BARROS FILHO,Maternal II,58,253.0,3,0,0,3,2023,0.03636678039942394,2007743,33.308071512927064,0.20425531914893616,51.676595744680846,2024,PPML-FE + Caged comum
2024,BENFICA,Bercario,364,728.0,3,3,0,0,2023,0.03636678039942394,2007743,151.1008111688674,0.3227665706051873,234.97406340057637,2024,PPML-FE + Caged comum
2024,BENFICA,Maternal I,234,374.0,3,0,3,0,2023,0.03636678039942394,2007743,121.56928656131382,0.3873239436619718,144.85915492957747,2024,PPML-FE + Caged comum
2024,BENFICA,Maternal II,156,426.0,3,0,0,3,2023,0.03636678039942394,2007743,87.18921662939987,0.25461254612546125,108.4649446494465,2024,PPML-FE + Caged comum
2024,BENTO RIBEIRO,Bercario,100,620.0,3,3,0,0,2023,0.03636678039942394,2007743,61.731294064740744,0.06605222734254992,40.952380952380956,2024,PPML-FE + Caged comum
2024,BENTO RIBEIRO,Maternal I,122,350.0,3,0,3,0,2023,0.03636678039942394,2007743,54.57560832909644,0.15458937198067632,54.106280193236714,2024,PPML-FE + Caged comum
2024,BENTO RIBEIRO,Maternal II,87,414.0,3,0,0,3,2023,0.03636678039942394,2007743,40.647308420194115,0.17266187050359713,71.48201438848922,2024,PPML-FE + Caged comum
2024,BONSUCESSO,Bercario,439,1139.0,3,3,0,0,2023,0.03636678039942394,2007743,128.50220569401594,0.17119155354449472,194.9871794871795,2024,PPML-FE + Caged comum
2024,BONSUCESSO,Maternal I,362,584.0,3,0,3,0,2023,0.03636678039942394,2007743,103.18499669384423,0.20728643216080403,121.05527638190955,2024,PPML-FE + Caged comum
2024,BONSUCESSO,Maternal II,207,796.0,3,0,0,3,2023,0.03636678039942394,2007743,88.55593767939192,0.09943502824858758,79.1502824858757,2024,PPML-FE + Caged comum
2024,BOTAFOGO,Bercario,112,1095.0,3,3,0,0,2023,0.03636678039942394,2007743,38.348641056467805,0.033391915641476276,36.564147627416524,2024,PPML-FE + Caged comum
2024,BOTAFOGO,Maternal I,71,571.0,3,0,3,0,2023,0.03636678039942394,2007743,31.317624821233636,0.06164383561643835,35.1986301369863,2024,PPML-FE + Caged comum
2024,BOTAFOGO,Maternal II,35,584.0,3,0,0,3,2023,0.03636678039942394,2007743,20.168168758129596,0.03770739064856712,22.021116138763198,2024,PPML-FE + Caged comum
2024,BRAS PINA,Bercario,192,807.0,3,3,0,0,2023,0.03636678039942394,2007743,49.98535984752892,0.039125431530494824,31.574223245109323,2024,PPML-FE + Caged comum
2024,BRAS PINA,Maternal I,172,452.0,3,0,3,0,2023,0.03636678039942394,2007743,43.84545410223508,0.09368191721132897,42.344226579520694,2024,PPML-FE + Caged comum
2024,BRAS PINA,Maternal II,73,459.0,3,0,0,3,2023,0.03636678039942394,2007743,28.034946641560687,0.05042016806722689,23.142857142857142,2024,PPML-FE + Caged comum
2024,CACHAMBI,Bercario,97,600.0,3,3,0,0,2023,0.03636678039942394,2007743,27.843030413517322,0.03054662379421222,18.327974276527332,2024,PPML-FE + Caged comum
2024,CACHAMBI,Maternal I,73,316.0,3,0,3,0,2023,0.03636678039942394,2007743,22.965144549001277,0.08181818181818182,25.854545454545455,2024,PPML-FE + Caged comum
2024,CACHAMBI,Maternal II,33,330.0,3,0,0,3,2023,0.03636678039942394,2007743,15.100695537516508,0.03225806451612903,10.64516129032258,2024,PPML-FE + Caged comum
2024,CACUIA,Bercario,31,179.0,3,3,0,0,2023,0.03636678039942394,2007743,14.081413793345478,0.09883720930232558,17.691860465116278,2024,PPML-FE + Caged comum
2024,CACUIA,Maternal I,26,83.0,3,0,3,0,2023,0.03636678039942394,2007743,10.225585196330016,0.11214953271028037,9.30841121495327,2024,PPML-FE + Caged comum
2024,CACUIA,Maternal II,25,107.0,3,0,0,3,2023,0.03636678039942394,2007743,8.30031869264462,0.18947368421052632,20.273684210526316,2024,PPML-FE + Caged comum
2024,CAJU,Bercario,176,660.0,3,3,0,0,2023,0.03636678039942394,2007743,107.43007914553996,0.26646706586826346,175.86826347305387,2024,PPML-FE + Caged comum
2024,CAJU,Maternal I,147,337.0,3,0,3,0,2023,0.03636678039942394,2007743,85.90703110302896,0.3515850144092219,118.48414985590779,2024,PPML-FE + Caged comum
2024,CAJU,Maternal II,37,347.0,3,0,0,3,2023,0.03636678039942394,2007743,55.69666547387623,0.21739130434782608,75.43478260869566,2024,PPML-FE + Caged comum
2024,CAMORIM,Bercario,121,203.0,3,3,0,0,2023,0.03636678039942394,2007743,63.00403188057798,0.5480769230769231,111.2596153846154,2024,PPML-FE + Caged comum
2024,CAMORIM,Maternal I,80,85.0,3,0,3,0,2023,0.03636678039942394,2007743,41.315030690677006,0.9887640449438202,84.04494382022472,2024,PPML-FE + Caged comum
2024,CAMORIM,Maternal II,58,89.0,3,0,0,3,2023,0.03636678039942394,2007743,27.238304549562113,0.373134328358209,33.2089552238806,2024,PPML-FE + Caged comum
2024,CAMPINHO,Bercario,45,207.0,3,3,0,0,2023,0.03636678039942394,2007743,17.290977544817807,0.09389671361502347,19.43661971830986,2024,PPML-FE + Caged comum
2024,CAMPINHO,Maternal I,27,113.0,3,0,3,0,2023,0.03636678039942394,2007743,14.782384491400242,0.10416666666666667,11.770833333333334,2024,PPML-FE + Caged comum
2024,CAMPINHO,Maternal II,36,144.0,3,0,0,3,2023,0.03636678039942394,2007743,11.86122252064497,0.22807017543859648,32.84210526315789,2024,PPML-FE + Caged comum
2024,CAMPO AFONSOS,Bercario,3,72.0,3,3,0,0,2023,0.03636678039942394,2007743,5.494807173963015,0.016666666666666666,1.2,2024,PPML-FE + Caged comum
2024,CAMPO AFONSOS,Maternal I,5,29.0,3,0,3,0,2023,0.03636678039942394,2007743,3.466049872072731,0.1,2.9000000000000004,2024,PPML-FE + Caged comum
2024,CAMPO AFONSOS,Maternal II,5,30.0,3,0,0,3,2023,0.03636678039942394,2007743,2.257662269054686,0.1111111111111111,3.333333333333333,2024,PPML-FE + Caged comum
2024,CAMPO GRANDE,Bercario,1787,7585.0,3,3,0,0,2023,0.03636678039942394,2007743,1024.74916556851,0.1707014276846679,1294.770328988206,2024,PPML-FE + Caged comum
2024,CAMPO GRANDE,Maternal I,1732,4155.0,3,0,3,0,2023,0.03636678039942394,2007743,879.1234519385447,0.2804209603157202,1165.1490901118175,2024,PPML-FE + Caged comum
2024,CAMPO GRANDE,Maternal II,1170,4561.0,3,0,0,3,2023,0.03636678039942394,2007743,607.6308573325301,0.1836734693877551,837.7346938775511,2024,PPML-FE + Caged comum
2024,CASCADURA,Bercario,127,597.0,3,3,0,0,2023,0.03636678039942394,2007743,82.77772894686288,0.1806020066889632,107.81939799331103,2024,PPML-FE + Caged comum
2024,CASCADURA,Maternal I,91,294.0,3,0,3,0,2023,0.03636678039942394,2007743,63.84154016151982,0.24620060790273557,72.38297872340426,2024,PPML-FE + Caged comum
2024,CASCADURA,Maternal II,100,329.0,3,0,0,3,2023,0.03636678039942394,2007743,44.98345760970677,0.1984126984126984,65.27777777777777,2024,PPML-FE + Caged comum
2024,CATETE,Bercario,54,343.0,3,3,0,0,2023,0.03636678039942394,2007743,24.486076808537657,0.11976047904191617,41.07784431137725,2024,PPML-FE + Caged comum
2024,CATETE,Maternal I,36,160.0,3,0,3,0,2023,0.03636678039942394,2007743,17.8880054858728,0.12571428571428572,20.114285714285714,2024,PPML-FE + Caged comum
2024,CATETE,Maternal II,14,175.0,3,0,0,3,2023,0.03636678039942394,2007743,12.319154336596917,0.05434782608695652,9.51086956521739,2024,PPML-FE + Caged comum
2024,CATUMBI,Bercario,138,275.0,3,3,0,0,2023,0.03636678039942394,2007743,52.242511379878174,0.3890577507598784,106.99088145896657,2024,PPML-FE + Caged comum
2024,CATUMBI,Maternal I,72,181.0,3,0,3,0,2023,0.03636678039942394,2007743,53.85013251418834,0.3684210526315789,66.68421052631578,2024,PPML-FE + Caged comum
2024,CATUMBI,Maternal II,32,171.0,3,0,0,3,2023,0.03636678039942394,2007743,32.03356122658927,0.15714285714285714,26.87142857142857,2024,PPML-FE + Caged comum
2024,CAVALCANTE,Bercario,101,310.0,3,3,0,0,2023,0.03636678039942394,2007743,41.52143686301237,0.284375,88.15625,2024,PPML-FE + Caged comum
2024,CAVALCANTE,Maternal I,72,163.0,3,0,3,0,2023,0.03636678039942394,2007743,34.191262234830475,0.24479166666666666,39.901041666666664,2024,PPML-FE + Caged comum
2024,CAVALCANTE,Maternal II,61,192.0,3,0,0,3,2023,0.03636678039942394,2007743,25.358856664237628,0.20103092783505155,38.5979381443299,2024,PPML-FE + Caged comum
2024,CENTRO,Bercario,155,442.0,3,3,0,0,2023,0.03636678039942394,2007743,70.53489185808183,0.2550607287449393,112.73684210526316,2024,PPML-FE + Caged comum
2024,CENTRO,Maternal I,104,251.0,3,0,3,0,2023,0.03636678039942394,2007743,62.729569385496994,0.3505535055350554,87.9889298892989,2024,PPML-FE + Caged comum
2024,CENTRO,Maternal II,82,271.0,3,0,0,3,2023,0.03636678039942394,2007743,42.64506556203366,0.24,65.03999999999999,2024,PPML-FE + Caged comum
2024,CIDADE DEUS,Bercario,447,1150.0,3,3,0,0,2023,0.03636678039942394,2007743,197.04067959657877,0.182475884244373,209.84726688102896,2024,PPML-FE + Caged comum
2024,CIDADE DEUS,Maternal I,421,653.0,3,0,3,0,2023,0.03636678039942394,2007743,175.22177965161276,0.5013123359580053,327.35695538057746,2024,PPML-FE + Caged comum
2024,CIDADE DEUS,Maternal II,195,762.0,3,0,0,3,2023,0.03636678039942394,2007743,128.74512337975887,0.21388888888888888,162.98333333333332,2024,PPML-FE + Caged comum
2024,CIDADE NOVA,Bercario,34,87.0,3,3,0,0,2023,0.03636678039942394,2007743,12.466136471290314,0.2641509433962264,22.9811320754717,2024,PPML-FE + Caged comum
2024,CIDADE NOVA,Maternal I,19,60.0,3,0,3,0,2023,0.03636678039942394,2007743,13.464205268163907,0.5283018867924528,31.69811320754717,2024,PPML-FE + Caged comum
2024,CIDADE NOVA,Maternal II,10,53.0,3,0,0,3,2023,0.03636678039942394,2007743,7.488696914602803,0.1095890410958904,5.808219178082192,2024,PPML-FE + Caged comum
2024,CIDADE UNIVERSITARIA,Bercario,5,23.0,3,3,0,0,2023,0.03636678039942394,2007743,1.8132293312634002,0.0,0.0,2024,PPML-FE + Caged comum
2024,CIDADE UNIVERSITARIA,Maternal I,6,15.0,3,0,3,0,2023,0.03636678039942394,2007743,1.8519659948574905,0.0,0.0,2024,PPML-FE + Caged comum
2024,CIDADE UNIVERSITARIA,Maternal II,3,10.0,3,0,0,3,2023,0.03636678039942394,2007743,0.7773966409406841,0.07692307692307693,0.7692307692307693,2024,PPML-FE + Caged comum
2024,COCOTA,Bercario,15,91.0,3,3,0,0,2023,0.03636678039942394,2007743,7.378486188616307,0.14754098360655737,13.426229508196721,2024,PPML-FE + Caged comum
2024,COCOTA,Maternal I,17,70.0,3,0,3,0,2023,0.03636678039942394,2007743,8.888751515504705,0.0547945205479452,3.835616438356164,2024,PPML-FE + Caged comum
2024,COCOTA,Maternal II,10,73.0,3,0,0,3,2023,0.03636678039942394,2007743,5.836688239493954,0.09090909090909091,6.636363636363637,2024,PPML-FE + Caged comum
2024,COELHO NETO,Bercario,191,598.0,3,3,0,0,2023,0.03636678039942394,2007743,111.13620682631888,0.2627986348122867,157.15358361774744,2024,PPML-FE + Caged comum
2024,COELHO NETO,Maternal I,191,302.0,3,0,3,0,2023,0.03636678039942394,2007743,87.8978349982497,0.4222222222222222,127.5111111111111,2024,PPML-FE + Caged comum
2024,COELHO NETO,Maternal II,80,315.0,3,0,0,3,2023,0.03636678039942394,2007743,57.727493324434334,0.2198952879581152,69.26701570680629,2024,PPML-FE + Caged comum
2024,COLEGIO,Bercario,116,671.0,3,3,0,0,2023,0.03636678039942394,2007743,91.27318442721622,0.125,83.875,2024,PPML-FE + Caged comum
2024,COLEGIO,Maternal I,120,354.0,3,0,3,0,2023,0.03636678039942394,2007743,75.41205820491143,0.11271676300578035,39.90173410404624,2024,PPML-FE + Caged comum
2024,COLEGIO,Maternal II,102,346.0,3,0,0,3,2023,0.03636678039942394,2007743,46.41031772110154,0.2905982905982906,100.54700854700856,2024,PPML-FE + Caged comum
2024,COMPLEXO ALEMAO,Bercario,0,642.0,3,3,0,0,2023,0.03636678039942394,2007743,13.15011535856521,0.0,0.0,2024,PPML-FE + Caged comum
2024,COMPLEXO ALEMAO,Maternal I,1,213.0,3,0,3,0,2023,0.03636678039942394,2007743,6.83267851780075,0.006622516556291391,1.4105960264900663,2024,PPML-FE + Caged comum
2024,COMPLEXO ALEMAO,Maternal II,0,151.0,3,0,0,3,2023,0.03636678039942394,2007743,3.0499255766552267,0.00234192037470726,0.35362997658079626,2024,PPML-FE + Caged comum
2024,COMPLEXO MARE,Bercario,586,2609.0,3,3,0,0,2023,0.03636678039942394,2007743,292.824712373078,0.18494000827472074,482.5084815887464,2024,PPML-FE + Caged comum
2024,COMPLEXO MARE,Maternal I,475,1384.0,3,0,3,0,2023,0.03636678039942394,2007743,243.26889682786154,0.2818565400843882,390.0894514767933,2024,PPML-FE + Caged comum
2024,COMPLEXO MARE,Maternal II,319,1185.0,3,0,0,3,2023,0.03636678039942394,2007743,131.15044142892748,0.181890389197776,215.54011119936456,2024,PPML-FE + Caged comum
2024,COPACABANA,Bercario,362,1740.0,3,3,0,0,2023,0.03636678039942394,2007743,109.18578198238109,0.12305922944220817,214.12305922944222,2024,PPML-FE + Caged comum
2024,COPACABANA,Maternal I,212,865.0,3,0,3,0,2023,0.03636678039942394,2007743,85.00604240085657,0.10321100917431193,89.27752293577983,2024,PPML-FE + Caged comum
2024,COPACABANA,Maternal II,100,872.0,3,0,0,3,2023,0.03636678039942394,2007743,53.95740882576618,0.05760151085930123,50.228517469310674,2024,PPML-FE + Caged comum
2024,CORDOVIL,Bercario,215,734.0,3,3,0,0,2023,0.03636678039942394,2007743,64.38966330472039,0.11757269279393173,86.29835651074589,2024,PPML-FE + Caged comum
2024,CORDOVIL,Maternal I,149,422.0,3,0,3,0,2023,0.03636678039942394,2007743,57.9761530135608,0.09905660377358491,41.801886792452834,2024,PPML-FE + Caged comum
2024,CORDOVIL,Maternal II,82,424.0,3,0,0,3,2023,0.03636678039942394,2007743,36.67783655879224,0.13443396226415094,57.0,2024,PPML-FE + Caged comum
2024,COSME VELHO,Bercario,42,115.0,3,3,0,0,2023,0.03636678039942394,2007743,10.695649350187406,0.2302158273381295,26.474820143884894,2024,PPML-FE + Caged comum
2024,COSME VELHO,Maternal I,29,75.0,3,0,3,0,2023,0.03636678039942394,2007743,10.92414431420273,0.03260869565217391,2.4456521739130435,2024,PPML-FE + Caged comum
2024,COSME VELHO,Maternal II,7,92.0,3,0,0,3,2023,0.03636678039942394,2007743,8.437521713796581,0.014925373134328358,1.373134328358209,2024,PPML-FE + Caged comum
2024,COSMOS,Bercario,648,2120.0,3,3,0,0,2023,0.03636678039942394,2007743,317.85033616769283,0.15634884771802982,331.45955716222323,2024,PPML-FE + Caged comum
2024,COSMOS,Maternal I,532,1142.0,3,0,3,0,2023,0.03636678039942394,2007743,268.145039602011,0.2872975277067349,328.09377664109127,2024,PPML-FE + Caged comum
2024,COSMOS,Maternal II,280,1173.0,3,0,0,3,2023,0.03636678039942394,2007743,173.4213594534647,0.18698441796516957,219.3327222731439,2024,PPML-FE + Caged comum
2024,COSTA BARROS,Bercario,314,959.0,3,3,0,0,2023,0.03636678039942394,2007743,193.09168505765146,0.323747680890538,310.47402597402595,2024,PPML-FE + Caged comum
2024,COSTA BARROS,Maternal I,207,538.0,3,0,3,0,2023,0.03636678039942394,2007743,169.6461821317512,0.3523076923076923,189.54153846153847,2024,PPML-FE + Caged comum
2024,COSTA BARROS,Maternal II,175,650.0,3,0,0,3,2023,0.03636678039942394,2007743,129.055370534904,0.31521739130434784,204.8913043478261,2024,PPML-FE + Caged comum
2024,CURICICA,Bercario,260,1144.0,3,3,0,0,2023,0.03636678039942394,2007743,149.10514593886722,0.17576664173522813,201.07703814510097,2024,PPML-FE + Caged comum
2024,CURICICA,Maternal I,213,642.0,3,0,3,0,2023,0.03636678039942394,2007743,131.04440554211953,0.2756598240469208,176.97360703812316,2024,PPML-FE + Caged comum
2024,CURICICA,Maternal II,171,682.0,3,0,0,3,2023,0.03636678039942394,2007743,87.65339510532152,0.21579532814238042,147.17241379310346,2024,PPML-FE + Caged comum
2024,DEL CASTILHO,Bercario,146,464.0,3,3,0,0,2023,0.03636678039942394,2007743,49.410523749261436,0.21669980119284293,100.54870775347912,2024,PPML-FE + Caged comum
2024,DEL CASTILHO,Maternal I,90,264.0,3,0,3,0,2023,0.03636678039942394,2007743,44.02732028902733,0.16182572614107885,42.72199170124482,2024,PPML-FE + Caged comum
2024,DEL CASTILHO,Maternal II,36,241.0,3,0,0,3,2023,0.03636678039942394,2007743,25.30674444678979,0.066006600660066,15.907590759075907,2024,PPML-FE + Caged comum
2024,DEODORO,Bercario,74,279.0,3,3,0,0,2023,0.03636678039942394,2007743,58.988449972558264,0.25951557093425603,72.40484429065744,2024,PPML-FE + Caged comum
2024,DEODORO,Maternal I,67,132.0,3,0,3,0,2023,0.03636678039942394,2007743,43.707258007191406,0.43703703703703706,57.68888888888889,2024,PPML-FE + Caged comum
2024,DEODORO,Maternal II,43,135.0,3,0,0,3,2023,0.03636678039942394,2007743,28.145846171484628,0.4485294117647059,60.5514705882353,2024,PPML-FE + Caged comum
2024,ENCANTADO,Bercario,32,184.0,3,3,0,0,2023,0.03636678039942394,2007743,15.156885830462095,0.08021390374331551,14.759358288770054,2024,PPML-FE + Caged comum
2024,ENCANTADO,Maternal I,51,96.0,3,0,3,0,2023,0.03636678039942394,2007743,12.38455022184969,0.2037037037037037,19.555555555555554,2024,PPML-FE + Caged comum
2024,ENCANTADO,Maternal II,22,108.0,3,0,0,3,2023,0.03636678039942394,2007743,8.772707954565345,0.1834862385321101,19.816513761467892,2024,PPML-FE + Caged comum
2024,ENGENHEIRO LEAL,Bercario,17,136.0,3,3,0,0,2023,0.03636678039942394,2007743,15.121576208107697,0.07086614173228346,9.637795275590552,2024,PPML-FE + Caged comum
2024,ENGENHEIRO LEAL,Maternal I,21,61.0,3,0,3,0,2023,0.03636678039942394,2007743,10.621964325278048,0.14666666666666667,8.946666666666667,2024,PPML-FE + Caged comum
2024,ENGENHEIRO LEAL,Maternal II,34,75.0,3,0,0,3,2023,0.03636678039942394,2007743,8.223130407106042,0.38028169014084506,28.52112676056338,2024,PPML-FE + Caged comum
2024,ENGENHO DENTRO,Bercario,192,759.0,3,3,0,0,2023,0.03636678039942394,2007743,58.71976510921236,0.07099143206854346,53.88249694002448,2024,PPML-FE + Caged comum
2024,ENGENHO DENTRO,Maternal I,150,424.0,3,0,3,0,2023,0.03636678039942394,2007743,51.37185400622961,0.15182186234817813,64.37246963562752,2024,PPML-FE + Caged comum
2024,ENGENHO DENTRO,Maternal II,96,494.0,3,0,0,3,2023,0.03636678039942394,2007743,37.686624696106186,0.09320388349514563,46.042718446601945,2024,PPML-FE + Caged comum
2024,ENGENHO NOVO,Bercario,308,856.0,3,3,0,0,2023,0.03636678039942394,2007743,92.74948987689999,0.23726851851851852,203.10185185185185,2024,PPML-FE + Caged comum
2024,ENGENHO NOVO,Maternal I,159,436.0,3,0,3,0,2023,0.03636678039942394,2007743,73.9845614069562,0.14870689655172414,64.83620689655173,2024,PPML-FE + Caged comum
2024,ENGENHO NOVO,Maternal II,71,464.0,3,0,0,3,2023,0.03636678039942394,2007743,49.576230871896904,0.08627450980392157,40.03137254901961,2024,PPML-FE + Caged comum
2024,ENGENHO RAINHA,Bercario,125,520.0,3,3,0,0,2023,0.03636678039942394,2007743,56.2609634563436,0.15047619047619049,78.24761904761905,2024,PPML-FE + Caged comum
2024,ENGENHO RAINHA,Maternal I,112,253.0,3,0,3,0,2023,0.03636678039942394,2007743,42.86878669446565,0.19850187265917604,50.22097378277154,2024,PPML-FE + Caged comum
2024,ENGENHO RAINHA,Maternal II,84,267.0,3,0,0,3,2023,0.03636678039942394,2007743,28.486090052820714,0.07042253521126761,18.802816901408452,2024,PPML-FE + Caged comum
2024,ESTACIO,Bercario,140,353.0,3,3,0,0,2023,0.03636678039942394,2007743,60.5967331970496,0.36,127.08,2024,PPML-FE + Caged comum
2024,ESTACIO,Maternal I,75,197.0,3,0,3,0,2023,0.03636678039942394,2007743,52.96117134308269,0.4029126213592233,79.37378640776699,2024,PPML-FE + Caged comum
2024,ESTACIO,Maternal II,24,206.0,3,0,0,3,2023,0.03636678039942394,2007743,34.870605353744885,0.1459227467811159,30.060085836909874,2024,PPML-FE + Caged comum
2024,FLAMENGO,Bercario,57,565.0,3,3,0,0,2023,0.03636678039942394,2007743,25.701752509618164,0.0625,35.3125,2024,PPML-FE + Caged comum
2024,FLAMENGO,Maternal I,33,263.0,3,0,3,0,2023,0.03636678039942394,2007743,18.7364318302437,0.08243727598566308,21.68100358422939,2024,PPML-FE + Caged comum
2024,FLAMENGO,Maternal II,20,279.0,3,0,0,3,2023,0.03636678039942394,2007743,12.515155579980878,0.03551912568306011,9.90983606557377,2024,PPML-FE + Caged comum
2024,FREGUESIA ILHA,Bercario,88,320.0,3,3,0,0,2023,0.03636678039942394,2007743,33.792083444425735,0.18536585365853658,59.3170731707317,2024,PPML-FE + Caged comum
2024,FREGUESIA ILHA,Maternal I,62,255.0,3,0,3,0,2023,0.03636678039942394,2007743,42.17178855801705,0.2774869109947644,70.75916230366492,2024,PPML-FE + Caged comum
2024,FREGUESIA ILHA,Maternal II,38,191.0,3,0,0,3,2023,0.03636678039942394,2007743,19.88914518241727,0.14659685863874344,27.999999999999996,2024,PPML-FE + Caged comum
2024,FREGUESIA JPA,Bercario,160,1221.0,3,3,0,0,2023,0.03636678039942394,2007743,74.86135232307136,0.06506024096385542,79.43855421686746,2024,PPML-FE + Caged comum
2024,FREGUESIA JPA,Maternal I,133,619.0,3,0,3,0,2023,0.03636678039942394,2007743,59.435990210298044,0.1384180790960452,85.68079096045197,2024,PPML-FE + Caged comum
2024,FREGUESIA JPA,Maternal II,63,708.0,3,0,0,3,2023,0.03636678039942394,2007743,42.80485418060575,0.031506849315068496,22.306849315068494,2024,PPML-FE + Caged comum
2024,GALEAO,Bercario,126,656.0,3,3,0,0,2023,0.03636678039942394,2007743,97.75423346014445,0.17134831460674158,112.40449438202248,2024,PPML-FE + Caged comum
2024,GALEAO,Maternal I,108,365.0,3,0,3,0,2023,0.03636678039942394,2007743,85.18074790312507,0.2914285714285714,106.37142857142857,2024,PPML-FE + Caged comum
2024,GALEAO,Maternal II,119,350.0,3,0,0,3,2023,0.03636678039942394,2007743,51.43012022988425,0.26506024096385544,92.77108433734941,2024,PPML-FE + Caged comum
2024,GAMBOA,Bercario,78,251.0,3,3,0,0,2023,0.03636678039942394,2007743,32.973184239153774,0.15602836879432624,39.163120567375884,2024,PPML-FE + Caged comum
2024,GAMBOA,Maternal I,49,156.0,3,0,3,0,2023,0.03636678039942394,2007743,32.09435229001172,0.22077922077922077,34.44155844155844,2024,PPML-FE + Caged comum
2024,GAMBOA,Maternal II,41,154.0,3,0,0,3,2023,0.03636678039942394,2007743,19.949207547111964,0.23376623376623376,36.0,2024,PPML-FE + Caged comum
2024,GARDENIA AZUL,Bercario,267,953.0,3,3,0,0,2023,0.03636678039942394,2007743,160.25010300095613,0.2313131313131313,220.44141414141413,2024,PPML-FE + Caged comum
2024,GARDENIA AZUL,Maternal I,253,461.0,3,0,3,0,2023,0.03636678039942394,2007743,121.40125921241291,0.3172905525846702,146.27094474153296,2024,PPML-FE + Caged comum
2024,GARDENIA AZUL,Maternal II,167,561.0,3,0,0,3,2023,0.03636678039942394,2007743,93.02207824117596,0.17148014440433212,96.20036101083032,2024,PPML-FE + Caged comum
2024,GAVEA,Bercario,213,332.0,3,3,0,0,2023,0.03636678039942394,2007743,57.297030780187036,0.3106508875739645,103.1360946745562,2024,PPML-FE + Caged comum
2024,GAVEA,Maternal I,148,171.0,3,0,3,0,2023,0.03636678039942394,2007743,46.217557770844024,0.3129251700680272,53.51020408163266,2024,PPML-FE + Caged comum
2024,GAVEA,Maternal II,80,147.0,3,0,0,3,2023,0.03636678039942394,2007743,25.01664857922977,0.1925133689839572,28.29946524064171,2024,PPML-FE + Caged comum
2024,GERICINO,Bercario,0,19.0,3,3,0,0,2023,0.03636678039942394,2007743,1.664734323410581,0.0,0.0,2024,PPML-FE + Caged comum
2024,GERICINO,Maternal I,0,12.0,3,0,3,0,2023,0.03636678039942394,2007743,1.646604994182805,0.0,0.0,2024,PPML-FE + Caged comum
2024,GERICINO,Maternal II,0,1.0,3,0,0,3,2023,0.03636678039942394,2007743,0.08639907502272803,0.0,0.0,2024,PPML-FE + Caged comum
2024,GLORIA,Bercario,44,101.0,3,3,0,0,2023,0.03636678039942394,2007743,12.730305147190641,0.25663716814159293,25.920353982300885,2024,PPML-FE + Caged comum
2024,GLORIA,Maternal I,23,69.0,3,0,3,0,2023,0.03636678039942394,2007743,13.620196716889659,0.358974358974359,24.76923076923077,2024,PPML-FE + Caged comum
2024,GLORIA,Maternal II,18,78.0,3,0,0,3,2023,0.03636678039942394,2007743,9.694597948446885,0.09219858156028368,7.191489361702128,2024,PPML-FE + Caged comum
2024,GRAJAU,Bercario,86,456.0,3,3,0,0,2023,0.03636678039942394,2007743,38.84757460314469,0.17849462365591398,81.39354838709677,2024,PPML-FE + Caged comum
2024,GRAJAU,Maternal I,39,231.0,3,0,3,0,2023,0.03636678039942394,2007743,30.819663734209794,0.1111111111111111,25.666666666666664,2024,PPML-FE + Caged comum
2024,GRAJAU,Maternal II,27,252.0,3,0,0,3,2023,0.03636678039942394,2007743,21.169829856078085,0.054313099041533544,13.686900958466452,2024,PPML-FE + Caged comum
2024,GRUMARI,Bercario,0,6.0,3,3,0,0,2023,0.03636678039942394,2007743,0.5318353978746757,0.0,0.0,2024,PPML-FE + Caged comum
2024,GRUMARI,Maternal I,0,5.0,3,0,3,0,2023,0.03636678039942394,2007743,0.6940852942161713,0.0,0.0,2024,PPML-FE + Caged comum
2024,GRUMARI,Maternal II,2,5.0,3,0,0,3,2023,0.03636678039942394,2007743,0.43703251929161274,0.0,0.0,2024,PPML-FE + Caged comum
2024,GUADALUPE,Bercario,179,881.0,3,3,0,0,2023,0.03636678039942394,2007743,90.73318363166689,0.10081466395112017,88.81771894093687,2024,PPML-FE + Caged comum
2024,GUADALUPE,Maternal I,190,501.0,3,0,3,0,2023,0.03636678039942394,2007743,80.80622461631701,0.24329501915708812,121.89080459770115,2024,PPML-FE + Caged comum
2024,GUADALUPE,Maternal II,112,522.0,3,0,0,3,2023,0.03636678039942394,2007743,53.01252670694775,0.19031719532554256,99.34557595993321,2024,PPML-FE + Caged comum
2024,GUARATIBA,Bercario,1051,3626.0,3,3,0,0,2023,0.03636678039942394,2007743,563.0862189895594,0.14026536691037098,508.6022204170052,2024,PPML-FE + Caged comum
2024,GUARATIBA,Maternal I,948,1906.0,3,0,3,0,2023,0.03636678039942394,2007743,463.53960289426095,0.23319544984488108,444.47052740434333,2024,PPML-FE + Caged comum
2024,GUARATIBA,Maternal II,696,1934.0,3,0,0,3,2023,0.03636678039942394,2007743,296.15654068349124,0.20421393841166938,394.94975688816857,2024,PPML-FE + Caged comum
2024,HIGIENOPOLIS,Bercario,54,206.0,3,3,0,0,2023,0.03636678039942394,2007743,14.745427675728006,0.05092592592592592,10.49074074074074,2024,PPML-FE + Caged comum
2024,HIGIENOPOLIS,Maternal I,27,111.0,3,0,3,0,2023,0.03636678039942394,2007743,12.443139816239825,0.07627118644067797,8.466101694915254,2024,PPML-FE + Caged comum
2024,HIGIENOPOLIS,Maternal II,20,118.0,3,0,0,3,2023,0.03636678039942394,2007743,8.328943582597423,0.044444444444444446,5.2444444444444445,2024,PPML-FE + Caged comum
2024,HONORIO GURGEL,Bercario,108,417.0,3,3,0,0,2023,0.03636678039942394,2007743,49.58584897762924,0.17439293598233996,72.72185430463577,2024,PPML-FE + Caged comum
2024,HONORIO GURGEL,Maternal I,84,222.0,3,0,3,0,2023,0.03636678039942394,2007743,41.34200376015374,0.23137254901960785,51.36470588235294,2024,PPML-FE + Caged comum
2024,HONORIO GURGEL,Maternal II,61,255.0,3,0,0,3,2023,0.03636678039942394,2007743,29.90058180336225,0.16370106761565836,41.743772241992886,2024,PPML-FE + Caged comum
2024,HUMAITA,Bercario,9,147.0,3,3,0,0,2023,0.03636678039942394,2007743,7.266026534290354,0.025,3.6750000000000003,2024,PPML-FE + Caged comum
2024,HUMAITA,Maternal I,12,84.0,3,0,3,0,2023,0.03636678039942394,2007743,6.502431414990556,0.020833333333333332,1.75,2024,PPML-FE + Caged comum
2024,HUMAITA,Maternal II,2,96.0,3,0,0,3,2023,0.03636678039942394,2007743,4.679167995213792,0.023622047244094488,2.267716535433071,2024,PPML-FE + Caged comum
2024,ILHA GUARATIBA,Bercario,1,9.0,3,3,0,0,2023,0.03636678039942394,2007743,0.8537556259279627,0.15196469627011724,1.3676822664310553,2024,PPML-FE + Caged comum
2024,INHAUMA,Bercario,404,1101.0,3,3,0,0,2023,0.03636678039942394,2007743,135.8593445880853,0.2041127189642041,224.72810357958872,2024,PPML-FE + Caged comum
2024,INHAUMA,Maternal I,369,784.0,3,0,3,0,2023,0.03636678039942394,2007743,151.50784053400312,0.17882352941176471,140.19764705882355,2024,PPML-FE + Caged comum
2024,INHAUMA,Maternal II,200,850.0,3,0,0,3,2023,0.03636678039942394,2007743,103.42817984995378,0.12982005141388175,110.34704370179949,2024,PPML-FE + Caged comum
2024,INHOAIBA,Bercario,532,1572.0,3,3,0,0,2023,0.03636678039942394,2007743,289.510629655841,0.196011396011396,308.1299145299145,2024,PPML-FE + Caged comum
2024,INHOAIBA,Maternal I,445,931.0,3,0,3,0,2023,0.03636678039942394,2007743,268.5211524768175,0.3076086956521739,286.3836956521739,2024,PPML-FE + Caged comum
2024,INHOAIBA,Maternal II,214,920.0,3,0,0,3,2023,0.03636678039942394,2007743,167.07734279008613,0.18622174381054898,171.32400430570507,2024,PPML-FE + Caged comum
2024,IPANEMA,Bercario,8,500.0,3,3,0,0,2023,0.03636678039942394,2007743,13.991147243314803,0.0148975791433892,7.4487895716946,2024,PPML-FE + Caged comum
2024,IPANEMA,Maternal I,19,291.0,3,0,3,0,2023,0.03636678039942394,2007743,12.752436248847546,0.0,0.0,2024,PPML-FE + Caged comum
2024,IPANEMA,Maternal II,5,254.0,3,0,0,3,2023,0.03636678039942394,2007743,7.008656889246899,0.01818181818181818,4.618181818181818,2024,PPML-FE + Caged comum
2024,IRAJA,Bercario,304,1615.0,3,3,0,0,2023,0.03636678039942394,2007743,163.19823623311626,0.10441527446300716,168.63066825775655,2024,PPML-FE + Caged comum
2024,IRAJA,Maternal I,261,847.0,3,0,3,0,2023,0.03636678039942394,2007743,134.04270821236463,0.12632821723730814,107.0,2024,PPML-FE + Caged comum
2024,IRAJA,Maternal II,155,847.0,3,0,0,3,2023,0.03636678039942394,2007743,84.4003221950923,0.09859154929577464,83.50704225352112,2024,PPML-FE + Caged comum
2024,ITANHANGA,Bercario,291,1540.0,3,3,0,0,2023,0.03636678039942394,2007743,235.75048051619353,0.1341874578556979,206.64868509777477,2024,PPML-FE + Caged comum
2024,ITANHANGA,Maternal I,374,762.0,3,0,3,0,2023,0.03636678039942394,2007743,182.68533521450507,0.382228490832158,291.2581100141044,2024,PPML-FE + Caged comum
2024,ITANHANGA,Maternal II,291,709.0,3,0,0,3,2023,0.03636678039942394,2007743,107.02761827556141,0.39711664482306686,281.5557011795544,2024,PPML-FE + Caged comum
2024,JABOUR,Bercario,0,2.0,3,3,0,0,2023,0.03636678039942394,2007743,0.18947632423967237,0.0,0.0,2024,PPML-FE + Caged comum
2024,JACARE,Bercario,258,451.0,3,3,0,0,2023,0.03636678039942394,2007743,92.91439672873685,0.3195364238410596,144.11092715231788,2024,PPML-FE + Caged comum
2024,JACARE,Maternal I,148,316.0,3,0,3,0,2023,0.03636678039942394,2007743,101.95543960053844,0.25301204819277107,79.95180722891565,2024,PPML-FE + Caged comum
2024,JACARE,Maternal II,101,332.0,3,0,0,3,2023,0.03636678039942394,2007743,67.44694969282874,0.2891566265060241,96.0,2024,PPML-FE + Caged comum
2024,JACAREPAGUA,Bercario,624,4446.0,3,3,0,0,2023,0.03636678039942394,2007743,445.1380152566595,0.11503442149677992,511.44303797468353,2024,PPML-FE + Caged comum
2024,JACAREPAGUA,Maternal I,646,2546.0,3,0,3,0,2023,0.03636678039942394,2007743,399.2091393825709,0.20389556568586822,519.1181102362204,2024,PPML-FE + Caged comum
2024,JACAREPAGUA,Maternal II,523,2413.0,3,0,0,3,2023,0.03636678039942394,2007743,238.23211626623524,0.17670682730923695,426.39357429718876,2024,PPML-FE + Caged comum
2024,JACAREZINHO,Bercario,40,436.0,3,3,0,0,2023,0.03636678039942394,2007743,19.37306953017762,0.0684931506849315,29.863013698630134,2024,PPML-FE + Caged comum
2024,JACAREZINHO,Maternal I,20,208.0,3,0,3,0,2023,0.03636678039942394,2007743,14.474118776064799,0.04390243902439024,9.13170731707317,2024,PPML-FE + Caged comum
2024,JACAREZINHO,Maternal II,13,205.0,3,0,0,3,2023,0.03636678039942394,2007743,8.982217539913059,0.01444043321299639,2.9602888086642603,2024,PPML-FE + Caged comum
2024,JARDIM AMERICA,Bercario,141,570.0,3,3,0,0,2023,0.03636678039942394,2007743,73.13244580704958,0.16134453781512606,91.96638655462185,2024,PPML-FE + Caged comum
2024,JARDIM AMERICA,Maternal I,158,306.0,3,0,3,0,2023,0.03636678039942394,2007743,61.48561454393862,0.24645892351274787,75.41643059490085,2024,PPML-FE + Caged comum
2024,JARDIM AMERICA,Maternal II,54,353.0,3,0,0,3,2023,0.03636678039942394,2007743,44.660924385092436,0.09895833333333333,34.932291666666664,2024,PPML-FE + Caged comum
2024,JARDIM BOTANICO,Bercario,12,228.0,3,3,0,0,2023,0.03636678039942394,2007743,8.734555367180842,0.008695652173913044,1.982608695652174,2024,PPML-FE + Caged comum
2024,JARDIM BOTANICO,Maternal I,15,112.0,3,0,3,0,2023,0.03636678039942394,2007743,6.719559859504586,0.0,0.0,2024,PPML-FE + Caged comum
2024,JARDIM BOTANICO,Maternal II,5,122.0,3,0,0,3,2023,0.03636678039942394,2007743,4.608754194253032,0.0,0.0,2024,PPML-FE + Caged comum
2024,JARDIM CARIOCA,Bercario,85,402.0,3,3,0,0,2023,0.03636678039942394,2007743,28.91611441378685,0.09813084112149532,39.44859813084112,2024,PPML-FE + Caged comum
2024,JARDIM CARIOCA,Maternal I,54,215.0,3,0,3,0,2023,0.03636678039942394,2007743,24.21972404809422,0.1308016877637131,28.122362869198316,2024,PPML-FE + Caged comum
2024,JARDIM CARIOCA,Maternal II,33,237.0,3,0,0,3,2023,0.03636678039942394,2007743,16.810475090765603,0.0752212389380531,17.827433628318584,2024,PPML-FE + Caged comum
2024,JARDIM GUANABARA,Bercario,14,370.0,3,3,0,0,2023,0.03636678039942394,2007743,13.122931682597779,0.02030456852791878,7.512690355329949,2024,PPML-FE + Caged comum
2024,JARDIM GUANABARA,Maternal I,7,200.0,3,0,3,0,2023,0.03636678039942394,2007743,11.109026143775226,0.011428571428571429,2.2857142857142856,2024,PPML-FE + Caged comum
2024,JARDIM GUANABARA,Maternal II,13,175.0,3,0,0,3,2023,0.03636678039942394,2007743,6.1204725234476705,0.014354066985645933,2.511961722488038,2024,PPML-FE + Caged comum
2024,JARDIM SULACAP,Bercario,39,376.0,3,3,0,0,2023,0.03636678039942394,2007743,26.128203077375467,0.0481283422459893,18.096256684491976,2024,PPML-FE + Caged comum
2024,JARDIM SULACAP,Maternal I,48,174.0,3,0,3,0,2023,0.03636678039942394,2007743,18.93598040725391,0.08080808080808081,14.060606060606062,2024,PPML-FE + Caged comum
2024,JARDIM SULACAP,Maternal II,39,198.0,3,0,0,3,2023,0.03636678039942394,2007743,13.567650518021962,0.09137055837563451,18.091370558375633,2024,PPML-FE + Caged comum
2024,JOA,Bercario,0,12.0,3,3,0,0,2023,0.03636678039942394,2007743,1.072529383530754,0.05263157894736842,0.631578947368421,2024,PPML-FE + Caged comum
2024,JOA,Maternal I,0,11.0,3,0,3,0,2023,0.03636678039942394,2007743,1.5397048847597352,0.0,0.0,2024,PPML-FE + Caged comum
2024,JOA,Maternal II,0,4.0,3,0,0,3,2023,0.03636678039942394,2007743,0.3525378117905417,0.2,0.8,2024,PPML-FE + Caged comum
2024,LAGOA,Bercario,5,254.0,3,3,0,0,2023,0.03636678039942394,2007743,9.003957985489155,0.0,0.0,2024,PPML-FE + Caged comum
2024,LAGOA,Maternal I,3,128.0,3,0,3,0,2023,0.03636678039942394,2007743,7.106022236362971,0.006756756756756757,0.8648648648648649,2024,PPML-FE + Caged comum
2024,LAGOA,Maternal II,1,148.0,3,0,0,3,2023,0.03636678039942394,2007743,5.173437641652723,0.0136986301369863,2.0273972602739727,2024,PPML-FE + Caged comum
2024,LAPA,Bercario,0,48.0,3,3,0,0,2023,0.03636678039942394,2007743,2.868345066766879,0.0,0.0,2024,PPML-FE + Caged comum
2024,LAPA,Maternal I,0,34.0,3,0,3,0,2023,0.03636678039942394,2007743,3.1818955957160684,0.0,0.0,2024,PPML-FE + Caged comum
2024,LAPA,Maternal II,0,49.0,3,0,0,3,2023,0.03636678039942394,2007743,2.8873803676418457,0.0,0.0,2024,PPML-FE + Caged comum
2024,LARANJEIRAS,Bercario,53,542.0,3,3,0,0,2023,0.03636678039942394,2007743,25.8964264597557,0.06548672566371681,35.49380530973451,2024,PPML-FE + Caged comum
2024,LARANJEIRAS,Maternal I,38,280.0,3,0,3,0,2023,0.03636678039942394,2007743,20.951515014700508,0.07692307692307693,21.53846153846154,2024,PPML-FE + Caged comum
2024,LARANJEIRAS,Maternal II,17,273.0,3,0,0,3,2023,0.03636678039942394,2007743,12.862368832041373,0.047619047619047616,13.0,2024,PPML-FE + Caged comum
2024,LEBLON,Bercario,26,547.0,3,3,0,0,2023,0.03636678039942394,2007743,13.957770047017542,0.009009009009009009,4.927927927927928,2024,PPML-FE + Caged comum
2024,LEBLON,Maternal I,16,267.0,3,0,3,0,2023,0.03636678039942394,2007743,10.669813378946362,0.006968641114982578,1.8606271777003485,2024,PPML-FE + Caged comum
2024,LEBLON,Maternal II,5,287.0,3,0,0,3,2023,0.03636678039942394,2007743,7.221515862772285,0.0031746031746031746,0.9111111111111111,2024,PPML-FE + Caged comum
2024,LEME,Bercario,48,193.0,3,3,0,0,2023,0.03636678039942394,2007743,15.558676000902604,0.15151515151515152,29.242424242424242,2024,PPML-FE + Caged comum
2024,LEME,Maternal I,31,95.0,3,0,3,0,2023,0.03636678039942394,2007743,11.993771831492749,0.05084745762711865,4.830508474576272,2024,PPML-FE + Caged comum
2024,LEME,Maternal II,9,118.0,3,0,0,3,2023,0.03636678039942394,2007743,9.380264733191634,0.11666666666666667,13.766666666666667,2024,PPML-FE + Caged comum
2024,LINS VASCONCELOS,Bercario,222,677.0,3,3,0,0,2023,0.03636678039942394,2007743,69.96523730757222,0.21666666666666667,146.68333333333334,2024,PPML-FE + Caged comum
2024,LINS VASCONCELOS,Maternal I,85,375.0,3,0,3,0,2023,0.03636678039942394,2007743,60.69344092427838,0.11055276381909548,41.45728643216081,2024,PPML-FE + Caged comum
2024,LINS VASCONCELOS,Maternal II,33,398.0,3,0,0,3,2023,0.03636678039942394,2007743,40.55967580097616,0.06698564593301436,26.660287081339714,2024,PPML-FE + Caged comum
2024,MADUREIRA,Bercario,214,845.0,3,3,0,0,2023,0.03636678039942394,2007743,93.79336583839455,0.18796992481203006,158.8345864661654,2024,PPML-FE + Caged comum
2024,MADUREIRA,Maternal I,131,469.0,3,0,3,0,2023,0.03636678039942394,2007743,81.52768379476514,0.17495395948434622,82.05340699815838,2024,PPML-FE + Caged comum
2024,MADUREIRA,Maternal II,75,543.0,3,0,0,3,2023,0.03636678039942394,2007743,59.43373202639008,0.13738019169329074,74.59744408945687,2024,PPML-FE + Caged comum
2024,MAGALHAES BASTOS,Bercario,100,442.0,3,3,0,0,2023,0.03636678039942394,2007743,48.10666740937294,0.12009237875288684,53.08083140877598,2024,PPML-FE + Caged comum
2024,MAGALHAES BASTOS,Maternal I,58,205.0,3,0,3,0,2023,0.03636678039942394,2007743,34.94247902999119,0.13636363636363635,27.954545454545453,2024,PPML-FE + Caged comum
2024,MAGALHAES BASTOS,Maternal II,45,242.0,3,0,0,3,2023,0.03636678039942394,2007743,25.97264197130961,0.11481481481481481,27.785185185185185,2024,PPML-FE + Caged comum
2024,MANGUEIRA,Bercario,182,460.0,3,3,0,0,2023,0.03636678039942394,2007743,78.71593202507191,0.35802469135802467,164.69135802469134,2024,PPML-FE + Caged comum
2024,MANGUEIRA,Maternal I,62,254.0,3,0,3,0,2023,0.03636678039942394,2007743,68.06994132882727,0.25523012552301255,64.82845188284519,2024,PPML-FE + Caged comum
2024,MANGUEIRA,Maternal II,34,239.0,3,0,0,3,2023,0.03636678039942394,2007743,40.3292802555159,0.12406015037593984,29.65037593984962,2024,PPML-FE + Caged comum
2024,MANGUINHOS,Bercario,162,739.0,3,3,0,0,2023,0.03636678039942394,2007743,63.44625913616333,0.09149484536082474,67.61469072164948,2024,PPML-FE + Caged comum
2024,MANGUINHOS,Maternal I,118,385.0,3,0,3,0,2023,0.03636678039942394,2007743,51.765350759845205,0.17233560090702948,66.34920634920636,2024,PPML-FE + Caged comum
2024,MANGUINHOS,Maternal II,89,441.0,3,0,0,3,2023,0.03636678039942394,2007743,37.33515269182525,0.13043478260869565,57.52173913043478,2024,PPML-FE + Caged comum
2024,MARACANA,Bercario,17,303.0,3,3,0,0,2023,0.03636678039942394,2007743,16.28950330790151,0.08598726114649681,26.054140127388532,2024,PPML-FE + Caged comum
2024,MARACANA,Maternal I,9,154.0,3,0,3,0,2023,0.03636678039942394,2007743,12.965903465751417,0.057803468208092484,8.901734104046243,2024,PPML-FE + Caged comum
2024,MARACANA,Maternal II,9,173.0,3,0,0,3,2023,0.03636678039942394,2007743,9.171261505137712,0.047872340425531915,8.28191489361702,2024,PPML-FE + Caged comum
2024,MARECHAL HERMES,Bercario,133,780.0,3,3,0,0,2023,0.03636678039942394,2007743,89.97090542240126,0.07445442875481387,58.07445442875482,2024,PPML-FE + Caged comum
2024,MARECHAL HERMES,Maternal I,171,418.0,3,0,3,0,2023,0.03636678039942394,2007743,75.50933046407937,0.20316027088036118,84.92099322799098,2024,PPML-FE + Caged comum
2024,MARECHAL HERMES,Maternal II,97,443.0,3,0,0,3,2023,0.03636678039942394,2007743,50.38821509944964,0.22760290556900725,100.82808716707021,2024,PPML-FE + Caged comum
2024,MARIA GRACA,Bercario,18,103.0,3,3,0,0,2023,0.03636678039942394,2007743,7.037258891641739,0.07627118644067797,7.855932203389831,2024,PPML-FE + Caged comum
2024,MARIA GRACA,Maternal I,15,63.0,3,0,3,0,2023,0.03636678039942394,2007743,6.7409903048232875,0.02,1.26,2024,PPML-FE + Caged comum
2024,MARIA GRACA,Maternal II,5,50.0,3,0,0,3,2023,0.03636678039942394,2007743,3.3686358649434145,0.01818181818181818,0.9090909090909091,2024,PPML-FE + Caged comum
2024,MEIER,Bercario,72,499.0,3,3,0,0,2023,0.03636678039942394,2007743,24.987562211615174,0.05588822355289421,27.88822355289421,2024,PPML-FE + Caged comum
2024,MEIER,Maternal I,90,259.0,3,0,3,0,2023,0.03636678039942394,2007743,20.311404545804066,0.056910569105691054,14.739837398373982,2024,PPML-FE + Caged comum
2024,MEIER,Maternal II,37,246.0,3,0,0,3,2023,0.03636678039942394,2007743,12.14720077937168,0.033707865168539325,8.292134831460674,2024,PPML-FE + Caged comum
2024,MONERO,Bercario,2,46.0,3,3,0,0,2023,0.03636678039942394,2007743,3.6746063085432112,0.05555555555555555,2.5555555555555554,2024,PPML-FE + Caged comum
2024,MONERO,Maternal I,5,30.0,3,0,3,0,2023,0.03636678039942394,2007743,3.753108231030634,0.10714285714285714,3.214285714285714,2024,PPML-FE + Caged comum
2024,MONERO,Maternal II,2,28.0,3,0,0,3,2023,0.03636678039942394,2007743,2.205610273616492,0.10344827586206896,2.896551724137931,2024,PPML-FE + Caged comum
2024,OLARIA,Bercario,236,895.0,3,3,0,0,2023,0.03636678039942394,2007743,84.92537751579857,0.10248447204968944,91.72360248447205,2024,PPML-FE + Caged comum
2024,OLARIA,Maternal I,170,474.0,3,0,3,0,2023,0.03636678039942394,2007743,70.43842583966244,0.11594202898550725,54.95652173913044,2024,PPML-FE + Caged comum
2024,OLARIA,Maternal II,73,483.0,3,0,0,3,2023,0.03636678039942394,2007743,45.19385018372896,0.07471264367816093,36.08620689655173,2024,PPML-FE + Caged comum
2024,OSWALDO CRUZ,Bercario,79,499.0,3,3,0,0,2023,0.03636678039942394,2007743,50.17450650168509,0.05471698113207547,27.30377358490566,2024,PPML-FE + Caged comum
2024,OSWALDO CRUZ,Maternal I,95,286.0,3,0,3,0,2023,0.03636678039942394,2007743,45.03658445044953,0.15298507462686567,43.75373134328358,2024,PPML-FE + Caged comum
2024,OSWALDO CRUZ,Maternal II,77,268.0,3,0,0,3,2023,0.03636678039942394,2007743,26.572665345932176,0.22875816993464052,61.307189542483655,2024,PPML-FE + Caged comum
2024,PACIENCIA,Bercario,734,2461.0,3,3,0,0,2023,0.03636678039942394,2007743,394.4643349624899,0.18564449455092072,456.8711010898159,2024,PPML-FE + Caged comum
2024,PACIENCIA,Maternal I,760,1410.0,3,0,3,0,2023,0.03636678039942394,2007743,353.9419924639423,0.3201113430758525,451.356993736952,2024,PPML-FE + Caged comum
2024,PACIENCIA,Maternal II,342,1437.0,3,0,0,3,2023,0.03636678039942394,2007743,227.1279900065618,0.16233766233766234,233.27922077922076,2024,PPML-FE + Caged comum
2024,PADRE MIGUEL,Bercario,192,1057.0,3,3,0,0,2023,0.03636678039942394,2007743,104.11569974366762,0.09605026929982047,101.52513464991023,2024,PPML-FE + Caged comum
2024,PADRE MIGUEL,Maternal I,187,604.0,3,0,3,0,2023,0.03636678039942394,2007743,93.17406062474132,0.25826771653543307,155.99370078740156,2024,PPML-FE + Caged comum
2024,PADRE MIGUEL,Maternal II,146,635.0,3,0,0,3,2023,0.03636678039942394,2007743,61.67834620110896,0.13618677042801555,86.47859922178988,2024,PPML-FE + Caged comum
2024,PAQUETA,Bercario,23,58.0,3,3,0,0,2023,0.03636678039942394,2007743,7.352445046904754,0.3466666666666667,20.10666666666667,2024,PPML-FE + Caged comum
2024,PAQUETA,Maternal I,13,42.0,3,0,3,0,2023,0.03636678039942394,2007743,8.338154410592848,0.25806451612903225,10.838709677419354,2024,PPML-FE + Caged comum
2024,PAQUETA,Maternal II,6,31.0,3,0,0,3,2023,0.03636678039942394,2007743,3.8751029736122455,0.28,8.680000000000001,2024,PPML-FE + Caged comum
2024,PARADA LUCAS,Bercario,138,553.0,3,3,0,0,2023,0.03636678039942394,2007743,39.85109881608105,0.030405405405405407,16.81418918918919,2024,PPML-FE + Caged comum
2024,PARADA LUCAS,Maternal I,83,312.0,3,0,3,0,2023,0.03636678039942394,2007743,35.211669165461956,0.10714285714285714,33.42857142857142,2024,PPML-FE + Caged comum
2024,PARADA LUCAS,Maternal II,39,280.0,3,0,0,3,2023,0.03636678039942394,2007743,19.897153977706807,0.06289308176100629,17.61006289308176,2024,PPML-FE + Caged comum
2024,PARQUE ANCHIETA,Bercario,64,310.0,3,3,0,0,2023,0.03636678039942394,2007743,32.03484989365991,0.04451038575667656,13.798219584569734,2024,PPML-FE + Caged comum
2024,PARQUE ANCHIETA,Maternal I,67,198.0,3,0,3,0,2023,0.03636678039942394,2007743,32.0437281830006,0.2403846153846154,47.59615384615385,2024,PPML-FE + Caged comum
2024,PARQUE ANCHIETA,Maternal II,44,208.0,3,0,0,3,2023,0.03636678039942394,2007743,21.19542330652015,0.17159763313609466,35.69230769230769,2024,PPML-FE + Caged comum
2024,PARQUE COLUMBIA,Bercario,23,134.0,3,3,0,0,2023,0.03636678039942394,2007743,16.870608589529475,0.3026315789473684,40.55263157894737,2024,PPML-FE + Caged comum
2024,PARQUE COLUMBIA,Maternal I,17,56.0,3,0,3,0,2023,0.03636678039942394,2007743,11.041569935563338,0.5121951219512195,28.682926829268293,2024,PPML-FE + Caged comum
2024,PARQUE COLUMBIA,Maternal II,4,41.0,3,0,0,3,2023,0.03636678039942394,2007743,5.090114690964099,0.12280701754385964,5.035087719298246,2024,PPML-FE + Caged comum
2024,PAVUNA,Bercario,475,1796.0,3,3,0,0,2023,0.03636678039942394,2007743,263.7072123122582,0.24755887421022402,444.6157380815623,2024,PPML-FE + Caged comum
2024,PAVUNA,Maternal I,380,925.0,3,0,3,0,2023,0.03636678039942394,2007743,212.70331452482756,0.3119918699186992,288.5924796747968,2024,PPML-FE + Caged comum
2024,PAVUNA,Maternal II,197,984.0,3,0,0,3,2023,0.03636678039942394,2007743,142.47167622513024,0.16747337850919652,164.79380445304938,2024,PPML-FE + Caged comum
2024,PECHINCHA,Bercario,78,829.0,3,3,0,0,2023,0.03636678039942394,2007743,40.34752115989396,0.035175879396984924,29.160804020100503,2024,PPML-FE + Caged comum
2024,PECHINCHA,Maternal I,70,363.0,3,0,3,0,2023,0.03636678039942394,2007743,27.668511886591677,0.05868544600938967,21.302816901408452,2024,PPML-FE + Caged comum
2024,PECHINCHA,Maternal II,58,426.0,3,0,0,3,2023,0.03636678039942394,2007743,20.44512106924257,0.05200945626477541,22.156028368794324,2024,PPML-FE + Caged comum
2024,PEDRA GUARATIBA,Bercario,107,678.0,3,3,0,0,2023,0.03636678039942394,2007743,44.96278684931541,0.04697986577181208,31.85234899328859,2024,PPML-FE + Caged comum
2024,PEDRA GUARATIBA,Maternal I,136,436.0,3,0,3,0,2023,0.03636678039942394,2007743,45.28213198485974,0.09740259740259741,42.46753246753247,2024,PPML-FE + Caged comum
2024,PEDRA GUARATIBA,Maternal II,45,462.0,3,0,0,3,2023,0.03636678039942394,2007743,30.212263463005243,0.05765765765765766,26.63783783783784,2024,PPML-FE + Caged comum
2024,PENHA,Bercario,350,1366.0,3,3,0,0,2023,0.03636678039942394,2007743,118.35739986491835,0.12666200139958012,173.02029391182643,2024,PPML-FE + Caged comum
2024,PENHA,Maternal I,273,714.0,3,0,3,0,2023,0.03636678039942394,2007743,96.88572144977445,0.115995115995116,82.82051282051282,2024,PPML-FE + Caged comum
2024,PENHA,Maternal II,139,819.0,3,0,0,3,2023,0.03636678039942394,2007743,69.97555928370517,0.06673960612691467,54.65973741794311,2024,PPML-FE + Caged comum
2024,PENHA CIRCULAR,Bercario,248,759.0,3,3,0,0,2023,0.03636678039942394,2007743,70.44738117235012,0.17092866756393002,129.7348586810229,2024,PPML-FE + Caged comum
2024,PENHA CIRCULAR,Maternal I,140,383.0,3,0,3,0,2023,0.03636678039942394,2007743,55.67224062286901,0.11483253588516747,43.98086124401914,2024,PPML-FE + Caged comum
2024,PENHA CIRCULAR,Maternal II,69,418.0,3,0,0,3,2023,0.03636678039942394,2007743,38.25754688248538,0.12566844919786097,52.529411764705884,2024,PPML-FE + Caged comum
2024,PIEDADE,Bercario,153,722.0,3,3,0,0,2023,0.03636678039942394,2007743,67.78338184110018,0.08671328671328671,62.606993006993,2024,PPML-FE + Caged comum
2024,PIEDADE,Maternal I,170,368.0,3,0,3,0,2023,0.03636678039942394,2007743,54.106657189521464,0.16152019002375298,59.4394299287411,2024,PPML-FE + Caged comum
2024,PIEDADE,Maternal II,90,421.0,3,0,0,3,2023,0.03636678039942394,2007743,38.97497911566212,0.13729977116704806,57.80320366132723,2024,PPML-FE + Caged comum
2024,PILARES,Bercario,138,459.0,3,3,0,0,2023,0.03636678039942394,2007743,49.013917081894945,0.1826086956521739,83.81739130434782,2024,PPML-FE + Caged comum
2024,PILARES,Maternal I,115,231.0,3,0,3,0,2023,0.03636678039942394,2007743,38.630964863847744,0.15079365079365079,34.83333333333333,2024,PPML-FE + Caged comum
2024,PILARES,Maternal II,67,252.0,3,0,0,3,2023,0.03636678039942394,2007743,26.53536263070964,0.05993690851735016,15.10410094637224,2024,PPML-FE + Caged comum
2024,PITANGUEIRAS,Bercario,18,186.0,3,3,0,0,2023,0.03636678039942394,2007743,10.780699151229811,0.01675977653631285,3.11731843575419,2024,PPML-FE + Caged comum
2024,PITANGUEIRAS,Maternal I,14,90.0,3,0,3,0,2023,0.03636678039942394,2007743,8.16945982198676,0.0375,3.375,2024,PPML-FE + Caged comum
2024,PITANGUEIRAS,Maternal II,15,80.0,3,0,0,3,2023,0.03636678039942394,2007743,4.572373820791883,0.041237113402061855,3.2989690721649483,2024,PPML-FE + Caged comum
2024,PORTUGUESA,Bercario,72,306.0,3,3,0,0,2023,0.03636678039942394,2007743,33.112496883163615,0.14331210191082802,43.853503184713375,2024,PPML-FE + Caged comum
2024,PORTUGUESA,Maternal I,36,160.0,3,0,3,0,2023,0.03636678039942394,2007743,27.114858095644855,0.2585034013605442,41.36054421768708,2024,PPML-FE + Caged comum
2024,PORTUGUESA,Maternal II,16,147.0,3,0,0,3,2023,0.03636678039942394,2007743,15.685761190398864,0.14204545454545456,20.88068181818182,2024,PPML-FE + Caged comum
2024,PRACA BANDEIRA,Bercario,13,122.0,3,3,0,0,2023,0.03636678039942394,2007743,9.542925030408977,0.07692307692307693,9.384615384615385,2024,PPML-FE + Caged comum
2024,PRACA BANDEIRA,Maternal I,21,70.0,3,0,3,0,2023,0.03636678039942394,2007743,8.575048215586817,0.1891891891891892,13.243243243243244,2024,PPML-FE + Caged comum
2024,PRACA BANDEIRA,Maternal II,12,74.0,3,0,0,3,2023,0.03636678039942394,2007743,5.707831726550966,0.08247422680412371,6.103092783505154,2024,PPML-FE + Caged comum
2024,PRACA SECA,Bercario,289,1175.0,3,3,0,0,2023,0.03636678039942394,2007743,127.6975886313934,0.09135004042037187,107.33629749393695,2024,PPML-FE + Caged comum
2024,PRACA SECA,Maternal I,236,669.0,3,0,3,0,2023,0.03636678039942394,2007743,113.86435669883437,0.19578313253012047,130.9789156626506,2024,PPML-FE + Caged comum
2024,PRACA SECA,Maternal II,156,664.0,3,0,0,3,2023,0.03636678039942394,2007743,71.1591364705657,0.12342215988779803,81.9523141654979,2024,PPML-FE + Caged comum
2024,PRAIA BANDEIRA,Bercario,3,56.0,3,3,0,0,2023,0.03636678039942394,2007743,4.355577393937643,0.017857142857142856,1.0,2024,PPML-FE + Caged comum
2024,PRAIA BANDEIRA,Maternal I,5,40.0,3,0,3,0,2023,0.03636678039942394,2007743,4.872305919732117,0.0,0.0,2024,PPML-FE + Caged comum
2024,PRAIA BANDEIRA,Maternal II,1,33.0,3,0,0,3,2023,0.03636678039942394,2007743,2.5309840484998753,0.13793103448275862,4.551724137931035,2024,PPML-FE + Caged comum
2024,QUINTINO BOCAIUVA,Bercario,68,462.0,3,3,0,0,2023,0.03636678039942394,2007743,35.986561357293894,0.07531380753138076,34.79497907949791,2024,PPML-FE + Caged comum
2024,QUINTINO BOCAIUVA,Maternal I,119,235.0,3,0,3,0,2023,0.03636678039942394,2007743,28.667055438388928,0.0962962962962963,22.62962962962963,2024,PPML-FE + Caged comum
2024,QUINTINO BOCAIUVA,Maternal II,89,270.0,3,0,0,3,2023,0.03636678039942394,2007743,20.738622147548973,0.19413919413919414,52.417582417582416,2024,PPML-FE + Caged comum
2024,RAMOS,Bercario,490,1368.0,3,3,0,0,2023,0.03636678039942394,2007743,157.33944880155988,0.08383233532934131,114.68263473053892,2024,PPML-FE + Caged comum
2024,RAMOS,Maternal I,427,642.0,3,0,3,0,2023,0.03636678039942394,2007743,115.63875423142935,0.1066350710900474,68.45971563981043,2024,PPML-FE + Caged comum
2024,RAMOS,Maternal II,222,844.0,3,0,0,3,2023,0.03636678039942394,2007743,95.7219932975771,0.16598079561042525,140.0877914951989,2024,PPML-FE + Caged comum
2024,REALENGO,Bercario,832,3310.0,3,3,0,0,2023,0.03636678039942394,2007743,381.8316084890225,0.12924025791982058,427.7852537146061,2024,PPML-FE + Caged comum
2024,REALENGO,Maternal I,663,1877.0,3,0,3,0,2023,0.03636678039942394,2007743,339.0978257421834,0.19705434230573896,369.871000507872,2024,PPML-FE + Caged comum
2024,REALENGO,Maternal II,450,1969.0,3,0,0,3,2023,0.03636678039942394,2007743,223.9790299578945,0.10338069573738363,203.55658990690839,2024,PPML-FE + Caged comum
2024,RECREIO BANDEIRANTES,Bercario,232,2582.0,3,3,0,0,2023,0.03636678039942394,2007743,168.5033093957599,0.06632085957762134,171.24045942941828,2024,PPML-FE + Caged comum
2024,RECREIO BANDEIRANTES,Maternal I,276,1375.0,3,0,3,0,2023,0.03636678039942394,2007743,140.53087306135083,0.14590747330960854,200.62277580071174,2024,PPML-FE + Caged comum
2024,RECREIO BANDEIRANTES,Maternal II,181,1405.0,3,0,0,3,2023,0.03636678039942394,2007743,90.41620636611864,0.10569663692518874,148.5037748798902,2024,PPML-FE + Caged comum
2024,RIACHUELO,Bercario,48,139.0,3,3,0,0,2023,0.03636678039942394,2007743,8.939558176292088,0.11428571428571428,15.885714285714284,2024,PPML-FE + Caged comum
2024,RIACHUELO,Maternal I,15,77.0,3,0,3,0,2023,0.03636678039942394,2007743,7.75548262545141,0.11702127659574468,9.01063829787234,2024,PPML-FE + Caged comum
2024,RIACHUELO,Maternal II,18,94.0,3,0,0,3,2023,0.03636678039942394,2007743,5.961380853717213,0.020202020202020204,1.8989898989898992,2024,PPML-FE + Caged comum
2024,RIBEIRA,Bercario,5,41.0,3,3,0,0,2023,0.03636678039942394,2007743,3.04629238792134,0.07142857142857142,2.9285714285714284,2024,PPML-FE + Caged comum
2024,RIBEIRA,Maternal I,4,21.0,3,0,3,0,2023,0.03636678039942394,2007743,2.443564868555815,0.0967741935483871,2.032258064516129,2024,PPML-FE + Caged comum
2024,RIBEIRA,Maternal II,6,31.0,3,0,0,3,2023,0.03636678039942394,2007743,2.2712617258144046,0.0,0.0,2024,PPML-FE + Caged comum
2024,RICARDO ALBUQUERQUE,Bercario,148,555.0,3,3,0,0,2023,0.03636678039942394,2007743,81.55962653357479,0.1423785594639866,79.02010050251256,2024,PPML-FE + Caged comum
2024,RICARDO ALBUQUERQUE,Maternal I,122,311.0,3,0,3,0,2023,0.03636678039942394,2007743,71.57469131253488,0.3193548387096774,99.31935483870967,2024,PPML-FE + Caged comum
2024,RICARDO ALBUQUERQUE,Maternal II,100,310.0,3,0,0,3,2023,0.03636678039942394,2007743,44.92227056211751,0.22121212121212122,68.57575757575758,2024,PPML-FE + Caged comum
2024,RIO COMPRIDO,Bercario,251,741.0,3,3,0,0,2023,0.03636678039942394,2007743,99.21240682357417,0.2442455242966752,180.98593350383632,2024,PPML-FE + Caged comum
2024,RIO COMPRIDO,Maternal I,147,384.0,3,0,3,0,2023,0.03636678039942394,2007743,80.51853252659042,0.21394230769230768,82.15384615384615,2024,PPML-FE + Caged comum
2024,RIO COMPRIDO,Maternal II,73,416.0,3,0,0,3,2023,0.03636678039942394,2007743,54.923583884297855,0.12727272727272726,52.94545454545454,2024,PPML-FE + Caged comum
2024,ROCHA,Bercario,107,341.0,3,3,0,0,2023,0.03636678039942394,2007743,43.88242770886175,0.22514619883040934,76.77485380116958,2024,PPML-FE + Caged comum
2024,ROCHA,Maternal I,47,156.0,3,0,3,0,2023,0.03636678039942394,2007743,31.439650875653886,0.33544303797468356,52.32911392405063,2024,PPML-FE + Caged comum
2024,ROCHA,Maternal II,29,158.0,3,0,0,3,2023,0.03636678039942394,2007743,20.049849364082792,0.2978723404255319,47.06382978723404,2024,PPML-FE + Caged comum
2024,ROCHA MIRANDA,Bercario,189,718.0,3,3,0,0,2023,0.03636678039942394,2007743,77.51230288728999,0.11442786069651742,82.1592039800995,2024,PPML-FE + Caged comum
2024,ROCHA MIRANDA,Maternal I,132,444.0,3,0,3,0,2023,0.03636678039942394,2007743,75.06647371418435,0.15876777251184834,70.49289099526067,2024,PPML-FE + Caged comum
2024,ROCHA MIRANDA,Maternal II,76,422.0,3,0,0,3,2023,0.03636678039942394,2007743,44.923791893661694,0.14601769911504425,61.61946902654867,2024,PPML-FE + Caged comum
2024,ROCINHA,Bercario,283,1392.0,3,3,0,0,2023,0.03636678039942394,2007743,57.19700268438628,0.06487232574189096,90.30227743271222,2024,PPML-FE + Caged comum
2024,ROCINHA,Maternal I,231,714.0,3,0,3,0,2023,0.03636678039942394,2007743,45.946146892696824,0.05405405405405406,38.5945945945946,2024,PPML-FE + Caged comum
2024,ROCINHA,Maternal II,129,814.0,3,0,0,3,2023,0.03636678039942394,2007743,32.9819402495994,0.04772727272727273,38.85,2024,PPML-FE + Caged comum
2024,SAMPAIO,Bercario,114,245.0,3,3,0,0,2023,0.03636678039942394,2007743,30.128214461647943,0.285140562248996,69.85943775100401,2024,PPML-FE + Caged comum
2024,SAMPAIO,Maternal I,41,121.0,3,0,3,0,2023,0.03636678039942394,2007743,23.30287627876621,0.232,28.072000000000003,2024,PPML-FE + Caged comum
2024,SAMPAIO,Maternal II,26,125.0,3,0,0,3,2023,0.03636678039942394,2007743,15.157761969844044,0.1079136690647482,13.489208633093524,2024,PPML-FE + Caged comum
2024,SANTA CRUZ,Bercario,2078,6260.0,3,3,0,0,2023,0.03636678039942394,2007743,622.3643564852181,0.10363166691992098,648.7342349187054,2024,PPML-FE + Caged comum
2024,SANTA CRUZ,Maternal I,1592,3430.0,3,0,3,0,2023,0.03636678039942394,2007743,534.0492977239471,0.2122695852534562,728.0846774193548,2024,PPML-FE + Caged comum
2024,SANTA CRUZ,Maternal II,770,3472.0,3,0,0,3,2023,0.03636678039942394,2007743,340.3829951822838,0.0966015520470966,335.4005887075194,2024,PPML-FE + Caged comum
2024,SANTA TERESA,Bercario,192,665.0,3,3,0,0,2023,0.03636678039942394,2007743,92.80003931120827,0.23504867872044508,156.30737134909597,2024,PPML-FE + Caged comum
2024,SANTA TERESA,Maternal I,121,367.0,3,0,3,0,2023,0.03636678039942394,2007743,80.20647472975446,0.29381443298969073,107.8298969072165,2024,PPML-FE + Caged comum
2024,SANTA TERESA,Maternal II,61,388.0,3,0,0,3,2023,0.03636678039942394,2007743,53.391976793859016,0.16791979949874686,65.15288220551378,2024,PPML-FE + Caged comum
2024,SANTISSIMO,Bercario,291,1038.0,3,3,0,0,2023,0.03636678039942394,2007743,158.88351529137952,0.20525869380831213,213.058524173028,2024,PPML-FE + Caged comum
2024,SANTISSIMO,Maternal I,269,662.0,3,0,3,0,2023,0.03636678039942394,2007743,158.69247197144418,0.3807531380753138,252.05857740585773,2024,PPML-FE + Caged comum
2024,SANTISSIMO,Maternal II,239,717.0,3,0,0,3,2023,0.03636678039942394,2007743,108.22270933901612,0.19804741980474197,142.0,2024,PPML-FE + Caged comum
2024,SANTO CRISTO,Bercario,95,286.0,3,3,0,0,2023,0.03636678039942394,2007743,34.01531715934724,0.12923076923076923,36.96,2024,PPML-FE + Caged comum
2024,SANTO CRISTO,Maternal I,58,174.0,3,0,3,0,2023,0.03636678039942394,2007743,32.40966851867617,0.1791907514450867,31.179190751445084,2024,PPML-FE + Caged comum
2024,SANTO CRISTO,Maternal II,34,173.0,3,0,0,3,2023,0.03636678039942394,2007743,20.289547186965134,0.15196078431372548,26.289215686274506,2024,PPML-FE + Caged comum
2024,SAO CONRADO,Bercario,14,140.0,3,3,0,0,2023,0.03636678039942394,2007743,7.912964406133353,0.05,7.0,2024,PPML-FE + Caged comum
2024,SAO CONRADO,Maternal I,7,76.0,3,0,3,0,2023,0.03636678039942394,2007743,6.7273127468575105,0.038461538461538464,2.9230769230769234,2024,PPML-FE + Caged comum
2024,SAO CONRADO,Maternal II,3,78.0,3,0,0,3,2023,0.03636678039942394,2007743,4.347339320675531,0.0,0.0,2024,PPML-FE + Caged comum
2024,SAO CRISTOVAO,Bercario,259,737.0,3,3,0,0,2023,0.03636678039942394,2007743,108.20813489977708,0.20919540229885059,154.1770114942529,2024,PPML-FE + Caged comum
2024,SAO CRISTOVAO,Maternal I,179,440.0,3,0,3,0,2023,0.03636678039942394,2007743,101.172376016484,0.28316831683168314,124.59405940594058,2024,PPML-FE + Caged comum
2024,SAO CRISTOVAO,Maternal II,79,505.0,3,0,0,3,2023,0.03636678039942394,2007743,73.11417128457448,0.19748653500897667,99.73070017953322,2024,PPML-FE + Caged comum
2024,SAO FRANCISCO XAVIER,Bercario,32,109.0,3,3,0,0,2023,0.03636678039942394,2007743,9.209169278586588,0.14782608695652175,16.11304347826087,2024,PPML-FE + Caged comum
2024,SAO FRANCISCO XAVIER,Maternal I,13,55.0,3,0,3,0,2023,0.03636678039942394,2007743,7.277353926773809,0.13333333333333333,7.333333333333333,2024,PPML-FE + Caged comum
2024,SAO FRANCISCO XAVIER,Maternal II,12,60.0,3,0,0,3,2023,0.03636678039942394,2007743,4.998767856810083,0.09523809523809523,5.7142857142857135,2024,PPML-FE + Caged comum
2024,SAUDE,Bercario,5,52.0,3,3,0,0,2023,0.03636678039942394,2007743,4.376629123339356,0.0784313725490196,4.078431372549019,2024,PPML-FE + Caged comum
2024,SAUDE,Maternal I,8,32.0,3,0,3,0,2023,0.03636678039942394,2007743,4.217967508067419,0.16216216216216217,5.1891891891891895,2024,PPML-FE + Caged comum
2024,SAUDE,Maternal II,7,37.0,3,0,0,3,2023,0.03636678039942394,2007743,3.0708307899515956,0.1568627450980392,5.803921568627451,2024,PPML-FE + Caged comum
2024,SENADOR CAMARA,Bercario,391,2213.0,3,3,0,0,2023,0.03636678039942394,2007743,310.64174924716315,0.159846547314578,353.7404092071611,2024,PPML-FE + Caged comum
2024,SENADOR CAMARA,Maternal I,476,1203.0,3,0,3,0,2023,0.03636678039942394,2007743,264.4605433103129,0.3302752293577982,397.32110091743124,2024,PPML-FE + Caged comum
2024,SENADOR CAMARA,Maternal II,360,1308.0,3,0,0,3,2023,0.03636678039942394,2007743,181.05224453955833,0.26152556580050296,342.07544006705785,2024,PPML-FE + Caged comum
2024,SENADOR VASCONCELOS,Bercario,143,573.0,3,3,0,0,2023,0.03636678039942394,2007743,91.21128936387343,0.18518518518518517,106.1111111111111,2024,PPML-FE + Caged comum
2024,SENADOR VASCONCELOS,Maternal I,192,342.0,3,0,3,0,2023,0.03636678039942394,2007743,85.25835095256028,0.3864306784660767,132.15929203539824,2024,PPML-FE + Caged comum
2024,SENADOR VASCONCELOS,Maternal II,142,339.0,3,0,0,3,2023,0.03636678039942394,2007743,53.2122265318516,0.28104575163398693,95.27450980392157,2024,PPML-FE + Caged comum
2024,SEPETIBA,Bercario,694,1484.0,3,3,0,0,2023,0.03636678039942394,2007743,145.05674902718215,0.08475734791524266,125.7799043062201,2024,PPML-FE + Caged comum
2024,SEPETIBA,Maternal I,313,749.0,3,0,3,0,2023,0.03636678039942394,2007743,114.6575627977233,0.18318695106649938,137.20702634880803,2024,PPML-FE + Caged comum
2024,SEPETIBA,Maternal II,216,797.0,3,0,0,3,2023,0.03636678039942394,2007743,76.82102905695507,0.10473815461346633,83.47630922693267,2024,PPML-FE + Caged comum
2024,TANQUE,Bercario,221,765.0,3,3,0,0,2023,0.03636678039942394,2007743,98.93486514232973,0.10814094775212636,82.72782503037666,2024,PPML-FE + Caged comum
2024,TANQUE,Maternal I,236,442.0,3,0,3,0,2023,0.03636678039942394,2007743,89.52143798020505,0.2719665271966527,120.20920502092049,2024,PPML-FE + Caged comum
2024,TANQUE,Maternal II,137,478.0,3,0,0,3,2023,0.03636678039942394,2007743,60.9584039684044,0.14225053078556263,67.99575371549894,2024,PPML-FE + Caged comum
2024,TAQUARA,Bercario,450,2414.0,3,3,0,0,2023,0.03636678039942394,2007743,235.49189039170594,0.113120430934975,273.07272027702965,2024,PPML-FE + Caged comum
2024,TAQUARA,Maternal I,431,1291.0,3,0,3,0,2023,0.03636678039942394,2007743,197.23399967469697,0.19073203492276697,246.23505708529217,2024,PPML-FE + Caged comum
2024,TAQUARA,Maternal II,294,1489.0,3,0,0,3,2023,0.03636678039942394,2007743,143.23565818295776,0.12316528398213146,183.39310784939374,2024,PPML-FE + Caged comum
2024,TAUA,Bercario,125,430.0,3,3,0,0,2023,0.03636678039942394,2007743,50.984140116040436,0.19527896995708155,83.96995708154506,2024,PPML-FE + Caged comum
2024,TAUA,Maternal I,79,262.0,3,0,3,0,2023,0.03636678039942394,2007743,48.650217261036346,0.2638888888888889,69.13888888888889,2024,PPML-FE + Caged comum
2024,TAUA,Maternal II,36,216.0,3,0,0,3,2023,0.03636678039942394,2007743,25.25446395115401,0.09745762711864407,21.05084745762712,2024,PPML-FE + Caged comum
2024,TIJUCA,Bercario,380,2069.0,3,3,0,0,2023,0.03636678039942394,2007743,131.21519814027914,0.11703703703703704,242.14962962962963,2024,PPML-FE + Caged comum
2024,TIJUCA,Maternal I,179,998.0,3,0,3,0,2023,0.03636678039942394,2007743,99.12222463777205,0.11001788908765653,109.79785330948121,2024,PPML-FE + Caged comum
2024,TIJUCA,Maternal II,71,1118.0,3,0,0,3,2023,0.03636678039942394,2007743,69.91706893864308,0.057208237986270026,63.95881006864989,2024,PPML-FE + Caged comum
2024,TODOS OS SANTOS,Bercario,28,282.0,3,3,0,0,2023,0.03636678039942394,2007743,14.554043411307536,0.04195804195804196,11.832167832167833,2024,PPML-FE + Caged comum
2024,TODOS OS SANTOS,Maternal I,40,146.0,3,0,3,0,2023,0.03636678039942394,2007743,11.800604707628224,0.034722222222222224,5.069444444444445,2024,PPML-FE + Caged comum
2024,TODOS OS SANTOS,Maternal II,17,144.0,3,0,0,3,2023,0.03636678039942394,2007743,7.328495235365301,0.029197080291970802,4.204379562043796,2024,PPML-FE + Caged comum
2024,TOMAS COELHO,Bercario,110,460.0,3,3,0,0,2023,0.03636678039942394,2007743,64.13077344263417,0.18724279835390947,86.13168724279836,2024,PPML-FE + Caged comum
2024,TOMAS COELHO,Maternal I,87,256.0,3,0,3,0,2023,0.03636678039942394,2007743,55.89403475799377,0.32421875,83.0,2024,PPML-FE + Caged comum
2024,TOMAS COELHO,Maternal II,65,256.0,3,0,0,3,2023,0.03636678039942394,2007743,35.193816995135904,0.15319148936170213,39.217021276595744,2024,PPML-FE + Caged comum
2024,TURIACU,Bercario,70,294.0,3,3,0,0,2023,0.03636678039942394,2007743,37.01912294922787,0.14666666666666667,43.12,2024,PPML-FE + Caged comum
2024,TURIACU,Maternal I,58,146.0,3,0,3,0,2023,0.03636678039942394,2007743,28.790453113354122,0.16374269005847952,23.90643274853801,2024,PPML-FE + Caged comum
2024,TURIACU,Maternal II,35,171.0,3,0,0,3,2023,0.03636678039942394,2007743,21.23208603585291,0.2550335570469799,43.61073825503356,2024,PPML-FE + Caged comum
2024,URCA,Bercario,6,88.0,3,3,0,0,2023,0.03636678039942394,2007743,5.935661889577163,0.05154639175257732,4.536082474226804,2024,PPML-FE + Caged comum
2024,URCA,Maternal I,11,47.0,3,0,3,0,2023,0.03636678039942394,2007743,4.96479349890512,0.034482758620689655,1.6206896551724137,2024,PPML-FE + Caged comum
2024,URCA,Maternal II,3,58.0,3,0,0,3,2023,0.03636678039942394,2007743,3.8577336201790056,0.13953488372093023,8.093023255813954,2024,PPML-FE + Caged comum
2024,VARGEM GRANDE,Bercario,131,594.0,3,3,0,0,2023,0.03636678039942394,2007743,45.27605591320399,0.04909090909090909,29.159999999999997,2024,PPML-FE + Caged comum
2024,VARGEM GRANDE,Maternal I,106,248.0,3,0,3,0,2023,0.03636678039942394,2007743,29.60401889564485,0.16037735849056603,39.77358490566038,2024,PPML-FE + Caged comum
2024,VARGEM GRANDE,Maternal II,57,318.0,3,0,0,3,2023,0.03636678039942394,2007743,23.901602672799367,0.1736111111111111,55.20833333333333,2024,PPML-FE + Caged comum
2024,VARGEM PEQUENA,Bercario,113,773.0,3,3,0,0,2023,0.03636678039942394,2007743,57.36422742482539,0.07804232804232804,60.326719576719576,2024,PPML-FE + Caged comum
2024,VARGEM PEQUENA,Maternal I,113,391.0,3,0,3,0,2023,0.03636678039942394,2007743,45.44177235531631,0.1643192488262911,64.24882629107982,2024,PPML-FE + Caged comum
2024,VARGEM PEQUENA,Maternal II,80,426.0,3,0,0,3,2023,0.03636678039942394,2007743,31.17374755602481,0.15885416666666666,67.671875,2024,PPML-FE + Caged comum
2024,VASCO GAMA,Bercario,9,78.0,3,3,0,0,2023,0.03636678039942394,2007743,6.614973560377296,0.2079207920792079,16.217821782178216,2024,PPML-FE + Caged comum
2024,VASCO GAMA,Maternal I,8,82.0,3,0,3,0,2023,0.03636678039942394,2007743,10.89091106688109,0.1935483870967742,15.870967741935484,2024,PPML-FE + Caged comum
2024,VASCO GAMA,Maternal II,6,62.0,3,0,0,3,2023,0.03636678039942394,2007743,5.184930740858833,0.18421052631578946,11.421052631578947,2024,PPML-FE + Caged comum
2024,VAZ LOBO,Bercario,91,310.0,3,3,0,0,2023,0.03636678039942394,2007743,41.392488599885006,0.18313953488372092,56.77325581395348,2024,PPML-FE + Caged comum
2024,VAZ LOBO,Maternal I,58,189.0,3,0,3,0,2023,0.03636678039942394,2007743,39.52196211345813,0.21717171717171718,41.04545454545455,2024,PPML-FE + Caged comum
2024,VAZ LOBO,Maternal II,32,198.0,3,0,0,3,2023,0.03636678039942394,2007743,26.070105840628766,0.1111111111111111,22.0,2024,PPML-FE + Caged comum
2024,VICENTE CARVALHO,Bercario,89,442.0,3,3,0,0,2023,0.03636678039942394,2007743,54.9768016654468,0.17067833698030635,75.43982494529541,2024,PPML-FE + Caged comum
2024,VICENTE CARVALHO,Maternal I,79,222.0,3,0,3,0,2023,0.03636678039942394,2007743,43.24411614575946,0.24686192468619247,54.80334728033473,2024,PPML-FE + Caged comum
2024,VICENTE CARVALHO,Maternal II,48,239.0,3,0,0,3,2023,0.03636678039942394,2007743,29.313850076947045,0.1419141914191419,33.917491749174914,2024,PPML-FE + Caged comum
2024,VIDIGAL,Bercario,116,334.0,3,3,0,0,2023,0.03636678039942394,2007743,44.56209235967207,0.32710280373831774,109.25233644859813,2024,PPML-FE + Caged comum
2024,VIDIGAL,Maternal I,68,169.0,3,0,3,0,2023,0.03636678039942394,2007743,35.31202811040005,0.22413793103448276,37.87931034482759,2024,PPML-FE + Caged comum
2024,VIDIGAL,Maternal II,49,174.0,3,0,0,3,2023,0.03636678039942394,2007743,22.89212538474561,0.1485148514851485,25.84158415841584,2024,PPML-FE + Caged comum
2024,VIGARIO GERAL,Bercario,157,761.0,3,3,0,0,2023,0.03636678039942394,2007743,78.01911388333988,0.10466582597730138,79.65069356872635,2024,PPML-FE + Caged comum
2024,VIGARIO GERAL,Maternal I,187,422.0,3,0,3,0,2023,0.03636678039942394,2007743,67.75567199457065,0.19373219373219372,81.75498575498575,2024,PPML-FE + Caged comum
2024,VIGARIO GERAL,Maternal II,73,351.0,3,0,0,3,2023,0.03636678039942394,2007743,35.48470778519749,0.14713896457765668,51.6457765667575,2024,PPML-FE + Caged comum
2024,VILA ISABEL,Bercario,219,939.0,3,3,0,0,2023,0.03636678039942394,2007743,70.51093356592494,0.1422924901185771,133.61264822134387,2024,PPML-FE + Caged comum
2024,VILA ISABEL,Maternal I,88,533.0,3,0,3,0,2023,0.03636678039942394,2007743,62.680857744495384,0.08375209380234507,44.63986599664992,2024,PPML-FE + Caged comum
2024,VILA ISABEL,Maternal II,69,597.0,3,0,0,3,2023,0.03636678039942394,2007743,44.20617755563177,0.05008944543828265,29.90339892665474,2024,PPML-FE + Caged comum
2024,VILA KENNEDY,Bercario,0,321.0,3,3,0,0,2023,0.03636678039942394,2007743,9.68535220063655,0.0,0.0,2024,PPML-FE + Caged comum
2024,VILA KENNEDY,Maternal I,0,101.0,3,0,3,0,2023,0.03636678039942394,2007743,4.7725293603799654,0.017167381974248927,1.7339055793991416,2024,PPML-FE + Caged comum
2024,VILA KENNEDY,Maternal II,2,233.0,3,0,0,3,2023,0.03636678039942394,2007743,6.932407234795024,0.013513513513513514,3.1486486486486487,2024,PPML-FE + Caged comum
2024,VILA KOSMOS,Bercario,45,223.0,3,3,0,0,2023,0.03636678039942394,2007743,28.58854087602422,0.12987012987012986,28.96103896103896,2024,PPML-FE + Caged comum
2024,VILA KOSMOS,Maternal I,68,123.0,3,0,3,0,2023,0.03636678039942394,2007743,24.695003256973216,0.2857142857142857,35.14285714285714,2024,PPML-FE + Caged comum
2024,VILA KOSMOS,Maternal II,15,126.0,3,0,0,3,2023,0.03636678039942394,2007743,15.928520258323767,0.21782178217821782,27.445544554455445,2024,PPML-FE + Caged comum
2024,VILA MILITAR,Bercario,12,241.0,3,3,0,0,2023,0.03636678039942394,2007743,14.2593022168505,0.03319502074688797,8.0,2024,PPML-FE + Caged comum
2024,VILA MILITAR,Maternal I,10,151.0,3,0,3,0,2023,0.03636678039942394,2007743,13.991846363076021,0.04666666666666667,7.046666666666667,2024,PPML-FE + Caged comum
2024,VILA MILITAR,Maternal II,4,150.0,3,0,0,3,2023,0.03636678039942394,2007743,8.751656235328054,0.08411214953271028,12.616822429906541,2024,PPML-FE + Caged comum
2024,VILA PENHA,Bercario,62,295.0,3,3,0,0,2023,0.03636678039942394,2007743,18.01423662404939,0.052478134110787174,15.481049562682216,2024,PPML-FE + Caged comum
2024,VILA PENHA,Maternal I,52,182.0,3,0,3,0,2023,0.03636678039942394,2007743,17.40532289037104,0.058091286307053944,10.572614107883817,2024,PPML-FE + Caged comum
2024,VILA PENHA,Maternal II,18,241.0,3,0,0,3,2023,0.03636678039942394,2007743,14.51204611365908,0.028391167192429023,6.842271293375394,2024,PPML-FE + Caged comum
2024,VILA VALQUEIRE,Bercario,78,589.0,3,3,0,0,2023,0.03636678039942394,2007743,47.3040352623687,0.04401408450704225,25.924295774647884,2024,PPML-FE + Caged comum
2024,VILA VALQUEIRE,Maternal I,74,264.0,3,0,3,0,2023,0.03636678039942394,2007743,33.205014263673824,0.14950166112956811,39.46843853820598,2024,PPML-FE + Caged comum
2024,VILA VALQUEIRE,Maternal II,45,301.0,3,0,0,3,2023,0.03636678039942394,2007743,23.83785373040558,0.11314984709480122,34.05810397553517,2024,PPML-FE + Caged comum
2024,VISTA ALEGRE,Bercario,33,130.0,3,3,0,0,2023,0.03636678039942394,2007743,11.627527405264415,0.061946902654867256,8.053097345132743,2024,PPML-FE + Caged comum
2024,VISTA ALEGRE,Maternal I,23,58.0,3,0,3,0,2023,0.03636678039942394,2007743,8.124354445855408,0.11904761904761904,6.904761904761904,2024,PPML-FE + Caged comum
2024,VISTA ALEGRE,Maternal II,18,84.0,3,0,0,3,2023,0.03636678039942394,2007743,7.408683901773177,0.05,4.2,2024,PPML-FE + Caged comum
2024,ZUMBI,Bercario,3,42.0,3,3,0,0,2023,0.03636678039942394,2007743,3.3166754285293396,0.041666666666666664,1.75,2024,PPML-FE + Caged comum
2024,ZUMBI,Maternal I,3,23.0,3,0,3,0,2023,0.03636678039942394,2007743,2.8444504202447347,0.0625,1.4375,2024,PPML-FE + Caged comum
2024,ZUMBI,Maternal II,2,16.0,3,0,0,3,2023,0.03636678039942394,2007743,1.2459236385609949,0.0,0.0,2024,PPML-FE + Caged comum
2024,ABOLICAO,Bercario,31,154.0,3,3,0,0,2023,0.03636678039942394,2007743,12.139002461774806,0.07058823529411765,10.870588235294118,2024,PPML-FE + Caged x grupo
2024,ABOLICAO,Maternal I,22,92.0,3,0,3,0,2023,0.03636678039942394,2007743,9.8115606084784,0.0875,8.049999999999999,2024,PPML-FE + Caged x grupo
2024,ABOLICAO,Maternal II,11,80.0,3,0,0,3,2023,0.03636678039942394,2007743,5.482818173548097,0.07079646017699115,5.663716814159292,2024,PPML-FE + Caged x grupo
2024,ACARI,Bercario,235,822.0,3,3,0,0,2023,0.03636678039942394,2007743,146.6995064533523,0.2745341614906832,225.6670807453416,2024,PPML-FE + Caged x grupo
2024,ACARI,Maternal I,276,398.0,3,0,3,0,2023,0.03636678039942394,2007743,96.1009967617851,0.4004914004914005,159.3955773955774,2024,PPML-FE + Caged x grupo
2024,ACARI,Maternal II,109,407.0,3,0,0,3,2023,0.03636678039942394,2007743,63.15428496438536,0.18292682926829268,74.45121951219512,2024,PPML-FE + Caged x grupo
2024,AGUA SANTA,Bercario,18,123.0,3,3,0,0,2023,0.03636678039942394,2007743,12.148253829705705,0.023255813953488372,2.8604651162790695,2024,PPML-FE + Caged x grupo
2024,AGUA SANTA,Maternal I,31,60.0,3,0,3,0,2023,0.03636678039942394,2007743,8.017666388992481,0.21739130434782608,13.043478260869565,2024,PPML-FE + Caged x grupo
2024,AGUA SANTA,Maternal II,10,69.0,3,0,0,3,2023,0.03636678039942394,2007743,5.92528732789855,0.12658227848101267,8.734177215189874,2024,PPML-FE + Caged x grupo
2024,ALTO BOA VISTA,Bercario,63,169.0,3,3,0,0,2023,0.03636678039942394,2007743,21.008710203000707,0.22093023255813954,37.33720930232558,2024,PPML-FE + Caged x grupo
2024,ALTO BOA VISTA,Maternal I,29,102.0,3,0,3,0,2023,0.03636678039942394,2007743,17.155399756639298,0.13043478260869565,13.304347826086957,2024,PPML-FE + Caged x grupo
2024,ALTO BOA VISTA,Maternal II,15,92.0,3,0,0,3,2023,0.03636678039942394,2007743,9.94379336841881,0.125,11.5,2024,PPML-FE + Caged x grupo
2024,ANCHIETA,Bercario,280,1387.0,3,3,0,0,2023,0.03636678039942394,2007743,171.68772069373813,0.15138888888888888,209.97638888888886,2024,PPML-FE + Caged x grupo
2024,ANCHIETA,Maternal I,380,694.0,3,0,3,0,2023,0.03636678039942394,2007743,116.22785671969187,0.211864406779661,147.03389830508473,2024,PPML-FE + Caged x grupo
2024,ANCHIETA,Maternal II,206,826.0,3,0,0,3,2023,0.03636678039942394,2007743,88.89849307080165,0.14103923647932132,116.4984093319194,2024,PPML-FE + Caged x grupo
2024,ANDARAI,Bercario,114,506.0,3,3,0,0,2023,0.03636678039942394,2007743,45.05143250166357,0.12992125984251968,65.74015748031496,2024,PPML-FE + Caged x grupo
2024,ANDARAI,Maternal I,56,239.0,3,0,3,0,2023,0.03636678039942394,2007743,28.790153065780046,0.08108108108108109,19.37837837837838,2024,PPML-FE + Caged x grupo
2024,ANDARAI,Maternal II,18,296.0,3,0,0,3,2023,0.03636678039942394,2007743,22.9140247057797,0.060714285714285714,17.97142857142857,2024,PPML-FE + Caged x grupo
2024,ANIL,Bercario,349,806.0,3,3,0,0,2023,0.03636678039942394,2007743,356.03680964637715,0.37530266343825663,302.49394673123487,2024,PPML-FE + Caged x grupo
2024,ANIL,Maternal I,426,387.0,3,0,3,0,2023,0.03636678039942394,2007743,231.29104000099335,0.8445945945945946,326.8581081081081,2024,PPML-FE + Caged x grupo
2024,ANIL,Maternal II,426,444.0,3,0,0,3,2023,0.03636678039942394,2007743,170.5274928919724,0.8547619047619047,379.5142857142857,2024,PPML-FE + Caged x grupo
2024,BANCARIOS,Bercario,95,309.0,3,3,0,0,2023,0.03636678039942394,2007743,39.49284534946696,0.1723076923076923,53.24307692307692,2024,PPML-FE + Caged x grupo
2024,BANCARIOS,Maternal I,54,139.0,3,0,3,0,2023,0.03636678039942394,2007743,24.036029609414996,0.22641509433962265,31.471698113207548,2024,PPML-FE + Caged x grupo
2024,BANCARIOS,Maternal II,14,159.0,3,0,0,3,2023,0.03636678039942394,2007743,17.66886479446477,0.21232876712328766,33.76027397260274,2024,PPML-FE + Caged x grupo
2024,BANGU,Bercario,1122,4599.0,3,3,0,0,2023,0.03636678039942394,2007743,746.8830461577159,0.20059642147117296,922.5429423459244,2024,PPML-FE + Caged x grupo
2024,BANGU,Maternal I,966,2569.0,3,0,3,0,2023,0.03636678039942394,2007743,564.4705401619747,0.31390134529147984,806.4125560538117,2024,PPML-FE + Caged x grupo
2024,BANGU,Maternal II,639,2676.0,3,0,0,3,2023,0.03636678039942394,2007743,377.85648375141943,0.19642857142857142,525.6428571428571,2024,PPML-FE + Caged x grupo
2024,BARRA GUARATIBA,Bercario,14,128.0,3,3,0,0,2023,0.03636678039942394,2007743,8.458730340553029,0.0234375,3.0,2024,PPML-FE + Caged x grupo
2024,BARRA GUARATIBA,Maternal I,24,71.0,3,0,3,0,2023,0.03636678039942394,2007743,6.348067618444039,0.02531645569620253,1.7974683544303798,2024,PPML-FE + Caged x grupo
2024,BARRA GUARATIBA,Maternal II,26,79.0,3,0,0,3,2023,0.03636678039942394,2007743,4.539143155607586,0.05172413793103448,4.086206896551724,2024,PPML-FE + Caged x grupo
2024,BARRA TIJUCA,Bercario,58,2378.0,3,3,0,0,2023,0.03636678039942394,2007743,59.70847013332052,0.02369077306733167,56.33665835411471,2024,PPML-FE + Caged x grupo
2024,BARRA TIJUCA,Maternal I,96,1196.0,3,0,3,0,2023,0.03636678039942394,2007743,40.62966654620937,0.03986981285598047,47.68429617575264,2024,PPML-FE + Caged x grupo
2024,BARRA TIJUCA,Maternal II,35,1229.0,3,0,0,3,2023,0.03636678039942394,2007743,26.830425139066858,0.02680565897244974,32.944154877140726,2024,PPML-FE + Caged x grupo
2024,BARROS FILHO,Bercario,115,409.0,3,3,0,0,2023,0.03636678039942394,2007743,59.363204582441405,0.17274939172749393,70.65450121654501,2024,PPML-FE + Caged x grupo
2024,BARROS FILHO,Maternal I,62,224.0,3,0,3,0,2023,0.03636678039942394,2007743,43.987576236024765,0.2648221343873518,59.320158102766804,2024,PPML-FE + Caged x grupo
2024,BARROS FILHO,Maternal II,58,253.0,3,0,0,3,2023,0.03636678039942394,2007743,31.9275893107232,0.20425531914893616,51.676595744680846,2024,PPML-FE + Caged x grupo
2024,BENFICA,Bercario,364,728.0,3,3,0,0,2023,0.03636678039942394,2007743,164.12702997120064,0.3227665706051873,234.97406340057637,2024,PPML-FE + Caged x grupo
2024,BENFICA,Maternal I,234,374.0,3,0,3,0,2023,0.03636678039942394,2007743,114.07968634344645,0.3873239436619718,144.85915492957747,2024,PPML-FE + Caged x grupo
2024,BENFICA,Maternal II,156,426.0,3,0,0,3,2023,0.03636678039942394,2007743,83.50450546846581,0.25461254612546125,108.4649446494465,2024,PPML-FE + Caged x grupo
2024,BENTO RIBEIRO,Bercario,100,620.0,3,3,0,0,2023,0.03636678039942394,2007743,67.09716143038261,0.06605222734254992,40.952380952380956,2024,PPML-FE + Caged x grupo
2024,BENTO RIBEIRO,Maternal I,122,350.0,3,0,3,0,2023,0.03636678039942394,2007743,51.247004778491366,0.15458937198067632,54.106280193236714,2024,PPML-FE + Caged x grupo
2024,BENTO RIBEIRO,Maternal II,87,414.0,3,0,0,3,2023,0.03636678039942394,2007743,38.95510481079993,0.17266187050359713,71.48201438848922,2024,PPML-FE + Caged x grupo
2024,BONSUCESSO,Bercario,439,1139.0,3,3,0,0,2023,0.03636678039942394,2007743,139.54125633266085,0.17119155354449472,194.9871794871795,2024,PPML-FE + Caged x grupo
2024,BONSUCESSO,Maternal I,362,584.0,3,0,3,0,2023,0.03636678039942394,2007743,96.80097613267486,0.20728643216080403,121.05527638190955,2024,PPML-FE + Caged x grupo
2024,BONSUCESSO,Maternal II,207,796.0,3,0,0,3,2023,0.03636678039942394,2007743,84.78978819325803,0.09943502824858758,79.1502824858757,2024,PPML-FE + Caged x grupo
2024,BOTAFOGO,Bercario,112,1095.0,3,3,0,0,2023,0.03636678039942394,2007743,41.6666046215886,0.033391915641476276,36.564147627416524,2024,PPML-FE + Caged x grupo
2024,BOTAFOGO,Maternal I,71,571.0,3,0,3,0,2023,0.03636678039942394,2007743,29.396666511824996,0.06164383561643835,35.1986301369863,2024,PPML-FE + Caged x grupo
2024,BOTAFOGO,Maternal II,35,584.0,3,0,0,3,2023,0.03636678039942394,2007743,19.321392256832258,0.03770739064856712,22.021116138763198,2024,PPML-FE + Caged x grupo
2024,BRAS PINA,Bercario,192,807.0,3,3,0,0,2023,0.03636678039942394,2007743,54.32656195879129,0.039125431530494824,31.574223245109323,2024,PPML-FE + Caged x grupo
2024,BRAS PINA,Maternal I,172,452.0,3,0,3,0,2023,0.03636678039942394,2007743,41.168505993964466,0.09368191721132897,42.344226579520694,2024,PPML-FE + Caged x grupo
2024,BRAS PINA,Maternal II,73,459.0,3,0,0,3,2023,0.03636678039942394,2007743,26.865996293533144,0.05042016806722689,23.142857142857142,2024,PPML-FE + Caged x grupo
2024,CACHAMBI,Bercario,97,600.0,3,3,0,0,2023,0.03636678039942394,2007743,30.257315155914064,0.03054662379421222,18.327974276527332,2024,PPML-FE + Caged x grupo
2024,CACHAMBI,Maternal I,73,316.0,3,0,3,0,2023,0.03636678039942394,2007743,21.560270534773018,0.08181818181818182,25.854545454545455,2024,PPML-FE + Caged x grupo
2024,CACHAMBI,Maternal II,33,330.0,3,0,0,3,2023,0.03636678039942394,2007743,14.469204551288998,0.03225806451612903,10.64516129032258,2024,PPML-FE + Caged x grupo
2024,CACUIA,Bercario,31,179.0,3,3,0,0,2023,0.03636678039942394,2007743,15.30626760376486,0.09883720930232558,17.691860465116278,2024,PPML-FE + Caged x grupo
2024,CACUIA,Maternal I,26,83.0,3,0,3,0,2023,0.03636678039942394,2007743,9.60245649642067,0.11214953271028037,9.30841121495327,2024,PPML-FE + Caged x grupo
2024,CACUIA,Maternal II,25,107.0,3,0,0,3,2023,0.03636678039942394,2007743,7.955209598669321,0.18947368421052632,20.273684210526316,2024,PPML-FE + Caged x grupo
2024,CAJU,Bercario,176,660.0,3,3,0,0,2023,0.03636678039942394,2007743,116.72774292094745,0.26646706586826346,175.86826347305387,2024,PPML-FE + Caged x grupo
2024,CAJU,Maternal I,147,337.0,3,0,3,0,2023,0.03636678039942394,2007743,80.6395393533195,0.3515850144092219,118.48414985590779,2024,PPML-FE + Caged x grupo
2024,CAJU,Maternal II,37,347.0,3,0,0,3,2023,0.03636678039942394,2007743,53.35943288992209,0.21739130434782608,75.43478260869566,2024,PPML-FE + Caged x grupo
2024,CAMORIM,Bercario,121,203.0,3,3,0,0,2023,0.03636678039942394,2007743,68.36630216964402,0.5480769230769231,111.2596153846154,2024,PPML-FE + Caged x grupo
2024,CAMORIM,Maternal I,80,85.0,3,0,3,0,2023,0.03636678039942394,2007743,38.73048745202651,0.9887640449438202,84.04494382022472,2024,PPML-FE + Caged x grupo
2024,CAMORIM,Maternal II,58,89.0,3,0,0,3,2023,0.03636678039942394,2007743,26.060793615434203,0.373134328358209,33.2089552238806,2024,PPML-FE + Caged x grupo
2024,CAMPINHO,Bercario,45,207.0,3,3,0,0,2023,0.03636678039942394,2007743,18.785314200606276,0.09389671361502347,19.43661971830986,2024,PPML-FE + Caged x grupo
2024,CAMPINHO,Maternal I,27,113.0,3,0,3,0,2023,0.03636678039942394,2007743,13.87441071146214,0.10416666666666667,11.770833333333334,2024,PPML-FE + Caged x grupo
2024,CAMPINHO,Maternal II,36,144.0,3,0,0,3,2023,0.03636678039942394,2007743,11.362193681114205,0.22807017543859648,32.84210526315789,2024,PPML-FE + Caged x grupo
2024,CAMPO AFONSOS,Bercario,3,72.0,3,3,0,0,2023,0.03636678039942394,2007743,5.9728761172610625,0.016666666666666666,1.2,2024,PPML-FE + Caged x grupo
2024,CAMPO AFONSOS,Maternal I,5,29.0,3,0,3,0,2023,0.03636678039942394,2007743,3.254895078060922,0.1,2.9000000000000004,2024,PPML-FE + Caged x grupo
2024,CAMPO AFONSOS,Maternal II,5,30.0,3,0,0,3,2023,0.03636678039942394,2007743,2.163833516432758,0.1111111111111111,3.333333333333333,2024,PPML-FE + Caged x grupo
2024,CAMPO GRANDE,Bercario,1787,7585.0,3,3,0,0,2023,0.03636678039942394,2007743,1113.5625998712799,0.1707014276846679,1294.770328988206,2024,PPML-FE + Caged x grupo
2024,CAMPO GRANDE,Maternal I,1732,4155.0,3,0,3,0,2023,0.03636678039942394,2007743,825.311818419231,0.2804209603157202,1165.1490901118175,2024,PPML-FE + Caged x grupo
2024,CAMPO GRANDE,Maternal II,1170,4561.0,3,0,0,3,2023,0.03636678039942394,2007743,582.1979895447096,0.1836734693877551,837.7346938775511,2024,PPML-FE + Caged x grupo
2024,CASCADURA,Bercario,127,597.0,3,3,0,0,2023,0.03636678039942394,2007743,89.93497872221924,0.1806020066889632,107.81939799331103,2024,PPML-FE + Caged x grupo
2024,CASCADURA,Maternal I,91,294.0,3,0,3,0,2023,0.03636678039942394,2007743,59.92245810869588,0.24620060790273557,72.38297872340426,2024,PPML-FE + Caged x grupo
2024,CASCADURA,Maternal II,100,329.0,3,0,0,3,2023,0.03636678039942394,2007743,43.09250900451366,0.1984126984126984,65.27777777777777,2024,PPML-FE + Caged x grupo
2024,CATETE,Bercario,54,343.0,3,3,0,0,2023,0.03636678039942394,2007743,26.609459652596225,0.11976047904191617,41.07784431137725,2024,PPML-FE + Caged x grupo
2024,CATETE,Maternal I,36,160.0,3,0,3,0,2023,0.03636678039942394,2007743,16.79383582131013,0.12571428571428572,20.114285714285714,2024,PPML-FE + Caged x grupo
2024,CATETE,Maternal II,14,175.0,3,0,0,3,2023,0.03636678039942394,2007743,11.8040641823493,0.05434782608695652,9.51086956521739,2024,PPML-FE + Caged x grupo
2024,CATUMBI,Bercario,138,275.0,3,3,0,0,2023,0.03636678039942394,2007743,56.75416394262635,0.3890577507598784,106.99088145896657,2024,PPML-FE + Caged x grupo
2024,CATUMBI,Maternal I,72,181.0,3,0,3,0,2023,0.03636678039942394,2007743,50.539576262054766,0.3684210526315789,66.68421052631578,2024,PPML-FE + Caged x grupo
2024,CATUMBI,Maternal II,32,171.0,3,0,0,3,2023,0.03636678039942394,2007743,30.684053049287044,0.15714285714285714,26.87142857142857,2024,PPML-FE + Caged x grupo
2024,CAVALCANTE,Bercario,101,310.0,3,3,0,0,2023,0.03636678039942394,2007743,45.124442971916366,0.284375,88.15625,2024,PPML-FE + Caged x grupo
2024,CAVALCANTE,Maternal I,72,163.0,3,0,3,0,2023,0.03636678039942394,2007743,32.101531292032334,0.24479166666666666,39.901041666666664,2024,PPML-FE + Caged x grupo
2024,CAVALCANTE,Maternal II,61,192.0,3,0,0,3,2023,0.03636678039942394,2007743,24.29981497341968,0.20103092783505155,38.5979381443299,2024,PPML-FE + Caged x grupo
2024,CENTRO,Bercario,155,442.0,3,3,0,0,2023,0.03636678039942394,2007743,76.62716506754398,0.2550607287449393,112.73684210526316,2024,PPML-FE + Caged x grupo
2024,CENTRO,Maternal I,104,251.0,3,0,3,0,2023,0.03636678039942394,2007743,58.8738172690828,0.3505535055350554,87.9889298892989,2024,PPML-FE + Caged x grupo
2024,CENTRO,Maternal II,82,271.0,3,0,0,3,2023,0.03636678039942394,2007743,40.84899329532223,0.24,65.03999999999999,2024,PPML-FE + Caged x grupo
2024,CIDADE DEUS,Bercario,447,1150.0,3,3,0,0,2023,0.03636678039942394,2007743,214.19549747887626,0.182475884244373,209.84726688102896,2024,PPML-FE + Caged x grupo
2024,CIDADE DEUS,Maternal I,421,653.0,3,0,3,0,2023,0.03636678039942394,2007743,164.55597774229955,0.5013123359580053,327.35695538057746,2024,PPML-FE + Caged x grupo
2024,CIDADE DEUS,Maternal II,195,762.0,3,0,0,3,2023,0.03636678039942394,2007743,123.40110437566437,0.21388888888888888,162.98333333333332,2024,PPML-FE + Caged x grupo
2024,CIDADE NOVA,Bercario,34,87.0,3,3,0,0,2023,0.03636678039942394,2007743,13.54236298191125,0.2641509433962264,22.9811320754717,2024,PPML-FE + Caged x grupo
2024,CIDADE NOVA,Maternal I,19,60.0,3,0,3,0,2023,0.03636678039942394,2007743,12.63614011504027,0.5283018867924528,31.69811320754717,2024,PPML-FE + Caged x grupo
2024,CIDADE NOVA,Maternal II,10,53.0,3,0,0,3,2023,0.03636678039942394,2007743,7.173029966402691,0.1095890410958904,5.808219178082192,2024,PPML-FE + Caged x grupo
2024,CIDADE UNIVERSITARIA,Bercario,5,23.0,3,3,0,0,2023,0.03636678039942394,2007743,1.9695106981517734,0.0,0.0,2024,PPML-FE + Caged x grupo
2024,CIDADE UNIVERSITARIA,Maternal I,6,15.0,3,0,3,0,2023,0.03636678039942394,2007743,1.7378398518338314,0.0,0.0,2024,PPML-FE + Caged x grupo
2024,CIDADE UNIVERSITARIA,Maternal II,3,10.0,3,0,0,3,2023,0.03636678039942394,2007743,0.7445298016596619,0.07692307692307693,0.7692307692307693,2024,PPML-FE + Caged x grupo
2024,COCOTA,Bercario,15,91.0,3,3,0,0,2023,0.03636678039942394,2007743,8.018606289878061,0.14754098360655737,13.426229508196721,2024,PPML-FE + Caged x grupo
2024,COCOTA,Maternal I,17,70.0,3,0,3,0,2023,0.03636678039942394,2007743,8.345330158821733,0.0547945205479452,3.835616438356164,2024,PPML-FE + Caged x grupo
2024,COCOTA,Maternal II,10,73.0,3,0,0,3,2023,0.03636678039942394,2007743,5.592834087762178,0.09090909090909091,6.636363636363637,2024,PPML-FE + Caged x grupo
2024,COELHO NETO,Bercario,191,598.0,3,3,0,0,2023,0.03636678039942394,2007743,120.72319360429175,0.2627986348122867,157.15358361774744,2024,PPML-FE + Caged x grupo
2024,COELHO NETO,Maternal I,191,302.0,3,0,3,0,2023,0.03636678039942394,2007743,82.48680071301051,0.4222222222222222,127.5111111111111,2024,PPML-FE + Caged x grupo
2024,COELHO NETO,Maternal II,80,315.0,3,0,0,3,2023,0.03636678039942394,2007743,55.290645919148766,0.2198952879581152,69.26701570680629,2024,PPML-FE + Caged x grupo
2024,COLEGIO,Bercario,116,671.0,3,3,0,0,2023,0.03636678039942394,2007743,99.19695218342807,0.125,83.875,2024,PPML-FE + Caged x grupo
2024,COLEGIO,Maternal I,120,354.0,3,0,3,0,2023,0.03636678039942394,2007743,70.80551003549887,0.11271676300578035,39.90173410404624,2024,PPML-FE + Caged x grupo
2024,COLEGIO,Maternal II,102,346.0,3,0,0,3,2023,0.03636678039942394,2007743,44.473722849232274,0.2905982905982906,100.54700854700856,2024,PPML-FE + Caged x grupo
2024,COMPLEXO ALEMAO,Bercario,0,642.0,3,3,0,0,2023,0.03636678039942394,2007743,14.279637995815895,0.0,0.0,2024,PPML-FE + Caged x grupo
2024,COMPLEXO ALEMAO,Maternal I,1,213.0,3,0,3,0,2023,0.03636678039942394,2007743,6.409877917917742,0.006622516556291391,1.4105960264900663,2024,PPML-FE + Caged x grupo
2024,COMPLEXO ALEMAO,Maternal II,0,151.0,3,0,0,3,2023,0.03636678039942394,2007743,2.920187213169676,0.00234192037470726,0.35362997658079626,2024,PPML-FE + Caged x grupo
2024,COMPLEXO MARE,Bercario,586,2609.0,3,3,0,0,2023,0.03636678039942394,2007743,318.3367321893363,0.18494000827472074,482.5084815887464,2024,PPML-FE + Caged x grupo
2024,COMPLEXO MARE,Maternal I,475,1384.0,3,0,3,0,2023,0.03636678039942394,2007743,228.47398138780227,0.2818565400843882,390.0894514767933,2024,PPML-FE + Caged x grupo
2024,COMPLEXO MARE,Maternal II,319,1185.0,3,0,0,3,2023,0.03636678039942394,2007743,125.71369835939518,0.181890389197776,215.54011119936456,2024,PPML-FE + Caged x grupo
2024,COPACABANA,Bercario,362,1740.0,3,3,0,0,2023,0.03636678039942394,2007743,118.60219310489524,0.12305922944220817,214.12305922944222,2024,PPML-FE + Caged x grupo
2024,COPACABANA,Maternal I,212,865.0,3,0,3,0,2023,0.03636678039942394,2007743,79.77146425644528,0.10321100917431193,89.27752293577983,2024,PPML-FE + Caged x grupo
2024,COPACABANA,Maternal II,100,872.0,3,0,0,3,2023,0.03636678039942394,2007743,51.67869454198529,0.05760151085930123,50.228517469310674,2024,PPML-FE + Caged x grupo
2024,CORDOVIL,Bercario,215,734.0,3,3,0,0,2023,0.03636678039942394,2007743,69.99108840520849,0.11757269279393173,86.29835651074589,2024,PPML-FE + Caged x grupo
2024,CORDOVIL,Maternal I,149,422.0,3,0,3,0,2023,0.03636678039942394,2007743,54.44363617415679,0.09905660377358491,41.801886792452834,2024,PPML-FE + Caged x grupo
2024,CORDOVIL,Maternal II,82,424.0,3,0,0,3,2023,0.03636678039942394,2007743,35.15313983843501,0.13443396226415094,57.0,2024,PPML-FE + Caged x grupo
2024,COSME VELHO,Bercario,42,115.0,3,3,0,0,2023,0.03636678039942394,2007743,11.631488477700437,0.2302158273381295,26.474820143884894,2024,PPML-FE + Caged x grupo
2024,COSME VELHO,Maternal I,29,75.0,3,0,3,0,2023,0.03636678039942394,2007743,10.26329241656962,0.03260869565217391,2.4456521739130435,2024,PPML-FE + Caged x grupo
2024,COSME VELHO,Maternal II,7,92.0,3,0,0,3,2023,0.03636678039942394,2007743,8.090527898163533,0.014925373134328358,1.373134328358209,2024,PPML-FE + Caged x grupo
2024,COSMOS,Bercario,648,2120.0,3,3,0,0,2023,0.03636678039942394,2007743,345.5178253454463,0.15634884771802982,331.45955716222323,2024,PPML-FE + Caged x grupo
2024,COSMOS,Maternal I,532,1142.0,3,0,3,0,2023,0.03636678039942394,2007743,251.81911051211057,0.2872975277067349,328.09377664109127,2024,PPML-FE + Caged x grupo
2024,COSMOS,Maternal II,280,1173.0,3,0,0,3,2023,0.03636678039942394,2007743,166.2203478451686,0.18698441796516957,219.3327222731439,2024,PPML-FE + Caged x grupo
2024,COSTA BARROS,Bercario,314,959.0,3,3,0,0,2023,0.03636678039942394,2007743,209.92596451200933,0.323747680890538,310.47402597402595,2024,PPML-FE + Caged x grupo
2024,COSTA BARROS,Maternal I,207,538.0,3,0,3,0,2023,0.03636678039942394,2007743,159.3374309736814,0.3523076923076923,189.54153846153847,2024,PPML-FE + Caged x grupo
2024,COSTA BARROS,Maternal II,175,650.0,3,0,0,3,2023,0.03636678039942394,2007743,123.71218706219324,0.31521739130434784,204.8913043478261,2024,PPML-FE + Caged x grupo
2024,CURICICA,Bercario,260,1144.0,3,3,0,0,2023,0.03636678039942394,2007743,161.91887425669213,0.17576664173522813,201.07703814510097,2024,PPML-FE + Caged x grupo
2024,CURICICA,Maternal I,213,642.0,3,0,3,0,2023,0.03636678039942394,2007743,122.94035540631471,0.2756598240469208,176.97360703812316,2024,PPML-FE + Caged x grupo
2024,CURICICA,Maternal II,171,682.0,3,0,0,3,2023,0.03636678039942394,2007743,83.92810240275934,0.21579532814238042,147.17241379310346,2024,PPML-FE + Caged x grupo
2024,DEL CASTILHO,Bercario,146,464.0,3,3,0,0,2023,0.03636678039942394,2007743,53.672082223037435,0.21669980119284293,100.54870775347912,2024,PPML-FE + Caged x grupo
2024,DEL CASTILHO,Maternal I,90,264.0,3,0,3,0,2023,0.03636678039942394,2007743,41.31639068582631,0.16182572614107885,42.72199170124482,2024,PPML-FE + Caged x grupo
2024,DEL CASTILHO,Maternal II,36,241.0,3,0,0,3,2023,0.03636678039942394,2007743,24.238128533817886,0.066006600660066,15.907590759075907,2024,PPML-FE + Caged x grupo
2024,DEODORO,Bercario,74,279.0,3,3,0,0,2023,0.03636678039942394,2007743,64.0991691561418,0.25951557093425603,72.40484429065744,2024,PPML-FE + Caged x grupo
2024,DEODORO,Maternal I,67,132.0,3,0,3,0,2023,0.03636678039942394,2007743,41.03081213447743,0.43703703703703706,57.68888888888889,2024,PPML-FE + Caged x grupo
2024,DEODORO,Maternal II,43,135.0,3,0,0,3,2023,0.03636678039942394,2007743,26.967056403152608,0.4485294117647059,60.5514705882353,2024,PPML-FE + Caged x grupo
2024,ENCANTADO,Bercario,32,184.0,3,3,0,0,2023,0.03636678039942394,2007743,16.472763376288192,0.08021390374331551,14.759358288770054,2024,PPML-FE + Caged x grupo
2024,ENCANTADO,Maternal I,51,96.0,3,0,3,0,2023,0.03636678039942394,2007743,11.628075822896143,0.2037037037037037,19.555555555555554,2024,PPML-FE + Caged x grupo
2024,ENCANTADO,Maternal II,22,108.0,3,0,0,3,2023,0.03636678039942394,2007743,8.406669434260428,0.1834862385321101,19.816513761467892,2024,PPML-FE + Caged x grupo
2024,ENGENHEIRO LEAL,Bercario,17,136.0,3,3,0,0,2023,0.03636678039942394,2007743,16.432600468475826,0.07086614173228346,9.637795275590552,2024,PPML-FE + Caged x grupo
2024,ENGENHEIRO LEAL,Maternal I,21,61.0,3,0,3,0,2023,0.03636678039942394,2007743,9.972067460122982,0.14666666666666667,8.946666666666667,2024,PPML-FE + Caged x grupo
2024,ENGENHEIRO LEAL,Maternal II,34,75.0,3,0,0,3,2023,0.03636678039942394,2007743,7.87916561616307,0.38028169014084506,28.52112676056338,2024,PPML-FE + Caged x grupo
2024,ENGENHO DENTRO,Bercario,192,759.0,3,3,0,0,2023,0.03636678039942394,2007743,63.81536814681911,0.07099143206854346,53.88249694002448,2024,PPML-FE + Caged x grupo
2024,ENGENHO DENTRO,Maternal I,150,424.0,3,0,3,0,2023,0.03636678039942394,2007743,48.232230310532636,0.15182186234817813,64.37246963562752,2024,PPML-FE + Caged x grupo
2024,ENGENHO DENTRO,Maternal II,96,494.0,3,0,0,3,2023,0.03636678039942394,2007743,36.11287212064891,0.09320388349514563,46.042718446601945,2024,PPML-FE + Caged x grupo
2024,ENGENHO NOVO,Bercario,308,856.0,3,3,0,0,2023,0.03636678039942394,2007743,100.77715231264179,0.23726851851851852,203.10185185185185,2024,PPML-FE + Caged x grupo
2024,ENGENHO NOVO,Maternal I,159,436.0,3,0,3,0,2023,0.03636678039942394,2007743,69.44848749236121,0.14870689655172414,64.83620689655173,2024,PPML-FE + Caged x grupo
2024,ENGENHO NOVO,Maternal II,71,464.0,3,0,0,3,2023,0.03636678039942394,2007743,47.49609188292654,0.08627450980392157,40.03137254901961,2024,PPML-FE + Caged x grupo
2024,ENGENHO RAINHA,Bercario,125,520.0,3,3,0,0,2023,0.03636678039942394,2007743,61.13330286006081,0.15047619047619049,78.24761904761905,2024,PPML-FE + Caged x grupo
2024,ENGENHO RAINHA,Maternal I,112,253.0,3,0,3,0,2023,0.03636678039942394,2007743,40.24232115241259,0.19850187265917604,50.22097378277154,2024,PPML-FE + Caged x grupo
2024,ENGENHO RAINHA,Maternal II,84,267.0,3,0,0,3,2023,0.03636678039942394,2007743,27.29212525953064,0.07042253521126761,18.802816901408452,2024,PPML-FE + Caged x grupo
2024,ESTACIO,Bercario,140,353.0,3,3,0,0,2023,0.03636678039942394,2007743,65.8465032925396,0.36,127.08,2024,PPML-FE + Caged x grupo
2024,ESTACIO,Maternal I,75,197.0,3,0,3,0,2023,0.03636678039942394,2007743,49.7178366229298,0.4029126213592233,79.37378640776699,2024,PPML-FE + Caged x grupo
2024,ESTACIO,Maternal II,24,206.0,3,0,0,3,2023,0.03636678039942394,2007743,33.41002573268496,0.1459227467811159,30.060085836909874,2024,PPML-FE + Caged x grupo
2024,FLAMENGO,Bercario,57,565.0,3,3,0,0,2023,0.03636678039942394,2007743,27.913179475517808,0.0625,35.3125,2024,PPML-FE + Caged x grupo
2024,FLAMENGO,Maternal I,33,263.0,3,0,3,0,2023,0.03636678039942394,2007743,17.579422079431076,0.08243727598566308,21.68100358422939,2024,PPML-FE + Caged x grupo
2024,FLAMENGO,Maternal II,20,279.0,3,0,0,3,2023,0.03636678039942394,2007743,11.984409534636008,0.03551912568306011,9.90983606557377,2024,PPML-FE + Caged x grupo
2024,FREGUESIA ILHA,Bercario,88,320.0,3,3,0,0,2023,0.03636678039942394,2007743,36.74175615526778,0.18536585365853658,59.3170731707317,2024,PPML-FE + Caged x grupo
2024,FREGUESIA ILHA,Maternal I,62,255.0,3,0,3,0,2023,0.03636678039942394,2007743,39.6130331698085,0.2774869109947644,70.75916230366492,2024,PPML-FE + Caged x grupo
2024,FREGUESIA ILHA,Maternal II,38,191.0,3,0,0,3,2023,0.03636678039942394,2007743,19.06754927864375,0.14659685863874344,27.999999999999996,2024,PPML-FE + Caged x grupo
2024,FREGUESIA JPA,Bercario,160,1221.0,3,3,0,0,2023,0.03636678039942394,2007743,81.35064132690917,0.06506024096385542,79.43855421686746,2024,PPML-FE + Caged x grupo
2024,FREGUESIA JPA,Maternal I,133,619.0,3,0,3,0,2023,0.03636678039942394,2007743,55.798683324142694,0.1384180790960452,85.68079096045197,2024,PPML-FE + Caged x grupo
2024,FREGUESIA JPA,Maternal II,63,708.0,3,0,0,3,2023,0.03636678039942394,2007743,41.01381354983665,0.031506849315068496,22.306849315068494,2024,PPML-FE + Caged x grupo
2024,GALEAO,Bercario,126,656.0,3,3,0,0,2023,0.03636678039942394,2007743,106.2460893567569,0.17134831460674158,112.40449438202248,2024,PPML-FE + Caged x grupo
2024,GALEAO,Maternal I,108,365.0,3,0,3,0,2023,0.03636678039942394,2007743,79.98157716523501,0.2914285714285714,106.37142857142857,2024,PPML-FE + Caged x grupo
2024,GALEAO,Maternal II,119,350.0,3,0,0,3,2023,0.03636678039942394,2007743,49.28658604329775,0.26506024096385544,92.77108433734941,2024,PPML-FE + Caged x grupo
2024,GAMBOA,Bercario,78,251.0,3,3,0,0,2023,0.03636678039942394,2007743,35.83947860756084,0.15602836879432624,39.163120567375884,2024,PPML-FE + Caged x grupo
2024,GAMBOA,Maternal I,49,156.0,3,0,3,0,2023,0.03636678039942394,2007743,30.137036544245575,0.22077922077922077,34.44155844155844,2024,PPML-FE + Caged x grupo
2024,GAMBOA,Maternal II,41,154.0,3,0,0,3,2023,0.03636678039942394,2007743,19.11878371838738,0.23376623376623376,36.0,2024,PPML-FE + Caged x grupo
2024,GARDENIA AZUL,Bercario,267,953.0,3,3,0,0,2023,0.03636678039942394,2007743,174.13486111514337,0.2313131313131313,220.44141414141413,2024,PPML-FE + Caged x grupo
2024,GARDENIA AZUL,Maternal I,253,461.0,3,0,3,0,2023,0.03636678039942394,2007743,113.96768681662309,0.3172905525846702,146.27094474153296,2024,PPML-FE + Caged x grupo
2024,GARDENIA AZUL,Maternal II,167,561.0,3,0,0,3,2023,0.03636678039942394,2007743,89.12658421665506,0.17148014440433212,96.20036101083032,2024,PPML-FE + Caged x grupo
2024,GAVEA,Bercario,213,332.0,3,3,0,0,2023,0.03636678039942394,2007743,62.22894544056051,0.3106508875739645,103.1360946745562,2024,PPML-FE + Caged x grupo
2024,GAVEA,Maternal I,148,171.0,3,0,3,0,2023,0.03636678039942394,2007743,43.36491035322812,0.3129251700680272,53.51020408163266,2024,PPML-FE + Caged x grupo
2024,GAVEA,Maternal II,80,147.0,3,0,0,3,2023,0.03636678039942394,2007743,23.95649457148584,0.1925133689839572,28.29946524064171,2024,PPML-FE + Caged x grupo
2024,GERICINO,Bercario,0,19.0,3,3,0,0,2023,0.03636678039942394,2007743,1.8094982359720941,0.0,0.0,2024,PPML-FE + Caged x grupo
2024,GERICINO,Maternal I,0,12.0,3,0,3,0,2023,0.03636678039942394,2007743,1.5462289279349748,0.0,0.0,2024,PPML-FE + Caged x grupo
2024,GERICINO,Maternal II,0,1.0,3,0,0,3,2023,0.03636678039942394,2007743,0.08280491984208559,0.0,0.0,2024,PPML-FE + Caged x grupo
2024,GLORIA,Bercario,44,101.0,3,3,0,0,2023,0.03636678039942394,2007743,13.816900183412486,0.25663716814159293,25.920353982300885,2024,PPML-FE + Caged x grupo
2024,GLORIA,Maternal I,23,69.0,3,0,3,0,2023,0.03636678039942394,2007743,12.771041673267028,0.358974358974359,24.76923076923077,2024,PPML-FE + Caged x grupo
2024,GLORIA,Maternal II,18,78.0,3,0,0,3,2023,0.03636678039942394,2007743,9.277595362053615,0.09219858156028368,7.191489361702128,2024,PPML-FE + Caged x grupo
2024,GRAJAU,Bercario,86,456.0,3,3,0,0,2023,0.03636678039942394,2007743,42.199670894101,0.17849462365591398,81.39354838709677,2024,PPML-FE + Caged x grupo
2024,GRAJAU,Maternal I,39,231.0,3,0,3,0,2023,0.03636678039942394,2007743,28.923056514401686,0.1111111111111111,25.666666666666664,2024,PPML-FE + Caged x grupo
2024,GRAJAU,Maternal II,27,252.0,3,0,0,3,2023,0.03636678039942394,2007743,20.276656318842804,0.054313099041533544,13.686900958466452,2024,PPML-FE + Caged x grupo
2024,GRUMARI,Bercario,0,6.0,3,3,0,0,2023,0.03636678039942394,2007743,0.5780052978013042,0.0,0.0,2024,PPML-FE + Caged x grupo
2024,GRUMARI,Maternal I,0,5.0,3,0,3,0,2023,0.03636678039942394,2007743,0.6516862500911934,0.0,0.0,2024,PPML-FE + Caged x grupo
2024,GRUMARI,Maternal II,2,5.0,3,0,0,3,2023,0.03636678039942394,2007743,0.4187956393214754,0.0,0.0,2024,PPML-FE + Caged x grupo
2024,GUADALUPE,Bercario,179,881.0,3,3,0,0,2023,0.03636678039942394,2007743,98.57593359312744,0.10081466395112017,88.81771894093687,2024,PPML-FE + Caged x grupo
2024,GUADALUPE,Maternal I,190,501.0,3,0,3,0,2023,0.03636678039942394,2007743,75.84390774304202,0.24329501915708812,121.89080459770115,2024,PPML-FE + Caged x grupo
2024,GUADALUPE,Maternal II,112,522.0,3,0,0,3,2023,0.03636678039942394,2007743,50.78285012385318,0.19031719532554256,99.34557595993321,2024,PPML-FE + Caged x grupo
2024,GUARATIBA,Bercario,1051,3626.0,3,3,0,0,2023,0.03636678039942394,2007743,612.0749024372356,0.14026536691037098,508.6022204170052,2024,PPML-FE + Caged x grupo
2024,GUARATIBA,Maternal I,948,1906.0,3,0,3,0,2023,0.03636678039942394,2007743,435.29898400044954,0.23319544984488108,444.47052740434333,2024,PPML-FE + Caged x grupo
2024,GUARATIBA,Maternal II,696,1934.0,3,0,0,3,2023,0.03636678039942394,2007743,283.84733430635356,0.20421393841166938,394.94975688816857,2024,PPML-FE + Caged x grupo
2024,HIGIENOPOLIS,Bercario,54,206.0,3,3,0,0,2023,0.03636678039942394,2007743,16.021353560578603,0.05092592592592592,10.49074074074074,2024,PPML-FE + Caged x grupo
2024,HIGIENOPOLIS,Maternal I,27,111.0,3,0,3,0,2023,0.03636678039942394,2007743,11.680002827996349,0.07627118644067797,8.466101694915254,2024,PPML-FE + Caged x grupo
2024,HIGIENOPOLIS,Maternal II,20,118.0,3,0,0,3,2023,0.03636678039942394,2007743,7.979314254190911,0.044444444444444446,5.2444444444444445,2024,PPML-FE + Caged x grupo
2024,HONORIO GURGEL,Bercario,108,417.0,3,3,0,0,2023,0.03636678039942394,2007743,53.879928982843786,0.17439293598233996,72.72185430463577,2024,PPML-FE + Caged x grupo
2024,HONORIO GURGEL,Maternal I,84,222.0,3,0,3,0,2023,0.03636678039942394,2007743,38.80895234519397,0.23137254901960785,51.36470588235294,2024,PPML-FE + Caged x grupo
2024,HONORIO GURGEL,Maternal II,61,255.0,3,0,0,3,2023,0.03636678039942394,2007743,28.647235486336612,0.16370106761565836,41.743772241992886,2024,PPML-FE + Caged x grupo
2024,HUMAITA,Bercario,9,147.0,3,3,0,0,2023,0.03636678039942394,2007743,7.893190327064974,0.025,3.6750000000000003,2024,PPML-FE + Caged x grupo
2024,HUMAITA,Maternal I,12,84.0,3,0,3,0,2023,0.03636678039942394,2007743,6.1024258527749815,0.020833333333333332,1.75,2024,PPML-FE + Caged x grupo
2024,HUMAITA,Maternal II,2,96.0,3,0,0,3,2023,0.03636678039942394,2007743,4.4818575741092275,0.023622047244094488,2.267716535433071,2024,PPML-FE + Caged x grupo
2024,ILHA GUARATIBA,Bercario,1,9.0,3,3,0,0,2023,0.03636678039942394,2007743,0.9277590482909722,0.15196469627011724,1.3676822664310553,2024,PPML-FE + Caged x grupo
2024,INHAUMA,Bercario,404,1101.0,3,3,0,0,2023,0.03636678039942394,2007743,147.71192017976105,0.2041127189642041,224.72810357958872,2024,PPML-FE + Caged x grupo
2024,INHAUMA,Maternal I,369,784.0,3,0,3,0,2023,0.03636678039942394,2007743,142.3089690486299,0.17882352941176471,140.19764705882355,2024,PPML-FE + Caged x grupo
2024,INHAUMA,Maternal II,200,850.0,3,0,0,3,2023,0.03636678039942394,2007743,99.15137209339105,0.12982005141388175,110.34704370179949,2024,PPML-FE + Caged x grupo
2024,INHOAIBA,Bercario,532,1572.0,3,3,0,0,2023,0.03636678039942394,2007743,314.66456797519453,0.196011396011396,308.1299145299145,2024,PPML-FE + Caged x grupo
2024,INHOAIBA,Maternal I,445,931.0,3,0,3,0,2023,0.03636678039942394,2007743,252.1349018759557,0.3076086956521739,286.3836956521739,2024,PPML-FE + Caged x grupo
2024,INHOAIBA,Maternal II,214,920.0,3,0,0,3,2023,0.03636678039942394,2007743,160.11599062242308,0.18622174381054898,171.32400430570507,2024,PPML-FE + Caged x grupo
2024,IPANEMA,Bercario,8,500.0,3,3,0,0,2023,0.03636678039942394,2007743,15.2042811841266,0.0148975791433892,7.4487895716946,2024,PPML-FE + Caged x grupo
2024,IPANEMA,Maternal I,19,291.0,3,0,3,0,2023,0.03636678039942394,2007743,11.972279918350138,0.0,0.0,2024,PPML-FE + Caged x grupo
2024,IPANEMA,Maternal II,5,254.0,3,0,0,3,2023,0.03636678039942394,2007743,6.715543753749373,0.01818181818181818,4.618181818181818,2024,PPML-FE + Caged x grupo
2024,IRAJA,Bercario,304,1615.0,3,3,0,0,2023,0.03636678039942394,2007743,177.32645900635885,0.10441527446300716,168.63066825775655,2024,PPML-FE + Caged x grupo
2024,IRAJA,Maternal I,261,847.0,3,0,3,0,2023,0.03636678039942394,2007743,125.8265851862173,0.12632821723730814,107.0,2024,PPML-FE + Caged x grupo
2024,IRAJA,Maternal II,155,847.0,3,0,0,3,2023,0.03636678039942394,2007743,80.86042198884208,0.09859154929577464,83.50704225352112,2024,PPML-FE + Caged x grupo
2024,ITANHANGA,Bercario,291,1540.0,3,3,0,0,2023,0.03636678039942394,2007743,256.19616688636114,0.1341874578556979,206.64868509777477,2024,PPML-FE + Caged x grupo
2024,ITANHANGA,Maternal I,374,762.0,3,0,3,0,2023,0.03636678039942394,2007743,171.51213896294524,0.382228490832158,291.2581100141044,2024,PPML-FE + Caged x grupo
2024,ITANHANGA,Maternal II,291,709.0,3,0,0,3,2023,0.03636678039942394,2007743,102.55331893959251,0.39711664482306686,281.5557011795544,2024,PPML-FE + Caged x grupo
2024,JABOUR,Bercario,0,2.0,3,3,0,0,2023,0.03636678039942394,2007743,0.20589539811154228,0.0,0.0,2024,PPML-FE + Caged x grupo
2024,JACARE,Bercario,258,451.0,3,3,0,0,2023,0.03636678039942394,2007743,101.06550688640397,0.3195364238410596,144.11092715231788,2024,PPML-FE + Caged x grupo
2024,JACARE,Maternal I,148,316.0,3,0,3,0,2023,0.03636678039942394,2007743,95.80793599366639,0.25301204819277107,79.95180722891565,2024,PPML-FE + Caged x grupo
2024,JACARE,Maternal II,101,332.0,3,0,0,3,2023,0.03636678039942394,2007743,64.68686119029769,0.2891566265060241,96.0,2024,PPML-FE + Caged x grupo
2024,JACAREPAGUA,Bercario,624,4446.0,3,3,0,0,2023,0.03636678039942394,2007743,484.0052258526708,0.11503442149677992,511.44303797468353,2024,PPML-FE + Caged x grupo
2024,JACAREPAGUA,Maternal I,646,2546.0,3,0,3,0,2023,0.03636678039942394,2007743,374.9962948328458,0.20389556568586822,519.1181102362204,2024,PPML-FE + Caged x grupo
2024,JACAREPAGUA,Maternal II,523,2413.0,3,0,0,3,2023,0.03636678039942394,2007743,228.39652520268908,0.17670682730923695,426.39357429718876,2024,PPML-FE + Caged x grupo
2024,JACAREZINHO,Bercario,40,436.0,3,3,0,0,2023,0.03636678039942394,2007743,21.046052217227892,0.0684931506849315,29.863013698630134,2024,PPML-FE + Caged x grupo
2024,JACAREZINHO,Maternal I,20,208.0,3,0,3,0,2023,0.03636678039942394,2007743,13.584244014392088,0.04390243902439024,9.13170731707317,2024,PPML-FE + Caged x grupo
2024,JACAREZINHO,Maternal II,13,205.0,3,0,0,3,2023,0.03636678039942394,2007743,8.603785873552479,0.01444043321299639,2.9602888086642603,2024,PPML-FE + Caged x grupo
2024,JARDIM AMERICA,Bercario,141,570.0,3,3,0,0,2023,0.03636678039942394,2007743,79.4648226117315,0.16134453781512606,91.96638655462185,2024,PPML-FE + Caged x grupo
2024,JARDIM AMERICA,Maternal I,158,306.0,3,0,3,0,2023,0.03636678039942394,2007743,57.71776080127061,0.24645892351274787,75.41643059490085,2024,PPML-FE + Caged x grupo
2024,JARDIM AMERICA,Maternal II,54,353.0,3,0,0,3,2023,0.03636678039942394,2007743,42.78842944680649,0.09895833333333333,34.932291666666664,2024,PPML-FE + Caged x grupo
2024,JARDIM BOTANICO,Bercario,12,228.0,3,3,0,0,2023,0.03636678039942394,2007743,9.49106339474317,0.008695652173913044,1.982608695652174,2024,PPML-FE + Caged x grupo
2024,JARDIM BOTANICO,Maternal I,15,112.0,3,0,3,0,2023,0.03636678039942394,2007743,6.3079179387065665,0.0,0.0,2024,PPML-FE + Caged x grupo
2024,JARDIM BOTANICO,Maternal II,5,122.0,3,0,0,3,2023,0.03636678039942394,2007743,4.415617398574506,0.0,0.0,2024,PPML-FE + Caged x grupo
2024,JARDIM CARIOCA,Bercario,85,402.0,3,3,0,0,2023,0.03636678039942394,2007743,31.42894542545011,0.09813084112149532,39.44859813084112,2024,PPML-FE + Caged x grupo
2024,JARDIM CARIOCA,Maternal I,54,215.0,3,0,3,0,2023,0.03636678039942394,2007743,22.742080926211063,0.1308016877637131,28.122362869198316,2024,PPML-FE + Caged x grupo
2024,JARDIM CARIOCA,Maternal II,33,237.0,3,0,0,3,2023,0.03636678039942394,2007743,16.110301928334973,0.0752212389380531,17.827433628318584,2024,PPML-FE + Caged x grupo
2024,JARDIM GUANABARA,Bercario,14,370.0,3,3,0,0,2023,0.03636678039942394,2007743,14.257785973463578,0.02030456852791878,7.512690355329949,2024,PPML-FE + Caged x grupo
2024,JARDIM GUANABARA,Maternal I,7,200.0,3,0,3,0,2023,0.03636678039942394,2007743,10.427215462774859,0.011428571428571429,2.2857142857142856,2024,PPML-FE + Caged x grupo
2024,JARDIM GUANABARA,Maternal II,13,175.0,3,0,0,3,2023,0.03636678039942394,2007743,5.863271351484603,0.014354066985645933,2.511961722488038,2024,PPML-FE + Caged x grupo
2024,JARDIM SULACAP,Bercario,39,376.0,3,3,0,0,2023,0.03636678039942394,2007743,28.389878965003994,0.0481283422459893,18.096256684491976,2024,PPML-FE + Caged x grupo
2024,JARDIM SULACAP,Maternal I,48,174.0,3,0,3,0,2023,0.03636678039942394,2007743,17.775135878349435,0.08080808080808081,14.060606060606062,2024,PPML-FE + Caged x grupo
2024,JARDIM SULACAP,Maternal II,39,198.0,3,0,0,3,2023,0.03636678039942394,2007743,12.998476828075171,0.09137055837563451,18.091370558375633,2024,PPML-FE + Caged x grupo
2024,JOA,Bercario,0,12.0,3,3,0,0,2023,0.03636678039942394,2007743,1.1654584042979172,0.05263157894736842,0.631578947368421,2024,PPML-FE + Caged x grupo
2024,JOA,Maternal I,0,11.0,3,0,3,0,2023,0.03636678039942394,2007743,1.4454271302108272,0.0,0.0,2024,PPML-FE + Caged x grupo
2024,JOA,Maternal II,0,4.0,3,0,0,3,2023,0.03636678039942394,2007743,0.33777468780109293,0.2,0.8,2024,PPML-FE + Caged x grupo
2024,LAGOA,Bercario,5,254.0,3,3,0,0,2023,0.03636678039942394,2007743,9.78544613135245,0.0,0.0,2024,PPML-FE + Caged x grupo
2024,LAGOA,Maternal I,3,128.0,3,0,3,0,2023,0.03636678039942394,2007743,6.671828412074526,0.006756756756756757,0.8648648648648649,2024,PPML-FE + Caged x grupo
2024,LAGOA,Maternal II,1,148.0,3,0,0,3,2023,0.03636678039942394,2007743,4.957471284150194,0.0136986301369863,2.0273972602739727,2024,PPML-FE + Caged x grupo
2024,LAPA,Bercario,0,48.0,3,3,0,0,2023,0.03636678039942394,2007743,3.1180182691269223,0.0,0.0,2024,PPML-FE + Caged x grupo
2024,LAPA,Maternal I,0,34.0,3,0,3,0,2023,0.03636678039942394,2007743,2.988163248788108,0.0,0.0,2024,PPML-FE + Caged x grupo
2024,LAPA,Maternal II,0,49.0,3,0,0,3,2023,0.03636678039942394,2007743,2.7674837285536826,0.0,0.0,2024,PPML-FE + Caged x grupo
2024,LARANJEIRAS,Bercario,53,542.0,3,3,0,0,2023,0.03636678039942394,2007743,28.13795329735957,0.06548672566371681,35.49380530973451,2024,PPML-FE + Caged x grupo
2024,LARANJEIRAS,Maternal I,38,280.0,3,0,3,0,2023,0.03636678039942394,2007743,19.667050557503224,0.07692307692307693,21.53846153846154,2024,PPML-FE + Caged x grupo
2024,LARANJEIRAS,Maternal II,17,273.0,3,0,0,3,2023,0.03636678039942394,2007743,12.322744473093698,0.047619047619047616,13.0,2024,PPML-FE + Caged x grupo
2024,LEBLON,Bercario,26,547.0,3,3,0,0,2023,0.03636678039942394,2007743,15.165731714759541,0.009009009009009009,4.927927927927928,2024,PPML-FE + Caged x grupo
2024,LEBLON,Maternal I,16,267.0,3,0,3,0,2023,0.03636678039942394,2007743,10.015561196998979,0.006968641114982578,1.8606271777003485,2024,PPML-FE + Caged x grupo
2024,LEBLON,Maternal II,5,287.0,3,0,0,3,2023,0.03636678039942394,2007743,6.918461321960321,0.0031746031746031746,0.9111111111111111,2024,PPML-FE + Caged x grupo
2024,LEME,Bercario,48,193.0,3,3,0,0,2023,0.03636678039942394,2007743,16.907026776295698,0.15151515151515152,29.242424242424242,2024,PPML-FE + Caged x grupo
2024,LEME,Maternal I,31,95.0,3,0,3,0,2023,0.03636678039942394,2007743,11.25956264854147,0.05084745762711865,4.830508474576272,2024,PPML-FE + Caged x grupo
2024,LEME,Maternal II,9,118.0,3,0,0,3,2023,0.03636678039942394,2007743,8.987595471569987,0.11666666666666667,13.766666666666667,2024,PPML-FE + Caged x grupo
2024,LINS VASCONCELOS,Bercario,222,677.0,3,3,0,0,2023,0.03636678039942394,2007743,76.03323482171355,0.21666666666666667,146.68333333333334,2024,PPML-FE + Caged x grupo
2024,LINS VASCONCELOS,Maternal I,85,375.0,3,0,3,0,2023,0.03636678039942394,2007743,56.98152286672148,0.11055276381909548,41.45728643216081,2024,PPML-FE + Caged x grupo
2024,LINS VASCONCELOS,Maternal II,33,398.0,3,0,0,3,2023,0.03636678039942394,2007743,38.864174660596525,0.06698564593301436,26.660287081339714,2024,PPML-FE + Caged x grupo
2024,MADUREIRA,Bercario,214,845.0,3,3,0,0,2023,0.03636678039942394,2007743,101.89818293773025,0.18796992481203006,158.8345864661654,2024,PPML-FE + Caged x grupo
2024,MADUREIRA,Maternal I,131,469.0,3,0,3,0,2023,0.03636678039942394,2007743,76.51922422708036,0.17495395948434622,82.05340699815838,2024,PPML-FE + Caged x grupo
2024,MADUREIRA,Maternal II,75,543.0,3,0,0,3,2023,0.03636678039942394,2007743,56.93261581753615,0.13738019169329074,74.59744408945687,2024,PPML-FE + Caged x grupo
2024,MAGALHAES BASTOS,Bercario,100,442.0,3,3,0,0,2023,0.03636678039942394,2007743,52.26039226265476,0.12009237875288684,53.08083140877598,2024,PPML-FE + Caged x grupo
2024,MAGALHAES BASTOS,Maternal I,58,205.0,3,0,3,0,2023,0.03636678039942394,2007743,32.79383761396033,0.13636363636363635,27.954545454545453,2024,PPML-FE + Caged x grupo
2024,MAGALHAES BASTOS,Maternal II,45,242.0,3,0,0,3,2023,0.03636678039942394,2007743,24.878107482654567,0.11481481481481481,27.785185185185185,2024,PPML-FE + Caged x grupo
2024,MANGUEIRA,Bercario,182,460.0,3,3,0,0,2023,0.03636678039942394,2007743,85.53876060233507,0.35802469135802467,164.69135802469134,2024,PPML-FE + Caged x grupo
2024,MANGUEIRA,Maternal I,62,254.0,3,0,3,0,2023,0.03636678039942394,2007743,63.903820487732204,0.25523012552301255,64.82845188284519,2024,PPML-FE + Caged x grupo
2024,MANGUEIRA,Maternal II,34,239.0,3,0,0,3,2023,0.03636678039942394,2007743,38.641555513079865,0.12406015037593984,29.65037593984962,2024,PPML-FE + Caged x grupo
2024,MANGUINHOS,Bercario,162,739.0,3,3,0,0,2023,0.03636678039942394,2007743,68.96164724572867,0.09149484536082474,67.61469072164948,2024,PPML-FE + Caged x grupo
2024,MANGUINHOS,Maternal I,118,385.0,3,0,3,0,2023,0.03636678039942394,2007743,48.608464547827516,0.17233560090702948,66.34920634920636,2024,PPML-FE + Caged x grupo
2024,MANGUINHOS,Maternal II,89,441.0,3,0,0,3,2023,0.03636678039942394,2007743,35.78107264696568,0.13043478260869565,57.52173913043478,2024,PPML-FE + Caged x grupo
2024,MARACANA,Bercario,17,303.0,3,3,0,0,2023,0.03636678039942394,2007743,17.699726182854583,0.08598726114649681,26.054140127388532,2024,PPML-FE + Caged x grupo
2024,MARACANA,Maternal I,9,154.0,3,0,3,0,2023,0.03636678039942394,2007743,12.17117831357359,0.057803468208092484,8.901734104046243,2024,PPML-FE + Caged x grupo
2024,MARACANA,Maternal II,9,173.0,3,0,0,3,2023,0.03636678039942394,2007743,8.78661505946746,0.047872340425531915,8.28191489361702,2024,PPML-FE + Caged x grupo
2024,MARECHAL HERMES,Bercario,133,780.0,3,3,0,0,2023,0.03636678039942394,2007743,97.81301393934508,0.07445442875481387,58.07445442875482,2024,PPML-FE + Caged x grupo
2024,MARECHAL HERMES,Maternal I,171,418.0,3,0,3,0,2023,0.03636678039942394,2007743,70.9196045296076,0.20316027088036118,84.92099322799098,2024,PPML-FE + Caged x grupo
2024,MARECHAL HERMES,Maternal II,97,443.0,3,0,0,3,2023,0.03636678039942394,2007743,48.301135729784576,0.22760290556900725,100.82808716707021,2024,PPML-FE + Caged x grupo
2024,MARIA GRACA,Bercario,18,103.0,3,3,0,0,2023,0.03636678039942394,2007743,7.648663650325604,0.07627118644067797,7.855932203389831,2024,PPML-FE + Caged x grupo
2024,MARIA GRACA,Maternal I,15,63.0,3,0,3,0,2023,0.03636678039942394,2007743,6.329608852020255,0.02,1.26,2024,PPML-FE + Caged x grupo
2024,MARIA GRACA,Maternal II,5,50.0,3,0,0,3,2023,0.03636678039942394,2007743,3.2282705247723227,0.01818181818181818,0.9090909090909091,2024,PPML-FE + Caged x grupo
2024,MEIER,Bercario,72,499.0,3,3,0,0,2023,0.03636678039942394,2007743,27.138821126575824,0.05588822355289421,27.88822355289421,2024,PPML-FE + Caged x grupo
2024,MEIER,Maternal I,90,259.0,3,0,3,0,2023,0.03636678039942394,2007743,19.05803771090823,0.056910569105691054,14.739837398373982,2024,PPML-FE + Caged x grupo
2024,MEIER,Maternal II,37,246.0,3,0,0,3,2023,0.03636678039942394,2007743,11.632608662000044,0.033707865168539325,8.292134831460674,2024,PPML-FE + Caged x grupo
2024,MONERO,Bercario,2,46.0,3,3,0,0,2023,0.03636678039942394,2007743,3.9932246420761217,0.05555555555555555,2.5555555555555554,2024,PPML-FE + Caged x grupo
2024,MONERO,Maternal I,5,30.0,3,0,3,0,2023,0.03636678039942394,2007743,3.52350709586752,0.10714285714285714,3.214285714285714,2024,PPML-FE + Caged x grupo
2024,MONERO,Maternal II,2,28.0,3,0,0,3,2023,0.03636678039942394,2007743,2.1133699121067773,0.10344827586206896,2.896551724137931,2024,PPML-FE + Caged x grupo
2024,OLARIA,Bercario,236,895.0,3,3,0,0,2023,0.03636678039942394,2007743,92.2810666104806,0.10248447204968944,91.72360248447205,2024,PPML-FE + Caged x grupo
2024,OLARIA,Maternal I,170,474.0,3,0,3,0,2023,0.03636678039942394,2007743,66.1235096851271,0.11594202898550725,54.95652173913044,2024,PPML-FE + Caged x grupo
2024,OLARIA,Maternal II,73,483.0,3,0,0,3,2023,0.03636678039942394,2007743,43.30003815011341,0.07471264367816093,36.08620689655173,2024,PPML-FE + Caged x grupo
2024,OSWALDO CRUZ,Bercario,79,499.0,3,3,0,0,2023,0.03636678039942394,2007743,54.52356482762978,0.05471698113207547,27.30377358490566,2024,PPML-FE + Caged x grupo
2024,OSWALDO CRUZ,Maternal I,95,286.0,3,0,3,0,2023,0.03636678039942394,2007743,42.28026642621528,0.15298507462686567,43.75373134328358,2024,PPML-FE + Caged x grupo
2024,OSWALDO CRUZ,Maternal II,77,268.0,3,0,0,3,2023,0.03636678039942394,2007743,25.460684146113433,0.22875816993464052,61.307189542483655,2024,PPML-FE + Caged x grupo
2024,PACIENCIA,Bercario,734,2461.0,3,3,0,0,2023,0.03636678039942394,2007743,428.78848971338243,0.18564449455092072,456.8711010898159,2024,PPML-FE + Caged x grupo
2024,PACIENCIA,Maternal I,760,1410.0,3,0,3,0,2023,0.03636678039942394,2007743,332.3828464038151,0.3201113430758525,451.356993736952,2024,PPML-FE + Caged x grupo
2024,PACIENCIA,Maternal II,342,1437.0,3,0,0,3,2023,0.03636678039942394,2007743,217.69068761727704,0.16233766233766234,233.27922077922076,2024,PPML-FE + Caged x grupo
2024,PADRE MIGUEL,Bercario,192,1057.0,3,3,0,0,2023,0.03636678039942394,2007743,113.1095450420275,0.09605026929982047,101.52513464991023,2024,PPML-FE + Caged x grupo
2024,PADRE MIGUEL,Maternal I,187,604.0,3,0,3,0,2023,0.03636678039942394,2007743,87.44786116373129,0.25826771653543307,155.99370078740156,2024,PPML-FE + Caged x grupo
2024,PADRE MIGUEL,Maternal II,146,635.0,3,0,0,3,2023,0.03636678039942394,2007743,59.081235888267024,0.13618677042801555,86.47859922178988,2024,PPML-FE + Caged x grupo
2024,PAQUETA,Bercario,23,58.0,3,3,0,0,2023,0.03636678039942394,2007743,7.985488902868177,0.3466666666666667,20.10666666666667,2024,PPML-FE + Caged x grupo
2024,PAQUETA,Maternal I,13,42.0,3,0,3,0,2023,0.03636678039942394,2007743,7.823674837135073,0.25806451612903225,10.838709677419354,2024,PPML-FE + Caged x grupo
2024,PAQUETA,Maternal II,6,31.0,3,0,0,3,2023,0.03636678039942394,2007743,3.710964405577786,0.28,8.680000000000001,2024,PPML-FE + Caged x grupo
2024,PARADA LUCAS,Bercario,138,553.0,3,3,0,0,2023,0.03636678039942394,2007743,43.299401444794505,0.030405405405405407,16.81418918918919,2024,PPML-FE + Caged x grupo
2024,PARADA LUCAS,Maternal I,83,312.0,3,0,3,0,2023,0.03636678039942394,2007743,33.05212149684006,0.10714285714285714,33.42857142857142,2024,PPML-FE + Caged x grupo
2024,PARADA LUCAS,Maternal II,39,280.0,3,0,0,3,2023,0.03636678039942394,2007743,19.061908076408418,0.06289308176100629,17.61006289308176,2024,PPML-FE + Caged x grupo
2024,PARQUE ANCHIETA,Bercario,64,310.0,3,3,0,0,2023,0.03636678039942394,2007743,34.841397898582876,0.04451038575667656,13.798219584569734,2024,PPML-FE + Caged x grupo
2024,PARQUE ANCHIETA,Maternal I,67,198.0,3,0,3,0,2023,0.03636678039942394,2007743,30.108356709989845,0.2403846153846154,47.59615384615385,2024,PPML-FE + Caged x grupo
2024,PARQUE ANCHIETA,Maternal II,44,208.0,3,0,0,3,2023,0.03636678039942394,2007743,20.325853472605058,0.17159763313609466,35.69230769230769,2024,PPML-FE + Caged x grupo
2024,PARQUE COLUMBIA,Bercario,23,134.0,3,3,0,0,2023,0.03636678039942394,2007743,18.33300223799597,0.3026315789473684,40.55263157894737,2024,PPML-FE + Caged x grupo
2024,PARQUE COLUMBIA,Maternal I,17,56.0,3,0,3,0,2023,0.03636678039942394,2007743,10.365847254802107,0.5121951219512195,28.682926829268293,2024,PPML-FE + Caged x grupo
2024,PARQUE COLUMBIA,Maternal II,4,41.0,3,0,0,3,2023,0.03636678039942394,2007743,4.877128831183864,0.12280701754385964,5.035087719298246,2024,PPML-FE + Caged x grupo
2024,PAVUNA,Bercario,475,1796.0,3,3,0,0,2023,0.03636678039942394,2007743,286.6179683033905,0.24755887421022402,444.6157380815623,2024,PPML-FE + Caged x grupo
2024,PAVUNA,Maternal I,380,925.0,3,0,3,0,2023,0.03636678039942394,2007743,199.72241026806287,0.3119918699186992,288.5924796747968,2024,PPML-FE + Caged x grupo
2024,PAVUNA,Maternal II,197,984.0,3,0,0,3,2023,0.03636678039942394,2007743,136.53492536390647,0.16747337850919652,164.79380445304938,2024,PPML-FE + Caged x grupo
2024,PECHINCHA,Bercario,78,829.0,3,3,0,0,2023,0.03636678039942394,2007743,43.843540640076576,0.035175879396984924,29.160804020100503,2024,PPML-FE + Caged x grupo
2024,PECHINCHA,Maternal I,70,363.0,3,0,3,0,2023,0.03636678039942394,2007743,25.97441040812518,0.05868544600938967,21.302816901408452,2024,PPML-FE + Caged x grupo
2024,PECHINCHA,Maternal II,58,426.0,3,0,0,3,2023,0.03636678039942394,2007743,19.58899996335026,0.05200945626477541,22.156028368794324,2024,PPML-FE + Caged x grupo
2024,PEDRA GUARATIBA,Bercario,107,678.0,3,3,0,0,2023,0.03636678039942394,2007743,48.8331181934574,0.04697986577181208,31.85234899328859,2024,PPML-FE + Caged x grupo
2024,PEDRA GUARATIBA,Maternal I,136,436.0,3,0,3,0,2023,0.03636678039942394,2007743,42.48731014838794,0.09740259740259741,42.46753246753247,2024,PPML-FE + Caged x grupo
2024,PEDRA GUARATIBA,Maternal II,45,462.0,3,0,0,3,2023,0.03636678039942394,2007743,28.931990665990003,0.05765765765765766,26.63783783783784,2024,PPML-FE + Caged x grupo
2024,PENHA,Bercario,350,1366.0,3,3,0,0,2023,0.03636678039942394,2007743,128.58577810431171,0.12666200139958012,173.02029391182643,2024,PPML-FE + Caged x grupo
2024,PENHA,Maternal I,273,714.0,3,0,3,0,2023,0.03636678039942394,2007743,90.9344479495889,0.115995115995116,82.82051282051282,2024,PPML-FE + Caged x grupo
2024,PENHA,Maternal II,139,819.0,3,0,0,3,2023,0.03636678039942394,2007743,67.03131165010551,0.06673960612691467,54.65973741794311,2024,PPML-FE + Caged x grupo
2024,PENHA CIRCULAR,Bercario,248,759.0,3,3,0,0,2023,0.03636678039942394,2007743,76.59537550155211,0.17092866756393002,129.7348586810229,2024,PPML-FE + Caged x grupo
2024,PENHA CIRCULAR,Maternal I,140,383.0,3,0,3,0,2023,0.03636678039942394,2007743,52.293478628195885,0.11483253588516747,43.98086124401914,2024,PPML-FE + Caged x grupo
2024,PENHA CIRCULAR,Maternal II,69,418.0,3,0,0,3,2023,0.03636678039942394,2007743,36.67656323271696,0.12566844919786097,52.529411764705884,2024,PPML-FE + Caged x grupo
2024,PIEDADE,Bercario,153,722.0,3,3,0,0,2023,0.03636678039942394,2007743,73.66789586734821,0.08671328671328671,62.606993006993,2024,PPML-FE + Caged x grupo
2024,PIEDADE,Maternal I,170,368.0,3,0,3,0,2023,0.03636678039942394,2007743,50.80153928324637,0.16152019002375298,59.4394299287411,2024,PPML-FE + Caged x grupo
2024,PIEDADE,Maternal II,90,421.0,3,0,0,3,2023,0.03636678039942394,2007743,37.348635664730736,0.13729977116704806,57.80320366132723,2024,PPML-FE + Caged x grupo
2024,PILARES,Bercario,138,459.0,3,3,0,0,2023,0.03636678039942394,2007743,53.237850862742455,0.1826086956521739,83.81739130434782,2024,PPML-FE + Caged x grupo
2024,PILARES,Maternal I,115,231.0,3,0,3,0,2023,0.03636678039942394,2007743,36.2499819444225,0.15079365079365079,34.83333333333333,2024,PPML-FE + Caged x grupo
2024,PILARES,Maternal II,67,252.0,3,0,0,3,2023,0.03636678039942394,2007743,25.413234769475995,0.05993690851735016,15.10410094637224,2024,PPML-FE + Caged x grupo
2024,PITANGUEIRAS,Bercario,18,186.0,3,3,0,0,2023,0.03636678039942394,2007743,11.714345312891153,0.01675977653631285,3.11731843575419,2024,PPML-FE + Caged x grupo
2024,PITANGUEIRAS,Maternal I,14,90.0,3,0,3,0,2023,0.03636678039942394,2007743,7.668944098747707,0.0375,3.375,2024,PPML-FE + Caged x grupo
2024,PITANGUEIRAS,Maternal II,15,80.0,3,0,0,3,2023,0.03636678039942394,2007743,4.380731571442576,0.041237113402061855,3.2989690721649483,2024,PPML-FE + Caged x grupo
2024,PORTUGUESA,Bercario,72,306.0,3,3,0,0,2023,0.03636678039942394,2007743,35.97190951237114,0.14331210191082802,43.853503184713375,2024,PPML-FE + Caged x grupo
2024,PORTUGUESA,Maternal I,36,160.0,3,0,3,0,2023,0.03636678039942394,2007743,25.447787723594118,0.2585034013605442,41.36054421768708,2024,PPML-FE + Caged x grupo
2024,PORTUGUESA,Maternal II,16,147.0,3,0,0,3,2023,0.03636678039942394,2007743,15.024878838807428,0.14204545454545456,20.88068181818182,2024,PPML-FE + Caged x grupo
2024,PRACA BANDEIRA,Bercario,13,122.0,3,3,0,0,2023,0.03636678039942394,2007743,10.366774007087967,0.07692307692307693,9.384615384615385,2024,PPML-FE + Caged x grupo
2024,PRACA BANDEIRA,Maternal I,21,70.0,3,0,3,0,2023,0.03636678039942394,2007743,8.047663808354743,0.1891891891891892,13.243243243243244,2024,PPML-FE + Caged x grupo
2024,PRACA BANDEIRA,Maternal II,12,74.0,3,0,0,3,2023,0.03636678039942394,2007743,5.467226898576081,0.08247422680412371,6.103092783505154,2024,PPML-FE + Caged x grupo
2024,PRACA SECA,Bercario,289,1175.0,3,3,0,0,2023,0.03636678039942394,2007743,138.78961518871577,0.09135004042037187,107.33629749393695,2024,PPML-FE + Caged x grupo
2024,PRACA SECA,Maternal I,236,669.0,3,0,3,0,2023,0.03636678039942394,2007743,106.91366261557567,0.19578313253012047,130.9789156626506,2024,PPML-FE + Caged x grupo
2024,PRACA SECA,Maternal II,156,664.0,3,0,0,3,2023,0.03636678039942394,2007743,68.19283759197891,0.12342215988779803,81.9523141654979,2024,PPML-FE + Caged x grupo
2024,PRAIA BANDEIRA,Bercario,3,56.0,3,3,0,0,2023,0.03636678039942394,2007743,4.735641434657045,0.017857142857142856,1.0,2024,PPML-FE + Caged x grupo
2024,PRAIA BANDEIRA,Maternal I,5,40.0,3,0,3,0,2023,0.03636678039942394,2007743,4.576555790950595,0.0,0.0,2024,PPML-FE + Caged x grupo
2024,PRAIA BANDEIRA,Maternal II,1,33.0,3,0,0,3,2023,0.03636678039942394,2007743,2.426365949376735,0.13793103448275862,4.551724137931035,2024,PPML-FE + Caged x grupo
2024,QUINTINO BOCAIUVA,Bercario,68,462.0,3,3,0,0,2023,0.03636678039942394,2007743,39.110699701378394,0.07531380753138076,34.79497907949791,2024,PPML-FE + Caged x grupo
2024,QUINTINO BOCAIUVA,Maternal I,119,235.0,3,0,3,0,2023,0.03636678039942394,2007743,26.91593416225508,0.0962962962962963,22.62962962962963,2024,PPML-FE + Caged x grupo
2024,QUINTINO BOCAIUVA,Maternal II,89,270.0,3,0,0,3,2023,0.03636678039942394,2007743,19.87325257989039,0.19413919413919414,52.417582417582416,2024,PPML-FE + Caged x grupo
2024,RAMOS,Bercario,490,1368.0,3,3,0,0,2023,0.03636678039942394,2007743,170.9649594275191,0.08383233532934131,114.68263473053892,2024,PPML-FE + Caged x grupo
2024,RAMOS,Maternal I,427,642.0,3,0,3,0,2023,0.03636678039942394,2007743,108.55354813058646,0.1066350710900474,68.45971563981043,2024,PPML-FE + Caged x grupo
2024,RAMOS,Maternal II,222,844.0,3,0,0,3,2023,0.03636678039942394,2007743,91.70964973824277,0.16598079561042525,140.0877914951989,2024,PPML-FE + Caged x grupo
2024,REALENGO,Bercario,832,3310.0,3,3,0,0,2023,0.03636678039942394,2007743,414.95442802429653,0.12924025791982058,427.7852537146061,2024,PPML-FE + Caged x grupo
2024,REALENGO,Maternal I,663,1877.0,3,0,3,0,2023,0.03636678039942394,2007743,318.36452376762594,0.19705434230573896,369.871000507872,2024,PPML-FE + Caged x grupo
2024,REALENGO,Maternal II,450,1969.0,3,0,0,3,2023,0.03636678039942394,2007743,214.6197594159373,0.10338069573738363,203.55658990690839,2024,PPML-FE + Caged x grupo
2024,RECREIO BANDEIRANTES,Bercario,232,2582.0,3,3,0,0,2023,0.03636678039942394,2007743,183.09476019435584,0.06632085957762134,171.24045942941828,2024,PPML-FE + Caged x grupo
2024,RECREIO BANDEIRANTES,Maternal I,276,1375.0,3,0,3,0,2023,0.03636678039942394,2007743,131.91991445542757,0.14590747330960854,200.62277580071174,2024,PPML-FE + Caged x grupo
2024,RECREIO BANDEIRANTES,Maternal II,181,1405.0,3,0,0,3,2023,0.03636678039942394,2007743,86.62586417396031,0.10569663692518874,148.5037748798902,2024,PPML-FE + Caged x grupo
2024,RIACHUELO,Bercario,48,139.0,3,3,0,0,2023,0.03636678039942394,2007743,9.714627841345932,0.11428571428571428,15.885714285714284,2024,PPML-FE + Caged x grupo
2024,RIACHUELO,Maternal I,15,77.0,3,0,3,0,2023,0.03636678039942394,2007743,7.280984016629171,0.11702127659574468,9.01063829787234,2024,PPML-FE + Caged x grupo
2024,RIACHUELO,Maternal II,18,94.0,3,0,0,3,2023,0.03636678039942394,2007743,5.712034201312957,0.020202020202020204,1.8989898989898992,2024,PPML-FE + Caged x grupo
2024,RIBEIRA,Bercario,5,41.0,3,3,0,0,2023,0.03636678039942394,2007743,3.311066170144166,0.07142857142857142,2.9285714285714284,2024,PPML-FE + Caged x grupo
2024,RIBEIRA,Maternal I,4,21.0,3,0,3,0,2023,0.03636678039942394,2007743,2.2945170171814686,0.0967741935483871,2.032258064516129,2024,PPML-FE + Caged x grupo
2024,RIBEIRA,Maternal II,6,31.0,3,0,0,3,2023,0.03636678039942394,2007743,2.1766934735930246,0.0,0.0,2024,PPML-FE + Caged x grupo
2024,RICARDO ALBUQUERQUE,Bercario,148,555.0,3,3,0,0,2023,0.03636678039942394,2007743,88.62877906413819,0.1423785594639866,79.02010050251256,2024,PPML-FE + Caged x grupo
2024,RICARDO ALBUQUERQUE,Maternal I,122,311.0,3,0,3,0,2023,0.03636678039942394,2007743,67.19394776458896,0.3193548387096774,99.31935483870967,2024,PPML-FE + Caged x grupo
2024,RICARDO ALBUQUERQUE,Maternal II,100,310.0,3,0,0,3,2023,0.03636678039942394,2007743,43.04225888140352,0.22121212121212122,68.57575757575758,2024,PPML-FE + Caged x grupo
2024,RIO COMPRIDO,Bercario,251,741.0,3,3,0,0,2023,0.03636678039942394,2007743,107.77741640850071,0.2442455242966752,180.98593350383632,2024,PPML-FE + Caged x grupo
2024,RIO COMPRIDO,Maternal I,147,384.0,3,0,3,0,2023,0.03636678039942394,2007743,75.56640646834157,0.21394230769230768,82.15384615384615,2024,PPML-FE + Caged x grupo
2024,RIO COMPRIDO,Maternal II,73,416.0,3,0,0,3,2023,0.03636678039942394,2007743,52.60832437237401,0.12727272727272726,52.94545454545454,2024,PPML-FE + Caged x grupo
2024,ROCHA,Bercario,107,341.0,3,3,0,0,2023,0.03636678039942394,2007743,47.6936529335824,0.22514619883040934,76.77485380116958,2024,PPML-FE + Caged x grupo
2024,ROCHA,Maternal I,47,156.0,3,0,3,0,2023,0.03636678039942394,2007743,29.52016572850468,0.33544303797468356,52.32911392405063,2024,PPML-FE + Caged x grupo
2024,ROCHA,Maternal II,29,158.0,3,0,0,3,2023,0.03636678039942394,2007743,19.213871106190687,0.2978723404255319,47.06382978723404,2024,PPML-FE + Caged x grupo
2024,ROCHA MIRANDA,Bercario,189,718.0,3,3,0,0,2023,0.03636678039942394,2007743,84.24575081028854,0.11442786069651742,82.1592039800995,2024,PPML-FE + Caged x grupo
2024,ROCHA MIRANDA,Maternal I,132,444.0,3,0,3,0,2023,0.03636678039942394,2007743,70.4846448723383,0.15876777251184834,70.49289099526067,2024,PPML-FE + Caged x grupo
2024,ROCHA MIRANDA,Maternal II,76,422.0,3,0,0,3,2023,0.03636678039942394,2007743,43.05143081767333,0.14601769911504425,61.61946902654867,2024,PPML-FE + Caged x grupo
2024,ROCINHA,Bercario,283,1392.0,3,3,0,0,2023,0.03636678039942394,2007743,62.152776638854284,0.06487232574189096,90.30227743271222,2024,PPML-FE + Caged x grupo
2024,ROCINHA,Maternal I,231,714.0,3,0,3,0,2023,0.03636678039942394,2007743,43.13278461279767,0.05405405405405406,38.5945945945946,2024,PPML-FE + Caged x grupo
2024,ROCINHA,Maternal II,129,814.0,3,0,0,3,2023,0.03636678039942394,2007743,31.600742195570916,0.04772727272727273,38.85,2024,PPML-FE + Caged x grupo
2024,SAMPAIO,Bercario,114,245.0,3,3,0,0,2023,0.03636678039942394,2007743,32.73312753214139,0.285140562248996,69.85943775100401,2024,PPML-FE + Caged x grupo
2024,SAMPAIO,Maternal I,41,121.0,3,0,3,0,2023,0.03636678039942394,2007743,21.872316086488244,0.232,28.072000000000003,2024,PPML-FE + Caged x grupo
2024,SAMPAIO,Maternal II,26,125.0,3,0,0,3,2023,0.03636678039942394,2007743,14.52054808037875,0.1079136690647482,13.489208633093524,2024,PPML-FE + Caged x grupo
2024,SANTA CRUZ,Bercario,2078,6260.0,3,3,0,0,2023,0.03636678039942394,2007743,676.2792328834604,0.10363166691992098,648.7342349187054,2024,PPML-FE + Caged x grupo
2024,SANTA CRUZ,Maternal I,1592,3430.0,3,0,3,0,2023,0.03636678039942394,2007743,501.34169282672997,0.2122695852534562,728.0846774193548,2024,PPML-FE + Caged x grupo
2024,SANTA CRUZ,Maternal II,770,3472.0,3,0,0,3,2023,0.03636678039942394,2007743,326.1241893917331,0.0966015520470966,335.4005887075194,2024,PPML-FE + Caged x grupo
2024,SANTA TERESA,Bercario,192,665.0,3,3,0,0,2023,0.03636678039942394,2007743,100.84525695085199,0.23504867872044508,156.30737134909597,2024,PPML-FE + Caged x grupo
2024,SANTA TERESA,Maternal I,121,367.0,3,0,3,0,2023,0.03636678039942394,2007743,75.29876977106494,0.29381443298969073,107.8298969072165,2024,PPML-FE + Caged x grupo
2024,SANTA TERESA,Maternal II,61,388.0,3,0,0,3,2023,0.03636678039942394,2007743,51.15842142438081,0.16791979949874686,65.15288220551378,2024,PPML-FE + Caged x grupo
2024,SANTISSIMO,Bercario,291,1038.0,3,3,0,0,2023,0.03636678039942394,2007743,172.7058239208643,0.20525869380831213,213.058524173028,2024,PPML-FE + Caged x grupo
2024,SANTISSIMO,Maternal I,269,662.0,3,0,3,0,2023,0.03636678039942394,2007743,149.02378984121466,0.3807531380753138,252.05857740585773,2024,PPML-FE + Caged x grupo
2024,SANTISSIMO,Maternal II,239,717.0,3,0,0,3,2023,0.03636678039942394,2007743,103.72426428556952,0.19804741980474197,142.0,2024,PPML-FE + Caged x grupo
2024,SANTO CRISTO,Bercario,95,286.0,3,3,0,0,2023,0.03636678039942394,2007743,36.95553590149117,0.12923076923076923,36.96,2024,PPML-FE + Caged x grupo
2024,SANTO CRISTO,Maternal I,58,174.0,3,0,3,0,2023,0.03636678039942394,2007743,30.41940426555059,0.1791907514450867,31.179190751445084,2024,PPML-FE + Caged x grupo
2024,SANTO CRISTO,Maternal II,34,173.0,3,0,0,3,2023,0.03636678039942394,2007743,19.436190741352817,0.15196078431372548,26.289215686274506,2024,PPML-FE + Caged x grupo
2024,SAO CONRADO,Bercario,14,140.0,3,3,0,0,2023,0.03636678039942394,2007743,8.593838702105694,0.05,7.0,2024,PPML-FE + Caged x grupo
2024,SAO CONRADO,Maternal I,7,76.0,3,0,3,0,2023,0.03636678039942394,2007743,6.311909156169833,0.038461538461538464,2.9230769230769234,2024,PPML-FE + Caged x grupo
2024,SAO CONRADO,Maternal II,3,78.0,3,0,0,3,2023,0.03636678039942394,2007743,4.1629897649555225,0.0,0.0,2024,PPML-FE + Caged x grupo
2024,SAO CRISTOVAO,Bercario,259,737.0,3,3,0,0,2023,0.03636678039942394,2007743,117.55588409968759,0.20919540229885059,154.1770114942529,2024,PPML-FE + Caged x grupo
2024,SAO CRISTOVAO,Maternal I,179,440.0,3,0,3,0,2023,0.03636678039942394,2007743,94.95493604230049,0.28316831683168314,124.59405940594058,2024,PPML-FE + Caged x grupo
2024,SAO CRISTOVAO,Maternal II,79,505.0,3,0,0,3,2023,0.03636678039942394,2007743,70.03575910746636,0.19748653500897667,99.73070017953322,2024,PPML-FE + Caged x grupo
2024,SAO FRANCISCO XAVIER,Bercario,32,109.0,3,3,0,0,2023,0.03636678039942394,2007743,10.007389832314955,0.14782608695652175,16.11304347826087,2024,PPML-FE + Caged x grupo
2024,SAO FRANCISCO XAVIER,Maternal I,13,55.0,3,0,3,0,2023,0.03636678039942394,2007743,6.831954955658714,0.13333333333333333,7.333333333333333,2024,PPML-FE + Caged x grupo
2024,SAO FRANCISCO XAVIER,Maternal II,12,60.0,3,0,0,3,2023,0.03636678039942394,2007743,4.78957687451631,0.09523809523809523,5.7142857142857135,2024,PPML-FE + Caged x grupo
2024,SAUDE,Bercario,5,52.0,3,3,0,0,2023,0.03636678039942394,2007743,4.75516119644527,0.0784313725490196,4.078431372549019,2024,PPML-FE + Caged x grupo
2024,SAUDE,Maternal I,8,32.0,3,0,3,0,2023,0.03636678039942394,2007743,3.9591309220751882,0.16216216216216217,5.1891891891891895,2024,PPML-FE + Caged x grupo
2024,SAUDE,Maternal II,7,37.0,3,0,0,3,2023,0.03636678039942394,2007743,2.9418139442641866,0.1568627450980392,5.803921568627451,2024,PPML-FE + Caged x grupo
2024,SENADOR CAMARA,Bercario,391,2213.0,3,3,0,0,2023,0.03636678039942394,2007743,337.6998749578825,0.159846547314578,353.7404092071611,2024,PPML-FE + Caged x grupo
2024,SENADOR CAMARA,Maternal I,476,1203.0,3,0,3,0,2023,0.03636678039942394,2007743,248.3722652014968,0.3302752293577982,397.32110091743124,2024,PPML-FE + Caged x grupo
2024,SENADOR CAMARA,Maternal II,360,1308.0,3,0,0,3,2023,0.03636678039942394,2007743,173.54368216889534,0.26152556580050296,342.07544006705785,2024,PPML-FE + Caged x grupo
2024,SENADOR VASCONCELOS,Bercario,143,573.0,3,3,0,0,2023,0.03636678039942394,2007743,99.16756603305045,0.18518518518518517,106.1111111111111,2024,PPML-FE + Caged x grupo
2024,SENADOR VASCONCELOS,Maternal I,192,342.0,3,0,3,0,2023,0.03636678039942394,2007743,80.08093276656048,0.3864306784660767,132.15929203539824,2024,PPML-FE + Caged x grupo
2024,SENADOR VASCONCELOS,Maternal II,142,339.0,3,0,0,3,2023,0.03636678039942394,2007743,51.01129022705673,0.28104575163398693,95.27450980392157,2024,PPML-FE + Caged x grupo
2024,SEPETIBA,Bercario,694,1484.0,3,3,0,0,2023,0.03636678039942394,2007743,157.63784464594568,0.08475734791524266,125.7799043062201,2024,PPML-FE + Caged x grupo
2024,SEPETIBA,Maternal I,313,749.0,3,0,3,0,2023,0.03636678039942394,2007743,107.64562654779989,0.18318695106649938,137.20702634880803,2024,PPML-FE + Caged x grupo
2024,SEPETIBA,Maternal II,216,797.0,3,0,0,3,2023,0.03636678039942394,2007743,73.60994388222872,0.10473815461346633,83.47630922693267,2024,PPML-FE + Caged x grupo
2024,TANQUE,Bercario,221,765.0,3,3,0,0,2023,0.03636678039942394,2007743,107.5400229143613,0.10814094775212636,82.72782503037666,2024,PPML-FE + Caged x grupo
2024,TANQUE,Maternal I,236,442.0,3,0,3,0,2023,0.03636678039942394,2007743,84.06572133017326,0.2719665271966527,120.20920502092049,2024,PPML-FE + Caged x grupo
2024,TANQUE,Maternal II,137,478.0,3,0,0,3,2023,0.03636678039942394,2007743,58.423579807242824,0.14225053078556263,67.99575371549894,2024,PPML-FE + Caged x grupo
2024,TAQUARA,Bercario,450,2414.0,3,3,0,0,2023,0.03636678039942394,2007743,255.88555141579926,0.113120430934975,273.07272027702965,2024,PPML-FE + Caged x grupo
2024,TAQUARA,Maternal I,431,1291.0,3,0,3,0,2023,0.03636678039942394,2007743,185.14957759406153,0.19073203492276697,246.23505708529217,2024,PPML-FE + Caged x grupo
2024,TAQUARA,Maternal II,294,1489.0,3,0,0,3,2023,0.03636678039942394,2007743,137.2318045206895,0.12316528398213146,183.39310784939374,2024,PPML-FE + Caged x grupo
2024,TAUA,Bercario,125,430.0,3,3,0,0,2023,0.03636678039942394,2007743,55.41624712691588,0.19527896995708155,83.96995708154506,2024,PPML-FE + Caged x grupo
2024,TAUA,Maternal I,79,262.0,3,0,3,0,2023,0.03636678039942394,2007743,45.683348783344314,0.2638888888888889,69.13888888888889,2024,PPML-FE + Caged x grupo
2024,TAUA,Maternal II,36,216.0,3,0,0,3,2023,0.03636678039942394,2007743,24.20326661722131,0.09745762711864407,21.05084745762712,2024,PPML-FE + Caged x grupo
2024,TIJUCA,Bercario,380,2069.0,3,3,0,0,2023,0.03636678039942394,2007743,142.54034087787664,0.11703703703703704,242.14962962962963,2024,PPML-FE + Caged x grupo
2024,TIJUCA,Maternal I,179,998.0,3,0,3,0,2023,0.03636678039942394,2007743,93.02417532459354,0.11001788908765653,109.79785330948121,2024,PPML-FE + Caged x grupo
2024,TIJUCA,Maternal II,71,1118.0,3,0,0,3,2023,0.03636678039942394,2007743,66.96851734178135,0.057208237986270026,63.95881006864989,2024,PPML-FE + Caged x grupo
2024,TODOS OS SANTOS,Bercario,28,282.0,3,3,0,0,2023,0.03636678039942394,2007743,15.819522425745845,0.04195804195804196,11.832167832167833,2024,PPML-FE + Caged x grupo
2024,TODOS OS SANTOS,Maternal I,40,146.0,3,0,3,0,2023,0.03636678039942394,2007743,11.081156816119076,0.034722222222222224,5.069444444444445,2024,PPML-FE + Caged x grupo
2024,TODOS OS SANTOS,Maternal II,17,144.0,3,0,0,3,2023,0.03636678039942394,2007743,7.023576712976032,0.029197080291970802,4.204379562043796,2024,PPML-FE + Caged x grupo
2024,TOMAS COELHO,Bercario,110,460.0,3,3,0,0,2023,0.03636678039942394,2007743,69.71231333528401,0.18724279835390947,86.13168724279836,2024,PPML-FE + Caged x grupo
2024,TOMAS COELHO,Maternal I,87,256.0,3,0,3,0,2023,0.03636678039942394,2007743,52.49036747412375,0.32421875,83.0,2024,PPML-FE + Caged x grupo
2024,TOMAS COELHO,Maternal II,65,256.0,3,0,0,3,2023,0.03636678039942394,2007743,33.732086569984716,0.15319148936170213,39.217021276595744,2024,PPML-FE + Caged x grupo
2024,TURIACU,Bercario,70,294.0,3,3,0,0,2023,0.03636678039942394,2007743,40.246056902718834,0.14666666666666667,43.12,2024,PPML-FE + Caged x grupo
2024,TURIACU,Maternal I,58,146.0,3,0,3,0,2023,0.03636678039942394,2007743,27.04063258437071,0.16374269005847952,23.90643274853801,2024,PPML-FE + Caged x grupo
2024,TURIACU,Maternal II,35,171.0,3,0,0,3,2023,0.03636678039942394,2007743,20.352777969341425,0.2550335570469799,43.61073825503356,2024,PPML-FE + Caged x grupo
2024,URCA,Bercario,6,88.0,3,3,0,0,2023,0.03636678039942394,2007743,6.452392472233675,0.05154639175257732,4.536082474226804,2024,PPML-FE + Caged x grupo
2024,URCA,Maternal I,11,47.0,3,0,3,0,2023,0.03636678039942394,2007743,4.662554771778441,0.034482758620689655,1.6206896551724137,2024,PPML-FE + Caged x grupo
2024,URCA,Maternal II,3,58.0,3,0,0,3,2023,0.03636678039942394,2007743,3.697580818867193,0.13953488372093023,8.093023255813954,2024,PPML-FE + Caged x grupo
2024,VARGEM GRANDE,Bercario,131,594.0,3,3,0,0,2023,0.03636678039942394,2007743,49.206985782895586,0.04909090909090909,29.159999999999997,2024,PPML-FE + Caged x grupo
2024,VARGEM GRANDE,Maternal I,106,248.0,3,0,3,0,2023,0.03636678039942394,2007743,27.79585154847919,0.16037735849056603,39.77358490566038,2024,PPML-FE + Caged x grupo
2024,VARGEM GRANDE,Maternal II,57,318.0,3,0,0,3,2023,0.03636678039942394,2007743,22.904405073192493,0.1736111111111111,55.20833333333333,2024,PPML-FE + Caged x grupo
2024,VARGEM PEQUENA,Bercario,113,773.0,3,3,0,0,2023,0.03636678039942394,2007743,62.3562823852361,0.07804232804232804,60.326719576719576,2024,PPML-FE + Caged x grupo
2024,VARGEM PEQUENA,Maternal I,113,391.0,3,0,3,0,2023,0.03636678039942394,2007743,42.67420739448565,0.1643192488262911,64.24882629107982,2024,PPML-FE + Caged x grupo
2024,VARGEM PEQUENA,Maternal II,80,426.0,3,0,0,3,2023,0.03636678039942394,2007743,29.878713798183966,0.15885416666666666,67.671875,2024,PPML-FE + Caged x grupo
2024,VASCO GAMA,Bercario,9,78.0,3,3,0,0,2023,0.03636678039942394,2007743,7.200223044533539,0.2079207920792079,16.217821782178216,2024,PPML-FE + Caged x grupo
2024,VASCO GAMA,Maternal I,8,82.0,3,0,3,0,2023,0.03636678039942394,2007743,10.241255110983515,0.1935483870967742,15.870967741935484,2024,PPML-FE + Caged x grupo
2024,VASCO GAMA,Maternal II,6,62.0,3,0,0,3,2023,0.03636678039942394,2007743,4.976163195126238,0.18421052631578946,11.421052631578947,2024,PPML-FE + Caged x grupo
2024,VAZ LOBO,Bercario,91,310.0,3,3,0,0,2023,0.03636678039942394,2007743,44.9848473211519,0.18313953488372092,56.77325581395348,2024,PPML-FE + Caged x grupo
2024,VAZ LOBO,Maternal I,58,189.0,3,0,3,0,2023,0.03636678039942394,2007743,37.106871995772906,0.21717171717171718,41.04545454545455,2024,PPML-FE + Caged x grupo
2024,VAZ LOBO,Maternal II,32,198.0,3,0,0,3,2023,0.03636678039942394,2007743,24.981661835506458,0.1111111111111111,22.0,2024,PPML-FE + Caged x grupo
2024,VICENTE CARVALHO,Bercario,89,442.0,3,3,0,0,2023,0.03636678039942394,2007743,59.71861169424906,0.17067833698030635,75.43982494529541,2024,PPML-FE + Caged x grupo
2024,VICENTE CARVALHO,Maternal I,79,222.0,3,0,3,0,2023,0.03636678039942394,2007743,40.58152778017321,0.24686192468619247,54.80334728033473,2024,PPML-FE + Caged x grupo
2024,VICENTE CARVALHO,Maternal II,48,239.0,3,0,0,3,2023,0.03636678039942394,2007743,28.076108528374927,0.1419141914191419,33.917491749174914,2024,PPML-FE + Caged x grupo
2024,VIDIGAL,Bercario,116,334.0,3,3,0,0,2023,0.03636678039942394,2007743,48.41686181088925,0.32710280373831774,109.25233644859813,2024,PPML-FE + Caged x grupo
2024,VIDIGAL,Maternal I,68,169.0,3,0,3,0,2023,0.03636678039942394,2007743,33.14552173406089,0.22413793103448276,37.87931034482759,2024,PPML-FE + Caged x grupo
2024,VIDIGAL,Maternal II,49,174.0,3,0,0,3,2023,0.03636678039942394,2007743,21.930624365275012,0.1485148514851485,25.84158415841584,2024,PPML-FE + Caged x grupo
2024,VIGARIO GERAL,Bercario,157,761.0,3,3,0,0,2023,0.03636678039942394,2007743,84.80477120495908,0.10466582597730138,79.65069356872635,2024,PPML-FE + Caged x grupo
2024,VIGARIO GERAL,Maternal I,187,422.0,3,0,3,0,2023,0.03636678039942394,2007743,63.626211669252356,0.19373219373219372,81.75498575498575,2024,PPML-FE + Caged x grupo
2024,VIGARIO GERAL,Maternal II,73,351.0,3,0,0,3,2023,0.03636678039942394,2007743,34.00903620602641,0.14713896457765668,51.6457765667575,2024,PPML-FE + Caged x grupo
2024,VILA ISABEL,Bercario,219,939.0,3,3,0,0,2023,0.03636678039942394,2007743,76.6506479493718,0.1422924901185771,133.61264822134387,2024,PPML-FE + Caged x grupo
2024,VILA ISABEL,Maternal I,88,533.0,3,0,3,0,2023,0.03636678039942394,2007743,58.8661228057673,0.08375209380234507,44.63986599664992,2024,PPML-FE + Caged x grupo
2024,VILA ISABEL,Maternal II,69,597.0,3,0,0,3,2023,0.03636678039942394,2007743,42.37172522379178,0.05008944543828265,29.90339892665474,2024,PPML-FE + Caged x grupo
2024,VILA KENNEDY,Bercario,0,321.0,3,3,0,0,2023,0.03636678039942394,2007743,10.524186251714532,0.0,0.0,2024,PPML-FE + Caged x grupo
2024,VILA KENNEDY,Maternal I,0,101.0,3,0,3,0,2023,0.03636678039942394,2007743,4.4801530623533115,0.017167381974248927,1.7339055793991416,2024,PPML-FE + Caged x grupo
2024,VILA KENNEDY,Maternal II,2,233.0,3,0,0,3,2023,0.03636678039942394,2007743,6.641879497619327,0.013513513513513514,3.1486486486486487,2024,PPML-FE + Caged x grupo
2024,VILA KOSMOS,Bercario,45,223.0,3,3,0,0,2023,0.03636678039942394,2007743,31.084593829365772,0.12987012987012986,28.96103896103896,2024,PPML-FE + Caged x grupo
2024,VILA KOSMOS,Maternal I,68,123.0,3,0,3,0,2023,0.03636678039942394,2007743,23.19708587867695,0.2857142857142857,35.14285714285714,2024,PPML-FE + Caged x grupo
2024,VILA KOSMOS,Maternal II,15,126.0,3,0,0,3,2023,0.03636678039942394,2007743,15.270823479671515,0.21782178217821782,27.445544554455445,2024,PPML-FE + Caged x grupo
2024,VILA MILITAR,Bercario,12,241.0,3,3,0,0,2023,0.03636678039942394,2007743,15.508624353470546,0.03319502074688797,8.0,2024,PPML-FE + Caged x grupo
2024,VILA MILITAR,Maternal I,10,151.0,3,0,3,0,2023,0.03636678039942394,2007743,13.146833608752797,0.04666666666666667,7.046666666666667,2024,PPML-FE + Caged x grupo
2024,VILA MILITAR,Maternal II,4,150.0,3,0,0,3,2023,0.03636678039942394,2007743,8.39264921043951,0.08411214953271028,12.616822429906541,2024,PPML-FE + Caged x grupo
2024,VILA PENHA,Bercario,62,295.0,3,3,0,0,2023,0.03636678039942394,2007743,19.563940560647136,0.052478134110787174,15.481049562682216,2024,PPML-FE + Caged x grupo
2024,VILA PENHA,Maternal I,52,182.0,3,0,3,0,2023,0.03636678039942394,2007743,16.330282270322616,0.058091286307053944,10.572614107883817,2024,PPML-FE + Caged x grupo
2024,VILA PENHA,Maternal II,18,241.0,3,0,0,3,2023,0.03636678039942394,2007743,13.896420245382767,0.028391167192429023,6.842271293375394,2024,PPML-FE + Caged x grupo
2024,VILA VALQUEIRE,Bercario,78,589.0,3,3,0,0,2023,0.03636678039942394,2007743,51.39693004888266,0.04401408450704225,25.924295774647884,2024,PPML-FE + Caged x grupo
2024,VILA VALQUEIRE,Maternal I,74,264.0,3,0,3,0,2023,0.03636678039942394,2007743,31.168348866767193,0.14950166112956811,39.46843853820598,2024,PPML-FE + Caged x grupo
2024,VILA VALQUEIRE,Maternal II,45,301.0,3,0,0,3,2023,0.03636678039942394,2007743,22.83704764926685,0.11314984709480122,34.05810397553517,2024,PPML-FE + Caged x grupo
2024,VISTA ALEGRE,Bercario,33,130.0,3,3,0,0,2023,0.03636678039942394,2007743,12.627325207392172,0.061946902654867256,8.053097345132743,2024,PPML-FE + Caged x grupo
2024,VISTA ALEGRE,Maternal I,23,58.0,3,0,3,0,2023,0.03636678039942394,2007743,7.6222640892946645,0.11904761904761904,6.904761904761904,2024,PPML-FE + Caged x grupo
2024,VISTA ALEGRE,Maternal II,18,84.0,3,0,0,3,2023,0.03636678039942394,2007743,7.094125665113823,0.05,4.2,2024,PPML-FE + Caged x grupo
2024,ZUMBI,Bercario,3,42.0,3,3,0,0,2023,0.03636678039942394,2007743,3.604067760409186,0.041666666666666664,1.75,2024,PPML-FE + Caged x grupo
2024,ZUMBI,Maternal I,3,23.0,3,0,3,0,2023,0.03636678039942394,2007743,2.6702964485506264,0.0625,1.4375,2024,PPML-FE + Caged x grupo
2024,ZUMBI,Maternal II,2,16.0,3,0,0,3,2023,0.03636678039942394,2007743,1.193755039068741,0.0,0.0,2024,PPML-FE + Caged x grupo
2024,ABOLICAO,Bercario,31,154.0,3,3,0,0,2023,0.03636678039942394,2007743,14.861223685999702,0.07058823529411765,10.870588235294118,2024,PPML-FE Caged x grupo sem tendencia
2024,ABOLICAO,Maternal I,22,92.0,3,0,3,0,2023,0.03636678039942394,2007743,13.97392847934268,0.0875,8.049999999999999,2024,PPML-FE Caged x grupo sem tendencia
2024,ABOLICAO,Maternal II,11,80.0,3,0,0,3,2023,0.03636678039942394,2007743,8.625916138217688,0.07079646017699115,5.663716814159292,2024,PPML-FE Caged x grupo sem tendencia
2024,ACARI,Bercario,235,822.0,3,3,0,0,2023,0.03636678039942394,2007743,179.79391345141352,0.2745341614906832,225.6670807453416,2024,PPML-FE Caged x grupo sem tendencia
2024,ACARI,Maternal I,276,398.0,3,0,3,0,2023,0.03636678039942394,2007743,137.01972091254078,0.4004914004914005,159.3955773955774,2024,PPML-FE Caged x grupo sem tendencia
2024,ACARI,Maternal II,109,407.0,3,0,0,3,2023,0.03636678039942394,2007743,99.46698902013456,0.18292682926829268,74.45121951219512,2024,PPML-FE Caged x grupo sem tendencia
2024,AGUA SANTA,Bercario,18,123.0,3,3,0,0,2023,0.03636678039942394,2007743,14.895252511414887,0.023255813953488372,2.8604651162790695,2024,PPML-FE Caged x grupo sem tendencia
2024,AGUA SANTA,Maternal I,31,60.0,3,0,3,0,2023,0.03636678039942394,2007743,11.436439779712604,0.21739130434782608,13.043478260869565,2024,PPML-FE Caged x grupo sem tendencia
2024,AGUA SANTA,Maternal II,10,69.0,3,0,0,3,2023,0.03636678039942394,2007743,9.336266578554035,0.12658227848101267,8.734177215189874,2024,PPML-FE Caged x grupo sem tendencia
2024,ALTO BOA VISTA,Bercario,63,169.0,3,3,0,0,2023,0.03636678039942394,2007743,25.731925631059244,0.22093023255813954,37.33720930232558,2024,PPML-FE Caged x grupo sem tendencia
2024,ALTO BOA VISTA,Maternal I,29,102.0,3,0,3,0,2023,0.03636678039942394,2007743,24.44458076096857,0.13043478260869565,13.304347826086957,2024,PPML-FE Caged x grupo sem tendencia
2024,ALTO BOA VISTA,Maternal II,15,92.0,3,0,0,3,2023,0.03636678039942394,2007743,15.651458161933503,0.125,11.5,2024,PPML-FE Caged x grupo sem tendencia
2024,ANCHIETA,Bercario,280,1387.0,3,3,0,0,2023,0.03636678039942394,2007743,210.15368457668984,0.15138888888888888,209.97638888888886,2024,PPML-FE Caged x grupo sem tendencia
2024,ANCHIETA,Maternal I,380,694.0,3,0,3,0,2023,0.03636678039942394,2007743,165.50718675626268,0.211864406779661,147.03389830508473,2024,PPML-FE Caged x grupo sem tendencia
2024,ANCHIETA,Maternal II,206,826.0,3,0,0,3,2023,0.03636678039942394,2007743,139.83696495567776,0.14103923647932132,116.4984093319194,2024,PPML-FE Caged x grupo sem tendencia
2024,ANDARAI,Bercario,114,506.0,3,3,0,0,2023,0.03636678039942394,2007743,55.21045304010519,0.12992125984251968,65.74015748031496,2024,PPML-FE Caged x grupo sem tendencia
2024,ANDARAI,Maternal I,56,239.0,3,0,3,0,2023,0.03636678039942394,2007743,41.04549839941773,0.08108108108108109,19.37837837837838,2024,PPML-FE Caged x grupo sem tendencia
2024,ANDARAI,Maternal II,18,296.0,3,0,0,3,2023,0.03636678039942394,2007743,36.086428306219915,0.060714285714285714,17.97142857142857,2024,PPML-FE Caged x grupo sem tendencia
2024,ANIL,Bercario,349,806.0,3,3,0,0,2023,0.03636678039942394,2007743,435.2593566726136,0.37530266343825663,302.49394673123487,2024,PPML-FE Caged x grupo sem tendencia
2024,ANIL,Maternal I,426,387.0,3,0,3,0,2023,0.03636678039942394,2007743,328.9431731939403,0.8445945945945946,326.8581081081081,2024,PPML-FE Caged x grupo sem tendencia
2024,ANIL,Maternal II,426,444.0,3,0,0,3,2023,0.03636678039942394,2007743,267.90291461407617,0.8547619047619047,379.5142857142857,2024,PPML-FE Caged x grupo sem tendencia
2024,BANCARIOS,Bercario,95,309.0,3,3,0,0,2023,0.03636678039942394,2007743,48.25478004104883,0.1723076923076923,53.24307692307692,2024,PPML-FE Caged x grupo sem tendencia
2024,BANCARIOS,Maternal I,54,139.0,3,0,3,0,2023,0.03636678039942394,2007743,34.16594989931494,0.22641509433962265,31.471698113207548,2024,PPML-FE Caged x grupo sem tendencia
2024,BANCARIOS,Maternal II,14,159.0,3,0,0,3,2023,0.03636678039942394,2007743,27.743444465446746,0.21232876712328766,33.76027397260274,2024,PPML-FE Caged x grupo sem tendencia
2024,BANGU,Bercario,1122,4599.0,3,3,0,0,2023,0.03636678039942394,2007743,914.3033479595468,0.20059642147117296,922.5429423459244,2024,PPML-FE Caged x grupo sem tendencia
2024,BANGU,Maternal I,966,2569.0,3,0,3,0,2023,0.03636678039942394,2007743,803.8737426331954,0.31390134529147984,806.4125560538117,2024,PPML-FE Caged x grupo sem tendencia
2024,BANGU,Maternal II,639,2676.0,3,0,0,3,2023,0.03636678039942394,2007743,594.4213557717136,0.19642857142857142,525.6428571428571,2024,PPML-FE Caged x grupo sem tendencia
2024,BARRA GUARATIBA,Bercario,14,128.0,3,3,0,0,2023,0.03636678039942394,2007743,10.346925968344053,0.0234375,3.0,2024,PPML-FE Caged x grupo sem tendencia
2024,BARRA GUARATIBA,Maternal I,24,71.0,3,0,3,0,2023,0.03636678039942394,2007743,9.033510618077694,0.02531645569620253,1.7974683544303798,2024,PPML-FE Caged x grupo sem tendencia
2024,BARRA GUARATIBA,Maternal II,26,79.0,3,0,0,3,2023,0.03636678039942394,2007743,7.135260901190577,0.05172413793103448,4.086206896551724,2024,PPML-FE Caged x grupo sem tendencia
2024,BARRA TIJUCA,Bercario,58,2378.0,3,3,0,0,2023,0.03636678039942394,2007743,73.08657332613554,0.02369077306733167,56.33665835411471,2024,PPML-FE Caged x grupo sem tendencia
2024,BARRA TIJUCA,Maternal I,96,1196.0,3,0,3,0,2023,0.03636678039942394,2007743,57.85671457002958,0.03986981285598047,47.68429617575264,2024,PPML-FE Caged x grupo sem tendencia
2024,BARRA TIJUCA,Maternal II,35,1229.0,3,0,0,3,2023,0.03636678039942394,2007743,42.20452602920607,0.02680565897244974,32.944154877140726,2024,PPML-FE Caged x grupo sem tendencia
2024,BARROS FILHO,Bercario,115,409.0,3,3,0,0,2023,0.03636678039942394,2007743,72.69592578826571,0.17274939172749393,70.65450121654501,2024,PPML-FE Caged x grupo sem tendencia
2024,BARROS FILHO,Maternal I,62,224.0,3,0,3,0,2023,0.03636678039942394,2007743,62.66594894988197,0.2648221343873518,59.320158102766804,2024,PPML-FE Caged x grupo sem tendencia
2024,BARROS FILHO,Maternal II,58,253.0,3,0,0,3,2023,0.03636678039942394,2007743,50.244517405234795,0.20425531914893616,51.676595744680846,2024,PPML-FE Caged x grupo sem tendencia
2024,BENFICA,Bercario,364,728.0,3,3,0,0,2023,0.03636678039942394,2007743,201.15421244098036,0.3227665706051873,234.97406340057637,2024,PPML-FE Caged x grupo sem tendencia
2024,BENFICA,Maternal I,234,374.0,3,0,3,0,2023,0.03636678039942394,2007743,162.6545412642463,0.3873239436619718,144.85915492957747,2024,PPML-FE Caged x grupo sem tendencia
2024,BENFICA,Maternal II,156,426.0,3,0,0,3,2023,0.03636678039942394,2007743,131.51907503981957,0.25461254612546125,108.4649446494465,2024,PPML-FE Caged x grupo sem tendencia
2024,BENTO RIBEIRO,Bercario,100,620.0,3,3,0,0,2023,0.03636678039942394,2007743,82.19729539903189,0.06605222734254992,40.952380952380956,2024,PPML-FE Caged x grupo sem tendencia
2024,BENTO RIBEIRO,Maternal I,122,350.0,3,0,3,0,2023,0.03636678039942394,2007743,73.03494747241348,0.15458937198067632,54.106280193236714,2024,PPML-FE Caged x grupo sem tendencia
2024,BENTO RIBEIRO,Maternal II,87,414.0,3,0,0,3,2023,0.03636678039942394,2007743,61.326414469496335,0.17266187050359713,71.48201438848922,2024,PPML-FE Caged x grupo sem tendencia
2024,BONSUCESSO,Bercario,439,1139.0,3,3,0,0,2023,0.03636678039942394,2007743,170.34024661865755,0.17119155354449472,194.9871794871795,2024,PPML-FE Caged x grupo sem tendencia
2024,BONSUCESSO,Maternal I,362,584.0,3,0,3,0,2023,0.03636678039942394,2007743,137.46851247629746,0.20728643216080403,121.05527638190955,2024,PPML-FE Caged x grupo sem tendencia
2024,BONSUCESSO,Maternal II,207,796.0,3,0,0,3,2023,0.03636678039942394,2007743,133.01113816379132,0.09943502824858758,79.1502824858757,2024,PPML-FE Caged x grupo sem tendencia
2024,BOTAFOGO,Bercario,112,1095.0,3,3,0,0,2023,0.03636678039942394,2007743,51.04716584390084,0.033391915641476276,36.564147627416524,2024,PPML-FE Caged x grupo sem tendencia
2024,BOTAFOGO,Maternal I,71,571.0,3,0,3,0,2023,0.03636678039942394,2007743,41.89772699091731,0.06164383561643835,35.1986301369863,2024,PPML-FE Caged x grupo sem tendencia
2024,BOTAFOGO,Maternal II,35,584.0,3,0,0,3,2023,0.03636678039942394,2007743,30.41947799584042,0.03770739064856712,22.021116138763198,2024,PPML-FE Caged x grupo sem tendencia
2024,BRAS PINA,Bercario,192,807.0,3,3,0,0,2023,0.03636678039942394,2007743,66.58815164024094,0.039125431530494824,31.574223245109323,2024,PPML-FE Caged x grupo sem tendencia
2024,BRAS PINA,Maternal I,172,452.0,3,0,3,0,2023,0.03636678039942394,2007743,58.702784028723606,0.09368191721132897,42.344226579520694,2024,PPML-FE Caged x grupo sem tendencia
2024,BRAS PINA,Maternal II,73,459.0,3,0,0,3,2023,0.03636678039942394,2007743,42.31725661268641,0.05042016806722689,23.142857142857142,2024,PPML-FE Caged x grupo sem tendencia
2024,CACHAMBI,Bercario,97,600.0,3,3,0,0,2023,0.03636678039942394,2007743,37.070124067097545,0.03054662379421222,18.327974276527332,2024,PPML-FE Caged x grupo sem tendencia
2024,CACHAMBI,Maternal I,73,316.0,3,0,3,0,2023,0.03636678039942394,2007743,30.729586070694317,0.08181818181818182,25.854545454545455,2024,PPML-FE Caged x grupo sem tendencia
2024,CACHAMBI,Maternal II,33,330.0,3,0,0,3,2023,0.03636678039942394,2007743,22.780755525160245,0.03225806451612903,10.64516129032258,2024,PPML-FE Caged x grupo sem tendencia
2024,CACUIA,Bercario,31,179.0,3,3,0,0,2023,0.03636678039942394,2007743,18.72925094626758,0.09883720930232558,17.691860465116278,2024,PPML-FE Caged x grupo sem tendencia
2024,CACUIA,Maternal I,26,83.0,3,0,3,0,2023,0.03636678039942394,2007743,13.669175156580419,0.11214953271028037,9.30841121495327,2024,PPML-FE Caged x grupo sem tendencia
2024,CACUIA,Maternal II,25,107.0,3,0,0,3,2023,0.03636678039942394,2007743,12.509286800262233,0.18947368421052632,20.273684210526316,2024,PPML-FE Caged x grupo sem tendencia
2024,CAJU,Bercario,176,660.0,3,3,0,0,2023,0.03636678039942394,2007743,143.06066058242007,0.26646706586826346,175.86826347305387,2024,PPML-FE Caged x grupo sem tendencia
2024,CAJU,Maternal I,147,337.0,3,0,3,0,2023,0.03636678039942394,2007743,114.9748972020402,0.3515850144092219,118.48414985590779,2024,PPML-FE Caged x grupo sem tendencia
2024,CAJU,Maternal II,37,347.0,3,0,0,3,2023,0.03636678039942394,2007743,84.04021594403768,0.21739130434782608,75.43478260869566,2024,PPML-FE Caged x grupo sem tendencia
2024,CAMORIM,Bercario,121,203.0,3,3,0,0,2023,0.03636678039942394,2007743,83.63598000720656,0.5480769230769231,111.2596153846154,2024,PPML-FE Caged x grupo sem tendencia
2024,CAMORIM,Maternal I,80,85.0,3,0,3,0,2023,0.03636678039942394,2007743,55.1204654860305,0.9887640449438202,84.04494382022472,2024,PPML-FE Caged x grupo sem tendencia
2024,CAMORIM,Maternal II,58,89.0,3,0,0,3,2023,0.03636678039942394,2007743,40.9702404901666,0.373134328358209,33.2089552238806,2024,PPML-FE Caged x grupo sem tendencia
2024,CAMPINHO,Bercario,45,207.0,3,3,0,0,2023,0.03636678039942394,2007743,23.01681359927039,0.09389671361502347,19.43661971830986,2024,PPML-FE Caged x grupo sem tendencia
2024,CAMPINHO,Maternal I,27,113.0,3,0,3,0,2023,0.03636678039942394,2007743,19.77653203892813,0.10416666666666667,11.770833333333334,2024,PPML-FE Caged x grupo sem tendencia
2024,CAMPINHO,Maternal II,36,144.0,3,0,0,3,2023,0.03636678039942394,2007743,17.890346069318102,0.22807017543859648,32.84210526315789,2024,PPML-FE Caged x grupo sem tendencia
2024,CAMPO AFONSOS,Bercario,3,72.0,3,3,0,0,2023,0.03636678039942394,2007743,7.316552679247342,0.016666666666666666,1.2,2024,PPML-FE Caged x grupo sem tendencia
2024,CAMPO AFONSOS,Maternal I,5,29.0,3,0,3,0,2023,0.03636678039942394,2007743,4.638406898164582,0.1,2.9000000000000004,2024,PPML-FE Caged x grupo sem tendencia
2024,CAMPO AFONSOS,Maternal II,5,30.0,3,0,0,3,2023,0.03636678039942394,2007743,3.4062510736450022,0.1111111111111111,3.333333333333333,2024,PPML-FE Caged x grupo sem tendencia
2024,CAMPO GRANDE,Bercario,1787,7585.0,3,3,0,0,2023,0.03636678039942394,2007743,1363.6198738534563,0.1707014276846679,1294.770328988206,2024,PPML-FE Caged x grupo sem tendencia
2024,CAMPO GRANDE,Maternal I,1732,4155.0,3,0,3,0,2023,0.03636678039942394,2007743,1175.724596081164,0.2804209603157202,1165.1490901118175,2024,PPML-FE Caged x grupo sem tendencia
2024,CAMPO GRANDE,Maternal II,1170,4561.0,3,0,0,3,2023,0.03636678039942394,2007743,916.1766175715939,0.1836734693877551,837.7346938775511,2024,PPML-FE Caged x grupo sem tendencia
2024,CASCADURA,Bercario,127,597.0,3,3,0,0,2023,0.03636678039942394,2007743,110.14285557398765,0.1806020066889632,107.81939799331103,2024,PPML-FE Caged x grupo sem tendencia
2024,CASCADURA,Maternal I,91,294.0,3,0,3,0,2023,0.03636678039942394,2007743,85.37410613983354,0.24620060790273557,72.38297872340426,2024,PPML-FE Caged x grupo sem tendencia
2024,CASCADURA,Maternal II,100,329.0,3,0,0,3,2023,0.03636678039942394,2007743,67.82023542638744,0.1984126984126984,65.27777777777777,2024,PPML-FE Caged x grupo sem tendencia
2024,CATETE,Bercario,54,343.0,3,3,0,0,2023,0.03636678039942394,2007743,32.607330494244636,0.11976047904191617,41.07784431137725,2024,PPML-FE Caged x grupo sem tendencia
2024,CATETE,Maternal I,36,160.0,3,0,3,0,2023,0.03636678039942394,2007743,23.940760744708037,0.12571428571428572,20.114285714285714,2024,PPML-FE Caged x grupo sem tendencia
2024,CATETE,Maternal II,14,175.0,3,0,0,3,2023,0.03636678039942394,2007743,18.58833831978646,0.05434782608695652,9.51086956521739,2024,PPML-FE Caged x grupo sem tendencia
2024,CATUMBI,Bercario,138,275.0,3,3,0,0,2023,0.03636678039942394,2007743,69.47874662730288,0.3890577507598784,106.99088145896657,2024,PPML-FE Caged x grupo sem tendencia
2024,CATUMBI,Maternal I,72,181.0,3,0,3,0,2023,0.03636678039942394,2007743,71.97715804401453,0.3684210526315789,66.68421052631578,2024,PPML-FE Caged x grupo sem tendencia
2024,CATUMBI,Maternal II,32,171.0,3,0,0,3,2023,0.03636678039942394,2007743,48.27216599297577,0.15714285714285714,26.87142857142857,2024,PPML-FE Caged x grupo sem tendencia
2024,CAVALCANTE,Bercario,101,310.0,3,3,0,0,2023,0.03636678039942394,2007743,55.291268907936455,0.284375,88.15625,2024,PPML-FE Caged x grupo sem tendencia
2024,CAVALCANTE,Maternal I,72,163.0,3,0,3,0,2023,0.03636678039942394,2007743,45.75929302265803,0.24479166666666666,39.901041666666664,2024,PPML-FE Caged x grupo sem tendencia
2024,CAVALCANTE,Maternal II,61,192.0,3,0,0,3,2023,0.03636678039942394,2007743,38.26286505674892,0.20103092783505155,38.5979381443299,2024,PPML-FE Caged x grupo sem tendencia
2024,CENTRO,Bercario,155,442.0,3,3,0,0,2023,0.03636678039942394,2007743,93.81508768233054,0.2550607287449393,112.73684210526316,2024,PPML-FE Caged x grupo sem tendencia
2024,CENTRO,Maternal I,104,251.0,3,0,3,0,2023,0.03636678039942394,2007743,83.85345847868753,0.3505535055350554,87.9889298892989,2024,PPML-FE Caged x grupo sem tendencia
2024,CENTRO,Maternal II,82,271.0,3,0,0,3,2023,0.03636678039942394,2007743,64.26893520814835,0.24,65.03999999999999,2024,PPML-FE Caged x grupo sem tendencia
2024,CIDADE DEUS,Bercario,447,1150.0,3,3,0,0,2023,0.03636678039942394,2007743,262.32309523768106,0.182475884244373,209.84726688102896,2024,PPML-FE Caged x grupo sem tendencia
2024,CIDADE DEUS,Maternal I,421,653.0,3,0,3,0,2023,0.03636678039942394,2007743,234.44917430077143,0.5013123359580053,327.35695538057746,2024,PPML-FE Caged x grupo sem tendencia
2024,CIDADE DEUS,Maternal II,195,762.0,3,0,0,3,2023,0.03636678039942394,2007743,194.21154957431224,0.21388888888888888,162.98333333333332,2024,PPML-FE Caged x grupo sem tendencia
2024,CIDADE NOVA,Bercario,34,87.0,3,3,0,0,2023,0.03636678039942394,2007743,16.597055465055156,0.2641509433962264,22.9811320754717,2024,PPML-FE Caged x grupo sem tendencia
2024,CIDADE NOVA,Maternal I,19,60.0,3,0,3,0,2023,0.03636678039942394,2007743,18.016062577422815,0.5283018867924528,31.69811320754717,2024,PPML-FE Caged x grupo sem tendencia
2024,CIDADE NOVA,Maternal II,10,53.0,3,0,0,3,2023,0.03636678039942394,2007743,11.297154200067471,0.1095890410958904,5.808219178082192,2024,PPML-FE Caged x grupo sem tendencia
2024,CIDADE UNIVERSITARIA,Bercario,5,23.0,3,3,0,0,2023,0.03636678039942394,2007743,2.415597683388172,0.0,0.0,2024,PPML-FE Caged x grupo sem tendencia
2024,CIDADE UNIVERSITARIA,Maternal I,6,15.0,3,0,3,0,2023,0.03636678039942394,2007743,2.4796184893840723,0.0,0.0,2024,PPML-FE Caged x grupo sem tendencia
2024,CIDADE UNIVERSITARIA,Maternal II,3,10.0,3,0,0,3,2023,0.03636678039942394,2007743,1.1734866756661795,0.07692307692307693,0.7692307692307693,2024,PPML-FE Caged x grupo sem tendencia
2024,COCOTA,Bercario,15,91.0,3,3,0,0,2023,0.03636678039942394,2007743,9.813661399231677,0.14754098360655737,13.426229508196721,2024,PPML-FE Caged x grupo sem tendencia
2024,COCOTA,Maternal I,17,70.0,3,0,3,0,2023,0.03636678039942394,2007743,11.881863413337564,0.0547945205479452,3.835616438356164,2024,PPML-FE Caged x grupo sem tendencia
2024,COCOTA,Maternal II,10,73.0,3,0,0,3,2023,0.03636678039942394,2007743,8.796176428394892,0.09090909090909091,6.636363636363637,2024,PPML-FE Caged x grupo sem tendencia
2024,COELHO NETO,Bercario,191,598.0,3,3,0,0,2023,0.03636678039942394,2007743,148.03454390962682,0.2627986348122867,157.15358361774744,2024,PPML-FE Caged x grupo sem tendencia
2024,COELHO NETO,Maternal I,191,302.0,3,0,3,0,2023,0.03636678039942394,2007743,117.66997671158173,0.4222222222222222,127.5111111111111,2024,PPML-FE Caged x grupo sem tendencia
2024,COELHO NETO,Maternal II,80,315.0,3,0,0,3,2023,0.03636678039942394,2007743,87.12721540039095,0.2198952879581152,69.26701570680629,2024,PPML-FE Caged x grupo sem tendencia
2024,COLEGIO,Bercario,116,671.0,3,3,0,0,2023,0.03636678039942394,2007743,121.53214483030432,0.125,83.875,2024,PPML-FE Caged x grupo sem tendencia
2024,COLEGIO,Maternal I,120,354.0,3,0,3,0,2023,0.03636678039942394,2007743,100.91802506510608,0.11271676300578035,39.90173410404624,2024,PPML-FE Caged x grupo sem tendencia
2024,COLEGIO,Maternal II,102,346.0,3,0,0,3,2023,0.03636678039942394,2007743,70.02064959601461,0.2905982905982906,100.54700854700856,2024,PPML-FE Caged x grupo sem tendencia
2024,COMPLEXO ALEMAO,Bercario,0,642.0,3,3,0,0,2023,0.03636678039942394,2007743,17.564739852350833,0.0,0.0,2024,PPML-FE Caged x grupo sem tendencia
2024,COMPLEXO ALEMAO,Maternal I,1,213.0,3,0,3,0,2023,0.03636678039942394,2007743,9.172403172165042,0.006622516556291391,1.4105960264900663,2024,PPML-FE Caged x grupo sem tendencia
2024,COMPLEXO ALEMAO,Maternal II,0,151.0,3,0,0,3,2023,0.03636678039942394,2007743,4.615991872866355,0.00234192037470726,0.35362997658079626,2024,PPML-FE Caged x grupo sem tendencia
2024,COMPLEXO MARE,Bercario,586,2609.0,3,3,0,0,2023,0.03636678039942394,2007743,390.8198631789451,0.18494000827472074,482.5084815887464,2024,PPML-FE Caged x grupo sem tendencia
2024,COMPLEXO MARE,Maternal I,475,1384.0,3,0,3,0,2023,0.03636678039942394,2007743,326.3138279409174,0.2818565400843882,390.0894514767933,2024,PPML-FE Caged x grupo sem tendencia
2024,COMPLEXO MARE,Maternal II,319,1185.0,3,0,0,3,2023,0.03636678039942394,2007743,198.33633965228827,0.181890389197776,215.54011119936456,2024,PPML-FE Caged x grupo sem tendencia
2024,COPACABANA,Bercario,362,1740.0,3,3,0,0,2023,0.03636678039942394,2007743,145.2655688255033,0.12305922944220817,214.12305922944222,2024,PPML-FE Caged x grupo sem tendencia
2024,COPACABANA,Maternal I,212,865.0,3,0,3,0,2023,0.03636678039942394,2007743,113.66490329165066,0.10321100917431193,89.27752293577983,2024,PPML-FE Caged x grupo sem tendencia
2024,COPACABANA,Maternal II,100,872.0,3,0,0,3,2023,0.03636678039942394,2007743,81.34133951910519,0.05760151085930123,50.228517469310674,2024,PPML-FE Caged x grupo sem tendencia
2024,CORDOVIL,Bercario,215,734.0,3,3,0,0,2023,0.03636678039942394,2007743,85.76242826542112,0.11757269279393173,86.29835651074589,2024,PPML-FE Caged x grupo sem tendencia
2024,CORDOVIL,Maternal I,149,422.0,3,0,3,0,2023,0.03636678039942394,2007743,77.60868032717644,0.09905660377358491,41.801886792452834,2024,PPML-FE Caged x grupo sem tendencia
2024,CORDOVIL,Maternal II,82,424.0,3,0,0,3,2023,0.03636678039942394,2007743,55.353904495865834,0.13443396226415094,57.0,2024,PPML-FE Caged x grupo sem tendencia
2024,COSME VELHO,Bercario,42,115.0,3,3,0,0,2023,0.03636678039942394,2007743,14.230882255186648,0.2302158273381295,26.474820143884894,2024,PPML-FE Caged x grupo sem tendencia
2024,COSME VELHO,Maternal I,29,75.0,3,0,3,0,2023,0.03636678039942394,2007743,14.608044627164054,0.03260869565217391,2.4456521739130435,2024,PPML-FE Caged x grupo sem tendencia
2024,COSME VELHO,Maternal II,7,92.0,3,0,0,3,2023,0.03636678039942394,2007743,12.720471424803957,0.014925373134328358,1.373134328358209,2024,PPML-FE Caged x grupo sem tendencia
2024,COSMOS,Bercario,648,2120.0,3,3,0,0,2023,0.03636678039942394,2007743,422.5110466400393,0.15634884771802982,331.45955716222323,2024,PPML-FE Caged x grupo sem tendencia
2024,COSMOS,Maternal I,532,1142.0,3,0,3,0,2023,0.03636678039942394,2007743,358.2326367615821,0.2872975277067349,328.09377664109127,2024,PPML-FE Caged x grupo sem tendencia
2024,COSMOS,Maternal II,280,1173.0,3,0,0,3,2023,0.03636678039942394,2007743,261.2050768188353,0.18698441796516957,219.3327222731439,2024,PPML-FE Caged x grupo sem tendencia
2024,COSTA BARROS,Bercario,314,959.0,3,3,0,0,2023,0.03636678039942394,2007743,256.9148395430998,0.323747680890538,310.47402597402595,2024,PPML-FE Caged x grupo sem tendencia
2024,COSTA BARROS,Maternal I,207,538.0,3,0,3,0,2023,0.03636678039942394,2007743,226.85570065773038,0.3523076923076923,189.54153846153847,2024,PPML-FE Caged x grupo sem tendencia
2024,COSTA BARROS,Maternal II,175,650.0,3,0,0,3,2023,0.03636678039942394,2007743,194.56527575296013,0.31521739130434784,204.8913043478261,2024,PPML-FE Caged x grupo sem tendencia
2024,CURICICA,Bercario,260,1144.0,3,3,0,0,2023,0.03636678039942394,2007743,198.4336180127993,0.17576664173522813,201.07703814510097,2024,PPML-FE Caged x grupo sem tendencia
2024,CURICICA,Maternal I,213,642.0,3,0,3,0,2023,0.03636678039942394,2007743,175.27545091253435,0.2756598240469208,176.97360703812316,2024,PPML-FE Caged x grupo sem tendencia
2024,CURICICA,Maternal II,171,682.0,3,0,0,3,2023,0.03636678039942394,2007743,132.17672757871478,0.21579532814238042,147.17241379310346,2024,PPML-FE Caged x grupo sem tendencia
2024,DEL CASTILHO,Bercario,146,464.0,3,3,0,0,2023,0.03636678039942394,2007743,65.81570040847708,0.21669980119284293,100.54870775347912,2024,PPML-FE Caged x grupo sem tendencia
2024,DEL CASTILHO,Maternal I,90,264.0,3,0,3,0,2023,0.03636678039942394,2007743,58.94029324640678,0.16182572614107885,42.72199170124482,2024,PPML-FE Caged x grupo sem tendencia
2024,DEL CASTILHO,Maternal II,36,241.0,3,0,0,3,2023,0.03636678039942394,2007743,38.19530336758115,0.066006600660066,15.907590759075907,2024,PPML-FE Caged x grupo sem tendencia
2024,DEODORO,Bercario,74,279.0,3,3,0,0,2023,0.03636678039942394,2007743,78.304791951212,0.25951557093425603,72.40484429065744,2024,PPML-FE Caged x grupo sem tendencia
2024,DEODORO,Maternal I,67,132.0,3,0,3,0,2023,0.03636678039942394,2007743,58.311593071790725,0.43703703703703706,57.68888888888889,2024,PPML-FE Caged x grupo sem tendencia
2024,DEODORO,Maternal II,43,135.0,3,0,0,3,2023,0.03636678039942394,2007743,42.33497421506935,0.4485294117647059,60.5514705882353,2024,PPML-FE Caged x grupo sem tendencia
2024,ENCANTADO,Bercario,32,184.0,3,3,0,0,2023,0.03636678039942394,2007743,20.20732496573957,0.08021390374331551,14.759358288770054,2024,PPML-FE Caged x grupo sem tendencia
2024,ENCANTADO,Maternal I,51,96.0,3,0,3,0,2023,0.03636678039942394,2007743,16.594305235716163,0.2037037037037037,19.555555555555554,2024,PPML-FE Caged x grupo sem tendencia
2024,ENCANTADO,Maternal II,22,108.0,3,0,0,3,2023,0.03636678039942394,2007743,13.252449332789357,0.1834862385321101,19.816513761467892,2024,PPML-FE Caged x grupo sem tendencia
2024,ENGENHEIRO LEAL,Bercario,17,136.0,3,3,0,0,2023,0.03636678039942394,2007743,20.08772488227592,0.07086614173228346,9.637795275590552,2024,PPML-FE Caged x grupo sem tendencia
2024,ENGENHEIRO LEAL,Maternal I,21,61.0,3,0,3,0,2023,0.03636678039942394,2007743,14.181380735301168,0.14666666666666667,8.946666666666667,2024,PPML-FE Caged x grupo sem tendencia
2024,ENGENHEIRO LEAL,Maternal II,34,75.0,3,0,0,3,2023,0.03636678039942394,2007743,12.377544634324513,0.38028169014084506,28.52112676056338,2024,PPML-FE Caged x grupo sem tendencia
2024,ENGENHO DENTRO,Bercario,192,759.0,3,3,0,0,2023,0.03636678039942394,2007743,78.17215200938796,0.07099143206854346,53.88249694002448,2024,PPML-FE Caged x grupo sem tendencia
2024,ENGENHO DENTRO,Maternal I,150,424.0,3,0,3,0,2023,0.03636678039942394,2007743,68.73421659342509,0.15182186234817813,64.37246963562752,2024,PPML-FE Caged x grupo sem tendencia
2024,ENGENHO DENTRO,Maternal II,96,494.0,3,0,0,3,2023,0.03636678039942394,2007743,56.84845095571831,0.09320388349514563,46.042718446601945,2024,PPML-FE Caged x grupo sem tendencia
2024,ENGENHO NOVO,Bercario,308,856.0,3,3,0,0,2023,0.03636678039942394,2007743,123.42691767505833,0.23726851851851852,203.10185185185185,2024,PPML-FE Caged x grupo sem tendencia
2024,ENGENHO NOVO,Maternal I,159,436.0,3,0,3,0,2023,0.03636678039942394,2007743,98.9508311999292,0.14870689655172414,64.83620689655173,2024,PPML-FE Caged x grupo sem tendencia
2024,ENGENHO NOVO,Maternal II,71,464.0,3,0,0,3,2023,0.03636678039942394,2007743,74.75418203585389,0.08627450980392157,40.03137254901961,2024,PPML-FE Caged x grupo sem tendencia
2024,ENGENHO RAINHA,Bercario,125,520.0,3,3,0,0,2023,0.03636678039942394,2007743,74.84738270434057,0.15047619047619049,78.24761904761905,2024,PPML-FE Caged x grupo sem tendencia
2024,ENGENHO RAINHA,Maternal I,112,253.0,3,0,3,0,2023,0.03636678039942394,2007743,57.31794804096426,0.19850187265917604,50.22097378277154,2024,PPML-FE Caged x grupo sem tendencia
2024,ENGENHO RAINHA,Maternal II,84,267.0,3,0,0,3,2023,0.03636678039942394,2007743,42.94038465028895,0.07042253521126761,18.802816901408452,2024,PPML-FE Caged x grupo sem tendencia
2024,ESTACIO,Bercario,140,353.0,3,3,0,0,2023,0.03636678039942394,2007743,80.7942502083392,0.36,127.08,2024,PPML-FE Caged x grupo sem tendencia
2024,ESTACIO,Maternal I,75,197.0,3,0,3,0,2023,0.03636678039942394,2007743,70.96902099613473,0.4029126213592233,79.37378640776699,2024,PPML-FE Caged x grupo sem tendencia
2024,ESTACIO,Maternal II,24,206.0,3,0,0,3,2023,0.03636678039942394,2007743,52.68104294707841,0.1459227467811159,30.060085836909874,2024,PPML-FE Caged x grupo sem tendencia
2024,FLAMENGO,Bercario,57,565.0,3,3,0,0,2023,0.03636678039942394,2007743,34.19903889879597,0.0625,35.3125,2024,PPML-FE Caged x grupo sem tendencia
2024,FLAMENGO,Maternal I,33,263.0,3,0,3,0,2023,0.03636678039942394,2007743,25.056363473406492,0.08243727598566308,21.68100358422939,2024,PPML-FE Caged x grupo sem tendencia
2024,FLAMENGO,Maternal II,20,279.0,3,0,0,3,2023,0.03636678039942394,2007743,18.86909412946543,0.03551912568306011,9.90983606557377,2024,PPML-FE Caged x grupo sem tendencia
2024,FREGUESIA ILHA,Bercario,88,320.0,3,3,0,0,2023,0.03636678039942394,2007743,45.07234574476807,0.18536585365853658,59.3170731707317,2024,PPML-FE Caged x grupo sem tendencia
2024,FREGUESIA ILHA,Maternal I,62,255.0,3,0,3,0,2023,0.03636678039942394,2007743,56.532371174574564,0.2774869109947644,70.75916230366492,2024,PPML-FE Caged x grupo sem tendencia
2024,FREGUESIA ILHA,Maternal II,38,191.0,3,0,0,3,2023,0.03636678039942394,2007743,30.059028788284706,0.14659685863874344,27.999999999999996,2024,PPML-FE Caged x grupo sem tendencia
2024,FREGUESIA JPA,Bercario,160,1221.0,3,3,0,0,2023,0.03636678039942394,2007743,99.65367470953314,0.06506024096385542,79.43855421686746,2024,PPML-FE Caged x grupo sem tendencia
2024,FREGUESIA JPA,Maternal I,133,619.0,3,0,3,0,2023,0.03636678039942394,2007743,79.51794381279794,0.1384180790960452,85.68079096045197,2024,PPML-FE Caged x grupo sem tendencia
2024,FREGUESIA JPA,Maternal II,63,708.0,3,0,0,3,2023,0.03636678039942394,2007743,64.56427905970557,0.031506849315068496,22.306849315068494,2024,PPML-FE Caged x grupo sem tendencia
2024,GALEAO,Bercario,126,656.0,3,3,0,0,2023,0.03636678039942394,2007743,129.6677877780813,0.17134831460674158,112.40449438202248,2024,PPML-FE Caged x grupo sem tendencia
2024,GALEAO,Maternal I,108,365.0,3,0,3,0,2023,0.03636678039942394,2007743,113.55806016925342,0.2914285714285714,106.37142857142857,2024,PPML-FE Caged x grupo sem tendencia
2024,GALEAO,Maternal II,119,350.0,3,0,0,3,2023,0.03636678039942394,2007743,77.29968085668193,0.26506024096385544,92.77108433734941,2024,PPML-FE Caged x grupo sem tendencia
2024,GAMBOA,Bercario,78,251.0,3,3,0,0,2023,0.03636678039942394,2007743,43.87385726745271,0.15602836879432624,39.163120567375884,2024,PPML-FE Caged x grupo sem tendencia
2024,GAMBOA,Maternal I,49,156.0,3,0,3,0,2023,0.03636678039942394,2007743,42.91938927121063,0.22077922077922077,34.44155844155844,2024,PPML-FE Caged x grupo sem tendencia
2024,GAMBOA,Maternal II,41,154.0,3,0,0,3,2023,0.03636678039942394,2007743,30.076978942298116,0.23376623376623376,36.0,2024,PPML-FE Caged x grupo sem tendencia
2024,GARDENIA AZUL,Bercario,267,953.0,3,3,0,0,2023,0.03636678039942394,2007743,213.12349723667162,0.2313131313131313,220.44141414141413,2024,PPML-FE Caged x grupo sem tendencia
2024,GARDENIA AZUL,Maternal I,253,461.0,3,0,3,0,2023,0.03636678039942394,2007743,162.26923823004066,0.3172905525846702,146.27094474153296,2024,PPML-FE Caged x grupo sem tendencia
2024,GARDENIA AZUL,Maternal II,167,561.0,3,0,0,3,2023,0.03636678039942394,2007743,140.17891334518865,0.17148014440433212,96.20036101083032,2024,PPML-FE Caged x grupo sem tendencia
2024,GAVEA,Bercario,213,332.0,3,3,0,0,2023,0.03636678039942394,2007743,76.37525788667975,0.3106508875739645,103.1360946745562,2024,PPML-FE Caged x grupo sem tendencia
2024,GAVEA,Maternal I,148,171.0,3,0,3,0,2023,0.03636678039942394,2007743,61.91666484271713,0.3129251700680272,53.51020408163266,2024,PPML-FE Caged x grupo sem tendencia
2024,GAVEA,Maternal II,80,147.0,3,0,0,3,2023,0.03636678039942394,2007743,37.78447002589833,0.1925133689839572,28.29946524064171,2024,PPML-FE Caged x grupo sem tendencia
2024,GERICINO,Bercario,0,19.0,3,3,0,0,2023,0.03636678039942394,2007743,2.2161514588168814,0.0,0.0,2024,PPML-FE Caged x grupo sem tendencia
2024,GERICINO,Maternal I,0,12.0,3,0,3,0,2023,0.03636678039942394,2007743,2.203047807836553,0.0,0.0,2024,PPML-FE Caged x grupo sem tendencia
2024,GERICINO,Maternal II,0,1.0,3,0,0,3,2023,0.03636678039942394,2007743,0.13032484933770724,0.0,0.0,2024,PPML-FE Caged x grupo sem tendencia
2024,GLORIA,Bercario,44,101.0,3,3,0,0,2023,0.03636678039942394,2007743,16.913162007758444,0.25663716814159293,25.920353982300885,2024,PPML-FE Caged x grupo sem tendencia
2024,GLORIA,Maternal I,23,69.0,3,0,3,0,2023,0.03636678039942394,2007743,18.186509944448282,0.358974358974359,24.76923076923077,2024,PPML-FE Caged x grupo sem tendencia
2024,GLORIA,Maternal II,18,78.0,3,0,0,3,2023,0.03636678039942394,2007743,14.594171053433634,0.09219858156028368,7.191489361702128,2024,PPML-FE Caged x grupo sem tendencia
2024,GRAJAU,Bercario,86,456.0,3,3,0,0,2023,0.03636678039942394,2007743,51.73694406013976,0.17849462365591398,81.39354838709677,2024,PPML-FE Caged x grupo sem tendencia
2024,GRAJAU,Maternal I,39,231.0,3,0,3,0,2023,0.03636678039942394,2007743,41.251975248409515,0.1111111111111111,25.666666666666664,2024,PPML-FE Caged x grupo sem tendencia
2024,GRAJAU,Maternal II,27,252.0,3,0,0,3,2023,0.03636678039942394,2007743,31.946101353570214,0.054313099041533544,13.686900958466452,2024,PPML-FE Caged x grupo sem tendencia
2024,GRUMARI,Bercario,0,6.0,3,3,0,0,2023,0.03636678039942394,2007743,0.7077470472152599,0.0,0.0,2024,PPML-FE Caged x grupo sem tendencia
2024,GRUMARI,Maternal I,0,5.0,3,0,3,0,2023,0.03636678039942394,2007743,0.9283113462390629,0.0,0.0,2024,PPML-FE Caged x grupo sem tendencia
2024,GRUMARI,Maternal II,2,5.0,3,0,0,3,2023,0.03636678039942394,2007743,0.6589890745361395,0.0,0.0,2024,PPML-FE Caged x grupo sem tendencia
2024,GUADALUPE,Bercario,179,881.0,3,3,0,0,2023,0.03636678039942394,2007743,120.81888187097809,0.10081466395112017,88.81771894093687,2024,PPML-FE Caged x grupo sem tendencia
2024,GUADALUPE,Maternal I,190,501.0,3,0,3,0,2023,0.03636678039942394,2007743,108.14176866300565,0.24329501915708812,121.89080459770115,2024,PPML-FE Caged x grupo sem tendencia
2024,GUADALUPE,Maternal II,112,522.0,3,0,0,3,2023,0.03636678039942394,2007743,79.98541475642695,0.19031719532554256,99.34557595993321,2024,PPML-FE Caged x grupo sem tendencia
2024,GUARATIBA,Bercario,1051,3626.0,3,3,0,0,2023,0.03636678039942394,2007743,749.0705328796774,0.14026536691037098,508.6022204170052,2024,PPML-FE Caged x grupo sem tendencia
2024,GUARATIBA,Maternal I,948,1906.0,3,0,3,0,2023,0.03636678039942394,2007743,619.7473067463578,0.23319544984488108,444.47052740434333,2024,PPML-FE Caged x grupo sem tendencia
2024,GUARATIBA,Maternal II,696,1934.0,3,0,0,3,2023,0.03636678039942394,2007743,446.4088309997711,0.20421393841166938,394.94975688816857,2024,PPML-FE Caged x grupo sem tendencia
2024,HIGIENOPOLIS,Bercario,54,206.0,3,3,0,0,2023,0.03636678039942394,2007743,19.631491004913023,0.05092592592592592,10.49074074074074,2024,PPML-FE Caged x grupo sem tendencia
2024,HIGIENOPOLIS,Maternal I,27,111.0,3,0,3,0,2023,0.03636678039942394,2007743,16.649679669328044,0.07627118644067797,8.466101694915254,2024,PPML-FE Caged x grupo sem tendencia
2024,HIGIENOPOLIS,Maternal II,20,118.0,3,0,0,3,2023,0.03636678039942394,2007743,12.564623129805627,0.044444444444444446,5.2444444444444445,2024,PPML-FE Caged x grupo sem tendencia
2024,HONORIO GURGEL,Bercario,108,417.0,3,3,0,0,2023,0.03636678039942394,2007743,66.08640033619217,0.17439293598233996,72.72185430463577,2024,PPML-FE Caged x grupo sem tendencia
2024,HONORIO GURGEL,Maternal I,84,222.0,3,0,3,0,2023,0.03636678039942394,2007743,55.37654484189037,0.23137254901960785,51.36470588235294,2024,PPML-FE Caged x grupo sem tendencia
2024,HONORIO GURGEL,Maternal II,61,255.0,3,0,0,3,2023,0.03636678039942394,2007743,45.15414431920233,0.16370106761565836,41.743772241992886,2024,PPML-FE Caged x grupo sem tendencia
2024,HUMAITA,Bercario,9,147.0,3,3,0,0,2023,0.03636678039942394,2007743,9.672942415555326,0.025,3.6750000000000003,2024,PPML-FE Caged x grupo sem tendencia
2024,HUMAITA,Maternal I,12,84.0,3,0,3,0,2023,0.03636678039942394,2007743,8.699962731802074,0.020833333333333332,1.75,2024,PPML-FE Caged x grupo sem tendencia
2024,HUMAITA,Maternal II,2,96.0,3,0,0,3,2023,0.03636678039942394,2007743,7.05819893891224,0.023622047244094488,2.267716535433071,2024,PPML-FE Caged x grupo sem tendencia
2024,ILHA GUARATIBA,Bercario,1,9.0,3,3,0,0,2023,0.03636678039942394,2007743,1.1363448936143699,0.15196469627011724,1.3676822664310553,2024,PPML-FE Caged x grupo sem tendencia
2024,INHAUMA,Bercario,404,1101.0,3,3,0,0,2023,0.03636678039942394,2007743,180.85628414083544,0.2041127189642041,224.72810357958872,2024,PPML-FE Caged x grupo sem tendencia
2024,INHAUMA,Maternal I,369,784.0,3,0,3,0,2023,0.03636678039942394,2007743,202.70253773581442,0.17882352941176471,140.19764705882355,2024,PPML-FE Caged x grupo sem tendencia
2024,INHAUMA,Maternal II,200,850.0,3,0,0,3,2023,0.03636678039942394,2007743,156.0079049557523,0.12982005141388175,110.34704370179949,2024,PPML-FE Caged x grupo sem tendencia
2024,INHOAIBA,Bercario,532,1572.0,3,3,0,0,2023,0.03636678039942394,2007743,385.2872353534815,0.196011396011396,308.1299145299145,2024,PPML-FE Caged x grupo sem tendencia
2024,INHOAIBA,Maternal I,445,931.0,3,0,3,0,2023,0.03636678039942394,2007743,359.1522560270946,0.3076086956521739,286.3836956521739,2024,PPML-FE Caged x grupo sem tendencia
2024,INHOAIBA,Maternal II,214,920.0,3,0,0,3,2023,0.03636678039942394,2007743,251.9424225402666,0.18622174381054898,171.32400430570507,2024,PPML-FE Caged x grupo sem tendencia
2024,IPANEMA,Bercario,8,500.0,3,3,0,0,2023,0.03636678039942394,2007743,18.62703461239466,0.0148975791433892,7.4487895716946,2024,PPML-FE Caged x grupo sem tendencia
2024,IPANEMA,Maternal I,19,291.0,3,0,3,0,2023,0.03636678039942394,2007743,17.0633203651284,0.0,0.0,2024,PPML-FE Caged x grupo sem tendencia
2024,IPANEMA,Maternal II,5,254.0,3,0,0,3,2023,0.03636678039942394,2007743,10.572771059763081,0.01818181818181818,4.618181818181818,2024,PPML-FE Caged x grupo sem tendencia
2024,IRAJA,Bercario,304,1615.0,3,3,0,0,2023,0.03636678039942394,2007743,217.19515377396402,0.10441527446300716,168.63066825775655,2024,PPML-FE Caged x grupo sem tendencia
2024,IRAJA,Maternal I,261,847.0,3,0,3,0,2023,0.03636678039942394,2007743,179.29073719513642,0.12632821723730814,107.0,2024,PPML-FE Caged x grupo sem tendencia
2024,IRAJA,Maternal II,155,847.0,3,0,0,3,2023,0.03636678039942394,2007743,127.274795741534,0.09859154929577464,83.50704225352112,2024,PPML-FE Caged x grupo sem tendencia
2024,ITANHANGA,Bercario,291,1540.0,3,3,0,0,2023,0.03636678039942394,2007743,313.7333899585091,0.1341874578556979,206.64868509777477,2024,PPML-FE Caged x grupo sem tendencia
2024,ITANHANGA,Maternal I,374,762.0,3,0,3,0,2023,0.03636678039942394,2007743,244.33845939003191,0.382228490832158,291.2581100141044,2024,PPML-FE Caged x grupo sem tendencia
2024,ITANHANGA,Maternal II,291,709.0,3,0,0,3,2023,0.03636678039942394,2007743,161.3866663861965,0.39711664482306686,281.5557011795544,2024,PPML-FE Caged x grupo sem tendencia
2024,JABOUR,Bercario,0,2.0,3,3,0,0,2023,0.03636678039942394,2007743,0.2521663544871905,0.0,0.0,2024,PPML-FE Caged x grupo sem tendencia
2024,JACARE,Bercario,258,451.0,3,3,0,0,2023,0.03636678039942394,2007743,122.93897778756886,0.3195364238410596,144.11092715231788,2024,PPML-FE Caged x grupo sem tendencia
2024,JACARE,Maternal I,148,316.0,3,0,3,0,2023,0.03636678039942394,2007743,135.58042065305358,0.25301204819277107,79.95180722891565,2024,PPML-FE Caged x grupo sem tendencia
2024,JACARE,Maternal II,101,332.0,3,0,0,3,2023,0.03636678039942394,2007743,101.11894594372467,0.2891566265060241,96.0,2024,PPML-FE Caged x grupo sem tendencia
2024,JACAREPAGUA,Bercario,624,4446.0,3,3,0,0,2023,0.03636678039942394,2007743,592.7076162849625,0.11503442149677992,511.44303797468353,2024,PPML-FE Caged x grupo sem tendencia
2024,JACAREPAGUA,Maternal I,646,2546.0,3,0,3,0,2023,0.03636678039942394,2007743,534.2275582697288,0.20389556568586822,519.1181102362204,2024,PPML-FE Caged x grupo sem tendencia
2024,JACAREPAGUA,Maternal II,523,2413.0,3,0,0,3,2023,0.03636678039942394,2007743,359.4262285352537,0.17670682730923695,426.39357429718876,2024,PPML-FE Caged x grupo sem tendencia
2024,JACAREZINHO,Bercario,40,436.0,3,3,0,0,2023,0.03636678039942394,2007743,25.89593449082482,0.0684931506849315,29.863013698630134,2024,PPML-FE Caged x grupo sem tendencia
2024,JACAREZINHO,Maternal I,20,208.0,3,0,3,0,2023,0.03636678039942394,2007743,19.444880209003802,0.04390243902439024,9.13170731707317,2024,PPML-FE Caged x grupo sem tendencia
2024,JACAREZINHO,Maternal II,13,205.0,3,0,0,3,2023,0.03636678039942394,2007743,13.604430110304458,0.01444043321299639,2.9602888086642603,2024,PPML-FE Caged x grupo sem tendencia
2024,JARDIM AMERICA,Bercario,141,570.0,3,3,0,0,2023,0.03636678039942394,2007743,97.4379849792004,0.16134453781512606,91.96638655462185,2024,PPML-FE Caged x grupo sem tendencia
2024,JARDIM AMERICA,Maternal I,158,306.0,3,0,3,0,2023,0.03636678039942394,2007743,82.33257596237658,0.24645892351274787,75.41643059490085,2024,PPML-FE Caged x grupo sem tendencia
2024,JARDIM AMERICA,Maternal II,54,353.0,3,0,0,3,2023,0.03636678039942394,2007743,67.42322752907373,0.09895833333333333,34.932291666666664,2024,PPML-FE Caged x grupo sem tendencia
2024,JARDIM BOTANICO,Bercario,12,228.0,3,3,0,0,2023,0.03636678039942394,2007743,11.635043117704754,0.008695652173913044,1.982608695652174,2024,PPML-FE Caged x grupo sem tendencia
2024,JARDIM BOTANICO,Maternal I,15,112.0,3,0,3,0,2023,0.03636678039942394,2007743,8.995970265277018,0.0,0.0,2024,PPML-FE Caged x grupo sem tendencia
2024,JARDIM BOTANICO,Maternal II,5,122.0,3,0,0,3,2023,0.03636678039942394,2007743,6.95623708046628,0.0,0.0,2024,PPML-FE Caged x grupo sem tendencia
2024,JARDIM CARIOCA,Bercario,85,402.0,3,3,0,0,2023,0.03636678039942394,2007743,38.44824186265794,0.09813084112149532,39.44859813084112,2024,PPML-FE Caged x grupo sem tendencia
2024,JARDIM CARIOCA,Maternal I,54,215.0,3,0,3,0,2023,0.03636678039942394,2007743,32.3657541438159,0.1308016877637131,28.122362869198316,2024,PPML-FE Caged x grupo sem tendencia
2024,JARDIM CARIOCA,Maternal II,33,237.0,3,0,0,3,2023,0.03636678039942394,2007743,25.32679136126483,0.0752212389380531,17.827433628318584,2024,PPML-FE Caged x grupo sem tendencia
2024,JARDIM GUANABARA,Bercario,14,370.0,3,3,0,0,2023,0.03636678039942394,2007743,17.46091981495729,0.02030456852791878,7.512690355329949,2024,PPML-FE Caged x grupo sem tendencia
2024,JARDIM GUANABARA,Maternal I,7,200.0,3,0,3,0,2023,0.03636678039942394,2007743,14.855669472037208,0.011428571428571429,2.2857142857142856,2024,PPML-FE Caged x grupo sem tendencia
2024,JARDIM GUANABARA,Maternal II,13,175.0,3,0,0,3,2023,0.03636678039942394,2007743,9.227516637680475,0.014354066985645933,2.511961722488038,2024,PPML-FE Caged x grupo sem tendencia
2024,JARDIM SULACAP,Bercario,39,376.0,3,3,0,0,2023,0.03636678039942394,2007743,34.730601715301084,0.0481283422459893,18.096256684491976,2024,PPML-FE Caged x grupo sem tendencia
2024,JARDIM SULACAP,Maternal I,48,174.0,3,0,3,0,2023,0.03636678039942394,2007743,25.29708904906537,0.08080808080808081,14.060606060606062,2024,PPML-FE Caged x grupo sem tendencia
2024,JARDIM SULACAP,Maternal II,39,198.0,3,0,0,3,2023,0.03636678039942394,2007743,20.43483085632824,0.09137055837563451,18.091370558375633,2024,PPML-FE Caged x grupo sem tendencia
2024,JOA,Bercario,0,12.0,3,3,0,0,2023,0.03636678039942394,2007743,1.4271570752658793,0.05263157894736842,0.631578947368421,2024,PPML-FE Caged x grupo sem tendencia
2024,JOA,Maternal I,0,11.0,3,0,3,0,2023,0.03636678039942394,2007743,2.0591123935482765,0.0,0.0,2024,PPML-FE Caged x grupo sem tendencia
2024,JOA,Maternal II,0,4.0,3,0,0,3,2023,0.03636678039942394,2007743,0.5315350584351474,0.2,0.8,2024,PPML-FE Caged x grupo sem tendencia
2024,LAGOA,Bercario,5,254.0,3,3,0,0,2023,0.03636678039942394,2007743,11.976550528351954,0.0,0.0,2024,PPML-FE Caged x grupo sem tendencia
2024,LAGOA,Maternal I,3,128.0,3,0,3,0,2023,0.03636678039942394,2007743,9.499589584840146,0.006756756756756757,0.8648648648648649,2024,PPML-FE Caged x grupo sem tendencia
2024,LAGOA,Maternal II,1,148.0,3,0,0,3,2023,0.03636678039942394,2007743,7.797244347589977,0.0136986301369863,2.0273972602739727,2024,PPML-FE Caged x grupo sem tendencia
2024,LAPA,Bercario,0,48.0,3,3,0,0,2023,0.03636678039942394,2007743,3.823976218328793,0.0,0.0,2024,PPML-FE Caged x grupo sem tendencia
2024,LAPA,Maternal I,0,34.0,3,0,3,0,2023,0.03636678039942394,2007743,4.263337369490702,0.0,0.0,2024,PPML-FE Caged x grupo sem tendencia
2024,LAPA,Maternal II,0,49.0,3,0,0,3,2023,0.03636678039942394,2007743,4.361656095737642,0.0,0.0,2024,PPML-FE Caged x grupo sem tendencia
2024,LARANJEIRAS,Bercario,53,542.0,3,3,0,0,2023,0.03636678039942394,2007743,34.50351529312857,0.06548672566371681,35.49380530973451,2024,PPML-FE Caged x grupo sem tendencia
2024,LARANJEIRAS,Maternal I,38,280.0,3,0,3,0,2023,0.03636678039942394,2007743,28.05555907837596,0.07692307692307693,21.53846153846154,2024,PPML-FE Caged x grupo sem tendencia
2024,LARANJEIRAS,Maternal II,17,273.0,3,0,0,3,2023,0.03636678039942394,2007743,19.41816106510722,0.047619047619047616,13.0,2024,PPML-FE Caged x grupo sem tendencia
2024,LEBLON,Bercario,26,547.0,3,3,0,0,2023,0.03636678039942394,2007743,18.57561028254995,0.009009009009009009,4.927927927927928,2024,PPML-FE Caged x grupo sem tendencia
2024,LEBLON,Maternal I,16,267.0,3,0,3,0,2023,0.03636678039942394,2007743,14.27131080847241,0.006968641114982578,1.8606271777003485,2024,PPML-FE Caged x grupo sem tendencia
2024,LEBLON,Maternal II,5,287.0,3,0,0,3,2023,0.03636678039942394,2007743,10.889778738170499,0.0031746031746031746,0.9111111111111111,2024,PPML-FE Caged x grupo sem tendencia
2024,LEME,Bercario,48,193.0,3,3,0,0,2023,0.03636678039942394,2007743,20.691747600044476,0.15151515151515152,29.242424242424242,2024,PPML-FE Caged x grupo sem tendencia
2024,LEME,Maternal I,31,95.0,3,0,3,0,2023,0.03636678039942394,2007743,16.030988664814632,0.05084745762711865,4.830508474576272,2024,PPML-FE Caged x grupo sem tendencia
2024,LEME,Maternal II,9,118.0,3,0,0,3,2023,0.03636678039942394,2007743,14.135242543550556,0.11666666666666667,13.766666666666667,2024,PPML-FE Caged x grupo sem tendencia
2024,LINS VASCONCELOS,Bercario,222,677.0,3,3,0,0,2023,0.03636678039942394,2007743,93.15524840136004,0.21666666666666667,146.68333333333334,2024,PPML-FE Caged x grupo sem tendencia
2024,LINS VASCONCELOS,Maternal I,85,375.0,3,0,3,0,2023,0.03636678039942394,2007743,81.21696678375972,0.11055276381909548,41.45728643216081,2024,PPML-FE Caged x grupo sem tendencia
2024,LINS VASCONCELOS,Maternal II,33,398.0,3,0,0,3,2023,0.03636678039942394,2007743,61.19037658282758,0.06698564593301436,26.660287081339714,2024,PPML-FE Caged x grupo sem tendencia
2024,MADUREIRA,Bercario,214,845.0,3,3,0,0,2023,0.03636678039942394,2007743,124.76685405327156,0.18796992481203006,158.8345864661654,2024,PPML-FE Caged x grupo sem tendencia
2024,MADUREIRA,Maternal I,131,469.0,3,0,3,0,2023,0.03636678039942394,2007743,108.99641077758977,0.17495395948434622,82.05340699815838,2024,PPML-FE Caged x grupo sem tendencia
2024,MADUREIRA,Maternal II,75,543.0,3,0,0,3,2023,0.03636678039942394,2007743,89.58261580387486,0.13738019169329074,74.59744408945687,2024,PPML-FE Caged x grupo sem tendencia
2024,MAGALHAES BASTOS,Bercario,100,442.0,3,3,0,0,2023,0.03636678039942394,2007743,64.04345800237161,0.12009237875288684,53.08083140877598,2024,PPML-FE Caged x grupo sem tendencia
2024,MAGALHAES BASTOS,Maternal I,58,205.0,3,0,3,0,2023,0.03636678039942394,2007743,46.75232396985934,0.13636363636363635,27.954545454545453,2024,PPML-FE Caged x grupo sem tendencia
2024,MAGALHAES BASTOS,Maternal II,45,242.0,3,0,0,3,2023,0.03636678039942394,2007743,39.178631708160175,0.11481481481481481,27.785185185185185,2024,PPML-FE Caged x grupo sem tendencia
2024,MANGUEIRA,Bercario,182,460.0,3,3,0,0,2023,0.03636678039942394,2007743,104.83795412004665,0.35802469135802467,164.69135802469134,2024,PPML-FE Caged x grupo sem tendencia
2024,MANGUEIRA,Maternal I,62,254.0,3,0,3,0,2023,0.03636678039942394,2007743,91.11528977982718,0.25523012552301255,64.82845188284519,2024,PPML-FE Caged x grupo sem tendencia
2024,MANGUEIRA,Maternal II,34,239.0,3,0,0,3,2023,0.03636678039942394,2007743,60.861128496879715,0.12406015037593984,29.65037593984962,2024,PPML-FE Caged x grupo sem tendencia
2024,MANGUINHOS,Bercario,162,739.0,3,3,0,0,2023,0.03636678039942394,2007743,84.42748946619326,0.09149484536082474,67.61469072164948,2024,PPML-FE Caged x grupo sem tendencia
2024,MANGUINHOS,Maternal I,118,385.0,3,0,3,0,2023,0.03636678039942394,2007743,69.23042615429416,0.17233560090702948,66.34920634920636,2024,PPML-FE Caged x grupo sem tendencia
2024,MANGUINHOS,Maternal II,89,441.0,3,0,0,3,2023,0.03636678039942394,2007743,56.29365157003653,0.13043478260869565,57.52173913043478,2024,PPML-FE Caged x grupo sem tendencia
2024,MARACANA,Bercario,17,303.0,3,3,0,0,2023,0.03636678039942394,2007743,21.69984192672803,0.08598726114649681,26.054140127388532,2024,PPML-FE Caged x grupo sem tendencia
2024,MARACANA,Maternal I,9,154.0,3,0,3,0,2023,0.03636678039942394,2007743,17.35927172028892,0.057803468208092484,8.901734104046243,2024,PPML-FE Caged x grupo sem tendencia
2024,MARACANA,Maternal II,9,173.0,3,0,0,3,2023,0.03636678039942394,2007743,13.843357648441456,0.047872340425531915,8.28191489361702,2024,PPML-FE Caged x grupo sem tendencia
2024,MARECHAL HERMES,Bercario,133,780.0,3,3,0,0,2023,0.03636678039942394,2007743,119.76026374248927,0.07445442875481387,58.07445442875482,2024,PPML-FE Caged x grupo sem tendencia
2024,MARECHAL HERMES,Maternal I,171,418.0,3,0,3,0,2023,0.03636678039942394,2007743,101.01625444817634,0.20316027088036118,84.92099322799098,2024,PPML-FE Caged x grupo sem tendencia
2024,MARECHAL HERMES,Maternal II,97,443.0,3,0,0,3,2023,0.03636678039942394,2007743,75.9981921972611,0.22760290556900725,100.82808716707021,2024,PPML-FE Caged x grupo sem tendencia
2024,MARIA GRACA,Bercario,18,103.0,3,3,0,0,2023,0.03636678039942394,2007743,9.379489673314483,0.07627118644067797,7.855932203389831,2024,PPML-FE Caged x grupo sem tendencia
2024,MARIA GRACA,Maternal I,15,63.0,3,0,3,0,2023,0.03636678039942394,2007743,9.029825815286811,0.02,1.26,2024,PPML-FE Caged x grupo sem tendencia
2024,MARIA GRACA,Maternal II,5,50.0,3,0,0,3,2023,0.03636678039942394,2007743,5.087370690285615,0.01818181818181818,0.9090909090909091,2024,PPML-FE Caged x grupo sem tendencia
2024,MEIER,Bercario,72,499.0,3,3,0,0,2023,0.03636678039942394,2007743,33.26685277669625,0.05588822355289421,27.88822355289421,2024,PPML-FE Caged x grupo sem tendencia
2024,MEIER,Maternal I,90,259.0,3,0,3,0,2023,0.03636678039942394,2007743,27.17739166499135,0.056910569105691054,14.739837398373982,2024,PPML-FE Caged x grupo sem tendencia
2024,MEIER,Maternal II,37,246.0,3,0,0,3,2023,0.03636678039942394,2007743,18.32431176125313,0.033707865168539325,8.292134831460674,2024,PPML-FE Caged x grupo sem tendencia
2024,MONERO,Bercario,2,46.0,3,3,0,0,2023,0.03636678039942394,2007743,4.892673538947044,0.05555555555555555,2.5555555555555554,2024,PPML-FE Caged x grupo sem tendencia
2024,MONERO,Maternal I,5,30.0,3,0,3,0,2023,0.03636678039942394,2007743,5.022344512550089,0.10714285714285714,3.214285714285714,2024,PPML-FE Caged x grupo sem tendencia
2024,MONERO,Maternal II,2,28.0,3,0,0,3,2023,0.03636678039942394,2007743,3.327574845824488,0.10344827586206896,2.896551724137931,2024,PPML-FE Caged x grupo sem tendencia
2024,OLARIA,Bercario,236,895.0,3,3,0,0,2023,0.03636678039942394,2007743,113.0526623812048,0.10248447204968944,91.72360248447205,2024,PPML-FE Caged x grupo sem tendencia
2024,OLARIA,Maternal I,170,474.0,3,0,3,0,2023,0.03636678039942394,2007743,94.23949263705384,0.11594202898550725,54.95652173913044,2024,PPML-FE Caged x grupo sem tendencia
2024,OLARIA,Maternal II,73,483.0,3,0,0,3,2023,0.03636678039942394,2007743,68.1688996987912,0.07471264367816093,36.08620689655173,2024,PPML-FE Caged x grupo sem tendencia
2024,OSWALDO CRUZ,Bercario,79,499.0,3,3,0,0,2023,0.03636678039942394,2007743,66.86008105513979,0.05471698113207547,27.30377358490566,2024,PPML-FE Caged x grupo sem tendencia
2024,OSWALDO CRUZ,Maternal I,95,286.0,3,0,3,0,2023,0.03636678039942394,2007743,60.31554061589993,0.15298507462686567,43.75373134328358,2024,PPML-FE Caged x grupo sem tendencia
2024,OSWALDO CRUZ,Maternal II,77,268.0,3,0,0,3,2023,0.03636678039942394,2007743,40.12199703732294,0.22875816993464052,61.307189542483655,2024,PPML-FE Caged x grupo sem tendencia
2024,PACIENCIA,Bercario,734,2461.0,3,3,0,0,2023,0.03636678039942394,2007743,525.0921935560557,0.18564449455092072,456.8711010898159,2024,PPML-FE Caged x grupo sem tendencia
2024,PACIENCIA,Maternal I,760,1410.0,3,0,3,0,2023,0.03636678039942394,2007743,473.5217143164795,0.3201113430758525,451.356993736952,2024,PPML-FE Caged x grupo sem tendencia
2024,PACIENCIA,Maternal II,342,1437.0,3,0,0,3,2023,0.03636678039942394,2007743,342.58008323405664,0.16233766233766234,233.27922077922076,2024,PPML-FE Caged x grupo sem tendencia
2024,PADRE MIGUEL,Bercario,192,1057.0,3,3,0,0,2023,0.03636678039942394,2007743,138.80241873395025,0.09605026929982047,101.52513464991023,2024,PPML-FE Caged x grupo sem tendencia
2024,PADRE MIGUEL,Maternal I,187,604.0,3,0,3,0,2023,0.03636678039942394,2007743,124.8405932953159,0.25826771653543307,155.99370078740156,2024,PPML-FE Caged x grupo sem tendencia
2024,PADRE MIGUEL,Maternal II,146,635.0,3,0,0,3,2023,0.03636678039942394,2007743,93.1702297495217,0.13618677042801555,86.47859922178988,2024,PPML-FE Caged x grupo sem tendencia
2024,PAQUETA,Bercario,23,58.0,3,3,0,0,2023,0.03636678039942394,2007743,9.782239323640646,0.3466666666666667,20.10666666666667,2024,PPML-FE Caged x grupo sem tendencia
2024,PAQUETA,Maternal I,13,42.0,3,0,3,0,2023,0.03636678039942394,2007743,11.14952637121424,0.25806451612903225,10.838709677419354,2024,PPML-FE Caged x grupo sem tendencia
2024,PAQUETA,Maternal II,6,31.0,3,0,0,3,2023,0.03636678039942394,2007743,5.841890042349904,0.28,8.680000000000001,2024,PPML-FE Caged x grupo sem tendencia
2024,PARADA LUCAS,Bercario,138,553.0,3,3,0,0,2023,0.03636678039942394,2007743,53.055991833355804,0.030405405405405407,16.81418918918919,2024,PPML-FE Caged x grupo sem tendencia
2024,PARADA LUCAS,Maternal I,83,312.0,3,0,3,0,2023,0.03636678039942394,2007743,47.115167448451416,0.10714285714285714,33.42857142857142,2024,PPML-FE Caged x grupo sem tendencia
2024,PARADA LUCAS,Maternal II,39,280.0,3,0,0,3,2023,0.03636678039942394,2007743,30.015717695059426,0.06289308176100629,17.61006289308176,2024,PPML-FE Caged x grupo sem tendencia
2024,PARQUE ANCHIETA,Bercario,64,310.0,3,3,0,0,2023,0.03636678039942394,2007743,42.65574965109381,0.04451038575667656,13.798219584569734,2024,PPML-FE Caged x grupo sem tendencia
2024,PARQUE ANCHIETA,Maternal I,67,198.0,3,0,3,0,2023,0.03636678039942394,2007743,42.88228450256617,0.2403846153846154,47.59615384615385,2024,PPML-FE Caged x grupo sem tendencia
2024,PARQUE ANCHIETA,Maternal II,44,208.0,3,0,0,3,2023,0.03636678039942394,2007743,31.97868597429359,0.17159763313609466,35.69230769230769,2024,PPML-FE Caged x grupo sem tendencia
2024,PARQUE COLUMBIA,Bercario,23,134.0,3,3,0,0,2023,0.03636678039942394,2007743,22.507943136889253,0.3026315789473684,40.55263157894737,2024,PPML-FE Caged x grupo sem tendencia
2024,PARQUE COLUMBIA,Maternal I,17,56.0,3,0,3,0,2023,0.03636678039942394,2007743,14.805254474402997,0.5121951219512195,28.682926829268293,2024,PPML-FE Caged x grupo sem tendencia
2024,PARQUE COLUMBIA,Maternal II,4,41.0,3,0,0,3,2023,0.03636678039942394,2007743,7.694780965523557,0.12280701754385964,5.035087719298246,2024,PPML-FE Caged x grupo sem tendencia
2024,PAVUNA,Bercario,475,1796.0,3,3,0,0,2023,0.03636678039942394,2007743,351.07278719089135,0.24755887421022402,444.6157380815623,2024,PPML-FE Caged x grupo sem tendencia
2024,PAVUNA,Maternal I,380,925.0,3,0,3,0,2023,0.03636678039942394,2007743,284.5964025906885,0.3119918699186992,288.5924796747968,2024,PPML-FE Caged x grupo sem tendencia
2024,PAVUNA,Maternal II,197,984.0,3,0,0,3,2023,0.03636678039942394,2007743,214.91529665781454,0.16747337850919652,164.79380445304938,2024,PPML-FE Caged x grupo sem tendencia
2024,PECHINCHA,Bercario,78,829.0,3,3,0,0,2023,0.03636678039942394,2007743,53.643269664846294,0.035175879396984924,29.160804020100503,2024,PPML-FE Caged x grupo sem tendencia
2024,PECHINCHA,Maternal I,70,363.0,3,0,3,0,2023,0.03636678039942394,2007743,36.97125338822847,0.05868544600938967,21.302816901408452,2024,PPML-FE Caged x grupo sem tendencia
2024,PECHINCHA,Maternal II,58,426.0,3,0,0,3,2023,0.03636678039942394,2007743,30.80007003395153,0.05200945626477541,22.156028368794324,2024,PPML-FE Caged x grupo sem tendencia
2024,PEDRA GUARATIBA,Bercario,107,678.0,3,3,0,0,2023,0.03636678039942394,2007743,59.833499176426535,0.04697986577181208,31.85234899328859,2024,PPML-FE Caged x grupo sem tendencia
2024,PEDRA GUARATIBA,Maternal I,136,436.0,3,0,3,0,2023,0.03636678039942394,2007743,60.56169698165681,0.09740259740259741,42.46753246753247,2024,PPML-FE Caged x grupo sem tendencia
2024,PEDRA GUARATIBA,Maternal II,45,462.0,3,0,0,3,2023,0.03636678039942394,2007743,45.55521262294656,0.05765765765765766,26.63783783783784,2024,PPML-FE Caged x grupo sem tendencia
2024,PENHA,Bercario,350,1366.0,3,3,0,0,2023,0.03636678039942394,2007743,157.35834838221194,0.12666200139958012,173.02029391182643,2024,PPML-FE Caged x grupo sem tendencia
2024,PENHA,Maternal I,273,714.0,3,0,3,0,2023,0.03636678039942394,2007743,129.45956386810045,0.115995115995116,82.82051282051282,2024,PPML-FE Caged x grupo sem tendencia
2024,PENHA,Maternal II,139,819.0,3,0,0,3,2023,0.03636678039942394,2007743,105.41547873072253,0.06673960612691467,54.65973741794311,2024,PPML-FE Caged x grupo sem tendencia
2024,PENHA CIRCULAR,Bercario,248,759.0,3,3,0,0,2023,0.03636678039942394,2007743,93.91484374556698,0.17092866756393002,129.7348586810229,2024,PPML-FE Caged x grupo sem tendencia
2024,PENHA CIRCULAR,Maternal I,140,383.0,3,0,3,0,2023,0.03636678039942394,2007743,74.59128293744986,0.11483253588516747,43.98086124401914,2024,PPML-FE Caged x grupo sem tendencia
2024,PENHA CIRCULAR,Maternal II,69,418.0,3,0,0,3,2023,0.03636678039942394,2007743,57.78966015384285,0.12566844919786097,52.529411764705884,2024,PPML-FE Caged x grupo sem tendencia
2024,PIEDADE,Bercario,153,722.0,3,3,0,0,2023,0.03636678039942394,2007743,90.2320742697408,0.08671328671328671,62.606993006993,2024,PPML-FE Caged x grupo sem tendencia
2024,PIEDADE,Maternal I,170,368.0,3,0,3,0,2023,0.03636678039942394,2007743,72.38830386572842,0.16152019002375298,59.4394299287411,2024,PPML-FE Caged x grupo sem tendencia
2024,PIEDADE,Maternal II,90,421.0,3,0,0,3,2023,0.03636678039942394,2007743,58.787803482403405,0.13729977116704806,57.80320366132723,2024,PPML-FE Caged x grupo sem tendencia
2024,PILARES,Bercario,138,459.0,3,3,0,0,2023,0.03636678039942394,2007743,65.24119847669242,0.1826086956521739,83.81739130434782,2024,PPML-FE Caged x grupo sem tendencia
2024,PILARES,Maternal I,115,231.0,3,0,3,0,2023,0.03636678039942394,2007743,51.679471453752356,0.15079365079365079,34.83333333333333,2024,PPML-FE Caged x grupo sem tendencia
2024,PILARES,Maternal II,67,252.0,3,0,0,3,2023,0.03636678039942394,2007743,40.021298932204814,0.05993690851735016,15.10410094637224,2024,PPML-FE Caged x grupo sem tendencia
2024,PITANGUEIRAS,Bercario,18,186.0,3,3,0,0,2023,0.03636678039942394,2007743,14.33670831861877,0.01675977653631285,3.11731843575419,2024,PPML-FE Caged x grupo sem tendencia
2024,PITANGUEIRAS,Maternal I,14,90.0,3,0,3,0,2023,0.03636678039942394,2007743,10.918823690117605,0.0375,3.375,2024,PPML-FE Caged x grupo sem tendencia
2024,PITANGUEIRAS,Maternal II,15,80.0,3,0,0,3,2023,0.03636678039942394,2007743,6.889820171480739,0.041237113402061855,3.2989690721649483,2024,PPML-FE Caged x grupo sem tendencia
2024,PORTUGUESA,Bercario,72,306.0,3,3,0,0,2023,0.03636678039942394,2007743,43.99297353610413,0.14331210191082802,43.853503184713375,2024,PPML-FE Caged x grupo sem tendencia
2024,PORTUGUESA,Maternal I,36,160.0,3,0,3,0,2023,0.03636678039942394,2007743,36.20584702805029,0.2585034013605442,41.36054421768708,2024,PPML-FE Caged x grupo sem tendencia
2024,PORTUGUESA,Maternal II,16,147.0,3,0,0,3,2023,0.03636678039942394,2007743,23.613513970850004,0.14204545454545456,20.88068181818182,2024,PPML-FE Caged x grupo sem tendencia
2024,PRACA BANDEIRA,Bercario,13,122.0,3,3,0,0,2023,0.03636678039942394,2007743,12.687159037616619,0.07692307692307693,9.384615384615385,2024,PPML-FE Caged x grupo sem tendencia
2024,PRACA BANDEIRA,Maternal I,21,70.0,3,0,3,0,2023,0.03636678039942394,2007743,11.457752368971963,0.1891891891891892,13.243243243243244,2024,PPML-FE Caged x grupo sem tendencia
2024,PRACA BANDEIRA,Maternal II,12,74.0,3,0,0,3,2023,0.03636678039942394,2007743,8.598400447001385,0.08247422680412371,6.103092783505154,2024,PPML-FE Caged x grupo sem tendencia
2024,PRACA SECA,Bercario,289,1175.0,3,3,0,0,2023,0.03636678039942394,2007743,170.10266656010424,0.09135004042037187,107.33629749393695,2024,PPML-FE Caged x grupo sem tendencia
2024,PRACA SECA,Maternal I,236,669.0,3,0,3,0,2023,0.03636678039942394,2007743,152.4390422322274,0.19578313253012047,130.9789156626506,2024,PPML-FE Caged x grupo sem tendencia
2024,PRACA SECA,Maternal II,156,664.0,3,0,0,3,2023,0.03636678039942394,2007743,107.40456211861867,0.12342215988779803,81.9523141654979,2024,PPML-FE Caged x grupo sem tendencia
2024,PRAIA BANDEIRA,Bercario,3,56.0,3,3,0,0,2023,0.03636678039942394,2007743,5.806473271264988,0.017857142857142856,1.0,2024,PPML-FE Caged x grupo sem tendencia
2024,PRAIA BANDEIRA,Maternal I,5,40.0,3,0,3,0,2023,0.03636678039942394,2007743,6.528016359062306,0.0,0.0,2024,PPML-FE Caged x grupo sem tendencia
2024,PRAIA BANDEIRA,Maternal II,1,33.0,3,0,0,3,2023,0.03636678039942394,2007743,3.823135921009858,0.13793103448275862,4.551724137931035,2024,PPML-FE Caged x grupo sem tendencia
2024,QUINTINO BOCAIUVA,Bercario,68,462.0,3,3,0,0,2023,0.03636678039942394,2007743,47.942679775688035,0.07531380753138076,34.79497907949791,2024,PPML-FE Caged x grupo sem tendencia
2024,QUINTINO BOCAIUVA,Maternal I,119,235.0,3,0,3,0,2023,0.03636678039942394,2007743,38.38354042178346,0.0962962962962963,22.62962962962963,2024,PPML-FE Caged x grupo sem tendencia
2024,QUINTINO BOCAIUVA,Maternal II,89,270.0,3,0,0,3,2023,0.03636678039942394,2007743,31.30584916255013,0.19413919413919414,52.417582417582416,2024,PPML-FE Caged x grupo sem tendencia
2024,RAMOS,Bercario,490,1368.0,3,3,0,0,2023,0.03636678039942394,2007743,208.48486716201944,0.08383233532934131,114.68263473053892,2024,PPML-FE Caged x grupo sem tendencia
2024,RAMOS,Maternal I,427,642.0,3,0,3,0,2023,0.03636678039942394,2007743,153.99985307704728,0.1066350710900474,68.45971563981043,2024,PPML-FE Caged x grupo sem tendencia
2024,RAMOS,Maternal II,222,844.0,3,0,0,3,2023,0.03636678039942394,2007743,143.71836930615964,0.16598079561042525,140.0877914951989,2024,PPML-FE Caged x grupo sem tendencia
2024,REALENGO,Bercario,832,3310.0,3,3,0,0,2023,0.03636678039942394,2007743,508.13854241673073,0.12924025791982058,427.7852537146061,2024,PPML-FE Caged x grupo sem tendencia
2024,REALENGO,Maternal I,663,1877.0,3,0,3,0,2023,0.03636678039942394,2007743,453.53964405614937,0.19705434230573896,369.871000507872,2024,PPML-FE Caged x grupo sem tendencia
2024,REALENGO,Maternal II,450,1969.0,3,0,0,3,2023,0.03636678039942394,2007743,337.7390319202807,0.10338069573738363,203.55658990690839,2024,PPML-FE Caged x grupo sem tendencia
2024,RECREIO BANDEIRANTES,Bercario,232,2582.0,3,3,0,0,2023,0.03636678039942394,2007743,223.9759165352866,0.06632085957762134,171.24045942941828,2024,PPML-FE Caged x grupo sem tendencia
2024,RECREIO BANDEIRANTES,Maternal I,276,1375.0,3,0,3,0,2023,0.03636678039942394,2007743,187.73472950008275,0.14590747330960854,200.62277580071174,2024,PPML-FE Caged x grupo sem tendencia
2024,RECREIO BANDEIRANTES,Maternal II,181,1405.0,3,0,0,3,2023,0.03636678039942394,2007743,136.1766992152047,0.10569663692518874,148.5037748798902,2024,PPML-FE Caged x grupo sem tendencia
2024,RIACHUELO,Bercario,48,139.0,3,3,0,0,2023,0.03636678039942394,2007743,11.901276690282911,0.11428571428571428,15.885714285714284,2024,PPML-FE Caged x grupo sem tendencia
2024,RIACHUELO,Maternal I,15,77.0,3,0,3,0,2023,0.03636678039942394,2007743,10.376868557187725,0.11702127659574468,9.01063829787234,2024,PPML-FE Caged x grupo sem tendencia
2024,RIACHUELO,Maternal II,18,94.0,3,0,0,3,2023,0.03636678039942394,2007743,8.992656400795003,0.020202020202020204,1.8989898989898992,2024,PPML-FE Caged x grupo sem tendencia
2024,RIBEIRA,Bercario,5,41.0,3,3,0,0,2023,0.03636678039942394,2007743,4.053500212129242,0.07142857142857142,2.9285714285714284,2024,PPML-FE Caged x grupo sem tendencia
2024,RIBEIRA,Maternal I,4,21.0,3,0,3,0,2023,0.03636678039942394,2007743,3.2678527329039637,0.0967741935483871,2.032258064516129,2024,PPML-FE Caged x grupo sem tendencia
2024,RIBEIRA,Maternal II,6,31.0,3,0,0,3,2023,0.03636678039942394,2007743,3.4244389769784513,0.0,0.0,2024,PPML-FE Caged x grupo sem tendencia
2024,RICARDO ALBUQUERQUE,Bercario,148,555.0,3,3,0,0,2023,0.03636678039942394,2007743,108.5804321215983,0.1423785594639866,79.02010050251256,2024,PPML-FE Caged x grupo sem tendencia
2024,RICARDO ALBUQUERQUE,Maternal I,122,311.0,3,0,3,0,2023,0.03636678039942394,2007743,95.76698395677307,0.3193548387096774,99.31935483870967,2024,PPML-FE Caged x grupo sem tendencia
2024,RICARDO ALBUQUERQUE,Maternal II,100,310.0,3,0,0,3,2023,0.03636678039942394,2007743,67.76441145564029,0.22121212121212122,68.57575757575758,2024,PPML-FE Caged x grupo sem tendencia
2024,RIO COMPRIDO,Bercario,251,741.0,3,3,0,0,2023,0.03636678039942394,2007743,132.0602459013126,0.2442455242966752,180.98593350383632,2024,PPML-FE Caged x grupo sem tendencia
2024,RIO COMPRIDO,Maternal I,147,384.0,3,0,3,0,2023,0.03636678039942394,2007743,107.71643129224897,0.21394230769230768,82.15384615384615,2024,PPML-FE Caged x grupo sem tendencia
2024,RIO COMPRIDO,Maternal II,73,416.0,3,0,0,3,2023,0.03636678039942394,2007743,82.83781186340536,0.12727272727272726,52.94545454545454,2024,PPML-FE Caged x grupo sem tendencia
2024,ROCHA,Bercario,107,341.0,3,3,0,0,2023,0.03636678039942394,2007743,58.261380421409235,0.22514619883040934,76.77485380116958,2024,PPML-FE Caged x grupo sem tendencia
2024,ROCHA,Maternal I,47,156.0,3,0,3,0,2023,0.03636678039942394,2007743,41.95153230508366,0.33544303797468356,52.32911392405063,2024,PPML-FE Caged x grupo sem tendencia
2024,ROCHA,Maternal II,29,158.0,3,0,0,3,2023,0.03636678039942394,2007743,30.16232899699831,0.2978723404255319,47.06382978723404,2024,PPML-FE Caged x grupo sem tendencia
2024,ROCHA MIRANDA,Bercario,189,718.0,3,3,0,0,2023,0.03636678039942394,2007743,103.30712385811906,0.11442786069651742,82.1592039800995,2024,PPML-FE Caged x grupo sem tendencia
2024,ROCHA MIRANDA,Maternal I,132,444.0,3,0,3,0,2023,0.03636678039942394,2007743,100.5508242656238,0.15876777251184834,70.49289099526067,2024,PPML-FE Caged x grupo sem tendencia
2024,ROCHA MIRANDA,Maternal II,76,422.0,3,0,0,3,2023,0.03636678039942394,2007743,67.84216076938986,0.14601769911504425,61.61946902654867,2024,PPML-FE Caged x grupo sem tendencia
2024,ROCINHA,Bercario,283,1392.0,3,3,0,0,2023,0.03636678039942394,2007743,76.13069914236075,0.06487232574189096,90.30227743271222,2024,PPML-FE Caged x grupo sem tendencia
2024,ROCINHA,Maternal I,231,714.0,3,0,3,0,2023,0.03636678039942394,2007743,61.46326590929286,0.05405405405405406,38.5945945945946,2024,PPML-FE Caged x grupo sem tendencia
2024,ROCINHA,Maternal II,129,814.0,3,0,0,3,2023,0.03636678039942394,2007743,49.74235951951961,0.04772727272727273,38.85,2024,PPML-FE Caged x grupo sem tendencia
2024,SAMPAIO,Bercario,114,245.0,3,3,0,0,2023,0.03636678039942394,2007743,40.117704851611755,0.285140562248996,69.85943775100401,2024,PPML-FE Caged x grupo sem tendencia
2024,SAMPAIO,Maternal I,41,121.0,3,0,3,0,2023,0.03636678039942394,2007743,31.185463514121142,0.232,28.072000000000003,2024,PPML-FE Caged x grupo sem tendencia
2024,SAMPAIO,Maternal II,26,125.0,3,0,0,3,2023,0.03636678039942394,2007743,22.869749197246364,0.1079136690647482,13.489208633093524,2024,PPML-FE Caged x grupo sem tendencia
2024,SANTA CRUZ,Bercario,2078,6260.0,3,3,0,0,2023,0.03636678039942394,2007743,827.9474032445547,0.10363166691992098,648.7342349187054,2024,PPML-FE Caged x grupo sem tendencia
2024,SANTA CRUZ,Maternal I,1592,3430.0,3,0,3,0,2023,0.03636678039942394,2007743,714.0347921089758,0.2122695852534562,728.0846774193548,2024,PPML-FE Caged x grupo sem tendencia
2024,SANTA CRUZ,Maternal II,770,3472.0,3,0,0,3,2023,0.03636678039942394,2007743,513.0852454318446,0.0966015520470966,335.4005887075194,2024,PPML-FE Caged x grupo sem tendencia
2024,SANTA TERESA,Bercario,192,665.0,3,3,0,0,2023,0.03636678039942394,2007743,123.49236443807351,0.23504867872044508,156.30737134909597,2024,PPML-FE Caged x grupo sem tendencia
2024,SANTA TERESA,Maternal I,121,367.0,3,0,3,0,2023,0.03636678039942394,2007743,107.27076144250391,0.29381443298969073,107.8298969072165,2024,PPML-FE Caged x grupo sem tendencia
2024,SANTA TERESA,Maternal II,61,388.0,3,0,0,3,2023,0.03636678039942394,2007743,80.50661758800791,0.16791979949874686,65.15288220551378,2024,PPML-FE Caged x grupo sem tendencia
2024,SANTISSIMO,Bercario,291,1038.0,3,3,0,0,2023,0.03636678039942394,2007743,211.50840699017806,0.20525869380831213,213.058524173028,2024,PPML-FE Caged x grupo sem tendencia
2024,SANTISSIMO,Maternal I,269,662.0,3,0,3,0,2023,0.03636678039942394,2007743,212.31716607783116,0.3807531380753138,252.05857740585773,2024,PPML-FE Caged x grupo sem tendencia
2024,SANTISSIMO,Maternal II,239,717.0,3,0,0,3,2023,0.03636678039942394,2007743,163.2415954814901,0.19804741980474197,142.0,2024,PPML-FE Caged x grupo sem tendencia
2024,SANTO CRISTO,Bercario,95,286.0,3,3,0,0,2023,0.03636678039942394,2007743,45.29813070085126,0.12923076923076923,36.96,2024,PPML-FE Caged x grupo sem tendencia
2024,SANTO CRISTO,Maternal I,58,174.0,3,0,3,0,2023,0.03636678039942394,2007743,43.37708208023475,0.1791907514450867,31.179190751445084,2024,PPML-FE Caged x grupo sem tendencia
2024,SANTO CRISTO,Maternal II,34,173.0,3,0,0,3,2023,0.03636678039942394,2007743,30.615527375468993,0.15196078431372548,26.289215686274506,2024,PPML-FE Caged x grupo sem tendencia
2024,SAO CONRADO,Bercario,14,140.0,3,3,0,0,2023,0.03636678039942394,2007743,10.528606394663665,0.05,7.0,2024,PPML-FE Caged x grupo sem tendencia
2024,SAO CONRADO,Maternal I,7,76.0,3,0,3,0,2023,0.03636678039942394,2007743,8.996079512360229,0.038461538461538464,2.9230769230769234,2024,PPML-FE Caged x grupo sem tendencia
2024,SAO CONRADO,Maternal II,3,78.0,3,0,0,3,2023,0.03636678039942394,2007743,6.554187351398962,0.0,0.0,2024,PPML-FE Caged x grupo sem tendencia
2024,SAO CRISTOVAO,Bercario,259,737.0,3,3,0,0,2023,0.03636678039942394,2007743,144.02353018648975,0.20919540229885059,154.1770114942529,2024,PPML-FE Caged x grupo sem tendencia
2024,SAO CRISTOVAO,Maternal I,179,440.0,3,0,3,0,2023,0.03636678039942394,2007743,135.33666770402832,0.28316831683168314,124.59405940594058,2024,PPML-FE Caged x grupo sem tendencia
2024,SAO CRISTOVAO,Maternal II,79,505.0,3,0,0,3,2023,0.03636678039942394,2007743,110.26526775549614,0.19748653500897667,99.73070017953322,2024,PPML-FE Caged x grupo sem tendencia
2024,SAO FRANCISCO XAVIER,Bercario,32,109.0,3,3,0,0,2023,0.03636678039942394,2007743,12.248835800922153,0.14782608695652175,16.11304347826087,2024,PPML-FE Caged x grupo sem tendencia
2024,SAO FRANCISCO XAVIER,Maternal I,13,55.0,3,0,3,0,2023,0.03636678039942394,2007743,9.72809589334694,0.13333333333333333,7.333333333333333,2024,PPML-FE Caged x grupo sem tendencia
2024,SAO FRANCISCO XAVIER,Maternal II,12,60.0,3,0,0,3,2023,0.03636678039942394,2007743,7.53357228386521,0.09523809523809523,5.7142857142857135,2024,PPML-FE Caged x grupo sem tendencia
2024,SAUDE,Bercario,5,52.0,3,3,0,0,2023,0.03636678039942394,2007743,5.827075215891347,0.0784313725490196,4.078431372549019,2024,PPML-FE Caged x grupo sem tendencia
2024,SAUDE,Maternal I,8,32.0,3,0,3,0,2023,0.03636678039942394,2007743,5.64409216889314,0.16216216216216217,5.1891891891891895,2024,PPML-FE Caged x grupo sem tendencia
2024,SAUDE,Maternal II,7,37.0,3,0,0,3,2023,0.03636678039942394,2007743,4.632659692099678,0.1568627450980392,5.803921568627451,2024,PPML-FE Caged x grupo sem tendencia
2024,SENADOR CAMARA,Bercario,391,2213.0,3,3,0,0,2023,0.03636678039942394,2007743,413.316700932516,0.159846547314578,353.7404092071611,2024,PPML-FE Caged x grupo sem tendencia
2024,SENADOR CAMARA,Maternal I,476,1203.0,3,0,3,0,2023,0.03636678039942394,2007743,353.64213692649787,0.3302752293577982,397.32110091743124,2024,PPML-FE Caged x grupo sem tendencia
2024,SENADOR CAMARA,Maternal II,360,1308.0,3,0,0,3,2023,0.03636678039942394,2007743,272.9547639952803,0.26152556580050296,342.07544006705785,2024,PPML-FE Caged x grupo sem tendencia
2024,SENADOR VASCONCELOS,Bercario,143,573.0,3,3,0,0,2023,0.03636678039942394,2007743,121.43376507412114,0.18518518518518517,106.1111111111111,2024,PPML-FE Caged x grupo sem tendencia
2024,SENADOR VASCONCELOS,Maternal I,192,342.0,3,0,3,0,2023,0.03636678039942394,2007743,114.07954575822129,0.3864306784660767,132.15929203539824,2024,PPML-FE Caged x grupo sem tendencia
2024,SENADOR VASCONCELOS,Maternal II,142,339.0,3,0,0,3,2023,0.03636678039942394,2007743,80.27234148046975,0.28104575163398693,95.27450980392157,2024,PPML-FE Caged x grupo sem tendencia
2024,SEPETIBA,Bercario,694,1484.0,3,3,0,0,2023,0.03636678039942394,2007743,192.9111202941248,0.08475734791524266,125.7799043062201,2024,PPML-FE Caged x grupo sem tendencia
2024,SEPETIBA,Maternal I,313,749.0,3,0,3,0,2023,0.03636678039942394,2007743,153.25054174150884,0.18318695106649938,137.20702634880803,2024,PPML-FE Caged x grupo sem tendencia
2024,SEPETIBA,Maternal II,216,797.0,3,0,0,3,2023,0.03636678039942394,2007743,115.76121541225807,0.10473815461346633,83.47630922693267,2024,PPML-FE Caged x grupo sem tendencia
2024,TANQUE,Bercario,221,765.0,3,3,0,0,2023,0.03636678039942394,2007743,131.82254857912463,0.10814094775212636,82.72782503037666,2024,PPML-FE Caged x grupo sem tendencia
2024,TANQUE,Maternal I,236,442.0,3,0,3,0,2023,0.03636678039942394,2007743,119.88017728306575,0.2719665271966527,120.20920502092049,2024,PPML-FE Caged x grupo sem tendencia
2024,TANQUE,Maternal II,137,478.0,3,0,0,3,2023,0.03636678039942394,2007743,92.03172442183174,0.14225053078556263,67.99575371549894,2024,PPML-FE Caged x grupo sem tendencia
2024,TAQUARA,Bercario,450,2414.0,3,3,0,0,2023,0.03636678039942394,2007743,313.13752424263606,0.113120430934975,273.07272027702965,2024,PPML-FE Caged x grupo sem tendencia
2024,TAQUARA,Maternal I,431,1291.0,3,0,3,0,2023,0.03636678039942394,2007743,263.58514365793536,0.19073203492276697,246.23505708529217,2024,PPML-FE Caged x grupo sem tendencia
2024,TAQUARA,Maternal II,294,1489.0,3,0,0,3,2023,0.03636678039942394,2007743,215.81118028752203,0.12316528398213146,183.39310784939374,2024,PPML-FE Caged x grupo sem tendencia
2024,TAUA,Bercario,125,430.0,3,3,0,0,2023,0.03636678039942394,2007743,67.81296038159017,0.19527896995708155,83.96995708154506,2024,PPML-FE Caged x grupo sem tendencia
2024,TAUA,Maternal I,79,262.0,3,0,3,0,2023,0.03636678039942394,2007743,65.03428625267263,0.2638888888888889,69.13888888888889,2024,PPML-FE Caged x grupo sem tendencia
2024,TAUA,Maternal II,36,216.0,3,0,0,3,2023,0.03636678039942394,2007743,38.0609298275786,0.09745762711864407,21.05084745762712,2024,PPML-FE Caged x grupo sem tendencia
2024,TIJUCA,Bercario,380,2069.0,3,3,0,0,2023,0.03636678039942394,2007743,174.70104602325085,0.11703703703703704,242.14962962962963,2024,PPML-FE Caged x grupo sem tendencia
2024,TIJUCA,Maternal I,179,998.0,3,0,3,0,2023,0.03636678039942394,2007743,132.6362988193831,0.11001788908765653,109.79785330948121,2024,PPML-FE Caged x grupo sem tendencia
2024,TIJUCA,Maternal II,71,1118.0,3,0,0,3,2023,0.03636678039942394,2007743,105.47710772982941,0.057208237986270026,63.95881006864989,2024,PPML-FE Caged x grupo sem tendencia
2024,TODOS OS SANTOS,Bercario,28,282.0,3,3,0,0,2023,0.03636678039942394,2007743,19.37023930986339,0.04195804195804196,11.832167832167833,2024,PPML-FE Caged x grupo sem tendencia
2024,TODOS OS SANTOS,Maternal I,40,146.0,3,0,3,0,2023,0.03636678039942394,2007743,15.784672379132564,0.034722222222222224,5.069444444444445,2024,PPML-FE Caged x grupo sem tendencia
2024,TODOS OS SANTOS,Maternal II,17,144.0,3,0,0,3,2023,0.03636678039942394,2007743,11.051717226931775,0.029197080291970802,4.204379562043796,2024,PPML-FE Caged x grupo sem tendencia
2024,TOMAS COELHO,Bercario,110,460.0,3,3,0,0,2023,0.03636678039942394,2007743,85.27207304211908,0.18724279835390947,86.13168724279836,2024,PPML-FE Caged x grupo sem tendencia
2024,TOMAS COELHO,Maternal I,87,256.0,3,0,3,0,2023,0.03636678039942394,2007743,74.69401308247399,0.32421875,83.0,2024,PPML-FE Caged x grupo sem tendencia
2024,TOMAS COELHO,Maternal II,65,256.0,3,0,0,3,2023,0.03636678039942394,2007743,53.02373902250445,0.15319148936170213,39.217021276595744,2024,PPML-FE Caged x grupo sem tendencia
2024,TURIACU,Bercario,70,294.0,3,3,0,0,2023,0.03636678039942394,2007743,49.27534471630022,0.14666666666666667,43.12,2024,PPML-FE Caged x grupo sem tendencia
2024,TURIACU,Maternal I,58,146.0,3,0,3,0,2023,0.03636678039942394,2007743,38.51518915371556,0.16374269005847952,23.90643274853801,2024,PPML-FE Caged x grupo sem tendencia
2024,TURIACU,Maternal II,35,171.0,3,0,0,3,2023,0.03636678039942394,2007743,32.02284000441221,0.2550335570469799,43.61073825503356,2024,PPML-FE Caged x grupo sem tendencia
2024,URCA,Bercario,6,88.0,3,3,0,0,2023,0.03636678039942394,2007743,7.903444727631568,0.05154639175257732,4.536082474226804,2024,PPML-FE Caged x grupo sem tendencia
2024,URCA,Maternal I,11,47.0,3,0,3,0,2023,0.03636678039942394,2007743,6.64398196290698,0.034482758620689655,1.6206896551724137,2024,PPML-FE Caged x grupo sem tendencia
2024,URCA,Maternal II,3,58.0,3,0,0,3,2023,0.03636678039942394,2007743,5.82027005792017,0.13953488372093023,8.093023255813954,2024,PPML-FE Caged x grupo sem tendencia
2024,VARGEM GRANDE,Bercario,131,594.0,3,3,0,0,2023,0.03636678039942394,2007743,60.1898299122451,0.04909090909090909,29.159999999999997,2024,PPML-FE Caged x grupo sem tendencia
2024,VARGEM GRANDE,Maternal I,106,248.0,3,0,3,0,2023,0.03636678039942394,2007743,39.553524699255355,0.16037735849056603,39.77358490566038,2024,PPML-FE Caged x grupo sem tendencia
2024,VARGEM GRANDE,Maternal II,57,318.0,3,0,0,3,2023,0.03636678039942394,2007743,36.0035384362589,0.1736111111111111,55.20833333333333,2024,PPML-FE Caged x grupo sem tendencia
2024,VARGEM PEQUENA,Bercario,113,773.0,3,3,0,0,2023,0.03636678039942394,2007743,76.28895824903903,0.07804232804232804,60.326719576719576,2024,PPML-FE Caged x grupo sem tendencia
2024,VARGEM PEQUENA,Maternal I,113,391.0,3,0,3,0,2023,0.03636678039942394,2007743,60.73734258955145,0.1643192488262911,64.24882629107982,2024,PPML-FE Caged x grupo sem tendencia
2024,VARGEM PEQUENA,Maternal II,80,426.0,3,0,0,3,2023,0.03636678039942394,2007743,46.97569174218386,0.15885416666666666,67.671875,2024,PPML-FE Caged x grupo sem tendencia
2024,VASCO GAMA,Bercario,9,78.0,3,3,0,0,2023,0.03636678039942394,2007743,8.8298862088446,0.2079207920792079,16.217821782178216,2024,PPML-FE Caged x grupo sem tendencia
2024,VASCO GAMA,Maternal I,8,82.0,3,0,3,0,2023,0.03636678039942394,2007743,14.61070577177838,0.1935483870967742,15.870967741935484,2024,PPML-FE Caged x grupo sem tendencia
2024,VASCO GAMA,Maternal II,6,62.0,3,0,0,3,2023,0.03636678039942394,2007743,7.842121885497738,0.18421052631578946,11.421052631578947,2024,PPML-FE Caged x grupo sem tendencia
2024,VAZ LOBO,Bercario,91,310.0,3,3,0,0,2023,0.03636678039942394,2007743,55.08916593332093,0.18313953488372092,56.77325581395348,2024,PPML-FE Caged x grupo sem tendencia
2024,VAZ LOBO,Maternal I,58,189.0,3,0,3,0,2023,0.03636678039942394,2007743,52.86438034686814,0.21717171717171718,41.04545454545455,2024,PPML-FE Caged x grupo sem tendencia
2024,VAZ LOBO,Maternal II,32,198.0,3,0,0,3,2023,0.03636678039942394,2007743,39.31434892792091,0.1111111111111111,22.0,2024,PPML-FE Caged x grupo sem tendencia
2024,VICENTE CARVALHO,Bercario,89,442.0,3,3,0,0,2023,0.03636678039942394,2007743,73.22727232716436,0.17067833698030635,75.43982494529541,2024,PPML-FE Caged x grupo sem tendencia
2024,VICENTE CARVALHO,Maternal I,79,222.0,3,0,3,0,2023,0.03636678039942394,2007743,57.889580291657246,0.24686192468619247,54.80334728033473,2024,PPML-FE Caged x grupo sem tendencia
2024,VICENTE CARVALHO,Maternal II,48,239.0,3,0,0,3,2023,0.03636678039942394,2007743,44.241504070131704,0.1419141914191419,33.917491749174914,2024,PPML-FE Caged x grupo sem tendencia
2024,VIDIGAL,Bercario,116,334.0,3,3,0,0,2023,0.03636678039942394,2007743,59.389619080299056,0.32710280373831774,109.25233644859813,2024,PPML-FE Caged x grupo sem tendencia
2024,VIDIGAL,Maternal I,68,169.0,3,0,3,0,2023,0.03636678039942394,2007743,47.29852702528956,0.22413793103448276,37.87931034482759,2024,PPML-FE Caged x grupo sem tendencia
2024,VIDIGAL,Maternal II,49,174.0,3,0,0,3,2023,0.03636678039942394,2007743,34.56962874917613,0.1485148514851485,25.84158415841584,2024,PPML-FE Caged x grupo sem tendencia
2024,VIGARIO GERAL,Bercario,157,761.0,3,3,0,0,2023,0.03636678039942394,2007743,103.81546446705988,0.10466582597730138,79.65069356872635,2024,PPML-FE Caged x grupo sem tendencia
2024,VIGARIO GERAL,Maternal I,187,422.0,3,0,3,0,2023,0.03636678039942394,2007743,90.61220191269443,0.19373219373219372,81.75498575498575,2024,PPML-FE Caged x grupo sem tendencia
2024,VIGARIO GERAL,Maternal II,73,351.0,3,0,0,3,2023,0.03636678039942394,2007743,53.50149347539632,0.14713896457765668,51.6457765667575,2024,PPML-FE Caged x grupo sem tendencia
2024,VILA ISABEL,Bercario,219,939.0,3,3,0,0,2023,0.03636678039942394,2007743,93.87959612498705,0.1422924901185771,133.61264822134387,2024,PPML-FE Caged x grupo sem tendencia
2024,VILA ISABEL,Maternal I,88,533.0,3,0,3,0,2023,0.03636678039942394,2007743,83.87444662972266,0.08375209380234507,44.63986599664992,2024,PPML-FE Caged x grupo sem tendencia
2024,VILA ISABEL,Maternal II,69,597.0,3,0,0,3,2023,0.03636678039942394,2007743,66.6900964921821,0.05008944543828265,29.90339892665474,2024,PPML-FE Caged x grupo sem tendencia
2024,VILA KENNEDY,Bercario,0,321.0,3,3,0,0,2023,0.03636678039942394,2007743,12.93054001172126,0.0,0.0,2024,PPML-FE Caged x grupo sem tendencia
2024,VILA KENNEDY,Maternal I,0,101.0,3,0,3,0,2023,0.03636678039942394,2007743,6.40368325671019,0.017167381974248927,1.7339055793991416,2024,PPML-FE Caged x grupo sem tendencia
2024,VILA KENNEDY,Maternal II,2,233.0,3,0,0,3,2023,0.03636678039942394,2007743,10.486943917130601,0.013513513513513514,3.1486486486486487,2024,PPML-FE Caged x grupo sem tendencia
2024,VILA KOSMOS,Bercario,45,223.0,3,3,0,0,2023,0.03636678039942394,2007743,38.120354405515464,0.12987012987012986,28.96103896103896,2024,PPML-FE Caged x grupo sem tendencia
2024,VILA KOSMOS,Maternal I,68,123.0,3,0,3,0,2023,0.03636678039942394,2007743,33.094362265502845,0.2857142857142857,35.14285714285714,2024,PPML-FE Caged x grupo sem tendencia
2024,VILA KOSMOS,Maternal II,15,126.0,3,0,0,3,2023,0.03636678039942394,2007743,24.066005191423542,0.21782178217821782,27.445544554455445,2024,PPML-FE Caged x grupo sem tendencia
2024,VILA MILITAR,Bercario,12,241.0,3,3,0,0,2023,0.03636678039942394,2007743,19.00754485565943,0.03319502074688797,8.0,2024,PPML-FE Caged x grupo sem tendencia
2024,VILA MILITAR,Maternal I,10,151.0,3,0,3,0,2023,0.03636678039942394,2007743,18.744884436701973,0.04666666666666667,7.046666666666667,2024,PPML-FE Caged x grupo sem tendencia
2024,VILA MILITAR,Maternal II,4,150.0,3,0,0,3,2023,0.03636678039942394,2007743,13.21848354924321,0.08411214953271028,12.616822429906541,2024,PPML-FE Caged x grupo sem tendencia
2024,VILA PENHA,Bercario,62,295.0,3,3,0,0,2023,0.03636678039942394,2007743,23.96356646071337,0.052478134110787174,15.481049562682216,2024,PPML-FE Caged x grupo sem tendencia
2024,VILA PENHA,Maternal I,52,182.0,3,0,3,0,2023,0.03636678039942394,2007743,23.270068647097812,0.058091286307053944,10.572614107883817,2024,PPML-FE Caged x grupo sem tendencia
2024,VILA PENHA,Maternal II,18,241.0,3,0,0,3,2023,0.03636678039942394,2007743,21.873983231796387,0.028391167192429023,6.842271293375394,2024,PPML-FE Caged x grupo sem tendencia
2024,VILA VALQUEIRE,Bercario,78,589.0,3,3,0,0,2023,0.03636678039942394,2007743,62.98402089858199,0.04401408450704225,25.924295774647884,2024,PPML-FE Caged x grupo sem tendencia
2024,VILA VALQUEIRE,Maternal I,74,264.0,3,0,3,0,2023,0.03636678039942394,2007743,44.43404527134114,0.14950166112956811,39.46843853820598,2024,PPML-FE Caged x grupo sem tendencia
2024,VILA VALQUEIRE,Maternal II,45,301.0,3,0,0,3,2023,0.03636678039942394,2007743,35.96358501598848,0.11314984709480122,34.05810397553517,2024,PPML-FE Caged x grupo sem tendencia
2024,VISTA ALEGRE,Bercario,33,130.0,3,3,0,0,2023,0.03636678039942394,2007743,15.472231508433087,0.061946902654867256,8.053097345132743,2024,PPML-FE Caged x grupo sem tendencia
2024,VISTA ALEGRE,Maternal I,23,58.0,3,0,3,0,2023,0.03636678039942394,2007743,10.865117688728997,0.11904761904761904,6.904761904761904,2024,PPML-FE Caged x grupo sem tendencia
2024,VISTA ALEGRE,Maternal II,18,84.0,3,0,0,3,2023,0.03636678039942394,2007743,11.170440077178194,0.05,4.2,2024,PPML-FE Caged x grupo sem tendencia
2024,ZUMBI,Bercario,3,42.0,3,3,0,0,2023,0.03636678039942394,2007743,4.412391154305435,0.041666666666666664,1.75,2024,PPML-FE Caged x grupo sem tendencia
2024,ZUMBI,Maternal I,3,23.0,3,0,3,0,2023,0.03636678039942394,2007743,3.8032019708645324,0.0625,1.4375,2024,PPML-FE Caged x grupo sem tendencia
2024,ZUMBI,Maternal II,2,16.0,3,0,0,3,2023,0.03636678039942394,2007743,1.8781319114880626,0.0,0.0,2024,PPML-FE Caged x grupo sem tendencia
2025,ABOLICAO,Bercario,18,146.0,4,4,0,0,2024,0.038498951310003325,2085039,23.58840996022077,0.2012987012987013,29.38961038961039,2025,PPML-FE base replicado
2025,ABOLICAO,Maternal I,39,78.0,4,0,4,0,2024,0.038498951310003325,2085039,19.27942893068264,0.2391304347826087,18.65217391304348,2025,PPML-FE base replicado
2025,ABOLICAO,Maternal II,13,92.0,4,0,0,4,2024,0.038498951310003325,2085039,11.982588766697788,0.1375,12.65,2025,PPML-FE base replicado
2025,ACARI,Bercario,207,794.0,4,4,0,0,2024,0.038498951310003325,2085039,273.9132922451929,0.28588807785888076,226.99513381995132,2025,PPML-FE base replicado
2025,ACARI,Maternal I,239,407.0,4,0,4,0,2024,0.038498951310003325,2085039,214.80320960248596,0.6934673366834171,282.24120603015075,2025,PPML-FE base replicado
2025,ACARI,Maternal II,79,398.0,4,0,0,4,2024,0.038498951310003325,2085039,110.68600017598712,0.2678132678132678,106.58968058968058,2025,PPML-FE base replicado
2025,AGUA SANTA,Bercario,10,110.0,4,4,0,0,2024,0.038498951310003325,2085039,21.71392493170225,0.14634146341463414,16.097560975609756,2025,PPML-FE base replicado
2025,AGUA SANTA,Maternal I,19,69.0,4,0,4,0,2024,0.038498951310003325,2085039,20.837638014673946,0.5166666666666667,35.650000000000006,2025,PPML-FE base replicado
2025,AGUA SANTA,Maternal II,6,60.0,4,0,0,4,2024,0.038498951310003325,2085039,9.548033048645138,0.14492753623188406,8.695652173913043,2025,PPML-FE base replicado
2025,ALTO BOA VISTA,Bercario,43,154.0,4,4,0,0,2024,0.038498951310003325,2085039,37.68563921319558,0.3727810650887574,57.40828402366864,2025,PPML-FE base replicado
2025,ALTO BOA VISTA,Maternal I,32,70.0,4,0,4,0,2024,0.038498951310003325,2085039,26.206375340092926,0.28431372549019607,19.901960784313726,2025,PPML-FE base replicado
2025,ALTO BOA VISTA,Maternal II,9,102.0,4,0,0,4,2024,0.038498951310003325,2085039,20.12205599657994,0.16304347826086957,16.630434782608695,2025,PPML-FE base replicado
2025,ANCHIETA,Bercario,255,1192.0,4,4,0,0,2024,0.038498951310003325,2085039,296.2514312403298,0.20187454938716654,240.6344628695025,2025,PPML-FE base replicado
2025,ANCHIETA,Maternal I,344,746.0,4,0,4,0,2024,0.038498951310003325,2085039,283.6460766934578,0.547550432276657,408.47262247838614,2025,PPML-FE base replicado
2025,ANCHIETA,Maternal II,181,694.0,4,0,0,4,2024,0.038498951310003325,2085039,139.04670073326506,0.24939467312348668,173.07990314769975,2025,PPML-FE base replicado
2025,ANDARAI,Bercario,89,459.0,4,4,0,0,2024,0.038498951310003325,2085039,79.11888542821222,0.22529644268774704,103.41106719367589,2025,PPML-FE base replicado
2025,ANDARAI,Maternal I,52,269.0,4,0,4,0,2024,0.038498951310003325,2085039,70.93711253614632,0.23430962343096234,63.02928870292887,2025,PPML-FE base replicado
2025,ANDARAI,Maternal II,20,239.0,4,0,0,4,2024,0.038498951310003325,2085039,33.21103362032661,0.060810810810810814,14.533783783783784,2025,PPML-FE base replicado
2025,ANIL,Bercario,284,720.0,4,4,0,0,2024,0.038498951310003325,2085039,569.5578634941652,0.43300248138957814,311.76178660049624,2025,PPML-FE base replicado
2025,ANIL,Maternal I,380,439.0,4,0,4,0,2024,0.038498951310003325,2085039,531.28019633518,1.1007751937984496,483.2403100775194,2025,PPML-FE base replicado
2025,ANIL,Maternal II,406,387.0,4,0,0,4,2024,0.038498951310003325,2085039,246.7932840301156,0.9594594594594594,371.3108108108108,2025,PPML-FE base replicado
2025,BANCARIOS,Bercario,79,250.0,4,4,0,0,2024,0.038498951310003325,2085039,61.31253822700861,0.3074433656957929,76.86084142394822,2025,PPML-FE base replicado
2025,BANCARIOS,Maternal I,40,186.0,4,0,4,0,2024,0.038498951310003325,2085039,69.78723355060256,0.38848920863309355,72.2589928057554,2025,PPML-FE base replicado
2025,BANCARIOS,Maternal II,34,139.0,4,0,0,4,2024,0.038498951310003325,2085039,27.481542369529606,0.0880503144654088,12.238993710691823,2025,PPML-FE base replicado
2025,BANGU,Bercario,1020,4064.0,4,4,0,0,2024,0.038498951310003325,2085039,1199.079984476535,0.24396607958251793,991.4781474233529,2025,PPML-FE base replicado
2025,BANGU,Maternal I,845,2461.0,4,0,4,0,2024,0.038498951310003325,2085039,1110.8612554091326,0.3760217983651226,925.3896457765668,2025,PPML-FE base replicado
2025,BANGU,Maternal II,534,2569.0,4,0,0,4,2024,0.038498951310003325,2085039,611.0483488125448,0.23878923766816143,613.4495515695068,2025,PPML-FE base replicado
2025,BARRA GUARATIBA,Bercario,20,113.0,4,4,0,0,2024,0.038498951310003325,2085039,16.959492099641462,0.109375,12.359375,2025,PPML-FE base replicado
2025,BARRA GUARATIBA,Maternal I,13,57.0,4,0,4,0,2024,0.038498951310003325,2085039,13.087690186969564,0.3380281690140845,19.267605633802816,2025,PPML-FE base replicado
2025,BARRA GUARATIBA,Maternal II,15,71.0,4,0,0,4,2024,0.038498951310003325,2085039,8.590328333120864,0.3291139240506329,23.367088607594937,2025,PPML-FE base replicado
2025,BARRA OLIMPICA,Bercario,68,522.0,4,4,0,0,2024,0.038498951310003325,2085039,105.91659760255047,0.17202228755915455,89.79563410587868,2025,PPML-FE base replicado
2025,BARRA TIJUCA,Bercario,41,2331.0,4,4,0,0,2024,0.038498951310003325,2085039,109.99335443927502,0.024390243902439025,56.85365853658537,2025,PPML-FE base replicado
2025,BARRA TIJUCA,Maternal I,96,1210.0,4,0,4,0,2024,0.038498951310003325,2085039,87.35007762957214,0.0802675585284281,97.123745819398,2025,PPML-FE base replicado
2025,BARRA TIJUCA,Maternal II,24,1196.0,4,0,0,4,2024,0.038498951310003325,2085039,45.495911371179865,0.028478437754271765,34.06021155410903,2025,PPML-FE base replicado
2025,BARROS FILHO,Bercario,102,417.0,4,4,0,0,2024,0.038498951310003325,2085039,112.01019663830822,0.28117359413202936,117.24938875305624,2025,PPML-FE base replicado
2025,BARROS FILHO,Maternal I,57,187.0,4,0,4,0,2024,0.038498951310003325,2085039,76.84522081637083,0.2767857142857143,51.75892857142858,2025,PPML-FE base replicado
2025,BARROS FILHO,Maternal II,45,224.0,4,0,0,4,2024,0.038498951310003325,2085039,48.50500339044645,0.22924901185770752,51.351778656126484,2025,PPML-FE base replicado
2025,BENFICA,Bercario,224,716.0,4,4,0,0,2024,0.038498951310003325,2085039,313.55161608032813,0.5,358.0,2025,PPML-FE base replicado
2025,BENFICA,Maternal I,149,320.0,4,0,4,0,2024,0.038498951310003325,2085039,214.3876437799017,0.6256684491978609,200.21390374331548,2025,PPML-FE base replicado
2025,BENFICA,Maternal II,99,374.0,4,0,0,4,2024,0.038498951310003325,2085039,132.03365315811476,0.36619718309859156,136.95774647887325,2025,PPML-FE base replicado
2025,BENTO RIBEIRO,Bercario,103,608.0,4,4,0,0,2024,0.038498951310003325,2085039,126.5624039894074,0.16129032258064516,98.06451612903226,2025,PPML-FE base replicado
2025,BENTO RIBEIRO,Maternal I,114,301.0,4,0,4,0,2024,0.038498951310003325,2085039,95.85645935299955,0.3485714285714286,104.92,2025,PPML-FE base replicado
2025,BENTO RIBEIRO,Maternal II,64,350.0,4,0,0,4,2024,0.038498951310003325,2085039,58.7335426048633,0.21014492753623187,73.55072463768116,2025,PPML-FE base replicado
2025,BONSUCESSO,Bercario,382,674.0,4,4,0,0,2024,0.038498951310003325,2085039,183.33924981275544,0.3854258121158911,259.7769973661106,2025,PPML-FE base replicado
2025,BONSUCESSO,Maternal I,255,742.0,4,0,4,0,2024,0.038498951310003325,2085039,308.782877765565,0.6198630136986302,459.9383561643836,2025,PPML-FE base replicado
2025,BONSUCESSO,Maternal II,153,584.0,4,0,0,4,2024,0.038498951310003325,2085039,128.0635146882593,0.2600502512562814,151.86934673366832,2025,PPML-FE base replicado
2025,BOTAFOGO,Bercario,114,1069.0,4,4,0,0,2024,0.038498951310003325,2085039,85.87384166130653,0.10228310502283106,109.3406392694064,2025,PPML-FE base replicado
2025,BOTAFOGO,Maternal I,79,567.0,4,0,4,0,2024,0.038498951310003325,2085039,69.68190214461568,0.1243432574430823,70.50262697022767,2025,PPML-FE base replicado
2025,BOTAFOGO,Maternal II,28,571.0,4,0,0,4,2024,0.038498951310003325,2085039,36.97739489346564,0.059931506849315065,34.2208904109589,2025,PPML-FE base replicado
2025,BRAS PINA,Bercario,171,748.0,4,4,0,0,2024,0.038498951310003325,2085039,118.89925259319203,0.2379182156133829,177.9628252788104,2025,PPML-FE base replicado
2025,BRAS PINA,Maternal I,191,417.0,4,0,4,0,2024,0.038498951310003325,2085039,101.40685956648989,0.3805309734513274,158.68141592920352,2025,PPML-FE base replicado
2025,BRAS PINA,Maternal II,71,452.0,4,0,0,4,2024,0.038498951310003325,2085039,57.92059009988946,0.15904139433551198,71.88671023965142,2025,PPML-FE base replicado
2025,CACHAMBI,Bercario,77,567.0,4,4,0,0,2024,0.038498951310003325,2085039,64.59464619237849,0.16166666666666665,91.66499999999999,2025,PPML-FE base replicado
2025,CACHAMBI,Maternal I,57,306.0,4,0,4,0,2024,0.038498951310003325,2085039,53.3320948782908,0.2310126582278481,70.68987341772153,2025,PPML-FE base replicado
2025,CACHAMBI,Maternal II,17,316.0,4,0,0,4,2024,0.038498951310003325,2085039,29.021346854376716,0.1,31.6,2025,PPML-FE base replicado
2025,CACUIA,Bercario,32,173.0,4,4,0,0,2024,0.038498951310003325,2085039,30.640836926789717,0.17318435754189945,29.960893854748605,2025,PPML-FE base replicado
2025,CACUIA,Maternal I,25,89.0,4,0,4,0,2024,0.038498951310003325,2085039,24.115611492291304,0.3132530120481928,27.87951807228916,2025,PPML-FE base replicado
2025,CACUIA,Maternal II,28,83.0,4,0,0,4,2024,0.038498951310003325,2085039,11.850853488488607,0.2336448598130841,19.39252336448598,2025,PPML-FE base replicado
2025,CAJU,Bercario,174,627.0,4,4,0,0,2024,0.038498951310003325,2085039,196.14093746314754,0.26666666666666666,167.2,2025,PPML-FE base replicado
2025,CAJU,Maternal I,137,331.0,4,0,4,0,2024,0.038498951310003325,2085039,158.40994796575742,0.4362017804154303,144.38278931750742,2025,PPML-FE base replicado
2025,CAJU,Maternal II,54,337.0,4,0,0,4,2024,0.038498951310003325,2085039,84.98604579746967,0.10662824207492795,35.93371757925072,2025,PPML-FE base replicado
2025,CAMORIM,Bercario,70,103.0,4,4,0,0,2024,0.038498951310003325,2085039,64.42554769413259,0.5960591133004927,61.39408866995075,2025,PPML-FE base replicado
2025,CAMORIM,Maternal I,43,123.0,4,0,4,0,2024,0.038498951310003325,2085039,117.70089294740903,0.9411764705882353,115.76470588235294,2025,PPML-FE base replicado
2025,CAMORIM,Maternal II,22,85.0,4,0,0,4,2024,0.038498951310003325,2085039,42.86046086217141,0.651685393258427,55.3932584269663,2025,PPML-FE base replicado
2025,CAMPINHO,Bercario,43,194.0,4,4,0,0,2024,0.038498951310003325,2085039,35.98674858132298,0.21739130434782608,42.17391304347826,2025,PPML-FE base replicado
2025,CAMPINHO,Maternal I,47,100.0,4,0,4,0,2024,0.038498951310003325,2085039,28.37883947716539,0.23893805309734514,23.893805309734514,2025,PPML-FE base replicado
2025,CAMPINHO,Maternal II,17,113.0,4,0,0,4,2024,0.038498951310003325,2085039,16.898040223016427,0.25,28.25,2025,PPML-FE base replicado
2025,CAMPO AFONSOS,Bercario,3,73.0,4,4,0,0,2024,0.038498951310003325,2085039,11.608552551795759,0.041666666666666664,3.0416666666666665,2025,PPML-FE base replicado
2025,CAMPO AFONSOS,Maternal I,1,31.0,4,0,4,0,2024,0.038498951310003325,2085039,7.54172438914055,0.1724137931034483,5.344827586206897,2025,PPML-FE base replicado
2025,CAMPO AFONSOS,Maternal II,3,29.0,4,0,0,4,2024,0.038498951310003325,2085039,3.7176647691009985,0.16666666666666666,4.833333333333333,2025,PPML-FE base replicado
2025,CAMPO GRANDE,Bercario,1508,7095.0,4,4,0,0,2024,0.038498951310003325,2085039,1967.9765600556475,0.23559657218193802,1671.5576796308503,2025,PPML-FE base replicado
2025,CAMPO GRANDE,Maternal I,1423,3900.0,4,0,4,0,2024,0.038498951310003325,2085039,1654.9538222999047,0.41684717208182914,1625.7039711191337,2025,PPML-FE base replicado
2025,CAMPO GRANDE,Maternal II,795,4155.0,4,0,0,4,2024,0.038498951310003325,2085039,929.0852513420465,0.2565226923920193,1065.8517868888403,2025,PPML-FE base replicado
2025,CASCADURA,Bercario,114,547.0,4,4,0,0,2024,0.038498951310003325,2085039,150.84192311765793,0.21273031825795644,116.36348408710217,2025,PPML-FE base replicado
2025,CASCADURA,Maternal I,98,304.0,4,0,4,0,2024,0.038498951310003325,2085039,128.25138672272004,0.30952380952380953,94.0952380952381,2025,PPML-FE base replicado
2025,CASCADURA,Maternal II,66,294.0,4,0,0,4,2024,0.038498951310003325,2085039,65.35804921305038,0.303951367781155,89.36170212765957,2025,PPML-FE base replicado
2025,CATETE,Bercario,53,332.0,4,4,0,0,2024,0.038498951310003325,2085039,50.20669945898883,0.15743440233236153,52.268221574344025,2025,PPML-FE base replicado
2025,CATETE,Maternal I,34,174.0,4,0,4,0,2024,0.038498951310003325,2085039,40.25562635906761,0.225,39.15,2025,PPML-FE base replicado
2025,CATETE,Maternal II,22,160.0,4,0,0,4,2024,0.038498951310003325,2085039,19.505657196971423,0.08,12.8,2025,PPML-FE base replicado
2025,CATUMBI,Bercario,122,265.0,4,4,0,0,2024,0.038498951310003325,2085039,100.27305720355905,0.5018181818181818,132.9818181818182,2025,PPML-FE base replicado
2025,CATUMBI,Maternal I,50,148.0,4,0,4,0,2024,0.038498951310003325,2085039,85.67494797523332,0.39779005524861877,58.872928176795575,2025,PPML-FE base replicado
2025,CATUMBI,Maternal II,24,181.0,4,0,0,4,2024,0.038498951310003325,2085039,55.21206281992014,0.1871345029239766,33.87134502923976,2025,PPML-FE base replicado
2025,CAVALCANTE,Bercario,76,296.0,4,4,0,0,2024,0.038498951310003325,2085039,85.70924908783437,0.3258064516129032,96.43870967741935,2025,PPML-FE base replicado
2025,CAVALCANTE,Maternal I,69,157.0,4,0,4,0,2024,0.038498951310003325,2085039,69.54875871129646,0.44171779141104295,69.34969325153374,2025,PPML-FE base replicado
2025,CAVALCANTE,Maternal II,40,163.0,4,0,0,4,2024,0.038498951310003325,2085039,38.048768062110994,0.3177083333333333,51.78645833333333,2025,PPML-FE base replicado
2025,CENTRO,Bercario,123,375.0,4,4,0,0,2024,0.038498951310003325,2085039,123.1746443564555,0.3506787330316742,131.50452488687782,2025,PPML-FE base replicado
2025,CENTRO,Maternal I,99,243.0,4,0,4,0,2024,0.038498951310003325,2085039,122.10967477416816,0.41434262948207173,100.68525896414343,2025,PPML-FE base replicado
2025,CENTRO,Maternal II,48,251.0,4,0,0,4,2024,0.038498951310003325,2085039,66.46312954542957,0.3025830258302583,75.94833948339483,2025,PPML-FE base replicado
2025,CIDADE DEUS,Bercario,432,1044.0,4,4,0,0,2024,0.038498951310003325,2085039,380.05406446579735,0.38869565217391305,405.79826086956524,2025,PPML-FE base replicado
2025,CIDADE DEUS,Maternal I,421,591.0,4,0,4,0,2024,0.038498951310003325,2085039,329.1441308220719,0.6447166921898928,381.02756508422664,2025,PPML-FE base replicado
2025,CIDADE DEUS,Maternal II,91,653.0,4,0,0,4,2024,0.038498951310003325,2085039,191.63510998845808,0.2559055118110236,167.10629921259843,2025,PPML-FE base replicado
2025,CIDADE NOVA,Bercario,25,80.0,4,4,0,0,2024,0.038498951310003325,2085039,23.16645115944617,0.39080459770114945,31.264367816091955,2025,PPML-FE base replicado
2025,CIDADE NOVA,Maternal I,21,46.0,4,0,4,0,2024,0.038498951310003325,2085039,20.378917267371058,0.31666666666666665,14.566666666666666,2025,PPML-FE base replicado
2025,CIDADE NOVA,Maternal II,6,60.0,4,0,0,4,2024,0.038498951310003325,2085039,14.006763297316203,0.18867924528301888,11.320754716981133,2025,PPML-FE base replicado
2025,CIDADE UNIVERSITARIA,Bercario,6,24.0,4,4,0,0,2024,0.038498951310003325,2085039,4.302112239652153,0.21739130434782608,5.217391304347826,2025,PPML-FE base replicado
2025,CIDADE UNIVERSITARIA,Maternal I,1,10.0,4,0,4,0,2024,0.038498951310003325,2085039,2.7423586169587226,0.4,4.0,2025,PPML-FE base replicado
2025,CIDADE UNIVERSITARIA,Maternal II,0,15.0,4,0,0,4,2024,0.038498951310003325,2085039,2.1675981431279046,0.3,4.5,2025,PPML-FE base replicado
2025,COCOTA,Bercario,16,76.0,4,4,0,0,2024,0.038498951310003325,2085039,13.101050677779078,0.16483516483516483,12.527472527472527,2025,PPML-FE base replicado
2025,COCOTA,Maternal I,20,52.0,4,0,4,0,2024,0.038498951310003325,2085039,13.713541641877532,0.24285714285714285,12.628571428571428,2025,PPML-FE base replicado
2025,COCOTA,Maternal II,16,70.0,4,0,0,4,2024,0.038498951310003325,2085039,9.727642255799264,0.136986301369863,9.58904109589041,2025,PPML-FE base replicado
2025,COELHO NETO,Bercario,178,557.0,4,4,0,0,2024,0.038498951310003325,2085039,209.28179586315477,0.3193979933110368,177.9046822742475,2025,PPML-FE base replicado
2025,COELHO NETO,Maternal I,140,284.0,4,0,4,0,2024,0.038498951310003325,2085039,163.2481806581165,0.6324503311258278,179.6158940397351,2025,PPML-FE base replicado
2025,COELHO NETO,Maternal II,96,302.0,4,0,0,4,2024,0.038498951310003325,2085039,91.47453646223185,0.25396825396825395,76.6984126984127,2025,PPML-FE base replicado
2025,COLEGIO,Bercario,140,597.0,4,4,0,0,2024,0.038498951310003325,2085039,159.46248364447177,0.17287630402384502,103.20715350223547,2025,PPML-FE base replicado
2025,COLEGIO,Maternal I,113,350.0,4,0,4,0,2024,0.038498951310003325,2085039,143.02303473534312,0.3389830508474576,118.64406779661016,2025,PPML-FE base replicado
2025,COLEGIO,Maternal II,104,354.0,4,0,0,4,2024,0.038498951310003325,2085039,76.22623530138429,0.2947976878612717,104.35838150289018,2025,PPML-FE base replicado
2025,COMPLEXO ALEMAO,Bercario,0,901.0,4,4,0,0,2024,0.038498951310003325,2085039,38.74052398448817,0.0,0.0,2025,PPML-FE base replicado
2025,COMPLEXO ALEMAO,Maternal I,1,232.0,4,0,4,0,2024,0.038498951310003325,2085039,15.260980451766052,0.004694835680751174,1.0892018779342723,2025,PPML-FE base replicado
2025,COMPLEXO ALEMAO,Maternal II,0,213.0,4,0,0,4,2024,0.038498951310003325,2085039,7.3830756633920105,0.0,0.0,2025,PPML-FE base replicado
2025,COMPLEXO MARE,Bercario,566,3072.0,4,4,0,0,2024,0.038498951310003325,2085039,733.6187110369549,0.2246071291682637,689.9931008049061,2025,PPML-FE base replicado
2025,COMPLEXO MARE,Maternal I,412,1033.0,4,0,4,0,2024,0.038498951310003325,2085039,377.4011866510437,0.3432080924855491,354.53395953757223,2025,PPML-FE base replicado
2025,COMPLEXO MARE,Maternal II,277,1384.0,4,0,0,4,2024,0.038498951310003325,2085039,266.4417604945269,0.26919831223628693,372.5704641350211,2025,PPML-FE base replicado
2025,COPACABANA,Bercario,269,1575.0,4,4,0,0,2024,0.038498951310003325,2085039,229.6255151580069,0.20804597701149424,327.67241379310343,2025,PPML-FE base replicado
2025,COPACABANA,Maternal I,219,874.0,4,0,4,0,2024,0.038498951310003325,2085039,194.94170933090024,0.24508670520231213,214.2057803468208,2025,PPML-FE base replicado
2025,COPACABANA,Maternal II,95,865.0,4,0,0,4,2024,0.038498951310003325,2085039,101.66529127158213,0.11467889908256881,99.19724770642202,2025,PPML-FE base replicado
2025,CORDOVIL,Bercario,194,687.0,4,4,0,0,2024,0.038498951310003325,2085039,140.77381606024602,0.29291553133514986,201.23297002724794,2025,PPML-FE base replicado
2025,CORDOVIL,Maternal I,114,369.0,4,0,4,0,2024,0.038498951310003325,2085039,115.67653315948428,0.35308056872037913,130.2867298578199,2025,PPML-FE base replicado
2025,CORDOVIL,Maternal II,99,422.0,4,0,0,4,2024,0.038498951310003325,2085039,69.70992471015495,0.19339622641509435,81.61320754716982,2025,PPML-FE base replicado
2025,COSME VELHO,Bercario,25,96.0,4,4,0,0,2024,0.038498951310003325,2085039,19.94664033682304,0.3652173913043478,35.06086956521739,2025,PPML-FE base replicado
2025,COSME VELHO,Maternal I,21,64.0,4,0,4,0,2024,0.038498951310003325,2085039,20.34380804959601,0.38666666666666666,24.746666666666666,2025,PPML-FE base replicado
2025,COSME VELHO,Maternal II,4,75.0,4,0,0,4,2024,0.038498951310003325,2085039,12.562521078957737,0.07608695652173914,5.7065217391304355,2025,PPML-FE base replicado
2025,COSMOS,Bercario,571,2061.0,4,4,0,0,2024,0.038498951310003325,2085039,637.8956225679684,0.30566037735849055,629.966037735849,2025,PPML-FE base replicado
2025,COSMOS,Maternal I,465,1071.0,4,0,4,0,2024,0.038498951310003325,2085039,507.12480372491024,0.4658493870402802,498.9246935201401,2025,PPML-FE base replicado
2025,COSMOS,Maternal II,267,1142.0,4,0,0,4,2024,0.038498951310003325,2085039,284.9408728289246,0.23870417732310314,272.6001705029838,2025,PPML-FE base replicado
2025,COSTA BARROS,Bercario,332,801.0,4,4,0,0,2024,0.038498951310003325,2085039,307.26417015700025,0.32742440041710114,262.266944734098,2025,PPML-FE base replicado
2025,COSTA BARROS,Maternal I,195,540.0,4,0,4,0,2024,0.038498951310003325,2085039,316.90341253916273,0.3847583643122677,207.76951672862455,2025,PPML-FE base replicado
2025,COSTA BARROS,Maternal II,117,538.0,4,0,0,4,2024,0.038498951310003325,2085039,166.37140962613682,0.2692307692307692,144.84615384615384,2025,PPML-FE base replicado
2025,CURICICA,Bercario,241,798.0,4,4,0,0,2024,0.038498951310003325,2085039,209.9130425017601,0.22727272727272727,181.36363636363635,2025,PPML-FE base replicado
2025,CURICICA,Maternal I,197,695.0,4,0,4,0,2024,0.038498951310003325,2085039,279.68880817041827,0.3317757009345794,230.5841121495327,2025,PPML-FE base replicado
2025,CURICICA,Maternal II,148,642.0,4,0,0,4,2024,0.038498951310003325,2085039,136.14088716574338,0.250733137829912,160.97067448680352,2025,PPML-FE base replicado
2025,DEL CASTILHO,Bercario,159,457.0,4,4,0,0,2024,0.038498951310003325,2085039,105.76045957169559,0.3146551724137931,143.79741379310343,2025,PPML-FE base replicado
2025,DEL CASTILHO,Maternal I,66,239.0,4,0,4,0,2024,0.038498951310003325,2085039,84.61722562852302,0.3409090909090909,81.47727272727272,2025,PPML-FE base replicado
2025,DEL CASTILHO,Maternal II,39,264.0,4,0,0,4,2024,0.038498951310003325,2085039,49.25247649213398,0.14937759336099585,39.43568464730291,2025,PPML-FE base replicado
2025,DEODORO,Bercario,80,236.0,4,4,0,0,2024,0.038498951310003325,2085039,93.48119414216647,0.26523297491039427,62.59498207885305,2025,PPML-FE base replicado
2025,DEODORO,Maternal I,63,157.0,4,0,4,0,2024,0.038498951310003325,2085039,95.1405488812111,0.5075757575757576,79.68939393939394,2025,PPML-FE base replicado
2025,DEODORO,Maternal II,33,132.0,4,0,0,4,2024,0.038498951310003325,2085039,42.150545158971056,0.31851851851851853,42.044444444444444,2025,PPML-FE base replicado
2025,ENCANTADO,Bercario,39,188.0,4,4,0,0,2024,0.038498951310003325,2085039,35.967917114237224,0.17391304347826086,32.69565217391304,2025,PPML-FE base replicado
2025,ENCANTADO,Maternal I,39,91.0,4,0,4,0,2024,0.038498951310003325,2085039,26.63499278511481,0.53125,48.34375,2025,PPML-FE base replicado
2025,ENCANTADO,Maternal II,19,96.0,4,0,0,4,2024,0.038498951310003325,2085039,14.806270821188015,0.2037037037037037,19.555555555555554,2025,PPML-FE base replicado
2025,ENGENHEIRO LEAL,Bercario,8,116.0,4,4,0,0,2024,0.038498951310003325,2085039,27.170518703137503,0.125,14.5,2025,PPML-FE base replicado
2025,ENGENHEIRO LEAL,Maternal I,27,66.0,4,0,4,0,2024,0.038498951310003325,2085039,23.650353007902698,0.3442622950819672,22.721311475409834,2025,PPML-FE base replicado
2025,ENGENHEIRO LEAL,Maternal II,25,61.0,4,0,0,4,2024,0.038498951310003325,2085039,11.518257717608304,0.4533333333333333,27.653333333333332,2025,PPML-FE base replicado
2025,ENGENHO DENTRO,Bercario,161,707.0,4,4,0,0,2024,0.038498951310003325,2085039,129.7809836280859,0.25296442687747034,178.84584980237153,2025,PPML-FE base replicado
2025,ENGENHO DENTRO,Maternal I,152,393.0,4,0,4,0,2024,0.038498951310003325,2085039,110.36667267198133,0.35377358490566035,139.0330188679245,2025,PPML-FE base replicado
2025,ENGENHO DENTRO,Maternal II,71,424.0,4,0,0,4,2024,0.038498951310003325,2085039,62.74433495828953,0.19433198380566802,82.39676113360323,2025,PPML-FE base replicado
2025,ENGENHO NOVO,Bercario,232,756.0,4,4,0,0,2024,0.038498951310003325,2085039,183.2409954700974,0.3598130841121495,272.01869158878503,2025,PPML-FE base replicado
2025,ENGENHO NOVO,Maternal I,124,428.0,4,0,4,0,2024,0.038498951310003325,2085039,158.70783512362001,0.3646788990825688,156.08256880733944,2025,PPML-FE base replicado
2025,ENGENHO NOVO,Maternal II,52,436.0,4,0,0,4,2024,0.038498951310003325,2085039,85.19308643955962,0.15301724137931033,66.7155172413793,2025,PPML-FE base replicado
2025,ENGENHO RAINHA,Bercario,111,476.0,4,4,0,0,2024,0.038498951310003325,2085039,115.28161256194387,0.2403846153846154,114.42307692307692,2025,PPML-FE base replicado
2025,ENGENHO RAINHA,Maternal I,98,272.0,4,0,4,0,2024,0.038498951310003325,2085039,100.78032295903004,0.4426877470355731,120.41106719367589,2025,PPML-FE base replicado
2025,ENGENHO RAINHA,Maternal II,43,253.0,4,0,0,4,2024,0.038498951310003325,2085039,49.395868693001916,0.3146067415730337,79.59550561797752,2025,PPML-FE base replicado
2025,ESTACIO,Bercario,109,350.0,4,4,0,0,2024,0.038498951310003325,2085039,118.42057405777874,0.39660056657223797,138.81019830028328,2025,PPML-FE base replicado
2025,ESTACIO,Maternal I,62,178.0,4,0,4,0,2024,0.038498951310003325,2085039,92.13674631754769,0.38071065989847713,67.76649746192894,2025,PPML-FE base replicado
2025,ESTACIO,Maternal II,35,197.0,4,0,0,4,2024,0.038498951310003325,2085039,53.73315731802361,0.11650485436893204,22.951456310679614,2025,PPML-FE base replicado
2025,FLAMENGO,Bercario,41,516.0,4,4,0,0,2024,0.038498951310003325,2085039,50.9297114791993,0.10088495575221239,52.05663716814159,2025,PPML-FE base replicado
2025,FLAMENGO,Maternal I,30,297.0,4,0,4,0,2024,0.038498951310003325,2085039,44.8468263744685,0.12547528517110265,37.266159695817485,2025,PPML-FE base replicado
2025,FLAMENGO,Maternal II,15,263.0,4,0,0,4,2024,0.038498951310003325,2085039,20.926388270110117,0.07168458781362007,18.85304659498208,2025,PPML-FE base replicado
2025,FREGUESIA ILHA,Bercario,75,321.0,4,4,0,0,2024,0.038498951310003325,2085039,70.77049023340469,0.275,88.275,2025,PPML-FE base replicado
2025,FREGUESIA ILHA,Maternal I,43,155.0,4,0,4,0,2024,0.038498951310003325,2085039,52.27964398471348,0.24313725490196078,37.68627450980392,2025,PPML-FE base replicado
2025,FREGUESIA ILHA,Maternal II,27,255.0,4,0,0,4,2024,0.038498951310003325,2085039,45.321509714087526,0.19895287958115182,50.73298429319372,2025,PPML-FE base replicado
2025,FREGUESIA JPA,Bercario,142,1172.0,4,4,0,0,2024,0.038498951310003325,2085039,152.44340438922205,0.13104013104013104,153.5790335790336,2025,PPML-FE base replicado
2025,FREGUESIA JPA,Maternal I,104,626.0,4,0,4,0,2024,0.038498951310003325,2085039,124.56875162003644,0.2148626817447496,134.50403877221325,2025,PPML-FE base replicado
2025,FREGUESIA JPA,Maternal II,32,619.0,4,0,0,4,2024,0.038498951310003325,2085039,64.90657495845073,0.08898305084745763,55.08050847457627,2025,PPML-FE base replicado
2025,GALEAO,Bercario,108,612.0,4,4,0,0,2024,0.038498951310003325,2085039,174.69253232383576,0.19207317073170732,117.54878048780488,2025,PPML-FE base replicado
2025,GALEAO,Maternal I,88,347.0,4,0,4,0,2024,0.038498951310003325,2085039,151.53262433496283,0.2958904109589041,102.67397260273972,2025,PPML-FE base replicado
2025,GALEAO,Maternal II,75,365.0,4,0,0,4,2024,0.038498951310003325,2085039,83.99100907341102,0.34,124.10000000000001,2025,PPML-FE base replicado
2025,GAMBOA,Bercario,51,234.0,4,4,0,0,2024,0.038498951310003325,2085039,63.588456120879066,0.3107569721115538,72.71713147410358,2025,PPML-FE base replicado
2025,GAMBOA,Maternal I,40,126.0,4,0,4,0,2024,0.038498951310003325,2085039,52.38256012546239,0.3141025641025641,39.57692307692307,2025,PPML-FE base replicado
2025,GAMBOA,Maternal II,24,156.0,4,0,0,4,2024,0.038498951310003325,2085039,34.17464705306583,0.2662337662337662,41.53246753246753,2025,PPML-FE base replicado
2025,GARDENIA AZUL,Bercario,220,757.0,4,4,0,0,2024,0.038498951310003325,2085039,258.7819619216732,0.2801678908709339,212.08709338929697,2025,PPML-FE base replicado
2025,GARDENIA AZUL,Maternal I,235,529.0,4,0,4,0,2024,0.038498951310003325,2085039,276.6607470451184,0.5488069414316703,290.3188720173536,2025,PPML-FE base replicado
2025,GARDENIA AZUL,Maternal II,168,461.0,4,0,0,4,2024,0.038498951310003325,2085039,127.04455701133028,0.2976827094474153,137.23172905525846,2025,PPML-FE base replicado
2025,GAVEA,Bercario,203,279.0,4,4,0,0,2024,0.038498951310003325,2085039,119.22571508629338,0.641566265060241,178.99698795180723,2025,PPML-FE base replicado
2025,GAVEA,Maternal I,125,167.0,4,0,4,0,2024,0.038498951310003325,2085039,109.17820642321696,0.8654970760233918,144.53801169590642,2025,PPML-FE base replicado
2025,GAVEA,Maternal II,61,171.0,4,0,0,4,2024,0.038498951310003325,2085039,58.9086213921481,0.54421768707483,93.06122448979593,2025,PPML-FE base replicado
2025,GERICINO,Bercario,0,33.0,4,4,0,0,2024,0.038498951310003325,2085039,5.967341113578972,0.0,0.0,2025,PPML-FE base replicado
2025,GERICINO,Maternal II,0,12.0,4,0,0,4,2024,0.038498951310003325,2085039,1.7493035872664247,0.0,0.0,2025,PPML-FE base replicado
2025,GLORIA,Bercario,46,100.0,4,4,0,0,2024,0.038498951310003325,2085039,26.835523615127926,0.43564356435643564,43.56435643564357,2025,PPML-FE base replicado
2025,GLORIA,Maternal I,23,44.0,4,0,4,0,2024,0.038498951310003325,2085039,18.06410719789018,0.3333333333333333,14.666666666666666,2025,PPML-FE base replicado
2025,GLORIA,Maternal II,8,69.0,4,0,0,4,2024,0.038498951310003325,2085039,14.92712537961176,0.23076923076923078,15.923076923076923,2025,PPML-FE base replicado
2025,GRAJAU,Bercario,69,431.0,4,4,0,0,2024,0.038498951310003325,2085039,74.5138981548121,0.18859649122807018,81.28508771929825,2025,PPML-FE base replicado
2025,GRAJAU,Maternal I,24,234.0,4,0,4,0,2024,0.038498951310003325,2085039,61.89130254243476,0.16883116883116883,39.506493506493506,2025,PPML-FE base replicado
2025,GRAJAU,Maternal II,17,231.0,4,0,0,4,2024,0.038498951310003325,2085039,32.19504302927823,0.10714285714285714,24.75,2025,PPML-FE base replicado
2025,GRUMARI,Bercario,0,5.0,4,4,0,0,2024,0.038498951310003325,2085039,0.9501056066302251,0.0,0.0,2025,PPML-FE base replicado
2025,GRUMARI,Maternal I,1,2.0,4,0,4,0,2024,0.038498951310003325,2085039,0.5814141859002052,0.0,0.0,2025,PPML-FE base replicado
2025,GRUMARI,Maternal II,1,5.0,4,0,0,4,2024,0.038498951310003325,2085039,0.7659296769527721,0.4,2.0,2025,PPML-FE base replicado
2025,GUADALUPE,Bercario,153,754.0,4,4,0,0,2024,0.038498951310003325,2085039,165.7975024710466,0.20317820658342792,153.19636776390465,2025,PPML-FE base replicado
2025,GUADALUPE,Maternal I,137,481.0,4,0,4,0,2024,0.038498951310003325,2085039,161.81004040948923,0.37924151696606784,182.41516966067863,2025,PPML-FE base replicado
2025,GUADALUPE,Maternal II,115,501.0,4,0,0,4,2024,0.038498951310003325,2085039,88.80989987403397,0.21455938697318008,107.49425287356323,2025,PPML-FE base replicado
2025,GUARATIBA,Bercario,931,3694.0,4,4,0,0,2024,0.038498951310003325,2085039,1207.8862475306805,0.28985107556536127,1070.7098731384444,2025,PPML-FE base replicado
2025,GUARATIBA,Maternal I,812,1787.0,4,0,4,0,2024,0.038498951310003325,2085039,893.9381045333421,0.49737670514165794,888.8121720881427,2025,PPML-FE base replicado
2025,GUARATIBA,Maternal II,619,1906.0,4,0,0,4,2024,0.038498951310003325,2085039,502.4224744130097,0.35987590486039295,685.9234746639089,2025,PPML-FE base replicado
2025,HIGIENOPOLIS,Bercario,47,224.0,4,4,0,0,2024,0.038498951310003325,2085039,37.40127468774023,0.2621359223300971,58.71844660194175,2025,PPML-FE base replicado
2025,HIGIENOPOLIS,Maternal I,29,105.0,4,0,4,0,2024,0.038498951310003325,2085039,26.821399579556275,0.24324324324324326,25.54054054054054,2025,PPML-FE base replicado
2025,HIGIENOPOLIS,Maternal II,14,111.0,4,0,0,4,2024,0.038498951310003325,2085039,14.940955784854907,0.1694915254237288,18.813559322033896,2025,PPML-FE base replicado
2025,HONORIO GURGEL,Bercario,89,361.0,4,4,0,0,2024,0.038498951310003325,2085039,90.7534904848663,0.2589928057553957,93.49640287769785,2025,PPML-FE base replicado
2025,HONORIO GURGEL,Maternal I,82,231.0,4,0,4,0,2024,0.038498951310003325,2085039,88.84272424711112,0.3783783783783784,87.4054054054054,2025,PPML-FE base replicado
2025,HONORIO GURGEL,Maternal II,56,222.0,4,0,0,4,2024,0.038498951310003325,2085039,44.99104973809817,0.23921568627450981,53.10588235294118,2025,PPML-FE base replicado
2025,HUMAITA,Bercario,6,146.0,4,4,0,0,2024,0.038498951310003325,2085039,15.474122733306588,0.061224489795918366,8.938775510204081,2025,PPML-FE base replicado
2025,HUMAITA,Maternal I,7,76.0,4,0,4,0,2024,0.038498951310003325,2085039,12.323115679803669,0.14285714285714285,10.857142857142856,2025,PPML-FE base replicado
2025,HUMAITA,Maternal II,2,84.0,4,0,0,4,2024,0.038498951310003325,2085039,7.177108036600744,0.020833333333333332,1.75,2025,PPML-FE base replicado
2025,ILHA GUARATIBA,Bercario,1,69.0,4,4,0,0,2024,0.038498951310003325,2085039,13.929311546590428,0.1111111111111111,7.666666666666666,2025,PPML-FE base replicado
2025,INHAUMA,Bercario,328,1048.0,4,4,0,0,2024,0.038498951310003325,2085039,289.4763719984074,0.36693914623069934,384.5522252497729,2025,PPML-FE base replicado
2025,INHAUMA,Maternal I,355,529.0,4,0,4,0,2024,0.038498951310003325,2085039,223.54309629198772,0.47066326530612246,248.9808673469388,2025,PPML-FE base replicado
2025,INHAUMA,Maternal II,132,784.0,4,0,0,4,2024,0.038498951310003325,2085039,174.57615229047462,0.23529411764705882,184.47058823529412,2025,PPML-FE base replicado
2025,INHOAIBA,Bercario,522,1480.0,4,4,0,0,2024,0.038498951310003325,2085039,538.7220865732692,0.3384223918575064,500.86513994910945,2025,PPML-FE base replicado
2025,INHOAIBA,Maternal I,385,824.0,4,0,4,0,2024,0.038498951310003325,2085039,458.864044907426,0.47798066595059074,393.85606874328676,2025,PPML-FE base replicado
2025,INHOAIBA,Maternal II,219,931.0,4,0,0,4,2024,0.038498951310003325,2085039,273.1931231301406,0.2326086956521739,216.5586956521739,2025,PPML-FE base replicado
2025,IPANEMA,Bercario,11,508.0,4,4,0,0,2024,0.038498951310003325,2085039,29.752846383632424,0.016,8.128,2025,PPML-FE base replicado
2025,IPANEMA,Maternal I,14,246.0,4,0,4,0,2024,0.038498951310003325,2085039,22.04213543141174,0.06529209621993128,16.061855670103093,2025,PPML-FE base replicado
2025,IPANEMA,Maternal II,9,291.0,4,0,0,4,2024,0.038498951310003325,2085039,13.739622892543771,0.01968503937007874,5.728346456692913,2025,PPML-FE base replicado
2025,IRAJA,Bercario,302,1468.0,4,4,0,0,2024,0.038498951310003325,2085039,305.7767812649691,0.18823529411764706,276.32941176470587,2025,PPML-FE base replicado
2025,IRAJA,Maternal I,249,829.0,4,0,4,0,2024,0.038498951310003325,2085039,264.1719679132302,0.30814639905548996,255.4533648170012,2025,PPML-FE base replicado
2025,IRAJA,Maternal II,128,847.0,4,0,0,4,2024,0.038498951310003325,2085039,142.22596063348362,0.18299881936245574,155.0,2025,PPML-FE base replicado
2025,ITANHANGA,Bercario,207,1535.0,4,4,0,0,2024,0.038498951310003325,2085039,477.787441130546,0.18896103896103897,290.05519480519484,2025,PPML-FE base replicado
2025,ITANHANGA,Maternal I,291,721.0,4,0,4,0,2024,0.038498951310003325,2085039,343.3328562497926,0.49081364829396323,353.8766404199475,2025,PPML-FE base replicado
2025,ITANHANGA,Maternal II,277,762.0,4,0,0,4,2024,0.038498951310003325,2085039,191.2046006146055,0.4104372355430183,312.75317348377996,2025,PPML-FE base replicado
2025,JABOUR,Bercario,0,19.0,4,4,0,0,2024,0.038498951310003325,2085039,3.8383276131237376,0.0,0.0,2025,PPML-FE base replicado
2025,JABOUR,Maternal I,0,1.0,4,0,4,0,2024,0.038498951310003325,2085039,0.3090595664797119,0.26630110339739077,0.26630110339739077,2025,PPML-FE base replicado
2025,JACARE,Bercario,227,278.0,4,4,0,0,2024,0.038498951310003325,2085039,116.68509873513327,0.5720620842572062,159.03325942350332,2025,PPML-FE base replicado
2025,JACARE,Maternal I,127,288.0,4,0,4,0,2024,0.038498951310003325,2085039,184.93403333167606,0.46835443037974683,134.8860759493671,2025,PPML-FE base replicado
2025,JACARE,Maternal II,80,316.0,4,0,0,4,2024,0.038498951310003325,2085039,106.92387782473472,0.3042168674698795,96.13253012048193,2025,PPML-FE base replicado
2025,JACAREPAGUA,Bercario,488,4521.0,4,4,0,0,2024,0.038498951310003325,2085039,899.0982738299672,0.14035087719298245,634.5263157894736,2025,PPML-FE base replicado
2025,JACAREPAGUA,Maternal I,501,1957.0,4,0,4,0,2024,0.038498951310003325,2085039,595.4115214505928,0.2537313432835821,496.55223880597015,2025,PPML-FE base replicado
2025,JACAREPAGUA,Maternal II,401,2546.0,4,0,0,4,2024,0.038498951310003325,2085039,408.1765704988585,0.2167426440116038,551.8267716535433,2025,PPML-FE base replicado
2025,JACAREZINHO,Bercario,31,563.0,4,4,0,0,2024,0.038498951310003325,2085039,53.963414673038535,0.09174311926605505,51.65137614678899,2025,PPML-FE base replicado
2025,JACAREZINHO,Maternal I,9,157.0,4,0,4,0,2024,0.038498951310003325,2085039,23.02207329246113,0.09615384615384616,15.096153846153847,2025,PPML-FE base replicado
2025,JACAREZINHO,Maternal II,12,208.0,4,0,0,4,2024,0.038498951310003325,2085039,16.072053867629943,0.06341463414634146,13.190243902439025,2025,PPML-FE base replicado
2025,JARDIM AMERICA,Bercario,145,459.0,4,4,0,0,2024,0.038498951310003325,2085039,122.50155250131351,0.24736842105263157,113.5421052631579,2025,PPML-FE base replicado
2025,JARDIM AMERICA,Maternal I,135,289.0,4,0,4,0,2024,0.038498951310003325,2085039,117.99959088704844,0.5163398692810458,149.22222222222223,2025,PPML-FE base replicado
2025,JARDIM AMERICA,Maternal II,47,306.0,4,0,0,4,2024,0.038498951310003325,2085039,65.83659323677772,0.1529745042492918,46.81019830028329,2025,PPML-FE base replicado
2025,JARDIM BOTANICO,Bercario,20,212.0,4,4,0,0,2024,0.038498951310003325,2085039,18.284994492246664,0.05263157894736842,11.157894736842104,2025,PPML-FE base replicado
2025,JARDIM BOTANICO,Maternal I,15,118.0,4,0,4,0,2024,0.038498951310003325,2085039,15.57021938745884,0.13392857142857142,15.803571428571429,2025,PPML-FE base replicado
2025,JARDIM BOTANICO,Maternal II,7,112.0,4,0,0,4,2024,0.038498951310003325,2085039,7.787427417607623,0.040983606557377046,4.590163934426229,2025,PPML-FE base replicado
2025,JARDIM CARIOCA,Bercario,77,363.0,4,4,0,0,2024,0.038498951310003325,2085039,58.71757526479259,0.21144278606965175,76.75373134328359,2025,PPML-FE base replicado
2025,JARDIM CARIOCA,Maternal I,59,213.0,4,0,4,0,2024,0.038498951310003325,2085039,52.710221741995596,0.25116279069767444,53.49767441860465,2025,PPML-FE base replicado
2025,JARDIM CARIOCA,Maternal II,25,215.0,4,0,0,4,2024,0.038498951310003325,2085039,28.03605893720836,0.13924050632911392,29.93670886075949,2025,PPML-FE base replicado
2025,JARDIM GUANABARA,Bercario,11,336.0,4,4,0,0,2024,0.038498951310003325,2085039,25.120405308921672,0.03783783783783784,12.713513513513515,2025,PPML-FE base replicado
2025,JARDIM GUANABARA,Maternal I,13,194.0,4,0,4,0,2024,0.038498951310003325,2085039,22.189261407025693,0.035,6.790000000000001,2025,PPML-FE base replicado
2025,JARDIM GUANABARA,Maternal II,8,200.0,4,0,0,4,2024,0.038498951310003325,2085039,12.054088532067018,0.07428571428571429,14.857142857142858,2025,PPML-FE base replicado
2025,JARDIM SULACAP,Bercario,32,299.0,4,4,0,0,2024,0.038498951310003325,2085039,45.217222050716785,0.10372340425531915,31.013297872340424,2025,PPML-FE base replicado
2025,JARDIM SULACAP,Maternal I,44,200.0,4,0,4,0,2024,0.038498951310003325,2085039,46.27180453246672,0.27586206896551724,55.172413793103445,2025,PPML-FE base replicado
2025,JARDIM SULACAP,Maternal II,28,174.0,4,0,0,4,2024,0.038498951310003325,2085039,21.21284672210028,0.19696969696969696,34.27272727272727,2025,PPML-FE base replicado
2025,JOA,Bercario,1,11.0,4,4,0,0,2024,0.038498951310003325,2085039,2.027828185362024,0.0,0.0,2025,PPML-FE base replicado
2025,JOA,Maternal I,0,8.0,4,0,4,0,2024,0.038498951310003325,2085039,2.2562239690373778,0.0,0.0,2025,PPML-FE base replicado
2025,JOA,Maternal II,0,11.0,4,0,0,4,2024,0.038498951310003325,2085039,1.6347380502666016,0.0,0.0,2025,PPML-FE base replicado
2025,LAGOA,Bercario,3,245.0,4,4,0,0,2024,0.038498951310003325,2085039,17.84944517179597,0.01968503937007874,4.822834645669292,2025,PPML-FE base replicado
2025,LAGOA,Maternal I,6,137.0,4,0,4,0,2024,0.038498951310003325,2085039,15.269786174880014,0.0234375,3.2109375,2025,PPML-FE base replicado
2025,LAGOA,Maternal II,0,128.0,4,0,0,4,2024,0.038498951310003325,2085039,7.517710937361839,0.006756756756756757,0.8648648648648649,2025,PPML-FE base replicado
2025,LAPA,Bercario,0,77.0,4,4,0,0,2024,0.038498951310003325,2085039,9.484741340054248,0.0,0.0,2025,PPML-FE base replicado
2025,LAPA,Maternal I,0,15.0,4,0,4,0,2024,0.038498951310003325,2085039,2.826700379590949,0.0,0.0,2025,PPML-FE base replicado
2025,LAPA,Maternal II,0,34.0,4,0,0,4,2024,0.038498951310003325,2085039,3.3762197014085507,0.0,0.0,2025,PPML-FE base replicado
2025,LARANJEIRAS,Bercario,49,497.0,4,4,0,0,2024,0.038498951310003325,2085039,50.71066042122486,0.09778597785977859,48.59963099630996,2025,PPML-FE base replicado
2025,LARANJEIRAS,Maternal I,27,285.0,4,0,4,0,2024,0.038498951310003325,2085039,44.4878573478587,0.1357142857142857,38.67857142857142,2025,PPML-FE base replicado
2025,LARANJEIRAS,Maternal II,18,280.0,4,0,0,4,2024,0.038498951310003325,2085039,23.031272054446045,0.06227106227106227,17.435897435897438,2025,PPML-FE base replicado
2025,LEBLON,Bercario,15,506.0,4,4,0,0,2024,0.038498951310003325,2085039,28.787801520256476,0.04753199268738574,24.051188299817184,2025,PPML-FE base replicado
2025,LEBLON,Maternal I,12,288.0,4,0,4,0,2024,0.038498951310003325,2085039,25.067107433192277,0.0599250936329588,17.258426966292134,2025,PPML-FE base replicado
2025,LEBLON,Maternal II,5,267.0,4,0,0,4,2024,0.038498951310003325,2085039,12.245774575743779,0.017421602787456445,4.651567944250871,2025,PPML-FE base replicado
2025,LEME,Bercario,41,177.0,4,4,0,0,2024,0.038498951310003325,2085039,31.596837069591782,0.24870466321243523,44.020725388601036,2025,PPML-FE base replicado
2025,LEME,Maternal I,25,103.0,4,0,4,0,2024,0.038498951310003325,2085039,28.12945518251141,0.3263157894736842,33.61052631578948,2025,PPML-FE base replicado
2025,LEME,Maternal II,9,95.0,4,0,0,4,2024,0.038498951310003325,2085039,13.671336278158401,0.07627118644067797,7.2457627118644075,2025,PPML-FE base replicado
2025,LINS VASCONCELOS,Bercario,173,654.0,4,4,0,0,2024,0.038498951310003325,2085039,141.41787896594062,0.32791728212703103,214.4579025110783,2025,PPML-FE base replicado
2025,LINS VASCONCELOS,Maternal I,77,345.0,4,0,4,0,2024,0.038498951310003325,2085039,114.12989499098106,0.22666666666666666,78.2,2025,PPML-FE base replicado
2025,LINS VASCONCELOS,Maternal II,29,375.0,4,0,0,4,2024,0.038498951310003325,2085039,65.3694536087118,0.0829145728643216,31.092964824120603,2025,PPML-FE base replicado
2025,MADUREIRA,Bercario,164,778.0,4,4,0,0,2024,0.038498951310003325,2085039,175.5251337600982,0.2532544378698225,197.0319526627219,2025,PPML-FE base replicado
2025,MADUREIRA,Maternal I,115,462.0,4,0,4,0,2024,0.038498951310003325,2085039,159.4613523466937,0.279317697228145,129.04477611940297,2025,PPML-FE base replicado
2025,MADUREIRA,Maternal II,75,469.0,4,0,0,4,2024,0.038498951310003325,2085039,85.30010674635423,0.13812154696132597,64.77900552486189,2025,PPML-FE base replicado
2025,MAGALHAES BASTOS,Bercario,71,404.0,4,4,0,0,2024,0.038498951310003325,2085039,90.39300737481314,0.22624434389140272,91.4027149321267,2025,PPML-FE base replicado
2025,MAGALHAES BASTOS,Maternal I,80,228.0,4,0,4,0,2024,0.038498951310003325,2085039,78.04445804998473,0.28292682926829266,64.50731707317073,2025,PPML-FE base replicado
2025,MAGALHAES BASTOS,Maternal II,66,205.0,4,0,0,4,2024,0.038498951310003325,2085039,36.97637629536619,0.1859504132231405,38.1198347107438,2025,PPML-FE base replicado
2025,MANGUEIRA,Bercario,178,471.0,4,4,0,0,2024,0.038498951310003325,2085039,155.4184987163519,0.39565217391304347,186.3521739130435,2025,PPML-FE base replicado
2025,MANGUEIRA,Maternal I,63,232.0,4,0,4,0,2024,0.038498951310003325,2085039,117.11797075064852,0.2440944881889764,56.62992125984252,2025,PPML-FE base replicado
2025,MANGUEIRA,Maternal II,26,254.0,4,0,0,4,2024,0.038498951310003325,2085039,67.56667309302266,0.14225941422594143,36.13389121338913,2025,PPML-FE base replicado
2025,MANGUINHOS,Bercario,261,728.0,4,4,0,0,2024,0.038498951310003325,2085039,139.01586526398717,0.21921515561569688,159.58863328822733,2025,PPML-FE base replicado
2025,MANGUINHOS,Maternal I,186,391.0,4,0,4,0,2024,0.038498951310003325,2085039,114.22561287711886,0.3064935064935065,119.83896103896103,2025,PPML-FE base replicado
2025,MANGUINHOS,Maternal II,111,385.0,4,0,0,4,2024,0.038498951310003325,2085039,59.26669829006383,0.2018140589569161,77.6984126984127,2025,PPML-FE base replicado
2025,MARACANA,Bercario,11,278.0,4,4,0,0,2024,0.038498951310003325,2085039,29.369554505236668,0.056105610561056105,15.597359735973598,2025,PPML-FE base replicado
2025,MARACANA,Maternal I,20,160.0,4,0,4,0,2024,0.038498951310003325,2085039,25.85986762036661,0.05844155844155844,9.35064935064935,2025,PPML-FE base replicado
2025,MARACANA,Maternal II,5,154.0,4,0,0,4,2024,0.038498951310003325,2085039,13.115664538540825,0.05202312138728324,8.011560693641618,2025,PPML-FE base replicado
2025,MARECHAL HERMES,Bercario,100,752.0,4,4,0,0,2024,0.038498951310003325,2085039,177.95312528035936,0.17051282051282052,128.22564102564104,2025,PPML-FE base replicado
2025,MARECHAL HERMES,Maternal I,141,361.0,4,0,4,0,2024,0.038498951310003325,2085039,130.69191831176332,0.4090909090909091,147.6818181818182,2025,PPML-FE base replicado
2025,MARECHAL HERMES,Maternal II,109,418.0,4,0,0,4,2024,0.038498951310003325,2085039,79.74088972819274,0.21896162528216703,91.52595936794582,2025,PPML-FE base replicado
2025,MARIA GRACA,Bercario,23,82.0,4,4,0,0,2024,0.038498951310003325,2085039,12.526383671627933,0.17475728155339806,14.330097087378642,2025,PPML-FE base replicado
2025,MARIA GRACA,Maternal I,7,55.0,4,0,4,0,2024,0.038498951310003325,2085039,12.8537041125177,0.23809523809523808,13.095238095238095,2025,PPML-FE base replicado
2025,MARIA GRACA,Maternal II,8,63.0,4,0,0,4,2024,0.038498951310003325,2085039,7.758350983387591,0.1,6.300000000000001,2025,PPML-FE base replicado
2025,MEIER,Bercario,68,453.0,4,4,0,0,2024,0.038498951310003325,2085039,57.271558666696166,0.14428857715430862,65.3627254509018,2025,PPML-FE base replicado
2025,MEIER,Maternal I,59,242.0,4,0,4,0,2024,0.038498951310003325,2085039,46.806904251529,0.3474903474903475,84.0926640926641,2025,PPML-FE base replicado
2025,MEIER,Maternal II,17,259.0,4,0,0,4,2024,0.038498951310003325,2085039,26.397182871739826,0.15040650406504066,38.955284552845534,2025,PPML-FE base replicado
2025,MONERO,Bercario,5,55.0,4,4,0,0,2024,0.038498951310003325,2085039,9.038777845121725,0.043478260869565216,2.391304347826087,2025,PPML-FE base replicado
2025,MONERO,Maternal I,0,24.0,4,0,4,0,2024,0.038498951310003325,2085039,6.034093234973014,0.16666666666666666,4.0,2025,PPML-FE base replicado
2025,MONERO,Maternal II,1,30.0,4,0,0,4,2024,0.038498951310003325,2085039,3.974525557034707,0.07142857142857142,2.142857142857143,2025,PPML-FE base replicado
2025,OLARIA,Bercario,215,782.0,4,4,0,0,2024,0.038498951310003325,2085039,164.04977113803642,0.2636871508379888,206.20335195530726,2025,PPML-FE base replicado
2025,OLARIA,Maternal I,170,492.0,4,0,4,0,2024,0.038498951310003325,2085039,157.90203613068462,0.35864978902953587,176.45569620253164,2025,PPML-FE base replicado
2025,OLARIA,Maternal II,86,474.0,4,0,0,4,2024,0.038498951310003325,2085039,80.16120439992312,0.15113871635610765,71.63975155279502,2025,PPML-FE base replicado
2025,OSWALDO CRUZ,Bercario,61,460.0,4,4,0,0,2024,0.038498951310003325,2085039,97.9322196626075,0.15831663326653306,72.82565130260521,2025,PPML-FE base replicado
2025,OSWALDO CRUZ,Maternal I,78,244.0,4,0,4,0,2024,0.038498951310003325,2085039,79.47148793919413,0.3321678321678322,81.04895104895105,2025,PPML-FE base replicado
2025,OSWALDO CRUZ,Maternal II,84,286.0,4,0,0,4,2024,0.038498951310003325,2085039,49.085228352184735,0.2873134328358209,82.17164179104478,2025,PPML-FE base replicado
2025,PACIENCIA,Bercario,670,2317.0,4,4,0,0,2024,0.038498951310003325,2085039,763.1848403883865,0.29825274278748476,691.0516050386021,2025,PPML-FE base replicado
2025,PACIENCIA,Maternal I,675,1251.0,4,0,4,0,2024,0.038498951310003325,2085039,630.3979071821211,0.5390070921985816,674.2978723404256,2025,PPML-FE base replicado
2025,PACIENCIA,Maternal II,365,1410.0,4,0,0,4,2024,0.038498951310003325,2085039,374.4034399063348,0.23799582463465555,335.57411273486434,2025,PPML-FE base replicado
2025,PADRE MIGUEL,Bercario,183,1047.0,4,4,0,0,2024,0.038498951310003325,2085039,217.3588086488219,0.1816461684011353,190.18353831598864,2025,PPML-FE base replicado
2025,PADRE MIGUEL,Maternal I,173,510.0,4,0,4,0,2024,0.038498951310003325,2085039,161.977425200906,0.30960264900662254,157.8973509933775,2025,PPML-FE base replicado
2025,PADRE MIGUEL,Maternal II,100,604.0,4,0,0,4,2024,0.038498951310003325,2085039,101.08448859082289,0.22992125984251968,138.8724409448819,2025,PPML-FE base replicado
2025,PAQUETA,Bercario,26,42.0,4,4,0,0,2024,0.038498951310003325,2085039,11.026830207106906,0.39655172413793105,16.655172413793103,2025,PPML-FE base replicado
2025,PAQUETA,Maternal I,9,33.0,4,0,4,0,2024,0.038498951310003325,2085039,13.254675152319363,0.30952380952380953,10.214285714285715,2025,PPML-FE base replicado
2025,PAQUETA,Maternal II,20,42.0,4,0,0,4,2024,0.038498951310003325,2085039,8.889302872653715,0.1935483870967742,8.129032258064516,2025,PPML-FE base replicado
2025,PARADA LUCAS,Bercario,109,533.0,4,4,0,0,2024,0.038498951310003325,2085039,89.38068854158577,0.24954792043399637,133.00904159132006,2025,PPML-FE base replicado
2025,PARADA LUCAS,Maternal I,58,280.0,4,0,4,0,2024,0.038498951310003325,2085039,71.83370550986943,0.266025641025641,74.48717948717949,2025,PPML-FE base replicado
2025,PARADA LUCAS,Maternal II,35,312.0,4,0,0,4,2024,0.038498951310003325,2085039,42.17820537580665,0.1392857142857143,43.457142857142856,2025,PPML-FE base replicado
2025,PARQUE ANCHIETA,Bercario,44,347.0,4,4,0,0,2024,0.038498951310003325,2085039,75.7764241520658,0.2064516129032258,71.63870967741936,2025,PPML-FE base replicado
2025,PARQUE ANCHIETA,Maternal I,84,139.0,4,0,4,0,2024,0.038498951310003325,2085039,46.437965488207,0.3383838383838384,47.035353535353536,2025,PPML-FE base replicado
2025,PARQUE ANCHIETA,Maternal II,34,198.0,4,0,0,4,2024,0.038498951310003325,2085039,34.85674578262151,0.21153846153846154,41.88461538461539,2025,PPML-FE base replicado
2025,PARQUE COLUMBIA,Bercario,26,191.0,4,4,0,0,2024,0.038498951310003325,2085039,46.289639866336,0.17164179104477612,32.78358208955224,2025,PPML-FE base replicado
2025,PARQUE COLUMBIA,Maternal I,7,20.0,4,0,4,0,2024,0.038498951310003325,2085039,7.415393160762868,0.30357142857142855,6.071428571428571,2025,PPML-FE base replicado
2025,PARQUE COLUMBIA,Maternal II,5,56.0,4,0,0,4,2024,0.038498951310003325,2085039,10.94096120276786,0.0975609756097561,5.463414634146342,2025,PPML-FE base replicado
2025,PAVUNA,Bercario,414,1846.0,4,4,0,0,2024,0.038498951310003325,2085039,542.5935269565235,0.26447661469933187,488.2238307349666,2025,PPML-FE base replicado
2025,PAVUNA,Maternal I,354,816.0,4,0,4,0,2024,0.038498951310003325,2085039,366.933042659843,0.41081081081081083,335.22162162162164,2025,PPML-FE base replicado
2025,PAVUNA,Maternal II,151,925.0,4,0,0,4,2024,0.038498951310003325,2085039,219.18037251449468,0.20020325203252032,185.1880081300813,2025,PPML-FE base replicado
2025,PECHINCHA,Bercario,68,694.0,4,4,0,0,2024,0.038498951310003325,2085039,75.86519851387409,0.09408926417370325,65.29794933655006,2025,PPML-FE base replicado
2025,PECHINCHA,Maternal I,75,433.0,4,0,4,0,2024,0.038498951310003325,2085039,72.41437324028686,0.1928374655647383,83.49862258953168,2025,PPML-FE base replicado
2025,PECHINCHA,Maternal II,23,363.0,4,0,0,4,2024,0.038498951310003325,2085039,31.989449717054537,0.13615023474178403,49.4225352112676,2025,PPML-FE base replicado
2025,PEDRA GUARATIBA,Bercario,111,368.0,4,4,0,0,2024,0.038498951310003325,2085039,54.0487722214209,0.15781710914454278,58.07669616519174,2025,PPML-FE base replicado
2025,PEDRA GUARATIBA,Maternal I,70,458.0,4,0,4,0,2024,0.038498951310003325,2085039,102.9099207882848,0.3119266055045872,142.86238532110093,2025,PPML-FE base replicado
2025,PEDRA GUARATIBA,Maternal II,55,436.0,4,0,0,4,2024,0.038498951310003325,2085039,51.622795598137344,0.09740259740259741,42.46753246753247,2025,PPML-FE base replicado
2025,PENHA,Bercario,307,1238.0,4,4,0,0,2024,0.038498951310003325,2085039,246.0624484065679,0.2562225475841874,317.203513909224,2025,PPML-FE base replicado
2025,PENHA,Maternal I,218,715.0,4,0,4,0,2024,0.038498951310003325,2085039,217.4124899353828,0.38235294117647056,273.38235294117646,2025,PPML-FE base replicado
2025,PENHA,Maternal II,104,714.0,4,0,0,4,2024,0.038498951310003325,2085039,114.4036615299538,0.16971916971916973,121.17948717948718,2025,PPML-FE base replicado
2025,PENHA CIRCULAR,Bercario,201,752.0,4,4,0,0,2024,0.038498951310003325,2085039,162.78072757260318,0.32674571805006586,245.71277997364953,2025,PPML-FE base replicado
2025,PENHA CIRCULAR,Maternal I,105,360.0,4,0,4,0,2024,0.038498951310003325,2085039,119.21788067231769,0.36553524804177545,131.59268929503915,2025,PPML-FE base replicado
2025,PENHA CIRCULAR,Maternal II,47,383.0,4,0,0,4,2024,0.038498951310003325,2085039,66.83453563577119,0.16507177033492823,63.22248803827751,2025,PPML-FE base replicado
2025,PIEDADE,Bercario,125,713.0,4,4,0,0,2024,0.038498951310003325,2085039,151.42135877029287,0.21191135734072022,151.09279778393352,2025,PPML-FE base replicado
2025,PIEDADE,Maternal I,168,347.0,4,0,4,0,2024,0.038498951310003325,2085039,112.74072818974199,0.46195652173913043,160.29891304347825,2025,PPML-FE base replicado
2025,PIEDADE,Maternal II,73,368.0,4,0,0,4,2024,0.038498951310003325,2085039,63.00317617520794,0.21377672209026127,78.66983372921615,2025,PPML-FE base replicado
2025,PILARES,Bercario,125,430.0,4,4,0,0,2024,0.038498951310003325,2085039,105.90948823774403,0.3006535947712418,129.28104575163397,2025,PPML-FE base replicado
2025,PILARES,Maternal I,99,229.0,4,0,4,0,2024,0.038498951310003325,2085039,86.28904210918184,0.49783549783549785,114.00432900432901,2025,PPML-FE base replicado
2025,PILARES,Maternal II,55,231.0,4,0,0,4,2024,0.038498951310003325,2085039,45.86647982871413,0.26587301587301587,61.416666666666664,2025,PPML-FE base replicado
2025,PITANGUEIRAS,Bercario,20,183.0,4,4,0,0,2024,0.038498951310003325,2085039,23.555252245832893,0.0967741935483871,17.70967741935484,2025,PPML-FE base replicado
2025,PITANGUEIRAS,Maternal I,27,89.0,4,0,4,0,2024,0.038498951310003325,2085039,17.525903977378402,0.15555555555555556,13.844444444444445,2025,PPML-FE base replicado
2025,PITANGUEIRAS,Maternal II,12,90.0,4,0,0,4,2024,0.038498951310003325,2085039,9.338910112084793,0.1875,16.875,2025,PPML-FE base replicado
2025,PORTUGUESA,Bercario,57,266.0,4,4,0,0,2024,0.038498951310003325,2085039,57.283377555975676,0.23529411764705882,62.588235294117645,2025,PPML-FE base replicado
2025,PORTUGUESA,Maternal I,37,154.0,4,0,4,0,2024,0.038498951310003325,2085039,50.736610785260886,0.225,34.65,2025,PPML-FE base replicado
2025,PORTUGUESA,Maternal II,19,160.0,4,0,0,4,2024,0.038498951310003325,2085039,27.776913047996498,0.10884353741496598,17.414965986394556,2025,PPML-FE base replicado
2025,PRACA BANDEIRA,Bercario,6,113.0,4,4,0,0,2024,0.038498951310003325,2085039,18.88893923073668,0.10655737704918032,12.040983606557376,2025,PPML-FE base replicado
2025,PRACA BANDEIRA,Maternal I,17,60.0,4,0,4,0,2024,0.038498951310003325,2085039,15.343842359623936,0.3,18.0,2025,PPML-FE base replicado
2025,PRACA BANDEIRA,Maternal II,6,70.0,4,0,0,4,2024,0.038498951310003325,2085039,9.432877232452833,0.16216216216216217,11.351351351351353,2025,PPML-FE base replicado
2025,PRACA SECA,Bercario,295,1127.0,4,4,0,0,2024,0.038498951310003325,2085039,263.36212294391856,0.24595744680851064,277.1940425531915,2025,PPML-FE base replicado
2025,PRACA SECA,Maternal I,223,568.0,4,0,4,0,2024,0.038498951310003325,2085039,203.0633215252396,0.35276532137518685,200.37070254110614,2025,PPML-FE base replicado
2025,PRACA SECA,Maternal II,118,669.0,4,0,0,4,2024,0.038498951310003325,2085039,126.02959259389789,0.23493975903614459,157.17469879518072,2025,PPML-FE base replicado
2025,PRAIA BANDEIRA,Bercario,7,78.0,4,4,0,0,2024,0.038498951310003325,2085039,12.305836082937422,0.05357142857142857,4.178571428571428,2025,PPML-FE base replicado
2025,PRAIA BANDEIRA,Maternal I,6,16.0,4,0,4,0,2024,0.038498951310003325,2085039,3.8618042619809834,0.125,2.0,2025,PPML-FE base replicado
2025,PRAIA BANDEIRA,Maternal II,0,40.0,4,0,0,4,2024,0.038498951310003325,2085039,5.087372414648352,0.030303030303030304,1.2121212121212122,2025,PPML-FE base replicado
2025,QUINTINO BOCAIUVA,Bercario,47,431.0,4,4,0,0,2024,0.038498951310003325,2085039,81.83481153474224,0.1471861471861472,63.43722943722944,2025,PPML-FE base replicado
2025,QUINTINO BOCAIUVA,Maternal I,110,243.0,4,0,4,0,2024,0.038498951310003325,2085039,70.58636892671093,0.5063829787234042,123.05106382978722,2025,PPML-FE base replicado
2025,QUINTINO BOCAIUVA,Maternal II,69,235.0,4,0,0,4,2024,0.038498951310003325,2085039,35.970435419074384,0.3296296296296296,77.46296296296296,2025,PPML-FE base replicado
2025,RAMOS,Bercario,413,886.0,4,4,0,0,2024,0.038498951310003325,2085039,247.38506201615115,0.358187134502924,317.35380116959067,2025,PPML-FE base replicado
2025,RAMOS,Maternal I,367,861.0,4,0,4,0,2024,0.038498951310003325,2085039,367.78723604097434,0.6651090342679128,572.6588785046729,2025,PPML-FE base replicado
2025,RAMOS,Maternal II,180,642.0,4,0,0,4,2024,0.038498951310003325,2085039,144.5079680180266,0.26303317535545023,168.86729857819904,2025,PPML-FE base replicado
2025,REALENGO,Bercario,683,3084.0,4,4,0,0,2024,0.038498951310003325,2085039,751.3766096168442,0.2513595166163142,775.1927492447131,2025,PPML-FE base replicado
2025,REALENGO,Maternal I,605,1690.0,4,0,4,0,2024,0.038498951310003325,2085039,629.9176224269736,0.3532232285562067,596.9472562599893,2025,PPML-FE base replicado
2025,REALENGO,Maternal II,373,1877.0,4,0,0,4,2024,0.038498951310003325,2085039,368.65878788921566,0.22854240731335704,428.9740985271712,2025,PPML-FE base replicado
2025,RECREIO BANDEIRANTES,Bercario,194,2435.0,4,4,0,0,2024,0.038498951310003325,2085039,320.2106313585072,0.08985282726568551,218.79163439194423,2025,PPML-FE base replicado
2025,RECREIO BANDEIRANTES,Maternal I,213,1324.0,4,0,4,0,2024,0.038498951310003325,2085039,266.3658338692803,0.20072727272727273,265.7629090909091,2025,PPML-FE base replicado
2025,RECREIO BANDEIRANTES,Maternal II,104,1375.0,4,0,0,4,2024,0.038498951310003325,2085039,145.76608706747646,0.1288256227758007,177.13523131672596,2025,PPML-FE base replicado
2025,RIACHUELO,Bercario,34,140.0,4,4,0,0,2024,0.038498951310003325,2085039,22.347175309238292,0.34532374100719426,48.3453237410072,2025,PPML-FE base replicado
2025,RIACHUELO,Maternal I,14,63.0,4,0,4,0,2024,0.038498951310003325,2085039,15.384695374950631,0.19480519480519481,12.272727272727273,2025,PPML-FE base replicado
2025,RIACHUELO,Maternal II,7,77.0,4,0,0,4,2024,0.038498951310003325,2085039,9.908372874848622,0.19148936170212766,14.74468085106383,2025,PPML-FE base replicado
2025,RIBEIRA,Bercario,6,46.0,4,4,0,0,2024,0.038498951310003325,2085039,7.5231279135149425,0.12195121951219512,5.609756097560975,2025,PPML-FE base replicado
2025,RIBEIRA,Maternal I,4,21.0,4,0,4,0,2024,0.038498951310003325,2085039,5.254285422694345,0.19047619047619047,4.0,2025,PPML-FE base replicado
2025,RIBEIRA,Maternal II,1,21.0,4,0,0,4,2024,0.038498951310003325,2085039,2.768706532463379,0.1935483870967742,4.064516129032258,2025,PPML-FE base replicado
2025,RICARDO ALBUQUERQUE,Bercario,108,499.0,4,4,0,0,2024,0.038498951310003325,2085039,149.8440561543636,0.26666666666666666,133.06666666666666,2025,PPML-FE base replicado
2025,RICARDO ALBUQUERQUE,Maternal I,139,286.0,4,0,4,0,2024,0.038498951310003325,2085039,131.3889251096364,0.39228295819935693,112.19292604501608,2025,PPML-FE base replicado
2025,RICARDO ALBUQUERQUE,Maternal II,95,311.0,4,0,0,4,2024,0.038498951310003325,2085039,75.28637388979465,0.3225806451612903,100.32258064516128,2025,PPML-FE base replicado
2025,RIO COMPRIDO,Bercario,214,695.0,4,4,0,0,2024,0.038498951310003325,2085039,194.38480730004366,0.33873144399460187,235.4183535762483,2025,PPML-FE base replicado
2025,RIO COMPRIDO,Maternal I,117,398.0,4,0,4,0,2024,0.038498951310003325,2085039,170.29987827622136,0.3828125,152.359375,2025,PPML-FE base replicado
2025,RIO COMPRIDO,Maternal II,74,384.0,4,0,0,4,2024,0.038498951310003325,2085039,86.581629357776,0.17548076923076922,67.38461538461539,2025,PPML-FE base replicado
2025,ROCHA,Bercario,91,292.0,4,4,0,0,2024,0.038498951310003325,2085039,77.02881106190763,0.31378299120234604,91.62463343108504,2025,PPML-FE base replicado
2025,ROCHA,Maternal I,39,186.0,4,0,4,0,2024,0.038498951310003325,2085039,75.06492223643625,0.30128205128205127,56.03846153846153,2025,PPML-FE base replicado
2025,ROCHA,Maternal II,20,156.0,4,0,0,4,2024,0.038498951310003325,2085039,33.17507839126408,0.18354430379746836,28.632911392405063,2025,PPML-FE base replicado
2025,ROCHA MIRANDA,Bercario,169,724.0,4,4,0,0,2024,0.038498951310003325,2085039,164.12460356213035,0.26323119777158777,190.57938718662953,2025,PPML-FE base replicado
2025,ROCHA MIRANDA,Maternal I,122,360.0,4,0,4,0,2024,0.038498951310003325,2085039,124.85081345782385,0.2972972972972973,107.02702702702703,2025,PPML-FE base replicado
2025,ROCHA MIRANDA,Maternal II,102,444.0,4,0,0,4,2024,0.038498951310003325,2085039,81.14001996990261,0.18009478672985782,79.96208530805687,2025,PPML-FE base replicado
2025,ROCINHA,Bercario,310,1341.0,4,4,0,0,2024,0.038498951310003325,2085039,159.54144439891994,0.20330459770114942,272.6314655172414,2025,PPML-FE base replicado
2025,ROCINHA,Maternal I,266,735.0,4,0,4,0,2024,0.038498951310003325,2085039,133.77834918763358,0.3235294117647059,237.79411764705884,2025,PPML-FE base replicado
2025,ROCINHA,Maternal II,146,714.0,4,0,0,4,2024,0.038498951310003325,2085039,68.47940367053303,0.15847665847665848,113.15233415233416,2025,PPML-FE base replicado
2025,SAMPAIO,Bercario,91,220.0,4,4,0,0,2024,0.038498951310003325,2085039,60.63363677139523,0.46530612244897956,102.3673469387755,2025,PPML-FE base replicado
2025,SAMPAIO,Maternal I,38,128.0,4,0,4,0,2024,0.038498951310003325,2085039,53.97027838987447,0.33884297520661155,43.37190082644628,2025,PPML-FE base replicado
2025,SAMPAIO,Maternal II,17,121.0,4,0,0,4,2024,0.038498951310003325,2085039,26.883965135439492,0.208,25.168,2025,PPML-FE base replicado
2025,SANTA CRUZ,Bercario,1895,6041.0,4,4,0,0,2024,0.038498951310003325,2085039,1442.4755273056458,0.3319488817891374,2005.303194888179,2025,PPML-FE base replicado
2025,SANTA CRUZ,Maternal I,1417,3151.0,4,0,4,0,2024,0.038498951310003325,2085039,1151.0700999067626,0.4641399416909621,1462.5049562682216,2025,PPML-FE base replicado
2025,SANTA CRUZ,Maternal II,693,3430.0,4,0,0,4,2024,0.038498951310003325,2085039,660.2535642378703,0.2217741935483871,760.6854838709677,2025,PPML-FE base replicado
2025,SANTA TERESA,Bercario,182,607.0,4,4,0,0,2024,0.038498951310003325,2085039,167.87340225367333,0.2887218045112782,175.25413533834586,2025,PPML-FE base replicado
2025,SANTA TERESA,Maternal I,124,352.0,4,0,4,0,2024,0.038498951310003325,2085039,148.9325468628271,0.329700272479564,116.05449591280653,2025,PPML-FE base replicado
2025,SANTA TERESA,Maternal II,54,367.0,4,0,0,4,2024,0.038498951310003325,2085039,81.82316637311274,0.15721649484536082,57.69845360824742,2025,PPML-FE base replicado
2025,SANTISSIMO,Bercario,278,1004.0,4,4,0,0,2024,0.038498951310003325,2085039,315.3115134767654,0.28034682080924855,281.46820809248555,2025,PPML-FE base replicado
2025,SANTISSIMO,Maternal I,264,517.0,4,0,4,0,2024,0.038498951310003325,2085039,248.39932484694268,0.40634441087613293,210.0800604229607,2025,PPML-FE base replicado
2025,SANTISSIMO,Maternal II,132,662.0,4,0,0,4,2024,0.038498951310003325,2085039,167.60274299016592,0.3333333333333333,220.66666666666666,2025,PPML-FE base replicado
2025,SANTO CRISTO,Bercario,82,253.0,4,4,0,0,2024,0.038498951310003325,2085039,63.9115283992553,0.3321678321678322,84.03846153846155,2025,PPML-FE base replicado
2025,SANTO CRISTO,Maternal I,57,151.0,4,0,4,0,2024,0.038498951310003325,2085039,58.35651943413945,0.3333333333333333,50.33333333333333,2025,PPML-FE base replicado
2025,SANTO CRISTO,Maternal II,25,174.0,4,0,0,4,2024,0.038498951310003325,2085039,35.43438886353161,0.19653179190751446,34.19653179190752,2025,PPML-FE base replicado
2025,SAO CONRADO,Bercario,17,127.0,4,4,0,0,2024,0.038498951310003325,2085039,15.149894541532749,0.1,12.700000000000001,2025,PPML-FE base replicado
2025,SAO CONRADO,Maternal I,1,84.0,4,0,4,0,2024,0.038498951310003325,2085039,15.329886043971557,0.09210526315789473,7.7368421052631575,2025,PPML-FE base replicado
2025,SAO CONRADO,Maternal II,1,76.0,4,0,0,4,2024,0.038498951310003325,2085039,7.308638768889409,0.038461538461538464,2.9230769230769234,2025,PPML-FE base replicado
2025,SAO CRISTOVAO,Bercario,250,570.0,4,4,0,0,2024,0.038498951310003325,2085039,170.29954405813592,0.3514246947082768,200.3120759837178,2025,PPML-FE base replicado
2025,SAO CRISTOVAO,Maternal I,162,430.0,4,0,4,0,2024,0.038498951310003325,2085039,196.5444735504693,0.4068181818181818,174.9318181818182,2025,PPML-FE base replicado
2025,SAO CRISTOVAO,Maternal II,79,440.0,4,0,0,4,2024,0.038498951310003325,2085039,105.97619497183948,0.15643564356435644,68.83168316831683,2025,PPML-FE base replicado
2025,SAO FRANCISCO XAVIER,Bercario,18,99.0,4,4,0,0,2024,0.038498951310003325,2085039,18.861551113492034,0.29357798165137616,29.064220183486242,2025,PPML-FE base replicado
2025,SAO FRANCISCO XAVIER,Maternal I,21,60.0,4,0,4,0,2024,0.038498951310003325,2085039,17.488284602001,0.23636363636363636,14.181818181818182,2025,PPML-FE base replicado
2025,SAO FRANCISCO XAVIER,Maternal II,6,55.0,4,0,0,4,2024,0.038498951310003325,2085039,8.447377761874705,0.2,11.0,2025,PPML-FE base replicado
2025,SAUDE,Bercario,7,54.0,4,4,0,0,2024,0.038498951310003325,2085039,9.637364672579967,0.09615384615384616,5.1923076923076925,2025,PPML-FE base replicado
2025,SAUDE,Maternal I,5,19.0,4,0,4,0,2024,0.038498951310003325,2085039,5.187664550342351,0.25,4.75,2025,PPML-FE base replicado
2025,SAUDE,Maternal II,2,32.0,4,0,0,4,2024,0.038498951310003325,2085039,4.603959849162531,0.1891891891891892,6.054054054054054,2025,PPML-FE base replicado
2025,SENADOR CAMARA,Bercario,351,2042.0,4,4,0,0,2024,0.038498951310003325,2085039,565.4725467252516,0.17668323542702213,360.7871667419792,2025,PPML-FE base replicado
2025,SENADOR CAMARA,Maternal I,424,1143.0,4,0,4,0,2024,0.038498951310003325,2085039,484.23454599870877,0.39567747298420614,452.2593516209476,2025,PPML-FE base replicado
2025,SENADOR CAMARA,Maternal II,308,1203.0,4,0,0,4,2024,0.038498951310003325,2085039,268.5582083730474,0.27522935779816515,331.10091743119267,2025,PPML-FE base replicado
2025,SENADOR VASCONCELOS,Bercario,131,570.0,4,4,0,0,2024,0.038498951310003325,2085039,190.9411367712169,0.24956369982547993,142.25130890052355,2025,PPML-FE base replicado
2025,SENADOR VASCONCELOS,Maternal I,156,306.0,4,0,4,0,2024,0.038498951310003325,2085039,156.81941386900658,0.5614035087719298,171.78947368421052,2025,PPML-FE base replicado
2025,SENADOR VASCONCELOS,Maternal II,73,342.0,4,0,0,4,2024,0.038498951310003325,2085039,92.35656469150284,0.41887905604719766,143.2566371681416,2025,PPML-FE base replicado
2025,SEPETIBA,Bercario,670,1467.0,4,4,0,0,2024,0.038498951310003325,2085039,374.49215598350906,0.46765498652291104,686.0498652291105,2025,PPML-FE base replicado
2025,SEPETIBA,Maternal I,320,714.0,4,0,4,0,2024,0.038498951310003325,2085039,278.8461002427744,0.417890520694259,298.3738317757009,2025,PPML-FE base replicado
2025,SEPETIBA,Maternal II,214,749.0,4,0,0,4,2024,0.038498951310003325,2085039,154.1386126151164,0.2710163111668758,202.99121706398998,2025,PPML-FE base replicado
2025,TANQUE,Bercario,219,805.0,4,4,0,0,2024,0.038498951310003325,2085039,229.2318601492065,0.28888888888888886,232.55555555555554,2025,PPML-FE base replicado
2025,TANQUE,Maternal I,208,381.0,4,0,4,0,2024,0.038498951310003325,2085039,165.98078933119615,0.5339366515837104,203.42986425339367,2025,PPML-FE base replicado
2025,TANQUE,Maternal II,90,442.0,4,0,0,4,2024,0.038498951310003325,2085039,101.4654962653439,0.28661087866108786,126.68200836820084,2025,PPML-FE base replicado
2025,TAQUARA,Bercario,443,2076.0,4,4,0,0,2024,0.038498951310003325,2085039,426.4081979775434,0.1864125932062966,386.99254349627176,2025,PPML-FE base replicado
2025,TAQUARA,Maternal I,364,1308.0,4,0,4,0,2024,0.038498951310003325,2085039,411.016912131704,0.3338497288923315,436.6754453911696,2025,PPML-FE base replicado
2025,TAQUARA,Maternal II,209,1291.0,4,0,0,4,2024,0.038498951310003325,2085039,213.76739015229785,0.1974479516453996,254.9053055742109,2025,PPML-FE base replicado
2025,TAUA,Bercario,116,436.0,4,4,0,0,2024,0.038498951310003325,2085039,106.74728921281269,0.29069767441860467,126.74418604651163,2025,PPML-FE base replicado
2025,TAUA,Maternal I,74,204.0,4,0,4,0,2024,0.038498951310003325,2085039,76.41071877660977,0.3015267175572519,61.51145038167939,2025,PPML-FE base replicado
2025,TAUA,Maternal II,37,262.0,4,0,0,4,2024,0.038498951310003325,2085039,51.7116831201838,0.16666666666666666,43.666666666666664,2025,PPML-FE base replicado
2025,TIJUCA,Bercario,290,1952.0,4,4,0,0,2024,0.038498951310003325,2085039,264.6577722125235,0.18366360560657322,358.5113581440309,2025,PPML-FE base replicado
2025,TIJUCA,Maternal I,152,1027.0,4,0,4,0,2024,0.038498951310003325,2085039,213.02424482136217,0.17935871743486975,184.20140280561122,2025,PPML-FE base replicado
2025,TIJUCA,Maternal II,57,998.0,4,0,0,4,2024,0.038498951310003325,2085039,109.08182534001114,0.06350626118067978,63.379248658318424,2025,PPML-FE base replicado
2025,TODOS OS SANTOS,Bercario,15,269.0,4,4,0,0,2024,0.038498951310003325,2085039,32.37965833937248,0.09929078014184398,26.70921985815603,2025,PPML-FE base replicado
2025,TODOS OS SANTOS,Maternal I,20,140.0,4,0,4,0,2024,0.038498951310003325,2085039,25.781119341888772,0.273972602739726,38.35616438356164,2025,PPML-FE base replicado
2025,TODOS OS SANTOS,Maternal II,11,146.0,4,0,0,4,2024,0.038498951310003325,2085039,14.167390150385822,0.11805555555555555,17.23611111111111,2025,PPML-FE base replicado
2025,TOMAS COELHO,Bercario,101,437.0,4,4,0,0,2024,0.038498951310003325,2085039,120.91910844551315,0.2391304347826087,104.5,2025,PPML-FE base replicado
2025,TOMAS COELHO,Maternal I,80,230.0,4,0,4,0,2024,0.038498951310003325,2085039,97.36325556866635,0.33984375,78.1640625,2025,PPML-FE base replicado
2025,TOMAS COELHO,Maternal II,39,256.0,4,0,0,4,2024,0.038498951310003325,2085039,57.10451942708127,0.25390625,65.0,2025,PPML-FE base replicado
2025,TURIACU,Bercario,59,269.0,4,4,0,0,2024,0.038498951310003325,2085039,69.37482487152765,0.23809523809523808,64.04761904761905,2025,PPML-FE base replicado
2025,TURIACU,Maternal I,38,154.0,4,0,4,0,2024,0.038498951310003325,2085039,60.76088520294022,0.3972602739726027,61.17808219178082,2025,PPML-FE base replicado
2025,TURIACU,Maternal II,22,146.0,4,0,0,4,2024,0.038498951310003325,2085039,30.354248962982417,0.2046783625730994,29.88304093567251,2025,PPML-FE base replicado
2025,URCA,Bercario,4,80.0,4,4,0,0,2024,0.038498951310003325,2085039,11.415634494552089,0.06818181818181818,5.454545454545454,2025,PPML-FE base replicado
2025,URCA,Maternal I,6,50.0,4,0,4,0,2024,0.038498951310003325,2085039,10.91525344305663,0.23404255319148937,11.702127659574469,2025,PPML-FE base replicado
2025,URCA,Maternal II,2,47.0,4,0,0,4,2024,0.038498951310003325,2085039,5.406608742248334,0.05172413793103448,2.4310344827586206,2025,PPML-FE base replicado
2025,VARGEM GRANDE,Bercario,143,533.0,4,4,0,0,2024,0.038498951310003325,2085039,97.17767514834291,0.22053872053872053,117.54713804713805,2025,PPML-FE base replicado
2025,VARGEM GRANDE,Maternal I,88,302.0,4,0,4,0,2024,0.038498951310003325,2085039,84.23643730373499,0.4274193548387097,129.08064516129033,2025,PPML-FE base replicado
2025,VARGEM GRANDE,Maternal II,62,248.0,4,0,0,4,2024,0.038498951310003325,2085039,36.45087793718279,0.1792452830188679,44.45283018867924,2025,PPML-FE base replicado
2025,VARGEM PEQUENA,Bercario,123,746.0,4,4,0,0,2024,0.038498951310003325,2085039,121.7756653663391,0.1461836998706339,109.05304010349289,2025,PPML-FE base replicado
2025,VARGEM PEQUENA,Maternal I,85,365.0,4,0,4,0,2024,0.038498951310003325,2085039,91.15244028180909,0.289002557544757,105.4859335038363,2025,PPML-FE base replicado
2025,VARGEM PEQUENA,Maternal II,66,391.0,4,0,0,4,2024,0.038498951310003325,2085039,51.45356343565826,0.18779342723004694,73.42723004694835,2025,PPML-FE base replicado
2025,VASCO GAMA,Bercario,16,193.0,4,4,0,0,2024,0.038498951310003325,2085039,32.372540924994034,0.11538461538461539,22.26923076923077,2025,PPML-FE base replicado
2025,VASCO GAMA,Maternal I,12,19.0,4,0,4,0,2024,0.038498951310003325,2085039,4.875586121997053,0.0975609756097561,1.853658536585366,2025,PPML-FE base replicado
2025,VASCO GAMA,Maternal II,7,82.0,4,0,0,4,2024,0.038498951310003325,2085039,11.08792675017909,0.0967741935483871,7.935483870967742,2025,PPML-FE base replicado
2025,VAZ LOBO,Bercario,69,288.0,4,4,0,0,2024,0.038498951310003325,2085039,76.73374359336948,0.29354838709677417,84.54193548387096,2025,PPML-FE base replicado
2025,VAZ LOBO,Maternal I,53,155.0,4,0,4,0,2024,0.038498951310003325,2085039,63.179960294395265,0.30687830687830686,47.56613756613756,2025,PPML-FE base replicado
2025,VAZ LOBO,Maternal II,35,189.0,4,0,0,4,2024,0.038498951310003325,2085039,40.59501621667902,0.16161616161616163,30.545454545454547,2025,PPML-FE base replicado
2025,VICENTE CARVALHO,Bercario,86,374.0,4,4,0,0,2024,0.038498951310003325,2085039,93.39277994540228,0.20135746606334842,75.3076923076923,2025,PPML-FE base replicado
2025,VICENTE CARVALHO,Maternal I,73,235.0,4,0,4,0,2024,0.038498951310003325,2085039,89.77663323009709,0.35585585585585583,83.62612612612612,2025,PPML-FE base replicado
2025,VICENTE CARVALHO,Maternal II,33,222.0,4,0,0,4,2024,0.038498951310003325,2085039,44.690137553297006,0.200836820083682,44.58577405857741,2025,PPML-FE base replicado
2025,VIDIGAL,Bercario,117,325.0,4,4,0,0,2024,0.038498951310003325,2085039,93.38099076924124,0.3473053892215569,112.874251497006,2025,PPML-FE base replicado
2025,VIDIGAL,Maternal I,64,152.0,4,0,4,0,2024,0.038498951310003325,2085039,66.8147666699984,0.40236686390532544,61.15976331360947,2025,PPML-FE base replicado
2025,VIDIGAL,Maternal II,23,169.0,4,0,0,4,2024,0.038498951310003325,2085039,39.14522893985046,0.28160919540229884,47.5919540229885,2025,PPML-FE base replicado
2025,VIGARIO GERAL,Bercario,165,781.0,4,4,0,0,2024,0.038498951310003325,2085039,175.40327131811026,0.20630749014454666,161.12614980289095,2025,PPML-FE base replicado
2025,VIGARIO GERAL,Maternal I,170,371.0,4,0,4,0,2024,0.038498951310003325,2085039,127.4718580567612,0.4431279620853081,164.4004739336493,2025,PPML-FE base replicado
2025,VIGARIO GERAL,Maternal II,67,422.0,4,0,0,4,2024,0.038498951310003325,2085039,76.40400461826535,0.20797720797720798,87.76638176638177,2025,PPML-FE base replicado
2025,VILA ISABEL,Bercario,182,879.0,4,4,0,0,2024,0.038498951310003325,2085039,141.5608939531695,0.23322683706070288,205.00638977635782,2025,PPML-FE base replicado
2025,VILA ISABEL,Maternal I,84,479.0,4,0,4,0,2024,0.038498951310003325,2085039,118.01675975000775,0.1651031894934334,79.0844277673546,2025,PPML-FE base replicado
2025,VILA ISABEL,Maternal II,46,533.0,4,0,0,4,2024,0.038498951310003325,2085039,69.19881330063731,0.11557788944723618,61.60301507537689,2025,PPML-FE base replicado
2025,VILA KENNEDY,Bercario,1,506.0,4,4,0,0,2024,0.038498951310003325,2085039,31.22121917637121,0.0,0.0,2025,PPML-FE base replicado
2025,VILA KENNEDY,Maternal I,2,44.0,4,0,4,0,2024,0.038498951310003325,2085039,4.153419230810274,0.0,0.0,2025,PPML-FE base replicado
2025,VILA KENNEDY,Maternal II,0,101.0,4,0,0,4,2024,0.038498951310003325,2085039,5.0238623469839165,0.008583690987124463,0.8669527896995708,2025,PPML-FE base replicado
2025,VILA KOSMOS,Bercario,34,203.0,4,4,0,0,2024,0.038498951310003325,2085039,53.09073175176348,0.20179372197309417,40.964125560538115,2025,PPML-FE base replicado
2025,VILA KOSMOS,Maternal I,41,108.0,4,0,4,0,2024,0.038498951310003325,2085039,43.211583409121864,0.5528455284552846,59.707317073170735,2025,PPML-FE base replicado
2025,VILA KOSMOS,Maternal II,18,123.0,4,0,0,4,2024,0.038498951310003325,2085039,25.9325247507757,0.11904761904761904,14.642857142857142,2025,PPML-FE base replicado
2025,VILA MILITAR,Bercario,6,268.0,4,4,0,0,2024,0.038498951310003325,2085039,30.169858471098102,0.04979253112033195,13.344398340248961,2025,PPML-FE base replicado
2025,VILA MILITAR,Maternal I,11,90.0,4,0,4,0,2024,0.038498951310003325,2085039,15.500108561930448,0.06622516556291391,5.960264900662252,2025,PPML-FE base replicado
2025,VILA MILITAR,Maternal II,17,151.0,4,0,0,4,2024,0.038498951310003325,2085039,13.703529605749646,0.02666666666666667,4.026666666666667,2025,PPML-FE base replicado
2025,VILA PENHA,Bercario,58,262.0,4,4,0,0,2024,0.038498951310003325,2085039,36.57673777653002,0.21016949152542372,55.06440677966101,2025,PPML-FE base replicado
2025,VILA PENHA,Maternal I,52,161.0,4,0,4,0,2024,0.038498951310003325,2085039,34.38613035257199,0.2857142857142857,46.0,2025,PPML-FE base replicado
2025,VILA PENHA,Maternal II,16,182.0,4,0,0,4,2024,0.038498951310003325,2085039,20.482930043569464,0.07468879668049792,13.593360995850622,2025,PPML-FE base replicado
2025,VILA VALQUEIRE,Bercario,86,572.0,4,4,0,0,2024,0.038498951310003325,2085039,95.78061820964894,0.13242784380305603,75.74872665534805,2025,PPML-FE base replicado
2025,VILA VALQUEIRE,Maternal I,101,304.0,4,0,4,0,2024,0.038498951310003325,2085039,77.87695143582893,0.2803030303030303,85.2121212121212,2025,PPML-FE base replicado
2025,VILA VALQUEIRE,Maternal II,43,264.0,4,0,0,4,2024,0.038498951310003325,2085039,35.63711595768949,0.14950166112956811,39.46843853820598,2025,PPML-FE base replicado
2025,VISTA ALEGRE,Bercario,34,125.0,4,4,0,0,2024,0.038498951310003325,2085039,25.167341751720194,0.25384615384615383,31.73076923076923,2025,PPML-FE base replicado
2025,VISTA ALEGRE,Maternal I,18,55.0,4,0,4,0,2024,0.038498951310003325,2085039,16.941184595806646,0.39655172413793105,21.810344827586206,2025,PPML-FE base replicado
2025,VISTA ALEGRE,Maternal II,13,58.0,4,0,0,4,2024,0.038498951310003325,2085039,9.413959884727838,0.21428571428571427,12.428571428571427,2025,PPML-FE base replicado
2025,ZUMBI,Bercario,7,35.0,4,4,0,0,2024,0.038498951310003325,2085039,5.803502694739721,0.07142857142857142,2.5,2025,PPML-FE base replicado
2025,ZUMBI,Maternal I,3,25.0,4,0,4,0,2024,0.038498951310003325,2085039,6.341849134388185,0.13043478260869565,3.260869565217391,2025,PPML-FE base replicado
2025,ZUMBI,Maternal II,2,23.0,4,0,0,4,2024,0.038498951310003325,2085039,3.074446912686359,0.125,2.875,2025,PPML-FE base replicado
2025,ABOLICAO,Bercario,18,146.0,4,4,0,0,2024,0.038498951310003325,2085039,26.599833331916408,0.2012987012987013,29.38961038961039,2025,PPML-FE + Caged comum
2025,ABOLICAO,Maternal I,39,78.0,4,0,4,0,2024,0.038498951310003325,2085039,21.77086325631899,0.2391304347826087,18.65217391304348,2025,PPML-FE + Caged comum
2025,ABOLICAO,Maternal II,13,92.0,4,0,0,4,2024,0.038498951310003325,2085039,13.70668653906747,0.1375,12.65,2025,PPML-FE + Caged comum
2025,ACARI,Bercario,207,794.0,4,4,0,0,2024,0.038498951310003325,2085039,308.15345321756706,0.28588807785888076,226.99513381995132,2025,PPML-FE + Caged comum
2025,ACARI,Maternal I,239,407.0,4,0,4,0,2024,0.038498951310003325,2085039,241.98917185137427,0.6934673366834171,282.24120603015075,2025,PPML-FE + Caged comum
2025,ACARI,Maternal II,79,398.0,4,0,0,4,2024,0.038498951310003325,2085039,126.31304433577226,0.2678132678132678,106.58968058968058,2025,PPML-FE + Caged comum
2025,AGUA SANTA,Bercario,10,110.0,4,4,0,0,2024,0.038498951310003325,2085039,24.492346422922367,0.14634146341463414,16.097560975609756,2025,PPML-FE + Caged comum
2025,AGUA SANTA,Maternal I,19,69.0,4,0,4,0,2024,0.038498951310003325,2085039,23.536494866131015,0.5166666666666667,35.650000000000006,2025,PPML-FE + Caged comum
2025,AGUA SANTA,Maternal II,6,60.0,4,0,0,4,2024,0.038498951310003325,2085039,10.924650517183611,0.14492753623188406,8.695652173913043,2025,PPML-FE + Caged comum
2025,ALTO BOA VISTA,Bercario,43,154.0,4,4,0,0,2024,0.038498951310003325,2085039,42.476156621646325,0.3727810650887574,57.40828402366864,2025,PPML-FE + Caged comum
2025,ALTO BOA VISTA,Maternal I,32,70.0,4,0,4,0,2024,0.038498951310003325,2085039,29.578593596029172,0.28431372549019607,19.901960784313726,2025,PPML-FE + Caged comum
2025,ALTO BOA VISTA,Maternal II,9,102.0,4,0,0,4,2024,0.038498951310003325,2085039,23.006113515339766,0.16304347826086957,16.630434782608695,2025,PPML-FE + Caged comum
2025,ANCHIETA,Bercario,255,1192.0,4,4,0,0,2024,0.038498951310003325,2085039,334.2922089171636,0.20187454938716654,240.6344628695025,2025,PPML-FE + Caged comum
2025,ANCHIETA,Maternal I,344,746.0,4,0,4,0,2024,0.038498951310003325,2085039,320.51164609870835,0.547550432276657,408.47262247838614,2025,PPML-FE + Caged comum
2025,ANCHIETA,Maternal II,181,694.0,4,0,0,4,2024,0.038498951310003325,2085039,159.15785003927104,0.24939467312348668,173.07990314769975,2025,PPML-FE + Caged comum
2025,ANDARAI,Bercario,89,459.0,4,4,0,0,2024,0.038498951310003325,2085039,89.07746408519073,0.22529644268774704,103.41106719367589,2025,PPML-FE + Caged comum
2025,ANDARAI,Maternal I,52,269.0,4,0,4,0,2024,0.038498951310003325,2085039,79.97650600461523,0.23430962343096234,63.02928870292887,2025,PPML-FE + Caged comum
2025,ANDARAI,Maternal II,20,239.0,4,0,0,4,2024,0.038498951310003325,2085039,37.92902283108117,0.060810810810810814,14.533783783783784,2025,PPML-FE + Caged comum
2025,ANIL,Bercario,284,720.0,4,4,0,0,2024,0.038498951310003325,2085039,642.040379528255,0.43300248138957814,311.76178660049624,2025,PPML-FE + Caged comum
2025,ANIL,Maternal I,380,439.0,4,0,4,0,2024,0.038498951310003325,2085039,599.7211349849922,1.1007751937984496,483.2403100775194,2025,PPML-FE + Caged comum
2025,ANIL,Maternal II,406,387.0,4,0,0,4,2024,0.038498951310003325,2085039,282.2015568157993,0.9594594594594594,371.3108108108108,2025,PPML-FE + Caged comum
2025,BANCARIOS,Bercario,79,250.0,4,4,0,0,2024,0.038498951310003325,2085039,69.09277292982877,0.3074433656957929,76.86084142394822,2025,PPML-FE + Caged comum
2025,BANCARIOS,Maternal I,40,186.0,4,0,4,0,2024,0.038498951310003325,2085039,78.75181030930565,0.38848920863309355,72.2589928057554,2025,PPML-FE + Caged comum
2025,BANCARIOS,Maternal II,34,139.0,4,0,0,4,2024,0.038498951310003325,2085039,31.414200280684337,0.0880503144654088,12.238993710691823,2025,PPML-FE + Caged comum
2025,BANGU,Bercario,1020,4064.0,4,4,0,0,2024,0.038498951310003325,2085039,1351.0236599141792,0.24396607958251793,991.4781474233529,2025,PPML-FE + Caged comum
2025,BANGU,Maternal I,845,2461.0,4,0,4,0,2024,0.038498951310003325,2085039,1253.3600760229983,0.3760217983651226,925.3896457765668,2025,PPML-FE + Caged comum
2025,BANGU,Maternal II,534,2569.0,4,0,0,4,2024,0.038498951310003325,2085039,698.3802571703505,0.23878923766816143,613.4495515695068,2025,PPML-FE + Caged comum
2025,BARRA GUARATIBA,Bercario,20,113.0,4,4,0,0,2024,0.038498951310003325,2085039,19.10154029740009,0.109375,12.359375,2025,PPML-FE + Caged comum
2025,BARRA GUARATIBA,Maternal I,13,57.0,4,0,4,0,2024,0.038498951310003325,2085039,14.76113624646679,0.3380281690140845,19.267605633802816,2025,PPML-FE + Caged comum
2025,BARRA GUARATIBA,Maternal II,15,71.0,4,0,0,4,2024,0.038498951310003325,2085039,9.814470820537018,0.3291139240506329,23.367088607594937,2025,PPML-FE + Caged comum
2025,BARRA OLIMPICA,Bercario,68,522.0,4,4,0,0,2024,0.038498951310003325,2085039,119.37443751007399,0.17202228755915455,89.79563410587868,2025,PPML-FE + Caged comum
2025,BARRA TIJUCA,Bercario,41,2331.0,4,4,0,0,2024,0.038498951310003325,2085039,123.96079727821703,0.024390243902439025,56.85365853658537,2025,PPML-FE + Caged comum
2025,BARRA TIJUCA,Maternal I,96,1210.0,4,0,4,0,2024,0.038498951310003325,2085039,98.57855441628791,0.0802675585284281,97.123745819398,2025,PPML-FE + Caged comum
2025,BARRA TIJUCA,Maternal II,24,1196.0,4,0,0,4,2024,0.038498951310003325,2085039,52.01059963962623,0.028478437754271765,34.06021155410903,2025,PPML-FE + Caged comum
2025,BARROS FILHO,Bercario,102,417.0,4,4,0,0,2024,0.038498951310003325,2085039,126.18679268861041,0.28117359413202936,117.24938875305624,2025,PPML-FE + Caged comum
2025,BARROS FILHO,Maternal I,57,187.0,4,0,4,0,2024,0.038498951310003325,2085039,86.69108553051667,0.2767857142857143,51.75892857142858,2025,PPML-FE + Caged comum
2025,BARROS FILHO,Maternal II,45,224.0,4,0,0,4,2024,0.038498951310003325,2085039,55.42994647469412,0.22924901185770752,51.351778656126484,2025,PPML-FE + Caged comum
2025,BENFICA,Bercario,224,716.0,4,4,0,0,2024,0.038498951310003325,2085039,353.63963436671816,0.5,358.0,2025,PPML-FE + Caged comum
2025,BENFICA,Maternal I,149,320.0,4,0,4,0,2024,0.038498951310003325,2085039,242.13238314311596,0.6256684491978609,200.21390374331548,2025,PPML-FE + Caged comum
2025,BENFICA,Maternal II,99,374.0,4,0,0,4,2024,0.038498951310003325,2085039,151.05604395852862,0.36619718309859156,136.95774647887325,2025,PPML-FE + Caged comum
2025,BENTO RIBEIRO,Bercario,103,608.0,4,4,0,0,2024,0.038498951310003325,2085039,142.65041798429647,0.16129032258064516,98.06451612903226,2025,PPML-FE + Caged comum
2025,BENTO RIBEIRO,Maternal I,114,301.0,4,0,4,0,2024,0.038498951310003325,2085039,108.19095454168507,0.3485714285714286,104.92,2025,PPML-FE + Caged comum
2025,BENTO RIBEIRO,Maternal II,64,350.0,4,0,0,4,2024,0.038498951310003325,2085039,67.1515601988973,0.21014492753623187,73.55072463768116,2025,PPML-FE + Caged comum
2025,BONSUCESSO,Bercario,382,674.0,4,4,0,0,2024,0.038498951310003325,2085039,207.4436741687644,0.3854258121158911,259.7769973661106,2025,PPML-FE + Caged comum
2025,BONSUCESSO,Maternal I,255,742.0,4,0,4,0,2024,0.038498951310003325,2085039,349.86394775036365,0.6198630136986302,459.9383561643836,2025,PPML-FE + Caged comum
2025,BONSUCESSO,Maternal II,153,584.0,4,0,0,4,2024,0.038498951310003325,2085039,146.98456802842756,0.2600502512562814,151.86934673366832,2025,PPML-FE + Caged comum
2025,BOTAFOGO,Bercario,114,1069.0,4,4,0,0,2024,0.038498951310003325,2085039,96.76668730453426,0.10228310502283106,109.3406392694064,2025,PPML-FE + Caged comum
2025,BOTAFOGO,Maternal I,79,567.0,4,0,4,0,2024,0.038498951310003325,2085039,78.62962692099143,0.1243432574430823,70.50262697022767,2025,PPML-FE + Caged comum
2025,BOTAFOGO,Maternal II,28,571.0,4,0,0,4,2024,0.038498951310003325,2085039,42.267140810625754,0.059931506849315065,34.2208904109589,2025,PPML-FE + Caged comum
2025,BRAS PINA,Bercario,171,748.0,4,4,0,0,2024,0.038498951310003325,2085039,133.91710006154523,0.2379182156133829,177.9628252788104,2025,PPML-FE + Caged comum
2025,BRAS PINA,Maternal I,191,417.0,4,0,4,0,2024,0.038498951310003325,2085039,114.37351832571638,0.3805309734513274,158.68141592920352,2025,PPML-FE + Caged comum
2025,BRAS PINA,Maternal II,71,452.0,4,0,0,4,2024,0.038498951310003325,2085039,66.17462167283385,0.15904139433551198,71.88671023965142,2025,PPML-FE + Caged comum
2025,CACHAMBI,Bercario,77,567.0,4,4,0,0,2024,0.038498951310003325,2085039,72.79523255421961,0.16166666666666665,91.66499999999999,2025,PPML-FE + Caged comum
2025,CACHAMBI,Maternal I,57,306.0,4,0,4,0,2024,0.038498951310003325,2085039,60.18611255828162,0.2310126582278481,70.68987341772153,2025,PPML-FE + Caged comum
2025,CACHAMBI,Maternal II,17,316.0,4,0,0,4,2024,0.038498951310003325,2085039,33.1761171115501,0.1,31.6,2025,PPML-FE + Caged comum
2025,CACUIA,Bercario,32,173.0,4,4,0,0,2024,0.038498951310003325,2085039,34.50177172612003,0.17318435754189945,29.960893854748605,2025,PPML-FE + Caged comum
2025,CACUIA,Maternal I,25,89.0,4,0,4,0,2024,0.038498951310003325,2085039,27.191945965490326,0.3132530120481928,27.87951807228916,2025,PPML-FE + Caged comum
2025,CACUIA,Maternal II,28,83.0,4,0,0,4,2024,0.038498951310003325,2085039,13.5360509557602,0.2336448598130841,19.39252336448598,2025,PPML-FE + Caged comum
2025,CAJU,Bercario,174,627.0,4,4,0,0,2024,0.038498951310003325,2085039,220.9532694712196,0.26666666666666666,167.2,2025,PPML-FE + Caged comum
2025,CAJU,Maternal I,137,331.0,4,0,4,0,2024,0.038498951310003325,2085039,178.69642858974356,0.4362017804154303,144.38278931750742,2025,PPML-FE + Caged comum
2025,CAJU,Maternal II,54,337.0,4,0,0,4,2024,0.038498951310003325,2085039,97.11389796067277,0.10662824207492795,35.93371757925072,2025,PPML-FE + Caged comum
2025,CAMORIM,Bercario,70,103.0,4,4,0,0,2024,0.038498951310003325,2085039,72.78091209946882,0.5960591133004927,61.39408866995075,2025,PPML-FE + Caged comum
2025,CAMORIM,Maternal I,43,123.0,4,0,4,0,2024,0.038498951310003325,2085039,133.1497539631638,0.9411764705882353,115.76470588235294,2025,PPML-FE + Caged comum
2025,CAMORIM,Maternal II,22,85.0,4,0,0,4,2024,0.038498951310003325,2085039,49.115411705377326,0.651685393258427,55.3932584269663,2025,PPML-FE + Caged comum
2025,CAMPINHO,Bercario,43,194.0,4,4,0,0,2024,0.038498951310003325,2085039,40.604329683334605,0.21739130434782608,42.17391304347826,2025,PPML-FE + Caged comum
2025,CAMPINHO,Maternal I,47,100.0,4,0,4,0,2024,0.038498951310003325,2085039,32.06458349770765,0.23893805309734514,23.893805309734514,2025,PPML-FE + Caged comum
2025,CAMPINHO,Maternal II,17,113.0,4,0,0,4,2024,0.038498951310003325,2085039,19.340498009738013,0.25,28.25,2025,PPML-FE + Caged comum
2025,CAMPO AFONSOS,Bercario,3,73.0,4,4,0,0,2024,0.038498951310003325,2085039,13.07099763896124,0.041666666666666664,3.0416666666666665,2025,PPML-FE + Caged comum
2025,CAMPO AFONSOS,Maternal I,1,31.0,4,0,4,0,2024,0.038498951310003325,2085039,8.503594797283968,0.1724137931034483,5.344827586206897,2025,PPML-FE + Caged comum
2025,CAMPO AFONSOS,Maternal II,3,29.0,4,0,0,4,2024,0.038498951310003325,2085039,4.246219768668004,0.16666666666666666,4.833333333333333,2025,PPML-FE + Caged comum
2025,CAMPO GRANDE,Bercario,1508,7095.0,4,4,0,0,2024,0.038498951310003325,2085039,2218.844673735046,0.23559657218193802,1671.5576796308503,2025,PPML-FE + Caged comum
2025,CAMPO GRANDE,Maternal I,1423,3900.0,4,0,4,0,2024,0.038498951310003325,2085039,1868.5042763941678,0.41684717208182914,1625.7039711191337,2025,PPML-FE + Caged comum
2025,CAMPO GRANDE,Maternal II,795,4155.0,4,0,0,4,2024,0.038498951310003325,2085039,1062.5860829697683,0.2565226923920193,1065.8517868888403,2025,PPML-FE + Caged comum
2025,CASCADURA,Bercario,114,547.0,4,4,0,0,2024,0.038498951310003325,2085039,169.936927732803,0.21273031825795644,116.36348408710217,2025,PPML-FE + Caged comum
2025,CASCADURA,Maternal I,98,304.0,4,0,4,0,2024,0.038498951310003325,2085039,144.68683190501088,0.30952380952380953,94.0952380952381,2025,PPML-FE + Caged comum
2025,CASCADURA,Maternal II,66,294.0,4,0,0,4,2024,0.038498951310003325,2085039,74.69067089400235,0.303951367781155,89.36170212765957,2025,PPML-FE + Caged comum
2025,CATETE,Bercario,53,332.0,4,4,0,0,2024,0.038498951310003325,2085039,56.50875163598166,0.15743440233236153,52.268221574344025,2025,PPML-FE + Caged comum
2025,CATETE,Maternal I,34,174.0,4,0,4,0,2024,0.038498951310003325,2085039,45.37136710501774,0.225,39.15,2025,PPML-FE + Caged comum
2025,CATETE,Maternal II,22,160.0,4,0,0,4,2024,0.038498951310003325,2085039,22.26979432276775,0.08,12.8,2025,PPML-FE + Caged comum
2025,CATUMBI,Bercario,122,265.0,4,4,0,0,2024,0.038498951310003325,2085039,113.20529272652396,0.5018181818181818,132.9818181818182,2025,PPML-FE + Caged comum
2025,CATUMBI,Maternal I,50,148.0,4,0,4,0,2024,0.038498951310003325,2085039,96.85846031838443,0.39779005524861877,58.872928176795575,2025,PPML-FE + Caged comum
2025,CATUMBI,Maternal II,24,181.0,4,0,0,4,2024,0.038498951310003325,2085039,63.229249485913144,0.1871345029239766,33.87134502923976,2025,PPML-FE + Caged comum
2025,CAVALCANTE,Bercario,76,296.0,4,4,0,0,2024,0.038498951310003325,2085039,96.61046603766684,0.3258064516129032,96.43870967741935,2025,PPML-FE + Caged comum
2025,CAVALCANTE,Maternal I,69,157.0,4,0,4,0,2024,0.038498951310003325,2085039,78.50315408126032,0.44171779141104295,69.34969325153374,2025,PPML-FE + Caged comum
2025,CAVALCANTE,Maternal II,40,163.0,4,0,0,4,2024,0.038498951310003325,2085039,43.50494904744177,0.3177083333333333,51.78645833333333,2025,PPML-FE + Caged comum
2025,CENTRO,Bercario,123,375.0,4,4,0,0,2024,0.038498951310003325,2085039,138.91377390249755,0.3506787330316742,131.50452488687782,2025,PPML-FE + Caged comum
2025,CENTRO,Maternal I,99,243.0,4,0,4,0,2024,0.038498951310003325,2085039,137.90350470280836,0.41434262948207173,100.68525896414343,2025,PPML-FE + Caged comum
2025,CENTRO,Maternal II,48,251.0,4,0,0,4,2024,0.038498951310003325,2085039,76.03374075668344,0.3025830258302583,75.94833948339483,2025,PPML-FE + Caged comum
2025,CIDADE DEUS,Bercario,432,1044.0,4,4,0,0,2024,0.038498951310003325,2085039,428.3558162135759,0.38869565217391305,405.79826086956524,2025,PPML-FE + Caged comum
2025,CIDADE DEUS,Maternal I,421,591.0,4,0,4,0,2024,0.038498951310003325,2085039,371.4895811370238,0.6447166921898928,381.02756508422664,2025,PPML-FE + Caged comum
2025,CIDADE DEUS,Maternal II,91,653.0,4,0,0,4,2024,0.038498951310003325,2085039,219.09675463855362,0.2559055118110236,167.10629921259843,2025,PPML-FE + Caged comum
2025,CIDADE NOVA,Bercario,25,80.0,4,4,0,0,2024,0.038498951310003325,2085039,26.13821968719375,0.39080459770114945,31.264367816091955,2025,PPML-FE + Caged comum
2025,CIDADE NOVA,Maternal I,21,46.0,4,0,4,0,2024,0.038498951310003325,2085039,23.0249574411213,0.31666666666666665,14.566666666666666,2025,PPML-FE + Caged comum
2025,CIDADE NOVA,Maternal II,6,60.0,4,0,0,4,2024,0.038498951310003325,2085039,16.030824554460843,0.18867924528301888,11.320754716981133,2025,PPML-FE + Caged comum
2025,CIDADE UNIVERSITARIA,Bercario,6,24.0,4,4,0,0,2024,0.038498951310003325,2085039,4.851504195393207,0.21739130434782608,5.217391304347826,2025,PPML-FE + Caged comum
2025,CIDADE UNIVERSITARIA,Maternal I,1,10.0,4,0,4,0,2024,0.038498951310003325,2085039,3.096849906947173,0.4,4.0,2025,PPML-FE + Caged comum
2025,CIDADE UNIVERSITARIA,Maternal II,0,15.0,4,0,0,4,2024,0.038498951310003325,2085039,2.4795622882355897,0.3,4.5,2025,PPML-FE + Caged comum
2025,COCOTA,Bercario,16,76.0,4,4,0,0,2024,0.038498951310003325,2085039,14.788303054703935,0.16483516483516483,12.527472527472527,2025,PPML-FE + Caged comum
2025,COCOTA,Maternal I,20,52.0,4,0,4,0,2024,0.038498951310003325,2085039,15.501120092646868,0.24285714285714285,12.628571428571428,2025,PPML-FE + Caged comum
2025,COCOTA,Maternal II,16,70.0,4,0,0,4,2024,0.038498951310003325,2085039,11.138363412877572,0.136986301369863,9.58904109589041,2025,PPML-FE + Caged comum
2025,COELHO NETO,Bercario,178,557.0,4,4,0,0,2024,0.038498951310003325,2085039,235.99820894624017,0.3193979933110368,177.9046822742475,2025,PPML-FE + Caged comum
2025,COELHO NETO,Maternal I,140,284.0,4,0,4,0,2024,0.038498951310003325,2085039,184.34308004583187,0.6324503311258278,179.6158940397351,2025,PPML-FE + Caged comum
2025,COELHO NETO,Maternal II,96,302.0,4,0,0,4,2024,0.038498951310003325,2085039,104.63549873994589,0.25396825396825395,76.6984126984127,2025,PPML-FE + Caged comum
2025,COLEGIO,Bercario,140,597.0,4,4,0,0,2024,0.038498951310003325,2085039,179.57513659763129,0.17287630402384502,103.20715350223547,2025,PPML-FE + Caged comum
2025,COLEGIO,Maternal I,113,350.0,4,0,4,0,2024,0.038498951310003325,2085039,161.2853445450894,0.3389830508474576,118.64406779661016,2025,PPML-FE + Caged comum
2025,COLEGIO,Maternal II,104,354.0,4,0,0,4,2024,0.038498951310003325,2085039,87.07504954939692,0.2947976878612717,104.35838150289018,2025,PPML-FE + Caged comum
2025,COMPLEXO ALEMAO,Bercario,0,901.0,4,4,0,0,2024,0.038498951310003325,2085039,43.45951815974615,0.0,0.0,2025,PPML-FE + Caged comum
2025,COMPLEXO ALEMAO,Maternal I,1,232.0,4,0,4,0,2024,0.038498951310003325,2085039,17.143641978425364,0.004694835680751174,1.0892018779342723,2025,PPML-FE + Caged comum
2025,COMPLEXO ALEMAO,Maternal II,0,213.0,4,0,0,4,2024,0.038498951310003325,2085039,8.40152866152096,0.0,0.0,2025,PPML-FE + Caged comum
2025,COMPLEXO MARE,Bercario,566,3072.0,4,4,0,0,2024,0.038498951310003325,2085039,824.5552542905825,0.2246071291682637,689.9931008049061,2025,PPML-FE + Caged comum
2025,COMPLEXO MARE,Maternal I,412,1033.0,4,0,4,0,2024,0.038498951310003325,2085039,424.770024239753,0.3432080924855491,354.53395953757223,2025,PPML-FE + Caged comum
2025,COMPLEXO MARE,Maternal II,277,1384.0,4,0,0,4,2024,0.038498951310003325,2085039,303.77584398042984,0.26919831223628693,372.5704641350211,2025,PPML-FE + Caged comum
2025,COPACABANA,Bercario,269,1575.0,4,4,0,0,2024,0.038498951310003325,2085039,258.82800912441667,0.20804597701149424,327.67241379310343,2025,PPML-FE + Caged comum
2025,COPACABANA,Maternal I,219,874.0,4,0,4,0,2024,0.038498951310003325,2085039,220.03771885290976,0.24508670520231213,214.2057803468208,2025,PPML-FE + Caged comum
2025,COPACABANA,Maternal II,95,865.0,4,0,0,4,2024,0.038498951310003325,2085039,116.24262670638898,0.11467889908256881,99.19724770642202,2025,PPML-FE + Caged comum
2025,CORDOVIL,Bercario,194,687.0,4,4,0,0,2024,0.038498951310003325,2085039,158.54160258736792,0.29291553133514986,201.23297002724794,2025,PPML-FE + Caged comum
2025,CORDOVIL,Maternal I,114,369.0,4,0,4,0,2024,0.038498951310003325,2085039,130.45714219144864,0.35308056872037913,130.2867298578199,2025,PPML-FE + Caged comum
2025,CORDOVIL,Maternal II,99,422.0,4,0,0,4,2024,0.038498951310003325,2085039,79.63748782027415,0.19339622641509435,81.61320754716982,2025,PPML-FE + Caged comum
2025,COSME VELHO,Bercario,25,96.0,4,4,0,0,2024,0.038498951310003325,2085039,22.466215627416023,0.3652173913043478,35.06086956521739,2025,PPML-FE + Caged comum
2025,COSME VELHO,Maternal I,21,64.0,4,0,4,0,2024,0.038498951310003325,2085039,22.945295305743265,0.38666666666666666,24.746666666666666,2025,PPML-FE + Caged comum
2025,COSME VELHO,Maternal II,4,75.0,4,0,0,4,2024,0.038498951310003325,2085039,14.352863252701699,0.07608695652173914,5.7065217391304355,2025,PPML-FE + Caged comum
2025,COSMOS,Bercario,571,2061.0,4,4,0,0,2024,0.038498951310003325,2085039,718.6623669818938,0.30566037735849055,629.966037735849,2025,PPML-FE + Caged comum
2025,COSMOS,Maternal I,465,1071.0,4,0,4,0,2024,0.038498951310003325,2085039,572.1255858412729,0.4658493870402802,498.9246935201401,2025,PPML-FE + Caged comum
2025,COSMOS,Maternal II,267,1142.0,4,0,0,4,2024,0.038498951310003325,2085039,325.63539874580584,0.23870417732310314,272.6001705029838,2025,PPML-FE + Caged comum
2025,COSTA BARROS,Bercario,332,801.0,4,4,0,0,2024,0.038498951310003325,2085039,346.4629024863148,0.32742440041710114,262.266944734098,2025,PPML-FE + Caged comum
2025,COSTA BARROS,Maternal I,195,540.0,4,0,4,0,2024,0.038498951310003325,2085039,357.82688742361984,0.3847583643122677,207.76951672862455,2025,PPML-FE + Caged comum
2025,COSTA BARROS,Maternal II,117,538.0,4,0,0,4,2024,0.038498951310003325,2085039,190.2939989991833,0.2692307692307692,144.84615384615384,2025,PPML-FE + Caged comum
2025,CURICICA,Bercario,241,798.0,4,4,0,0,2024,0.038498951310003325,2085039,236.9489215889756,0.22727272727272727,181.36363636363635,2025,PPML-FE + Caged comum
2025,CURICICA,Maternal I,197,695.0,4,0,4,0,2024,0.038498951310003325,2085039,316.14887251850917,0.3317757009345794,230.5841121495327,2025,PPML-FE + Caged comum
2025,CURICICA,Maternal II,148,642.0,4,0,0,4,2024,0.038498951310003325,2085039,155.8854091105747,0.250733137829912,160.97067448680352,2025,PPML-FE + Caged comum
2025,DEL CASTILHO,Bercario,159,457.0,4,4,0,0,2024,0.038498951310003325,2085039,119.30718344149486,0.3146551724137931,143.79741379310343,2025,PPML-FE + Caged comum
2025,DEL CASTILHO,Maternal I,66,239.0,4,0,4,0,2024,0.038498951310003325,2085039,95.58797948011747,0.3409090909090909,81.47727272727272,2025,PPML-FE + Caged comum
2025,DEL CASTILHO,Maternal II,39,264.0,4,0,0,4,2024,0.038498951310003325,2085039,56.36025039058424,0.14937759336099585,39.43568464730291,2025,PPML-FE + Caged comum
2025,DEODORO,Bercario,80,236.0,4,4,0,0,2024,0.038498951310003325,2085039,105.26067081410964,0.26523297491039427,62.59498207885305,2025,PPML-FE + Caged comum
2025,DEODORO,Maternal I,63,157.0,4,0,4,0,2024,0.038498951310003325,2085039,107.27753120352808,0.5075757575757576,79.68939393939394,2025,PPML-FE + Caged comum
2025,DEODORO,Maternal II,33,132.0,4,0,0,4,2024,0.038498951310003325,2085039,48.14449720610533,0.31851851851851853,42.044444444444444,2025,PPML-FE + Caged comum
2025,ENCANTADO,Bercario,39,188.0,4,4,0,0,2024,0.038498951310003325,2085039,40.51642552444305,0.17391304347826086,32.69565217391304,2025,PPML-FE + Caged comum
2025,ENCANTADO,Maternal I,39,91.0,4,0,4,0,2024,0.038498951310003325,2085039,30.044823312146374,0.53125,48.34375,2025,PPML-FE + Caged comum
2025,ENCANTADO,Maternal II,19,96.0,4,0,0,4,2024,0.038498951310003325,2085039,16.918548525536444,0.2037037037037037,19.555555555555554,2025,PPML-FE + Caged comum
2025,ENGENHEIRO LEAL,Bercario,8,116.0,4,4,0,0,2024,0.038498951310003325,2085039,30.63037723831798,0.125,14.5,2025,PPML-FE + Caged comum
2025,ENGENHEIRO LEAL,Maternal I,27,66.0,4,0,4,0,2024,0.038498951310003325,2085039,26.69889451389806,0.3442622950819672,22.721311475409834,2025,PPML-FE + Caged comum
2025,ENGENHEIRO LEAL,Maternal II,25,61.0,4,0,0,4,2024,0.038498951310003325,2085039,13.17172895224339,0.4533333333333333,27.653333333333332,2025,PPML-FE + Caged comum
2025,ENGENHO DENTRO,Bercario,161,707.0,4,4,0,0,2024,0.038498951310003325,2085039,146.29095284119694,0.25296442687747034,178.84584980237153,2025,PPML-FE + Caged comum
2025,ENGENHO DENTRO,Maternal I,152,393.0,4,0,4,0,2024,0.038498951310003325,2085039,124.579215821035,0.35377358490566035,139.0330188679245,2025,PPML-FE + Caged comum
2025,ENGENHO DENTRO,Maternal II,71,424.0,4,0,0,4,2024,0.038498951310003325,2085039,71.74349098871939,0.19433198380566802,82.39676113360323,2025,PPML-FE + Caged comum
2025,ENGENHO NOVO,Bercario,232,756.0,4,4,0,0,2024,0.038498951310003325,2085039,206.50657032127802,0.3598130841121495,272.01869158878503,2025,PPML-FE + Caged comum
2025,ENGENHO NOVO,Maternal I,124,428.0,4,0,4,0,2024,0.038498951310003325,2085039,179.10628879106022,0.3646788990825688,156.08256880733944,2025,PPML-FE + Caged comum
2025,ENGENHO NOVO,Maternal II,52,436.0,4,0,0,4,2024,0.038498951310003325,2085039,97.39062695490612,0.15301724137931033,66.7155172413793,2025,PPML-FE + Caged comum
2025,ENGENHO RAINHA,Bercario,111,476.0,4,4,0,0,2024,0.038498951310003325,2085039,129.84361954277102,0.2403846153846154,114.42307692307692,2025,PPML-FE + Caged comum
2025,ENGENHO RAINHA,Maternal I,98,272.0,4,0,4,0,2024,0.038498951310003325,2085039,113.66782563210478,0.4426877470355731,120.41106719367589,2025,PPML-FE + Caged comum
2025,ENGENHO RAINHA,Maternal II,43,253.0,4,0,0,4,2024,0.038498951310003325,2085039,56.43555181138575,0.3146067415730337,79.59550561797752,2025,PPML-FE + Caged comum
2025,ESTACIO,Bercario,109,350.0,4,4,0,0,2024,0.038498951310003325,2085039,133.43659104291504,0.39660056657223797,138.81019830028328,2025,PPML-FE + Caged comum
2025,ESTACIO,Maternal I,62,178.0,4,0,4,0,2024,0.038498951310003325,2085039,103.96373748010748,0.38071065989847713,67.76649746192894,2025,PPML-FE + Caged comum
2025,ESTACIO,Maternal II,35,197.0,4,0,0,4,2024,0.038498951310003325,2085039,61.41744054105424,0.11650485436893204,22.951456310679614,2025,PPML-FE + Caged comum
2025,FLAMENGO,Bercario,41,516.0,4,4,0,0,2024,0.038498951310003325,2085039,57.43048212652776,0.10088495575221239,52.05663716814159,2025,PPML-FE + Caged comum
2025,FLAMENGO,Maternal I,30,297.0,4,0,4,0,2024,0.038498951310003325,2085039,50.6412244022201,0.12547528517110265,37.266159695817485,2025,PPML-FE + Caged comum
2025,FLAMENGO,Maternal II,15,263.0,4,0,0,4,2024,0.038498951310003325,2085039,23.93685576787989,0.07168458781362007,18.85304659498208,2025,PPML-FE + Caged comum
2025,FREGUESIA ILHA,Bercario,75,321.0,4,4,0,0,2024,0.038498951310003325,2085039,79.7490070505858,0.275,88.275,2025,PPML-FE + Caged comum
2025,FREGUESIA ILHA,Maternal I,43,155.0,4,0,4,0,2024,0.038498951310003325,2085039,58.99387692049121,0.24313725490196078,37.68627450980392,2025,PPML-FE + Caged comum
2025,FREGUESIA ILHA,Maternal II,27,255.0,4,0,0,4,2024,0.038498951310003325,2085039,51.80587655096449,0.19895287958115182,50.73298429319372,2025,PPML-FE + Caged comum
2025,FREGUESIA JPA,Bercario,142,1172.0,4,4,0,0,2024,0.038498951310003325,2085039,171.8143404558089,0.13104013104013104,153.5790335790336,2025,PPML-FE + Caged comum
2025,FREGUESIA JPA,Maternal I,104,626.0,4,0,4,0,2024,0.038498951310003325,2085039,140.5921649132048,0.2148626817447496,134.50403877221325,2025,PPML-FE + Caged comum
2025,FREGUESIA JPA,Maternal II,32,619.0,4,0,0,4,2024,0.038498951310003325,2085039,74.20634490293102,0.08898305084745763,55.08050847457627,2025,PPML-FE + Caged comum
2025,GALEAO,Bercario,108,612.0,4,4,0,0,2024,0.038498951310003325,2085039,196.98778851285607,0.19207317073170732,117.54878048780488,2025,PPML-FE + Caged comum
2025,GALEAO,Maternal I,88,347.0,4,0,4,0,2024,0.038498951310003325,2085039,171.10879973157594,0.2958904109589041,102.67397260273972,2025,PPML-FE + Caged comum
2025,GALEAO,Maternal II,75,365.0,4,0,0,4,2024,0.038498951310003325,2085039,96.07255502926469,0.34,124.10000000000001,2025,PPML-FE + Caged comum
2025,GAMBOA,Bercario,51,234.0,4,4,0,0,2024,0.038498951310003325,2085039,71.69938409275801,0.3107569721115538,72.71713147410358,2025,PPML-FE + Caged comum
2025,GAMBOA,Maternal I,40,126.0,4,0,4,0,2024,0.038498951310003325,2085039,59.145962061385006,0.3141025641025641,39.57692307692307,2025,PPML-FE + Caged comum
2025,GAMBOA,Maternal II,24,156.0,4,0,0,4,2024,0.038498951310003325,2085039,39.08793792076546,0.2662337662337662,41.53246753246753,2025,PPML-FE + Caged comum
2025,GARDENIA AZUL,Bercario,220,757.0,4,4,0,0,2024,0.038498951310003325,2085039,291.7387828929762,0.2801678908709339,212.08709338929697,2025,PPML-FE + Caged comum
2025,GARDENIA AZUL,Maternal I,235,529.0,4,0,4,0,2024,0.038498951310003325,2085039,312.32658092257884,0.5488069414316703,290.3188720173536,2025,PPML-FE + Caged comum
2025,GARDENIA AZUL,Maternal II,168,461.0,4,0,0,4,2024,0.038498951310003325,2085039,145.28400606221686,0.2976827094474153,137.23172905525846,2025,PPML-FE + Caged comum
2025,GAVEA,Bercario,203,279.0,4,4,0,0,2024,0.038498951310003325,2085039,134.50251978296353,0.641566265060241,178.99698795180723,2025,PPML-FE + Caged comum
2025,GAVEA,Maternal I,125,167.0,4,0,4,0,2024,0.038498951310003325,2085039,123.33821987813069,0.8654970760233918,144.53801169590642,2025,PPML-FE + Caged comum
2025,GAVEA,Maternal II,61,171.0,4,0,0,4,2024,0.038498951310003325,2085039,67.41257578863465,0.54421768707483,93.06122448979593,2025,PPML-FE + Caged comum
2025,GERICINO,Bercario,0,33.0,4,4,0,0,2024,0.038498951310003325,2085039,6.712269501007505,0.0,0.0,2025,PPML-FE + Caged comum
2025,GERICINO,Maternal II,0,12.0,4,0,0,4,2024,0.038498951310003325,2085039,1.9959758641725092,0.0,0.0,2025,PPML-FE + Caged comum
2025,GLORIA,Bercario,46,100.0,4,4,0,0,2024,0.038498951310003325,2085039,30.376261264620574,0.43564356435643564,43.56435643564357,2025,PPML-FE + Caged comum
2025,GLORIA,Maternal I,23,44.0,4,0,4,0,2024,0.038498951310003325,2085039,20.47585208518069,0.3333333333333333,14.666666666666666,2025,PPML-FE + Caged comum
2025,GLORIA,Maternal II,8,69.0,4,0,0,4,2024,0.038498951310003325,2085039,17.139652169072715,0.23076923076923078,15.923076923076923,2025,PPML-FE + Caged comum
2025,GRAJAU,Bercario,69,431.0,4,4,0,0,2024,0.038498951310003325,2085039,83.99129417913285,0.18859649122807018,81.28508771929825,2025,PPML-FE + Caged comum
2025,GRAJAU,Maternal I,24,234.0,4,0,4,0,2024,0.038498951310003325,2085039,69.85988204386874,0.16883116883116883,39.506493506493506,2025,PPML-FE + Caged comum
2025,GRAJAU,Maternal II,17,231.0,4,0,0,4,2024,0.038498951310003325,2085039,36.81184432643812,0.10714285714285714,24.75,2025,PPML-FE + Caged comum
2025,GRUMARI,Bercario,0,5.0,4,4,0,0,2024,0.038498951310003325,2085039,1.0709944366820796,0.0,0.0,2025,PPML-FE + Caged comum
2025,GRUMARI,Maternal I,1,2.0,4,0,4,0,2024,0.038498951310003325,2085039,0.6562996820120409,0.0,0.0,2025,PPML-FE + Caged comum
2025,GRUMARI,Maternal II,1,5.0,4,0,0,4,2024,0.038498951310003325,2085039,0.8758017502707393,0.4,2.0,2025,PPML-FE + Caged comum
2025,GUADALUPE,Bercario,153,754.0,4,4,0,0,2024,0.038498951310003325,2085039,187.01347506364962,0.20317820658342792,153.19636776390465,2025,PPML-FE + Caged comum
2025,GUADALUPE,Maternal I,137,481.0,4,0,4,0,2024,0.038498951310003325,2085039,182.7686139991101,0.37924151696606784,182.41516966067863,2025,PPML-FE + Caged comum
2025,GUADALUPE,Maternal II,115,501.0,4,0,0,4,2024,0.038498951310003325,2085039,101.61501233383925,0.21455938697318008,107.49425287356323,2025,PPML-FE + Caged comum
2025,GUARATIBA,Bercario,931,3694.0,4,4,0,0,2024,0.038498951310003325,2085039,1360.3197592236627,0.28985107556536127,1070.7098731384444,2025,PPML-FE + Caged comum
2025,GUARATIBA,Maternal I,812,1787.0,4,0,4,0,2024,0.038498951310003325,2085039,1008.1465202733937,0.49737670514165794,888.8121720881427,2025,PPML-FE + Caged comum
2025,GUARATIBA,Maternal II,619,1906.0,4,0,0,4,2024,0.038498951310003325,2085039,573.9652581098287,0.35987590486039295,685.9234746639089,2025,PPML-FE + Caged comum
2025,HIGIENOPOLIS,Bercario,47,224.0,4,4,0,0,2024,0.038498951310003325,2085039,42.16592131983879,0.2621359223300971,58.71844660194175,2025,PPML-FE + Caged comum
2025,HIGIENOPOLIS,Maternal I,29,105.0,4,0,4,0,2024,0.038498951310003325,2085039,30.28013885768449,0.24324324324324326,25.54054054054054,2025,PPML-FE + Caged comum
2025,HIGIENOPOLIS,Maternal II,14,111.0,4,0,0,4,2024,0.038498951310003325,2085039,17.08658016127,0.1694915254237288,18.813559322033896,2025,PPML-FE + Caged comum
2025,HONORIO GURGEL,Bercario,89,361.0,4,4,0,0,2024,0.038498951310003325,2085039,102.2613414021514,0.2589928057553957,93.49640287769785,2025,PPML-FE + Caged comum
2025,HONORIO GURGEL,Maternal I,82,231.0,4,0,4,0,2024,0.038498951310003325,2085039,100.24696909170561,0.3783783783783784,87.4054054054054,2025,PPML-FE + Caged comum
2025,HONORIO GURGEL,Maternal II,56,222.0,4,0,0,4,2024,0.038498951310003325,2085039,51.42518369309652,0.23921568627450981,53.10588235294118,2025,PPML-FE + Caged comum
2025,HUMAITA,Bercario,6,146.0,4,4,0,0,2024,0.038498951310003325,2085039,17.459635613894513,0.061224489795918366,8.938775510204081,2025,PPML-FE + Caged comum
2025,HUMAITA,Maternal I,7,76.0,4,0,4,0,2024,0.038498951310003325,2085039,13.923579528953177,0.14285714285714285,10.857142857142856,2025,PPML-FE + Caged comum
2025,HUMAITA,Maternal II,2,84.0,4,0,0,4,2024,0.038498951310003325,2085039,8.214482331615642,0.020833333333333332,1.75,2025,PPML-FE + Caged comum
2025,ILHA GUARATIBA,Bercario,1,69.0,4,4,0,0,2024,0.038498951310003325,2085039,15.686414502647352,0.1111111111111111,7.666666666666666,2025,PPML-FE + Caged comum
2025,INHAUMA,Bercario,328,1048.0,4,4,0,0,2024,0.038498951310003325,2085039,326.88733578294085,0.36693914623069934,384.5522252497729,2025,PPML-FE + Caged comum
2025,INHAUMA,Maternal I,355,529.0,4,0,4,0,2024,0.038498951310003325,2085039,252.78277233169564,0.47066326530612246,248.9808673469388,2025,PPML-FE + Caged comum
2025,INHAUMA,Maternal II,132,784.0,4,0,0,4,2024,0.038498951310003325,2085039,199.9730495124904,0.23529411764705882,184.47058823529412,2025,PPML-FE + Caged comum
2025,INHOAIBA,Bercario,522,1480.0,4,4,0,0,2024,0.038498951310003325,2085039,607.2909495015459,0.3384223918575064,500.86513994910945,2025,PPML-FE + Caged comum
2025,INHOAIBA,Maternal I,385,824.0,4,0,4,0,2024,0.038498951310003325,2085039,517.985130375582,0.47798066595059074,393.85606874328676,2025,PPML-FE + Caged comum
2025,INHOAIBA,Maternal II,219,931.0,4,0,0,4,2024,0.038498951310003325,2085039,312.39449225563106,0.2326086956521739,216.5586956521739,2025,PPML-FE + Caged comum
2025,IPANEMA,Bercario,11,508.0,4,4,0,0,2024,0.038498951310003325,2085039,33.533281778489176,0.016,8.128,2025,PPML-FE + Caged comum
2025,IPANEMA,Maternal I,14,246.0,4,0,4,0,2024,0.038498951310003325,2085039,24.877254020790307,0.06529209621993128,16.061855670103093,2025,PPML-FE + Caged comum
2025,IPANEMA,Maternal II,9,291.0,4,0,0,4,2024,0.038498951310003325,2085039,15.708109820885639,0.01968503937007874,5.728346456692913,2025,PPML-FE + Caged comum
2025,IRAJA,Bercario,302,1468.0,4,4,0,0,2024,0.038498951310003325,2085039,344.60206249536503,0.18823529411764706,276.32941176470587,2025,PPML-FE + Caged comum
2025,IRAJA,Maternal I,249,829.0,4,0,4,0,2024,0.038498951310003325,2085039,298.12701726727715,0.30814639905548996,255.4533648170012,2025,PPML-FE + Caged comum
2025,IRAJA,Maternal II,128,847.0,4,0,0,4,2024,0.038498951310003325,2085039,162.58999626920473,0.18299881936245574,155.0,2025,PPML-FE + Caged comum
2025,ITANHANGA,Bercario,207,1535.0,4,4,0,0,2024,0.038498951310003325,2085039,537.7180872544678,0.18896103896103897,290.05519480519484,2025,PPML-FE + Caged comum
2025,ITANHANGA,Maternal I,291,721.0,4,0,4,0,2024,0.038498951310003325,2085039,386.933665597877,0.49081364829396323,353.8766404199475,2025,PPML-FE + Caged comum
2025,ITANHANGA,Maternal II,277,762.0,4,0,0,4,2024,0.038498951310003325,2085039,218.28295808681952,0.4104372355430183,312.75317348377996,2025,PPML-FE + Caged comum
2025,JABOUR,Bercario,0,19.0,4,4,0,0,2024,0.038498951310003325,2085039,4.325528684706481,0.0,0.0,2025,PPML-FE + Caged comum
2025,JABOUR,Maternal I,0,1.0,4,0,4,0,2024,0.038498951310003325,2085039,0.34877117386311735,0.26630110339739077,0.26630110339739077,2025,PPML-FE + Caged comum
2025,JACARE,Bercario,227,278.0,4,4,0,0,2024,0.038498951310003325,2085039,131.59029123345283,0.5720620842572062,159.03325942350332,2025,PPML-FE + Caged comum
2025,JACARE,Maternal I,127,288.0,4,0,4,0,2024,0.038498951310003325,2085039,208.84617594163922,0.46835443037974683,134.8860759493671,2025,PPML-FE + Caged comum
2025,JACARE,Maternal II,80,316.0,4,0,0,4,2024,0.038498951310003325,2085039,122.31641076118882,0.3042168674698795,96.13253012048193,2025,PPML-FE + Caged comum
2025,JACAREPAGUA,Bercario,488,4521.0,4,4,0,0,2024,0.038498951310003325,2085039,1012.1773094565164,0.14035087719298245,634.5263157894736,2025,PPML-FE + Caged comum
2025,JACAREPAGUA,Maternal I,501,1957.0,4,0,4,0,2024,0.038498951310003325,2085039,671.2246598932562,0.2537313432835821,496.55223880597015,2025,PPML-FE + Caged comum
2025,JACAREPAGUA,Maternal II,401,2546.0,4,0,0,4,2024,0.038498951310003325,2085039,466.1214442807101,0.2167426440116038,551.8267716535433,2025,PPML-FE + Caged comum
2025,JACAREZINHO,Bercario,31,563.0,4,4,0,0,2024,0.038498951310003325,2085039,60.79279433509836,0.09174311926605505,51.65137614678899,2025,PPML-FE + Caged comum
2025,JACAREZINHO,Maternal I,9,157.0,4,0,4,0,2024,0.038498951310003325,2085039,25.971578820605817,0.09615384615384616,15.096153846153847,2025,PPML-FE + Caged comum
2025,JACAREZINHO,Maternal II,12,208.0,4,0,0,4,2024,0.038498951310003325,2085039,18.366467733150326,0.06341463414634146,13.190243902439025,2025,PPML-FE + Caged comum
2025,JARDIM AMERICA,Bercario,145,459.0,4,4,0,0,2024,0.038498951310003325,2085039,138.14090578203772,0.24736842105263157,113.5421052631579,2025,PPML-FE + Caged comum
2025,JARDIM AMERICA,Maternal I,135,289.0,4,0,4,0,2024,0.038498951310003325,2085039,133.2485353963182,0.5163398692810458,149.22222222222223,2025,PPML-FE + Caged comum
2025,JARDIM AMERICA,Maternal II,47,306.0,4,0,0,4,2024,0.038498951310003325,2085039,75.30947745019739,0.1529745042492918,46.81019830028329,2025,PPML-FE + Caged comum
2025,JARDIM BOTANICO,Bercario,20,212.0,4,4,0,0,2024,0.038498951310003325,2085039,20.593416085552782,0.05263157894736842,11.157894736842104,2025,PPML-FE + Caged comum
2025,JARDIM BOTANICO,Maternal I,15,118.0,4,0,4,0,2024,0.038498951310003325,2085039,17.560202849209283,0.13392857142857142,15.803571428571429,2025,PPML-FE + Caged comum
2025,JARDIM BOTANICO,Maternal II,7,112.0,4,0,0,4,2024,0.038498951310003325,2085039,8.896704175169216,0.040983606557377046,4.590163934426229,2025,PPML-FE + Caged comum
2025,JARDIM CARIOCA,Bercario,77,363.0,4,4,0,0,2024,0.038498951310003325,2085039,66.16314609401337,0.21144278606965175,76.75373134328359,2025,PPML-FE + Caged comum
2025,JARDIM CARIOCA,Maternal I,59,213.0,4,0,4,0,2024,0.038498951310003325,2085039,59.476323366963925,0.25116279069767444,53.49767441860465,2025,PPML-FE + Caged comum
2025,JARDIM CARIOCA,Maternal II,25,215.0,4,0,0,4,2024,0.038498951310003325,2085039,32.045464919415956,0.13924050632911392,29.93670886075949,2025,PPML-FE + Caged comum
2025,JARDIM GUANABARA,Bercario,11,336.0,4,4,0,0,2024,0.038498951310003325,2085039,28.309882916961392,0.03783783783783784,12.713513513513515,2025,PPML-FE + Caged comum
2025,JARDIM GUANABARA,Maternal I,13,194.0,4,0,4,0,2024,0.038498951310003325,2085039,25.041221710023375,0.035,6.790000000000001,2025,PPML-FE + Caged comum
2025,JARDIM GUANABARA,Maternal II,8,200.0,4,0,0,4,2024,0.038498951310003325,2085039,13.779941866261131,0.07428571428571429,14.857142857142858,2025,PPML-FE + Caged comum
2025,JARDIM SULACAP,Bercario,32,299.0,4,4,0,0,2024,0.038498951310003325,2085039,50.9783103397038,0.10372340425531915,31.013297872340424,2025,PPML-FE + Caged comum
2025,JARDIM SULACAP,Maternal I,44,200.0,4,0,4,0,2024,0.038498951310003325,2085039,52.23952649395418,0.27586206896551724,55.172413793103445,2025,PPML-FE + Caged comum
2025,JARDIM SULACAP,Maternal II,28,174.0,4,0,0,4,2024,0.038498951310003325,2085039,24.25951368979385,0.19696969696969696,34.27272727272727,2025,PPML-FE + Caged comum
2025,JOA,Bercario,1,11.0,4,4,0,0,2024,0.038498951310003325,2085039,2.286505754310925,0.0,0.0,2025,PPML-FE + Caged comum
2025,JOA,Maternal I,0,8.0,4,0,4,0,2024,0.038498951310003325,2085039,2.547560978802084,0.0,0.0,2025,PPML-FE + Caged comum
2025,JOA,Maternal II,0,11.0,4,0,0,4,2024,0.038498951310003325,2085039,1.8697816468901662,0.0,0.0,2025,PPML-FE + Caged comum
2025,LAGOA,Bercario,3,245.0,4,4,0,0,2024,0.038498951310003325,2085039,20.10701461185141,0.01968503937007874,4.822834645669292,2025,PPML-FE + Caged comum
2025,LAGOA,Maternal I,6,137.0,4,0,4,0,2024,0.038498951310003325,2085039,17.22491406714868,0.0234375,3.2109375,2025,PPML-FE + Caged comum
2025,LAGOA,Maternal II,0,128.0,4,0,0,4,2024,0.038498951310003325,2085039,8.590334450840434,0.006756756756756757,0.8648648648648649,2025,PPML-FE + Caged comum
2025,LAPA,Bercario,0,77.0,4,4,0,0,2024,0.038498951310003325,2085039,10.70819110035341,0.0,0.0,2025,PPML-FE + Caged comum
2025,LAPA,Maternal I,0,15.0,4,0,4,0,2024,0.038498951310003325,2085039,3.195741442098088,0.0,0.0,2025,PPML-FE + Caged comum
2025,LAPA,Maternal II,0,34.0,4,0,0,4,2024,0.038498951310003325,2085039,3.866543485294789,0.0,0.0,2025,PPML-FE + Caged comum
2025,LARANJEIRAS,Bercario,49,497.0,4,4,0,0,2024,0.038498951310003325,2085039,57.10746203127774,0.09778597785977859,48.59963099630996,2025,PPML-FE + Caged comum
2025,LARANJEIRAS,Maternal I,27,285.0,4,0,4,0,2024,0.038498951310003325,2085039,50.169100975234045,0.1357142857142857,38.67857142857142,2025,PPML-FE + Caged comum
2025,LARANJEIRAS,Maternal II,18,280.0,4,0,0,4,2024,0.038498951310003325,2085039,26.30953038714019,0.06227106227106227,17.435897435897438,2025,PPML-FE + Caged comum
2025,LEBLON,Bercario,15,506.0,4,4,0,0,2024,0.038498951310003325,2085039,32.43921071916046,0.04753199268738574,24.051188299817184,2025,PPML-FE + Caged comum
2025,LEBLON,Maternal I,12,288.0,4,0,4,0,2024,0.038498951310003325,2085039,28.285719959532923,0.0599250936329588,17.258426966292134,2025,PPML-FE + Caged comum
2025,LEBLON,Maternal II,5,267.0,4,0,0,4,2024,0.038498951310003325,2085039,13.997472316641474,0.017421602787456445,4.651567944250871,2025,PPML-FE + Caged comum
2025,LEME,Bercario,41,177.0,4,4,0,0,2024,0.038498951310003325,2085039,35.61699376406078,0.24870466321243523,44.020725388601036,2025,PPML-FE + Caged comum
2025,LEME,Maternal I,25,103.0,4,0,4,0,2024,0.038498951310003325,2085039,31.752374357352544,0.3263157894736842,33.61052631578948,2025,PPML-FE + Caged comum
2025,LEME,Maternal II,9,95.0,4,0,0,4,2024,0.038498951310003325,2085039,15.632419217278285,0.07627118644067797,7.2457627118644075,2025,PPML-FE + Caged comum
2025,LINS VASCONCELOS,Bercario,173,654.0,4,4,0,0,2024,0.038498951310003325,2085039,159.41385802459348,0.32791728212703103,214.4579025110783,2025,PPML-FE + Caged comum
2025,LINS VASCONCELOS,Maternal I,77,345.0,4,0,4,0,2024,0.038498951310003325,2085039,128.8316018735195,0.22666666666666666,78.2,2025,PPML-FE + Caged comum
2025,LINS VASCONCELOS,Maternal II,29,375.0,4,0,0,4,2024,0.038498951310003325,2085039,74.7477605545273,0.0829145728643216,31.092964824120603,2025,PPML-FE + Caged comum
2025,MADUREIRA,Bercario,164,778.0,4,4,0,0,2024,0.038498951310003325,2085039,198.00436439756447,0.2532544378698225,197.0319526627219,2025,PPML-FE + Caged comum
2025,MADUREIRA,Maternal I,115,462.0,4,0,4,0,2024,0.038498951310003325,2085039,180.13252188134967,0.279317697228145,129.04477611940297,2025,PPML-FE + Caged comum
2025,MADUREIRA,Maternal II,75,469.0,4,0,0,4,2024,0.038498951310003325,2085039,97.60826713194285,0.13812154696132597,64.77900552486189,2025,PPML-FE + Caged comum
2025,MAGALHAES BASTOS,Bercario,71,404.0,4,4,0,0,2024,0.038498951310003325,2085039,101.92606967353728,0.22624434389140272,91.4027149321267,2025,PPML-FE + Caged comum
2025,MAGALHAES BASTOS,Maternal I,80,228.0,4,0,4,0,2024,0.038498951310003325,2085039,88.1239077973645,0.28292682926829266,64.50731707317073,2025,PPML-FE + Caged comum
2025,MAGALHAES BASTOS,Maternal II,66,205.0,4,0,0,4,2024,0.038498951310003325,2085039,42.29376693706044,0.1859504132231405,38.1198347107438,2025,PPML-FE + Caged comum
2025,MANGUEIRA,Bercario,178,471.0,4,4,0,0,2024,0.038498951310003325,2085039,175.06128462711146,0.39565217391304347,186.3521739130435,2025,PPML-FE + Caged comum
2025,MANGUEIRA,Maternal I,63,232.0,4,0,4,0,2024,0.038498951310003325,2085039,132.1028467223344,0.2440944881889764,56.62992125984252,2025,PPML-FE + Caged comum
2025,MANGUEIRA,Maternal II,26,254.0,4,0,0,4,2024,0.038498951310003325,2085039,77.20074910459262,0.14225941422594143,36.13389121338913,2025,PPML-FE + Caged comum
2025,MANGUINHOS,Bercario,261,728.0,4,4,0,0,2024,0.038498951310003325,2085039,156.64164653468083,0.21921515561569688,159.58863328822733,2025,PPML-FE + Caged comum
2025,MANGUINHOS,Maternal I,186,391.0,4,0,4,0,2024,0.038498951310003325,2085039,128.88655192866005,0.3064935064935065,119.83896103896103,2025,PPML-FE + Caged comum
2025,MANGUINHOS,Maternal II,111,385.0,4,0,0,4,2024,0.038498951310003325,2085039,67.74155843993682,0.2018140589569161,77.6984126984127,2025,PPML-FE + Caged comum
2025,MARACANA,Bercario,11,278.0,4,4,0,0,2024,0.038498951310003325,2085039,33.10325997424749,0.056105610561056105,15.597359735973598,2025,PPML-FE + Caged comum
2025,MARACANA,Maternal I,20,160.0,4,0,4,0,2024,0.038498951310003325,2085039,29.187771596978862,0.05844155844155844,9.35064935064935,2025,PPML-FE + Caged comum
2025,MARACANA,Maternal II,5,154.0,4,0,0,4,2024,0.038498951310003325,2085039,14.995649591838525,0.05202312138728324,8.011560693641618,2025,PPML-FE + Caged comum
2025,MARECHAL HERMES,Bercario,100,752.0,4,4,0,0,2024,0.038498951310003325,2085039,200.35572074615493,0.17051282051282052,128.22564102564104,2025,PPML-FE + Caged comum
2025,MARECHAL HERMES,Maternal I,141,361.0,4,0,4,0,2024,0.038498951310003325,2085039,147.34862796374205,0.4090909090909091,147.6818181818182,2025,PPML-FE + Caged comum
2025,MARECHAL HERMES,Maternal II,109,418.0,4,0,0,4,2024,0.038498951310003325,2085039,91.07072258435078,0.21896162528216703,91.52595936794582,2025,PPML-FE + Caged comum
2025,MARIA GRACA,Bercario,23,82.0,4,4,0,0,2024,0.038498951310003325,2085039,14.096000955690354,0.17475728155339806,14.330097087378642,2025,PPML-FE + Caged comum
2025,MARIA GRACA,Maternal I,7,55.0,4,0,4,0,2024,0.038498951310003325,2085039,14.484374502689166,0.23809523809523808,13.095238095238095,2025,PPML-FE + Caged comum
2025,MARIA GRACA,Maternal II,8,63.0,4,0,0,4,2024,0.038498951310003325,2085039,8.856073484156846,0.1,6.300000000000001,2025,PPML-FE + Caged comum
2025,MEIER,Bercario,68,453.0,4,4,0,0,2024,0.038498951310003325,2085039,64.54498845576063,0.14428857715430862,65.3627254509018,2025,PPML-FE + Caged comum
2025,MEIER,Maternal I,59,242.0,4,0,4,0,2024,0.038498951310003325,2085039,52.82441291602044,0.3474903474903475,84.0926640926641,2025,PPML-FE + Caged comum
2025,MEIER,Maternal II,17,259.0,4,0,0,4,2024,0.038498951310003325,2085039,30.177460034378335,0.15040650406504066,38.955284552845534,2025,PPML-FE + Caged comum
2025,MONERO,Bercario,5,55.0,4,4,0,0,2024,0.038498951310003325,2085039,10.192671692181912,0.043478260869565216,2.391304347826087,2025,PPML-FE + Caged comum
2025,MONERO,Maternal I,0,24.0,4,0,4,0,2024,0.038498951310003325,2085039,6.813834417110921,0.16666666666666666,4.0,2025,PPML-FE + Caged comum
2025,MONERO,Maternal II,1,30.0,4,0,0,4,2024,0.038498951310003325,2085039,4.546374371434833,0.07142857142857142,2.142857142857143,2025,PPML-FE + Caged comum
2025,OLARIA,Bercario,215,782.0,4,4,0,0,2024,0.038498951310003325,2085039,184.8225868540781,0.2636871508379888,206.20335195530726,2025,PPML-FE + Caged comum
2025,OLARIA,Maternal I,170,492.0,4,0,4,0,2024,0.038498951310003325,2085039,178.1428441756101,0.35864978902953587,176.45569620253164,2025,PPML-FE + Caged comum
2025,OLARIA,Maternal II,86,474.0,4,0,0,4,2024,0.038498951310003325,2085039,91.61049442225143,0.15113871635610765,71.63975155279502,2025,PPML-FE + Caged comum
2025,OSWALDO CRUZ,Bercario,61,460.0,4,4,0,0,2024,0.038498951310003325,2085039,110.32192712273816,0.15831663326653306,72.82565130260521,2025,PPML-FE + Caged comum
2025,OSWALDO CRUZ,Maternal I,78,244.0,4,0,4,0,2024,0.038498951310003325,2085039,89.6496961302954,0.3321678321678322,81.04895104895105,2025,PPML-FE + Caged comum
2025,OSWALDO CRUZ,Maternal II,84,286.0,4,0,0,4,2024,0.038498951310003325,2085039,56.09041263042419,0.2873134328358209,82.17164179104478,2025,PPML-FE + Caged comum
2025,PACIENCIA,Bercario,670,2317.0,4,4,0,0,2024,0.038498951310003325,2085039,860.0414793279481,0.29825274278748476,691.0516050386021,2025,PPML-FE + Caged comum
2025,PACIENCIA,Maternal I,675,1251.0,4,0,4,0,2024,0.038498951310003325,2085039,711.3865683914537,0.5390070921985816,674.2978723404256,2025,PPML-FE + Caged comum
2025,PACIENCIA,Maternal II,365,1410.0,4,0,0,4,2024,0.038498951310003325,2085039,427.98748552301095,0.23799582463465555,335.57411273486434,2025,PPML-FE + Caged comum
2025,PADRE MIGUEL,Bercario,183,1047.0,4,4,0,0,2024,0.038498951310003325,2085039,245.18969958255792,0.1816461684011353,190.18353831598864,2025,PPML-FE + Caged comum
2025,PADRE MIGUEL,Maternal I,173,510.0,4,0,4,0,2024,0.038498951310003325,2085039,182.97034356939668,0.30960264900662254,157.8973509933775,2025,PPML-FE + Caged comum
2025,PADRE MIGUEL,Maternal II,100,604.0,4,0,0,4,2024,0.038498951310003325,2085039,115.66742632834072,0.22992125984251968,138.8724409448819,2025,PPML-FE + Caged comum
2025,PAQUETA,Bercario,26,42.0,4,4,0,0,2024,0.038498951310003325,2085039,12.448438431098152,0.39655172413793105,16.655172413793103,2025,PPML-FE + Caged comum
2025,PAQUETA,Maternal I,9,33.0,4,0,4,0,2024,0.038498951310003325,2085039,14.98423283482126,0.30952380952380953,10.214285714285715,2025,PPML-FE + Caged comum
2025,PAQUETA,Maternal II,20,42.0,4,0,0,4,2024,0.038498951310003325,2085039,10.179664611394822,0.1935483870967742,8.129032258064516,2025,PPML-FE + Caged comum
2025,PARADA LUCAS,Bercario,109,533.0,4,4,0,0,2024,0.038498951310003325,2085039,100.77363398256509,0.24954792043399637,133.00904159132006,2025,PPML-FE + Caged comum
2025,PARADA LUCAS,Maternal I,58,280.0,4,0,4,0,2024,0.038498951310003325,2085039,81.10221767595309,0.266025641025641,74.48717948717949,2025,PPML-FE + Caged comum
2025,PARADA LUCAS,Maternal II,35,312.0,4,0,0,4,2024,0.038498951310003325,2085039,48.238400481465526,0.1392857142857143,43.457142857142856,2025,PPML-FE + Caged comum
2025,PARQUE ANCHIETA,Bercario,44,347.0,4,4,0,0,2024,0.038498951310003325,2085039,85.32673246068802,0.2064516129032258,71.63870967741936,2025,PPML-FE + Caged comum
2025,PARQUE ANCHIETA,Maternal I,84,139.0,4,0,4,0,2024,0.038498951310003325,2085039,52.36310943314263,0.3383838383838384,47.035353535353536,2025,PPML-FE + Caged comum
2025,PARQUE ANCHIETA,Maternal II,34,198.0,4,0,0,4,2024,0.038498951310003325,2085039,39.8143311455726,0.21153846153846154,41.88461538461539,2025,PPML-FE + Caged comum
2025,PARQUE COLUMBIA,Bercario,26,191.0,4,4,0,0,2024,0.038498951310003325,2085039,52.051520261204715,0.17164179104477612,32.78358208955224,2025,PPML-FE + Caged comum
2025,PARQUE COLUMBIA,Maternal I,7,20.0,4,0,4,0,2024,0.038498951310003325,2085039,8.349972293896409,0.30357142857142855,6.071428571428571,2025,PPML-FE + Caged comum
2025,PARQUE COLUMBIA,Maternal II,5,56.0,4,0,0,4,2024,0.038498951310003325,2085039,12.47977260412749,0.0975609756097561,5.463414634146342,2025,PPML-FE + Caged comum
2025,PAVUNA,Bercario,414,1846.0,4,4,0,0,2024,0.038498951310003325,2085039,610.8183747755877,0.26447661469933187,488.2238307349666,2025,PPML-FE + Caged comum
2025,PAVUNA,Maternal I,354,816.0,4,0,4,0,2024,0.038498951310003325,2085039,413.64287005826327,0.41081081081081083,335.22162162162164,2025,PPML-FE + Caged comum
2025,PAVUNA,Maternal II,151,925.0,4,0,0,4,2024,0.038498951310003325,2085039,250.2884006045323,0.20020325203252032,185.1880081300813,2025,PPML-FE + Caged comum
2025,PECHINCHA,Bercario,68,694.0,4,4,0,0,2024,0.038498951310003325,2085039,85.44058261082844,0.09408926417370325,65.29794933655006,2025,PPML-FE + Caged comum
2025,PECHINCHA,Maternal I,75,433.0,4,0,4,0,2024,0.038498951310003325,2085039,81.66719036938787,0.1928374655647383,83.49862258953168,2025,PPML-FE + Caged comum
2025,PECHINCHA,Maternal II,23,363.0,4,0,0,4,2024,0.038498951310003325,2085039,36.54516689709942,0.13615023474178403,49.4225352112676,2025,PPML-FE + Caged comum
2025,PEDRA GUARATIBA,Bercario,111,368.0,4,4,0,0,2024,0.038498951310003325,2085039,61.105724344686124,0.15781710914454278,58.07669616519174,2025,PPML-FE + Caged comum
2025,PEDRA GUARATIBA,Maternal I,70,458.0,4,0,4,0,2024,0.038498951310003325,2085039,116.50767711000854,0.3119266055045872,142.86238532110093,2025,PPML-FE + Caged comum
2025,PEDRA GUARATIBA,Maternal II,55,436.0,4,0,0,4,2024,0.038498951310003325,2085039,59.2023793034749,0.09740259740259741,42.46753246753247,2025,PPML-FE + Caged comum
2025,PENHA,Bercario,307,1238.0,4,4,0,0,2024,0.038498951310003325,2085039,277.57882859764226,0.2562225475841874,317.203513909224,2025,PPML-FE + Caged comum
2025,PENHA,Maternal I,218,715.0,4,0,4,0,2024,0.038498951310003325,2085039,245.59907309586904,0.38235294117647056,273.38235294117646,2025,PPML-FE + Caged comum
2025,PENHA,Maternal II,104,714.0,4,0,0,4,2024,0.038498951310003325,2085039,130.9129169285083,0.16971916971916973,121.17948717948718,2025,PPML-FE + Caged comum
2025,PENHA CIRCULAR,Bercario,201,752.0,4,4,0,0,2024,0.038498951310003325,2085039,183.05894739696234,0.32674571805006586,245.71277997364953,2025,PPML-FE + Caged comum
2025,PENHA CIRCULAR,Maternal I,105,360.0,4,0,4,0,2024,0.038498951310003325,2085039,134.25504318505708,0.36553524804177545,131.59268929503915,2025,PPML-FE + Caged comum
2025,PENHA CIRCULAR,Maternal II,47,383.0,4,0,0,4,2024,0.038498951310003325,2085039,76.24133426521038,0.16507177033492823,63.22248803827751,2025,PPML-FE + Caged comum
2025,PIEDADE,Bercario,125,713.0,4,4,0,0,2024,0.038498951310003325,2085039,170.5397053305196,0.21191135734072022,151.09279778393352,2025,PPML-FE + Caged comum
2025,PIEDADE,Maternal I,168,347.0,4,0,4,0,2024,0.038498951310003325,2085039,127.1511934388851,0.46195652173913043,160.29891304347825,2025,PPML-FE + Caged comum
2025,PIEDADE,Maternal II,73,368.0,4,0,0,4,2024,0.038498951310003325,2085039,71.97843355056143,0.21377672209026127,78.66983372921615,2025,PPML-FE + Caged comum
2025,PILARES,Bercario,125,430.0,4,4,0,0,2024,0.038498951310003325,2085039,119.44246681100806,0.3006535947712418,129.28104575163397,2025,PPML-FE + Caged comum
2025,PILARES,Maternal I,99,229.0,4,0,4,0,2024,0.038498951310003325,2085039,97.44976105109964,0.49783549783549785,114.00432900432901,2025,PPML-FE + Caged comum
2025,PILARES,Maternal II,55,231.0,4,0,0,4,2024,0.038498951310003325,2085039,52.47118621393147,0.26587301587301587,61.416666666666664,2025,PPML-FE + Caged comum
2025,PITANGUEIRAS,Bercario,20,183.0,4,4,0,0,2024,0.038498951310003325,2085039,26.509823348492016,0.0967741935483871,17.70967741935484,2025,PPML-FE + Caged comum
2025,PITANGUEIRAS,Maternal I,27,89.0,4,0,4,0,2024,0.038498951310003325,2085039,19.75152979852414,0.15555555555555556,13.844444444444445,2025,PPML-FE + Caged comum
2025,PITANGUEIRAS,Maternal II,12,90.0,4,0,0,4,2024,0.038498951310003325,2085039,10.661464063603521,0.1875,16.875,2025,PPML-FE + Caged comum
2025,PORTUGUESA,Bercario,57,266.0,4,4,0,0,2024,0.038498951310003325,2085039,64.57589064174958,0.23529411764705882,62.588235294117645,2025,PPML-FE + Caged comum
2025,PORTUGUESA,Maternal I,37,154.0,4,0,4,0,2024,0.038498951310003325,2085039,57.27491806541644,0.225,34.65,2025,PPML-FE + Caged comum
2025,PORTUGUESA,Maternal II,19,160.0,4,0,0,4,2024,0.038498951310003325,2085039,31.76342639780204,0.10884353741496598,17.414965986394556,2025,PPML-FE + Caged comum
2025,PRACA BANDEIRA,Bercario,6,113.0,4,4,0,0,2024,0.038498951310003325,2085039,21.308716783078278,0.10655737704918032,12.040983606557376,2025,PPML-FE + Caged comum
2025,PRACA BANDEIRA,Maternal I,17,60.0,4,0,4,0,2024,0.038498951310003325,2085039,17.3334531790118,0.3,18.0,2025,PPML-FE + Caged comum
2025,PRACA BANDEIRA,Maternal II,6,70.0,4,0,0,4,2024,0.038498951310003325,2085039,10.794324944271573,0.16216216216216217,11.351351351351353,2025,PPML-FE + Caged comum
2025,PRACA SECA,Bercario,295,1127.0,4,4,0,0,2024,0.038498951310003325,2085039,296.59493899130774,0.24595744680851064,277.1940425531915,2025,PPML-FE + Caged comum
2025,PRACA SECA,Maternal I,223,568.0,4,0,4,0,2024,0.038498951310003325,2085039,229.00403963735445,0.35276532137518685,200.37070254110614,2025,PPML-FE + Caged comum
2025,PRACA SECA,Maternal II,118,669.0,4,0,0,4,2024,0.038498951310003325,2085039,143.97415281914905,0.23493975903614459,157.17469879518072,2025,PPML-FE + Caged comum
2025,PRAIA BANDEIRA,Bercario,7,78.0,4,4,0,0,2024,0.038498951310003325,2085039,13.849815232486554,0.05357142857142857,4.178571428571428,2025,PPML-FE + Caged comum
2025,PRAIA BANDEIRA,Maternal I,6,16.0,4,0,4,0,2024,0.038498951310003325,2085039,4.352355358951734,0.125,2.0,2025,PPML-FE + Caged comum
2025,PRAIA BANDEIRA,Maternal II,0,40.0,4,0,0,4,2024,0.038498951310003325,2085039,5.808018113743694,0.030303030303030304,1.2121212121212122,2025,PPML-FE + Caged comum
2025,QUINTINO BOCAIUVA,Bercario,47,431.0,4,4,0,0,2024,0.038498951310003325,2085039,92.15913893050156,0.1471861471861472,63.43722943722944,2025,PPML-FE + Caged comum
2025,QUINTINO BOCAIUVA,Maternal I,110,243.0,4,0,4,0,2024,0.038498951310003325,2085039,79.60171038353788,0.5063829787234042,123.05106382978722,2025,PPML-FE + Caged comum
2025,QUINTINO BOCAIUVA,Maternal II,69,235.0,4,0,0,4,2024,0.038498951310003325,2085039,41.091083630241485,0.3296296296296296,77.46296296296296,2025,PPML-FE + Caged comum
2025,RAMOS,Bercario,413,886.0,4,4,0,0,2024,0.038498951310003325,2085039,279.4014764634542,0.358187134502924,317.35380116959067,2025,PPML-FE + Caged comum
2025,RAMOS,Maternal I,367,861.0,4,0,4,0,2024,0.038498951310003325,2085039,415.9614792221813,0.6651090342679128,572.6588785046729,2025,PPML-FE + Caged comum
2025,RAMOS,Maternal II,180,642.0,4,0,0,4,2024,0.038498951310003325,2085039,165.5573997916609,0.26303317535545023,168.86729857819904,2025,PPML-FE + Caged comum
2025,REALENGO,Bercario,683,3084.0,4,4,0,0,2024,0.038498951310003325,2085039,847.3152381748356,0.2513595166163142,775.1927492447131,2025,PPML-FE + Caged comum
2025,REALENGO,Maternal I,605,1690.0,4,0,4,0,2024,0.038498951310003325,2085039,711.331989188871,0.3532232285562067,596.9472562599893,2025,PPML-FE + Caged comum
2025,REALENGO,Maternal II,373,1877.0,4,0,0,4,2024,0.038498951310003325,2085039,421.7096256257417,0.22854240731335704,428.9740985271712,2025,PPML-FE + Caged comum
2025,RECREIO BANDEIRANTES,Bercario,194,2435.0,4,4,0,0,2024,0.038498951310003325,2085039,361.19190049328205,0.08985282726568551,218.79163439194423,2025,PPML-FE + Caged comum
2025,RECREIO BANDEIRANTES,Maternal I,213,1324.0,4,0,4,0,2024,0.038498951310003325,2085039,300.8721643254894,0.20072727272727273,265.7629090909091,2025,PPML-FE + Caged comum
2025,RECREIO BANDEIRANTES,Maternal II,104,1375.0,4,0,0,4,2024,0.038498951310003325,2085039,166.7862827633311,0.1288256227758007,177.13523131672596,2025,PPML-FE + Caged comum
2025,RIACHUELO,Bercario,34,140.0,4,4,0,0,2024,0.038498951310003325,2085039,25.204942211298075,0.34532374100719426,48.3453237410072,2025,PPML-FE + Caged comum
2025,RIACHUELO,Maternal I,14,63.0,4,0,4,0,2024,0.038498951310003325,2085039,17.376136015104134,0.19480519480519481,12.272727272727273,2025,PPML-FE + Caged comum
2025,RIACHUELO,Maternal II,7,77.0,4,0,0,4,2024,0.038498951310003325,2085039,11.336186689151063,0.19148936170212766,14.74468085106383,2025,PPML-FE + Caged comum
2025,RIBEIRA,Bercario,6,46.0,4,4,0,0,2024,0.038498951310003325,2085039,8.476937861360414,0.12195121951219512,5.609756097560975,2025,PPML-FE + Caged comum
2025,RIBEIRA,Maternal I,4,21.0,4,0,4,0,2024,0.038498951310003325,2085039,5.92864505773892,0.19047619047619047,4.0,2025,PPML-FE + Caged comum
2025,RIBEIRA,Maternal II,1,21.0,4,0,0,4,2024,0.038498951310003325,2085039,3.1646016968245023,0.1935483870967742,4.064516129032258,2025,PPML-FE + Caged comum
2025,RICARDO ALBUQUERQUE,Bercario,108,499.0,4,4,0,0,2024,0.038498951310003325,2085039,168.93068457201272,0.26666666666666666,133.06666666666666,2025,PPML-FE + Caged comum
2025,RICARDO ALBUQUERQUE,Maternal I,139,286.0,4,0,4,0,2024,0.038498951310003325,2085039,148.33000696718952,0.39228295819935693,112.19292604501608,2025,PPML-FE + Caged comum
2025,RICARDO ALBUQUERQUE,Maternal II,95,311.0,4,0,0,4,2024,0.038498951310003325,2085039,86.09679388873701,0.3225806451612903,100.32258064516128,2025,PPML-FE + Caged comum
2025,RIO COMPRIDO,Bercario,214,695.0,4,4,0,0,2024,0.038498951310003325,2085039,219.12560821492443,0.33873144399460187,235.4183535762483,2025,PPML-FE + Caged comum
2025,RIO COMPRIDO,Maternal I,117,398.0,4,0,4,0,2024,0.038498951310003325,2085039,192.2411649957996,0.3828125,152.359375,2025,PPML-FE + Caged comum
2025,RIO COMPRIDO,Maternal II,74,384.0,4,0,0,4,2024,0.038498951310003325,2085039,99.00523255556136,0.17548076923076922,67.38461538461539,2025,PPML-FE + Caged comum
2025,ROCHA,Bercario,91,292.0,4,4,0,0,2024,0.038498951310003325,2085039,86.71611823382743,0.31378299120234604,91.62463343108504,2025,PPML-FE + Caged comum
2025,ROCHA,Maternal I,39,186.0,4,0,4,0,2024,0.038498951310003325,2085039,84.62231639333821,0.30128205128205127,56.03846153846153,2025,PPML-FE + Caged comum
2025,ROCHA,Maternal II,20,156.0,4,0,0,4,2024,0.038498951310003325,2085039,37.88437873446266,0.18354430379746836,28.632911392405063,2025,PPML-FE + Caged comum
2025,ROCHA MIRANDA,Bercario,169,724.0,4,4,0,0,2024,0.038498951310003325,2085039,184.94196739092985,0.26323119777158777,190.57938718662953,2025,PPML-FE + Caged comum
2025,ROCHA MIRANDA,Maternal I,122,360.0,4,0,4,0,2024,0.038498951310003325,2085039,140.88163899002427,0.2972972972972973,107.02702702702703,2025,PPML-FE + Caged comum
2025,ROCHA MIRANDA,Maternal II,102,444.0,4,0,0,4,2024,0.038498951310003325,2085039,92.74670108666949,0.18009478672985782,79.96208530805687,2025,PPML-FE + Caged comum
2025,ROCINHA,Bercario,310,1341.0,4,4,0,0,2024,0.038498951310003325,2085039,179.7269048814949,0.20330459770114942,272.6314655172414,2025,PPML-FE + Caged comum
2025,ROCINHA,Maternal I,266,735.0,4,0,4,0,2024,0.038498951310003325,2085039,150.9129970862599,0.3235294117647059,237.79411764705884,2025,PPML-FE + Caged comum
2025,ROCINHA,Maternal II,146,714.0,4,0,0,4,2024,0.038498951310003325,2085039,78.25302287468526,0.15847665847665848,113.15233415233416,2025,PPML-FE + Caged comum
2025,SAMPAIO,Bercario,91,220.0,4,4,0,0,2024,0.038498951310003325,2085039,68.34034304806333,0.46530612244897956,102.3673469387755,2025,PPML-FE + Caged comum
2025,SAMPAIO,Maternal I,38,128.0,4,0,4,0,2024,0.038498951310003325,2085039,60.914324278064235,0.33884297520661155,43.37190082644628,2025,PPML-FE + Caged comum
2025,SAMPAIO,Maternal II,17,121.0,4,0,0,4,2024,0.038498951310003325,2085039,30.73678490110587,0.208,25.168,2025,PPML-FE + Caged comum
2025,SANTA CRUZ,Bercario,1895,6041.0,4,4,0,0,2024,0.038498951310003325,2085039,1626.332734448474,0.3319488817891374,2005.303194888179,2025,PPML-FE + Caged comum
2025,SANTA CRUZ,Maternal I,1417,3151.0,4,0,4,0,2024,0.038498951310003325,2085039,1299.582811136245,0.4641399416909621,1462.5049562682216,2025,PPML-FE + Caged comum
2025,SANTA CRUZ,Maternal II,693,3430.0,4,0,0,4,2024,0.038498951310003325,2085039,755.1153204082239,0.2217741935483871,760.6854838709677,2025,PPML-FE + Caged comum
2025,SANTA TERESA,Bercario,182,607.0,4,4,0,0,2024,0.038498951310003325,2085039,189.30438130813235,0.2887218045112782,175.25413533834586,2025,PPML-FE + Caged comum
2025,SANTA TERESA,Maternal I,124,352.0,4,0,4,0,2024,0.038498951310003325,2085039,168.1781711834886,0.329700272479564,116.05449591280653,2025,PPML-FE + Caged comum
2025,SANTA TERESA,Maternal II,54,367.0,4,0,0,4,2024,0.038498951310003325,2085039,93.59585858804077,0.15721649484536082,57.69845360824742,2025,PPML-FE + Caged comum
2025,SANTISSIMO,Bercario,278,1004.0,4,4,0,0,2024,0.038498951310003325,2085039,355.65842155708197,0.28034682080924855,281.46820809248555,2025,PPML-FE + Caged comum
2025,SANTISSIMO,Maternal I,264,517.0,4,0,4,0,2024,0.038498951310003325,2085039,280.5723790220667,0.40634441087613293,210.0800604229607,2025,PPML-FE + Caged comum
2025,SANTISSIMO,Maternal II,132,662.0,4,0,0,4,2024,0.038498951310003325,2085039,191.76792420831634,0.3333333333333333,220.66666666666666,2025,PPML-FE + Caged comum
2025,SANTO CRISTO,Bercario,82,253.0,4,4,0,0,2024,0.038498951310003325,2085039,72.11945938401306,0.3321678321678322,84.03846153846155,2025,PPML-FE + Caged comum
2025,SANTO CRISTO,Maternal I,57,151.0,4,0,4,0,2024,0.038498951310003325,2085039,65.94226742545094,0.3333333333333333,50.33333333333333,2025,PPML-FE + Caged comum
2025,SANTO CRISTO,Maternal II,25,174.0,4,0,0,4,2024,0.038498951310003325,2085039,40.56017158418241,0.19653179190751446,34.19653179190752,2025,PPML-FE + Caged comum
2025,SAO CONRADO,Bercario,17,127.0,4,4,0,0,2024,0.038498951310003325,2085039,17.104351325653262,0.1,12.700000000000001,2025,PPML-FE + Caged comum
2025,SAO CONRADO,Maternal I,1,84.0,4,0,4,0,2024,0.038498951310003325,2085039,17.33154029290826,0.09210526315789473,7.7368421052631575,2025,PPML-FE + Caged comum
2025,SAO CONRADO,Maternal II,1,76.0,4,0,0,4,2024,0.038498951310003325,2085039,8.370185321169146,0.038461538461538464,2.9230769230769234,2025,PPML-FE + Caged comum
2025,SAO CRISTOVAO,Bercario,250,570.0,4,4,0,0,2024,0.038498951310003325,2085039,192.3714112439644,0.3514246947082768,200.3120759837178,2025,PPML-FE + Caged comum
2025,SAO CRISTOVAO,Maternal I,162,430.0,4,0,4,0,2024,0.038498951310003325,2085039,222.32541851995097,0.4068181818181818,174.9318181818182,2025,PPML-FE + Caged comum
2025,SAO CRISTOVAO,Maternal II,79,440.0,4,0,0,4,2024,0.038498951310003325,2085039,121.43306188658386,0.15643564356435644,68.83168316831683,2025,PPML-FE + Caged comum
2025,SAO FRANCISCO XAVIER,Bercario,18,99.0,4,4,0,0,2024,0.038498951310003325,2085039,21.24840085514041,0.29357798165137616,29.064220183486242,2025,PPML-FE + Caged comum
2025,SAO FRANCISCO XAVIER,Maternal I,21,60.0,4,0,4,0,2024,0.038498951310003325,2085039,19.728646639981143,0.23636363636363636,14.181818181818182,2025,PPML-FE + Caged comum
2025,SAO FRANCISCO XAVIER,Maternal II,6,55.0,4,0,0,4,2024,0.038498951310003325,2085039,9.653223014054204,0.2,11.0,2025,PPML-FE + Caged comum
2025,SAUDE,Bercario,7,54.0,4,4,0,0,2024,0.038498951310003325,2085039,10.867625693438201,0.09615384615384616,5.1923076923076925,2025,PPML-FE + Caged comum
2025,SAUDE,Maternal I,5,19.0,4,0,4,0,2024,0.038498951310003325,2085039,5.858001797911608,0.25,4.75,2025,PPML-FE + Caged comum
2025,SAUDE,Maternal II,2,32.0,4,0,0,4,2024,0.038498951310003325,2085039,5.266347156116529,0.1891891891891892,6.054054054054054,2025,PPML-FE + Caged comum
2025,SENADOR CAMARA,Bercario,351,2042.0,4,4,0,0,2024,0.038498951310003325,2085039,637.074099672731,0.17668323542702213,360.7871667419792,2025,PPML-FE + Caged comum
2025,SENADOR CAMARA,Maternal I,424,1143.0,4,0,4,0,2024,0.038498951310003325,2085039,546.3053195693471,0.39567747298420614,452.2593516209476,2025,PPML-FE + Caged comum
2025,SENADOR CAMARA,Maternal II,308,1203.0,4,0,0,4,2024,0.038498951310003325,2085039,306.91522487923106,0.27522935779816515,331.10091743119267,2025,PPML-FE + Caged comum
2025,SENADOR VASCONCELOS,Bercario,131,570.0,4,4,0,0,2024,0.038498951310003325,2085039,215.04076585122797,0.24956369982547993,142.25130890052355,2025,PPML-FE + Caged comum
2025,SENADOR VASCONCELOS,Maternal I,156,306.0,4,0,4,0,2024,0.038498951310003325,2085039,176.8570418028213,0.5614035087719298,171.78947368421052,2025,PPML-FE + Caged comum
2025,SENADOR VASCONCELOS,Maternal II,73,342.0,4,0,0,4,2024,0.038498951310003325,2085039,105.50927586263735,0.41887905604719766,143.2566371681416,2025,PPML-FE + Caged comum
2025,SEPETIBA,Bercario,670,1467.0,4,4,0,0,2024,0.038498951310003325,2085039,422.1147337529842,0.46765498652291104,686.0498652291105,2025,PPML-FE + Caged comum
2025,SEPETIBA,Maternal I,320,714.0,4,0,4,0,2024,0.038498951310003325,2085039,314.74120040471394,0.417890520694259,298.3738317757009,2025,PPML-FE + Caged comum
2025,SEPETIBA,Maternal II,214,749.0,4,0,0,4,2024,0.038498951310003325,2085039,176.23850863093494,0.2710163111668758,202.99121706398998,2025,PPML-FE + Caged comum
2025,TANQUE,Bercario,219,805.0,4,4,0,0,2024,0.038498951310003325,2085039,258.3427907381724,0.28888888888888886,232.55555555555554,2025,PPML-FE + Caged comum
2025,TANQUE,Maternal I,208,381.0,4,0,4,0,2024,0.038498951310003325,2085039,187.31839572873278,0.5339366515837104,203.42986425339367,2025,PPML-FE + Caged comum
2025,TANQUE,Maternal II,90,442.0,4,0,0,4,2024,0.038498951310003325,2085039,115.99555030192533,0.28661087866108786,126.68200836820084,2025,PPML-FE + Caged comum
2025,TAQUARA,Bercario,443,2076.0,4,4,0,0,2024,0.038498951310003325,2085039,480.90910947682545,0.1864125932062966,386.99254349627176,2025,PPML-FE + Caged comum
2025,TAQUARA,Maternal I,364,1308.0,4,0,4,0,2024,0.038498951310003325,2085039,464.1927852116984,0.3338497288923315,436.6754453911696,2025,PPML-FE + Caged comum
2025,TAQUARA,Maternal II,209,1291.0,4,0,0,4,2024,0.038498951310003325,2085039,244.55722097364975,0.1974479516453996,254.9053055742109,2025,PPML-FE + Caged comum
2025,TAUA,Bercario,116,436.0,4,4,0,0,2024,0.038498951310003325,2085039,120.18788091311743,0.29069767441860467,126.74418604651163,2025,PPML-FE + Caged comum
2025,TAUA,Maternal I,74,204.0,4,0,4,0,2024,0.038498951310003325,2085039,86.15080577335775,0.3015267175572519,61.51145038167939,2025,PPML-FE + Caged comum
2025,TAUA,Maternal II,37,262.0,4,0,0,4,2024,0.038498951310003325,2085039,59.06008585471685,0.16666666666666666,43.666666666666664,2025,PPML-FE + Caged comum
2025,TIJUCA,Bercario,290,1952.0,4,4,0,0,2024,0.038498951310003325,2085039,298.3377064092933,0.18366360560657322,358.5113581440309,2025,PPML-FE + Caged comum
2025,TIJUCA,Maternal I,152,1027.0,4,0,4,0,2024,0.038498951310003325,2085039,240.46604720605353,0.17935871743486975,184.20140280561122,2025,PPML-FE + Caged comum
2025,TIJUCA,Maternal II,57,998.0,4,0,0,4,2024,0.038498951310003325,2085039,124.73188006651955,0.06350626118067978,63.379248658318424,2025,PPML-FE + Caged comum
2025,TODOS OS SANTOS,Bercario,15,269.0,4,4,0,0,2024,0.038498951310003325,2085039,36.44743486896183,0.09929078014184398,26.70921985815603,2025,PPML-FE + Caged comum
2025,TODOS OS SANTOS,Maternal I,20,140.0,4,0,4,0,2024,0.038498951310003325,2085039,29.060140644620454,0.273972602739726,38.35616438356164,2025,PPML-FE + Caged comum
2025,TODOS OS SANTOS,Maternal II,11,146.0,4,0,0,4,2024,0.038498951310003325,2085039,16.17655870866976,0.11805555555555555,17.23611111111111,2025,PPML-FE + Caged comum
2025,TOMAS COELHO,Bercario,101,437.0,4,4,0,0,2024,0.038498951310003325,2085039,136.2856024021762,0.2391304347826087,104.5,2025,PPML-FE + Caged comum
2025,TOMAS COELHO,Maternal I,80,230.0,4,0,4,0,2024,0.038498951310003325,2085039,109.88827723766333,0.33984375,78.1640625,2025,PPML-FE + Caged comum
2025,TOMAS COELHO,Maternal II,39,256.0,4,0,0,4,2024,0.038498951310003325,2085039,65.28705826541659,0.25390625,65.0,2025,PPML-FE + Caged comum
2025,TURIACU,Bercario,59,269.0,4,4,0,0,2024,0.038498951310003325,2085039,78.06837136036046,0.23809523809523808,64.04761904761905,2025,PPML-FE + Caged comum
2025,TURIACU,Maternal I,38,154.0,4,0,4,0,2024,0.038498951310003325,2085039,68.46971935785149,0.3972602739726027,61.17808219178082,2025,PPML-FE + Caged comum
2025,TURIACU,Maternal II,22,146.0,4,0,0,4,2024,0.038498951310003325,2085039,34.649285941287296,0.2046783625730994,29.88304093567251,2025,PPML-FE + Caged comum
2025,URCA,Bercario,4,80.0,4,4,0,0,2024,0.038498951310003325,2085039,12.862148252361795,0.06818181818181818,5.454545454545454,2025,PPML-FE + Caged comum
2025,URCA,Maternal I,6,50.0,4,0,4,0,2024,0.038498951310003325,2085039,12.315399826807436,0.23404255319148937,11.702127659574469,2025,PPML-FE + Caged comum
2025,URCA,Maternal II,2,47.0,4,0,0,4,2024,0.038498951310003325,2085039,6.179309896420023,0.05172413793103448,2.4310344827586206,2025,PPML-FE + Caged comum
2025,VARGEM GRANDE,Bercario,143,533.0,4,4,0,0,2024,0.038498951310003325,2085039,109.43510486188806,0.22053872053872053,117.54713804713805,2025,PPML-FE + Caged comum
2025,VARGEM GRANDE,Maternal I,88,302.0,4,0,4,0,2024,0.038498951310003325,2085039,94.99295111207265,0.4274193548387097,129.08064516129033,2025,PPML-FE + Caged comum
2025,VARGEM GRANDE,Maternal II,62,248.0,4,0,0,4,2024,0.038498951310003325,2085039,41.638945650269456,0.1792452830188679,44.45283018867924,2025,PPML-FE + Caged comum
2025,VARGEM PEQUENA,Bercario,123,746.0,4,4,0,0,2024,0.038498951310003325,2085039,137.21411003570486,0.1461836998706339,109.05304010349289,2025,PPML-FE + Caged comum
2025,VARGEM PEQUENA,Maternal I,85,365.0,4,0,4,0,2024,0.038498951310003325,2085039,102.85082928500995,0.289002557544757,105.4859335038363,2025,PPML-FE + Caged comum
2025,VARGEM PEQUENA,Maternal II,66,391.0,4,0,0,4,2024,0.038498951310003325,2085039,58.81055758381359,0.18779342723004694,73.42723004694835,2025,PPML-FE + Caged comum
2025,VASCO GAMA,Bercario,16,193.0,4,4,0,0,2024,0.038498951310003325,2085039,36.31730625014807,0.11538461538461539,22.26923076923077,2025,PPML-FE + Caged comum
2025,VASCO GAMA,Maternal I,12,19.0,4,0,4,0,2024,0.038498951310003325,2085039,5.477279559963391,0.0975609756097561,1.853658536585366,2025,PPML-FE + Caged comum
2025,VASCO GAMA,Maternal II,7,82.0,4,0,0,4,2024,0.038498951310003325,2085039,12.617948937492473,0.0967741935483871,7.935483870967742,2025,PPML-FE + Caged comum
2025,VAZ LOBO,Bercario,69,288.0,4,4,0,0,2024,0.038498951310003325,2085039,86.55246502056877,0.29354838709677417,84.54193548387096,2025,PPML-FE + Caged comum
2025,VAZ LOBO,Maternal I,53,155.0,4,0,4,0,2024,0.038498951310003325,2085039,71.3630887791205,0.30687830687830686,47.56613756613756,2025,PPML-FE + Caged comum
2025,VAZ LOBO,Maternal II,35,189.0,4,0,0,4,2024,0.038498951310003325,2085039,46.448035610017705,0.16161616161616163,30.545454545454547,2025,PPML-FE + Caged comum
2025,VICENTE CARVALHO,Bercario,86,374.0,4,4,0,0,2024,0.038498951310003325,2085039,105.2276798303933,0.20135746606334842,75.3076923076923,2025,PPML-FE + Caged comum
2025,VICENTE CARVALHO,Maternal I,73,235.0,4,0,4,0,2024,0.038498951310003325,2085039,101.2934218259588,0.35585585585585583,83.62612612612612,2025,PPML-FE + Caged comum
2025,VICENTE CARVALHO,Maternal II,33,222.0,4,0,0,4,2024,0.038498951310003325,2085039,51.077538624827504,0.200836820083682,44.58577405857741,2025,PPML-FE + Caged comum
2025,VIDIGAL,Bercario,117,325.0,4,4,0,0,2024,0.038498951310003325,2085039,105.2254305580106,0.3473053892215569,112.874251497006,2025,PPML-FE + Caged comum
2025,VIDIGAL,Maternal I,64,152.0,4,0,4,0,2024,0.038498951310003325,2085039,75.39385084137731,0.40236686390532544,61.15976331360947,2025,PPML-FE + Caged comum
2025,VIDIGAL,Maternal II,23,169.0,4,0,0,4,2024,0.038498951310003325,2085039,44.744808013590216,0.28160919540229884,47.5919540229885,2025,PPML-FE + Caged comum
2025,VIGARIO GERAL,Bercario,165,781.0,4,4,0,0,2024,0.038498951310003325,2085039,197.31878269491995,0.20630749014454666,161.12614980289095,2025,PPML-FE + Caged comum
2025,VIGARIO GERAL,Maternal I,170,371.0,4,0,4,0,2024,0.038498951310003325,2085039,143.5973055462855,0.4431279620853081,164.4004739336493,2025,PPML-FE + Caged comum
2025,VIGARIO GERAL,Maternal II,67,422.0,4,0,0,4,2024,0.038498951310003325,2085039,87.18633834378323,0.20797720797720798,87.76638176638177,2025,PPML-FE + Caged comum
2025,VILA ISABEL,Bercario,182,879.0,4,4,0,0,2024,0.038498951310003325,2085039,159.518076798802,0.23322683706070288,205.00638977635782,2025,PPML-FE + Caged comum
2025,VILA ISABEL,Maternal I,84,479.0,4,0,4,0,2024,0.038498951310003325,2085039,133.17157342452083,0.1651031894934334,79.0844277673546,2025,PPML-FE + Caged comum
2025,VILA ISABEL,Maternal II,46,533.0,4,0,0,4,2024,0.038498951310003325,2085039,79.09824230623829,0.11557788944723618,61.60301507537689,2025,PPML-FE + Caged comum
2025,VILA KENNEDY,Bercario,1,506.0,4,4,0,0,2024,0.038498951310003325,2085039,35.26706354500734,0.0,0.0,2025,PPML-FE + Caged comum
2025,VILA KENNEDY,Maternal I,2,44.0,4,0,4,0,2024,0.038498951310003325,2085039,4.698145337871363,0.0,0.0,2025,PPML-FE + Caged comum
2025,VILA KENNEDY,Maternal II,0,101.0,4,0,0,4,2024,0.038498951310003325,2085039,5.756503210258574,0.008583690987124463,0.8669527896995708,2025,PPML-FE + Caged comum
2025,VILA KOSMOS,Bercario,34,203.0,4,4,0,0,2024,0.038498951310003325,2085039,59.78746373578107,0.20179372197309417,40.964125560538115,2025,PPML-FE + Caged comum
2025,VILA KOSMOS,Maternal I,41,108.0,4,0,4,0,2024,0.038498951310003325,2085039,48.72959878770666,0.5528455284552846,59.707317073170735,2025,PPML-FE + Caged comum
2025,VILA KOSMOS,Maternal II,18,123.0,4,0,0,4,2024,0.038498951310003325,2085039,29.62359747463214,0.11904761904761904,14.642857142857142,2025,PPML-FE + Caged comum
2025,VILA MILITAR,Bercario,6,268.0,4,4,0,0,2024,0.038498951310003325,2085039,33.9799468974552,0.04979253112033195,13.344398340248961,2025,PPML-FE + Caged comum
2025,VILA MILITAR,Maternal I,11,90.0,4,0,4,0,2024,0.038498951310003325,2085039,17.481769869445866,0.06622516556291391,5.960264900662252,2025,PPML-FE + Caged comum
2025,VILA MILITAR,Maternal II,17,151.0,4,0,0,4,2024,0.038498951310003325,2085039,15.6560948226543,0.02666666666666667,4.026666666666667,2025,PPML-FE + Caged comum
2025,VILA PENHA,Bercario,58,262.0,4,4,0,0,2024,0.038498951310003325,2085039,41.351691469754606,0.21016949152542372,55.06440677966101,2025,PPML-FE + Caged comum
2025,VILA PENHA,Maternal I,52,161.0,4,0,4,0,2024,0.038498951310003325,2085039,38.92896444876193,0.2857142857142857,46.0,2025,PPML-FE + Caged comum
2025,VILA PENHA,Maternal II,16,182.0,4,0,0,4,2024,0.038498951310003325,2085039,23.489943350645078,0.07468879668049792,13.593360995850622,2025,PPML-FE + Caged comum
2025,VILA VALQUEIRE,Bercario,86,572.0,4,4,0,0,2024,0.038498951310003325,2085039,107.85374474840336,0.13242784380305603,75.74872665534805,2025,PPML-FE + Caged comum
2025,VILA VALQUEIRE,Maternal I,101,304.0,4,0,4,0,2024,0.038498951310003325,2085039,87.81481103262715,0.2803030303030303,85.2121212121212,2025,PPML-FE + Caged comum
2025,VILA VALQUEIRE,Maternal II,43,264.0,4,0,0,4,2024,0.038498951310003325,2085039,40.70630859378011,0.14950166112956811,39.46843853820598,2025,PPML-FE + Caged comum
2025,VISTA ALEGRE,Bercario,34,125.0,4,4,0,0,2024,0.038498951310003325,2085039,28.405568199113652,0.25384615384615383,31.73076923076923,2025,PPML-FE + Caged comum
2025,VISTA ALEGRE,Maternal I,18,55.0,4,0,4,0,2024,0.038498951310003325,2085039,19.147458858539302,0.39655172413793105,21.810344827586206,2025,PPML-FE + Caged comum
2025,VISTA ALEGRE,Maternal II,13,58.0,4,0,0,4,2024,0.038498951310003325,2085039,10.778046560546217,0.21428571428571427,12.428571428571427,2025,PPML-FE + Caged comum
2025,ZUMBI,Bercario,7,35.0,4,4,0,0,2024,0.038498951310003325,2085039,6.540888063424076,0.07142857142857142,2.5,2025,PPML-FE + Caged comum
2025,ZUMBI,Maternal I,3,25.0,4,0,4,0,2024,0.038498951310003325,2085039,7.157538107094813,0.13043478260869565,3.260869565217391,2025,PPML-FE + Caged comum
2025,ZUMBI,Maternal II,2,23.0,4,0,0,4,2024,0.038498951310003325,2085039,3.514917229273618,0.125,2.875,2025,PPML-FE + Caged comum
2025,ABOLICAO,Bercario,18,146.0,4,4,0,0,2024,0.038498951310003325,2085039,27.389817324085737,0.2012987012987013,29.38961038961039,2025,PPML-FE + Caged x grupo
2025,ABOLICAO,Maternal I,39,78.0,4,0,4,0,2024,0.038498951310003325,2085039,21.63981786468599,0.2391304347826087,18.65217391304348,2025,PPML-FE + Caged x grupo
2025,ABOLICAO,Maternal II,13,92.0,4,0,0,4,2024,0.038498951310003325,2085039,13.115745926308737,0.1375,12.65,2025,PPML-FE + Caged x grupo
2025,ACARI,Bercario,207,794.0,4,4,0,0,2024,0.038498951310003325,2085039,317.313398175992,0.28588807785888076,226.99513381995132,2025,PPML-FE + Caged x grupo
2025,ACARI,Maternal I,239,407.0,4,0,4,0,2024,0.038498951310003325,2085039,240.53874201082346,0.6934673366834171,282.24120603015075,2025,PPML-FE + Caged x grupo
2025,ACARI,Maternal II,79,398.0,4,0,0,4,2024,0.038498951310003325,2085039,120.87037443200607,0.2678132678132678,106.58968058968058,2025,PPML-FE + Caged x grupo
2025,AGUA SANTA,Bercario,10,110.0,4,4,0,0,2024,0.038498951310003325,2085039,25.20277386262296,0.14634146341463414,16.097560975609756,2025,PPML-FE + Caged x grupo
2025,AGUA SANTA,Maternal I,19,69.0,4,0,4,0,2024,0.038498951310003325,2085039,23.37908267276912,0.5166666666666667,35.650000000000006,2025,PPML-FE + Caged x grupo
2025,AGUA SANTA,Maternal II,6,60.0,4,0,0,4,2024,0.038498951310003325,2085039,10.446619958722877,0.14492753623188406,8.695652173913043,2025,PPML-FE + Caged x grupo
2025,ALTO BOA VISTA,Bercario,43,154.0,4,4,0,0,2024,0.038498951310003325,2085039,43.73858840971694,0.3727810650887574,57.40828402366864,2025,PPML-FE + Caged x grupo
2025,ALTO BOA VISTA,Maternal I,32,70.0,4,0,4,0,2024,0.038498951310003325,2085039,29.40118267596772,0.28431372549019607,19.901960784313726,2025,PPML-FE + Caged x grupo
2025,ALTO BOA VISTA,Maternal II,9,102.0,4,0,0,4,2024,0.038498951310003325,2085039,22.014716722806483,0.16304347826086957,16.630434782608695,2025,PPML-FE + Caged x grupo
2025,ANCHIETA,Bercario,255,1192.0,4,4,0,0,2024,0.038498951310003325,2085039,344.0681373800934,0.20187454938716654,240.6344628695025,2025,PPML-FE + Caged x grupo
2025,ANCHIETA,Maternal I,344,746.0,4,0,4,0,2024,0.038498951310003325,2085039,318.44156304739926,0.547550432276657,408.47262247838614,2025,PPML-FE + Caged x grupo
2025,ANCHIETA,Maternal II,181,694.0,4,0,0,4,2024,0.038498951310003325,2085039,152.22870722417898,0.24939467312348668,173.07990314769975,2025,PPML-FE + Caged x grupo
2025,ANDARAI,Bercario,89,459.0,4,4,0,0,2024,0.038498951310003325,2085039,91.71422657285473,0.22529644268774704,103.41106719367589,2025,PPML-FE + Caged x grupo
2025,ANDARAI,Maternal I,52,269.0,4,0,4,0,2024,0.038498951310003325,2085039,79.4875334865739,0.23430962343096234,63.02928870292887,2025,PPML-FE + Caged x grupo
2025,ANDARAI,Maternal II,20,239.0,4,0,0,4,2024,0.038498951310003325,2085039,36.29032112426659,0.060810810810810814,14.533783783783784,2025,PPML-FE + Caged x grupo
2025,ANIL,Bercario,284,720.0,4,4,0,0,2024,0.038498951310003325,2085039,661.1036603724904,0.43300248138957814,311.76178660049624,2025,PPML-FE + Caged x grupo
2025,ANIL,Maternal I,380,439.0,4,0,4,0,2024,0.038498951310003325,2085039,596.107113004082,1.1007751937984496,483.2403100775194,2025,PPML-FE + Caged x grupo
2025,ANIL,Maternal II,406,387.0,4,0,0,4,2024,0.038498951310003325,2085039,270.0330477266266,0.9594594594594594,371.3108108108108,2025,PPML-FE + Caged x grupo
2025,BANCARIOS,Bercario,79,250.0,4,4,0,0,2024,0.038498951310003325,2085039,71.1560109912137,0.3074433656957929,76.86084142394822,2025,PPML-FE + Caged x grupo
2025,BANCARIOS,Maternal I,40,186.0,4,0,4,0,2024,0.038498951310003325,2085039,78.29017206622908,0.38848920863309355,72.2589928057554,2025,PPML-FE + Caged x grupo
2025,BANCARIOS,Maternal II,34,139.0,4,0,0,4,2024,0.038498951310003325,2085039,30.064589118501168,0.0880503144654088,12.238993710691823,2025,PPML-FE + Caged x grupo
2025,BANGU,Bercario,1020,4064.0,4,4,0,0,2024,0.038498951310003325,2085039,1391.5456027055156,0.24396607958251793,991.4781474233529,2025,PPML-FE + Caged x grupo
2025,BANGU,Maternal I,845,2461.0,4,0,4,0,2024,0.038498951310003325,2085039,1246.1722503392457,0.3760217983651226,925.3896457765668,2025,PPML-FE + Caged x grupo
2025,BANGU,Maternal II,534,2569.0,4,0,0,4,2024,0.038498951310003325,2085039,668.4620185370838,0.23878923766816143,613.4495515695068,2025,PPML-FE + Caged x grupo
2025,BARRA GUARATIBA,Bercario,20,113.0,4,4,0,0,2024,0.038498951310003325,2085039,19.677631023902,0.109375,12.359375,2025,PPML-FE + Caged x grupo
2025,BARRA GUARATIBA,Maternal I,13,57.0,4,0,4,0,2024,0.038498951310003325,2085039,14.678846990818364,0.3380281690140845,19.267605633802816,2025,PPML-FE + Caged x grupo
2025,BARRA GUARATIBA,Maternal II,15,71.0,4,0,0,4,2024,0.038498951310003325,2085039,9.395536971549083,0.3291139240506329,23.367088607594937,2025,PPML-FE + Caged x grupo
2025,BARRA OLIMPICA,Bercario,68,522.0,4,4,0,0,2024,0.038498951310003325,2085039,122.90866429792771,0.17202228755915455,89.79563410587868,2025,PPML-FE + Caged x grupo
2025,BARRA TIJUCA,Bercario,41,2331.0,4,4,0,0,2024,0.038498951310003325,2085039,127.62612975914128,0.024390243902439025,56.85365853658537,2025,PPML-FE + Caged x grupo
2025,BARRA TIJUCA,Maternal I,96,1210.0,4,0,4,0,2024,0.038498951310003325,2085039,97.97277625093618,0.0802675585284281,97.123745819398,2025,PPML-FE + Caged x grupo
2025,BARRA TIJUCA,Maternal II,24,1196.0,4,0,0,4,2024,0.038498951310003325,2085039,49.76195033304679,0.028478437754271765,34.06021155410903,2025,PPML-FE + Caged x grupo
2025,BARROS FILHO,Bercario,102,417.0,4,4,0,0,2024,0.038498951310003325,2085039,129.94846266719688,0.28117359413202936,117.24938875305624,2025,PPML-FE + Caged x grupo
2025,BARROS FILHO,Maternal I,57,187.0,4,0,4,0,2024,0.038498951310003325,2085039,86.17859633240965,0.2767857142857143,51.75892857142858,2025,PPML-FE + Caged x grupo
2025,BARROS FILHO,Maternal II,45,224.0,4,0,0,4,2024,0.038498951310003325,2085039,53.04592136445196,0.22924901185770752,51.351778656126484,2025,PPML-FE + Caged x grupo
2025,BENFICA,Bercario,224,716.0,4,4,0,0,2024,0.038498951310003325,2085039,363.9088880339689,0.5,358.0,2025,PPML-FE + Caged x grupo
2025,BENFICA,Maternal I,149,320.0,4,0,4,0,2024,0.038498951310003325,2085039,240.5206325468593,0.6256684491978609,200.21390374331548,2025,PPML-FE + Caged x grupo
2025,BENFICA,Maternal II,99,374.0,4,0,0,4,2024,0.038498951310003325,2085039,144.450859567902,0.36619718309859156,136.95774647887325,2025,PPML-FE + Caged x grupo
2025,BENTO RIBEIRO,Bercario,103,608.0,4,4,0,0,2024,0.038498951310003325,2085039,146.8877667599358,0.16129032258064516,98.06451612903226,2025,PPML-FE + Caged x grupo
2025,BENTO RIBEIRO,Maternal I,114,301.0,4,0,4,0,2024,0.038498951310003325,2085039,107.5403047350091,0.3485714285714286,104.92,2025,PPML-FE + Caged x grupo
2025,BENTO RIBEIRO,Maternal II,64,350.0,4,0,0,4,2024,0.038498951310003325,2085039,64.25678328481682,0.21014492753623187,73.55072463768116,2025,PPML-FE + Caged x grupo
2025,BONSUCESSO,Bercario,382,674.0,4,4,0,0,2024,0.038498951310003325,2085039,213.50926910340291,0.3854258121158911,259.7769973661106,2025,PPML-FE + Caged x grupo
2025,BONSUCESSO,Maternal I,255,742.0,4,0,4,0,2024,0.038498951310003325,2085039,347.60295605069916,0.6198630136986302,459.9383561643836,2025,PPML-FE + Caged x grupo
2025,BONSUCESSO,Maternal II,153,584.0,4,0,0,4,2024,0.038498951310003325,2085039,140.58486629741472,0.2600502512562814,151.86934673366832,2025,PPML-FE + Caged x grupo
2025,BOTAFOGO,Bercario,114,1069.0,4,4,0,0,2024,0.038498951310003325,2085039,99.62537753412322,0.10228310502283106,109.3406392694064,2025,PPML-FE + Caged x grupo
2025,BOTAFOGO,Maternal I,79,567.0,4,0,4,0,2024,0.038498951310003325,2085039,78.1444344359529,0.1243432574430823,70.50262697022767,2025,PPML-FE + Caged x grupo
2025,BOTAFOGO,Maternal II,28,571.0,4,0,0,4,2024,0.038498951310003325,2085039,40.43870794221305,0.059931506849315065,34.2208904109589,2025,PPML-FE + Caged x grupo
2025,BRAS PINA,Bercario,171,748.0,4,4,0,0,2024,0.038498951310003325,2085039,137.90714750959535,0.2379182156133829,177.9628252788104,2025,PPML-FE + Caged x grupo
2025,BRAS PINA,Maternal I,191,417.0,4,0,4,0,2024,0.038498951310003325,2085039,113.69567677311369,0.3805309734513274,158.68141592920352,2025,PPML-FE + Caged x grupo
2025,BRAS PINA,Maternal II,71,452.0,4,0,0,4,2024,0.038498951310003325,2085039,63.327522848188195,0.15904139433551198,71.88671023965142,2025,PPML-FE + Caged x grupo
2025,CACHAMBI,Bercario,77,567.0,4,4,0,0,2024,0.038498951310003325,2085039,74.94513891386177,0.16166666666666665,91.66499999999999,2025,PPML-FE + Caged x grupo
2025,CACHAMBI,Maternal I,57,306.0,4,0,4,0,2024,0.038498951310003325,2085039,59.81423532213181,0.2310126582278481,70.68987341772153,2025,PPML-FE + Caged x grupo
2025,CACHAMBI,Maternal II,17,316.0,4,0,0,4,2024,0.038498951310003325,2085039,31.74069123638226,0.1,31.6,2025,PPML-FE + Caged x grupo
2025,CACUIA,Bercario,32,173.0,4,4,0,0,2024,0.038498951310003325,2085039,35.532729002319286,0.17318435754189945,29.960893854748605,2025,PPML-FE + Caged x grupo
2025,CACUIA,Maternal I,25,89.0,4,0,4,0,2024,0.038498951310003325,2085039,27.033058589655127,0.3132530120481928,27.87951807228916,2025,PPML-FE + Caged x grupo
2025,CACUIA,Maternal II,28,83.0,4,0,0,4,2024,0.038498951310003325,2085039,12.954762059322638,0.2336448598130841,19.39252336448598,2025,PPML-FE + Caged x grupo
2025,CAJU,Bercario,174,627.0,4,4,0,0,2024,0.038498951310003325,2085039,227.46499130578866,0.26666666666666666,167.2,2025,PPML-FE + Caged x grupo
2025,CAJU,Maternal I,137,331.0,4,0,4,0,2024,0.038498951310003325,2085039,177.5815065706694,0.4362017804154303,144.38278931750742,2025,PPML-FE + Caged x grupo
2025,CAJU,Maternal II,54,337.0,4,0,0,4,2024,0.038498951310003325,2085039,92.90643860558444,0.10662824207492795,35.93371757925072,2025,PPML-FE + Caged x grupo
2025,CAMORIM,Bercario,70,103.0,4,4,0,0,2024,0.038498951310003325,2085039,74.85873233927484,0.5960591133004927,61.39408866995075,2025,PPML-FE + Caged x grupo
2025,CAMORIM,Maternal I,43,123.0,4,0,4,0,2024,0.038498951310003325,2085039,132.20049269027652,0.9411764705882353,115.76470588235294,2025,PPML-FE + Caged x grupo
2025,CAMORIM,Maternal II,22,85.0,4,0,0,4,2024,0.038498951310003325,2085039,46.94540145147615,0.651685393258427,55.3932584269663,2025,PPML-FE + Caged x grupo
2025,CAMPINHO,Bercario,43,194.0,4,4,0,0,2024,0.038498951310003325,2085039,41.790961439007624,0.21739130434782608,42.17391304347826,2025,PPML-FE + Caged x grupo
2025,CAMPINHO,Maternal I,47,100.0,4,0,4,0,2024,0.038498951310003325,2085039,31.85688818245201,0.23893805309734514,23.893805309734514,2025,PPML-FE + Caged x grupo
2025,CAMPINHO,Maternal II,17,113.0,4,0,0,4,2024,0.038498951310003325,2085039,18.498135822251648,0.25,28.25,2025,PPML-FE + Caged x grupo
2025,CAMPO AFONSOS,Bercario,3,73.0,4,4,0,0,2024,0.038498951310003325,2085039,13.455932574359261,0.041666666666666664,3.0416666666666665,2025,PPML-FE + Caged x grupo
2025,CAMPO AFONSOS,Maternal I,1,31.0,4,0,4,0,2024,0.038498951310003325,2085039,8.450362790836746,0.1724137931034483,5.344827586206897,2025,PPML-FE + Caged x grupo
2025,CAMPO AFONSOS,Maternal II,3,29.0,4,0,0,4,2024,0.038498951310003325,2085039,4.062167505854077,0.16666666666666666,4.833333333333333,2025,PPML-FE + Caged x grupo
2025,CAMPO GRANDE,Bercario,1508,7095.0,4,4,0,0,2024,0.038498951310003325,2085039,2284.581339945831,0.23559657218193802,1671.5576796308503,2025,PPML-FE + Caged x grupo
2025,CAMPO GRANDE,Maternal I,1423,3900.0,4,0,4,0,2024,0.038498951310003325,2085039,1857.1267728496257,0.41684717208182914,1625.7039711191337,2025,PPML-FE + Caged x grupo
2025,CAMPO GRANDE,Maternal II,795,4155.0,4,0,0,4,2024,0.038498951310003325,2085039,1016.7030849634716,0.2565226923920193,1065.8517868888403,2025,PPML-FE + Caged x grupo
2025,CASCADURA,Bercario,114,547.0,4,4,0,0,2024,0.038498951310003325,2085039,174.95813816136945,0.21273031825795644,116.36348408710217,2025,PPML-FE + Caged x grupo
2025,CASCADURA,Maternal I,98,304.0,4,0,4,0,2024,0.038498951310003325,2085039,143.79478116733256,0.30952380952380953,94.0952380952381,2025,PPML-FE + Caged x grupo
2025,CASCADURA,Maternal II,66,294.0,4,0,0,4,2024,0.038498951310003325,2085039,71.4600046794871,0.303951367781155,89.36170212765957,2025,PPML-FE + Caged x grupo
2025,CATETE,Bercario,53,332.0,4,4,0,0,2024,0.038498951310003325,2085039,58.18273002746811,0.15743440233236153,52.268221574344025,2025,PPML-FE + Caged x grupo
2025,CATETE,Maternal I,34,174.0,4,0,4,0,2024,0.038498951310003325,2085039,45.09495711481005,0.225,39.15,2025,PPML-FE + Caged x grupo
2025,CATETE,Maternal II,22,160.0,4,0,0,4,2024,0.038498951310003325,2085039,21.308107635569993,0.08,12.8,2025,PPML-FE + Caged x grupo
2025,CATUMBI,Bercario,122,265.0,4,4,0,0,2024,0.038498951310003325,2085039,116.57045723167498,0.5018181818181818,132.9818181818182,2025,PPML-FE + Caged x grupo
2025,CATUMBI,Maternal I,50,148.0,4,0,4,0,2024,0.038498951310003325,2085039,96.27799996828304,0.39779005524861877,58.872928176795575,2025,PPML-FE + Caged x grupo
2025,CATUMBI,Maternal II,24,181.0,4,0,0,4,2024,0.038498951310003325,2085039,60.50483607361172,0.1871345029239766,33.87134502923976,2025,PPML-FE + Caged x grupo
2025,CAVALCANTE,Bercario,76,296.0,4,4,0,0,2024,0.038498951310003325,2085039,99.45779896967308,0.3258064516129032,96.43870967741935,2025,PPML-FE + Caged x grupo
2025,CAVALCANTE,Maternal I,69,157.0,4,0,4,0,2024,0.038498951310003325,2085039,78.01345351708552,0.44171779141104295,69.34969325153374,2025,PPML-FE + Caged x grupo
2025,CAVALCANTE,Maternal II,40,163.0,4,0,0,4,2024,0.038498951310003325,2085039,41.620148463617596,0.3177083333333333,51.78645833333333,2025,PPML-FE + Caged x grupo
2025,CENTRO,Bercario,123,375.0,4,4,0,0,2024,0.038498951310003325,2085039,143.04040384517157,0.3506787330316742,131.50452488687782,2025,PPML-FE + Caged x grupo
2025,CENTRO,Maternal I,99,243.0,4,0,4,0,2024,0.038498951310003325,2085039,137.07443105036458,0.41434262948207173,100.68525896414343,2025,PPML-FE + Caged x grupo
2025,CENTRO,Maternal II,48,251.0,4,0,0,4,2024,0.038498951310003325,2085039,72.75621021918245,0.3025830258302583,75.94833948339483,2025,PPML-FE + Caged x grupo
2025,CIDADE DEUS,Bercario,432,1044.0,4,4,0,0,2024,0.038498951310003325,2085039,441.1400245585032,0.38869565217391305,405.79826086956524,2025,PPML-FE + Caged x grupo
2025,CIDADE DEUS,Maternal I,421,591.0,4,0,4,0,2024,0.038498951310003325,2085039,369.3058300754187,0.6447166921898928,381.02756508422664,2025,PPML-FE + Caged x grupo
2025,CIDADE DEUS,Maternal II,91,653.0,4,0,0,4,2024,0.038498951310003325,2085039,209.6804951042533,0.2559055118110236,167.10629921259843,2025,PPML-FE + Caged x grupo
2025,CIDADE NOVA,Bercario,25,80.0,4,4,0,0,2024,0.038498951310003325,2085039,26.911882134805175,0.39080459770114945,31.264367816091955,2025,PPML-FE + Caged x grupo
2025,CIDADE NOVA,Maternal I,21,46.0,4,0,4,0,2024,0.038498951310003325,2085039,22.884142066162973,0.31666666666666665,14.566666666666666,2025,PPML-FE + Caged x grupo
2025,CIDADE NOVA,Maternal II,6,60.0,4,0,0,4,2024,0.038498951310003325,2085039,15.338193884211485,0.18867924528301888,11.320754716981133,2025,PPML-FE + Caged x grupo
2025,CIDADE UNIVERSITARIA,Bercario,6,24.0,4,4,0,0,2024,0.038498951310003325,2085039,4.992975852330474,0.21739130434782608,5.217391304347826,2025,PPML-FE + Caged x grupo
2025,CIDADE UNIVERSITARIA,Maternal I,1,10.0,4,0,4,0,2024,0.038498951310003325,2085039,3.0765993393051554,0.4,4.0,2025,PPML-FE + Caged x grupo
2025,CIDADE UNIVERSITARIA,Maternal II,0,15.0,4,0,0,4,2024,0.038498951310003325,2085039,2.3714194130129136,0.3,4.5,2025,PPML-FE + Caged x grupo
2025,COCOTA,Bercario,16,76.0,4,4,0,0,2024,0.038498951310003325,2085039,15.230984972213452,0.16483516483516483,12.527472527472527,2025,PPML-FE + Caged x grupo
2025,COCOTA,Maternal I,20,52.0,4,0,4,0,2024,0.038498951310003325,2085039,15.411342045698005,0.24285714285714285,12.628571428571428,2025,PPML-FE + Caged x grupo
2025,COCOTA,Maternal II,16,70.0,4,0,0,4,2024,0.038498951310003325,2085039,10.660592066031889,0.136986301369863,9.58904109589041,2025,PPML-FE + Caged x grupo
2025,COELHO NETO,Bercario,178,557.0,4,4,0,0,2024,0.038498951310003325,2085039,242.83094232054594,0.3193979933110368,177.9046822742475,2025,PPML-FE + Caged x grupo
2025,COELHO NETO,Maternal I,140,284.0,4,0,4,0,2024,0.038498951310003325,2085039,183.10065105037808,0.6324503311258278,179.6158940397351,2025,PPML-FE + Caged x grupo
2025,COELHO NETO,Maternal II,96,302.0,4,0,0,4,2024,0.038498951310003325,2085039,100.05174342499232,0.25396825396825395,76.6984126984127,2025,PPML-FE + Caged x grupo
2025,COLEGIO,Bercario,140,597.0,4,4,0,0,2024,0.038498951310003325,2085039,184.92099097286322,0.17287630402384502,103.20715350223547,2025,PPML-FE + Caged x grupo
2025,COLEGIO,Maternal I,113,350.0,4,0,4,0,2024,0.038498951310003325,2085039,160.32551506605498,0.3389830508474576,118.64406779661016,2025,PPML-FE + Caged x grupo
2025,COLEGIO,Maternal II,104,354.0,4,0,0,4,2024,0.038498951310003325,2085039,83.32667084476816,0.2947976878612717,104.35838150289018,2025,PPML-FE + Caged x grupo
2025,COMPLEXO ALEMAO,Bercario,0,901.0,4,4,0,0,2024,0.038498951310003325,2085039,44.7220127137839,0.0,0.0,2025,PPML-FE + Caged x grupo
2025,COMPLEXO ALEMAO,Maternal I,1,232.0,4,0,4,0,2024,0.038498951310003325,2085039,17.0297100288617,0.004694835680751174,1.0892018779342723,2025,PPML-FE + Caged x grupo
2025,COMPLEXO ALEMAO,Maternal II,0,213.0,4,0,0,4,2024,0.038498951310003325,2085039,8.03424444118616,0.0,0.0,2025,PPML-FE + Caged x grupo
2025,COMPLEXO MARE,Bercario,566,3072.0,4,4,0,0,2024,0.038498951310003325,2085039,849.0513335288576,0.2246071291682637,689.9931008049061,2025,PPML-FE + Caged x grupo
2025,COMPLEXO MARE,Maternal I,412,1033.0,4,0,4,0,2024,0.038498951310003325,2085039,422.21705975142754,0.3432080924855491,354.53395953757223,2025,PPML-FE + Caged x grupo
2025,COMPLEXO MARE,Maternal II,277,1384.0,4,0,0,4,2024,0.038498951310003325,2085039,290.6817157514593,0.26919831223628693,372.5704641350211,2025,PPML-FE + Caged x grupo
2025,COPACABANA,Bercario,269,1575.0,4,4,0,0,2024,0.038498951310003325,2085039,266.4161726966171,0.20804597701149424,327.67241379310343,2025,PPML-FE + Caged x grupo
2025,COPACABANA,Maternal I,219,874.0,4,0,4,0,2024,0.038498951310003325,2085039,218.63222671288895,0.24508670520231213,214.2057803468208,2025,PPML-FE + Caged x grupo
2025,COPACABANA,Maternal II,95,865.0,4,0,0,4,2024,0.038498951310003325,2085039,111.18981870063782,0.11467889908256881,99.19724770642202,2025,PPML-FE + Caged x grupo
2025,CORDOVIL,Bercario,194,687.0,4,4,0,0,2024,0.038498951310003325,2085039,163.28890888125298,0.29291553133514986,201.23297002724794,2025,PPML-FE + Caged x grupo
2025,CORDOVIL,Maternal I,114,369.0,4,0,4,0,2024,0.038498951310003325,2085039,129.70270531587016,0.35308056872037913,130.2867298578199,2025,PPML-FE + Caged x grupo
2025,CORDOVIL,Maternal II,99,422.0,4,0,0,4,2024,0.038498951310003325,2085039,76.22216648742115,0.19339622641509435,81.61320754716982,2025,PPML-FE + Caged x grupo
2025,COSME VELHO,Bercario,25,96.0,4,4,0,0,2024,0.038498951310003325,2085039,23.152566264681347,0.3652173913043478,35.06086956521739,2025,PPML-FE + Caged x grupo
2025,COSME VELHO,Maternal I,21,64.0,4,0,4,0,2024,0.038498951310003325,2085039,22.826041120111647,0.38666666666666666,24.746666666666666,2025,PPML-FE + Caged x grupo
2025,COSME VELHO,Maternal II,4,75.0,4,0,0,4,2024,0.038498951310003325,2085039,13.745421249009881,0.07608695652173914,5.7065217391304355,2025,PPML-FE + Caged x grupo
2025,COSMOS,Bercario,571,2061.0,4,4,0,0,2024,0.038498951310003325,2085039,740.2802537995386,0.30566037735849055,629.966037735849,2025,PPML-FE + Caged x grupo
2025,COSMOS,Maternal I,465,1071.0,4,0,4,0,2024,0.038498951310003325,2085039,568.8927023089825,0.4658493870402802,498.9246935201401,2025,PPML-FE + Caged x grupo
2025,COSMOS,Maternal II,267,1142.0,4,0,0,4,2024,0.038498951310003325,2085039,311.71174406895994,0.23870417732310314,272.6001705029838,2025,PPML-FE + Caged x grupo
2025,COSTA BARROS,Bercario,332,801.0,4,4,0,0,2024,0.038498951310003325,2085039,356.8255112434067,0.32742440041710114,262.266944734098,2025,PPML-FE + Caged x grupo
2025,COSTA BARROS,Maternal I,195,540.0,4,0,4,0,2024,0.038498951310003325,2085039,355.7458634820365,0.3847583643122677,207.76951672862455,2025,PPML-FE + Caged x grupo
2025,COSTA BARROS,Maternal II,117,538.0,4,0,0,4,2024,0.038498951310003325,2085039,182.12708811342625,0.2692307692307692,144.84615384615384,2025,PPML-FE + Caged x grupo
2025,CURICICA,Bercario,241,798.0,4,4,0,0,2024,0.038498951310003325,2085039,243.8771262068564,0.22727272727272727,181.36363636363635,2025,PPML-FE + Caged x grupo
2025,CURICICA,Maternal I,197,695.0,4,0,4,0,2024,0.038498951310003325,2085039,314.10561535647224,0.3317757009345794,230.5841121495327,2025,PPML-FE + Caged x grupo
2025,CURICICA,Maternal II,148,642.0,4,0,0,4,2024,0.038498951310003325,2085039,149.09809453871387,0.250733137829912,160.97067448680352,2025,PPML-FE + Caged x grupo
2025,DEL CASTILHO,Bercario,159,457.0,4,4,0,0,2024,0.038498951310003325,2085039,122.78857182459852,0.3146551724137931,143.79741379310343,2025,PPML-FE + Caged x grupo
2025,DEL CASTILHO,Maternal I,66,239.0,4,0,4,0,2024,0.038498951310003325,2085039,94.96473647067297,0.3409090909090909,81.47727272727272,2025,PPML-FE + Caged x grupo
2025,DEL CASTILHO,Maternal II,39,264.0,4,0,0,4,2024,0.038498951310003325,2085039,53.90320179621134,0.14937759336099585,39.43568464730291,2025,PPML-FE + Caged x grupo
2025,DEODORO,Bercario,80,236.0,4,4,0,0,2024,0.038498951310003325,2085039,108.43500918213724,0.26523297491039427,62.59498207885305,2025,PPML-FE + Caged x grupo
2025,DEODORO,Maternal I,63,157.0,4,0,4,0,2024,0.038498951310003325,2085039,106.6792339711091,0.5075757575757576,79.68939393939394,2025,PPML-FE + Caged x grupo
2025,DEODORO,Maternal II,33,132.0,4,0,0,4,2024,0.038498951310003325,2085039,46.089323818032874,0.31851851851851853,42.044444444444444,2025,PPML-FE + Caged x grupo
2025,ENCANTADO,Bercario,39,188.0,4,4,0,0,2024,0.038498951310003325,2085039,41.70674875609204,0.17391304347826086,32.69565217391304,2025,PPML-FE + Caged x grupo
2025,ENCANTADO,Maternal I,39,91.0,4,0,4,0,2024,0.038498951310003325,2085039,29.85469215517466,0.53125,48.34375,2025,PPML-FE + Caged x grupo
2025,ENCANTADO,Maternal II,19,96.0,4,0,0,4,2024,0.038498951310003325,2085039,16.184102016440498,0.2037037037037037,19.555555555555554,2025,PPML-FE + Caged x grupo
2025,ENGENHEIRO LEAL,Bercario,8,116.0,4,4,0,0,2024,0.038498951310003325,2085039,31.53662153623778,0.125,14.5,2025,PPML-FE + Caged x grupo
2025,ENGENHEIRO LEAL,Maternal I,27,66.0,4,0,4,0,2024,0.038498951310003325,2085039,26.535289556385834,0.3442622950819672,22.721311475409834,2025,PPML-FE + Caged x grupo
2025,ENGENHEIRO LEAL,Maternal II,25,61.0,4,0,0,4,2024,0.038498951310003325,2085039,12.602476602902867,0.4533333333333333,27.653333333333332,2025,PPML-FE + Caged x grupo
2025,ENGENHO DENTRO,Bercario,161,707.0,4,4,0,0,2024,0.038498951310003325,2085039,150.6352851274655,0.25296442687747034,178.84584980237153,2025,PPML-FE + Caged x grupo
2025,ENGENHO DENTRO,Maternal I,152,393.0,4,0,4,0,2024,0.038498951310003325,2085039,123.82905793049149,0.35377358490566035,139.0330188679245,2025,PPML-FE + Caged x grupo
2025,ENGENHO DENTRO,Maternal II,71,424.0,4,0,0,4,2024,0.038498951310003325,2085039,68.65023755686944,0.19433198380566802,82.39676113360323,2025,PPML-FE + Caged x grupo
2025,ENGENHO NOVO,Bercario,232,756.0,4,4,0,0,2024,0.038498951310003325,2085039,212.59555471526352,0.3598130841121495,272.01869158878503,2025,PPML-FE + Caged x grupo
2025,ENGENHO NOVO,Maternal I,124,428.0,4,0,4,0,2024,0.038498951310003325,2085039,177.99133947740447,0.3646788990825688,156.08256880733944,2025,PPML-FE + Caged x grupo
2025,ENGENHO NOVO,Maternal II,52,436.0,4,0,0,4,2024,0.038498951310003325,2085039,93.1725026366382,0.15301724137931033,66.7155172413793,2025,PPML-FE + Caged x grupo
2025,ENGENHO RAINHA,Bercario,111,476.0,4,4,0,0,2024,0.038498951310003325,2085039,133.69404698750944,0.2403846153846154,114.42307692307692,2025,PPML-FE + Caged x grupo
2025,ENGENHO RAINHA,Maternal I,98,272.0,4,0,4,0,2024,0.038498951310003325,2085039,112.97874329401769,0.4426877470355731,120.41106719367589,2025,PPML-FE + Caged x grupo
2025,ENGENHO RAINHA,Maternal II,43,253.0,4,0,0,4,2024,0.038498951310003325,2085039,54.0000952701155,0.3146067415730337,79.59550561797752,2025,PPML-FE + Caged x grupo
2025,ESTACIO,Bercario,109,350.0,4,4,0,0,2024,0.038498951310003325,2085039,137.35845602844876,0.39660056657223797,138.81019830028328,2025,PPML-FE + Caged x grupo
2025,ESTACIO,Maternal I,62,178.0,4,0,4,0,2024,0.038498951310003325,2085039,103.30707778239382,0.38071065989847713,67.76649746192894,2025,PPML-FE + Caged x grupo
2025,ESTACIO,Maternal II,35,197.0,4,0,0,4,2024,0.038498951310003325,2085039,58.751974960769765,0.11650485436893204,22.951456310679614,2025,PPML-FE + Caged x grupo
2025,FLAMENGO,Bercario,41,516.0,4,4,0,0,2024,0.038498951310003325,2085039,59.09857000163769,0.10088495575221239,52.05663716814159,2025,PPML-FE + Caged x grupo
2025,FLAMENGO,Maternal I,30,297.0,4,0,4,0,2024,0.038498951310003325,2085039,50.30445389136251,0.12547528517110265,37.266159695817485,2025,PPML-FE + Caged x grupo
2025,FLAMENGO,Maternal II,15,263.0,4,0,0,4,2024,0.038498951310003325,2085039,22.890322269712676,0.07168458781362007,18.85304659498208,2025,PPML-FE + Caged x grupo
2025,FREGUESIA ILHA,Bercario,75,321.0,4,4,0,0,2024,0.038498951310003325,2085039,82.1663432666377,0.275,88.275,2025,PPML-FE + Caged x grupo
2025,FREGUESIA ILHA,Maternal I,43,155.0,4,0,4,0,2024,0.038498951310003325,2085039,58.673682144904625,0.24313725490196078,37.68627450980392,2025,PPML-FE + Caged x grupo
2025,FREGUESIA ILHA,Maternal II,27,255.0,4,0,0,4,2024,0.038498951310003325,2085039,49.60186378290814,0.19895287958115182,50.73298429319372,2025,PPML-FE + Caged x grupo
2025,FREGUESIA JPA,Bercario,142,1172.0,4,4,0,0,2024,0.038498951310003325,2085039,176.87473243149657,0.13104013104013104,153.5790335790336,2025,PPML-FE + Caged x grupo
2025,FREGUESIA JPA,Maternal I,104,626.0,4,0,4,0,2024,0.038498951310003325,2085039,139.71249097959554,0.2148626817447496,134.50403877221325,2025,PPML-FE + Caged x grupo
2025,FREGUESIA JPA,Maternal II,32,619.0,4,0,0,4,2024,0.038498951310003325,2085039,70.99008905692726,0.08898305084745763,55.08050847457627,2025,PPML-FE + Caged x grupo
2025,GALEAO,Bercario,108,612.0,4,4,0,0,2024,0.038498951310003325,2085039,202.9555013917128,0.19207317073170732,117.54878048780488,2025,PPML-FE + Caged x grupo
2025,GALEAO,Maternal I,88,347.0,4,0,4,0,2024,0.038498951310003325,2085039,170.17728830575786,0.2958904109589041,102.67397260273972,2025,PPML-FE + Caged x grupo
2025,GALEAO,Maternal II,75,365.0,4,0,0,4,2024,0.038498951310003325,2085039,91.98375997690258,0.34,124.10000000000001,2025,PPML-FE + Caged x grupo
2025,GAMBOA,Bercario,51,234.0,4,4,0,0,2024,0.038498951310003325,2085039,73.84654877631738,0.3107569721115538,72.71713147410358,2025,PPML-FE + Caged x grupo
2025,GAMBOA,Maternal I,40,126.0,4,0,4,0,2024,0.038498951310003325,2085039,58.80410028052867,0.3141025641025641,39.57692307692307,2025,PPML-FE + Caged x grupo
2025,GAMBOA,Maternal II,24,156.0,4,0,0,4,2024,0.038498951310003325,2085039,37.41173350326832,0.2662337662337662,41.53246753246753,2025,PPML-FE + Caged x grupo
2025,GARDENIA AZUL,Bercario,220,757.0,4,4,0,0,2024,0.038498951310003325,2085039,300.3491294045887,0.2801678908709339,212.08709338929697,2025,PPML-FE + Caged x grupo
2025,GARDENIA AZUL,Maternal I,235,529.0,4,0,4,0,2024,0.038498951310003325,2085039,310.390834440417,0.5488069414316703,290.3188720173536,2025,PPML-FE + Caged x grupo
2025,GARDENIA AZUL,Maternal II,168,461.0,4,0,0,4,2024,0.038498951310003325,2085039,138.99536268685247,0.2976827094474153,137.23172905525846,2025,PPML-FE + Caged x grupo
2025,GAVEA,Bercario,203,279.0,4,4,0,0,2024,0.038498951310003325,2085039,138.3557784121762,0.641566265060241,178.99698795180723,2025,PPML-FE + Caged x grupo
2025,GAVEA,Maternal I,125,167.0,4,0,4,0,2024,0.038498951310003325,2085039,122.47072491286032,0.8654970760233918,144.53801169590642,2025,PPML-FE + Caged x grupo
2025,GAVEA,Maternal II,61,171.0,4,0,0,4,2024,0.038498951310003325,2085039,64.44038062992428,0.54421768707483,93.06122448979593,2025,PPML-FE + Caged x grupo
2025,GERICINO,Bercario,0,33.0,4,4,0,0,2024,0.038498951310003325,2085039,6.914686067802069,0.0,0.0,2025,PPML-FE + Caged x grupo
2025,GERICINO,Maternal II,0,12.0,4,0,0,4,2024,0.038498951310003325,2085039,1.9107710888742706,0.0,0.0,2025,PPML-FE + Caged x grupo
2025,GLORIA,Bercario,46,100.0,4,4,0,0,2024,0.038498951310003325,2085039,31.248273558522687,0.43564356435643564,43.56435643564357,2025,PPML-FE + Caged x grupo
2025,GLORIA,Maternal I,23,44.0,4,0,4,0,2024,0.038498951310003325,2085039,20.3329982325327,0.3333333333333333,14.666666666666666,2025,PPML-FE + Caged x grupo
2025,GLORIA,Maternal II,8,69.0,4,0,0,4,2024,0.038498951310003325,2085039,16.384907971420567,0.23076923076923078,15.923076923076923,2025,PPML-FE + Caged x grupo
2025,GRAJAU,Bercario,69,431.0,4,4,0,0,2024,0.038498951310003325,2085039,86.44612192985191,0.18859649122807018,81.28508771929825,2025,PPML-FE + Caged x grupo
2025,GRAJAU,Maternal I,24,234.0,4,0,4,0,2024,0.038498951310003325,2085039,69.40756697625893,0.16883116883116883,39.506493506493506,2025,PPML-FE + Caged x grupo
2025,GRAJAU,Maternal II,17,231.0,4,0,0,4,2024,0.038498951310003325,2085039,35.20862886564129,0.10714285714285714,24.75,2025,PPML-FE + Caged x grupo
2025,GRUMARI,Bercario,0,5.0,4,4,0,0,2024,0.038498951310003325,2085039,1.1028495900744675,0.0,0.0,2025,PPML-FE + Caged x grupo
2025,GRUMARI,Maternal I,1,2.0,4,0,4,0,2024,0.038498951310003325,2085039,0.652377532698997,0.0,0.0,2025,PPML-FE + Caged x grupo
2025,GRUMARI,Maternal II,1,5.0,4,0,0,4,2024,0.038498951310003325,2085039,0.8380794155261857,0.4,2.0,2025,PPML-FE + Caged x grupo
2025,GUADALUPE,Bercario,153,754.0,4,4,0,0,2024,0.038498951310003325,2085039,192.5145783887689,0.20317820658342792,153.19636776390465,2025,PPML-FE + Caged x grupo
2025,GUADALUPE,Maternal I,137,481.0,4,0,4,0,2024,0.038498951310003325,2085039,181.61849458151121,0.37924151696606784,182.41516966067863,2025,PPML-FE + Caged x grupo
2025,GUADALUPE,Maternal II,115,501.0,4,0,0,4,2024,0.038498951310003325,2085039,97.20730220280302,0.21455938697318008,107.49425287356323,2025,PPML-FE + Caged x grupo
2025,GUARATIBA,Bercario,931,3694.0,4,4,0,0,2024,0.038498951310003325,2085039,1401.0295265118814,0.28985107556536127,1070.7098731384444,2025,PPML-FE + Caged x grupo
2025,GUARATIBA,Maternal I,812,1787.0,4,0,4,0,2024,0.038498951310003325,2085039,1002.2998560087455,0.49737670514165794,888.8121720881427,2025,PPML-FE + Caged x grupo
2025,GUARATIBA,Maternal II,619,1906.0,4,0,0,4,2024,0.038498951310003325,2085039,549.3412116215949,0.35987590486039295,685.9234746639089,2025,PPML-FE + Caged x grupo
2025,HIGIENOPOLIS,Bercario,47,224.0,4,4,0,0,2024,0.038498951310003325,2085039,43.40699305126634,0.2621359223300971,58.71844660194175,2025,PPML-FE + Caged x grupo
2025,HIGIENOPOLIS,Maternal I,29,105.0,4,0,4,0,2024,0.038498951310003325,2085039,30.090104850090338,0.24324324324324326,25.54054054054054,2025,PPML-FE + Caged x grupo
2025,HIGIENOPOLIS,Maternal II,14,111.0,4,0,0,4,2024,0.038498951310003325,2085039,16.34570098640401,0.1694915254237288,18.813559322033896,2025,PPML-FE + Caged x grupo
2025,HONORIO GURGEL,Bercario,89,361.0,4,4,0,0,2024,0.038498951310003325,2085039,105.27196242723895,0.2589928057553957,93.49640287769785,2025,PPML-FE + Caged x grupo
2025,HONORIO GURGEL,Maternal I,82,231.0,4,0,4,0,2024,0.038498951310003325,2085039,99.61854984453348,0.3783783783783784,87.4054054054054,2025,PPML-FE + Caged x grupo
2025,HONORIO GURGEL,Maternal II,56,222.0,4,0,0,4,2024,0.038498951310003325,2085039,49.19572659185814,0.23921568627450981,53.10588235294118,2025,PPML-FE + Caged x grupo
2025,HUMAITA,Bercario,6,146.0,4,4,0,0,2024,0.038498951310003325,2085039,17.970089053966554,0.061224489795918366,8.938775510204081,2025,PPML-FE + Caged x grupo
2025,HUMAITA,Maternal I,7,76.0,4,0,4,0,2024,0.038498951310003325,2085039,13.833551279738415,0.14285714285714285,10.857142857142856,2025,PPML-FE + Caged x grupo
2025,HUMAITA,Maternal II,2,84.0,4,0,0,4,2024,0.038498951310003325,2085039,7.856797274631634,0.020833333333333332,1.75,2025,PPML-FE + Caged x grupo
2025,ILHA GUARATIBA,Bercario,1,69.0,4,4,0,0,2024,0.038498951310003325,2085039,16.14766533806801,0.1111111111111111,7.666666666666666,2025,PPML-FE + Caged x grupo
2025,INHAUMA,Bercario,328,1048.0,4,4,0,0,2024,0.038498951310003325,2085039,336.6522715901805,0.36693914623069934,384.5522252497729,2025,PPML-FE + Caged x grupo
2025,INHAUMA,Maternal I,355,529.0,4,0,4,0,2024,0.038498951310003325,2085039,251.30356938270833,0.47066326530612246,248.9808673469388,2025,PPML-FE + Caged x grupo
2025,INHAUMA,Maternal II,132,784.0,4,0,0,4,2024,0.038498951310003325,2085039,191.38381923257356,0.23529411764705882,184.47058823529412,2025,PPML-FE + Caged x grupo
2025,INHOAIBA,Bercario,522,1480.0,4,4,0,0,2024,0.038498951310003325,2085039,625.4653405842029,0.3384223918575064,500.86513994910945,2025,PPML-FE + Caged x grupo
2025,INHOAIBA,Maternal I,385,824.0,4,0,4,0,2024,0.038498951310003325,2085039,514.9813051521074,0.47798066595059074,393.85606874328676,2025,PPML-FE + Caged x grupo
2025,INHOAIBA,Maternal II,219,931.0,4,0,0,4,2024,0.038498951310003325,2085039,298.99236756154596,0.2326086956521739,216.5586956521739,2025,PPML-FE + Caged x grupo
2025,IPANEMA,Bercario,11,508.0,4,4,0,0,2024,0.038498951310003325,2085039,34.528348377679094,0.016,8.128,2025,PPML-FE + Caged x grupo
2025,IPANEMA,Maternal I,14,246.0,4,0,4,0,2024,0.038498951310003325,2085039,24.726913990040266,0.06529209621993128,16.061855670103093,2025,PPML-FE + Caged x grupo
2025,IPANEMA,Maternal II,9,291.0,4,0,0,4,2024,0.038498951310003325,2085039,15.030518738272134,0.01968503937007874,5.728346456692913,2025,PPML-FE + Caged x grupo
2025,IRAJA,Bercario,302,1468.0,4,4,0,0,2024,0.038498951310003325,2085039,354.785293281117,0.18823529411764706,276.32941176470587,2025,PPML-FE + Caged x grupo
2025,IRAJA,Maternal I,249,829.0,4,0,4,0,2024,0.038498951310003325,2085039,296.2898693120228,0.30814639905548996,255.4533648170012,2025,PPML-FE + Caged x grupo
2025,IRAJA,Maternal II,128,847.0,4,0,0,4,2024,0.038498951310003325,2085039,155.55782114819257,0.18299881936245574,155.0,2025,PPML-FE + Caged x grupo
2025,ITANHANGA,Bercario,207,1535.0,4,4,0,0,2024,0.038498951310003325,2085039,553.7064113863515,0.18896103896103897,290.05519480519484,2025,PPML-FE + Caged x grupo
2025,ITANHANGA,Maternal I,291,721.0,4,0,4,0,2024,0.038498951310003325,2085039,384.61760184626263,0.49081364829396323,353.8766404199475,2025,PPML-FE + Caged x grupo
2025,ITANHANGA,Maternal II,277,762.0,4,0,0,4,2024,0.038498951310003325,2085039,208.87912115327086,0.4104372355430183,312.75317348377996,2025,PPML-FE + Caged x grupo
2025,JABOUR,Bercario,0,19.0,4,4,0,0,2024,0.038498951310003325,2085039,4.453480120707221,0.0,0.0,2025,PPML-FE + Caged x grupo
2025,JABOUR,Maternal I,0,1.0,4,0,4,0,2024,0.038498951310003325,2085039,0.346631986143568,0.26630110339739077,0.26630110339739077,2025,PPML-FE + Caged x grupo
2025,JACARE,Bercario,227,278.0,4,4,0,0,2024,0.038498951310003325,2085039,135.78302353948575,0.5720620842572062,159.03325942350332,2025,PPML-FE + Caged x grupo
2025,JACARE,Maternal I,127,288.0,4,0,4,0,2024,0.038498951310003325,2085039,208.02516990594341,0.46835443037974683,134.8860759493671,2025,PPML-FE + Caged x grupo
2025,JACARE,Maternal II,80,316.0,4,0,0,4,2024,0.038498951310003325,2085039,117.28882878062937,0.3042168674698795,96.13253012048193,2025,PPML-FE + Caged x grupo
2025,JACAREPAGUA,Bercario,488,4521.0,4,4,0,0,2024,0.038498951310003325,2085039,1042.6376034416548,0.14035087719298245,634.5263157894736,2025,PPML-FE + Caged x grupo
2025,JACAREPAGUA,Maternal I,501,1957.0,4,0,4,0,2024,0.038498951310003325,2085039,667.4402928208085,0.2537313432835821,496.55223880597015,2025,PPML-FE + Caged x grupo
2025,JACAREPAGUA,Maternal II,401,2546.0,4,0,0,4,2024,0.038498951310003325,2085039,446.19650486519316,0.2167426440116038,551.8267716535433,2025,PPML-FE + Caged x grupo
2025,JACAREZINHO,Bercario,31,563.0,4,4,0,0,2024,0.038498951310003325,2085039,62.51121408872275,0.09174311926605505,51.65137614678899,2025,PPML-FE + Caged x grupo
2025,JACAREZINHO,Maternal I,9,157.0,4,0,4,0,2024,0.038498951310003325,2085039,25.779346854125272,0.09615384615384616,15.096153846153847,2025,PPML-FE + Caged x grupo
2025,JACAREZINHO,Maternal II,12,208.0,4,0,0,4,2024,0.038498951310003325,2085039,17.550187541666865,0.06341463414634146,13.190243902439025,2025,PPML-FE + Caged x grupo
2025,JARDIM AMERICA,Bercario,145,459.0,4,4,0,0,2024,0.038498951310003325,2085039,142.1781053018653,0.24736842105263157,113.5421052631579,2025,PPML-FE + Caged x grupo
2025,JARDIM AMERICA,Maternal I,135,289.0,4,0,4,0,2024,0.038498951310003325,2085039,132.3855542867719,0.5163398692810458,149.22222222222223,2025,PPML-FE + Caged x grupo
2025,JARDIM AMERICA,Maternal II,47,306.0,4,0,0,4,2024,0.038498951310003325,2085039,72.02949188139785,0.1529745042492918,46.81019830028329,2025,PPML-FE + Caged x grupo
2025,JARDIM BOTANICO,Bercario,20,212.0,4,4,0,0,2024,0.038498951310003325,2085039,21.200912303227796,0.05263157894736842,11.157894736842104,2025,PPML-FE + Caged x grupo
2025,JARDIM BOTANICO,Maternal I,15,118.0,4,0,4,0,2024,0.038498951310003325,2085039,17.451124402742806,0.13392857142857142,15.803571428571429,2025,PPML-FE + Caged x grupo
2025,JARDIM BOTANICO,Maternal II,7,112.0,4,0,0,4,2024,0.038498951310003325,2085039,8.511490115044934,0.040983606557377046,4.590163934426229,2025,PPML-FE + Caged x grupo
2025,JARDIM CARIOCA,Bercario,77,363.0,4,4,0,0,2024,0.038498951310003325,2085039,68.14735912057701,0.21144278606965175,76.75373134328359,2025,PPML-FE + Caged x grupo
2025,JARDIM CARIOCA,Maternal I,59,213.0,4,0,4,0,2024,0.038498951310003325,2085039,59.13501719020246,0.25116279069767444,53.49767441860465,2025,PPML-FE + Caged x grupo
2025,JARDIM CARIOCA,Maternal II,25,215.0,4,0,0,4,2024,0.038498951310003325,2085039,30.672540823598073,0.13924050632911392,29.93670886075949,2025,PPML-FE + Caged x grupo
2025,JARDIM GUANABARA,Bercario,11,336.0,4,4,0,0,2024,0.038498951310003325,2085039,29.149111707861532,0.03783783783783784,12.713513513513515,2025,PPML-FE + Caged x grupo
2025,JARDIM GUANABARA,Maternal I,13,194.0,4,0,4,0,2024,0.038498951310003325,2085039,24.88917467253644,0.035,6.790000000000001,2025,PPML-FE + Caged x grupo
2025,JARDIM GUANABARA,Maternal II,8,200.0,4,0,0,4,2024,0.038498951310003325,2085039,13.185145620281894,0.07428571428571429,14.857142857142858,2025,PPML-FE + Caged x grupo
2025,JARDIM SULACAP,Bercario,32,299.0,4,4,0,0,2024,0.038498951310003325,2085039,52.479677647682,0.10372340425531915,31.013297872340424,2025,PPML-FE + Caged x grupo
2025,JARDIM SULACAP,Maternal I,44,200.0,4,0,4,0,2024,0.038498951310003325,2085039,51.91258850965821,0.27586206896551724,55.172413793103445,2025,PPML-FE + Caged x grupo
2025,JARDIM SULACAP,Maternal II,28,174.0,4,0,0,4,2024,0.038498951310003325,2085039,23.208020877891634,0.19696969696969696,34.27272727272727,2025,PPML-FE + Caged x grupo
2025,JOA,Bercario,1,11.0,4,4,0,0,2024,0.038498951310003325,2085039,2.3546475743223696,0.0,0.0,2025,PPML-FE + Caged x grupo
2025,JOA,Maternal I,0,8.0,4,0,4,0,2024,0.038498951310003325,2085039,2.532479478182568,0.0,0.0,2025,PPML-FE + Caged x grupo
2025,JOA,Maternal II,0,11.0,4,0,0,4,2024,0.038498951310003325,2085039,1.7893479587955363,0.0,0.0,2025,PPML-FE + Caged x grupo
2025,LAGOA,Bercario,3,245.0,4,4,0,0,2024,0.038498951310003325,2085039,20.70787678636777,0.01968503937007874,4.822834645669292,2025,PPML-FE + Caged x grupo
2025,LAGOA,Maternal I,6,137.0,4,0,4,0,2024,0.038498951310003325,2085039,17.124297866278766,0.0234375,3.2109375,2025,PPML-FE + Caged x grupo
2025,LAGOA,Maternal II,0,128.0,4,0,0,4,2024,0.038498951310003325,2085039,8.221448587304533,0.006756756756756757,0.8648648648648649,2025,PPML-FE + Caged x grupo
2025,LAPA,Bercario,0,77.0,4,4,0,0,2024,0.038498951310003325,2085039,11.018605811224909,0.0,0.0,2025,PPML-FE + Caged x grupo
2025,LAPA,Maternal I,0,15.0,4,0,4,0,2024,0.038498951310003325,2085039,3.1743141050608528,0.0,0.0,2025,PPML-FE + Caged x grupo
2025,LAPA,Maternal II,0,34.0,4,0,0,4,2024,0.038498951310003325,2085039,3.6972917879306197,0.0,0.0,2025,PPML-FE + Caged x grupo
2025,LARANJEIRAS,Bercario,49,497.0,4,4,0,0,2024,0.038498951310003325,2085039,58.79368985406803,0.09778597785977859,48.59963099630996,2025,PPML-FE + Caged x grupo
2025,LARANJEIRAS,Maternal I,27,285.0,4,0,4,0,2024,0.038498951310003325,2085039,49.858809774158516,0.1357142857142857,38.67857142857142,2025,PPML-FE + Caged x grupo
2025,LARANJEIRAS,Maternal II,18,280.0,4,0,0,4,2024,0.038498951310003325,2085039,25.1710450807293,0.06227106227106227,17.435897435897438,2025,PPML-FE + Caged x grupo
2025,LEBLON,Bercario,15,506.0,4,4,0,0,2024,0.038498951310003325,2085039,33.39628421264281,0.04753199268738574,24.051188299817184,2025,PPML-FE + Caged x grupo
2025,LEBLON,Maternal I,12,288.0,4,0,4,0,2024,0.038498951310003325,2085039,28.110128945035104,0.0599250936329588,17.258426966292134,2025,PPML-FE + Caged x grupo
2025,LEBLON,Maternal II,5,267.0,4,0,0,4,2024,0.038498951310003325,2085039,13.39145544416594,0.017421602787456445,4.651567944250871,2025,PPML-FE + Caged x grupo
2025,LEME,Bercario,41,177.0,4,4,0,0,2024,0.038498951310003325,2085039,36.67245375643109,0.24870466321243523,44.020725388601036,2025,PPML-FE + Caged x grupo
2025,LEME,Maternal I,25,103.0,4,0,4,0,2024,0.038498951310003325,2085039,31.559248016608155,0.3263157894736842,33.61052631578948,2025,PPML-FE + Caged x grupo
2025,LEME,Maternal II,9,95.0,4,0,0,4,2024,0.038498951310003325,2085039,14.957506364371637,0.07627118644067797,7.2457627118644075,2025,PPML-FE + Caged x grupo
2025,LINS VASCONCELOS,Bercario,173,654.0,4,4,0,0,2024,0.038498951310003325,2085039,164.1302114989008,0.32791728212703103,214.4579025110783,2025,PPML-FE + Caged x grupo
2025,LINS VASCONCELOS,Maternal I,77,345.0,4,0,4,0,2024,0.038498951310003325,2085039,128.04204281312292,0.22666666666666666,78.2,2025,PPML-FE + Caged x grupo
2025,LINS VASCONCELOS,Maternal II,29,375.0,4,0,0,4,2024,0.038498951310003325,2085039,71.51727137508703,0.0829145728643216,31.092964824120603,2025,PPML-FE + Caged x grupo
2025,MADUREIRA,Bercario,164,778.0,4,4,0,0,2024,0.038498951310003325,2085039,203.8581505229258,0.2532544378698225,197.0319526627219,2025,PPML-FE + Caged x grupo
2025,MADUREIRA,Maternal I,115,462.0,4,0,4,0,2024,0.038498951310003325,2085039,179.02479160826456,0.279317697228145,129.04477611940297,2025,PPML-FE + Caged x grupo
2025,MADUREIRA,Maternal II,75,469.0,4,0,0,4,2024,0.038498951310003325,2085039,93.38781478512202,0.13812154696132597,64.77900552486189,2025,PPML-FE + Caged x grupo
2025,MAGALHAES BASTOS,Bercario,71,404.0,4,4,0,0,2024,0.038498951310003325,2085039,104.8825636418463,0.22624434389140272,91.4027149321267,2025,PPML-FE + Caged x grupo
2025,MAGALHAES BASTOS,Maternal I,80,228.0,4,0,4,0,2024,0.038498951310003325,2085039,87.53454822254542,0.28292682926829266,64.50731707317073,2025,PPML-FE + Caged x grupo
2025,MAGALHAES BASTOS,Maternal II,66,205.0,4,0,0,4,2024,0.038498951310003325,2085039,40.44312241669671,0.1859504132231405,38.1198347107438,2025,PPML-FE + Caged x grupo
2025,MANGUEIRA,Bercario,178,471.0,4,4,0,0,2024,0.038498951310003325,2085039,180.26084788188393,0.39565217391304347,186.3521739130435,2025,PPML-FE + Caged x grupo
2025,MANGUEIRA,Maternal I,63,232.0,4,0,4,0,2024,0.038498951310003325,2085039,131.30800582328877,0.2440944881889764,56.62992125984252,2025,PPML-FE + Caged x grupo
2025,MANGUEIRA,Maternal II,26,254.0,4,0,0,4,2024,0.038498951310003325,2085039,73.87255274017228,0.14225941422594143,36.13389121338913,2025,PPML-FE + Caged x grupo
2025,MANGUINHOS,Bercario,261,728.0,4,4,0,0,2024,0.038498951310003325,2085039,161.30510220897526,0.21921515561569688,159.58863328822733,2025,PPML-FE + Caged x grupo
2025,MANGUINHOS,Maternal I,186,391.0,4,0,4,0,2024,0.038498951310003325,2085039,128.1197850172959,0.3064935064935065,119.83896103896103,2025,PPML-FE + Caged x grupo
2025,MANGUINHOS,Maternal II,111,385.0,4,0,0,4,2024,0.038498951310003325,2085039,64.82556977898327,0.2018140589569161,77.6984126984127,2025,PPML-FE + Caged x grupo
2025,MARACANA,Bercario,11,278.0,4,4,0,0,2024,0.038498951310003325,2085039,34.073724130720734,0.056105610561056105,15.597359735973598,2025,PPML-FE + Caged x grupo
2025,MARACANA,Maternal I,20,160.0,4,0,4,0,2024,0.038498951310003325,2085039,29.001302825525805,0.05844155844155844,9.35064935064935,2025,PPML-FE + Caged x grupo
2025,MARACANA,Maternal II,5,154.0,4,0,0,4,2024,0.038498951310003325,2085039,14.343806424585507,0.05202312138728324,8.011560693641618,2025,PPML-FE + Caged x grupo
2025,MARECHAL HERMES,Bercario,100,752.0,4,4,0,0,2024,0.038498951310003325,2085039,206.3585807079366,0.17051282051282052,128.22564102564104,2025,PPML-FE + Caged x grupo
2025,MARECHAL HERMES,Maternal I,141,361.0,4,0,4,0,2024,0.038498951310003325,2085039,146.49898374383002,0.4090909090909091,147.6818181818182,2025,PPML-FE + Caged x grupo
2025,MARECHAL HERMES,Maternal II,109,418.0,4,0,0,4,2024,0.038498951310003325,2085039,87.16655079642698,0.21896162528216703,91.52595936794582,2025,PPML-FE + Caged x grupo
2025,MARIA GRACA,Bercario,23,82.0,4,4,0,0,2024,0.038498951310003325,2085039,14.519283198218409,0.17475728155339806,14.330097087378642,2025,PPML-FE + Caged x grupo
2025,MARIA GRACA,Maternal I,7,55.0,4,0,4,0,2024,0.038498951310003325,2085039,14.401798551255087,0.23809523809523808,13.095238095238095,2025,PPML-FE + Caged x grupo
2025,MARIA GRACA,Maternal II,8,63.0,4,0,0,4,2024,0.038498951310003325,2085039,8.476972242330378,0.1,6.300000000000001,2025,PPML-FE + Caged x grupo
2025,MEIER,Bercario,68,453.0,4,4,0,0,2024,0.038498951310003325,2085039,66.43554833008429,0.14428857715430862,65.3627254509018,2025,PPML-FE + Caged x grupo
2025,MEIER,Maternal I,59,242.0,4,0,4,0,2024,0.038498951310003325,2085039,52.485629003465874,0.3474903474903475,84.0926640926641,2025,PPML-FE + Caged x grupo
2025,MEIER,Maternal II,17,259.0,4,0,0,4,2024,0.038498951310003325,2085039,28.864960908340706,0.15040650406504066,38.955284552845534,2025,PPML-FE + Caged x grupo
2025,MONERO,Bercario,5,55.0,4,4,0,0,2024,0.038498951310003325,2085039,10.494023411281338,0.043478260869565216,2.391304347826087,2025,PPML-FE + Caged x grupo
2025,MONERO,Maternal I,0,24.0,4,0,4,0,2024,0.038498951310003325,2085039,6.771943085440853,0.16666666666666666,4.0,2025,PPML-FE + Caged x grupo
2025,MONERO,Maternal II,1,30.0,4,0,0,4,2024,0.038498951310003325,2085039,4.349801931055673,0.07142857142857142,2.142857142857143,2025,PPML-FE + Caged x grupo
2025,OLARIA,Bercario,215,782.0,4,4,0,0,2024,0.038498951310003325,2085039,190.31221718743475,0.2636871508379888,206.20335195530726,2025,PPML-FE + Caged x grupo
2025,OLARIA,Maternal I,170,492.0,4,0,4,0,2024,0.038498951310003325,2085039,177.07112116332044,0.35864978902953587,176.45569620253164,2025,PPML-FE + Caged x grupo
2025,OLARIA,Maternal II,86,474.0,4,0,0,4,2024,0.038498951310003325,2085039,87.66114628297319,0.15113871635610765,71.63975155279502,2025,PPML-FE + Caged x grupo
2025,OSWALDO CRUZ,Bercario,61,460.0,4,4,0,0,2024,0.038498951310003325,2085039,113.59091580305709,0.15831663326653306,72.82565130260521,2025,PPML-FE + Caged x grupo
2025,OSWALDO CRUZ,Maternal I,78,244.0,4,0,4,0,2024,0.038498951310003325,2085039,89.10422846944402,0.3321678321678322,81.04895104895105,2025,PPML-FE + Caged x grupo
2025,OSWALDO CRUZ,Maternal II,84,286.0,4,0,0,4,2024,0.038498951310003325,2085039,53.66865236730159,0.2873134328358209,82.17164179104478,2025,PPML-FE + Caged x grupo
2025,PACIENCIA,Bercario,670,2317.0,4,4,0,0,2024,0.038498951310003325,2085039,885.7524505247595,0.29825274278748476,691.0516050386021,2025,PPML-FE + Caged x grupo
2025,PACIENCIA,Maternal I,675,1251.0,4,0,4,0,2024,0.038498951310003325,2085039,707.239253239341,0.5390070921985816,674.2978723404256,2025,PPML-FE + Caged x grupo
2025,PACIENCIA,Maternal II,365,1410.0,4,0,0,4,2024,0.038498951310003325,2085039,409.6135636891332,0.23799582463465555,335.57411273486434,2025,PPML-FE + Caged x grupo
2025,PADRE MIGUEL,Bercario,183,1047.0,4,4,0,0,2024,0.038498951310003325,2085039,252.3111202485962,0.1816461684011353,190.18353831598864,2025,PPML-FE + Caged x grupo
2025,PADRE MIGUEL,Maternal I,173,510.0,4,0,4,0,2024,0.038498951310003325,2085039,181.7534255022801,0.30960264900662254,157.8973509933775,2025,PPML-FE + Caged x grupo
2025,PADRE MIGUEL,Maternal II,100,604.0,4,0,0,4,2024,0.038498951310003325,2085039,110.61029142306084,0.22992125984251968,138.8724409448819,2025,PPML-FE + Caged x grupo
2025,PAQUETA,Bercario,26,42.0,4,4,0,0,2024,0.038498951310003325,2085039,12.815797006072621,0.39655172413793105,16.655172413793103,2025,PPML-FE + Caged x grupo
2025,PAQUETA,Maternal I,9,33.0,4,0,4,0,2024,0.038498951310003325,2085039,14.891312851534929,0.30952380952380953,10.214285714285715,2025,PPML-FE + Caged x grupo
2025,PAQUETA,Maternal II,20,42.0,4,0,0,4,2024,0.038498951310003325,2085039,9.739003179596178,0.1935483870967742,8.129032258064516,2025,PPML-FE + Caged x grupo
2025,PARADA LUCAS,Bercario,109,533.0,4,4,0,0,2024,0.038498951310003325,2085039,103.7456037807859,0.24954792043399637,133.00904159132006,2025,PPML-FE + Caged x grupo
2025,PARADA LUCAS,Maternal I,58,280.0,4,0,4,0,2024,0.038498951310003325,2085039,80.59781037353969,0.266025641025641,74.48717948717949,2025,PPML-FE + Caged x grupo
2025,PARADA LUCAS,Maternal II,35,312.0,4,0,0,4,2024,0.038498951310003325,2085039,46.14939110421573,0.1392857142857143,43.457142857142856,2025,PPML-FE + Caged x grupo
2025,PARQUE ANCHIETA,Bercario,44,347.0,4,4,0,0,2024,0.038498951310003325,2085039,87.92087125096295,0.2064516129032258,71.63870967741936,2025,PPML-FE + Caged x grupo
2025,PARQUE ANCHIETA,Maternal I,84,139.0,4,0,4,0,2024,0.038498951310003325,2085039,52.08348392795263,0.3383838383838384,47.035353535353536,2025,PPML-FE + Caged x grupo
2025,PARQUE ANCHIETA,Maternal II,34,198.0,4,0,0,4,2024,0.038498951310003325,2085039,38.12383544448783,0.21153846153846154,41.88461538461539,2025,PPML-FE + Caged x grupo
2025,PARQUE COLUMBIA,Bercario,26,191.0,4,4,0,0,2024,0.038498951310003325,2085039,53.544562487485635,0.17164179104477612,32.78358208955224,2025,PPML-FE + Caged x grupo
2025,PARQUE COLUMBIA,Maternal I,7,20.0,4,0,4,0,2024,0.038498951310003325,2085039,8.291530854938692,0.30357142857142855,6.071428571428571,2025,PPML-FE + Caged x grupo
2025,PARQUE COLUMBIA,Maternal II,5,56.0,4,0,0,4,2024,0.038498951310003325,2085039,11.929958195298903,0.0975609756097561,5.463414634146342,2025,PPML-FE + Caged x grupo
2025,PAVUNA,Bercario,414,1846.0,4,4,0,0,2024,0.038498951310003325,2085039,629.0038417974872,0.26447661469933187,488.2238307349666,2025,PPML-FE + Caged x grupo
2025,PAVUNA,Maternal I,354,816.0,4,0,4,0,2024,0.038498951310003325,2085039,411.18236350497125,0.41081081081081083,335.22162162162164,2025,PPML-FE + Caged x grupo
2025,PAVUNA,Maternal II,151,925.0,4,0,0,4,2024,0.038498951310003325,2085039,239.51472693115065,0.20020325203252032,185.1880081300813,2025,PPML-FE + Caged x grupo
2025,PECHINCHA,Bercario,68,694.0,4,4,0,0,2024,0.038498951310003325,2085039,87.96870633189067,0.09408926417370325,65.29794933655006,2025,PPML-FE + Caged x grupo
2025,PECHINCHA,Maternal I,75,433.0,4,0,4,0,2024,0.038498951310003325,2085039,81.16697295398487,0.1928374655647383,83.49862258953168,2025,PPML-FE + Caged x grupo
2025,PECHINCHA,Maternal II,23,363.0,4,0,0,4,2024,0.038498951310003325,2085039,34.965862678740024,0.13615023474178403,49.4225352112676,2025,PPML-FE + Caged x grupo
2025,PEDRA GUARATIBA,Bercario,111,368.0,4,4,0,0,2024,0.038498951310003325,2085039,62.88862730620946,0.15781710914454278,58.07669616519174,2025,PPML-FE + Caged x grupo
2025,PEDRA GUARATIBA,Maternal I,70,458.0,4,0,4,0,2024,0.038498951310003325,2085039,115.7477328198116,0.3119266055045872,142.86238532110093,2025,PPML-FE + Caged x grupo
2025,PEDRA GUARATIBA,Maternal II,55,436.0,4,0,0,4,2024,0.038498951310003325,2085039,56.62127879263633,0.09740259740259741,42.46753246753247,2025,PPML-FE + Caged x grupo
2025,PENHA,Bercario,307,1238.0,4,4,0,0,2024,0.038498951310003325,2085039,285.7610986871585,0.2562225475841874,317.203513909224,2025,PPML-FE + Caged x grupo
2025,PENHA,Maternal I,218,715.0,4,0,4,0,2024,0.038498951310003325,2085039,244.06821367472315,0.38235294117647056,273.38235294117646,2025,PPML-FE + Caged x grupo
2025,PENHA,Maternal II,104,714.0,4,0,0,4,2024,0.038498951310003325,2085039,125.2418752912197,0.16971916971916973,121.17948717948718,2025,PPML-FE + Caged x grupo
2025,PENHA CIRCULAR,Bercario,201,752.0,4,4,0,0,2024,0.038498951310003325,2085039,188.53106039279743,0.32674571805006586,245.71277997364953,2025,PPML-FE + Caged x grupo
2025,PENHA CIRCULAR,Maternal I,105,360.0,4,0,4,0,2024,0.038498951310003325,2085039,133.4720371001836,0.36553524804177545,131.59268929503915,2025,PPML-FE + Caged x grupo
2025,PENHA CIRCULAR,Maternal II,47,383.0,4,0,0,4,2024,0.038498951310003325,2085039,72.96804849800498,0.16507177033492823,63.22248803827751,2025,PPML-FE + Caged x grupo
2025,PIEDADE,Bercario,125,713.0,4,4,0,0,2024,0.038498951310003325,2085039,175.6018433897312,0.21191135734072022,151.09279778393352,2025,PPML-FE + Caged x grupo
2025,PIEDADE,Maternal I,168,347.0,4,0,4,0,2024,0.038498951310003325,2085039,126.38389452792048,0.46195652173913043,160.29891304347825,2025,PPML-FE + Caged x grupo
2025,PIEDADE,Maternal II,73,368.0,4,0,0,4,2024,0.038498951310003325,2085039,68.87414922351117,0.21377672209026127,78.66983372921615,2025,PPML-FE + Caged x grupo
2025,PILARES,Bercario,125,430.0,4,4,0,0,2024,0.038498951310003325,2085039,122.91890836245734,0.3006535947712418,129.28104575163397,2025,PPML-FE + Caged x grupo
2025,PILARES,Maternal I,99,229.0,4,0,4,0,2024,0.038498951310003325,2085039,96.80737406652499,0.49783549783549785,114.00432900432901,2025,PPML-FE + Caged x grupo
2025,PILARES,Maternal II,55,231.0,4,0,0,4,2024,0.038498951310003325,2085039,50.18005196651091,0.26587301587301587,61.416666666666664,2025,PPML-FE + Caged x grupo
2025,PITANGUEIRAS,Bercario,20,183.0,4,4,0,0,2024,0.038498951310003325,2085039,27.304347151712886,0.0967741935483871,17.70967741935484,2025,PPML-FE + Caged x grupo
2025,PITANGUEIRAS,Maternal I,27,89.0,4,0,4,0,2024,0.038498951310003325,2085039,19.637827118162676,0.15555555555555556,13.844444444444445,2025,PPML-FE + Caged x grupo
2025,PITANGUEIRAS,Maternal II,12,90.0,4,0,0,4,2024,0.038498951310003325,2085039,10.204508798520662,0.1875,16.875,2025,PPML-FE + Caged x grupo
2025,PORTUGUESA,Bercario,57,266.0,4,4,0,0,2024,0.038498951310003325,2085039,66.49563210781375,0.23529411764705882,62.588235294117645,2025,PPML-FE + Caged x grupo
2025,PORTUGUESA,Maternal I,37,154.0,4,0,4,0,2024,0.038498951310003325,2085039,56.9318008454869,0.225,34.65,2025,PPML-FE + Caged x grupo
2025,PORTUGUESA,Maternal II,19,160.0,4,0,0,4,2024,0.038498951310003325,2085039,30.394874363369055,0.10884353741496598,17.414965986394556,2025,PPML-FE + Caged x grupo
2025,PRACA BANDEIRA,Bercario,6,113.0,4,4,0,0,2024,0.038498951310003325,2085039,21.93914348955143,0.10655737704918032,12.040983606557376,2025,PPML-FE + Caged x grupo
2025,PRACA BANDEIRA,Maternal I,17,60.0,4,0,4,0,2024,0.038498951310003325,2085039,17.22721976470898,0.3,18.0,2025,PPML-FE + Caged x grupo
2025,PRACA BANDEIRA,Maternal II,6,70.0,4,0,0,4,2024,0.038498951310003325,2085039,10.327807936887746,0.16216216216216217,11.351351351351353,2025,PPML-FE + Caged x grupo
2025,PRACA SECA,Bercario,295,1127.0,4,4,0,0,2024,0.038498951310003325,2085039,305.44658679677934,0.24595744680851064,277.1940425531915,2025,PPML-FE + Caged x grupo
2025,PRACA SECA,Maternal I,223,568.0,4,0,4,0,2024,0.038498951310003325,2085039,227.657737074745,0.35276532137518685,200.37070254110614,2025,PPML-FE + Caged x grupo
2025,PRACA SECA,Maternal II,118,669.0,4,0,0,4,2024,0.038498951310003325,2085039,137.78640402188478,0.23493975903614459,157.17469879518072,2025,PPML-FE + Caged x grupo
2025,PRAIA BANDEIRA,Bercario,7,78.0,4,4,0,0,2024,0.038498951310003325,2085039,14.265886549183607,0.05357142857142857,4.178571428571428,2025,PPML-FE + Caged x grupo
2025,PRAIA BANDEIRA,Maternal I,6,16.0,4,0,4,0,2024,0.038498951310003325,2085039,4.327597531340601,0.125,2.0,2025,PPML-FE + Caged x grupo
2025,PRAIA BANDEIRA,Maternal II,0,40.0,4,0,0,4,2024,0.038498951310003325,2085039,5.559465536303058,0.030303030303030304,1.2121212121212122,2025,PPML-FE + Caged x grupo
2025,QUINTINO BOCAIUVA,Bercario,47,431.0,4,4,0,0,2024,0.038498951310003325,2085039,94.88775052377544,0.1471861471861472,63.43722943722944,2025,PPML-FE + Caged x grupo
2025,QUINTINO BOCAIUVA,Maternal I,110,243.0,4,0,4,0,2024,0.038498951310003325,2085039,79.11555389928006,0.5063829787234042,123.05106382978722,2025,PPML-FE + Caged x grupo
2025,QUINTINO BOCAIUVA,Maternal II,69,235.0,4,0,0,4,2024,0.038498951310003325,2085039,39.316027570562575,0.3296296296296296,77.46296296296296,2025,PPML-FE + Caged x grupo
2025,RAMOS,Bercario,413,886.0,4,4,0,0,2024,0.038498951310003325,2085039,287.7090033218827,0.358187134502924,317.35380116959067,2025,PPML-FE + Caged x grupo
2025,RAMOS,Maternal I,367,861.0,4,0,4,0,2024,0.038498951310003325,2085039,413.47151997005034,0.6651090342679128,572.6588785046729,2025,PPML-FE + Caged x grupo
2025,RAMOS,Maternal II,180,642.0,4,0,0,4,2024,0.038498951310003325,2085039,158.4249747211435,0.26303317535545023,168.86729857819904,2025,PPML-FE + Caged x grupo
2025,REALENGO,Bercario,683,3084.0,4,4,0,0,2024,0.038498951310003325,2085039,872.4395559612003,0.2513595166163142,775.1927492447131,2025,PPML-FE + Caged x grupo
2025,REALENGO,Maternal I,605,1690.0,4,0,4,0,2024,0.038498951310003325,2085039,707.0178878366198,0.3532232285562067,596.9472562599893,2025,PPML-FE + Caged x grupo
2025,REALENGO,Maternal II,373,1877.0,4,0,0,4,2024,0.038498951310003325,2085039,403.5098485043634,0.22854240731335704,428.9740985271712,2025,PPML-FE + Caged x grupo
2025,RECREIO BANDEIRANTES,Bercario,194,2435.0,4,4,0,0,2024,0.038498951310003325,2085039,371.8749950806329,0.08985282726568551,218.79163439194423,2025,PPML-FE + Caged x grupo
2025,RECREIO BANDEIRANTES,Maternal I,213,1324.0,4,0,4,0,2024,0.038498951310003325,2085039,299.0258374682454,0.20072727272727273,265.7629090909091,2025,PPML-FE + Caged x grupo
2025,RECREIO BANDEIRANTES,Maternal II,104,1375.0,4,0,0,4,2024,0.038498951310003325,2085039,159.57674334630977,0.1288256227758007,177.13523131672596,2025,PPML-FE + Caged x grupo
2025,RIACHUELO,Bercario,34,140.0,4,4,0,0,2024,0.038498951310003325,2085039,25.94501931399597,0.34532374100719426,48.3453237410072,2025,PPML-FE + Caged x grupo
2025,RIACHUELO,Maternal I,14,63.0,4,0,4,0,2024,0.038498951310003325,2085039,17.265900371186,0.19480519480519481,12.272727272727273,2025,PPML-FE + Caged x grupo
2025,RIACHUELO,Maternal II,7,77.0,4,0,0,4,2024,0.038498951310003325,2085039,10.843901788603482,0.19148936170212766,14.74468085106383,2025,PPML-FE + Caged x grupo
2025,RIBEIRA,Bercario,6,46.0,4,4,0,0,2024,0.038498951310003325,2085039,8.729640367146544,0.12195121951219512,5.609756097560975,2025,PPML-FE + Caged x grupo
2025,RIBEIRA,Maternal I,4,21.0,4,0,4,0,2024,0.038498951310003325,2085039,5.893598334092481,0.19047619047619047,4.0,2025,PPML-FE + Caged x grupo
2025,RIBEIRA,Maternal II,1,21.0,4,0,0,4,2024,0.038498951310003325,2085039,3.0284939009150653,0.1935483870967742,4.064516129032258,2025,PPML-FE + Caged x grupo
2025,RICARDO ALBUQUERQUE,Bercario,108,499.0,4,4,0,0,2024,0.038498951310003325,2085039,173.92923385870725,0.26666666666666666,133.06666666666666,2025,PPML-FE + Caged x grupo
2025,RICARDO ALBUQUERQUE,Maternal I,139,286.0,4,0,4,0,2024,0.038498951310003325,2085039,147.42148782580867,0.39228295819935693,112.19292604501608,2025,PPML-FE + Caged x grupo
2025,RICARDO ALBUQUERQUE,Maternal II,95,311.0,4,0,0,4,2024,0.038498951310003325,2085039,82.37611672370976,0.3225806451612903,100.32258064516128,2025,PPML-FE + Caged x grupo
2025,RIO COMPRIDO,Bercario,214,695.0,4,4,0,0,2024,0.038498951310003325,2085039,225.5703270398259,0.33873144399460187,235.4183535762483,2025,PPML-FE + Caged x grupo
2025,RIO COMPRIDO,Maternal I,117,398.0,4,0,4,0,2024,0.038498951310003325,2085039,191.03060678511534,0.3828125,152.359375,2025,PPML-FE + Caged x grupo
2025,RIO COMPRIDO,Maternal II,74,384.0,4,0,0,4,2024,0.038498951310003325,2085039,94.71031406269236,0.17548076923076922,67.38461538461539,2025,PPML-FE + Caged x grupo
2025,ROCHA,Bercario,91,292.0,4,4,0,0,2024,0.038498951310003325,2085039,89.32702070182285,0.31378299120234604,91.62463343108504,2025,PPML-FE + Caged x grupo
2025,ROCHA,Maternal I,39,186.0,4,0,4,0,2024,0.038498951310003325,2085039,84.14642327281405,0.30128205128205127,56.03846153846153,2025,PPML-FE + Caged x grupo
2025,ROCHA,Maternal II,20,156.0,4,0,0,4,2024,0.038498951310003325,2085039,36.265484506797705,0.18354430379746836,28.632911392405063,2025,PPML-FE + Caged x grupo
2025,ROCHA MIRANDA,Bercario,169,724.0,4,4,0,0,2024,0.038498951310003325,2085039,190.45101451030058,0.26323119777158777,190.57938718662953,2025,PPML-FE + Caged x grupo
2025,ROCHA MIRANDA,Maternal I,122,360.0,4,0,4,0,2024,0.038498951310003325,2085039,140.04575314943241,0.2972972972972973,107.02702702702703,2025,PPML-FE + Caged x grupo
2025,ROCHA MIRANDA,Maternal II,102,444.0,4,0,0,4,2024,0.038498951310003325,2085039,88.75576715117629,0.18009478672985782,79.96208530805687,2025,PPML-FE + Caged x grupo
2025,ROCINHA,Bercario,310,1341.0,4,4,0,0,2024,0.038498951310003325,2085039,185.06100025053507,0.20330459770114942,272.6314655172414,2025,PPML-FE + Caged x grupo
2025,ROCINHA,Maternal I,266,735.0,4,0,4,0,2024,0.038498951310003325,2085039,150.0017013382722,0.3235294117647059,237.79411764705884,2025,PPML-FE + Caged x grupo
2025,ROCINHA,Maternal II,146,714.0,4,0,0,4,2024,0.038498951310003325,2085039,74.87782604519312,0.15847665847665848,113.15233415233416,2025,PPML-FE + Caged x grupo
2025,SAMPAIO,Bercario,91,220.0,4,4,0,0,2024,0.038498951310003325,2085039,70.33974162676863,0.46530612244897956,102.3673469387755,2025,PPML-FE + Caged x grupo
2025,SAMPAIO,Maternal I,38,128.0,4,0,4,0,2024,0.038498951310003325,2085039,60.521652280543854,0.33884297520661155,43.37190082644628,2025,PPML-FE + Caged x grupo
2025,SAMPAIO,Maternal II,17,121.0,4,0,0,4,2024,0.038498951310003325,2085039,29.39898563208838,0.208,25.168,2025,PPML-FE + Caged x grupo
2025,SANTA CRUZ,Bercario,1895,6041.0,4,4,0,0,2024,0.038498951310003325,2085039,1674.5285513968145,0.3319488817891374,2005.303194888179,2025,PPML-FE + Caged x grupo
2025,SANTA CRUZ,Maternal I,1417,3151.0,4,0,4,0,2024,0.038498951310003325,2085039,1291.6797252642104,0.4641399416909621,1462.5049562682216,2025,PPML-FE + Caged x grupo
2025,SANTA CRUZ,Maternal II,693,3430.0,4,0,0,4,2024,0.038498951310003325,2085039,722.514768906578,0.2217741935483871,760.6854838709677,2025,PPML-FE + Caged x grupo
2025,SANTA TERESA,Bercario,182,607.0,4,4,0,0,2024,0.038498951310003325,2085039,194.90764878365704,0.2887218045112782,175.25413533834586,2025,PPML-FE + Caged x grupo
2025,SANTA TERESA,Maternal I,124,352.0,4,0,4,0,2024,0.038498951310003325,2085039,167.14968920424772,0.329700272479564,116.05449591280653,2025,PPML-FE + Caged x grupo
2025,SANTA TERESA,Maternal II,54,367.0,4,0,0,4,2024,0.038498951310003325,2085039,89.5519698753823,0.15721649484536082,57.69845360824742,2025,PPML-FE + Caged x grupo
2025,SANTISSIMO,Bercario,278,1004.0,4,4,0,0,2024,0.038498951310003325,2085039,366.28567749722083,0.28034682080924855,281.46820809248555,2025,PPML-FE + Caged x grupo
2025,SANTISSIMO,Maternal I,264,517.0,4,0,4,0,2024,0.038498951310003325,2085039,278.9327354977828,0.40634441087613293,210.0800604229607,2025,PPML-FE + Caged x grupo
2025,SANTISSIMO,Maternal II,132,662.0,4,0,0,4,2024,0.038498951310003325,2085039,183.53255121769956,0.3333333333333333,220.66666666666666,2025,PPML-FE + Caged x grupo
2025,SANTO CRISTO,Bercario,82,253.0,4,4,0,0,2024,0.038498951310003325,2085039,74.23798594698819,0.3321678321678322,84.03846153846155,2025,PPML-FE + Caged x grupo
2025,SANTO CRISTO,Maternal I,57,151.0,4,0,4,0,2024,0.038498951310003325,2085039,65.52474291867327,0.3333333333333333,50.33333333333333,2025,PPML-FE + Caged x grupo
2025,SANTO CRISTO,Maternal II,25,174.0,4,0,0,4,2024,0.038498951310003325,2085039,38.799291572082154,0.19653179190751446,34.19653179190752,2025,PPML-FE + Caged x grupo
2025,SAO CONRADO,Bercario,17,127.0,4,4,0,0,2024,0.038498951310003325,2085039,17.60157890520204,0.1,12.700000000000001,2025,PPML-FE + Caged x grupo
2025,SAO CONRADO,Maternal I,1,84.0,4,0,4,0,2024,0.038498951310003325,2085039,17.216699939170123,0.09210526315789473,7.7368421052631575,2025,PPML-FE + Caged x grupo
2025,SAO CONRADO,Maternal II,1,76.0,4,0,0,4,2024,0.038498951310003325,2085039,8.004429538264226,0.038461538461538464,2.9230769230769234,2025,PPML-FE + Caged x grupo
2025,SAO CRISTOVAO,Bercario,250,570.0,4,4,0,0,2024,0.038498951310003325,2085039,197.99610264415847,0.3514246947082768,200.3120759837178,2025,PPML-FE + Caged x grupo
2025,SAO CRISTOVAO,Maternal I,162,430.0,4,0,4,0,2024,0.038498951310003325,2085039,220.8884257753056,0.4068181818181818,174.9318181818182,2025,PPML-FE + Caged x grupo
2025,SAO CRISTOVAO,Maternal II,79,440.0,4,0,0,4,2024,0.038498951310003325,2085039,116.14575736348846,0.15643564356435644,68.83168316831683,2025,PPML-FE + Caged x grupo
2025,SAO FRANCISCO XAVIER,Bercario,18,99.0,4,4,0,0,2024,0.038498951310003325,2085039,21.88269518554073,0.29357798165137616,29.064220183486242,2025,PPML-FE + Caged x grupo
2025,SAO FRANCISCO XAVIER,Maternal I,21,60.0,4,0,4,0,2024,0.038498951310003325,2085039,19.61279934523204,0.23636363636363636,14.181818181818182,2025,PPML-FE + Caged x grupo
2025,SAO FRANCISCO XAVIER,Maternal II,6,55.0,4,0,0,4,2024,0.038498951310003325,2085039,9.238409176196669,0.2,11.0,2025,PPML-FE + Caged x grupo
2025,SAUDE,Bercario,7,54.0,4,4,0,0,2024,0.038498951310003325,2085039,11.187272823415368,0.09615384615384616,5.1923076923076925,2025,PPML-FE + Caged x grupo
2025,SAUDE,Maternal I,5,19.0,4,0,4,0,2024,0.038498951310003325,2085039,5.821123173450374,0.25,4.75,2025,PPML-FE + Caged x grupo
2025,SAUDE,Maternal II,2,32.0,4,0,0,4,2024,0.038498951310003325,2085039,5.037897597513379,0.1891891891891892,6.054054054054054,2025,PPML-FE + Caged x grupo
2025,SENADOR CAMARA,Bercario,351,2042.0,4,4,0,0,2024,0.038498951310003325,2085039,656.1651583191832,0.17668323542702213,360.7871667419792,2025,PPML-FE + Caged x grupo
2025,SENADOR CAMARA,Maternal I,424,1143.0,4,0,4,0,2024,0.038498951310003325,2085039,543.1582460139697,0.39567747298420614,452.2593516209476,2025,PPML-FE + Caged x grupo
2025,SENADOR CAMARA,Maternal II,308,1203.0,4,0,0,4,2024,0.038498951310003325,2085039,293.7595156388445,0.27522935779816515,331.10091743119267,2025,PPML-FE + Caged x grupo
2025,SENADOR VASCONCELOS,Bercario,131,570.0,4,4,0,0,2024,0.038498951310003325,2085039,221.54628846599135,0.24956369982547993,142.25130890052355,2025,PPML-FE + Caged x grupo
2025,SENADOR VASCONCELOS,Maternal I,156,306.0,4,0,4,0,2024,0.038498951310003325,2085039,175.8870107657231,0.5614035087719298,171.78947368421052,2025,PPML-FE + Caged x grupo
2025,SENADOR VASCONCELOS,Maternal II,73,342.0,4,0,0,4,2024,0.038498951310003325,2085039,101.01470896155651,0.41887905604719766,143.2566371681416,2025,PPML-FE + Caged x grupo
2025,SEPETIBA,Bercario,670,1467.0,4,4,0,0,2024,0.038498951310003325,2085039,434.5797093395585,0.46765498652291104,686.0498652291105,2025,PPML-FE + Caged x grupo
2025,SEPETIBA,Maternal I,320,714.0,4,0,4,0,2024,0.038498951310003325,2085039,312.79533076689955,0.417890520694259,298.3738317757009,2025,PPML-FE + Caged x grupo
2025,SEPETIBA,Maternal II,214,749.0,4,0,0,4,2024,0.038498951310003325,2085039,168.6126044628488,0.2710163111668758,202.99121706398998,2025,PPML-FE + Caged x grupo
2025,TANQUE,Bercario,219,805.0,4,4,0,0,2024,0.038498951310003325,2085039,266.00808409245775,0.28888888888888886,232.55555555555554,2025,PPML-FE + Caged x grupo
2025,TANQUE,Maternal I,208,381.0,4,0,4,0,2024,0.038498951310003325,2085039,186.1858402245054,0.5339366515837104,203.42986425339367,2025,PPML-FE + Caged x grupo
2025,TANQUE,Maternal II,90,442.0,4,0,0,4,2024,0.038498951310003325,2085039,110.99159998799699,0.28661087866108786,126.68200836820084,2025,PPML-FE + Caged x grupo
2025,TAQUARA,Bercario,443,2076.0,4,4,0,0,2024,0.038498951310003325,2085039,495.1722478963746,0.1864125932062966,386.99254349627176,2025,PPML-FE + Caged x grupo
2025,TAQUARA,Maternal I,364,1308.0,4,0,4,0,2024,0.038498951310003325,2085039,461.3806853338393,0.3338497288923315,436.6754453911696,2025,PPML-FE + Caged x grupo
2025,TAQUARA,Maternal II,209,1291.0,4,0,0,4,2024,0.038498951310003325,2085039,234.00442899537538,0.1974479516453996,254.9053055742109,2025,PPML-FE + Caged x grupo
2025,TAUA,Bercario,116,436.0,4,4,0,0,2024,0.038498951310003325,2085039,123.83995846026404,0.29069767441860467,126.74418604651163,2025,PPML-FE + Caged x grupo
2025,TAUA,Maternal I,74,204.0,4,0,4,0,2024,0.038498951310003325,2085039,85.6894182326679,0.3015267175572519,61.51145038167939,2025,PPML-FE + Caged x grupo
2025,TAUA,Maternal II,37,262.0,4,0,0,4,2024,0.038498951310003325,2085039,56.55154669879845,0.16666666666666666,43.666666666666664,2025,PPML-FE + Caged x grupo
2025,TIJUCA,Bercario,290,1952.0,4,4,0,0,2024,0.038498951310003325,2085039,307.01941003833275,0.18366360560657322,358.5113581440309,2025,PPML-FE + Caged x grupo
2025,TIJUCA,Maternal I,152,1027.0,4,0,4,0,2024,0.038498951310003325,2085039,238.8796651327,0.17935871743486975,184.20140280561122,2025,PPML-FE + Caged x grupo
2025,TIJUCA,Maternal II,57,998.0,4,0,0,4,2024,0.038498951310003325,2085039,119.28489388587977,0.06350626118067978,63.379248658318424,2025,PPML-FE + Caged x grupo
2025,TODOS OS SANTOS,Bercario,15,269.0,4,4,0,0,2024,0.038498951310003325,2085039,37.54042981128621,0.09929078014184398,26.70921985815603,2025,PPML-FE + Caged x grupo
2025,TODOS OS SANTOS,Maternal I,20,140.0,4,0,4,0,2024,0.038498951310003325,2085039,28.893337784779003,0.273972602739726,38.35616438356164,2025,PPML-FE + Caged x grupo
2025,TODOS OS SANTOS,Maternal II,11,146.0,4,0,0,4,2024,0.038498951310003325,2085039,15.483484519377722,0.11805555555555555,17.23611111111111,2025,PPML-FE + Caged x grupo
2025,TOMAS COELHO,Bercario,101,437.0,4,4,0,0,2024,0.038498951310003325,2085039,140.36960775921125,0.2391304347826087,104.5,2025,PPML-FE + Caged x grupo
2025,TOMAS COELHO,Maternal I,80,230.0,4,0,4,0,2024,0.038498951310003325,2085039,109.25522201285189,0.33984375,78.1640625,2025,PPML-FE + Caged x grupo
2025,TOMAS COELHO,Maternal II,39,256.0,4,0,0,4,2024,0.038498951310003325,2085039,62.4885579356174,0.25390625,65.0,2025,PPML-FE + Caged x grupo
2025,TURIACU,Bercario,59,269.0,4,4,0,0,2024,0.038498951310003325,2085039,80.41519881216705,0.23809523809523808,64.04761904761905,2025,PPML-FE + Caged x grupo
2025,TURIACU,Maternal I,38,154.0,4,0,4,0,2024,0.038498951310003325,2085039,68.08152877814759,0.3972602739726027,61.17808219178082,2025,PPML-FE + Caged x grupo
2025,TURIACU,Maternal II,22,146.0,4,0,0,4,2024,0.038498951310003325,2085039,33.16710789380838,0.2046783625730994,29.88304093567251,2025,PPML-FE + Caged x grupo
2025,URCA,Bercario,4,80.0,4,4,0,0,2024,0.038498951310003325,2085039,13.24512674320291,0.06818181818181818,5.454545454545454,2025,PPML-FE + Caged x grupo
2025,URCA,Maternal I,6,50.0,4,0,4,0,2024,0.038498951310003325,2085039,12.242182635871671,0.23404255319148937,11.702127659574469,2025,PPML-FE + Caged x grupo
2025,URCA,Maternal II,2,47.0,4,0,0,4,2024,0.038498951310003325,2085039,5.913340364277574,0.05172413793103448,2.4310344827586206,2025,PPML-FE + Caged x grupo
2025,VARGEM GRANDE,Bercario,143,533.0,4,4,0,0,2024,0.038498951310003325,2085039,112.66837246663636,0.22053872053872053,117.54713804713805,2025,PPML-FE + Caged x grupo
2025,VARGEM GRANDE,Maternal I,88,302.0,4,0,4,0,2024,0.038498951310003325,2085039,94.40706001870736,0.4274193548387097,129.08064516129033,2025,PPML-FE + Caged x grupo
2025,VARGEM GRANDE,Maternal II,62,248.0,4,0,0,4,2024,0.038498951310003325,2085039,39.837803067057685,0.1792452830188679,44.45283018867924,2025,PPML-FE + Caged x grupo
2025,VARGEM PEQUENA,Bercario,123,746.0,4,4,0,0,2024,0.038498951310003325,2085039,141.2916242891013,0.1461836998706339,109.05304010349289,2025,PPML-FE + Caged x grupo
2025,VARGEM PEQUENA,Maternal I,85,365.0,4,0,4,0,2024,0.038498951310003325,2085039,102.23348681814788,0.289002557544757,105.4859335038363,2025,PPML-FE + Caged x grupo
2025,VARGEM PEQUENA,Maternal II,66,391.0,4,0,0,4,2024,0.038498951310003325,2085039,56.27600188386781,0.18779342723004694,73.42723004694835,2025,PPML-FE + Caged x grupo
2025,VASCO GAMA,Bercario,16,193.0,4,4,0,0,2024,0.038498951310003325,2085039,37.471412777461815,0.11538461538461539,22.26923076923077,2025,PPML-FE + Caged x grupo
2025,VASCO GAMA,Maternal I,12,19.0,4,0,4,0,2024,0.038498951310003325,2085039,5.4553055204307705,0.0975609756097561,1.853658536585366,2025,PPML-FE + Caged x grupo
2025,VASCO GAMA,Maternal II,7,82.0,4,0,0,4,2024,0.038498951310003325,2085039,12.098332014317753,0.0967741935483871,7.935483870967742,2025,PPML-FE + Caged x grupo
2025,VAZ LOBO,Bercario,69,288.0,4,4,0,0,2024,0.038498951310003325,2085039,89.12449555952774,0.29354838709677417,84.54193548387096,2025,PPML-FE + Caged x grupo
2025,VAZ LOBO,Maternal I,53,155.0,4,0,4,0,2024,0.038498951310003325,2085039,70.93474529838186,0.30687830687830686,47.56613756613756,2025,PPML-FE + Caged x grupo
2025,VAZ LOBO,Maternal II,35,189.0,4,0,0,4,2024,0.038498951310003325,2085039,44.44626680669981,0.16161616161616163,30.545454545454547,2025,PPML-FE + Caged x grupo
2025,VICENTE CARVALHO,Bercario,86,374.0,4,4,0,0,2024,0.038498951310003325,2085039,108.313004336792,0.20135746606334842,75.3076923076923,2025,PPML-FE + Caged x grupo
2025,VICENTE CARVALHO,Maternal I,73,235.0,4,0,4,0,2024,0.038498951310003325,2085039,100.64670949969185,0.35585585585585583,83.62612612612612,2025,PPML-FE + Caged x grupo
2025,VICENTE CARVALHO,Maternal II,33,222.0,4,0,0,4,2024,0.038498951310003325,2085039,48.85745742918572,0.200836820083682,44.58577405857741,2025,PPML-FE + Caged x grupo
2025,VIDIGAL,Bercario,117,325.0,4,4,0,0,2024,0.038498951310003325,2085039,108.28824666512946,0.3473053892215569,112.874251497006,2025,PPML-FE + Caged x grupo
2025,VIDIGAL,Maternal I,64,152.0,4,0,4,0,2024,0.038498951310003325,2085039,74.89697327272792,0.40236686390532544,61.15976331360947,2025,PPML-FE + Caged x grupo
2025,VIDIGAL,Maternal II,23,169.0,4,0,0,4,2024,0.038498951310003325,2085039,42.791110112319444,0.28160919540229884,47.5919540229885,2025,PPML-FE + Caged x grupo
2025,VIGARIO GERAL,Bercario,165,781.0,4,4,0,0,2024,0.038498951310003325,2085039,203.30198601691708,0.20630749014454666,161.12614980289095,2025,PPML-FE + Caged x grupo
2025,VIGARIO GERAL,Maternal I,170,371.0,4,0,4,0,2024,0.038498951310003325,2085039,142.819403681202,0.4431279620853081,164.4004739336493,2025,PPML-FE + Caged x grupo
2025,VIGARIO GERAL,Maternal II,67,422.0,4,0,0,4,2024,0.038498951310003325,2085039,83.47797895968992,0.20797720797720798,87.76638176638177,2025,PPML-FE + Caged x grupo
2025,VILA ISABEL,Bercario,182,879.0,4,4,0,0,2024,0.038498951310003325,2085039,164.28266179883332,0.23322683706070288,205.00638977635782,2025,PPML-FE + Caged x grupo
2025,VILA ISABEL,Maternal I,84,479.0,4,0,4,0,2024,0.038498951310003325,2085039,132.39180026384943,0.1651031894934334,79.0844277673546,2025,PPML-FE + Caged x grupo
2025,VILA ISABEL,Maternal II,46,533.0,4,0,0,4,2024,0.038498951310003325,2085039,75.70053566816202,0.11557788944723618,61.60301507537689,2025,PPML-FE + Caged x grupo
2025,VILA KENNEDY,Bercario,1,506.0,4,4,0,0,2024,0.038498951310003325,2085039,36.2279355594517,0.0,0.0,2025,PPML-FE + Caged x grupo
2025,VILA KENNEDY,Maternal I,2,44.0,4,0,4,0,2024,0.038498951310003325,2085039,4.6587399050761675,0.0,0.0,2025,PPML-FE + Caged x grupo
2025,VILA KENNEDY,Maternal II,0,101.0,4,0,0,4,2024,0.038498951310003325,2085039,5.495197822574003,0.008583690987124463,0.8669527896995708,2025,PPML-FE + Caged x grupo
2025,VILA KOSMOS,Bercario,34,203.0,4,4,0,0,2024,0.038498951310003325,2085039,61.560672272720275,0.20179372197309417,40.964125560538115,2025,PPML-FE + Caged x grupo
2025,VILA KOSMOS,Maternal I,41,108.0,4,0,4,0,2024,0.038498951310003325,2085039,48.43438503767003,0.5528455284552846,59.707317073170735,2025,PPML-FE + Caged x grupo
2025,VILA KOSMOS,Maternal II,18,123.0,4,0,0,4,2024,0.038498951310003325,2085039,28.345316797843477,0.11904761904761904,14.642857142857142,2025,PPML-FE + Caged x grupo
2025,VILA MILITAR,Bercario,6,268.0,4,4,0,0,2024,0.038498951310003325,2085039,34.99573991749654,0.04979253112033195,13.344398340248961,2025,PPML-FE + Caged x grupo
2025,VILA MILITAR,Maternal I,11,90.0,4,0,4,0,2024,0.038498951310003325,2085039,17.37983360404253,0.06622516556291391,5.960264900662252,2025,PPML-FE + Caged x grupo
2025,VILA MILITAR,Maternal II,17,151.0,4,0,0,4,2024,0.038498951310003325,2085039,14.983946761366848,0.02666666666666667,4.026666666666667,2025,PPML-FE + Caged x grupo
2025,VILA PENHA,Bercario,58,262.0,4,4,0,0,2024,0.038498951310003325,2085039,42.5492825744706,0.21016949152542372,55.06440677966101,2025,PPML-FE + Caged x grupo
2025,VILA PENHA,Maternal I,52,161.0,4,0,4,0,2024,0.038498951310003325,2085039,38.66691689652151,0.2857142857142857,46.0,2025,PPML-FE + Caged x grupo
2025,VILA PENHA,Maternal II,16,182.0,4,0,0,4,2024,0.038498951310003325,2085039,22.4611105953768,0.07468879668049792,13.593360995850622,2025,PPML-FE + Caged x grupo
2025,VILA VALQUEIRE,Bercario,86,572.0,4,4,0,0,2024,0.038498951310003325,2085039,111.01922821376262,0.13242784380305603,75.74872665534805,2025,PPML-FE + Caged x grupo
2025,VILA VALQUEIRE,Maternal I,101,304.0,4,0,4,0,2024,0.038498951310003325,2085039,87.2566383152447,0.2803030303030303,85.2121212121212,2025,PPML-FE + Caged x grupo
2025,VILA VALQUEIRE,Maternal II,43,264.0,4,0,0,4,2024,0.038498951310003325,2085039,38.938120942860614,0.14950166112956811,39.46843853820598,2025,PPML-FE + Caged x grupo
2025,VISTA ALEGRE,Bercario,34,125.0,4,4,0,0,2024,0.038498951310003325,2085039,29.221364536517726,0.25384615384615383,31.73076923076923,2025,PPML-FE + Caged x grupo
2025,VISTA ALEGRE,Maternal I,18,55.0,4,0,4,0,2024,0.038498951310003325,2085039,19.014104966805675,0.39655172413793105,21.810344827586206,2025,PPML-FE + Caged x grupo
2025,VISTA ALEGRE,Maternal II,13,58.0,4,0,0,4,2024,0.038498951310003325,2085039,10.303561328825252,0.21428571428571427,12.428571428571427,2025,PPML-FE + Caged x grupo
2025,ZUMBI,Bercario,7,35.0,4,4,0,0,2024,0.038498951310003325,2085039,6.735421772260164,0.07142857142857142,2.5,2025,PPML-FE + Caged x grupo
2025,ZUMBI,Maternal I,3,25.0,4,0,4,0,2024,0.038498951310003325,2085039,7.114747295519194,0.13043478260869565,3.260869565217391,2025,PPML-FE + Caged x grupo
2025,ZUMBI,Maternal II,2,23.0,4,0,0,4,2024,0.038498951310003325,2085039,3.363515829213995,0.125,2.875,2025,PPML-FE + Caged x grupo
2025,ABOLICAO,Bercario,18,146.0,4,4,0,0,2024,0.038498951310003325,2085039,17.18472016695268,0.2012987012987013,29.38961038961039,2025,PPML-FE Caged x grupo sem tendencia
2025,ABOLICAO,Maternal I,39,78.0,4,0,4,0,2024,0.038498951310003325,2085039,14.321874947045162,0.2391304347826087,18.65217391304348,2025,PPML-FE Caged x grupo sem tendencia
2025,ABOLICAO,Maternal II,13,92.0,4,0,0,4,2024,0.038498951310003325,2085039,11.179865625471674,0.1375,12.65,2025,PPML-FE Caged x grupo sem tendencia
2025,ACARI,Bercario,207,794.0,4,4,0,0,2024,0.038498951310003325,2085039,199.98426581121868,0.28588807785888076,226.99513381995132,2025,PPML-FE Caged x grupo sem tendencia
2025,ACARI,Maternal I,239,407.0,4,0,4,0,2024,0.038498951310003325,2085039,159.91360012072644,0.6934673366834171,282.24120603015075,2025,PPML-FE Caged x grupo sem tendencia
2025,ACARI,Maternal II,79,398.0,4,0,0,4,2024,0.038498951310003325,2085039,103.49456539510162,0.2678132678132678,106.58968058968058,2025,PPML-FE Caged x grupo sem tendencia
2025,AGUA SANTA,Bercario,10,110.0,4,4,0,0,2024,0.038498951310003325,2085039,15.791574320790296,0.14634146341463414,16.097560975609756,2025,PPML-FE Caged x grupo sem tendencia
2025,AGUA SANTA,Maternal I,19,69.0,4,0,4,0,2024,0.038498951310003325,2085039,15.452455444980153,0.5166666666666667,35.650000000000006,2025,PPML-FE Caged x grupo sem tendencia
2025,AGUA SANTA,Maternal II,6,60.0,4,0,0,4,2024,0.038498951310003325,2085039,8.892894525108295,0.14492753623188406,8.695652173913043,2025,PPML-FE Caged x grupo sem tendencia
2025,ALTO BOA VISTA,Bercario,43,154.0,4,4,0,0,2024,0.038498951310003325,2085039,27.503039103816537,0.3727810650887574,57.40828402366864,2025,PPML-FE Caged x grupo sem tendencia
2025,ALTO BOA VISTA,Maternal I,32,70.0,4,0,4,0,2024,0.038498951310003325,2085039,19.501753888003478,0.28431372549019607,19.901960784313726,2025,PPML-FE Caged x grupo sem tendencia
2025,ALTO BOA VISTA,Maternal II,9,102.0,4,0,0,4,2024,0.038498951310003325,2085039,18.806989615969893,0.16304347826086957,16.630434782608695,2025,PPML-FE Caged x grupo sem tendencia
2025,ANCHIETA,Bercario,255,1192.0,4,4,0,0,2024,0.038498951310003325,2085039,215.37476585635034,0.20187454938716654,240.6344628695025,2025,PPML-FE Caged x grupo sem tendencia
2025,ANCHIETA,Maternal I,344,746.0,4,0,4,0,2024,0.038498951310003325,2085039,210.26793821455666,0.547550432276657,408.47262247838614,2025,PPML-FE Caged x grupo sem tendencia
2025,ANCHIETA,Maternal II,181,694.0,4,0,0,4,2024,0.038498951310003325,2085039,129.46047045691756,0.24939467312348668,173.07990314769975,2025,PPML-FE Caged x grupo sem tendencia
2025,ANDARAI,Bercario,89,459.0,4,4,0,0,2024,0.038498951310003325,2085039,57.54623763135076,0.22529644268774704,103.41106719367589,2025,PPML-FE Caged x grupo sem tendencia
2025,ANDARAI,Maternal I,52,269.0,4,0,4,0,2024,0.038498951310003325,2085039,52.610471630294995,0.23430962343096234,63.02928870292887,2025,PPML-FE Caged x grupo sem tendencia
2025,ANDARAI,Maternal II,20,239.0,4,0,0,4,2024,0.038498951310003325,2085039,30.935796177818954,0.060810810810810814,14.533783783783784,2025,PPML-FE Caged x grupo sem tendencia
2025,ANIL,Bercario,284,720.0,4,4,0,0,2024,0.038498951310003325,2085039,416.46909370732214,0.43300248138957814,311.76178660049624,2025,PPML-FE Caged x grupo sem tendencia
2025,ANIL,Maternal I,380,439.0,4,0,4,0,2024,0.038498951310003325,2085039,396.123372149297,1.1007751937984496,483.2403100775194,2025,PPML-FE Caged x grupo sem tendencia
2025,ANIL,Maternal II,406,387.0,4,0,0,4,2024,0.038498951310003325,2085039,231.11088144455866,0.9594594594594594,371.3108108108108,2025,PPML-FE Caged x grupo sem tendencia
2025,BANCARIOS,Bercario,79,250.0,4,4,0,0,2024,0.038498951310003325,2085039,44.89456176417794,0.3074433656957929,76.86084142394822,2025,PPML-FE Caged x grupo sem tendencia
2025,BANCARIOS,Maternal I,40,186.0,4,0,4,0,2024,0.038498951310003325,2085039,52.105352460920166,0.38848920863309355,72.2589928057554,2025,PPML-FE Caged x grupo sem tendencia
2025,BANCARIOS,Maternal II,34,139.0,4,0,0,4,2024,0.038498951310003325,2085039,25.77078665927529,0.0880503144654088,12.238993710691823,2025,PPML-FE Caged x grupo sem tendencia
2025,BANGU,Bercario,1020,4064.0,4,4,0,0,2024,0.038498951310003325,2085039,873.9596844652339,0.24396607958251793,991.4781474233529,2025,PPML-FE Caged x grupo sem tendencia
2025,BANGU,Maternal I,845,2461.0,4,0,4,0,2024,0.038498951310003325,2085039,825.5910561703415,0.3760217983651226,925.3896457765668,2025,PPML-FE Caged x grupo sem tendencia
2025,BANGU,Maternal II,534,2569.0,4,0,0,4,2024,0.038498951310003325,2085039,570.375617204087,0.23878923766816143,613.4495515695068,2025,PPML-FE Caged x grupo sem tendencia
2025,BARRA GUARATIBA,Bercario,20,113.0,4,4,0,0,2024,0.038498951310003325,2085039,12.397059633598703,0.109375,12.359375,2025,PPML-FE Caged x grupo sem tendencia
2025,BARRA GUARATIBA,Maternal I,13,57.0,4,0,4,0,2024,0.038498951310003325,2085039,9.75507849536653,0.3380281690140845,19.267605633802816,2025,PPML-FE Caged x grupo sem tendencia
2025,BARRA GUARATIBA,Maternal II,15,71.0,4,0,0,4,2024,0.038498951310003325,2085039,8.041882865452086,0.3291139240506329,23.367088607594937,2025,PPML-FE Caged x grupo sem tendencia
2025,BARRA OLIMPICA,Bercario,68,522.0,4,4,0,0,2024,0.038498951310003325,2085039,77.17099893458828,0.17202228755915455,89.79563410587868,2025,PPML-FE Caged x grupo sem tendencia
2025,BARRA TIJUCA,Bercario,41,2331.0,4,4,0,0,2024,0.038498951310003325,2085039,80.31545848127445,0.024390243902439025,56.85365853658537,2025,PPML-FE Caged x grupo sem tendencia
2025,BARRA TIJUCA,Maternal I,96,1210.0,4,0,4,0,2024,0.038498951310003325,2085039,65.03661145737108,0.0802675585284281,97.123745819398,2025,PPML-FE Caged x grupo sem tendencia
2025,BARRA TIJUCA,Maternal II,24,1196.0,4,0,0,4,2024,0.038498951310003325,2085039,42.54486956682441,0.028478437754271765,34.06021155410903,2025,PPML-FE Caged x grupo sem tendencia
2025,BARROS FILHO,Bercario,102,417.0,4,4,0,0,2024,0.038498951310003325,2085039,81.60807223693283,0.28117359413202936,117.24938875305624,2025,PPML-FE Caged x grupo sem tendencia
2025,BARROS FILHO,Maternal I,57,187.0,4,0,4,0,2024,0.038498951310003325,2085039,57.089249845787535,0.2767857142857143,51.75892857142858,2025,PPML-FE Caged x grupo sem tendencia
2025,BARROS FILHO,Maternal II,45,224.0,4,0,0,4,2024,0.038498951310003325,2085039,45.258924541065774,0.22924901185770752,51.351778656126484,2025,PPML-FE Caged x grupo sem tendencia
2025,BENFICA,Bercario,224,716.0,4,4,0,0,2024,0.038498951310003325,2085039,227.42824926240615,0.5,358.0,2025,PPML-FE Caged x grupo sem tendencia
2025,BENFICA,Maternal I,149,320.0,4,0,4,0,2024,0.038498951310003325,2085039,158.5612387502542,0.6256684491978609,200.21390374331548,2025,PPML-FE Caged x grupo sem tendencia
2025,BENFICA,Maternal II,99,374.0,4,0,0,4,2024,0.038498951310003325,2085039,122.64847020318538,0.36619718309859156,136.95774647887325,2025,PPML-FE Caged x grupo sem tendencia
2025,BENTO RIBEIRO,Bercario,103,608.0,4,4,0,0,2024,0.038498951310003325,2085039,91.90318749569735,0.16129032258064516,98.06451612903226,2025,PPML-FE Caged x grupo sem tendencia
2025,BENTO RIBEIRO,Maternal I,114,301.0,4,0,4,0,2024,0.038498951310003325,2085039,70.97561372404711,0.3485714285714286,104.92,2025,PPML-FE Caged x grupo sem tendencia
2025,BENTO RIBEIRO,Maternal II,64,350.0,4,0,0,4,2024,0.038498951310003325,2085039,54.620313309132634,0.21014492753623187,73.55072463768116,2025,PPML-FE Caged x grupo sem tendencia
2025,BONSUCESSO,Bercario,382,674.0,4,4,0,0,2024,0.038498951310003325,2085039,133.24681195304612,0.3854258121158911,259.7769973661106,2025,PPML-FE Caged x grupo sem tendencia
2025,BONSUCESSO,Maternal I,255,742.0,4,0,4,0,2024,0.038498951310003325,2085039,228.83186573852802,0.6198630136986302,459.9383561643836,2025,PPML-FE Caged x grupo sem tendencia
2025,BONSUCESSO,Maternal II,153,584.0,4,0,0,4,2024,0.038498951310003325,2085039,119.19798807107111,0.2600502512562814,151.86934673366832,2025,PPML-FE Caged x grupo sem tendencia
2025,BOTAFOGO,Bercario,114,1069.0,4,4,0,0,2024,0.038498951310003325,2085039,62.56347090194884,0.10228310502283106,109.3406392694064,2025,PPML-FE Caged x grupo sem tendencia
2025,BOTAFOGO,Maternal I,79,567.0,4,0,4,0,2024,0.038498951310003325,2085039,51.76567174754706,0.1243432574430823,70.50262697022767,2025,PPML-FE Caged x grupo sem tendencia
2025,BOTAFOGO,Maternal II,28,571.0,4,0,0,4,2024,0.038498951310003325,2085039,34.50153241988252,0.059931506849315065,34.2208904109589,2025,PPML-FE Caged x grupo sem tendencia
2025,BRAS PINA,Bercario,171,748.0,4,4,0,0,2024,0.038498951310003325,2085039,86.58095322497702,0.2379182156133829,177.9628252788104,2025,PPML-FE Caged x grupo sem tendencia
2025,BRAS PINA,Maternal I,191,417.0,4,0,4,0,2024,0.038498951310003325,2085039,75.29610062741044,0.3805309734513274,158.68141592920352,2025,PPML-FE Caged x grupo sem tendencia
2025,BRAS PINA,Maternal II,71,452.0,4,0,0,4,2024,0.038498951310003325,2085039,54.01549339264248,0.15904139433551198,71.88671023965142,2025,PPML-FE Caged x grupo sem tendencia
2025,CACHAMBI,Bercario,77,567.0,4,4,0,0,2024,0.038498951310003325,2085039,47.0984627071299,0.16166666666666665,91.66499999999999,2025,PPML-FE Caged x grupo sem tendencia
2025,CACHAMBI,Maternal I,57,306.0,4,0,4,0,2024,0.038498951310003325,2085039,39.65160447567742,0.2310126582278481,70.68987341772153,2025,PPML-FE Caged x grupo sem tendencia
2025,CACHAMBI,Maternal II,17,316.0,4,0,0,4,2024,0.038498951310003325,2085039,27.100038212896695,0.1,31.6,2025,PPML-FE Caged x grupo sem tendencia
2025,CACUIA,Bercario,32,173.0,4,4,0,0,2024,0.038498951310003325,2085039,22.32994532282879,0.17318435754189945,29.960893854748605,2025,PPML-FE Caged x grupo sem tendencia
2025,CACUIA,Maternal I,25,89.0,4,0,4,0,2024,0.038498951310003325,2085039,17.920380595650524,0.3132530120481928,27.87951807228916,2025,PPML-FE Caged x grupo sem tendencia
2025,CACUIA,Maternal II,28,83.0,4,0,0,4,2024,0.038498951310003325,2085039,11.060602797230976,0.2336448598130841,19.39252336448598,2025,PPML-FE Caged x grupo sem tendencia
2025,CAJU,Bercario,174,627.0,4,4,0,0,2024,0.038498951310003325,2085039,142.8816517746734,0.26666666666666666,167.2,2025,PPML-FE Caged x grupo sem tendencia
2025,CAJU,Maternal I,137,331.0,4,0,4,0,2024,0.038498951310003325,2085039,117.66643104466705,0.4362017804154303,144.38278931750742,2025,PPML-FE Caged x grupo sem tendencia
2025,CAJU,Maternal II,54,337.0,4,0,0,4,2024,0.038498951310003325,2085039,79.28626684428602,0.10662824207492795,35.93371757925072,2025,PPML-FE Caged x grupo sem tendencia
2025,CAMORIM,Bercario,70,103.0,4,4,0,0,2024,0.038498951310003325,2085039,47.00749338299479,0.5960591133004927,61.39408866995075,2025,PPML-FE Caged x grupo sem tendencia
2025,CAMORIM,Maternal I,43,123.0,4,0,4,0,2024,0.038498951310003325,2085039,87.56905159774786,0.9411764705882353,115.76470588235294,2025,PPML-FE Caged x grupo sem tendencia
2025,CAMORIM,Maternal II,22,85.0,4,0,0,4,2024,0.038498951310003325,2085039,40.05049998528358,0.651685393258427,55.3932584269663,2025,PPML-FE Caged x grupo sem tendencia
2025,CAMPINHO,Bercario,43,194.0,4,4,0,0,2024,0.038498951310003325,2085039,26.070884905894527,0.21739130434782608,42.17391304347826,2025,PPML-FE Caged x grupo sem tendencia
2025,CAMPINHO,Maternal I,47,100.0,4,0,4,0,2024,0.038498951310003325,2085039,20.963785544438775,0.23893805309734514,23.893805309734514,2025,PPML-FE Caged x grupo sem tendencia
2025,CAMPINHO,Maternal II,17,113.0,4,0,0,4,2024,0.038498951310003325,2085039,15.678035138010618,0.25,28.25,2025,PPML-FE Caged x grupo sem tendencia
2025,CAMPO AFONSOS,Bercario,3,73.0,4,4,0,0,2024,0.038498951310003325,2085039,8.503089668740213,0.041666666666666664,3.0416666666666665,2025,PPML-FE Caged x grupo sem tendencia
2025,CAMPO AFONSOS,Maternal I,1,31.0,4,0,4,0,2024,0.038498951310003325,2085039,5.6328898463269,0.1724137931034483,5.344827586206897,2025,PPML-FE Caged x grupo sem tendencia
2025,CAMPO AFONSOS,Maternal II,3,29.0,4,0,0,4,2024,0.038498951310003325,2085039,3.4874745277434016,0.16666666666666666,4.833333333333333,2025,PPML-FE Caged x grupo sem tendencia
2025,CAMPO GRANDE,Bercario,1508,7095.0,4,4,0,0,2024,0.038498951310003325,2085039,1432.1354585473578,0.23559657218193802,1671.5576796308503,2025,PPML-FE Caged x grupo sem tendencia
2025,CAMPO GRANDE,Maternal I,1423,3900.0,4,0,4,0,2024,0.038498951310003325,2085039,1228.0384667844414,0.41684717208182914,1625.7039711191337,2025,PPML-FE Caged x grupo sem tendencia
2025,CAMPO GRANDE,Maternal II,795,4155.0,4,0,0,4,2024,0.038498951310003325,2085039,865.888304165402,0.2565226923920193,1065.8517868888403,2025,PPML-FE Caged x grupo sem tendencia
2025,CASCADURA,Bercario,114,547.0,4,4,0,0,2024,0.038498951310003325,2085039,109.72560994790733,0.21273031825795644,116.36348408710217,2025,PPML-FE Caged x grupo sem tendencia
2025,CASCADURA,Maternal I,98,304.0,4,0,4,0,2024,0.038498951310003325,2085039,95.12834186376104,0.30952380952380953,94.0952380952381,2025,PPML-FE Caged x grupo sem tendencia
2025,CASCADURA,Maternal II,66,294.0,4,0,0,4,2024,0.038498951310003325,2085039,60.88736158711676,0.303951367781155,89.36170212765957,2025,PPML-FE Caged x grupo sem tendencia
2025,CATETE,Bercario,53,332.0,4,4,0,0,2024,0.038498951310003325,2085039,36.58269403645815,0.15743440233236153,52.268221574344025,2025,PPML-FE Caged x grupo sem tendencia
2025,CATETE,Maternal I,34,174.0,4,0,4,0,2024,0.038498951310003325,2085039,29.90904286949132,0.225,39.15,2025,PPML-FE Caged x grupo sem tendencia
2025,CATETE,Maternal II,22,160.0,4,0,0,4,2024,0.038498951310003325,2085039,18.20190030303081,0.08,12.8,2025,PPML-FE Caged x grupo sem tendencia
2025,CATUMBI,Bercario,122,265.0,4,4,0,0,2024,0.038498951310003325,2085039,72.96414213571192,0.5018181818181818,132.9818181818182,2025,PPML-FE Caged x grupo sem tendencia
2025,CATUMBI,Maternal I,50,148.0,4,0,4,0,2024,0.038498951310003325,2085039,63.56835718864419,0.39779005524861877,58.872928176795575,2025,PPML-FE Caged x grupo sem tendencia
2025,CATUMBI,Maternal II,24,181.0,4,0,0,4,2024,0.038498951310003325,2085039,51.45188960631975,0.1871345029239766,33.87134502923976,2025,PPML-FE Caged x grupo sem tendencia
2025,CAVALCANTE,Bercario,76,296.0,4,4,0,0,2024,0.038498951310003325,2085039,62.31633831049607,0.3258064516129032,96.43870967741935,2025,PPML-FE Caged x grupo sem tendencia
2025,CAVALCANTE,Maternal I,69,157.0,4,0,4,0,2024,0.038498951310003325,2085039,51.5614988694841,0.44171779141104295,69.34969325153374,2025,PPML-FE Caged x grupo sem tendencia
2025,CAVALCANTE,Maternal II,40,163.0,4,0,0,4,2024,0.038498951310003325,2085039,35.42884279402602,0.3177083333333333,51.78645833333333,2025,PPML-FE Caged x grupo sem tendencia
2025,CENTRO,Bercario,123,375.0,4,4,0,0,2024,0.038498951310003325,2085039,89.46104263470968,0.3506787330316742,131.50452488687782,2025,PPML-FE Caged x grupo sem tendencia
2025,CENTRO,Maternal I,99,243.0,4,0,4,0,2024,0.038498951310003325,2085039,90.43251875877044,0.41434262948207173,100.68525896414343,2025,PPML-FE Caged x grupo sem tendencia
2025,CENTRO,Maternal II,48,251.0,4,0,0,4,2024,0.038498951310003325,2085039,61.82093322155276,0.3025830258302583,75.94833948339483,2025,PPML-FE Caged x grupo sem tendencia
2025,CIDADE DEUS,Bercario,432,1044.0,4,4,0,0,2024,0.038498951310003325,2085039,276.33036281480145,0.38869565217391305,405.79826086956524,2025,PPML-FE Caged x grupo sem tendencia
2025,CIDADE DEUS,Maternal I,421,591.0,4,0,4,0,2024,0.038498951310003325,2085039,244.02327718416262,0.6447166921898928,381.02756508422664,2025,PPML-FE Caged x grupo sem tendencia
2025,CIDADE DEUS,Maternal II,91,653.0,4,0,0,4,2024,0.038498951310003325,2085039,178.44337856817737,0.2559055118110236,167.10629921259843,2025,PPML-FE Caged x grupo sem tendencia
2025,CIDADE NOVA,Bercario,25,80.0,4,4,0,0,2024,0.038498951310003325,2085039,16.83360000027246,0.39080459770114945,31.264367816091955,2025,PPML-FE Caged x grupo sem tendencia
2025,CIDADE NOVA,Maternal I,21,46.0,4,0,4,0,2024,0.038498951310003325,2085039,15.099428634568591,0.31666666666666665,14.566666666666666,2025,PPML-FE Caged x grupo sem tendencia
2025,CIDADE NOVA,Maternal II,6,60.0,4,0,0,4,2024,0.038498951310003325,2085039,13.034591173686852,0.18867924528301888,11.320754716981133,2025,PPML-FE Caged x grupo sem tendencia
2025,CIDADE UNIVERSITARIA,Bercario,6,24.0,4,4,0,0,2024,0.038498951310003325,2085039,3.1248591424227774,0.21739130434782608,5.217391304347826,2025,PPML-FE Caged x grupo sem tendencia
2025,CIDADE UNIVERSITARIA,Maternal I,1,10.0,4,0,4,0,2024,0.038498951310003325,2085039,2.031116666482781,0.4,4.0,2025,PPML-FE Caged x grupo sem tendencia
2025,CIDADE UNIVERSITARIA,Maternal II,0,15.0,4,0,0,4,2024,0.038498951310003325,2085039,2.016367136569092,0.3,4.5,2025,PPML-FE Caged x grupo sem tendencia
2025,COCOTA,Bercario,16,76.0,4,4,0,0,2024,0.038498951310003325,2085039,9.527074206850628,0.16483516483516483,12.527472527472527,2025,PPML-FE Caged x grupo sem tendencia
2025,COCOTA,Maternal I,20,52.0,4,0,4,0,2024,0.038498951310003325,2085039,10.168689003399297,0.24285714285714285,12.628571428571428,2025,PPML-FE Caged x grupo sem tendencia
2025,COCOTA,Maternal II,16,70.0,4,0,0,4,2024,0.038498951310003325,2085039,9.059477343971773,0.136986301369863,9.58904109589041,2025,PPML-FE Caged x grupo sem tendencia
2025,COELHO NETO,Bercario,178,557.0,4,4,0,0,2024,0.038498951310003325,2085039,152.3060977740544,0.3193979933110368,177.9046822742475,2025,PPML-FE Caged x grupo sem tendencia
2025,COELHO NETO,Maternal I,140,284.0,4,0,4,0,2024,0.038498951310003325,2085039,121.14238007604406,0.6324503311258278,179.6158940397351,2025,PPML-FE Caged x grupo sem tendencia
2025,COELHO NETO,Maternal II,96,302.0,4,0,0,4,2024,0.038498951310003325,2085039,85.2566348237522,0.25396825396825395,76.6984126984127,2025,PPML-FE Caged x grupo sem tendencia
2025,COLEGIO,Bercario,140,597.0,4,4,0,0,2024,0.038498951310003325,2085039,116.47004451911722,0.17287630402384502,103.20715350223547,2025,PPML-FE Caged x grupo sem tendencia
2025,COLEGIO,Maternal I,113,350.0,4,0,4,0,2024,0.038498951310003325,2085039,106.51815135374952,0.3389830508474576,118.64406779661016,2025,PPML-FE Caged x grupo sem tendencia
2025,COLEGIO,Maternal II,104,354.0,4,0,0,4,2024,0.038498951310003325,2085039,71.3020998296384,0.2947976878612717,104.35838150289018,2025,PPML-FE Caged x grupo sem tendencia
2025,COMPLEXO ALEMAO,Bercario,0,901.0,4,4,0,0,2024,0.038498951310003325,2085039,28.04980421935059,0.0,0.0,2025,PPML-FE Caged x grupo sem tendencia
2025,COMPLEXO ALEMAO,Maternal I,1,232.0,4,0,4,0,2024,0.038498951310003325,2085039,11.267010371834767,0.004694835680751174,1.0892018779342723,2025,PPML-FE Caged x grupo sem tendencia
2025,COMPLEXO ALEMAO,Maternal II,0,213.0,4,0,0,4,2024,0.038498951310003325,2085039,6.846108761591147,0.0,0.0,2025,PPML-FE Caged x grupo sem tendencia
2025,COMPLEXO MARE,Bercario,566,3072.0,4,4,0,0,2024,0.038498951310003325,2085039,536.2324655772137,0.2246071291682637,689.9931008049061,2025,PPML-FE Caged x grupo sem tendencia
2025,COMPLEXO MARE,Maternal I,412,1033.0,4,0,4,0,2024,0.038498951310003325,2085039,281.28584654150046,0.3432080924855491,354.53395953757223,2025,PPML-FE Caged x grupo sem tendencia
2025,COMPLEXO MARE,Maternal II,277,1384.0,4,0,0,4,2024,0.038498951310003325,2085039,249.4176199012988,0.26919831223628693,372.5704641350211,2025,PPML-FE Caged x grupo sem tendencia
2025,COPACABANA,Bercario,269,1575.0,4,4,0,0,2024,0.038498951310003325,2085039,167.4354292778156,0.20804597701149424,327.67241379310343,2025,PPML-FE Caged x grupo sem tendencia
2025,COPACABANA,Maternal I,219,874.0,4,0,4,0,2024,0.038498951310003325,2085039,144.94188339728237,0.24508670520231213,214.2057803468208,2025,PPML-FE Caged x grupo sem tendencia
2025,COPACABANA,Maternal II,95,865.0,4,0,0,4,2024,0.038498951310003325,2085039,94.93843247402258,0.11467889908256881,99.19724770642202,2025,PPML-FE Caged x grupo sem tendencia
2025,CORDOVIL,Bercario,194,687.0,4,4,0,0,2024,0.038498951310003325,2085039,102.58569771013487,0.29291553133514986,201.23297002724794,2025,PPML-FE Caged x grupo sem tendencia
2025,CORDOVIL,Maternal I,114,369.0,4,0,4,0,2024,0.038498951310003325,2085039,85.9551913566044,0.35308056872037913,130.2867298578199,2025,PPML-FE Caged x grupo sem tendencia
2025,CORDOVIL,Maternal II,99,422.0,4,0,0,4,2024,0.038498951310003325,2085039,65.05814528110874,0.19339622641509435,81.61320754716982,2025,PPML-FE Caged x grupo sem tendencia
2025,COSME VELHO,Bercario,25,96.0,4,4,0,0,2024,0.038498951310003325,2085039,14.516410300260423,0.3652173913043478,35.06086956521739,2025,PPML-FE Caged x grupo sem tendencia
2025,COSME VELHO,Maternal I,21,64.0,4,0,4,0,2024,0.038498951310003325,2085039,15.09675620156175,0.38666666666666666,24.746666666666666,2025,PPML-FE Caged x grupo sem tendencia
2025,COSME VELHO,Maternal II,4,75.0,4,0,0,4,2024,0.038498951310003325,2085039,11.708692830752733,0.07608695652173914,5.7065217391304355,2025,PPML-FE Caged x grupo sem tendencia
2025,COSMOS,Bercario,571,2061.0,4,4,0,0,2024,0.038498951310003325,2085039,466.86046305490675,0.30566037735849055,629.966037735849,2025,PPML-FE Caged x grupo sem tendencia
2025,COSMOS,Maternal I,465,1071.0,4,0,4,0,2024,0.038498951310003325,2085039,378.45499479317095,0.4658493870402802,498.9246935201401,2025,PPML-FE Caged x grupo sem tendencia
2025,COSMOS,Maternal II,267,1142.0,4,0,0,4,2024,0.038498951310003325,2085039,267.07568817831947,0.23870417732310314,272.6001705029838,2025,PPML-FE Caged x grupo sem tendencia
2025,COSTA BARROS,Bercario,332,801.0,4,4,0,0,2024,0.038498951310003325,2085039,223.7797788764063,0.32742440041710114,262.266944734098,2025,PPML-FE Caged x grupo sem tendencia
2025,COSTA BARROS,Maternal I,195,540.0,4,0,4,0,2024,0.038498951310003325,2085039,235.34108424571386,0.3847583643122677,207.76951672862455,2025,PPML-FE Caged x grupo sem tendencia
2025,COSTA BARROS,Maternal II,117,538.0,4,0,0,4,2024,0.038498951310003325,2085039,155.17785610962022,0.2692307692307692,144.84615384615384,2025,PPML-FE Caged x grupo sem tendencia
2025,CURICICA,Bercario,241,798.0,4,4,0,0,2024,0.038498951310003325,2085039,152.1988961830845,0.22727272727272727,181.36363636363635,2025,PPML-FE Caged x grupo sem tendencia
2025,CURICICA,Maternal I,197,695.0,4,0,4,0,2024,0.038498951310003325,2085039,206.7802622754466,0.3317757009345794,230.5841121495327,2025,PPML-FE Caged x grupo sem tendencia
2025,CURICICA,Maternal II,148,642.0,4,0,0,4,2024,0.038498951310003325,2085039,126.41621614253663,0.250733137829912,160.97067448680352,2025,PPML-FE Caged x grupo sem tendencia
2025,DEL CASTILHO,Bercario,159,457.0,4,4,0,0,2024,0.038498951310003325,2085039,77.04683990479518,0.3146551724137931,143.79741379310343,2025,PPML-FE Caged x grupo sem tendencia
2025,DEL CASTILHO,Maternal I,66,239.0,4,0,4,0,2024,0.038498951310003325,2085039,62.85678985062683,0.3409090909090909,81.47727272727272,2025,PPML-FE Caged x grupo sem tendencia
2025,DEL CASTILHO,Maternal II,39,264.0,4,0,0,4,2024,0.038498951310003325,2085039,45.95171292525828,0.14937759336099585,39.43568464730291,2025,PPML-FE Caged x grupo sem tendencia
2025,DEODORO,Bercario,80,236.0,4,4,0,0,2024,0.038498951310003325,2085039,68.49441550757696,0.26523297491039427,62.59498207885305,2025,PPML-FE Caged x grupo sem tendencia
2025,DEODORO,Maternal I,63,157.0,4,0,4,0,2024,0.038498951310003325,2085039,71.08181021567681,0.5075757575757576,79.68939393939394,2025,PPML-FE Caged x grupo sem tendencia
2025,DEODORO,Maternal II,33,132.0,4,0,0,4,2024,0.038498951310003325,2085039,39.55270951995112,0.31851851851851853,42.044444444444444,2025,PPML-FE Caged x grupo sem tendencia
2025,ENCANTADO,Bercario,39,188.0,4,4,0,0,2024,0.038498951310003325,2085039,26.14739923195958,0.17391304347826086,32.69565217391304,2025,PPML-FE Caged x grupo sem tendencia
2025,ENCANTADO,Maternal I,39,91.0,4,0,4,0,2024,0.038498951310003325,2085039,19.74366196988555,0.53125,48.34375,2025,PPML-FE Caged x grupo sem tendencia
2025,ENCANTADO,Maternal II,19,96.0,4,0,0,4,2024,0.038498951310003325,2085039,13.784817770264956,0.2037037037037037,19.555555555555554,2025,PPML-FE Caged x grupo sem tendencia
2025,ENGENHEIRO LEAL,Bercario,8,116.0,4,4,0,0,2024,0.038498951310003325,2085039,19.856447581803522,0.125,14.5,2025,PPML-FE Caged x grupo sem tendencia
2025,ENGENHEIRO LEAL,Maternal I,27,66.0,4,0,4,0,2024,0.038498951310003325,2085039,17.623946501508968,0.3442622950819672,22.721311475409834,2025,PPML-FE Caged x grupo sem tendencia
2025,ENGENHEIRO LEAL,Maternal II,25,61.0,4,0,0,4,2024,0.038498951310003325,2085039,10.780342202546281,0.4533333333333333,27.653333333333332,2025,PPML-FE Caged x grupo sem tendencia
2025,ENGENHO DENTRO,Bercario,161,707.0,4,4,0,0,2024,0.038498951310003325,2085039,94.24116822665559,0.25296442687747034,178.84584980237153,2025,PPML-FE Caged x grupo sem tendencia
2025,ENGENHO DENTRO,Maternal I,152,393.0,4,0,4,0,2024,0.038498951310003325,2085039,81.72020802458367,0.35377358490566035,139.0330188679245,2025,PPML-FE Caged x grupo sem tendencia
2025,ENGENHO DENTRO,Maternal II,71,424.0,4,0,0,4,2024,0.038498951310003325,2085039,58.35072431719635,0.19433198380566802,82.39676113360323,2025,PPML-FE Caged x grupo sem tendencia
2025,ENGENHO NOVO,Bercario,232,756.0,4,4,0,0,2024,0.038498951310003325,2085039,133.5512589089852,0.3598130841121495,272.01869158878503,2025,PPML-FE Caged x grupo sem tendencia
2025,ENGENHO NOVO,Maternal I,124,428.0,4,0,4,0,2024,0.038498951310003325,2085039,117.9466541587262,0.3646788990825688,156.08256880733944,2025,PPML-FE Caged x grupo sem tendencia
2025,ENGENHO NOVO,Maternal II,52,436.0,4,0,0,4,2024,0.038498951310003325,2085039,79.51916801460486,0.15301724137931033,66.7155172413793,2025,PPML-FE Caged x grupo sem tendencia
2025,ENGENHO RAINHA,Bercario,111,476.0,4,4,0,0,2024,0.038498951310003325,2085039,84.13849986817023,0.2403846153846154,114.42307692307692,2025,PPML-FE Caged x grupo sem tendencia
2025,ENGENHO RAINHA,Maternal I,98,272.0,4,0,4,0,2024,0.038498951310003325,2085039,75.00192009701583,0.4426877470355731,120.41106719367589,2025,PPML-FE Caged x grupo sem tendencia
2025,ENGENHO RAINHA,Maternal II,43,253.0,4,0,0,4,2024,0.038498951310003325,2085039,46.17080860554165,0.3146067415730337,79.59550561797752,2025,PPML-FE Caged x grupo sem tendencia
2025,ESTACIO,Bercario,109,350.0,4,4,0,0,2024,0.038498951310003325,2085039,85.99403143740574,0.39660056657223797,138.81019830028328,2025,PPML-FE Caged x grupo sem tendencia
2025,ESTACIO,Maternal I,62,178.0,4,0,4,0,2024,0.038498951310003325,2085039,68.22380434006735,0.38071065989847713,67.76649746192894,2025,PPML-FE Caged x grupo sem tendencia
2025,ESTACIO,Maternal II,35,197.0,4,0,0,4,2024,0.038498951310003325,2085039,49.97187427858261,0.11650485436893204,22.951456310679614,2025,PPML-FE Caged x grupo sem tendencia
2025,FLAMENGO,Bercario,41,516.0,4,4,0,0,2024,0.038498951310003325,2085039,37.07722038231172,0.10088495575221239,52.05663716814159,2025,PPML-FE Caged x grupo sem tendencia
2025,FLAMENGO,Maternal I,30,297.0,4,0,4,0,2024,0.038498951310003325,2085039,33.29121012456576,0.12547528517110265,37.266159695817485,2025,PPML-FE Caged x grupo sem tendencia
2025,FLAMENGO,Maternal II,15,263.0,4,0,0,4,2024,0.038498951310003325,2085039,19.510678057413386,0.07168458781362007,18.85304659498208,2025,PPML-FE Caged x grupo sem tendencia
2025,FREGUESIA ILHA,Bercario,75,321.0,4,4,0,0,2024,0.038498951310003325,2085039,51.66921340301461,0.275,88.275,2025,PPML-FE Caged x grupo sem tendencia
2025,FREGUESIA ILHA,Maternal I,43,155.0,4,0,4,0,2024,0.038498951310003325,2085039,38.92012098730547,0.24313725490196078,37.68627450980392,2025,PPML-FE Caged x grupo sem tendencia
2025,FREGUESIA ILHA,Maternal II,27,255.0,4,0,0,4,2024,0.038498951310003325,2085039,42.37660356625937,0.19895287958115182,50.73298429319372,2025,PPML-FE Caged x grupo sem tendencia
2025,FREGUESIA JPA,Bercario,142,1172.0,4,4,0,0,2024,0.038498951310003325,2085039,110.97672418917786,0.13104013104013104,153.5790335790336,2025,PPML-FE Caged x grupo sem tendencia
2025,FREGUESIA JPA,Maternal I,104,626.0,4,0,4,0,2024,0.038498951310003325,2085039,92.46860132225744,0.2148626817447496,134.50403877221325,2025,PPML-FE Caged x grupo sem tendencia
2025,FREGUESIA JPA,Maternal II,32,619.0,4,0,0,4,2024,0.038498951310003325,2085039,60.51375269049151,0.08898305084745763,55.08050847457627,2025,PPML-FE Caged x grupo sem tendencia
2025,GALEAO,Bercario,108,612.0,4,4,0,0,2024,0.038498951310003325,2085039,128.29132183170526,0.19207317073170732,117.54878048780488,2025,PPML-FE Caged x grupo sem tendencia
2025,GALEAO,Maternal I,88,347.0,4,0,4,0,2024,0.038498951310003325,2085039,113.47259800908783,0.2958904109589041,102.67397260273972,2025,PPML-FE Caged x grupo sem tendencia
2025,GALEAO,Maternal II,75,365.0,4,0,0,4,2024,0.038498951310003325,2085039,78.99468464786128,0.34,124.10000000000001,2025,PPML-FE Caged x grupo sem tendencia
2025,GAMBOA,Bercario,51,234.0,4,4,0,0,2024,0.038498951310003325,2085039,46.38250520248113,0.3107569721115538,72.71713147410358,2025,PPML-FE Caged x grupo sem tendencia
2025,GAMBOA,Maternal I,40,126.0,4,0,4,0,2024,0.038498951310003325,2085039,38.96050302883836,0.3141025641025641,39.57692307692307,2025,PPML-FE Caged x grupo sem tendencia
2025,GAMBOA,Maternal II,24,156.0,4,0,0,4,2024,0.038498951310003325,2085039,31.924351979425257,0.2662337662337662,41.53246753246753,2025,PPML-FE Caged x grupo sem tendencia
2025,GARDENIA AZUL,Bercario,220,757.0,4,4,0,0,2024,0.038498951310003325,2085039,188.4958691648803,0.2801678908709339,212.08709338929697,2025,PPML-FE Caged x grupo sem tendencia
2025,GARDENIA AZUL,Maternal I,235,529.0,4,0,4,0,2024,0.038498951310003325,2085039,205.48366141014978,0.5488069414316703,290.3188720173536,2025,PPML-FE Caged x grupo sem tendencia
2025,GARDENIA AZUL,Maternal II,168,461.0,4,0,0,4,2024,0.038498951310003325,2085039,118.51301058122914,0.2976827094474153,137.23172905525846,2025,PPML-FE Caged x grupo sem tendencia
2025,GAVEA,Bercario,203,279.0,4,4,0,0,2024,0.038498951310003325,2085039,87.10562374691413,0.641566265060241,178.99698795180723,2025,PPML-FE Caged x grupo sem tendencia
2025,GAVEA,Maternal I,125,167.0,4,0,4,0,2024,0.038498951310003325,2085039,81.33437405940727,0.8654970760233918,144.53801169590642,2025,PPML-FE Caged x grupo sem tendencia
2025,GAVEA,Maternal II,61,171.0,4,0,0,4,2024,0.038498951310003325,2085039,55.11848217180878,0.54421768707483,93.06122448979593,2025,PPML-FE Caged x grupo sem tendencia
2025,GERICINO,Bercario,0,33.0,4,4,0,0,2024,0.038498951310003325,2085039,4.369049410640198,0.0,0.0,2025,PPML-FE Caged x grupo sem tendencia
2025,GERICINO,Maternal II,0,12.0,4,0,0,4,2024,0.038498951310003325,2085039,1.6402627035801625,0.0,0.0,2025,PPML-FE Caged x grupo sem tendencia
2025,GLORIA,Bercario,46,100.0,4,4,0,0,2024,0.038498951310003325,2085039,19.372525956366236,0.43564356435643564,43.56435643564357,2025,PPML-FE Caged x grupo sem tendencia
2025,GLORIA,Maternal I,23,44.0,4,0,4,0,2024,0.038498951310003325,2085039,13.297028322618521,0.3333333333333333,14.666666666666666,2025,PPML-FE Caged x grupo sem tendencia
2025,GLORIA,Maternal II,8,69.0,4,0,0,4,2024,0.038498951310003325,2085039,13.800489459870798,0.23076923076923078,15.923076923076923,2025,PPML-FE Caged x grupo sem tendencia
2025,GRAJAU,Bercario,69,431.0,4,4,0,0,2024,0.038498951310003325,2085039,54.11685086276532,0.18859649122807018,81.28508771929825,2025,PPML-FE Caged x grupo sem tendencia
2025,GRAJAU,Maternal I,24,234.0,4,0,4,0,2024,0.038498951310003325,2085039,45.833895427934685,0.16883116883116883,39.506493506493506,2025,PPML-FE Caged x grupo sem tendencia
2025,GRAJAU,Maternal II,17,231.0,4,0,0,4,2024,0.038498951310003325,2085039,29.945141783383068,0.10714285714285714,24.75,2025,PPML-FE Caged x grupo sem tendencia
2025,GRUMARI,Bercario,0,5.0,4,4,0,0,2024,0.038498951310003325,2085039,0.6927290026448099,0.0,0.0,2025,PPML-FE Caged x grupo sem tendencia
2025,GRUMARI,Maternal I,1,2.0,4,0,4,0,2024,0.038498951310003325,2085039,0.43225400703197703,0.0,0.0,2025,PPML-FE Caged x grupo sem tendencia
2025,GRUMARI,Maternal II,1,5.0,4,0,0,4,2024,0.038498951310003325,2085039,0.7151917865447511,0.4,2.0,2025,PPML-FE Caged x grupo sem tendencia
2025,GUADALUPE,Bercario,153,754.0,4,4,0,0,2024,0.038498951310003325,2085039,120.52968301315025,0.20317820658342792,153.19636776390465,2025,PPML-FE Caged x grupo sem tendencia
2025,GUADALUPE,Maternal I,137,481.0,4,0,4,0,2024,0.038498951310003325,2085039,119.94534853699979,0.37924151696606784,182.41516966067863,2025,PPML-FE Caged x grupo sem tendencia
2025,GUADALUPE,Maternal II,115,501.0,4,0,0,4,2024,0.038498951310003325,2085039,82.68363133894648,0.21455938697318008,107.49425287356323,2025,PPML-FE Caged x grupo sem tendencia
2025,GUARATIBA,Bercario,931,3694.0,4,4,0,0,2024,0.038498951310003325,2085039,883.5607662136061,0.28985107556536127,1070.7098731384444,2025,PPML-FE Caged x grupo sem tendencia
2025,GUARATIBA,Maternal I,812,1787.0,4,0,4,0,2024,0.038498951310003325,2085039,666.7756791218303,0.49737670514165794,888.8121720881427,2025,PPML-FE Caged x grupo sem tendencia
2025,GUARATIBA,Maternal II,619,1906.0,4,0,0,4,2024,0.038498951310003325,2085039,470.67548184048616,0.35987590486039295,685.9234746639089,2025,PPML-FE Caged x grupo sem tendencia
2025,HIGIENOPOLIS,Bercario,47,224.0,4,4,0,0,2024,0.038498951310003325,2085039,27.213831168744107,0.2621359223300971,58.71844660194175,2025,PPML-FE Caged x grupo sem tendencia
2025,HIGIENOPOLIS,Maternal I,29,105.0,4,0,4,0,2024,0.038498951310003325,2085039,19.89970474418977,0.24324324324324326,25.54054054054054,2025,PPML-FE Caged x grupo sem tendencia
2025,HIGIENOPOLIS,Maternal II,14,111.0,4,0,0,4,2024,0.038498951310003325,2085039,13.922710543302498,0.1694915254237288,18.813559322033896,2025,PPML-FE Caged x grupo sem tendencia
2025,HONORIO GURGEL,Bercario,89,361.0,4,4,0,0,2024,0.038498951310003325,2085039,65.82314988359121,0.2589928057553957,93.49640287769785,2025,PPML-FE Caged x grupo sem tendencia
2025,HONORIO GURGEL,Maternal I,82,231.0,4,0,4,0,2024,0.038498951310003325,2085039,65.70510367733051,0.3783783783783784,87.4054054054054,2025,PPML-FE Caged x grupo sem tendencia
2025,HONORIO GURGEL,Maternal II,56,222.0,4,0,0,4,2024,0.038498951310003325,2085039,41.79107869720578,0.23921568627450981,53.10588235294118,2025,PPML-FE Caged x grupo sem tendencia
2025,HUMAITA,Bercario,6,146.0,4,4,0,0,2024,0.038498951310003325,2085039,11.228515702759434,0.061224489795918366,8.938775510204081,2025,PPML-FE Caged x grupo sem tendencia
2025,HUMAITA,Maternal I,7,76.0,4,0,4,0,2024,0.038498951310003325,2085039,9.117982472732546,0.14285714285714285,10.857142857142856,2025,PPML-FE Caged x grupo sem tendencia
2025,HUMAITA,Maternal II,2,84.0,4,0,0,4,2024,0.038498951310003325,2085039,6.6697250098170535,0.020833333333333332,1.75,2025,PPML-FE Caged x grupo sem tendencia
2025,ILHA GUARATIBA,Bercario,1,69.0,4,4,0,0,2024,0.038498951310003325,2085039,10.172241126825588,0.1111111111111111,7.666666666666666,2025,PPML-FE Caged x grupo sem tendencia
2025,INHAUMA,Bercario,328,1048.0,4,4,0,0,2024,0.038498951310003325,2085039,210.57121081555786,0.36693914623069934,384.5522252497729,2025,PPML-FE Caged x grupo sem tendencia
2025,INHAUMA,Maternal I,355,529.0,4,0,4,0,2024,0.038498951310003325,2085039,165.80936253971817,0.47066326530612246,248.9808673469388,2025,PPML-FE Caged x grupo sem tendencia
2025,INHAUMA,Maternal II,132,784.0,4,0,0,4,2024,0.038498951310003325,2085039,162.6345910485407,0.23529411764705882,184.47058823529412,2025,PPML-FE Caged x grupo sem tendencia
2025,INHOAIBA,Bercario,522,1480.0,4,4,0,0,2024,0.038498951310003325,2085039,393.0595187791015,0.3384223918575064,500.86513994910945,2025,PPML-FE Caged x grupo sem tendencia
2025,INHOAIBA,Maternal I,385,824.0,4,0,4,0,2024,0.038498951310003325,2085039,341.38110536424006,0.47798066595059074,393.85606874328676,2025,PPML-FE Caged x grupo sem tendencia
2025,INHOAIBA,Maternal II,219,931.0,4,0,0,4,2024,0.038498951310003325,2085039,255.27332266365332,0.2326086956521739,216.5586956521739,2025,PPML-FE Caged x grupo sem tendencia
2025,IPANEMA,Bercario,11,508.0,4,4,0,0,2024,0.038498951310003325,2085039,21.734606683016246,0.016,8.128,2025,PPML-FE Caged x grupo sem tendencia
2025,IPANEMA,Maternal I,14,246.0,4,0,4,0,2024,0.038498951310003325,2085039,16.418702970053552,0.06529209621993128,16.061855670103093,2025,PPML-FE Caged x grupo sem tendencia
2025,IPANEMA,Maternal II,9,291.0,4,0,0,4,2024,0.038498951310003325,2085039,12.854056653122845,0.01968503937007874,5.728346456692913,2025,PPML-FE Caged x grupo sem tendencia
2025,IRAJA,Bercario,302,1468.0,4,4,0,0,2024,0.038498951310003325,2085039,223.16666624489525,0.18823529411764706,276.32941176470587,2025,PPML-FE Caged x grupo sem tendencia
2025,IRAJA,Maternal I,249,829.0,4,0,4,0,2024,0.038498951310003325,2085039,196.5954519578176,0.30814639905548996,255.4533648170012,2025,PPML-FE Caged x grupo sem tendencia
2025,IRAJA,Maternal II,128,847.0,4,0,0,4,2024,0.038498951310003325,2085039,132.93698601284402,0.18299881936245574,155.0,2025,PPML-FE Caged x grupo sem tendencia
2025,ITANHANGA,Bercario,207,1535.0,4,4,0,0,2024,0.038498951310003325,2085039,349.84938902450335,0.18896103896103897,290.05519480519484,2025,PPML-FE Caged x grupo sem tendencia
2025,ITANHANGA,Maternal I,291,721.0,4,0,4,0,2024,0.038498951310003325,2085039,256.34430326466617,0.49081364829396323,353.8766404199475,2025,PPML-FE Caged x grupo sem tendencia
2025,ITANHANGA,Maternal II,277,762.0,4,0,0,4,2024,0.038498951310003325,2085039,179.3027121790356,0.4104372355430183,312.75317348377996,2025,PPML-FE Caged x grupo sem tendencia
2025,JABOUR,Bercario,0,19.0,4,4,0,0,2024,0.038498951310003325,2085039,2.798196390457632,0.0,0.0,2025,PPML-FE Caged x grupo sem tendencia
2025,JABOUR,Maternal I,0,1.0,4,0,4,0,2024,0.038498951310003325,2085039,0.2297419256645181,0.26630110339739077,0.26630110339739077,2025,PPML-FE Caged x grupo sem tendencia
2025,JACARE,Bercario,227,278.0,4,4,0,0,2024,0.038498951310003325,2085039,85.58294700261239,0.5720620842572062,159.03325942350332,2025,PPML-FE Caged x grupo sem tendencia
2025,JACARE,Maternal I,127,288.0,4,0,4,0,2024,0.038498951310003325,2085039,138.30904888443007,0.46835443037974683,134.8860759493671,2025,PPML-FE Caged x grupo sem tendencia
2025,JACARE,Maternal II,80,316.0,4,0,0,4,2024,0.038498951310003325,2085039,100.4358296338967,0.3042168674698795,96.13253012048193,2025,PPML-FE Caged x grupo sem tendencia
2025,JACAREPAGUA,Bercario,488,4521.0,4,4,0,0,2024,0.038498951310003325,2085039,657.9024825637923,0.14035087719298245,634.5263157894736,2025,PPML-FE Caged x grupo sem tendencia
2025,JACAREPAGUA,Maternal I,501,1957.0,4,0,4,0,2024,0.038498951310003325,2085039,444.25621245752427,0.2537313432835821,496.55223880597015,2025,PPML-FE Caged x grupo sem tendencia
2025,JACAREPAGUA,Maternal II,401,2546.0,4,0,0,4,2024,0.038498951310003325,2085039,382.5115603298946,0.2167426440116038,551.8267716535433,2025,PPML-FE Caged x grupo sem tendencia
2025,JACAREZINHO,Bercario,31,563.0,4,4,0,0,2024,0.038498951310003325,2085039,39.158380402652426,0.09174311926605505,51.65137614678899,2025,PPML-FE Caged x grupo sem tendencia
2025,JACAREZINHO,Maternal I,9,157.0,4,0,4,0,2024,0.038498951310003325,2085039,17.03458840313453,0.09615384615384616,15.096153846153847,2025,PPML-FE Caged x grupo sem tendencia
2025,JACAREZINHO,Maternal II,12,208.0,4,0,0,4,2024,0.038498951310003325,2085039,14.936154889932144,0.06341463414634146,13.190243902439025,2025,PPML-FE Caged x grupo sem tendencia
2025,JARDIM AMERICA,Bercario,145,459.0,4,4,0,0,2024,0.038498951310003325,2085039,88.93638677463906,0.24736842105263157,113.5421052631579,2025,PPML-FE Caged x grupo sem tendencia
2025,JARDIM AMERICA,Maternal I,135,289.0,4,0,4,0,2024,0.038498951310003325,2085039,87.3534987638074,0.5163398692810458,149.22222222222223,2025,PPML-FE Caged x grupo sem tendencia
2025,JARDIM AMERICA,Maternal II,47,306.0,4,0,0,4,2024,0.038498951310003325,2085039,61.21352227046159,0.1529745042492918,46.81019830028329,2025,PPML-FE Caged x grupo sem tendencia
2025,JARDIM BOTANICO,Bercario,20,212.0,4,4,0,0,2024,0.038498951310003325,2085039,13.298310107310447,0.05263157894736842,11.157894736842104,2025,PPML-FE Caged x grupo sem tendencia
2025,JARDIM BOTANICO,Maternal I,15,118.0,4,0,4,0,2024,0.038498951310003325,2085039,11.546710264112125,0.13392857142857142,15.803571428571429,2025,PPML-FE Caged x grupo sem tendencia
2025,JARDIM BOTANICO,Maternal II,7,112.0,4,0,0,4,2024,0.038498951310003325,2085039,7.253335490314711,0.040983606557377046,4.590163934426229,2025,PPML-FE Caged x grupo sem tendencia
2025,JARDIM CARIOCA,Bercario,77,363.0,4,4,0,0,2024,0.038498951310003325,2085039,42.842637145296145,0.21144278606965175,76.75373134328359,2025,PPML-FE Caged x grupo sem tendencia
2025,JARDIM CARIOCA,Maternal I,59,213.0,4,0,4,0,2024,0.038498951310003325,2085039,39.21613960091801,0.25116279069767444,53.49767441860465,2025,PPML-FE Caged x grupo sem tendencia
2025,JARDIM CARIOCA,Maternal II,25,215.0,4,0,0,4,2024,0.038498951310003325,2085039,26.19794210525973,0.13924050632911392,29.93670886075949,2025,PPML-FE Caged x grupo sem tendencia
2025,JARDIM GUANABARA,Bercario,11,336.0,4,4,0,0,2024,0.038498951310003325,2085039,18.347431190115362,0.03783783783783784,12.713513513513515,2025,PPML-FE Caged x grupo sem tendencia
2025,JARDIM GUANABARA,Maternal I,13,194.0,4,0,4,0,2024,0.038498951310003325,2085039,16.525453482882604,0.035,6.790000000000001,2025,PPML-FE Caged x grupo sem tendencia
2025,JARDIM GUANABARA,Maternal II,8,200.0,4,0,0,4,2024,0.038498951310003325,2085039,11.275222827523043,0.07428571428571429,14.857142857142858,2025,PPML-FE Caged x grupo sem tendencia
2025,JARDIM SULACAP,Bercario,32,299.0,4,4,0,0,2024,0.038498951310003325,2085039,33.04414101658682,0.10372340425531915,31.013297872340424,2025,PPML-FE Caged x grupo sem tendencia
2025,JARDIM SULACAP,Maternal I,44,200.0,4,0,4,0,2024,0.038498951310003325,2085039,34.48013361109531,0.27586206896551724,55.172413793103445,2025,PPML-FE Caged x grupo sem tendencia
2025,JARDIM SULACAP,Maternal II,28,174.0,4,0,0,4,2024,0.038498951310003325,2085039,19.853252876421,0.19696969696969696,34.27272727272727,2025,PPML-FE Caged x grupo sem tendencia
2025,JOA,Bercario,1,11.0,4,4,0,0,2024,0.038498951310003325,2085039,1.4819057197588206,0.0,0.0,2025,PPML-FE Caged x grupo sem tendencia
2025,JOA,Maternal I,0,8.0,4,0,4,0,2024,0.038498951310003325,2085039,1.681254818298291,0.0,0.0,2025,PPML-FE Caged x grupo sem tendencia
2025,JOA,Maternal II,0,11.0,4,0,0,4,2024,0.038498951310003325,2085039,1.529958750332014,0.0,0.0,2025,PPML-FE Caged x grupo sem tendencia
2025,LAGOA,Bercario,3,245.0,4,4,0,0,2024,0.038498951310003325,2085039,13.00604583739046,0.01968503937007874,4.822834645669292,2025,PPML-FE Caged x grupo sem tendencia
2025,LAGOA,Maternal I,6,137.0,4,0,4,0,2024,0.038498951310003325,2085039,11.345285492011056,0.0234375,3.2109375,2025,PPML-FE Caged x grupo sem tendencia
2025,LAGOA,Maternal II,0,128.0,4,0,0,4,2024,0.038498951310003325,2085039,7.015333361477779,0.006756756756756757,0.8648648648648649,2025,PPML-FE Caged x grupo sem tendencia
2025,LAPA,Bercario,0,77.0,4,4,0,0,2024,0.038498951310003325,2085039,6.895952644289271,0.0,0.0,2025,PPML-FE Caged x grupo sem tendencia
2025,LAPA,Maternal I,0,15.0,4,0,4,0,2024,0.038498951310003325,2085039,2.0956100386571603,0.0,0.0,2025,PPML-FE Caged x grupo sem tendencia
2025,LAPA,Maternal II,0,34.0,4,0,0,4,2024,0.038498951310003325,2085039,3.1437037263122285,0.0,0.0,2025,PPML-FE Caged x grupo sem tendencia
2025,LARANJEIRAS,Bercario,49,497.0,4,4,0,0,2024,0.038498951310003325,2085039,36.93213362651428,0.09778597785977859,48.59963099630996,2025,PPML-FE Caged x grupo sem tendencia
2025,LARANJEIRAS,Maternal I,27,285.0,4,0,4,0,2024,0.038498951310003325,2085039,33.03760339940572,0.1357142857142857,38.67857142857142,2025,PPML-FE Caged x grupo sem tendencia
2025,LARANJEIRAS,Maternal II,18,280.0,4,0,0,4,2024,0.038498951310003325,2085039,21.481528915600276,0.06227106227106227,17.435897435897438,2025,PPML-FE Caged x grupo sem tendencia
2025,LEBLON,Bercario,15,506.0,4,4,0,0,2024,0.038498951310003325,2085039,20.98257090194139,0.04753199268738574,24.051188299817184,2025,PPML-FE Caged x grupo sem tendencia
2025,LEBLON,Maternal I,12,288.0,4,0,4,0,2024,0.038498951310003325,2085039,18.630149333729562,0.0599250936329588,17.258426966292134,2025,PPML-FE Caged x grupo sem tendencia
2025,LEBLON,Maternal II,5,267.0,4,0,0,4,2024,0.038498951310003325,2085039,11.430851725543674,0.017421602787456445,4.651567944250871,2025,PPML-FE Caged x grupo sem tendencia
2025,LEME,Bercario,41,177.0,4,4,0,0,2024,0.038498951310003325,2085039,22.998435084338308,0.24870466321243523,44.020725388601036,2025,PPML-FE Caged x grupo sem tendencia
2025,LEME,Maternal I,25,103.0,4,0,4,0,2024,0.038498951310003325,2085039,20.877472000053498,0.3263157894736842,33.61052631578948,2025,PPML-FE Caged x grupo sem tendencia
2025,LEME,Maternal II,9,95.0,4,0,0,4,2024,0.038498951310003325,2085039,12.744058963338254,0.07627118644067797,7.2457627118644075,2025,PPML-FE Caged x grupo sem tendencia
2025,LINS VASCONCELOS,Bercario,173,654.0,4,4,0,0,2024,0.038498951310003325,2085039,102.967160924598,0.32791728212703103,214.4579025110783,2025,PPML-FE Caged x grupo sem tendencia
2025,LINS VASCONCELOS,Maternal I,77,345.0,4,0,4,0,2024,0.038498951310003325,2085039,84.73361806639794,0.22666666666666666,78.2,2025,PPML-FE Caged x grupo sem tendencia
2025,LINS VASCONCELOS,Maternal II,29,375.0,4,0,0,4,2024,0.038498951310003325,2085039,60.95529047780529,0.0829145728643216,31.092964824120603,2025,PPML-FE Caged x grupo sem tendencia
2025,MADUREIRA,Bercario,164,778.0,4,4,0,0,2024,0.038498951310003325,2085039,127.37094327099082,0.2532544378698225,197.0319526627219,2025,PPML-FE Caged x grupo sem tendencia
2025,MADUREIRA,Maternal I,115,462.0,4,0,4,0,2024,0.038498951310003325,2085039,117.99087166047754,0.279317697228145,129.04477611940297,2025,PPML-FE Caged x grupo sem tendencia
2025,MADUREIRA,Maternal II,75,469.0,4,0,0,4,2024,0.038498951310003325,2085039,79.27253717747503,0.13812154696132597,64.77900552486189,2025,PPML-FE Caged x grupo sem tendencia
2025,MAGALHAES BASTOS,Bercario,71,404.0,4,4,0,0,2024,0.038498951310003325,2085039,65.77707224148735,0.22624434389140272,91.4027149321267,2025,PPML-FE Caged x grupo sem tendencia
2025,MAGALHAES BASTOS,Maternal I,80,228.0,4,0,4,0,2024,0.038498951310003325,2085039,57.90868282995348,0.28292682926829266,64.50731707317073,2025,PPML-FE Caged x grupo sem tendencia
2025,MAGALHAES BASTOS,Maternal II,66,205.0,4,0,0,4,2024,0.038498951310003325,2085039,34.45927869184528,0.1859504132231405,38.1198347107438,2025,PPML-FE Caged x grupo sem tendencia
2025,MANGUEIRA,Bercario,178,471.0,4,4,0,0,2024,0.038498951310003325,2085039,113.3521056427097,0.39565217391304347,186.3521739130435,2025,PPML-FE Caged x grupo sem tendencia
2025,MANGUEIRA,Maternal I,63,232.0,4,0,4,0,2024,0.038498951310003325,2085039,87.09883290896319,0.2440944881889764,56.62992125984252,2025,PPML-FE Caged x grupo sem tendencia
2025,MANGUEIRA,Maternal II,26,254.0,4,0,0,4,2024,0.038498951310003325,2085039,63.110489557259264,0.14225941422594143,36.13389121338913,2025,PPML-FE Caged x grupo sem tendencia
2025,MANGUINHOS,Bercario,261,728.0,4,4,0,0,2024,0.038498951310003325,2085039,101.32488273660069,0.21921515561569688,159.58863328822733,2025,PPML-FE Caged x grupo sem tendencia
2025,MANGUINHOS,Maternal I,186,391.0,4,0,4,0,2024,0.038498951310003325,2085039,84.89403064607211,0.3064935064935065,119.83896103896103,2025,PPML-FE Caged x grupo sem tendencia
2025,MANGUINHOS,Maternal II,111,385.0,4,0,0,4,2024,0.038498951310003325,2085039,55.32285796192914,0.2018140589569161,77.6984126984127,2025,PPML-FE Caged x grupo sem tendencia
2025,MARACANA,Bercario,11,278.0,4,4,0,0,2024,0.038498951310003325,2085039,21.361153211770908,0.056105610561056105,15.597359735973598,2025,PPML-FE Caged x grupo sem tendencia
2025,MARACANA,Maternal I,20,160.0,4,0,4,0,2024,0.038498951310003325,2085039,19.178540217210692,0.05844155844155844,9.35064935064935,2025,PPML-FE Caged x grupo sem tendencia
2025,MARACANA,Maternal II,5,154.0,4,0,0,4,2024,0.038498951310003325,2085039,12.21686479241184,0.05202312138728324,8.011560693641618,2025,PPML-FE Caged x grupo sem tendencia
2025,MARECHAL HERMES,Bercario,100,752.0,4,4,0,0,2024,0.038498951310003325,2085039,129.90587423923606,0.17051282051282052,128.22564102564104,2025,PPML-FE Caged x grupo sem tendencia
2025,MARECHAL HERMES,Maternal I,141,361.0,4,0,4,0,2024,0.038498951310003325,2085039,97.28229714761551,0.4090909090909091,147.6818181818182,2025,PPML-FE Caged x grupo sem tendencia
2025,MARECHAL HERMES,Maternal II,109,418.0,4,0,0,4,2024,0.038498951310003325,2085039,74.5497821487967,0.21896162528216703,91.52595936794582,2025,PPML-FE Caged x grupo sem tendencia
2025,MARIA GRACA,Bercario,23,82.0,4,4,0,0,2024,0.038498951310003325,2085039,9.128794841850791,0.17475728155339806,14.330097087378642,2025,PPML-FE Caged x grupo sem tendencia
2025,MARIA GRACA,Maternal I,7,55.0,4,0,4,0,2024,0.038498951310003325,2085039,9.551640095503599,0.23809523809523808,13.095238095238095,2025,PPML-FE Caged x grupo sem tendencia
2025,MARIA GRACA,Maternal II,8,63.0,4,0,0,4,2024,0.038498951310003325,2085039,7.241012406288672,0.1,6.300000000000001,2025,PPML-FE Caged x grupo sem tendencia
2025,MEIER,Bercario,68,453.0,4,4,0,0,2024,0.038498951310003325,2085039,41.63026197456745,0.14428857715430862,65.3627254509018,2025,PPML-FE Caged x grupo sem tendencia
2025,MEIER,Maternal I,59,242.0,4,0,4,0,2024,0.038498951310003325,2085039,34.693009392208054,0.3474903474903475,84.0926640926641,2025,PPML-FE Caged x grupo sem tendencia
2025,MEIER,Maternal II,17,259.0,4,0,0,4,2024,0.038498951310003325,2085039,24.573660473360206,0.15040650406504066,38.955284552845534,2025,PPML-FE Caged x grupo sem tendencia
2025,MONERO,Bercario,5,55.0,4,4,0,0,2024,0.038498951310003325,2085039,6.587303633281075,0.043478260869565216,2.391304347826087,2025,PPML-FE Caged x grupo sem tendencia
2025,MONERO,Maternal I,0,24.0,4,0,4,0,2024,0.038498951310003325,2085039,4.484065008474395,0.16666666666666666,4.0,2025,PPML-FE Caged x grupo sem tendencia
2025,MONERO,Maternal II,1,30.0,4,0,0,4,2024,0.038498951310003325,2085039,3.7095855818826036,0.07142857142857142,2.142857142857143,2025,PPML-FE Caged x grupo sem tendencia
2025,OLARIA,Bercario,215,782.0,4,4,0,0,2024,0.038498951310003325,2085039,119.56105443700207,0.2636871508379888,206.20335195530726,2025,PPML-FE Caged x grupo sem tendencia
2025,OLARIA,Maternal I,170,492.0,4,0,4,0,2024,0.038498951310003325,2085039,117.34477378987098,0.35864978902953587,176.45569620253164,2025,PPML-FE Caged x grupo sem tendencia
2025,OLARIA,Maternal II,86,474.0,4,0,0,4,2024,0.038498951310003325,2085039,74.82047701189104,0.15113871635610765,71.63975155279502,2025,PPML-FE Caged x grupo sem tendencia
2025,OSWALDO CRUZ,Bercario,61,460.0,4,4,0,0,2024,0.038498951310003325,2085039,71.32381479653381,0.15831663326653306,72.82565130260521,2025,PPML-FE Caged x grupo sem tendencia
2025,OSWALDO CRUZ,Maternal I,78,244.0,4,0,4,0,2024,0.038498951310003325,2085039,59.01769234806931,0.3321678321678322,81.04895104895105,2025,PPML-FE Caged x grupo sem tendencia
2025,OSWALDO CRUZ,Maternal II,84,286.0,4,0,0,4,2024,0.038498951310003325,2085039,45.78275390323236,0.2873134328358209,82.17164179104478,2025,PPML-FE Caged x grupo sem tendencia
2025,PACIENCIA,Bercario,670,2317.0,4,4,0,0,2024,0.038498951310003325,2085039,556.9576929130951,0.29825274278748476,691.0516050386021,2025,PPML-FE Caged x grupo sem tendencia
2025,PACIENCIA,Maternal I,675,1251.0,4,0,4,0,2024,0.038498951310003325,2085039,469.10401359048683,0.5390070921985816,674.2978723404256,2025,PPML-FE Caged x grupo sem tendencia
2025,PACIENCIA,Maternal II,365,1410.0,4,0,0,4,2024,0.038498951310003325,2085039,349.9245665912686,0.23799582463465555,335.57411273486434,2025,PPML-FE Caged x grupo sem tendencia
2025,PADRE MIGUEL,Bercario,183,1047.0,4,4,0,0,2024,0.038498951310003325,2085039,157.66956881458515,0.1816461684011353,190.18353831598864,2025,PPML-FE Caged x grupo sem tendencia
2025,PADRE MIGUEL,Maternal I,173,510.0,4,0,4,0,2024,0.038498951310003325,2085039,119.80833706547541,0.30960264900662254,157.8973509933775,2025,PPML-FE Caged x grupo sem tendencia
2025,PADRE MIGUEL,Maternal II,100,604.0,4,0,0,4,2024,0.038498951310003325,2085039,93.9068524975934,0.22992125984251968,138.8724409448819,2025,PPML-FE Caged x grupo sem tendencia
2025,PAQUETA,Bercario,26,42.0,4,4,0,0,2024,0.038498951310003325,2085039,8.02978176540344,0.39655172413793105,16.655172413793103,2025,PPML-FE Caged x grupo sem tendencia
2025,PAQUETA,Maternal I,9,33.0,4,0,4,0,2024,0.038498951310003325,2085039,9.842015790033194,0.30952380952380953,10.214285714285715,2025,PPML-FE Caged x grupo sem tendencia
2025,PAQUETA,Maternal II,20,42.0,4,0,0,4,2024,0.038498951310003325,2085039,8.290159563750695,0.1935483870967742,8.129032258064516,2025,PPML-FE Caged x grupo sem tendencia
2025,PARADA LUCAS,Bercario,109,533.0,4,4,0,0,2024,0.038498951310003325,2085039,65.29017988103534,0.24954792043399637,133.00904159132006,2025,PPML-FE Caged x grupo sem tendencia
2025,PARADA LUCAS,Maternal I,58,280.0,4,0,4,0,2024,0.038498951310003325,2085039,53.504998141188494,0.266025641025641,74.48717948717949,2025,PPML-FE Caged x grupo sem tendencia
2025,PARADA LUCAS,Maternal II,35,312.0,4,0,0,4,2024,0.038498951310003325,2085039,39.45793905299718,0.1392857142857143,43.457142857142856,2025,PPML-FE Caged x grupo sem tendencia
2025,PARQUE ANCHIETA,Bercario,44,347.0,4,4,0,0,2024,0.038498951310003325,2085039,55.26565619734431,0.2064516129032258,71.63870967741936,2025,PPML-FE Caged x grupo sem tendencia
2025,PARQUE ANCHIETA,Maternal I,84,139.0,4,0,4,0,2024,0.038498951310003325,2085039,34.53475046543114,0.3383838383838384,47.035353535353536,2025,PPML-FE Caged x grupo sem tendencia
2025,PARQUE ANCHIETA,Maternal II,34,198.0,4,0,0,4,2024,0.038498951310003325,2085039,32.5574358862712,0.21153846153846154,41.88461538461539,2025,PPML-FE Caged x grupo sem tendencia
2025,PARQUE COLUMBIA,Bercario,26,191.0,4,4,0,0,2024,0.038498951310003325,2085039,33.9394151861044,0.17164179104477612,32.78358208955224,2025,PPML-FE Caged x grupo sem tendencia
2025,PARQUE COLUMBIA,Maternal I,7,20.0,4,0,4,0,2024,0.038498951310003325,2085039,5.543916097144404,0.30357142857142855,6.071428571428571,2025,PPML-FE Caged x grupo sem tendencia
2025,PARQUE COLUMBIA,Maternal II,5,56.0,4,0,0,4,2024,0.038498951310003325,2085039,10.273493771450227,0.0975609756097561,5.463414634146342,2025,PPML-FE Caged x grupo sem tendencia
2025,PAVUNA,Bercario,414,1846.0,4,4,0,0,2024,0.038498951310003325,2085039,395.4209841802104,0.26447661469933187,488.2238307349666,2025,PPML-FE Caged x grupo sem tendencia
2025,PAVUNA,Maternal I,354,816.0,4,0,4,0,2024,0.038498951310003325,2085039,272.66779155278425,0.41081081081081083,335.22162162162164,2025,PPML-FE Caged x grupo sem tendencia
2025,PAVUNA,Maternal II,151,925.0,4,0,0,4,2024,0.038498951310003325,2085039,204.56385355384816,0.20020325203252032,185.1880081300813,2025,PPML-FE Caged x grupo sem tendencia
2025,PECHINCHA,Bercario,68,694.0,4,4,0,0,2024,0.038498951310003325,2085039,55.40796583424138,0.09408926417370325,65.29794933655006,2025,PPML-FE Caged x grupo sem tendencia
2025,PECHINCHA,Maternal I,75,433.0,4,0,4,0,2024,0.038498951310003325,2085039,53.928246366015564,0.1928374655647383,83.49862258953168,2025,PPML-FE Caged x grupo sem tendencia
2025,PECHINCHA,Maternal II,23,363.0,4,0,0,4,2024,0.038498951310003325,2085039,29.921165652362756,0.13615023474178403,49.4225352112676,2025,PPML-FE Caged x grupo sem tendencia
2025,PEDRA GUARATIBA,Bercario,111,368.0,4,4,0,0,2024,0.038498951310003325,2085039,39.224555258967094,0.15781710914454278,58.07669616519174,2025,PPML-FE Caged x grupo sem tendencia
2025,PEDRA GUARATIBA,Maternal I,70,458.0,4,0,4,0,2024,0.038498951310003325,2085039,76.15376040929799,0.3119266055045872,142.86238532110093,2025,PPML-FE Caged x grupo sem tendencia
2025,PEDRA GUARATIBA,Maternal II,55,436.0,4,0,0,4,2024,0.038498951310003325,2085039,47.97951418769033,0.09740259740259741,42.46753246753247,2025,PPML-FE Caged x grupo sem tendencia
2025,PENHA,Bercario,307,1238.0,4,4,0,0,2024,0.038498951310003325,2085039,179.02390814948922,0.2562225475841874,317.203513909224,2025,PPML-FE Caged x grupo sem tendencia
2025,PENHA,Maternal I,218,715.0,4,0,4,0,2024,0.038498951310003325,2085039,161.29172870813755,0.38235294117647056,273.38235294117646,2025,PPML-FE Caged x grupo sem tendencia
2025,PENHA,Maternal II,104,714.0,4,0,0,4,2024,0.038498951310003325,2085039,106.59767890473849,0.16971916971916973,121.17948717948718,2025,PPML-FE Caged x grupo sem tendencia
2025,PENHA CIRCULAR,Bercario,201,752.0,4,4,0,0,2024,0.038498951310003325,2085039,118.64549898112375,0.32674571805006586,245.71277997364953,2025,PPML-FE Caged x grupo sem tendencia
2025,PENHA CIRCULAR,Maternal I,105,360.0,4,0,4,0,2024,0.038498951310003325,2085039,88.60364598455706,0.36553524804177545,131.59268929503915,2025,PPML-FE Caged x grupo sem tendencia
2025,PENHA CIRCULAR,Maternal II,47,383.0,4,0,0,4,2024,0.038498951310003325,2085039,62.38660436244353,0.16507177033492823,63.22248803827751,2025,PPML-FE Caged x grupo sem tendencia
2025,PIEDADE,Bercario,125,713.0,4,4,0,0,2024,0.038498951310003325,2085039,110.17249422662951,0.21191135734072022,151.09279778393352,2025,PPML-FE Caged x grupo sem tendencia
2025,PIEDADE,Maternal I,168,347.0,4,0,4,0,2024,0.038498951310003325,2085039,83.6428442514831,0.46195652173913043,160.29891304347825,2025,PPML-FE Caged x grupo sem tendencia
2025,PIEDADE,Maternal II,73,368.0,4,0,0,4,2024,0.038498951310003325,2085039,58.7070986876732,0.21377672209026127,78.66983372921615,2025,PPML-FE Caged x grupo sem tendencia
2025,PILARES,Bercario,125,430.0,4,4,0,0,2024,0.038498951310003325,2085039,76.9708568012513,0.3006535947712418,129.28104575163397,2025,PPML-FE Caged x grupo sem tendencia
2025,PILARES,Maternal I,99,229.0,4,0,4,0,2024,0.038498951310003325,2085039,63.94535659175689,0.49783549783549785,114.00432900432901,2025,PPML-FE Caged x grupo sem tendencia
2025,PILARES,Maternal II,55,231.0,4,0,0,4,2024,0.038498951310003325,2085039,42.690278967031546,0.26587301587301587,61.416666666666664,2025,PPML-FE Caged x grupo sem tendencia
2025,PITANGUEIRAS,Bercario,20,183.0,4,4,0,0,2024,0.038498951310003325,2085039,17.21272458445966,0.0967741935483871,17.70967741935484,2025,PPML-FE Caged x grupo sem tendencia
2025,PITANGUEIRAS,Maternal I,27,89.0,4,0,4,0,2024,0.038498951310003325,2085039,13.058828024642908,0.15555555555555556,13.844444444444445,2025,PPML-FE Caged x grupo sem tendencia
2025,PITANGUEIRAS,Maternal II,12,90.0,4,0,0,4,2024,0.038498951310003325,2085039,8.739773689937424,0.1875,16.875,2025,PPML-FE Caged x grupo sem tendencia
2025,PORTUGUESA,Bercario,57,266.0,4,4,0,0,2024,0.038498951310003325,2085039,41.90546556689835,0.23529411764705882,62.588235294117645,2025,PPML-FE Caged x grupo sem tendencia
2025,PORTUGUESA,Maternal I,37,154.0,4,0,4,0,2024,0.038498951310003325,2085039,37.8464736315243,0.225,34.65,2025,PPML-FE Caged x grupo sem tendencia
2025,PORTUGUESA,Maternal II,19,160.0,4,0,0,4,2024,0.038498951310003325,2085039,26.023647256087692,0.10884353741496598,17.414965986394556,2025,PPML-FE Caged x grupo sem tendencia
2025,PRACA BANDEIRA,Bercario,6,113.0,4,4,0,0,2024,0.038498951310003325,2085039,13.737986937355403,0.10655737704918032,12.040983606557376,2025,PPML-FE Caged x grupo sem tendencia
2025,PRACA BANDEIRA,Maternal I,17,60.0,4,0,4,0,2024,0.038498951310003325,2085039,11.379195840160277,0.3,18.0,2025,PPML-FE Caged x grupo sem tendencia
2025,PRACA BANDEIRA,Maternal II,6,70.0,4,0,0,4,2024,0.038498951310003325,2085039,8.786215340949353,0.16216216216216217,11.351351351351353,2025,PPML-FE Caged x grupo sem tendencia
2025,PRACA SECA,Bercario,295,1127.0,4,4,0,0,2024,0.038498951310003325,2085039,191.77737522811137,0.24595744680851064,277.1940425531915,2025,PPML-FE Caged x grupo sem tendencia
2025,PRACA SECA,Maternal I,223,568.0,4,0,4,0,2024,0.038498951310003325,2085039,150.77781861998233,0.35276532137518685,200.37070254110614,2025,PPML-FE Caged x grupo sem tendencia
2025,PRACA SECA,Maternal II,118,669.0,4,0,0,4,2024,0.038498951310003325,2085039,117.532701778557,0.23493975903614459,157.17469879518072,2025,PPML-FE Caged x grupo sem tendencia
2025,PRAIA BANDEIRA,Bercario,7,78.0,4,4,0,0,2024,0.038498951310003325,2085039,8.969086704082773,0.05357142857142857,4.178571428571428,2025,PPML-FE Caged x grupo sem tendencia
2025,PRAIA BANDEIRA,Maternal I,6,16.0,4,0,4,0,2024,0.038498951310003325,2085039,2.8700487140252355,0.125,2.0,2025,PPML-FE Caged x grupo sem tendencia
2025,PRAIA BANDEIRA,Maternal II,0,40.0,4,0,0,4,2024,0.038498951310003325,2085039,4.748678401730408,0.030303030303030304,1.2121212121212122,2025,PPML-FE Caged x grupo sem tendencia
2025,QUINTINO BOCAIUVA,Bercario,47,431.0,4,4,0,0,2024,0.038498951310003325,2085039,59.500215233344356,0.1471861471861472,63.43722943722944,2025,PPML-FE Caged x grupo sem tendencia
2025,QUINTINO BOCAIUVA,Maternal I,110,243.0,4,0,4,0,2024,0.038498951310003325,2085039,52.3315027401264,0.5063829787234042,123.05106382978722,2025,PPML-FE Caged x grupo sem tendencia
2025,QUINTINO BOCAIUVA,Maternal II,69,235.0,4,0,0,4,2024,0.038498951310003325,2085039,33.49409720510539,0.3296296296296296,77.46296296296296,2025,PPML-FE Caged x grupo sem tendencia
2025,RAMOS,Bercario,413,886.0,4,4,0,0,2024,0.038498951310003325,2085039,181.06998288479357,0.358187134502924,317.35380116959067,2025,PPML-FE Caged x grupo sem tendencia
2025,RAMOS,Maternal I,367,861.0,4,0,4,0,2024,0.038498951310003325,2085039,274.49317837942,0.6651090342679128,572.6588785046729,2025,PPML-FE Caged x grupo sem tendencia
2025,RAMOS,Maternal II,180,642.0,4,0,0,4,2024,0.038498951310003325,2085039,135.45870340046383,0.26303317535545023,168.86729857819904,2025,PPML-FE Caged x grupo sem tendencia
2025,REALENGO,Bercario,683,3084.0,4,4,0,0,2024,0.038498951310003325,2085039,547.5614235500361,0.2513595166163142,775.1927492447131,2025,PPML-FE Caged x grupo sem tendencia
2025,REALENGO,Maternal I,605,1690.0,4,0,4,0,2024,0.038498951310003325,2085039,468.08081900765427,0.3532232285562067,596.9472562599893,2025,PPML-FE Caged x grupo sem tendencia
2025,REALENGO,Maternal II,373,1877.0,4,0,0,4,2024,0.038498951310003325,2085039,344.0661078709938,0.22854240731335704,428.9740985271712,2025,PPML-FE Caged x grupo sem tendencia
2025,RECREIO BANDEIRANTES,Bercario,194,2435.0,4,4,0,0,2024,0.038498951310003325,2085039,234.1402205555202,0.08985282726568551,218.79163439194423,2025,PPML-FE Caged x grupo sem tendencia
2025,RECREIO BANDEIRANTES,Maternal I,213,1324.0,4,0,4,0,2024,0.038498951310003325,2085039,198.60066964717282,0.20072727272727273,265.7629090909091,2025,PPML-FE Caged x grupo sem tendencia
2025,RECREIO BANDEIRANTES,Maternal II,104,1375.0,4,0,0,4,2024,0.038498951310003325,2085039,136.50196500148346,0.1288256227758007,177.13523131672596,2025,PPML-FE Caged x grupo sem tendencia
2025,RIACHUELO,Bercario,34,140.0,4,4,0,0,2024,0.038498951310003325,2085039,16.239452297615145,0.34532374100719426,48.3453237410072,2025,PPML-FE Caged x grupo sem tendencia
2025,RIACHUELO,Maternal I,14,63.0,4,0,4,0,2024,0.038498951310003325,2085039,11.399861040110093,0.19480519480519481,12.272727272727273,2025,PPML-FE Caged x grupo sem tendencia
2025,RIACHUELO,Maternal II,7,77.0,4,0,0,4,2024,0.038498951310003325,2085039,9.221322582558482,0.19148936170212766,14.74468085106383,2025,PPML-FE Caged x grupo sem tendencia
2025,RIBEIRA,Bercario,6,46.0,4,4,0,0,2024,0.038498951310003325,2085039,5.47420389308582,0.12195121951219512,5.609756097560975,2025,PPML-FE Caged x grupo sem tendencia
2025,RIBEIRA,Maternal I,4,21.0,4,0,4,0,2024,0.038498951310003325,2085039,3.8985050227234113,0.19047619047619047,4.0,2025,PPML-FE Caged x grupo sem tendencia
2025,RIBEIRA,Maternal II,1,21.0,4,0,0,4,2024,0.038498951310003325,2085039,2.5801299483143763,0.1935483870967742,4.064516129032258,2025,PPML-FE Caged x grupo sem tendencia
2025,RICARDO ALBUQUERQUE,Bercario,108,499.0,4,4,0,0,2024,0.038498951310003325,2085039,109.2711592348527,0.26666666666666666,133.06666666666666,2025,PPML-FE Caged x grupo sem tendencia
2025,RICARDO ALBUQUERQUE,Maternal I,139,286.0,4,0,4,0,2024,0.038498951310003325,2085039,97.69823182973245,0.39228295819935693,112.19292604501608,2025,PPML-FE Caged x grupo sem tendencia
2025,RICARDO ALBUQUERQUE,Maternal II,95,311.0,4,0,0,4,2024,0.038498951310003325,2085039,70.31120506511954,0.3225806451612903,100.32258064516128,2025,PPML-FE Caged x grupo sem tendencia
2025,RIO COMPRIDO,Bercario,214,695.0,4,4,0,0,2024,0.038498951310003325,2085039,141.28123730017955,0.33873144399460187,235.4183535762483,2025,PPML-FE Caged x grupo sem tendencia
2025,RIO COMPRIDO,Maternal I,117,398.0,4,0,4,0,2024,0.038498951310003325,2085039,126.21135316587988,0.3828125,152.359375,2025,PPML-FE Caged x grupo sem tendencia
2025,RIO COMPRIDO,Maternal II,74,384.0,4,0,0,4,2024,0.038498951310003325,2085039,80.59165177435675,0.17548076923076922,67.38461538461539,2025,PPML-FE Caged x grupo sem tendencia
2025,ROCHA,Bercario,91,292.0,4,4,0,0,2024,0.038498951310003325,2085039,56.59017004675117,0.31378299120234604,91.62463343108504,2025,PPML-FE Caged x grupo sem tendencia
2025,ROCHA,Maternal I,39,186.0,4,0,4,0,2024,0.038498951310003325,2085039,56.23241786396768,0.30128205128205127,56.03846153846153,2025,PPML-FE Caged x grupo sem tendencia
2025,ROCHA,Maternal II,20,156.0,4,0,0,4,2024,0.038498951310003325,2085039,31.213458611021483,0.18354430379746836,28.632911392405063,2025,PPML-FE Caged x grupo sem tendencia
2025,ROCHA MIRANDA,Bercario,169,724.0,4,4,0,0,2024,0.038498951310003325,2085039,119.46797177800252,0.26323119777158777,190.57938718662953,2025,PPML-FE Caged x grupo sem tendencia
2025,ROCHA MIRANDA,Maternal I,122,360.0,4,0,4,0,2024,0.038498951310003325,2085039,92.66827762833724,0.2972972972972973,107.02702702702703,2025,PPML-FE Caged x grupo sem tendencia
2025,ROCHA MIRANDA,Maternal II,102,444.0,4,0,0,4,2024,0.038498951310003325,2085039,75.64061341493918,0.18009478672985782,79.96208530805687,2025,PPML-FE Caged x grupo sem tendencia
2025,ROCINHA,Bercario,310,1341.0,4,4,0,0,2024,0.038498951310003325,2085039,115.98266090871208,0.20330459770114942,272.6314655172414,2025,PPML-FE Caged x grupo sem tendencia
2025,ROCINHA,Maternal I,266,735.0,4,0,4,0,2024,0.038498951310003325,2085039,99.16702744100725,0.3235294117647059,237.79411764705884,2025,PPML-FE Caged x grupo sem tendencia
2025,ROCINHA,Maternal II,146,714.0,4,0,0,4,2024,0.038498951310003325,2085039,63.75608628298477,0.15847665847665848,113.15233415233416,2025,PPML-FE Caged x grupo sem tendencia
2025,SAMPAIO,Bercario,91,220.0,4,4,0,0,2024,0.038498951310003325,2085039,44.211277183281645,0.46530612244897956,102.3673469387755,2025,PPML-FE Caged x grupo sem tendencia
2025,SAMPAIO,Maternal I,38,128.0,4,0,4,0,2024,0.038498951310003325,2085039,40.126937521834144,0.33884297520661155,43.37190082644628,2025,PPML-FE Caged x grupo sem tendencia
2025,SAMPAIO,Maternal II,17,121.0,4,0,0,4,2024,0.038498951310003325,2085039,25.104692031628343,0.208,25.168,2025,PPML-FE Caged x grupo sem tendencia
2025,SANTA CRUZ,Bercario,1895,6041.0,4,4,0,0,2024,0.038498951310003325,2085039,1052.5670275152097,0.3319488817891374,2005.303194888179,2025,PPML-FE Caged x grupo sem tendencia
2025,SANTA CRUZ,Maternal I,1417,3151.0,4,0,4,0,2024,0.038498951310003325,2085039,856.4558784657482,0.4641399416909621,1462.5049562682216,2025,PPML-FE Caged x grupo sem tendencia
2025,SANTA CRUZ,Maternal II,693,3430.0,4,0,0,4,2024,0.038498951310003325,2085039,617.0128277267436,0.2217741935483871,760.6854838709677,2025,PPML-FE Caged x grupo sem tendencia
2025,SANTA TERESA,Bercario,182,607.0,4,4,0,0,2024,0.038498951310003325,2085039,122.37796792544147,0.2887218045112782,175.25413533834586,2025,PPML-FE Caged x grupo sem tendencia
2025,SANTA TERESA,Maternal I,124,352.0,4,0,4,0,2024,0.038498951310003325,2085039,110.70643756070906,0.329700272479564,116.05449591280653,2025,PPML-FE Caged x grupo sem tendencia
2025,SANTA TERESA,Maternal II,54,367.0,4,0,0,4,2024,0.038498951310003325,2085039,76.39057134044411,0.15721649484536082,57.69845360824742,2025,PPML-FE Caged x grupo sem tendencia
2025,SANTISSIMO,Bercario,278,1004.0,4,4,0,0,2024,0.038498951310003325,2085039,229.21131820312587,0.28034682080924855,281.46820809248555,2025,PPML-FE Caged x grupo sem tendencia
2025,SANTISSIMO,Maternal I,264,517.0,4,0,4,0,2024,0.038498951310003325,2085039,184.12321728583905,0.40634441087613293,210.0800604229607,2025,PPML-FE Caged x grupo sem tendencia
2025,SANTISSIMO,Maternal II,132,662.0,4,0,0,4,2024,0.038498951310003325,2085039,156.03408659059218,0.3333333333333333,220.66666666666666,2025,PPML-FE Caged x grupo sem tendencia
2025,SANTO CRISTO,Bercario,82,253.0,4,4,0,0,2024,0.038498951310003325,2085039,46.47222902107496,0.3321678321678322,84.03846153846155,2025,PPML-FE Caged x grupo sem tendencia
2025,SANTO CRISTO,Maternal I,57,151.0,4,0,4,0,2024,0.038498951310003325,2085039,43.26787792300382,0.3333333333333333,50.33333333333333,2025,PPML-FE Caged x grupo sem tendencia
2025,SANTO CRISTO,Maternal II,25,174.0,4,0,0,4,2024,0.038498951310003325,2085039,32.99752589698402,0.19653179190751446,34.19653179190752,2025,PPML-FE Caged x grupo sem tendencia
2025,SAO CONRADO,Bercario,17,127.0,4,4,0,0,2024,0.038498951310003325,2085039,11.018405536551558,0.1,12.700000000000001,2025,PPML-FE Caged x grupo sem tendencia
2025,SAO CONRADO,Maternal I,1,84.0,4,0,4,0,2024,0.038498951310003325,2085039,11.36867846390088,0.09210526315789473,7.7368421052631575,2025,PPML-FE Caged x grupo sem tendencia
2025,SAO CONRADO,Maternal II,1,76.0,4,0,0,4,2024,0.038498951310003325,2085039,6.807501905320075,0.038461538461538464,2.9230769230769234,2025,PPML-FE Caged x grupo sem tendencia
2025,SAO CRISTOVAO,Bercario,250,570.0,4,4,0,0,2024,0.038498951310003325,2085039,123.58291033014909,0.3514246947082768,200.3120759837178,2025,PPML-FE Caged x grupo sem tendencia
2025,SAO CRISTOVAO,Maternal I,162,430.0,4,0,4,0,2024,0.038498951310003325,2085039,145.43458106297206,0.4068181818181818,174.9318181818182,2025,PPML-FE Caged x grupo sem tendencia
2025,SAO CRISTOVAO,Maternal II,79,440.0,4,0,0,4,2024,0.038498951310003325,2085039,98.4907368999125,0.15643564356435644,68.83168316831683,2025,PPML-FE Caged x grupo sem tendencia
2025,SAO FRANCISCO XAVIER,Bercario,18,99.0,4,4,0,0,2024,0.038498951310003325,2085039,13.74883345397221,0.29357798165137616,29.064220183486242,2025,PPML-FE Caged x grupo sem tendencia
2025,SAO FRANCISCO XAVIER,Maternal I,21,60.0,4,0,4,0,2024,0.038498951310003325,2085039,12.998629727398988,0.23636363636363636,14.181818181818182,2025,PPML-FE Caged x grupo sem tendencia
2025,SAO FRANCISCO XAVIER,Maternal II,6,55.0,4,0,0,4,2024,0.038498951310003325,2085039,7.885922299349102,0.2,11.0,2025,PPML-FE Caged x grupo sem tendencia
2025,SAUDE,Bercario,7,54.0,4,4,0,0,2024,0.038498951310003325,2085039,6.990287453427527,0.09615384615384616,5.1923076923076925,2025,PPML-FE Caged x grupo sem tendencia
2025,SAUDE,Maternal I,5,19.0,4,0,4,0,2024,0.038498951310003325,2085039,3.836812197613008,0.25,4.75,2025,PPML-FE Caged x grupo sem tendencia
2025,SAUDE,Maternal II,2,32.0,4,0,0,4,2024,0.038498951310003325,2085039,4.27671589873777,0.1891891891891892,6.054054054054054,2025,PPML-FE Caged x grupo sem tendencia
2025,SENADOR CAMARA,Bercario,351,2042.0,4,4,0,0,2024,0.038498951310003325,2085039,412.76935214205946,0.17668323542702213,360.7871667419792,2025,PPML-FE Caged x grupo sem tendencia
2025,SENADOR CAMARA,Maternal I,424,1143.0,4,0,4,0,2024,0.038498951310003325,2085039,360.42391705889077,0.39567747298420614,452.2593516209476,2025,PPML-FE Caged x grupo sem tendencia
2025,SENADOR CAMARA,Maternal II,308,1203.0,4,0,0,4,2024,0.038498951310003325,2085039,251.05939669085538,0.27522935779816515,331.10091743119267,2025,PPML-FE Caged x grupo sem tendencia
2025,SENADOR VASCONCELOS,Bercario,131,570.0,4,4,0,0,2024,0.038498951310003325,2085039,139.39606273138327,0.24956369982547993,142.25130890052355,2025,PPML-FE Caged x grupo sem tendencia
2025,SENADOR VASCONCELOS,Maternal I,156,306.0,4,0,4,0,2024,0.038498951310003325,2085039,116.73813314531814,0.5614035087719298,171.78947368421052,2025,PPML-FE Caged x grupo sem tendencia
2025,SENADOR VASCONCELOS,Maternal II,73,342.0,4,0,0,4,2024,0.038498951310003325,2085039,86.34971432828529,0.41887905604719766,143.2566371681416,2025,PPML-FE Caged x grupo sem tendencia
2025,SEPETIBA,Bercario,670,1467.0,4,4,0,0,2024,0.038498951310003325,2085039,273.738340954896,0.46765498652291104,686.0498652291105,2025,PPML-FE Caged x grupo sem tendencia
2025,SEPETIBA,Maternal I,320,714.0,4,0,4,0,2024,0.038498951310003325,2085039,207.8353392008399,0.417890520694259,298.3738317757009,2025,PPML-FE Caged x grupo sem tendencia
2025,SEPETIBA,Maternal II,214,749.0,4,0,0,4,2024,0.038498951310003325,2085039,144.29340509514572,0.2710163111668758,202.99121706398998,2025,PPML-FE Caged x grupo sem tendencia
2025,TANQUE,Bercario,219,805.0,4,4,0,0,2024,0.038498951310003325,2085039,166.75169096132444,0.28888888888888886,232.55555555555554,2025,PPML-FE Caged x grupo sem tendencia
2025,TANQUE,Maternal I,208,381.0,4,0,4,0,2024,0.038498951310003325,2085039,123.11614481005664,0.5339366515837104,203.42986425339367,2025,PPML-FE Caged x grupo sem tendencia
2025,TANQUE,Maternal II,90,442.0,4,0,0,4,2024,0.038498951310003325,2085039,94.52698002119222,0.28661087866108786,126.68200836820084,2025,PPML-FE Caged x grupo sem tendencia
2025,TAQUARA,Bercario,443,2076.0,4,4,0,0,2024,0.038498951310003325,2085039,310.2629872242576,0.1864125932062966,386.99254349627176,2025,PPML-FE Caged x grupo sem tendencia
2025,TAQUARA,Maternal I,364,1308.0,4,0,4,0,2024,0.038498951310003325,2085039,304.9481691290621,0.3338497288923315,436.6754453911696,2025,PPML-FE Caged x grupo sem tendencia
2025,TAQUARA,Maternal II,209,1291.0,4,0,0,4,2024,0.038498951310003325,2085039,199.19939277010224,0.1974479516453996,254.9053055742109,2025,PPML-FE Caged x grupo sem tendencia
2025,TAUA,Bercario,116,436.0,4,4,0,0,2024,0.038498951310003325,2085039,78.13040370190556,0.29069767441860467,126.74418604651163,2025,PPML-FE Caged x grupo sem tendencia
2025,TAUA,Maternal I,74,204.0,4,0,4,0,2024,0.038498951310003325,2085039,57.026853844745574,0.3015267175572519,61.51145038167939,2025,PPML-FE Caged x grupo sem tendencia
2025,TAUA,Maternal II,37,262.0,4,0,0,4,2024,0.038498951310003325,2085039,48.47234358716617,0.16666666666666666,43.666666666666664,2025,PPML-FE Caged x grupo sem tendencia
2025,TIJUCA,Bercario,290,1952.0,4,4,0,0,2024,0.038498951310003325,2085039,192.48940219882775,0.18366360560657322,358.5113581440309,2025,PPML-FE Caged x grupo sem tendencia
2025,TIJUCA,Maternal I,152,1027.0,4,0,4,0,2024,0.038498951310003325,2085039,157.98400521508682,0.17935871743486975,184.20140280561122,2025,PPML-FE Caged x grupo sem tendencia
2025,TIJUCA,Maternal II,57,998.0,4,0,0,4,2024,0.038498951310003325,2085039,101.60537878683793,0.06350626118067978,63.379248658318424,2025,PPML-FE Caged x grupo sem tendencia
2025,TODOS OS SANTOS,Bercario,15,269.0,4,4,0,0,2024,0.038498951310003325,2085039,23.656097845813576,0.09929078014184398,26.70921985815603,2025,PPML-FE Caged x grupo sem tendencia
2025,TODOS OS SANTOS,Maternal I,20,140.0,4,0,4,0,2024,0.038498951310003325,2085039,19.205894078415692,0.273972602739726,38.35616438356164,2025,PPML-FE Caged x grupo sem tendencia
2025,TODOS OS SANTOS,Maternal II,11,146.0,4,0,0,4,2024,0.038498951310003325,2085039,13.255705020674657,0.11805555555555555,17.23611111111111,2025,PPML-FE Caged x grupo sem tendencia
2025,TOMAS COELHO,Bercario,101,437.0,4,4,0,0,2024,0.038498951310003325,2085039,88.51502580436853,0.2391304347826087,104.5,2025,PPML-FE Caged x grupo sem tendencia
2025,TOMAS COELHO,Maternal I,80,230.0,4,0,4,0,2024,0.038498951310003325,2085039,72.67400010910006,0.33984375,78.1640625,2025,PPML-FE Caged x grupo sem tendencia
2025,TOMAS COELHO,Maternal II,39,256.0,4,0,0,4,2024,0.038498951310003325,2085039,53.534614067390386,0.25390625,65.0,2025,PPML-FE Caged x grupo sem tendencia
2025,TURIACU,Bercario,59,269.0,4,4,0,0,2024,0.038498951310003325,2085039,50.57304324372529,0.23809523809523808,64.04761904761905,2025,PPML-FE Caged x grupo sem tendencia
2025,TURIACU,Maternal I,38,154.0,4,0,4,0,2024,0.038498951310003325,2085039,45.16512274772388,0.3972602739726027,61.17808219178082,2025,PPML-FE Caged x grupo sem tendencia
2025,TURIACU,Maternal II,22,146.0,4,0,0,4,2024,0.038498951310003325,2085039,28.338627427316094,0.2046783625730994,29.88304093567251,2025,PPML-FE Caged x grupo sem tendencia
2025,URCA,Bercario,4,80.0,4,4,0,0,2024,0.038498951310003325,2085039,8.318079174360179,0.06818181818181818,5.454545454545454,2025,PPML-FE Caged x grupo sem tendencia
2025,URCA,Maternal I,6,50.0,4,0,4,0,2024,0.038498951310003325,2085039,8.10996038899878,0.23404255319148937,11.702127659574469,2025,PPML-FE Caged x grupo sem tendencia
2025,URCA,Maternal II,2,47.0,4,0,0,4,2024,0.038498951310003325,2085039,5.0453357027614105,0.05172413793103448,2.4310344827586206,2025,PPML-FE Caged x grupo sem tendencia
2025,VARGEM GRANDE,Bercario,143,533.0,4,4,0,0,2024,0.038498951310003325,2085039,70.98859418451853,0.22053872053872053,117.54713804713805,2025,PPML-FE Caged x grupo sem tendencia
2025,VARGEM GRANDE,Maternal I,88,302.0,4,0,4,0,2024,0.038498951310003325,2085039,62.745700986422506,0.4274193548387097,129.08064516129033,2025,PPML-FE Caged x grupo sem tendencia
2025,VARGEM GRANDE,Maternal II,62,248.0,4,0,0,4,2024,0.038498951310003325,2085039,34.10139891564985,0.1792452830188679,44.45283018867924,2025,PPML-FE Caged x grupo sem tendencia
2025,VARGEM PEQUENA,Bercario,123,746.0,4,4,0,0,2024,0.038498951310003325,2085039,89.09114659147743,0.1461836998706339,109.05304010349289,2025,PPML-FE Caged x grupo sem tendencia
2025,VARGEM PEQUENA,Maternal I,85,365.0,4,0,4,0,2024,0.038498951310003325,2085039,67.9992701136378,0.289002557544757,105.4859335038363,2025,PPML-FE Caged x grupo sem tendencia
2025,VARGEM PEQUENA,Maternal II,66,391.0,4,0,0,4,2024,0.038498951310003325,2085039,48.209388824958914,0.18779342723004694,73.42723004694835,2025,PPML-FE Caged x grupo sem tendencia
2025,VASCO GAMA,Bercario,16,193.0,4,4,0,0,2024,0.038498951310003325,2085039,23.558931820408628,0.11538461538461539,22.26923076923077,2025,PPML-FE Caged x grupo sem tendencia
2025,VASCO GAMA,Maternal I,12,19.0,4,0,4,0,2024,0.038498951310003325,2085039,3.617991590992927,0.0975609756097561,1.853658536585366,2025,PPML-FE Caged x grupo sem tendencia
2025,VASCO GAMA,Maternal II,7,82.0,4,0,0,4,2024,0.038498951310003325,2085039,10.334067316699405,0.0967741935483871,7.935483870967742,2025,PPML-FE Caged x grupo sem tendencia
2025,VAZ LOBO,Bercario,69,288.0,4,4,0,0,2024,0.038498951310003325,2085039,55.85649602741896,0.29354838709677417,84.54193548387096,2025,PPML-FE Caged x grupo sem tendencia
2025,VAZ LOBO,Maternal I,53,155.0,4,0,4,0,2024,0.038498951310003325,2085039,46.89521858021543,0.30687830687830686,47.56613756613756,2025,PPML-FE Caged x grupo sem tendencia
2025,VAZ LOBO,Maternal II,35,189.0,4,0,0,4,2024,0.038498951310003325,2085039,37.84444600903848,0.16161616161616163,30.545454545454547,2025,PPML-FE Caged x grupo sem tendencia
2025,VICENTE CARVALHO,Bercario,86,374.0,4,4,0,0,2024,0.038498951310003325,2085039,67.79218994209842,0.20135746606334842,75.3076923076923,2025,PPML-FE Caged x grupo sem tendencia
2025,VICENTE CARVALHO,Maternal I,73,235.0,4,0,4,0,2024,0.038498951310003325,2085039,66.44948041077738,0.35585585585585583,83.62612612612612,2025,PPML-FE Caged x grupo sem tendencia
2025,VICENTE CARVALHO,Maternal II,33,222.0,4,0,0,4,2024,0.038498951310003325,2085039,41.545135834830766,0.200836820083682,44.58577405857741,2025,PPML-FE Caged x grupo sem tendencia
2025,VIDIGAL,Bercario,117,325.0,4,4,0,0,2024,0.038498951310003325,2085039,67.97882388602744,0.3473053892215569,112.874251497006,2025,PPML-FE Caged x grupo sem tendencia
2025,VIDIGAL,Maternal I,64,152.0,4,0,4,0,2024,0.038498951310003325,2085039,49.596329807872536,0.40236686390532544,61.15976331360947,2025,PPML-FE Caged x grupo sem tendencia
2025,VIDIGAL,Maternal II,23,169.0,4,0,0,4,2024,0.038498951310003325,2085039,36.49523274563604,0.28160919540229884,47.5919540229885,2025,PPML-FE Caged x grupo sem tendencia
2025,VIGARIO GERAL,Bercario,165,781.0,4,4,0,0,2024,0.038498951310003325,2085039,128.55697605561056,0.20630749014454666,161.12614980289095,2025,PPML-FE Caged x grupo sem tendencia
2025,VIGARIO GERAL,Maternal I,170,371.0,4,0,4,0,2024,0.038498951310003325,2085039,95.26517945755899,0.4431279620853081,164.4004739336493,2025,PPML-FE Caged x grupo sem tendencia
2025,VIGARIO GERAL,Maternal II,67,422.0,4,0,0,4,2024,0.038498951310003325,2085039,71.71602549344284,0.20797720797720798,87.76638176638177,2025,PPML-FE Caged x grupo sem tendencia
2025,VILA ISABEL,Bercario,182,879.0,4,4,0,0,2024,0.038498951310003325,2085039,103.05563959468626,0.23322683706070288,205.00638977635782,2025,PPML-FE Caged x grupo sem tendencia
2025,VILA ISABEL,Maternal I,84,479.0,4,0,4,0,2024,0.038498951310003325,2085039,87.60604354271031,0.1651031894934334,79.0844277673546,2025,PPML-FE Caged x grupo sem tendencia
2025,VILA ISABEL,Maternal II,46,533.0,4,0,0,4,2024,0.038498951310003325,2085039,64.51626906873473,0.11557788944723618,61.60301507537689,2025,PPML-FE Caged x grupo sem tendencia
2025,VILA KENNEDY,Bercario,1,506.0,4,4,0,0,2024,0.038498951310003325,2085039,22.60865755209233,0.0,0.0,2025,PPML-FE Caged x grupo sem tendencia
2025,VILA KENNEDY,Maternal I,2,44.0,4,0,4,0,2024,0.038498951310003325,2085039,3.0668504670889836,0.0,0.0,2025,PPML-FE Caged x grupo sem tendencia
2025,VILA KENNEDY,Maternal II,0,101.0,4,0,0,4,2024,0.038498951310003325,2085039,4.659129483275246,0.008583690987124463,0.8669527896995708,2025,PPML-FE Caged x grupo sem tendencia
2025,VILA KOSMOS,Bercario,34,203.0,4,4,0,0,2024,0.038498951310003325,2085039,38.77645836088638,0.20179372197309417,40.964125560538115,2025,PPML-FE Caged x grupo sem tendencia
2025,VILA KOSMOS,Maternal I,41,108.0,4,0,4,0,2024,0.038498951310003325,2085039,32.18188835075576,0.5528455284552846,59.707317073170735,2025,PPML-FE Caged x grupo sem tendencia
2025,VILA KOSMOS,Maternal II,18,123.0,4,0,0,4,2024,0.038498951310003325,2085039,24.256959406858403,0.11904761904761904,14.642857142857142,2025,PPML-FE Caged x grupo sem tendencia
2025,VILA MILITAR,Bercario,6,268.0,4,4,0,0,2024,0.038498951310003325,2085039,22.047023327279465,0.04979253112033195,13.344398340248961,2025,PPML-FE Caged x grupo sem tendencia
2025,VILA MILITAR,Maternal I,11,90.0,4,0,4,0,2024,0.038498951310003325,2085039,11.54977018694385,0.06622516556291391,5.960264900662252,2025,PPML-FE Caged x grupo sem tendencia
2025,VILA MILITAR,Maternal II,17,151.0,4,0,0,4,2024,0.038498951310003325,2085039,12.824819528539239,0.02666666666666667,4.026666666666667,2025,PPML-FE Caged x grupo sem tendencia
2025,VILA PENHA,Bercario,58,262.0,4,4,0,0,2024,0.038498951310003325,2085039,26.415323417776378,0.21016949152542372,55.06440677966101,2025,PPML-FE Caged x grupo sem tendencia
2025,VILA PENHA,Maternal I,52,161.0,4,0,4,0,2024,0.038498951310003325,2085039,25.32189379506301,0.2857142857142857,46.0,2025,PPML-FE Caged x grupo sem tendencia
2025,VILA PENHA,Maternal II,16,182.0,4,0,0,4,2024,0.038498951310003325,2085039,18.94458851193357,0.07468879668049792,13.593360995850622,2025,PPML-FE Caged x grupo sem tendencia
2025,VILA VALQUEIRE,Bercario,86,572.0,4,4,0,0,2024,0.038498951310003325,2085039,69.76447190100409,0.13242784380305603,75.74872665534805,2025,PPML-FE Caged x grupo sem tendencia
2025,VILA VALQUEIRE,Maternal I,101,304.0,4,0,4,0,2024,0.038498951310003325,2085039,57.839899777187775,0.2803030303030303,85.2121212121212,2025,PPML-FE Caged x grupo sem tendencia
2025,VILA VALQUEIRE,Maternal II,43,264.0,4,0,0,4,2024,0.038498951310003325,2085039,33.24308780472148,0.14950166112956811,39.46843853820598,2025,PPML-FE Caged x grupo sem tendencia
2025,VISTA ALEGRE,Bercario,34,125.0,4,4,0,0,2024,0.038498951310003325,2085039,18.208455840870556,0.25384615384615383,31.73076923076923,2025,PPML-FE Caged x grupo sem tendencia
2025,VISTA ALEGRE,Maternal I,18,55.0,4,0,4,0,2024,0.038498951310003325,2085039,12.4980270292341,0.39655172413793105,21.810344827586206,2025,PPML-FE Caged x grupo sem tendencia
2025,VISTA ALEGRE,Maternal II,13,58.0,4,0,0,4,2024,0.038498951310003325,2085039,8.722686127167968,0.21428571428571427,12.428571428571427,2025,PPML-FE Caged x grupo sem tendencia
2025,ZUMBI,Bercario,7,35.0,4,4,0,0,2024,0.038498951310003325,2085039,4.247630670069269,0.07142857142857142,2.5,2025,PPML-FE Caged x grupo sem tendencia
2025,ZUMBI,Maternal I,3,25.0,4,0,4,0,2024,0.038498951310003325,2085039,4.732976827155923,0.13043478260869565,3.260869565217391,2025,PPML-FE Caged x grupo sem tendencia
2025,ZUMBI,Maternal II,2,23.0,4,0,0,4,2024,0.038498951310003325,2085039,2.8818122768662633,0.125,2.875,2025,PPML-FE Caged x grupo sem tendencia
