ano,territorio,grupamento_modelo,inscritos,universo_elegivel_proxy,tendencia,tend_bercario,tend_maternal_i,tend_maternal_ii,prev_modelo,p10,p90,p025,p975,alpha_nb,taxa_anterior,prev_persistencia,ano_treino_final,ano_teste
2024,ABOLICAO,Bercario,31,154.0,3,3,0,0,13.77104302705585,8.0,20.0,6.0,23.0,0.027616098653349918,0.07058823529411765,10.870588235294118,2023,2024
2024,ABOLICAO,Maternal I,22,92.0,3,0,3,0,12.876866643820708,8.0,18.0,6.0,22.0,0.027616098653349918,0.0875,8.049999999999999,2023,2024
2024,ABOLICAO,Maternal II,11,80.0,3,0,0,3,7.0925210183262335,4.0,11.0,2.0,13.0,0.027616098653349918,0.07079646017699115,5.663716814159292,2023,2024
2024,ACARI,Bercario,235,822.0,3,3,0,0,166.21696975100156,128.0,206.0,111.0,231.0,0.027616098653349918,0.2745341614906832,225.6670807453416,2023,2024
2024,ACARI,Maternal I,276,398.0,3,0,3,0,125.9687649599752,97.0,157.0,83.0,176.0,0.027616098653349918,0.4004914004914005,159.3955773955774,2023,2024
2024,ACARI,Maternal II,109,407.0,3,0,0,3,81.59480001877812,61.0,103.0,52.0,116.0,0.027616098653349918,0.18292682926829268,74.45121951219512,2023,2024
2024,AGUA SANTA,Bercario,18,123.0,3,3,0,0,13.785007280096456,8.0,20.0,6.0,23.0,0.027616098653349918,0.023255813953488372,2.8604651162790695,2023,2024
2024,AGUA SANTA,Maternal I,31,60.0,3,0,3,0,10.525176685871951,6.0,15.0,4.0,18.0,0.027616098653349918,0.21739130434782608,13.043478260869565,2023,2024
2024,AGUA SANTA,Maternal II,10,69.0,3,0,0,3,7.666824273811291,4.0,12.0,2.0,14.0,0.027616098653349918,0.12658227848101267,8.734177215189874,2023,2024
2024,ALTO BOA VISTA,Bercario,63,169.0,3,3,0,0,23.833308293760247,16.0,32.0,13.0,37.0,0.027616098653349918,0.22093023255813954,37.33720930232558,2023,2024
2024,ALTO BOA VISTA,Maternal I,29,102.0,3,0,3,0,22.515109023944238,15.0,30.0,12.0,35.0,0.027616098653349918,0.13043478260869565,13.304347826086957,2023,2024
2024,ALTO BOA VISTA,Maternal II,15,92.0,3,0,0,3,12.863228476370212,8.0,18.0,6.0,22.0,0.027616098653349918,0.125,11.5,2023,2024
2024,ANCHIETA,Bercario,280,1387.0,3,3,0,0,194.76634326414117,151.0,241.0,131.0,269.0,0.027616098653349918,0.15138888888888888,209.97638888888886,2023,2024
2024,ANCHIETA,Maternal I,380,694.0,3,0,3,0,152.53628891880018,118.0,190.0,102.0,212.0,0.027616098653349918,0.211864406779661,147.03389830508473,2023,2024
2024,ANCHIETA,Maternal II,206,826.0,3,0,0,3,114.99581269141542,88.0,144.0,76.0,161.0,0.027616098653349918,0.14103923647932132,116.4984093319194,2023,2024
2024,ANDARAI,Bercario,114,506.0,3,3,0,0,51.042970862092744,37.0,66.0,31.0,75.0,0.027616098653349918,0.12992125984251968,65.74015748031496,2023,2024
2024,ANDARAI,Maternal I,56,239.0,3,0,3,0,37.73632331556907,27.0,49.0,22.0,56.0,0.027616098653349918,0.08108108108108109,19.37837837837838,2023,2024
2024,ANDARAI,Maternal II,18,296.0,3,0,0,3,29.603405092144705,21.0,39.0,17.0,45.0,0.027616098653349918,0.060714285714285714,17.97142857142857,2023,2024
2024,ANIL,Bercario,349,806.0,3,3,0,0,403.49143293050753,317.0,495.0,278.0,551.0,0.027616098653349918,0.37530266343825663,302.49394673123487,2023,2024
2024,ANIL,Maternal I,426,387.0,3,0,3,0,303.2400067216841,237.0,373.0,207.0,416.0,0.027616098653349918,0.8445945945945946,326.8581081081081,2023,2024
2024,ANIL,Maternal II,426,444.0,3,0,0,3,220.36711016159316,171.0,272.0,149.0,304.0,0.027616098653349918,0.8547619047619047,379.5142857142857,2023,2024
2024,BANCARIOS,Bercario,95,309.0,3,3,0,0,44.7355727460163,32.0,58.0,27.0,66.0,0.027616098653349918,0.1723076923076923,53.24307692307692,2023,2024
2024,BANCARIOS,Maternal I,54,139.0,3,0,3,0,31.498188601913235,22.0,42.0,18.0,48.0,0.027616098653349918,0.22641509433962265,31.471698113207548,2023,2024
2024,BANCARIOS,Maternal II,14,159.0,3,0,0,3,22.822130108557644,15.0,31.0,12.0,36.0,0.027616098653349918,0.21232876712328766,33.76027397260274,2023,2024
2024,BANGU,Bercario,1122,4599.0,3,3,0,0,846.4117699245911,668.0,1035.0,588.0,1150.0,0.027616098653349918,0.20059642147117296,922.5429423459244,2023,2024
2024,BANGU,Maternal I,966,2569.0,3,0,3,0,740.0458795617221,584.0,905.0,514.0,1006.0,0.027616098653349918,0.31390134529147984,806.4125560538117,2023,2024
2024,BANGU,Maternal II,639,2676.0,3,0,0,3,488.27998606700066,384.0,599.0,337.0,666.0,0.027616098653349918,0.19642857142857142,525.6428571428571,2023,2024
2024,BARRA GUARATIBA,Bercario,14,128.0,3,3,0,0,9.58350846735631,5.0,14.0,4.0,17.0,0.027616098653349918,0.0234375,3.0,2023,2024
2024,BARRA GUARATIBA,Maternal I,24,71.0,3,0,3,0,8.32049504468187,4.0,13.0,3.0,15.0,0.027616098653349918,0.02531645569620253,1.7974683544303798,2023,2024
2024,BARRA GUARATIBA,Maternal II,26,79.0,3,0,0,3,5.864165014763082,3.0,9.0,1.0,12.0,0.027616098653349918,0.05172413793103448,4.086206896551724,2023,2024
2024,BARRA TIJUCA,Bercario,58,2378.0,3,3,0,0,67.70471083720989,50.0,86.0,43.0,97.0,0.027616098653349918,0.02369077306733167,56.33665835411471,2023,2024
2024,BARRA TIJUCA,Maternal I,96,1196.0,3,0,3,0,53.298436991500616,39.0,68.0,33.0,78.0,0.027616098653349918,0.03986981285598047,47.68429617575264,2023,2024
2024,BARRA TIJUCA,Maternal II,35,1229.0,3,0,0,3,34.691529707410176,24.0,46.0,20.0,52.0,0.027616098653349918,0.02680565897244974,32.944154877140726,2023,2024
2024,BARROS FILHO,Bercario,115,409.0,3,3,0,0,67.28490321069455,50.0,85.0,42.0,97.0,0.027616098653349918,0.17274939172749393,70.65450121654501,2023,2024
2024,BARROS FILHO,Maternal I,62,224.0,3,0,3,0,57.679116393680594,43.0,74.0,36.0,84.0,0.027616098653349918,0.2648221343873518,59.320158102766804,2023,2024
2024,BARROS FILHO,Maternal II,58,253.0,3,0,0,3,41.264764914818166,30.0,54.0,24.0,61.0,0.027616098653349918,0.20425531914893616,51.676595744680846,2023,2024
2024,BENFICA,Bercario,364,728.0,3,3,0,0,186.28553789981038,144.0,231.0,125.0,258.0,0.027616098653349918,0.3227665706051873,234.97406340057637,2023,2024
2024,BENFICA,Maternal I,234,374.0,3,0,3,0,149.7944143542398,115.0,186.0,100.0,208.0,0.027616098653349918,0.3873239436619718,144.85915492957747,2023,2024
2024,BENFICA,Maternal II,156,426.0,3,0,0,3,108.07416531607474,82.0,135.0,71.0,152.0,0.027616098653349918,0.25461254612546125,108.4649446494465,2023,2024
2024,BENTO RIBEIRO,Bercario,100,620.0,3,3,0,0,76.06568490363142,57.0,96.0,49.0,109.0,0.027616098653349918,0.06605222734254992,40.952380952380956,2023,2024
2024,BENTO RIBEIRO,Maternal I,122,350.0,3,0,3,0,67.21116003896151,50.0,85.0,42.0,97.0,0.027616098653349918,0.15458937198067632,54.106280193236714,2023,2024
2024,BENTO RIBEIRO,Maternal II,87,414.0,3,0,0,3,50.35724494821166,37.0,65.0,31.0,74.0,0.027616098653349918,0.17266187050359713,71.48201438848922,2023,2024
2024,BONSUCESSO,Bercario,439,1139.0,3,3,0,0,158.34477644163144,122.0,197.0,106.0,220.0,0.027616098653349918,0.17119155354449472,194.9871794871795,2023,2024
2024,BONSUCESSO,Maternal I,362,584.0,3,0,3,0,127.07763407694354,97.0,158.0,84.0,178.0,0.027616098653349918,0.20728643216080403,121.05527638190955,2023,2024
2024,BONSUCESSO,Maternal II,207,796.0,3,0,0,3,109.71287984536364,84.0,137.0,72.0,154.0,0.027616098653349918,0.09943502824858758,79.1502824858757,2023,2024
2024,BOTAFOGO,Bercario,112,1095.0,3,3,0,0,47.2489075086617,34.0,61.0,29.0,69.0,0.027616098653349918,0.033391915641476276,36.564147627416524,2023,2024
2024,BOTAFOGO,Maternal I,71,571.0,3,0,3,0,38.564705265155986,28.0,50.0,23.0,57.0,0.027616098653349918,0.06164383561643835,35.1986301369863,2023,2024
2024,BOTAFOGO,Maternal II,35,584.0,3,0,0,3,24.983600645073366,17.0,34.0,13.0,39.0,0.027616098653349918,0.03770739064856712,22.021116138763198,2023,2024
2024,BRAS PINA,Bercario,192,807.0,3,3,0,0,61.58233866621396,46.0,79.0,38.0,89.0,0.027616098653349918,0.039125431530494824,31.574223245109323,2023,2024
2024,BRAS PINA,Maternal I,172,452.0,3,0,3,0,53.98801180300469,40.0,69.0,33.0,79.0,0.027616098653349918,0.09368191721132897,42.344226579520694,2023,2024
2024,BRAS PINA,Maternal II,73,459.0,3,0,0,3,34.726407616894484,25.0,46.0,20.0,52.0,0.027616098653349918,0.05042016806722689,23.142857142857142,2023,2024
2024,CACHAMBI,Bercario,97,600.0,3,3,0,0,34.31097132523913,24.0,45.0,20.0,52.0,0.027616098653349918,0.03054662379421222,18.327974276527332,2023,2024
2024,CACHAMBI,Maternal I,73,316.0,3,0,3,0,28.284278276500704,20.0,38.0,16.0,43.0,0.027616098653349918,0.08181818181818182,25.854545454545455,2023,2024
2024,CACHAMBI,Maternal II,33,330.0,3,0,0,3,18.709416039703797,12.0,26.0,9.0,30.0,0.027616098653349918,0.03225806451612903,10.64516129032258,2023,2024
2024,CACUIA,Bercario,31,179.0,3,3,0,0,17.338322021275435,11.0,24.0,8.0,28.0,0.027616098653349918,0.09883720930232558,17.691860465116278,2023,2024
2024,CACUIA,Maternal I,26,83.0,3,0,3,0,12.583700766924132,8.0,18.0,5.0,21.0,0.027616098653349918,0.11214953271028037,9.30841121495327,2023,2024
2024,CACUIA,Maternal II,25,107.0,3,0,0,3,10.275485282740563,6.0,15.0,4.0,18.0,0.027616098653349918,0.18947368421052632,20.273684210526316,2023,2024
2024,CAJU,Bercario,176,660.0,3,3,0,0,132.36556115310228,102.0,165.0,88.0,185.0,0.027616098653349918,0.26646706586826346,175.86826347305387,2023,2024
2024,CAJU,Maternal I,147,337.0,3,0,3,0,105.78819979805982,81.0,133.0,69.0,149.0,0.027616098653349918,0.3515850144092219,118.48414985590779,2023,2024
2024,CAJU,Maternal II,37,347.0,3,0,0,3,68.99618444317254,51.0,88.0,44.0,99.0,0.027616098653349918,0.21739130434782608,75.43478260869566,2023,2024
2024,CAMORIM,Bercario,121,203.0,3,3,0,0,77.64662063681321,58.0,98.0,50.0,111.0,0.027616098653349918,0.5480769230769231,111.2596153846154,2023,2024
2024,CAMORIM,Maternal I,80,85.0,3,0,3,0,50.888740604291606,37.0,65.0,31.0,74.0,0.027616098653349918,0.9887640449438202,84.04494382022472,2023,2024
2024,CAMORIM,Maternal II,58,89.0,3,0,0,3,33.75056579824696,24.0,44.0,19.0,51.0,0.027616098653349918,0.373134328358209,33.2089552238806,2023,2024
2024,CAMPINHO,Bercario,45,207.0,3,3,0,0,21.31383182615849,14.0,29.0,11.0,34.0,0.027616098653349918,0.09389671361502347,19.43661971830986,2023,2024
2024,CAMPINHO,Maternal I,27,113.0,3,0,3,0,18.211507165979306,12.0,25.0,9.0,29.0,0.027616098653349918,0.10416666666666667,11.770833333333334,2023,2024
2024,CAMPINHO,Maternal II,36,144.0,3,0,0,3,14.70002967462349,9.0,21.0,7.0,24.0,0.027616098653349918,0.22807017543859648,32.84210526315789,2023,2024
2024,CAMPO AFONSOS,Bercario,3,72.0,3,3,0,0,6.771400970914003,3.0,11.0,2.0,13.0,0.027616098653349918,0.016666666666666666,1.2,2023,2024
2024,CAMPO AFONSOS,Maternal I,5,29.0,3,0,3,0,4.268942343479682,2.0,7.0,1.0,9.0,0.027616098653349918,0.1,2.9000000000000004,2023,2024
2024,CAMPO AFONSOS,Maternal II,5,30.0,3,0,0,3,2.7972534608664703,1.0,5.0,0.0,7.0,0.027616098653349918,0.1111111111111111,3.333333333333333,2023,2024
2024,CAMPO GRANDE,Bercario,1787,7585.0,3,3,0,0,1262.7186827896746,999.0,1542.0,880.0,1712.0,0.027616098653349918,0.1707014276846679,1294.770328988206,2023,2024
2024,CAMPO GRANDE,Maternal I,1732,4155.0,3,0,3,0,1082.6754908421678,856.0,1323.0,754.0,1469.0,0.027616098653349918,0.2804209603157202,1165.1490901118175,2023,2024
2024,CAMPO GRANDE,Maternal II,1170,4561.0,3,0,0,3,752.7930890146151,594.0,921.0,523.0,1023.0,0.027616098653349918,0.1836734693877551,837.7346938775511,2023,2024
2024,CASCADURA,Bercario,127,597.0,3,3,0,0,101.95409473506277,77.0,128.0,67.0,144.0,0.027616098653349918,0.1806020066889632,107.81939799331103,2023,2024
2024,CASCADURA,Maternal I,91,294.0,3,0,3,0,78.58758234730526,59.0,99.0,50.0,112.0,0.027616098653349918,0.24620060790273557,72.38297872340426,2023,2024
2024,CASCADURA,Maternal II,100,329.0,3,0,0,3,55.704562768200105,41.0,71.0,34.0,81.0,0.027616098653349918,0.1984126984126984,65.27777777777777,2023,2024
2024,CATETE,Bercario,54,343.0,3,3,0,0,30.15393804407068,21.0,40.0,17.0,46.0,0.027616098653349918,0.11976047904191617,41.07784431137725,2023,2024
2024,CATETE,Maternal I,36,160.0,3,0,3,0,22.016392400440786,15.0,30.0,11.0,35.0,0.027616098653349918,0.12571428571428572,20.114285714285714,2023,2024
2024,CATETE,Maternal II,14,175.0,3,0,0,3,15.252902596630033,10.0,21.0,7.0,25.0,0.027616098653349918,0.05434782608695652,9.51086956521739,2023,2024
2024,CATUMBI,Bercario,138,275.0,3,3,0,0,64.40854323175036,48.0,82.0,40.0,93.0,0.027616098653349918,0.3890577507598784,106.99088145896657,2023,2024
2024,CATUMBI,Maternal I,72,181.0,3,0,3,0,66.35377165698328,49.0,84.0,42.0,95.0,0.027616098653349918,0.3684210526315789,66.68421052631578,2023,2024
2024,CATUMBI,Maternal II,32,171.0,3,0,0,3,39.707397474755226,28.0,52.0,23.0,59.0,0.027616098653349918,0.15714285714285714,26.87142857142857,2023,2024
2024,CAVALCANTE,Bercario,101,310.0,3,3,0,0,51.1661629506433,37.0,66.0,31.0,75.0,0.027616098653349918,0.284375,88.15625,2023,2024
2024,CAVALCANTE,Maternal I,72,163.0,3,0,3,0,42.10997819093347,30.0,55.0,25.0,62.0,0.027616098653349918,0.24479166666666666,39.901041666666664,2023,2024
2024,CAVALCANTE,Maternal II,61,192.0,3,0,0,3,31.418606180163756,22.0,41.0,18.0,48.0,0.027616098653349918,0.20103092783505155,38.5979381443299,2023,2024
2024,CENTRO,Bercario,155,442.0,3,3,0,0,86.89305400121563,66.0,109.0,56.0,123.0,0.027616098653349918,0.2550607287449393,112.73684210526316,2023,2024
2024,CENTRO,Maternal I,104,251.0,3,0,3,0,77.2347544135311,58.0,98.0,49.0,110.0,0.027616098653349918,0.3505535055350554,87.9889298892989,2023,2024
2024,CENTRO,Maternal II,82,271.0,3,0,0,3,52.81978305572467,39.0,68.0,32.0,77.0,0.027616098653349918,0.24,65.03999999999999,2023,2024
2024,CIDADE DEUS,Bercario,447,1150.0,3,3,0,0,242.76367956851215,189.0,299.0,165.0,334.0,0.027616098653349918,0.182475884244373,209.84726688102896,2023,2024
2024,CIDADE DEUS,Maternal I,421,653.0,3,0,3,0,215.7621736654384,168.0,267.0,146.0,298.0,0.027616098653349918,0.5013123359580053,327.35695538057746,2023,2024
2024,CIDADE DEUS,Maternal II,195,762.0,3,0,0,3,159.4796862364851,123.0,198.0,107.0,222.0,0.027616098653349918,0.21388888888888888,162.98333333333332,2023,2024
2024,CIDADE NOVA,Bercario,34,87.0,3,3,0,0,15.368945510114782,10.0,22.0,7.0,25.0,0.027616098653349918,0.2641509433962264,22.9811320754717,2023,2024
2024,CIDADE NOVA,Maternal I,19,60.0,3,0,3,0,16.59022686621954,11.0,23.0,8.0,27.0,0.027616098653349918,0.5283018867924528,31.69811320754717,2023,2024
2024,CIDADE NOVA,Maternal II,10,53.0,3,0,0,3,9.28250555735856,5.0,14.0,3.0,17.0,0.027616098653349918,0.1095890410958904,5.808219178082192,2023,2024
2024,CIDADE UNIVERSITARIA,Bercario,5,23.0,3,3,0,0,2.235517441583683,0.0,4.0,0.0,6.0,0.027616098653349918,0.0,0.0,2023,2024
2024,CIDADE UNIVERSITARIA,Maternal I,6,15.0,3,0,3,0,2.2820110442928554,0.0,4.0,0.0,6.0,0.027616098653349918,0.0,0.0,2023,2024
2024,CIDADE UNIVERSITARIA,Maternal II,3,10.0,3,0,0,3,0.963639861823401,0.0,2.0,0.0,3.0,0.027616098653349918,0.07692307692307693,0.7692307692307693,2023,2024
2024,COCOTA,Bercario,15,91.0,3,3,0,0,9.094941443560236,5.0,14.0,3.0,16.0,0.027616098653349918,0.14754098360655737,13.426229508196721,2023,2024
2024,COCOTA,Maternal I,17,70.0,3,0,3,0,10.95047129977872,6.0,16.0,4.0,19.0,0.027616098653349918,0.0547945205479452,3.835616438356164,2023,2024
2024,COCOTA,Maternal II,10,73.0,3,0,0,3,7.233457017715297,4.0,11.0,2.0,14.0,0.027616098653349918,0.09090909090909091,6.636363636363637,2023,2024
2024,COELHO NETO,Bercario,191,598.0,3,3,0,0,137.03599859788125,105.0,171.0,91.0,191.0,0.027616098653349918,0.2627986348122867,157.15358361774744,2023,2024
2024,COELHO NETO,Maternal I,191,302.0,3,0,3,0,108.32200353790965,83.0,136.0,71.0,152.0,0.027616098653349918,0.4222222222222222,127.5111111111111,2023,2024
2024,COELHO NETO,Maternal II,80,315.0,3,0,0,3,71.56630068597946,53.0,91.0,45.0,102.0,0.027616098653349918,0.2198952879581152,69.26701570680629,2023,2024
2024,COLEGIO,Bercario,116,671.0,3,3,0,0,112.43820431377712,86.0,141.0,74.0,158.0,0.027616098653349918,0.125,83.875,2023,2024
2024,COLEGIO,Maternal I,120,354.0,3,0,3,0,92.84764640699649,70.0,117.0,60.0,131.0,0.027616098653349918,0.11271676300578035,39.90173410404624,2023,2024
2024,COLEGIO,Maternal II,102,346.0,3,0,0,3,57.48201846282262,42.0,73.0,36.0,83.0,0.027616098653349918,0.2905982905982906,100.54700854700856,2023,2024
2024,COMPLEXO ALEMAO,Bercario,0,642.0,3,3,0,0,16.186883102231892,10.0,23.0,8.0,27.0,0.027616098653349918,0.0,0.0,2023,2024
2024,COMPLEXO ALEMAO,Maternal I,1,213.0,3,0,3,0,8.405896959015163,4.0,13.0,3.0,15.0,0.027616098653349918,0.006622516556291391,1.4105960264900663,2023,2024
2024,COMPLEXO ALEMAO,Maternal II,0,151.0,3,0,0,3,3.774589084656417,1.0,6.0,0.0,8.0,0.027616098653349918,0.00234192037470726,0.35362997658079626,2023,2024
2024,COMPLEXO MARE,Bercario,586,2609.0,3,3,0,0,360.88435800226233,283.0,443.0,248.0,494.0,0.027616098653349918,0.18494000827472074,482.5084815887464,2023,2024
2024,COMPLEXO MARE,Maternal I,475,1384.0,3,0,3,0,299.6445105964531,234.0,369.0,205.0,411.0,0.027616098653349918,0.2818565400843882,390.0894514767933,2023,2024
2024,COMPLEXO MARE,Maternal II,319,1185.0,3,0,0,3,162.5087912307547,125.0,202.0,109.0,226.0,0.027616098653349918,0.181890389197776,215.54011119936456,2023,2024
2024,COPACABANA,Bercario,362,1740.0,3,3,0,0,134.54572617116915,103.0,168.0,89.0,188.0,0.027616098653349918,0.12305922944220817,214.12305922944222,2023,2024
2024,COPACABANA,Maternal I,212,865.0,3,0,3,0,104.69188573836185,80.0,131.0,68.0,147.0,0.027616098653349918,0.10321100917431193,89.27752293577983,2023,2024
2024,COPACABANA,Maternal II,100,872.0,3,0,0,3,66.85004035305447,50.0,85.0,42.0,96.0,0.027616098653349918,0.05760151085930123,50.228517469310674,2023,2024
2024,CORDOVIL,Bercario,215,734.0,3,3,0,0,79.32793759832508,60.0,100.0,51.0,113.0,0.027616098653349918,0.11757269279393173,86.29835651074589,2023,2024
2024,CORDOVIL,Maternal I,149,422.0,3,0,3,0,71.38694731266064,53.0,90.0,45.0,102.0,0.027616098653349918,0.09905660377358491,41.801886792452834,2023,2024
2024,CORDOVIL,Maternal II,82,424.0,3,0,0,3,45.43185715982787,33.0,59.0,27.0,67.0,0.027616098653349918,0.13443396226415094,57.0,2023,2024
2024,COSME VELHO,Bercario,42,115.0,3,3,0,0,13.16908696974723,8.0,19.0,6.0,22.0,0.027616098653349918,0.2302158273381295,26.474820143884894,2023,2024
2024,COSME VELHO,Maternal I,29,75.0,3,0,3,0,13.442973581510914,8.0,19.0,6.0,23.0,0.027616098653349918,0.03260869565217391,2.4456521739130435,2023,2024
2024,COSME VELHO,Maternal II,7,92.0,3,0,0,3,10.445041813467,6.0,15.0,4.0,18.0,0.027616098653349918,0.014925373134328358,1.373134328358209,2023,2024
2024,COSMOS,Bercario,648,2120.0,3,3,0,0,391.50912178186246,307.0,481.0,269.0,535.0,0.027616098653349918,0.15634884771802982,331.45955716222323,2023,2024
2024,COSMOS,Maternal I,532,1142.0,3,0,3,0,330.1021739341596,258.0,406.0,226.0,452.0,0.027616098653349918,0.2872975277067349,328.09377664109127,2023,2024
2024,COSMOS,Maternal II,280,1173.0,3,0,0,3,214.76750230961727,167.0,265.0,145.0,296.0,0.027616098653349918,0.18698441796516957,219.3327222731439,2023,2024
2024,COSTA BARROS,Bercario,314,959.0,3,3,0,0,237.8732115227292,185.0,294.0,162.0,328.0,0.027616098653349918,0.323747680890538,310.47402597402595,2023,2024
2024,COSTA BARROS,Maternal I,207,538.0,3,0,3,0,208.8745180492426,162.0,258.0,141.0,288.0,0.027616098653349918,0.3523076923076923,189.54153846153847,2023,2024
2024,COSTA BARROS,Maternal II,175,650.0,3,0,0,3,159.8471198829983,123.0,198.0,107.0,222.0,0.027616098653349918,0.31521739130434784,204.8913043478261,2023,2024
2024,CURICICA,Bercario,260,1144.0,3,3,0,0,183.75265583408378,142.0,228.0,124.0,254.0,0.027616098653349918,0.17576664173522813,201.07703814510097,2023,2024
2024,CURICICA,Maternal I,213,642.0,3,0,3,0,161.40570634346523,125.0,200.0,108.0,224.0,0.027616098653349918,0.2756598240469208,176.97360703812316,2023,2024
2024,CURICICA,Maternal II,171,682.0,3,0,0,3,108.60667178494971,83.0,136.0,71.0,153.0,0.027616098653349918,0.21579532814238042,147.17241379310346,2023,2024
2024,DEL CASTILHO,Bercario,146,464.0,3,3,0,0,60.93232608357974,45.0,78.0,38.0,88.0,0.027616098653349918,0.21669980119284293,100.54870775347912,2023,2024
2024,DEL CASTILHO,Maternal I,90,264.0,3,0,3,0,54.26376961593776,40.0,70.0,33.0,79.0,0.027616098653349918,0.16182572614107885,42.72199170124482,2023,2024
2024,DEL CASTILHO,Maternal II,36,241.0,3,0,0,3,31.376995085362033,22.0,41.0,18.0,48.0,0.027616098653349918,0.066006600660066,15.907590759075907,2023,2024
2024,DEODORO,Bercario,74,279.0,3,3,0,0,72.58818624215016,54.0,92.0,46.0,104.0,0.027616098653349918,0.25951557093425603,72.40484429065744,2023,2024
2024,DEODORO,Maternal I,67,132.0,3,0,3,0,53.75414136327079,39.0,69.0,33.0,78.0,0.027616098653349918,0.43703703703703706,57.68888888888889,2023,2024
2024,DEODORO,Maternal II,43,135.0,3,0,0,3,34.82250746507853,25.0,46.0,20.0,52.0,0.027616098653349918,0.4485294117647059,60.5514705882353,2023,2024
2024,ENCANTADO,Bercario,32,184.0,3,3,0,0,18.679353793726104,12.0,26.0,9.0,30.0,0.027616098653349918,0.08021390374331551,14.759358288770054,2023,2024
2024,ENCANTADO,Maternal I,51,96.0,3,0,3,0,15.25427298919724,10.0,21.0,7.0,25.0,0.027616098653349918,0.2037037037037037,19.555555555555554,2023,2024
2024,ENCANTADO,Maternal II,22,108.0,3,0,0,3,10.87006923979968,6.0,16.0,4.0,19.0,0.027616098653349918,0.1834862385321101,19.816513761467892,2023,2024
2024,ENGENHEIRO LEAL,Bercario,17,136.0,3,3,0,0,18.628170291516888,12.0,26.0,9.0,30.0,0.027616098653349918,0.07086614173228346,9.637795275590552,2023,2024
2024,ENGENHEIRO LEAL,Maternal I,21,61.0,3,0,3,0,13.07788103408083,8.0,19.0,6.0,22.0,0.027616098653349918,0.14666666666666667,8.946666666666667,2023,2024
2024,ENGENHEIRO LEAL,Maternal II,34,75.0,3,0,0,3,10.184907394140613,6.0,15.0,4.0,18.0,0.027616098653349918,0.38028169014084506,28.52112676056338,2023,2024
2024,ENGENHO DENTRO,Bercario,192,759.0,3,3,0,0,72.34505727679328,54.0,92.0,46.0,103.0,0.027616098653349918,0.07099143206854346,53.88249694002448,2023,2024
2024,ENGENHO DENTRO,Maternal I,150,424.0,3,0,3,0,63.25708891175786,47.0,81.0,40.0,91.0,0.027616098653349918,0.15182186234817813,64.37246963562752,2023,2024
2024,ENGENHO DENTRO,Maternal II,96,494.0,3,0,0,3,46.682979631211325,34.0,60.0,28.0,69.0,0.027616098653349918,0.09320388349514563,46.042718446601945,2023,2024
2024,ENGENHO NOVO,Bercario,308,856.0,3,3,0,0,114.28202206397765,87.0,143.0,75.0,160.0,0.027616098653349918,0.23726851851851852,203.10185185185185,2023,2024
2024,ENGENHO NOVO,Maternal I,159,436.0,3,0,3,0,91.11017838200921,69.0,115.0,59.0,129.0,0.027616098653349918,0.14870689655172414,64.83620689655173,2023,2024
2024,ENGENHO NOVO,Maternal II,71,464.0,3,0,0,3,61.416726088510394,45.0,78.0,38.0,89.0,0.027616098653349918,0.08627450980392157,40.03137254901961,2023,2024
2024,ENGENHO RAINHA,Bercario,125,520.0,3,3,0,0,69.29087063129045,52.0,88.0,44.0,99.0,0.027616098653349918,0.15047619047619049,78.24761904761905,2023,2024
2024,ENGENHO RAINHA,Maternal I,112,253.0,3,0,3,0,52.767856397974825,39.0,68.0,32.0,77.0,0.027616098653349918,0.19850187265917604,50.22097378277154,2023,2024
2024,ENGENHO RAINHA,Maternal II,84,267.0,3,0,0,3,35.27349281494999,25.0,46.0,20.0,53.0,0.027616098653349918,0.07042253521126761,18.802816901408452,2023,2024
2024,ESTACIO,Bercario,140,353.0,3,3,0,0,74.68723393192077,56.0,95.0,48.0,107.0,0.027616098653349918,0.36,127.08,2023,2024
2024,ESTACIO,Maternal I,75,197.0,3,0,3,0,65.24003007530659,48.0,83.0,41.0,94.0,0.027616098653349918,0.4029126213592233,79.37378640776699,2023,2024
2024,ESTACIO,Maternal II,24,206.0,3,0,0,3,43.21190578882036,31.0,56.0,26.0,64.0,0.027616098653349918,0.1459227467811159,30.060085836909874,2023,2024
2024,FLAMENGO,Bercario,57,565.0,3,3,0,0,31.673540650135077,22.0,42.0,18.0,48.0,0.027616098653349918,0.0625,35.3125,2023,2024
2024,FLAMENGO,Maternal I,33,263.0,3,0,3,0,23.07704362221095,15.0,31.0,12.0,36.0,0.027616098653349918,0.08243727598566308,21.68100358422939,2023,2024
2024,FLAMENGO,Maternal II,20,279.0,3,0,0,3,15.506611260140806,10.0,22.0,7.0,26.0,0.027616098653349918,0.03551912568306011,9.90983606557377,2023,2024
2024,FREGUESIA ILHA,Bercario,88,320.0,3,3,0,0,41.67451787497019,30.0,54.0,25.0,62.0,0.027616098653349918,0.18536585365853658,59.3170731707317,2023,2024
2024,FREGUESIA ILHA,Maternal I,62,255.0,3,0,3,0,51.9800918630611,38.0,67.0,32.0,76.0,0.027616098653349918,0.2774869109947644,70.75916230366492,2023,2024
2024,FREGUESIA ILHA,Maternal II,38,191.0,3,0,0,3,24.661444060002616,17.0,33.0,13.0,38.0,0.027616098653349918,0.14659685863874344,27.999999999999996,2023,2024
2024,FREGUESIA JPA,Bercario,160,1221.0,3,3,0,0,92.24094505010044,70.0,116.0,60.0,130.0,0.027616098653349918,0.06506024096385542,79.43855421686746,2023,2024
2024,FREGUESIA JPA,Maternal I,133,619.0,3,0,3,0,73.19391633088371,55.0,93.0,47.0,105.0,0.027616098653349918,0.1384180790960452,85.68079096045197,2023,2024
2024,FREGUESIA JPA,Maternal II,63,708.0,3,0,0,3,53.02807571324969,39.0,68.0,33.0,77.0,0.027616098653349918,0.031506849315068496,22.306849315068494,2023,2024
2024,GALEAO,Bercario,126,656.0,3,3,0,0,120.40409081840124,92.0,150.0,79.0,169.0,0.027616098653349918,0.17134831460674158,112.40449438202248,2023,2024
2024,GALEAO,Maternal I,108,365.0,3,0,3,0,104.85919613895713,80.0,131.0,69.0,148.0,0.027616098653349918,0.2914285714285714,106.37142857142857,2023,2024
2024,GALEAO,Maternal II,119,350.0,3,0,0,3,63.68981358195446,47.0,81.0,40.0,92.0,0.027616098653349918,0.26506024096385544,92.77108433734941,2023,2024
2024,GAMBOA,Bercario,78,251.0,3,3,0,0,40.63957760025229,29.0,53.0,24.0,60.0,0.027616098653349918,0.15602836879432624,39.163120567375884,2023,2024
2024,GAMBOA,Maternal I,49,156.0,3,0,3,0,39.53450618554119,28.0,51.0,23.0,59.0,0.027616098653349918,0.22077922077922077,34.44155844155844,2023,2024
2024,GAMBOA,Maternal II,41,154.0,3,0,0,3,24.720697185510573,17.0,33.0,13.0,38.0,0.027616098653349918,0.23376623376623376,36.0,2023,2024
2024,GARDENIA AZUL,Bercario,267,953.0,3,3,0,0,197.37979867691163,153.0,244.0,133.0,273.0,0.027616098653349918,0.2313131313131313,220.44141414141413,2023,2024
2024,GARDENIA AZUL,Maternal I,253,461.0,3,0,3,0,149.4469247421868,115.0,186.0,100.0,208.0,0.027616098653349918,0.3172905525846702,146.27094474153296,2023,2024
2024,GARDENIA AZUL,Maternal II,167,561.0,3,0,0,3,115.19594515330994,88.0,144.0,76.0,162.0,0.027616098653349918,0.17148014440433212,96.20036101083032,2023,2024
2024,GAVEA,Bercario,213,332.0,3,3,0,0,70.69458694329074,53.0,90.0,45.0,101.0,0.027616098653349918,0.3106508875739645,103.1360946745562,2023,2024
2024,GAVEA,Maternal I,148,171.0,3,0,3,0,56.99285910088477,42.0,73.0,35.0,83.0,0.027616098653349918,0.3129251700680272,53.51020408163266,2023,2024
2024,GAVEA,Maternal II,80,147.0,3,0,0,3,31.033441675862242,22.0,41.0,17.0,47.0,0.027616098653349918,0.1925133689839572,28.29946524064171,2023,2024
2024,GERICINO,Bercario,0,19.0,3,3,0,0,2.0509068637360826,0.0,4.0,0.0,5.0,0.027616098653349918,0.0,0.0,2023,2024
2024,GERICINO,Maternal I,0,12.0,3,0,3,0,2.027448540152381,0.0,4.0,0.0,5.0,0.027616098653349918,0.0,0.0,2023,2024
2024,GERICINO,Maternal II,0,1.0,3,0,0,3,0.10701800917948201,0.0,1.0,0.0,1.0,0.027616098653349918,0.0,0.0,2023,2024
2024,GLORIA,Bercario,44,101.0,3,3,0,0,15.709022337681372,10.0,22.0,7.0,26.0,0.027616098653349918,0.25663716814159293,25.920353982300885,2023,2024
2024,GLORIA,Maternal I,23,69.0,3,0,3,0,16.797828019221964,11.0,23.0,8.0,27.0,0.027616098653349918,0.358974358974359,24.76923076923077,2023,2024
2024,GLORIA,Maternal II,18,78.0,3,0,0,3,12.027819892772813,7.0,17.0,5.0,21.0,0.027616098653349918,0.09219858156028368,7.191489361702128,2023,2024
2024,GRAJAU,Bercario,86,456.0,3,3,0,0,47.87149754623383,35.0,62.0,29.0,70.0,0.027616098653349918,0.17849462365591398,81.39354838709677,2023,2024
2024,GRAJAU,Maternal I,39,231.0,3,0,3,0,37.95774528199884,27.0,50.0,22.0,57.0,0.027616098653349918,0.1111111111111111,25.666666666666664,2023,2024
2024,GRAJAU,Maternal II,27,252.0,3,0,0,3,26.228728749929925,18.0,35.0,14.0,41.0,0.027616098653349918,0.054313099041533544,13.686900958466452,2023,2024
2024,GRUMARI,Bercario,0,6.0,3,3,0,0,0.6553865422286114,0.0,2.0,0.0,3.0,0.027616098653349918,0.0,0.0,2023,2024
2024,GRUMARI,Maternal I,0,5.0,3,0,3,0,0.8548551443966315,0.0,2.0,0.0,3.0,0.027616098653349918,0.0,0.0,2023,2024
2024,GRUMARI,Maternal II,2,5.0,3,0,0,3,0.541477984047616,0.0,2.0,0.0,2.0,0.027616098653349918,0.0,0.0,2023,2024
2024,GUADALUPE,Bercario,179,881.0,3,3,0,0,111.83600881933837,85.0,140.0,73.0,157.0,0.027616098653349918,0.10081466395112017,88.81771894093687,2023,2024
2024,GUADALUPE,Maternal I,190,501.0,3,0,3,0,99.54506475250021,76.0,125.0,65.0,140.0,0.027616098653349918,0.24329501915708812,121.89080459770115,2023,2024
2024,GUADALUPE,Maternal II,112,522.0,3,0,0,3,65.69628085901198,49.0,84.0,41.0,94.0,0.027616098653349918,0.19031719532554256,99.34557595993321,2023,2024
2024,GUARATIBA,Bercario,1051,3626.0,3,3,0,0,693.6342664436182,547.0,849.0,481.0,943.0,0.027616098653349918,0.14026536691037098,508.6022204170052,2023,2024
2024,GUARATIBA,Maternal I,948,1906.0,3,0,3,0,570.6921418562016,449.0,699.0,395.0,777.0,0.027616098653349918,0.23319544984488108,444.47052740434333,2023,2024
2024,GUARATIBA,Maternal II,696,1934.0,3,0,0,3,366.795281148932,288.0,451.0,252.0,502.0,0.027616098653349918,0.20421393841166938,394.94975688816857,2023,2024
2024,HIGIENOPOLIS,Bercario,54,206.0,3,3,0,0,18.17264556470012,12.0,25.0,9.0,29.0,0.027616098653349918,0.05092592592592592,10.49074074074074,2023,2024
2024,HIGIENOPOLIS,Maternal I,27,111.0,3,0,3,0,15.326753440450029,10.0,21.0,7.0,25.0,0.027616098653349918,0.07627118644067797,8.466101694915254,2023,2024
2024,HIGIENOPOLIS,Maternal II,20,118.0,3,0,0,3,10.320422414672299,6.0,15.0,4.0,18.0,0.027616098653349918,0.044444444444444446,5.2444444444444445,2023,2024
2024,HONORIO GURGEL,Bercario,108,417.0,3,3,0,0,61.08966284188651,45.0,78.0,38.0,88.0,0.027616098653349918,0.17439293598233996,72.72185430463577,2023,2024
2024,HONORIO GURGEL,Maternal I,84,222.0,3,0,3,0,50.90505418140894,37.0,65.0,31.0,74.0,0.027616098653349918,0.23137254901960785,51.36470588235294,2023,2024
2024,HONORIO GURGEL,Maternal II,61,255.0,3,0,0,3,37.0370496546162,26.0,48.0,22.0,55.0,0.027616098653349918,0.16370106761565836,41.743772241992886,2023,2024
2024,HUMAITA,Bercario,9,147.0,3,3,0,0,8.957051942618104,5.0,13.0,3.0,16.0,0.027616098653349918,0.025,3.6750000000000003,2023,2024
2024,HUMAITA,Maternal I,12,84.0,3,0,3,0,8.011305630750597,4.0,12.0,3.0,15.0,0.027616098653349918,0.020833333333333332,1.75,2023,2024
2024,HUMAITA,Maternal II,2,96.0,3,0,0,3,5.799406101172085,3.0,9.0,1.0,11.0,0.027616098653349918,0.023622047244094488,2.267716535433071,2023,2024
2024,ILHA GUARATIBA,Bercario,1,9.0,3,3,0,0,1.0520206467262079,0.0,2.0,0.0,3.0,0.027616098653349918,0.15196469627011724,1.3676822664310553,2023,2024
2024,INHAUMA,Bercario,404,1101.0,3,3,0,0,167.59156261340496,129.0,208.0,112.0,232.0,0.027616098653349918,0.2041127189642041,224.72810357958872,2023,2024
2024,INHAUMA,Maternal I,369,784.0,3,0,3,0,186.7915175023905,145.0,231.0,126.0,258.0,0.027616098653349918,0.17882352941176471,140.19764705882355,2023,2024
2024,INHAUMA,Maternal II,200,850.0,3,0,0,3,128.27685012340507,98.0,160.0,85.0,179.0,0.027616098653349918,0.12982005141388175,110.34704370179949,2023,2024
2024,INHOAIBA,Bercario,532,1572.0,3,3,0,0,356.7628641063565,280.0,438.0,245.0,488.0,0.027616098653349918,0.196011396011396,308.1299145299145,2023,2024
2024,INHOAIBA,Maternal I,445,931.0,3,0,3,0,330.7143481974045,259.0,407.0,227.0,453.0,0.027616098653349918,0.3076086956521739,286.3836956521739,2023,2024
2024,INHOAIBA,Maternal II,214,920.0,3,0,0,3,207.00434318375682,161.0,256.0,140.0,286.0,0.027616098653349918,0.18622174381054898,171.32400430570507,2023,2024
2024,IPANEMA,Bercario,8,500.0,3,3,0,0,17.24583274596516,11.0,24.0,8.0,28.0,0.027616098653349918,0.0148975791433892,7.4487895716946,2023,2024
2024,IPANEMA,Maternal I,19,291.0,3,0,3,0,15.710261386272602,10.0,22.0,7.0,26.0,0.027616098653349918,0.0,0.0,2023,2024
2024,IPANEMA,Maternal II,5,254.0,3,0,0,3,8.685851744426776,5.0,13.0,3.0,16.0,0.027616098653349918,0.01818181818181818,4.618181818181818,2023,2024
2024,IRAJA,Bercario,304,1615.0,3,3,0,0,201.09884427943467,156.0,249.0,136.0,278.0,0.027616098653349918,0.10441527446300716,168.63066825775655,2023,2024
2024,IRAJA,Maternal I,261,847.0,3,0,3,0,165.08085695229212,128.0,205.0,111.0,229.0,0.027616098653349918,0.12632821723730814,107.0,2023,2024
2024,IRAJA,Maternal II,155,847.0,3,0,0,3,104.56467415946948,80.0,131.0,68.0,147.0,0.027616098653349918,0.09859154929577464,83.50704225352112,2023,2024
2024,ITANHANGA,Bercario,291,1540.0,3,3,0,0,290.40417011130404,227.0,358.0,198.0,399.0,0.027616098653349918,0.1341874578556979,206.64868509777477,2023,2024
2024,ITANHANGA,Maternal I,374,762.0,3,0,3,0,224.91237687764607,175.0,278.0,153.0,310.0,0.027616098653349918,0.382228490832158,291.2581100141044,2023,2024
2024,ITANHANGA,Maternal II,291,709.0,3,0,0,3,132.55401683088155,102.0,165.0,88.0,185.0,0.027616098653349918,0.39711664482306686,281.5557011795544,2023,2024
2024,JABOUR,Bercario,0,2.0,3,3,0,0,0.23346400017540211,0.0,1.0,0.0,1.0,0.027616098653349918,0.0,0.0,2023,2024
2024,JACARE,Bercario,258,451.0,3,3,0,0,114.27513460313594,87.0,143.0,75.0,160.0,0.027616098653349918,0.3195364238410596,144.11092715231788,2023,2024
2024,JACARE,Maternal I,148,316.0,3,0,3,0,125.32523815292566,96.0,156.0,83.0,175.0,0.027616098653349918,0.25301204819277107,79.95180722891565,2023,2024
2024,JACARE,Maternal II,101,332.0,3,0,0,3,83.40225890622611,63.0,105.0,54.0,118.0,0.027616098653349918,0.2891566265060241,96.0,2023,2024
2024,JACAREPAGUA,Bercario,624,4446.0,3,3,0,0,548.5535268271879,432.0,672.0,379.0,747.0,0.027616098653349918,0.11503442149677992,511.44303797468353,2023,2024
2024,JACAREPAGUA,Maternal I,646,2546.0,3,0,3,0,491.6818861167589,387.0,603.0,339.0,671.0,0.027616098653349918,0.20389556568586822,519.1181102362204,2023,2024
2024,JACAREPAGUA,Maternal II,523,2413.0,3,0,0,3,295.1694494632452,231.0,363.0,202.0,405.0,0.027616098653349918,0.17670682730923695,426.39357429718876,2023,2024
2024,JACAREZINHO,Bercario,40,436.0,3,3,0,0,23.907912693194323,16.0,32.0,13.0,37.0,0.027616098653349918,0.0684931506849315,29.863013698630134,2023,2024
2024,JACAREZINHO,Maternal I,20,208.0,3,0,3,0,17.85232412384992,11.0,25.0,9.0,29.0,0.027616098653349918,0.04390243902439024,9.13170731707317,2023,2024
2024,JACAREZINHO,Maternal II,13,205.0,3,0,0,3,11.144832946734736,6.0,16.0,4.0,19.0,0.027616098653349918,0.01444043321299639,2.9602888086642603,2023,2024
2024,JARDIM AMERICA,Bercario,141,570.0,3,3,0,0,90.15038121860883,68.0,113.0,58.0,128.0,0.027616098653349918,0.16134453781512606,91.96638655462185,2023,2024
2024,JARDIM AMERICA,Maternal I,158,306.0,3,0,3,0,75.75135308361024,57.0,96.0,48.0,108.0,0.027616098653349918,0.24645892351274787,75.41643059490085,2023,2024
2024,JARDIM AMERICA,Maternal II,54,353.0,3,0,0,3,55.35182536187592,41.0,71.0,34.0,80.0,0.027616098653349918,0.09895833333333333,34.932291666666664,2023,2024
2024,JARDIM BOTANICO,Bercario,12,228.0,3,3,0,0,10.760364982177812,6.0,16.0,4.0,19.0,0.027616098653349918,0.008695652173913044,1.982608695652174,2023,2024
2024,JARDIM BOTANICO,Maternal I,15,112.0,3,0,3,0,8.273445958230612,4.0,12.0,3.0,15.0,0.027616098653349918,0.0,0.0,2023,2024
2024,JARDIM BOTANICO,Maternal II,5,122.0,3,0,0,3,5.708427849384899,3.0,9.0,1.0,11.0,0.027616098653349918,0.0,0.0,2023,2024
2024,JARDIM CARIOCA,Bercario,85,402.0,3,3,0,0,35.612840388638105,25.0,47.0,21.0,53.0,0.027616098653349918,0.09813084112149532,39.44859813084112,2023,2024
2024,JARDIM CARIOCA,Maternal I,54,215.0,3,0,3,0,29.8122858278338,21.0,39.0,17.0,45.0,0.027616098653349918,0.1308016877637131,28.122362869198316,2023,2024
2024,JARDIM CARIOCA,Maternal II,33,237.0,3,0,0,3,20.815815806951942,14.0,28.0,11.0,33.0,0.027616098653349918,0.0752212389380531,17.827433628318584,2023,2024
2024,JARDIM GUANABARA,Bercario,14,370.0,3,3,0,0,16.170212317759976,10.0,23.0,8.0,26.0,0.027616098653349918,0.02030456852791878,7.512690355329949,2023,2024
2024,JARDIM GUANABARA,Maternal I,7,200.0,3,0,3,0,13.681075834894068,8.0,19.0,6.0,23.0,0.027616098653349918,0.011428571428571429,2.2857142857142856,2023,2024
2024,JARDIM GUANABARA,Maternal II,13,175.0,3,0,0,3,7.5825725970462,4.0,12.0,2.0,14.0,0.027616098653349918,0.014354066985645933,2.511961722488038,2023,2024
2024,JARDIM SULACAP,Bercario,39,376.0,3,3,0,0,32.18928687430178,23.0,42.0,18.0,49.0,0.027616098653349918,0.0481283422459893,18.096256684491976,2023,2024
2024,JARDIM SULACAP,Maternal I,48,174.0,3,0,3,0,23.31572986954784,16.0,31.0,12.0,36.0,0.027616098653349918,0.08080808080808081,14.060606060606062,2023,2024
2024,JARDIM SULACAP,Maternal II,39,198.0,3,0,0,3,16.805569367040086,11.0,23.0,8.0,27.0,0.027616098653349918,0.09137055837563451,18.091370558375633,2023,2024
2024,JOA,Bercario,0,12.0,3,3,0,0,1.32193253697038,0.0,3.0,0.0,4.0,0.027616098653349918,0.05263157894736842,0.631578947368421,2023,2024
2024,JOA,Maternal I,0,11.0,3,0,3,0,1.8966927647383036,0.0,4.0,0.0,5.0,0.027616098653349918,0.0,0.0,2023,2024
2024,JOA,Maternal II,0,4.0,3,0,0,3,0.43687034691413507,0.0,1.0,0.0,2.0,0.027616098653349918,0.2,0.8,2023,2024
2024,LAGOA,Bercario,5,254.0,3,3,0,0,11.088164282333924,6.0,16.0,4.0,19.0,0.027616098653349918,0.0,0.0,2023,2024
2024,LAGOA,Maternal I,3,128.0,3,0,3,0,8.746054135433862,5.0,13.0,3.0,16.0,0.027616098653349918,0.006756756756756757,0.8648648648648649,2023,2024
2024,LAGOA,Maternal II,1,148.0,3,0,0,3,6.405487391954552,3.0,10.0,2.0,12.0,0.027616098653349918,0.0136986301369863,2.0273972602739727,2023,2024
2024,LAPA,Bercario,0,48.0,3,3,0,0,3.5397438185575893,1.0,6.0,0.0,8.0,0.027616098653349918,0.0,0.0,2023,2024
2024,LAPA,Maternal I,0,34.0,3,0,3,0,3.92451296363654,1.0,7.0,1.0,9.0,0.027616098653349918,0.0,0.0,2023,2024
2024,LAPA,Maternal II,0,49.0,3,0,0,3,3.5825412923340405,1.0,6.0,0.0,8.0,0.027616098653349918,0.0,0.0,2023,2024
2024,LARANJEIRAS,Bercario,53,542.0,3,3,0,0,31.90364184963721,22.0,42.0,18.0,48.0,0.027616098653349918,0.06548672566371681,35.49380530973451,2023,2024
2024,LARANJEIRAS,Maternal I,38,280.0,3,0,3,0,25.797359889076894,18.0,35.0,14.0,40.0,0.027616098653349918,0.07692307692307693,21.53846153846154,2023,2024
2024,LARANJEIRAS,Maternal II,17,273.0,3,0,0,3,15.93192127941021,10.0,22.0,7.0,26.0,0.027616098653349918,0.047619047619047616,13.0,2023,2024
2024,LEBLON,Bercario,26,547.0,3,3,0,0,17.195723921350336,11.0,24.0,8.0,28.0,0.027616098653349918,0.009009009009009009,4.927927927927928,2023,2024
2024,LEBLON,Maternal I,16,267.0,3,0,3,0,13.137739770806666,8.0,19.0,6.0,22.0,0.027616098653349918,0.006968641114982578,1.8606271777003485,2023,2024
2024,LEBLON,Maternal II,5,287.0,3,0,0,3,8.944983923611513,5.0,13.0,3.0,16.0,0.027616098653349918,0.0031746031746031746,0.9111111111111111,2023,2024
2024,LEME,Bercario,48,193.0,3,3,0,0,19.164627027775467,12.0,26.0,10.0,31.0,0.027616098653349918,0.15151515151515152,29.242424242424242,2023,2024
2024,LEME,Maternal I,31,95.0,3,0,3,0,14.765322061700452,9.0,21.0,7.0,25.0,0.027616098653349918,0.05084745762711865,4.830508474576272,2023,2024
2024,LEME,Maternal II,9,118.0,3,0,0,3,11.61688259042709,7.0,17.0,5.0,20.0,0.027616098653349918,0.11666666666666667,13.766666666666667,2023,2024
2024,LINS VASCONCELOS,Bercario,222,677.0,3,3,0,0,86.22504255418463,65.0,109.0,56.0,122.0,0.027616098653349918,0.21666666666666667,146.68333333333334,2023,2024
2024,LINS VASCONCELOS,Maternal I,85,375.0,3,0,3,0,74.7570702174707,56.0,95.0,48.0,107.0,0.027616098653349918,0.11055276381909548,41.45728643216081,2023,2024
2024,LINS VASCONCELOS,Maternal II,33,398.0,3,0,0,3,50.25651284545747,37.0,65.0,31.0,73.0,0.027616098653349918,0.06698564593301436,26.660287081339714,2023,2024
2024,MADUREIRA,Bercario,214,845.0,3,3,0,0,115.55994335019298,88.0,144.0,76.0,162.0,0.027616098653349918,0.18796992481203006,158.8345864661654,2023,2024
2024,MADUREIRA,Maternal I,131,469.0,3,0,3,0,100.39213963536704,76.0,126.0,65.0,142.0,0.027616098653349918,0.17495395948434622,82.05340699815838,2023,2024
2024,MADUREIRA,Maternal II,75,543.0,3,0,0,3,73.62324764783915,55.0,93.0,47.0,105.0,0.027616098653349918,0.13738019169329074,74.59744408945687,2023,2024
2024,MAGALHAES BASTOS,Bercario,100,442.0,3,3,0,0,59.29024944663455,44.0,76.0,37.0,86.0,0.027616098653349918,0.12009237875288684,53.08083140877598,2023,2024
2024,MAGALHAES BASTOS,Maternal I,58,205.0,3,0,3,0,43.041869413628845,31.0,56.0,26.0,64.0,0.027616098653349918,0.13636363636363635,27.954545454545453,2023,2024
2024,MAGALHAES BASTOS,Maternal II,45,242.0,3,0,0,3,32.184065560710714,23.0,42.0,18.0,49.0,0.027616098653349918,0.11481481481481481,27.785185185185185,2023,2024
2024,MANGUEIRA,Bercario,182,460.0,3,3,0,0,96.9923144422254,74.0,122.0,63.0,137.0,0.027616098653349918,0.35802469135802467,164.69135802469134,2023,2024
2024,MANGUEIRA,Maternal I,62,254.0,3,0,3,0,83.82806932820374,63.0,106.0,54.0,119.0,0.027616098653349918,0.25523012552301255,64.82845188284519,2023,2024
2024,MANGUEIRA,Maternal II,34,239.0,3,0,0,3,49.9622423893441,36.0,64.0,30.0,73.0,0.027616098653349918,0.12406015037593984,29.65037593984962,2023,2024
2024,MANGUINHOS,Bercario,162,739.0,3,3,0,0,78.15279318686771,59.0,99.0,50.0,111.0,0.027616098653349918,0.09149484536082474,67.61469072164948,2023,2024
2024,MANGUINHOS,Maternal I,118,385.0,3,0,3,0,63.72899236261482,47.0,81.0,40.0,92.0,0.027616098653349918,0.17233560090702948,66.34920634920636,2023,2024
2024,MANGUINHOS,Maternal II,89,441.0,3,0,0,3,46.23844129453586,34.0,60.0,28.0,68.0,0.027616098653349918,0.13043478260869565,57.52173913043478,2023,2024
2024,MARACANA,Bercario,17,303.0,3,3,0,0,20.074848535306103,13.0,27.0,10.0,32.0,0.027616098653349918,0.08598726114649681,26.054140127388532,2023,2024
2024,MARACANA,Maternal I,9,154.0,3,0,3,0,15.970062870528345,10.0,22.0,8.0,26.0,0.027616098653349918,0.057803468208092484,8.901734104046243,2023,2024
2024,MARACANA,Maternal II,9,173.0,3,0,0,3,11.363713659732612,7.0,16.0,5.0,20.0,0.027616098653349918,0.047872340425531915,8.28191489361702,2023,2024
2024,MARECHAL HERMES,Bercario,133,780.0,3,3,0,0,110.83347288178129,85.0,139.0,73.0,156.0,0.027616098653349918,0.07445442875481387,58.07445442875482,2023,2024
2024,MARECHAL HERMES,Maternal I,171,418.0,3,0,3,0,92.96701293353802,70.0,117.0,60.0,131.0,0.027616098653349918,0.20316027088036118,84.92099322799098,2023,2024
2024,MARECHAL HERMES,Maternal II,97,443.0,3,0,0,3,62.408622290238874,46.0,80.0,39.0,90.0,0.027616098653349918,0.22760290556900725,100.82808716707021,2023,2024
2024,MARIA GRACA,Bercario,18,103.0,3,3,0,0,8.667931590253962,5.0,13.0,3.0,16.0,0.027616098653349918,0.07627118644067797,7.855932203389831,2023,2024
2024,MARIA GRACA,Maternal I,15,63.0,3,0,3,0,8.298413208512004,4.0,13.0,3.0,15.0,0.027616098653349918,0.02,1.26,2023,2024
2024,MARIA GRACA,Maternal II,5,50.0,3,0,0,3,4.171697266343793,2.0,7.0,1.0,9.0,0.027616098653349918,0.01818181818181818,0.9090909090909091,2023,2024
2024,MEIER,Bercario,72,499.0,3,3,0,0,30.792196871306395,21.0,41.0,17.0,47.0,0.027616098653349918,0.05588822355289421,27.88822355289421,2023,2024
2024,MEIER,Maternal I,90,259.0,3,0,3,0,25.015901001399836,17.0,34.0,13.0,39.0,0.027616098653349918,0.056910569105691054,14.739837398373982,2023,2024
2024,MEIER,Maternal II,37,246.0,3,0,0,3,15.050113194769068,9.0,21.0,7.0,25.0,0.027616098653349918,0.033707865168539325,8.292134831460674,2023,2024
2024,MONERO,Bercario,2,46.0,3,3,0,0,4.529750274221076,2.0,8.0,1.0,9.0,0.027616098653349918,0.05555555555555555,2.5555555555555554,2023,2024
2024,MONERO,Maternal I,5,30.0,3,0,3,0,4.623958624245043,2.0,8.0,1.0,10.0,0.027616098653349918,0.10714285714285714,3.214285714285714,2023,2024
2024,MONERO,Maternal II,2,28.0,3,0,0,3,2.733625328082289,1.0,5.0,0.0,7.0,0.027616098653349918,0.10344827586206896,2.896551724137931,2023,2024
2024,OLARIA,Bercario,236,895.0,3,3,0,0,104.60973887089945,80.0,131.0,68.0,147.0,0.027616098653349918,0.10248447204968944,91.72360248447205,2023,2024
2024,OLARIA,Maternal I,170,474.0,3,0,3,0,86.71688733747811,65.0,109.0,56.0,123.0,0.027616098653349918,0.11594202898550725,54.95652173913044,2023,2024
2024,OLARIA,Maternal II,73,483.0,3,0,0,3,55.97070065347926,41.0,72.0,35.0,81.0,0.027616098653349918,0.07471264367816093,36.08620689655173,2023,2024
2024,OSWALDO CRUZ,Bercario,79,499.0,3,3,0,0,61.83765256203043,46.0,79.0,39.0,89.0,0.027616098653349918,0.05471698113207547,27.30377358490566,2023,2024
2024,OSWALDO CRUZ,Maternal I,95,286.0,3,0,3,0,55.47467143286041,41.0,71.0,34.0,81.0,0.027616098653349918,0.15298507462686567,43.75373134328358,2023,2024
2024,OSWALDO CRUZ,Maternal II,77,268.0,3,0,0,3,32.92697040654567,23.0,43.0,19.0,50.0,0.027616098653349918,0.22875816993464052,61.307189542483655,2023,2024
2024,PACIENCIA,Bercario,734,2461.0,3,3,0,0,486.08151494137667,382.0,596.0,336.0,663.0,0.027616098653349918,0.18564449455092072,456.8711010898159,2023,2024
2024,PACIENCIA,Maternal I,760,1410.0,3,0,3,0,435.90601416724826,342.0,535.0,300.0,595.0,0.027616098653349918,0.3201113430758525,451.356993736952,2023,2024
2024,PACIENCIA,Maternal II,342,1437.0,3,0,0,3,281.39656405555473,220.0,347.0,192.0,386.0,0.027616098653349918,0.16233766233766234,233.27922077922076,2023,2024
2024,PADRE MIGUEL,Bercario,192,1057.0,3,3,0,0,128.4051941522062,98.0,160.0,85.0,179.0,0.027616098653349918,0.09605026929982047,101.52513464991023,2023,2024
2024,PADRE MIGUEL,Maternal I,187,604.0,3,0,3,0,114.84730260797289,88.0,144.0,76.0,161.0,0.027616098653349918,0.25826771653543307,155.99370078740156,2023,2024
2024,PADRE MIGUEL,Maternal II,146,635.0,3,0,0,3,76.47964439188048,57.0,97.0,49.0,109.0,0.027616098653349918,0.13618677042801555,86.47859922178988,2023,2024
2024,PAQUETA,Bercario,23,58.0,3,3,0,0,9.06622601282169,5.0,14.0,3.0,16.0,0.027616098653349918,0.3466666666666667,20.10666666666667,2023,2024
2024,PAQUETA,Maternal I,13,42.0,3,0,3,0,10.27599997591572,6.0,15.0,4.0,18.0,0.027616098653349918,0.25806451612903225,10.838709677419354,2023,2024
2024,PAQUETA,Maternal II,6,31.0,3,0,0,3,4.804240851370165,2.0,8.0,1.0,10.0,0.027616098653349918,0.28,8.680000000000001,2023,2024
2024,PARADA LUCAS,Bercario,138,553.0,3,3,0,0,49.12991958134675,36.0,63.0,30.0,72.0,0.027616098653349918,0.030405405405405407,16.81418918918919,2023,2024
2024,PARADA LUCAS,Maternal I,83,312.0,3,0,3,0,43.38621582126011,31.0,56.0,26.0,64.0,0.027616098653349918,0.10714285714285714,33.42857142857142,2023,2024
2024,PARADA LUCAS,Maternal II,39,280.0,3,0,0,3,24.66286259835452,17.0,33.0,13.0,38.0,0.027616098653349918,0.06289308176100629,17.61006289308176,2023,2024
2024,PARQUE ANCHIETA,Bercario,64,310.0,3,3,0,0,39.46754216970126,28.0,51.0,23.0,59.0,0.027616098653349918,0.04451038575667656,13.798219584569734,2023,2024
2024,PARQUE ANCHIETA,Maternal I,67,198.0,3,0,3,0,39.45661592734094,28.0,51.0,23.0,59.0,0.027616098653349918,0.2403846153846154,47.59615384615385,2023,2024
2024,PARQUE ANCHIETA,Maternal II,44,208.0,3,0,0,3,26.254651196965803,18.0,35.0,14.0,41.0,0.027616098653349918,0.17159763313609466,35.69230769230769,2023,2024
2024,PARQUE COLUMBIA,Bercario,23,134.0,3,3,0,0,20.821528545128896,14.0,28.0,11.0,33.0,0.027616098653349918,0.3026315789473684,40.55263157894737,2023,2024
2024,PARQUE COLUMBIA,Maternal I,17,56.0,3,0,3,0,13.619842757315372,8.0,19.0,6.0,23.0,0.027616098653349918,0.5121951219512195,28.682926829268293,2023,2024
2024,PARQUE COLUMBIA,Maternal II,4,41.0,3,0,0,3,6.31620470924009,3.0,10.0,2.0,12.0,0.027616098653349918,0.12280701754385964,5.035087719298246,2023,2024
2024,PAVUNA,Bercario,475,1796.0,3,3,0,0,324.83905917522003,254.0,399.0,223.0,445.0,0.027616098653349918,0.24755887421022402,444.6157380815623,2023,2024
2024,PAVUNA,Maternal I,380,925.0,3,0,3,0,261.8664741051878,204.0,323.0,178.0,360.0,0.027616098653349918,0.3119918699186992,288.5924796747968,2023,2024
2024,PAVUNA,Maternal II,197,984.0,3,0,0,3,176.44995022225726,137.0,219.0,119.0,244.0,0.027616098653349918,0.16747337850919652,164.79380445304938,2023,2024
2024,PECHINCHA,Bercario,78,829.0,3,3,0,0,49.68059647209867,36.0,64.0,30.0,73.0,0.027616098653349918,0.035175879396984924,29.160804020100503,2023,2024
2024,PECHINCHA,Maternal I,70,363.0,3,0,3,0,34.049846012988425,24.0,45.0,20.0,51.0,0.027616098653349918,0.05868544600938967,21.302816901408452,2023,2024
2024,PECHINCHA,Maternal II,58,426.0,3,0,0,3,25.310830766245246,17.0,34.0,14.0,39.0,0.027616098653349918,0.05200945626477541,22.156028368794324,2023,2024
2024,PEDRA GUARATIBA,Bercario,107,678.0,3,3,0,0,55.44865116186504,41.0,71.0,34.0,81.0,0.027616098653349918,0.04697986577181208,31.85234899328859,2023,2024
2024,PEDRA GUARATIBA,Maternal I,136,436.0,3,0,3,0,55.811544063359264,41.0,71.0,34.0,81.0,0.027616098653349918,0.09740259740259741,42.46753246753247,2023,2024
2024,PEDRA GUARATIBA,Maternal II,45,462.0,3,0,0,3,37.460002135484686,27.0,49.0,22.0,56.0,0.027616098653349918,0.05765765765765766,26.63783783783784,2023,2024
2024,PENHA,Bercario,350,1366.0,3,3,0,0,145.83775249927044,112.0,181.0,97.0,203.0,0.027616098653349918,0.12666200139958012,173.02029391182643,2023,2024
2024,PENHA,Maternal I,273,714.0,3,0,3,0,119.31463899242746,91.0,149.0,79.0,167.0,0.027616098653349918,0.115995115995116,82.82051282051282,2023,2024
2024,PENHA,Maternal II,139,819.0,3,0,0,3,86.68973898113941,65.0,109.0,56.0,123.0,0.027616098653349918,0.06673960612691467,54.65973741794311,2023,2024
2024,PENHA CIRCULAR,Bercario,248,759.0,3,3,0,0,86.75485714086635,65.0,109.0,56.0,123.0,0.027616098653349918,0.17092866756393002,129.7348586810229,2023,2024
2024,PENHA CIRCULAR,Maternal I,140,383.0,3,0,3,0,68.5215302692003,51.0,87.0,43.0,98.0,0.027616098653349918,0.11483253588516747,43.98086124401914,2023,2024
2024,PENHA CIRCULAR,Maternal II,69,418.0,3,0,0,3,47.36884931307521,34.0,61.0,29.0,70.0,0.027616098653349918,0.12566844919786097,52.529411764705884,2023,2024
2024,PIEDADE,Bercario,153,722.0,3,3,0,0,83.4949393181051,63.0,105.0,54.0,119.0,0.027616098653349918,0.08671328671328671,62.606993006993,2023,2024
2024,PIEDADE,Maternal I,170,368.0,3,0,3,0,66.61116522848465,50.0,85.0,42.0,96.0,0.027616098653349918,0.16152019002375298,59.4394299287411,2023,2024
2024,PIEDADE,Maternal II,90,421.0,3,0,0,3,48.269142290950036,35.0,62.0,29.0,71.0,0.027616098653349918,0.13729977116704806,57.80320366132723,2023,2024
2024,PILARES,Bercario,138,459.0,3,3,0,0,60.41295312177585,45.0,77.0,38.0,87.0,0.027616098653349918,0.1826086956521739,83.81739130434782,2023,2024
2024,PILARES,Maternal I,115,231.0,3,0,3,0,47.588894505536516,35.0,61.0,29.0,70.0,0.027616098653349918,0.15079365079365079,34.83333333333333,2023,2024
2024,PILARES,Maternal II,67,252.0,3,0,0,3,32.88383427997486,23.0,43.0,19.0,50.0,0.027616098653349918,0.05993690851735016,15.10410094637224,2023,2024
2024,PITANGUEIRAS,Bercario,18,186.0,3,3,0,0,13.274200110146555,8.0,19.0,6.0,22.0,0.027616098653349918,0.01675977653631285,3.11731843575419,2023,2024
2024,PITANGUEIRAS,Maternal I,14,90.0,3,0,3,0,10.053428230643037,6.0,15.0,4.0,18.0,0.027616098653349918,0.0375,3.375,2023,2024
2024,PITANGUEIRAS,Maternal II,15,80.0,3,0,0,3,5.660436637095182,3.0,9.0,1.0,11.0,0.027616098653349918,0.041237113402061855,3.2989690721649483,2023,2024
2024,PORTUGUESA,Bercario,72,306.0,3,3,0,0,40.796364820244364,29.0,53.0,24.0,61.0,0.027616098653349918,0.14331210191082802,43.853503184713375,2023,2024
2024,PORTUGUESA,Maternal I,36,160.0,3,0,3,0,33.38845162356061,23.0,44.0,19.0,50.0,0.027616098653349918,0.2585034013605442,41.36054421768708,2023,2024
2024,PORTUGUESA,Maternal II,16,147.0,3,0,0,3,19.43040733518471,13.0,27.0,10.0,31.0,0.027616098653349918,0.14204545454545456,20.88068181818182,2023,2024
2024,PRACA BANDEIRA,Bercario,13,122.0,3,3,0,0,11.760155911722054,7.0,17.0,5.0,20.0,0.027616098653349918,0.07692307692307693,9.384615384615385,2023,2024
2024,PRACA BANDEIRA,Maternal I,21,70.0,3,0,3,0,10.561547221567494,6.0,15.0,4.0,18.0,0.027616098653349918,0.1891891891891892,13.243243243243244,2023,2024
2024,PRACA BANDEIRA,Maternal II,12,74.0,3,0,0,3,7.072118004400008,4.0,11.0,2.0,13.0,0.027616098653349918,0.08247422680412371,6.103092783505154,2023,2024
2024,PRACA SECA,Bercario,289,1175.0,3,3,0,0,157.3360026398304,121.0,195.0,105.0,219.0,0.027616098653349918,0.09135004042037187,107.33629749393695,2023,2024
2024,PRACA SECA,Maternal I,236,669.0,3,0,3,0,140.21440052664624,108.0,175.0,93.0,195.0,0.027616098653349918,0.19578313253012047,130.9789156626506,2023,2024
2024,PRACA SECA,Maternal II,156,664.0,3,0,0,3,88.15010925710982,67.0,111.0,57.0,125.0,0.027616098653349918,0.12342215988779803,81.9523141654979,2023,2024
2024,PRAIA BANDEIRA,Bercario,3,56.0,3,3,0,0,5.36774687407473,2.0,9.0,1.0,11.0,0.027616098653349918,0.017857142857142856,1.0,2023,2024
2024,PRAIA BANDEIRA,Maternal I,5,40.0,3,0,3,0,6.001229678052602,3.0,9.0,2.0,12.0,0.027616098653349918,0.0,0.0,2023,2024
2024,PRAIA BANDEIRA,Maternal II,1,33.0,3,0,0,3,3.1360463343670637,1.0,6.0,0.0,7.0,0.027616098653349918,0.13793103448275862,4.551724137931035,2023,2024
2024,QUINTINO BOCAIUVA,Bercario,68,462.0,3,3,0,0,44.32701458008396,32.0,57.0,27.0,65.0,0.027616098653349918,0.07531380753138076,34.79497907949791,2023,2024
2024,QUINTINO BOCAIUVA,Maternal I,119,235.0,3,0,3,0,35.29154128005406,25.0,46.0,20.0,53.0,0.027616098653349918,0.0962962962962963,22.62962962962963,2023,2024
2024,QUINTINO BOCAIUVA,Maternal II,89,270.0,3,0,0,3,25.68353516996654,17.0,34.0,14.0,40.0,0.027616098653349918,0.19413919413919414,52.417582417582416,2023,2024
2024,RAMOS,Bercario,490,1368.0,3,3,0,0,193.73673320388997,150.0,240.0,131.0,268.0,0.027616098653349918,0.08383233532934131,114.68263473053892,2023,2024
2024,RAMOS,Maternal I,427,642.0,3,0,3,0,142.31057040178925,109.0,177.0,95.0,198.0,0.027616098653349918,0.1066350710900474,68.45971563981043,2023,2024
2024,RAMOS,Maternal II,222,844.0,3,0,0,3,118.50395685531043,91.0,148.0,78.0,166.0,0.027616098653349918,0.16598079561042525,140.0877914951989,2023,2024
2024,REALENGO,Bercario,832,3310.0,3,3,0,0,470.6175544596421,370.0,577.0,325.0,642.0,0.027616098653349918,0.12924025791982058,427.7852537146061,2023,2024
2024,REALENGO,Maternal I,663,1877.0,3,0,3,0,417.7155645627283,328.0,513.0,288.0,571.0,0.027616098653349918,0.19705434230573896,369.871000507872,2023,2024
2024,REALENGO,Maternal II,450,1969.0,3,0,0,3,277.5558435185127,217.0,342.0,189.0,381.0,0.027616098653349918,0.10338069573738363,203.55658990690839,2023,2024
2024,RECREIO BANDEIRANTES,Bercario,232,2582.0,3,3,0,0,207.68364688630436,161.0,257.0,140.0,287.0,0.027616098653349918,0.06632085957762134,171.24045942941828,2023,2024
2024,RECREIO BANDEIRANTES,Maternal I,276,1375.0,3,0,3,0,173.11114059629492,134.0,215.0,116.0,240.0,0.027616098653349918,0.14590747330960854,200.62277580071174,2023,2024
2024,RECREIO BANDEIRANTES,Maternal II,181,1405.0,3,0,0,3,112.04356473696225,85.0,140.0,74.0,157.0,0.027616098653349918,0.10569663692518874,148.5037748798902,2023,2024
2024,RIACHUELO,Bercario,48,139.0,3,3,0,0,11.020155433783668,6.0,16.0,4.0,19.0,0.027616098653349918,0.11428571428571428,15.885714285714284,2023,2024
2024,RIACHUELO,Maternal I,15,77.0,3,0,3,0,9.555202631176519,5.0,14.0,4.0,17.0,0.027616098653349918,0.11702127659574468,9.01063829787234,2023,2024
2024,RIACHUELO,Maternal II,18,94.0,3,0,0,3,7.388653555223173,4.0,11.0,2.0,14.0,0.027616098653349918,0.020202020202020204,1.8989898989898992,2023,2024
2024,RIBEIRA,Bercario,5,41.0,3,3,0,0,3.7523830959321582,1.0,6.0,0.0,8.0,0.027616098653349918,0.07142857142857142,2.9285714285714284,2023,2024
2024,RIBEIRA,Maternal I,4,21.0,3,0,3,0,3.0082842169789017,1.0,5.0,0.0,7.0,0.027616098653349918,0.0967741935483871,2.032258064516129,2023,2024
2024,RIBEIRA,Maternal II,6,31.0,3,0,0,3,2.8128692023384816,1.0,5.0,0.0,7.0,0.027616098653349918,0.0,0.0,2023,2024
2024,RICARDO ALBUQUERQUE,Bercario,148,555.0,3,3,0,0,100.52491354993376,76.0,126.0,66.0,142.0,0.027616098653349918,0.1423785594639866,79.02010050251256,2023,2024
2024,RICARDO ALBUQUERQUE,Maternal I,122,311.0,3,0,3,0,88.16929546917154,67.0,111.0,57.0,125.0,0.027616098653349918,0.3193548387096774,99.31935483870967,2023,2024
2024,RICARDO ALBUQUERQUE,Maternal II,100,310.0,3,0,0,3,55.66817054797709,41.0,71.0,34.0,81.0,0.027616098653349918,0.22121212121212122,68.57575757575758,2023,2024
2024,RIO COMPRIDO,Bercario,251,741.0,3,3,0,0,122.23338003075428,94.0,153.0,81.0,171.0,0.027616098653349918,0.2442455242966752,180.98593350383632,2023,2024
2024,RIO COMPRIDO,Maternal I,147,384.0,3,0,3,0,99.14688951610447,75.0,124.0,65.0,140.0,0.027616098653349918,0.21394230769230768,82.15384615384615,2023,2024
2024,RIO COMPRIDO,Maternal II,73,416.0,3,0,0,3,68.03454331334251,51.0,86.0,43.0,98.0,0.027616098653349918,0.12727272727272726,52.94545454545454,2023,2024
2024,ROCHA,Bercario,107,341.0,3,3,0,0,54.008223970678245,40.0,69.0,33.0,79.0,0.027616098653349918,0.22514619883040934,76.77485380116958,2023,2024
2024,ROCHA,Maternal I,47,156.0,3,0,3,0,38.67286718940814,28.0,50.0,23.0,58.0,0.027616098653349918,0.33544303797468356,52.32911392405063,2023,2024
2024,ROCHA,Maternal II,29,158.0,3,0,0,3,24.81002112441291,17.0,33.0,13.0,39.0,0.027616098653349918,0.2978723404255319,47.06382978723404,2023,2024
2024,ROCHA MIRANDA,Bercario,189,718.0,3,3,0,0,95.54083748671445,72.0,120.0,62.0,135.0,0.027616098653349918,0.11442786069651742,82.1592039800995,2023,2024
2024,ROCHA MIRANDA,Maternal I,132,444.0,3,0,3,0,92.47489057004535,70.0,116.0,60.0,131.0,0.027616098653349918,0.15876777251184834,70.49289099526067,2023,2024
2024,ROCHA MIRANDA,Maternal II,76,422.0,3,0,0,3,55.672609827588055,41.0,71.0,34.0,81.0,0.027616098653349918,0.14601769911504425,61.61946902654867,2023,2024
2024,ROCINHA,Bercario,283,1392.0,3,3,0,0,70.44410404741218,53.0,89.0,45.0,101.0,0.027616098653349918,0.06487232574189096,90.30227743271222,2023,2024
2024,ROCINHA,Maternal I,231,714.0,3,0,3,0,56.556155863553876,42.0,72.0,35.0,82.0,0.027616098653349918,0.05405405405405406,38.5945945945946,2023,2024
2024,ROCINHA,Maternal II,129,814.0,3,0,0,3,40.84081025126428,29.0,53.0,24.0,61.0,0.027616098653349918,0.04772727272727273,38.85,2023,2024
2024,SAMPAIO,Bercario,114,245.0,3,3,0,0,37.130478529370535,26.0,49.0,22.0,56.0,0.027616098653349918,0.285140562248996,69.85943775100401,2023,2024
2024,SAMPAIO,Maternal I,41,121.0,3,0,3,0,28.70292053367236,20.0,38.0,16.0,44.0,0.027616098653349918,0.232,28.072000000000003,2023,2024
2024,SAMPAIO,Maternal II,26,125.0,3,0,0,3,18.781877562626192,12.0,26.0,9.0,30.0,0.027616098653349918,0.1079136690647482,13.489208633093524,2023,2024
2024,SANTA CRUZ,Bercario,2078,6260.0,3,3,0,0,767.0147779912389,605.0,938.0,532.0,1043.0,0.027616098653349918,0.10363166691992098,648.7342349187054,2023,2024
2024,SANTA CRUZ,Maternal I,1592,3430.0,3,0,3,0,657.8089448235199,518.0,805.0,456.0,895.0,0.027616098653349918,0.2122695852534562,728.0846774193548,2023,2024
2024,SANTA CRUZ,Maternal II,770,3472.0,3,0,0,3,421.768018131531,331.0,518.0,290.0,576.0,0.027616098653349918,0.0966015520470966,335.4005887075194,2023,2024
2024,SANTA TERESA,Bercario,192,665.0,3,3,0,0,114.36772190827719,87.0,143.0,75.0,160.0,0.027616098653349918,0.23504867872044508,156.30737134909597,2023,2024
2024,SANTA TERESA,Maternal I,121,367.0,3,0,3,0,98.79253869513452,75.0,124.0,64.0,139.0,0.027616098653349918,0.29381443298969073,107.8298969072165,2023,2024
2024,SANTA TERESA,Maternal II,61,388.0,3,0,0,3,66.15734696572865,49.0,84.0,42.0,95.0,0.027616098653349918,0.16791979949874686,65.15288220551378,2023,2024
2024,SANTISSIMO,Bercario,291,1038.0,3,3,0,0,195.84961394384294,152.0,242.0,132.0,271.0,0.027616098653349918,0.20525869380831213,213.058524173028,2023,2024
2024,SANTISSIMO,Maternal I,269,662.0,3,0,3,0,195.50578472609632,152.0,242.0,132.0,270.0,0.027616098653349918,0.3807531380753138,252.05857740585773,2023,2024
2024,SANTISSIMO,Maternal II,239,717.0,3,0,0,3,134.12478909338526,103.0,167.0,89.0,187.0,0.027616098653349918,0.19804741980474197,142.0,2023,2024
2024,SANTO CRISTO,Bercario,95,286.0,3,3,0,0,41.94228638963715,30.0,54.0,25.0,62.0,0.027616098653349918,0.12923076923076923,36.96,2023,2024
2024,SANTO CRISTO,Maternal I,58,174.0,3,0,3,0,39.9403230106317,29.0,52.0,24.0,59.0,0.027616098653349918,0.1791907514450867,31.179190751445084,2023,2024
2024,SANTO CRISTO,Maternal II,34,173.0,3,0,0,3,25.153400246608747,17.0,34.0,14.0,39.0,0.027616098653349918,0.15196078431372548,26.289215686274506,2023,2024
2024,SAO CONRADO,Bercario,14,140.0,3,3,0,0,9.755726452644438,5.0,14.0,4.0,17.0,0.027616098653349918,0.05,7.0,2023,2024
2024,SAO CONRADO,Maternal I,7,76.0,3,0,3,0,8.289368134145693,4.0,12.0,3.0,15.0,0.027616098653349918,0.038461538461538464,2.9230769230769234,2023,2024
2024,SAO CONRADO,Maternal II,3,78.0,3,0,0,3,5.388783198913794,2.0,9.0,1.0,11.0,0.027616098653349918,0.0,0.0,2023,2024
2024,SAO CRISTOVAO,Bercario,259,737.0,3,3,0,0,133.42665912678476,102.0,166.0,89.0,186.0,0.027616098653349918,0.20919540229885059,154.1770114942529,2023,2024
2024,SAO CRISTOVAO,Maternal I,179,440.0,3,0,3,0,124.68208517942595,95.0,156.0,82.0,174.0,0.027616098653349918,0.28316831683168314,124.59405940594058,2023,2024
2024,SAO CRISTOVAO,Maternal II,79,505.0,3,0,0,3,90.64232404814277,69.0,114.0,59.0,128.0,0.027616098653349918,0.19748653500897667,99.73070017953322,2023,2024
2024,SAO FRANCISCO XAVIER,Bercario,32,109.0,3,3,0,0,11.341215477958547,7.0,16.0,5.0,20.0,0.027616098653349918,0.14782608695652175,16.11304347826087,2023,2024
2024,SAO FRANCISCO XAVIER,Maternal I,13,55.0,3,0,3,0,8.957195428755702,5.0,13.0,3.0,16.0,0.027616098653349918,0.13333333333333333,7.333333333333333,2023,2024
2024,SAO FRANCISCO XAVIER,Maternal II,12,60.0,3,0,0,3,6.189404758252645,3.0,10.0,2.0,12.0,0.027616098653349918,0.09523809523809523,5.7142857142857135,2023,2024
2024,SAUDE,Bercario,5,52.0,3,3,0,0,5.394910029696558,2.0,9.0,1.0,11.0,0.027616098653349918,0.0784313725490196,4.078431372549019,2023,2024
2024,SAUDE,Maternal I,8,32.0,3,0,3,0,5.196454122255879,2.0,8.0,1.0,11.0,0.027616098653349918,0.16216216216216217,5.1891891891891895,2023,2024
2024,SAUDE,Maternal II,7,37.0,3,0,0,3,3.805810122775909,1.0,7.0,0.0,8.0,0.027616098653349918,0.1568627450980392,5.803921568627451,2023,2024
2024,SENADOR CAMARA,Bercario,391,2213.0,3,3,0,0,382.6534007489711,300.0,470.0,263.0,523.0,0.027616098653349918,0.159846547314578,353.7404092071611,2023,2024
2024,SENADOR CAMARA,Maternal I,476,1203.0,3,0,3,0,325.5862435651369,255.0,400.0,223.0,446.0,0.027616098653349918,0.3302752293577982,397.32110091743124,2023,2024
2024,SENADOR CAMARA,Maternal II,360,1308.0,3,0,0,3,224.2314046807892,174.0,277.0,152.0,309.0,0.027616098653349918,0.26152556580050296,342.07544006705785,2023,2024
2024,SENADOR VASCONCELOS,Bercario,143,573.0,3,3,0,0,112.34869595230538,86.0,141.0,74.0,158.0,0.027616098653349918,0.18518518518518517,106.1111111111111,2023,2024
2024,SENADOR VASCONCELOS,Maternal I,192,342.0,3,0,3,0,104.9580555234052,80.0,131.0,69.0,148.0,0.027616098653349918,0.3864306784660767,132.15929203539824,2023,2024
2024,SENADOR VASCONCELOS,Maternal II,142,339.0,3,0,0,3,65.89882062433719,49.0,84.0,41.0,95.0,0.027616098653349918,0.28104575163398693,95.27450980392157,2023,2024
2024,SEPETIBA,Bercario,694,1484.0,3,3,0,0,178.76305237892268,138.0,222.0,120.0,248.0,0.027616098653349918,0.08475734791524266,125.7799043062201,2023,2024
2024,SEPETIBA,Maternal I,313,749.0,3,0,3,0,141.22186244322515,109.0,176.0,94.0,197.0,0.027616098653349918,0.18318695106649938,137.20702634880803,2023,2024
2024,SEPETIBA,Maternal II,216,797.0,3,0,0,3,95.18460504024969,72.0,120.0,62.0,134.0,0.027616098653349918,0.10473815461346633,83.47630922693267,2023,2024
2024,TANQUE,Bercario,221,765.0,3,3,0,0,121.93613403105331,93.0,152.0,80.0,171.0,0.027616098653349918,0.10814094775212636,82.72782503037666,2023,2024
2024,TANQUE,Maternal I,236,442.0,3,0,3,0,110.27308185102554,84.0,138.0,72.0,155.0,0.027616098653349918,0.2719665271966527,120.20920502092049,2023,2024
2024,TANQUE,Maternal II,137,478.0,3,0,0,3,75.53764018095147,57.0,96.0,48.0,108.0,0.027616098653349918,0.14225053078556263,67.99575371549894,2023,2024
2024,TAQUARA,Bercario,450,2414.0,3,3,0,0,290.1142236588661,227.0,357.0,198.0,398.0,0.027616098653349918,0.113120430934975,273.07272027702965,2023,2024
2024,TAQUARA,Maternal I,431,1291.0,3,0,3,0,242.84784538525383,189.0,300.0,165.0,334.0,0.027616098653349918,0.19073203492276697,246.23505708529217,2023,2024
2024,TAQUARA,Maternal II,294,1489.0,3,0,0,3,177.4152648542797,137.0,220.0,119.0,246.0,0.027616098653349918,0.12316528398213146,183.39310784939374,2023,2024
2024,TAUA,Bercario,125,430.0,3,3,0,0,62.803100799849666,47.0,80.0,39.0,91.0,0.027616098653349918,0.19527896995708155,83.96995708154506,2023,2024
2024,TAUA,Maternal I,79,262.0,3,0,3,0,59.89494616522453,44.0,76.0,37.0,87.0,0.027616098653349918,0.2638888888888889,69.13888888888889,2023,2024
2024,TAUA,Maternal II,36,216.0,3,0,0,3,31.277419320474415,22.0,41.0,18.0,47.0,0.027616098653349918,0.09745762711864407,21.05084745762712,2023,2024
2024,TIJUCA,Bercario,380,2069.0,3,3,0,0,161.71075227420195,125.0,201.0,108.0,225.0,0.027616098653349918,0.11703703703703704,242.14962962962963,2023,2024
2024,TIJUCA,Maternal I,179,998.0,3,0,3,0,122.09143672706438,93.0,152.0,81.0,171.0,0.027616098653349918,0.11001788908765653,109.79785330948121,2023,2024
2024,TIJUCA,Maternal II,71,1118.0,3,0,0,3,86.63327661021319,65.0,109.0,56.0,123.0,0.027616098653349918,0.057208237986270026,63.95881006864989,2023,2024
2024,TODOS OS SANTOS,Bercario,28,282.0,3,3,0,0,17.924448704664705,12.0,25.0,9.0,29.0,0.027616098653349918,0.04195804195804196,11.832167832167833,2023,2024
2024,TODOS OS SANTOS,Maternal I,40,146.0,3,0,3,0,14.525323411715615,9.0,20.0,7.0,24.0,0.027616098653349918,0.034722222222222224,5.069444444444445,2023,2024
2024,TODOS OS SANTOS,Maternal II,17,144.0,3,0,0,3,9.07452122940657,5.0,14.0,3.0,16.0,0.027616098653349918,0.029197080291970802,4.204379562043796,2023,2024
2024,TOMAS COELHO,Bercario,110,460.0,3,3,0,0,79.02281635035912,59.0,100.0,51.0,113.0,0.027616098653349918,0.18724279835390947,86.13168724279836,2023,2024
2024,TOMAS COELHO,Maternal I,87,256.0,3,0,3,0,68.83524994394334,51.0,87.0,43.0,99.0,0.027616098653349918,0.32421875,83.0,2023,2024
2024,TOMAS COELHO,Maternal II,65,256.0,3,0,0,3,43.601272818411644,31.0,56.0,26.0,64.0,0.027616098653349918,0.15319148936170213,39.217021276595744,2023,2024
2024,TURIACU,Bercario,70,294.0,3,3,0,0,45.57114822202079,33.0,59.0,27.0,67.0,0.027616098653349918,0.14666666666666667,43.12,2023,2024
2024,TURIACU,Maternal I,58,146.0,3,0,3,0,35.42189187164644,25.0,46.0,20.0,53.0,0.027616098653349918,0.16374269005847952,23.90643274853801,2023,2024
2024,TURIACU,Maternal II,35,171.0,3,0,0,3,26.27866396075845,18.0,35.0,14.0,41.0,0.027616098653349918,0.2550335570469799,43.61073825503356,2023,2024
2024,URCA,Bercario,6,88.0,3,3,0,0,7.312228218521791,4.0,11.0,2.0,14.0,0.027616098653349918,0.05154639175257732,4.536082474226804,2023,2024
2024,URCA,Maternal I,11,47.0,3,0,3,0,6.112813975657134,3.0,10.0,2.0,12.0,0.027616098653349918,0.034482758620689655,1.6206896551724137,2023,2024
2024,URCA,Maternal II,3,58.0,3,0,0,3,4.778147905373117,2.0,8.0,1.0,10.0,0.027616098653349918,0.13953488372093023,8.093023255813954,2023,2024
2024,VARGEM GRANDE,Bercario,131,594.0,3,3,0,0,55.7471532115945,41.0,71.0,34.0,81.0,0.027616098653349918,0.04909090909090909,29.159999999999997,2023,2024
2024,VARGEM GRANDE,Maternal I,106,248.0,3,0,3,0,36.430420717576524,26.0,48.0,21.0,55.0,0.027616098653349918,0.16037735849056603,39.77358490566038,2023,2024
2024,VARGEM GRANDE,Maternal II,57,318.0,3,0,0,3,29.58883729143925,21.0,39.0,17.0,45.0,0.027616098653349918,0.1736111111111111,55.20833333333333,2023,2024
2024,VARGEM PEQUENA,Bercario,113,773.0,3,3,0,0,70.6841550933381,53.0,90.0,45.0,101.0,0.027616098653349918,0.07804232804232804,60.326719576719576,2023,2024
2024,VARGEM PEQUENA,Maternal I,113,391.0,3,0,3,0,55.962304590166525,41.0,72.0,35.0,81.0,0.027616098653349918,0.1643192488262911,64.24882629107982,2023,2024
2024,VARGEM PEQUENA,Maternal II,80,426.0,3,0,0,3,38.62039456283987,28.0,50.0,23.0,58.0,0.027616098653349918,0.15885416666666666,67.671875,2023,2024
2024,VASCO GAMA,Bercario,9,78.0,3,3,0,0,8.140713628541398,4.0,12.0,3.0,15.0,0.027616098653349918,0.2079207920792079,16.217821782178216,2023,2024
2024,VASCO GAMA,Maternal I,8,82.0,3,0,3,0,13.395470847146477,8.0,19.0,6.0,23.0,0.027616098653349918,0.1935483870967742,15.870967741935484,2023,2024
2024,VASCO GAMA,Maternal II,6,62.0,3,0,0,3,6.415405238721754,3.0,10.0,2.0,12.0,0.027616098653349918,0.18421052631578946,11.421052631578947,2023,2024
2024,VAZ LOBO,Bercario,91,310.0,3,3,0,0,51.02429470263992,37.0,66.0,31.0,74.0,0.027616098653349918,0.18313953488372092,56.77325581395348,2023,2024
2024,VAZ LOBO,Maternal I,58,189.0,3,0,3,0,48.69152502600011,35.0,63.0,30.0,71.0,0.027616098653349918,0.21717171717171718,41.04545454545455,2023,2024
2024,VAZ LOBO,Maternal II,32,198.0,3,0,0,3,32.31060103881922,23.0,43.0,18.0,49.0,0.027616098653349918,0.1111111111111111,22.0,2023,2024
2024,VICENTE CARVALHO,Bercario,89,442.0,3,3,0,0,67.72723732002595,50.0,86.0,43.0,97.0,0.027616098653349918,0.17067833698030635,75.43982494529541,2023,2024
2024,VICENTE CARVALHO,Maternal I,79,222.0,3,0,3,0,53.243956746749156,39.0,68.0,33.0,78.0,0.027616098653349918,0.24686192468619247,54.80334728033473,2023,2024
2024,VICENTE CARVALHO,Maternal II,48,239.0,3,0,0,3,36.30809994388317,26.0,48.0,21.0,54.0,0.027616098653349918,0.1419141914191419,33.917491749174914,2023,2024
2024,VIDIGAL,Bercario,116,334.0,3,3,0,0,54.93895688051611,40.0,70.0,34.0,80.0,0.027616098653349918,0.32710280373831774,109.25233644859813,2023,2024
2024,VIDIGAL,Maternal I,68,169.0,3,0,3,0,43.51078346641036,31.0,56.0,26.0,64.0,0.027616098653349918,0.22413793103448276,37.87931034482759,2023,2024
2024,VIDIGAL,Maternal II,49,174.0,3,0,0,3,28.375774281669926,20.0,38.0,16.0,43.0,0.027616098653349918,0.1485148514851485,25.84158415841584,2023,2024
2024,VIGARIO GERAL,Bercario,157,761.0,3,3,0,0,96.0733425828836,73.0,121.0,62.0,136.0,0.027616098653349918,0.10466582597730138,79.65069356872635,2023,2024
2024,VIGARIO GERAL,Maternal I,187,422.0,3,0,3,0,83.38865162251108,63.0,105.0,54.0,118.0,0.027616098653349918,0.19373219373219372,81.75498575498575,2023,2024
2024,VIGARIO GERAL,Maternal II,73,351.0,3,0,0,3,43.932901906058106,32.0,57.0,26.0,65.0,0.027616098653349918,0.14713896457765668,51.6457765667575,2023,2024
2024,VILA ISABEL,Bercario,219,939.0,3,3,0,0,86.87471777962307,66.0,109.0,56.0,123.0,0.027616098653349918,0.1422924901185771,133.61264822134387,2023,2024
2024,VILA ISABEL,Maternal I,88,533.0,3,0,3,0,77.18471054635697,58.0,98.0,49.0,110.0,0.027616098653349918,0.08375209380234507,44.63986599664992,2023,2024
2024,VILA ISABEL,Maternal II,69,597.0,3,0,0,3,54.76040805932586,40.0,70.0,34.0,80.0,0.027616098653349918,0.05008944543828265,29.90339892665474,2023,2024
2024,VILA KENNEDY,Bercario,0,321.0,3,3,0,0,11.968331588085277,7.0,17.0,5.0,21.0,0.027616098653349918,0.0,0.0,2023,2024
2024,VILA KENNEDY,Maternal I,0,101.0,3,0,3,0,5.894218221780348,3.0,9.0,1.0,12.0,0.027616098653349918,0.017167381974248927,1.7339055793991416,2023,2024
2024,VILA KENNEDY,Maternal II,2,233.0,3,0,0,3,8.612892599887019,5.0,13.0,3.0,16.0,0.027616098653349918,0.013513513513513514,3.1486486486486487,2023,2024
2024,VILA KOSMOS,Bercario,45,223.0,3,3,0,0,35.23882649001429,25.0,46.0,20.0,53.0,0.027616098653349918,0.12987012987012986,28.96103896103896,2023,2024
2024,VILA KOSMOS,Maternal I,68,123.0,3,0,3,0,30.42271310816315,21.0,40.0,17.0,46.0,0.027616098653349918,0.2857142857142857,35.14285714285714,2023,2024
2024,VILA KOSMOS,Maternal II,15,126.0,3,0,0,3,19.74020458987097,13.0,27.0,10.0,32.0,0.027616098653349918,0.21782178217821782,27.445544554455445,2023,2024
2024,VILA MILITAR,Bercario,12,241.0,3,3,0,0,17.582687448625293,11.0,24.0,9.0,28.0,0.027616098653349918,0.03319502074688797,8.0,2023,2024
2024,VILA MILITAR,Maternal I,10,151.0,3,0,3,0,17.24334101441184,11.0,24.0,8.0,28.0,0.027616098653349918,0.04666666666666667,7.046666666666667,2023,2024
2024,VILA MILITAR,Maternal II,4,150.0,3,0,0,3,10.849856710839873,6.0,16.0,4.0,19.0,0.027616098653349918,0.08411214953271028,12.616822429906541,2023,2024
2024,VILA PENHA,Bercario,62,295.0,3,3,0,0,22.21559356587135,15.0,30.0,12.0,35.0,0.027616098653349918,0.052478134110787174,15.481049562682216,2023,2024
2024,VILA PENHA,Maternal I,52,182.0,3,0,3,0,21.452778550891722,14.0,29.0,11.0,34.0,0.027616098653349918,0.058091286307053944,10.572614107883817,2023,2024
2024,VILA PENHA,Maternal II,18,241.0,3,0,0,3,17.993575814811404,12.0,25.0,9.0,29.0,0.027616098653349918,0.028391167192429023,6.842271293375394,2023,2024
2024,VILA VALQUEIRE,Bercario,78,589.0,3,3,0,0,58.26183049878254,43.0,74.0,36.0,84.0,0.027616098653349918,0.04401408450704225,25.924295774647884,2023,2024
2024,VILA VALQUEIRE,Maternal I,74,264.0,3,0,3,0,40.87417629669504,29.0,53.0,24.0,61.0,0.027616098653349918,0.14950166112956811,39.46843853820598,2023,2024
2024,VILA VALQUEIRE,Maternal II,45,301.0,3,0,0,3,29.518878691293608,20.0,39.0,16.0,45.0,0.027616098653349918,0.11314984709480122,34.05810397553517,2023,2024
2024,VISTA ALEGRE,Bercario,33,130.0,3,3,0,0,14.334894553600114,9.0,20.0,6.0,24.0,0.027616098653349918,0.061946902654867256,8.053097345132743,2023,2024
2024,VISTA ALEGRE,Maternal I,23,58.0,3,0,3,0,10.010491477469115,6.0,15.0,4.0,18.0,0.027616098653349918,0.11904761904761904,6.904761904761904,2023,2024
2024,VISTA ALEGRE,Maternal II,18,84.0,3,0,0,3,9.18321953032048,5.0,14.0,3.0,16.0,0.027616098653349918,0.05,4.2,2023,2024
2024,ZUMBI,Bercario,3,42.0,3,3,0,0,4.08687560990356,2.0,7.0,1.0,9.0,0.027616098653349918,0.041666666666666664,1.75,2023,2024
2024,ZUMBI,Maternal I,3,23.0,3,0,3,0,3.5030490747105585,1.0,6.0,0.0,8.0,0.027616098653349918,0.0625,1.4375,2023,2024
2024,ZUMBI,Maternal II,2,16.0,3,0,0,3,1.5435711110690502,0.0,3.0,0.0,4.0,0.027616098653349918,0.0,0.0,2023,2024
2025,ABOLICAO,Bercario,18,146.0,4,4,0,0,23.58840996022077,15.0,33.0,11.0,39.0,0.05349348228090407,0.2012987012987013,29.38961038961039,2024,2025
2025,ABOLICAO,Maternal I,39,78.0,4,0,4,0,19.27942893068264,12.0,28.0,9.0,33.0,0.05349348228090407,0.2391304347826087,18.65217391304348,2024,2025
2025,ABOLICAO,Maternal II,13,92.0,4,0,0,4,11.982588766697788,7.0,18.0,4.0,22.0,0.05349348228090407,0.1375,12.65,2024,2025
2025,ACARI,Bercario,207,794.0,4,4,0,0,273.9132922451929,194.0,360.0,160.0,416.0,0.05349348228090407,0.28588807785888076,226.99513381995132,2024,2025
2025,ACARI,Maternal I,239,407.0,4,0,4,0,214.80320960248596,152.0,283.0,125.0,327.0,0.05349348228090407,0.6934673366834171,282.24120603015075,2024,2025
2025,ACARI,Maternal II,79,398.0,4,0,0,4,110.68600017598712,77.0,147.0,63.0,171.0,0.05349348228090407,0.2678132678132678,106.58968058968058,2024,2025
2025,AGUA SANTA,Bercario,10,110.0,4,4,0,0,21.71392493170225,13.0,31.0,10.0,37.0,0.05349348228090407,0.14634146341463414,16.097560975609756,2024,2025
2025,AGUA SANTA,Maternal I,19,69.0,4,0,4,0,20.837638014673946,13.0,30.0,9.0,35.0,0.05349348228090407,0.5166666666666667,35.650000000000006,2024,2025
2025,AGUA SANTA,Maternal II,6,60.0,4,0,0,4,9.548033048645138,5.0,15.0,3.0,18.0,0.05349348228090407,0.14492753623188406,8.695652173913043,2024,2025
2025,ALTO BOA VISTA,Bercario,43,154.0,4,4,0,0,37.68563921319558,25.0,52.0,19.0,61.0,0.05349348228090407,0.3727810650887574,57.40828402366864,2024,2025
2025,ALTO BOA VISTA,Maternal I,32,70.0,4,0,4,0,26.206375340092926,17.0,37.0,13.0,43.0,0.05349348228090407,0.28431372549019607,19.901960784313726,2024,2025
2025,ALTO BOA VISTA,Maternal II,9,102.0,4,0,0,4,20.12205599657994,12.0,29.0,9.0,34.0,0.05349348228090407,0.16304347826086957,16.630434782608695,2024,2025
2025,ANCHIETA,Bercario,255,1192.0,4,4,0,0,296.2514312403298,210.0,390.0,174.0,449.0,0.05349348228090407,0.20187454938716654,240.6344628695025,2024,2025
2025,ANCHIETA,Maternal I,344,746.0,4,0,4,0,283.6460766934578,201.0,373.0,166.0,431.0,0.05349348228090407,0.547550432276657,408.47262247838614,2024,2025
2025,ANCHIETA,Maternal II,181,694.0,4,0,0,4,139.04670073326506,97.0,184.0,80.0,213.0,0.05349348228090407,0.24939467312348668,173.07990314769975,2024,2025
2025,ANDARAI,Bercario,89,459.0,4,4,0,0,79.11888542821222,54.0,106.0,44.0,123.0,0.05349348228090407,0.22529644268774704,103.41106719367589,2024,2025
2025,ANDARAI,Maternal I,52,269.0,4,0,4,0,70.93711253614632,48.0,95.0,39.0,111.0,0.05349348228090407,0.23430962343096234,63.02928870292887,2024,2025
2025,ANDARAI,Maternal II,20,239.0,4,0,0,4,33.21103362032661,21.0,46.0,17.0,54.0,0.05349348228090407,0.060810810810810814,14.533783783783784,2024,2025
2025,ANIL,Bercario,284,720.0,4,4,0,0,569.5578634941652,406.0,746.0,338.0,860.0,0.05349348228090407,0.43300248138957814,311.76178660049624,2024,2025
2025,ANIL,Maternal I,380,439.0,4,0,4,0,531.28019633518,379.0,696.0,315.0,802.0,0.05349348228090407,1.1007751937984496,483.2403100775194,2024,2025
2025,ANIL,Maternal II,406,387.0,4,0,0,4,246.7932840301156,174.0,325.0,144.0,375.0,0.05349348228090407,0.9594594594594594,371.3108108108108,2024,2025
2025,BANCARIOS,Bercario,79,250.0,4,4,0,0,61.31253822700861,42.0,83.0,33.0,96.0,0.05349348228090407,0.3074433656957929,76.86084142394822,2024,2025
2025,BANCARIOS,Maternal I,40,186.0,4,0,4,0,69.78723355060256,48.0,94.0,38.0,109.0,0.05349348228090407,0.38848920863309355,72.2589928057554,2024,2025
2025,BANCARIOS,Maternal II,34,139.0,4,0,0,4,27.481542369529606,17.0,38.0,13.0,45.0,0.05349348228090407,0.0880503144654088,12.238993710691823,2024,2025
2025,BANGU,Bercario,1020,4064.0,4,4,0,0,1199.079984476535,858.0,1568.0,715.0,1805.0,0.05349348228090407,0.24396607958251793,991.4781474233529,2024,2025
2025,BANGU,Maternal I,845,2461.0,4,0,4,0,1110.8612554091326,794.0,1453.0,662.0,1673.0,0.05349348228090407,0.3760217983651226,925.3896457765668,2024,2025
2025,BANGU,Maternal II,534,2569.0,4,0,0,4,611.0483488125448,436.0,801.0,362.0,922.0,0.05349348228090407,0.23878923766816143,613.4495515695068,2024,2025
2025,BARRA GUARATIBA,Bercario,20,113.0,4,4,0,0,16.959492099641462,10.0,24.0,7.0,29.0,0.05349348228090407,0.109375,12.359375,2024,2025
2025,BARRA GUARATIBA,Maternal I,13,57.0,4,0,4,0,13.087690186969564,7.0,19.0,5.0,23.0,0.05349348228090407,0.3380281690140845,19.267605633802816,2024,2025
2025,BARRA GUARATIBA,Maternal II,15,71.0,4,0,0,4,8.590328333120864,4.0,13.0,3.0,16.0,0.05349348228090407,0.3291139240506329,23.367088607594937,2024,2025
2025,BARRA OLIMPICA,Bercario,68,522.0,4,4,0,0,105.91659760255047,73.0,141.0,60.0,164.0,0.05349348228090407,0.17202228755915455,89.79563410587868,2024,2025
2025,BARRA TIJUCA,Bercario,41,2331.0,4,4,0,0,109.99335443927502,76.0,146.0,62.0,170.0,0.05349348228090407,0.024390243902439025,56.85365853658537,2024,2025
2025,BARRA TIJUCA,Maternal I,96,1210.0,4,0,4,0,87.35007762957214,60.0,117.0,49.0,136.0,0.05349348228090407,0.0802675585284281,97.123745819398,2024,2025
2025,BARRA TIJUCA,Maternal II,24,1196.0,4,0,0,4,45.495911371179865,30.0,62.0,24.0,73.0,0.05349348228090407,0.028478437754271765,34.06021155410903,2024,2025
2025,BARROS FILHO,Bercario,102,417.0,4,4,0,0,112.01019663830822,78.0,149.0,64.0,173.0,0.05349348228090407,0.28117359413202936,117.24938875305624,2024,2025
2025,BARROS FILHO,Maternal I,57,187.0,4,0,4,0,76.84522081637083,53.0,103.0,43.0,120.0,0.05349348228090407,0.2767857142857143,51.75892857142858,2024,2025
2025,BARROS FILHO,Maternal II,45,224.0,4,0,0,4,48.50500339044645,32.0,66.0,26.0,77.0,0.05349348228090407,0.22924901185770752,51.351778656126484,2024,2025
2025,BENFICA,Bercario,224,716.0,4,4,0,0,313.55161608032813,222.0,412.0,184.0,475.0,0.05349348228090407,0.5,358.0,2024,2025
2025,BENFICA,Maternal I,149,320.0,4,0,4,0,214.3876437799017,151.0,283.0,125.0,327.0,0.05349348228090407,0.6256684491978609,200.21390374331548,2024,2025
2025,BENFICA,Maternal II,99,374.0,4,0,0,4,132.03365315811476,92.0,175.0,76.0,203.0,0.05349348228090407,0.36619718309859156,136.95774647887325,2024,2025
2025,BENTO RIBEIRO,Bercario,103,608.0,4,4,0,0,126.5624039894074,88.0,168.0,72.0,195.0,0.05349348228090407,0.16129032258064516,98.06451612903226,2024,2025
2025,BENTO RIBEIRO,Maternal I,114,301.0,4,0,4,0,95.85645935299955,66.0,128.0,54.0,148.0,0.05349348228090407,0.3485714285714286,104.92,2024,2025
2025,BENTO RIBEIRO,Maternal II,64,350.0,4,0,0,4,58.7335426048633,40.0,79.0,32.0,93.0,0.05349348228090407,0.21014492753623187,73.55072463768116,2024,2025
2025,BONSUCESSO,Bercario,382,674.0,4,4,0,0,183.33924981275544,129.0,242.0,106.0,280.0,0.05349348228090407,0.3854258121158911,259.7769973661106,2024,2025
2025,BONSUCESSO,Maternal I,255,742.0,4,0,4,0,308.782877765565,219.0,406.0,181.0,468.0,0.05349348228090407,0.6198630136986302,459.9383561643836,2024,2025
2025,BONSUCESSO,Maternal II,153,584.0,4,0,0,4,128.0635146882593,89.0,170.0,73.0,197.0,0.05349348228090407,0.2600502512562814,151.86934673366832,2024,2025
2025,BOTAFOGO,Bercario,114,1069.0,4,4,0,0,85.87384166130653,59.0,115.0,48.0,133.0,0.05349348228090407,0.10228310502283106,109.3406392694064,2024,2025
2025,BOTAFOGO,Maternal I,79,567.0,4,0,4,0,69.68190214461568,48.0,94.0,38.0,109.0,0.05349348228090407,0.1243432574430823,70.50262697022767,2024,2025
2025,BOTAFOGO,Maternal II,28,571.0,4,0,0,4,36.97739489346564,24.0,51.0,19.0,60.0,0.05349348228090407,0.059931506849315065,34.2208904109589,2024,2025
2025,BRAS PINA,Bercario,171,748.0,4,4,0,0,118.89925259319203,83.0,158.0,68.0,183.0,0.05349348228090407,0.2379182156133829,177.9628252788104,2024,2025
2025,BRAS PINA,Maternal I,191,417.0,4,0,4,0,101.40685956648989,70.0,135.0,57.0,157.0,0.05349348228090407,0.3805309734513274,158.68141592920352,2024,2025
2025,BRAS PINA,Maternal II,71,452.0,4,0,0,4,57.92059009988946,39.0,78.0,31.0,91.0,0.05349348228090407,0.15904139433551198,71.88671023965142,2024,2025
2025,CACHAMBI,Bercario,77,567.0,4,4,0,0,64.59464619237849,44.0,87.0,35.0,101.0,0.05349348228090407,0.16166666666666665,91.66499999999999,2024,2025
2025,CACHAMBI,Maternal I,57,306.0,4,0,4,0,53.3320948782908,36.0,72.0,29.0,84.0,0.05349348228090407,0.2310126582278481,70.68987341772153,2024,2025
2025,CACHAMBI,Maternal II,17,316.0,4,0,0,4,29.021346854376716,19.0,40.0,14.0,48.0,0.05349348228090407,0.1,31.6,2024,2025
2025,CACUIA,Bercario,32,173.0,4,4,0,0,30.640836926789717,20.0,43.0,15.0,50.0,0.05349348228090407,0.17318435754189945,29.960893854748605,2024,2025
2025,CACUIA,Maternal I,25,89.0,4,0,4,0,24.115611492291304,15.0,34.0,11.0,40.0,0.05349348228090407,0.3132530120481928,27.87951807228916,2024,2025
2025,CACUIA,Maternal II,28,83.0,4,0,0,4,11.850853488488607,7.0,18.0,4.0,21.0,0.05349348228090407,0.2336448598130841,19.39252336448598,2024,2025
2025,CAJU,Bercario,174,627.0,4,4,0,0,196.14093746314754,138.0,259.0,114.0,299.0,0.05349348228090407,0.26666666666666666,167.2,2024,2025
2025,CAJU,Maternal I,137,331.0,4,0,4,0,158.40994796575742,111.0,210.0,91.0,242.0,0.05349348228090407,0.4362017804154303,144.38278931750742,2024,2025
2025,CAJU,Maternal II,54,337.0,4,0,0,4,84.98604579746967,58.0,114.0,47.0,132.0,0.05349348228090407,0.10662824207492795,35.93371757925072,2024,2025
2025,CAMORIM,Bercario,70,103.0,4,4,0,0,64.42554769413259,44.0,87.0,35.0,101.0,0.05349348228090407,0.5960591133004927,61.39408866995075,2024,2025
2025,CAMORIM,Maternal I,43,123.0,4,0,4,0,117.70089294740903,82.0,156.0,67.0,181.0,0.05349348228090407,0.9411764705882353,115.76470588235294,2024,2025
2025,CAMORIM,Maternal II,22,85.0,4,0,0,4,42.86046086217141,28.0,59.0,22.0,69.0,0.05349348228090407,0.651685393258427,55.3932584269663,2024,2025
2025,CAMPINHO,Bercario,43,194.0,4,4,0,0,35.98674858132298,23.0,50.0,18.0,58.0,0.05349348228090407,0.21739130434782608,42.17391304347826,2024,2025
2025,CAMPINHO,Maternal I,47,100.0,4,0,4,0,28.37883947716539,18.0,40.0,14.0,47.0,0.05349348228090407,0.23893805309734514,23.893805309734514,2024,2025
2025,CAMPINHO,Maternal II,17,113.0,4,0,0,4,16.898040223016427,10.0,24.0,7.0,29.0,0.05349348228090407,0.25,28.25,2024,2025
2025,CAMPO AFONSOS,Bercario,3,73.0,4,4,0,0,11.608552551795759,6.0,17.0,4.0,21.0,0.05349348228090407,0.041666666666666664,3.0416666666666665,2024,2025
2025,CAMPO AFONSOS,Maternal I,1,31.0,4,0,4,0,7.54172438914055,4.0,12.0,2.0,15.0,0.05349348228090407,0.1724137931034483,5.344827586206897,2024,2025
2025,CAMPO AFONSOS,Maternal II,3,29.0,4,0,0,4,3.7176647691009985,1.0,7.0,0.0,8.0,0.05349348228090407,0.16666666666666666,4.833333333333333,2024,2025
2025,CAMPO GRANDE,Bercario,1508,7095.0,4,4,0,0,1967.9765600556475,1409.0,2572.0,1176.0,2960.0,0.05349348228090407,0.23559657218193802,1671.5576796308503,2024,2025
2025,CAMPO GRANDE,Maternal I,1423,3900.0,4,0,4,0,1654.9538222999047,1185.0,2163.0,988.0,2490.0,0.05349348228090407,0.41684717208182914,1625.7039711191337,2024,2025
2025,CAMPO GRANDE,Maternal II,795,4155.0,4,0,0,4,929.0852513420465,664.0,1216.0,553.0,1400.0,0.05349348228090407,0.2565226923920193,1065.8517868888403,2024,2025
2025,CASCADURA,Bercario,114,547.0,4,4,0,0,150.84192311765793,106.0,200.0,87.0,231.0,0.05349348228090407,0.21273031825795644,116.36348408710217,2024,2025
2025,CASCADURA,Maternal I,98,304.0,4,0,4,0,128.25138672272004,89.0,170.0,73.0,197.0,0.05349348228090407,0.30952380952380953,94.0952380952381,2024,2025
2025,CASCADURA,Maternal II,66,294.0,4,0,0,4,65.35804921305038,44.0,88.0,36.0,103.0,0.05349348228090407,0.303951367781155,89.36170212765957,2024,2025
2025,CATETE,Bercario,53,332.0,4,4,0,0,50.20669945898883,34.0,68.0,27.0,80.0,0.05349348228090407,0.15743440233236153,52.268221574344025,2024,2025
2025,CATETE,Maternal I,34,174.0,4,0,4,0,40.25562635906761,27.0,55.0,21.0,65.0,0.05349348228090407,0.225,39.15,2024,2025
2025,CATETE,Maternal II,22,160.0,4,0,0,4,19.505657196971423,12.0,28.0,9.0,33.0,0.05349348228090407,0.08,12.8,2024,2025
2025,CATUMBI,Bercario,122,265.0,4,4,0,0,100.27305720355905,69.0,134.0,57.0,155.0,0.05349348228090407,0.5018181818181818,132.9818181818182,2024,2025
2025,CATUMBI,Maternal I,50,148.0,4,0,4,0,85.67494797523332,59.0,115.0,48.0,133.0,0.05349348228090407,0.39779005524861877,58.872928176795575,2024,2025
2025,CATUMBI,Maternal II,24,181.0,4,0,0,4,55.21206281992014,37.0,75.0,30.0,87.0,0.05349348228090407,0.1871345029239766,33.87134502923976,2024,2025
2025,CAVALCANTE,Bercario,76,296.0,4,4,0,0,85.70924908783437,59.0,115.0,48.0,133.0,0.05349348228090407,0.3258064516129032,96.43870967741935,2024,2025
2025,CAVALCANTE,Maternal I,69,157.0,4,0,4,0,69.54875871129646,47.0,93.0,38.0,109.0,0.05349348228090407,0.44171779141104295,69.34969325153374,2024,2025
2025,CAVALCANTE,Maternal II,40,163.0,4,0,0,4,38.048768062110994,25.0,52.0,19.0,61.0,0.05349348228090407,0.3177083333333333,51.78645833333333,2024,2025
2025,CENTRO,Bercario,123,375.0,4,4,0,0,123.1746443564555,86.0,164.0,70.0,190.0,0.05349348228090407,0.3506787330316742,131.50452488687782,2024,2025
2025,CENTRO,Maternal I,99,243.0,4,0,4,0,122.10967477416816,85.0,162.0,70.0,188.0,0.05349348228090407,0.41434262948207173,100.68525896414343,2024,2025
2025,CENTRO,Maternal II,48,251.0,4,0,0,4,66.46312954542957,45.0,89.0,36.0,104.0,0.05349348228090407,0.3025830258302583,75.94833948339483,2024,2025
2025,CIDADE DEUS,Bercario,432,1044.0,4,4,0,0,380.05406446579735,270.0,499.0,224.0,575.0,0.05349348228090407,0.38869565217391305,405.79826086956524,2024,2025
2025,CIDADE DEUS,Maternal I,421,591.0,4,0,4,0,329.1441308220719,234.0,433.0,194.0,499.0,0.05349348228090407,0.6447166921898928,381.02756508422664,2024,2025
2025,CIDADE DEUS,Maternal II,91,653.0,4,0,0,4,191.63510998845808,135.0,253.0,111.0,292.0,0.05349348228090407,0.2559055118110236,167.10629921259843,2024,2025
2025,CIDADE NOVA,Bercario,25,80.0,4,4,0,0,23.16645115944617,14.0,33.0,11.0,39.0,0.05349348228090407,0.39080459770114945,31.264367816091955,2024,2025
2025,CIDADE NOVA,Maternal I,21,46.0,4,0,4,0,20.378917267371058,12.0,29.0,9.0,35.0,0.05349348228090407,0.31666666666666665,14.566666666666666,2024,2025
2025,CIDADE NOVA,Maternal II,6,60.0,4,0,0,4,14.006763297316203,8.0,21.0,6.0,25.0,0.05349348228090407,0.18867924528301888,11.320754716981133,2024,2025
2025,CIDADE UNIVERSITARIA,Bercario,6,24.0,4,4,0,0,4.302112239652153,2.0,7.0,1.0,9.0,0.05349348228090407,0.21739130434782608,5.217391304347826,2024,2025
2025,CIDADE UNIVERSITARIA,Maternal I,1,10.0,4,0,4,0,2.7423586169587226,1.0,5.0,0.0,7.0,0.05349348228090407,0.4,4.0,2024,2025
2025,CIDADE UNIVERSITARIA,Maternal II,0,15.0,4,0,0,4,2.1675981431279046,0.0,4.0,0.0,6.0,0.05349348228090407,0.3,4.5,2024,2025
2025,COCOTA,Bercario,16,76.0,4,4,0,0,13.101050677779078,7.0,19.0,5.0,23.0,0.05349348228090407,0.16483516483516483,12.527472527472527,2024,2025
2025,COCOTA,Maternal I,20,52.0,4,0,4,0,13.713541641877532,8.0,20.0,5.0,24.0,0.05349348228090407,0.24285714285714285,12.628571428571428,2024,2025
2025,COCOTA,Maternal II,16,70.0,4,0,0,4,9.727642255799264,5.0,15.0,3.0,18.0,0.05349348228090407,0.136986301369863,9.58904109589041,2024,2025
2025,COELHO NETO,Bercario,178,557.0,4,4,0,0,209.28179586315477,148.0,276.0,122.0,319.0,0.05349348228090407,0.3193979933110368,177.9046822742475,2024,2025
2025,COELHO NETO,Maternal I,140,284.0,4,0,4,0,163.2481806581165,115.0,216.0,94.0,250.0,0.05349348228090407,0.6324503311258278,179.6158940397351,2024,2025
2025,COELHO NETO,Maternal II,96,302.0,4,0,0,4,91.47453646223185,63.0,122.0,51.0,142.0,0.05349348228090407,0.25396825396825395,76.6984126984127,2024,2025
2025,COLEGIO,Bercario,140,597.0,4,4,0,0,159.46248364447177,112.0,211.0,92.0,244.0,0.05349348228090407,0.17287630402384502,103.20715350223547,2024,2025
2025,COLEGIO,Maternal I,113,350.0,4,0,4,0,143.02303473534312,100.0,189.0,82.0,219.0,0.05349348228090407,0.3389830508474576,118.64406779661016,2024,2025
2025,COLEGIO,Maternal II,104,354.0,4,0,0,4,76.22623530138429,52.0,102.0,42.0,119.0,0.05349348228090407,0.2947976878612717,104.35838150289018,2024,2025
2025,COMPLEXO ALEMAO,Bercario,0,901.0,4,4,0,0,38.74052398448817,25.0,53.0,20.0,62.0,0.05349348228090407,0.0,0.0,2024,2025
2025,COMPLEXO ALEMAO,Maternal I,1,232.0,4,0,4,0,15.260980451766052,9.0,22.0,6.0,27.0,0.05349348228090407,0.004694835680751174,1.0892018779342723,2024,2025
2025,COMPLEXO ALEMAO,Maternal II,0,213.0,4,0,0,4,7.3830756633920105,4.0,12.0,2.0,14.0,0.05349348228090407,0.0,0.0,2024,2025
2025,COMPLEXO MARE,Bercario,566,3072.0,4,4,0,0,733.6187110369549,524.0,961.0,436.0,1106.0,0.05349348228090407,0.2246071291682637,689.9931008049061,2024,2025
2025,COMPLEXO MARE,Maternal I,412,1033.0,4,0,4,0,377.4011866510437,268.0,496.0,222.0,571.0,0.05349348228090407,0.3432080924855491,354.53395953757223,2024,2025
2025,COMPLEXO MARE,Maternal II,277,1384.0,4,0,0,4,266.4417604945269,189.0,351.0,156.0,405.0,0.05349348228090407,0.26919831223628693,372.5704641350211,2024,2025
2025,COPACABANA,Bercario,269,1575.0,4,4,0,0,229.6255151580069,162.0,303.0,134.0,349.0,0.05349348228090407,0.20804597701149424,327.67241379310343,2024,2025
2025,COPACABANA,Maternal I,219,874.0,4,0,4,0,194.94170933090024,137.0,257.0,113.0,297.0,0.05349348228090407,0.24508670520231213,214.2057803468208,2024,2025
2025,COPACABANA,Maternal II,95,865.0,4,0,0,4,101.66529127158213,70.0,135.0,57.0,157.0,0.05349348228090407,0.11467889908256881,99.19724770642202,2024,2025
2025,CORDOVIL,Bercario,194,687.0,4,4,0,0,140.77381606024602,98.0,187.0,81.0,216.0,0.05349348228090407,0.29291553133514986,201.23297002724794,2024,2025
2025,CORDOVIL,Maternal I,114,369.0,4,0,4,0,115.67653315948428,80.0,154.0,66.0,178.0,0.05349348228090407,0.35308056872037913,130.2867298578199,2024,2025
2025,CORDOVIL,Maternal II,99,422.0,4,0,0,4,69.70992471015495,48.0,94.0,38.0,109.0,0.05349348228090407,0.19339622641509435,81.61320754716982,2024,2025
2025,COSME VELHO,Bercario,25,96.0,4,4,0,0,19.94664033682304,12.0,28.0,9.0,34.0,0.05349348228090407,0.3652173913043478,35.06086956521739,2024,2025
2025,COSME VELHO,Maternal I,21,64.0,4,0,4,0,20.34380804959601,12.0,29.0,9.0,35.0,0.05349348228090407,0.38666666666666666,24.746666666666666,2024,2025
2025,COSME VELHO,Maternal II,4,75.0,4,0,0,4,12.562521078957737,7.0,19.0,5.0,23.0,0.05349348228090407,0.07608695652173914,5.7065217391304355,2024,2025
2025,COSMOS,Bercario,571,2061.0,4,4,0,0,637.8956225679684,455.0,836.0,379.0,963.0,0.05349348228090407,0.30566037735849055,629.966037735849,2024,2025
2025,COSMOS,Maternal I,465,1071.0,4,0,4,0,507.12480372491024,361.0,665.0,300.0,766.0,0.05349348228090407,0.4658493870402802,498.9246935201401,2024,2025
2025,COSMOS,Maternal II,267,1142.0,4,0,0,4,284.9408728289246,202.0,375.0,167.0,433.0,0.05349348228090407,0.23870417732310314,272.6001705029838,2024,2025
2025,COSTA BARROS,Bercario,332,801.0,4,4,0,0,307.26417015700025,218.0,404.0,180.0,466.0,0.05349348228090407,0.32742440041710114,262.266944734098,2024,2025
2025,COSTA BARROS,Maternal I,195,540.0,4,0,4,0,316.90341253916273,225.0,417.0,186.0,481.0,0.05349348228090407,0.3847583643122677,207.76951672862455,2024,2025
2025,COSTA BARROS,Maternal II,117,538.0,4,0,0,4,166.37140962613682,117.0,220.0,96.0,254.0,0.05349348228090407,0.2692307692307692,144.84615384615384,2024,2025
2025,CURICICA,Bercario,241,798.0,4,4,0,0,209.9130425017601,148.0,277.0,122.0,320.0,0.05349348228090407,0.22727272727272727,181.36363636363635,2024,2025
2025,CURICICA,Maternal I,197,695.0,4,0,4,0,279.68880817041827,198.0,368.0,164.0,425.0,0.05349348228090407,0.3317757009345794,230.5841121495327,2024,2025
2025,CURICICA,Maternal II,148,642.0,4,0,0,4,136.14088716574338,95.0,180.0,78.0,209.0,0.05349348228090407,0.250733137829912,160.97067448680352,2024,2025
2025,DEL CASTILHO,Bercario,159,457.0,4,4,0,0,105.76045957169559,73.0,141.0,60.0,163.0,0.05349348228090407,0.3146551724137931,143.79741379310343,2024,2025
2025,DEL CASTILHO,Maternal I,66,239.0,4,0,4,0,84.61722562852302,58.0,113.0,47.0,132.0,0.05349348228090407,0.3409090909090909,81.47727272727272,2024,2025
2025,DEL CASTILHO,Maternal II,39,264.0,4,0,0,4,49.25247649213398,33.0,67.0,26.0,78.0,0.05349348228090407,0.14937759336099585,39.43568464730291,2024,2025
2025,DEODORO,Bercario,80,236.0,4,4,0,0,93.48119414216647,65.0,125.0,52.0,145.0,0.05349348228090407,0.26523297491039427,62.59498207885305,2024,2025
2025,DEODORO,Maternal I,63,157.0,4,0,4,0,95.1405488812111,66.0,127.0,53.0,147.0,0.05349348228090407,0.5075757575757576,79.68939393939394,2024,2025
2025,DEODORO,Maternal II,33,132.0,4,0,0,4,42.150545158971056,28.0,58.0,22.0,68.0,0.05349348228090407,0.31851851851851853,42.044444444444444,2024,2025
2025,ENCANTADO,Bercario,39,188.0,4,4,0,0,35.967917114237224,23.0,50.0,18.0,58.0,0.05349348228090407,0.17391304347826086,32.69565217391304,2024,2025
2025,ENCANTADO,Maternal I,39,91.0,4,0,4,0,26.63499278511481,17.0,37.0,13.0,44.0,0.05349348228090407,0.53125,48.34375,2024,2025
2025,ENCANTADO,Maternal II,19,96.0,4,0,0,4,14.806270821188015,9.0,22.0,6.0,26.0,0.05349348228090407,0.2037037037037037,19.555555555555554,2024,2025
2025,ENGENHEIRO LEAL,Bercario,8,116.0,4,4,0,0,27.170518703137503,17.0,38.0,13.0,45.0,0.05349348228090407,0.125,14.5,2024,2025
2025,ENGENHEIRO LEAL,Maternal I,27,66.0,4,0,4,0,23.650353007902698,15.0,33.0,11.0,40.0,0.05349348228090407,0.3442622950819672,22.721311475409834,2024,2025
2025,ENGENHEIRO LEAL,Maternal II,25,61.0,4,0,0,4,11.518257717608304,6.0,17.0,4.0,21.0,0.05349348228090407,0.4533333333333333,27.653333333333332,2024,2025
2025,ENGENHO DENTRO,Bercario,161,707.0,4,4,0,0,129.7809836280859,91.0,172.0,74.0,199.0,0.05349348228090407,0.25296442687747034,178.84584980237153,2024,2025
2025,ENGENHO DENTRO,Maternal I,152,393.0,4,0,4,0,110.36667267198133,77.0,147.0,63.0,170.0,0.05349348228090407,0.35377358490566035,139.0330188679245,2024,2025
2025,ENGENHO DENTRO,Maternal II,71,424.0,4,0,0,4,62.74433495828953,43.0,85.0,34.0,99.0,0.05349348228090407,0.19433198380566802,82.39676113360323,2024,2025
2025,ENGENHO NOVO,Bercario,232,756.0,4,4,0,0,183.2409954700974,129.0,242.0,106.0,280.0,0.05349348228090407,0.3598130841121495,272.01869158878503,2024,2025
2025,ENGENHO NOVO,Maternal I,124,428.0,4,0,4,0,158.70783512362001,111.0,210.0,91.0,243.0,0.05349348228090407,0.3646788990825688,156.08256880733944,2024,2025
2025,ENGENHO NOVO,Maternal II,52,436.0,4,0,0,4,85.19308643955962,59.0,114.0,48.0,132.0,0.05349348228090407,0.15301724137931033,66.7155172413793,2024,2025
2025,ENGENHO RAINHA,Bercario,111,476.0,4,4,0,0,115.28161256194387,80.0,153.0,66.0,178.0,0.05349348228090407,0.2403846153846154,114.42307692307692,2024,2025
2025,ENGENHO RAINHA,Maternal I,98,272.0,4,0,4,0,100.78032295903004,70.0,134.0,57.0,156.0,0.05349348228090407,0.4426877470355731,120.41106719367589,2024,2025
2025,ENGENHO RAINHA,Maternal II,43,253.0,4,0,0,4,49.395868693001916,33.0,67.0,26.0,79.0,0.05349348228090407,0.3146067415730337,79.59550561797752,2024,2025
2025,ESTACIO,Bercario,109,350.0,4,4,0,0,118.42057405777874,82.0,157.0,67.0,182.0,0.05349348228090407,0.39660056657223797,138.81019830028328,2024,2025
2025,ESTACIO,Maternal I,62,178.0,4,0,4,0,92.13674631754769,64.0,123.0,52.0,143.0,0.05349348228090407,0.38071065989847713,67.76649746192894,2024,2025
2025,ESTACIO,Maternal II,35,197.0,4,0,0,4,53.73315731802361,36.0,73.0,29.0,85.0,0.05349348228090407,0.11650485436893204,22.951456310679614,2024,2025
2025,FLAMENGO,Bercario,41,516.0,4,4,0,0,50.9297114791993,34.0,69.0,27.0,81.0,0.05349348228090407,0.10088495575221239,52.05663716814159,2024,2025
2025,FLAMENGO,Maternal I,30,297.0,4,0,4,0,44.8468263744685,30.0,61.0,24.0,72.0,0.05349348228090407,0.12547528517110265,37.266159695817485,2024,2025
2025,FLAMENGO,Maternal II,15,263.0,4,0,0,4,20.926388270110117,13.0,30.0,9.0,35.0,0.05349348228090407,0.07168458781362007,18.85304659498208,2024,2025
2025,FREGUESIA ILHA,Bercario,75,321.0,4,4,0,0,70.77049023340469,48.0,95.0,39.0,111.0,0.05349348228090407,0.275,88.275,2024,2025
2025,FREGUESIA ILHA,Maternal I,43,155.0,4,0,4,0,52.27964398471348,35.0,71.0,28.0,83.0,0.05349348228090407,0.24313725490196078,37.68627450980392,2024,2025
2025,FREGUESIA ILHA,Maternal II,27,255.0,4,0,0,4,45.321509714087526,30.0,62.0,24.0,72.0,0.05349348228090407,0.19895287958115182,50.73298429319372,2024,2025
2025,FREGUESIA JPA,Bercario,142,1172.0,4,4,0,0,152.44340438922205,107.0,202.0,88.0,233.0,0.05349348228090407,0.13104013104013104,153.5790335790336,2024,2025
2025,FREGUESIA JPA,Maternal I,104,626.0,4,0,4,0,124.56875162003644,87.0,165.0,71.0,192.0,0.05349348228090407,0.2148626817447496,134.50403877221325,2024,2025
2025,FREGUESIA JPA,Maternal II,32,619.0,4,0,0,4,64.90657495845073,44.0,87.0,35.0,102.0,0.05349348228090407,0.08898305084745763,55.08050847457627,2024,2025
2025,GALEAO,Bercario,108,612.0,4,4,0,0,174.69253232383576,123.0,231.0,101.0,267.0,0.05349348228090407,0.19207317073170732,117.54878048780488,2024,2025
2025,GALEAO,Maternal I,88,347.0,4,0,4,0,151.53262433496283,106.0,201.0,87.0,232.0,0.05349348228090407,0.2958904109589041,102.67397260273972,2024,2025
2025,GALEAO,Maternal II,75,365.0,4,0,0,4,83.99100907341102,58.0,112.0,47.0,131.0,0.05349348228090407,0.34,124.10000000000001,2024,2025
2025,GAMBOA,Bercario,51,234.0,4,4,0,0,63.588456120879066,43.0,86.0,35.0,100.0,0.05349348228090407,0.3107569721115538,72.71713147410358,2024,2025
2025,GAMBOA,Maternal I,40,126.0,4,0,4,0,52.38256012546239,35.0,71.0,28.0,83.0,0.05349348228090407,0.3141025641025641,39.57692307692307,2024,2025
2025,GAMBOA,Maternal II,24,156.0,4,0,0,4,34.17464705306583,22.0,47.0,17.0,56.0,0.05349348228090407,0.2662337662337662,41.53246753246753,2024,2025
2025,GARDENIA AZUL,Bercario,220,757.0,4,4,0,0,258.7819619216732,183.0,341.0,151.0,393.0,0.05349348228090407,0.2801678908709339,212.08709338929697,2024,2025
2025,GARDENIA AZUL,Maternal I,235,529.0,4,0,4,0,276.6607470451184,196.0,364.0,162.0,420.0,0.05349348228090407,0.5488069414316703,290.3188720173536,2024,2025
2025,GARDENIA AZUL,Maternal II,168,461.0,4,0,0,4,127.04455701133028,89.0,169.0,73.0,195.0,0.05349348228090407,0.2976827094474153,137.23172905525846,2024,2025
2025,GAVEA,Bercario,203,279.0,4,4,0,0,119.22571508629338,83.0,158.0,68.0,184.0,0.05349348228090407,0.641566265060241,178.99698795180723,2024,2025
2025,GAVEA,Maternal I,125,167.0,4,0,4,0,109.17820642321696,76.0,145.0,62.0,168.0,0.05349348228090407,0.8654970760233918,144.53801169590642,2024,2025
2025,GAVEA,Maternal II,61,171.0,4,0,0,4,58.9086213921481,40.0,80.0,32.0,93.0,0.05349348228090407,0.54421768707483,93.06122448979593,2024,2025
2025,GERICINO,Bercario,0,33.0,4,4,0,0,5.967341113578972,3.0,10.0,1.0,12.0,0.05349348228090407,0.0,0.0,2024,2025
2025,GERICINO,Maternal II,0,12.0,4,0,0,4,1.7493035872664247,0.0,4.0,0.0,5.0,0.05349348228090407,0.0,0.0,2024,2025
2025,GLORIA,Bercario,46,100.0,4,4,0,0,26.835523615127926,17.0,38.0,13.0,44.0,0.05349348228090407,0.43564356435643564,43.56435643564357,2024,2025
2025,GLORIA,Maternal I,23,44.0,4,0,4,0,18.06410719789018,11.0,26.0,8.0,31.0,0.05349348228090407,0.3333333333333333,14.666666666666666,2024,2025
2025,GLORIA,Maternal II,8,69.0,4,0,0,4,14.92712537961176,9.0,22.0,6.0,26.0,0.05349348228090407,0.23076923076923078,15.923076923076923,2024,2025
2025,GRAJAU,Bercario,69,431.0,4,4,0,0,74.5138981548121,51.0,100.0,41.0,116.0,0.05349348228090407,0.18859649122807018,81.28508771929825,2024,2025
2025,GRAJAU,Maternal I,24,234.0,4,0,4,0,61.89130254243476,42.0,83.0,34.0,97.0,0.05349348228090407,0.16883116883116883,39.506493506493506,2024,2025
2025,GRAJAU,Maternal II,17,231.0,4,0,0,4,32.19504302927823,21.0,45.0,16.0,53.0,0.05349348228090407,0.10714285714285714,24.75,2024,2025
2025,GRUMARI,Bercario,0,5.0,4,4,0,0,0.9501056066302251,0.0,2.0,0.0,3.0,0.05349348228090407,0.0,0.0,2024,2025
2025,GRUMARI,Maternal I,1,2.0,4,0,4,0,0.5814141859002052,0.0,2.0,0.0,2.0,0.05349348228090407,0.0,0.0,2024,2025
2025,GRUMARI,Maternal II,1,5.0,4,0,0,4,0.7659296769527721,0.0,2.0,0.0,3.0,0.05349348228090407,0.4,2.0,2024,2025
2025,GUADALUPE,Bercario,153,754.0,4,4,0,0,165.7975024710466,116.0,219.0,96.0,254.0,0.05349348228090407,0.20317820658342792,153.19636776390465,2024,2025
2025,GUADALUPE,Maternal I,137,481.0,4,0,4,0,161.81004040948923,114.0,214.0,93.0,248.0,0.05349348228090407,0.37924151696606784,182.41516966067863,2024,2025
2025,GUADALUPE,Maternal II,115,501.0,4,0,0,4,88.80989987403397,61.0,119.0,50.0,138.0,0.05349348228090407,0.21455938697318008,107.49425287356323,2024,2025
2025,GUARATIBA,Bercario,931,3694.0,4,4,0,0,1207.8862475306805,864.0,1580.0,720.0,1819.0,0.05349348228090407,0.28985107556536127,1070.7098731384444,2024,2025
2025,GUARATIBA,Maternal I,812,1787.0,4,0,4,0,893.9381045333421,639.0,1170.0,532.0,1347.0,0.05349348228090407,0.49737670514165794,888.8121720881427,2024,2025
2025,GUARATIBA,Maternal II,619,1906.0,4,0,0,4,502.4224744130097,358.0,659.0,297.0,759.0,0.05349348228090407,0.35987590486039295,685.9234746639089,2024,2025
2025,HIGIENOPOLIS,Bercario,47,224.0,4,4,0,0,37.40127468774023,24.0,51.0,19.0,60.0,0.05349348228090407,0.2621359223300971,58.71844660194175,2024,2025
2025,HIGIENOPOLIS,Maternal I,29,105.0,4,0,4,0,26.821399579556275,17.0,38.0,13.0,44.0,0.05349348228090407,0.24324324324324326,25.54054054054054,2024,2025
2025,HIGIENOPOLIS,Maternal II,14,111.0,4,0,0,4,14.940955784854907,9.0,22.0,6.0,26.0,0.05349348228090407,0.1694915254237288,18.813559322033896,2024,2025
2025,HONORIO GURGEL,Bercario,89,361.0,4,4,0,0,90.7534904848663,63.0,121.0,51.0,141.0,0.05349348228090407,0.2589928057553957,93.49640287769785,2024,2025
2025,HONORIO GURGEL,Maternal I,82,231.0,4,0,4,0,88.84272424711112,61.0,119.0,50.0,138.0,0.05349348228090407,0.3783783783783784,87.4054054054054,2024,2025
2025,HONORIO GURGEL,Maternal II,56,222.0,4,0,0,4,44.99104973809817,30.0,61.0,24.0,72.0,0.05349348228090407,0.23921568627450981,53.10588235294118,2024,2025
2025,HUMAITA,Bercario,6,146.0,4,4,0,0,15.474122733306588,9.0,23.0,6.0,27.0,0.05349348228090407,0.061224489795918366,8.938775510204081,2024,2025
2025,HUMAITA,Maternal I,7,76.0,4,0,4,0,12.323115679803669,7.0,18.0,5.0,22.0,0.05349348228090407,0.14285714285714285,10.857142857142856,2024,2025
2025,HUMAITA,Maternal II,2,84.0,4,0,0,4,7.177108036600744,3.0,11.0,2.0,14.0,0.05349348228090407,0.020833333333333332,1.75,2024,2025
2025,ILHA GUARATIBA,Bercario,1,69.0,4,4,0,0,13.929311546590428,8.0,20.0,6.0,25.0,0.05349348228090407,0.1111111111111111,7.666666666666666,2024,2025
2025,INHAUMA,Bercario,328,1048.0,4,4,0,0,289.4763719984074,205.0,381.0,170.0,439.0,0.05349348228090407,0.36693914623069934,384.5522252497729,2024,2025
2025,INHAUMA,Maternal I,355,529.0,4,0,4,0,223.54309629198772,158.0,295.0,130.0,340.0,0.05349348228090407,0.47066326530612246,248.9808673469388,2024,2025
2025,INHAUMA,Maternal II,132,784.0,4,0,0,4,174.57615229047462,123.0,231.0,101.0,267.0,0.05349348228090407,0.23529411764705882,184.47058823529412,2024,2025
2025,INHOAIBA,Bercario,522,1480.0,4,4,0,0,538.7220865732692,384.0,706.0,319.0,814.0,0.05349348228090407,0.3384223918575064,500.86513994910945,2024,2025
2025,INHOAIBA,Maternal I,385,824.0,4,0,4,0,458.864044907426,327.0,602.0,271.0,694.0,0.05349348228090407,0.47798066595059074,393.85606874328676,2024,2025
2025,INHOAIBA,Maternal II,219,931.0,4,0,0,4,273.1931231301406,193.0,359.0,160.0,415.0,0.05349348228090407,0.2326086956521739,216.5586956521739,2024,2025
2025,IPANEMA,Bercario,11,508.0,4,4,0,0,29.752846383632424,19.0,41.0,15.0,49.0,0.05349348228090407,0.016,8.128,2024,2025
2025,IPANEMA,Maternal I,14,246.0,4,0,4,0,22.04213543141174,14.0,31.0,10.0,37.0,0.05349348228090407,0.06529209621993128,16.061855670103093,2024,2025
2025,IPANEMA,Maternal II,9,291.0,4,0,0,4,13.739622892543771,8.0,20.0,5.0,24.0,0.05349348228090407,0.01968503937007874,5.728346456692913,2024,2025
2025,IRAJA,Bercario,302,1468.0,4,4,0,0,305.7767812649691,217.0,402.0,180.0,464.0,0.05349348228090407,0.18823529411764706,276.32941176470587,2024,2025
2025,IRAJA,Maternal I,249,829.0,4,0,4,0,264.1719679132302,187.0,348.0,155.0,401.0,0.05349348228090407,0.30814639905548996,255.4533648170012,2024,2025
2025,IRAJA,Maternal II,128,847.0,4,0,0,4,142.22596063348362,99.0,188.0,82.0,218.0,0.05349348228090407,0.18299881936245574,155.0,2024,2025
2025,ITANHANGA,Bercario,207,1535.0,4,4,0,0,477.787441130546,340.0,627.0,283.0,722.0,0.05349348228090407,0.18896103896103897,290.05519480519484,2024,2025
2025,ITANHANGA,Maternal I,291,721.0,4,0,4,0,343.3328562497926,244.0,451.0,202.0,520.0,0.05349348228090407,0.49081364829396323,353.8766404199475,2024,2025
2025,ITANHANGA,Maternal II,277,762.0,4,0,0,4,191.2046006146055,135.0,252.0,111.0,292.0,0.05349348228090407,0.4104372355430183,312.75317348377996,2024,2025
2025,JABOUR,Bercario,0,19.0,4,4,0,0,3.8383276131237376,1.0,7.0,0.0,9.0,0.05349348228090407,0.0,0.0,2024,2025
2025,JABOUR,Maternal I,0,1.0,4,0,4,0,0.3090595664797119,0.0,1.0,0.0,2.0,0.05349348228090407,0.26630110339739077,0.26630110339739077,2024,2025
2025,JACARE,Bercario,227,278.0,4,4,0,0,116.68509873513327,81.0,155.0,66.0,180.0,0.05349348228090407,0.5720620842572062,159.03325942350332,2024,2025
2025,JACARE,Maternal I,127,288.0,4,0,4,0,184.93403333167606,130.0,244.0,107.0,282.0,0.05349348228090407,0.46835443037974683,134.8860759493671,2024,2025
2025,JACARE,Maternal II,80,316.0,4,0,0,4,106.92387782473472,74.0,142.0,61.0,165.0,0.05349348228090407,0.3042168674698795,96.13253012048193,2024,2025
2025,JACAREPAGUA,Bercario,488,4521.0,4,4,0,0,899.0982738299672,642.0,1177.0,535.0,1355.0,0.05349348228090407,0.14035087719298245,634.5263157894736,2024,2025
2025,JACAREPAGUA,Maternal I,501,1957.0,4,0,4,0,595.4115214505928,425.0,780.0,353.0,899.0,0.05349348228090407,0.2537313432835821,496.55223880597015,2024,2025
2025,JACAREPAGUA,Maternal II,401,2546.0,4,0,0,4,408.1765704988585,290.0,536.0,241.0,618.0,0.05349348228090407,0.2167426440116038,551.8267716535433,2024,2025
2025,JACAREZINHO,Bercario,31,563.0,4,4,0,0,53.963414673038535,36.0,73.0,29.0,85.0,0.05349348228090407,0.09174311926605505,51.65137614678899,2024,2025
2025,JACAREZINHO,Maternal I,9,157.0,4,0,4,0,23.02207329246113,14.0,32.0,11.0,39.0,0.05349348228090407,0.09615384615384616,15.096153846153847,2024,2025
2025,JACAREZINHO,Maternal II,12,208.0,4,0,0,4,16.072053867629943,9.0,23.0,7.0,28.0,0.05349348228090407,0.06341463414634146,13.190243902439025,2024,2025
2025,JARDIM AMERICA,Bercario,145,459.0,4,4,0,0,122.50155250131351,85.0,163.0,70.0,188.0,0.05349348228090407,0.24736842105263157,113.5421052631579,2024,2025
2025,JARDIM AMERICA,Maternal I,135,289.0,4,0,4,0,117.99959088704844,82.0,157.0,67.0,182.0,0.05349348228090407,0.5163398692810458,149.22222222222223,2024,2025
2025,JARDIM AMERICA,Maternal II,47,306.0,4,0,0,4,65.83659323677772,45.0,89.0,36.0,103.0,0.05349348228090407,0.1529745042492918,46.81019830028329,2024,2025
2025,JARDIM BOTANICO,Bercario,20,212.0,4,4,0,0,18.284994492246664,11.0,26.0,8.0,31.0,0.05349348228090407,0.05263157894736842,11.157894736842104,2024,2025
2025,JARDIM BOTANICO,Maternal I,15,118.0,4,0,4,0,15.57021938745884,9.0,23.0,6.0,27.0,0.05349348228090407,0.13392857142857142,15.803571428571429,2024,2025
2025,JARDIM BOTANICO,Maternal II,7,112.0,4,0,0,4,7.787427417607623,4.0,12.0,2.0,15.0,0.05349348228090407,0.040983606557377046,4.590163934426229,2024,2025
2025,JARDIM CARIOCA,Bercario,77,363.0,4,4,0,0,58.71757526479259,40.0,79.0,32.0,93.0,0.05349348228090407,0.21144278606965175,76.75373134328359,2024,2025
2025,JARDIM CARIOCA,Maternal I,59,213.0,4,0,4,0,52.710221741995596,35.0,71.0,28.0,84.0,0.05349348228090407,0.25116279069767444,53.49767441860465,2024,2025
2025,JARDIM CARIOCA,Maternal II,25,215.0,4,0,0,4,28.03605893720836,18.0,39.0,14.0,46.0,0.05349348228090407,0.13924050632911392,29.93670886075949,2024,2025
2025,JARDIM GUANABARA,Bercario,11,336.0,4,4,0,0,25.120405308921672,16.0,35.0,12.0,42.0,0.05349348228090407,0.03783783783783784,12.713513513513515,2024,2025
2025,JARDIM GUANABARA,Maternal I,13,194.0,4,0,4,0,22.189261407025693,14.0,31.0,10.0,37.0,0.05349348228090407,0.035,6.790000000000001,2024,2025
2025,JARDIM GUANABARA,Maternal II,8,200.0,4,0,0,4,12.054088532067018,7.0,18.0,4.0,22.0,0.05349348228090407,0.07428571428571429,14.857142857142858,2024,2025
2025,JARDIM SULACAP,Bercario,32,299.0,4,4,0,0,45.217222050716785,30.0,62.0,24.0,72.0,0.05349348228090407,0.10372340425531915,31.013297872340424,2024,2025
2025,JARDIM SULACAP,Maternal I,44,200.0,4,0,4,0,46.27180453246672,31.0,63.0,24.0,74.0,0.05349348228090407,0.27586206896551724,55.172413793103445,2024,2025
2025,JARDIM SULACAP,Maternal II,28,174.0,4,0,0,4,21.21284672210028,13.0,30.0,10.0,36.0,0.05349348228090407,0.19696969696969696,34.27272727272727,2024,2025
2025,JOA,Bercario,1,11.0,4,4,0,0,2.027828185362024,0.0,4.0,0.0,5.0,0.05349348228090407,0.0,0.0,2024,2025
2025,JOA,Maternal I,0,8.0,4,0,4,0,2.2562239690373778,0.0,4.0,0.0,6.0,0.05349348228090407,0.0,0.0,2024,2025
2025,JOA,Maternal II,0,11.0,4,0,0,4,1.6347380502666016,0.0,3.0,0.0,5.0,0.05349348228090407,0.0,0.0,2024,2025
2025,LAGOA,Bercario,3,245.0,4,4,0,0,17.84944517179597,11.0,26.0,8.0,31.0,0.05349348228090407,0.01968503937007874,4.822834645669292,2024,2025
2025,LAGOA,Maternal I,6,137.0,4,0,4,0,15.269786174880014,9.0,22.0,6.0,27.0,0.05349348228090407,0.0234375,3.2109375,2024,2025
2025,LAGOA,Maternal II,0,128.0,4,0,0,4,7.517710937361839,4.0,12.0,2.0,15.0,0.05349348228090407,0.006756756756756757,0.8648648648648649,2024,2025
2025,LAPA,Bercario,0,77.0,4,4,0,0,9.484741340054248,5.0,14.0,3.0,18.0,0.05349348228090407,0.0,0.0,2024,2025
2025,LAPA,Maternal I,0,15.0,4,0,4,0,2.826700379590949,1.0,5.0,0.0,7.0,0.05349348228090407,0.0,0.0,2024,2025
2025,LAPA,Maternal II,0,34.0,4,0,0,4,3.3762197014085507,1.0,6.0,0.0,8.0,0.05349348228090407,0.0,0.0,2024,2025
2025,LARANJEIRAS,Bercario,49,497.0,4,4,0,0,50.71066042122486,34.0,69.0,27.0,81.0,0.05349348228090407,0.09778597785977859,48.59963099630996,2024,2025
2025,LARANJEIRAS,Maternal I,27,285.0,4,0,4,0,44.4878573478587,30.0,61.0,23.0,71.0,0.05349348228090407,0.1357142857142857,38.67857142857142,2024,2025
2025,LARANJEIRAS,Maternal II,18,280.0,4,0,0,4,23.031272054446045,14.0,33.0,11.0,39.0,0.05349348228090407,0.06227106227106227,17.435897435897438,2024,2025
2025,LEBLON,Bercario,15,506.0,4,4,0,0,28.787801520256476,18.0,40.0,14.0,47.0,0.05349348228090407,0.04753199268738574,24.051188299817184,2024,2025
2025,LEBLON,Maternal I,12,288.0,4,0,4,0,25.067107433192277,16.0,35.0,12.0,42.0,0.05349348228090407,0.0599250936329588,17.258426966292134,2024,2025
2025,LEBLON,Maternal II,5,267.0,4,0,0,4,12.245774575743779,7.0,18.0,5.0,22.0,0.05349348228090407,0.017421602787456445,4.651567944250871,2024,2025
2025,LEME,Bercario,41,177.0,4,4,0,0,31.596837069591782,20.0,44.0,16.0,52.0,0.05349348228090407,0.24870466321243523,44.020725388601036,2024,2025
2025,LEME,Maternal I,25,103.0,4,0,4,0,28.12945518251141,18.0,39.0,14.0,46.0,0.05349348228090407,0.3263157894736842,33.61052631578948,2024,2025
2025,LEME,Maternal II,9,95.0,4,0,0,4,13.671336278158401,8.0,20.0,5.0,24.0,0.05349348228090407,0.07627118644067797,7.2457627118644075,2024,2025
2025,LINS VASCONCELOS,Bercario,173,654.0,4,4,0,0,141.41787896594062,99.0,187.0,81.0,217.0,0.05349348228090407,0.32791728212703103,214.4579025110783,2024,2025
2025,LINS VASCONCELOS,Maternal I,77,345.0,4,0,4,0,114.12989499098106,79.0,152.0,65.0,176.0,0.05349348228090407,0.22666666666666666,78.2,2024,2025
2025,LINS VASCONCELOS,Maternal II,29,375.0,4,0,0,4,65.3694536087118,44.0,88.0,36.0,103.0,0.05349348228090407,0.0829145728643216,31.092964824120603,2024,2025
2025,MADUREIRA,Bercario,164,778.0,4,4,0,0,175.5251337600982,123.0,232.0,102.0,268.0,0.05349348228090407,0.2532544378698225,197.0319526627219,2024,2025
2025,MADUREIRA,Maternal I,115,462.0,4,0,4,0,159.4613523466937,112.0,211.0,92.0,244.0,0.05349348228090407,0.279317697228145,129.04477611940297,2024,2025
2025,MADUREIRA,Maternal II,75,469.0,4,0,0,4,85.30010674635423,59.0,114.0,48.0,133.0,0.05349348228090407,0.13812154696132597,64.77900552486189,2024,2025
2025,MAGALHAES BASTOS,Bercario,71,404.0,4,4,0,0,90.39300737481314,62.0,121.0,51.0,140.0,0.05349348228090407,0.22624434389140272,91.4027149321267,2024,2025
2025,MAGALHAES BASTOS,Maternal I,80,228.0,4,0,4,0,78.04445804998473,53.0,105.0,43.0,122.0,0.05349348228090407,0.28292682926829266,64.50731707317073,2024,2025
2025,MAGALHAES BASTOS,Maternal II,66,205.0,4,0,0,4,36.97637629536619,24.0,51.0,19.0,60.0,0.05349348228090407,0.1859504132231405,38.1198347107438,2024,2025
2025,MANGUEIRA,Bercario,178,471.0,4,4,0,0,155.4184987163519,109.0,206.0,90.0,238.0,0.05349348228090407,0.39565217391304347,186.3521739130435,2024,2025
2025,MANGUEIRA,Maternal I,63,232.0,4,0,4,0,117.11797075064852,81.0,156.0,67.0,180.0,0.05349348228090407,0.2440944881889764,56.62992125984252,2024,2025
2025,MANGUEIRA,Maternal II,26,254.0,4,0,0,4,67.56667309302266,46.0,91.0,37.0,106.0,0.05349348228090407,0.14225941422594143,36.13389121338913,2024,2025
2025,MANGUINHOS,Bercario,261,728.0,4,4,0,0,139.01586526398717,97.0,184.0,80.0,213.0,0.05349348228090407,0.21921515561569688,159.58863328822733,2024,2025
2025,MANGUINHOS,Maternal I,186,391.0,4,0,4,0,114.22561287711886,79.0,152.0,65.0,176.0,0.05349348228090407,0.3064935064935065,119.83896103896103,2024,2025
2025,MANGUINHOS,Maternal II,111,385.0,4,0,0,4,59.26669829006383,40.0,80.0,32.0,93.0,0.05349348228090407,0.2018140589569161,77.6984126984127,2024,2025
2025,MARACANA,Bercario,11,278.0,4,4,0,0,29.369554505236668,19.0,41.0,14.0,48.0,0.05349348228090407,0.056105610561056105,15.597359735973598,2024,2025
2025,MARACANA,Maternal I,20,160.0,4,0,4,0,25.85986762036661,16.0,36.0,12.0,43.0,0.05349348228090407,0.05844155844155844,9.35064935064935,2024,2025
2025,MARACANA,Maternal II,5,154.0,4,0,0,4,13.115664538540825,7.0,19.0,5.0,23.0,0.05349348228090407,0.05202312138728324,8.011560693641618,2024,2025
2025,MARECHAL HERMES,Bercario,100,752.0,4,4,0,0,177.95312528035936,125.0,235.0,103.0,272.0,0.05349348228090407,0.17051282051282052,128.22564102564104,2024,2025
2025,MARECHAL HERMES,Maternal I,141,361.0,4,0,4,0,130.69191831176332,91.0,173.0,75.0,201.0,0.05349348228090407,0.4090909090909091,147.6818181818182,2024,2025
2025,MARECHAL HERMES,Maternal II,109,418.0,4,0,0,4,79.74088972819274,55.0,107.0,44.0,124.0,0.05349348228090407,0.21896162528216703,91.52595936794582,2024,2025
2025,MARIA GRACA,Bercario,23,82.0,4,4,0,0,12.526383671627933,7.0,19.0,5.0,23.0,0.05349348228090407,0.17475728155339806,14.330097087378642,2024,2025
2025,MARIA GRACA,Maternal I,7,55.0,4,0,4,0,12.8537041125177,7.0,19.0,5.0,23.0,0.05349348228090407,0.23809523809523808,13.095238095238095,2024,2025
2025,MARIA GRACA,Maternal II,8,63.0,4,0,0,4,7.758350983387591,4.0,12.0,2.0,15.0,0.05349348228090407,0.1,6.300000000000001,2024,2025
2025,MEIER,Bercario,68,453.0,4,4,0,0,57.271558666696166,39.0,77.0,31.0,90.0,0.05349348228090407,0.14428857715430862,65.3627254509018,2024,2025
2025,MEIER,Maternal I,59,242.0,4,0,4,0,46.806904251529,31.0,64.0,25.0,75.0,0.05349348228090407,0.3474903474903475,84.0926640926641,2024,2025
2025,MEIER,Maternal II,17,259.0,4,0,0,4,26.397182871739826,17.0,37.0,13.0,44.0,0.05349348228090407,0.15040650406504066,38.955284552845534,2024,2025
2025,MONERO,Bercario,5,55.0,4,4,0,0,9.038777845121725,5.0,14.0,3.0,17.0,0.05349348228090407,0.043478260869565216,2.391304347826087,2024,2025
2025,MONERO,Maternal I,0,24.0,4,0,4,0,6.034093234973014,3.0,10.0,1.0,12.0,0.05349348228090407,0.16666666666666666,4.0,2024,2025
2025,MONERO,Maternal II,1,30.0,4,0,0,4,3.974525557034707,1.0,7.0,0.0,9.0,0.05349348228090407,0.07142857142857142,2.142857142857143,2024,2025
2025,OLARIA,Bercario,215,782.0,4,4,0,0,164.04977113803642,115.0,217.0,95.0,251.0,0.05349348228090407,0.2636871508379888,206.20335195530726,2024,2025
2025,OLARIA,Maternal I,170,492.0,4,0,4,0,157.90203613068462,111.0,209.0,91.0,242.0,0.05349348228090407,0.35864978902953587,176.45569620253164,2024,2025
2025,OLARIA,Maternal II,86,474.0,4,0,0,4,80.16120439992312,55.0,107.0,45.0,125.0,0.05349348228090407,0.15113871635610765,71.63975155279502,2024,2025
2025,OSWALDO CRUZ,Bercario,61,460.0,4,4,0,0,97.9322196626075,68.0,131.0,55.0,152.0,0.05349348228090407,0.15831663326653306,72.82565130260521,2024,2025
2025,OSWALDO CRUZ,Maternal I,78,244.0,4,0,4,0,79.47148793919413,55.0,106.0,44.0,124.0,0.05349348228090407,0.3321678321678322,81.04895104895105,2024,2025
2025,OSWALDO CRUZ,Maternal II,84,286.0,4,0,0,4,49.085228352184735,33.0,67.0,26.0,78.0,0.05349348228090407,0.2873134328358209,82.17164179104478,2024,2025
2025,PACIENCIA,Bercario,670,2317.0,4,4,0,0,763.1848403883865,545.0,999.0,454.0,1151.0,0.05349348228090407,0.29825274278748476,691.0516050386021,2024,2025
2025,PACIENCIA,Maternal I,675,1251.0,4,0,4,0,630.3979071821211,450.0,826.0,374.0,951.0,0.05349348228090407,0.5390070921985816,674.2978723404256,2024,2025
2025,PACIENCIA,Maternal II,365,1410.0,4,0,0,4,374.4034399063348,266.0,492.0,221.0,567.0,0.05349348228090407,0.23799582463465555,335.57411273486434,2024,2025
2025,PADRE MIGUEL,Bercario,183,1047.0,4,4,0,0,217.3588086488219,153.0,287.0,127.0,331.0,0.05349348228090407,0.1816461684011353,190.18353831598864,2024,2025
2025,PADRE MIGUEL,Maternal I,173,510.0,4,0,4,0,161.977425200906,114.0,214.0,93.0,248.0,0.05349348228090407,0.30960264900662254,157.8973509933775,2024,2025
2025,PADRE MIGUEL,Maternal II,100,604.0,4,0,0,4,101.08448859082289,70.0,135.0,57.0,156.0,0.05349348228090407,0.22992125984251968,138.8724409448819,2024,2025
2025,PAQUETA,Bercario,26,42.0,4,4,0,0,11.026830207106906,6.0,17.0,4.0,20.0,0.05349348228090407,0.39655172413793105,16.655172413793103,2024,2025
2025,PAQUETA,Maternal I,9,33.0,4,0,4,0,13.254675152319363,7.0,20.0,5.0,24.0,0.05349348228090407,0.30952380952380953,10.214285714285715,2024,2025
2025,PAQUETA,Maternal II,20,42.0,4,0,0,4,8.889302872653715,5.0,14.0,3.0,17.0,0.05349348228090407,0.1935483870967742,8.129032258064516,2024,2025
2025,PARADA LUCAS,Bercario,109,533.0,4,4,0,0,89.38068854158577,62.0,119.0,50.0,139.0,0.05349348228090407,0.24954792043399637,133.00904159132006,2024,2025
2025,PARADA LUCAS,Maternal I,58,280.0,4,0,4,0,71.83370550986943,49.0,96.0,40.0,112.0,0.05349348228090407,0.266025641025641,74.48717948717949,2024,2025
2025,PARADA LUCAS,Maternal II,35,312.0,4,0,0,4,42.17820537580665,28.0,58.0,22.0,68.0,0.05349348228090407,0.1392857142857143,43.457142857142856,2024,2025
2025,PARQUE ANCHIETA,Bercario,44,347.0,4,4,0,0,75.7764241520658,52.0,102.0,42.0,118.0,0.05349348228090407,0.2064516129032258,71.63870967741936,2024,2025
2025,PARQUE ANCHIETA,Maternal I,84,139.0,4,0,4,0,46.437965488207,31.0,63.0,24.0,74.0,0.05349348228090407,0.3383838383838384,47.035353535353536,2024,2025
2025,PARQUE ANCHIETA,Maternal II,34,198.0,4,0,0,4,34.85674578262151,23.0,48.0,18.0,57.0,0.05349348228090407,0.21153846153846154,41.88461538461539,2024,2025
2025,PARQUE COLUMBIA,Bercario,26,191.0,4,4,0,0,46.289639866336,31.0,63.0,24.0,74.0,0.05349348228090407,0.17164179104477612,32.78358208955224,2024,2025
2025,PARQUE COLUMBIA,Maternal I,7,20.0,4,0,4,0,7.415393160762868,4.0,12.0,2.0,14.0,0.05349348228090407,0.30357142857142855,6.071428571428571,2024,2025
2025,PARQUE COLUMBIA,Maternal II,5,56.0,4,0,0,4,10.94096120276786,6.0,16.0,4.0,20.0,0.05349348228090407,0.0975609756097561,5.463414634146342,2024,2025
2025,PAVUNA,Bercario,414,1846.0,4,4,0,0,542.5935269565235,387.0,711.0,321.0,819.0,0.05349348228090407,0.26447661469933187,488.2238307349666,2024,2025
2025,PAVUNA,Maternal I,354,816.0,4,0,4,0,366.933042659843,261.0,482.0,216.0,556.0,0.05349348228090407,0.41081081081081083,335.22162162162164,2024,2025
2025,PAVUNA,Maternal II,151,925.0,4,0,0,4,219.18037251449468,155.0,289.0,128.0,334.0,0.05349348228090407,0.20020325203252032,185.1880081300813,2024,2025
2025,PECHINCHA,Bercario,68,694.0,4,4,0,0,75.86519851387409,52.0,102.0,42.0,118.0,0.05349348228090407,0.09408926417370325,65.29794933655006,2024,2025
2025,PECHINCHA,Maternal I,75,433.0,4,0,4,0,72.41437324028686,49.0,97.0,40.0,113.0,0.05349348228090407,0.1928374655647383,83.49862258953168,2024,2025
2025,PECHINCHA,Maternal II,23,363.0,4,0,0,4,31.989449717054537,21.0,44.0,16.0,52.0,0.05349348228090407,0.13615023474178403,49.4225352112676,2024,2025
2025,PEDRA GUARATIBA,Bercario,111,368.0,4,4,0,0,54.0487722214209,36.0,73.0,29.0,86.0,0.05349348228090407,0.15781710914454278,58.07669616519174,2024,2025
2025,PEDRA GUARATIBA,Maternal I,70,458.0,4,0,4,0,102.9099207882848,71.0,137.0,58.0,159.0,0.05349348228090407,0.3119266055045872,142.86238532110093,2024,2025
2025,PEDRA GUARATIBA,Maternal II,55,436.0,4,0,0,4,51.622795598137344,35.0,70.0,28.0,82.0,0.05349348228090407,0.09740259740259741,42.46753246753247,2024,2025
2025,PENHA,Bercario,307,1238.0,4,4,0,0,246.0624484065679,174.0,324.0,144.0,374.0,0.05349348228090407,0.2562225475841874,317.203513909224,2024,2025
2025,PENHA,Maternal I,218,715.0,4,0,4,0,217.4124899353828,153.0,287.0,127.0,331.0,0.05349348228090407,0.38235294117647056,273.38235294117646,2024,2025
2025,PENHA,Maternal II,104,714.0,4,0,0,4,114.4036615299538,80.0,152.0,65.0,176.0,0.05349348228090407,0.16971916971916973,121.17948717948718,2024,2025
2025,PENHA CIRCULAR,Bercario,201,752.0,4,4,0,0,162.78072757260318,114.0,215.0,94.0,249.0,0.05349348228090407,0.32674571805006586,245.71277997364953,2024,2025
2025,PENHA CIRCULAR,Maternal I,105,360.0,4,0,4,0,119.21788067231769,83.0,158.0,68.0,184.0,0.05349348228090407,0.36553524804177545,131.59268929503915,2024,2025
2025,PENHA CIRCULAR,Maternal II,47,383.0,4,0,0,4,66.83453563577119,45.0,90.0,37.0,105.0,0.05349348228090407,0.16507177033492823,63.22248803827751,2024,2025
2025,PIEDADE,Bercario,125,713.0,4,4,0,0,151.42135877029287,106.0,200.0,87.0,232.0,0.05349348228090407,0.21191135734072022,151.09279778393352,2024,2025
2025,PIEDADE,Maternal I,168,347.0,4,0,4,0,112.74072818974199,78.0,150.0,64.0,174.0,0.05349348228090407,0.46195652173913043,160.29891304347825,2024,2025
2025,PIEDADE,Maternal II,73,368.0,4,0,0,4,63.00317617520794,43.0,85.0,34.0,99.0,0.05349348228090407,0.21377672209026127,78.66983372921615,2024,2025
2025,PILARES,Bercario,125,430.0,4,4,0,0,105.90948823774403,73.0,141.0,60.0,164.0,0.05349348228090407,0.3006535947712418,129.28104575163397,2024,2025
2025,PILARES,Maternal I,99,229.0,4,0,4,0,86.28904210918184,59.0,115.0,48.0,134.0,0.05349348228090407,0.49783549783549785,114.00432900432901,2024,2025
2025,PILARES,Maternal II,55,231.0,4,0,0,4,45.86647982871413,31.0,62.0,24.0,73.0,0.05349348228090407,0.26587301587301587,61.416666666666664,2024,2025
2025,PITANGUEIRAS,Bercario,20,183.0,4,4,0,0,23.555252245832893,15.0,33.0,11.0,39.0,0.05349348228090407,0.0967741935483871,17.70967741935484,2024,2025
2025,PITANGUEIRAS,Maternal I,27,89.0,4,0,4,0,17.525903977378402,10.0,25.0,8.0,30.0,0.05349348228090407,0.15555555555555556,13.844444444444445,2024,2025
2025,PITANGUEIRAS,Maternal II,12,90.0,4,0,0,4,9.338910112084793,5.0,14.0,3.0,18.0,0.05349348228090407,0.1875,16.875,2024,2025
2025,PORTUGUESA,Bercario,57,266.0,4,4,0,0,57.283377555975676,39.0,77.0,31.0,90.0,0.05349348228090407,0.23529411764705882,62.588235294117645,2024,2025
2025,PORTUGUESA,Maternal I,37,154.0,4,0,4,0,50.736610785260886,34.0,69.0,27.0,81.0,0.05349348228090407,0.225,34.65,2024,2025
2025,PORTUGUESA,Maternal II,19,160.0,4,0,0,4,27.776913047996498,18.0,39.0,13.0,46.0,0.05349348228090407,0.10884353741496598,17.414965986394556,2024,2025
2025,PRACA BANDEIRA,Bercario,6,113.0,4,4,0,0,18.88893923073668,11.0,27.0,8.0,32.0,0.05349348228090407,0.10655737704918032,12.040983606557376,2024,2025
2025,PRACA BANDEIRA,Maternal I,17,60.0,4,0,4,0,15.343842359623936,9.0,22.0,6.0,27.0,0.05349348228090407,0.3,18.0,2024,2025
2025,PRACA BANDEIRA,Maternal II,6,70.0,4,0,0,4,9.432877232452833,5.0,14.0,3.0,18.0,0.05349348228090407,0.16216216216216217,11.351351351351353,2024,2025
2025,PRACA SECA,Bercario,295,1127.0,4,4,0,0,263.36212294391856,186.0,347.0,154.0,400.0,0.05349348228090407,0.24595744680851064,277.1940425531915,2024,2025
2025,PRACA SECA,Maternal I,223,568.0,4,0,4,0,203.0633215252396,143.0,268.0,118.0,310.0,0.05349348228090407,0.35276532137518685,200.37070254110614,2024,2025
2025,PRACA SECA,Maternal II,118,669.0,4,0,0,4,126.02959259389789,88.0,167.0,72.0,194.0,0.05349348228090407,0.23493975903614459,157.17469879518072,2024,2025
2025,PRAIA BANDEIRA,Bercario,7,78.0,4,4,0,0,12.305836082937422,7.0,18.0,5.0,22.0,0.05349348228090407,0.05357142857142857,4.178571428571428,2024,2025
2025,PRAIA BANDEIRA,Maternal I,6,16.0,4,0,4,0,3.8618042619809834,1.0,7.0,0.0,9.0,0.05349348228090407,0.125,2.0,2024,2025
2025,PRAIA BANDEIRA,Maternal II,0,40.0,4,0,0,4,5.087372414648352,2.0,8.0,1.0,11.0,0.05349348228090407,0.030303030303030304,1.2121212121212122,2024,2025
2025,QUINTINO BOCAIUVA,Bercario,47,431.0,4,4,0,0,81.83481153474224,56.0,110.0,46.0,127.0,0.05349348228090407,0.1471861471861472,63.43722943722944,2024,2025
2025,QUINTINO BOCAIUVA,Maternal I,110,243.0,4,0,4,0,70.58636892671093,48.0,95.0,39.0,110.0,0.05349348228090407,0.5063829787234042,123.05106382978722,2024,2025
2025,QUINTINO BOCAIUVA,Maternal II,69,235.0,4,0,0,4,35.970435419074384,23.0,50.0,18.0,58.0,0.05349348228090407,0.3296296296296296,77.46296296296296,2024,2025
2025,RAMOS,Bercario,413,886.0,4,4,0,0,247.38506201615115,175.0,326.0,145.0,376.0,0.05349348228090407,0.358187134502924,317.35380116959067,2024,2025
2025,RAMOS,Maternal I,367,861.0,4,0,4,0,367.78723604097434,261.0,483.0,217.0,557.0,0.05349348228090407,0.6651090342679128,572.6588785046729,2024,2025
2025,RAMOS,Maternal II,180,642.0,4,0,0,4,144.5079680180266,101.0,191.0,83.0,222.0,0.05349348228090407,0.26303317535545023,168.86729857819904,2024,2025
2025,REALENGO,Bercario,683,3084.0,4,4,0,0,751.3766096168442,536.0,984.0,447.0,1133.0,0.05349348228090407,0.2513595166163142,775.1927492447131,2024,2025
2025,REALENGO,Maternal I,605,1690.0,4,0,4,0,629.9176224269736,449.0,825.0,374.0,951.0,0.05349348228090407,0.3532232285562067,596.9472562599893,2024,2025
2025,REALENGO,Maternal II,373,1877.0,4,0,0,4,368.65878788921566,262.0,484.0,217.0,558.0,0.05349348228090407,0.22854240731335704,428.9740985271712,2024,2025
2025,RECREIO BANDEIRANTES,Bercario,194,2435.0,4,4,0,0,320.2106313585072,227.0,421.0,188.0,485.0,0.05349348228090407,0.08985282726568551,218.79163439194423,2024,2025
2025,RECREIO BANDEIRANTES,Maternal I,213,1324.0,4,0,4,0,266.3658338692803,188.0,351.0,156.0,405.0,0.05349348228090407,0.20072727272727273,265.7629090909091,2024,2025
2025,RECREIO BANDEIRANTES,Maternal II,104,1375.0,4,0,0,4,145.76608706747646,102.0,193.0,84.0,223.0,0.05349348228090407,0.1288256227758007,177.13523131672596,2024,2025
2025,RIACHUELO,Bercario,34,140.0,4,4,0,0,22.347175309238292,14.0,32.0,10.0,38.0,0.05349348228090407,0.34532374100719426,48.3453237410072,2024,2025
2025,RIACHUELO,Maternal I,14,63.0,4,0,4,0,15.384695374950631,9.0,22.0,6.0,27.0,0.05349348228090407,0.19480519480519481,12.272727272727273,2024,2025
2025,RIACHUELO,Maternal II,7,77.0,4,0,0,4,9.908372874848622,5.0,15.0,3.0,18.0,0.05349348228090407,0.19148936170212766,14.74468085106383,2024,2025
2025,RIBEIRA,Bercario,6,46.0,4,4,0,0,7.5231279135149425,4.0,12.0,2.0,15.0,0.05349348228090407,0.12195121951219512,5.609756097560975,2024,2025
2025,RIBEIRA,Maternal I,4,21.0,4,0,4,0,5.254285422694345,2.0,9.0,1.0,11.0,0.05349348228090407,0.19047619047619047,4.0,2024,2025
2025,RIBEIRA,Maternal II,1,21.0,4,0,0,4,2.768706532463379,1.0,5.0,0.0,7.0,0.05349348228090407,0.1935483870967742,4.064516129032258,2024,2025
2025,RICARDO ALBUQUERQUE,Bercario,108,499.0,4,4,0,0,149.8440561543636,105.0,198.0,86.0,230.0,0.05349348228090407,0.26666666666666666,133.06666666666666,2024,2025
2025,RICARDO ALBUQUERQUE,Maternal I,139,286.0,4,0,4,0,131.3889251096364,92.0,174.0,75.0,202.0,0.05349348228090407,0.39228295819935693,112.19292604501608,2024,2025
2025,RICARDO ALBUQUERQUE,Maternal II,95,311.0,4,0,0,4,75.28637388979465,52.0,101.0,42.0,118.0,0.05349348228090407,0.3225806451612903,100.32258064516128,2024,2025
2025,RIO COMPRIDO,Bercario,214,695.0,4,4,0,0,194.38480730004366,137.0,257.0,113.0,296.0,0.05349348228090407,0.33873144399460187,235.4183535762483,2024,2025
2025,RIO COMPRIDO,Maternal I,117,398.0,4,0,4,0,170.29987827622136,120.0,225.0,98.0,260.0,0.05349348228090407,0.3828125,152.359375,2024,2025
2025,RIO COMPRIDO,Maternal II,74,384.0,4,0,0,4,86.581629357776,60.0,116.0,48.0,134.0,0.05349348228090407,0.17548076923076922,67.38461538461539,2024,2025
2025,ROCHA,Bercario,91,292.0,4,4,0,0,77.02881106190763,53.0,103.0,43.0,120.0,0.05349348228090407,0.31378299120234604,91.62463343108504,2024,2025
2025,ROCHA,Maternal I,39,186.0,4,0,4,0,75.06492223643625,51.0,101.0,41.0,117.0,0.05349348228090407,0.30128205128205127,56.03846153846153,2024,2025
2025,ROCHA,Maternal II,20,156.0,4,0,0,4,33.17507839126408,21.0,46.0,17.0,54.0,0.05349348228090407,0.18354430379746836,28.632911392405063,2024,2025
2025,ROCHA MIRANDA,Bercario,169,724.0,4,4,0,0,164.12460356213035,115.0,217.0,95.0,251.0,0.05349348228090407,0.26323119777158777,190.57938718662953,2024,2025
2025,ROCHA MIRANDA,Maternal I,122,360.0,4,0,4,0,124.85081345782385,87.0,166.0,71.0,192.0,0.05349348228090407,0.2972972972972973,107.02702702702703,2024,2025
2025,ROCHA MIRANDA,Maternal II,102,444.0,4,0,0,4,81.14001996990261,56.0,109.0,45.0,126.0,0.05349348228090407,0.18009478672985782,79.96208530805687,2024,2025
2025,ROCINHA,Bercario,310,1341.0,4,4,0,0,159.54144439891994,112.0,211.0,92.0,244.0,0.05349348228090407,0.20330459770114942,272.6314655172414,2024,2025
2025,ROCINHA,Maternal I,266,735.0,4,0,4,0,133.77834918763358,93.0,177.0,77.0,205.0,0.05349348228090407,0.3235294117647059,237.79411764705884,2024,2025
2025,ROCINHA,Maternal II,146,714.0,4,0,0,4,68.47940367053303,47.0,92.0,38.0,107.0,0.05349348228090407,0.15847665847665848,113.15233415233416,2024,2025
2025,SAMPAIO,Bercario,91,220.0,4,4,0,0,60.63363677139523,41.0,82.0,33.0,95.0,0.05349348228090407,0.46530612244897956,102.3673469387755,2024,2025
2025,SAMPAIO,Maternal I,38,128.0,4,0,4,0,53.97027838987447,36.0,73.0,29.0,85.0,0.05349348228090407,0.33884297520661155,43.37190082644628,2024,2025
2025,SAMPAIO,Maternal II,17,121.0,4,0,0,4,26.883965135439492,17.0,38.0,13.0,44.0,0.05349348228090407,0.208,25.168,2024,2025
2025,SANTA CRUZ,Bercario,1895,6041.0,4,4,0,0,1442.4755273056458,1032.0,1886.0,861.0,2171.0,0.05349348228090407,0.3319488817891374,2005.303194888179,2024,2025
2025,SANTA CRUZ,Maternal I,1417,3151.0,4,0,4,0,1151.0700999067626,823.0,1506.0,686.0,1733.0,0.05349348228090407,0.4641399416909621,1462.5049562682216,2024,2025
2025,SANTA CRUZ,Maternal II,693,3430.0,4,0,0,4,660.2535642378703,471.0,865.0,392.0,996.0,0.05349348228090407,0.2217741935483871,760.6854838709677,2024,2025
2025,SANTA TERESA,Bercario,182,607.0,4,4,0,0,167.87340225367333,118.0,222.0,97.0,257.0,0.05349348228090407,0.2887218045112782,175.25413533834586,2024,2025
2025,SANTA TERESA,Maternal I,124,352.0,4,0,4,0,148.9325468628271,104.0,197.0,86.0,228.0,0.05349348228090407,0.329700272479564,116.05449591280653,2024,2025
2025,SANTA TERESA,Maternal II,54,367.0,4,0,0,4,81.82316637311274,56.0,110.0,46.0,127.0,0.05349348228090407,0.15721649484536082,57.69845360824742,2024,2025
2025,SANTISSIMO,Bercario,278,1004.0,4,4,0,0,315.3115134767654,224.0,414.0,185.0,478.0,0.05349348228090407,0.28034682080924855,281.46820809248555,2024,2025
2025,SANTISSIMO,Maternal I,264,517.0,4,0,4,0,248.39932484694268,176.0,327.0,145.0,378.0,0.05349348228090407,0.40634441087613293,210.0800604229607,2024,2025
2025,SANTISSIMO,Maternal II,132,662.0,4,0,0,4,167.60274299016592,118.0,222.0,97.0,256.0,0.05349348228090407,0.3333333333333333,220.66666666666666,2024,2025
2025,SANTO CRISTO,Bercario,82,253.0,4,4,0,0,63.9115283992553,43.0,86.0,35.0,100.0,0.05349348228090407,0.3321678321678322,84.03846153846155,2024,2025
2025,SANTO CRISTO,Maternal I,57,151.0,4,0,4,0,58.35651943413945,39.0,79.0,32.0,92.0,0.05349348228090407,0.3333333333333333,50.33333333333333,2024,2025
2025,SANTO CRISTO,Maternal II,25,174.0,4,0,0,4,35.43438886353161,23.0,49.0,18.0,57.0,0.05349348228090407,0.19653179190751446,34.19653179190752,2024,2025
2025,SAO CONRADO,Bercario,17,127.0,4,4,0,0,15.149894541532749,9.0,22.0,6.0,27.0,0.05349348228090407,0.1,12.700000000000001,2024,2025
2025,SAO CONRADO,Maternal I,1,84.0,4,0,4,0,15.329886043971557,9.0,22.0,6.0,27.0,0.05349348228090407,0.09210526315789473,7.7368421052631575,2024,2025
2025,SAO CONRADO,Maternal II,1,76.0,4,0,0,4,7.308638768889409,3.0,12.0,2.0,14.0,0.05349348228090407,0.038461538461538464,2.9230769230769234,2024,2025
2025,SAO CRISTOVAO,Bercario,250,570.0,4,4,0,0,170.29954405813592,120.0,225.0,98.0,260.0,0.05349348228090407,0.3514246947082768,200.3120759837178,2024,2025
2025,SAO CRISTOVAO,Maternal I,162,430.0,4,0,4,0,196.5444735504693,138.0,259.0,114.0,300.0,0.05349348228090407,0.4068181818181818,174.9318181818182,2024,2025
2025,SAO CRISTOVAO,Maternal II,79,440.0,4,0,0,4,105.97619497183948,73.0,141.0,60.0,164.0,0.05349348228090407,0.15643564356435644,68.83168316831683,2024,2025
2025,SAO FRANCISCO XAVIER,Bercario,18,99.0,4,4,0,0,18.861551113492034,11.0,27.0,8.0,32.0,0.05349348228090407,0.29357798165137616,29.064220183486242,2024,2025
2025,SAO FRANCISCO XAVIER,Maternal I,21,60.0,4,0,4,0,17.488284602001,10.0,25.0,8.0,30.0,0.05349348228090407,0.23636363636363636,14.181818181818182,2024,2025
2025,SAO FRANCISCO XAVIER,Maternal II,6,55.0,4,0,0,4,8.447377761874705,4.0,13.0,3.0,16.0,0.05349348228090407,0.2,11.0,2024,2025
2025,SAUDE,Bercario,7,54.0,4,4,0,0,9.637364672579967,5.0,15.0,3.0,18.0,0.05349348228090407,0.09615384615384616,5.1923076923076925,2024,2025
2025,SAUDE,Maternal I,5,19.0,4,0,4,0,5.187664550342351,2.0,9.0,1.0,11.0,0.05349348228090407,0.25,4.75,2024,2025
2025,SAUDE,Maternal II,2,32.0,4,0,0,4,4.603959849162531,2.0,8.0,1.0,10.0,0.05349348228090407,0.1891891891891892,6.054054054054054,2024,2025
2025,SENADOR CAMARA,Bercario,351,2042.0,4,4,0,0,565.4725467252516,403.0,741.0,335.0,854.0,0.05349348228090407,0.17668323542702213,360.7871667419792,2024,2025
2025,SENADOR CAMARA,Maternal I,424,1143.0,4,0,4,0,484.23454599870877,345.0,635.0,286.0,732.0,0.05349348228090407,0.39567747298420614,452.2593516209476,2024,2025
2025,SENADOR CAMARA,Maternal II,308,1203.0,4,0,0,4,268.5582083730474,190.0,353.0,157.0,408.0,0.05349348228090407,0.27522935779816515,331.10091743119267,2024,2025
2025,SENADOR VASCONCELOS,Bercario,131,570.0,4,4,0,0,190.9411367712169,134.0,252.0,111.0,291.0,0.05349348228090407,0.24956369982547993,142.25130890052355,2024,2025
2025,SENADOR VASCONCELOS,Maternal I,156,306.0,4,0,4,0,156.81941386900658,110.0,208.0,90.0,240.0,0.05349348228090407,0.5614035087719298,171.78947368421052,2024,2025
2025,SENADOR VASCONCELOS,Maternal II,73,342.0,4,0,0,4,92.35656469150284,64.0,123.0,52.0,143.0,0.05349348228090407,0.41887905604719766,143.2566371681416,2024,2025
2025,SEPETIBA,Bercario,670,1467.0,4,4,0,0,374.49215598350906,266.0,492.0,221.0,567.0,0.05349348228090407,0.46765498652291104,686.0498652291105,2024,2025
2025,SEPETIBA,Maternal I,320,714.0,4,0,4,0,278.8461002427744,197.0,367.0,163.0,423.0,0.05349348228090407,0.417890520694259,298.3738317757009,2024,2025
2025,SEPETIBA,Maternal II,214,749.0,4,0,0,4,154.1386126151164,108.0,204.0,89.0,236.0,0.05349348228090407,0.2710163111668758,202.99121706398998,2024,2025
2025,TANQUE,Bercario,219,805.0,4,4,0,0,229.2318601492065,162.0,302.0,134.0,349.0,0.05349348228090407,0.28888888888888886,232.55555555555554,2024,2025
2025,TANQUE,Maternal I,208,381.0,4,0,4,0,165.98078933119615,117.0,219.0,96.0,254.0,0.05349348228090407,0.5339366515837104,203.42986425339367,2024,2025
2025,TANQUE,Maternal II,90,442.0,4,0,0,4,101.4654962653439,70.0,135.0,57.0,157.0,0.05349348228090407,0.28661087866108786,126.68200836820084,2024,2025
2025,TAQUARA,Bercario,443,2076.0,4,4,0,0,426.4081979775434,303.0,559.0,252.0,645.0,0.05349348228090407,0.1864125932062966,386.99254349627176,2024,2025
2025,TAQUARA,Maternal I,364,1308.0,4,0,4,0,411.016912131704,292.0,539.0,243.0,622.0,0.05349348228090407,0.3338497288923315,436.6754453911696,2024,2025
2025,TAQUARA,Maternal II,209,1291.0,4,0,0,4,213.76739015229785,151.0,282.0,124.0,326.0,0.05349348228090407,0.1974479516453996,254.9053055742109,2024,2025
2025,TAUA,Bercario,116,436.0,4,4,0,0,106.74728921281269,74.0,142.0,60.0,165.0,0.05349348228090407,0.29069767441860467,126.74418604651163,2024,2025
2025,TAUA,Maternal I,74,204.0,4,0,4,0,76.41071877660977,52.0,102.0,42.0,119.0,0.05349348228090407,0.3015267175572519,61.51145038167939,2024,2025
2025,TAUA,Maternal II,37,262.0,4,0,0,4,51.7116831201838,35.0,70.0,28.0,82.0,0.05349348228090407,0.16666666666666666,43.666666666666664,2024,2025
2025,TIJUCA,Bercario,290,1952.0,4,4,0,0,264.6577722125235,187.0,348.0,155.0,402.0,0.05349348228090407,0.18366360560657322,358.5113581440309,2024,2025
2025,TIJUCA,Maternal I,152,1027.0,4,0,4,0,213.02424482136217,150.0,281.0,124.0,324.0,0.05349348228090407,0.17935871743486975,184.20140280561122,2024,2025
2025,TIJUCA,Maternal II,57,998.0,4,0,0,4,109.08182534001114,76.0,145.0,62.0,168.0,0.05349348228090407,0.06350626118067978,63.379248658318424,2024,2025
2025,TODOS OS SANTOS,Bercario,15,269.0,4,4,0,0,32.37965833937248,21.0,45.0,16.0,53.0,0.05349348228090407,0.09929078014184398,26.70921985815603,2024,2025
2025,TODOS OS SANTOS,Maternal I,20,140.0,4,0,4,0,25.781119341888772,16.0,36.0,12.0,43.0,0.05349348228090407,0.273972602739726,38.35616438356164,2024,2025
2025,TODOS OS SANTOS,Maternal II,11,146.0,4,0,0,4,14.167390150385822,8.0,21.0,6.0,25.0,0.05349348228090407,0.11805555555555555,17.23611111111111,2024,2025
2025,TOMAS COELHO,Bercario,101,437.0,4,4,0,0,120.91910844551315,84.0,161.0,69.0,186.0,0.05349348228090407,0.2391304347826087,104.5,2024,2025
2025,TOMAS COELHO,Maternal I,80,230.0,4,0,4,0,97.36325556866635,67.0,130.0,55.0,151.0,0.05349348228090407,0.33984375,78.1640625,2024,2025
2025,TOMAS COELHO,Maternal II,39,256.0,4,0,0,4,57.10451942708127,39.0,77.0,31.0,90.0,0.05349348228090407,0.25390625,65.0,2024,2025
2025,TURIACU,Bercario,59,269.0,4,4,0,0,69.37482487152765,47.0,93.0,38.0,109.0,0.05349348228090407,0.23809523809523808,64.04761904761905,2024,2025
2025,TURIACU,Maternal I,38,154.0,4,0,4,0,60.76088520294022,41.0,82.0,33.0,96.0,0.05349348228090407,0.3972602739726027,61.17808219178082,2024,2025
2025,TURIACU,Maternal II,22,146.0,4,0,0,4,30.354248962982417,19.0,42.0,15.0,50.0,0.05349348228090407,0.2046783625730994,29.88304093567251,2024,2025
2025,URCA,Bercario,4,80.0,4,4,0,0,11.415634494552089,6.0,17.0,4.0,21.0,0.05349348228090407,0.06818181818181818,5.454545454545454,2024,2025
2025,URCA,Maternal I,6,50.0,4,0,4,0,10.91525344305663,6.0,16.0,4.0,20.0,0.05349348228090407,0.23404255319148937,11.702127659574469,2024,2025
2025,URCA,Maternal II,2,47.0,4,0,0,4,5.406608742248334,2.0,9.0,1.0,11.0,0.05349348228090407,0.05172413793103448,2.4310344827586206,2024,2025
2025,VARGEM GRANDE,Bercario,143,533.0,4,4,0,0,97.17767514834291,67.0,130.0,55.0,150.0,0.05349348228090407,0.22053872053872053,117.54713804713805,2024,2025
2025,VARGEM GRANDE,Maternal I,88,302.0,4,0,4,0,84.23643730373499,58.0,113.0,47.0,131.0,0.05349348228090407,0.4274193548387097,129.08064516129033,2024,2025
2025,VARGEM GRANDE,Maternal II,62,248.0,4,0,0,4,36.45087793718279,24.0,50.0,19.0,59.0,0.05349348228090407,0.1792452830188679,44.45283018867924,2024,2025
2025,VARGEM PEQUENA,Bercario,123,746.0,4,4,0,0,121.7756653663391,85.0,162.0,69.0,187.0,0.05349348228090407,0.1461836998706339,109.05304010349289,2024,2025
2025,VARGEM PEQUENA,Maternal I,85,365.0,4,0,4,0,91.15244028180909,63.0,122.0,51.0,141.0,0.05349348228090407,0.289002557544757,105.4859335038363,2024,2025
2025,VARGEM PEQUENA,Maternal II,66,391.0,4,0,0,4,51.45356343565826,34.0,70.0,27.0,82.0,0.05349348228090407,0.18779342723004694,73.42723004694835,2024,2025
2025,VASCO GAMA,Bercario,16,193.0,4,4,0,0,32.372540924994034,21.0,45.0,16.0,53.0,0.05349348228090407,0.11538461538461539,22.26923076923077,2024,2025
2025,VASCO GAMA,Maternal I,12,19.0,4,0,4,0,4.875586121997053,2.0,8.0,1.0,10.0,0.05349348228090407,0.0975609756097561,1.853658536585366,2024,2025
2025,VASCO GAMA,Maternal II,7,82.0,4,0,0,4,11.08792675017909,6.0,17.0,4.0,20.0,0.05349348228090407,0.0967741935483871,7.935483870967742,2024,2025
2025,VAZ LOBO,Bercario,69,288.0,4,4,0,0,76.73374359336948,53.0,103.0,42.0,120.0,0.05349348228090407,0.29354838709677417,84.54193548387096,2024,2025
2025,VAZ LOBO,Maternal I,53,155.0,4,0,4,0,63.179960294395265,43.0,85.0,34.0,99.0,0.05349348228090407,0.30687830687830686,47.56613756613756,2024,2025
2025,VAZ LOBO,Maternal II,35,189.0,4,0,0,4,40.59501621667902,27.0,56.0,21.0,65.0,0.05349348228090407,0.16161616161616163,30.545454545454547,2024,2025
2025,VICENTE CARVALHO,Bercario,86,374.0,4,4,0,0,93.39277994540228,64.0,125.0,52.0,145.0,0.05349348228090407,0.20135746606334842,75.3076923076923,2024,2025
2025,VICENTE CARVALHO,Maternal I,73,235.0,4,0,4,0,89.77663323009709,62.0,120.0,50.0,139.0,0.05349348228090407,0.35585585585585583,83.62612612612612,2024,2025
2025,VICENTE CARVALHO,Maternal II,33,222.0,4,0,0,4,44.690137553297006,30.0,61.0,23.0,71.0,0.05349348228090407,0.200836820083682,44.58577405857741,2024,2025
2025,VIDIGAL,Bercario,117,325.0,4,4,0,0,93.38099076924124,64.0,125.0,52.0,145.0,0.05349348228090407,0.3473053892215569,112.874251497006,2024,2025
2025,VIDIGAL,Maternal I,64,152.0,4,0,4,0,66.8147666699984,45.0,90.0,37.0,105.0,0.05349348228090407,0.40236686390532544,61.15976331360947,2024,2025
2025,VIDIGAL,Maternal II,23,169.0,4,0,0,4,39.14522893985046,26.0,54.0,20.0,63.0,0.05349348228090407,0.28160919540229884,47.5919540229885,2024,2025
2025,VIGARIO GERAL,Bercario,165,781.0,4,4,0,0,175.40327131811026,123.0,232.0,101.0,268.0,0.05349348228090407,0.20630749014454666,161.12614980289095,2024,2025
2025,VIGARIO GERAL,Maternal I,170,371.0,4,0,4,0,127.4718580567612,89.0,169.0,73.0,196.0,0.05349348228090407,0.4431279620853081,164.4004739336493,2024,2025
2025,VIGARIO GERAL,Maternal II,67,422.0,4,0,0,4,76.40400461826535,52.0,102.0,42.0,119.0,0.05349348228090407,0.20797720797720798,87.76638176638177,2024,2025
2025,VILA ISABEL,Bercario,182,879.0,4,4,0,0,141.5608939531695,99.0,188.0,81.0,217.0,0.05349348228090407,0.23322683706070288,205.00638977635782,2024,2025
2025,VILA ISABEL,Maternal I,84,479.0,4,0,4,0,118.01675975000775,82.0,157.0,67.0,182.0,0.05349348228090407,0.1651031894934334,79.0844277673546,2024,2025
2025,VILA ISABEL,Maternal II,46,533.0,4,0,0,4,69.19881330063731,47.0,93.0,38.0,108.0,0.05349348228090407,0.11557788944723618,61.60301507537689,2024,2025
2025,VILA KENNEDY,Bercario,1,506.0,4,4,0,0,31.22121917637121,20.0,43.0,15.0,51.0,0.05349348228090407,0.0,0.0,2024,2025
2025,VILA KENNEDY,Maternal I,2,44.0,4,0,4,0,4.153419230810274,1.0,7.0,1.0,9.0,0.05349348228090407,0.0,0.0,2024,2025
2025,VILA KENNEDY,Maternal II,0,101.0,4,0,0,4,5.0238623469839165,2.0,8.0,1.0,11.0,0.05349348228090407,0.008583690987124463,0.8669527896995708,2024,2025
2025,VILA KOSMOS,Bercario,34,203.0,4,4,0,0,53.09073175176348,36.0,72.0,28.0,84.0,0.05349348228090407,0.20179372197309417,40.964125560538115,2024,2025
2025,VILA KOSMOS,Maternal I,41,108.0,4,0,4,0,43.211583409121864,29.0,59.0,23.0,69.0,0.05349348228090407,0.5528455284552846,59.707317073170735,2024,2025
2025,VILA KOSMOS,Maternal II,18,123.0,4,0,0,4,25.9325247507757,16.0,36.0,12.0,43.0,0.05349348228090407,0.11904761904761904,14.642857142857142,2024,2025
2025,VILA MILITAR,Bercario,6,268.0,4,4,0,0,30.169858471098102,19.0,42.0,15.0,49.0,0.05349348228090407,0.04979253112033195,13.344398340248961,2024,2025
2025,VILA MILITAR,Maternal I,11,90.0,4,0,4,0,15.500108561930448,9.0,23.0,6.0,27.0,0.05349348228090407,0.06622516556291391,5.960264900662252,2024,2025
2025,VILA MILITAR,Maternal II,17,151.0,4,0,0,4,13.703529605749646,8.0,20.0,5.0,24.0,0.05349348228090407,0.02666666666666667,4.026666666666667,2024,2025
2025,VILA PENHA,Bercario,58,262.0,4,4,0,0,36.57673777653002,24.0,50.0,19.0,59.0,0.05349348228090407,0.21016949152542372,55.06440677966101,2024,2025
2025,VILA PENHA,Maternal I,52,161.0,4,0,4,0,34.38613035257199,22.0,47.0,17.0,56.0,0.05349348228090407,0.2857142857142857,46.0,2024,2025
2025,VILA PENHA,Maternal II,16,182.0,4,0,0,4,20.482930043569464,13.0,29.0,9.0,35.0,0.05349348228090407,0.07468879668049792,13.593360995850622,2024,2025
2025,VILA VALQUEIRE,Bercario,86,572.0,4,4,0,0,95.78061820964894,66.0,128.0,54.0,148.0,0.05349348228090407,0.13242784380305603,75.74872665534805,2024,2025
2025,VILA VALQUEIRE,Maternal I,101,304.0,4,0,4,0,77.87695143582893,53.0,104.0,43.0,121.0,0.05349348228090407,0.2803030303030303,85.2121212121212,2024,2025
2025,VILA VALQUEIRE,Maternal II,43,264.0,4,0,0,4,35.63711595768949,23.0,49.0,18.0,58.0,0.05349348228090407,0.14950166112956811,39.46843853820598,2024,2025
2025,VISTA ALEGRE,Bercario,34,125.0,4,4,0,0,25.167341751720194,16.0,35.0,12.0,42.0,0.05349348228090407,0.25384615384615383,31.73076923076923,2024,2025
2025,VISTA ALEGRE,Maternal I,18,55.0,4,0,4,0,16.941184595806646,10.0,24.0,7.0,29.0,0.05349348228090407,0.39655172413793105,21.810344827586206,2024,2025
2025,VISTA ALEGRE,Maternal II,13,58.0,4,0,0,4,9.413959884727838,5.0,14.0,3.0,18.0,0.05349348228090407,0.21428571428571427,12.428571428571427,2024,2025
2025,ZUMBI,Bercario,7,35.0,4,4,0,0,5.803502694739721,2.0,9.0,1.0,12.0,0.05349348228090407,0.07142857142857142,2.5,2024,2025
2025,ZUMBI,Maternal I,3,25.0,4,0,4,0,6.341849134388185,3.0,10.0,2.0,13.0,0.05349348228090407,0.13043478260869565,3.260869565217391,2024,2025
2025,ZUMBI,Maternal II,2,23.0,4,0,0,4,3.074446912686359,1.0,6.0,0.0,7.0,0.05349348228090407,0.125,2.875,2024,2025
