ano,codigo_unidade,demanda_observada,tendencia,prev_modelo,demanda_2024,prev_persistencia,prev_modelo_condicional,prev_persistencia_condicional,nome_unidade,anos_historico,ano_teste,status_unidade,erro_abs_modelo,erro_abs_persistencia,vencedor
2025,10001,116,4,119.6119528867241,156,143.41539038778185,116.06360743441516,125.11485955480144,CP ESCOLA COMUNITÁRIA JARDIM DE INFÂNCIA TIA ANASTÁCIA,1,2025,continuante,3.6119528867240973,27.415390387781855,PPML-FE unidade
2025,10004,38,4,50.87737055494525,65,59.75641266157579,49.36806916760778,52.131191481167285,CP ESCOLA COMUNITÁRIA JARDIM BALÃO MÁGICO,1,2025,continuante,12.877370554945252,21.756412661575787,PPML-FE unidade
2025,10005,26,4,32.966356143963175,41,37.69250644807087,31.98839351498237,32.88275154965935,CP CRECHE COMUNITÁRIA JARDIM PEDRA AZUL,1,2025,continuante,6.966356143963175,11.692506448070873,PPML-FE unidade
2025,10006,84,4,87.79955681618333,114,104.80355451414829,85.19494121862273,91.4300896746626,CP CRECHE ESCOLA COMUNITÁRIA ISMÊNIA RIBEIRO,1,2025,continuante,3.799556816183326,20.80355451414829,PPML-FE unidade
2025,10008,92,4,73.44837173913737,95,87.3362954284569,71.26949087020883,76.19174139555217,CP CRECHE COMUNITÁRIA JARDIM ESPERANÇA,1,2025,continuante,18.55162826086263,4.663704571543093,Persistencia
2025,10009,68,4,68.92392541263105,89,81.82031887508069,66.87926439514226,71.3796314126752,CP JARDIM ESCOLA ERNESTO FAGUNDES VARELA,1,2025,continuante,0.9239254126310499,13.820318875080687,PPML-FE unidade
2025,10010,95,4,84.01984773721698,109,100.20690738633476,81.5273590065599,87.4199980222651,CP ESCOLA COMUNITÁRIA JARDIM ARCO-ÍRIS,1,2025,continuante,10.980152262783022,5.206907386334763,Persistencia
2025,10011,30,4,32.966356143963175,41,37.69250644807087,31.98839351498237,32.88275154965935,CP CRECHE PINGUINHO DE GENTE,1,2025,continuante,2.966356143963175,7.692506448070873,PPML-FE unidade
2025,10013,53,4,50.12771305952725,64,58.83708323601308,48.64065061821866,51.32917315068777,CP ESCOLA COMUNITÁRIA ENCANTO DE MARIA,1,2025,continuante,2.8722869404727476,5.837083236013079,PPML-FE unidade
2025,10014,54,4,38.16961544145805,48,44.12781242700981,37.0372956515091,38.496879863015835,CP CRECHE COMUNITÁRIA SÃO JOÃO BATISTA,1,2025,continuante,15.830384558541951,9.872187572990192,Persistencia
2025,10018,244,4,160.62044514490344,210,193.0591793681679,155.85556327212353,168.42384940069425,CP CRECHE ESCOLA COMUNITÁRIA SÍTIO ALEGRE,1,2025,continuante,83.37955485509656,50.94082063183211,Persistencia
2025,10019,166,4,143.90268221494497,188,172.8339320057884,139.63374072800153,150.77944613014535,CP ESCOLA COMUNITÁRIA JARDIM ALEXANDRINO,1,2025,continuante,22.097317785055026,6.833932005788398,Persistencia
2025,10020,112,4,91.58117310147927,119,109.40020164196181,88.86437405883258,95.44018132706009,CP CASA MATERNAL NOSSA SENHORA DE NAZARÉ,1,2025,continuante,20.418826898520734,2.5997983580381856,Persistencia
2025,10022,203,4,160.62044514490344,210,193.0591793681679,155.85556327212353,168.42384940069425,CP ASSOCIAÇÃO DE MORADORES E AMIGOS DO PARQUE ESTORIL - AMAPE,1,2025,continuante,42.37955485509656,9.94082063183211,Persistencia
2025,10023,90,4,90.06830785982662,117,107.5615427908364,87.39638868387067,93.83614466610109,CP CRECHE ESCOLA SOSSEGO DA MAMÃE,1,2025,continuante,0.0683078598266178,17.5615427908364,PPML-FE unidade
2025,10024,170,4,165.9422028700973,217,199.49448534710683,161.01944852415107,174.03797771405075,CP CRECHE COMUNITÁRIA MUNDO ENCANTADO DA CRIANÇA,1,2025,continuante,4.057797129902696,29.49448534710683,PPML-FE unidade
2025,10026,249,4,182.67435851815642,239,219.71973270948632,177.25523681954817,191.68238098459966,CP CRECHE E ESCOLA COMUNITÁRIA GENTE BAIXINHA I,1,2025,continuante,66.32564148184358,29.280267290513677,Persistencia
2025,10027,194,4,129.47576544649894,169,155.36667292009702,125.63480530481985,135.5410978510349,CP CRECHE CASULO AGOSTINHO - SANTA CRUZ,1,2025,continuante,64.52423455350106,38.63332707990298,Persistencia
2025,10028,124,4,119.6119528867241,156,143.41539038778185,116.06360743441516,125.11485955480144,CP CRECHE CASULO AGOSTINHO - VERIDIANA,1,2025,continuante,4.388047113275903,19.415390387781855,PPML-FE unidade
2025,10029,65,4,71.93976587894677,93,85.4976365773315,69.80563852013276,74.58770473459317,CP ASSOCIAÇÃO DE MORADORES DAS MORADAS DO IMPÉRIO,1,2025,continuante,6.939765878946773,20.497636577331505,PPML-FE unidade
2025,10030,93,4,77.22174307072886,100,91.93294255627043,74.93092334718597,80.20183304794966,CP INSTITUTO AVELINO - GUARATIBA,1,2025,continuante,15.778256929271137,1.067057443729567,Persistencia
2025,10032,150,4,142.3835317177258,186,170.995273154663,138.15965655256784,149.17540946918635,CP CRECHE COMUNITÁRIA MUNDO MÁGICO,1,2025,continuante,7.616468282274212,20.99527315466301,PPML-FE unidade
2025,10033,69,4,59.13696347468956,76,69.86903634276553,57.38263733633533,60.95339311644174,CP PROJETO QUEBRA CABEÇA,1,2025,continuante,9.863036525310442,0.8690363427655257,Persistencia
2025,10034,134,4,124.92243377986203,163,149.8506963667208,121.2165503869713,130.72898786815793,CP OS BENEDITINHOS,1,2025,continuante,9.077566220137967,15.850696366720797,PPML-FE unidade
2025,10035,139,4,57.63355439706991,74,68.03037749164012,55.92382760380441,59.34935645548275,CP ESCOLA COMUNITÁRIA JARDIM DE INFÂNCIA CHAVE DO TAMANHO,1,2025,continuante,81.3664456029301,70.96962250835988,Persistencia
2025,10036,157,4,157.5799452666911,206,189.38186166591709,152.90526126841473,165.2157760787763,CP CAAD DONA ZULMIRA TELLES,1,2025,continuante,0.5799452666911122,32.381861665917086,PPML-FE unidade
2025,10037,71,4,63.651032199515,82,75.38501289614175,61.76279406620895,65.7655030993187,CP CAAD - COMITÊ DE ATENDIMENTO À CRIANÇA E AO ADOLESCENTE,1,2025,continuante,7.348967800484999,4.385012896141745,Persistencia
2025,10039,243,4,214.64058477011005,281,258.3315685831199,208.27316977128274,225.36715086473853,CP FUNDAÇÃO KLINGNER PARA O DESENVOLVIMENTO SOCIAL,1,2025,continuante,28.359415229889947,15.331568583119918,Persistencia
2025,1004,136,4,121.88763455336822,159,146.17337866447,118.2717799224374,127.52091454623996,CP CRECHE CANTINHO FELIZ DE SANTA TERESA,1,2025,continuante,14.112365446631784,10.173378664469993,Persistencia
2025,10040,219,4,167.46290335891553,219,201.33314419823225,162.49503670994608,175.64201437500975,CP CICIM I,1,2025,continuante,51.537096641084474,17.666855801767753,Persistencia
2025,10041,173,4,118.09503820955365,154,141.57673153665647,114.59169275236539,123.51082289384247,CP CRECHE BEZERRA DE MENEZES - SANTA CRUZ,1,2025,continuante,54.90496179044635,31.423268463343533,Persistencia
2025,10042,179,4,140.8644987316074,184,169.1566143035376,136.6856864022122,147.57137280822735,CP CICIM II,1,2025,continuante,38.1355012683926,9.843385696462406,Persistencia
2025,10043,168,4,131.75291559734308,172,158.12466119678513,127.84440271376015,137.9471528424734,CP CRECHE CANTINHO CASLU,1,2025,continuante,36.247084402656924,9.875338803214873,Persistencia
2025,10044,93,4,99.9067195994734,130,119.51282532315157,96.94293926155332,104.26238296233457,CP CRECHE COMUNITÁRIA MAGIA DA CRIANÇA,1,2025,continuante,6.906719599473405,26.512825323151574,PPML-FE unidade
2025,10045,73,4,75.71208666111399,98,90.09428370514502,73.46605161273378,78.59779638699065,CP ESPAÇO CRIATIVO ERA UMA VEZ,1,2025,continuante,2.712086661113986,17.094283705145017,PPML-FE unidade
2025,10046,191,4,184.19591940902356,241,221.55839156061174,178.73165988315625,193.28641764555866,CP CRECHE COMUNITÁRIA DEUS É FIEL - CCDF,1,2025,continuante,6.80408059097644,30.55839156061174,PPML-FE unidade
2025,10047,194,4,207.78848362516177,272,250.0576037530556,201.62433946465498,218.14898589042306,CP CENTRO CULTURAL MONTESSORI - SANTA CRUZ,1,2025,continuante,13.788483625161774,56.05760375305559,PPML-FE unidade
2025,1005,48,4,33.70830538209262,42,38.61183587363358,32.708332476200326,33.68476988013885,CP CASA MATERNAL CORAÇÃO DE MÃE,1,2025,continuante,14.291694617907382,9.38816412636642,Persistencia
2025,10051,244,4,222.25526535666228,291,267.52486283874697,215.6619572378082,233.3873341695335,CP CRECHE COMUNITÁRIA DEUS É FIEL - UNIDADE VI,1,2025,continuante,21.744734643337722,23.52486283874697,PPML-FE unidade
2025,10052,493,4,432.72813592004485,567,521.2597842940534,419.8910500258604,454.7443933818745,CP CRECHE COMUNITÁRIA DEUS É FIEL - UNIDADE VII,1,2025,continuante,60.27186407995515,28.25978429405336,Persistencia
2025,10053,311,4,280.1615772749654,367,337.3938991815125,271.85045088129493,294.3407272859752,CP CRECHE COMUNITÁRIA GÊNIO DO FUTURO,1,2025,continuante,30.838422725034604,26.393899181512495,Persistencia
2025,10054,51,4,87.79955681618333,114,104.80355451414829,85.19494121862273,91.4300896746626,CP CRECHE COMUNITÁRIA AQUARELA DO SABER,1,2025,continuante,36.799556816183326,53.80355451414829,PPML-FE unidade
2025,10055,140,4,62.145732856313444,80,73.54635404501634,60.30215014372334,64.16146643835972,CP ESPAÇO DE DESENVOLVIMENTO MÃE GAIA,1,2025,continuante,77.85426714368656,66.45364595498366,Persistencia
2025,10056,100,4,75.71208666111399,98,90.09428370514502,73.46605161273378,78.59779638699065,CP CRECHE MUNDO DA BIBI,1,2025,continuante,24.287913338886014,9.905716294854983,Persistencia
2025,10057,358,4,269.4906536174052,353,324.5232872236346,261.49608524756445,283.11247065926227,CP CENTRO CULTURAL MONTESSORI - PACIÊNCIA,1,2025,continuante,88.5093463825948,33.47671277636539,Persistencia
2025,10058,261,4,162.90106383013628,213,195.81716764485603,158.06852631973075,170.82990439213276,CP CRECHE ESCOLA COMUNITÁRIA MALLETZINHO,1,2025,continuante,98.09893616986372,65.18283235514397,Persistencia
2025,10059,95,4,83.26414955019312,108,99.28757796077207,80.79407896555348,86.61797969178562,CP CRECHE COMUNITÁRIA PLANETA BEBÊ,1,2025,continuante,11.735850449806875,4.287577960772069,Persistencia
2025,1006,233,4,221.49374121848626,290,266.6055334131842,214.92302407526049,232.58531583905398,CP CRECHE DO TUIUTI,1,2025,continuante,11.506258781513736,33.60553341318422,PPML-FE unidade
2025,10060,83,4,72.69401361592053,94,86.4169660028942,70.53751113937943,75.38972306507267,CP CRECHE COMUNITÁRIA JARDIM DO CONHECIMENTO,1,2025,continuante,10.305986384079475,3.416966002894199,Persistencia
2025,10061,113,4,133.27118760614758,174,159.96332004791054,129.31763446155568,139.5511895034324,CP CRECHE COMUNITÁRIA ESTRELA DO AMANHÃ,1,2025,continuante,20.271187606147578,46.96332004791054,PPML-FE unidade
2025,10062,79,4,87.04345722640339,113,103.88422508858558,84.46127168266382,90.6280713441831,CP CENTRO CULTURAL DE DESENVOLVIMENTO INFANTIL JOÃO BATISTA,1,2025,continuante,8.04345722640339,24.88422508858558,PPML-FE unidade
2025,10063,313,4,246.63003621718437,323,296.9434044567535,239.31363893168225,259.0519207448774,CP CRECHE COMUNITÁRIA UNIVERSO INFANTIL,1,2025,continuante,66.36996378281563,16.056595543246488,Persistencia
2025,10064,269,4,215.40199570438455,282,259.2508980086826,209.0119930881765,226.16916919521802,CP CRECHE COMUNITÁRIA CORAÇÃO DE MÃE,1,2025,continuante,53.59800429561545,9.749101991317389,Persistencia
2025,10065,94,4,128.71678575358726,168,154.44734349453432,124.89834110535796,134.7390795205554,CP CRECHE MAGIA DA CRIANÇA II,1,2025,continuante,34.71678575358726,60.44734349453432,PPML-FE unidade
2025,10066,219,4,160.62044514490344,210,193.0591793681679,155.85556327212353,168.42384940069425,CP CRECHE COMUNITÁRIA ARTE & CULTURA,1,2025,continuante,58.37955485509656,25.94082063183211,Persistencia
2025,10067,117,4,104.45102479229791,136,125.0288018765278,101.35243548022677,109.07449294521153,CP CRECHE COMUNITÁRIA ARCA DE NOÉ,1,2025,continuante,12.548975207702085,8.028801876527794,Persistencia
2025,10068,152,4,87.79955681618333,114,104.80355451414829,85.19494121862273,91.4300896746626,CP CRECHE COMUNITÁRIA TIA NEIDE - GUARATIBA,1,2025,continuante,64.20044318381667,47.19644548585171,Persistencia
2025,10069,411,4,351.84343349720695,461,423.8108651844067,341.40583075731263,369.73045035104786,CP CRECHE E ESCOLA COMUNITÁRIA GENTE BAIXINHA II,1,2025,continuante,59.156566502793055,12.81086518440668,Persistencia
2025,1007,78,4,95.36454475954048,124,113.99684876977534,92.53551019784003,99.45027297945758,CP EDUCANDÁRIO NOSSA SENHORA DE NAZARÉ,1,2025,continuante,17.36454475954048,35.99684876977534,PPML-FE unidade
2025,10070,121,4,120.3704726696886,157,144.33471981334458,116.7996253673771,125.91687788528097,CP PEDACINHO DO CÉU,1,2025,continuante,0.6295273303114044,23.334719813344577,PPML-FE unidade
2025,10071,251,4,140.8644987316074,184,169.1566143035376,136.6856864022122,147.57137280822735,CP CRECHE COMUNITÁRIA ARTE & CULTURA - UNIDADE I,1,2025,continuante,110.1355012683926,81.8433856964624,Persistencia
2025,10072,219,4,179.63145313508195,235,216.04241500723552,174.30260067142268,188.4743076626817,CP CRECHE COMUNITÁRIA DEUS É FIEL - UNIDADE X,1,2025,continuante,39.368546864918045,2.957584992764481,Persistencia
2025,10073,435,4,327.43521438607576,429,394.39232356640014,317.7216930710869,344.065863775704,CP NINHO CARIOCA,1,2025,continuante,107.56478561392424,40.60767643359986,Persistencia
2025,10074,201,4,161.38062851810665,211,193.9785087937306,156.59319544412878,169.22586773117376,CP CRECHE MUNDO MÁGICO II,1,2025,continuante,39.61937148189335,7.021491206269388,Persistencia
2025,10075,153,4,160.62044514490344,210,193.0591793681679,155.85556327212353,168.42384940069425,CP CRECHE COMUNITÁRIA PEDACINHO DE CÉU,1,2025,continuante,7.620445144903442,40.05917936816789,PPML-FE unidade
2025,10076,73,4,33.70830538209268,42,38.61183587363358,32.70833247620039,33.68476988013885,CP ESPAÇO DE DESENVOLVIMENTO MÃE GAIA - UNIDADE I,1,2025,continuante,39.29169461790732,34.38816412636642,Persistencia
2025,10077,40,4,47.880134618727766,61,56.07909495932496,46.459747660484574,48.92311815924929,CP CRECHE COMUNITÁRIA CANTINHO DO SABER,1,2025,continuante,7.880134618727766,16.079094959324962,PPML-FE unidade
2025,10078,72,4,58.38517425341227,75,68.94970691720282,56.65315029974807,60.15137478596224,CP CRECHE COMUNITÁRIA CRIANÇA FELIZ,1,2025,continuante,13.614825746587726,3.0502930827971824,Persistencia
2025,10079,100,4,121.88763455336822,159,146.17337866447,118.2717799224374,127.52091454623996,CP CRECHE COMUNITÁRIA DEUS É FIEL - UNIDADE VIII,1,2025,continuante,21.887634553368216,46.17337866446999,PPML-FE unidade
2025,10080,154,4,87.79955681618333,114,104.80355451414829,85.19494121862273,91.4300896746626,CP ASSOCIAÇÃO CENTRO EDUCACIONAL REBRAL XII (GUARATIBA),1,2025,continuante,66.20044318381667,49.19644548585171,Persistencia
2025,10081,228,4,239.01173190699274,313,287.75011020112646,231.92133524100205,251.0317374400824,CP CENTRO EDUCACIONAL ESTRELA DO AMANHÃ,1,2025,continuante,11.011731906992736,59.75011020112646,PPML-FE unidade
2025,10082,70,4,73.44837173913737,95,87.3362954284569,71.26949087020883,76.19174139555217,CP CRECHE ESCOLA BAIXINHOS SABIDOS,1,2025,continuante,3.4483717391373716,17.336295428456907,PPML-FE unidade
2025,10083,116,4,235.96470104428184,309,284.07279249887563,228.96469599755503,247.8236641181644,CP CRECHE COMUNITÁRIA CRISTÃ CORDEIRINHO DE CRISTO,1,2025,continuante,119.96470104428184,168.07279249887563,PPML-FE unidade
2025,10084,284,4,208.5497739579808,273,250.9769331786183,202.36304575779275,218.9510042209026,CP CRECHE COMUNITÁRIA AQUARELA DO SABER (GUARATIBA),1,2025,continuante,75.45022604201921,33.02306682138169,Persistencia
2025,10085,50,4,75.71208666111399,98,90.09428370514502,73.46605161273378,78.59779638699065,CP CRECHE VIDA,1,2025,continuante,25.712086661113986,40.09428370514502,PPML-FE unidade
2025,1009,179,4,162.90106383013628,213,195.81716764485603,158.06852631973075,170.82990439213276,CP CRECHE COMUNITÁRIA ANITA WAY,1,2025,continuante,16.09893616986372,16.817167644856028,PPML-FE unidade
2025,1010,465,4,364.8123773793261,478,439.43946541897265,353.9900447530387,383.3647619691993,CP CENTRO CULTURAL MONTESSORI - SÃO CRISTÓVÃO,1,2025,continuante,100.18762262067389,25.560534581027355,Persistencia
2025,101601,122,4,99.05270601430966,106,97.44891910964665,96.11426039543723,85.01394303082662,CM LADEIRA DOS FUNCIONÁRIOS,4,2025,continuante,22.947293985690337,24.551080890353347,PPML-FE unidade
2025,101602,58,4,60.65146965327913,67,61.595071512701196,58.85221496905974,53.73522814212627,CM VIRGÍNIA LEMOS,4,2025,continuante,2.651469653279129,3.595071512701196,PPML-FE unidade
2025,101603,255,4,229.9564998734641,298,273.9601688176859,223.13473097109005,239.00146248288996,CM SENNINHA,4,2025,continuante,25.04350012653589,18.960168817685883,Persistencia
2025,101604,68,4,55.724417730597246,72,66.19171864051471,54.07132638424841,57.745319794523745,CM SEMPRE VIDA P. CONQUISTA,4,2025,continuante,12.275582269402754,1.8082813594852922,Persistencia
2025,101605,199,4,181.42291026339677,233,214.2037561561101,176.04091337227146,186.87027100172267,CM CLEMENTE FERREIRA,4,2025,continuante,17.577089736603227,15.203756156110103,Persistencia
2025,101606,143,4,128.85062975279402,177,162.72130832459865,125.02821455869167,141.95724449487088,CM QUINTA DO CAJU,4,2025,continuante,14.14937024720598,19.721308324598652,PPML-FE unidade
2025,101607,259,4,239.4881575123699,361,331.8779226281363,232.38362745427747,289.52861730309826,CM TIA DORA,4,2025,continuante,19.511842487630105,72.87792262813628,PPML-FE unidade
2025,101801,271,4,251.4915230913581,338,310.73334584019403,244.03090748632255,271.0821957020698,EDI PARQUE DA ALEGRIA,4,2025,continuante,19.50847690864191,39.73334584019403,PPML-FE unidade
2025,101802,152,4,127.08701145015164,206,189.38186166591709,123.3169148315157,165.2157760787763,EDI MACHADO DE ASSIS,4,2025,continuante,24.912988549848365,37.381861665917086,PPML-FE unidade
2025,101803,38,4,47.634219877989175,57,52.401777257074144,46.221128097451015,45.7150448373313,EDI ANTÔNIO RAPOSO TAVARES,4,2025,continuante,9.634219877989175,14.401777257074144,PPML-FE unidade
2025,1019601,29,4,48.86494364419754,40,36.77317702250817,47.41534185798286,32.08073321917986,CM SEMPRE VIDA VALE DO SOL,4,2025,continuante,19.864943644197538,7.773177022508172,Persistencia
2025,1019602,151,4,170.3064489542671,175,160.88264947347324,165.2542271732378,140.35320783391188,CM SEMPRE VIDA ANTARES,4,2025,continuante,19.306448954267097,9.882649473473236,Persistencia
2025,1019603,137,4,117.21164047974018,150,137.89941383440564,113.73450143622141,120.30274957192448,CM JARDIM DOS VIEIRAS,4,2025,continuante,19.788359520259817,0.8994138344056353,Persistencia
2025,1019604,63,4,65.0519691841677,81,74.46568347057905,63.122171589131504,64.96348476883922,CM AYRTON SENNA,4,2025,continuante,2.051969184167703,11.465683470579052,PPML-FE unidade
2025,1019605,57,4,60.475474708510696,86,79.06233059839256,58.681440998005286,68.9735764212367,CM MARLENE DA SILVA CARDOSO,4,2025,continuante,3.4754747085106956,22.062330598392563,PPML-FE unidade
2025,1019606,124,4,99.22897184727682,120,110.31953106752451,96.2852972186632,96.24219965753959,CM TRINTA E UM DE OUTUBRO,4,2025,continuante,24.771028152723176,13.680468932475492,Persistencia
2025,1019607,221,4,156.0153801254039,211,193.9785087937306,151.38710969592182,169.22586773117376,CM ADALTO BASTOS,4,2025,continuante,64.98461987459609,27.02149120626939,Persistencia
2025,1019609,76,4,133.965372535743,166,152.6086846434089,129.99122606516198,133.1350428595964,CM CANTINHO DA TIA DOLORES,4,2025,continuante,57.965372535743,76.6086846434089,PPML-FE unidade
2025,1019610,56,4,93.06013751214626,49,45.04714185257251,90.2994642870783,39.298898193495326,CM CHAVE DO TAMANHO,4,2025,continuante,37.060137512146255,10.952858147427492,Persistencia
2025,1019611,51,4,51.150970290782865,73,67.11104806607742,49.633552437197814,58.54733812500325,CM CRIANÇA FELIZ,4,2025,continuante,0.1509702907828654,16.111048066077416,PPML-FE unidade
2025,1019612,305,4,316.28273040919424,342,314.41066354244487,306.90005283386733,274.2902690239878,CM DANIELA PEREZ,4,2025,continuante,11.282730409194244,9.410663542444865,Persistencia
2025,1019613,128,4,95.52755233989207,111,102.04556623746018,92.69368208081795,89.02403468322412,CM DJANIRA MARIA RAMOS,4,2025,continuante,32.47244766010793,25.95443376253982,Persistencia
2025,1019614,240,4,195.5403382824675,268,246.38028605080478,189.73954117697556,214.94091256850507,CM INSPETOR HERALDO CARVALHO DE SOUSA,4,2025,continuante,44.4596617175325,6.380286050804784,Persistencia
2025,1019615,44,4,50.271670358885444,74,68.03037749164012,48.78033735584638,59.34935645548275,CM MARCOLINA,4,2025,continuante,6.271670358885444,24.030377491640124,PPML-FE unidade
2025,1019616,60,4,57.13196958949748,93,85.4976365773315,55.437122548028874,74.58770473459317,CM MARIA HELENA PAPERA MONTEIRO,4,2025,continuante,2.86803041050252,25.497636577331505,PPML-FE unidade
2025,1019618,75,4,85.30654587081712,107,98.36824853520936,82.77588662826165,85.81596136130612,CM LEUZA MARINS NOVAES S. SANTOS,4,2025,continuante,10.306545870817118,23.36824853520936,PPML-FE unidade
2025,1019619,41,4,65.22801297735225,67,61.595071512701196,63.29299295949059,53.73522814212627,CM SANTA TEREZINHA,4,2025,continuante,24.22801297735225,20.595071512701196,Persistencia
2025,1019620,68,4,90.76911722492981,81,74.46568347057905,88.0764082059558,64.96348476883922,CM SEMENTINHA DO AMOR,4,2025,continuante,22.769117224929815,6.465683470579052,Persistencia
2025,1019621,48,4,90.41666591890807,63,57.91775381045038,87.73441253550139,50.52715482020829,CM SEMPRE VIDA ESTRELA DO ALAGADO,4,2025,continuante,42.416665918908066,9.917753810450378,Persistencia
2025,1019623,243,4,203.6584382703521,258,237.18699179517773,197.61681386894034,206.92072926371014,CM SEMPRE VIDA TERRA DA PAZ,4,2025,continuante,39.34156172964791,5.8130082048222675,Persistencia
2025,1019624,27,4,61.53147435857699,26,23.902565064630313,59.70611391637361,20.85247659246691,CM ZACARIAS - O TRAPALHÃO,4,2025,continuante,34.53147435857699,3.0974349353696873,Persistencia
2025,1019625,41,4,45.17325946128965,61,56.07909495932496,43.833173241585186,48.92311815924929,CM NARIZINHO,4,2025,continuante,4.173259461289653,15.079094959324962,PPML-FE unidade
2025,1019626,52,4,43.94304052782617,50,45.96647127813522,42.63944933769482,40.10091652397483,CM PEDRINHO,4,2025,continuante,8.05695947217383,6.0335287218647835,Persistencia
2025,1019627,104,4,69.98182510492992,126,115.83550762090076,67.90578099008695,101.05430964041658,CM VOVÓ BENTA,4,2025,continuante,34.018174895070075,11.835507620900756,Persistencia
2025,1019628,77,4,123.55991463665858,127,116.75483704646346,119.8944510219655,101.85632797089607,CM IRINÉA DOS SANTOS PAIVA,4,2025,continuante,46.559914636658576,39.754837046463464,Persistencia
2025,1019630,69,4,66.28431201223694,89,81.82031887508069,64.31795638128433,71.3796314126752,CM ESTRELA DALVA,4,2025,continuante,2.7156879877630615,12.820318875080687,PPML-FE unidade
2025,1019631,147,4,165.18968356691778,122,112.15818991864992,160.2892530638883,97.84623631849858,CM TIA HILDA MACEDO,4,2025,continuante,18.18968356691778,34.841810081350076,PPML-FE unidade
2025,1019632,326,4,290.1529043696246,333,306.1366987123805,281.5453805072794,267.07210404967236,CM MIRIAM PIRES,4,2025,continuante,35.84709563037541,19.863301287619493,Persistencia
2025,1019633,44,4,69.45356633082098,52,47.805130129260625,67.39319326367443,41.70495318493382,CM MERILUCE DE OLIVEIRA MÜLLER,4,2025,continuante,25.453566330820976,3.8051301292606254,Persistencia
2025,1019801,217,4,236.48740801495308,243,223.39705041173715,229.47189661741845,194.89045430651765,EDI SARGENTO IZO GOMES PATRÍCIO,4,2025,continuante,19.487408014953076,6.397050411737155,Persistencia
2025,1019802,120,4,101.52049550814472,102,93.77160140739583,98.50884174061846,81.80586970890865,EDI LARISSA DOS SANTOS ATANAZIO,4,2025,continuante,18.47950449185528,26.228398592604165,PPML-FE unidade
2025,1019803,189,4,202.42304986686986,225,206.84912075160847,196.41807384981718,180.4541243578867,EDI LARYSSA SILVA MARTINS,4,2025,continuante,13.42304986686986,17.849120751608467,PPML-FE unidade
2025,1019804,55,4,56.95601751982585,63,57.91775381045038,55.26639018016109,50.52715482020829,EDI PROFESSORA MARIA LUIZA JOBIM DE QUEIROZ,4,2025,continuante,1.9560175198258491,2.917753810450378,PPML-FE unidade
2025,1019806,64,4,86.53994817019353,105,96.52958968408394,83.97269946200157,84.21192470034713,EDI PROFESSOR RUBEM GONÇALVES,4,2025,continuante,22.539948170193526,32.529589684083945,PPML-FE unidade
2025,1019807,107,4,89.53555363810025,109,100.20690738633476,86.87943886943168,87.4199980222651,EDI PROFESSOR ANTONIO ALFREDO MERCADANTE,4,2025,continuante,17.464446361899746,6.793092613665237,Persistencia
2025,1019808,82,4,82.31135164972882,80,73.54635404501634,79.86954626781757,64.16146643835972,EDI GEÓGRAFO AZIZ AB' SABER,4,2025,continuante,0.31135164972882023,8.453645954983656,PPML-FE unidade
2025,1019809,48,4,75.617395156574,55,50.563118405948735,73.37416917669738,44.1110081763723,EDI PROFESSORA CARMEN FRAGA DE ARAÚJO,4,2025,continuante,27.617395156574005,2.5631184059487353,Persistencia
2025,1019810,51,4,40.42919872061272,39,35.853847596945464,39.22984731836082,31.27871488870036,EDI PROFESSORA ROSELE NICOLAU JORGE COUTINHO,4,2025,continuante,10.570801279387283,15.146152403054536,PPML-FE unidade
2025,1019811,55,4,40.78050660195154,43,39.53116529919628,39.57073348436915,34.48678821061835,EDI PROFESSORA RAQUEL KELLY LANERA,4,2025,continuante,14.219493398048463,15.468834700803718,PPML-FE unidade
2025,1019815,92,4,105.57502543806069,101,92.85227198183313,102.44309211242295,81.00385137842915,EDI JOÃO CORRÊA,4,2025,continuante,13.575025438060692,0.8522719818331268,Persistencia
2025,1019818,41,4,95.35130302406249,107,98.36824853520936,92.52266128474082,85.81596136130612,EDI RENÉE BISCAIA RAPOSO,4,2025,continuante,54.35130302406249,57.36824853520936,PPML-FE unidade
2025,1019820,54,4,99.75777387110985,124,113.99684876977534,96.79841207903844,99.45027297945758,EDI INAIÁ WANDERLEY CARMO,4,2025,continuante,45.75777387110985,59.99684876977534,PPML-FE unidade
2025,1019821,120,4,186.18739045855494,162,148.9313669411581,180.66405299715137,129.92696953767845,EDI PROFESSORA SOLANGE INÁCIA DE SÁ DE LACERDA,4,2025,continuante,66.18739045855494,28.931366941158103,Persistencia
2025,1019822,36,4,150.0172398639069,142,130.544778429904,145.56690711711903,113.8866029280885,EDI PROFESSORA KATIA MIRANDA SANTOS,4,2025,continuante,114.0172398639069,94.544778429904,Persistencia
2025,1019824,26,4,117.56430460995101,48,44.12781242700981,114.07670361733413,38.496879863015835,EDI PROFESSORA LILIA CHAVES DA COSTA,4,2025,continuante,91.56430460995101,18.127812427009808,Persistencia
2025,1019826,140,4,165.18968356691792,147,135.14142555771753,160.28925306388845,117.89669458048598,EDI THAMIRIS DE ANDRADE DA SILVA SANTOS,4,2025,continuante,25.18968356691792,4.858574442282475,Persistencia
2025,1019827,200,4,223.0727794356063,256,235.34833294405232,216.45521937291036,205.3166926027511,EDI MEDALHISTA OLÍMPICA POLIANA OKIMOTO,4,2025,continuante,23.072779435606293,35.348332944052316,PPML-FE unidade
2025,1019828,171,4,196.77567548016444,212,194.8978382192933,190.9382315093574,170.02788606165325,EDI MEDALHISTA OLÍMPICO ERLON DE SOUZA SILVA,4,2025,continuante,25.775675480164438,23.897838219293305,Persistencia
2025,1019829,94,4,87.79955681618333,114,104.80355451414829,85.19494121862273,91.4300896746626,EDI ERASMO CARLOS,1,2025,continuante,6.200443183816674,10.803554514148288,PPML-FE unidade
2025,1019830,109,4,105.96623502895486,138,126.86746072765321,102.82269628480125,110.67852960617053,EDI GAL COSTA,1,2025,continuante,3.0337649710451444,17.86746072765321,PPML-FE unidade
2025,1019831,218,4,246.54889150899763,307,282.23413364775024,239.2349014198444,246.21962745720546,EDI PROFESSORA MARIA MESQUITA DE SIQUEIRA,4,2025,continuante,28.548891508997627,64.23413364775024,PPML-FE unidade
2025,102601,142,4,147.5475271251038,222,204.09113247492036,143.1704595809462,178.04806936644823,CM SEMPRE VIDA SANTO ANTÔNIO DE PÁDUA,4,2025,continuante,5.547527125103812,62.09113247492036,PPML-FE unidade
2025,102602,249,4,275.67638604103786,361,331.8779226281363,267.4983149778218,289.52861730309826,CM ANA MARIA DA CRUZ SILVA,4,2025,continuante,26.67638604103786,82.87792262813628,PPML-FE unidade
2025,102604,292,4,301.2755167679521,371,341.07121688376327,292.3380353205253,297.5488006078932,CM ARCO-ÍRIS,4,2025,continuante,9.275516767952126,49.07121688376327,PPML-FE unidade
2025,102605,281,4,311.3391154013865,368,338.3132286070752,302.1030925157254,295.1427456164547,CM ALDEIA DOS CURUMINS,4,2025,continuante,30.339115401386493,57.31322860707519,PPML-FE unidade
2025,102606,279,4,292.0949231377997,398,365.8931113739563,283.4297883653569,319.20329553083957,CM GEORGE SAVALLA GOMES - PALHAÇO CAREQUINHA,4,2025,continuante,13.094923137799697,86.89311137395629,PPML-FE unidade
2025,1026601,248,4,274.61715376896655,330,303.3787104356924,266.4705053347172,264.66604905823385,CM SONHO DE CRIANÇA,4,2025,continuante,26.617153768966546,55.378710435692426,PPML-FE unidade
2025,1026602,118,4,155.48611778985082,159,146.17337866447,150.87354817919257,127.52091454623996,CM NOSSA SENHORA DA GLÓRIA,4,2025,continuante,37.48611778985082,28.173378664469993,Persistencia
2025,1026603,116,4,150.72288410524644,124,113.99684876977534,146.2516180865382,99.45027297945758,CM SEMPRE VIDA COLÔNIA DOS PESCADORES,4,2025,continuante,34.722884105246436,2.0031512302246597,Persistencia
2025,1026604,319,4,304.45346718463645,396,364.0544525228309,295.42171032713094,317.59925886988066,CM JOSEPHA FERREIRA DA COSTA,4,2025,continuante,14.546532815363548,45.0544525228309,PPML-FE unidade
2025,1026801,36,4,134.1417493665746,104,95.61026025852125,130.16237059344797,83.40990636986764,EDI SAMIRA PIRES RIBEIRO,4,2025,continuante,98.1417493665746,59.61026025852125,Persistencia
2025,1026802,387,4,420.99288011023566,396,364.0544525228309,408.50392615921794,317.59925886988066,EDI PROFESSOR MARCOS FLAMÍNIO PORTUGAL PINTO,4,2025,continuante,33.99288011023566,22.9455474771691,Persistencia
2025,1026803,99,4,126.20521952945082,116,106.6422133652737,122.46128168739354,93.0341263356216,EDI PADRE CARLOS HENRIQUE DE SOUZA,4,2025,continuante,27.205219529450815,7.6422133652737045,Persistencia
2025,1026805,330,4,348.5941521907166,381,350.2645111393903,338.25294092566156,305.5689839126881,EDI MEDALHISTA OLÍMPICO IZAQUIAS QUEIROZ DOS SANTOS,4,2025,continuante,18.594152190716613,20.264511139390322,PPML-FE unidade
2025,1026806,253,4,279.560267806721,270,248.2189449019302,271.2669795443207,216.54494922946407,EDI MEDALHISTA OLÍMPICO FELIPE ALMEIDA WU,4,2025,continuante,26.560267806721015,4.7810550980698,Persistencia
2025,1026807,379,4,371.3723220818683,401,368.6510996506444,360.35538557703114,321.6093505222781,EDI ALFREDO FERNANDO VAZ GUIMARÃES JÚNIOR,4,2025,continuante,7.627677918131724,10.348900349355574,PPML-FE unidade
2025,1026809,238,4,239.13512618642852,257,236.26766236961504,232.04106897047015,206.11871093323063,EDI MEDALHISTA PARALÍMPICO RICARDO COSTA DE OLIVEIRA,4,2025,continuante,1.135126186428522,1.7323376303849614,PPML-FE unidade
2025,1026810,331,4,381.6139710647415,344,316.24932239357025,370.29321117339936,275.8943056849468,EDI ALCEBÍADES FRANCISCO ROSA,4,2025,continuante,50.61397106474152,14.750677606429747,Persistencia
2025,1026811,43,4,183.89336136482095,144,132.38343728102942,178.4380773671872,115.49063958904749,EDI GERMANO THOMÉ DE OLIVEIRA,4,2025,continuante,140.89336136482095,89.38343728102942,Persistencia
2025,102802,31,4,53.437474920273694,52,47.805130129260625,51.852226819728116,41.70495318493382,EDI CAMPOS SALLES,4,2025,continuante,22.437474920273694,16.805130129260625,Persistencia
2025,102803,53,4,72.62331955073292,67,61.595071512701196,70.46891424724737,53.73522814212627,EDI RACHEL DE QUEIROZ,4,2025,continuante,19.623319550732916,8.595071512701196,Persistencia
2025,103601,51,4,46.05209634342867,61,56.07909495932496,44.685939009769456,48.92311815924929,CM ESPAÇO LIVRE DA CRIANÇA,4,2025,continuante,4.947903656571327,5.079094959324962,PPML-FE unidade
2025,103602,87,4,79.1403158103053,91,83.65897772620609,76.7925807142507,72.98366807363418,CM DIREITOS HUMANOS,4,2025,continuante,7.859684189694704,3.341022273793911,Persistencia
2025,103604,107,4,97.46634798201615,155,142.49606096221916,94.57496242841121,124.31284122432194,CM SONHO INFANTIL,4,2025,continuante,9.533652017983854,35.49606096221916,PPML-FE unidade
2025,103605,123,4,135.55277884209542,175,160.88264947347324,131.53154120869854,140.35320783391188,CM BRINCADEIRAS DE CRIANÇA,4,2025,continuante,12.552778842095421,37.882649473473236,PPML-FE unidade
2025,103606,102,4,134.494504270441,153,140.65740211109375,130.50466085537263,122.70880456336295,CM CAMPOS DA PAZ,4,2025,continuante,32.49450427044101,38.657402111093745,PPML-FE unidade
2025,103607,227,4,257.84647081898856,309,284.07279249887563,250.1973326681306,247.8236641181644,CM ESTÁCIO DE SÁ,4,2025,continuante,30.846470818988564,57.07279249887563,PPML-FE unidade
2025,103801,134,4,134.494504270441,204,187.54320281479167,130.50466085537263,163.6117394178173,EDI PROFESSORA SIMONE SOUSA PIMENTEL,4,2025,continuante,0.49450427044101275,53.54320281479167,PPML-FE unidade
2025,103802,175,4,204.54086396854342,247,227.074368113988,198.4730619892424,198.09852762843568,EDI LILY MARINHO,4,2025,continuante,29.54086396854342,52.07436811398799,PPML-FE unidade
2025,103804,73,4,68.92532140120822,78,71.70769519389093,66.88061897105456,62.55742977740072,EDI ZÉLIA GATTAI AMADO,4,2025,continuante,4.0746785987917775,1.2923048061090725,Persistencia
2025,103805,86,4,130.61429296613375,152,139.73807268553105,126.73955786426777,121.90678623288348,EDI BEATRIZ VICÊNCIA BANDEIRA RYFF,4,2025,continuante,44.614292966133746,53.73807268553105,PPML-FE unidade
2025,103806,19,4,13.48269731299592,8,7.354635404501635,13.082726686809973,6.4161466438359716,EDI FUNDAÇÃO LEÃO XIII,4,2025,continuante,5.517302687004079,11.645364595498364,PPML-FE unidade
2025,103807,232,4,222.36676950948151,300,275.79882766881127,215.77015356691902,240.60549914384896,EDI MARIA LUIZA NOBRE - TIA LUIZINHA,4,2025,continuante,9.633230490518486,43.79882766881127,PPML-FE unidade
2025,107601,67,4,57.835800412910544,57,52.401777257074144,56.12007389542654,45.7150448373313,CM ADALBERTO ISMAEL DE SOUZA,4,2025,continuante,9.164199587089456,14.598222742925856,PPML-FE unidade
2025,107602,188,4,185.48153143286137,243,223.39705041173715,179.97913361505815,194.89045430651765,CM DEPUTADO LUIZ EDUARDO DE MAGALHÃES,4,2025,continuante,2.518468567138626,35.397050411737155,PPML-FE unidade
2025,107603,130,4,125.49979440984016,145,133.3027667065921,121.77678333935299,116.29265791952699,CM VOVÓ LUCÍOLA,4,2025,continuante,4.500205590159837,3.3027667065921094,Persistencia
2025,107604,174,4,175.4234309132386,226,207.76845017717116,170.2194114295093,181.2561426883662,CM HOMERO JOSÉ DOS SANTOS,4,2025,continuante,1.4234309132386045,33.76845017717116,PPML-FE unidade
2025,107605,152,4,152.31060278888262,190,174.6725908569138,147.7922363405379,152.38348279110434,CM EDUARDO MOREIRA DOS SANTOS,4,2025,continuante,0.31060278888261905,22.672590856913814,PPML-FE unidade
2025,107606,154,4,131.67251194945314,142,130.544778429904,127.76638427831305,113.8866029280885,CM FRANCISCO ALVES,4,2025,continuante,22.32748805054686,23.455221570096,PPML-FE unidade
2025,107607,175,4,199.4228582999906,229,210.52643845385927,193.50688439222102,183.66219767980468,CM NAÇÃO MANGUEIRENSE,4,2025,continuante,24.422858299990594,35.52643845385927,PPML-FE unidade
2025,107608,138,4,110.86407026771138,187,171.9146025802257,107.57523491250704,149.97742779966586,CM SAMORA MACHEL,4,2025,continuante,27.135929732288616,33.914602580225704,PPML-FE unidade
2025,107609,239,4,220.7782560405681,242,222.47772098617443,214.2287641053252,194.08843597603817,CM VASQUINHO,4,2025,continuante,18.221743959431905,16.522279013825568,Persistencia
2025,107610,335,4,300.0396543410739,355,326.36194607476,291.1388353401356,284.71650732022124,CM ARARA AZUL,4,2025,continuante,34.96034565892609,8.638053925240001,Persistencia
2025,107801,48,4,63.643682723793845,40,36.77317702250817,61.75566261617939,32.08073321917986,EDI PROFESSORA DAYSE MALAGOLE,4,2025,continuante,15.643682723793845,11.226822977491828,Persistencia
2025,107802,16,4,23.07132841455427,14,12.87061195787786,22.386906487792164,11.228256626712952,EDI MORRO DOS TELÉGRAFOS,4,2025,continuante,7.071328414554269,3.129388042122139,Persistencia
2025,107803,45,4,39.19976516880679,46,42.2891535758844,38.03688549740773,36.89284320205684,EDI DOIS DE JULHO,4,2025,continuante,5.800234831193208,2.7108464241156014,Persistencia
2025,11001,118,4,125.68122986629658,164,150.7700257922835,121.9528364267295,131.5310061986374,CP CRECHE COMUNITÁRIA ALEGRIA DA CRIANÇA,1,2025,continuante,7.681229866296576,32.77002579228349,PPML-FE unidade
2025,11003,215,4,173.54654263601302,227,208.68777960273388,168.39820193540075,182.0581610188457,CP AMIG - ASSOCIAÇÃO DOS MORADORES DA ILHA DO GOVERNADOR,1,2025,continuante,41.453457363986985,6.312220397266117,Persistencia
2025,11004,237,4,200.93750803173475,263,241.78363892299126,194.97660131952745,210.93082091610762,CP CENTRO DE ATIVIDADES EDUCACIONAIS E CULTURAIS ARCA DE NOÉ - CAECAN,1,2025,continuante,36.06249196826525,4.783638922991258,Persistencia
2025,11006,391,4,316.7583825122853,415,381.52171160852225,307.3615944911698,332.837607148991,CP CRECHE CASULO DO DENDÊ,1,2025,continuante,74.24161748771468,9.478288391477747,Persistencia
2025,11007,135,4,128.71678575358726,168,154.44734349453432,124.89834110535796,134.7390795205554,CP CRECHE ESFERA KIDS,1,2025,continuante,6.28321424641274,19.447343494534323,PPML-FE unidade
2025,11008,213,4,186.4783926923257,244,224.31637983729985,180.9464225112993,195.69247263699717,CP FILIAL BANCÁRIOS - RJ,1,2025,continuante,26.521607307674287,11.316379837299849,Persistencia
2025,11009,147,4,129.47576544649894,169,155.36667292009702,125.63480530481985,135.5410978510349,CP CRECHE COMUNITÁRIA IRMÃ MOROCHA (CCIM),1,2025,continuante,17.52423455350106,8.366672920097017,Persistencia
2025,11010,54,4,163.66131534702959,214,196.73649707041872,158.80622461391116,171.63192272261225,CP CHALÉ SEMENTINHA (ILHA DO GOVERNADOR),1,2025,continuante,109.66131534702959,142.73649707041872,PPML-FE unidade
2025,1120201,34,4,30.250666733898882,37,34.01518874582006,29.353266322451727,29.674678227741374,CIEP OLGA BENÁRIO PRESTES,4,2025,continuante,3.749333266101118,0.01518874582006191,Persistencia
2025,1120601,289,4,266.31996002021043,394,362.2157936717055,258.4194517834479,315.99522220892163,CM STELLA MARIS,4,2025,continuante,22.68003997978957,73.21579367170551,PPML-FE unidade
2025,1120602,274,4,307.454888817259,338,310.73334584019403,298.3340933599853,271.0821957020698,CM CORA CORALINA,4,2025,continuante,33.45488881725902,36.73334584019403,PPML-FE unidade
2025,1120603,294,4,264.37809671895315,352,323.6039577980719,256.5351947802882,282.3104523287828,CM DOUTOR ANTÔNIO MONTEIRO,4,2025,continuante,29.621903281046855,29.603957798071917,Persistencia
2025,1120604,194,4,237.89952067320684,261,239.94498007186584,230.84211828227117,209.32678425514862,CM MARIA ARMINDA F. SOUZA AGUIAR,4,2025,continuante,43.89952067320684,45.94498007186584,PPML-FE unidade
2025,1120605,264,4,237.36997743042275,352,323.6039577980719,230.3282841915575,282.3104523287828,CM SEMPRE VIDA LORETO,4,2025,continuante,26.63002256957725,59.60395779807192,PPML-FE unidade
2025,1120606,364,4,322.1092089455688,412,378.76372333183417,312.55368611424063,330.4315521575526,CM TAUÁ,4,2025,continuante,41.89079105443119,14.763723331834171,Persistencia
2025,1120801,135,4,155.83895903936298,177,162.72130832459865,151.21592222527835,141.95724449487088,EDI JOSÉ DE SOUZA RAMOS,4,2025,continuante,20.838959039362976,27.721308324598652,PPML-FE unidade
2025,1120802,197,4,235.42832912907969,264,242.70296834855395,228.44423581023727,211.73283924658708,EDI NEUSA MARIA GOULART BRIZOLA,4,2025,continuante,38.428329129079685,45.70296834855395,PPML-FE unidade
2025,1120804,178,4,230.3095170848703,245,225.23570926286257,223.47727575907658,196.49449096747665,EDI PROFESSORA ANNA MARIA JESUS CONCEICAO,4,2025,continuante,52.30951708487029,47.23570926286257,Persistencia
2025,121001,56,4,30.776605808803943,42,38.61183587363358,29.863603164640143,33.68476988013885,EM JOAQUIM MANUEL DE MACEDO,4,2025,continuante,25.223394191196057,17.38816412636642,Persistencia
2025,123601,130,4,98.17138828286497,134,123.19014302540239,95.25908737352147,107.47045628425253,CM JOSÉ MARINHO DE OLIVEIRA,4,2025,continuante,31.828611717135033,6.809856974597608,Persistencia
2025,123603,92,4,82.6637114182487,93,85.4976365773315,80.2114531162736,74.58770473459317,CM FALLET,4,2025,continuante,9.336288581751305,6.502363422668495,Persistencia
2025,123801,14,4,18.181176761290438,22,20.225247362379495,17.641823508362233,17.644403270548924,EDI HELOÍSA MARINHO,4,2025,continuante,4.181176761290438,6.225247362379495,PPML-FE unidade
2025,2001,62,4,64.40389823181044,83,76.30434232170445,62.49332596970354,66.5675214297982,CP CRECHE ESPAÇO SEMENTE,1,2025,continuante,2.4038982318104445,14.304342321704453,PPML-FE unidade
2025,2002,38,4,28.52623162430274,35,32.17652989469465,27.679987400270498,28.070641566782378,CP EDUCANDÁRIO CASA DE JACIRA,1,2025,continuante,9.473768375697261,5.823470105305347,Persistencia
2025,2003,135,4,40.405695537120636,51,46.88580070369792,39.2070413679817,40.90293485445432,CP CENTRO COMUNITÁRIO DA RUA UM UNIÃO FAZ A FORÇA,1,2025,continuante,94.59430446287936,88.11419929630208,Persistencia
2025,2004,293,4,298.4580287133137,391,359.4578053950174,289.6041293886123,313.5891672174831,CP AÇÃO SOCIAL PADRE ANCHIETA - ASPA,1,2025,continuante,5.458028713313695,66.45780539501737,PPML-FE unidade
2025,2005,61,4,74.95741037392285,97,89.17495427958231,72.73376315641568,77.79577805651115,CP ESCOLA COMUNITÁRIA DO CANTAGALO,1,2025,continuante,13.957410373922855,28.17495427958231,PPML-FE unidade
2025,2006,73,4,73.44837173913737,95,87.3362954284569,71.26949087020883,76.19174139555217,CP CRECHE PRÉ-ESCOLA COMUNITÁRIA DOIS IRMÃOS,1,2025,continuante,0.4483717391373716,14.336295428456907,PPML-FE unidade
2025,2009,137,4,133.27118760614758,174,159.96332004791054,129.31763446155568,139.5511895034324,CP ABRIGO TERESA DE JESUS,1,2025,continuante,3.7288123938524222,22.963320047910543,PPML-FE unidade
2025,2010,141,4,183.4351300707877,240,220.63906213504902,177.9934397223591,192.48439931507917,CP CRECHE PATINHO FELIZ,1,2025,continuante,42.43513007078769,79.63906213504902,PPML-FE unidade
2025,2011,80,4,109.75516930587601,143,131.46410785546672,106.4992300249354,114.688621258568,CP SOCIEDADE CIVIL DE ASSISTÊNCIA A MENORES - CASA DA DINDA,1,2025,continuante,29.75516930587601,51.46410785546672,PPML-FE unidade
2025,2012,107,4,83.26414955019305,108,99.28757796077207,80.79407896555341,86.61797969178562,CP GRUPO COMUNITÁRIO CRECHE ESCOLA TIA MAURA,1,2025,continuante,23.735850449806946,7.712422039227931,Persistencia
2025,2013,57,4,58.38517425341233,75,68.94970691720282,56.65315029974812,60.15137478596224,CP CENTRO DE EDUCAÇÃO INFANTIL CRISTO REDENTOR,1,2025,continuante,1.3851742534123304,11.949706917202818,PPML-FE unidade
2025,2014,114,4,89.3119833908732,116,106.6422133652737,86.66250093988589,93.0341263356216,CP CRUZADA PELA INFÂNCIA DO LEME,1,2025,continuante,24.688016609126805,7.3577866347262955,Persistencia
2025,2015,127,4,116.57829359327765,152,139.73807268553105,113.11994308627278,121.90678623288348,CP CRECHE SANT ANNA,1,2025,continuante,10.42170640672235,12.738072685531051,PPML-FE unidade
2025,2016,184,4,159.10014804127903,208,191.2205205170425,154.38036650490875,166.81981273973528,CP CASA MATERNAL MELLO MATTOS,1,2025,continuante,24.899851958720973,7.220520517042502,Persistencia
2025,2018,84,4,97.63535375729471,127,116.75483704646346,94.73895456701175,101.85632797089607,CP FUNDAÇÃO CASA SANTA IGNEZ,1,2025,continuante,13.635353757294709,32.754837046463464,PPML-FE unidade
2025,2019,45,4,49.3782833541845,63,57.91775381045038,47.91345310140388,50.52715482020829,CP UNIDAS - OBRAS SOCIAIS UNIDAS DE SANTA MARTA,1,2025,continuante,4.3782833541844965,12.917753810450378,PPML-FE unidade
2025,2020,104,4,114.30350519361473,149,136.98008440884294,110.91263736604203,119.50073124144498,CP CASA ESPÍRITA CRISTÃ MARIA DE NAZARÉ,1,2025,continuante,10.303505193614725,32.98008440884294,PPML-FE unidade
2025,2022,49,4,52.37734332446863,67,61.595071512701196,50.823544531755914,53.73522814212627,CP CRECHE CHAPEUZINHO MARROM,1,2025,continuante,3.377343324468633,12.595071512701196,PPML-FE unidade
2025,2024,11,4,15.396897571158663,17,15.628600234565974,14.940141284201063,13.634311618151441,CP CRECHE ESCADINHA DO SABER,1,2025,continuante,4.396897571158663,4.628600234565974,PPML-FE unidade
2025,2025,238,4,290.83400517659,381,350.2645111393903,282.20627613497436,305.5689839126881,CP CRECHE BEZERRA DE MENEZES - BOTAFOGO,1,2025,continuante,52.83400517658998,112.26451113939032,PPML-FE unidade
2025,2026,63,4,67.41673020480314,87,79.98166002395527,65.41678084975584,69.7755947517162,CP CRECHE MONSENHOR FRANCA,1,2025,continuante,4.4167302048031445,16.98166002395527,PPML-FE unidade
2025,2028,155,4,137.06744711720418,179,164.55996717572407,133.00127612927182,143.56128115582987,CP OBRAS SOCIAIS PADRE ALEIXO,1,2025,continuante,17.932552882795818,9.559967175724069,Persistencia
2025,2029,416,4,387.701892728914,508,467.01934818585386,376.20053174688036,407.4253118835843,CP CASA DA CRIANÇA,1,2025,continuante,28.298107271085996,51.01934818585386,PPML-FE unidade
2025,2031,86,4,59.88891789201324,77,70.78836576832823,58.11228466834972,61.75541144692124,CP CENTRO COMUNITÁRIO ALEGRIA DAS CRIANÇAS,1,2025,continuante,26.11108210798676,15.211634231671766,Persistencia
2025,2032,71,4,56.13084025698442,72,66.19171864051471,54.46569219315528,57.745319794523745,CP PATRONATO OPERÁRIO DA GÁVEA,1,2025,continuante,14.86915974301558,4.808281359485292,Persistencia
2025,2034,76,4,71.9397658789469,93,85.4976365773315,69.80563852013289,74.58770473459317,CP CENTRO SOCIAL DA MULHER UÊGA,1,2025,continuante,4.060234121053099,9.497636577331505,PPML-FE unidade
2025,2035,82,4,77.22174307072879,100,91.93294255627043,74.9309233471859,80.20183304794966,CP CENTRO SOCIAL E AÍ COMO É QUE FICA ?,1,2025,continuante,4.778256929271208,9.932942556270433,PPML-FE unidade
2025,2036,177,4,160.62044514490344,210,193.0591793681679,155.85556327212353,168.42384940069425,CP CRECHE BERÇÁRIO MARIA HELENA DA ROCINHA,1,2025,continuante,16.379554855096558,16.05917936816789,Persistencia
2025,2037,176,4,166.702542365136,218,200.41381477266953,161.75723218656336,174.8399960445302,CP CRECHE COMUNITÁRIA CANTINHO DA NATUREZA,1,2025,continuante,9.297457634864003,24.413814772669525,PPML-FE unidade
2025,2038,45,4,69.67770811200612,90,82.73964830064338,67.61068577235172,72.18164974315468,CP CRECHE CHÁCARA DO CÉU,1,2025,continuante,24.677708112006115,37.73964830064338,PPML-FE unidade
2025,2039,268,4,255.01131052514188,334,307.05602813794326,247.4462787523878,267.87412238015185,CP CRECHE ESCOLA MENINOS DE LUZ,1,2025,continuante,12.98868947485812,39.05602813794326,PPML-FE unidade
2025,2040,123,4,98.3924150850714,128,117.67416647202616,95.47355731055248,102.65834630137554,CP CRECHE MARIA MARIA,1,2025,continuante,24.607584914928594,5.325833527973842,Persistencia
2025,2041,80,4,32.9663561439632,41,37.69250644807087,31.9883935149824,32.88275154965935,CP CRECHE E PRÉ-ESCOLA COMUNITÁRIA DO 199 PINGO DE GENTE,1,2025,continuante,47.0336438560368,42.30749355192913,Persistencia
2025,2042,133,4,113.54533229493391,148,136.06075498328025,110.17695602687655,118.6987129109655,CP CRECHE SANTA CLARA,1,2025,continuante,19.454667705066086,3.0607549832802476,Persistencia
2025,2043,124,4,147.70105672959394,193,177.43057913360192,143.31943465672293,154.78953778254282,CP CRECHE SANTA MÔNICA,1,2025,continuante,23.701056729593944,53.430579133601924,PPML-FE unidade
2025,2044,89,4,79.48695866380045,103,94.69093083295854,77.12894024268437,82.60788803938814,CP CRECHE SÃO COSME E SÃO DAMIÃO,1,2025,continuante,9.51304133619955,5.690930832958543,Persistencia
2025,2045,63,4,41.898165382714936,53,48.724459554823326,40.6552363860064,42.50697151541331,CP CREI - CENTRO DE RECUPERAÇÃO INFANTIL,1,2025,continuante,21.101834617285064,14.275540445176674,Persistencia
2025,2046,207,4,216.16341956940465,283,260.1702274342453,209.7508289522191,226.9711875256975,CP ESPAÇO SANTA TEREZINHA - EST,1,2025,continuante,9.163419569404653,53.170227434245305,PPML-FE unidade
2025,204601,58,4,76.67421891758237,76,69.86903634276553,74.39964175836485,60.95339311644174,CM TIA AMÁLIA,4,2025,continuante,18.674218917582365,11.869036342765526,Persistencia
2025,204602,587,4,435.65016328484853,661,607.6767502969475,422.726394059599,530.1341164469471,CM ARACY GUIMARÃES ROSA,4,2025,continuante,151.34983671515147,20.67675029694749,Persistencia
2025,2047,66,4,68.92392541263105,89,81.82031887508069,66.87926439514226,71.3796314126752,CP GRUPO COMUNITÁRIO MORRO DA ALEGRIA,1,2025,continuante,2.92392541263105,15.820318875080687,PPML-FE unidade
2025,2048,212,4,245.8681602947833,322,296.02407503119076,238.5743644207558,258.24990241439787,CP LAR CANTINHO FELIZ,1,2025,continuante,33.86816029478331,84.02407503119076,PPML-FE unidade
2025,204804,30,4,81.07812726290209,49,45.04714185257251,78.67290606876693,39.298898193495326,EDI PROFESSORA SARITA KONDER,4,2025,continuante,51.078127262902086,15.047141852572508,Persistencia
2025,204805,188,4,172.77668986044912,185,170.0759437291003,167.6511872084532,148.37339113870686,EDI CLAUDIO CAVALCANTI,4,2025,continuante,15.223310139550875,17.92405627089971,PPML-FE unidade
2025,204806,133,4,178.24668150969592,174,159.96332004791054,172.95890895469827,139.5511895034324,EDI IRMA MARGARITA ALARCON,4,2025,continuante,45.24668150969592,26.963320047910543,Persistencia
2025,2049,285,4,254.24932913877552,333,306.1366987123805,246.70690190613473,267.07210404967236,CP OBRA DO BERÇO,1,2025,continuante,30.750670861224478,21.136698712380507,Persistencia
2025,2052,137,4,135.54884581051442,177,162.72130832459865,131.52772485236935,141.95724449487088,CP CRECHE CASA SANTA MARTA,1,2025,continuante,1.4511541894855782,25.721308324598652,PPML-FE unidade
2025,2053,184,4,184.19591940902356,241,221.55839156061174,178.73165988315625,193.28641764555866,CP CRECHE ESPERANÇA,1,2025,continuante,0.19591940902355987,37.55839156061174,PPML-FE unidade
2025,2054,78,4,77.22174307072886,100,91.93294255627043,74.93092334718597,80.20183304794966,CP UNIÃO DE MULHERES PRO-MELHORAMENTO DA ROUPA SUJA,1,2025,continuante,0.7782569292711372,13.932942556270433,PPML-FE unidade
2025,2055,136,4,88.5557326289228,115,105.722883939711,85.92868471635083,92.2321080051421,CP CRECHE CASA DO POBRE DE NOSSA SENHORA DE COPACABANA,1,2025,continuante,47.4442673710772,30.277116060289003,Persistencia
2025,2056,70,4,79.48695866380031,103,94.69093083295854,77.12894024268422,82.60788803938814,CP CRECHE SANTA CLARA DE ASSIS NA PROVIDÊNCIA DE DEUS,1,2025,continuante,9.486958663800308,24.690930832958543,PPML-FE unidade
2025,205601,425,4,411.6335611202257,562,516.6631371662398,399.4222558169678,450.73430172947707,CM IRMÃS BAPTISTA,4,2025,continuante,13.366438879774307,91.66313716623984,PPML-FE unidade
2025,205602,181,4,190.42261610368362,251,230.75168581623882,184.77363865986436,201.30660095035367,CM TIA SONIA CRISPINIANO,4,2025,continuante,9.422616103683623,49.75168581623882,PPML-FE unidade
2025,2057,37,4,28.52623162430274,35,32.17652989469465,27.679987400270498,28.070641566782378,CP CENTRO EDUCACIONAL ESPERANÇA,1,2025,continuante,8.473768375697261,4.823470105305347,Persistencia
2025,2058,82,4,53.87815308838196,69,63.433730363826605,52.27983206045746,55.339264803085264,CP NASCEER - NÚCLEO DE ASSIST. SOCIAL CULTURAL EDUC. ECOLÓGICO DA ROCINHA,1,2025,continuante,28.121846911618043,18.566269636173395,Persistencia
2025,205801,90,4,130.43792465844143,107,98.36824853520936,126.5684216062781,85.81596136130612,EDI DONA MARCELA,4,2025,continuante,40.43792465844143,8.36824853520936,Persistencia
2025,2060,138,4,66.66332310808603,86,79.06233059839256,64.6857239327729,68.9735764212367,CP ASSOCIAÇÃO CENTRO EDUCACIONAL REBRAL - ROCINHA,1,2025,continuante,71.33667689191397,58.93766940160744,Persistencia
2025,2061,60,4,67.41673020480314,87,79.98166002395527,65.41678084975584,69.7755947517162,CP CRECHE INSTITUTO MACINTYRE,1,2025,continuante,7.4167302048031445,19.98166002395527,PPML-FE unidade
2025,2062,13,4,24.110581762655354,29,26.660553341318426,23.395329891205165,23.2585315839054,CP CENTRO EDUCACIONAL ROUPA FELIZ,1,2025,continuante,11.110581762655354,13.660553341318426,PPML-FE unidade
2025,2063,66,4,62.8983092871192,81,74.46568347057905,61.03240103689412,64.96348476883922,CP CRECHE ANJOS DO BEM,1,2025,continuante,3.101690712880803,8.465683470579052,PPML-FE unidade
2025,206601,74,4,82.6637114182487,36,33.095859320257354,80.2114531162736,28.872659897261872,CM DOUTOR SOBRAL PINTO,4,2025,continuante,8.663711418248695,40.904140679742646,PPML-FE unidade
2025,206602,139,4,142.4319099205648,183,168.23728487797487,138.20659959301804,146.76935447774784,CM VIDIGAL,4,2025,continuante,3.431909920564806,29.237284877974872,PPML-FE unidade
2025,206603,88,4,165.18968356691778,121,111.23886049308722,160.2892530638883,97.04421798801908,CM JACÓ INÁCIO GOMES,4,2025,continuante,77.18968356691778,23.238860493087216,Persistencia
2025,206605,121,4,175.2469797928903,182,167.31795545241218,170.04819481554046,145.96733614726836,CM DOUTOR PEDRO BLOCH,4,2025,continuante,54.2469797928903,46.31795545241218,Persistencia
2025,206606,196,4,195.0109109782937,262,240.86430949742856,189.22581958549816,210.12880258562814,CM ELZA MACHADO DOS SANTOS - TIA ELZA,4,2025,continuante,0.9890890217062918,44.864309497428565,PPML-FE unidade
2025,208601,82,4,90.59289111876902,106,97.44891910964665,87.90540993102158,85.01394303082662,CM CASA BRANCA - PROFESSOR PAULO FREIRE,4,2025,continuante,8.592891118769018,15.448919109646653,PPML-FE unidade
2025,208603,85,4,68.22101673124885,86,79.06233059839256,66.19720783399367,68.9735764212367,CM RAÍZES DO SALGUEIRO,4,2025,continuante,16.778983268751148,5.937669401607437,Persistencia
2025,208604,89,4,116.85897851904238,138,126.86746072765321,113.39230136026207,110.67852960617053,CM TIA BELA,4,2025,continuante,27.85897851904238,37.86746072765321,PPML-FE unidade
2025,208605,30,4,56.25223220433336,57,52.401777257074144,54.583482990669886,45.7150448373313,CM TIA MARIA,4,2025,continuante,26.25223220433336,22.401777257074144,Persistencia
2025,208606,48,4,86.53994817019353,82,75.38501289614175,83.97269946200157,65.7655030993187,CM DOUTOR RONALDO LUIZ GAZOLLA,4,2025,continuante,38.539948170193526,27.385012896141745,Persistencia
2025,208607,57,4,74.91287187971731,67,61.595071512701196,72.69054591781672,53.73522814212627,CM DOS SONHOS,4,2025,continuante,17.912871879717315,4.595071512701196,Persistencia
2025,208608,181,4,183.18751372489425,254,233.50967409292693,177.75316903309667,203.71265594179215,CM DOUTOR SÉRGIO AROUCA,4,2025,continuante,2.187513724894245,52.50967409292693,PPML-FE unidade
2025,208801,70,4,82.31135164972882,96,88.25562485401962,79.86954626781757,76.99375972603167,EDI IGOR MORAES DA SILVA,4,2025,continuante,12.31135164972882,18.255624854019615,PPML-FE unidade
2025,208803,58,4,86.40575676823538,96,88.25562485401962,83.8424889117843,76.99375972603167,EDI BOREL,2,2025,continuante,28.405756768235378,30.255624854019615,PPML-FE unidade
2025,209601,101,4,121.2674057697788,122,112.15818991864992,117.66995052060314,97.84623631849858,CM PIPA NO CÉU,4,2025,continuante,20.267405769778804,11.158189918649924,Persistencia
2025,209602,152,4,134.84726082336786,188,172.8339320057884,130.84695271743757,150.77944613014535,CM CANTINHO DO CÉU,4,2025,continuante,17.15273917663214,20.833932005788398,PPML-FE unidade
2025,209603,46,4,46.40365564721745,42,38.61183587363358,45.02706913966123,33.68476988013885,CM GALDINO MANOEL DA SILVA,4,2025,continuante,0.4036556472174482,7.388164126366419,PPML-FE unidade
2025,209604,56,4,67.34067182313174,82,75.38501289614175,65.34297877613895,65.7655030993187,CM NOVA DIVINÉIA,4,2025,continuante,11.340671823131743,19.385012896141745,PPML-FE unidade
2025,209605,75,4,74.73674435314061,108,99.28757796077207,72.51964329805637,86.61797969178562,CM SÃO SEBASTIÃO - ARRELIA,4,2025,continuante,0.26325564685939185,24.28757796077207,PPML-FE unidade
2025,209606,55,4,71.21448159580993,100,91.93294255627043,69.10187014009414,80.20183304794966,CM WINNIE MANDELA,4,2025,continuante,16.21448159580993,36.93294255627043,PPML-FE unidade
2025,209607,71,4,109.10099205482241,129,118.59349589758887,105.86445925306518,103.46036463185507,CM SOLANGE MARIA MAGALHÃES,4,2025,continuante,38.10099205482241,47.593495897588866,PPML-FE unidade
2025,209608,124,4,124.61802366962681,154,141.57673153665647,120.92117074738907,123.51082289384247,CM GERMINAL DA VILA,4,2025,continuante,0.6180236696268082,17.576731536656467,PPML-FE unidade
2025,209609,146,4,151.78136030575152,230,211.445767879422,147.27869408729907,184.4642160102842,CM PAPA JOÃO PAULO II,4,2025,continuante,5.7813603057515195,65.445767879422,PPML-FE unidade
2025,209610,92,4,121.44374960542287,122,112.15818991864992,117.84106303251953,97.84623631849858,CM FRANCISCO DE PAULA,4,2025,continuante,29.443749605422866,20.158189918649924,Persistencia
2025,209803,34,4,99.22897184727674,57,52.401777257074144,96.28529721866313,45.7150448373313,EDI PROFESSORA SUELY DE PINHO CAVALCANTE,4,2025,continuante,65.22897184727674,18.401777257074144,Persistencia
2025,209804,15,4,40.25355151991399,13,11.951282532315156,39.059410775382894,10.426238296233455,EDI PROFESSORA LUCIA MARIA QUITETE DE CARVALHO AMARAL,4,2025,continuante,25.25355151991399,3.0487174676848436,Persistencia
2025,227601,44,4,145.6070855601564,58,53.32110668263685,141.2875821376127,46.5170631678108,CM CASTELINHO,4,2025,continuante,101.6070855601564,9.321106682636852,Persistencia
2025,227602,15,4,32.17944415909957,22,20.225247362379495,31.224825648289816,17.644403270548924,CM IACYRA FRAZÃO,4,2025,continuante,17.179444159099567,5.225247362379495,Persistencia
2025,227801,347,4,286.4454439648338,405,372.32841735289526,277.94790367812186,324.81742384419607,EDI PROFESSORA EDIR CASEIRO RIBEIRO,4,2025,continuante,60.55455603516617,25.328417352895258,Persistencia
2025,3001,161,4,152.26000501994244,199,182.94655568697814,147.7431395784702,159.60164776541978,CP ASSOCIAÇÃO PRESBITERIANA CUIDANDO DO AMANHÃ - APCA,1,2025,continuante,8.73999498005756,21.946555686978144,PPML-FE unidade
2025,3002,249,4,237.48819517182483,311,285.911451350001,230.44299494745383,249.4277007791234,CP ABRIGO MARIA IMACULADA,1,2025,continuante,11.511804828175173,36.911451350001016,PPML-FE unidade
2025,3003,158,4,168.98368907332454,221,203.17180304935764,163.97070759307422,177.24605103596872,CP CASA SÃO ROQUE,1,2025,continuante,10.983689073324541,45.171803049357635,PPML-FE unidade
2025,3004,85,4,99.1495373366461,129,118.59349589758887,96.20821917055777,103.46036463185507,CP CENTRO COMUNITÁRIO NOSSA SENHORA APARECIDA - CRECHE,1,2025,continuante,14.149537336646105,33.593495897588866,PPML-FE unidade
2025,3005,94,4,131.75291559734308,172,158.12466119678513,127.84440271376015,137.9471528424734,CP COLÉGIO RUTH SANT ANNA / JARDIM DE INFÂNCIA CIRANDA CIRANDINHA,1,2025,continuante,37.752915597343076,64.12466119678513,PPML-FE unidade
2025,3006,421,4,393.04331626388137,515,473.45465416479277,381.3834994130843,413.03944019694075,CP CRECHE CASA VIVA,1,2025,continuante,27.956683736118634,52.45465416479277,PPML-FE unidade
2025,3007,85,4,88.5557326289228,115,105.722883939711,85.92868471635083,92.2321080051421,CP CRECHE CHAMEGUINHO,1,2025,continuante,3.5557326289227973,20.722883939710997,PPML-FE unidade
2025,3008,105,4,84.01984773721698,109,100.20690738633476,81.5273590065599,87.4199980222651,CP CRECHE COMUNITÁRIA ELIANA SATURNINO BRAGA,1,2025,continuante,20.980152262783022,4.793092613665237,Persistencia
2025,3009,46,4,38.91460845708968,49,45.04714185257251,37.760188095122466,39.298898193495326,CP CRECHE COMUNITÁRIA JOÃO FERREIRA,1,2025,continuante,7.0853915429103225,0.9528581474274915,Persistencia
2025,3010,122,4,121.12903339346158,158,145.25404923890727,117.535683026619,126.71889621576044,CP CRECHE ESCOLA COMUNITÁRIA MÃE SOCIAL,1,2025,continuante,0.870966606538417,23.25404923890727,PPML-FE unidade
2025,3011,44,4,51.62724937515424,66,60.67574208713849,50.09570247608274,52.93320981164677,CP CRECHE DO CENTRO PASTORAL SOCIAL PADRE JUSTINO RUSSOLILLO,1,2025,continuante,7.627249375154243,16.675742087138488,PPML-FE unidade
2025,3012,328,4,290.83400517658976,381,350.2645111393903,282.20627613497413,305.5689839126881,CP CRECHE MÃE DO DIVINO SALVADOR,1,2025,continuante,37.165994823410244,22.264511139390322,Persistencia
2025,3013,179,4,165.18188506941672,216,198.57515592154414,160.28168591252344,173.23595938357124,CP CRECHE DO JACAREZINHO,1,2025,continuante,13.818114930583278,19.575155921544138,PPML-FE unidade
2025,3014,584,4,542.6661399037358,711,653.6432215750827,526.5676908509639,570.235032970922,CP CRECHE PLANTANDO O AMANHÃ,1,2025,continuante,41.333860096264175,69.64322157508275,PPML-FE unidade
2025,3015,68,4,87.04345722640339,113,103.88422508858558,84.46127168266382,90.6280713441831,CP CRECHE MARIETTA NAVARRO GAIO,1,2025,continuante,19.04345722640339,35.88422508858558,PPML-FE unidade
2025,3016,80,4,74.95741037392285,97,89.17495427958231,72.73376315641568,77.79577805651115,CP CRECHE SÃO PEDRO NOLASCO,1,2025,continuante,5.042589626077145,9.174954279582309,PPML-FE unidade
2025,3017,43,4,52.377343324468534,67,61.595071512701196,50.82354453175582,53.73522814212627,CP CRECHE TERNURINHA,1,2025,continuante,9.377343324468534,18.595071512701196,PPML-FE unidade
2025,3018,42,4,42.6448892956832,54,49.643788980386034,41.379808379063945,43.30898984589281,CP FRATERNIDADE ASSISTENCIAL CRISTÃ,1,2025,continuante,0.6448892956831997,7.643788980386034,PPML-FE unidade
2025,3019,202,4,205.50469636421403,269,247.29961547636748,199.40830183863795,215.74293089898455,CP INSTITUTO EDUCACIONAL CRESCENDO E APRENDENDO ALGODÃO DOCE,1,2025,continuante,3.504696364214027,45.29961547636748,PPML-FE unidade
2025,3020,118,4,102.93603120985695,134,123.19014302540239,99.88238490271796,107.47045628425253,CP LAR DA CRIANÇA JESUS BOM PASTOR,1,2025,continuante,15.06396879014305,5.190143025402392,Persistencia
2025,3021,199,4,202.45984593589694,265,243.62229777411667,196.45377834596175,212.53485757706662,CP CRECHE COMUNITÁRIA TIA ALICE,1,2025,continuante,3.4598459358969365,44.622297774116674,PPML-FE unidade
2025,3022,257,4,232.91784281603523,305,280.3954747966248,226.00822426728885,244.6155907962464,CP INSTITUTO AVANTE ELITE DO FUTURO,1,2025,continuante,24.082157183964767,23.395474796624796,Persistencia
2025,3023,49,4,40.405695537120714,51,46.88580070369792,39.20704136798178,40.90293485445432,CP LAR DE MARIA DOLORES,1,2025,continuante,8.594304462879286,2.1141992963020826,Persistencia
2025,3024,191,4,200.17636129016725,262,240.86430949742856,194.23803435793846,210.12880258562814,CP CASA DE LEYLÁ,1,2025,continuante,9.17636129016725,49.864309497428565,PPML-FE unidade
2025,3025,486,4,413.6476997889594,542,498.2765486549858,401.3766441044642,434.6939351198872,CP CENTRO CULTURAL EDUCAR - UNIDADE II,1,2025,continuante,72.35230021104059,12.276548654985788,Persistencia
2025,3026,504,4,431.2016243731938,565,519.421125442928,418.409823169832,453.1403567209156,CP CHALÉ SEMENTINHA,1,2025,continuante,72.7983756268062,15.421125442927973,Persistencia
2025,3027,239,4,240.53531071182474,315,289.58876905225185,233.39971635619784,252.6357741010414,CP CENTRO CULTURAL EDUCAR - UNIDADE IV,1,2025,continuante,1.535310711824735,50.58876905225185,PPML-FE unidade
2025,3028,299,4,271.77714764088415,356,327.28127550032275,263.71474933871525,285.5185256507008,CP ESTRELINHA DO MAR,1,2025,continuante,27.222852359115848,28.28127550032275,PPML-FE unidade
2025,3029,179,4,184.9567263874777,242,222.47772098617443,179.46989716086617,194.08843597603817,CP CRECHE BRINCANDO COM JUNINHO,1,2025,continuante,5.956726387477687,43.47772098617443,PPML-FE unidade
2025,3030,65,4,83.26414955019305,108,99.28757796077207,80.79407896555341,86.61797969178562,CP CRECHE TIO KITO,1,2025,continuante,18.264149550193054,34.28757796077207,PPML-FE unidade
2025,3031,110,4,116.57829359327765,152,139.73807268553105,113.11994308627278,121.90678623288348,CP ESCOLA COMUNITÁRIA JARDIM ARCO-ÍRIS - UNIDADE I,1,2025,continuante,6.57829359327765,29.73807268553105,PPML-FE unidade
2025,3032,188,4,178.11011107248265,233,214.2037561561101,172.82638994443784,186.87027100172267,CP NÚCLEO RECREATIVO RAIOZINHO DE SOL,1,2025,continuante,9.889888927517347,26.203756156110103,PPML-FE unidade
2025,3033,270,4,236.72644274807553,310,284.9921219244383,229.70384027153293,248.6256824486439,CP INSTITUTO EDUCACIONAL T & P CONQUISTA,1,2025,continuante,33.27355725192447,14.992121924438322,Persistencia
2025,3034,129,4,115.8199864247535,151,138.81874325996836,112.38413146044273,121.10476790240398,CP CRECHE RISCO E RABISCO,1,2025,continuante,13.180013575246505,9.818743259968358,Persistencia
2025,3035,76,4,97.63535375729471,127,116.75483704646346,94.73895456701175,101.85632797089607,CP CENTRO EDUCACIONAL SÃO VICENTE DE PAULO,1,2025,continuante,21.63535375729471,40.754837046463464,PPML-FE unidade
2025,3036,178,4,159.86028491313954,209,192.1398499426052,155.11795355505578,167.62183107021477,CP CENTRO CULTURAL EVOLUIR,1,2025,continuante,18.139715086860463,14.139849942605196,Persistencia
2025,3037,447,4,477.0022438733425,625,574.5808909766902,462.8517455164429,501.2614565496853,CP CRECHE FRUTOS DO AMANHÃ I,1,2025,continuante,30.00224387334248,127.58089097669017,PPML-FE unidade
2025,3038,210,4,218.44776785078963,286,262.92821571093344,211.96741095573537,229.377242517136,CP CRECHE FRUTOS DO AMANHÃ II,1,2025,continuante,8.447767850789631,52.92821571093344,PPML-FE unidade
2025,3039,101,4,70.43161074233021,91,83.65897772620609,68.34222352270159,72.98366807363418,CP CRECHE COMUNITÁRIA CÉU AZUL,1,2025,continuante,30.568389257669793,17.34102227379391,Persistencia
2025,3040,100,4,131.75291559734308,172,158.12466119678513,127.84440271376015,137.9471528424734,CP ASSOCIAÇÃO CRESCENCIO UNIDADE II,1,2025,continuante,31.752915597343076,58.12466119678513,PPML-FE unidade
2025,3041,124,4,99.9067195994734,130,119.51282532315157,96.94293926155332,104.26238296233457,CP CENTRO DE DESENVOLVIMENTO INFANTIL ESPELHO D'AGUA,1,2025,continuante,24.093280400526595,4.487174676848426,Persistencia
2025,312502,143,4,151.95777414389318,149,136.98008440884294,147.44987452505566,119.50073124144498,CIEP PROCÓPIO FERREIRA,4,2025,continuante,8.957774143893175,6.0199155911570585,Persistencia
2025,312601,228,4,263.6719678086775,296,272.1215099665605,255.85001351986736,237.397425821931,CM CANTINHO FELIZ,4,2025,continuante,35.67196780867749,44.121509966560495,PPML-FE unidade
2025,312602,244,4,212.48289166617417,284,261.089556859808,206.1794856591579,227.773205856177,CM ENGENHO DA RAINHA,4,2025,continuante,31.51710833382583,17.089556859808,Persistencia
2025,312603,248,4,231.8981014862323,306,281.3148042221875,225.0187340488741,245.4176091267259,CM RENASCER,4,2025,continuante,16.101898513767708,33.31480422218749,PPML-FE unidade
2025,312801,186,4,198.5404592747761,285,262.00888628537075,192.65066215362927,228.57522418665653,EDI HENRIQUE FORÉIS,4,2025,continuante,12.540459274776111,76.00888628537075,PPML-FE unidade
2025,312802,76,4,120.20935345065045,108,99.28757796077207,116.64328582657642,86.61797969178562,EDI LUCIA MARIA BATISTA DE ALBUQUERQUE,4,2025,continuante,44.209353450650454,23.28757796077207,Persistencia
2025,312803,70,4,97.2900898583293,135,124.1094724509651,94.40393308576607,108.27247461473203,EDI PROFESSORA LUIZA HELENA MAIA MEDEIROS,4,2025,continuante,27.290089858329296,54.1094724509651,PPML-FE unidade
2025,312804,129,4,163.0724678439825,170,156.28600234565974,158.2348455520116,136.34311618151443,EDI PROFESSORA TÂNIA MARTINS NOVO LENZ,4,2025,continuante,34.07246784398251,27.28600234565974,Persistencia
2025,312805,273,4,268.4383708909417,392,360.37713482058007,260.47501898849305,314.3911855479626,EDI TANIA CRISTINA MOREIRA,4,2025,continuante,4.561629109058288,87.37713482058007,PPML-FE unidade
2025,312806,189,4,225.19082357106367,295,271.20218054099774,218.5104307220579,236.59540749145143,EDI PROFESSORA ELIANE MONTE CHIARI DANTAS,4,2025,continuante,36.190823571063675,82.20218054099774,PPML-FE unidade
2025,312809,161,4,213.36536034601204,254,233.50967409292693,207.03577548603553,203.71265594179215,EDI PROFESSORA VALÉRIA PEREIRA DE SOUZA PINTO,4,2025,continuante,52.36536034601204,72.50967409292693,PPML-FE unidade
2025,312810,55,4,78.78800167495706,92,84.5783071517688,76.45071814523658,73.78568640411368,EDI MARIA MAZZETTI,4,2025,continuante,23.78800167495706,29.578307151768797,PPML-FE unidade
2025,312812,152,4,144.19588201133993,169,155.36667292009702,139.91824261303356,135.5410978510349,EDI HERMENEGILDO DE BARROS,4,2025,continuante,7.804117988660067,3.3666729200970167,Persistencia
2025,312813,217,4,280.3424732970591,301,276.71815709437396,272.0259805368855,241.40751747432842,EDI JORNALISTA JORGE BASTOS MORENO,2,2025,continuante,63.34247329705909,59.718157094373964,Persistencia
2025,313601,102,4,135.9055402909092,143,131.46410785546672,131.87383782141157,114.688621258568,CM VILA DOS MINEIROS,4,2025,continuante,33.90554029090919,29.46410785546672,Persistencia
2025,313602,76,4,113.68512069780573,83,76.30434232170445,110.31259754031429,66.5675214297982,CM ACONCHEGO,4,2025,continuante,37.68512069780573,0.3043423217044534,Persistencia
2025,313603,147,4,160.77886312691038,223,205.01046190048305,156.00928170937385,178.85008769692772,CM SYLVIA ORTHOF,4,2025,continuante,13.77886312691038,58.01046190048305,PPML-FE unidade
2025,313604,111,4,145.43068387597285,177,162.72130832459865,141.11641349326123,141.95724449487088,CM NOSSO CANTINHO,4,2025,continuante,34.430683875972846,51.72130832459865,PPML-FE unidade
2025,313606,73,4,116.68264835634173,121,111.23886049308722,113.22120211567474,97.04421798801908,CM CANTINHO DO QUETO,4,2025,continuante,43.68264835634173,38.238860493087216,Persistencia
2025,313607,133,4,207.1881676972066,262,240.86430949742856,201.0418321941249,210.12880258562814,CM ODETINHA VIDAL DE OLIVEIRA,4,2025,continuante,74.18816769720661,107.86430949742856,PPML-FE unidade
2025,313608,322,4,347.35815562553194,430,395.31165299196283,337.053610786242,344.8678821061835,CM RACHEL LEITE DIAS,4,2025,continuante,25.358155625531936,73.31165299196283,PPML-FE unidade
2025,313609,128,4,140.1388013160628,157,144.33471981334458,135.98151714553515,125.91687788528097,CM RECANTO DA CACHOEIRA,4,2025,continuante,12.138801316062796,16.334719813344577,PPML-FE unidade
2025,313610,134,4,178.59959210416173,202,185.70454396366625,173.30135028858666,162.0077027568583,CM EMMANUEL,4,2025,continuante,44.59959210416173,51.704543963666254,PPML-FE unidade
2025,313611,133,4,214.42432817527077,216,198.57515592154414,208.06332853114935,173.23595938357124,CM JOSÉ RAMOS JANUÁRIO - ZÉ PRETINHO,4,2025,continuante,81.42432817527077,65.57515592154414,Persistencia
2025,313612,218,4,265.0842273408044,311,285.911451350001,257.2203777015099,249.4277007791234,CM MARCILIA CATARINA DA COSTA ORGÉLIO - TIA MANA,4,2025,continuante,47.084227340804375,67.91145135000102,PPML-FE unidade
2025,313801,101,4,115.80100578535975,127,116.75483704646346,112.36571389074099,101.85632797089607,EDI PROF. JOSÉ LIBONATI FILHO,4,2025,continuante,14.801005785359749,15.754837046463464,PPML-FE unidade
2025,313802,316,4,351.5958706530495,373,342.9098757348887,341.16561198263173,299.1528372688522,EDI ANÍSIO TEIXEIRA,4,2025,continuante,35.595870653049474,26.909875734888715,Persistencia
2025,313804,84,4,120.0330131938153,135,124.1094724509651,116.47217678730189,108.27247461473203,EDI GEORGE BERNANOS,4,2025,continuante,36.03301319381529,40.1094724509651,PPML-FE unidade
2025,313805,160,4,183.71689912251995,232,213.2844267305474,178.26684996120366,186.0682526712432,EDI MAURÍCIO CARDOSO,4,2025,continuante,23.716899122519948,53.28442673054741,PPML-FE unidade
2025,313806,28,4,88.302035514944,34,31.25720046913195,85.68251364787939,27.268623236302883,EDI EDUCANDÁRIO DE SANTA CRUZ,4,2025,continuante,60.302035514943995,3.2572004691319485,Persistencia
2025,313809,123,4,115.09570172001146,125,114.91617819533805,111.68133300583055,100.25229130993708,EDI ESCULTORA LYGIA CLARK,4,2025,continuante,7.904298279988538,8.083821804661952,PPML-FE unidade
2025,328601,105,4,124.08896697473304,127,116.75483704646346,120.4078087708912,101.85632797089607,CM GERALDA DE JESUS ALEIXO,4,2025,continuante,19.08896697473304,11.754837046463464,Persistencia
2025,328602,214,4,253.0802459580399,303,278.5568159454994,245.57250013380036,243.01155413528747,CM TIA ANDREZA,4,2025,continuante,39.08024595803991,64.55681594549941,PPML-FE unidade
2025,328604,201,4,228.8974516383038,302,277.6374865199367,222.10709990535398,242.20953580480796,CM DA COMUNIDADE DO JACAREZINHO,4,2025,continuante,27.897451638303806,76.63748651993672,PPML-FE unidade
2025,328801,288,4,294.56659871022185,339,311.6526752657567,285.8281405067563,271.88421403254927,EDI PADRE NELSON CARLOS DEL MÔNACO,4,2025,continuante,6.566598710221854,23.652675265756727,PPML-FE unidade
2025,329801,323,4,300.9224128039495,406,373.24774677845795,291.99540635349933,325.61944217467556,EDI DONA LINDU,4,2025,continuante,22.0775871960505,50.24774677845795,PPML-FE unidade
2025,330601,220,4,205.2468077433088,278,255.5735803064318,199.15806360628594,222.96109587330002,CM JOSÉ DE VIEIRA DA SILVA,4,2025,continuante,14.753192256691193,35.57358030643181,PPML-FE unidade
2025,330602,258,4,279.0306448099844,341,313.4913341168822,270.75306806559337,273.48825069350835,CM NOVA BRASÍLIA,4,2025,continuante,21.03064480998438,55.49133411688217,PPML-FE unidade
2025,4001,178,4,189.5219307808607,248,227.99369753955068,183.89967259537698,198.90054595891516,CP CENTRO EDUCACIONAL APRENDIZ DA MARÉ,1,2025,continuante,11.521930780860714,49.99369753955068,PPML-FE unidade
2025,4002,114,4,133.27118760614758,174,159.96332004791054,129.31763446155568,139.5511895034324,CP INSTITUTO EDUCACIONAL LUIZ ANTONIO - IELA,1,2025,continuante,19.271187606147578,45.96332004791054,PPML-FE unidade
2025,4003,100,4,121.12903339346158,158,145.25404923890727,117.535683026619,126.71889621576044,CP ASSOCIAÇÃO CIVIL CENTRO EDUCACIONAL COMUNITÁRIO ESTAÇÃO DO SABER,1,2025,continuante,21.129033393461583,45.25404923890727,PPML-FE unidade
2025,4004,108,4,90.82470482408661,118,108.4808722163991,88.13034677255429,94.63816299658059,CP CRECHE DO CENTRO COMUNITÁRIO DA VILA PROLETÁRIA DA PENHA,1,2025,continuante,17.17529517591339,0.4808722163991064,Persistencia
2025,4005,193,4,168.22328565844737,220,202.25247362379494,163.23286190703587,176.4440327054892,CP CASA DE JOEL,1,2025,continuante,24.776714341552633,9.252473623794941,Persistencia
2025,4006,92,4,86.28743516594643,112,102.96489566302289,83.72767737608368,89.82605301370361,CP COMUNIDADE INSTITUCIONAL ADULÃO TEMPO FELIZ,1,2025,continuante,5.712564834053566,10.964895663022887,PPML-FE unidade
2025,4007,80,4,108.23944341628273,141,129.6254490043413,105.02846886451411,113.08458459760901,CP CRECHE CASULO BOM JESUS DA PENHA,1,2025,continuante,28.239443416282725,49.625449004341306,PPML-FE unidade
2025,4008,65,4,44.13926110665887,56,51.48244783151144,42.829848939762684,44.91302650685181,CP CRECHE COMUNITÁRIA CASULO DO PARQUE PROLETÁRIO DA PENHA,1,2025,continuante,20.86073889334113,13.517552168488557,Persistencia
2025,4009,59,4,59.13696347468961,76,69.86903634276553,57.38263733633537,60.95339311644174,CP CRECHE COMUNITÁRIA DE MANGUINHOS,1,2025,continuante,0.13696347468960823,10.869036342765526,PPML-FE unidade
2025,4010,114,4,89.3119833908732,116,106.6422133652737,86.66250093988589,93.0341263356216,CP CRECHE COMUNITÁRIA SAGRADO CORAÇÃO DE MARIA,1,2025,continuante,24.688016609126805,7.3577866347262955,Persistencia
2025,4011,71,4,83.26414955019305,108,99.28757796077207,80.79407896555341,86.61797969178562,CP CRECHE E PRÉ-ESCOLA NOVA JERUSALÉM,1,2025,continuante,12.264149550193054,28.28757796077207,PPML-FE unidade
2025,4012,200,4,218.44776785078963,286,262.92821571093344,211.96741095573537,229.377242517136,CP CRECHE ESCOLA MIMI I,1,2025,continuante,18.44776785078963,62.92821571093344,PPML-FE unidade
2025,4013,87,4,84.7756290282936,110,101.12623681189747,82.26071968629786,88.2220163527446,CP RECANTO DA CRIANÇA FELIZ,1,2025,continuante,2.2243709717064064,14.12623681189747,PPML-FE unidade
2025,4014,109,4,74.95741037392285,97,89.17495427958231,72.73376315641568,77.79577805651115,CP CRECHE SAGRADO CORAÇÃO DE MARIA E SANTO ANTÔNIO,1,2025,continuante,34.042589626077145,19.82504572041769,Persistencia
2025,4015,325,4,182.67435851815642,239,219.71973270948632,177.25523681954817,191.68238098459966,CP ESPAÇO DE EDUCAÇÃO INFANTIL VILA DO JOÃO,1,2025,continuante,142.32564148184358,105.28026729051368,Persistencia
2025,4016,182,4,127.95784192384828,167,153.52801406897163,124.16191170517071,133.93706119007592,CP CRECHE LAR IRMÃO FRANCISCO,1,2025,continuante,54.04215807615172,28.47198593102837,Persistencia
2025,4017,144,4,152.26000501994244,199,182.94655568697814,147.7431395784702,159.60164776541978,CP ASSOCIAÇÃO CENTRO EDUCACIONAL REBRAL I,1,2025,continuante,8.26000501994244,38.946555686978144,PPML-FE unidade
2025,4018,149,4,145.42194778156784,190,174.6725908569138,141.10793655925036,152.38348279110434,CP SOCIEDADE DE ENSINO TEREZA CRISTINA,1,2025,continuante,3.5780522184321626,25.672590856913814,PPML-FE unidade
2025,4020,77,4,95.36454475954056,124,113.99684876977534,92.53551019784011,99.45027297945758,CP CENTRO CULTURAL EDUCAR,1,2025,continuante,18.364544759540564,36.99684876977534,PPML-FE unidade
2025,4021,184,4,169.74411341567603,222,204.09113247492036,164.70857358576345,178.04806936644823,CP ASSOCIAÇÃO CENTRO EDUCACIONAL REBRAL II,1,2025,continuante,14.255886584323974,20.091132474920357,PPML-FE unidade
2025,4022,306,4,249.67763812073,327,300.6207221590043,242.27083227576614,262.25999406679534,CP CRECHE VALE DO SOL NO GROTÃO,1,2025,continuante,56.322361879270005,5.379277840995712,Persistencia
2025,4023,106,4,162.90106383013628,213,195.81716764485603,158.06852631973075,170.82990439213276,CP CENTRO CULTURAL EDUCAR - UNIDADE III,1,2025,continuante,56.90106383013628,89.81716764485603,PPML-FE unidade
2025,4024,358,4,351.84343349720723,461,423.8108651844067,341.4058307573129,369.73045035104786,CP CRECHE VALE DO SOL,1,2025,continuante,6.156566502792771,65.81086518440668,PPML-FE unidade
2025,4025,189,4,199.41522950481954,261,239.94498007186584,193.49948190888585,209.32678425514862,CP CRECHE E PRÉ-ESCOLA NOVA JERUSALÉM NO CORDOVIL,1,2025,continuante,10.415229504819536,50.94498007186584,PPML-FE unidade
2025,4026,40,4,44.13926110665887,56,51.48244783151144,42.829848939762684,44.91302650685181,CP CRECHE ESCOLA PATINHO ESTUDIOSO,1,2025,continuante,4.139261106658871,11.482447831511443,PPML-FE unidade
2025,4027,392,4,353.36912044151774,463,425.64952403553207,342.88625747302723,371.3344870120069,CP ASSOCIAÇÃO CENTRO EDUCACIONAL REBRAL IV,1,2025,continuante,38.63087955848226,33.64952403553207,Persistencia
2025,4028,92,4,97.63535375729462,127,116.75483704646346,94.73895456701166,101.85632797089607,CP CRECHE TIA NANE I,1,2025,continuante,5.635353757294624,24.754837046463464,PPML-FE unidade
2025,4029,290,4,273.30151780130933,358,329.11993435144814,265.1938983335643,287.12256231165975,CP SOLZINHO,1,2025,continuante,16.69848219869067,39.11993435144814,PPML-FE unidade
2025,4030,327,4,266.4421111321228,349,320.8459695213838,258.5379792245482,279.9043973373443,CP CRECHE VALE DO SOL II,1,2025,continuante,60.55788886787718,6.154030478616221,Persistencia
2025,4032,377,4,373.20475145237424,489,449.5520891001624,362.13345505902606,392.18696360447376,CP ASSOCIAÇÃO CENTRO EDUCACIONAL REBRAL V,1,2025,continuante,3.7952485476257607,72.55208910016239,PPML-FE unidade
2025,4034,341,4,337.35040436245146,442,406.34360609871527,327.3427442226014,354.49210207193744,CP CASA DE JOEL II,1,2025,continuante,3.6495956375485434,65.34360609871527,PPML-FE unidade
2025,4035,178,4,205.50469636421386,269,247.29961547636748,199.40830183863778,215.74293089898455,CP INSTITUTO DE EDUCAÇÃO EUCLIDES DOS SANTOS,1,2025,continuante,27.504696364213856,69.29961547636748,PPML-FE unidade
2025,4036,93,4,126.44006354741492,165,151.6893552178462,122.68915894590731,132.33302452911693,CP CRECHE GIZ COLORIDO,1,2025,continuante,33.44006354741492,58.68935521784621,PPML-FE unidade
2025,4037,92,4,83.26414955019305,108,99.28757796077207,80.79407896555341,86.61797969178562,CP CRECHE ESCOLA MIMI II,1,2025,continuante,8.735850449806946,7.287577960772069,Persistencia
2025,4038,227,4,247.39192202109382,324,297.8627338823162,240.05292303097744,259.8539390753569,CP ASSOCIAÇÃO CENTRO EDUCACIONAL REBRAL VIII,1,2025,continuante,20.39192202109382,70.8627338823162,PPML-FE unidade
2025,4039,89,4,79.48695866380045,103,94.69093083295854,77.12894024268437,82.60788803938814,CP ASSOCIAÇÃO CENTRO EDUCACIONAL REBRAL IX,1,2025,continuante,9.51304133619955,5.690930832958543,Persistencia
2025,4040,503,4,237.48819517182483,311,285.911451350001,230.44299494745383,249.4277007791234,CP ASSOCIAÇÃO CENTRO EDUCACIONAL REBRAL X,1,2025,continuante,265.5118048281752,217.08854864999898,Persistencia
2025,4041,105,4,81.75300847734839,106,97.44891910964665,79.32776661111204,85.01394303082662,CP CRECHE ESCOLA OTACÍLIO BATISTA,1,2025,continuante,23.246991522651612,7.551080890353347,Persistencia
2025,4042,167,4,173.54654263601302,227,208.68777960273388,168.39820193540075,182.0581610188457,CP CENTRO CULTURAL PEDACINHO DO CÉU,1,2025,continuante,6.546542636013015,41.68777960273388,PPML-FE unidade
2025,4043,104,4,102.17861763066882,133,122.27081359983968,99.14744035747141,106.66843795377304,CP ASSOCIAÇÃO COMUNITÁRIA EDUCACIONAL FLORESCER,1,2025,continuante,1.8213823693311753,18.270813599839684,PPML-FE unidade
2025,4044,186,4,183.4351300707877,240,220.63906213504902,177.9934397223591,192.48439931507917,CP CRECHE HOUSE BABY - BONSUCESSO,1,2025,continuante,2.564869929212307,34.639062135049016,PPML-FE unidade
2025,4045,112,4,118.85347455872163,155,142.49606096221916,115.32762972663406,124.31284122432194,CP CRECHE CRIANÇA FELIZ EM LUCAS,1,2025,continuante,6.853474558721629,30.49606096221916,PPML-FE unidade
2025,4046,84,4,94.60773668012719,123,113.07751934421263,91.8011531899296,98.64825464897808,CP CRECHE TIA NANE III,1,2025,continuante,10.60773668012719,29.077519344212632,PPML-FE unidade
2025,4047,305,4,271.0149747584784,355,326.36194607476,262.97518667724387,284.71650732022124,CP CRECHE VALE DO SOL III,1,2025,continuante,33.98502524152161,21.36194607476,Persistencia
2025,4048,117,4,166.70254236513586,218,200.41381477266953,161.75723218656321,174.8399960445302,CP INSTITUTO DE EDUCAÇÃO EUCLIDES DOS SANTOS II,1,2025,continuante,49.702542365135855,83.41381477266953,PPML-FE unidade
2025,4049,91,4,174.3070887344091,228,209.60710902829658,169.1361860721836,182.8601793493252,CP INSTITUTO JOSEFA LAURENTINO,1,2025,continuante,83.30708873440909,118.60710902829658,PPML-FE unidade
2025,4050,112,4,122.64627565398189,160,147.0927080900327,119.00791557410278,128.32293287671945,CP CENTRO EDUCACIONAL CARIOQUINHA,1,2025,continuante,10.646275653981888,35.09270809003269,PPML-FE unidade
2025,410601,62,4,90.94534423388866,61,56.07909495932496,88.24740735690612,48.92311815924929,CM MANGUINHOS,4,2025,continuante,28.94534423388866,5.920905040675038,Persistencia
2025,410602,27,4,99.22897184727682,16,14.70927080900327,96.2852972186632,12.832293287671943,CM DR. JUVENIL DE SOUZA LOPES,4,2025,continuante,72.22897184727682,12.29072919099673,Persistencia
2025,410603,143,4,273.91100090233107,380,349.3451817138276,265.78530082861334,304.7669655822087,CM CHICO BENTO,4,2025,continuante,130.91100090233107,206.34518171382763,PPML-FE unidade
2025,410801,452,4,323.6982622943542,463,425.64952403553207,314.0955994399133,371.3344870120069,EDI DOUTOR DOMINGOS ARTHUR MACHADO FILHO,4,2025,continuante,128.3017377056458,26.350475964467932,Persistencia
2025,410802,187,4,130.96703089150301,154,141.57673153665647,127.08183165137048,123.51082289384247,EDI DOUTOR ANTÔNIO FERNANDES FIGUEIRA,4,2025,continuante,56.032969108496985,45.42326846334353,Persistencia
2025,410803,68,4,67.34067182313174,71,65.272389214952,65.34297877613895,56.94330146404425,EDI JOAQUIM VENÂNCIO,4,2025,continuante,0.6593281768682573,2.7276107850480003,PPML-FE unidade
2025,410804,22,4,46.75522866459847,20,18.386588511254086,45.368212576325014,16.04036660958993,EDI SARGENTO JORGE FALEIRO SOUZA,4,2025,continuante,24.75522866459847,3.613411488745914,Persistencia
2025,410805,150,4,171.1886721327606,150,137.89941383440564,166.11027878168517,120.30274957192448,EDI COMPOSITOR NEOCI DIAS DE ANDRADE,4,2025,continuante,21.188672132760587,12.100586165594365,Persistencia
2025,410807,132,4,189.01086077421155,168,154.44734349453432,183.4037637234651,134.7390795205554,EDI PROFESSORA TANIA DA ROCHA CORREA,4,2025,continuante,57.01086077421155,22.447343494534323,Persistencia
2025,410808,158,4,184.24628651151852,225,206.84912075160847,178.7805328216085,180.4541243578867,EDI ALMIR LEITE RIBEIRO,4,2025,continuante,26.24628651151852,48.84912075160847,PPML-FE unidade
2025,410810,42,4,112.45089253718639,48,44.12781242700981,109.11498334489784,38.496879863015835,EDI MIGUEL COUTO,4,2025,continuante,70.45089253718639,2.1278124270098075,Persistencia
2025,411601,138,4,208.600079096113,253,232.5903446673642,202.41185857008452,202.91063761131264,CM CARLOS DRUMMOND DE ANDRADE,4,2025,continuante,70.600079096113,94.5903446673642,PPML-FE unidade
2025,411602,94,4,109.27729709318864,119,109.40020164196181,106.03553411864341,95.44018132706009,CM TEMPO DE APRENDER,4,2025,continuante,15.277297093188636,15.400201641961814,PPML-FE unidade
2025,411603,108,4,115.4483526346448,143,131.46410785546672,112.0235223634122,114.688621258568,CM MORRO DA PAZ,4,2025,continuante,7.448352634644806,23.46410785546672,PPML-FE unidade
2025,411604,11,4,90.0642182521949,35,32.17652989469465,87.39242039639376,28.070641566782378,CM BETINHO,4,2025,continuante,79.0642182521949,21.176529894694653,Persistencia
2025,411605,101,4,137.3166021540364,152,139.73807268553105,133.2430398634748,121.90678623288348,CM CARACOL,4,2025,continuante,36.31660215403639,38.73807268553105,PPML-FE unidade
2025,411607,5,4,50.62338169828783,10,9.193294255627043,49.121615011143,8.020183304794966,CM MARIA ALTAMIRA C. OLEGÁRIO,4,2025,continuante,45.62338169828783,4.193294255627043,Persistencia
2025,411609,31,4,109.27729709318864,21,19.30591793681679,106.03553411864341,16.842384940069426,CM TIA RUTH COSTA DOS SANTOS,4,2025,continuante,78.27729709318864,11.69408206318321,Persistencia
2025,411801,208,4,291.56528059772074,310,284.9921219244383,282.9158579230498,248.6256824486439,EDI MARIANA ROCHA DE SOUZA,4,2025,continuante,83.56528059772074,76.99212192443832,Persistencia
2025,411802,51,4,95.52755233989207,115,105.722883939711,92.69368208081795,92.2321080051421,EDI JOEL LUIZ DE AZEVEDO BASTOS,4,2025,continuante,44.52755233989207,54.722883939711,PPML-FE unidade
2025,411803,96,4,159.19101144216486,160,147.0927080900327,154.46853439980597,128.32293287671945,EDI MARIA DE LOURDES FERREIRA,4,2025,continuante,63.191011442164864,51.09270809003269,Persistencia
2025,411804,4,4,29.02376008500698,35,32.17652989469465,28.162756442636294,28.070641566782378,EDI MORRO DA FÉ,4,2025,continuante,25.02376008500698,28.176529894694653,PPML-FE unidade
2025,430601,115,4,243.01849919331312,332,305.2173692868178,235.80923987074212,266.2700857191928,CM MENINO MALUQUINHO,4,2025,continuante,128.01849919331312,190.2173692868178,PPML-FE unidade
2025,430602,377,4,271.96908876639986,436,400.82762954533905,263.9009964394835,349.6799920890604,CM VILA PINHEIRO,4,2025,continuante,105.03091123360014,23.82762954533905,Persistencia
2025,430603,439,4,288.91707983195835,514,472.5353247392301,280.34621729210016,412.23742186646126,CM TIO MÁRIO,4,2025,continuante,150.08292016804165,33.53532473923008,Persistencia
2025,430604,69,4,136.96383429460548,113,103.88422508858558,132.9007370303186,90.6280713441831,CM MONTEIRO LOBATO,4,2025,continuante,67.96383429460548,34.88422508858558,Persistencia
2025,430605,73,4,79.4926346905816,139,127.7867901532159,77.13444788743234,111.48054793665001,CM NOVA HOLANDA,4,2025,continuante,6.492634690581596,54.786790153215904,PPML-FE unidade
2025,430607,78,4,74.91287187971731,95,87.3362954284569,72.69054591781672,76.19174139555217,CM PROFESSOR PAULO FREIRE,4,2025,continuante,3.087128120282685,9.336295428456907,PPML-FE unidade
2025,430801,176,4,172.0709016803488,219,201.33314419823225,166.96633657028502,175.64201437500975,"EDI PESCADOR ISIDORO DUARTE - ""DORO""",4,2025,continuante,3.929098319651189,25.333144198232247,PPML-FE unidade
2025,430802,87,4,194.48148544191264,263,241.78363892299126,188.71209970937107,210.93082091610762,EDI PROFESSORA KELITA FARIA DE PAULA,4,2025,continuante,107.48148544191264,154.78363892299126,PPML-FE unidade
2025,430803,60,4,138.55130206861088,182,167.31795545241218,134.44111181804098,145.96733614726836,EDI PROFESSOR MOACYR DE GÓES,4,2025,continuante,78.55130206861088,107.31795545241218,PPML-FE unidade
2025,430805,178,4,157.07391305612643,217,199.49448534710683,152.41424074397125,174.03797771405075,EDI PROFESSORA SOLANGE CONCEIÇÃO TRICARICO,4,2025,continuante,20.92608694387357,21.49448534710683,PPML-FE unidade
2025,430806,74,4,180.5406170135053,223,205.01046190048305,175.18479377112746,178.85008769692772,EDI CLEIA SANTOS DE OLIVEIRA,4,2025,continuante,106.54061701350531,131.01046190048305,PPML-FE unidade
2025,430807,161,4,160.2495766103957,190,174.6725908569138,155.49569672902274,152.38348279110434,EDI MARIA AMÉLIA CASTRO E SILVA BELFORT,4,2025,continuante,0.7504233896042933,13.672590856913814,PPML-FE unidade
2025,430809,406,4,270.9098691096634,432,397.1503118430883,262.87319903747385,346.4719187671425,EDI MEDALHISTA OLÍMPICO LUIZ FELIPE MARQUES FONTELES,4,2025,continuante,135.09013089033658,8.849688156911725,Persistencia
2025,430810,402,4,290.8590917764454,442,406.34360609871527,282.23061852891755,354.49210207193744,EDI MEDALHISTA OLÍMPICO EVANDRO MOTTA MARCONDES GUERRA,4,2025,continuante,111.14090822355462,4.34360609871527,Persistencia
2025,430811,387,4,300.0396543410742,424,389.7956764385866,291.1388353401358,340.0557721233065,EDI MEDALHISTA OLÍMPICO WILLIAM PEIXOTO ARJONA,4,2025,continuante,86.9603456589258,2.795676438586611,Persistencia
2025,430812,204,4,173.129585453199,234,215.1230855816728,167.9936139856587,187.67228933220218,EDI MEDALHISTA OLÍMPICO EDER FRANCIS CARBONERA,4,2025,continuante,30.870414546800987,11.123085581672797,Persistencia
2025,430813,82,4,67.69280493805921,104,95.61026025852125,65.68466569478916,83.40990636986764,EDI ARMANDO DE SALLES OLIVEIRA,4,2025,continuante,14.307195061940789,13.61026025852125,Persistencia
2025,430815,340,4,89.18311519475115,360,330.9585932025735,86.53745568007264,288.7265989726187,EDI PESCADOR ALBANO ROSA,4,2025,continuante,250.81688480524883,9.041406797426475,Persistencia
2025,431601,23,4,95.7038024711405,14,12.87061195787786,92.86470366812416,11.228256626712952,CM LUÍS CARLOS DE OLIVEIRA CÂMARA,4,2025,continuante,72.7038024711405,10.12938804212214,Persistencia
2025,431602,289,4,256.0811926297321,326,299.7013927334416,248.48442229566612,261.45797573631586,CM BARBOSA LIMA SOBRINHO,4,2025,continuante,32.91880737026793,10.701392733441594,Persistencia
2025,431603,104,4,130.43792465844143,142,130.544778429904,126.5684216062781,113.8866029280885,CM CHICO MENDES,4,2025,continuante,26.437924658441432,26.544778429904,PPML-FE unidade
2025,431604,109,4,127.08701145015164,150,137.89941383440564,123.3169148315157,120.30274957192448,CM CORAÇÃO DE GENEVE,4,2025,continuante,18.087011450151635,28.899413834405635,PPML-FE unidade
2025,431605,306,4,265.0842273408044,343,315.32999296800756,257.2203777015099,275.09228735446726,CM SEMPRE VIDA DIQUE,4,2025,continuante,40.915772659195625,9.32999296800756,Persistencia
2025,431606,61,4,71.3905812925086,80,73.54635404501634,69.27274575556302,64.16146643835972,CM VISCONDE DE SABUGOSA,4,2025,continuante,10.3905812925086,12.546354045016344,PPML-FE unidade
2025,431607,32,4,21.498059368136992,54,49.643788980386034,20.860309215653164,43.30898984589281,CM ACAUÃ,4,2025,continuante,10.501940631863008,17.643788980386034,PPML-FE unidade
2025,431608,8,4,50.09581906586868,5,4.5966471278135215,48.609702775046074,4.010091652397483,CM ARI PIMENTEL,4,2025,continuante,42.09581906586868,3.4033528721864785,Persistencia
2025,431801,26,4,26.221063229718304,30,27.579882766881127,25.443202922111848,24.060549914384897,EDI CARVALHO MOURÃO,4,2025,continuante,0.22106322971830394,1.579882766881127,PPML-FE unidade
2025,431802,158,4,242.84198089447318,213,195.81716764485603,235.63795807116352,170.82990439213276,EDI PROFESSOR CARLOS FALSETH,4,2025,continuante,84.84198089447318,37.81716764485603,Persistencia
2025,431803,31,4,40.42919872061268,30,27.579882766881127,39.22984731836078,24.060549914384897,EDI PROFESSOR EMMANUEL PEREIRA FILHO,4,2025,continuante,9.429198720612682,3.420117233118873,Persistencia
2025,5001,490,4,514.4132922669668,674,619.6280328292627,499.1529773722556,540.5603547431807,CP ASSOCIAÇÃO AMIGOS DA CRIANÇA - CRECHE ROCHA MIRANDA,1,2025,continuante,24.413292266966778,129.62803282926268,PPML-FE unidade
2025,5002,116,4,106.72391948794757,139,127.7867901532159,103.5579036740742,111.48054793665001,CP CRECHE EFFATÁ,1,2025,continuante,9.276080512052431,11.786790153215904,PPML-FE unidade
2025,5003,175,4,150.74024991194256,197,181.10789683585276,146.26846872832206,157.99761110446082,CP CRECHE PINTINHO DOURADO,1,2025,continuante,24.259750088057444,6.107896835852756,Persistencia
2025,5004,72,4,75.71208666111399,98,90.09428370514502,73.46605161273378,78.59779638699065,CP CRECHE CASULO SÃO RAFAEL ARCANJO,1,2025,continuante,3.712086661113986,18.094283705145017,PPML-FE unidade
2025,5005,147,4,148.46081472890907,194,178.34990855916462,144.05665407375875,155.5915561130223,CP CRECHE APÓSTOLO SÃO PEDRO,1,2025,continuante,1.460814728909071,31.349908559164618,PPML-FE unidade
2025,5006,470,4,428.9118814575474,562,516.6631371662398,416.1880065664446,450.73430172947707,CP CRECHE CARDEAL CÂMARA,1,2025,continuante,41.088118542452605,46.663137166239835,PPML-FE unidade
2025,5007,75,4,88.5557326289228,115,105.722883939711,85.92868471635083,92.2321080051421,CP CENTRO COMUNITÁRIO FLOR DO AMANHÃ,1,2025,continuante,13.555732628922797,30.722883939710997,PPML-FE unidade
2025,5008,223,4,199.41522950481973,261,239.94498007186584,193.49948190888603,209.32678425514862,CP ASSOCIAÇÃO HOUSE BABY - VILA KOSMOS,1,2025,continuante,23.584770495180265,16.944980071865842,Persistencia
2025,5009,249,4,295.40833618414075,387,355.78048769276654,286.64490743830436,310.38109389556513,CP ASSOCIAÇÃO CRECHE ESPERANÇA - IRAJÁ,1,2025,continuante,46.40833618414075,106.78048769276654,PPML-FE unidade
2025,5010,641,4,403.72673293406774,529,486.3252661226706,391.7499874482815,424.2676968236537,CP ASSOCIAÇÃO CENTRO EDUCACIONAL REBRAL VII,1,2025,continuante,237.27326706593226,154.6747338773294,Persistencia
2025,5012,351,4,351.08059732500215,460,422.891535758844,340.66562448284947,368.9284320205684,CP ASSOCIAÇÃO CENTRO EDUCACIONAL REBRAL XI,1,2025,continuante,0.08059732500214523,71.89153575884399,PPML-FE unidade
2025,5013,281,4,283.9729918469954,372,341.990546309326,275.54879802789515,298.3508189383727,CP CENTRO EDUCACIONAL SOMAR,1,2025,continuante,2.9729918469953986,60.99054630932602,PPML-FE unidade
2025,5014,407,4,341.92695122442876,448,411.85958265209155,331.7835256459828,359.30421205481446,CP AEMMAC - MARECHAL HERMES,1,2025,continuante,65.07304877557124,4.859582652091547,Persistencia
2025,5015,578,4,494.56179422774255,648,595.7254677646324,479.89038346082964,519.7078781507138,CP AEMMAC - ROCHA MIRANDA,1,2025,continuante,83.43820577225745,17.725467764632413,Persistencia
2025,5016,338,4,337.35040436245146,442,406.34360609871527,327.3427442226014,354.49210207193744,CP ASSOCIAÇÃO EDUCACIONAL E CULTURAL SÃO BERNARDO - CSB,1,2025,continuante,0.6495956375485434,68.34360609871527,PPML-FE unidade
2025,514009,64,4,66.10825790039848,69,63.433730363826605,64.14712499837911,55.339264803085264,EM MATO GROSSO,4,2025,continuante,2.1082579003984847,0.566269636173395,Persistencia
2025,514501,46,4,55.3725533077448,42,38.61183587363358,53.72990018679506,33.68476988013885,CIEP DOM OSCAR ROMERO,4,2025,continuante,9.372553307744802,7.388164126366419,Persistencia
2025,514601,72,4,118.26963932720004,120,110.31953106752451,114.76111424484209,96.24219965753959,CM TIO SEBASTIÃO XAVIER,4,2025,continuante,46.26963932720004,38.31953106752451,Persistencia
2025,514602,470,4,525.8949702233477,578,531.372407975243,510.2940458930563,463.566595017149,CM JECIÁ DE FREITAS FERREIRA,4,2025,continuante,55.89497022334774,61.37240797524305,PPML-FE unidade
2025,514603,110,4,197.65806498739417,164,150.7700257922835,191.79444451231996,131.5310061986374,CM AMÁLIA FERNANDEZ CONDE,4,2025,continuante,87.65806498739417,40.77002579228349,Persistencia
2025,514604,80,4,152.31060278888262,130,119.51282532315157,147.7922363405379,104.26238296233457,CM ESTRELINHA DOURADA,4,2025,continuante,72.31060278888262,39.512825323151574,Persistencia
2025,514605,149,4,197.65806498739417,194,178.34990855916462,191.79444451231996,155.5915561130223,CM O SONHO DE RAMON PASCUAL,4,2025,continuante,48.65806498739417,29.349908559164618,Persistencia
2025,514606,112,4,135.9055402909092,152,139.73807268553105,131.87383782141157,121.90678623288348,CM ACALANTO,4,2025,continuante,23.905540290909187,27.73807268553105,PPML-FE unidade
2025,514607,104,4,191.12849872428404,159,146.17337866447,185.45858093691027,127.52091454623996,CM SEMENTINHA,4,2025,continuante,87.12849872428404,42.17337866446999,Persistencia
2025,514608,158,4,173.129585453199,215,197.65582649598142,167.9936139856587,172.43394105309176,CM JOSEPH BARBERA,4,2025,continuante,15.129585453199013,39.655826495981415,PPML-FE unidade
2025,514609,287,4,371.0191649709078,349,320.8459695213838,360.0127050396771,279.9043973373443,CM PARQUE BOM MENINO,4,2025,continuante,84.01916497090781,33.84596952138378,Persistencia
2025,514801,123,4,245.4897685843904,192,176.51124970803923,238.20719788035933,153.98751945206334,EDI DEPUTADO PEDRO FERNANDES,4,2025,continuante,122.48976858439039,53.51124970803923,Persistencia
2025,514802,81,4,67.51673756695767,101,92.85227198183313,65.5138214459632,81.00385137842915,EDI LUXEMBURGO,4,2025,continuante,13.483262433042327,11.852271981833127,Persistencia
2025,514803,58,4,60.475474708510696,57,52.401777257074144,58.681440998005286,45.7150448373313,EDI JOSÉ ALPOIM,4,2025,continuante,2.4754747085106956,5.598222742925856,PPML-FE unidade
2025,515015,80,4,92.53142737252583,104,95.61026025852125,89.7864385851268,83.40990636986764,EM PADRE DEHON,4,2025,continuante,12.531427372525826,15.61026025852125,PPML-FE unidade
2025,515021,71,4,83.89700463045324,88,80.90098944951798,81.40816009896452,70.5776130821957,EM MOZART LAGO,4,2025,continuante,12.897004630453239,9.90098944951798,Persistencia
2025,515046,55,4,51.854461217650915,71,65.272389214952,50.31617397124308,56.94330146404425,EM ADELMAR TAVARES,4,2025,continuante,3.1455387823490852,10.272389214952,PPML-FE unidade
2025,515053,34,4,40.42919872061272,62,56.99842438488767,39.22984731836082,49.72513648972879,EM SENADOR FRANCISCO GALLOTTI,4,2025,continuante,6.4291987206127175,22.99842438488767,PPML-FE unidade
2025,515064,24,4,22.371951358440075,21,19.30591793681679,21.70827678456888,16.842384940069426,EM MESTRE DARCY DO JONGO,4,2025,continuante,1.628048641559925,4.69408206318321,PPML-FE unidade
2025,515501,76,4,88.65446455197537,80,73.54635404501634,86.02448770996361,64.16146643835972,CIEP AUGUSTO PINHEIRO DE CARVALHO,4,2025,continuante,12.654464551975366,2.4536459549836565,Persistencia
2025,515503,47,4,56.95601751982585,69,63.433730363826605,55.26639018016109,55.339264803085264,CIEP METALÚRGICO BENEDITO CERQUEIRA,4,2025,continuante,9.95601751982585,16.433730363826605,PPML-FE unidade
2025,515601,102,4,130.0851893589384,102,93.77160140739583,126.22615036714406,81.80586970890865,CM OLGA BENÁRIO,4,2025,continuante,28.085189358938408,8.228398592604165,Persistencia
2025,515602,339,4,419.7567367249652,499,458.7453833557895,407.30445355520027,400.2071469092688,CM SÃO MIGUEL ARCANJO,4,2025,continuante,80.75673672496521,119.7453833557895,PPML-FE unidade
2025,515604,222,4,295.8024428495963,303,278.5568159454994,287.0273227421497,243.01155413528747,CM GERCINDA ROSA FONSECA,4,2025,continuante,73.80244284959628,56.55681594549941,Persistencia
2025,515605,244,4,289.97635773973406,288,264.76687456205883,281.37407121710424,230.98127917809498,CM JOSÉ RAIMUNDO DE SOUZA ALVES,4,2025,continuante,45.976357739734055,20.76687456205883,Persistencia
2025,515606,153,4,226.24985362211808,189,173.75326143135112,219.5380441431282,151.58146446062486,CM JOSUÉ DE CASTRO,4,2025,continuante,73.24985362211808,20.75326143135112,Persistencia
2025,515607,299,4,301.98172568402384,327,300.6207221590043,293.02329421333224,262.25999406679534,CM MANÉ GARRINCHA I,4,2025,continuante,2.981725684023843,1.6207221590042877,Persistencia
2025,515608,128,4,160.2495766103957,182,167.31795545241218,155.49569672902274,145.96733614726836,CM MARIA JOSÉ DE PAULA DE JESUS,4,2025,continuante,32.24957661039571,39.31795545241218,PPML-FE unidade
2025,515610,69,4,95.70380247114042,100,91.93294255627043,92.86470366812408,80.20183304794966,CM SEMPRE VIDA PALMEIRINHA,4,2025,continuante,26.70380247114042,22.932942556270433,Persistencia
2025,515611,169,4,174.8940782820476,219,201.33314419823225,169.70576229580513,175.64201437500975,CM VOVÓ MARIA JOANA,4,2025,continuante,5.894078282047587,32.33314419823225,PPML-FE unidade
2025,515612,150,4,136.2583033548079,208,191.2205205170425,132.2161360012973,166.81981273973528,CM TIA MARIA DO JONGO,4,2025,continuante,13.741696645192093,41.2205205170425,PPML-FE unidade
2025,515613,189,4,205.59978069601613,282,259.2508980086826,199.50056544852896,226.16916919521802,CM MANOEL DA ROCHA APRISCO,4,2025,continuante,16.599780696016126,70.25089800868261,PPML-FE unidade
2025,515801,433,4,390.6197021436288,469,431.1655005889083,379.0317829580249,376.14659699488385,EDI KARINE LORRAINE CHAGAS DE OLIVEIRA,4,2025,continuante,42.380297856371214,1.8344994110917128,Persistencia
2025,515802,96,4,82.31135164972882,78,71.70769519389093,79.86954626781757,62.55742977740072,EDI GUSTAVO LESSA,4,2025,continuante,13.68864835027118,24.292304806109073,PPML-FE unidade
2025,515803,89,4,96.58506525460695,89,81.82031887508069,93.71982337211958,71.3796314126752,EDI PIO XII,4,2025,continuante,7.5850652546069455,7.179681124919313,Persistencia
2025,515804,85,4,94.47006878198648,97,89.17495427958231,91.66756927544192,77.79577805651115,EDI FERNÃO DIAS,4,2025,continuante,9.470068781986484,4.174954279582309,Persistencia
2025,515805,45,4,61.179466525951845,75,68.94970691720282,59.36454856346664,60.15137478596224,EDI ROCHA POMBO,4,2025,continuante,16.179466525951845,23.949706917202818,PPML-FE unidade
2025,515807,102,4,134.31812661183554,135,124.1094724509651,130.33351552386907,108.27247461473203,EDI BURITI CONGONHAS,4,2025,continuante,32.31812661183554,22.1094724509651,Persistencia
2025,515808,95,4,107.8668744205374,129,118.59349589758887,104.6669523051668,103.46036463185507,EDI GUARACIARA RODRIGUES DINIZ,4,2025,continuante,12.8668744205374,23.593495897588866,PPML-FE unidade
2025,515809,305,4,319.81391998945196,409,376.00573505514603,310.3264879963102,328.02549716611406,EDI PROFESSOR UBIRAJARA DE PAULA CASTRO,4,2025,continuante,14.81391998945196,71.00573505514603,PPML-FE unidade
2025,515810,195,4,249.90280979908317,246,226.15503868842526,242.48932412922227,197.29650929795616,EDI PROFESSORA TEREZINHA SARDOUX HENRIQUES,4,2025,continuante,54.90280979908317,31.155038688425265,Persistencia
2025,6001,295,4,255.77330115797798,335,307.97535756350595,248.18566457080968,268.67614071063133,CP ESCOLA PATRONATO NOSSA SENHORA DE NAZARÉ,1,2025,continuante,39.22669884202202,12.975357563505952,Persistencia
2025,6002,197,4,184.19591940902356,241,221.55839156061174,178.73165988315625,193.28641764555866,CP CRECHE GUADALUPE,1,2025,continuante,12.80408059097644,24.55839156061174,PPML-FE unidade
2025,6003,416,4,386.1758076389846,506,465.1806893347284,374.71971869672626,405.8212752226253,CP CRECHE NOSSO LAR,1,2025,continuante,29.824192361015378,49.18068933472841,PPML-FE unidade
2025,6004,91,4,79.48695866380045,103,94.69093083295854,77.12894024268437,82.60788803938814,CP CENTRO COMUNITÁRIO PARQUE UNIDOS DE ACARI,1,2025,continuante,11.51304133619955,3.690930832958543,Persistencia
2025,6005,132,4,123.40495620889992,161,148.01203751559538,119.74408950964182,129.12495120719893,CP CRECHE DON GUANELLA,1,2025,continuante,8.595043791100082,16.01203751559538,PPML-FE unidade
2025,6006,161,4,154.53983000040037,202,185.70454396366625,149.95533246693205,162.0077027568583,CP CRECHE ESCOLA COMUNITÁRIA TIO PATINHAS,1,2025,continuante,6.4601699995996285,24.704543963666254,PPML-FE unidade
2025,6007,131,4,124.16367574052674,162,148.9313669411581,120.48030126562708,129.92696953767845,CP CRECHE ABRINDO PORTAS,1,2025,continuante,6.836324259473258,17.931366941158103,PPML-FE unidade
2025,6009,315,4,245.10629431483773,321,295.10474560562807,237.83509955733717,257.4478840839183,CP CENTRO EDUCACIONAL NOSSA SENHORA APARECIDA,1,2025,continuante,69.89370568516227,19.895254394371932,Persistencia
2025,6012,221,4,212.35643046899003,278,255.5735803064318,206.05677599351463,222.96109587330002,CP ASSOCIAÇÃO CRESCÊNCIO,1,2025,continuante,8.643569531009973,34.57358030643181,PPML-FE unidade
2025,6013,279,4,229.87116173821968,301,276.71815709437396,223.05192443220193,241.40751747432842,CP CRECHE COMUNITÁRIA AQUARELA,1,2025,continuante,49.12883826178032,2.2818429056260356,Persistencia
2025,6015,356,4,277.8748202366484,364,334.63591090482436,269.6315315777663,291.9346722945367,CP AEMMAC - PAVUNA,1,2025,continuante,78.12517976335158,21.364089095175643,Persistencia
2025,6016,368,4,333.5367608356418,437,401.7469589709018,323.6422342442248,350.48201041954,CP CRECHE NOSSO LAR II,1,2025,continuante,34.463239164358185,33.7469589709018,Persistencia
2025,6017,271,4,191.04380038840202,250,229.8323563906761,185.37639521743233,200.50458261987416,CP CRECHE JOÃO E MARIA,1,2025,continuante,79.95619961159798,41.1676436093239,Persistencia
2025,6018,181,4,212.35643046899003,278,255.5735803064318,206.05677599351463,222.96109587330002,CP ASSOCIAÇÃO CRECHE ESPERANÇA - COELHO NETO,1,2025,continuante,31.356430468990027,74.57358030643181,PPML-FE unidade
2025,622202,179,4,174.18827819353058,185,170.0759437291003,169.02090010248912,148.37339113870686,CIEP GENERAL AUGUSTO CESAR SANDINO,4,2025,continuante,4.811721806469421,8.924056270899712,PPML-FE unidade
2025,622601,216,4,281.50222613777504,293,269.36352168987236,273.15132875817307,234.99137083049249,CM JOSÉ GOULART,4,2025,continuante,65.50222613777504,53.36352168987236,Persistencia
2025,622602,176,4,218.66025743103387,202,185.70454396366625,212.17359693155274,162.0077027568583,CM SILVIO AMANCIO,4,2025,continuante,42.66025743103387,9.704543963666254,Persistencia
2025,622603,239,4,283.09110963647134,326,299.7013927334416,274.6930772724403,261.45797573631586,CM YARA AMARAL,4,2025,continuante,44.091109636471344,60.701392733441594,PPML-FE unidade
2025,622801,244,4,242.66546272239057,276,253.73492145530642,235.46667639458195,221.35705921234106,EDI ERNANI CARDOSO,4,2025,continuante,1.334537277609428,9.73492145530642,PPML-FE unidade
2025,622802,50,4,57.835800412910544,59,54.24043610819955,56.12007389542654,47.319081498290295,EDI PROFESSORA MILTOLINA DA SILVA,4,2025,continuante,7.835800412910544,4.240436108199553,Persistencia
2025,622804,302,4,330.2310973209493,353,324.5232872236346,320.43463480938505,283.11247065926227,EDI MEDALHISTA PARALÍMPICO DANIEL MARTINS,4,2025,continuante,28.23109732094929,22.52328722363461,Persistencia
2025,622805,155,4,250.07933302164278,257,236.26766236961504,242.6606107064561,206.11871093323063,EDI MEDALHISTA OLÍMPICO MAURÍCIO LUIZ DE SOUZA,4,2025,continuante,95.07933302164278,81.26766236961504,Persistencia
2025,622810,61,4,65.58010578287852,55,50.563118405948735,63.63464076453716,44.1110081763723,EDI ANTÔNIO FRANCISCO LISBOA,4,2025,continuante,4.580105782878519,10.436881594051265,PPML-FE unidade
2025,625601,160,4,141.19715128269885,198,182.02722626141545,137.00847065721473,158.79962943494033,CM OS SABIDINHOS,4,2025,continuante,18.802848717301146,22.02722626141545,PPML-FE unidade
2025,625602,193,4,142.96109772782987,233,214.2037561561101,138.72008879237637,186.87027100172267,CM PROFESSORA JUREMA GOMES SAMPAIO DELFIM,4,2025,continuante,50.038902272170134,21.203756156110103,Persistencia
2025,625603,136,4,131.31977055571056,188,172.8339320057884,127.424107125728,150.77944613014535,CM DR. ALBERT SABIN,4,2025,continuante,4.680229444289438,36.8339320057884,PPML-FE unidade
2025,625604,332,4,333.0561363704963,360,330.9585932025735,323.17586773235246,288.7265989726187,CM HERBERT DE SOUZA - BETINHO,4,2025,continuante,1.05613637049629,1.0414067974264754,Persistencia
2025,625605,253,4,192.01085659773892,292,268.44419226430966,186.31476324452896,234.189352500013,CM LUÍS CARLOS PRESTES,4,2025,continuante,60.98914340226108,15.444192264309663,Persistencia
2025,625606,328,4,316.81240695558233,410,376.9250644807088,307.41401627367026,328.82751549659355,CM LUÍS DE SOUZA DA COSTA BARROS,4,2025,continuante,11.187593044417667,48.925064480708784,PPML-FE unidade
2025,625607,382,4,339.05940131960904,452,415.5369003543423,329.0010429724763,362.5122853767324,CM LUIZA DE BARROS DE SÁ FREIRE,4,2025,continuante,42.94059868039096,33.53690035434232,Persistencia
2025,625608,184,4,166.60118266380252,211,193.9785087937306,161.65887936896175,169.22586773117376,CM MAJOR CELESTINO R. DOS SANTOS,4,2025,continuante,17.39881733619748,9.978508793730612,Persistencia
2025,625609,103,4,120.73837730959079,169,155.36667292009702,117.15661594121505,135.5410978510349,CM SÔNIA MARIA DE M. ANGEL JONES,4,2025,continuante,17.73837730959079,52.36667292009702,PPML-FE unidade
2025,625610,110,4,108.57208070219536,121,111.23886049308722,105.35123830718658,97.04421798801908,CM ZUZU ANGEL,4,2025,continuante,1.4279192978046353,1.2388604930872162,Persistencia
2025,625611,407,4,351.77244287495864,562,516.6631371662398,341.33694610562605,450.73430172947707,CM ZILKA SALABERRY,4,2025,continuante,55.22755712504136,109.66313716623984,PPML-FE unidade
2025,625612,484,4,440.9480443143202,636,584.69351465788,427.8671109294352,510.08365818495986,CM YEDDA MARQUES LAMOUNIER DE ANDRADE MACIEL,4,2025,continuante,43.051955685679786,100.69351465787997,PPML-FE unidade
2025,625614,291,4,282.0318531255803,361,331.8779226281363,273.6652441095721,289.52861730309826,CM SIMONE DE BEAUVOIR,4,2025,continuante,8.968146874419688,40.877922628136275,PPML-FE unidade
2025,625615,408,4,347.00501430690133,502,461.50337163247764,336.7109455727309,402.61320190070734,CM EDNA LOTTE,4,2025,continuante,60.99498569309867,53.50337163247764,Persistencia
2025,625616,97,4,97.99512704233813,110,101.12623681189747,95.08805500649886,88.2220163527446,CM PROFESSOR ROGÉRIO PEDRO BATISTA,4,2025,continuante,0.995127042338126,4.126236811897471,PPML-FE unidade
2025,625801,131,4,127.79245330297479,179,164.55996717572407,124.00142941637003,143.56128115582987,EDI PROFESSORA ROSENICE ROCHA ROQUE,4,2025,continuante,3.207546697025208,33.55996717572407,PPML-FE unidade
2025,625802,325,4,265.2607602626339,374,343.8292051604514,257.39167369028013,299.9548555993317,EDI WESLEY GUILBER RODRIGUES DE ANDRADE,4,2025,continuante,59.73923973736612,18.82920516045141,Persistencia
2025,625803,219,4,216.01279087134003,283,260.1702274342453,209.6046687260995,226.9711875256975,EDI PROFESSORA BEATRIZ DE SOUZA MADEIRA,4,2025,continuante,2.98720912865997,41.170227434245305,PPML-FE unidade
2025,625804,270,4,246.37237071308434,316,290.50809847781454,239.0636171972693,253.43779243152088,EDI PROFESSORA HELIA LÚCIA MORENO FERREIRA,4,2025,continuante,23.627629286915663,20.508098477814542,Persistencia
2025,625807,49,4,47.45841502904876,84,77.22367174726716,46.05053858294145,67.3695397602777,EDI FROTA PESSOA,4,2025,continuante,1.5415849709512415,28.22367174726716,PPML-FE unidade
2025,625813,22,4,132.37799988870083,35,32.17652989469465,128.45094358241622,28.070641566782378,EDI PROFESSORA GRACÍLIA ROSA DE BELÉM MAYOR,4,2025,continuante,110.37799988870083,10.176529894694653,Persistencia
2025,625814,103,4,133.78899612042986,156,143.41539038778185,129.8200819400679,125.11485955480144,EDI PROFESSORA ROSEANE VASCONCELOS,4,2025,continuante,30.788996120429857,40.415390387781855,PPML-FE unidade
2025,625815,165,4,204.36437847052161,240,220.63906213504902,198.30181201743008,192.48439931507917,EDI PROFESSORA KRISTINA ROMOLO KIFFER,4,2025,continuante,39.364378470521615,55.639062135049016,PPML-FE unidade
2025,625816,243,4,219.18975499034104,295,271.20218054099774,212.6873866940116,236.59540749145143,EDI PROFESSORA REGINA CELI RABELO DE ALMEIDA,4,2025,continuante,23.810245009658956,28.202180540997745,PPML-FE unidade
2025,625817,242,4,242.4889446772494,313,287.75011020112646,235.295394841176,251.0317374400824,EDI PROFESSORA DANIELE SIMÕES DE SOUZA LOPES,4,2025,continuante,0.4889446772494068,45.75011020112646,PPML-FE unidade
2025,625818,230,4,212.30639842560188,265,243.62229777411667,206.00822817448153,212.53485757706662,EDI MARIA EUGENIA CANELHAS,4,2025,continuante,17.693601574398116,13.622297774116674,Persistencia
2025,625819,253,4,249.72628669622918,349,320.8459695213838,242.31803766814298,279.9043973373443,EDI MARIZA ALVES PIMENTA,4,2025,continuante,3.273713303770819,67.84596952138378,PPML-FE unidade
2025,625820,272,4,269.9844136971782,355,326.36194607476,261.975197699811,284.71650732022124,EDI BETH CARVALHO,2,2025,continuante,2.0155863028218164,54.36194607476,PPML-FE unidade
2025,7001,219,4,209.31107807869924,274,251.896262604181,203.10176542980537,219.75302255138206,CP CRECHE NOVO PALMARES,1,2025,continuante,9.68892192130076,32.896262604181004,PPML-FE unidade
2025,7002,220,4,231.39447984418226,303,278.5568159454994,224.53005258228418,243.01155413528747,CP CRECHE CANTINHO FELIZ,1,2025,continuante,11.394479844182257,58.55681594549941,PPML-FE unidade
2025,7003,658,4,550.3025403633594,721,662.8365158307098,533.9775538601994,578.255216275717,CP CRECHE ESCOLA MÃE ASTÉRIA,1,2025,continuante,107.69745963664059,4.8365158307098,Persistencia
2025,7004,201,4,214.64058477011005,281,258.3315685831199,208.27316977128274,225.36715086473853,CP CASA EMILIEN LACAY,1,2025,continuante,13.640584770110053,57.33156858311992,PPML-FE unidade
2025,7007,170,4,173.54654263601319,227,208.68777960273388,168.39820193540092,182.0581610188457,CP SEMENTE DE AMOR,1,2025,continuante,3.5465426360131858,38.68777960273388,PPML-FE unidade
2025,7008,138,4,140.8644987316074,184,169.1566143035376,136.6856864022122,147.57137280822735,CP CRECHE SÃO PAULO APÓSTOLO,1,2025,continuante,2.864498731607398,31.156614303537594,PPML-FE unidade
2025,7010,88,4,114.30350519361473,149,136.98008440884294,110.91263736604203,119.50073124144498,CP CRECHE NOVA ESPERANÇA,1,2025,continuante,26.303505193614725,48.98008440884294,PPML-FE unidade
2025,7011,117,4,120.37047266968871,157,144.33471981334458,116.79962536737722,125.91687788528097,CP CRECHE RITA ALEXANDRINA FERREIRA,1,2025,continuante,3.3704726696887093,27.334719813344577,PPML-FE unidade
2025,7013,673,4,548.7752441034839,719,660.9978569795844,532.4955655700315,576.651179614758,CP ESPAÇO DE EDUCAÇÃO INFANTIL CIDADE DE DEUS,1,2025,continuante,124.22475589651606,12.002143020415588,Persistencia
2025,7014,712,4,573.9766281948305,752,691.3357280231536,556.9493386202214,603.1177845205814,CP CENTRO INTEGRADO SÃO JOSÉ,1,2025,continuante,138.02337180516952,20.664271976846408,Persistencia
2025,7015,323,4,270.2528100686491,354,325.4426166491973,262.2356319653123,283.91448898974176,CP CRECHE CANTINHO FELIZ II,1,2025,continuante,52.747189931350874,2.442616649197305,Persistencia
2025,7017,90,4,105.96623502895486,138,126.86746072765321,102.82269628480125,110.67852960617053,CP CRECHE RAIMUNDA NONATA DA SILVA,1,2025,continuante,15.966235028954856,36.86746072765321,PPML-FE unidade
2025,7018,150,4,166.70254236513586,218,200.41381477266953,161.75723218656321,174.8399960445302,CP CRECHE SANT ANA IRMÃ ANCILA,1,2025,continuante,16.702542365135855,50.413814772669525,PPML-FE unidade
2025,7019,291,4,226.82466250607717,297,273.0408393921232,220.09580104824974,238.19944415241048,CP JARDIM ESCOLA TURMINHA DA ARCA - JETA,1,2025,continuante,64.17533749392283,17.95916060787681,Persistencia
2025,7020,260,4,303.79524969686497,398,365.8931113739563,294.783019174086,319.20329553083957,CP JARDIM ESCOLA CRESCENDO E APRENDENDO,1,2025,continuante,43.79524969686497,105.89311137395629,PPML-FE unidade
2025,7025,177,4,172.78601638867923,226,207.76845017717116,167.66023706078903,181.2561426883662,CP INSTITUTO CONSUELO PINHEIRO,1,2025,continuante,4.213983611320771,30.76845017717116,PPML-FE unidade
2025,7027,207,4,269.4906536174052,353,324.5232872236346,261.49608524756445,283.11247065926227,CP CRECHE MUNDO MÁGICO I,1,2025,continuante,62.4906536174052,117.52328722363461,PPML-FE unidade
2025,7034,349,4,246.63003621718414,323,296.9434044567535,239.313638931682,259.0519207448774,CP INSTITUTO EDUCACIONAL DIVA ALVES,1,2025,continuante,102.36996378281586,52.05659554324649,Persistencia
2025,7035,274,4,207.78848362516177,272,250.0576037530556,201.62433946465498,218.14898589042306,CP AEMMAC - ANIL,1,2025,continuante,66.21151637483823,23.942396246944412,Persistencia
2025,7036,427,4,409.06871610241603,536,492.76057210160957,396.93349814607603,429.88182513701014,CP CAAD UNIVERSO ENCANTADO,1,2025,continuante,17.931283897583967,65.76057210160957,PPML-FE unidade
2025,7037,483,4,444.17737785670676,582,535.0497256774939,431.00064475688885,466.774668339067,CP CAAD UNIVERSO DA CRIANÇA,1,2025,continuante,38.822622143293245,52.04972567749394,PPML-FE unidade
2025,7038,541,4,398.38493135999715,522,479.8899601437317,386.5666529576841,418.65356851029725,CP CAAD UNIVERSO DAS FLORES,1,2025,continuante,142.61506864000285,61.110039856268315,Persistencia
2025,7039,217,4,246.63003621718414,323,296.9434044567535,239.313638931682,259.0519207448774,CP CRECHE JARDIM CLARICE,1,2025,continuante,29.63003621718414,79.94340445675351,PPML-FE unidade
2025,7040,887,4,661.0503742234406,866,796.1392825373019,641.4400005733736,694.547874195244,CP CRECHE VALE DO SOL PRAÇA SECA,1,2025,continuante,225.9496257765594,90.86071746269806,Persistencia
2025,7041,531,4,405.2529955180398,531,488.16392497379604,393.23097272703313,425.8717334846127,CP CRECHE VALE DO SOL TAQUARA,1,2025,continuante,125.74700448196018,42.83607502620396,Persistencia
2025,7042,717,4,637.3704202161196,835,767.640070344858,618.4625236603972,669.6853059503795,CP INSTITUTO EDUCACIONAL DIVA ALVES II,1,2025,continuante,79.62957978388044,50.64007034485803,Persistencia
2025,7043,286,4,204.74346219867158,268,246.38028605080478,198.66965004654776,214.94091256850507,CP ESPAÇO DE EDUCAÇÃO INFANTIL PEQUENO APRENDIZ,1,2025,continuante,81.25653780132842,39.619713949195216,Persistencia
2025,7044,512,4,303.03276970798976,397,364.9737819483936,294.0431585166046,318.4012772003601,CP CRECHE AMOR DE MÃE,1,2025,continuante,208.96723029201024,147.0262180516064,Persistencia
2025,7045,177,4,171.26502414372882,224,205.92979132604577,166.18436577394618,179.65210602740723,CP JARDIM ESCOLA TURMINHA DA ARCA - JETA II,1,2025,continuante,5.734975856271177,28.929791326045773,PPML-FE unidade
2025,716601,892,4,747.3833268272062,1125,1034.2456037580425,725.2118450908422,902.2706217894337,CM OTÁVIO HENRIQUE DE OLIVEIRA,4,2025,continuante,144.61667317279375,142.24560375804253,Persistencia
2025,716602,121,4,179.65832949120352,168,154.44734349453432,174.32867972766144,134.7390795205554,CM TIA TEREZA,4,2025,continuante,58.65832949120352,33.44734349453432,Persistencia
2025,716603,714,4,719.6516385022046,858,788.7846471328003,698.3028304851306,688.131727551408,CM CRIANÇA DO FUTURO,4,2025,continuante,5.651638502204605,74.78464713280027,PPML-FE unidade
2025,716604,198,4,251.49152309135832,262,240.86430949742856,244.03090748632277,210.12880258562814,CM GERMINIO DE SOUZA ESTRELA,4,2025,continuante,53.49152309135832,42.864309497428565,Persistencia
2025,716605,384,4,508.58711298799125,413,379.68305275739687,493.49963447166834,331.23357048803206,CM SEMPRE VIDA NISE DA SILVEIRA,4,2025,continuante,124.58711298799125,4.316947242603135,Persistencia
2025,716606,461,4,451.0141130538638,542,498.2765486549858,437.63456495387237,434.6939351198872,CM AMIGUINHOS DA VILA SAPÊ,4,2025,continuante,9.98588694613619,37.27654865498579,PPML-FE unidade
2025,716607,322,4,399.09580100222524,382,351.183840564953,387.25643431399,306.37100224316765,CM EMÍLIA JOANA DA FONSECA MARQUES,4,2025,continuante,77.09580100222524,29.183840564953016,Persistencia
2025,716608,276,4,436.3565453899911,330,303.3787104356924,423.4118210037406,264.66604905823385,CM IRMÃ DULCE,4,2025,continuante,160.35654538999108,27.378710435692426,Persistencia
2025,716609,1217,4,1065.521880695314,1598,1469.0884220492014,1033.9126674983565,1281.6252921062353,CM RIO NOVO - RIO DAS FLORES,4,2025,continuante,151.47811930468606,252.08842204920143,PPML-FE unidade
2025,716610,250,4,275.146769460518,371,341.07121688376327,266.9844097249711,297.5488006078932,CM TIA MALU,4,2025,continuante,25.146769460517987,91.07121688376327,PPML-FE unidade
2025,716611,241,4,288.38744208612087,255,234.42900351848962,279.832291501811,204.51467427227163,CM VITORINO FREIRE,4,2025,continuante,47.38744208612087,6.570996481510377,Persistencia
2025,716612,150,4,177.1879553818014,177,162.72130832459865,171.93159044076282,141.95724449487088,CM TIA AUTA,4,2025,continuante,27.1879553818014,12.721308324598652,Persistencia
2025,716613,555,4,600.9573663776898,840,772.2367174726716,583.1296803767992,673.695397602777,CM MARIA DA CONCEIÇÃO SILVEIRA DE CARVALHO,4,2025,continuante,45.95736637768982,217.23671747267156,PPML-FE unidade
2025,716614,602,4,621.9755532884822,732,672.9491395118995,603.524352779712,587.0774179109914,CM AUGUSTO DE CARVALHO TORRES FILHO,4,2025,continuante,19.97555328848216,70.94913951189949,PPML-FE unidade
2025,716801,285,4,361.3074310876527,431,396.2309824175255,350.5890743595468,345.669900436663,EDI DOUTORA ZILDA ARNS,4,2025,continuante,76.30743108765267,111.23098241752552,PPML-FE unidade
2025,716802,213,4,238.60558017833654,325,298.7820633078789,231.52723219648274,260.6559574058364,EDI ARTHUR BISPO DO ROSÁRIO,4,2025,continuante,25.605580178336538,85.7820633078789,PPML-FE unidade
2025,716803,323,4,506.2911932255357,506,465.1806893347284,491.27182426056925,405.8212752226253,EDI COMPOSITOR ROBERTO RIBEIRO,4,2025,continuante,183.29119322553572,142.1806893347284,Persistencia
2025,716804,148,4,157.0739130561263,200,183.86588511254087,152.4142407439711,160.40366609589933,EDI RODRIGO LOPES (TIKINHO),4,2025,continuante,9.073913056126287,35.865885112540866,PPML-FE unidade
2025,716805,451,4,374.90390506022635,545,501.03453693167387,363.78220246723265,437.0999901113256,EDI ANNA MARIA NIEMEYER,4,2025,continuante,76.09609493977365,50.03453693167387,Persistencia
2025,716806,256,4,333.4092674716959,311,285.911451350001,323.51852303153754,249.4277007791234,EDI PROFESSORA EDILIA COELHO GARCIA,4,2025,continuante,77.4092674716959,29.911451350001016,Persistencia
2025,716807,729,4,384.2627019026185,440,404.5049472475899,372.86336615162236,352.8880654109784,EDI LEILA DINIZ,4,2025,continuante,344.7372980973815,324.4950527524101,Persistencia
2025,716808,394,4,520.0667843067466,579,532.2917374008058,504.6387558827027,464.36861334762847,EDI PROFESSORA MARIA BERENICE PARENTE,4,2025,continuante,126.06678430674663,138.2917374008058,PPML-FE unidade
2025,716809,243,4,320.69672198099926,277,254.6542508808691,311.183101247047,222.15907754282054,EDI PROFESSOR ROBERTO LUIZ PEREIRA,4,2025,continuante,77.69672198099926,11.654250880869114,Persistencia
2025,716813,260,4,331.1139201514366,396,364.0544525228309,321.29126828086476,317.59925886988066,EDI PROFESSORA KENIA MENDES DOS SANTOS,4,2025,continuante,71.11392015143662,104.0544525228309,PPML-FE unidade
2025,716814,818,4,344.7096018166565,492,452.31007737685053,334.48362758537115,394.5930185959123,EDI PROFESSORA EMILIA MARIA VIEIRA DE OLIVEIRA,4,2025,continuante,473.2903981833435,365.68992262314947,Persistencia
2025,716815,207,4,285.73926555636285,239,219.71973270948632,277.2626743878931,191.68238098459966,EDI EVARISTO DA VEIGA,4,2025,continuante,78.73926555636285,12.719732709486323,Persistencia
2025,716816,240,4,297.0382911773645,264,242.70296834855395,288.22650904168626,211.73283924658708,EDI DEBRET,4,2025,continuante,57.0382911773645,2.702968348553952,Persistencia
2025,716818,674,4,823.337984333118,957,879.798260263508,798.9132715689316,767.5315422688781,EDI PROFESSORA CLÁUDIA PIRES CONTINO DA SILVA,4,2025,continuante,149.33798433311802,205.79826026350804,PPML-FE unidade
2025,716819,571,4,745.4403312342047,855,786.0266588561121,723.326489385911,685.7256725599694,EDI PROFESSORA NORMA ANDRADE NOGUEIRA,4,2025,continuante,174.44033123420468,215.02665885611214,PPML-FE unidade
2025,716820,606,4,724.4207577152603,784,720.7542696411601,702.9304715092364,628.7823710959252,EDI MEDALHISTA OLÍMPICA ÁGATHA BEDNARCZUK RIPPEL,4,2025,continuante,118.42075771526027,114.75426964116014,Persistencia
2025,716821,509,4,653.0617726966806,678,623.3053505315135,633.6883847091136,543.7684280650985,EDI MEDALHISTA PARALÍMPICO FELIPE DE SOUZA GOMES,4,2025,continuante,144.06177269668058,114.30535053151345,Persistencia
2025,716822,415,4,518.8305062984562,601,552.5169847631853,503.43915264932093,482.0130166181774,EDI MARCELO PARENTE GOMES DE OLIVEIRA,4,2025,continuante,103.83050629845616,137.5169847631853,PPML-FE unidade
2025,724601,260,4,380.0247381014846,443,407.262935524278,368.7511235616039,355.294120402417,CM MARIA VIEIRA BAZANI,4,2025,continuante,120.02473810148462,147.26293552427802,PPML-FE unidade
2025,724602,131,4,192.01085659773892,201,184.78521453810356,186.31476324452896,161.20568442637878,CM DINA SFAT,4,2025,continuante,61.01085659773892,53.78521453810356,Persistencia
2025,724603,242,4,287.1516238316287,348,319.9266400958211,278.63313438341254,279.1023790068648,CM BENEDITA SIQUEIRA LOPES,4,2025,continuante,45.15162383162868,77.92664009582109,PPML-FE unidade
2025,724604,105,4,184.5992125381997,177,162.72130832459865,179.12298912990826,141.95724449487088,CM EDSON LUIZ,4,2025,continuante,79.59921253819971,57.72130832459865,Persistencia
2025,724605,267,4,362.72003636601016,498,457.8260539302268,351.95977403069367,399.40512857878934,CM SEBASTIÃO BERNARDES DE SOUZA PRATA,4,2025,continuante,95.72003636601016,190.8260539302268,PPML-FE unidade
2025,724606,286,4,394.1513965447625,507,466.1000187602911,382.45870796559245,406.62329355310476,CM ROGÉRIO CARDOSO FURTADO,4,2025,continuante,108.15139654476252,180.1000187602911,PPML-FE unidade
2025,724801,350,4,408.27836348239737,479,440.35879484453534,396.1665917123062,384.1667802996788,EDI MILENA SANTOS NASCIMENTO,4,2025,continuante,58.27836348239737,90.35879484453534,PPML-FE unidade
2025,724802,76,4,88.83068049167196,85,78.14300117282987,86.1954761200266,68.17155809075722,EDI PORFIRIO DIAS,4,2025,continuante,12.830680491671956,2.1430011728298695,Persistencia
2025,724803,176,4,214.07133824591807,271,249.1382743274929,207.72081021588116,217.3469675599436,EDI VERA LUCIA MARTINS COSTA,4,2025,continuante,38.07133824591807,73.1382743274929,PPML-FE unidade
2025,724804,366,4,429.29275298201503,621,570.9035732744394,416.55757935605214,498.05338322776737,EDI PROFESSORA MATILDE ROSA LOPES DE ARAUJO,4,2025,continuante,63.29275298201503,204.9035732744394,PPML-FE unidade
2025,724805,100,4,135.9055402909092,167,153.52801406897163,131.87383782141157,133.93706119007592,EDI TRISTÃO DE ATHAYDE,4,2025,continuante,35.90554029090919,53.52801406897163,PPML-FE unidade
2025,724806,93,4,168.18913970900678,176,161.80197889903596,163.19972891342027,141.1552261643914,EDI PROFESSORA RUTH CARDOSO,4,2025,continuante,75.18913970900678,68.80197889903596,Persistencia
2025,724807,332,4,367.66418332027405,441,405.4242766731526,356.75725051484727,353.69008374145795,EDI CARMEN MIRANDA,4,2025,continuante,35.66418332027405,73.42427667315258,PPML-FE unidade
2025,724808,150,4,202.42304986686986,201,184.78521453810356,196.41807384981718,161.20568442637878,EDI AMOR,4,2025,continuante,52.42304986686986,34.78521453810356,Persistencia
2025,724809,72,4,91.82649269949732,106,97.44891910964665,89.10241613433736,85.01394303082662,"EDI UGOCIONE JOSÉ DE MEDEIROS ""SEU UGO""",4,2025,continuante,19.826492699497322,25.448919109646653,PPML-FE unidade
2025,734601,190,4,181.42291026339694,273,250.9769331786183,176.04091337227163,218.9510042209026,CM LUZES DO AMANHÃ,4,2025,continuante,8.577089736603057,60.97693317861831,PPML-FE unidade
2025,734602,122,4,176.83504857016536,183,168.23728487797487,171.58915277748474,146.76935447774784,CM MARGARIDA GABINAL,4,2025,continuante,54.835048570165355,46.23728487797487,Persistencia
2025,734603,84,4,120.38569422322716,126,115.83550762090076,116.81439536629281,101.05430964041658,CM SEMPRE VIDA JOSUÉ,4,2025,continuante,36.38569422322716,31.835507620900756,Persistencia
2025,734801,208,4,222.01376545226844,295,271.20218054099774,215.42762154290017,236.59540749145143,EDI JARDIM DO AMANHÃ,4,2025,continuante,14.013765452268444,63.202180540997745,PPML-FE unidade
2025,734802,721,4,576.5837038255439,781,717.996281364472,559.4790741128064,626.3763161044867,EDI SENHORA PERCILIANA PEREIRA DE ALVARENGA,4,2025,continuante,144.41629617445608,3.003718635528003,Persistencia
2025,734803,97,4,139.78602102218673,152,139.73807268553105,135.6392022468075,121.90678623288348,EDI ANA CAROLINA PACHECO DA SILVA,4,2025,continuante,42.78602102218673,42.73807268553105,Persistencia
2025,734804,237,4,253.962873865815,322,296.02407503119076,246.42894446504275,258.24990241439787,EDI MARIA BERALDA,4,2025,continuante,16.962873865815,59.02407503119076,PPML-FE unidade
2025,734805,148,4,214.07133824591807,219,201.33314419823225,207.72081021588116,175.64201437500975,EDI MONSENHOR CORDIOLI,4,2025,continuante,66.07133824591807,53.33314419823225,Persistencia
2025,8002,71,4,55.37975513817646,71,65.272389214952,53.73688837150283,56.94330146404425,CP CRECHE ESPÍRITA FRANCISCO DE ASSIS,1,2025,continuante,15.620244861823537,5.727610785048,Persistencia
2025,8003,164,4,156.0598386319516,204,187.54320281479167,151.43024931973483,163.6117394178173,CP CRECHE CRIANÇA JABOUR,1,2025,continuante,7.940161368048393,23.54320281479167,PPML-FE unidade
2025,8004,449,4,384.64973874418774,504,463.342030483603,373.23892136126835,404.2172385616663,CP CRECHE COMUNITÁRIA NINO,1,2025,continuante,64.35026125581226,14.342030483603025,Persistencia
2025,8005,309,4,275.5881333579147,361,331.8779226281363,267.41268035250357,289.52861730309826,CP CRECHE E ESCOLA COMUNITÁRIA GENTE INOCENTE - REALENGO,1,2025,continuante,33.41186664208527,22.877922628136275,Persistencia
2025,8006,134,4,111.27109169400505,145,133.3027667065921,107.97018185466995,116.29265791952699,CP FUNDAÇÃO CASA DA JOANINHA - CRECHE,1,2025,continuante,22.72890830599495,0.6972332934078906,Persistencia
2025,8007,479,4,433.491396540094,568,522.179113719616,420.6316681567209,455.546411712354,CP CRECHE E ESCOLA COMUNITÁRIA GENTE INOCENTE - BANGU,1,2025,continuante,45.508603459906,43.179113719616,Persistencia
2025,8008,45,4,45.63479892620136,58,53.32110668263685,44.281020918829725,46.5170631678108,CP ASSOCIAÇÃO DE MORADORES DO CONJUNTO PEDRO I E ADJACÊNCIAS,1,2025,continuante,0.6347989262013627,8.321106682636852,PPML-FE unidade
2025,8009,555,4,487.69050476170503,639,587.451502934568,473.2229340637809,512.4897131763983,CP ASSOCIAÇÃO RECREATIVA PINGUINHO DE GENTE,1,2025,continuante,67.30949523829497,32.451502934568,Persistencia
2025,8010,557,4,495.32528330244537,649,596.644797190195,480.6312232691278,520.5098964811932,CP ASSOCIAÇÃO CENTRO EDUCACIONAL REBRAL III,1,2025,continuante,61.67471669755463,39.64479719019505,Persistencia
2025,8011,202,4,185.71755086253532,243,223.39705041173715,180.20815141613454,194.89045430651765,CP ESPAÇO DE EDUCAÇÃO INFANTIL BATAN,1,2025,continuante,16.28244913746468,21.397050411737155,PPML-FE unidade
2025,8013,294,4,282.44840333847924,370,340.1518874582006,274.0694371623551,296.74678227741373,CP CENTRO EDUCACIONAL LUIZA,1,2025,continuante,11.551596661520762,46.15188745820058,PPML-FE unidade
2025,8014,216,4,191.04380038840202,250,229.8323563906761,185.37639521743233,200.50458261987416,"CP DO.RA., A AVENTUREIRA",1,2025,continuante,24.95619961159798,13.832356390676097,Persistencia
2025,8015,205,4,159.86028491313954,209,192.1398499426052,155.11795355505578,167.62183107021477,CP CEM CRECHE ESCOLA MACHADO,1,2025,continuante,45.13971508686046,12.860150057394804,Persistencia
2025,8016,454,4,428.91188145754705,562,516.6631371662398,416.18800656644424,450.73430172947707,CP ASSOCIAÇÃO CENTRO EDUCACIONAL REBRAL VI,1,2025,continuante,25.088118542452946,62.663137166239835,PPML-FE unidade
2025,8017,232,4,271.77714764088415,356,327.28127550032275,263.71474933871525,285.5185256507008,CP ASSOCIAÇÃO CRECHE ESPERANÇA - REALENGO,1,2025,continuante,39.77714764088415,95.28127550032275,PPML-FE unidade
2025,8018,203,4,194.84875932093198,255,234.42900351848962,189.06847823414765,204.51467427227163,CP CRECHE COMUNITÁRIA ESTRELINHA,1,2025,continuante,8.151240679068025,31.429003518489623,PPML-FE unidade
2025,8019,182,4,181.91360489831715,238,218.80040328392363,176.51705131754443,190.88036265412018,CP ESCOLA COMUNITÁRIA JARDIM ARCO-ÍRIS - UNIDADE II,1,2025,continuante,0.08639510168285369,36.80040328392363,PPML-FE unidade
2025,8021,197,4,209.31107807869944,274,251.896262604181,203.10176542980554,219.75302255138206,CP ASSOCIAÇÃO RECREATIVA MUNDO MÁGICO DA TIA NATY,1,2025,continuante,12.311078078699438,54.896262604181004,PPML-FE unidade
2025,8022,146,4,167.46290335891553,219,201.33314419823225,162.49503670994608,175.64201437500975,CP ASSOCIAÇÃO CRECHE ESPERANÇA - MAGALHÃES BASTOS,1,2025,continuante,21.462903358915526,55.33314419823225,PPML-FE unidade
2025,8023,152,4,153.01992128995352,200,183.86588511254087,148.48051257102654,160.40366609589933,CP CRECHE COMUNITÁRIA IRMÃ MARIA DE LOURDES,1,2025,continuante,1.0199212899535155,31.865885112540866,PPML-FE unidade
2025,8024,128,4,137.82679545459635,180,165.47929660128676,133.73809803720042,144.36329948630936,CP CEM CRECHE ESCOLA MACHADO - UNIDADE I,1,2025,continuante,9.82679545459635,37.47929660128676,PPML-FE unidade
2025,8025,56,4,55.37975513817646,71,65.272389214952,53.73688837150283,56.94330146404425,CP ASSOCIAÇÃO RECREATIVA MONIZ BARRETO,1,2025,continuante,0.6202448618235366,9.272389214952,PPML-FE unidade
2025,8027,56,4,54.628857732052985,70,64.3530597893893,53.00826669394882,56.141283133564755,CP CENTRO EDUCACIONAL MUNDO DA MÔNICA,1,2025,continuante,1.3711422679470147,8.353059789389306,PPML-FE unidade
2025,817202,145,4,136.96383429460548,196,180.18856741029003,132.9007370303186,157.1955927739813,CIEP AMILCAR CABRAL,4,2025,continuante,8.036165705394524,35.188567410290034,PPML-FE unidade
2025,817504,198,4,158.83815873530042,234,215.1230855816728,154.12614923625574,187.67228933220218,CIEP ANTONIO EVARISTO DE MORAES,4,2025,continuante,39.161841264699575,17.123085581672797,Persistencia
2025,817505,103,4,83.72081668191929,110,101.12623681189747,81.237198849693,88.2220163527446,CIEP MARECHAL JULIO CAETANO HORTA BARBOSA,4,2025,continuante,19.27918331808071,1.8737631881025294,Persistencia
2025,817601,403,4,388.50069489729725,530,487.24459554823335,376.9756370691452,425.06971515413323,CM JOSÉ FÉLIX,4,2025,continuante,14.499305102702749,84.24459554823335,PPML-FE unidade
2025,817602,372,4,266.8495613240739,411,377.8443939062715,258.9333422128314,329.6295338270731,CM VILA PROGRESSO,4,2025,continuante,105.15043867592613,5.844393906271478,Persistencia
2025,817603,376,4,355.8336205452142,439,403.5856178220272,345.2776470093923,352.086047080499,CM DENTE DE LEITE,4,2025,continuante,20.166379454785783,27.58561782202719,PPML-FE unidade
2025,817604,156,4,185.6579958646912,251,230.75168581623882,180.15036314561712,201.30660095035367,CM DRAMATURGO ALFREDO DE FREITAS DIAS GOMES,4,2025,continuante,29.657995864691202,74.75168581623882,PPML-FE unidade
2025,817605,239,4,279.73680899716237,303,278.5568159454994,271.43828355641045,243.01155413528747,CM MANÉ GARRINCHA II,4,2025,continuante,40.73680899716237,39.55681594549941,Persistencia
2025,817606,117,4,137.14021802604515,113,103.88422508858558,133.07188825450285,90.6280713441831,CM MEIMEI,4,2025,continuante,20.140218026045147,13.11577491141442,Persistencia
2025,817607,492,4,386.5582778584077,550,505.6311840594874,375.09084275524333,441.1100817637231,CM MULHERES DO QUAFÁ,4,2025,continuante,105.44172214159232,13.631184059487396,Persistencia
2025,817608,161,4,322.9920156442355,389,357.619146543892,313.41030393245785,311.98513055652415,CM NOVA ALIANÇA,4,2025,continuante,161.9920156442355,196.619146543892,PPML-FE unidade
2025,817609,369,4,405.09977014122313,423,388.8763470130239,393.08229285387125,339.253753792827,CM RECANTO FELIZ,4,2025,continuante,36.09977014122313,19.876347013023917,Persistencia
2025,817610,128,4,171.54156319116737,164,150.7700257922835,166.452701159061,131.5310061986374,CM SEMPRE VIDA FAZENDA COQUEIROS,4,2025,continuante,43.54156319116737,22.77002579228349,Persistencia
2025,817611,99,4,111.74563222323874,117,107.5615427908364,108.43064491348196,93.83614466610109,CM TIA ELZA,4,2025,continuante,12.745632223238744,8.561542790836398,Persistencia
2025,817612,398,4,317.3420841727191,415,381.52171160852225,307.92798036432384,332.837607148991,CM VILA KENNEDY,4,2025,continuante,80.65791582728087,16.478288391477747,Persistencia
2025,817613,175,4,229.42697511692927,207,190.30119109147978,222.62091481822222,166.01779440925577,CM CÉLIA ALENCAR,4,2025,continuante,54.42697511692927,15.30119109147978,Persistencia
2025,817614,246,4,259.96481947686283,324,297.8627338823162,252.2528395058927,259.8539390753569,CM FAZENDA COQUEIROS II,4,2025,continuante,13.964819476862829,51.862733882316206,PPML-FE unidade
2025,817615,163,4,156.36822321659054,160,147.0927080900327,151.72948552904793,128.32293287671945,CM VILA UNIÃO DA PAZ,4,2025,continuante,6.631776783409464,15.907291909967313,PPML-FE unidade
2025,817616,47,4,87.24477141612127,86,79.06233059839256,84.65661379122818,68.9735764212367,CM PROFESSORA MARIA ASSUMPÇÃO,4,2025,continuante,40.24477141612127,32.06233059839256,Persistencia
2025,817617,219,4,260.84746946778625,305,280.3954747966248,253.10930526517632,244.6155907962464,CM JOSÉ MANOEL IBARRA PEREZ,4,2025,continuante,41.847469467786254,61.3954747966248,PPML-FE unidade
2025,817618,170,4,172.77668986044927,229,210.52643845385927,167.65118720845334,183.66219767980468,CM JANETE CLAIR,4,2025,continuante,2.7766898604492667,40.52643845385927,PPML-FE unidade
2025,817619,208,4,207.36465601599372,240,220.63906213504902,201.21308490302323,192.48439931507917,CM PROFESSORA REGINA MARIA DA MATTA MONTEZANO,4,2025,continuante,0.6353439840062833,12.639062135049016,PPML-FE unidade
2025,817801,321,4,258.1995278112295,312,286.8307807755637,250.53991605683447,250.22971910960288,EDI PROFESSORA TÂNIA MARIA LARRUBIA GOMES,4,2025,continuante,62.80047218877053,34.16921922443629,Persistencia
2025,817802,145,4,177.71731738184093,216,198.57515592154414,172.44524866538416,173.23595938357124,EDI PROFESSOR REINALDO JOSÉ DE ARAGÃO BARBOSA,4,2025,continuante,32.71731738184093,53.57515592154414,PPML-FE unidade
2025,817803,303,4,294.56659871022185,360,330.9585932025735,285.8281405067563,288.7265989726187,EDI JOSÉ EPHIM MINDLIN,4,2025,continuante,8.433401289778146,27.958593202573525,PPML-FE unidade
2025,817804,324,4,280.6195163804152,343,315.32999296800756,272.29480500545276,275.09228735446726,EDI PROFESSORA EDITH MARQUES DE SOUZA,4,2025,continuante,43.38048361958482,8.67000703199244,Persistencia
2025,817805,106,4,109.10099205482241,119,109.40020164196181,105.86445925306518,95.44018132706009,EDI RAFAEL PEREIRA DA SILVA,4,2025,continuante,3.100992054822413,3.4002016419618144,PPML-FE unidade
2025,817806,149,4,198.89341831867293,249,228.9130269651134,192.99315049967325,199.70256428939467,EDI PROFESSORA MARIA YEDDA LEITE LINHARES,4,2025,continuante,49.89341831867293,79.9130269651134,PPML-FE unidade
2025,817807,168,4,180.01124380922997,237,217.8810738583609,174.67112467464926,190.07834432364066,EDI MARIA DO CARMO SOUZA PIRAN,4,2025,continuante,12.011243809229967,49.88107385836091,PPML-FE unidade
2025,817808,377,4,345.41588145606585,435,399.90830011977636,335.1689551034742,348.877973758581,EDI PROFESSOR ANTONIO FLAVIO PIERUCCI,4,2025,continuante,31.584118543934153,22.908300119776356,Persistencia
2025,817809,64,4,67.51673756695767,58,53.32110668263685,65.5138214459632,46.5170631678108,EDI REPÚBLICA ÁRABE UNIDA,4,2025,continuante,3.516737566957673,10.678893317363148,PPML-FE unidade
2025,817810,143,4,174.8940782820476,206,189.38186166591709,169.70576229580513,165.2157760787763,EDI VILA DO VINTÉM,4,2025,continuante,31.894078282047587,46.381861665917086,PPML-FE unidade
2025,817814,363,4,382.49688006727155,441,405.4242766731526,371.14992826058716,353.69008374145795,EDI PROFESSORA GIOVANA BANSI,4,2025,continuante,19.496880067271547,42.424276673152576,PPML-FE unidade
2025,817815,337,4,304.1003602816341,413,379.68305275739687,295.07907850829207,331.23357048803206,EDI SENHOR JOÃO GOMES,4,2025,continuante,32.899639718365904,42.683052757396865,PPML-FE unidade
2025,833505,25,4,39.902270793772836,33,30.337871043569244,38.71855095900038,26.466604905823385,CIEP ARACY DE ALMEIDA (CANTORA),4,2025,continuante,14.902270793772836,5.337871043569244,Persistencia
2025,833601,398,4,397.6831102152043,491,451.39074795128784,385.8856516708349,393.7910002654328,CM CASA DE REALENGO,4,2025,continuante,0.3168897847957055,53.390747951287835,PPML-FE unidade
2025,833602,296,4,383.55637255770165,383,352.10316999051577,372.1779904025492,307.1730205736472,CM JULINHO CACAU,4,2025,continuante,87.55637255770165,56.10316999051577,Persistencia
2025,833603,287,4,354.0678872400249,410,376.9250644807088,343.56429502222556,328.82751549659355,CM SILVEIRINHA,4,2025,continuante,67.0678872400249,89.92506448070878,PPML-FE unidade
2025,833801,69,4,125.8525060283355,113,103.88422508858558,122.1190315999877,90.6280713441831,EDI GESSICA GUEDES PEREIRA,4,2025,continuante,56.8525060283355,34.88422508858558,Persistencia
2025,833802,139,4,268.0853013684291,215,197.65582649598142,260.1324234412339,172.43394105309176,EDI PROFESSORA ZENA ELIAN,4,2025,continuante,129.0853013684291,58.655826495981415,Persistencia
2025,833803,192,4,257.6699424914717,206,189.38186166591709,250.0260411373805,165.2157760787763,EDI FREI ORLANDO,4,2025,continuante,65.66994249147172,2.6181383340829143,Persistencia
2025,833805,89,4,159.01458494114883,112,102.96489566302289,154.2973416748252,89.82605301370361,EDI DEODORO,4,2025,continuante,70.01458494114883,13.964895663022887,Persistencia
2025,833806,324,4,343.82675368457785,384,353.02249941607846,333.62696956288386,307.9750389041267,EDI PROFESSOR CRISTIANO PINTO DE MORAES BISPO,4,2025,continuante,19.826753684577852,29.02249941607846,PPML-FE unidade
2025,833807,256,4,304.27691369274163,269,247.29961547636748,295.2503943785162,215.74293089898455,EDI LUIZA PAULA DA SILVEIRA MACHADO,4,2025,continuante,48.27691369274163,8.700384523632522,Persistencia
2025,833808,166,4,223.24928229318328,168,154.44734349453432,216.62648618929842,134.7390795205554,EDI PROFESSORA VANUZIA BASTOS DA SILVA,4,2025,continuante,57.249282293183285,11.552656505465677,Persistencia
2025,833809,157,4,221.30775915914668,210,193.0591793681679,214.74255926213704,168.42384940069425,EDI PROFESSORA MARIA CECILIA FERREIRA,4,2025,continuante,64.30775915914668,36.05917936816789,Persistencia
2025,833810,209,4,234.36925509798638,233,214.2037561561101,227.41657971381682,186.87027100172267,EDI MEDALHISTA OLÍMPICO SERGIO DUTRA DOS SANTOS,4,2025,continuante,25.369255097986382,5.203756156110103,Persistencia
2025,833811,310,4,298.6272451258706,253,232.5903446673642,289.7683259158362,202.91063761131264,EDI MEDALHISTA OLÍMPICA RAFAELA LOPES SILVA,4,2025,continuante,11.372754874129384,77.4096553326358,PPML-FE unidade
2025,9001,56,4,106.72391948794757,139,127.7867901532159,103.5579036740742,111.48054793665001,CP CRECHE COMUNITÁRIA SANTA RITA,1,2025,continuante,50.72391948794757,71.7867901532159,PPML-FE unidade
2025,9002,40,4,75.71208666111399,98,90.09428370514502,73.46605161273378,78.59779638699065,CP CRECHE SAGRADA FAMÍLIA,1,2025,continuante,35.712086661113986,50.09428370514502,PPML-FE unidade
2025,9003,47,4,44.88688897493016,57,52.401777257074144,43.5552980718594,45.7150448373313,CP CRECHE SÃO JORGE,1,2025,continuante,2.1131110250698413,5.401777257074144,PPML-FE unidade
2025,9004,158,4,143.14309243185176,187,171.9146025802257,138.89668453697342,149.97742779966586,CP CRECHE E PRÉ-ESCOLA CANTINHO DO SABER,1,2025,continuante,14.856907568148245,13.914602580225704,Persistencia
2025,9007,17,4,44.13926110665887,56,51.48244783151144,42.829848939762684,44.91302650685181,CP INSTITUTO AVELINO - CAMPO GRANDE,1,2025,continuante,27.13926110665887,34.48244783151144,PPML-FE unidade
2025,9008,60,4,77.22174307072886,100,91.93294255627043,74.93092334718597,80.20183304794966,CP CRECHE COMUNITÁRIA ANA & LU,1,2025,continuante,17.221743070728863,31.932942556270433,PPML-FE unidade
2025,9009,159,4,175.0676545125477,229,210.52643845385927,169.87418930490006,183.66219767980468,CP CRECHE COMUNITÁRIA CRIANÇAS DE OURO,1,2025,continuante,16.067654512547705,51.52643845385927,PPML-FE unidade
2025,9010,153,4,173.54654263601319,227,208.68777960273388,168.39820193540092,182.0581610188457,CP CRECHE JARDIM ESCOLA RIO DA PRATA,1,2025,continuante,20.546542636013186,55.68777960273388,PPML-FE unidade
2025,9011,212,4,198.6541127891887,260,239.02565064630315,192.76094408249983,208.52476592466914,CP CRECHE NOVA JERUSALÉM EM CAMPO GRANDE,1,2025,continuante,13.345887210811298,27.02565064630315,PPML-FE unidade
2025,9012,170,4,181.15286936028897,237,217.8810738583609,175.77888336094625,190.07834432364066,CP CRECHE COMUNITÁRIA TIA NEIDE - CAMPO GRANDE,1,2025,continuante,11.152869360288975,47.88107385836091,PPML-FE unidade
2025,9013,301,4,262.6316240795521,344,316.24932239357025,254.84053208210156,275.8943056849468,CP CRECHE COMUNITÁRIA SOL DO SABER,1,2025,continuante,38.368375920447875,15.249322393570253,Persistencia
2025,9014,221,4,192.56573563013458,252,231.6710152418015,186.8531815266094,202.10861928083315,CP INSTITUTO DE ENSINO AVANÇADO,1,2025,continuante,28.434264369865417,10.671015241801513,Persistencia
2025,9017,236,4,200.17636129016725,262,240.86430949742856,194.23803435793846,210.12880258562814,CP ESPAÇO CRESCER,1,2025,continuante,35.82363870983275,4.8643094974285646,Persistencia
2025,9018,213,4,164.42158916138794,215,197.65582649598142,159.54394454409172,172.43394105309176,CP ESPAÇO DE DESENVOLVIMENTO CARIOQUINHA,1,2025,continuante,48.57841083861206,15.344173504018585,Persistencia
2025,9019,121,4,112.78720533595894,147,135.14142555771753,109.4413192645937,117.89669458048598,CP ASSOCIAÇÃO DE MORADORES UNIÃO DAS BASES DE URUCÂNIA E ADJACÊNCIAS - COSMOS,1,2025,continuante,8.212794664041056,14.141425557717525,PPML-FE unidade
2025,9020,56,4,61.3933063879413,79,72.62702461945364,59.57204476427927,63.35944810788022,CP ASSOCIAÇÃO DE MORADORES UNIÃO DAS BASES DE URUCÂNIA E ADJACÊNCIAS - CAMPO GRANDE,1,2025,continuante,5.393306387941301,16.627024619453636,PPML-FE unidade
2025,9021,332,4,235.96470104428204,309,284.07279249887563,228.96469599755522,247.8236641181644,CP INSTITUTO CRESCER & APRENDER,1,2025,continuante,96.03529895571796,47.92720750112437,Persistencia
2025,9022,237,4,197.1319250275602,258,237.18699179517773,191.28391274454955,206.92072926371014,CP ESPAÇO CRIATIVO CASTELINHO RINALDI,1,2025,continuante,39.868074972439814,0.18699179517773246,Persistencia
2025,9023,172,4,181.15286936028897,237,217.8810738583609,175.77888336094625,190.07834432364066,CP ESPAÇO CRIATIVO SALOMÃO,1,2025,continuante,9.152869360288975,45.88107385836091,PPML-FE unidade
2025,9024,196,4,191.04380038840202,250,229.8323563906761,185.37639521743233,200.50458261987416,CP CRECHE COMUNITÁRIA DOCE INFÂNCIA,1,2025,continuante,4.956199611597981,33.8323563906761,PPML-FE unidade
2025,9025,113,4,105.96623502895486,138,126.86746072765321,102.82269628480125,110.67852960617053,CP INSTITUTO Ô LUAR,1,2025,continuante,7.033764971045144,13.86746072765321,PPML-FE unidade
2025,9026,207,4,184.19591940902356,241,221.55839156061174,178.73165988315625,193.28641764555866,CP CRECHE COMUNITÁRIA LEÃOZINHO FELIZ,1,2025,continuante,22.80408059097644,14.558391560611739,Persistencia
2025,9027,152,4,117.33664437305464,153,140.65740211109375,113.85579702960715,122.70880456336295,CP INSTITUTO FRUTIFICAR,1,2025,continuante,34.66335562694536,11.342597888906255,Persistencia
2025,9028,215,4,237.48819517182483,311,285.911451350001,230.44299494745383,249.4277007791234,CP CRECHE COMUNITÁRIA ALÉM DO ARCO-ÍRIS,1,2025,continuante,22.488195171824827,70.91145135000102,PPML-FE unidade
2025,9029,237,4,203.98224233449113,267,245.46095662524206,197.9310121315629,214.13889423802556,CP INSTITUTO CRECHE DO PAPAI,1,2025,continuante,33.01775766550887,8.460956625242062,Persistencia
2025,9030,146,4,168.22328565844737,220,202.25247362379494,163.23286190703587,176.4440327054892,CP ESPAÇO DE DESENVOLVIMENTO PEDRITA,1,2025,continuante,22.223285658447367,56.25247362379494,PPML-FE unidade
2025,9031,136,4,148.46081472890907,194,178.34990855916462,144.05665407375875,155.5915561130223,CP ESPAÇO CRIATIVO TURMINHA DO BAIRRO,1,2025,continuante,12.460814728909071,42.34990855916462,PPML-FE unidade
2025,9032,91,4,137.82679545459635,180,165.47929660128676,133.73809803720042,144.36329948630936,CP SOLDADINHOS DE DEUS,1,2025,continuante,46.82679545459635,74.47929660128676,PPML-FE unidade
2025,9033,121,4,94.60773668012719,123,113.07751934421263,91.8011531899296,98.64825464897808,CP TEMPO DE CRIANÇA,1,2025,continuante,26.39226331987281,7.922480655787368,Persistencia
2025,9034,111,4,137.06744711720418,179,164.55996717572407,133.00127612927182,143.56128115582987,CP CRECHE COMUNITÁRIA ARTE DA CRIANÇA,1,2025,continuante,26.067447117204182,53.55996717572407,PPML-FE unidade
2025,9035,108,4,98.3924150850714,128,117.67416647202616,95.47355731055248,102.65834630137554,CP INSTITUTO CRESCER E APRENDER - FILIAL,1,2025,continuante,9.607584914928594,9.674166472026158,PPML-FE unidade
2025,9036,344,4,409.06871610241603,536,492.76057210160957,396.93349814607603,429.88182513701014,CP INSTITUTO CONSTRUINDO AMANHÃ,1,2025,continuante,65.06871610241603,148.76057210160957,PPML-FE unidade
2025,9037,56,4,71.93976587894677,93,85.4976365773315,69.80563852013276,74.58770473459317,CP CRECHE COMUNITÁRIA AURINA,1,2025,continuante,15.939765878946773,29.497636577331505,PPML-FE unidade
2025,9038,154,4,240.53531071182474,315,289.58876905225185,233.39971635619784,252.6357741010414,CP CEM CRECHE ESCOLA MACHADO UNIDADE II,1,2025,continuante,86.53531071182474,135.58876905225185,PPML-FE unidade
2025,9039,140,4,153.77986303297942,201,184.78521453810356,149.21791028092858,161.20568442637878,CP CRECHE COMUNITÁRIA ESTRELINHA DO SABER,1,2025,continuante,13.77986303297942,44.78521453810356,PPML-FE unidade
2025,9040,249,4,246.63003621718437,323,296.9434044567535,239.31363893168225,259.0519207448774,CP CRECHE E ESCOLA COMUNITARIA GENTE BAIXINHA - UNIDADE COSMOS,1,2025,continuante,2.3699637828156312,47.94340445675351,PPML-FE unidade
2025,9041,114,4,115.8199864247535,151,138.81874325996836,112.38413146044273,121.10476790240398,CP CRECHE COMUNITÁRIA PEQUENOS PASSOS,1,2025,continuante,1.8199864247534947,24.818743259968358,PPML-FE unidade
2025,9042,60,4,68.17026522281797,88,80.90098944951798,66.14796189319038,70.5776130821957,CP CRECHE PEQUENA CANAÃ,1,2025,continuante,8.170265222817974,20.90098944951798,PPML-FE unidade
2025,9043,109,4,110.51310627039008,144,132.38343728102942,107.23468242903336,115.49063958904749,CP CRECHE COMUNITÁRIA RIBEIRO,1,2025,continuante,1.5131062703900824,23.383437281029416,PPML-FE unidade
2025,9044,250,4,288.5469352946803,378,347.50652286270224,279.98705326850694,303.1629289212497,CP CRECHE COMUNITÁRIA JARDIM FELIZ,1,2025,continuante,38.54693529468028,97.50652286270224,PPML-FE unidade
2025,9045,107,4,80.2422181977106,104,95.61026025852125,77.86179464343026,83.40990636986764,CP CRECHE COMUNITÁRIA PINTANDO SONHOS,1,2025,continuante,26.7577818022894,11.38973974147875,Persistencia
2025,9046,310,4,227.5862700023029,298,273.9601688176859,220.83481509599096,239.00146248288996,CP CRECHE COMUNITÁRIA URSINHO PIMPÃO,1,2025,continuante,82.41372999769709,36.03983118231412,Persistencia
2025,918601,288,4,332.87957092102477,286,262.92821571093344,323.00454018088817,229.377242517136,CM ALEGRIA DE NOVA CIDADE,4,2025,continuante,44.879570921024765,25.071784289066557,Persistencia
2025,918602,126,4,229.42697511692927,132,121.35148417427698,222.62091481822222,105.86641962329354,CM VITÓRIA DA PAZ,4,2025,continuante,103.42697511692927,4.648515825723024,Persistencia
2025,918603,98,4,96.93757597254789,101,92.85227198183313,94.06187669201034,81.00385137842915,CM SEMPRE VIDA ELZA RABELO DE ANDRADE,4,2025,continuante,1.06242402745211,5.147728018166873,PPML-FE unidade
2025,918604,48,4,74.91287187971731,70,64.3530597893893,72.69054591781672,56.141283133564755,CM VERA PACHECO JORDÃO,4,2025,continuante,26.912871879717315,16.353059789389306,Persistencia
2025,918605,99,4,127.26337122416794,131,120.43215474871428,123.48804280898493,105.06440129281407,CM SEMPRE VIDA PROFESSORA EUGENIA MARIA VELOSO MARCHESE,4,2025,continuante,28.26337122416794,21.432154748714282,Persistencia
2025,918606,175,4,264.37809671895315,326,299.7013927334416,256.5351947802882,261.45797573631586,CM CECÍLIA MEIRELES,4,2025,continuante,89.37809671895315,124.7013927334416,PPML-FE unidade
2025,918607,316,4,315.7530545358017,448,411.85958265209155,306.38609004709525,359.30421205481446,CM SONHO FELIZ,4,2025,continuante,0.24694546419829067,95.85958265209155,PPML-FE unidade
2025,918608,125,4,266.1434264629122,208,191.2205205170425,258.2481551780604,166.81981273973528,CM JARDIM MONTE SANTO,4,2025,continuante,141.1434264629122,66.2205205170425,Persistencia
2025,918609,123,4,187.06971908508478,232,213.2844267305474,181.52020692546893,186.0682526712432,CM ADÉLIA VIEIRA,4,2025,continuante,64.06971908508478,90.28442673054741,PPML-FE unidade
2025,918610,63,4,118.26963932720004,75,68.94970691720282,114.76111424484209,60.15137478596224,CM ESPERANÇA DO AMANHÃ,4,2025,continuante,55.26963932720004,5.949706917202818,Persistencia
2025,918611,43,4,73.50388924436525,64,58.83708323601308,71.32336142224814,51.32917315068777,CM MÁRIO LOMBARDI,4,2025,continuante,30.503889244365254,15.837083236013079,Persistencia
2025,918613,376,4,431.58847848905316,518,476.21264244148085,418.78520107441324,415.44549518837925,CM PROFESSORA FLORA SANTINA FERRARI BRAZ,4,2025,continuante,55.58847848905316,100.21264244148085,PPML-FE unidade
2025,918614,161,4,228.72094409709544,218,200.41381477266953,221.9358285442767,174.8399960445302,CM ZÉLIA CHAUKE CURI,4,2025,continuante,67.72094409709544,39.413814772669525,Persistencia
2025,918615,122,4,132.2016272627767,179,164.55996717572407,128.2798031342971,143.56128115582987,CM MARCELO CARDOSO TOMÉ,4,2025,continuante,10.201627262776697,42.55996717572407,PPML-FE unidade
2025,918616,285,4,341.17821881418683,326,299.7013927334416,331.0570047386782,261.45797573631586,CM PADRE VALTER DA COSTA SANTOS,4,2025,continuante,56.178218814186835,14.701392733441594,Persistencia
2025,918617,246,4,440.06506171401884,404,371.4090879273325,427.01032242778894,324.0154055137166,CM CRIANDO O FUTURO,4,2025,continuante,194.06506171401884,125.40908792733251,Persistencia
2025,918618,146,4,295.0962456834147,158,145.25404923890727,286.3420752506669,126.71889621576044,CM ESPERANÇA DA VILA SÃO JORGE,4,2025,continuante,149.09624568341468,0.745950761092729,Persistencia
2025,918619,400,4,442.3608184750392,484,444.95544197234886,429.237974472968,388.17687195207634,CM RAUL CORTEZ,4,2025,continuante,42.360818475039196,44.955441972348865,PPML-FE unidade
2025,918620,327,4,437.23952390566893,497,456.9067245046641,424.2686055419357,398.6031102483098,CM EMILIO IBRAHIM LÁZARO JUBRAM DIB,4,2025,continuante,110.23952390566893,129.9067245046641,PPML-FE unidade
2025,918621,217,4,268.4383708909417,258,237.18699179517773,260.47501898849305,206.92072926371014,CM ELIZABETH TAVARES DE SOUZA - BETINHA,4,2025,continuante,51.43837089094171,20.186991795177732,Persistencia
2025,918801,153,4,217.77776462808657,210,193.0591793681679,211.3172836971892,168.42384940069425,EDI BIANCA ROCHA TAVARES,4,2025,continuante,64.77776462808657,40.05917936816789,Persistencia
2025,918802,198,4,222.190267405188,259,238.10632122074043,215.5988874814679,207.72274759418963,EDI PINTANDO O SETE,4,2025,continuante,24.190267405187996,40.106321220740426,PPML-FE unidade
2025,918803,96,4,133.78899612042986,150,137.89941383440564,129.8200819400679,120.30274957192448,EDI LUDMILA MÁXIMO MOREIRA CARDOSO,4,2025,continuante,37.78899612042986,41.899413834405635,PPML-FE unidade
2025,918804,53,4,61.355469458062665,67,61.595071512701196,59.53533028491519,53.73522814212627,EDI RENAN DE SOUZA LEAL,4,2025,continuante,8.355469458062665,8.595071512701196,PPML-FE unidade
2025,918805,148,4,202.24656653599837,208,191.2205205170425,196.24682598086562,166.81981273973528,EDI CANTORA CESÁRIA ÉVORA,4,2025,continuante,54.24656653599837,43.2205205170425,Persistencia
2025,918806,224,4,323.6982622943539,270,248.2189449019302,314.09559943991303,216.54494922946407,EDI COMENDADOR SERAFIM SOFIA,4,2025,continuante,99.69826229435392,24.2189449019302,Persistencia
2025,918807,259,4,350.5364385947389,388,356.69981711832924,340.13760848004165,311.1831122260446,EDI URBANO DE FREITAS,4,2025,continuante,91.53643859473891,97.69981711832924,PPML-FE unidade
2025,918808,206,4,253.08024595804014,255,234.42900351848962,245.5725001338006,204.51467427227163,EDI PROFESSORA MARTA REGINA PERROTA,4,2025,continuante,47.08024595804014,28.429003518489623,Persistencia
2025,918809,39,4,89.35933395072944,71,65.272389214952,86.708446822871,56.94330146404425,EDI CAMPO GRANDE,4,2025,continuante,50.359333950729436,26.272389214952,Persistencia
2025,918810,145,4,208.42358956722444,230,211.445767879422,202.240604686983,184.4642160102842,EDI DOM BOSCO,4,2025,continuante,63.42358956722444,66.445767879422,PPML-FE unidade
2025,918811,14,4,21.8475706258782,34,31.25720046913195,21.19945205575712,27.268623236302883,EDI ISABEL,4,2025,continuante,7.847570625878198,17.25720046913195,PPML-FE unidade
2025,918812,85,4,118.44597434235253,138,126.86746072765321,114.93221819793096,110.67852960617053,EDI PROFESSOR JORGE EUCLIDES PEREIRA NUNES,4,2025,continuante,33.44597434235253,41.86746072765321,PPML-FE unidade
2025,918813,184,4,180.36415904904865,204,187.54320281479167,175.01357051608394,163.6117394178173,EDI PROFESSOR MARCO ALTINO DE OLIVEIRA,4,2025,continuante,3.635840950951348,3.5432028147916697,Persistencia
2025,918814,177,4,220.95475692710684,223,205.01046190048305,214.40002900914683,178.85008769692772,EDI PROFESSOR NESTOR MANOEL PINTO,4,2025,continuante,43.95475692710684,28.01046190048305,Persistencia
2025,918815,282,4,300.0396543410739,369,339.2325580326379,291.1388353401356,295.9447639469342,EDI PROFESSORA SIRLÉIA SILVA REIS,4,2025,continuante,18.039654341073913,57.23255803263788,PPML-FE unidade
2025,918816,46,4,65.58010578287858,69,63.433730363826605,63.63464076453722,55.339264803085264,EDI PROFESSOR JOÃO FERNANDES FILHO,4,2025,continuante,19.580105782878576,17.433730363826605,Persistencia
2025,918817,307,4,341.70792463848414,383,352.10316999051577,331.5709965878472,307.1730205736472,EDI PROFESSORA EUGENIA DE ALMEIDA AZEVEDO,4,2025,continuante,34.707924638484144,45.10316999051577,PPML-FE unidade
2025,918818,101,4,138.19852870686196,120,110.31953106752451,134.0988036457957,96.24219965753959,EDI FRANCISCO JOSÉ DE MORAES,4,2025,continuante,37.198528706861964,9.319531067524508,Persistencia
2025,918819,18,4,52.90977974729873,46,42.2891535758844,51.340185974953975,36.89284320205684,EDI JOARI,4,2025,continuante,34.90977974729873,24.2891535758844,Persistencia
2025,918820,30,4,61.70748121631553,64,58.83708323601308,59.87689944699425,51.32917315068777,EDI ALMO SATURNINO,4,2025,continuante,31.70748121631553,28.83708323601308,Persistencia
2025,918821,169,4,163.4253343522227,230,211.445767879422,158.57724410751322,184.4642160102842,EDI PROFESSORA ENYR PORTILHO DE AVELLAR,4,2025,continuante,5.5746656477772945,42.44576787942199,PPML-FE unidade
2025,918822,241,4,354.5976066076031,347,319.0073106702584,344.07830001290756,278.30036067638525,EDI PROFESSOR ANDRÉ LUIZ GILS,4,2025,continuante,113.5976066076031,78.00731067025839,Persistencia
2025,918823,147,4,211.4239347148307,242,222.47772098617443,205.15194316926085,194.08843597603817,EDI PROFESSOR DERSU GABRIEL BICEGO,4,2025,continuante,64.4239347148307,75.47772098617443,PPML-FE unidade
2025,918824,228,4,282.9145666506886,303,278.5568159454994,274.5217715182688,243.01155413528747,EDI ALBERTO FERREIRA PINTO,4,2025,continuante,54.914566650688585,50.55681594549941,Persistencia
2025,918825,231,4,288.5639879116234,326,299.7013927334416,280.0036000114607,261.45797573631586,EDI PROFESSORA TERESINHA DE JESUS SIQUEIRA BROWN,4,2025,continuante,57.56398791162343,68.7013927334416,PPML-FE unidade
2025,918826,208,4,324.40451008677866,320,294.1854161800654,314.7808960557875,256.6458657534389,EDI PROFESSORA MARLY DOS SANTOS DE OLIVEIRA (MARLY MARINHO),4,2025,continuante,116.40451008677866,86.18541618006537,Persistencia
2025,918827,178,4,261.9066530814729,187,171.9146025802257,254.13706769337037,149.97742779966586,EDI ATAULFO ALVES,4,2025,continuante,83.90665308147288,6.085397419774296,Persistencia
2025,918828,241,4,322.815454160776,347,319.0073106702584,313.23898022935197,278.30036067638525,EDI ALYRIO CAVALLIERI,4,2025,continuante,81.81545416077603,78.00731067025839,Persistencia
2025,918829,143,4,106.80908424290027,108,99.28757796077207,103.64054197607935,86.61797969178562,EDI RUBEM AZEVEDO ALVES,4,2025,continuante,36.19091575709973,43.71242203922793,PPML-FE unidade
2025,918830,47,4,93.41261523931311,87,79.98166002395527,90.64148559488198,69.7755947517162,EDI HENRIQUE DIAS,4,2025,continuante,46.41261523931311,32.98166002395527,Persistencia
2025,918831,233,4,314.16403097622083,336,308.89468698906865,304.8442056269162,269.4781590411108,EDI ELFLODÍZIO DOS SANTOS,4,2025,continuante,81.16403097622083,75.89468698906865,Persistencia
2025,918832,367,4,394.32798177350554,396,364.0544525228309,382.6300547095667,317.59925886988066,EDI PROFESSORA JACINTHA REIS FERREIRA,4,2025,continuante,27.32798177350554,2.9455474771691,Persistencia
2025,918833,175,4,209.65901986511687,205,188.4625322403544,203.43938535769877,164.41375774829677,EDI PROFESSOR WILSON CHOERI,4,2025,continuante,34.659019865116875,13.462532240354392,Persistencia
2025,918834,127,4,200.83470649099903,181,166.39862602684948,194.876849435375,145.16531781678887,EDI ENGENHEIRA ELAINE MONSORES PIRES,4,2025,continuante,73.83470649099903,39.398626026849485,Persistencia
2025,918835,254,4,336.4108926437366,376,345.6678640115768,326.4311035657164,301.5588922602907,EDI MEDALHISTA OLÍMPICO ARTHUR NORY OYAKAWA MARIANO,4,2025,continuante,82.41089264373659,91.6678640115768,PPML-FE unidade
2025,918836,325,4,402.4509536346108,465,427.4881828866575,390.51205474831676,372.93852367296586,EDI MEDALHISTA OLÍMPICO RAFAEL CARLOS DA SILVA,4,2025,continuante,77.45095363461081,102.48818288665751,PPML-FE unidade
2025,918837,333,4,373.3146900604395,440,404.5049472475899,362.24013228601234,352.8880654109784,EDI MEDALHISTA OLÍMPICO WALLACE LEANDRO DE SOUZA,4,2025,continuante,40.31469006043949,71.50494724758988,PPML-FE unidade
2025,918838,100,4,116.68264835634183,132,121.35148417427698,113.22120211567483,105.86641962329354,EDI EUSTORGIO WANDERLEY,4,2025,continuante,16.68264835634183,21.351484174276976,PPML-FE unidade
2025,918839,69,4,103.28328938682705,89,81.82031887508069,100.21934150076312,71.3796314126752,EDI DALILA TAVARES,4,2025,continuante,34.28328938682705,12.820318875080687,Persistencia
