ano,unidade,nome_unidade_norm,demanda_efetiva_prevista,demanda_cenario_persistencia,demanda_p025_condicional,demanda_p975_condicional,status_em_2025,tipo_oferta,tipo_unidade,cre,microarea,bairro,latitude,longitude,matriculas_2025_proxy_capacidade,rede,capacity_concept,capacity_coverage,planning_gap,planning_gap_p025,planning_gap_p975,planning_gap_persistencia,gap_positivo
2026,10041,CP CRECHE BEZERRA DE MENEZES - SANTA CRUZ,600.0311406036278,649.8099123662532,358.78489811703867,901.7106224581092,continuante,Parceira,Creche Parceira,10.0,10.1,SANTA CRUZ,-22.92397,-43.67806,157.0,parceira,matriculas_2025_proxy,True,443.0311406036278,201.78489811703867,744.7106224581092,492.80991236625323,True
2026,10052,CP CRECHE COMUNITARIA DEUS E FIEL - UNIDADE VII,533.6061357287658,444.9210000584202,318.5754988204541,802.3912470413571,continuante,,,,,,,,321.0,parceira,matriculas_2025_proxy,True,212.60613572876582,-2.4245011795459277,481.39124704135713,123.92100005842019,True
2026,07040,CP CRECHE VALE DO SOL PRACA SECA,469.1529581080231,429.0917776022045,268.1443769758227,721.9689539528714,continuante,Parceira,Creche Parceira,7.0,7.2,JACAREPAGUÁ,-22.89823,-43.35344,389.0,parceira,matriculas_2025_proxy,True,80.15295810802309,-120.8556230241773,332.9689539528714,40.0917776022045,True
2026,08016,CP ASSOCIACAO CENTRO EDUCACIONAL REBRAL VI,463.5082543870224,403.1683468733584,274.6332765066747,700.0561001371714,continuante,Parceira,Creche Parceira,8.0,8.5,REALENGO,-22.88321,-43.42582,251.0,parceira,matriculas_2025_proxy,True,212.50825438702242,23.63327650667469,449.05610013717137,152.16834687335842,True
2026,10051,CP CRECHE COMUNITARIA DEUS E FIEL - UNIDADE VI,443.8992190379689,361.3650612525375,265.0957698733666,667.3896744806865,continuante,,,,,,,,326.0,parceira,matriculas_2025_proxy,True,117.89921903796892,-60.90423012663342,341.3896744806865,35.36506125253749,True
2026,08009,CP ASSOCIACAO RECREATIVA PINGUINHO DE GENTE,400.8124694263529,297.4854887405347,237.11973750539423,605.7051820514588,continuante,Parceira,Creche Parceira,8.0,8.8,SENADOR CAMARÁ,-22.87421,-43.48822,98.0,parceira,matriculas_2025_proxy,True,302.8124694263529,139.11973750539423,507.7051820514588,199.48548874053472,True
2026,0817807,EDI MARIA DO CARMO SOUZA PIRAN,390.0057154400801,315.96520366711,232.2979945366033,587.4069759558344,continuante,Pública,EDI,8.0,8.19,Bangu,-22.863767,-43.471723,96.0,publica,matriculas_2025_proxy,True,294.0057154400801,136.2979945366033,491.40697595583435,219.96520366711002,True
2026,10072,CP CRECHE COMUNITARIA DEUS E FIEL - UNIDADE X,381.2978236649009,308.7164815345597,227.72815124681608,573.2587490165322,continuante,,,,,,,,125.0,parceira,matriculas_2025_proxy,True,256.2978236649009,102.72815124681608,448.2587490165322,183.7164815345597,True
2026,09035,CP INSTITUTO CRESCER E APRENDER - FILIAL,362.5317337892392,284.3309768637358,216.7596702488016,544.8953998444538,continuante,Parceira,Creche Parceira,9.0,9.18,CAMPO GRANDE,-22.90268,-43.57109,80.0,parceira,matriculas_2025_proxy,True,282.5317337892392,136.7596702488016,464.8953998444538,204.33097686373583,True
2026,07041,CP CRECHE VALE DO SOL TAQUARA,359.80053476058896,313.83115396660844,210.80106952559908,546.1161167714084,continuante,Parceira,Creche Parceira,7.0,7.8,TAQUARA / JACAREPAGUÁ,-22.91733,-43.37196,122.0,parceira,matriculas_2025_proxy,True,237.80053476058896,88.80106952559908,424.11611677140843,191.83115396660844,True
2026,07037,CP CAAD UNIVERSO DA CRIANCA,352.0713296318437,307.8481379684241,204.10218219802357,537.4717644882102,continuante,Parceira,Creche Parceira,7.0,7.5,FREGUESIA / JACAREPAGUÁ,-22.92011,-43.36048,294.0,parceira,matriculas_2025_proxy,True,58.071329631843696,-89.89781780197643,243.47176448821017,13.848137968424112,True
2026,09042,CP CRECHE PEQUENA CANAA,350.27573268192384,271.8395007480382,209.59698437915625,526.252380744928,continuante,Parceira,Creche Parceira,9.0,9.18,CAMPO GRANDE,-22.89855,-43.56794,40.0,parceira,matriculas_2025_proxy,True,310.27573268192384,169.59698437915625,486.252380744928,231.83950074803818,True
2026,07014,CP CENTRO INTEGRADO SAO JOSE,345.9389468148901,311.7650335926294,203.34216436313545,524.60229335738,continuante,Parceira,Creche Parceira,7.0,7.16,CIDADE DE DEUS / JACAREPAGUÁ,-22.94726,-43.36008,115.0,parceira,matriculas_2025_proxy,True,230.93894681489007,88.34216436313545,409.60229335737995,196.76503359262938,True
2026,0716821,EDI MEDALHISTA PARALIMPICO FELIPE DE SOUZA GOMES,339.77736474235377,280.5331124568692,200.387300375886,514.0460052262592,continuante,Pública,EDI,7.0,7.1,Taquara,-22.933395,-43.384692,75.0,publica,matriculas_2025_proxy,True,264.77736474235377,125.38730037588601,439.04600522625924,205.53311245686922,True
2026,07013,CP ESPACO DE EDUCACAO INFANTIL CIDADE DE DEUS,334.7262352233565,296.8000303655533,196.9466446483537,507.3020997883388,continuante,Parceira,Creche Parceira,7.0,7.14,CIDADE DE DEUS / JACAREPAGUÁ,-22.95235,-43.36266,194.0,parceira,matriculas_2025_proxy,True,140.72623522335653,2.946644648353697,313.3020997883388,102.80003036555331,True
2026,0817619,CM PROFESSORA REGINA MARIA DA MATTA MONTEZANO,331.2207698014489,261.34113474458826,197.61660189272456,498.4562287877595,continuante,Pública,Creche,8.0,8.18,Bangu,-22.868027,-43.474576,92.0,publica,matriculas_2025_proxy,True,239.2207698014489,105.61660189272456,406.4562287877595,169.34113474458826,True
2026,0716819,EDI PROFESSORA NORMA ANDRADE NOGUEIRA,319.52005951987906,230.56669576749707,188.74248879168093,482.9944081007683,continuante,Pública,EDI,7.0,7.18,Anil,-22.96226,-43.343769,96.0,publica,matriculas_2025_proxy,True,223.52005951987906,92.74248879168093,386.9944081007683,134.56669576749707,True
2026,0918807,EDI URBANO DE FREITAS,314.76847645299466,243.2987649799664,188.33170056717904,472.9267551329818,continuante,Pública,EDI,9.0,9.8,Campo Grande,-22.893198,-43.567798,116.0,publica,matriculas_2025_proxy,True,198.76847645299466,72.33170056717904,356.9267551329818,127.29876497996639,True
2026,0833601,CM CASA DE REALENGO,310.3082176373899,270.77968351178333,184.0079300322444,468.45712083371234,continuante,Pública,Creche,8.0,8.6,Realengo,-22.880628,-43.430644,92.0,publica,matriculas_2025_proxy,True,218.30821763738987,92.00793003224439,376.45712083371234,178.77968351178333,True
2026,0817808,EDI PROFESSOR ANTONIO FLAVIO PIERUCCI,305.8432636183354,236.41185819294395,180.82731329202988,462.3261677044183,continuante,Pública,EDI,8.0,8.12,Senador Camará,-22.879882,-43.490044,98.0,publica,matriculas_2025_proxy,True,207.8432636183354,82.82731329202988,364.3261677044183,138.41185819294395,True
2026,05010,CP ASSOCIACAO CENTRO EDUCACIONAL REBRAL VII,296.6482136102836,261.70094188986167,172.37443940543028,452.353391723034,continuante,Parceira,Creche Parceira,5.0,5.2,IRAJÁ,-22.82850531,-43.32955762,557.0,parceira,matriculas_2025_proxy,True,-260.3517863897164,-384.6255605945697,-104.64660827696599,-295.29905811013833,False
2026,05014,CP AEMMAC - MARECHAL HERMES,290.9087361262291,237.5833483604321,166.01514597594525,447.4228532115177,continuante,Parceira,Creche Parceira,5.0,5.14,MARECHAL HERMES,-22.86148952,-43.36831059,219.0,parceira,matriculas_2025_proxy,True,71.90873612622909,-52.984854024054755,228.4228532115177,18.583348360432097,True
2026,07044,CP CRECHE AMOR DE MAE,277.7556273025587,187.3955413087144,162.85741754395465,422.10247250924,continuante,Parceira,Creche Parceira,7.0,7.28,RECREIO DOS BANDEIRANTES,-23.02235,-43.48079,176.0,parceira,matriculas_2025_proxy,True,101.75562730255871,-13.142582456045346,246.10247250924,11.3955413087144,True
2026,1120605,CM SEMPRE VIDA LORETO,263.99440789010885,180.442972342444,150.36890936950726,406.3140418125788,continuante,Pública,Creche,11.0,11.1,Ilha do Governador,-22.814814,-43.225622,50.0,publica,matriculas_2025_proxy,True,213.99440789010885,100.36890936950726,356.3140418125788,130.442972342444,True
2026,0918606,CM CECILIA MEIRELES,256.1759448464569,216.3653136671156,153.0947764133578,385.1823327581942,continuante,Pública,Creche,9.0,9.7,Campo Grande,-22.891834,-43.561631,43.0,publica,matriculas_2025_proxy,True,213.1759448464569,110.0947764133578,342.1823327581942,173.3653136671156,True
2026,04027,CP ASSOCIACAO CENTRO EDUCACIONAL REBRAL IV,250.80848807616215,240.56583566985407,144.01237087300245,384.3674462020789,continuante,Parceira,Creche Parceira,4.0,4.23,VIGÁRIO GERAL,-22.80848159,-43.30968078,192.0,parceira,matriculas_2025_proxy,True,58.80848807616215,-47.98762912699755,192.3674462020789,48.56583566985407,True
2026,09046,CP CRECHE COMUNITARIA URSINHO PIMPAO,246.43549764421329,214.24322348741725,144.1375181971071,374.1255567490053,continuante,Parceira,Creche Parceira,9.0,9.7,SANTÍSSIMO,-22.87472,-43.51354,73.0,parceira,matriculas_2025_proxy,True,173.43549764421329,71.13751819710711,301.1255567490053,141.24322348741725,True
2026,0817815,EDI SENHOR JOAO GOMES,245.46961288714127,196.02930303625533,146.2306043884104,369.69930451565415,continuante,Pública,EDI,8.0,8.18,Bangu,-22.869535,-43.478332,50.0,publica,matriculas_2025_proxy,True,195.46961288714127,96.2306043884104,319.69930451565415,146.02930303625533,True
2026,10069,CP CRECHE E ESCOLA COMUNITARIA GENTE BAIXINHA II,245.13658984400143,205.96766667859907,145.87192183450563,369.1835239829792,continuante,Parceira,Creche Parceira,10.0,10.18,PACIÊNCIA,-22.91875,-43.62709,95.0,parceira,matriculas_2025_proxy,True,150.13658984400143,50.87192183450563,274.1835239829792,110.96766667859907,True
2026,1026809,EDI MEDALHISTA PARALIMPICO RICARDO COSTA DE OLIVEIRA,232.0333209560574,193.35048489608096,138.42805805503002,349.040177257788,continuante,Pública,EDI,10.0,10.26,Guaratiba,-22.964108,-43.610268,98.0,publica,matriculas_2025_proxy,True,134.0333209560574,40.42805805503002,251.040177257788,95.35048489608096,True
2026,09036,CP INSTITUTO CONSTRUINDO AMANHA,230.35910796333005,176.31448742377896,133.5321965867336,351.504405072452,continuante,Parceira,Creche Parceira,9.0,9.7,SENADOR VASCONCELOS,-22.89620483,-43.53572883,151.0,parceira,matriculas_2025_proxy,True,79.35910796333005,-17.46780341326641,200.50440507245202,25.314487423778957,True
2026,0716818,EDI PROFESSORA CLAUDIA PIRES CONTINO DA SILVA,225.5672301878649,188.72086346129885,131.9097383691916,342.92017232457886,continuante,Pública,EDI,7.0,7.18,Gardênia Azul,-22.95761,-43.35047,91.0,publica,matriculas_2025_proxy,True,134.5672301878649,40.90973836919159,251.92017232457886,97.72086346129885,True
2026,06015,CP AEMMAC - PAVUNA,221.171197462116,179.3017250244854,129.53207617481044,335.8239579560825,continuante,Parceira,Creche Parceira,6.0,6.6,PAVUNA,-22.80827194,-43.36968857,357.0,parceira,matriculas_2025_proxy,True,-135.828802537884,-227.46792382518956,-21.176042043917505,-177.6982749755146,False
2026,0724804,EDI PROFESSORA MATILDE ROSA LOPES DE ARAUJO,215.4580801917052,221.2936754127444,126.76260304460035,326.9383037716439,continuante,Pública,EDI,7.0,7.22,Itanhangá,-22.988367,-43.322451,40.0,publica,matriculas_2025_proxy,True,175.4580801917052,86.76260304460035,286.9383037716439,181.2936754127444,True
2026,07015,CP CRECHE CANTINHO FELIZ II,215.02956207029723,242.51632123165504,120.67434385651164,332.8058045466247,continuante,Parceira,Creche Parceira,7.0,7.25,VARGEM GRANDE,-22.98393,-43.49695,216.0,parceira,matriculas_2025_proxy,True,-0.9704379297027685,-95.32565614348836,116.8058045466247,26.51632123165504,False
2026,03006,CP CRECHE CASA VIVA,214.0775137963149,216.53086991114225,120.13483321294626,331.23139122978387,continuante,Parceira,Creche Parceira,3.0,3.1,ENGENHO DE DENTRO,-22.89574292,-43.29739802,82.0,parceira,matriculas_2025_proxy,True,132.0775137963149,38.13483321294626,249.23139122978387,134.53086991114225,True
2026,0514602,CM JECIA DE FREITAS FERREIRA,213.86688270964865,189.2237208967647,124.47286057517816,325.90052137536816,continuante,Pública,Creche,5.0,5.3,Irajá,-22.831074,-43.327411,94.0,publica,matriculas_2025_proxy,True,119.86688270964865,30.47286057517816,231.90052137536816,95.22372089676469,True
2026,07038,CP CAAD UNIVERSO DAS FLORES,212.41490957681592,180.68436410988943,117.96009551411906,331.1307821608541,continuante,Parceira,Creche Parceira,7.0,7.1,VILA VALQUEIRE,-22.88771,-43.36412,153.0,parceira,matriculas_2025_proxy,True,59.414909576815916,-35.03990448588094,178.1307821608541,27.68436410988943,True
2026,08010,CP ASSOCIACAO CENTRO EDUCACIONAL REBRAL III,211.62256936700263,181.3677677883024,125.06382201821766,320.03650491029106,continuante,Parceira,Creche Parceira,8.0,8.5,REALENGO,-22.88308324,-43.43710919,51.0,parceira,matriculas_2025_proxy,True,160.62256936700263,74.06382201821766,269.03650491029106,130.3677677883024,True
2026,07042,CP INSTITUTO EDUCACIONAL DIVA ALVES II,210.3518142330348,166.66549061928967,123.4903561876273,318.9925414666518,continuante,Parceira,Creche Parceira,7.0,7.22,JACAREPAGUÁ,-22.95334,-43.37915,129.0,parceira,matriculas_2025_proxy,True,81.35181423303479,-5.509643812372701,189.9925414666518,37.66549061928967,True
2026,06003,CP CRECHE NOSSO LAR,208.62432239789013,177.43499740949153,122.02199505542794,317.3349157839106,continuante,Parceira,Creche Parceira,6.0,6.12,ANCHIETA,-22.82355,-43.40247,101.0,parceira,matriculas_2025_proxy,True,107.62432239789013,21.021995055427936,216.33491578391062,76.43499740949153,True
2026,01010,CP CENTRO CULTURAL MONTESSORI - SAO CRISTOVAO,207.40366796374667,193.6935198847008,118.31713410632776,319.243556574228,continuante,Parceira,Creche Parceira,1.0,1.2,SÃO CRISTÓVÃO,-22.89682824,-43.23647362,296.0,parceira,matriculas_2025_proxy,True,-88.59633203625333,-177.68286589367224,23.243556574228023,-102.3064801152992,False
2026,07027,CP CRECHE MUNDO MAGICO I,206.79420433428115,152.3369972533325,121.9572925956264,312.93084646636686,continuante,Parceira,Creche Parceira,7.0,7.24,ITANHANGÁ,-22.93257,-43.37475,171.0,parceira,matriculas_2025_proxy,True,35.79420433428115,-49.0427074043736,141.93084646636686,-18.6630027466675,True
2026,0918835,EDI MEDALHISTA OLIMPICO ARTHUR NORY OYAKAWA MARIANO,206.48630031400972,175.03120954848535,122.3903976896012,311.754510713893,continuante,Pública,EDI,9.0,9.1,Campo Grande,-22.90624,-43.588702,97.0,publica,matriculas_2025_proxy,True,109.48630031400972,25.3903976896012,214.754510713893,78.03120954848535,True
2026,07020,CP JARDIM ESCOLA CRESCENDO E APRENDENDO,204.93761431275124,166.78541427400245,119.852523806179,311.5142235570099,continuante,Parceira,Creche Parceira,7.0,7.17,JACAREPAGUÁ,-22.95829,-43.35315,77.0,parceira,matriculas_2025_proxy,True,127.93761431275124,42.85252380617899,234.51422355700993,89.78541427400245,True
2026,06017,CP CRECHE JOAO E MARIA,202.96870661110196,174.06873176869365,116.38189338007368,311.369166473538,continuante,Parceira,Creche Parceira,6.0,6.6,GUADALUPE,-22.84816,-43.37781,46.0,parceira,matriculas_2025_proxy,True,156.96870661110196,70.38189338007368,265.369166473538,128.06873176869365,True
2026,04023,CP CENTRO CULTURAL EDUCAR - UNIDADE III,202.00314269579044,239.22869277137212,116.99204596088258,308.54595419341246,continuante,Parceira,Creche Parceira,4.0,4.12,BONSUCESSO,-22.86131112,-43.24694176,263.0,parceira,matriculas_2025_proxy,True,-60.996857304209556,-146.0079540391174,45.545954193412456,-23.771307228627876,False
2026,09027,CP INSTITUTO FRUTIFICAR,201.9744372803314,171.63152201483317,119.7809340239381,304.6980674308557,continuante,Parceira,Creche Parceira,9.0,9.13,COSMOS,-22.90722,-43.60736,94.0,parceira,matriculas_2025_proxy,True,107.97443728033139,25.7809340239381,210.6980674308557,77.63152201483317,True
2026,0716603,CM CRIANCA DO FUTURO,196.06373619223064,154.35376928687143,115.19914422368026,297.1700597327015,continuante,Pública,Creche,7.0,7.11,Jacarepaguá,-22.944254,-43.384456,52.0,publica,matriculas_2025_proxy,True,144.06373619223064,63.199144223680264,245.17005973270147,102.35376928687143,True
2026,0625816,EDI PROFESSORA REGINA CELI RABELO DE ALMEIDA,195.55306013543964,160.71105087256166,114.78673420259295,296.578802899519,continuante,Pública,EDI,6.0,6.1,Pavuna,-22.814742,-43.355257,63.0,publica,matriculas_2025_proxy,True,132.55306013543964,51.78673420259295,233.57880289951902,97.71105087256166,True
2026,0107610,CM ARARA AZUL,195.1091602866205,148.30024221923958,112.31513711294988,298.44110196643385,continuante,Pública,Creche,1.0,1.2,Benfica,-22.889247,-43.24211,100.0,publica,matriculas_2025_proxy,True,95.1091602866205,12.315137112949884,198.44110196643385,48.30024221923958,True
2026,03037,CP CRECHE FRUTOS DO AMANHA I,192.9524548842707,194.86966106487012,111.04497082497156,295.4924470872094,continuante,Parceira,Creche Parceira,3.0,3.19,INHAÚMA,-22.87367839,-43.28338169,172.0,parceira,matriculas_2025_proxy,True,20.952454884270708,-60.95502917502844,123.49244708720943,22.869661064870115,True
2026,04030,CP CRECHE VALE DO SOL II,189.65218320063855,206.1834770093295,109.8089752470062,289.6615697018225,continuante,Parceira,Creche Parceira,4.0,4.11,RAMOS,-22.85806396,-43.26002708,338.0,parceira,matriculas_2025_proxy,True,-148.34781679936145,-228.1910247529938,-48.338430298177514,-131.8165229906705,False
2026,0716822,EDI MARCELO PARENTE GOMES DE OLIVEIRA,189.41464916479816,136.63925903975218,111.76738294894623,286.4792075314062,continuante,Pública,EDI,7.0,7.18,Anil,-22.966022,-43.343186,94.0,publica,matriculas_2025_proxy,True,95.41464916479816,17.767382948946235,192.4792075314062,42.639259039752176,True
2026,06016,CP CRECHE NOSSO LAR II,187.1182341948964,162.00322217662074,106.64634797534966,287.8016670310744,continuante,Parceira,Creche Parceira,6.0,6.17,RICARDO DE ALBUQUERQUE,-22.83996,-43.398,179.0,parceira,matriculas_2025_proxy,True,8.118234194896388,-72.35365202465034,108.80166703107437,-16.99677782337926,True
2026,0625614,CM SIMONE DE BEAUVOIR,186.93475364938567,148.25922839612696,109.92054818215092,283.26784354065944,continuante,Pública,Creche,6.0,6.5,Costa Barros,-22.814685,-43.367493,119.0,publica,matriculas_2025_proxy,True,67.93475364938567,-9.079451817849076,164.26784354065944,29.259228396126957,True
2026,05015,CP AEMMAC - ROCHA MIRANDA,186.4480127725464,165.1023844813817,106.73555564908406,286.6551032556744,continuante,Parceira,Creche Parceira,5.0,5.1,ROCHA MIRANDA,-22.84070048,-43.34991116,253.0,parceira,matriculas_2025_proxy,True,-66.5519872274536,-146.26444435091594,33.65510325567442,-87.8976155186183,False
2026,09031,CP ESPACO CRIATIVO TURMINHA DO BAIRRO,185.6931559322404,144.75263256425256,110.94690157470563,279.19983769180607,continuante,Parceira,Creche Parceira,9.0,9.18,CAMPO GRANDE,-22.89867,-43.57786,76.0,parceira,matriculas_2025_proxy,True,109.69315593224039,34.946901574705635,203.19983769180607,68.75263256425256,True
2026,08007,CP CRECHE E ESCOLA COMUNITARIA GENTE INOCENTE - BANGU,185.65462095362943,147.830067643102,110.09094114507543,280.2518291201691,continuante,Parceira,Creche Parceira,8.0,8.8,BANGU,-22.86206558,-43.45701633,210.0,parceira,matriculas_2025_proxy,True,-24.345379046370567,-99.90905885492457,70.25182912016908,-62.16993235689799,False
2026,0430815,EDI PESCADOR ALBANO ROSA,184.2321548019394,162.91725566109116,108.76906941037608,278.58723769431754,continuante,Pública,EDI,4.0,4.6,Bonsucesso,-22.86549,-43.23884,49.0,publica,matriculas_2025_proxy,True,135.2321548019394,59.769069410376076,229.58723769431754,113.91725566109116,True
2026,09014,CP INSTITUTO DE ENSINO AVANCADO,184.04083601717028,158.69225353875396,108.97352146068155,277.8582126824041,continuante,Parceira,Creche Parceira,9.0,9.13,COSMOS,-22.91434,-43.61417,140.0,parceira,matriculas_2025_proxy,True,44.04083601717028,-31.026478539318447,137.8582126824041,18.69225353875396,True
2026,04022,CP CRECHE VALE DO SOL NO GROTAO,179.19150520393703,175.38046441819546,102.99519900679036,274.295773326464,continuante,Parceira,Creche Parceira,4.0,4.16,PENHA,-22.84533897,-43.28999995,265.0,parceira,matriculas_2025_proxy,True,-85.80849479606297,-162.00480099320964,9.295773326463973,-89.61953558180454,False
2026,0734802,EDI SENHORA PERCILIANA PEREIRA DE ALVARENGA,179.08994285099274,155.9707057469517,105.1488122072272,271.69458447120667,continuante,Pública,EDI,7.0,7.14,Jacarepaguá,-22.94965,-43.356636,73.0,publica,matriculas_2025_proxy,True,106.08994285099274,32.148812207227195,198.69458447120667,82.9707057469517,True
2026,0205601,CM IRMAS BAPTISTA,178.78673188788733,174.33381734479312,102.67263194033684,273.9555899945999,continuante,Pública,Creche,2.0,2.3,Copacabana,-22.966176,-43.18712,86.0,publica,matriculas_2025_proxy,True,92.78673188788733,16.672631940336842,187.9555899945999,88.33381734479312,True
2026,04040,CP ASSOCIACAO CENTRO EDUCACIONAL REBRAL X,177.78619197043872,170.98181989033614,100.6845719429036,274.0104259418131,continuante,Parceira,Creche Parceira,4.0,4.21,JARDIM AMÉRICA,-22.80994784,-43.31967943,273.0,parceira,matriculas_2025_proxy,True,-95.21380802956128,-172.3154280570964,1.0104259418130823,-102.01818010966386,False
2026,0716614,CM AUGUSTO DE CARVALHO TORRES FILHO,176.98311535108172,154.9180898287288,102.8361134727437,269.47619535570425,continuante,Pública,Creche,7.0,7.9,Curicica,-22.955267,-43.390377,49.0,publica,matriculas_2025_proxy,True,127.98311535108172,53.836113472743705,220.47619535570425,105.9180898287288,True
2026,02048,CP LAR CANTINHO FELIZ,176.91945540786332,156.3208859532394,99.81949672528256,273.5352331666219,continuante,Parceira,Creche Parceira,2.0,2.15,VILA ISABEL,-22.91503469,-43.25269838,109.0,parceira,matriculas_2025_proxy,True,67.91945540786332,-9.180503274717438,164.53523316662188,47.32088595323941,True
2026,0625802,EDI WESLEY GUILBER RODRIGUES DE ANDRADE,174.16618774250003,140.80150491073104,101.78483866711667,264.86534673657343,continuante,Pública,EDI,6.0,6.5,Costa Barros,-22.820877,-43.368983,69.0,publica,matriculas_2025_proxy,True,105.16618774250003,32.784838667116674,195.86534673657343,71.80150491073104,True
2026,0716803,EDI COMPOSITOR ROBERTO RIBEIRO,173.82075911747484,135.06355333732355,102.33259692440716,263.21405854509493,continuante,Pública,EDI,7.0,7.18,Anil,-22.957616,-43.331432,50.0,publica,matriculas_2025_proxy,True,123.82075911747484,52.332596924407156,213.21405854509493,85.06355333732355,True
2026,0716613,CM MARIA DA CONCEICAO SILVEIRA DE CARVALHO,172.32203079999687,130.50538832887472,100.06001373736508,262.75483909487485,continuante,Pública,Creche,7.0,7.27,Jacarepaguá,-22.968566,-43.389478,54.0,publica,matriculas_2025_proxy,True,118.32203079999687,46.06001373736508,208.75483909487485,76.50538832887472,True
2026,05006,CP CRECHE CARDEAL CAMARA,171.07223505243255,155.08843168770696,91.79308305832252,271.21903001771125,continuante,Parceira,Creche Parceira,5.0,5.17,CAMPINHO,-22.88763764,-43.34557373,185.0,parceira,matriculas_2025_proxy,True,-13.927764947567454,-93.20691694167748,86.21903001771125,-29.911568312293042,False
2026,09021,CP INSTITUTO CRESCER & APRENDER,170.51101271357564,144.78741722832004,101.07359764469764,257.4123733279316,continuante,Parceira,Creche Parceira,9.0,9.14,INHOAÍBA,-22.90626,-43.59867,277.0,parceira,matriculas_2025_proxy,True,-106.48898728642436,-175.92640235530234,-19.58762667206838,-132.21258277167996,False
2026,09026,CP CRECHE COMUNITARIA LEAOZINHO FELIZ,170.44539900573736,145.2218340000365,101.04002677123144,257.18851031801967,continuante,Parceira,Creche Parceira,9.0,9.13,COSMOS,-22.90216,-43.61082,123.0,parceira,matriculas_2025_proxy,True,47.44539900573736,-21.95997322876856,134.18851031801967,22.221834000036495,True
2026,10022,CP ASSOCIACAO DE MORADORES E AMIGOS DO PARQUE ESTORIL - AMAPE,169.6542350506406,166.43163240317682,100.55612971714211,256.0629227943588,continuante,Parceira,Creche Parceira,10.0,10.18,PACIÊNCIA,-22.9226,-43.63206,214.0,parceira,matriculas_2025_proxy,True,-44.34576494935939,-113.44387028285789,42.062922794358826,-47.56836759682318,False
2026,06009,CP CENTRO EDUCACIONAL NOSSA SENHORA APARECIDA,168.0026014174561,187.98782298397757,97.5808502549059,255.98485828307247,continuante,Parceira,Creche Parceira,6.0,6.12,ANCHIETA,-22.82195586,-43.39752575,305.0,parceira,matriculas_2025_proxy,True,-136.9973985825439,-207.4191497450941,-49.01514171692753,-117.01217701602243,False
2026,1019623,CM SEMPRE VIDA TERRA DA PAZ,166.67958149736717,142.39623011360092,99.17683979834122,251.04079621630635,continuante,Pública,Creche,10.0,10.19,Paciência,-22.921142,-43.630065,68.0,publica,matriculas_2025_proxy,True,98.67958149736717,31.17683979834122,183.04079621630635,74.39623011360092,True
2026,09033,CP TEMPO DE CRIANCA,164.4469865745408,129.2459815935628,98.24801485727303,247.26286659378857,continuante,Parceira,Creche Parceira,9.0,9.18,CAMPO GRANDE,-22.89612,-43.57793,82.0,parceira,matriculas_2025_proxy,True,82.4469865745408,16.248014857273034,165.26286659378857,47.24598159356279,True
2026,04016,CP CRECHE LAR IRMAO FRANCISCO,164.22622866240368,199.3453562605997,93.78379271811254,252.54004964768865,continuante,Parceira,Creche Parceira,4.0,4.1,MANGUINHOS,-22.875973,-43.25116019,135.0,parceira,matriculas_2025_proxy,True,29.226228662403685,-41.21620728188746,117.54004964768865,64.34535626059969,True
2026,0430801,"EDI PESCADOR ISIDORO DUARTE - ""DORO""",163.7571375992735,140.62772712412666,96.64404398507092,247.6810922914709,continuante,Pública,EDI,4.0,4.7,Bonsucesso,-22.862239,-43.238621,31.0,publica,matriculas_2025_proxy,True,132.7571375992735,65.64404398507092,216.6810922914709,109.62772712412666,True
2026,0724801,EDI MILENA SANTOS NASCIMENTO,163.5382109188284,110.0860453143024,95.8342884424719,248.59990290095524,continuante,Pública,EDI,7.0,7.28,Recreio,-23.023984,-43.489959,124.0,publica,matriculas_2025_proxy,True,39.53821091882841,-28.1657115575281,124.59990290095524,-13.913954685697604,True
2026,04024,CP CRECHE VALE DO SOL,162.61184927132456,163.71355906571978,92.88845149084636,249.62730471358617,continuante,Parceira,Creche Parceira,4.0,4.15,OLARIA,-22.85146702,-43.27229563,264.0,parceira,matriculas_2025_proxy,True,-101.38815072867544,-171.11154850915364,-14.37269528641383,-100.28644093428022,False
2026,09028,CP CRECHE COMUNITARIA ALEM DO ARCO-IRIS,162.50343363305583,126.0056973713978,97.0758242488549,244.35215427233453,continuante,Parceira,Creche Parceira,9.0,9.18,CAMPO GRANDE,-22.88237,-43.57008,96.0,parceira,matriculas_2025_proxy,True,66.50343363305583,1.0758242488549001,148.35215427233453,30.0056973713978,True
2026,09040,CP CRECHE E ESCOLA COMUNITARIA GENTE BAIXINHA - UNIDADE COSMOS,159.20623075899695,137.3158206715822,94.29637053205442,240.3229397010382,continuante,Parceira,Creche Parceira,9.0,9.23,COSMOS,-22.90761,-43.61597,50.0,parceira,matriculas_2025_proxy,True,109.20623075899695,44.296370532054425,190.3229397010382,87.3158206715822,True
2026,0625611,CM ZILKA SALABERRY,158.42852062999296,129.20086768845937,91.93205280628646,241.68905006566365,continuante,Pública,Creche,6.0,6.19,Acari,-22.824265,-43.345692,102.0,publica,matriculas_2025_proxy,True,56.42852062999296,-10.067947193713536,139.68905006566365,27.20086768845937,True
2026,0918620,CM EMILIO IBRAHIM LAZARO JUBRAM DIB,156.6676512470051,121.36014681967352,93.42637312446637,235.78779803565635,continuante,Pública,Creche,9.0,9.19,Campo Grande,-22.919907,-43.555444,124.0,publica,matriculas_2025_proxy,True,32.6676512470051,-30.573626875533634,111.78779803565635,-2.639853180326483,True
2026,02046,CP ESPACO SANTA TEREZINHA - EST,155.92337178695914,176.49915509959064,87.44594554978859,241.04131798921745,continuante,Parceira,Creche Parceira,2.0,2.6,GÁVEA,-22.97556009,-43.22728739,137.0,parceira,matriculas_2025_proxy,True,18.923371786959137,-49.55405445021141,104.04131798921745,39.49915509959064,True
2026,05016,CP ASSOCIACAO EDUCACIONAL E CULTURAL SAO BERNARDO - CSB,154.14340879383022,134.40535814135183,87.36910080697233,238.10636469051545,continuante,Parceira,Creche Parceira,5.0,5.1,ROCHA MIRANDA,-22.85561968,-43.35253061,183.0,parceira,matriculas_2025_proxy,True,-28.85659120616978,-95.63089919302767,55.10636469051545,-48.594641858648174,False
2026,0716807,EDI LEILA DINIZ,153.66921156066445,134.39507490115446,89.24542063096659,234.0439172913937,continuante,Pública,EDI,7.0,7.9,Curicica,-22.954868,-43.392306,180.0,publica,matriculas_2025_proxy,True,-26.33078843933555,-90.75457936903341,54.04391729139371,-45.60492509884554,False
2026,1026807,EDI ALFREDO FERNANDO VAZ GUIMARAES JUNIOR,153.018850754778,130.5608922807787,91.18508471392376,230.32610114853085,continuante,Pública,EDI,10.0,10.26,Guaratiba,-22.958121,-43.608041,101.0,publica,matriculas_2025_proxy,True,52.018850754777986,-9.814915286076243,129.32610114853085,29.56089228077869,True
2026,03040,CP ASSOCIACAO CRESCENCIO UNIDADE II,152.6343515224563,134.87824674327038,86.36078015585397,235.3782348059308,continuante,Parceira,Creche Parceira,3.0,3.3,ENGENHO NOVO,-22.90891203,-43.26861001,67.0,parceira,matriculas_2025_proxy,True,85.63435152245631,19.360780155853973,168.3782348059308,67.87824674327038,True
2026,10055,CP ESPACO DE DESENVOLVIMENTO MAE GAIA,152.4050737746652,183.56370525657456,89.5954187844437,230.93023111944171,continuante,Parceira,Creche Parceira,10.0,10.9,SEPETIBA,-22.97657329,-43.69658743,133.0,parceira,matriculas_2025_proxy,True,19.405073774665198,-43.404581215556306,97.93023111944171,50.563705256574565,True
2026,09020,CP ASSOCIACAO DE MORADORES UNIAO DAS BASES DE URUCANIA E ADJACENCIAS - CAMPO GRANDE,151.8339313855232,117.90284930155356,90.65338716656744,228.36635606247327,continuante,Parceira,Creche Parceira,9.0,9.18,CAMPO GRANDE,-22.90717,-43.57941,99.0,parceira,matriculas_2025_proxy,True,52.83393138552319,-8.346612833432559,129.36635606247327,18.90284930155356,True
2026,11006,CP CRECHE CASULO DO DENDE,150.62468974639808,135.14887196966905,81.31723708518523,237.32357342028445,continuante,Parceira,Creche Parceira,11.0,11.5,ILHA DO GOVERNADOR / TAUÁ,-22.79948,-43.18549,310.0,parceira,matriculas_2025_proxy,True,-159.37531025360192,-228.68276291481476,-72.67642657971555,-174.85112803033095,False
2026,1019612,CM DANIELA PEREZ,150.5825296508383,129.63553717674307,89.56171314699402,226.8430524535724,continuante,Pública,Creche,10.0,10.17,Paciência,-22.924633,-43.644761,100.0,publica,matriculas_2025_proxy,True,50.582529650838296,-10.438286853005977,126.8430524535724,29.63553717674307,True
2026,08015,CP CEM CRECHE ESCOLA MACHADO,150.03565716886368,132.8719193890552,89.04935100795967,226.408549958729,continuante,,,,,,,,176.0,parceira,matriculas_2025_proxy,True,-25.96434283113632,-86.95064899204033,50.408549958729,-43.12808061094481,False
2026,07018,CP CRECHE SANT ANA IRMA ANCILA,148.50987444388156,150.23956977740545,85.55685679313896,227.66950820719825,continuante,Parceira,Creche Parceira,7.0,7.5,JACAREPAGUÁ,-22.9138,-43.3644,152.0,parceira,matriculas_2025_proxy,True,-3.4901255561184428,-66.44314320686104,75.66950820719825,-1.7604302225945503,False
2026,07039,CP CRECHE JARDIM CLARICE,148.23658213047827,159.89240471716116,87.14101599015925,224.6187490918022,continuante,Parceira,Creche Parceira,7.0,7.8,ANIL,-22.96408,-43.33653,142.0,parceira,matriculas_2025_proxy,True,6.2365821304782685,-54.85898400984075,82.61874909180219,17.892404717161156,True
2026,10019,CP ESCOLA COMUNITARIA JARDIM ALEXANDRINO,147.9577203297705,157.88565660835997,88.32000063820877,222.53779471288564,continuante,Parceira,Creche Parceira,10.0,10.11,SANTA CRUZ,-22.93446,-43.67244,169.0,parceira,matriculas_2025_proxy,True,-21.042279670229505,-80.67999936179123,53.53779471288564,-11.114343391640034,False
2026,10027,CP CRECHE CASULO AGOSTINHO - SANTA CRUZ,147.11303904583076,157.8537043854673,87.8590244955443,221.2116872427221,continuante,Parceira,Creche Parceira,10.0,10.11,SANTA CRUZ,-22.90966,-43.67976,160.0,parceira,matriculas_2025_proxy,True,-12.88696095416924,-72.1409755044557,61.21168724272209,-2.146295614532704,False
2026,06002,CP CRECHE GUADALUPE,144.92314005286403,118.41177228632802,82.2328158548037,223.24197087894075,continuante,Parceira,Creche Parceira,6.0,6.1,GUADALUPE,-22.83417,-43.37066,166.0,parceira,matriculas_2025_proxy,True,-21.076859947135972,-83.7671841451963,57.24197087894075,-47.588227713671984,False
2026,07004,CP CASA EMILIEN LACAY,144.587598561605,112.6879458059386,82.52723429738647,222.48212157770627,continuante,Parceira,Creche Parceira,7.0,7.7,FREGUESIA / JACAREPAGUÁ,-22.93948,-43.35402,141.0,parceira,matriculas_2025_proxy,True,3.587598561605006,-58.47276570261353,81.48212157770627,-28.312054194061403,True
2026,09045,CP CRECHE COMUNITARIA PINTANDO SONHOS,143.91790360379622,109.217441706419,85.98897854280142,216.3721037973542,continuante,Parceira,Creche Parceira,9.0,9.18,CAMPO GRANDE,-22.88529,-43.55016,38.0,parceira,matriculas_2025_proxy,True,105.91790360379622,47.98897854280142,178.3721037973542,71.217441706419,True
2026,05001,CP ASSOCIACAO AMIGOS DA CRIANCA - CRECHE ROCHA MIRANDA,139.8721825912295,121.86477469318598,79.71943054881186,215.4885284792017,continuante,Parceira,Creche Parceira,5.0,5.1,ROCHA MIRANDA,-22.85260964,-43.35192325,115.0,parceira,matriculas_2025_proxy,True,24.87218259122949,-35.28056945118814,100.4885284792017,6.8647746931859785,True
2026,03002,CP ABRIGO MARIA IMACULADA,139.81724141309374,123.48668716138911,76.2863051731305,219.83846170962724,continuante,Parceira,Creche Parceira,3.0,3.4,ROCHA,-22.90056725,-43.24951092,356.0,parceira,matriculas_2025_proxy,True,-216.18275858690626,-279.7136948268695,-136.16153829037276,-232.5133128386109,False
2026,09013,CP CRECHE COMUNITARIA SOL DO SABER,139.5645130178774,119.09743870782734,81.7135430188859,211.80250702098195,continuante,Parceira,Creche Parceira,9.0,9.7,SANTÍSSIMO,-22.87444,-43.52549,108.0,parceira,matriculas_2025_proxy,True,31.564513017877402,-26.2864569811141,103.80250702098195,11.097438707827337,True
2026,0817609,CM RECANTO FELIZ,138.55961330740968,110.0710431031026,82.25747104422757,209.03745619802407,continuante,Pública,Creche,8.0,8.16,Padre Miguel,-22.86933,-43.458291,151.0,publica,matriculas_2025_proxy,True,-12.440386692590323,-68.74252895577243,58.037456198024074,-40.928956896897404,False
2026,0716808,EDI PROFESSORA MARIA BERENICE PARENTE,138.54930642210886,115.81233174877552,80.99219137114737,210.6608812072758,continuante,Pública,EDI,7.0,7.17,Gardênia Azul,-22.958906,-43.351378,69.0,publica,matriculas_2025_proxy,True,69.54930642210886,11.99219137114737,141.6608812072758,46.81233174877552,True
2026,06004,CP CENTRO COMUNITARIO PARQUE UNIDOS DE ACARI,137.95245097312986,114.5650561939475,79.90952444835843,210.61192390600792,continuante,Parceira,Creche Parceira,6.0,6.4,ACARI,-22.82067,-43.34701,84.0,parceira,matriculas_2025_proxy,True,53.95245097312986,-4.090475551641575,126.61192390600792,30.5650561939475,True
2026,07036,CP CAAD UNIVERSO ENCANTADO,137.6672952571404,110.29309262068722,79.2970018318903,210.58201260772324,continuante,Parceira,Creche Parceira,7.0,7.7,FREGUESIA / JACAREPAGUÁ,-22.93773,-43.342,175.0,parceira,matriculas_2025_proxy,True,-37.33270474285959,-95.7029981681097,35.58201260772324,-64.70690737931278,False
2026,03022,CP INSTITUTO AVANTE ELITE DO FUTURO,136.98913466135326,132.19130727830995,77.31016773069831,212.0762863757872,continuante,Parceira,Creche Parceira,3.0,3.9,PILARES,-22.87453725,-43.2938692,116.0,parceira,matriculas_2025_proxy,True,20.989134661353262,-38.68983226930169,96.07628637578719,16.19130727830995,True
2026,09038,CP CEM CRECHE ESCOLA MACHADO UNIDADE II,136.79495245395242,116.9869189864123,81.11969344686008,206.37179643327275,continuante,,,,,,,,201.0,parceira,matriculas_2025_proxy,True,-64.20504754604758,-119.88030655313992,5.371796433272749,-84.0130810135877,False
2026,06012,CP ASSOCIACAO CRESCENCIO,135.93961302071298,115.60062528341956,77.71245906737535,208.88702690746896,continuante,Parceira,Creche Parceira,6.0,6.15,GUADALUPE,-22.84617,-43.36729,132.0,parceira,matriculas_2025_proxy,True,3.939613020712983,-54.28754093262465,76.88702690746896,-16.39937471658044,True
2026,08021,CP ASSOCIACAO RECREATIVA MUNDO MAGICO DA TIA NATY,135.5348758468255,113.22324020770552,78.72382721540696,206.65913344632412,continuante,Parceira,Creche Parceira,8.0,8.7,PADRE MIGUEL,-22.87342,-43.43952,38.0,parceira,matriculas_2025_proxy,True,97.53487584682551,40.723827215406956,168.65913344632412,75.22324020770552,True
2026,0918601,CM ALEGRIA DE NOVA CIDADE,135.51279563287386,114.7824806671147,80.3380623871161,204.57292566519945,continuante,Pública,Creche,9.0,9.1,Inhoaíba,-22.903147,-43.590627,93.0,publica,matriculas_2025_proxy,True,42.51279563287386,-12.661937612883904,111.57292566519945,21.782480667114697,True
2026,0716606,CM AMIGUINHOS DA VILA SAPE,135.2648595540987,103.1320723530133,79.57119489678712,204.9751339901292,continuante,Pública,Creche,7.0,7.12,Jacarepaguá,-22.947959,-43.374412,50.0,publica,matriculas_2025_proxy,True,85.2648595540987,29.57119489678712,154.9751339901292,53.1320723530133,True
2026,04015,CP ESPACO DE EDUCACAO INFANTIL VILA DO JOAO,134.6004827583643,142.34115768460418,77.4033467560086,206.2942291937145,continuante,Parceira,Creche Parceira,4.0,4.1,MANGUINHOS,-22.86529825,-43.24814105,207.0,parceira,matriculas_2025_proxy,True,-72.39951724163569,-129.5966532439914,-0.7057708062854999,-64.65884231539582,False
2026,04038,CP ASSOCIACAO CENTRO EDUCACIONAL REBRAL VIII,134.0474419161361,134.28206395039984,76.09091309746057,206.7881976202531,continuante,Parceira,Creche Parceira,4.0,4.21,CORDOVIL,-22.82752902,-43.30657976,234.0,parceira,matriculas_2025_proxy,True,-99.95255808386389,-157.90908690253943,-27.2118023797469,-99.71793604960016,False
2026,03033,CP INSTITUTO EDUCACIONAL T & P CONQUISTA,132.9934422018363,114.90340436025475,74.79281439329571,205.6714296360541,continuante,Parceira,Creche Parceira,3.0,3.4,LINS DE VASCONCELOS,-22.912049,-43.28506245,198.0,parceira,matriculas_2025_proxy,True,-65.0065577981637,-123.20718560670429,7.671429636054114,-83.09659563974525,False
2026,06001,CP ESCOLA PATRONATO NOSSA SENHORA DE NAZARE,132.25785341270424,148.89087782980215,76.76349796919794,201.5828808378103,continuante,Parceira,Creche Parceira,6.0,6.12,ANCHIETA,-22.82191,-43.39912,106.0,parceira,matriculas_2025_proxy,True,26.257853412704236,-29.236502030802058,95.58288083781031,42.89087782980215,True
2026,09041,CP CRECHE COMUNITARIA PEQUENOS PASSOS,132.23210979420514,103.03703813561934,78.98961185147616,198.8402734341061,continuante,Parceira,Creche Parceira,9.0,9.18,CAMPO GRANDE,-22.88208,-43.56469,60.0,parceira,matriculas_2025_proxy,True,72.23210979420514,18.989611851476155,138.8402734341061,43.03703813561934,True
2026,10032,CP CRECHE COMUNITARIA MUNDO MAGICO,132.2154166733284,141.49924728365414,78.89591537895008,198.8960011737192,continuante,Parceira,Creche Parceira,10.0,1.1,SANTA CRUZ,-22.93267,-43.69154,197.0,parceira,matriculas_2025_proxy,True,-64.7845833266716,-118.10408462104992,1.8960011737192133,-55.50075271634586,False
2026,01004,CP CRECHE CANTINHO FELIZ DE SANTA TERESA,131.792360827162,99.16735871551742,73.7536160495326,204.6381412099076,continuante,Parceira,Creche Parceira,1.0,1.11,SANTA TERESA,-22.93159323,-43.19609406,50.0,parceira,matriculas_2025_proxy,True,81.79236082716201,23.753616049532596,154.6381412099076,49.16735871551742,True
2026,1019628,CM IRINEA DOS SANTOS PAIVA,131.72009475619132,141.58662985070785,78.70980499618129,198.01150125499964,continuante,Pública,Creche,10.0,10.12,Santa Cruz,-22.926998,-43.673065,44.0,publica,matriculas_2025_proxy,True,87.72009475619132,34.70980499618129,154.01150125499964,97.58662985070785,True
2026,0724602,CM DINA SFAT,130.9424456756028,58.63967514821047,77.33580118613546,197.93994284749368,continuante,Pública,Creche,7.0,7.24,Itanhangá,-22.989203,-43.297275,68.0,publica,matriculas_2025_proxy,True,62.94244567560281,9.335801186135456,129.93994284749368,-9.360324851789528,True
2026,10035,CP ESCOLA COMUNITARIA JARDIM DE INFANCIA CHAVE DO TAMANHO,130.85631605050054,160.9616140868468,77.0472429033876,198.13273798825952,continuante,Parceira,Creche Parceira,10.0,10.9,SEPETIBA,-22.97224,-43.69661,84.0,parceira,matriculas_2025_proxy,True,46.85631605050054,-6.952757096612402,114.13273798825952,76.9616140868468,True
2026,10054,CP CRECHE COMUNITARIA AQUARELA DO SABER,130.6115335693239,141.09862035879547,78.06843360100265,196.3183196448349,continuante,Parceira,Creche Parceira,10.0,10.1,SANTA CRUZ,-22.92614,-43.68532,43.0,parceira,matriculas_2025_proxy,True,87.61153356932391,35.06843360100265,153.3183196448349,98.09862035879547,True
2026,10075,CP CRECHE COMUNITARIA PEDACINHO DE CEU,130.1524157788301,137.5639122159848,77.66522461275545,195.79312553525205,continuante,Parceira,Creche Parceira,10.0,10.15,SANTA CRUZ,-22.93109266,-43.66661398,78.0,parceira,matriculas_2025_proxy,True,52.15241577883009,-0.33477538724454803,117.79312553525205,59.5639122159848,True
2026,0724601,CM MARIA VIEIRA BAZANI,129.71727872318075,86.60336224306472,76.03649972399045,197.15775667739177,continuante,Pública,Creche,7.0,7.28,Recreio dos Bandeirantes,-23.027024,-43.485789,98.0,publica,matriculas_2025_proxy,True,31.717278723180755,-21.963500276009555,99.15775667739177,-11.396637756935277,True
2026,03014,CP CRECHE PLANTANDO O AMANHA,129.6915529533377,122.96990666465452,73.11305423366831,200.65309694380653,continuante,Parceira,Creche Parceira,3.0,3.13,DEL CASTILHO,-22.87406959,-43.28668612,166.0,parceira,matriculas_2025_proxy,True,-36.30844704666231,-92.88694576633169,34.65309694380653,-43.030093335345484,False
2026,0716812,EDI ESCRITORA CLARICE LISPECTOR,129.48857810720938,81.58115281530475,76.34722641131364,196.012845157837,nova_ou_reativada,Pública,EDI,7.0,7.23,Rio Das Pedras,-22.976261,-43.325334,45.0,publica,matriculas_2025_proxy,True,84.48857810720938,31.347226411313642,151.012845157837,36.58115281530475,True
2026,0833811,EDI MEDALHISTA OLIMPICA RAFAELA LOPES SILVA,129.46240969254734,115.80287307827754,72.44202745504671,200.7757994997418,continuante,Pública,EDI,8.0,8.3,Magalhães Bastos,-22.868937,-43.414361,58.0,publica,matriculas_2025_proxy,True,71.46240969254734,14.442027455046713,142.7757994997418,57.80287307827754,True
2026,0625604,CM HERBERT DE SOUZA - BETINHO,128.21575234408394,107.7998163485186,73.72592562678248,196.43577955791147,continuante,Pública,Creche,6.0,6.7,Coelho Neto,-22.83664,-43.348239,124.0,publica,matriculas_2025_proxy,True,4.215752344083938,-50.274074373217516,72.43577955791147,-16.200183651481396,True
2026,08024,CP CEM CRECHE ESCOLA MACHADO - UNIDADE I,128.1317210244233,111.37909018029453,76.10832841131788,193.28965509628424,continuante,,,,,,,,78.0,parceira,matriculas_2025_proxy,True,50.131721024423314,-1.8916715886821152,115.28965509628424,33.379090180294526,True
2026,0716813,EDI PROFESSORA KENIA MENDES DOS SANTOS,127.88289462978976,80.86535217237449,69.73320697244385,200.2711503335952,continuante,Pública,EDI,7.0,7.27,Camorim- Jacarepaguá,-22.964857,-43.413066,51.0,publica,matriculas_2025_proxy,True,76.88289462978976,18.733206972443853,149.2711503335952,29.865352172374486,True
2026,0625606,CM LUIS DE SOUZA DA COSTA BARROS,127.83193183880492,104.1698083733834,74.722037419098,194.3788344951652,continuante,Pública,Creche,6.0,6.5,Costa Barros,-22.820707,-43.365549,96.0,publica,matriculas_2025_proxy,True,31.83193183880492,-21.277962580902,98.3788344951652,8.169808373383404,True
2026,06013,CP CRECHE COMUNITARIA AQUARELA,127.5335362027924,113.09957457182932,71.17686743302289,198.35397449429917,continuante,Parceira,Creche Parceira,6.0,6.18,PARQUE ANCHIETA,-22.83706,-43.41045,100.0,parceira,matriculas_2025_proxy,True,27.533536202792405,-28.823132566977108,98.35397449429917,13.099574571829322,True
2026,0622804,EDI MEDALHISTA PARALIMPICO DANIEL MARTINS,127.12272620551856,109.63645431806266,72.57697378080717,195.3746314162701,continuante,Pública,EDI,6.0,6.13,Ricardo de Albuquerque,-22.834977,-43.393545,96.0,publica,matriculas_2025_proxy,True,31.12272620551856,-23.423026219192835,99.37463141627009,13.636454318062661,True
2026,06007,CP CRECHE ABRINDO PORTAS,126.39842147903757,118.70143527412966,72.80517394151994,193.426409399457,continuante,Parceira,Creche Parceira,6.0,6.2,ACARI,-22.82279,-43.34669,119.0,parceira,matriculas_2025_proxy,True,7.398421479037566,-46.19482605848006,74.42640939945699,-0.2985647258703352,True
2026,08018,CP CRECHE COMUNITARIA ESTRELINHA,125.76538413453228,102.09895736174758,74.6855185712192,189.77003257750215,continuante,Parceira,Creche Parceira,8.0,8.8,SENADOR CAMARÁ,-22.87388,-43.48101,72.0,parceira,matriculas_2025_proxy,True,53.76538413453228,2.6855185712192053,117.77003257750215,30.09895736174758,True
2026,0430603,CM TIO MARIO,124.91470699929243,110.1913712842274,72.76496710030973,190.1973772701333,continuante,Pública,Creche,4.0,4.4,Bonsucesso,-22.873426,-43.239545,49.0,publica,matriculas_2025_proxy,True,75.91470699929243,23.764967100309732,141.1973772701333,61.1913712842274,True
2026,0833603,CM SILVEIRINHA,124.69924352374738,97.84072350084384,70.04110618954293,193.64712478465,continuante,Pública,Creche,8.0,8.14,Deodoro,-22.853024,-43.396094,125.0,publica,matriculas_2025_proxy,True,-0.3007564762526158,-54.95889381045707,68.64712478465,-27.159276499156164,False
2026,03026,CP CHALE SEMENTINHA,124.50324785898124,123.40158533559838,68.82678006424025,194.7381536124637,continuante,Parceira,Creche Parceira,3.0,3.14,HIGIENÓPOLIS,-22.88059599,-43.25631045,239.0,parceira,matriculas_2025_proxy,True,-114.49675214101876,-170.17321993575973,-44.26184638753631,-115.59841466440162,False
2026,07019,CP JARDIM ESCOLA TURMINHA DA ARCA - JETA,123.82708624780336,123.98111504052368,71.97008579599161,188.65300306769683,continuante,Parceira,Creche Parceira,7.0,7.7,JACAREPAGUÁ,-22.96342,-43.34745,185.0,parceira,matriculas_2025_proxy,True,-61.172913752196635,-113.02991420400839,3.6530030676968295,-61.018884959476324,False
2026,01009,CP CRECHE COMUNITARIA ANITA WAY,123.04880791578192,110.5694097254197,66.55016373315779,194.53690590510703,continuante,Parceira,Creche Parceira,1.0,1.5,SANTO CRISTO,-22.9009354,-43.1977302,129.0,parceira,matriculas_2025_proxy,True,-5.9511920842180785,-62.44983626684221,65.53690590510703,-18.430590274580297,False
2026,04036,CP CRECHE GIZ COLORIDO,122.95453749322792,141.49716610560608,69.6906616110477,189.64716074623092,continuante,Parceira,Creche Parceira,4.0,4.14,BRÁS DE PINA,-22.82947091,-43.29392752,57.0,parceira,matriculas_2025_proxy,True,65.95453749322792,12.690661611047702,132.64716074623092,84.49716610560608,True
2026,0918837,EDI MEDALHISTA OLIMPICO WALLACE LEANDRO DE SOUZA,122.59003547031745,104.14657847988376,71.69179551879452,186.1756662642484,continuante,Pública,EDI,9.0,9.2,Santíssimo,-22.870428,-43.51129,120.0,publica,matriculas_2025_proxy,True,2.5900354703174457,-48.30820448120548,66.1756662642484,-15.853421520116243,True
2026,04018,CP SOCIEDADE DE ENSINO TEREZA CRISTINA,122.19047927494938,111.2999537081046,70.9168439737168,186.39990111242977,continuante,Parceira,Creche Parceira,4.0,4.5,BONSUCESSO,-22.85034047,-43.2465646,210.0,parceira,matriculas_2025_proxy,True,-87.80952072505062,-139.0831560262832,-23.600098887570226,-98.7000462918954,False
2026,0817504,CIEP ANTONIO EVARISTO DE MORAES,122.11006606603016,116.58179752100078,71.9945996856653,184.8757455990404,continuante,Pública,CIEP,8.0,8.12,Senador Camará,-22.881793,-43.487326,25.0,publica,matriculas_2025_proxy,True,97.11006606603016,46.99459968566531,159.8757455990404,91.58179752100078,True
2026,10060,CP CRECHE COMUNITARIA JARDIM DO CONHECIMENTO,121.77922564246413,130.78250159398905,72.73913379257263,183.1065567550752,continuante,Parceira,Creche Parceira,10.0,10.1,SANTA CRUZ,-22.92958,-43.68569,95.0,parceira,matriculas_2025_proxy,True,26.779225642464127,-22.26086620742737,88.10655675507519,35.78250159398905,True
2026,1019606,CM TRINTA E UM DE OUTUBRO,121.52005919183745,119.54640886062847,72.0905714084369,183.3426985930142,continuante,Pública,Creche,10.0,10.4,Paciência,-22.917668,-43.637215,48.0,publica,matriculas_2025_proxy,True,73.52005919183745,24.0905714084369,135.3426985930142,71.54640886062847,True
2026,0313611,CM JOSE RAMOS JANUARIO - ZE PRETINHO,121.28482271361568,111.3844318719832,68.79058119991032,186.8373568314908,continuante,Pública,Creche,3.0,3.3,Engenho Novo,-22.908008,-43.266694,77.0,publica,matriculas_2025_proxy,True,44.28482271361568,-8.20941880008968,109.83735683149081,34.384431871983196,True
2026,08011,CP ESPACO DE EDUCACAO INFANTIL BATAN,121.27489470654044,91.34270070675817,70.96455808596407,184.4985457616214,continuante,Parceira,Creche Parceira,8.0,8.5,REALENGO,-22.88083,-43.49267,190.0,parceira,matriculas_2025_proxy,True,-68.72510529345956,-119.03544191403593,-5.501454238378614,-98.65729929324183,False
2026,10056,CP CRECHE MUNDO DA BIBI,120.99462639176689,128.87771434139148,72.20661085240148,182.009566632176,continuante,Parceira,Creche Parceira,10.0,10.1,SANTA CRUZ,-22.93585,-43.68192,100.0,parceira,matriculas_2025_proxy,True,20.994626391766886,-27.793389147598518,82.00956663217599,28.87771434139148,True
2026,0625820,EDI BETH CARVALHO,120.90672414671342,95.94246622656634,71.05937181901575,183.25747655530856,continuante,Pública,EDI,6.0,6.5,PAVUNA,-22.81084,-43.36713,131.0,publica,matriculas_2025_proxy,True,-10.093275853286585,-59.94062818098425,52.25747655530856,-35.05753377343366,False
2026,04041,CP CRECHE ESCOLA OTACILIO BATISTA,120.40708172225916,138.52797602281044,69.61039437715861,184.075420176455,continuante,Parceira,Creche Parceira,4.0,4.12,BONSUCESSO,-22.85751606,-43.24458774,52.0,parceira,matriculas_2025_proxy,True,68.40708172225916,17.610394377158613,132.075420176455,86.52797602281044,True
2026,0817804,EDI PROFESSORA EDITH MARQUES DE SOUZA,119.68046958628628,98.829881103222,69.76055110547593,182.16890959803163,continuante,Pública,EDI,8.0,8.16,PADRE MIGUEL,-22.868071,-43.45675,72.0,publica,matriculas_2025_proxy,True,47.68046958628628,-2.239448894524074,110.16890959803163,26.829881103221993,True
2026,0204602,CM ARACY GUIMARAES ROSA,119.42232401356532,107.85577921512056,63.43714721606477,190.20570746629625,continuante,Pública,Creche,2.0,2.2,Catete,-22.928943,-43.179417,93.0,publica,matriculas_2025_proxy,True,26.422324013565316,-29.562852783935227,97.20570746629625,14.855779215120563,True
2026,04003,CP ASSOCIACAO CIVIL CENTRO EDUCACIONAL COMUNITARIO ESTACAO DO SABER,119.09405143063648,111.21347030051604,66.78142302192508,184.7307124866417,continuante,Parceira,Creche Parceira,4.0,4.21,PARADA DE LUCAS,-22.81297733,-43.29690787,142.0,parceira,matriculas_2025_proxy,True,-22.905948569363517,-75.21857697807492,42.73071248664169,-30.786529699483964,False
2026,0625612,CM YEDDA MARQUES LAMOUNIER DE ANDRADE MACIEL,118.54350667588444,95.4109044084807,68.68732466728669,180.9820864763481,continuante,Pública,Creche,6.0,6.19,Acari,-22.826136,-43.34295,96.0,publica,matriculas_2025_proxy,True,22.543506675884444,-27.31267533271331,84.98208647634809,-0.5890955915192961,True
2026,03024,CP CASA DE LEYLA,118.22710256161758,110.35176787741132,64.27929414119178,186.08588196346057,continuante,Parceira,Creche Parceira,3.0,3.11,SAMPAIO,-22.90124083,-43.25925243,129.0,parceira,matriculas_2025_proxy,True,-10.772897438382415,-64.72070585880822,57.085881963460565,-18.64823212258868,False
2026,09008,CP CRECHE COMUNITARIA ANA & LU,117.47192440012708,91.13782100419029,70.15279820061829,176.66700743439338,continuante,Parceira,Creche Parceira,9.0,9.18,CAMPO GRANDE,-22.91489,-43.56694,64.0,parceira,matriculas_2025_proxy,True,53.47192440012708,6.152798200618292,112.66700743439338,27.137821004190286,True
2026,04021,CP ASSOCIACAO CENTRO EDUCACIONAL REBRAL II,117.14135216401804,110.40516537684964,66.64299254477636,180.40070656870972,continuante,Parceira,Creche Parceira,4.0,4.19,PENHA CIRCULAR,-22.83816909,-43.28794454,193.0,parceira,matriculas_2025_proxy,True,-75.85864783598196,-126.35700745522364,-12.599293431290278,-82.59483462315036,False
2026,10043,CP CRECHE CANTINHO CASLU,116.86634702443584,100.9106497275968,69.47099788914103,176.09699775897838,continuante,Parceira,Creche Parceira,10.0,10.18,PACIÊNCIA,-22.92932,-43.63725,125.0,parceira,matriculas_2025_proxy,True,-8.13365297556416,-55.52900211085897,51.096997758978375,-24.089350272403195,False
2026,0625804,EDI PROFESSORA HELIA LUCIA MORENO FERREIRA,116.86101059550305,94.29511773047818,68.45473426165026,177.42382437316493,continuante,Pública,EDI,6.0,6.6,Costa Barros,-22.821307,-43.361933,72.0,publica,matriculas_2025_proxy,True,44.861010595503046,-3.545265738349741,105.42382437316493,22.295117730478182,True
2026,0817605,CM MANE GARRINCHA II,116.74479289144716,92.43261041474702,69.36467686220172,176.0775490209802,continuante,Pública,Creche,8.0,8.11,Bangu,-22.878109,-43.480675,65.0,publica,matriculas_2025_proxy,True,51.74479289144716,4.364676862201719,111.0775490209802,27.432610414747018,True
2026,0817801,EDI PROFESSORA TANIA MARIA LARRUBIA GOMES,116.4334157906381,91.94480078458862,69.00233572187771,175.8406791065567,continuante,Pública,EDI,8.0,8.9,Bangu,-22.888872,-43.470733,117.0,publica,matriculas_2025_proxy,True,-0.5665842093619062,-47.997664278122286,58.840679106556706,-25.055199215411378,False
2026,04042,CP CENTRO CULTURAL PEDACINHO DO CEU,116.17394801214016,125.63533832177524,65.98289718855624,179.059068724712,continuante,Parceira,Creche Parceira,4.0,4.14,BRÁS DE PINA,-22.82835328,-43.28778895,179.0,parceira,matriculas_2025_proxy,True,-62.82605198785984,-113.01710281144376,0.05906872471200586,-53.36466167822476,False
2026,0716820,EDI MEDALHISTA OLIMPICA AGATHA BEDNARCZUK RIPPEL,115.91028060115698,96.56561412020528,67.59199372442622,176.25380436056028,continuante,Pública,EDI,7.0,7.11,Curicica,-22.954432,-43.382779,48.0,publica,matriculas_2025_proxy,True,67.91028060115698,19.591993724426217,128.25380436056028,48.56561412020528,True
2026,0716605,CM SEMPRE VIDA NISE DA SILVEIRA,115.5051138124904,97.04872094712525,67.29737522589096,175.84157072169486,continuante,Pública,Creche,7.0,7.16,Jacarepaguá,-22.943136,-43.352063,92.0,publica,matriculas_2025_proxy,True,23.505113812490407,-24.70262477410904,83.84157072169486,5.048720947125247,True
2026,03025,CP CENTRO CULTURAL EDUCAR - UNIDADE II,115.24366416545855,108.36121048786696,61.43334241239634,182.86341519542364,continuante,Parceira,Creche Parceira,3.0,3.13,ABOLIÇÃO,-22.88511431,-43.30126439,151.0,parceira,matriculas_2025_proxy,True,-35.756335834541446,-89.56665758760366,31.86341519542364,-42.638789512133044,False
2026,09017,CP ESPACO CRESCER,114.89109914338304,91.4170367594347,68.32867702389063,173.15375311698227,continuante,Parceira,Creche Parceira,9.0,9.18,CAMPO GRANDE,-22.91264,-43.53939,176.0,parceira,matriculas_2025_proxy,True,-61.108900856616955,-107.67132297610937,-2.846246883017727,-84.5829632405653,False
2026,07035,CP AEMMAC - ANIL,114.74313571036336,114.89066524812324,67.25721609527774,174.11061602889106,continuante,Parceira,Creche Parceira,7.0,7.18,JACAREPAGUÁ,-22.95058,-43.34142,205.0,parceira,matriculas_2025_proxy,True,-90.25686428963664,-137.74278390472227,-30.88938397110894,-90.10933475187676,False
2026,0724603,CM BENEDITA SIQUEIRA LOPES,114.5898429501471,119.02353583415282,67.29370972590755,174.0375612013612,continuante,Pública,Creche,7.0,7.24,Barra da Tijuca,-22.98716,-43.307461,24.0,publica,matriculas_2025_proxy,True,90.5898429501471,43.29370972590755,150.0375612013612,95.02353583415282,True
2026,0515602,CM SAO MIGUEL ARCANJO,114.5784290786244,94.8778645411808,65.11008561776599,176.75213569989822,continuante,Pública,Creche,5.0,5.8,Madureira,-22.860679,-43.331741,97.0,publica,matriculas_2025_proxy,True,17.578429078624396,-31.88991438223401,79.75213569989822,-2.1221354588192014,True
2026,10026,CP CRECHE E ESCOLA COMUNITARIA GENTE BAIXINHA I,114.3907821665348,111.48418129269996,67.80887324663799,172.66038456503557,continuante,Parceira,Creche Parceira,10.0,10.18,PACIÊNCIA,-22.91791,-43.62659,143.0,parceira,matriculas_2025_proxy,True,-28.609217833465195,-75.19112675336201,29.66038456503557,-31.515818707300042,False
2026,0918619,CM RAUL CORTEZ,114.35764090538878,88.86158600751658,66.39323469716044,174.3542861599023,continuante,Pública,Creche,9.0,9.15,Campo Grande,-22.899666,-43.534143,114.0,publica,matriculas_2025_proxy,True,0.35764090538877724,-47.60676530283956,60.3542861599023,-25.13841399248342,True
2026,0515801,EDI KARINE LORRAINE CHAGAS DE OLIVEIRA,114.00503764500512,96.97364005322603,65.2327186294554,175.09612851890515,continuante,Pública,EDI,5.0,5.11,Honório Gurgel,-22.839458,-43.356108,72.0,publica,matriculas_2025_proxy,True,42.00503764500512,-6.767281370544595,103.09612851890515,24.973640053226035,True
2026,0918831,EDI ELFLODIZIO DOS SANTOS,113.24530699276065,96.1930419158066,67.12553622340465,170.97402022509638,continuante,Pública,EDI,9.0,9.1,Inhoaíba,-22.903285,-43.591003,99.0,publica,matriculas_2025_proxy,True,14.245306992760646,-31.87446377659535,71.97402022509638,-2.806958084193397,True
2026,0625803,EDI PROFESSORA BEATRIZ DE SOUZA MADEIRA,112.35781306425493,92.9511308396823,65.40250440669661,171.19019656398052,continuante,Pública,EDI,6.0,6.9,Costa Barros,-22.823882,-43.361693,98.0,publica,matriculas_2025_proxy,True,14.357813064254927,-32.59749559330339,73.19019656398052,-5.048869160317693,True
2026,10065,CP CRECHE MAGIA DA CRIANCA II,112.24746951318735,136.89123997721774,66.18717819654728,169.83980008412857,continuante,Parceira,Creche Parceira,10.0,10.9,SEPETIBA,-22.97923,-43.69058,169.0,parceira,matriculas_2025_proxy,True,-56.752530486812645,-102.81282180345272,0.8398000841285693,-32.10876002278226,False
2026,04006,CP COMUNIDADE INSTITUCIONAL ADULAO TEMPO FELIZ,111.8195681029245,121.1832025782899,64.60881825496985,170.97691977788668,continuante,Parceira,Creche Parceira,4.0,4.11,BONSUCESSO,-22.85972933,-43.25933213,64.0,parceira,matriculas_2025_proxy,True,47.81956810292451,0.6088182549698473,106.97691977788668,57.183202578289894,True
2026,1019620,CM SEMENTINHA DO AMOR,111.41065346843249,120.35672592037564,66.59747871407458,167.449615445131,continuante,Pública,Creche,10.0,10.12,Santa Cruz,-22.920081,-43.672904,29.0,publica,matriculas_2025_proxy,True,82.41065346843249,37.59747871407458,138.449615445131,91.35672592037564,True
2026,0515808,EDI GUARACIARA RODRIGUES DINIZ,110.53384706870943,91.00170634879952,62.968581463166345,170.32473412951768,continuante,Pública,EDI,5.0,5.7,Madureira,-22.863852,-43.335166,51.0,publica,matriculas_2025_proxy,True,59.533847068709434,11.968581463166345,119.32473412951768,40.001706348799516,True
2026,0716607,CM EMILIA JOANA DA FONSECA MARQUES,109.36369722679304,98.41042538953,62.79457224006343,167.83303734760904,continuante,Pública,Creche,7.0,7.3,Praça Seca,-22.907555,-43.353033,75.0,publica,matriculas_2025_proxy,True,34.363697226793036,-12.205427759936569,92.83303734760904,23.410425389530005,True
2026,0410808,EDI ALMIR LEITE RIBEIRO,108.95732680884308,107.38084814199487,62.84942979644482,166.43216014141206,continuante,Pública,EDI,4.0,4.16,Olaria,-22.84681,-43.283699,100.0,publica,matriculas_2025_proxy,True,8.957326808843078,-37.15057020355518,66.43216014141206,7.380848141994875,True
2026,03012,CP CRECHE MAE DO DIVINO SALVADOR,108.55264924044312,126.39731518132308,60.55646927949587,168.49396912647254,continuante,Parceira,Creche Parceira,3.0,3.8,PIEDADE,-22.88678077,-43.31002626,252.0,parceira,matriculas_2025_proxy,True,-143.44735075955688,-191.44353072050413,-83.50603087352746,-125.60268481867692,False
2026,05013,CP CENTRO EDUCACIONAL SOMAR,107.94214698546602,113.3982642506096,60.13956629835301,167.54990594540826,continuante,Parceira,Creche Parceira,5.0,5.13,BENTO RIBEIRO,-22.86338415,-43.36411183,44.0,parceira,matriculas_2025_proxy,True,63.942146985466024,16.13956629835301,123.54990594540826,69.3982642506096,True
2026,08014,"CP DO.RA., A AVENTUREIRA",107.789173180415,86.24679151609195,63.97510950193228,162.68188265398345,continuante,Parceira,Creche Parceira,8.0,8.8,BANGU,-22.88082,-43.4709,88.0,parceira,matriculas_2025_proxy,True,19.789173180415006,-24.02489049806772,74.68188265398345,-1.753208483908054,True
2026,0833602,CM JULINHO CACAU,107.70133099836522,95.4775006279746,62.90611208166385,163.83378809162065,continuante,Pública,Creche,8.0,8.4,Realengo,-22.883527,-43.417187,42.0,publica,matriculas_2025_proxy,True,65.70133099836522,20.90611208166385,121.83378809162065,53.47750062797461,True
2026,0430602,CM VILA PINHEIRO,107.34166186535715,92.2387739696475,63.02441067771095,162.7880463645393,continuante,Pública,Creche,4.0,4.5,Bonsucesso,-22.869745,-43.236586,48.0,publica,matriculas_2025_proxy,True,59.34166186535715,15.024410677710947,114.7880463645393,44.2387739696475,True
2026,01006,CP CRECHE DO TUIUTI,107.22073830988928,100.99452938599984,61.20633882973796,164.99653852988683,continuante,Parceira,Creche Parceira,1.0,1.2,BENFICA,-22.8978552,-43.23659028,147.0,parceira,matriculas_2025_proxy,True,-39.779261690110715,-85.79366117026204,17.996538529886834,-46.00547061400016,False
2026,09025,CP INSTITUTO O LUAR,107.11012402960526,83.67828402143672,63.99306696314391,161.04927038271336,continuante,Parceira,Creche Parceira,9.0,9.18,CAMPO GRANDE,-22.88272,-43.56714,61.0,parceira,matriculas_2025_proxy,True,46.11012402960526,2.99306696314391,100.04927038271336,22.678284021436724,True
2026,04025,CP CRECHE E PRE-ESCOLA NOVA JERUSALEM NO CORDOVIL,106.53212669488116,108.4197667277238,60.544920770519774,164.26127426192232,continuante,Parceira,Creche Parceira,4.0,4.21,CORDOVIL,-22.82168197,-43.29078896,195.0,parceira,matriculas_2025_proxy,True,-88.46787330511884,-134.45507922948022,-30.738725738077676,-86.5802332722762,False
2026,0515809,EDI PROFESSOR UBIRAJARA DE PAULA CASTRO,106.42766769952829,85.47938879723962,60.65517736190638,163.82776201332587,continuante,Pública,EDI,5.0,6.16,Marechal Hermes,-22.848431,-43.361544,91.0,publica,matriculas_2025_proxy,True,15.427667699528286,-30.344822638093618,72.82776201332587,-5.520611202760378,True
2026,0328602,CM TIA ANDREZA,105.85671047087617,108.5660699790785,59.66570102695098,163.69361210626457,continuante,Pública,Creche,3.0,3.12,Jacarezinho,-22.89037,-43.259111,49.0,publica,matriculas_2025_proxy,True,56.856710470876166,10.665701026950977,114.69361210626457,59.566069979078506,True
2026,04017,CP ASSOCIACAO CENTRO EDUCACIONAL REBRAL I,105.40025451865438,98.785282287854,60.08264912703936,162.16489183263425,continuante,Parceira,Creche Parceira,4.0,4.19,PENHA,-22.82766816,-43.27648683,164.0,parceira,matriculas_2025_proxy,True,-58.59974548134562,-103.91735087296064,-1.8351081673657461,-65.214717712146,False
2026,0515810,EDI PROFESSORA TEREZINHA SARDOUX HENRIQUES,105.39454934626715,83.69840068877349,59.72911908460964,162.85628491882136,continuante,Pública,EDI,5.0,5.16,Cascadura,-22.888526,-43.330231,45.0,publica,matriculas_2025_proxy,True,60.394549346267155,14.729119084609643,117.85628491882136,38.69840068877349,True
2026,0103801,EDI PROFESSORA SIMONE SOUSA PIMENTEL,105.0235228598338,91.90148986432942,59.61318691816818,161.9153019285715,continuante,Pública,EDI,1.0,1.1,Rio Comprido,-22.927634,-43.213252,50.0,publica,matriculas_2025_proxy,True,55.023522859833804,9.613186918168182,111.9153019285715,41.90148986432942,True
2026,0107604,CM HOMERO JOSE DOS SANTOS,104.91762625213978,90.49522863616411,59.46766507606991,161.81685084528743,continuante,Pública,Creche,1.0,1.3,Mangueira,-22.903303,-43.236528,97.0,publica,matriculas_2025_proxy,True,7.917626252139783,-37.53233492393009,64.81685084528743,-6.504771363835886,True
2026,10073,CP NINHO CARIOCA,104.49809812242232,88.84917195079483,62.13669715850679,157.46960142066365,continuante,Parceira,Creche Parceira,10.0,10.18,GUARATIBA,-22.94731,-43.60089,149.0,parceira,matriculas_2025_proxy,True,-44.50190187757768,-86.86330284149321,8.46960142066365,-60.150828049205174,False
2026,0716608,CM IRMA DULCE,103.73000639599964,92.0109383396155,59.07572772241213,159.87754486930854,continuante,Pública,Creche,7.0,7.3,Praça Seca,-22.900935,-43.362466,73.0,publica,matriculas_2025_proxy,True,30.730006395999638,-13.924272277587868,86.87754486930854,19.010938339615507,True
2026,09032,CP SOLDADINHOS DE DEUS,103.69667180981293,87.56139502040685,61.46205323823759,156.56047656577007,continuante,Parceira,Creche Parceira,9.0,9.14,CAMPO GRANDE,-22.91303271,-43.58235799,88.0,parceira,matriculas_2025_proxy,True,15.696671809812926,-26.537946761762413,68.56047656577007,-0.43860497959315126,True
2026,04048,CP INSTITUTO DE EDUCACAO EUCLIDES DOS SANTOS II,103.35176822416967,112.58111956761834,59.78595478714456,157.93393461097452,continuante,Parceira,Creche Parceira,4.0,4.11,RAMOS,-22.85122669,-43.25565045,127.0,parceira,matriculas_2025_proxy,True,-23.648231775830325,-67.21404521285544,30.933934610974518,-14.418880432381656,False
2026,07034,CP INSTITUTO EDUCACIONAL DIVA ALVES,103.34382887932706,82.62765206505809,60.41181398690839,157.02134511286008,continuante,Parceira,Creche Parceira,7.0,7.11,JACAREPAGUÁ,-22.93863,-43.39598,72.0,parceira,matriculas_2025_proxy,True,31.343828879327063,-11.588186013091608,85.02134511286008,10.627652065058086,True
2026,0918833,EDI PROFESSOR WILSON CHOERI,103.34084213825987,90.15075543419304,61.11744529877474,156.1008103980231,continuante,Pública,EDI,9.0,9.13,Cosmos,-22.906845,-43.618746,118.0,publica,matriculas_2025_proxy,True,-14.659157861740127,-56.88255470122526,38.1008103980231,-27.849244565806956,False
2026,0625607,CM LUIZA DE BARROS DE SA FREIRE,103.2925524131811,84.16966804054682,60.23937918721298,157.22672916012127,continuante,Pública,Creche,6.0,6.6,Costa Barros,-22.81981,-43.361921,69.0,publica,matriculas_2025_proxy,True,34.2925524131811,-8.760620812787018,88.22672916012127,15.169668040546824,True
2026,0123603,CM FALLET,103.2210373039696,92.95381558713927,58.55765690246953,159.2121488381395,continuante,Pública,Creche,1.0,1.11,Santa Teresa,-22.927235,-43.195756,54.0,publica,matriculas_2025_proxy,True,49.221037303969595,4.557656902469532,105.21214883813951,38.953815587139275,True
2026,0625814,EDI PROFESSORA ROSEANE VASCONCELOS,102.94847243771363,85.17541521743846,57.78188152335625,159.27101778846855,continuante,Pública,EDI,6.0,6.1,Barros Filho,-22.83288,-43.367418,71.0,publica,matriculas_2025_proxy,True,31.948472437713633,-13.218118476643753,88.27101778846855,14.175415217438456,True
2026,09022,CP ESPACO CRIATIVO CASTELINHO RINALDI,102.66743997124442,87.14591220019577,60.82221998331842,155.03410810616964,continuante,Parceira,Creche Parceira,9.0,9.14,INHOAÍBA,-22.91745,-43.60024,104.0,parceira,matriculas_2025_proxy,True,-1.33256002875558,-43.17778001668158,51.03410810616964,-16.854087799804233,False
2026,0206602,CM VIDIGAL,102.54900987776765,101.04114483990844,56.78367570453066,159.94412993465295,continuante,Pública,Creche,2.0,2.5,Vidigal,-22.993826,-43.235266,74.0,publica,matriculas_2025_proxy,True,28.549009877767645,-17.21632429546934,85.94412993465295,27.04114483990844,True
2026,1019830,EDI GAL COSTA,102.26667097641864,109.78806319442228,61.10708379590771,153.73814988768703,continuante,Pública,EDI,10.0,10.1,SANTA CRUZ,-22.92303,-43.67329553,49.0,publica,matriculas_2025_proxy,True,53.26667097641864,12.107083795907712,104.73814988768703,60.78806319442228,True
2026,11004,CP CENTRO DE ATIVIDADES EDUCACIONAIS E CULTURAIS ARCA DE NOE - CAECAN,101.83813708364896,95.56227301647203,52.55135626465058,163.33646564986086,continuante,Parceira,Creche Parceira,11.0,11.3,ILHA DO GOVERNADOR / GUARABU,-22.80427,-43.19551,148.0,parceira,matriculas_2025_proxy,True,-46.16186291635104,-95.44864373534942,15.336465649860855,-52.437726983527966,False
2026,0411601,CM CARLOS DRUMMOND DE ANDRADE,101.69979916606728,101.11131885957484,58.66706008775424,155.36172108308946,continuante,Pública,Creche,4.0,4.16,Penha,-22.843844,-43.287744,63.0,publica,matriculas_2025_proxy,True,38.69979916606728,-4.332939912245763,92.36172108308946,38.11131885957484,True
2026,0918613,CM PROFESSORA FLORA SANTINA FERRARI BRAZ,101.6809701239053,87.55814698500437,59.50576111273819,154.33388362241817,continuante,Pública,Creche,9.0,9.7,Santíssimo,-22.877835,-43.5237,73.0,publica,matriculas_2025_proxy,True,28.680970123905297,-13.494238887261808,81.33388362241817,14.55814698500437,True
2026,04045,CP CRECHE CRIANCA FELIZ EM LUCAS,101.4347865748951,94.56540555369833,57.11844873196768,157.0265344894686,continuante,Parceira,Creche Parceira,4.0,4.23,PARADA DE LUCAS,-22.81241883,-43.29846109,155.0,parceira,matriculas_2025_proxy,True,-53.5652134251049,-97.88155126803233,2.026534489468588,-60.43459444630167,False
2026,10036,CP CAAD DONA ZULMIRA TELLES,101.27065684628984,107.70816196655794,60.424194666377154,152.3555726153528,continuante,Parceira,Creche Parceira,10.0,10.1,SANTA CRUZ,-22.92066,-43.69698,131.0,parceira,matriculas_2025_proxy,True,-29.72934315371016,-70.57580533362284,21.3555726153528,-23.291838033442062,False
2026,03021,CP CRECHE COMUNITARIA TIA ALICE,100.9513857403647,84.00715381282096,55.35618687117811,158.11492987938638,continuante,Parceira,Creche Parceira,3.0,3.12,JACARÉ,-22.88931194,-43.25333441,177.0,parceira,matriculas_2025_proxy,True,-76.0486142596353,-121.64381312882189,-18.88507012061362,-92.99284618717904,False
2026,0716609,CM RIO NOVO - RIO DAS FLORES,99.98074146587363,68.57025131890474,58.40476172012049,152.01609849808068,continuante,Pública,Creche,7.0,7.19,Freguesia,-22.972272,-43.334928,99.0,publica,matriculas_2025_proxy,True,0.9807414658736349,-40.59523827987951,53.01609849808068,-30.429748681095262,True
2026,10011,CP CRECHE PINGUINHO DE GENTE,99.64478838857744,108.7114868546023,59.56965843096767,149.75631540205836,continuante,Parceira,Creche Parceira,10.0,10.11,SANTA CRUZ,-22.92193,-43.68943,109.0,parceira,matriculas_2025_proxy,True,-9.355211611422561,-49.43034156903233,40.75631540205836,-0.288513145397701,False
2026,08013,CP CENTRO EDUCACIONAL LUIZA,99.52495583969488,92.51173832546718,58.58843620531986,150.78488673956127,continuante,Parceira,Creche Parceira,8.0,8.5,REALENGO,-22.8799,-43.43653,102.0,parceira,matriculas_2025_proxy,True,-2.475044160305117,-43.41156379468014,48.78488673956127,-9.488261674532822,False
2026,1120606,CM TAUA,99.15809097391312,90.46807222140896,54.406191440545705,155.13011122144542,continuante,Pública,Creche,11.0,11.5,Ilha do Governador,-22.796875,-43.1796,100.0,publica,matriculas_2025_proxy,True,-0.8419090260868813,-45.593808559454295,55.13011122144542,-9.53192777859104,False
2026,0918816,EDI PROFESSOR JOAO FERNANDES FILHO,99.08196116693443,83.68360991550139,59.21360482100727,148.97682969768675,continuante,Pública,EDI,9.0,9.7,Campo Grande,-22.894133,-43.557582,11.0,publica,matriculas_2025_proxy,True,88.08196116693443,48.21360482100727,137.97682969768675,72.68360991550139,True
2026,0208608,CM DOUTOR SERGIO AROUCA,98.91854602359672,87.51723454507369,56.08060517410844,152.62081641863242,continuante,Pública,Creche,2.0,2.12,Rio Comprido,-22.922555,-43.215483,85.0,publica,matriculas_2025_proxy,True,13.918546023596718,-28.91939482589156,67.62081641863242,2.5172345450736913,True
2026,0515608,CM MARIA JOSE DE PAULA DE JESUS,98.86606269584394,82.71915164741513,54.627868779519,154.698046628608,continuante,Pública,Creche,5.0,5.8,Vaz Lobo,-22.857199,-43.334689,43.0,publica,matriculas_2025_proxy,True,55.86606269584394,11.627868779518998,111.69804662860801,39.71915164741513,True
2026,0101605,CM CLEMENTE FERREIRA,98.78848518880436,81.97257284932726,56.80240407072889,151.4463212373914,continuante,Pública,Creche,1.0,1.1,Caju,-22.876014,-43.222735,73.0,publica,matriculas_2025_proxy,True,25.78848518880436,-16.19759592927111,78.4463212373914,8.972572849327264,True
2026,0312502,CIEP PROCOPIO FERREIRA,98.7490669776684,96.92686055945606,55.192033351560006,153.47056748509803,continuante,Pública,CIEP,3.0,3.14,Del Castilho,-22.879513,-43.274866,79.0,publica,matriculas_2025_proxy,True,19.749066977668406,-23.807966648439994,74.47056748509803,17.92686055945606,True
2026,04012,CP CRECHE ESCOLA MIMI I,98.48204540289755,88.8009599161448,57.31946012517628,150.02174596130502,continuante,Parceira,Creche Parceira,4.0,4.4,BONSUCESSO,-22.85158405,-43.24220338,125.0,parceira,matriculas_2025_proxy,True,-26.517954597102445,-67.68053987482372,25.021745961305015,-36.199040083855195,False
2026,0101603,CM SENNINHA,98.4813935473671,81.35469942701909,56.16912391066069,151.53399884783076,continuante,Pública,Creche,1.0,1.1,Caju,-22.882989,-43.228696,71.0,publica,matriculas_2025_proxy,True,27.481393547367105,-14.830876089339313,80.53399884783076,10.354699427019085,True
2026,0102601,CM SEMPRE VIDA SANTO ANTONIO DE PADUA,98.16329381979838,82.77890271412718,55.460736779628746,151.79868595135474,continuante,Pública,Creche,1.0,1.9,Estácio,-22.918978,-43.202959,97.0,publica,matriculas_2025_proxy,True,1.1632938197983833,-41.539263220371254,54.79868595135474,-14.221097285872816,True
2026,0430811,EDI MEDALHISTA OLIMPICO WILLIAM PEIXOTO ARJONA,97.87792683058206,83.16622962583541,57.39748739508682,148.53522157531117,continuante,Pública,EDI,4.0,4.5,Maré,-22.869949,-43.234122,75.0,publica,matriculas_2025_proxy,True,22.877926830582055,-17.60251260491318,73.53522157531117,8.166229625835413,True
2026,04010,CP CRECHE COMUNITARIA SAGRADO CORACAO DE MARIA,97.83352589009834,95.53205561829768,57.04871316550415,148.86418536286675,continuante,Parceira,Creche Parceira,4.0,4.4,BONSUCESSO,-22.85783,-43.24325,123.0,parceira,matriculas_2025_proxy,True,-25.166474109901657,-65.95128683449585,25.86418536286675,-27.467944381702324,False
2026,10006,CP CRECHE ESCOLA COMUNITARIA ISMENIA RIBEIRO,97.6005089679754,103.04878296718728,58.169904845771526,146.91633167336312,continuante,Parceira,Creche Parceira,10.0,10.11,SANTA CRUZ,-22.93625,-43.69207,111.0,parceira,matriculas_2025_proxy,True,-13.3994910320246,-52.830095154228474,35.91633167336312,-7.951217032812721,False
2026,0410801,EDI DOUTOR DOMINGOS ARTHUR MACHADO FILHO,97.5470109575815,82.07848082870699,55.75290023987769,149.8181493937982,continuante,Pública,EDI,4.0,4.2,Manguinhos,-22.884679,-43.248251,84.0,publica,matriculas_2025_proxy,True,13.547010957581506,-28.24709976012231,65.8181493937982,-1.9215191712930135,True
2026,04047,CP CRECHE VALE DO SOL III,97.28457269304288,97.2568728120499,55.60625756258429,149.36785381606865,continuante,Parceira,Creche Parceira,4.0,4.15,OLARIA,-22.84292307,-43.26179249,276.0,parceira,matriculas_2025_proxy,True,-178.7154273069571,-220.3937424374157,-126.63214618393135,-178.7431271879501,False
2026,0625818,EDI MARIA EUGENIA CANELHAS,96.81600708917728,78.22739972029397,56.590650125941934,147.15498386504188,continuante,Pública,EDI,6.0,6.8,Pavuna,-22.816734,-43.372226,50.0,publica,matriculas_2025_proxy,True,46.816007089177276,6.590650125941934,97.15498386504188,28.227399720293974,True
2026,04005,CP CASA DE JOEL,96.31686538691709,95.15168688150716,54.68078022537836,148.56673369178654,continuante,Parceira,Creche Parceira,4.0,4.21,CORDOVIL,-22.8298666,-43.30749742,240.0,parceira,matriculas_2025_proxy,True,-143.68313461308293,-185.31921977462164,-91.43326630821346,-144.84831311849285,False
2026,0103807,EDI MARIA LUIZA NOBRE - TIA LUIZINHA,96.00771133531744,87.30216116111855,53.23136814788185,149.4931187702803,continuante,Pública,EDI,1.0,1.8,Catumbi,-22.921988,-43.196215,111.0,publica,matriculas_2025_proxy,True,-14.992288664682562,-57.76863185211815,38.49311877028029,-23.697838838881452,False
2026,0817616,CM PROFESSORA MARIA ASSUMPCAO,95.95843168347638,76.10550831890282,57.10163953662955,144.62273330780368,continuante,Pública,Creche,8.0,8.19,Bangu,-22.864759,-43.468277,15.0,publica,matriculas_2025_proxy,True,80.95843168347638,42.10163953662955,129.62273330780368,61.10550831890282,True
2026,0622601,CM JOSE GOULART,95.77762646498635,83.45499831516442,55.77325781608016,145.96215725949665,continuante,Pública,Creche,6.0,6.13,Anchieta,-22.827194,-43.394719,48.0,publica,matriculas_2025_proxy,True,47.777626464986355,7.773257816080161,97.96215725949665,35.45499831516442,True
2026,02028,CP OBRAS SOCIAIS PADRE ALEIXO,94.8088789695021,71.33846602255466,49.68498394260975,151.24464579153874,continuante,Parceira,Creche Parceira,2.0,2.1,FLAMENGO,-22.93738397,-43.17922769,85.0,parceira,matriculas_2025_proxy,True,9.808878969502103,-35.31501605739025,66.24464579153874,-13.661533977445345,True
2026,0515604,CM GERCINDA ROSA FONSECA,94.3510633269079,74.54940738044185,53.40212301927356,145.87647687411416,continuante,Pública,Creche,5.0,5.16,Cascadura,-22.88969,-43.332498,96.0,publica,matriculas_2025_proxy,True,-1.648936673092095,-42.59787698072644,49.87647687411416,-21.45059261955815,False
2026,07003,CP CRECHE ESCOLA MAE ASTERIA,94.24195675959578,74.83314413518191,54.26882443042344,144.31323777012736,continuante,Parceira,Creche Parceira,7.0,7.8,TAQUARA / JACAREPAGUÁ,-22.91192,-43.4059,315.0,parceira,matriculas_2025_proxy,True,-220.75804324040422,-260.7311755695766,-170.68676222987264,-240.1668558648181,False
2026,0107607,CM NACAO MANGUEIRENSE,93.74223620057556,78.12815294268592,52.9591875614314,144.84549072151776,continuante,Pública,Creche,1.0,1.3,Mangueira,-22.905354,-43.239478,100.0,publica,matriculas_2025_proxy,True,-6.257763799424438,-47.0408124385686,44.84549072151776,-21.871847057314085,False
2026,09034,CP CRECHE COMUNITARIA ARTE DA CRIANCA,93.16351632276866,72.45648795722019,55.49610448129651,140.28954715591516,continuante,Parceira,Creche Parceira,9.0,9.18,CAMPO GRANDE,-22.90765,-43.54105,89.0,parceira,matriculas_2025_proxy,True,4.163516322768658,-33.50389551870349,51.28954715591516,-16.54351204277981,True
2026,08004,CP CRECHE COMUNITARIA NINO,92.4371963738421,53.47738023247807,50.90232891837609,145.4776544712194,continuante,Parceira,Creche Parceira,8.0,8.8,VILA KENNEDY,-22.85888,-43.48897,97.0,parceira,matriculas_2025_proxy,True,-4.562803626157901,-46.09767108162391,48.47765447121941,-43.52261976752193,False
2026,02037,CP CRECHE COMUNITARIA CANTINHO DA NATUREZA,92.41983401382926,87.66691973968499,52.36050599111167,142.66669657859515,continuante,Parceira,Creche Parceira,2.0,2.3,COPACABANA,-22.96304873,-43.19386787,142.0,parceira,matriculas_2025_proxy,True,-49.58016598617074,-89.63949400888833,0.6666965785951504,-54.333080260315015,False
2026,10039,CP FUNDACAO KLINGNER PARA O DESENVOLVIMENTO SOCIAL,92.16461350046728,97.39892940923863,54.8811384476733,138.79351343163344,continuante,Parceira,Creche Parceira,10.0,10.11,SANTA CRUZ,-22.94542,-43.68158,349.0,parceira,matriculas_2025_proxy,True,-256.8353864995327,-294.1188615523267,-210.20648656836656,-251.60107059076137,False
2026,0227801,EDI PROFESSORA EDIR CASEIRO RIBEIRO,91.76953084404336,120.62325515968774,52.545592154107226,140.75493505513074,continuante,Pública,EDI,2.0,2.8,Rocinha,-22.988,-43.24644,95.0,publica,matriculas_2025_proxy,True,-3.2304691559566407,-42.454407845892774,45.754935055130744,25.623255159687744,False
2026,04044,CP CRECHE HOUSE BABY - BONSUCESSO,91.67547552371178,98.66567995860476,52.68520770414483,140.5443955724198,continuante,Parceira,Creche Parceira,4.0,4.12,BONSUCESSO,-22.85933168,-43.25650048,217.0,parceira,matriculas_2025_proxy,True,-125.32452447628822,-164.31479229585517,-76.4556044275802,-118.33432004139524,False
2026,05005,CP CRECHE APOSTOLO SAO PEDRO,91.42726434936634,85.46113493106867,49.98567801332232,143.12109187743746,continuante,Parceira,Creche Parceira,5.0,5.12,CAVALCANTI,-22.87248531,-43.31333538,97.0,parceira,matriculas_2025_proxy,True,-5.5727356506336605,-47.01432198667768,46.121091877437465,-11.53886506893133,False
2026,05008,CP ASSOCIACAO HOUSE BABY - VILA KOSMOS,90.75319196353468,76.03785541362402,50.44078068741504,141.47117006704343,continuante,Parceira,Creche Parceira,5.0,5.1,VILA COSMOS,-22.85633262,-43.30689816,148.0,parceira,matriculas_2025_proxy,True,-57.246808036465325,-97.55921931258496,-6.528829932956569,-71.96214458637598,False
2026,0817810,EDI VILA DO VINTEM,90.09049464101624,87.76262386631538,51.7320706948548,138.13578345289758,continuante,Pública,EDI,8.0,8.16,Padre Miguel,-22.87125,-43.449299,65.0,publica,matriculas_2025_proxy,True,25.090494641016235,-13.267929305145202,73.13578345289758,22.76262386631538,True
2026,04035,CP INSTITUTO DE EDUCACAO EUCLIDES DOS SANTOS,90.06245767879062,81.68244500108656,52.19281076737783,137.4910363937112,continuante,Parceira,Creche Parceira,4.0,4.5,BONSUCESSO,-22.8483656,-43.24487657,141.0,parceira,matriculas_2025_proxy,True,-50.93754232120938,-88.80718923262216,-3.508963606288802,-59.31755499891344,False
2026,04001,CP CENTRO EDUCACIONAL APRENDIZ DA MARE,89.91150148653153,79.80052572488412,52.39772580461909,136.8813568877983,continuante,Parceira,Creche Parceira,4.0,4.4,BONSUCESSO,-22.8508233,-43.2422339,200.0,parceira,matriculas_2025_proxy,True,-110.08849851346847,-147.60227419538091,-63.11864311220171,-120.19947427511588,False
2026,04029,CP SOLZINHO,89.38303744663655,89.90960970862216,51.0854127690134,137.2328889505991,continuante,Parceira,Creche Parceira,4.0,4.15,OLARIA,-22.85518005,-43.26747178,187.0,parceira,matriculas_2025_proxy,True,-97.61696255336345,-135.9145872309866,-49.76711104940091,-97.09039029137784,False
2026,1019829,EDI ERASMO CARLOS,89.22457488919879,96.04410719857307,53.329102926243394,134.11322221378,continuante,Pública,EDI,10.0,10.1,SANTA CRUZ,-22.92303,-43.67329553,49.0,publica,matriculas_2025_proxy,True,40.22457488919879,4.329102926243394,85.11322221378,47.04410719857307,True
2026,0817612,CM VILA KENNEDY,89.1831771437048,70.01707852152278,52.7570391646761,134.8716556567336,continuante,Pública,Creche,8.0,8.21,Bangu,-22.856744,-43.485291,128.0,publica,matriculas_2025_proxy,True,-38.816822856295204,-75.2429608353239,6.871655656733594,-57.98292147847722,False
2026,02039,CP CRECHE ESCOLA MENINOS DE LUZ,89.12424011453918,77.73619816375397,49.66101953683673,138.7809450973164,continuante,Parceira,Creche Parceira,2.0,2.3,COPACABANA,-22.980926,-43.19565188,87.0,parceira,matriculas_2025_proxy,True,2.1242401145391767,-37.33898046316327,51.78094509731639,-9.263801836246031,True
2026,05012,CP ASSOCIACAO CENTRO EDUCACIONAL REBRAL XI,88.95894464365581,84.9688633193118,49.21842174059961,139.01813279006143,continuante,Parceira,Creche Parceira,5.0,5.2,VILA DA PENHA,-22.84274349,-43.31110874,251.0,parceira,matriculas_2025_proxy,True,-162.0410553563442,-201.7815782594004,-111.98186720993857,-166.0311366806882,False
2026,0430810,EDI MEDALHISTA OLIMPICO EVANDRO MOTTA MARCONDES GUERRA,88.9581274426959,76.86541559263053,52.09955309931201,135.0867937599504,continuante,Pública,EDI,4.0,4.5,Maré,-22.870255,-43.234242,99.0,publica,matriculas_2025_proxy,True,-10.041872557304103,-46.90044690068799,36.08679375995041,-22.134584407369474,False
2026,0817803,EDI JOSE EPHIM MINDLIN,88.76519031077044,68.97625720760931,52.42480160558185,134.27056787813166,continuante,Pública,EDI,8.0,8.2,Senador Camará,-22.869048,-43.485836,97.0,publica,matriculas_2025_proxy,True,-8.234809689229564,-44.57519839441815,37.27056787813166,-28.023742792390692,False
2026,0514608,CM JOSEPH BARBERA,88.66664896899296,72.6699491486837,49.805068244837045,137.206833657063,continuante,Pública,Creche,5.0,3.16,Vicente de Carvalho,-22.867977,-43.309801,74.0,publica,matriculas_2025_proxy,True,14.66664896899296,-24.194931755162955,63.20683365706299,-1.330050851316301,True
2026,0102604,CM ARCO-IRIS,88.44439794953725,74.9922137276307,49.36076167881663,137.54502774904228,continuante,Pública,Creche,1.0,1.7,Centro,-22.910794,-43.181706,75.0,publica,matriculas_2025_proxy,True,13.444397949537247,-25.63923832118337,62.545027749042276,-0.007786272369301628,True
2026,07007,CP SEMENTE DE AMOR,88.30035263903643,73.23928991931153,50.78013969135197,135.37050282098994,continuante,Parceira,Creche Parceira,7.0,7.7,FREGUESIA / JACAREPAGUÁ,-22.94353,-43.35555,118.0,parceira,matriculas_2025_proxy,True,-29.699647360963567,-67.21986030864804,17.37050282098994,-44.76071008068847,False
2026,0625817,EDI PROFESSORA DANIELE SIMOES DE SOUZA LOPES,87.94953565662789,70.93635335210182,51.26818662778901,133.85536611883478,continuante,Pública,EDI,6.0,6.7,Pavuna,-22.820559,-43.35212,92.0,publica,matriculas_2025_proxy,True,-4.050464343372113,-40.73181337221099,41.85536611883478,-21.06364664789818,False
2026,0515611,CM VOVO MARIA JOANA,87.91724854704526,72.3036489151184,50.04102412042072,135.5090072315968,continuante,Pública,Creche,5.0,5.7,Madureira,-22.864671,-43.329916,68.0,publica,matriculas_2025_proxy,True,19.91724854704526,-17.958975879579278,67.5090072315968,4.303648915118401,True
2026,03028,CP ESTRELINHA DO MAR,87.86540906896066,101.92854623933778,48.92826509764758,136.49908166519003,continuante,Parceira,Creche Parceira,3.0,3.8,PIEDADE,-22.88613644,-43.30941258,96.0,parceira,matriculas_2025_proxy,True,-8.134590931039341,-47.07173490235242,40.49908166519003,5.928546239337777,False
2026,0622603,CM YARA AMARAL,87.68846006507825,80.01506613362648,50.72681345316238,134.0079534675656,continuante,Pública,Creche,6.0,6.12,Anchieta,-22.820067,-43.386506,100.0,publica,matriculas_2025_proxy,True,-12.311539934921754,-49.27318654683762,34.00795346756561,-19.984933866373524,False
2026,0817603,CM DENTE DE LEITE,87.53461041407414,69.35690494823197,51.85533161309761,132.2054102917155,continuante,Pública,Creche,8.0,8.25,Bangu,-22.849922,-43.460718,92.0,publica,matriculas_2025_proxy,True,-4.4653895859258625,-40.14466838690239,40.20541029171551,-22.64309505176803,False
2026,04004,CP CRECHE DO CENTRO COMUNITARIO DA VILA PROLETARIA DA PENHA,87.29266704083696,79.72723453756966,49.731972728156656,134.19450748609515,continuante,Parceira,Creche Parceira,4.0,4.21,PENHA,-22.85038676,-43.2840068,159.0,parceira,matriculas_2025_proxy,True,-71.70733295916304,-109.26802727184335,-24.805492513904852,-79.27276546243034,False
2026,04050,CP CENTRO EDUCACIONAL CARIOQUINHA,87.08094152635746,91.50578244662144,50.25805644271337,133.2290323490458,continuante,Parceira,Creche Parceira,4.0,4.4,RAMOS,-22.85441093,-43.24714966,76.0,parceira,matriculas_2025_proxy,True,11.080941526357464,-25.741943557286632,57.22903234904581,15.505782446621438,True
2026,0515613,CM MANOEL DA ROCHA APRISCO,86.96116629878462,73.67370102515008,48.76428610321813,134.91714512395563,continuante,Pública,Creche,5.0,5.6,Cavalcante,-22.868759,-43.316545,92.0,publica,matriculas_2025_proxy,True,-5.038833701215381,-43.23571389678187,42.917145123955635,-18.32629897484992,False
2026,0716604,CM GERMINIO DE SOUZA ESTRELA,86.82685906998825,78.54189190289377,50.55838008311646,132.10675734489809,continuante,Pública,Creche,7.0,7.17,Jacarepaguá,-22.960454,-43.352685,51.0,publica,matriculas_2025_proxy,True,35.826859069988245,-0.4416199168835391,81.10675734489809,27.541891902893767,True
2026,03013,CP CRECHE DO JACAREZINHO,86.79535157068028,81.22687015821069,48.03701887992592,135.39601220485488,continuante,Parceira,Creche Parceira,3.0,3.1,CACHAMBI,-22.88896761,-43.26652117,230.0,parceira,matriculas_2025_proxy,True,-143.20464842931972,-181.9629811200741,-94.60398779514512,-148.7731298417893,False
2026,06006,CP CRECHE ESCOLA COMUNITARIA TIO PATINHAS,86.50188581155493,80.61772285847651,49.80237966439692,132.40239310422365,continuante,Parceira,Creche Parceira,6.0,6.2,ACARI,-22.82359,-43.34934,84.0,parceira,matriculas_2025_proxy,True,2.501885811554928,-34.19762033560308,48.40239310422365,-3.3822771415234882,True
2026,0312813,EDI JORNALISTA JORGE BASTOS MORENO,86.34928014436058,76.13528951389858,47.71558006652628,134.72125692738783,continuante,Pública,EDI,3.0,3.1,ROCHA,-22.90075,-43.25066,107.0,publica,matriculas_2025_proxy,True,-20.650719855639423,-59.28441993347372,27.721256927387827,-30.864710486101416,False
2026,0622801,EDI ERNANI CARDOSO,85.81616688912236,84.42271930288734,48.44330171367662,132.70960823889664,continuante,Pública,EDI,6.0,6.15,Guadalupe,-22.84031,-43.380765,50.0,publica,matriculas_2025_proxy,True,35.81616688912236,-1.5566982863233818,82.70960823889664,34.422719302887344,True
2026,04046,CP CRECHE TIA NANE III,84.64878606540213,79.82388339249258,49.15847612362376,129.1136090360632,continuante,Parceira,Creche Parceira,4.0,4.11,RAMOS,-22.86203298,-43.23867014,72.0,parceira,matriculas_2025_proxy,True,12.648786065402135,-22.841523876376243,57.113609036063195,7.823883392492576,True
2026,0625603,CM DR. ALBERT SABIN,84.64565749519896,70.23127807402133,49.03631136501178,129.25821814466195,continuante,Pública,Creche,6.0,6.1,Costa Barros,-22.829398,-43.370787,47.0,publica,matriculas_2025_proxy,True,37.64565749519896,2.036311365011777,82.25821814466195,23.231278074021333,True
2026,1026601,CM SONHO DE CRIANCA,84.61332436269912,72.68295503936778,50.359948674159625,127.44383458432428,continuante,Pública,Creche,10.0,10.28,Guaratiba,-22.972751,-43.590149,65.0,publica,matriculas_2025_proxy,True,19.613324362699117,-14.640051325840375,62.44383458432428,7.6829550393677835,True
2026,03016,CP CRECHE SAO PEDRO NOLASCO,84.59337208431683,88.7877406284712,48.56968982324613,129.74756596872484,continuante,Parceira,Creche Parceira,3.0,3.23,RAMOS,-22.86244302,-43.26375257,95.0,parceira,matriculas_2025_proxy,True,-10.406627915683174,-46.43031017675387,34.74756596872484,-6.212259371528802,False
2026,11003,CP AMIG - ASSOCIACAO DOS MORADORES DA ILHA DO GOVERNADOR,84.35503566786097,81.86585734681225,37.91209972202065,143.09562647843657,continuante,Parceira,Creche Parceira,11.0,11.3,ILHA DO GOVERNADOR / PITANGUEIRAS,-22.81567,-43.17681,125.0,parceira,matriculas_2025_proxy,True,-40.644964332139025,-87.08790027797934,18.09562647843657,-43.13414265318775,False
2026,0431604,CM CORACAO DE GENEVE,84.18582707857091,80.02360114806729,48.37559667763825,128.9711937982199,continuante,Pública,Creche,4.0,4.24,Vigário Geral,-22.807072,-43.304288,43.0,publica,matriculas_2025_proxy,True,41.18582707857091,5.375596677638249,85.9711937982199,37.023601148067286,True
2026,03008,CP CRECHE COMUNITARIA ELIANA SATURNINO BRAGA,83.89129544177243,83.806442990793,47.889981135401335,129.0100863668402,continuante,Parceira,Creche Parceira,3.0,3.23,RAMOS,-22.86360149,-43.27257363,102.0,parceira,matriculas_2025_proxy,True,-18.108704558227572,-54.110018864598665,27.0100863668402,-18.193557009206998,False
2026,0625815,EDI PROFESSORA KRISTINA ROMOLO KIFFER,83.88655279999085,68.1249014995437,48.6201886363357,128.0487550144215,continuante,Pública,EDI,6.0,6.7,Acari,-22.823448,-43.353838,57.0,publica,matriculas_2025_proxy,True,26.886552799990852,-8.379811363664302,71.04875501442149,11.124901499543697,True
2026,09007,CP INSTITUTO AVELINO - CAMPO GRANDE,83.20446677398525,67.29212256166751,49.61990742186078,125.23295401847632,continuante,Parceira,Creche Parceira,9.0,9.18,CAMPO GRANDE,-22.90733,-43.57735,84.0,parceira,matriculas_2025_proxy,True,-0.7955332260147543,-34.38009257813922,41.23295401847632,-16.70787743833249,False
2026,10085,CP CRECHE VIDA,83.05319845702861,85.36986333505855,49.339476968348094,125.20675820688945,continuante,Parceira,Creche Parceira,10.0,10.18,GUARATIBA,-22.96926,-43.62339,55.0,parceira,matriculas_2025_proxy,True,28.053198457028614,-5.6605230316519055,70.20675820688945,30.369863335058554,True
2026,04011,CP CRECHE E PRE-ESCOLA NOVA JERUSALEM,83.0346443581228,78.5729315583167,47.23229238566901,127.89847240237567,continuante,Parceira,Creche Parceira,4.0,4.19,PENHA,-22.82362399,-43.28531112,100.0,parceira,matriculas_2025_proxy,True,-16.965355641877196,-52.76770761433099,27.898472402375674,-21.427068441683303,False
2026,0734804,EDI MARIA BERALDA,82.4741892938152,76.109733462068,48.31485556978813,125.36780731148824,continuante,Pública,EDI,7.0,7.15,Cidade de Deus,-22.94897,-43.360433,19.0,publica,matriculas_2025_proxy,True,63.4741892938152,29.31485556978813,106.36780731148824,57.10973346206799,True
2026,02010,CP CRECHE PATINHO FELIZ,82.23387643313058,72.62814248321854,46.09254939036699,127.52859759730018,continuante,Parceira,Creche Parceira,2.0,2.15,VILA ISABEL,-22.91515809,-43.26162846,170.0,parceira,matriculas_2025_proxy,True,-87.76612356686942,-123.907450609633,-42.47140240269982,-97.37185751678146,False
2026,0625615,CM EDNA LOTTE,81.99877923115986,68.78954667616401,47.008610136243206,125.8622329147927,continuante,Pública,Creche,6.0,6.3,Acari,-22.823514,-43.339125,74.0,publica,matriculas_2025_proxy,True,7.998779231159858,-26.991389863756794,51.8622329147927,-5.210453323835992,True
2026,10079,CP CRECHE COMUNITARIA DEUS E FIEL - UNIDADE VIII,81.98656049542875,105.03612052308608,48.4500692161028,123.92171099502166,continuante,,,,,,,,165.0,parceira,matriculas_2025_proxy,True,-83.01343950457125,-116.5499307838972,-41.078289004978345,-59.96387947691392,False
2026,0103606,CM CAMPOS DA PAZ,81.58752677397058,70.38687363184452,45.90399898295053,126.31713322600118,continuante,Pública,Creche,1.0,1.1,Rio Comprido,-22.922461,-43.204005,50.0,publica,matriculas_2025_proxy,True,31.58752677397058,-4.096001017049467,76.31713322600118,20.386873631844523,True
2026,04014,CP CRECHE SAGRADO CORACAO DE MARIA E SANTO ANTONIO,80.91492466598697,92.6583705768542,45.42173063094473,125.37827556160542,continuante,Parceira,Creche Parceira,4.0,4.14,BRÁS DE PINA,-22.83399614,-43.30145542,147.0,parceira,matriculas_2025_proxy,True,-66.08507533401303,-101.57826936905528,-21.62172443839458,-54.341629423145804,False
2026,0102605,CM ALDEIA DOS CURUMINS,80.76355180271769,69.67539787498474,44.60642516476565,126.19624310814902,continuante,Pública,Creche,1.0,1.7,Centro,-22.916844,-43.185946,67.0,publica,matriculas_2025_proxy,True,13.763551802717686,-22.393574835234347,59.19624310814902,2.675397874984739,True
2026,0313802,EDI ANISIO TEIXEIRA,80.53612391352318,76.38493545145658,45.25050148249531,124.91081160769978,continuante,Pública,EDI,3.0,3.9,Pilares,-22.873813,-43.298014,50.0,publica,matriculas_2025_proxy,True,30.536123913523184,-4.749498517504691,74.91081160769978,26.384935451456585,True
2026,0817602,CM VILA PROGRESSO,80.0888369706588,62.529560316475184,47.26063569915348,121.27348719891232,continuante,Pública,Creche,8.0,8.23,Vila Kennedy,-22.860475,-43.494277,83.0,publica,matriculas_2025_proxy,True,-2.9111630293411963,-35.73936430084652,38.27348719891232,-20.470439683524816,False
2026,07001,CP CRECHE NOVO PALMARES,79.90876024161865,70.92442915392311,45.38901134695866,123.25499618529533,continuante,Parceira,Creche Parceira,7.0,7.25,VARGEM PEQUENA,-22.98963,-43.46062,140.0,parceira,matriculas_2025_proxy,True,-60.09123975838135,-94.61098865304135,-16.745003814704674,-69.07557084607689,False
2026,02060,CP ASSOCIACAO CENTRO EDUCACIONAL REBRAL - ROCINHA,79.80634582129534,102.049047216092,45.19228758929778,123.1121464608955,continuante,Parceira,Creche Parceira,2.0,2.6,ROCINHA,-22.98638312,-43.24528365,87.0,parceira,matriculas_2025_proxy,True,-7.193654178704662,-41.80771241070222,36.1121464608955,15.049047216092006,False
2026,02004,CP ACAO SOCIAL PADRE ANCHIETA - ASPA,79.54010398480504,94.46712028646068,45.191047440478485,122.4970910380473,continuante,Parceira,Creche Parceira,2.0,2.6,ROCINHA,-22.98990458,-43.25124153,152.0,parceira,matriculas_2025_proxy,True,-72.45989601519496,-106.80895255952152,-29.5029089619527,-57.532879713539316,False
2026,0918838,EDI EUSTORGIO WANDERLEY,79.15040973222375,67.01672895236078,47.25376934568087,119.0678641992484,continuante,Pública,EDI,9.0,9.8,Senador Vasconcelos,-22.894484,-43.552539,48.0,publica,matriculas_2025_proxy,True,31.15040973222375,-0.7462306543191275,71.0678641992484,19.01672895236078,True
2026,02053,CP CRECHE ESPERANCA,78.86396846021236,51.97732732293899,39.86871268663548,128.34161445409194,continuante,Parceira,Creche Parceira,2.0,2.4,LEBLON,-22.98073266,-43.22117188,96.0,parceira,matriculas_2025_proxy,True,-17.136031539787638,-56.13128731336452,32.34161445409194,-44.02267267706101,False
2026,1019602,CM SEMPRE VIDA ANTARES,78.81724043127589,82.43880705427556,47.00655447202848,118.59915166114216,continuante,Pública,Creche,10.0,10.14,Santa Cruz,-22.92138,-43.662102,76.0,publica,matriculas_2025_proxy,True,2.8172404312758914,-28.993445527971517,42.59915166114216,6.438807054275557,True
2026,0514605,CM O SONHO DE RAMON PASCUAL,78.24255418905125,66.12734805313997,44.4953375763321,120.59403685568172,continuante,Pública,Creche,5.0,5.8,Colégio,-22.85155,-43.336467,92.0,publica,matriculas_2025_proxy,True,-13.757445810948752,-47.5046624236679,28.594036855681722,-25.87265194686003,False
2026,02056,CP CRECHE SANTA CLARA DE ASSIS NA PROVIDENCIA DE DEUS,78.16592541461918,65.11534156677666,42.927677305075385,122.76957302125923,continuante,Parceira,Creche Parceira,2.0,2.5,VIDIGAL,-22.99264828,-43.23640401,102.0,parceira,matriculas_2025_proxy,True,-23.83407458538082,-59.072322694924615,20.769573021259234,-36.884658433223336,False
2026,11008,CP FILIAL BANCARIOS - RJ,78.03372644435214,73.87701256106992,41.44780201111814,124.23194469973598,continuante,Parceira,Creche Parceira,11.0,11.5,ILHA DO GOVERNADOR / TAUÁ,-22.7881,-43.1831,104.0,parceira,matriculas_2025_proxy,True,-25.96627355564786,-62.55219798888186,20.231944699735976,-30.122987438930082,False
2026,0515605,CM JOSE RAIMUNDO DE SOUZA ALVES,77.96606328466228,66.86402230489834,44.10222309060799,120.53142997568666,continuante,Pública,Creche,5.0,5.1,Rocha Miranda,-22.855144,-43.341821,91.0,publica,matriculas_2025_proxy,True,-13.033936715337717,-46.89777690939201,29.531429975686663,-24.13597769510166,False
2026,10066,CP CRECHE COMUNITARIA ARTE & CULTURA,77.80424427306639,79.23707046897007,46.33820367557786,117.15639058897524,continuante,Parceira,Creche Parceira,10.0,10.5,SANTA CRUZ,-22.90686866,-43.6581032,227.0,parceira,matriculas_2025_proxy,True,-149.1957557269336,-180.66179632442214,-109.84360941102476,-147.76292953102993,False
2026,0312602,CM ENGENHO DA RAINHA,77.53282055180411,65.93453699203863,43.58012277877704,119.98458401455092,continuante,Pública,Creche,3.0,3.16,Engenho Da Rainha,-22.86946,-43.299954,52.0,publica,matriculas_2025_proxy,True,25.532820551804107,-8.419877221222961,67.98458401455092,13.93453699203863,True
2026,0918803,EDI LUDMILA MAXIMO MOREIRA CARDOSO,77.51192920462678,60.84751977569282,46.2402230907006,116.634462279041,continuante,Pública,EDI,9.0,9.21,Campo Grande,-22.912636,-43.578547,47.0,publica,matriculas_2025_proxy,True,30.51192920462678,-0.7597769092993971,69.634462279041,13.847519775692817,True
2026,09024,CP CRECHE COMUNITARIA DOCE INFANCIA,77.46851634960252,65.74852115184092,45.87876094274995,116.99857644826068,continuante,Parceira,Creche Parceira,9.0,9.14,INHOAÍBA,-22.915875,-43.603487,85.0,parceira,matriculas_2025_proxy,True,-7.531483650397476,-39.12123905725005,31.99857644826068,-19.25147884815908,False
2026,05003,CP CRECHE PINTINHO DOURADO,77.34964212712147,88.84228725507718,42.52330309724613,120.97482686553776,continuante,Parceira,Creche Parceira,5.0,5.15,QUINTINO BOCAIÚVA,-22.88950808,-43.32446538,54.0,parceira,matriculas_2025_proxy,True,23.34964212712147,-11.476696902753872,66.97482686553776,34.84228725507718,True
2026,0918828,EDI ALYRIO CAVALLIERI,77.14473843917706,61.491799240611925,45.97540804561413,116.14383689073202,continuante,Pública,EDI,9.0,9.9,Campo Grande,-22.893649,-43.588409,106.0,publica,matriculas_2025_proxy,True,-28.85526156082294,-60.02459195438587,10.143836890732018,-44.508200759388075,False
2026,10077,CP CRECHE COMUNITARIA CANTINHO DO SABER,77.02174277073428,81.08006449612343,45.916845129057656,115.92535306966668,continuante,Parceira,Creche Parceira,10.0,10.1,SANTA CRUZ,-22.92954,-43.69489,31.0,parceira,matriculas_2025_proxy,True,46.02174277073428,14.916845129057656,84.92535306966668,50.08006449612343,True
2026,0625602,CM PROFESSORA JUREMA GOMES SAMPAIO DELFIM,76.92157239837562,63.45996122426272,44.76519909794472,117.2072493650446,continuante,Pública,Creche,6.0,6.6,Costa Barros,-22.822051,-43.35957,75.0,publica,matriculas_2025_proxy,True,1.9215723983756163,-30.234800902055277,42.2072493650446,-11.54003877573728,True
2026,0918822,EDI PROFESSOR ANDRE LUIZ GILS,76.67401215103308,61.29159804711084,45.75059101432721,115.36247048815146,continuante,Pública,EDI,9.0,9.19,Campo Grande,-22.916866,-43.559949,73.0,publica,matriculas_2025_proxy,True,3.6740121510330823,-27.249408985672787,42.36247048815146,-11.708401952889162,True
2026,10046,CP CRECHE COMUNITARIA DEUS E FIEL - CCDF,76.65228043763734,95.61483891606088,45.28735488893132,115.86671244970704,continuante,,,,,,,,269.0,parceira,matriculas_2025_proxy,True,-192.34771956236267,-223.7126451110687,-153.13328755029295,-173.38516108393912,False
2026,09044,CP CRECHE COMUNITARIA JARDIM FELIZ,76.59774768280495,60.49400932259403,44.40304274543442,116.83739472379256,continuante,Parceira,Creche Parceira,9.0,9.8,SENADOR VASCONCELOS,-22.90041,-43.53366,108.0,parceira,matriculas_2025_proxy,True,-31.40225231719505,-63.59695725456558,8.837394723792556,-47.50599067740597,False
2026,0625601,CM OS SABIDINHOS,76.41663421819075,63.331741915456064,41.91387779208777,119.76899616038573,continuante,Pública,Creche,6.0,6.2,Pavuna,-22.812409,-43.344044,66.0,publica,matriculas_2025_proxy,True,10.416634218190751,-24.086122207912233,53.768996160385726,-2.668258084543936,True
2026,10071,CP CRECHE COMUNITARIA ARTE & CULTURA - UNIDADE I,76.2999584048183,87.23340718266971,41.79225530352736,119.12482975428571,continuante,Parceira,Creche Parceira,10.0,10.12,PEDRA DE GUARATIBA,-22.99276,-43.64814,238.0,parceira,matriculas_2025_proxy,True,-161.7000415951817,-196.20774469647264,-118.87517024571429,-150.7665928173303,False
2026,0724606,CM ROGERIO CARDOSO FURTADO,76.21861375725811,66.62828107506142,43.32609322003562,117.50853953724771,continuante,Pública,Creche,7.0,7.26,Vargem Pequena,-22.991854,-43.432396,89.0,publica,matriculas_2025_proxy,True,-12.781386242741888,-45.67390677996438,28.508539537247714,-22.371718924938577,False
2026,0430809,EDI MEDALHISTA OLIMPICO LUIZ FELIPE MARQUES FONTELES,76.13620899342565,66.13022795637126,44.53595811591136,115.68806544624488,continuante,Pública,EDI,4.0,4.5,Maré,-22.87059,-43.234365,48.0,publica,matriculas_2025_proxy,True,28.136208993425655,-3.464041884088637,67.68806544624488,18.130227956371257,True
2026,0209602,CM CANTINHO DO CEU,76.11100949927005,63.614663182068256,43.46353905949447,117.03275484545144,continuante,Pública,Creche,2.0,2.13,Tijuca - Andaraí,-22.930966,-43.25058,76.0,publica,matriculas_2025_proxy,True,0.11100949927005388,-32.53646094050553,41.032754845451436,-12.385336817931744,True
2026,0625616,CM PROFESSOR ROGERIO PEDRO BATISTA,76.00003231761534,67.68206541683607,43.48527474262831,116.55937229407157,continuante,Pública,Creche,6.0,6.7,Acari,-22.825477,-43.352297,48.0,publica,matriculas_2025_proxy,True,28.000032317615336,-4.514725257371687,68.55937229407157,19.682065416836068,True
2026,1120603,CM DOUTOR ANTONIO MONTEIRO,75.85327616956826,60.18534595919756,39.421254009177,121.34999108407796,continuante,Pública,Creche,11.0,11.2,Ilha do Governador,-22.795669,-43.209615,86.0,publica,matriculas_2025_proxy,True,-10.146723830431739,-46.578745990823,35.349991084077956,-25.814654040802438,False
2026,0107602,CM DEPUTADO LUIZ EDUARDO DE MAGALHAES,75.81515441519778,61.118324812695015,43.39232703404848,116.3605842039505,continuante,Pública,Creche,1.0,1.2,São Cristóvão - Tuiuti,-22.898459,-43.235698,89.0,publica,matriculas_2025_proxy,True,-13.184845584802218,-45.60767296595152,27.360584203950495,-27.881675187304985,False
2026,0312805,EDI TANIA CRISTINA MOREIRA,75.74190980184108,74.95313303015485,43.47248159335167,116.14189004767351,continuante,Pública,EDI,3.0,3.18,Bonsucesso - Complexo do Alemão,-22.860823,-43.28566,70.0,publica,matriculas_2025_proxy,True,5.741909801841075,-26.527518406648333,46.14189004767351,4.953133030154845,True
2026,1019826,EDI THAMIRIS DE ANDRADE DA SILVA SANTOS,75.68721476593706,94.198435557048,44.617134351119184,114.53724790430712,continuante,Pública,EDI,10.0,10.23,Sepetiba,-22.976463,-43.694707,50.0,publica,matriculas_2025_proxy,True,25.687214765937057,-5.382865648880816,64.53724790430712,44.198435557048,True
2026,02043,CP CRECHE SANTA MONICA,75.62036801155759,66.17815840850093,43.26514799203304,116.15589020038006,continuante,Parceira,Creche Parceira,2.0,2.11,BOREL / TIJUCA,-22.93984396,-43.25451306,140.0,parceira,matriculas_2025_proxy,True,-64.37963198844241,-96.73485200796696,-23.844109799619943,-73.82184159149907,False
2026,0833807,EDI LUIZA PAULA DA SILVEIRA MACHADO,75.45593850447072,64.39469229290262,44.14918024918835,114.67435508921096,continuante,Pública,EDI,8.0,8.2,Realengo,-22.893768,-43.419503,43.0,publica,matriculas_2025_proxy,True,32.45593850447072,1.1491802491883476,71.67435508921096,21.39469229290262,True
2026,10057,CP CENTRO CULTURAL MONTESSORI - PACIENCIA,75.43658284020925,64.0621293886644,44.70042090482429,113.87083324078732,continuante,Parceira,Creche Parceira,10.0,10.18,PACIÊNCIA,-22.91426,-43.60254,275.0,parceira,matriculas_2025_proxy,True,-199.56341715979073,-230.29957909517572,-161.1291667592127,-210.9378706113356,False
2026,0625819,EDI MARIZA ALVES PIMENTA,74.91057062733066,61.09233774424795,43.61462891105506,114.08714335045252,continuante,Pública,EDI,6.0,6.8,Pavuna,-22.81986,-43.377041,101.0,publica,matriculas_2025_proxy,True,-26.089429372669343,-57.38537108894494,13.087143350452521,-39.90766225575205,False
2026,04034,CP CASA DE JOEL II,74.84980992741677,72.45453814670324,41.21458672239465,117.26357958786062,continuante,Parceira,Creche Parceira,4.0,4.11,VILA DA PENHA,-22.84382511,-43.30889912,57.0,parceira,matriculas_2025_proxy,True,17.84980992741677,-15.78541327760535,60.26357958786062,15.454538146703243,True
2026,0817615,CM VILA UNIAO DA PAZ,74.82811468167242,59.68872266863996,44.38550660032919,112.93710486378632,continuante,Pública,Creche,8.0,8.17,Bangu,-22.862988,-43.45751,47.0,publica,matriculas_2025_proxy,True,27.828114681672417,-2.6144933996708133,65.93710486378632,12.688722668639961,True
2026,0817607,CM MULHERES DO QUAFA,74.68215943167208,58.55004015473631,44.10737421660753,113.02535324477414,continuante,Pública,Creche,8.0,8.27,Bangu,-22.849653,-43.487379,170.0,publica,matriculas_2025_proxy,True,-95.31784056832792,-125.89262578339248,-56.97464675522586,-111.44995984526369,False
2026,0101607,CM TIA DORA,74.59035696539438,66.03838297158485,40.27791577547136,117.9636398353,continuante,Pública,Creche,1.0,1.6,Santo Cristo,-22.898108,-43.197524,91.0,publica,matriculas_2025_proxy,True,-16.409643034605622,-50.72208422452864,26.9636398353,-24.961617028415148,False
2026,0918806,EDI COMENDADOR SERAFIM SOFIA,74.49263447111824,63.38756126246025,44.16789269464867,112.3938952365672,continuante,Pública,EDI,9.0,9.13,Cosmos,-22.909561,-43.618801,98.0,publica,matriculas_2025_proxy,True,-23.507365528881763,-53.83210730535133,14.393895236567204,-34.61243873753975,False
2026,03030,CP CRECHE TIO KITO,74.45184848672015,66.14331685770864,41.88978370368441,115.14353220119828,continuante,Parceira,Creche Parceira,3.0,3.3,SÃO FRANCISCO XAVIER,-22.90433894,-43.26414042,60.0,parceira,matriculas_2025_proxy,True,14.451848486720152,-18.110216296315592,55.14353220119828,6.1433168577086406,True
2026,0205602,CM TIA SONIA CRISPINIANO,74.42998721951183,70.31800363773793,42.09952182314307,114.9900998882668,continuante,Pública,Creche,2.0,2.3,Copacabana - Morro dos Cabritos,-22.96286,-43.1939,72.0,publica,matriculas_2025_proxy,True,2.4299872195118297,-29.90047817685693,42.9900998882668,-1.681996362262069,True
2026,0515612,CM TIA MARIA DO JONGO,74.36160322605477,60.88178890834259,42.32367381969943,114.60333611165326,continuante,Pública,Creche,5.0,5.6,Madureira,-22.868144,-43.329101,66.0,publica,matriculas_2025_proxy,True,8.361603226054768,-23.67632618030057,48.60333611165326,-5.1182110916574075,True
2026,03007,CP CRECHE CHAMEGUINHO,74.28176488612024,63.11882853637266,41.77517912540114,114.878356863876,continuante,Parceira,Creche Parceira,3.0,3.4,LINS DE VASCONCELOS,-22.91549097,-43.27870767,58.0,parceira,matriculas_2025_proxy,True,16.281764886120243,-16.224820874598862,56.87835686387599,5.118828536372661,True
2026,0724807,EDI CARMEN MIRANDA,73.86211804465783,46.44846067983322,42.21367362839592,113.50773347224592,continuante,Pública,EDI,7.0,7.3,Barra da Tijuca,-22.997104,-43.335633,71.0,publica,matriculas_2025_proxy,True,2.8621180446578336,-28.786326371604083,42.50773347224592,-24.551539320166782,True
2026,0724803,EDI VERA LUCIA MARTINS COSTA,73.79432635589055,57.81095154921891,42.86421242156061,112.67789617678788,continuante,Pública,EDI,7.0,7.28,Recreio dos Bandeirantes,-23.020023,-43.48266,45.0,publica,matriculas_2025_proxy,True,28.794326355890547,-2.135787578439391,67.67789617678788,12.810951549218913,True
2026,02003,CP CENTRO COMUNITARIO DA RUA UM UNIAO FAZ A FORCA,73.6598725914331,93.6301072986968,41.8202075656636,113.47254086481462,continuante,Parceira,Creche Parceira,2.0,2.6,ROCINHA,-22.98642263,-43.24521927,139.0,parceira,matriculas_2025_proxy,True,-65.3401274085669,-97.1797924343364,-25.52745913518538,-45.3698927013032,False
2026,02044,CP CRECHE SAO COSME E SAO DAMIAO,73.15188596941253,50.56343473218972,39.95555899381039,115.39543408402469,continuante,Parceira,Creche Parceira,2.0,2.16,ANDARAÍ,-22.92825408,-43.25259783,62.0,parceira,matriculas_2025_proxy,True,11.151885969412533,-22.044441006189608,53.395434084024686,-11.43656526781028,True
2026,0514607,CM SEMENTINHA,73.0083573908173,60.79693387901855,40.92488294560332,113.28414397162804,continuante,Pública,Creche,5.0,5.5,Vicente de Carvalho,-22.860325,-43.318375,41.0,publica,matriculas_2025_proxy,True,32.008357390817295,-0.07511705439667793,72.28414397162804,19.796933879018553,True
2026,08005,CP CRECHE E ESCOLA COMUNITARIA GENTE INOCENTE - REALENGO,72.3240220487086,59.57924836193147,42.36627045403127,109.84214864243188,continuante,Parceira,Creche Parceira,8.0,8.7,REALENGO,-22.86257763,-43.45247321,142.0,parceira,matriculas_2025_proxy,True,-69.6759779512914,-99.63372954596872,-32.15785135756812,-82.42075163806854,False
2026,0103605,CM BRINCADEIRAS DE CRIANCA,72.2965989813261,63.80832904066104,39.941999577956,112.79296870730484,continuante,Pública,Creche,1.0,1.8,Rio Comprido,-22.918929,-43.19801,72.0,publica,matriculas_2025_proxy,True,0.29659898132609896,-32.058000422044,40.79296870730484,-8.191670959338957,True
2026,1120801,EDI JOSE DE SOUZA RAMOS,72.20804653033171,69.76313535878752,37.458522815821325,115.50028411994812,continuante,Pública,EDI,11.0,11.3,ILHA DO GOVERNADOR,-22.805503,-43.1932,65.0,publica,matriculas_2025_proxy,True,7.208046530331714,-27.541477184178675,50.50028411994812,4.7631353587875225,True
2026,0817608,CM NOVA ALIANCA,72.12874222000183,57.90046061018002,42.85298040390588,108.81448846736748,continuante,Pública,Creche,8.0,8.2,Bangu,-22.872318,-43.481571,58.0,publica,matriculas_2025_proxy,True,14.128742220001826,-15.147019596094118,50.81448846736748,-0.09953938981998078,True
2026,02029,CP CASA DA CRIANCA,72.07217141742596,67.54417931608882,38.99285692171402,113.83981817883053,continuante,Parceira,Creche Parceira,2.0,2.1,BOTAFOGO,-22.95376697,-43.17703523,184.0,parceira,matriculas_2025_proxy,True,-111.92782858257404,-145.007143078286,-70.16018182116947,-116.45582068391118,False
2026,09023,CP ESPACO CRIATIVO SALOMAO,71.94341858706667,61.45166296047991,42.61533638210184,108.6026969152912,continuante,Parceira,Creche Parceira,9.0,9.13,COSMOS,-22.91565,-43.60693,69.0,parceira,matriculas_2025_proxy,True,2.943418587066674,-26.384663617898163,39.602696915291205,-7.548337039520092,True
2026,0102606,CM GEORGE SAVALLA GOMES - PALHACO CAREQUINHA,71.83478662568736,62.873176892495366,40.2351918904976,111.55769555395148,continuante,Pública,Creche,1.0,1.7,Centro,-22.906898,-43.193638,94.0,publica,matriculas_2025_proxy,True,-22.165213374312643,-53.7648081095024,17.557695553951476,-31.126823107504634,False
2026,09030,CP ESPACO DE DESENVOLVIMENTO PEDRITA,71.7861866516576,56.95584594298235,42.70957543609473,108.17112330319247,continuante,Parceira,Creche Parceira,9.0,9.18,CAMPO GRANDE,-22.86709,-43.5593,120.0,parceira,matriculas_2025_proxy,True,-48.2138133483424,-77.29042456390528,-11.828876696807527,-63.04415405701765,False
2026,0313610,CM EMMANUEL,71.73785178434304,63.18871264713624,40.47195732563482,110.7678347601536,continuante,Pública,Creche,3.0,3.5,Lins de Vasconcelos,-22.914251,-43.282108,82.0,publica,matriculas_2025_proxy,True,-10.262148215656964,-41.52804267436518,28.767834760153605,-18.811287352863758,False
2026,04032,CP ASSOCIACAO CENTRO EDUCACIONAL REBRAL V,71.70059932677427,67.7243095514265,39.942339770846594,111.63284375306203,continuante,Parceira,Creche Parceira,4.0,4.11,VILA DA PENHA,-22.83835591,-43.31194556,108.0,parceira,matriculas_2025_proxy,True,-36.29940067322573,-68.05766022915341,3.6328437530620334,-40.2756904485735,False
2026,0918815,EDI PROFESSORA SIRLEIA SILVA REIS,71.21621191727257,56.32894664635736,42.38678822558765,107.2864533703168,continuante,Pública,EDI,9.0,9.2,Campo Grande,-22.869529,-43.552115,115.0,publica,matriculas_2025_proxy,True,-43.783788082727426,-72.61321177441235,-7.713546629683194,-58.67105335364264,False
2026,09009,CP CRECHE COMUNITARIA CRIANCAS DE OURO,71.20217022580722,55.97937361553451,42.34077479216967,107.31701339452744,continuante,Parceira,Creche Parceira,9.0,9.18,CAMPO GRANDE,-22.93023317,-43.55805948,100.0,parceira,matriculas_2025_proxy,True,-28.797829774192778,-57.65922520783033,7.317013394527436,-44.02062638446549,False
2026,03020,CP LAR DA CRIANCA JESUS BOM PASTOR,71.16578038659915,77.92796224253624,40.75672108521616,109.30017588943934,continuante,Parceira,Creche Parceira,3.0,3.19,INHAÚMA,-22.86388686,-43.27845814,96.0,parceira,matriculas_2025_proxy,True,-24.834219613400847,-55.24327891478384,13.300175889439345,-18.07203775746376,False
2026,02055,CP CRECHE CASA DO POBRE DE NOSSA SENHORA DE COPACABANA,70.87632423890491,66.56692609455858,40.080645055551656,109.3894882867108,continuante,Parceira,Creche Parceira,2.0,2.3,COPACABANA,-22.96882468,-43.18329646,78.0,parceira,matriculas_2025_proxy,True,-7.123675761095086,-37.919354944448344,31.3894882867108,-11.433073905441418,False
2026,0918616,CM PADRE VALTER DA COSTA SANTOS,70.66903952575134,56.23415355979576,42.10786599109729,106.40772237168656,continuante,Pública,Creche,9.0,9.5,Campo Grande,-22.877052,-43.58049,75.0,publica,matriculas_2025_proxy,True,-4.330960474248656,-32.89213400890271,31.40772237168656,-18.765846440204243,False
2026,0514606,CM ACALANTO,70.46114138099551,59.72627339715556,39.47478083470522,109.33083810208151,continuante,Pública,Creche,5.0,5.5,Vicente de Carvalho,-22.860794,-43.307537,77.0,publica,matriculas_2025_proxy,True,-6.538858619004486,-37.52521916529478,32.330838102081515,-17.27372660284444,False
2026,10076,CP ESPACO DE DESENVOLVIMENTO MAE GAIA - UNIDADE I,70.176258412955,74.4457192545993,41.83252549567763,105.62517739206685,continuante,Parceira,Creche Parceira,10.0,10.1,SANTA CRUZ,-22.9329475,-43.6976363,60.0,parceira,matriculas_2025_proxy,True,10.176258412954994,-18.16747450432237,45.625177392066846,14.445719254599297,True
2026,04020,CP CENTRO CULTURAL EDUCAR,70.10243605297813,73.85543749294033,40.28615039844182,107.48551253371656,continuante,Parceira,Creche Parceira,4.0,4.11,RAMOS,-22.86522307,-43.25652803,111.0,parceira,matriculas_2025_proxy,True,-40.897563947021865,-70.71384960155818,-3.514487466283441,-37.144562507059675,False
2026,0716809,EDI PROFESSOR ROBERTO LUIZ PEREIRA,70.06798909904157,62.61080700848721,40.04593511520711,107.78376022713226,continuante,Pública,EDI,7.0,7.3,Praça Seca,-22.904538,-43.34563,48.0,publica,matriculas_2025_proxy,True,22.06798909904157,-7.954064884792892,59.78376022713226,14.610807008487207,True
2026,03038,CP CRECHE FRUTOS DO AMANHA II,70.05478803470679,64.68981293036126,38.86198564223572,109.14682740511016,continuante,Parceira,Creche Parceira,3.0,3.16,ENGENHO DA RAINHA,-22.86547232,-43.28919086,162.0,parceira,matriculas_2025_proxy,True,-91.94521196529321,-123.13801435776428,-52.85317259488984,-97.31018706963874,False
2026,0716801,EDI DOUTORA ZILDA ARNS,70.01712588514752,53.14236591904681,41.13084769540048,106.16413721278248,continuante,Pública,EDI,7.0,7.8,Jacarepaguá,-22.941016,-43.391418,75.0,publica,matriculas_2025_proxy,True,-4.982874114852478,-33.86915230459952,31.164137212782478,-21.85763408095319,False
2026,0625801,EDI PROFESSORA ROSENICE ROCHA ROQUE,69.93219154750673,58.61094474508822,39.46312708749124,108.01845981107286,continuante,Pública,EDI,6.0,6.1,Barros Filho,-22.838141,-43.367654,44.0,publica,matriculas_2025_proxy,True,25.932191547506733,-4.536872912508763,64.01845981107286,14.610944745088219,True
2026,0313612,CM MARCILIA CATARINA DA COSTA ORGELIO - TIA MANA,69.42792083232602,71.43555593395197,38.950767218145856,107.61560810989916,continuante,Pública,Creche,3.0,3.11,Largo do Jacaré,-22.895698,-43.261933,63.0,publica,matriculas_2025_proxy,True,6.4279208323260235,-24.049232781854144,44.615608109899156,8.435555933951974,True
2026,0817601,CM JOSE FELIX,68.12117231106562,52.38234998499228,40.11341939083366,103.19952905766198,continuante,Pública,Creche,8.0,8.22,Senador Camará,-22.874814,-43.503815,124.0,publica,matriculas_2025_proxy,True,-55.87882768893438,-83.88658060916634,-20.800470942338023,-71.61765001500771,False
2026,0734805,EDI MONSENHOR CORDIOLI,67.98117784521943,59.53389910731728,39.722195812519146,103.47950017919538,continuante,Pública,EDI,7.0,7.15,Cidade de Deus,-22.95123,-43.361925,50.0,publica,matriculas_2025_proxy,True,17.981177845219435,-10.277804187480854,53.479500179195384,9.533899107317282,True
2026,0411801,EDI MARIANA ROCHA DE SOUZA,67.93376380341331,63.57706626481604,37.55142984937323,106.20846384075716,continuante,Pública,EDI,4.0,4.11,Penha Circular,-22.845849,-43.30474,58.0,publica,matriculas_2025_proxy,True,9.933763803413314,-20.44857015062677,48.20846384075716,5.57706626481604,True
2026,0208603,CM RAIZES DO SALGUEIRO,67.78159796209039,56.17035511972879,38.655158357626654,104.25579876757462,continuante,Pública,Creche,2.0,2.12,Tijuca,-22.928219,-43.225674,71.0,publica,matriculas_2025_proxy,True,-3.2184020379096125,-32.344841642373346,33.25579876757462,-14.82964488027121,False
2026,0716802,EDI ARTHUR BISPO DO ROSARIO,67.72301495544599,59.93989754128695,39.750478566124,102.75873961115629,continuante,Pública,EDI,7.0,7.8,Curicica,-22.93725,-43.390376,46.0,publica,matriculas_2025_proxy,True,21.72301495544599,-6.249521433875998,56.75873961115629,13.939897541286953,True
2026,10081,CP CENTRO EDUCACIONAL ESTRELA DO AMANHA,67.6867596294251,43.14870697363153,35.967316263432295,108.16608200123574,continuante,Parceira,Creche Parceira,10.0,10.18,GUARATIBA,-23.01107,-43.53864,100.0,parceira,matriculas_2025_proxy,True,-32.3132403705749,-64.0326837365677,8.166082001235736,-56.85129302636847,False
2026,0123601,CM JOSE MARINHO DE OLIVEIRA,67.6819054443522,61.74015478940443,38.19696939745607,104.70860306696908,continuante,Pública,Creche,1.0,1.11,Santa Teresa - Morro dos Prazeres,-22.934912,-43.202502,68.0,publica,matriculas_2025_proxy,True,-0.31809455564780365,-29.803030602543927,36.708603066969076,-6.2598452105955715,False
2026,10045,CP ESPACO CRIATIVO ERA UMA VEZ,67.59651880369705,71.24432077537949,40.32861140274264,101.69778091874282,continuante,Parceira,Creche Parceira,10.0,10.1,SANTA CRUZ,-22.9057,-43.6697,125.0,parceira,matriculas_2025_proxy,True,-57.40348119630295,-84.67138859725736,-23.302219081257178,-53.75567922462051,False
2026,0312806,EDI PROFESSORA ELIANE MONTE CHIARI DANTAS,66.90665620403422,68.14228722734325,38.72962910138753,102.1599941046687,continuante,Pública,EDI,3.0,3.2,Bonsucesso,-22.864563,-43.275474,45.0,publica,matriculas_2025_proxy,True,21.90665620403422,-6.2703708986124695,57.1599941046687,23.142287227343246,True
2026,01007,CP EDUCANDARIO NOSSA SENHORA DE NAZARE,66.76820103712853,40.69954665333526,36.0104183989083,105.41518406718714,continuante,Parceira,Creche Parceira,1.0,1.8,CATUMBI,-22.92083117,-43.19584332,30.0,parceira,matriculas_2025_proxy,True,36.768201037128534,6.0104183989083,75.41518406718714,10.699546653335261,True
2026,0734602,CM MARGARIDA GABINAL,66.46814570905114,61.40526841977848,38.80960469283568,101.17272124751378,continuante,Pública,Creche,7.0,7.16,Cidade de Deus,-22.950792,-43.355759,45.0,publica,matriculas_2025_proxy,True,21.468145709051143,-6.190395307164323,56.17272124751378,16.40526841977848,True
2026,0515807,EDI BURITI CONGONHAS,66.16177650508757,54.61512555163699,37.4978418769884,102.19638362948652,continuante,Pública,EDI,5.0,5.8,Madureira,-22.860399,-43.334597,48.0,publica,matriculas_2025_proxy,True,18.161776505087573,-10.502158123011597,54.19638362948652,6.615125551636993,True
2026,0208604,CM TIA BELA,66.15851748552697,58.36317539472997,38.17710593613988,101.17709783216976,continuante,Pública,Creche,2.0,2.13,Tijuca,-22.93817,-43.243002,57.0,publica,matriculas_2025_proxy,True,9.158517485526971,-18.82289406386012,44.177097832169764,1.3631753947299714,True
2026,0918830,EDI HENRIQUE DIAS,66.04835817800297,55.92125585250034,39.43493848512993,99.35496733150632,continuante,Pública,EDI,9.0,9.18,Campo Grande,-22.904029,-43.554265,22.0,publica,matriculas_2025_proxy,True,44.04835817800297,17.434938485129933,77.35496733150632,33.92125585250034,True
2026,03019,CP INSTITUTO EDUCACIONAL CRESCENDO E APRENDENDO ALGODAO DOCE,66.01023495661107,68.09858111335998,37.85525924846642,101.28908553410278,continuante,Parceira,Creche Parceira,3.0,3.23,RAMOS,-22.85989694,-43.26788322,85.0,parceira,matriculas_2025_proxy,True,-18.98976504338893,-47.14474075153358,16.28908553410278,-16.901418886640016,False
2026,03015,CP CRECHE MARIETTA NAVARRO GAIO,65.8490185499263,58.51738067910228,36.46462154497027,102.69041536966547,continuante,Parceira,Creche Parceira,3.0,3.1,ROCHA,-22.90458707,-43.25192193,58.0,parceira,matriculas_2025_proxy,True,7.849018549926299,-21.53537845502973,44.69041536966547,0.5173806791022812,True
2026,08023,CP CRECHE COMUNITARIA IRMA MARIA DE LOURDES,65.82819386469113,52.577540370014674,38.920169775689445,99.60848463621926,continuante,Parceira,Creche Parceira,8.0,8.8,VILA KENNEDY,-22.85592,-43.48252,70.0,parceira,matriculas_2025_proxy,True,-4.17180613530887,-31.079830224310555,29.60848463621926,-17.422459629985326,False
2026,03036,CP CENTRO CULTURAL EVOLUIR,65.57590489992383,64.28739810915651,34.69013106918955,105.16395011711836,continuante,Parceira,Creche Parceira,3.0,3.19,MARIA DA GRAÇA,-22.87989519,-43.26200525,147.0,parceira,matriculas_2025_proxy,True,-81.42409510007617,-112.30986893081045,-41.83604988288164,-82.71260189084349,False
2026,0817617,CM JOSE MANOEL IBARRA PEREZ,65.45180624635914,51.902591811290506,38.794814251353074,98.83495435739934,continuante,Pública,Creche,8.0,8.26,Bangu,-22.84761,-43.472659,88.0,publica,matriculas_2025_proxy,True,-22.54819375364086,-49.205185748646926,10.83495435739934,-36.097408188709494,False
2026,07008,CP CRECHE SAO PAULO APOSTOLO,65.30753260561325,62.12526944186417,37.182576626546094,100.6903154946819,continuante,Parceira,Creche Parceira,7.0,7.2,MATO ALTO / JACAREPAGUÁ,-22.90428,-43.35496,56.0,parceira,matriculas_2025_proxy,True,9.307532605613247,-18.817423373453906,44.6903154946819,6.1252694418641696,True
2026,0107605,CM EDUARDO MOREIRA DOS SANTOS,65.25089340088854,53.627310758111776,36.889898796444186,100.80560288937907,continuante,Pública,Creche,1.0,1.3,Mangueira - Morro dos Telégrafos,-22.902679,-43.235857,45.0,publica,matriculas_2025_proxy,True,20.250893400888543,-8.110101203555814,55.805602889379074,8.627310758111776,True
2026,0918805,EDI CANTORA CESARIA EVORA,64.95594904552247,51.655341872454,38.72636052393912,97.7727403455025,continuante,Pública,EDI,9.0,9.9,Campo Grande,-22.900123,-43.585876,70.0,publica,matriculas_2025_proxy,True,-5.044050954477527,-31.27363947606088,27.7727403455025,-18.344658127545998,False
2026,0313608,CM RACHEL LEITE DIAS,64.84367717549603,61.03847613980031,36.39056147543523,100.4572634347894,continuante,Pública,Creche,3.0,3.1,Engenho de Dentro,-22.885294,-43.288125,97.0,publica,matriculas_2025_proxy,True,-32.156322824503974,-60.60943852456477,3.4572634347893967,-35.96152386019969,False
2026,0734601,CM LUZES DO AMANHA,64.71880102918819,59.35356634208902,37.88008038928267,98.39861835589186,continuante,Pública,Creche,7.0,7.12,Cidade de Deus,-22.952939,-43.364891,49.0,publica,matriculas_2025_proxy,True,15.718801029188185,-11.119919610717332,49.398618355891855,10.353566342089017,True
2026,04008,CP CRECHE COMUNITARIA CASULO DO PARQUE PROLETARIO DA PENHA,64.63096843859407,58.649998870590814,37.03459446395243,99.0431624587792,continuante,Parceira,Creche Parceira,4.0,4.16,PENHA,-22.84672749,-43.28419513,97.0,parceira,matriculas_2025_proxy,True,-32.36903156140593,-59.96540553604757,2.043162458779193,-38.350001129409186,False
2026,0204805,EDI CLAUDIO CAVALCANTI,64.11167725967154,56.1698744257319,34.30083968331712,101.25598992583548,continuante,Pública,EDI,2.0,2.1,Botafogo,-22.954419,-43.188186,72.0,publica,matriculas_2025_proxy,True,-7.888322740328462,-37.69916031668288,29.25598992583548,-15.830125574268102,False
2026,0313801,EDI PROF. JOSE LIBONATI FILHO,64.0007884264694,54.59480801109001,35.63090199236686,99.54767735223496,continuante,Pública,EDI,3.0,3.1,Triagem,-22.895035,-43.246193,48.0,publica,matriculas_2025_proxy,True,16.0007884264694,-12.369098007633141,51.547677352234956,6.594808011090009,True
2026,0102602,CM ANA MARIA DA CRUZ SILVA,63.83552610579231,55.30121567449952,32.574883203127435,103.40339427963714,continuante,Pública,Creche,1.0,1.9,Cidade Nova,-22.912295,-43.196778,146.0,publica,matriculas_2025_proxy,True,-82.16447389420769,-113.42511679687257,-42.59660572036286,-90.69878432550048,False
2026,0817614,CM FAZENDA COQUEIROS II,63.68104434338037,50.19902562702689,37.66588956369162,96.29435235994222,continuante,Pública,Creche,8.0,8.22,Senador Camará,-22.869391,-43.495536,59.0,publica,matriculas_2025_proxy,True,4.681044343380371,-21.33411043630838,37.29435235994222,-8.800974372973108,True
2026,10058,CP CRECHE ESCOLA COMUNITARIA MALLETZINHO,63.475265808168594,76.97381704512094,37.35628820987884,96.1410662542551,continuante,Parceira,Creche Parceira,10.0,10.9,SEPETIBA,-22.97265,-43.70832,272.0,parceira,matriculas_2025_proxy,True,-208.5247341918314,-234.64371179012116,-175.8589337457449,-195.02618295487906,False
2026,0312812,EDI HERMENEGILDO DE BARROS,63.4566692369766,57.1668692268547,35.81176740745814,98.06384046873843,continuante,Pública,EDI,3.0,3.16,Engenho Da Rainha,-22.871295,-43.292118,81.0,publica,matriculas_2025_proxy,True,-17.5433307630234,-45.18823259254186,17.063840468738434,-23.8331307731453,False
2026,0817814,EDI PROFESSORA GIOVANA BANSI,63.00806759778213,50.35139662299756,37.09335695690257,95.45559351889833,continuante,Pública,EDI,8.0,8.11,Bangu,-22.895049,-43.490355,70.0,publica,matriculas_2025_proxy,True,-6.99193240221787,-32.90664304309743,25.455593518898326,-19.648603377002438,False
2026,10034,CP OS BENEDITINHOS,62.8962994287574,64.15298184530238,37.46566948548679,94.6988581200443,continuante,Parceira,Creche Parceira,10.0,10.9,SANTA CRUZ,-22.92996,-43.65597,134.0,parceira,matriculas_2025_proxy,True,-71.1037005712426,-96.53433051451321,-39.30114187995569,-69.84701815469762,False
2026,0313607,CM ODETINHA VIDAL DE OLIVEIRA,62.59564920504656,56.1717979362645,35.04322063520488,97.06339023799508,continuante,Pública,Creche,3.0,3.4,Lins de Vasconcelos,-22.906141,-43.272911,100.0,publica,matriculas_2025_proxy,True,-37.40435079495344,-64.95677936479512,-2.9366097620049203,-43.8282020637355,False
2026,0410805,EDI COMPOSITOR NEOCI DIAS DE ANDRADE,62.40475779550908,63.81429836628577,35.74811867447994,95.66800639688594,continuante,Pública,EDI,4.0,4.15,Olaria,-22.849859,-43.265338,47.0,publica,matriculas_2025_proxy,True,15.404757795509077,-11.25188132552006,48.66800639688594,16.81429836628577,True
2026,02025,CP CRECHE BEZERRA DE MENEZES - BOTAFOGO,62.33635765708739,58.79140123505418,33.97990855815078,98.17301830851557,continuante,Parceira,Creche Parceira,2.0,2.1,BOTAFOGO,-22.95335051,-43.19505846,43.0,parceira,matriculas_2025_proxy,True,19.33635765708739,-9.020091441849218,55.173018308515566,15.791401235054181,True
2026,0430805,EDI PROFESSORA SOLANGE CONCEICAO TRICARICO,62.268756777025175,65.42048891995921,36.01983560432019,95.15798143238212,continuante,Pública,EDI,4.0,4.7,BONSUCESSO,-22.865663,-43.242858,42.0,publica,matriculas_2025_proxy,True,20.268756777025175,-5.980164395679807,53.157981432382115,23.42048891995921,True
2026,10044,CP CRECHE COMUNITARIA MAGIA DA CRIANCA,62.19796302398027,65.97580592197563,37.06217006484916,93.63514477733442,continuante,Parceira,Creche Parceira,10.0,10.11,SANTA CRUZ,-22.93376,-43.70068,168.0,parceira,matriculas_2025_proxy,True,-105.80203697601974,-130.93782993515083,-74.36485522266558,-102.02419407802437,False
2026,02047,CP GRUPO COMUNITARIO MORRO DA ALEGRIA,62.02544391502733,77.2633078150509,35.23506439012422,95.51547398996397,continuante,Parceira,Creche Parceira,2.0,2.7,ROCINHA,-22.99001468,-43.24478783,63.0,parceira,matriculas_2025_proxy,True,-0.9745560849726687,-27.764935609875778,32.515473989963965,14.263307815050894,False
2026,02049,CP OBRA DO BERCO,61.90760497303532,36.07197557734534,30.20944904353213,102.34896136846474,continuante,Parceira,Creche Parceira,2.0,2.1,LAGOA,-22.96339094,-43.20299223,81.0,parceira,matriculas_2025_proxy,True,-19.09239502696468,-50.79055095646787,21.348961368464742,-44.92802442265466,False
2026,0312601,CM CANTINHO FELIZ,61.79820771984297,60.349082055926,35.256768712932185,95.03970876486176,continuante,Pública,Creche,3.0,3.15,Inhaúma,-22.880691,-43.281352,92.0,publica,matriculas_2025_proxy,True,-30.20179228015703,-56.743231287067815,3.039708764861757,-31.650917944074003,False
2026,0431602,CM BARBOSA LIMA SOBRINHO,61.77474905739767,58.60497715584159,35.061712839942416,95.1730795336474,continuante,Pública,Creche,4.0,4.25,Jardim América,-22.802662,-43.31926,105.0,publica,matriculas_2025_proxy,True,-43.22525094260233,-69.93828716005758,-9.826920466352604,-46.39502284415841,False
2026,03003,CP CASA SAO ROQUE,61.67719475731779,55.53022198374912,32.81542012952016,97.56212706947623,continuante,Parceira,Creche Parceira,3.0,3.4,MÉIER,-22.89696158,-43.28062754,196.0,parceira,matriculas_2025_proxy,True,-134.3228052426822,-163.18457987047984,-98.43787293052377,-140.46977801625087,False
2026,03039,CP CRECHE COMUNITARIA CEU AZUL,61.506828143518334,63.918867391163744,34.746645650389915,95.12385988016344,continuante,Parceira,Creche Parceira,3.0,3.14,BONSUCESSO,-22.8719761,-43.25736737,48.0,parceira,matriculas_2025_proxy,True,13.506828143518334,-13.253354349610085,47.12385988016344,15.918867391163744,True
2026,0622602,CM SILVIO AMANCIO,61.41174129106634,52.999159852633646,35.679882340613865,93.68642182805672,continuante,Pública,Creche,6.0,6.14,Jardim Cristina Capri - Anchieta,-22.825833,-43.389133,66.0,publica,matriculas_2025_proxy,True,-4.588258708933658,-30.320117659386135,27.686421828056723,-13.000840147366354,False
2026,10059,CP CRECHE COMUNITARIA PLANETA BEBE,61.38690950941603,64.5582673930241,36.60064911522601,92.38540913905294,continuante,Parceira,Creche Parceira,10.0,10.1,SANTA CRUZ,-22.90309,-43.67469,91.0,parceira,matriculas_2025_proxy,True,-29.61309049058397,-54.39935088477399,1.385409139052939,-26.441732606975904,False
2026,0209608,CM GERMINAL DA VILA,61.33747619581815,55.67865003255102,34.56096202633397,94.89512593504544,continuante,Pública,Creche,2.0,2.18,Vila Isabel,-22.913956,-43.255247,61.0,publica,matriculas_2025_proxy,True,0.33747619581814803,-26.439037973666032,33.89512593504544,-5.321349967448981,True
2026,07045,CP JARDIM ESCOLA TURMINHA DA ARCA - JETA II,61.15716064612411,63.52556372639104,35.50021801313392,93.248540186103,continuante,Parceira,Creche Parceira,7.0,7.22,GARDÊNIA AZUL,-22.96375,-43.34749,127.0,parceira,matriculas_2025_proxy,True,-65.84283935387589,-91.49978198686608,-33.751459813897,-63.47443627360896,False
2026,0103607,CM ESTACIO DE SA,60.75135913225636,48.52306842936431,33.490805312509444,94.9968418036546,continuante,Pública,Creche,1.0,1.9,Estácio,-22.913974,-43.203886,64.0,publica,matriculas_2025_proxy,True,-3.2486408677436387,-30.509194687490556,30.996841803654604,-15.476931570635692,False
2026,0312603,CM RENASCER,60.74028548411451,60.24150119970252,34.15007016522624,94.08901456861452,continuante,Pública,Creche,3.0,3.14,Del Castilho,-22.880363,-43.279044,87.0,publica,matriculas_2025_proxy,True,-26.25971451588549,-52.84992983477376,7.089014568614516,-26.75849880029748,False
2026,08019,CP ESCOLA COMUNITARIA JARDIM ARCO-IRIS - UNIDADE II,60.30092504062284,55.76290089087587,35.25178192274496,91.6890535440118,continuante,Parceira,Creche Parceira,8.0,8.5,REALENGO,-22.89115,-43.42064,142.0,parceira,matriculas_2025_proxy,True,-81.69907495937716,-106.74821807725505,-50.3109464559882,-86.23709910912413,False
2026,1019607,CM ADALTO BASTOS,60.10040180614802,58.9047967325141,35.596086611270046,90.74103439084608,continuante,Pública,Creche,10.0,10.18,Paciência,-22.927505,-43.634912,24.0,publica,matriculas_2025_proxy,True,36.10040180614802,11.596086611270046,66.74103439084608,34.9047967325141,True
2026,0918839,EDI DALILA TAVARES,59.99243789424891,50.77640559410389,35.82260595651533,90.2423328090338,continuante,Pública,EDI,9.0,9.8,Campo Grande,-22.89154,-43.57146,22.0,publica,matriculas_2025_proxy,True,37.99243789424891,13.822605956515332,68.2423328090338,28.776405594103892,True
2026,02040,CP CRECHE MARIA MARIA,59.95058845693917,76.01453891070054,34.09751290599944,92.26079327087108,continuante,Parceira,Creche Parceira,2.0,2.5,ROCINHA,-22.98633516,-43.24536688,72.0,parceira,matriculas_2025_proxy,True,-12.049411543060828,-37.90248709400056,20.260793270871076,4.014538910700537,False
2026,0101802,EDI MACHADO DE ASSIS,59.88148308591632,54.54598106903889,32.361316969659654,94.72226047800228,continuante,Pública,EDI,1.0,1.5,Santo Cristo,-22.902003,-43.200648,64.0,publica,matriculas_2025_proxy,True,-4.118516914083678,-31.638683030340346,30.722260478002283,-9.454018930961112,False
2026,10067,CP CRECHE COMUNITARIA ARCA DE NOE,59.46601651172609,62.43341927966651,35.39352335203209,89.57262204489436,continuante,Parceira,Creche Parceira,10.0,10.1,SANTA CRUZ,-22.94696,-43.67592,124.0,parceira,matriculas_2025_proxy,True,-64.53398348827392,-88.60647664796791,-34.42737795510564,-61.56658072033349,False
2026,0313603,CM SYLVIA ORTHOF,59.11587452572674,49.87126577074944,33.55510721314827,91.19724741452885,continuante,Pública,Creche,3.0,3.9,Piedade,-22.878497,-43.306157,55.0,publica,matriculas_2025_proxy,True,4.115874525726738,-21.44489278685173,36.197247414528846,-5.128734229250561,True
2026,0515606,CM JOSUE DE CASTRO,59.11136736064597,51.56297569646861,32.35529891465401,92.8348940483136,continuante,Pública,Creche,5.0,5.16,Campinho,-22.885981,-43.339707,67.0,publica,matriculas_2025_proxy,True,-7.888632639354029,-34.64470108534599,25.8348940483136,-15.437024303531388,False
2026,09011,CP CRECHE NOVA JERUSALEM EM CAMPO GRANDE,58.43040974779604,49.05793489038399,34.61691549890385,88.20656646991714,continuante,Parceira,Creche Parceira,9.0,9.13,CAMPO GRANDE,-22.89458,-43.60037,125.0,parceira,matriculas_2025_proxy,True,-66.56959025220397,-90.38308450109615,-36.793433530082865,-75.94206510961601,False
2026,09004,CP CRECHE E PRE-ESCOLA CANTINHO DO SABER,58.37964446871614,47.09966601018649,34.717312968883945,87.9814645640061,continuante,Parceira,Creche Parceira,9.0,9.18,CAMPO GRANDE,-22.8919,-43.60452,165.0,parceira,matriculas_2025_proxy,True,-106.62035553128386,-130.28268703111604,-77.0185354359939,-117.9003339898135,False
2026,04007,CP CRECHE CASULO BOM JESUS DA PENHA,58.24243582114844,52.76629533145555,33.331469705715286,89.32047238715037,continuante,Parceira,Creche Parceira,4.0,4.16,RAMOS,-22.84171675,-43.28014224,83.0,parceira,matriculas_2025_proxy,True,-24.75756417885156,-49.668530294284714,6.3204723871503745,-30.233704668544448,False
2026,04009,CP CRECHE COMUNITARIA DE MANGUINHOS,58.118188687975305,67.4399289166235,32.496399867801614,90.31225538708328,continuante,Parceira,Creche Parceira,4.0,4.12,MANGUINHOS,-22.87888067,-43.25304592,67.0,parceira,matriculas_2025_proxy,True,-8.881811312024695,-34.503600132198386,23.312255387083283,0.43992891662350075,False
2026,0208601,CM CASA BRANCA - PROFESSOR PAULO FREIRE,57.97618185777798,49.13585605291822,33.27470114580957,88.89845613634989,continuante,Pública,Creche,2.0,2.13,Tijuca,-22.936602,-43.248803,57.0,publica,matriculas_2025_proxy,True,0.9761818577779806,-23.725298854190427,31.898456136349893,-7.864143947081779,True
2026,0101601,CM LADEIRA DOS FUNCIONARIOS,57.31937962384286,44.99993812417464,32.55329003817987,88.3075223166149,continuante,Pública,Creche,1.0,1.1,Caju,-22.879151,-43.224306,34.0,publica,matriculas_2025_proxy,True,23.319379623842863,-1.4467099618201331,54.30752231661489,10.99993812417464,True
2026,0515607,CM MANE GARRINCHA I,57.2230046012337,56.50533660129015,32.08154441083971,88.8305270974769,continuante,Pública,Creche,5.0,5.18,Marechal Hermes,-22.869303,-43.374677,69.0,publica,matriculas_2025_proxy,True,-11.776995398766303,-36.91845558916029,19.830527097476903,-12.494663398709847,False
2026,0625609,CM SONIA MARIA DE M. ANGEL JONES,56.93298434031252,49.468235770177536,33.11559526621388,86.73481378575073,continuante,Pública,Creche,6.0,6.1,Pavuna,-22.813466,-43.353119,48.0,publica,matriculas_2025_proxy,True,8.932984340312522,-14.88440473378612,38.73481378575073,1.468235770177536,True
2026,0734603,CM SEMPRE VIDA JOSUE,56.68299881869959,51.04095450908737,33.14326778346089,86.22070463627584,continuante,Pública,Creche,7.0,7.14,Cidade de Deus,-22.942892,-43.363848,15.0,publica,matriculas_2025_proxy,True,41.68299881869959,18.143267783460892,71.22070463627584,36.04095450908737,True
2026,09019,CP ASSOCIACAO DE MORADORES UNIAO DAS BASES DE URUCANIA E ADJACENCIAS - COSMOS,56.606617369859286,47.777476193464736,33.511261218009786,85.484776541441,continuante,Parceira,Creche Parceira,9.0,9.13,COSMOS,-22.88994,-43.60561,85.0,parceira,matriculas_2025_proxy,True,-28.393382630140714,-51.488738781990214,0.48477654144099347,-37.222523806535264,False
2026,0625605,CM LUIS CARLOS PRESTES,56.575390881413526,46.30948665457455,32.889099479777514,86.22991006015792,continuante,Pública,Creche,6.0,6.4,Caminho do Job - Pavuna,-22.818729,-43.379834,66.0,publica,matriculas_2025_proxy,True,-9.424609118586474,-33.110900520222486,20.22991006015792,-19.69051334542545,False
2026,04049,CP INSTITUTO JOSEFA LAURENTINO,56.53083241405295,51.7521015559675,32.72694279211826,86.34226330685847,continuante,Parceira,Creche Parceira,4.0,4.4,MARÉ,-22.84825182,-43.24773693,60.0,parceira,matriculas_2025_proxy,True,-3.469167585947048,-27.27305720788174,26.34226330685847,-8.2478984440325,False
2026,0734803,EDI ANA CAROLINA PACHECO DA SILVA,56.26669292782319,50.83933614633046,32.94717392967792,85.53542823458714,continuante,Pública,EDI,7.0,7.15,Cidade de Deus,-22.947426,-43.365557,24.0,publica,matriculas_2025_proxy,True,32.26669292782319,8.947173929677923,61.535428234587144,26.83933614633046,True
2026,0431603,CM CHICO MENDES,56.22210831188681,56.00635001375283,32.026431725500046,86.5914629296004,continuante,Pública,Creche,4.0,4.22,Cordovil,-22.818898,-43.292015,57.0,publica,matriculas_2025_proxy,True,-0.7778916881131934,-24.973568274499954,29.591462929600397,-0.9936499862471706,False
2026,0734801,EDI JARDIM DO AMANHA,56.219046740006895,50.493434562561326,32.94394042448003,85.40958320439259,continuante,Pública,EDI,7.0,7.12,Cidade de Deus,-22.949404,-43.370431,16.0,publica,matriculas_2025_proxy,True,40.219046740006895,16.943940424480033,69.40958320439259,34.493434562561326,True
2026,04002,CP INSTITUTO EDUCACIONAL LUIZ ANTONIO - IELA,56.1791260281581,53.8519684111903,31.411047172123407,87.29850000849066,continuante,Parceira,Creche Parceira,4.0,4.11,VILA DA PENHA,-22.83392624,-43.30671229,90.0,parceira,matriculas_2025_proxy,True,-33.8208739718419,-58.5889528278766,-2.701499991509337,-36.1480315888097,False
2026,11001,CP CRECHE COMUNITARIA ALEGRIA DA CRIANCA,56.176139527727294,44.42642123649849,29.346094856026703,89.72511748839263,continuante,Parceira,Creche Parceira,11.0,11.2,ILHA DO GOVERNADOR / PARQUE ROYAL,-22.79554,-43.20989,104.0,parceira,matriculas_2025_proxy,True,-47.823860472272706,-74.6539051439733,-14.274882511607373,-59.57357876350151,False
2026,0312804,EDI PROFESSORA TANIA MARTINS NOVO LENZ,56.085025594657566,48.21484034469015,31.40319711145617,87.03243126279887,continuante,Pública,EDI,3.0,3.9,Tomás Coelho,-22.87358,-43.308096,53.0,publica,matriculas_2025_proxy,True,3.0850255946575658,-21.59680288854383,34.032431262798866,-4.785159655309847,True
2026,0313805,EDI MAURICIO CARDOSO,56.05512290167911,59.78698128116135,30.73235498733085,87.68948867872524,continuante,Pública,EDI,3.0,3.6,Engenho De Dentro,-22.900652,-43.295975,24.0,publica,matriculas_2025_proxy,True,32.05512290167911,6.732354987330851,63.68948867872524,35.78698128116135,True
2026,0514609,CM PARQUE BOM MENINO,55.84280559028743,48.33083314610738,31.74495820001699,86.0804614415413,continuante,Pública,Creche,5.0,5.8,Irajá,-22.849166,-43.324973,62.0,publica,matriculas_2025_proxy,True,-6.157194409712567,-30.25504179998301,24.080461441541303,-13.66916685389262,False
2026,0918832,EDI PROFESSORA JACINTHA REIS FERREIRA,55.79673242297724,47.80754702672536,33.05107866616486,84.23086523115273,continuante,Pública,EDI,9.0,9.23,Cosmos,-22.922708,-43.620744,119.0,publica,matriculas_2025_proxy,True,-63.20326757702276,-85.94892133383513,-34.769134768847266,-71.19245297327464,False
2026,0410802,EDI DOUTOR ANTONIO FERNANDES FIGUEIRA,55.4322680142015,61.94440181941238,31.391425610420374,85.58447046162667,continuante,Pública,EDI,4.0,4.1,Manguinhos - Bonsucesso,-22.88338,-43.253337,50.0,publica,matriculas_2025_proxy,True,5.432268014201497,-18.608574389579626,35.584470461626665,11.944401819412377,True
2026,0328801,EDI PADRE NELSON CARLOS DEL MONACO,55.28318595809399,48.79890580203364,31.26582995726462,85.37234020583708,continuante,Pública,EDI,3.0,3.12,Jacarezinho,-22.883767,-43.254063,43.0,publica,matriculas_2025_proxy,True,12.283185958093988,-11.734170042735379,42.37234020583708,5.798905802033637,True
2026,0817806,EDI PROFESSORA MARIA YEDDA LEITE LINHARES,55.16498842282705,43.72676592862041,32.681467206113815,83.31596295726567,continuante,Pública,EDI,8.0,8.25,Bangu,-22.846973,-43.465672,94.0,publica,matriculas_2025_proxy,True,-38.83501157717295,-61.318532793886185,-10.684037042734332,-50.27323407137959,False
2026,0329801,EDI DONA LINDU,55.02578644079311,56.78903341855809,31.53609766579415,84.46330084979189,continuante,Pública,EDI,3.0,3.23,Ramos,-22.860896,-43.267813,69.0,publica,matriculas_2025_proxy,True,-13.974213559206888,-37.463902334205855,15.463300849791892,-12.210966581441909,False
2026,1026810,EDI ALCEBIADES FRANCISCO ROSA,54.94574017009849,48.39714726222005,32.46498020218519,83.04300318408896,continuante,Pública,EDI,10.0,10.22,Pedra de Guaratiba,-22.974412,-43.648574,75.0,publica,matriculas_2025_proxy,True,-20.05425982990151,-42.53501979781481,8.04300318408896,-26.602852737779948,False
2026,02009,CP ABRIGO TERESA DE JESUS,54.826119919125794,39.85774371804666,27.94036393592599,88.80937083070134,continuante,Parceira,Creche Parceira,2.0,2.15,TIJUCA,-22.91366865,-43.22071856,91.0,parceira,matriculas_2025_proxy,True,-36.173880080874206,-63.05963606407401,-2.19062916929866,-51.14225628195334,False
2026,0918617,CM CRIANDO O FUTURO,54.7016970394448,44.43734726656045,32.533679853868954,82.44041851823306,continuante,Pública,Creche,9.0,9.14,Inhoaíba,-22.911154,-43.590203,52.0,publica,matriculas_2025_proxy,True,2.7016970394448023,-19.466320146131046,30.44041851823306,-7.562652733439549,True
2026,10082,CP CRECHE ESCOLA BAIXINHOS SABIDOS,54.57279786691406,48.72189559644579,32.42853645511538,82.25445662171391,continuante,Parceira,Creche Parceira,10.0,10.18,PACIÊNCIA,-22.91765,-43.65719,31.0,parceira,matriculas_2025_proxy,True,23.57279786691406,1.4285364551153776,51.25445662171391,17.72189559644579,True
2026,0918824,EDI ALBERTO FERREIRA PINTO,54.39402214967631,44.38359533242263,32.282583674450045,82.06763344779351,continuante,Pública,EDI,9.0,9.2,Campo Grande,-22.933228,-43.560292,94.0,publica,matriculas_2025_proxy,True,-39.60597785032369,-61.717416325549955,-11.932366552206489,-49.61640466757737,False
2026,0430807,EDI MARIA AMELIA CASTRO E SILVA BELFORT,54.28029100006215,58.50543465096274,31.31788987959648,83.07184511275328,continuante,Pública,EDI,4.0,4.8,Bonsucesso (Maré),-22.856902,-43.239377,93.0,publica,matriculas_2025_proxy,True,-38.71970899993785,-61.68211012040352,-9.92815488724672,-34.49456534903726,False
2026,02001,CP CRECHE ESPACO SEMENTE,54.14274893142226,37.73527228523449,30.77114410980461,83.3685803134558,continuante,Parceira,Creche Parceira,2.0,2.11,BOREL / TIJUCA,-22.93805743,-43.25208851,72.0,parceira,matriculas_2025_proxy,True,-17.85725106857774,-41.22885589019539,11.368580313455794,-34.26472771476551,False
2026,0313604,CM NOSSO CANTINHO,54.06865918450966,46.72495503335106,30.32455739176079,83.78299337292816,continuante,Pública,Creche,3.0,3.3,Engenho Novo,-22.916705,-43.263264,70.0,publica,matriculas_2025_proxy,True,-15.931340815490337,-39.67544260823921,13.78299337292816,-23.27504496664894,False
2026,0209610,CM FRANCISCO DE PAULA,53.71345344015828,47.16799745979262,30.14871051718825,83.2608071753787,continuante,Pública,Creche,2.0,2.18,Vila Isabel,-22.91189,-43.24757,53.0,publica,matriculas_2025_proxy,True,0.7134534401582826,-22.85128948281175,30.2608071753787,-5.832002540207377,True
2026,0918823,EDI PROFESSOR DERSU GABRIEL BICEGO,53.31364339943391,42.574402797767945,31.65676322295028,80.41274889297965,continuante,Pública,EDI,9.0,9.7,Campo Grande,-22.882641,-43.538851,61.0,publica,matriculas_2025_proxy,True,-7.686356600566093,-29.34323677704972,19.41274889297965,-18.425597202232055,False
2026,03009,CP CRECHE COMUNITARIA JOAO FERREIRA,52.78183878090936,50.26711578648708,30.02462759255668,81.28263296880804,continuante,Parceira,Creche Parceira,3.0,3.23,RAMOS,-22.85752743,-43.26904816,61.0,parceira,matriculas_2025_proxy,True,-8.21816121909064,-30.97537240744332,20.282632968808045,-10.732884213512918,False
2026,0209609,CM PAPA JOAO PAULO II,52.78172438317783,41.706556403553336,29.032209313106534,82.51359252388298,continuante,Pública,Creche,2.0,2.14,Grajaú,-22.929088,-43.26211,81.0,publica,matriculas_2025_proxy,True,-28.21827561682217,-51.967790686893466,1.513592523882977,-39.293443596446664,False
2026,0312801,EDI HENRIQUE FOREIS,52.72907955671141,52.610766371578,30.34807806177364,80.74314626910072,continuante,Pública,EDI,3.0,3.18,Inhaúma,-22.86323,-43.284779,81.0,publica,matriculas_2025_proxy,True,-28.27092044328859,-50.65192193822636,-0.2568537308992802,-28.389233628421998,False
2026,0103604,CM SONHO INFANTIL,52.66432325504543,46.65471502330523,29.90364201849873,81.18481027289963,continuante,Pública,Creche,1.0,1.1,Rio Comprido - Turano,-22.927155,-43.214382,47.0,publica,matriculas_2025_proxy,True,5.664323255045431,-17.09635798150127,34.184810272899625,-0.34528497669477076,True
2026,10018,CP CRECHE ESCOLA COMUNITARIA SITIO ALEGRE,52.54347187992799,60.958036418776175,30.961330212117687,79.53718323531609,continuante,Parceira,Creche Parceira,10.0,10.9,SEPETIBA,-22.95394,-43.68347,220.0,parceira,matriculas_2025_proxy,True,-167.456528120072,-189.03866978788233,-140.4628167646839,-159.04196358122383,False
2026,04043,CP ASSOCIACAO COMUNITARIA EDUCACIONAL FLORESCER,52.446317162164895,52.10394373898535,29.97850024071493,80.51947588226624,continuante,Parceira,Creche Parceira,4.0,4.15,OLARIA,-22.84165972,-43.263427,86.0,parceira,matriculas_2025_proxy,True,-33.553682837835105,-56.02149975928507,-5.480524117733765,-33.89605626101465,False
2026,0918826,EDI PROFESSORA MARLY DOS SANTOS DE OLIVEIRA (MARLY MARINHO),52.04650877817065,44.8877313081615,30.76358745326445,78.65188736619048,continuante,Pública,EDI,9.0,9.11,Cosmos,-22.895337,-43.603717,79.0,publica,matriculas_2025_proxy,True,-26.953491221829353,-48.23641254673555,-0.34811263380952084,-34.1122686918385,False
2026,0918827,EDI ATAULFO ALVES,51.83522374227304,44.36056188571976,30.67858101915678,78.28278187280357,continuante,Pública,EDI,9.0,9.12,Cosmos,-22.894072,-43.611071,95.0,publica,matriculas_2025_proxy,True,-43.16477625772696,-64.32141898084322,-16.717218127196432,-50.63943811428024,False
2026,03029,CP CRECHE BRINCANDO COM JUNINHO,51.75835327742694,47.894390910116,28.817268065157837,80.43935762436513,continuante,Parceira,Creche Parceira,3.0,3.1,ENGENHO DE DENTRO,-22.9102186,-43.2971967,86.0,parceira,matriculas_2025_proxy,True,-34.24164672257306,-57.18273193484217,-5.56064237563487,-38.105609089884,False
2026,0410807,EDI PROFESSORA TANIA DA ROCHA CORREA,51.59435202774215,50.97761922184768,29.43819625366824,79.28714817648898,continuante,Pública,EDI,4.0,4.15,Olaria,-22.85273,-43.277416,49.0,publica,matriculas_2025_proxy,True,2.594352027742147,-19.56180374633176,30.287148176488984,1.9776192218476822,True
2026,0431605,CM SEMPRE VIDA DIQUE,51.37164138754069,48.90219041613882,29.201565108666443,79.09130088490794,continuante,Pública,Creche,4.0,4.25,Jardim América,-22.802921,-43.323902,68.0,publica,matriculas_2025_proxy,True,-16.62835861245931,-38.79843489133356,11.091300884907938,-19.097809583861178,False
2026,0208801,EDI IGOR MORAES DA SILVA,51.217229439897615,43.23219161946237,27.723394235690595,80.64230010612644,continuante,Pública,EDI,2.0,2.11,Alto Boa Vista,-22.975728,-43.284476,71.0,publica,matriculas_2025_proxy,True,-19.782770560102385,-43.27660576430941,9.642300106126442,-27.76780838053763,False
2026,0625610,CM ZUZU ANGEL,51.18525473500579,47.10643958719151,28.919916316239757,79.0525969220698,continuante,Pública,Creche,6.0,5.9,Coelho Neto,-22.838585,-43.343128,24.0,publica,matriculas_2025_proxy,True,27.185254735005792,4.919916316239757,55.052596922069796,23.10643958719151,True
2026,0205801,EDI DONA MARCELA,51.09654210471869,47.24337558693448,24.912748982588926,84.04411483327621,continuante,Pública,EDI,2.0,2.3,Leme,-22.960596,-43.167882,30.0,publica,matriculas_2025_proxy,True,21.096542104718687,-5.087251017411074,54.04411483327621,17.243375586934476,True
2026,0107603,CM VOVO LUCIOLA,51.0463282711783,41.26324693249094,28.75951898132015,78.9989796928125,continuante,Pública,Creche,1.0,1.3,Mangueira,-22.902712,-43.240861,48.0,publica,matriculas_2025_proxy,True,3.0463282711782966,-19.24048101867985,30.998979692812497,-6.736753067509063,True
2026,0431802,EDI PROFESSOR CARLOS FALSETH,51.03320953868084,46.497829720510246,28.50107102816135,79.07332886283895,continuante,Pública,EDI,4.0,4.26,Jardim América,-22.807508,-43.321322,10.0,publica,matriculas_2025_proxy,True,41.03320953868084,18.50107102816135,69.07332886283895,36.497829720510246,True
2026,04039,CP ASSOCIACAO CENTRO EDUCACIONAL REBRAL IX,51.02451745488844,47.26364351293008,29.000036538515555,78.62119816274661,continuante,Parceira,Creche Parceira,4.0,4.19,PENHA CIRCULAR,-22.81753909,-43.27197276,124.0,parceira,matriculas_2025_proxy,True,-72.97548254511156,-94.99996346148444,-45.37880183725339,-76.73635648706991,False
2026,0101801,EDI PARQUE DA ALEGRIA,50.8916528846485,45.52370198373024,28.91327207936146,78.47133644881403,continuante,Pública,EDI,1.0,1.1,Caju,-22.884494,-43.23098,110.0,publica,matriculas_2025_proxy,True,-59.1083471153515,-81.08672792063854,-31.52866355118597,-64.47629801626977,False
2026,0209601,CM PIPA NO CEU,50.8716743963992,44.82316248677714,28.544385905792765,78.87284764655227,continuante,Pública,Creche,2.0,3.2,Vila Isabel,-22.9068,-43.242383,67.0,publica,matriculas_2025_proxy,True,-16.1283256036008,-38.455614094207235,11.872847646552273,-22.176837513222857,False
2026,1019611,CM CRIANCA FELIZ,50.86702376473926,53.15559418643089,30.366994093121868,76.50886683860155,continuante,Pública,Creche,10.0,10.12,Santa Cruz,-22.918625,-43.672089,23.0,publica,matriculas_2025_proxy,True,27.86702376473926,7.366994093121868,53.50886683860155,30.15559418643089,True
2026,08008,CP ASSOCIACAO DE MORADORES DO CONJUNTO PEDRO I E ADJACENCIAS,50.75127725015492,52.24087711913474,29.6902353369644,77.15443122607695,continuante,Parceira,Creche Parceira,8.0,8.5,REALENGO,-22.88605,-43.42591,33.0,parceira,matriculas_2025_proxy,True,17.75127725015492,-3.309764663035601,44.15443122607695,19.240877119134737,True
2026,10061,CP CRECHE COMUNITARIA ESTRELA DO AMANHA,50.74991407801167,53.00193611032359,30.254725290924693,76.38078520225167,continuante,Parceira,Creche Parceira,10.0,10.1,SANTA CRUZ,-22.93413,-43.66251,92.0,parceira,matriculas_2025_proxy,True,-41.25008592198833,-61.745274709075304,-15.619214797748327,-38.99806388967641,False
2026,0833806,EDI PROFESSOR CRISTIANO PINTO DE MORAES BISPO,50.73076936840141,43.1385771850893,29.73573960061708,77.03280057527262,continuante,Pública,EDI,8.0,8.7,Realengo,-22.895022,-43.447946,145.0,publica,matriculas_2025_proxy,True,-94.26923063159859,-115.26426039938292,-67.96719942472738,-101.8614228149107,False
2026,0918817,EDI PROFESSORA EUGENIA DE ALMEIDA AZEVEDO,50.56785444678344,39.65764431685655,30.14936845827272,76.11414479784045,continuante,Pública,EDI,9.0,9.4,Campo Grande,-22.873566,-43.573069,112.0,publica,matriculas_2025_proxy,True,-61.43214555321656,-81.85063154172728,-35.88585520215955,-72.34235568314345,False
2026,10010,CP ESCOLA COMUNITARIA JARDIM ARCO-IRIS,50.22517869266771,52.04177758410127,29.92080675698115,75.6226861069218,continuante,Parceira,Creche Parceira,10.0,10.11,SANTA CRUZ,-22.93673,-43.66903,115.0,parceira,matriculas_2025_proxy,True,-64.77482130733229,-85.07919324301885,-39.377313893078195,-62.95822241589873,False
2026,0918814,EDI PROFESSOR NESTOR MANOEL PINTO,50.180281620160926,40.42620246721217,29.780550118621253,75.71267698974722,continuante,Pública,EDI,9.0,9.17,Campo Grande,-22.922822,-43.54117,67.0,publica,matriculas_2025_proxy,True,-16.819718379839074,-37.21944988137875,8.712676989747223,-26.57379753278783,False
2026,0103804,EDI ZELIA GATTAI AMADO,50.03239708831989,43.87143987402344,28.093275913022328,77.55159681959798,continuante,Pública,EDI,1.0,1.11,Rio Comprido,-22.926867,-43.200934,46.0,publica,matriculas_2025_proxy,True,4.03239708831989,-17.906724086977672,31.551596819597975,-2.1285601259765627,True
2026,02054,CP UNIAO DE MULHERES PRO-MELHORAMENTO DA ROUPA SUJA,49.92919809302039,61.75591249809487,28.58303508604822,76.5850875002727,continuante,Parceira,Creche Parceira,2.0,2.6,ROCINHA,-22.99003892,-43.24550019,57.0,parceira,matriculas_2025_proxy,True,-7.070801906979611,-28.41696491395178,19.585087500272707,4.755912498094872,False
2026,0514801,EDI DEPUTADO PEDRO FERNANDES,49.91416686483686,44.90671720114184,28.671109178836325,76.5019637281128,continuante,Pública,EDI,5.0,5.3,Irajá,-22.823514,-43.320473,39.0,publica,matriculas_2025_proxy,True,10.914166864836858,-10.328890821163675,37.5019637281128,5.906717201141838,True
2026,1019801,EDI SARGENTO IZO GOMES PATRICIO,49.80763273246227,44.252124620512745,29.585196438176403,75.0841445506469,continuante,Pública,EDI,10.0,10.5,Paciência,-22.913409,-43.656075,74.0,publica,matriculas_2025_proxy,True,-24.192367267537733,-44.4148035618236,1.0841445506468972,-29.747875379487255,False
2026,03035,CP CENTRO EDUCACIONAL SAO VICENTE DE PAULO,49.74385595705265,55.62123107013585,28.5676692909561,76.29879449741058,continuante,Parceira,Creche Parceira,3.0,3.19,INHAÚMA,-22.86558896,-43.27640855,67.0,parceira,matriculas_2025_proxy,True,-17.256144042947348,-38.432330709043896,9.298794497410583,-11.378768929864151,False
2026,0107609,CM VASQUINHO,49.67908354598983,45.411187806796974,28.21714572597894,76.61983541524054,continuante,Pública,Creche,1.0,1.4,São Cristóvão,-22.886432,-43.227433,85.0,publica,matriculas_2025_proxy,True,-35.32091645401017,-56.78285427402106,-8.380164584759456,-39.588812193203026,False
2026,10037,CP CAAD - COMITE DE ATENDIMENTO A CRIANCA E AO ADOLESCENTE,49.67356877571975,51.94266515481344,29.590258782950585,74.7927320259522,continuante,Parceira,Creche Parceira,10.0,10.14,SANTA CRUZ,-22.89778,-43.6834,80.0,parceira,matriculas_2025_proxy,True,-30.32643122428025,-50.409741217049415,-5.207267974047795,-28.05733484518656,False
2026,02022,CP CRECHE CHAPEUZINHO MARROM,49.6512601478943,35.8279730928718,27.813502456129477,76.99224310681664,continuante,Parceira,Creche Parceira,2.0,2.12,TURANO / RIO COMPRIDO,-22.92403522,-43.21549246,42.0,parceira,matriculas_2025_proxy,True,7.651260147894298,-14.186497543870523,34.992243106816645,-6.172026907128199,True
2026,10078,CP CRECHE COMUNITARIA CRIANCA FELIZ,49.62817671866371,52.78244081830413,29.58530992223989,74.69354651133621,continuante,Parceira,Creche Parceira,10.0,10.1,SANTA CRUZ,-22.94064,-43.67972,38.0,parceira,matriculas_2025_proxy,True,11.62817671866371,-8.41469007776011,36.69354651133621,14.782440818304131,True
2026,0313602,CM ACONCHEGO,49.598745268923984,42.816896633369424,27.936596209719365,76.63981764852429,continuante,Pública,Creche,3.0,3.5,Lins de Vasconcelos,-22.914311,-43.284815,57.0,publica,matriculas_2025_proxy,True,-7.4012547310760155,-29.063403790280635,19.639817648524286,-14.183103366630576,False
2026,10029,CP ASSOCIACAO DE MORADORES DAS MORADAS DO IMPERIO,49.39964012059762,51.22394528128897,29.42736874157653,74.38298550263428,continuante,Parceira,Creche Parceira,10.0,10.1,SANTA CRUZ,-22.91704,-43.69961,75.0,parceira,matriculas_2025_proxy,True,-25.600359879402383,-45.57263125842347,-0.6170144973657159,-23.77605471871103,False
2026,0622805,EDI MEDALHISTA OLIMPICO MAURICIO LUIZ DE SOUZA,49.20350722984586,42.90772562193768,28.463194599012876,75.22229144811564,continuante,Pública,EDI,6.0,6.18,Anchieta,-22.822348,-43.41374,53.0,publica,matriculas_2025_proxy,True,-3.7964927701541384,-24.536805400987124,22.22229144811564,-10.09227437806232,False
2026,0716611,CM VITORINO FREIRE,48.968162588327424,50.87492410916504,26.627312929403907,77.09800064000457,continuante,Pública,Creche,7.0,7.1,Vila Valqueire,-22.884513,-43.372318,25.0,publica,matriculas_2025_proxy,True,23.968162588327424,1.6273129294039066,52.09800064000457,25.874924109165043,True
2026,0209607,CM SOLANGE MARIA MAGALHAES,48.679323452402265,43.795961705980304,27.41601891204909,75.32556008621269,continuante,Pública,Creche,2.0,2.18,Vila Isabel,-22.913574,-43.252219,27.0,publica,matriculas_2025_proxy,True,21.679323452402265,0.4160189120490898,48.32556008621269,16.795961705980304,True
2026,03001,CP ASSOCIACAO PRESBITERIANA CUIDANDO DO AMANHA - APCA,48.57692603390799,43.72198296431131,27.122714465926222,75.41496438008645,continuante,Parceira,Creche Parceira,3.0,3.1,ENGENHO DE DENTRO,-22.91589597,-43.29810565,83.0,parceira,matriculas_2025_proxy,True,-34.42307396609201,-55.87728553407378,-7.585035619913555,-39.27801703568869,False
2026,02014,CP CRUZADA PELA INFANCIA DO LEME,48.44748813643676,45.52444795638223,27.08750156105658,75.27170157601314,continuante,Parceira,Creche Parceira,2.0,2.3,COPACABANA,-22.96098248,-43.17907823,58.0,parceira,matriculas_2025_proxy,True,-9.55251186356324,-30.91249843894342,17.271701576013143,-12.475552043617768,False
2026,1019631,CM TIA HILDA MACEDO,48.440744057013454,42.20286893568294,28.80910799194815,72.98300052515407,continuante,Pública,Creche,10.0,10.5,Santa Cruz,-22.911349,-43.654573,72.0,publica,matriculas_2025_proxy,True,-23.559255942986546,-43.19089200805185,0.9830005251540683,-29.797131064317057,False
2026,02019,CP UNIDAS - OBRAS SOCIAIS UNIDAS DE SANTA MARTA,48.1205526309363,43.89755643040865,26.07587407769916,75.91662015390645,continuante,Parceira,Creche Parceira,2.0,2.1,BOTAFOGO,-22.94739012,-43.1940714,40.0,parceira,matriculas_2025_proxy,True,8.120552630936302,-13.924125922300838,35.91662015390645,3.897556430408649,True
2026,0206606,CM ELZA MACHADO DOS SANTOS - TIA ELZA,48.08163183747232,41.16499055151303,26.55511101103001,75.17244065780424,continuante,Pública,Creche,2.0,2.4,Ipanema,-22.981527,-43.196355,82.0,publica,matriculas_2025_proxy,True,-33.91836816252768,-55.44488898896999,-6.827559342195755,-40.83500944848697,False
2026,02038,CP CRECHE CHACARA DO CEU,48.03136758006925,40.26558456762064,27.334915000852373,73.95854548229038,continuante,Parceira,Creche Parceira,2.0,2.11,TIJUCA,-22.93697965,-43.25635225,59.0,parceira,matriculas_2025_proxy,True,-10.96863241993075,-31.665084999147627,14.958545482290376,-18.734415432379357,False
2026,02011,CP SOCIEDADE CIVIL DE ASSISTENCIA A MENORES - CASA DA DINDA,47.96847964318029,41.94537873861458,26.921758035469352,74.33605074328452,continuante,Parceira,Creche Parceira,2.0,2.15,VILA ISABEL,-22.91421868,-43.25481999,45.0,parceira,matriculas_2025_proxy,True,2.968479643180288,-18.078241964530648,29.336050743284517,-3.054621261385421,True
2026,0313606,CM CANTINHO DO QUETO,47.94043795639735,44.1560692673002,26.20383684547176,75.2524380645877,continuante,Pública,Creche,3.0,3.2,Sampaio,-22.904185,-43.261677,58.0,publica,matriculas_2025_proxy,True,-10.059562043602646,-31.79616315452824,17.252438064587693,-13.843930732699803,False
2026,0103805,EDI BEATRIZ VICENCIA BANDEIRA RYFF,47.93176443787823,38.49452847060198,26.55793247992416,74.76642748674645,continuante,Pública,EDI,1.0,1.9,Estácio,-22.919861,-43.205131,29.0,publica,matriculas_2025_proxy,True,18.93176443787823,-2.4420675200758417,45.76642748674645,9.494528470601978,True
2026,0330602,CM NOVA BRASILIA,47.82939646904085,48.09347971279618,27.2878090412239,73.58115999254173,continuante,Pública,Creche,3.0,3.21,Bonsucesso,-22.865662,-43.270293,98.0,publica,matriculas_2025_proxy,True,-50.17060353095915,-70.7121909587761,-24.41884000745827,-49.90652028720382,False
2026,0918808,EDI PROFESSORA MARTA REGINA PERROTA,47.673925985951456,38.08602282487032,28.34860476079059,71.8568516929646,continuante,Pública,EDI,9.0,9.2,Campo Grande,-22.929639,-43.566393,70.0,publica,matriculas_2025_proxy,True,-22.326074014048544,-41.65139523920941,1.8568516929645966,-31.91397717512968,False
2026,0208606,CM DOUTOR RONALDO LUIZ GAZOLLA,47.67249505295046,40.64494531999762,27.41726059362159,73.02001064916007,continuante,Pública,Creche,2.0,2.13,Tijuca,-22.94015,-43.24459,35.0,publica,matriculas_2025_proxy,True,12.67249505295046,-7.582739406378408,38.02001064916007,5.644945319997618,True
2026,02041,CP CRECHE E PRE-ESCOLA COMUNITARIA DO 199 PINGO DE GENTE,47.65008012853636,57.053070340676,26.946405978613328,73.56019733595637,continuante,Parceira,Creche Parceira,2.0,2.5,ROCINHA,-22.98565589,-43.24294428,44.0,parceira,matriculas_2025_proxy,True,3.6500801285363593,-17.053594021386672,29.560197335956374,13.053070340676001,True
2026,01005,CP CASA MATERNAL CORACAO DE MAE,47.54906647015542,34.707011473653665,26.603007547713105,73.74221470005531,continuante,Parceira,Creche Parceira,1.0,1.7,RIO COMPRIDO,-22.92507123,-43.21432426,40.0,parceira,matriculas_2025_proxy,True,7.549066470155417,-13.396992452286895,33.742214700055314,-5.292988526346335,True
2026,10023,CP CRECHE ESCOLA SOSSEGO DA MAMAE,47.51790962725153,49.69493445589426,28.31203437041849,71.53898703068734,continuante,Parceira,Creche Parceira,10.0,10.11,SANTA CRUZ,-22.89736,-43.67945,99.0,parceira,matriculas_2025_proxy,True,-51.48209037274847,-70.68796562958151,-27.461012969312662,-49.30506554410574,False
2026,10063,CP CRECHE COMUNITARIA UNIVERSO INFANTIL,47.44240914718299,41.03636495716263,28.13031663256549,71.5880504114873,continuante,Parceira,Creche Parceira,10.0,10.28,GUARATIBA,-22.96041,-43.64983,124.0,parceira,matriculas_2025_proxy,True,-76.55759085281701,-95.8696833674345,-52.4119495885127,-82.96363504283737,False
2026,0918621,CM ELIZABETH TAVARES DE SOUZA - BETINHA,47.30389827870472,37.20180253033695,28.040278133271837,71.4061651841607,continuante,Pública,Creche,9.0,9.4,Campo Grande,-22.884107,-43.531443,80.0,publica,matriculas_2025_proxy,True,-32.69610172129528,-51.95972186672816,-8.593834815839301,-42.79819746966305,False
2026,02016,CP CASA MATERNAL MELLO MATTOS,46.74373184798833,40.66456473298461,23.25310589454673,76.03489023682818,continuante,Parceira,Creche Parceira,2.0,2.6,JARDIM BOTÂNICO,-22.96076836,-43.22089458,108.0,parceira,matriculas_2025_proxy,True,-61.25626815201167,-84.74689410545326,-31.965109763171824,-67.33543526701538,False
2026,07002,CP CRECHE CANTINHO FELIZ,46.72451217932502,47.61064002181019,26.32718752550402,72.23246945561903,continuante,Parceira,Creche Parceira,7.0,7.25,VARGEM GRANDE,-22.99539,-43.49488,109.0,parceira,matriculas_2025_proxy,True,-62.27548782067498,-82.67281247449598,-36.767530544380975,-61.38935997818981,False
2026,0103602,CM DIREITOS HUMANOS,46.66335672899112,41.14123177491184,26.16806418693566,72.39519216632564,continuante,Pública,Creche,1.0,1.11,Rio Comprido,-22.931337,-43.201233,45.0,publica,matriculas_2025_proxy,True,1.6633567289911184,-18.83193581306434,27.395192166325643,-3.8587682250881628,True
2026,0918615,CM MARCELO CARDOSO TOME,46.633235743312376,39.50741081703232,27.477967002909637,70.61196870736615,continuante,Pública,Creche,9.0,9.11,Inhoaíba,-22.907751,-43.603988,46.0,publica,matriculas_2025_proxy,True,0.6332357433123761,-18.522032997090363,24.611968707366145,-6.492589182967677,True
2026,10033,CP PROJETO QUEBRA CABECA,46.60533084407941,56.93674805209099,27.40933940921908,70.61318202948362,continuante,Parceira,Creche Parceira,10.0,10.9,SEPETIBA,-22.98573,-43.69129,107.0,parceira,matriculas_2025_proxy,True,-60.39466915592059,-79.59066059078091,-36.386817970516375,-50.06325194790901,False
2026,1026803,EDI PADRE CARLOS HENRIQUE DE SOUZA,46.33895743620592,57.70048762967272,27.464830226008505,69.97438911326444,continuante,Pública,EDI,10.0,10.26,Guaratiba,-22.963643,-43.610407,0.0,publica,matriculas_2025_proxy,True,46.33895743620592,27.464830226008505,69.97438911326444,57.70048762967272,True
2026,08002,CP CRECHE ESPIRITA FRANCISCO DE ASSIS,46.33185752944691,39.38177141994277,26.913415007954207,70.65219925859925,continuante,Parceira,Creche Parceira,8.0,8.5,REALENGO,-22.86123,-43.4272,35.0,parceira,matriculas_2025_proxy,True,11.331857529446907,-8.086584992045793,35.65219925859925,4.381771419942773,True
2026,03034,CP CRECHE RISCO E RABISCO,46.30336052864362,45.92531089754602,25.557191338715384,72.3590064902506,continuante,Parceira,Creche Parceira,3.0,3.9,PILARES,-22.8778187,-43.30045718,100.0,parceira,matriculas_2025_proxy,True,-53.69663947135638,-74.44280866128462,-27.640993509749407,-54.07468910245398,False
2026,1026604,CM JOSEPHA FERREIRA DA COSTA,45.9933742302235,38.896946420561605,27.304968005827725,69.36805804236673,continuante,Pública,Creche,10.0,10.28,Guaratiba,-22.954726,-43.582599,148.0,publica,matriculas_2025_proxy,True,-102.00662576977649,-120.69503199417227,-78.63194195763327,-109.1030535794384,False
2026,03031,CP ESCOLA COMUNITARIA JARDIM ARCO-IRIS - UNIDADE I,45.97076939108566,34.2465380999038,25.274910527153796,71.85996107477874,continuante,Parceira,Creche Parceira,3.0,3.4,MÉIER,-22.9067521,-43.28005184,77.0,parceira,matriculas_2025_proxy,True,-31.02923060891434,-51.72508947284621,-5.140038925221262,-42.7534619000962,False
2026,0411605,CM CARACOL,45.94290241432799,45.18321979186509,26.451712417125528,70.26256124794743,continuante,Pública,Creche,4.0,4.18,Penha,-22.844111,-43.289449,29.0,publica,matriculas_2025_proxy,True,16.94290241432799,-2.5482875828744724,41.26256124794743,16.183219791865092,True
2026,0514601,CM TIO SEBASTIAO XAVIER,45.8326513175047,40.88129609575687,24.36727555002264,72.97749878849311,continuante,Pública,Creche,5.0,5.1,Vila Kosmos,-22.849085,-43.303981,22.0,publica,matriculas_2025_proxy,True,23.8326513175047,2.36727555002264,50.97749878849311,18.881296095756873,True
2026,10064,CP CRECHE COMUNITARIA CORACAO DE MAE,45.82507488399993,39.62605827712343,27.1614183302881,69.15966769483866,continuante,Parceira,Creche Parceira,10.0,10.18,PACIÊNCIA,-22.88824,-43.63861,145.0,parceira,matriculas_2025_proxy,True,-99.17492511600007,-117.8385816697119,-75.84033230516134,-105.37394172287657,False
2026,05004,CP CRECHE CASULO SAO RAFAEL ARCANJO,45.79034438885217,43.44841829627143,23.84482993816757,73.05291447250538,continuante,Parceira,Creche Parceira,5.0,5.3,VISTA ALEGRE,-22.83134416,-43.31817674,50.0,parceira,matriculas_2025_proxy,True,-4.209655611147831,-26.15517006183243,23.05291447250538,-6.551581703728573,False
2026,0313609,CM RECANTO DA CACHOEIRA,45.61807773005644,39.58442497999681,25.66601679378961,70.56084501780441,continuante,Pública,Creche,3.0,3.5,Lins de Vasconcelos,-22.919202,-43.284753,85.0,publica,matriculas_2025_proxy,True,-39.38192226994356,-59.33398320621039,-14.43915498219559,-45.41557502000319,False
2026,06005,CP CRECHE DON GUANELLA,45.51355252566744,49.60363455245653,26.293874119395397,69.53850923747791,continuante,Parceira,Creche Parceira,6.0,6.12,ANCHIETA,-22.81704,-43.39683,59.0,parceira,matriculas_2025_proxy,True,-13.486447474332557,-32.7061258806046,10.53850923747791,-9.396365447543467,False
2026,03023,CP LAR DE MARIA DOLORES,45.51057331142022,34.612082376822976,24.27597627975284,72.05068037157993,continuante,Parceira,Creche Parceira,3.0,3.1,ROCHA,-22.9032269,-43.24715835,45.0,parceira,matriculas_2025_proxy,True,0.5105733114202167,-20.72402372024716,27.05068037157993,-10.387917623177024,True
2026,0918825,EDI PROFESSORA TERESINHA DE JESUS SIQUEIRA BROWN,45.426206509413845,36.45376193853021,26.920328263746683,68.58483698200814,continuante,Pública,EDI,9.0,9.7,Campo Grande,-22.875422,-43.536818,94.0,publica,matriculas_2025_proxy,True,-48.573793490586155,-67.07967173625332,-25.41516301799186,-57.54623806146979,False
2026,08006,CP FUNDACAO CASA DA JOANINHA - CRECHE,45.35321691205348,48.63291639304105,25.251009576001778,70.65727767843435,continuante,Parceira,Creche Parceira,8.0,8.5,MAGALHÃES BASTOS,-22.8683,-43.42191,50.0,parceira,matriculas_2025_proxy,True,-4.646783087946517,-24.748990423998222,20.657277678434355,-1.3670836069589498,False
2026,04037,CP CRECHE ESCOLA MIMI II,45.34763565609748,43.05763891307694,25.76265267544552,69.90976976868876,continuante,Parceira,Creche Parceira,4.0,4.11,RAMOS,-22.85054855,-43.24136999,94.0,parceira,matriculas_2025_proxy,True,-48.65236434390252,-68.23734732455448,-24.09023023131124,-50.94236108692306,False
2026,09012,CP CRECHE COMUNITARIA TIA NEIDE - CAMPO GRANDE,45.29690622868647,36.612438604279646,26.898612699689835,68.31570758638604,continuante,Parceira,Creche Parceira,9.0,9.18,CAMPO GRANDE,-22.87946,-43.61508,147.0,parceira,matriculas_2025_proxy,True,-101.70309377131353,-120.10138730031017,-78.68429241361396,-110.38756139572035,False
2026,10028,CP CRECHE CASULO AGOSTINHO - VERIDIANA,45.26836401081716,46.64421700805149,26.896100002550668,68.2457489608454,continuante,Parceira,Creche Parceira,10.0,10.11,SANTA CRUZ,-22.94825,-43.66536,139.0,parceira,matriculas_2025_proxy,True,-93.73163598918285,-112.10389999744933,-70.7542510391546,-92.3557829919485,False
2026,1019827,EDI MEDALHISTA OLIMPICA POLIANA OKIMOTO,45.26706921518411,46.74877163263581,26.961879697199848,68.159534421786,continuante,Pública,EDI,10.0,10.15,Santa Cruz,-22.933612,-43.65972,50.0,publica,matriculas_2025_proxy,True,-4.732930784815892,-23.038120302800152,18.159534421786006,-3.2512283673641917,False
2026,0625608,CM MAJOR CELESTINO R. DOS SANTOS,45.21079652029458,40.79048943989656,25.664568926727544,69.64175562702012,continuante,Pública,Creche,6.0,6.3,Conj. Hab. Amarelinho - Irajá,-22.826122,-43.338803,48.0,publica,matriculas_2025_proxy,True,-2.789203479705421,-22.335431073272456,21.641755627020117,-7.209510560103439,False
2026,03018,CP FRATERNIDADE ASSISTENCIAL CRISTA,44.81731973532492,34.39262178970788,24.995689035835472,69.57182806416378,continuante,Parceira,Creche Parceira,3.0,3.3,ENGENHO NOVO,-22.89988423,-43.26966169,43.0,parceira,matriculas_2025_proxy,True,1.8173197353249222,-18.004310964164528,26.571828064163782,-8.607378210292119,True
2026,0103802,EDI LILY MARINHO,44.76934231565953,39.333553203097374,24.86061094229025,69.7573974719163,continuante,Pública,EDI,1.0,1.8,Catumbi,-22.919001,-43.193367,63.0,publica,matriculas_2025_proxy,True,-18.23065768434047,-38.13938905770975,6.757397471916306,-23.666446796902626,False
2026,04026,CP CRECHE ESCOLA PATINHO ESTUDIOSO,44.37876989229453,42.290381843194936,25.507072346079838,68.02494799969753,continuante,Parceira,Creche Parceira,4.0,4.21,PARADA DE LUCAS,-22.86201813,-43.23874525,45.0,parceira,matriculas_2025_proxy,True,-0.6212301077054718,-19.492927653920162,23.02494799969753,-2.709618156805064,False
2026,0918836,EDI MEDALHISTA OLIMPICO RAFAEL CARLOS DA SILVA,44.20620365279549,37.455008935460285,25.87493536330011,67.10919198605939,continuante,Pública,EDI,9.0,9.7,Santíssimo,-22.875386,-43.533794,118.0,publica,matriculas_2025_proxy,True,-73.7937963472045,-92.12506463669989,-50.890808013940614,-80.54499106453972,False
2026,0328604,CM DA COMUNIDADE DO JACAREZINHO,43.776316813723575,39.63708839066003,24.2802849434977,68.26461363794331,continuante,Pública,Creche,3.0,3.13,Jacarezinho,-22.888592,-43.263362,99.0,publica,matriculas_2025_proxy,True,-55.223683186276425,-74.7197150565023,-30.735386362056687,-59.36291160933997,False
2026,0817611,CM TIA ELZA,43.65054430905771,36.23616623771851,25.74275129084941,66.08371045496085,continuante,Pública,Creche,8.0,8.16,Padre Miguel,-22.868855,-43.455452,42.0,publica,matriculas_2025_proxy,True,1.6505443090577074,-16.25724870915059,24.08371045496085,-5.763833762281493,True
2026,0313601,CM VILA DOS MINEIROS,43.45207665907685,36.82033749068373,24.63866850884308,67.0572228549233,continuante,Pública,Creche,3.0,3.9,Piedade,-22.876109,-43.305279,44.0,publica,matriculas_2025_proxy,True,-0.5479233409231483,-19.36133149115692,23.057222854923296,-7.179662509316273,False
2026,09018,CP ESPACO DE DESENVOLVIMENTO CARIOQUINHA,43.403388897017486,36.75086681398982,25.67327719821361,65.57511162860465,continuante,Parceira,Creche Parceira,9.0,9.13,COSMOS,-22.92836,-43.60332,124.0,parceira,matriculas_2025_proxy,True,-80.59661110298251,-98.32672280178639,-58.424888371395355,-87.24913318601017,False
2026,07010,CP CRECHE NOVA ESPERANCA,43.394886390937536,37.793786105021965,24.963619702439743,66.50419962473718,continuante,Parceira,Creche Parceira,7.0,7.7,FREGUESIA / JACAREPAGUÁ,-22.94445,-43.34162,83.0,parceira,matriculas_2025_proxy,True,-39.605113609062464,-58.03638029756026,-16.495800375262817,-45.206213894978035,False
2026,03032,CP NUCLEO RECREATIVO RAIOZINHO DE SOL,42.97870021426618,42.80922166838188,23.632069103508258,67.29852089999017,continuante,Parceira,Creche Parceira,3.0,3.9,PILARES,-22.88210436,-43.2935604,31.0,parceira,matriculas_2025_proxy,True,11.978700214266183,-7.3679308964917425,36.298520899990166,11.80922166838188,True
2026,1019603,CM JARDIM DOS VIEIRAS,42.93847372261976,41.96621941665483,25.439630897674547,64.82323650924207,continuante,Pública,Creche,10.0,10.19,"Jardim dos Vieiras, Paciência",-22.924192,-43.628443,25.0,publica,matriculas_2025_proxy,True,17.93847372261976,0.4396308976745473,39.823236509242065,16.96621941665483,True
2026,0410803,EDI JOAQUIM VENANCIO,42.937802095105546,47.11898787820786,23.94927636700389,66.80296778701279,continuante,Pública,EDI,4.0,3.14,Bonsucesso,-22.875506,-43.25493,22.0,publica,matriculas_2025_proxy,True,20.937802095105546,1.9492763670038897,44.80296778701279,25.11898787820786,True
2026,0430802,EDI PROFESSORA KELITA FARIA DE PAULA,42.85243313557029,39.73163002570256,24.613247954628108,65.67286297020487,continuante,Pública,EDI,4.0,4.7,Bonsucesso (Maré),-22.865546,-43.243179,50.0,publica,matriculas_2025_proxy,True,-7.147566864429713,-25.386752045371892,15.672862970204875,-10.268369974297443,False
2026,0724605,CM SEBASTIAO BERNARDES DE SOUZA PRATA,42.82184237217892,37.59902272039245,24.32846696043494,66.04010129048957,continuante,Pública,Creche,7.0,7.26,Vargem Grande,-22.991385,-43.432685,87.0,publica,matriculas_2025_proxy,True,-44.17815762782108,-62.67153303956506,-20.959898709510426,-49.40097727960755,False
2026,1019621,CM SEMPRE VIDA ESTRELA DO ALAGADO,42.81517420307696,44.095746928091685,25.135368347291152,64.90118739054175,continuante,Pública,Creche,10.0,10.23,Sepetiba,-22.974872,-43.693244,19.0,publica,matriculas_2025_proxy,True,23.815174203076957,6.135368347291152,45.90118739054175,25.095746928091685,True
2026,0716804,EDI RODRIGO LOPES (TIKINHO),42.51965395501284,37.56636578834154,24.955531928360635,64.50585307109685,continuante,Pública,EDI,7.0,7.11,Curicica,-22.945659,-43.378626,19.0,publica,matriculas_2025_proxy,True,23.519653955012842,5.955531928360635,45.50585307109685,18.566365788341542,True
2026,1026805,EDI MEDALHISTA OLIMPICO IZAQUIAS QUEIROZ DOS SANTOS,42.47788785368835,36.06417686689016,25.180255867140943,64.11525653470673,continuante,Pública,EDI,10.0,10.25,Guaratiba,-22.942744,-43.582757,120.0,publica,matriculas_2025_proxy,True,-77.52211214631166,-94.81974413285906,-55.88474346529327,-83.93582313310984,False
2026,0833803,EDI FREI ORLANDO,42.46735877490506,35.11468351704735,23.176708680191325,66.75192246915394,continuante,Pública,EDI,8.0,8.14,Vila Militar,-22.859927,-43.390942,24.0,publica,matriculas_2025_proxy,True,18.46735877490506,-0.8232913198086749,42.75192246915394,11.114683517047347,True
2026,1026802,EDI PROFESSOR MARCOS FLAMINIO PORTUGAL PINTO,42.46211369423395,37.874075970099305,24.957970250718965,64.32470575006818,continuante,Pública,EDI,10.0,10.24,Pedra de Guaratiba,-22.981152,-43.644506,73.0,publica,matriculas_2025_proxy,True,-30.53788630576605,-48.042029749281035,-8.675294249931824,-35.125924029900695,False
2026,10009,CP JARDIM ESCOLA ERNESTO FAGUNDES VARELA,42.299394119200656,49.66474145531076,24.9147894272866,64.03745328558281,continuante,Parceira,Creche Parceira,10.0,10.9,SEPETIBA,-22.96847,-43.70721,70.0,parceira,matriculas_2025_proxy,True,-27.700605880799344,-45.0852105727134,-5.962546714417186,-20.33525854468924,False
2026,09039,CP CRECHE COMUNITARIA ESTRELINHA DO SABER,42.26346395252478,33.44372306375149,25.111797416209868,63.72680921003813,continuante,Parceira,Creche Parceira,9.0,9.18,CAMPO GRANDE,-22.93345,-43.56384,50.0,parceira,matriculas_2025_proxy,True,-7.736536047475219,-24.888202583790132,13.726809210038127,-16.55627693624851,False
2026,0411603,CM MORRO DA PAZ,42.2545541201049,39.46606161298809,23.96109761566048,65.18666341024354,continuante,Pública,Creche,4.0,4.19,Praça Do Carmo/Penha,-22.843652,-43.29655,74.0,publica,matriculas_2025_proxy,True,-31.7454458798951,-50.03890238433952,-8.81333658975646,-34.53393838701191,False
2026,0716816,EDI DEBRET,42.090043665927226,43.79126860516249,22.86517937329234,66.30989823688424,continuante,Pública,EDI,7.0,7.1,Vila Valqueire,-22.879869,-43.367359,25.0,publica,matriculas_2025_proxy,True,17.090043665927226,-2.1348206267076613,41.30989823688424,18.791268605162493,True
2026,0411803,EDI MARIA DE LOURDES FERREIRA,41.90131440283463,39.748396094294144,23.854172000213225,64.50123932247328,continuante,Pública,EDI,4.0,4.19,PENHA,-22.84136,-43.288855,40.0,publica,matriculas_2025_proxy,True,1.901314402834629,-16.145827999786775,24.501239322473282,-0.25160390570585633,True
2026,0833801,EDI GESSICA GUEDES PEREIRA,41.89011587480926,35.19192636636864,24.25565029433769,63.98075139874801,continuante,Pública,EDI,8.0,8.2,Realengo,-22.88766,-43.410707,52.0,publica,matriculas_2025_proxy,True,-10.109884125190739,-27.74434970566231,11.980751398748012,-16.80807363363136,False
2026,0833809,EDI PROFESSORA MARIA CECILIA FERREIRA,41.77542748766919,35.00615573520218,24.39545215109149,63.54411262391524,continuante,Pública,EDI,8.0,8.24,Realengo,-22.859369,-43.44396,66.0,publica,matriculas_2025_proxy,True,-24.22457251233081,-41.60454784890851,-2.4558873760847604,-30.993844264797822,False
2026,04013,CP RECANTO DA CRIANCA FELIZ,41.748058089560026,38.52236664548356,23.84703976884754,64.16759368429956,continuante,Parceira,Creche Parceira,4.0,4.11,RAMOS,-22.84581315,-43.24890236,80.0,parceira,matriculas_2025_proxy,True,-38.251941910439974,-56.15296023115246,-15.832406315700439,-41.47763335451644,False
2026,1019810,EDI PROFESSORA ROSELE NICOLAU JORGE COUTINHO,41.46599137978369,43.16678453860175,24.739163422592764,62.388604357868985,continuante,Pública,EDI,10.0,10.12,Santa Cruz,-22.914425,-43.671305,21.0,publica,matriculas_2025_proxy,True,20.465991379783688,3.739163422592764,41.388604357868985,22.166784538601753,True
2026,0918604,CM VERA PACHECO JORDAO,41.34149632953972,33.786853491284575,24.402298733390182,62.554874500931646,continuante,Pública,Creche,9.0,9.21,Campo Grande,-22.914584,-43.58532,24.0,publica,matriculas_2025_proxy,True,17.341496329539723,0.4022987333901824,38.554874500931646,9.786853491284575,True
2026,10070,CP PEDACINHO DO CEU,41.15720753926469,41.39463549955458,24.48369619948406,62.00861558203162,continuante,Parceira,Creche Parceira,10.0,10.15,SANTA CRUZ,-22.93288,-43.65333,45.0,parceira,matriculas_2025_proxy,True,-3.8427924607353106,-20.51630380051594,17.008615582031616,-3.6053645004454182,False
2026,0724808,EDI AMOR,40.85255937094636,32.24471525689057,23.68837994087351,62.42867219363062,continuante,Pública,EDI,7.0,7.28,Recreio dos Bandeirantes,-23.024193,-43.478971,21.0,publica,matriculas_2025_proxy,True,19.85255937094636,2.68837994087351,41.42867219363062,11.244715256890572,True
2026,0204806,EDI IRMA MARGARITA ALARCON,40.693833208323184,34.77352030266545,22.050948551388423,64.230372931164,continuante,Pública,EDI,2.0,2.2,Laranjeiras,-22.931115,-43.190496,45.0,publica,matriculas_2025_proxy,True,-4.306166791676816,-22.949051448611577,19.230372931164,-10.226479697334547,False
2026,04028,CP CRECHE TIA NANE I,40.67149089890352,41.71835893592059,23.3461170138894,62.38722028476931,continuante,Parceira,Creche Parceira,4.0,4.11,RAMOS,-22.84333434,-43.25027488,72.0,parceira,matriculas_2025_proxy,True,-31.32850910109648,-48.6538829861106,-9.612779715230687,-30.28164106407941,False
2026,0107608,CM SAMORA MACHEL,40.63510186276776,32.04254331583658,22.96863808702164,62.73603195589194,continuante,Pública,Creche,1.0,1.2,Benfica,-22.884162,-43.248667,26.0,publica,matriculas_2025_proxy,True,14.635101862767762,-3.0313619129783618,36.73603195589194,6.042543315836582,True
2026,0209606,CM WINNIE MANDELA,40.58862535840679,35.37259035219695,22.63667133173042,63.25899068710005,continuante,Pública,Creche,2.0,2.14,Andaraí - Morro do Andaraí,-22.932545,-43.257283,51.0,publica,matriculas_2025_proxy,True,-10.411374641593213,-28.36332866826958,12.258990687100052,-15.627409647803049,False
2026,1120802,EDI NEUSA MARIA GOULART BRIZOLA,40.56084552631535,38.40794911355804,21.521593214421504,64.60411045980307,continuante,Pública,EDI,11.0,11.5,Bancários - Ilha do Governador,-22.788537,-43.185002,48.0,publica,matriculas_2025_proxy,True,-7.439154473684653,-26.478406785578496,16.604110459803067,-9.59205088644196,False
2026,0918607,CM SONHO FELIZ,40.53217105700462,32.79710903633581,23.86861925878827,61.400905011727545,continuante,Pública,Creche,9.0,9.1,Campo Grande,-22.854592,-43.528906,98.0,publica,matriculas_2025_proxy,True,-57.46782894299538,-74.13138074121173,-36.599094988272455,-65.20289096366419,False
2026,0716601,CM OTAVIO HENRIQUE DE OLIVEIRA,40.48487299254427,38.94965467145861,23.42954558576061,61.86965353107645,continuante,Pública,Creche,7.0,7.22,Jacarepaguá,-22.974934,-43.331015,73.0,publica,matriculas_2025_proxy,True,-32.51512700745573,-49.57045441423939,-11.130346468923548,-34.05034532854139,False
2026,0724809,"EDI UGOCIONE JOSE DE MEDEIROS ""SEU UGO""",40.39703981824128,39.00746541720687,22.556084225253244,62.79795795165937,continuante,Pública,EDI,7.0,7.25,Vargem Pequena,-22.979894,-43.462745,17.0,publica,matriculas_2025_proxy,True,23.397039818241282,5.556084225253244,45.79795795165937,22.007465417206873,True
2026,0918812,EDI PROFESSOR JORGE EUCLIDES PEREIRA NUNES,40.26161340584944,33.25098098886773,23.7645371422644,60.91633081089091,continuante,Pública,EDI,9.0,9.11,Inhoaíba,-22.90191,-43.600159,44.0,publica,matriculas_2025_proxy,True,-3.738386594150562,-20.2354628577356,16.916330810890912,-10.749019011132269,False
2026,09010,CP CRECHE JARDIM ESCOLA RIO DA PRATA,40.16025811999421,34.45733401818245,23.781217385965192,60.66006313177122,continuante,Parceira,Creche Parceira,9.0,9.18,CAMPO GRANDE,-22.9164,-43.5345,127.0,parceira,matriculas_2025_proxy,True,-86.83974188000579,-103.21878261403481,-66.33993686822879,-92.54266598181755,False
2026,09037,CP CRECHE COMUNITARIA AURINA,40.00530229032204,33.97572533062508,23.81191433243754,60.27204840968237,continuante,Parceira,Creche Parceira,9.0,9.18,CAMPO GRANDE,-22.91974,-43.55759,76.0,parceira,matriculas_2025_proxy,True,-35.99469770967796,-52.18808566756246,-15.72795159031763,-42.02427466937492,False
2026,1120601,CM STELLA MARIS,39.96476282268883,29.811487465681797,22.533865765753013,61.80675243742044,continuante,Pública,Creche,11.0,11.1,Ilha do Governador,-22.80497,-43.239865,82.0,publica,matriculas_2025_proxy,True,-42.03523717731117,-59.46613423424699,-20.193247562579558,-52.18851253431821,False
2026,02006,CP CRECHE PRE-ESCOLA COMUNITARIA DOIS IRMAOS,39.94664770224826,43.65325184282498,22.54165359542986,61.66391103736627,continuante,Parceira,Creche Parceira,2.0,2.6,ROCINHA,-22.98736693,-43.24550193,73.0,parceira,matriculas_2025_proxy,True,-33.05335229775174,-50.458346404570136,-11.336088962633731,-29.34674815717502,False
2026,02061,CP CRECHE INSTITUTO MACINTYRE,39.89936831235501,35.48869721619159,21.90067698979649,62.45167324058909,continuante,Parceira,Creche Parceira,2.0,2.3,COPACABANA,-22.98024935,-43.19492368,70.0,parceira,matriculas_2025_proxy,True,-30.10063168764499,-48.099323010203506,-7.548326759410912,-34.51130278380841,False
2026,10020,CP CASA MATERNAL NOSSA SENHORA DE NAZARE,39.728040407001615,40.12612348911334,23.59219799012005,59.913129880477335,continuante,Parceira,Creche Parceira,10.0,10.11,SANTA CRUZ,-22.93204,-43.65063,153.0,parceira,matriculas_2025_proxy,True,-113.27195959299839,-129.40780200987996,-93.08687011952267,-112.87387651088666,False
2026,02042,CP CRECHE SANTA CLARA,39.59576991058177,27.887189853737,20.779378034745527,63.42956666111378,continuante,Parceira,Creche Parceira,2.0,2.1,LARANJEIRAS,-22.93506699,-43.19282147,39.0,parceira,matriculas_2025_proxy,True,0.5957699105817724,-18.220621965254473,24.429566661113782,-11.112810146263001,True
2026,02018,CP FUNDACAO CASA SANTA IGNEZ,39.53929451932916,37.85097128135952,21.94502912511985,61.4371690498773,continuante,Parceira,Creche Parceira,2.0,2.6,GÁVEA,-22.98324602,-43.23881755,94.0,parceira,matriculas_2025_proxy,True,-54.46070548067084,-72.05497087488015,-32.5628309501227,-56.14902871864048,False
2026,0430812,EDI MEDALHISTA OLIMPICO EDER FRANCIS CARBONERA,39.52404662501472,38.82788729138814,22.967346918284324,60.255672004477006,continuante,Pública,EDI,4.0,4.5,Maré,-22.869632,-43.23396,24.0,publica,matriculas_2025_proxy,True,15.52404662501472,-1.0326530817156758,36.255672004477006,14.827887291388137,True
2026,0817613,CM CELIA ALENCAR,39.49194202303627,36.75613687189502,23.112478579027343,60.0089602800482,continuante,Pública,Creche,8.0,8.16,Padre Miguel,-22.875707,-43.441092,36.0,publica,matriculas_2025_proxy,True,3.491942023036273,-12.887521420972657,24.0089602800482,0.7561368718950234,True
2026,0716602,CM TIA TEREZA,39.45037542530867,38.24043209187992,22.604242723690472,60.64686203887908,continuante,Pública,Creche,7.0,7.5,Taquara,-22.910162,-43.371421,31.0,publica,matriculas_2025_proxy,True,8.450375425308671,-8.395757276309528,29.64686203887908,7.240432091879917,True
2026,07017,CP CRECHE RAIMUNDA NONATA DA SILVA,38.89595633374881,31.70249965719114,22.44681219734833,59.561512047716015,continuante,Parceira,Creche Parceira,7.0,7.28,RECREIO DOS BANDEIRANTES,-23.01089,-43.47622,62.0,parceira,matriculas_2025_proxy,True,-23.104043666251187,-39.55318780265167,-2.4384879522839853,-30.29750034280886,False
2026,1019809,EDI PROFESSORA CARMEN FRAGA DE ARAUJO,38.74652708109163,41.17906079524372,23.104762933539348,58.3083096593188,continuante,Pública,EDI,10.0,10.13,Santa Cruz,-22.940353,-43.68028,25.0,publica,matriculas_2025_proxy,True,13.746527081091628,-1.895237066460652,33.3083096593188,16.17906079524372,True
2026,0101604,CM SEMPRE VIDA P. CONQUISTA,38.55558748053137,30.63044188465792,21.87387501072213,59.43585784539872,continuante,Pública,Creche,1.0,1.1,Caju,-22.877834,-43.226418,34.0,publica,matriculas_2025_proxy,True,4.555587480531372,-12.12612498927787,25.435857845398722,-3.3695581153420804,True
2026,0411602,CM TEMPO DE APRENDER,38.43062309559553,36.62008419301439,21.91201241224059,59.113898845869365,continuante,Pública,Creche,4.0,4.19,Penha,-22.840212,-43.288936,32.0,publica,matriculas_2025_proxy,True,6.430623095595529,-10.087987587759411,27.113898845869365,4.620084193014392,True
2026,0430803,EDI PROFESSOR MOACYR DE GOES,38.35925267672491,37.86640557786811,22.39933152009272,58.33014910763836,continuante,Pública,EDI,4.0,4.8,Bonsucesso (Maré),-22.857891,-43.239989,39.0,publica,matriculas_2025_proxy,True,-0.6407473232750931,-16.60066847990728,19.330149107638363,-1.1335944221318925,False
2026,0410603,CM CHICO BENTO,38.02547424923061,41.83939512594223,21.323564057927197,58.99302087178433,continuante,Pública,Creche,4.0,4.3,Benfica,-22.88047,-43.24962,38.0,publica,matriculas_2025_proxy,True,0.025474249230612145,-16.676435942072803,20.99302087178433,3.8393951259422323,True
2026,10053,CP CRECHE COMUNITARIA GENIO DO FUTURO,37.89854978505946,41.25711594123422,22.326984024407142,57.37755011642912,continuante,Parceira,Creche Parceira,10.0,10.1,SANTA CRUZ,-22.98306,-43.68632,279.0,parceira,matriculas_2025_proxy,True,-241.10145021494054,-256.6730159755929,-221.62244988357088,-237.74288405876578,False
2026,0833810,EDI MEDALHISTA OLIMPICO SERGIO DUTRA DOS SANTOS,37.5054130966911,31.052575611084464,21.839479402249808,57.12345899270896,continuante,Pública,EDI,8.0,8.24,Realengo,-22.859013,-43.430526,67.0,publica,matriculas_2025_proxy,True,-29.4945869033089,-45.16052059775019,-9.876541007291038,-35.947424388915536,False
2026,10008,CP CRECHE COMUNITARIA JARDIM ESPERANCA,37.35773768228206,32.63613981111105,22.108439245673843,56.43442877399121,continuante,Parceira,Creche Parceira,10.0,10.11,SANTA CRUZ,-22.92159,-43.60487,113.0,parceira,matriculas_2025_proxy,True,-75.64226231771795,-90.89156075432615,-56.56557122600879,-80.36386018888895,False
2026,10068,CP CRECHE COMUNITARIA TIA NEIDE - GUARATIBA,37.28862537949795,32.75963813267891,22.061850606225185,56.32710667618744,continuante,Parceira,Creche Parceira,10.0,10.28,GUARATIBA,-22.96729,-43.65904,118.0,parceira,matriculas_2025_proxy,True,-80.71137462050206,-95.93814939377481,-61.67289332381256,-85.2403618673211,False
2026,0206605,CM DOUTOR PEDRO BLOCH,37.28351399540769,40.76204610237483,20.92344177079532,57.65385228883112,continuante,Pública,Creche,2.0,2.6,Gávea,-22.981455,-43.240524,59.0,publica,matriculas_2025_proxy,True,-21.716486004592312,-38.07655822920468,-1.3461477111688822,-18.237953897625168,False
2026,07011,CP CRECHE RITA ALEXANDRINA FERREIRA,37.26008964916869,31.42017501280296,21.34672769839598,57.23515925390776,continuante,Parceira,Creche Parceira,7.0,7.28,RECREIO DOS BANDEIRANTES,-23.0096,-43.46302,157.0,parceira,matriculas_2025_proxy,True,-119.73991035083131,-135.65327230160403,-99.76484074609223,-125.57982498719704,False
2026,0918614,CM ZELIA CHAUKE CURI,37.1612747553533,28.94106583367629,22.0596643048066,56.05915941422335,continuante,Pública,Creche,9.0,9.16,Campo Grande,-22.913544,-43.530911,92.0,publica,matriculas_2025_proxy,True,-54.8387252446467,-69.9403356951934,-35.94084058577665,-63.05893416632371,False
2026,03010,CP CRECHE ESCOLA COMUNITARIA MAE SOCIAL,37.03304096303119,39.34633246080119,21.109057733917965,56.99775616821471,continuante,Parceira,Creche Parceira,3.0,3.19,INHAÚMA,-22.85981282,-43.279069,60.0,parceira,matriculas_2025_proxy,True,-22.96695903696881,-38.890942266082035,-3.002243831785293,-20.653667539198807,False
2026,02026,CP CRECHE MONSENHOR FRANCA,36.981007110609326,30.903896318465552,19.00379239428713,59.80364087213212,continuante,Parceira,Creche Parceira,2.0,2.2,CATETE,-22.92696246,-43.18175201,45.0,parceira,matriculas_2025_proxy,True,-8.018992889390674,-25.99620760571287,14.80364087213212,-14.096103681534448,False
2026,09043,CP CRECHE COMUNITARIA RIBEIRO,36.931948623209685,33.20418520119698,21.1621334515982,56.53786942297181,continuante,Parceira,Creche Parceira,9.0,9.8,SENADOR VASCONCELOS,-22.89184,-43.53047,50.0,parceira,matriculas_2025_proxy,True,-13.068051376790315,-28.8378665484018,6.537869422971809,-16.795814798803022,False
2026,0724604,CM EDSON LUIZ,36.8666072333931,36.34738732689891,21.550521617486424,56.10953830094973,continuante,Pública,Creche,7.0,7.24,Itanhangá,-22.989005,-43.297241,43.0,publica,matriculas_2025_proxy,True,-6.133392766606903,-21.449478382513576,13.10953830094973,-6.652612673101089,False
2026,0716824,EDI PROFESSORA TEREZINHA SARAIVA,36.695044971075376,31.383698618197258,21.263215223937834,55.97368006950164,nova_ou_reativada,Pública,EDI,7.0,7.9,Curicica,-22.953416,-43.393608,21.0,publica,matriculas_2025_proxy,True,15.695044971075376,0.26321522393783425,34.97368006950164,10.383698618197258,True
2026,1019632,CM MIRIAM PIRES,36.58830471976672,31.470429692721257,21.690747252262085,55.21478205425405,continuante,Pública,Creche,10.0,10.3,Paciência,-22.888021,-43.635612,101.0,publica,matriculas_2025_proxy,True,-64.41169528023329,-79.30925274773792,-45.78521794574595,-69.52957030727875,False
2026,0107606,CM FRANCISCO ALVES,36.53639792305064,30.41145965538727,20.4417531096537,56.82899338734117,continuante,Pública,Creche,1.0,1.4,Vasco da Gama,-22.889746,-43.23006,72.0,publica,matriculas_2025_proxy,True,-35.46360207694936,-51.5582468903463,-15.171006612658829,-41.58854034461273,False
2026,0330601,CM JOSE DE VIEIRA DA SILVA,36.38311543171555,36.04047186378503,20.709435369923654,56.02759232486487,continuante,Pública,Creche,3.0,3.23,Complexo do Alemão - Ramos,-22.861757,-43.270948,50.0,publica,matriculas_2025_proxy,True,-13.616884568284448,-29.290564630076346,6.0275923248648695,-13.95952813621497,False
2026,1019802,EDI LARISSA DOS SANTOS ATANAZIO,36.346708338017976,35.69091235138579,21.54009458223529,54.86408238592957,continuante,Pública,EDI,10.0,10.17,PACIÊNCIA,-22.921659,-43.645341,25.0,publica,matriculas_2025_proxy,True,11.346708338017976,-3.459905417764709,29.86408238592957,10.69091235138579,True
2026,0918618,CM ESPERANCA DA VILA SAO JORGE,36.01612283075677,32.033183451449545,21.263811274140732,54.45437013182798,continuante,Pública,Creche,9.0,9.14,Cosmos,-22.914253,-43.606667,29.0,publica,matriculas_2025_proxy,True,7.016122830756771,-7.736188725859268,25.45437013182798,3.0331834514495455,True
2026,0101606,CM QUINTA DO CAJU,35.98916708007211,30.092258058150527,20.39786592790216,55.57256559589008,continuante,Pública,Creche,1.0,1.1,Caju,-22.875318,-43.211624,73.0,publica,matriculas_2025_proxy,True,-37.01083291992789,-52.60213407209784,-17.427434404109917,-42.90774194184947,False
2026,10074,CP CRECHE MUNDO MAGICO II,35.92872666866685,31.22245093386932,21.2971107046042,54.22226264576462,continuante,Parceira,Creche Parceira,10.0,10.13,PACIÊNCIA,-22.88981,-43.63757,120.0,parceira,matriculas_2025_proxy,True,-84.07127333133315,-98.7028892953958,-65.77773735423537,-88.77754906613067,False
2026,0716815,EDI EVARISTO DA VEIGA,35.91761925931319,33.41131183422181,19.138590319713067,57.31657263762692,continuante,Pública,EDI,7.0,7.2,Praça Seca,-22.890918,-43.349861,48.0,publica,matriculas_2025_proxy,True,-12.082380740686808,-28.861409680286933,9.31657263762692,-14.588688165778187,False
2026,0430604,CM MONTEIRO LOBATO,35.802411473711814,35.097981237799544,20.786905199530366,54.59719789590697,continuante,Pública,Creche,4.0,4.8,Bonsucesso,-22.856316,-43.243106,17.0,publica,matriculas_2025_proxy,True,18.802411473711814,3.7869051995303664,37.59719789590697,18.097981237799544,True
2026,03005,CP COLEGIO RUTH SANT ANNA / JARDIM DE INFANCIA CIRANDA CIRANDINHA,35.75863497200153,30.256048152319195,19.406400123943342,56.18504743885147,continuante,Parceira,Creche Parceira,3.0,3.4,MÉIER,-22.89612162,-43.26963723,109.0,parceira,matriculas_2025_proxy,True,-73.24136502799847,-89.59359987605666,-52.81495256114853,-78.7439518476808,False
2026,02063,CP CRECHE ANJOS DO BEM,35.67533711130767,22.85398136990573,19.41415126163613,56.09412424549272,continuante,Parceira,Creche Parceira,2.0,2.14,GRAJAÚ,-22.92057761,-43.25421313,38.0,parceira,matriculas_2025_proxy,True,-2.3246628886923304,-18.58584873836387,18.094124245492722,-15.146018630094272,False
2026,10083,CP CRECHE COMUNITARIA CRISTA CORDEIRINHO DE CRISTO,35.62221894054313,34.42387230018232,21.16030847563639,53.70062807363061,continuante,Parceira,Creche Parceira,10.0,10.18,GUARATIBA,-22.95184,-43.60696,40.0,parceira,matriculas_2025_proxy,True,-4.377781059456872,-18.83969152436361,13.700628073630611,-5.5761276998176825,False
2026,02031,CP CENTRO COMUNITARIO ALEGRIA DAS CRIANCAS,35.52511307761583,44.84057025405308,19.860918993234225,55.17073779710935,continuante,Parceira,Creche Parceira,2.0,2.6,ROCINHA,-22.99096626,-43.24934773,88.0,parceira,matriculas_2025_proxy,True,-52.47488692238417,-68.13908100676578,-32.82926220289065,-43.15942974594692,False
2026,1019630,CM ESTRELA DALVA,35.406255884679055,36.6115233060315,21.099630112015912,53.3020235431339,continuante,Pública,Creche,10.0,10.6,Santa Cruz,-22.911519,-43.667708,22.0,publica,matriculas_2025_proxy,True,13.406255884679055,-0.9003698879840876,31.3020235431339,14.6115233060315,True
2026,0918801,EDI BIANCA ROCHA TAVARES,35.30735571745318,30.377094297151533,20.911174262620445,53.30215525360359,continuante,Pública,EDI,9.0,9.23,Cosmos,-22.917448,-43.618065,60.0,publica,matriculas_2025_proxy,True,-24.692644282546823,-39.08882573737955,-6.697844746396413,-29.622905702848467,False
2026,0514604,CM ESTRELINHA DOURADA,35.29650521521489,31.580259599795227,20.34280519117313,54.01474819943808,continuante,Pública,Creche,5.0,5.4,Irajá,-22.824322,-43.326431,23.0,publica,matriculas_2025_proxy,True,12.296505215214893,-2.657194808826869,31.01474819943808,8.580259599795227,True
2026,1120602,CM CORA CORALINA,35.266456891066376,29.36977406546788,17.98094004315269,56.971716029931805,continuante,Pública,Creche,11.0,11.4,Ilha do Governador,-22.796641,-43.190965,77.0,publica,matriculas_2025_proxy,True,-41.733543108933624,-59.019059956847315,-20.028283970068195,-47.63022593453212,False
2026,10013,CP ESCOLA COMUNITARIA ENCANTO DE MARIA,35.194721778483725,37.82398121699482,19.887818162430545,54.25101484714637,continuante,Parceira,Creche Parceira,10.0,10.11,SANTA CRUZ,-22.98837,-43.63944,66.0,parceira,matriculas_2025_proxy,True,-30.805278221516275,-46.11218183756945,-11.748985152853628,-28.176018783005183,False
2026,1019804,EDI PROFESSORA MARIA LUIZA JOBIM DE QUEIROZ,35.152148852068535,35.87095978032493,20.64075520425733,53.28009250453503,continuante,Pública,EDI,10.0,10.23,Sepetiba,-22.97679,-43.694065,22.0,publica,matriculas_2025_proxy,True,13.152148852068535,-1.3592447957426685,31.280092504535027,13.870959780324931,True
2026,03017,CP CRECHE TERNURINHA,35.1455130108864,26.829649785124975,19.55134846901789,54.636284205204674,continuante,Parceira,Creche Parceira,3.0,3.3,LINS DE VASCONCELOS,-22.91426861,-43.27635515,41.0,parceira,matriculas_2025_proxy,True,-5.854486989113603,-21.44865153098211,13.636284205204674,-14.170350214875025,False
2026,0918829,EDI RUBEM AZEVEDO ALVES,35.12073163260048,29.468878721730665,20.781660713658063,53.071202799327885,continuante,Pública,EDI,9.0,9.9,Inhoaíba,-22.89705,-43.5925,51.0,publica,matriculas_2025_proxy,True,-15.879268367399519,-30.218339286341937,2.071202799327885,-21.531121278269335,False
2026,03004,CP CENTRO COMUNITARIO NOSSA SENHORA APARECIDA - CRECHE,34.94026706286162,30.0492388002327,18.78139461112831,55.09648996315252,continuante,Parceira,Creche Parceira,3.0,3.4,CACHAMBI,-22.89434309,-43.27341272,48.0,parceira,matriculas_2025_proxy,True,-13.059732937138378,-29.21860538887169,7.096489963152521,-17.9507611997673,False
2026,1026602,CM NOSSA SENHORA DA GLORIA,34.78790661773944,33.85467532746901,20.574063770358872,52.55605206781116,continuante,Pública,Creche,10.0,10.27,Pedra de Guaratiba,-22.999508,-43.612145,20.0,publica,matriculas_2025_proxy,True,14.787906617739438,0.5740637703588725,32.55605206781116,13.85467532746901,True
2026,05007,CP CENTRO COMUNITARIO FLOR DO AMANHA,34.727782788030964,33.19058190173223,19.542284356932026,53.79467154647176,continuante,Parceira,Creche Parceira,5.0,5.14,MARECHAL HERMES,-22.84823636,-43.36162723,55.0,parceira,matriculas_2025_proxy,True,-20.272217211969036,-35.45771564306797,-1.2053284535282387,-21.80941809826777,False
2026,03041,CP CENTRO DE DESENVOLVIMENTO INFANTIL ESPELHO D'AGUA,34.704521042622524,38.28338960336154,19.16185754861892,54.1582554719457,continuante,Parceira,Creche Parceira,3.0,3.8,PIEDADE,-22.89043602,-43.3050719,47.0,parceira,matriculas_2025_proxy,True,-12.295478957377476,-27.83814245138108,7.158255471945701,-8.716610396638458,False
2026,0208605,CM TIA MARIA,34.69156977453662,29.16535842349188,19.87295387811275,53.23617556092103,continuante,Pública,Creche,2.0,2.13,Tijuca,-22.943486,-43.24161,33.0,publica,matriculas_2025_proxy,True,1.6915697745366174,-13.12704612188725,20.236175560921033,-3.834641576508119,True
2026,1019803,EDI LARYSSA SILVA MARTINS,34.50366853264412,36.406780624534896,20.558983298081635,51.944747917573736,continuante,Pública,EDI,10.0,10.7,SANTA CRUZ,-22.907539,-43.701722,98.0,publica,matriculas_2025_proxy,True,-63.49633146735588,-77.44101670191836,-46.055252082426264,-61.593219375465104,False
2026,02015,CP CRECHE SANT ANNA,34.23026033634508,23.89606925025204,17.909494865243843,54.923461140175306,continuante,Parceira,Creche Parceira,2.0,2.2,LARANJEIRAS,-22.93862791,-43.19266742,72.0,parceira,matriculas_2025_proxy,True,-37.76973966365492,-54.09050513475616,-17.076538859824694,-48.10393074974796,False
2026,0209604,CM NOVA DIVINEIA,34.22873522793746,27.10658911903346,18.91889020049465,53.412576310958016,continuante,Pública,Creche,2.0,2.14,Grajaú - Morro Nova Divinéia,-22.928893,-43.263875,39.0,publica,matriculas_2025_proxy,True,-4.771264772062537,-20.08110979950535,14.412576310958016,-11.893410880966542,False
2026,02035,CP CENTRO SOCIAL E AI COMO E QUE FICA ?,34.208179533278255,37.4667150924968,19.38671895486002,52.75238788960853,continuante,Parceira,Creche Parceira,2.0,2.6,ROCINHA,-22.99306537,-43.25349939,65.0,parceira,matriculas_2025_proxy,True,-30.791820466721745,-45.613281045139985,-12.247612110391472,-27.5332849075032,False
2026,02012,CP GRUPO COMUNITARIO CRECHE ESCOLA TIA MAURA,34.07923528931112,23.907596136505106,16.514464156237462,56.27800753799253,continuante,Parceira,Creche Parceira,2.0,2.6,SÃO CONRADO,-22.99453304,-43.27299073,68.0,parceira,matriculas_2025_proxy,True,-33.92076471068888,-51.485535843762534,-11.72199246200747,-44.092403863494894,False
2026,0204601,CM TIA AMALIA,33.97200882031697,32.06481676189937,17.454874000207575,55.22403038072074,continuante,Pública,Creche,2.0,2.2,Cosme Velho,-22.941447,-43.205546,30.0,publica,matriculas_2025_proxy,True,3.9720088203169723,-12.545125999792425,25.22403038072074,2.0648167618993725,True
2026,0833802,EDI PROFESSORA ZENA ELIAN,33.75556427107553,28.116638942816508,19.743146234884257,51.30358522133885,continuante,Pública,EDI,8.0,8.15,Realengo,-22.863934,-43.445244,52.0,publica,matriculas_2025_proxy,True,-18.244435728924472,-32.25685376511574,-0.6964147786611505,-23.883361057183492,False
2026,0833805,EDI DEODORO,33.66654932522431,26.787634099563743,18.439600160797383,52.87802851682111,continuante,Pública,EDI,8.0,8.14,Deodoro,-22.855758,-43.389857,22.0,publica,matriculas_2025_proxy,True,11.66654932522431,-3.560399839202617,30.87802851682111,4.787634099563743,True
2026,0208607,CM DOS SONHOS,33.62533193237071,28.155074503301837,18.96424594773288,52.00723802167526,continuante,Pública,Creche,2.0,2.12,Tijuca - Comunidade Chacrinha,-22.926104,-43.220047,40.0,publica,matriculas_2025_proxy,True,-6.374668067629287,-21.03575405226712,12.007238021675263,-11.844925496698163,False
2026,0918834,EDI ENGENHEIRA ELAINE MONSORES PIRES,33.61219880681051,26.666629022948875,20.01106354391335,50.628344229863785,continuante,Pública,EDI,9.0,9.6,Campo Grande,-22.887011,-43.597355,93.0,publica,matriculas_2025_proxy,True,-59.38780119318949,-72.98893645608665,-42.371655770136215,-66.33337097705112,False
2026,1026806,EDI MEDALHISTA OLIMPICO FELIPE ALMEIDA WU,33.45201611318085,30.438577638538877,19.570327096269477,50.78263784380721,continuante,Pública,EDI,10.0,10.24,Guaratiba,-22.983841,-43.645917,72.0,publica,matriculas_2025_proxy,True,-38.54798388681915,-52.42967290373052,-21.21736215619279,-41.561422361461126,False
2026,02013,CP CENTRO DE EDUCACAO INFANTIL CRISTO REDENTOR,33.40546247058325,24.980139922726767,16.4541286948644,55.46692644119145,continuante,Parceira,Creche Parceira,2.0,2.2,COSME VELHO,-22.93992976,-43.20541693,62.0,parceira,matriculas_2025_proxy,True,-28.594537529416748,-45.5458713051356,-6.533073558808553,-37.019860077273236,False
2026,05002,CP CRECHE EFFATA,33.315262319079,29.56788619640051,19.34289774548151,50.8000032975168,continuante,,,,,,,,53.0,parceira,matriculas_2025_proxy,True,-19.684737680921003,-33.65710225451849,-2.1999967024831975,-23.43211380359949,False
2026,0817606,CM MEIMEI,32.814121337575806,31.53949713217681,18.830607279397725,50.33322317632542,continuante,Pública,Creche,8.0,8.15,Padre Miguel,-22.863292,-43.445078,36.0,publica,matriculas_2025_proxy,True,-3.1858786624241944,-17.169392720602275,14.333223176325419,-4.460502867823191,False
2026,0312809,EDI PROFESSORA VALERIA PEREIRA DE SOUZA PINTO,32.72085364399051,32.27624431611161,18.58205551881983,50.44620384836639,continuante,Pública,EDI,3.0,3.21,Bonsucesso,-22.863791,-43.270311,60.0,publica,matriculas_2025_proxy,True,-27.27914635600949,-41.41794448118017,-9.553796151633613,-27.723755683888392,False
2026,10084,CP CRECHE COMUNITARIA AQUARELA DO SABER (GUARATIBA),32.64269707906524,27.31252865079712,19.333443992318912,49.29314147332127,continuante,Parceira,Creche Parceira,10.0,10.18,GUARATIBA,-22.93971992,-43.57756788,56.0,parceira,matriculas_2025_proxy,True,-23.357302920934757,-36.66655600768109,-6.7068585266787295,-28.68747134920288,False
2026,03011,CP CRECHE DO CENTRO PASTORAL SOCIAL PADRE JUSTINO RUSSOLILLO,32.45208608392186,34.509880272928775,18.516826643557422,49.91723524445688,continuante,Parceira,Creche Parceira,3.0,3.19,RAMOS,-22.85847817,-43.2759666,53.0,parceira,matriculas_2025_proxy,True,-20.547913916078137,-34.48317335644258,-3.082764755543117,-18.490119727071225,False
2026,09029,CP INSTITUTO CRECHE DO PAPAI,32.42603918803875,26.20561951234376,19.16466451531185,49.02636914486097,continuante,Parceira,Creche Parceira,9.0,9.18,CAMPO GRANDE,-22.95044,-43.56709,78.0,parceira,matriculas_2025_proxy,True,-45.57396081196125,-58.83533548468815,-28.973630855139028,-51.79438048765624,False
2026,0107601,CM ADALBERTO ISMAEL DE SOUZA,32.28226676397122,24.033196144671475,18.10794709924032,50.11441234245415,continuante,Pública,Creche,1.0,1.3,São Cristóvão,-22.906374,-43.232485,32.0,publica,matriculas_2025_proxy,True,0.2822667639712222,-13.89205290075968,18.114412342454152,-7.966803855328525,True
2026,0622202,CIEP GENERAL AUGUSTO CESAR SANDINO,32.27031198245423,39.156524441326674,17.57984404846679,50.724417075271816,continuante,Pública,CIEP,6.0,6.18,Anchieta,-22.835096,-43.415077,80.0,publica,matriculas_2025_proxy,True,-47.72968801754577,-62.42015595153321,-29.275582924728184,-40.843475558673326,False
2026,10062,CP CENTRO CULTURAL DE DESENVOLVIMENTO INFANTIL JOAO BATISTA,32.24897406763314,28.70985798203207,19.020460450450983,48.78568047820925,continuante,Parceira,Creche Parceira,10.0,10.28,GUARATIBA,-22.97964,-43.66379,106.0,parceira,matriculas_2025_proxy,True,-73.75102593236686,-86.97953954954902,-57.21431952179075,-77.29014201796792,False
2026,10047,CP CENTRO CULTURAL MONTESSORI - SANTA CRUZ,32.22295382622968,33.951982268006695,19.188164296868678,48.52630128333237,continuante,Parceira,Creche Parceira,10.0,10.1,SANTA CRUZ,-22.9059,-43.7084,148.0,parceira,matriculas_2025_proxy,True,-115.77704617377032,-128.81183570313132,-99.47369871666763,-114.0480177319933,False
2026,02058,CP NASCEER - NUCLEO DE ASSIST. SOCIAL CULTURAL EDUC. ECOLOGICO DA ROCINHA,31.933353064382672,42.074252100143774,17.991721267937088,49.407321658794814,continuante,Parceira,Creche Parceira,2.0,2.8,ROCINHA,-22.98785037,-43.24865159,75.0,parceira,matriculas_2025_proxy,True,-43.06664693561733,-57.00827873206291,-25.592678341205186,-32.925747899856226,False
2026,09001,CP CRECHE COMUNITARIA SANTA RITA,31.855504030627017,27.29726112460502,18.862518043120048,48.11268481316579,continuante,Parceira,Creche Parceira,9.0,9.18,CAMPO GRANDE,-22.90951,-43.53293,35.0,parceira,matriculas_2025_proxy,True,-3.144495969372983,-16.137481956879952,13.112684813165792,-7.7027388753949815,False
2026,0313809,EDI ESCULTORA LYGIA CLARK,31.738356719874147,28.522530487841824,15.677061697958374,51.79808631943434,continuante,Pública,EDI,3.0,3.7,Água Santa,-22.90646,-43.313662,48.0,publica,matriculas_2025_proxy,True,-16.261643280125853,-32.32293830204163,3.79808631943434,-19.477469512158176,False
2026,11007,CP CRECHE ESFERA KIDS,31.700483801628152,29.43043517791059,16.554739925970523,50.82830469518848,continuante,Parceira,Creche Parceira,11.0,11.5,ILHA DO GOVERNADOR,-22.79792,-43.17526,77.0,parceira,matriculas_2025_proxy,True,-45.29951619837185,-60.44526007402948,-26.17169530481152,-47.56956482208941,False
2026,10042,CP CICIM II,31.37869636981684,33.886088702643875,18.50695076517524,47.47743555746692,continuante,Parceira,Creche Parceira,10.0,10.9,SEPETIBA,-22.94751,-43.67828,125.0,parceira,matriculas_2025_proxy,True,-93.62130363018316,-106.49304923482475,-77.52256444253308,-91.11391129735613,False
2026,0918810,EDI DOM BOSCO,31.297744042234864,26.46757552277468,18.66264794316586,47.11085406709626,continuante,Pública,EDI,9.0,9.9,Campo Grande,-22.889064,-43.579067,22.0,publica,matriculas_2025_proxy,True,9.297744042234864,-3.3373520568341384,25.110854067096263,4.4675755227746805,True
2026,0833808,EDI PROFESSORA VANUZIA BASTOS DA SILVA,31.0212904940976,26.03977303036636,18.129438467230724,47.168425377524834,continuante,Pública,EDI,8.0,8.24,Realengo,-22.860859,-43.446539,43.0,publica,matriculas_2025_proxy,True,-11.978709505902401,-24.870561532769276,4.168425377524834,-16.96022696963364,False
2026,10001,CP ESCOLA COMUNITARIA JARDIM DE INFANCIA TIA ANASTACIA,30.800761192449485,30.85536202628858,18.134276536031702,46.63985759514465,continuante,Parceira,Creche Parceira,10.0,10.11,SANTA CRUZ,-22.96921,-43.66113,137.0,parceira,matriculas_2025_proxy,True,-106.19923880755051,-118.8657234639683,-90.36014240485535,-106.14463797371141,False
2026,03027,CP CENTRO CULTURAL EDUCAR - UNIDADE IV,30.766537525450055,29.618908303429237,16.698228425583206,48.376298546656166,continuante,Parceira,Creche Parceira,3.0,3.4,MÉIER,-22.89738946,-43.27465889,227.0,parceira,matriculas_2025_proxy,True,-196.23346247454995,-210.3017715744168,-178.62370145334384,-197.38109169657076,False
2026,0103601,CM ESPACO LIVRE DA CRIANCA,30.756211938165517,21.430186719295257,16.718579173771257,48.39896219615536,continuante,Pública,Creche,1.0,1.9,Estácio,-22.916117,-43.203354,21.0,publica,matriculas_2025_proxy,True,9.756211938165517,-4.281420826228743,27.39896219615536,0.4301867192952571,True
2026,0312803,EDI PROFESSORA LUIZA HELENA MAIA MEDEIROS,30.699520809177063,32.64958907120569,17.539108568024304,47.20934022116421,continuante,Pública,EDI,3.0,3.2,Inhaúma,-22.865266,-43.275281,23.0,publica,matriculas_2025_proxy,True,7.699520809177063,-5.460891431975696,24.20934022116421,9.649589071205689,True
2026,02036,CP CRECHE BERCARIO MARIA HELENA DA ROCINHA,30.630437490667024,35.52039702450184,17.420377961077218,47.14446936357343,continuante,Parceira,Creche Parceira,2.0,2.6,ROCINHA,-22.99190871,-43.2508208,86.0,parceira,matriculas_2025_proxy,True,-55.36956250933298,-68.57962203892278,-38.85553063642657,-50.47960297549816,False
2026,0430607,CM PROFESSOR PAULO FREIRE,30.599089228649103,28.306015804160797,17.581571125829058,46.88620959143567,continuante,Pública,Creche,4.0,4.8,Bonsucesso,-22.859501,-43.24005,32.0,publica,matriculas_2025_proxy,True,-1.4009107713508975,-14.418428874170942,14.886209591435673,-3.693984195839203,False
2026,0716806,EDI PROFESSORA EDILIA COELHO GARCIA,30.41806872968229,24.161143205034666,17.5276464687155,46.5646307108142,continuante,Pública,EDI,7.0,7.4,Taquara,-22.912042,-43.419526,49.0,publica,matriculas_2025_proxy,True,-18.58193127031771,-31.4723535312845,-2.4353692891858003,-24.838856794965334,False
2026,02005,CP ESCOLA COMUNITARIA DO CANTAGALO,30.255048675364904,26.25256380287763,16.340797328333462,47.69121069508312,continuante,Parceira,Creche Parceira,2.0,2.3,COPACABANA,-22.98210005,-43.19621238,72.0,parceira,matriculas_2025_proxy,True,-41.744951324635096,-55.659202671666534,-24.30878930491688,-45.74743619712237,False
2026,1120604,CM MARIA ARMINDA F. SOUZA AGUIAR,30.181244663270316,28.031466334176116,15.955467604723324,48.1345848834089,continuante,Pública,Creche,11.0,11.5,Ilha do Governador,-22.786565,-43.186716,56.0,publica,matriculas_2025_proxy,True,-25.818755336729684,-40.044532395276676,-7.865415116591102,-27.968533665823884,False
2026,0328601,CM GERALDA DE JESUS ALEIXO,30.012730460056986,21.35689490204298,15.862578672837513,47.57043630741533,continuante,Pública,Creche,3.0,3.12,Jacarezinho,-22.885812,-43.254144,33.0,publica,matriculas_2025_proxy,True,-2.9872695399430143,-17.137421327162485,14.570436307415328,-11.643105097957019,False
2026,0625813,EDI PROFESSORA GRACILIA ROSA DE BELEM MAYOR,29.903836814468804,22.69712382481727,17.188083251827805,45.82035207737013,continuante,Pública,EDI,6.0,6.5,Pavuna,-22.812382,-43.364913,0.0,publica,matriculas_2025_proxy,True,29.903836814468804,17.188083251827805,45.82035207737013,22.69712382481727,True
2026,1019613,CM DJANIRA MARIA RAMOS,29.597006842892878,29.03396226586673,17.54367300599211,44.67313276767123,continuante,Pública,Creche,10.0,10.17,Paciência,-22.926768,-43.641091,25.0,publica,matriculas_2025_proxy,True,4.597006842892878,-7.456326994007888,19.673132767671227,4.03396226586673,True
2026,0312810,EDI MARIA MAZZETTI,29.533646393750047,25.19666010918698,16.33582049539617,46.02475378547806,continuante,Pública,EDI,3.0,3.17,Tomás Coelho,-22.862818,-43.306177,22.0,publica,matriculas_2025_proxy,True,7.533646393750047,-5.66417950460383,24.02475378547806,3.196660109186979,True
2026,08022,CP ASSOCIACAO CRECHE ESPERANCA - MAGALHAES BASTOS,29.44392942188464,22.82899743463006,15.1997210316338,47.68810922704928,continuante,,,,,,,,,,matriculas_2025_proxy,False,,,,,
2026,0313804,EDI GEORGE BERNANOS,29.193949240834066,24.80821330931404,15.633380595165209,46.11855394768269,continuante,Pública,EDI,3.0,3.1,Cachambi,-22.892515,-43.276286,23.0,publica,matriculas_2025_proxy,True,6.1939492408340655,-7.3666194048347915,23.118553947682692,1.8082133093140413,True
2026,1019828,EDI MEDALHISTA OLIMPICO ERLON DE SOUZA SILVA,29.17705574763533,30.10651798009653,17.37725458093666,43.93391034502464,continuante,Pública,EDI,10.0,10.15,Santa Cruz,-22.934045,-43.659561,72.0,publica,matriculas_2025_proxy,True,-42.82294425236467,-54.622745419063335,-28.066089654975357,-41.89348201990347,False
2026,08003,CP CRECHE CRIANCA JABOUR,29.161338361248237,26.04507579738293,16.99223438601546,45.29041600648927,continuante,Parceira,Creche Parceira,8.0,8.8,JABOUR,-22.87855,-43.49396,77.0,parceira,matriculas_2025_proxy,True,-47.83866163875176,-60.00776561398454,-31.709583993510734,-50.95492420261707,False
2026,09002,CP CRECHE SAGRADA FAMILIA,29.001424285930543,24.84102096712296,17.17431731261021,43.792786644171485,continuante,Parceira,Creche Parceira,9.0,9.18,CAMPO GRANDE,-22.90369,-43.53572,34.0,parceira,matriculas_2025_proxy,True,-4.998575714069457,-16.82568268738979,9.792786644171485,-9.158979032877038,False
2026,0411802,EDI JOEL LUIZ DE AZEVEDO BASTOS,28.95018811732524,26.561412207314323,16.39280819586766,44.69659781374168,continuante,Pública,EDI,4.0,4.19,Penha,-22.846748,-43.297816,59.0,publica,matriculas_2025_proxy,True,-30.04981188267476,-42.60719180413234,-14.303402186258317,-32.43858779268568,False
2026,0918605,CM SEMPRE VIDA PROFESSORA EUGENIA MARIA VELOSO MARCHESE,28.92979405021005,23.72261730147771,17.082724381777,43.76397565626849,continuante,Pública,Creche,9.0,9.9,Inhoaíba,-22.896822,-43.592565,36.0,publica,matriculas_2025_proxy,True,-7.070205949789951,-18.917275618223,7.763975656268492,-12.277382698522288,False
2026,02057,CP CENTRO EDUCACIONAL ESPERANCA,28.79939737654292,22.945667436773878,15.72952926108912,45.1915932307616,continuante,Parceira,Creche Parceira,2.0,2.11,ALTO DA BOA VISTA,-22.94728841,-43.24453566,50.0,parceira,matriculas_2025_proxy,True,-21.20060262345708,-34.27047073891088,-4.8084067692384025,-27.054332563226122,False
2026,0724805,EDI TRISTAO DE ATHAYDE,28.736487967962415,25.376961015537184,15.897102041159698,44.79276663892982,continuante,Pública,EDI,7.0,7.22,Barra da Tijuca,-23.002962,-43.375805,21.0,publica,matriculas_2025_proxy,True,7.736487967962415,-5.102897958840302,23.79276663892982,4.376961015537184,True
2026,0918609,CM ADELIA VIEIRA,28.574384074016248,24.28954295922149,17.005467659614975,43.05404202916711,continuante,Pública,Creche,9.0,9.9,Inhoaíba - Campo Grande,-22.888013,-43.587225,14.0,publica,matriculas_2025_proxy,True,14.574384074016248,3.0054676596149754,29.054042029167107,10.289542959221489,True
2026,10040,CP CICIM I,28.507169159972413,26.537467972261616,16.495974141712896,43.5364626862146,continuante,Parceira,Creche Parceira,10.0,10.9,SEPETIBA,-23.00534,-43.62616,200.0,parceira,matriculas_2025_proxy,True,-171.49283084002758,-183.5040258582871,-156.4635373137854,-173.46253202773838,False
2026,05009,CP ASSOCIACAO CRECHE ESPERANCA - IRAJA,28.361250409539164,22.065297980656915,14.627632206220866,45.939526575030925,continuante,,,,,,,,,,matriculas_2025_proxy,False,,,,,
2026,10024,CP CRECHE COMUNITARIA MUNDO ENCANTADO DA CRIANCA,28.142140925421668,29.08069452613393,16.70803840796081,42.446289175891984,continuante,Parceira,Creche Parceira,10.0,10.11,SANTA CRUZ,-22.90224,-43.72044,140.0,parceira,matriculas_2025_proxy,True,-111.85785907457833,-123.29196159203919,-97.55371082410801,-110.91930547386607,False
2026,0817809,EDI REPUBLICA ARABE UNIDA,27.905032418162502,25.721556081992738,16.487290449329073,42.195149722395406,continuante,Pública,EDI,8.0,8.8,Bangu,-22.875856,-43.468583,0.0,publica,matriculas_2025_proxy,True,27.905032418162502,16.487290449329073,42.195149722395406,25.721556081992738,True
2026,0817802,EDI PROFESSOR REINALDO JOSE DE ARAGAO BARBOSA,27.897240552872017,22.791901375118204,16.47340829081705,42.214322073048415,continuante,Pública,EDI,8.0,8.25,Bangu,-22.849625,-43.464005,45.0,publica,matriculas_2025_proxy,True,-17.102759447127983,-28.52659170918295,-2.7856779269515854,-22.208098624881796,False
2026,10080,CP ASSOCIACAO CENTRO EDUCACIONAL REBRAL XII (GUARATIBA),27.518695060309405,28.574251794135776,15.292690097937529,42.71407243468832,continuante,Parceira,Creche Parceira,10.0,10.27,PEDRA DE GUARATIBA,-22.98236646,-43.65473281,117.0,parceira,matriculas_2025_proxy,True,-89.4813049396906,-101.70730990206248,-74.28592756531168,-88.42574820586422,False
2026,0716610,CM TIA MALU,26.75715726230028,23.876832222149204,15.50592397554376,40.86740439805459,continuante,Pública,Creche,7.0,7.8,Taquara,-22.918418,-43.410069,18.0,publica,matriculas_2025_proxy,True,8.757157262300279,-2.4940760244562394,22.86740439805459,5.876832222149204,True
2026,0431606,CM VISCONDE DE SABUGOSA,26.734506184575167,24.15444188473286,15.205113269332356,41.163740022613496,continuante,Pública,Creche,4.0,4.25,Jardim América,-22.804345,-43.331531,50.0,publica,matriculas_2025_proxy,True,-23.265493815424833,-34.79488673066764,-8.836259977386504,-25.84555811526714,False
2026,0430806,EDI CLEIA SANTOS DE OLIVEIRA,26.557312059943555,24.448375163981886,15.175051803057112,40.80293086999033,continuante,Pública,EDI,4.0,4.7,Bonsucesso,-22.854283,-43.241914,22.0,publica,matriculas_2025_proxy,True,4.5573120599435555,-6.824948196942888,18.802930869990327,2.4483751639818863,True
2026,0514603,CM AMALIA FERNANDEZ CONDE,26.462145092032515,23.88271007114733,15.168755603869991,40.59914901412832,continuante,Pública,Creche,5.0,5.3,Irajá,-22.821755,-43.321511,12.0,publica,matriculas_2025_proxy,True,14.462145092032515,3.1687556038699913,28.599149014128322,11.88271007114733,True
2026,0817618,CM JANETE CLAIR,26.36757882036443,24.100079633798085,15.372521370709528,40.1593705445711,continuante,Pública,Creche,8.0,8.13,Santíssimo,-22.877426,-43.499731,80.0,publica,matriculas_2025_proxy,True,-53.63242117963557,-64.62747862929047,-39.8406294554289,-55.89992036620191,False
2026,1120804,EDI PROFESSORA ANNA MARIA JESUS CONCEICAO,26.3405419570649,24.61373826423032,13.900961182350365,42.046175904497694,continuante,Pública,EDI,11.0,11.5,Ilha do Governador,-22.787578,-43.175142,61.0,publica,matriculas_2025_proxy,True,-34.6594580429351,-47.099038817649635,-18.953824095502306,-36.38626173576968,False
2026,0208803,EDI BOREL,26.23700488544622,18.367433948729342,14.7827079216441,40.5620230678974,continuante,Pública,EDI,2.0,2.11,Tijuca,-22.940985,-43.25352,33.0,publica,matriculas_2025_proxy,True,-6.762995114553782,-18.2172920783559,7.5620230678974,-14.632566051270658,False
2026,0817202,CIEP AMILCAR CABRAL,26.04428280221917,21.55745530000621,15.35976771162547,39.436288631784805,continuante,Pública,CIEP,8.0,8.9,Bangu,-22.894122,-43.472616,48.0,publica,matriculas_2025_proxy,True,-21.95571719778083,-32.640232288374534,-8.563711368215195,-26.44254469999379,False
2026,0515601,CM OLGA BENARIO,25.70164763165813,23.21955957795817,14.36734600594172,39.99709693532776,continuante,Pública,Creche,5.0,5.1,Rocha Miranda,-22.853399,-43.339342,14.0,publica,matriculas_2025_proxy,True,11.70164763165813,0.3673460059417195,25.99709693532776,9.219559577958169,True
2026,0206603,CM JACO INACIO GOMES,25.66828793603829,17.707942815618267,12.180556494958832,42.66355855551674,continuante,Pública,Creche,2.0,2.1,São Conrado,-22.994354,-43.270922,40.0,publica,matriculas_2025_proxy,True,-14.33171206396171,-27.819443505041168,2.6635585555167367,-22.292057184381733,False
2026,0918811,EDI ISABEL,25.09467937057437,20.56674703397128,14.79060711454442,38.004067196574944,continuante,Pública,EDI,9.0,9.14,Inhoaíba,-22.910324,-43.585815,3.0,publica,matriculas_2025_proxy,True,22.09467937057437,11.79060711454442,35.004067196574944,17.56674703397128,True
2026,0625807,EDI FROTA PESSOA,24.84795297454332,20.019194132564827,14.158305481274724,38.24910065835429,continuante,Pública,EDI,6.0,6.8,Costa Barros,-22.823909,-43.373274,0.0,publica,matriculas_2025_proxy,True,24.84795297454332,14.158305481274724,38.24910065835429,20.019194132564827,True
2026,1019614,CM INSPETOR HERALDO CARVALHO DE SOUSA,24.841242192652132,21.410354019431523,14.687721591017848,37.54137954175405,continuante,Pública,Creche,10.0,10.1,Santa Cruz,-22.874263,-43.631461,82.0,publica,matriculas_2025_proxy,True,-57.15875780734787,-67.31227840898215,-44.45862045824595,-60.58964598056848,False
2026,0515610,CM SEMPRE VIDA PALMEIRINHA,24.806606606401683,24.24405159665709,13.964058590947738,38.42198877587315,continuante,Pública,Creche,5.0,6.16,Honório Gurgel,-22.849063,-43.363966,17.0,publica,matriculas_2025_proxy,True,7.806606606401683,-3.0359414090522616,21.421988775873153,7.244051596657091,True
2026,0410602,CM DR. JUVENIL DE SOUZA LOPES,24.36593486547891,27.452956963114605,14.009883377549588,37.37576033202467,continuante,Pública,Creche,4.0,4.12,Bonsucesso,-22.855554,-43.253675,0.0,publica,matriculas_2025_proxy,True,24.36593486547891,14.009883377549588,37.37576033202467,27.452956963114605,True
2026,10030,CP INSTITUTO AVELINO - GUARATIBA,24.363590702001247,21.595701442955416,14.40291848350324,36.81543770700566,continuante,Parceira,Creche Parceira,10.0,10.28,PEDRA DE GUARATIBA,-22.97091,-43.65353,142.0,parceira,matriculas_2025_proxy,True,-117.63640929799875,-127.59708151649676,-105.18456229299434,-120.40429855704458,False
2026,08027,CP CENTRO EDUCACIONAL MUNDO DA MONICA,24.30989535709064,20.137608153251165,14.320241225143704,36.82989246354934,continuante,Parceira,Creche Parceira,8.0,8.8,BANGU,-22.89334,-43.46445,18.0,parceira,matriculas_2025_proxy,True,6.309895357090639,-3.679758774856296,18.829892463549342,2.137608153251165,True
2026,0209605,CM SAO SEBASTIAO - ARRELIA,24.14313766752555,21.416064372333032,13.536862013962017,37.49872530750943,continuante,Pública,Creche,2.0,2.14,Andaraí,-22.936518,-43.261847,41.0,publica,matriculas_2025_proxy,True,-16.85686233247445,-27.463137986037985,-3.5012746924905684,-19.583935627666968,False
2026,0206601,CM DOUTOR SOBRAL PINTO,23.987166829717545,22.75938416258115,13.331721812685505,37.35139428374297,continuante,Pública,Creche,2.0,2.5,Vidigal,-22.996197,-43.245549,41.0,publica,matriculas_2025_proxy,True,-17.012833170282455,-27.668278187314495,-3.6486057162570305,-18.24061583741885,False
2026,0102802,EDI CAMPOS SALLES,23.901937595353424,17.737702120560968,12.781007499807346,37.78160626756298,continuante,Pública,EDI,1.0,1.7,Centro,-22.908079,-43.186536,0.0,publica,matriculas_2025_proxy,True,23.901937595353424,12.781007499807346,37.78160626756298,17.737702120560968,True
2026,0515803,EDI PIO XII,23.69996584144124,27.83226558131713,12.97949723841416,37.335428628185504,continuante,Pública,EDI,5.0,5.11,Rocha Miranda,-22.845923,-43.351168,0.0,publica,matriculas_2025_proxy,True,23.69996584144124,12.97949723841416,37.335428628185504,27.83226558131713,True
2026,1026811,EDI GERMANO THOME DE OLIVEIRA,23.470183965641745,23.206637996127206,13.863436009543882,35.47460325968636,continuante,Pública,EDI,10.0,10.27,Guaratiba,-22.986274,-43.628916,22.0,publica,matriculas_2025_proxy,True,1.4701839656417448,-8.136563990456118,13.474603259686361,1.2066379961272062,True
2026,02032,CP PATRONATO OPERARIO DA GAVEA,23.45800807139986,19.140167827325275,11.279755279495316,39.05788340414233,continuante,Parceira,Creche Parceira,2.0,2.4,GÁVEA,-22.96510697,-43.21660085,69.0,parceira,matriculas_2025_proxy,True,-45.54199192860014,-57.72024472050468,-29.94211659585767,-49.85983217267473,False
2026,0817604,CM DRAMATURGO ALFREDO DE FREITAS DIAS GOMES,23.33482422521084,19.207656506074272,13.74754849381862,35.35423722096024,continuante,Pública,Creche,8.0,8.26,Bangu,-22.843664,-43.467732,30.0,publica,matriculas_2025_proxy,True,-6.665175774789159,-16.25245150618138,5.354237220960243,-10.792343493925728,False
2026,0817805,EDI RAFAEL PEREIRA DA SILVA,23.21957259252335,21.71003019532336,13.37510488451232,35.55782363466206,continuante,Pública,EDI,8.0,8.25,Bangu,-22.857179,-43.453549,44.0,publica,matriculas_2025_proxy,True,-20.78042740747665,-30.624895115487682,-8.442176365337943,-22.28996980467664,False
2026,02052,CP CRECHE CASA SANTA MARTA,23.21146140786206,17.446287129585833,12.088632873275024,37.43021403674062,continuante,Parceira,Creche Parceira,2.0,2.1,BOTAFOGO,-22.94853774,-43.19249665,89.0,parceira,matriculas_2025_proxy,True,-65.78853859213794,-76.91136712672497,-51.56978596325938,-71.55371287041416,False
2026,08017,CP ASSOCIACAO CRECHE ESPERANCA - REALENGO,22.974488350513266,17.78196928703001,11.865865606198236,37.202671015579554,continuante,,,,,,,,,,matriculas_2025_proxy,False,,,,,
2026,0918610,CM ESPERANCA DO AMANHA,22.867530680956783,20.46062739171691,13.5008964922344,34.57320423001552,continuante,Pública,Creche,9.0,9.13,Cosmos,-22.903307,-43.618239,16.0,publica,matriculas_2025_proxy,True,6.867530680956783,-2.4991035077656,18.57320423001552,4.460627391716908,True
2026,0209603,CM GALDINO MANOEL DA SILVA,22.78377906370369,19.297347925345136,12.680738964195282,35.52771179221676,continuante,Pública,Creche,2.0,2.14,Andaraí - Jamelão,-22.933066,-43.260764,33.0,publica,matriculas_2025_proxy,True,-10.21622093629631,-20.31926103580472,2.5277117922167633,-13.702652074654864,False
2026,0515804,EDI FERNAO DIAS,22.388383911981965,28.371373857865,12.136155978804286,35.24160331340524,continuante,Pública,EDI,5.0,5.14,Marechal Hermes,-22.857065,-43.373658,0.0,publica,matriculas_2025_proxy,True,22.388383911981965,12.136155978804286,35.24160331340524,28.371373857865,True
2026,0918602,CM VITORIA DA PAZ,22.04134938871344,18.63338852246428,12.988022262213455,33.376240783714465,continuante,Pública,Creche,9.0,9.22,Inhoaíba,-22.919706,-43.601994,45.0,publica,matriculas_2025_proxy,True,-22.95865061128656,-32.011977737786545,-11.623759216285535,-26.36661147753572,False
2026,0209803,EDI PROFESSORA SUELY DE PINHO CAVALCANTE,21.61330285806944,15.573949584756503,11.884379516677338,33.80330166691398,continuante,Pública,EDI,2.0,2.17,Vila Isabel,-22.914416,-43.259923,23.0,publica,matriculas_2025_proxy,True,-1.3866971419305614,-11.115620483322662,10.803301666913981,-7.4260504152434965,False
2026,0918821,EDI PROFESSORA ENYR PORTILHO DE AVELLAR,21.386433124184723,18.43996216938706,12.612875560538903,32.37217459832566,continuante,Pública,EDI,9.0,9.1,Campo Grande,-22.859155,-43.536614,60.0,publica,matriculas_2025_proxy,True,-38.61356687581528,-47.3871244394611,-27.627825401674343,-41.56003783061294,False
2026,0430605,CM NOVA HOLANDA,21.35316037055994,20.203878379651467,12.204911081800285,32.817271473371605,continuante,Pública,Creche,4.0,4.7,Bonsucesso,-22.854467,-43.242888,20.0,publica,matriculas_2025_proxy,True,1.3531603705599409,-7.795088918199715,12.817271473371605,0.20387837965146716,True
2026,06018,CP ASSOCIACAO CRECHE ESPERANCA - COELHO NETO,21.26484914217546,16.610676958711696,10.953758762419886,34.47668595604053,continuante,,,,,,,,,,matriculas_2025_proxy,False,,,,,
2026,1019615,CM MARCOLINA,21.081703966875228,21.726238493232195,12.552620715068656,31.75033202378479,continuante,Pública,Creche,10.0,10.15,Santa Cruz,-22.929635,-43.662555,14.0,publica,matriculas_2025_proxy,True,7.081703966875228,-1.447379284931344,17.75033202378479,7.726238493232195,True
2026,0817610,CM SEMPRE VIDA FAZENDA COQUEIROS,20.86057697669552,19.5669701523056,12.227931712147868,31.68763559790046,continuante,Pública,Creche,8.0,8.22,Senador Camará,-22.869579,-43.502876,41.0,publica,matriculas_2025_proxy,True,-20.13942302330448,-28.772068287852132,-9.31236440209954,-21.4330298476944,False
2026,1019831,EDI PROFESSORA MARIA MESQUITA DE SIQUEIRA,20.722939778576976,20.498832377419884,12.290497305944715,31.2716389124026,continuante,Pública,EDI,10.0,10.2,Santa Cruz,-22.882892,-43.660717,97.0,publica,matriculas_2025_proxy,True,-76.27706022142303,-84.70950269405529,-65.72836108759739,-76.50116762258011,False
2026,0430813,EDI ARMANDO DE SALLES OLIVEIRA,20.704840598368012,20.2808134165458,11.673624441128345,32.03553934524477,continuante,Pública,EDI,4.0,4.11,Ramos,-22.841106,-43.250621,23.0,publica,matriculas_2025_proxy,True,-2.295159401631988,-11.326375558871655,9.035539345244771,-2.7191865834541993,False
2026,0918813,EDI PROFESSOR MARCO ALTINO DE OLIVEIRA,20.35983821678587,16.19641101207163,11.989797221497732,30.841978031302236,continuante,Pública,EDI,9.0,9.1,Carobinha -Campo Grande,-22.847942,-43.527432,74.0,publica,matriculas_2025_proxy,True,-53.640161783214126,-62.01020277850227,-43.15802196869777,-57.80358898792837,False
2026,11010,CP CHALE SEMENTINHA (ILHA DO GOVERNADOR),20.346330829912155,16.09155742312648,10.441788289345244,33.05295854742083,continuante,,,,,,,,,,matriculas_2025_proxy,False,,,,,
2026,1019821,EDI PROFESSORA SOLANGE INACIA DE SA DE LACERDA,20.1641157494762,21.186153371203936,12.004735561821128,30.369730353836232,continuante,Pública,EDI,10.0,10.7,Santa Cruz,-22.903523,-43.707845,55.0,publica,matriculas_2025_proxy,True,-34.835884250523804,-42.99526443817887,-24.630269646163768,-33.813846628796064,False
2026,07043,CP ESPACO DE EDUCACAO INFANTIL PEQUENO APRENDIZ,20.074472614091054,15.428824204417404,10.389552120015937,32.46798736408996,continuante,Parceira,Creche Parceira,7.0,7.25,VARGEM PEQUENA,-22.98893,-43.44052,68.0,parceira,matriculas_2025_proxy,True,-47.92552738590895,-57.610447879984065,-35.53201263591004,-52.5711757955826,False
2026,1019815,EDI JOAO CORREA,19.96373506698951,19.60649041165452,11.816441622493183,30.151093624868423,continuante,Pública,EDI,10.0,10.5,Paciência,-22.916108,-43.651918,0.0,publica,matriculas_2025_proxy,True,19.96373506698951,11.816441622493183,30.151093624868423,19.60649041165452,True
2026,0918603,CM SEMPRE VIDA ELZA RABELO DE ANDRADE,19.873374145929866,19.19761897799844,11.756106368233349,30.023619149402894,continuante,Pública,Creche,9.0,9.23,Cosmos,-22.918605,-43.621346,19.0,publica,matriculas_2025_proxy,True,0.8733741459298656,-7.243893631766651,11.023619149402894,0.19761897799844164,True
2026,11009,CP CRECHE COMUNITARIA IRMA MOROCHA (CCIM),19.74100617114756,17.483847030167325,10.326502225502296,31.612052428128592,continuante,Parceira,Creche Parceira,11.0,11.1,FREGUESIA (ILHA DO GOV.),-22.78936,-43.17063,54.0,parceira,matriculas_2025_proxy,True,-34.25899382885244,-43.673497774497704,-22.387947571871408,-36.516152969832675,False
2026,0101803,EDI ANTONIO RAPOSO TAVARES,19.52230929810696,14.453414488834706,9.582655114894704,32.623107068584,continuante,Pública,EDI,1.0,1.6,Gamboa,-22.895647,-43.19424,0.0,publica,matriculas_2025_proxy,True,19.52230929810696,9.582655114894704,32.623107068584,14.453414488834706,True
2026,0431607,CM ACAUA,19.362854837059334,19.667918201640187,10.89997671699252,29.957657037382177,continuante,Pública,Creche,4.0,4.24,Vigário Geral,-22.801972,-43.304736,18.0,publica,matriculas_2025_proxy,True,1.3628548370593343,-7.100023283007481,11.957657037382177,1.6679182016401874,True
2026,0312802,EDI LUCIA MARIA BATISTA DE ALBUQUERQUE,19.263852644535632,18.087154223523896,10.775984454204128,29.914736629198977,continuante,Pública,EDI,3.0,3.24,Ramos,-22.866994,-43.269147,18.0,publica,matriculas_2025_proxy,True,1.263852644535632,-7.224015545795872,11.914736629198977,0.08715422352389623,True
2026,10005,CP CRECHE COMUNITARIA JARDIM PEDRA AZUL,19.165417181826054,16.717986573838413,10.99148267257288,29.35822818621739,continuante,Parceira,Creche Parceira,10.0,10.27,PEDRA DE GUARATIBA,-22.98161,-43.62566,37.0,parceira,matriculas_2025_proxy,True,-17.834582818173946,-26.00851732742712,-7.641771813782611,-20.282013426161587,False
2026,0918809,EDI CAMPO GRANDE,18.98635354526922,16.927997156687574,11.29862180498286,28.617318625412786,continuante,Pública,EDI,9.0,9.18,Campo Grande,-22.909046,-43.559383,0.0,publica,matriculas_2025_proxy,True,18.98635354526922,11.29862180498286,28.617318625412786,16.927997156687574,True
2026,1019627,CM VOVO BENTA,18.94209451653853,21.965651026683,11.152321851076016,28.68295160933807,continuante,Pública,Creche,10.0,10.2,Sepetiba,-22.956258,-43.691301,31.0,publica,matriculas_2025_proxy,True,-12.057905483461472,-19.847678148923983,-2.317048390661931,-9.034348973317002,False
2026,02045,CP CREI - CENTRO DE RECUPERACAO INFANTIL,18.86308643969288,13.37344719898178,9.15994016571048,31.06562401903537,continuante,Parceira,Creche Parceira,2.0,2.4,IPANEMA,-22.9816337,-43.20474171,49.0,parceira,matriculas_2025_proxy,True,-30.13691356030712,-39.84005983428952,-17.93437598096463,-35.62655280101822,False
2026,0514802,EDI LUXEMBURGO,18.83743394019175,17.324707659645036,10.675489698468589,29.06356758773768,continuante,Pública,EDI,5.0,5.3,Irajá,-22.822981,-43.316319,20.0,publica,matriculas_2025_proxy,True,-1.162566059808249,-9.324510301531411,9.06356758773768,-2.6752923403549644,False
2026,02020,CP CASA ESPIRITA CRISTA MARIA DE NAZARE,18.80101142969633,24.845651305895014,10.782535524540034,28.81175470593754,continuante,,,,,,,,120.0,parceira,matriculas_2025_proxy,True,-101.19898857030367,-109.21746447545996,-91.18824529406245,-95.15434869410498,False
2026,02034,CP CENTRO SOCIAL DA MULHER UEGA,18.772810115437725,22.505118672458725,10.529690771188164,29.112507718380563,continuante,Parceira,Creche Parceira,2.0,2.6,ROCINHA,-22.99192815,-43.25085578,77.0,parceira,matriculas_2025_proxy,True,-58.22718988456228,-66.47030922881183,-47.88749228161944,-54.49488132754128,False
2026,0515046,EM ADELMAR TAVARES,18.71917539635953,19.53385795023575,9.687758470919007,30.07339409203956,continuante,Pública,Escola,5.0,5.12,Cavalcante,-22.877798,-43.314848,0.0,publica,matriculas_2025_proxy,True,18.71917539635953,9.687758470919007,30.07339409203956,19.53385795023575,True
2026,09003,CP CRECHE SAO JORGE,18.5718729515124,15.952149754738793,10.96761914388548,28.091468240828448,continuante,Parceira,Creche Parceira,9.0,9.18,CAMPO GRANDE,-22.92398,-43.52999,33.0,parceira,matriculas_2025_proxy,True,-14.4281270484876,-22.03238085611452,-4.908531759171552,-17.04785024526121,False
2026,0918802,EDI PINTANDO O SETE,18.55919096204084,14.873606681098012,11.02563381153082,27.984280246550497,continuante,Pública,EDI,9.0,9.6,Campo Grande,-22.881274,-43.613359,78.0,publica,matriculas_2025_proxy,True,-59.440809037959156,-66.97436618846918,-50.0157197534495,-63.12639331890199,False
2026,0101602,CM VIRGINIA LEMOS,18.507020947301115,14.802415618181104,10.4132720410204,28.677493206368094,continuante,Pública,Creche,1.0,1.1,Caju,-22.886423,-43.233212,32.0,publica,matriculas_2025_proxy,True,-13.492979052698885,-21.5867279589796,-3.3225067936319057,-17.197584381818896,False
2026,0918820,EDI ALMO SATURNINO,18.474637949983972,15.722126582259024,10.981982125413094,27.853077627320808,continuante,Pública,EDI,9.0,9.21,campo grande,-22.916753,-43.580605,14.0,publica,matriculas_2025_proxy,True,4.474637949983972,-3.0180178745869064,13.853077627320808,1.7221265822590244,True
2026,0515021,EM MOZART LAGO,18.363167856499334,27.12756889821136,9.6387267284401,29.39311218844151,continuante,Pública,Escola,5.0,5.17,Osvaldo Cruz,-22.872211,-43.350334,0.0,publica,matriculas_2025_proxy,True,18.363167856499334,9.6387267284401,29.39311218844151,27.12756889821136,True
2026,1019633,CM MERILUCE DE OLIVEIRA MULLER,18.08701404934051,18.59709803677585,10.744576555727877,27.27106079987054,continuante,Pública,Creche,10.0,10.21,Sepetiba,-22.946388,-43.681028,21.0,publica,matriculas_2025_proxy,True,-2.9129859506594897,-10.255423444272123,6.27106079987054,-2.4029019632241493,False
2026,0918608,CM JARDIM MONTE SANTO,17.91399586428493,15.427306873922692,10.60166197523766,27.06526909863279,continuante,Pública,Creche,9.0,9.16,Campo Grande,-22.912352,-43.532948,25.0,publica,matriculas_2025_proxy,True,-7.0860041357150685,-14.39833802476234,2.0652690986327897,-9.572693126077308,False
2026,0410601,CM MANGUINHOS,17.376128932131415,15.835648833659242,9.704174120545764,26.99801274289355,continuante,Pública,Creche,4.0,4.3,Manguinhos,-22.880445,-43.25004,19.0,publica,matriculas_2025_proxy,True,-1.6238710678685848,-9.295825879454236,7.99801274289355,-3.164351166340758,False
2026,0724806,EDI PROFESSORA RUTH CARDOSO,17.196220167049205,14.0411469683225,9.908858961334245,26.35298254475675,continuante,Pública,EDI,7.0,7.29,Recreio dos Bandeirantes,-23.01423,-43.472804,24.0,publica,matriculas_2025_proxy,True,-6.803779832950795,-14.091141038665755,2.352982544756749,-9.9588530316775,False
2026,0514501,CIEP DOM OSCAR ROMERO,16.92588929422576,20.02778160883086,9.263495558006944,26.466396498178025,continuante,Pública,CIEP,5.0,5.4,Irajá,-22.834911,-43.330928,0.0,publica,matriculas_2025_proxy,True,16.92588929422576,9.263495558006944,26.466396498178025,20.02778160883086,True
2026,1019616,CM MARIA HELENA PAPERA MONTEIRO,16.71433547240768,16.853296330676727,9.919870882334129,25.213658071542483,continuante,Pública,Creche,10.0,10.17,Santa Cruz,-22.93332,-43.650062,37.0,publica,matriculas_2025_proxy,True,-20.28566452759232,-27.08012911766587,-11.786341928457517,-20.146703669323273,False
2026,1019625,CM NARIZINHO,16.523125412515803,16.79905922225576,9.698964292647084,25.04921285798365,continuante,Pública,Creche,10.0,10.2,Sepetiba,-22.961619,-43.689819,13.0,publica,matriculas_2025_proxy,True,3.523125412515803,-3.3010357073529164,12.049212857983651,3.79905922225576,True
2026,02002,CP EDUCANDARIO CASA DE JACIRA,16.400631086599887,10.973539501480897,8.774527118729088,25.95063047724346,continuante,Parceira,Creche Parceira,2.0,2.11,TIJUCA,-22.92425287,-43.2207641,22.0,parceira,matriculas_2025_proxy,True,-5.599368913400113,-13.225472881270912,3.950630477243461,-11.026460498519103,False
2026,0724802,EDI PORFIRIO DIAS,16.007128211048805,16.40174706889127,8.931410900001541,24.840953280622173,continuante,Pública,EDI,7.0,7.25,Vargem Grande,-22.975934,-43.484274,25.0,publica,matriculas_2025_proxy,True,-8.992871788951195,-16.06858909999846,-0.15904671937782666,-8.598252931108728,False
2026,0622802,EDI PROFESSORA MILTOLINA DA SILVA,15.99813810078316,19.344427819997502,8.83874720699068,25.023713879713625,continuante,Pública,EDI,6.0,6.16,Guadalupe,-22.850418,-43.375531,0.0,publica,matriculas_2025_proxy,True,15.99813810078316,8.83874720699068,25.023713879713625,19.344427819997502,True
2026,0515053,EM SENADOR FRANCISCO GALLOTTI,15.69892825039956,16.969878762525028,8.497045515346453,24.836278030783447,continuante,Pública,Escola,5.0,5.15,Cascadura,-22.883904,-43.322462,0.0,publica,matriculas_2025_proxy,True,15.69892825039956,8.497045515346453,24.836278030783447,16.969878762525028,True
2026,0515503,CIEP METALURGICO BENEDITO CERQUEIRA,15.234249962473022,15.936025245837737,8.241721630478775,24.108640280672,continuante,Pública,CIEP,5.0,5.12,Cascadura,-22.877129,-43.325708,0.0,publica,matriculas_2025_proxy,True,15.234249962473022,8.241721630478775,24.108640280672,15.936025245837737,True
2026,1026603,CM SEMPRE VIDA COLONIA DOS PESCADORES,15.217382383132565,13.357591583337967,8.382849592064396,23.70796414684881,continuante,Pública,Creche,10.0,10.27,Pedra de Guaratiba,-23.00073,-43.637411,22.0,publica,matriculas_2025_proxy,True,-6.7826176168674355,-13.617150407935604,1.7079641468488092,-8.642408416662033,False
2026,1019605,CM MARLENE DA SILVA CARDOSO,14.943040304440547,15.300068903284334,8.886211939426524,22.519360210746733,continuante,Pública,Creche,10.0,10.16,Santa Cruz,-22.932954,-43.658363,23.0,publica,matriculas_2025_proxy,True,-8.056959695559453,-14.113788060573476,-0.4806397892532672,-7.699931096715666,False
2026,08025,CP ASSOCIACAO RECREATIVA MONIZ BARRETO,14.907037667583891,12.865481139933628,7.4441588161149,24.517931255396437,continuante,Parceira,Creche Parceira,8.0,8.1,JARDIM SULACAP,-22.88886,-43.3991,46.0,parceira,matriculas_2025_proxy,True,-31.092962332416107,-38.5558411838851,-21.482068744603563,-33.13451886006637,False
2026,0123801,EDI HELOISA MARINHO,14.888641027596332,10.25366521881772,8.093718276836109,23.475772378549177,continuante,Pública,EDI,1.0,1.11,Santa Teresa,-22.929564,-43.194951,0.0,publica,matriculas_2025_proxy,True,14.888641027596332,8.093718276836109,23.475772378549177,10.25366521881772,True
2026,02024,CP CRECHE ESCADINHA DO SABER,14.772829135214703,13.82355457822101,7.528546151301159,23.755422244140806,continuante,Parceira,Creche Parceira,2.0,2.11,ALTO DA BOA VISTA,-22.97184644,-43.28361504,15.0,parceira,matriculas_2025_proxy,True,-0.2271708647852968,-7.471453848698841,8.755422244140806,-1.1764454217789897,False
2026,0515064,EM MESTRE DARCY DO JONGO,14.688798631136414,13.933448266025808,8.042561442628555,23.08901352420834,continuante,Pública,Escola,5.0,5.7,Madureira,-22.864996,-43.329074,0.0,publica,matriculas_2025_proxy,True,14.688798631136414,8.042561442628555,23.08901352420834,13.933448266025808,True
2026,10004,CP ESCOLA COMUNITARIA JARDIM BALAO MAGICO,14.515401449699908,15.111049346523089,8.627584831330658,21.88045495107492,continuante,Parceira,Creche Parceira,10.0,10.11,SANTA CRUZ,-22.90336,-43.71409,90.0,parceira,matriculas_2025_proxy,True,-75.48459855030009,-81.37241516866933,-68.11954504892508,-74.88895065347691,False
2026,1019610,CM CHAVE DO TAMANHO,14.478260290265904,14.847698735012573,8.474187776367305,21.97980956766564,continuante,Pública,Creche,10.0,10.23,Sepetiba,-22.979983,-43.681585,15.0,publica,matriculas_2025_proxy,True,-0.5217397097340957,-6.525812223632695,6.97980956766564,-0.15230126498742713,False
2026,0430601,CM MENINO MALUQUINHO,14.05774489233104,14.06664919801782,7.958456835948284,21.711490179307003,continuante,Pública,Creche,4.0,4.5,Bonsucesso,-22.871385,-43.238471,0.0,publica,matriculas_2025_proxy,True,14.05774489233104,7.958456835948284,21.711490179307003,14.06664919801782,True
2026,10014,CP CRECHE COMUNITARIA SAO JOAO BATISTA,14.030157104919912,12.581399953983766,8.217693816769028,21.288499876159264,continuante,Parceira,Creche Parceira,10.0,10.28,PEDRA DE GUARATIBA,-22.98416,-43.65166,30.0,parceira,matriculas_2025_proxy,True,-15.969842895080088,-21.782306183230972,-8.711500123840736,-17.418600046016234,False
2026,0515805,EDI ROCHA POMBO,14.017600697713288,19.166625325022025,7.315536510467952,22.392367046556103,continuante,Pública,EDI,5.0,3.8,Quintino Bocaiúva,-22.886506,-43.312269,0.0,publica,matriculas_2025_proxy,True,14.017600697713288,7.315536510467952,22.392367046556103,19.166625325022025,True
2026,0107802,EDI MORRO DOS TELEGRAFOS,13.876010399232388,8.27139459789887,7.494721710828142,21.958418927937785,continuante,Pública,EDI,1.0,1.3,São Cristóvão,-22.900287,-43.236696,0.0,publica,matriculas_2025_proxy,True,13.876010399232388,7.494721710828142,21.958418927937785,8.27139459789887,True
2026,1019618,CM LEUZA MARINS NOVAES S. SANTOS,13.855661556847654,14.281336442370996,8.240030052464132,20.880760627186937,continuante,Pública,Creche,10.0,10.7,Santa Cruz,-22.904981,-43.701708,24.0,publica,matriculas_2025_proxy,True,-10.144338443152346,-15.759969947535868,-3.1192393728130625,-9.718663557629004,False
2026,0817505,CIEP MARECHAL JULIO CAETANO HORTA BARBOSA,13.751138841408109,13.2540054957778,8.08205851420536,20.850283343252936,continuante,Pública,CIEP,8.0,8.1,Bangu,-22.883931,-43.479045,0.0,publica,matriculas_2025_proxy,True,13.751138841408109,8.08205851420536,20.850283343252936,13.2540054957778,True
2026,0515015,EM PADRE DEHON,13.633486174421272,17.748872625350746,7.0615449381821485,22.00199555984625,continuante,Pública,Escola,5.0,5.17,Osvaldo Cruz,-22.879152,-43.351898,0.0,publica,matriculas_2025_proxy,True,13.633486174421272,7.0615449381821485,22.00199555984625,17.748872625350746,True
2026,0515802,EDI GUSTAVO LESSA,13.599749803997328,15.494581519743688,7.44276236162642,21.39785205412348,continuante,Pública,EDI,5.0,5.9,Rocha Miranda,-22.841024,-43.347547,0.0,publica,matriculas_2025_proxy,True,13.599749803997328,7.44276236162642,21.39785205412348,15.494581519743688,True
2026,1019808,EDI GEOGRAFO AZIZ AB' SABER,12.87218191173704,12.429579669289213,7.60064633193767,19.46505936269106,continuante,Pública,EDI,10.0,10.3,Paciência,-22.894294,-43.6386,21.0,publica,matriculas_2025_proxy,True,-8.12781808826296,-13.39935366806233,-1.5349406373089387,-8.570420330710787,False
2026,1019820,EDI INAIA WANDERLEY CARMO,12.590329175746117,13.016848615312732,7.371083210056167,19.11264306095696,continuante,Pública,EDI,10.0,10.9,Sepetiba,-22.962886,-43.70679,46.0,publica,matriculas_2025_proxy,True,-33.40967082425388,-38.62891678994383,-26.88735693904304,-32.98315138468727,False
2026,1019609,CM CANTINHO DA TIA DOLORES,12.452120379127894,12.741631393728747,7.383536288146788,18.79338796625186,continuante,Pública,Creche,10.0,10.8,Santa Cruz,-22.888959,-43.715865,52.0,publica,matriculas_2025_proxy,True,-39.54787962087211,-44.616463711853214,-33.206612033748144,-39.258368606271254,False
2026,0833505,CIEP ARACY DE ALMEIDA (CANTORA),12.212152381183127,14.411321562311784,6.182113049267619,20.061356484762165,continuante,Pública,CIEP,8.0,8.1,Sulacap,-22.889417,-43.384375,0.0,publica,matriculas_2025_proxy,True,12.212152381183127,6.182113049267619,20.061356484762165,14.411321562311784,True
2026,07025,CP INSTITUTO CONSUELO PINHEIRO,11.976690446938898,10.568225403226888,5.935173662188294,19.778229463258995,continuante,Parceira,Creche Parceira,7.0,7.16,CIDADE DE DEUS / JACAREPAGUÁ,-22.94804,-43.35885,177.0,parceira,matriculas_2025_proxy,True,-165.0233095530611,-171.0648263378117,-157.22177053674102,-166.43177459677312,False
2026,0431608,CM ARI PIMENTEL,11.92883180353974,10.42328729694131,6.318086501731628,18.978733613792404,continuante,Pública,Creche,4.0,4.23,Parada de Lucas,-22.812555,-43.296036,0.0,publica,matriculas_2025_proxy,True,11.92883180353974,6.318086501731628,18.978733613792404,10.42328729694131,True
2026,0107801,EDI PROFESSORA DAYSE MALAGOLE,11.900038817548158,9.117361757922565,6.485605767843479,18.699576559195897,continuante,Pública,EDI,1.0,1.4,Vasco da Gama,-22.890748,-43.230827,0.0,publica,matriculas_2025_proxy,True,11.900038817548158,6.485605767843479,18.699576559195897,9.117361757922565,True
2026,0716612,CM TIA AUTA,11.776877258741983,10.535132477197797,6.740525719981118,18.0987621719595,continuante,Pública,Creche,7.0,7.8,Jacarepaguá - Taquara,-22.915653,-43.420588,50.0,publica,matriculas_2025_proxy,True,-38.22312274125802,-43.25947428001888,-31.9012378280405,-39.4648675228022,False
2026,1019604,CM AYRTON SENNA,10.565050402882829,10.880201870842033,6.2795889696875085,15.926288400584486,continuante,Pública,Creche,10.0,10.7,Santa Cruz,-22.902828,-43.705531,19.0,publica,matriculas_2025_proxy,True,-8.434949597117171,-12.72041103031249,-3.073711599415514,-8.119798129157967,False
2026,0107803,EDI DOIS DE JULHO,10.49896506441726,8.051571955792209,5.763858303025598,16.433607243846943,continuante,Pública,EDI,1.0,1.2,São Cristóvão,-22.891507,-43.233074,0.0,publica,matriculas_2025_proxy,True,10.49896506441726,5.763858303025598,16.433607243846943,8.051571955792209,True
2026,0918804,EDI RENAN DE SOUZA LEAL,10.48506376797287,9.258679363870051,6.196599289584902,15.853237180366978,continuante,Pública,EDI,9.0,9.6,Campo Grande,-22.879399,-43.614001,24.0,publica,matriculas_2025_proxy,True,-13.51493623202713,-17.803400710415097,-8.146762819633022,-14.741320636129949,False
2026,0431801,EDI CARVALHO MOURAO,10.462364675266596,12.151757516153538,5.667102250429075,16.482347682072167,continuante,Pública,EDI,4.0,4.22,Cordovil,-22.819887,-43.295081,0.0,publica,matriculas_2025_proxy,True,10.462364675266596,5.667102250429075,16.482347682072167,12.151757516153538,True
2026,0716814,EDI PROFESSORA EMILIA MARIA VIEIRA DE OLIVEIRA,10.325373490638864,11.036245355806152,5.938400398268181,15.829130990964313,continuante,Pública,EDI,7.0,7.22,RIO DAS PEDRAS,-22.974188,-43.331099,46.0,publica,matriculas_2025_proxy,True,-35.67462650936113,-40.06159960173182,-30.170869009035687,-34.96375464419385,False
2026,0918611,CM MARIO LOMBARDI,10.1528496440116,8.719926117569852,6.0222543616649,15.322389947151706,continuante,Pública,Creche,9.0,9.6,Campo Grande,-22.88353,-43.604592,25.0,publica,matriculas_2025_proxy,True,-14.8471503559884,-18.9777456383351,-9.677610052848294,-16.28007388243015,False
2026,1019818,EDI RENEE BISCAIA RAPOSO,9.97246170053808,9.783571917158518,5.857573812997852,15.104022751703102,continuante,Pública,EDI,10.0,10.19,Paciência,-22.919608,-43.624282,0.0,publica,matriculas_2025_proxy,True,9.97246170053808,5.857573812997852,15.104022751703102,9.783571917158518,True
2026,0227601,CM CASTELINHO,9.927385771475045,14.759552073679805,5.429789502543005,15.576146338012393,continuante,Pública,Creche,2.0,2.8,Rocinha,-22.987364,-43.246889,0.0,publica,matriculas_2025_proxy,True,9.927385771475045,5.429789502543005,15.576146338012393,14.759552073679805,True
2026,0121001,EM JOAQUIM MANUEL DE MACEDO,9.797760669760368,9.09721692219192,5.162226411483539,15.635621094681577,continuante,Pública,Escola,1.0,1.12,Paquetá,-22.753151,-43.109534,44.0,publica,matriculas_2025_proxy,True,-34.202239330239635,-38.83777358851646,-28.364378905318425,-34.90278307780808,False
2026,0515501,CIEP AUGUSTO PINHEIRO DE CARVALHO,9.789909065101034,11.948958123693783,5.268848608929473,15.468216618075465,continuante,Pública,CIEP,5.0,5.18,Marechal Hermes,-22.861625,-43.377995,0.0,publica,matriculas_2025_proxy,True,9.789909065101034,5.268848608929473,15.468216618075465,11.948958123693783,True
2026,0514009,EM MATO GROSSO,9.629568483332172,9.602942285178688,5.303903143218515,15.057000394997337,continuante,Pública,Escola,5.0,5.2,Irajá,-22.842919,-43.326192,0.0,publica,matriculas_2025_proxy,True,9.629568483332172,5.303903143218515,15.057000394997337,9.602942285178688,True
2026,0431803,EDI PROFESSOR EMMANUEL PEREIRA FILHO,9.61036208484636,10.756292612206474,5.193888265345144,15.155863043068765,continuante,Pública,EDI,4.0,4.21,Cordovil,-22.825848,-43.309081,0.0,publica,matriculas_2025_proxy,True,9.61036208484636,5.193888265345144,15.155863043068765,10.756292612206474,True
2026,0514803,EDI JOSE ALPOIM,9.540582018464075,10.154016672365389,5.142863597190073,15.039742747258286,continuante,Pública,EDI,5.0,5.8,Colégio,-22.843475,-43.331615,0.0,publica,matriculas_2025_proxy,True,9.540582018464075,5.142863597190073,15.039742747258286,10.154016672365389,True
2026,1019626,CM PEDRINHO,9.091881600902214,9.146915162156844,5.335688128306516,13.785579358070258,continuante,Pública,Creche,10.0,10.21,Sepetiba,-22.958718,-43.68282,14.0,publica,matriculas_2025_proxy,True,-4.908118399097786,-8.664311871693485,-0.21442064192974186,-4.853084837843156,False
2026,0103806,EDI FUNDACAO LEAO XIII,8.98552368225829,6.317676375605437,4.622170453511903,14.444103813715609,continuante,Pública,EDI,1.0,1.9,Estácio,-22.919603,-43.203214,0.0,publica,matriculas_2025_proxy,True,8.98552368225829,4.622170453511903,14.444103813715609,6.317676375605437,True
2026,0410810,EDI MIGUEL COUTO,8.95713926483685,8.820800223853071,4.913543735708059,13.992208343854124,continuante,Pública,EDI,4.0,4.13,Olaria,-22.839343,-43.267453,0.0,publica,matriculas_2025_proxy,True,8.95713926483685,4.913543735708059,13.992208343854124,8.820800223853071,True
2026,0313806,EDI EDUCANDARIO DE SANTA CRUZ,8.597557594338385,9.079662018079668,4.549470190704679,13.683613341302078,continuante,Pública,EDI,3.0,3.8,Piedade,-22.882647,-43.306307,0.0,publica,matriculas_2025_proxy,True,8.597557594338385,4.549470190704679,13.683613341302078,9.079662018079668,True
2026,0918819,EDI JOARI,8.5124645470936,7.640210838970397,5.050918707953461,12.848855983074982,continuante,Pública,EDI,9.0,9.18,Campo Grande,-22.91385,-43.552316,0.0,publica,matriculas_2025_proxy,True,8.5124645470936,5.050918707953461,12.848855983074982,7.640210838970397,True
2026,0716805,EDI ANNA MARIA NIEMEYER,8.503146274716597,10.889161553764971,4.819600147049543,13.12993697680118,continuante,Pública,EDI,7.0,7.19,Jacarepaguá,-22.977493,-43.332264,0.0,publica,matriculas_2025_proxy,True,8.503146274716597,4.819600147049543,13.12993697680118,10.889161553764971,True
2026,1120201,CIEP OLGA BENARIO PRESTES,8.340149091015983,9.907585675835286,2.725030718948428,15.555354440686214,continuante,Pública,CIEP,11.0,11.6,Cocotá,-22.814275,-43.182585,0.0,publica,matriculas_2025_proxy,True,8.340149091015983,2.725030718948428,15.555354440686214,9.907585675835286,True
2026,0102803,EDI RACHEL DE QUEIROZ,7.907523564731412,5.350120099187086,3.779784528641369,13.227513897474273,continuante,Pública,EDI,1.0,1.7,Praça Onze,-22.907017,-43.194719,0.0,publica,matriculas_2025_proxy,True,7.907523564731412,3.779784528641369,13.227513897474273,5.350120099187086,True
2026,1026801,EDI SAMIRA PIRES RIBEIRO,7.8656167589658015,7.655742104546246,4.604867305850522,11.939113234915292,continuante,Pública,EDI,10.0,10.24,Guaratiba,-22.984621,-43.659773,22.0,publica,matriculas_2025_proxy,True,-14.134383241034199,-17.395132694149478,-10.060886765084708,-14.344257895453755,False
2026,1019807,EDI PROFESSOR ANTONIO ALFREDO MERCADANTE,7.805321079333444,7.80538823800458,4.616812884406284,11.79490367106117,continuante,Pública,EDI,10.0,10.2,SANTA CRUZ,-22.883481,-43.661004,25.0,publica,matriculas_2025_proxy,True,-17.194678920666554,-20.383187115593717,-13.20509632893883,-17.194611761995418,False
2026,1019601,CM SEMPRE VIDA VALE DO SOL,7.795770004763883,8.03995680646777,4.635003472042245,11.74996105671223,continuante,Pública,Creche,10.0,10.7,Santa Cruz,-22.903021,-43.705841,20.0,publica,matriculas_2025_proxy,True,-12.204229995236117,-15.364996527957755,-8.25003894328777,-11.96004319353223,False
2026,1019822,EDI PROFESSORA KATIA MIRANDA SANTOS,7.324508571921013,7.498466709905408,4.328505212005619,11.071467090973744,continuante,Pública,EDI,10.0,10.21,Sepetiba,-22.956389,-43.687368,23.0,publica,matriculas_2025_proxy,True,-15.675491428078988,-18.67149478799438,-11.928532909026256,-15.501533290094592,False
2026,0411604,CM BETINHO,7.006669701745113,6.423898344423769,3.87586320819612,10.930201373112176,continuante,Pública,Creche,4.0,4.18,Penha,-22.846304,-43.291751,0.0,publica,matriculas_2025_proxy,True,7.006669701745113,3.87586320819612,10.930201373112176,6.423898344423769,True
2026,0431601,CM LUIS CARLOS DE OLIVEIRA CAMARA,6.981512785435116,7.660423836755907,3.774248537466241,11.009673908328065,continuante,Pública,Creche,4.0,4.22,Cordovil,-22.81681,-43.290269,0.0,publica,matriculas_2025_proxy,True,6.981512785435116,3.774248537466241,11.009673908328065,7.660423836755907,True
2026,1019806,EDI PROFESSOR RUBEM GONCALVES,6.883304265817763,6.933150883223937,4.075993404931806,10.395723421815328,continuante,Pública,EDI,10.0,10.2,Santa Cruz,-22.886309,-43.66621,51.0,publica,matriculas_2025_proxy,True,-44.11669573418224,-46.92400659506819,-40.604276578184674,-44.06684911677606,False
2026,0209804,EDI PROFESSORA LUCIA MARIA QUITETE DE CARVALHO AMARAL,6.732681074922579,4.63417003962678,3.425878772115988,10.817348728070588,continuante,Pública,EDI,2.0,2.14,Grajaú,-22.928467,-43.26525,0.0,publica,matriculas_2025_proxy,True,6.732681074922579,3.425878772115988,10.817348728070588,4.63417003962678,True
2026,0411607,CM MARIA ALTAMIRA C. OLEGARIO,6.638260660631841,6.492727809449072,3.5320224483612157,10.546306115612914,continuante,Pública,Creche,4.0,4.2,Vila Da Penha,-22.83427,-43.298281,0.0,publica,matriculas_2025_proxy,True,6.638260660631841,3.5320224483612157,10.546306115612914,6.492727809449072,True
2026,02062,CP CENTRO EDUCACIONAL ROUPA FELIZ,6.591714342186146,9.26103612759131,3.704149538384789,10.211578277055672,continuante,,,,,,,,10.0,parceira,matriculas_2025_proxy,True,-3.4082856578138543,-6.295850461615212,0.211578277055672,-0.7389638724086893,False
2026,0410804,EDI SARGENTO JORGE FALEIRO SOUZA,6.455030626431856,6.378549249781309,3.547897449282884,10.070128945667738,continuante,Pública,EDI,4.0,4.15,Olaria,-22.85192,-43.273958,0.0,publica,matriculas_2025_proxy,True,6.455030626431856,3.547897449282884,10.070128945667738,6.378549249781309,True
2026,0918818,EDI FRANCISCO JOSE DE MORAES,6.21690782054749,5.425270589761128,3.653697813490389,9.4257757220884,continuante,Pública,EDI,9.0,9.6,Inhoaíba,-22.884711,-43.621103,24.0,publica,matriculas_2025_proxy,True,-17.78309217945251,-20.34630218650961,-14.5742242779116,-18.574729410238874,False
2026,0204804,EDI PROFESSORA SARITA KONDER,6.199526455851239,4.638836369011237,3.0691384206126373,10.181340505671493,continuante,Pública,EDI,2.0,2.2,Laranjeiras,-22.93676,-43.1972,0.0,publica,matriculas_2025_proxy,True,6.199526455851239,3.0691384206126373,10.181340505671493,4.638836369011237,True
2026,0411609,CM TIA RUTH COSTA DOS SANTOS,6.111643034113063,5.724457092017277,3.365321988371744,9.553351299976384,continuante,Pública,Creche,4.0,4.13,Penha,-22.837612,-43.266566,0.0,publica,matriculas_2025_proxy,True,6.111643034113063,3.365321988371744,9.553351299976384,5.724457092017277,True
2026,0227602,CM IACYRA FRAZAO,5.360262344617864,7.483669842159363,2.907868483002151,8.439529815201384,continuante,Pública,Creche,2.0,2.8,Rocinha,-22.985511,-43.246407,0.0,publica,matriculas_2025_proxy,True,5.360262344617864,2.907868483002151,8.439529815201384,7.483669842159363,True
2026,1019619,CM SANTA TEREZINHA,4.879646235425245,4.968618844298038,2.8879794438795723,7.371681093443978,continuante,Pública,Creche,10.0,10.8,Santa Cruz,-22.900768,-43.723326,14.0,publica,matriculas_2025_proxy,True,-9.120353764574755,-11.112020556120427,-6.628318906556022,-9.031381155701961,False
2026,0622810,EDI ANTONIO FRANCISCO LISBOA,4.61457658715625,5.111126971034935,2.550200538432558,7.21016508619399,continuante,Pública,Escola,6.0,6.15,Guadalupe,-22.832775,-43.376768,0.0,publica,matriculas_2025_proxy,True,4.61457658715625,2.550200538432558,7.21016508619399,5.111126971034935,True
2026,0411804,EDI MORRO DA FE,3.3625852771463967,3.0995916226948523,1.7758687912145033,5.367820822860751,continuante,Pública,EDI,4.0,4.19,Vila Da Penha,-22.84704,-43.296892,0.0,publica,matriculas_2025_proxy,True,3.3625852771463967,1.7758687912145033,5.367820822860751,3.0995916226948523,True
2026,1019811,EDI PROFESSORA RAQUEL KELLY LANERA,3.1680517908745407,3.111819166758756,1.8456631799358332,4.8202920086678525,continuante,Pública,EDI,10.0,10.1,Santa Cruz,-22.87566,-43.634503,0.0,publica,matriculas_2025_proxy,True,3.1680517908745407,1.8456631799358332,4.8202920086678525,3.111819166758756,True
2026,1019824,EDI PROFESSORA LILIA CHAVES DA COSTA,2.920404185593658,3.0640196711590475,1.7139677080622069,4.42940810909974,continuante,Pública,EDI,10.0,10.21,Sepetiba,-22.956647,-43.68821,0.0,publica,matriculas_2025_proxy,True,2.920404185593658,1.7139677080622069,4.42940810909974,3.0640196711590475,True
2026,1019624,CM ZACARIAS - O TRAPALHAO,2.035280904411948,2.0450373804738704,1.1999159562579644,3.080529897511864,continuante,Pública,Creche,10.0,10.7,Santa Cruz,-22.903753,-43.714566,0.0,publica,matriculas_2025_proxy,True,2.035280904411948,1.1999159562579644,3.080529897511864,2.0450373804738704,True
