ano,unidade,grupamento_norm,model,fold,sample,sample_segment,demanda_prevista,ano_matricula,nome_unidade,matriculas_ano_anterior,rede,capacity_concept,capacity_coverage,planning_gap,gap_positivo
2024,01004,MATERNAL I,conditional_logit_distance,oos_2024,oos,all,21.124441502186645,2023.0,CP CRECHE CANTINHO FELIZ DE SANTA TERESA,25.0,parceira,matriculas_ano_anterior_proxy,True,-3.875558497813355,False
2024,01004,MATERNAL II,conditional_logit_distance,oos_2024,oos,all,10.21468961483036,2023.0,CP CRECHE CANTINHO FELIZ DE SANTA TERESA,25.0,parceira,matriculas_ano_anterior_proxy,True,-14.78531038516964,False
2024,01005,MATERNAL I,conditional_logit_distance,oos_2024,oos,all,31.387864033518547,2023.0,CP CASA MATERNAL CORAÇÃO DE MÃE,20.0,parceira,matriculas_ano_anterior_proxy,True,11.387864033518547,True
2024,01005,MATERNAL II,conditional_logit_distance,oos_2024,oos,all,14.21944327851734,2023.0,CP CASA MATERNAL CORAÇÃO DE MÃE,20.0,parceira,matriculas_ano_anterior_proxy,True,-5.780556721482659,False
2024,01006,BERCARIO,conditional_logit_distance,oos_2024,oos,all,92.59300547248,2023.0,CP CRECHE DO TUIUTI,44.0,parceira,matriculas_ano_anterior_proxy,True,48.59300547248,True
2024,01006,MATERNAL I,conditional_logit_distance,oos_2024,oos,all,41.4336434014841,2023.0,CP CRECHE DO TUIUTI,45.0,parceira,matriculas_ano_anterior_proxy,True,-3.5663565985159025,False
2024,01006,MATERNAL II,conditional_logit_distance,oos_2024,oos,all,19.528839472223748,2023.0,CP CRECHE DO TUIUTI,59.0,parceira,matriculas_ano_anterior_proxy,True,-39.47116052777625,False
2024,01007,MATERNAL I,conditional_logit_distance,oos_2024,oos,all,34.52678927809606,2023.0,CP EDUCANDÁRIO NOSSA SENHORA DE NAZARÉ,15.0,parceira,matriculas_ano_anterior_proxy,True,19.52678927809606,True
2024,01007,MATERNAL II,conditional_logit_distance,oos_2024,oos,all,15.241773686033715,2023.0,CP EDUCANDÁRIO NOSSA SENHORA DE NAZARÉ,14.0,parceira,matriculas_ano_anterior_proxy,True,1.2417736860337154,True
2024,01009,BERCARIO,conditional_logit_distance,oos_2024,oos,all,62.26827003459215,2023.0,CP CRECHE COMUNITÁRIA ANITA WAY,39.0,parceira,matriculas_ano_anterior_proxy,True,23.26827003459215,True
2024,01009,MATERNAL I,conditional_logit_distance,oos_2024,oos,all,29.62713085113989,2023.0,CP CRECHE COMUNITÁRIA ANITA WAY,48.0,parceira,matriculas_ano_anterior_proxy,True,-18.37286914886011,False
2024,01009,MATERNAL II,conditional_logit_distance,oos_2024,oos,all,16.6631663990777,2023.0,CP CRECHE COMUNITÁRIA ANITA WAY,43.0,parceira,matriculas_ano_anterior_proxy,True,-26.3368336009223,False
2024,01010,BERCARIO,conditional_logit_distance,oos_2024,oos,all,94.92364197054177,2023.0,CP CENTRO CULTURAL MONTESSORI - SÃO CRISTÓVÃO,112.0,parceira,matriculas_ano_anterior_proxy,True,-17.076358029458234,False
2024,01010,MATERNAL I,conditional_logit_distance,oos_2024,oos,all,42.91239223797766,2023.0,CP CENTRO CULTURAL MONTESSORI - SÃO CRISTÓVÃO,107.0,parceira,matriculas_ano_anterior_proxy,True,-64.08760776202234,False
2024,01010,MATERNAL II,conditional_logit_distance,oos_2024,oos,all,20.326957867429453,2023.0,CP CENTRO CULTURAL MONTESSORI - SÃO CRISTÓVÃO,78.0,parceira,matriculas_ano_anterior_proxy,True,-57.673042132570544,False
2024,0101601,MATERNAL I,conditional_logit_distance,oos_2024,oos,all,44.42044130820674,2023.0,CM LADEIRA DOS FUNCIONÁRIOS,0.0,publica,matriculas_ano_anterior_proxy,True,44.42044130820674,True
2024,0101601,MATERNAL II,conditional_logit_distance,oos_2024,oos,all,15.706590254607278,2023.0,CM LADEIRA DOS FUNCIONÁRIOS,18.0,publica,matriculas_ano_anterior_proxy,True,-2.2934097453927222,False
2024,0101602,MATERNAL I,conditional_logit_distance,oos_2024,oos,all,42.68110735091034,2023.0,CM VIRGÍNIA LEMOS,31.0,publica,matriculas_ano_anterior_proxy,True,11.681107350910338,True
2024,0101602,MATERNAL II,conditional_logit_distance,oos_2024,oos,all,20.935884594553965,2023.0,CM VIRGÍNIA LEMOS,0.0,publica,matriculas_ano_anterior_proxy,True,20.935884594553965,True
2024,0101603,BERCARIO,conditional_logit_distance,oos_2024,oos,all,65.61465727335313,2023.0,CM SENNINHA,25.0,publica,matriculas_ano_anterior_proxy,True,40.61465727335313,True
2024,0101603,MATERNAL I,conditional_logit_distance,oos_2024,oos,all,31.247168326389613,2023.0,CM SENNINHA,22.0,publica,matriculas_ano_anterior_proxy,True,9.247168326389613,True
2024,0101603,MATERNAL II,conditional_logit_distance,oos_2024,oos,all,14.132504836054297,2023.0,CM SENNINHA,0.0,publica,matriculas_ano_anterior_proxy,True,14.132504836054297,True
2024,0101604,MATERNAL I,conditional_logit_distance,oos_2024,oos,all,34.713660161258794,2023.0,CM SEMPRE VIDA P. CONQUISTA,0.0,publica,matriculas_ano_anterior_proxy,True,34.713660161258794,True
2024,0101604,MATERNAL II,conditional_logit_distance,oos_2024,oos,all,13.806279660255626,2023.0,CM SEMPRE VIDA P. CONQUISTA,40.0,publica,matriculas_ano_anterior_proxy,True,-26.193720339744374,False
2024,0101605,BERCARIO,conditional_logit_distance,oos_2024,oos,all,59.95256229997417,2023.0,CM CLEMENTE FERREIRA,44.0,publica,matriculas_ano_anterior_proxy,True,15.952562299974169,True
2024,0101605,MATERNAL I,conditional_logit_distance,oos_2024,oos,all,28.91868605305137,2023.0,CM CLEMENTE FERREIRA,0.0,publica,matriculas_ano_anterior_proxy,True,28.91868605305137,True
2024,0101605,MATERNAL II,conditional_logit_distance,oos_2024,oos,all,11.591073405064323,2023.0,CM CLEMENTE FERREIRA,41.0,publica,matriculas_ano_anterior_proxy,True,-29.40892659493568,False
2024,0101606,BERCARIO,conditional_logit_distance,oos_2024,oos,all,27.60434864908703,2023.0,CM QUINTA DO CAJU,33.0,publica,matriculas_ano_anterior_proxy,True,-5.395651350912971,False
2024,0101606,MATERNAL I,conditional_logit_distance,oos_2024,oos,all,13.587636813682249,2023.0,CM QUINTA DO CAJU,0.0,publica,matriculas_ano_anterior_proxy,True,13.587636813682249,True
2024,0101606,MATERNAL II,conditional_logit_distance,oos_2024,oos,all,6.409997028552373,2023.0,CM QUINTA DO CAJU,34.0,publica,matriculas_ano_anterior_proxy,True,-27.59000297144763,False
2024,0101607,BERCARIO,conditional_logit_distance,oos_2024,oos,all,58.03799167000513,2023.0,CM TIA DORA,50.0,publica,matriculas_ano_anterior_proxy,True,8.037991670005127,True
2024,0101607,MATERNAL I,conditional_logit_distance,oos_2024,oos,all,27.93483818664883,2023.0,CM TIA DORA,42.0,publica,matriculas_ano_anterior_proxy,True,-14.065161813351171,False
2024,0101607,MATERNAL II,conditional_logit_distance,oos_2024,oos,all,15.480799133439472,2023.0,CM TIA DORA,0.0,publica,matriculas_ano_anterior_proxy,True,15.480799133439472,True
2024,0101801,BERCARIO,conditional_logit_distance,oos_2024,oos,all,72.06531069638713,2023.0,EDI PARQUE DA ALEGRIA,50.0,publica,matriculas_ano_anterior_proxy,True,22.06531069638713,True
2024,0101801,MATERNAL I,conditional_logit_distance,oos_2024,oos,all,34.159156766454664,2023.0,EDI PARQUE DA ALEGRIA,0.0,publica,matriculas_ano_anterior_proxy,True,34.159156766454664,True
2024,0101801,MATERNAL II,conditional_logit_distance,oos_2024,oos,all,16.250525102123852,2023.0,EDI PARQUE DA ALEGRIA,91.0,publica,matriculas_ano_anterior_proxy,True,-74.74947489787615,False
2024,0101802,BERCARIO,conditional_logit_distance,oos_2024,oos,all,64.75830017008641,2023.0,EDI MACHADO DE ASSIS,23.0,publica,matriculas_ano_anterior_proxy,True,41.758300170086414,True
2024,0101802,MATERNAL I,conditional_logit_distance,oos_2024,oos,all,30.49638073482513,2023.0,EDI MACHADO DE ASSIS,48.0,publica,matriculas_ano_anterior_proxy,True,-17.50361926517487,False
2024,0101802,MATERNAL II,conditional_logit_distance,oos_2024,oos,all,17.53533208981815,2023.0,EDI MACHADO DE ASSIS,0.0,publica,matriculas_ano_anterior_proxy,True,17.53533208981815,True
2024,0101803,MATERNAL II,conditional_logit_distance,oos_2024,oos,all,19.75220584189727,2023.0,EDI ANTÔNIO RAPOSO TAVARES,0.0,publica,matriculas_ano_anterior_proxy,True,19.75220584189727,True
2024,0102601,BERCARIO,conditional_logit_distance,oos_2024,oos,all,79.14862771330353,2023.0,CM SEMPRE VIDA SANTO ANTÔNIO DE PÁDUA,51.0,publica,matriculas_ano_anterior_proxy,True,28.148627713303526,True
2024,0102601,MATERNAL I,conditional_logit_distance,oos_2024,oos,all,34.00774616193657,2023.0,CM SEMPRE VIDA SANTO ANTÔNIO DE PÁDUA,48.0,publica,matriculas_ano_anterior_proxy,True,-13.992253838063426,False
2024,0102602,BERCARIO,conditional_logit_distance,oos_2024,oos,all,61.694117349731634,2023.0,CM ANA MARIA DA CRUZ SILVA,50.0,publica,matriculas_ano_anterior_proxy,True,11.694117349731634,True
2024,0102602,MATERNAL I,conditional_logit_distance,oos_2024,oos,all,28.228622475035618,2023.0,CM ANA MARIA DA CRUZ SILVA,98.0,publica,matriculas_ano_anterior_proxy,True,-69.77137752496438,False
2024,0102602,MATERNAL II,conditional_logit_distance,oos_2024,oos,all,13.38741419871926,2023.0,CM ANA MARIA DA CRUZ SILVA,0.0,publica,matriculas_ano_anterior_proxy,True,13.38741419871926,True
2024,0102604,BERCARIO,conditional_logit_distance,oos_2024,oos,all,65.98971296266288,2023.0,CM ARCO-ÍRIS,22.0,publica,matriculas_ano_anterior_proxy,True,43.98971296266288,True
2024,0102604,MATERNAL I,conditional_logit_distance,oos_2024,oos,all,30.345121594131296,2023.0,CM ARCO-ÍRIS,47.0,publica,matriculas_ano_anterior_proxy,True,-16.654878405868704,False
2024,0102604,MATERNAL II,conditional_logit_distance,oos_2024,oos,all,14.692968973527046,2023.0,CM ARCO-ÍRIS,0.0,publica,matriculas_ano_anterior_proxy,True,14.692968973527046,True
2024,0102605,BERCARIO,conditional_logit_distance,oos_2024,oos,all,57.04350166282958,2023.0,CM ALDEIA DOS CURUMINS,25.0,publica,matriculas_ano_anterior_proxy,True,32.04350166282958,True
2024,0102605,MATERNAL I,conditional_logit_distance,oos_2024,oos,all,24.86851076895972,2023.0,CM ALDEIA DOS CURUMINS,45.0,publica,matriculas_ano_anterior_proxy,True,-20.13148923104028,False
2024,0102605,MATERNAL II,conditional_logit_distance,oos_2024,oos,all,12.16809658389222,2023.0,CM ALDEIA DOS CURUMINS,0.0,publica,matriculas_ano_anterior_proxy,True,12.16809658389222,True
2024,0102606,BERCARIO,conditional_logit_distance,oos_2024,oos,all,58.86793503099074,2023.0,CM GEORGE SAVALLA GOMES - PALHAÇO CAREQUINHA,43.0,publica,matriculas_ano_anterior_proxy,True,15.867935030990743,True
2024,0102606,MATERNAL I,conditional_logit_distance,oos_2024,oos,all,27.750393923417185,2023.0,CM GEORGE SAVALLA GOMES - PALHAÇO CAREQUINHA,45.0,publica,matriculas_ano_anterior_proxy,True,-17.249606076582815,False
2024,0102802,MATERNAL II,conditional_logit_distance,oos_2024,oos,all,49.9279126355629,2023.0,EDI CAMPOS SALLES,0.0,publica,matriculas_ano_anterior_proxy,True,49.9279126355629,True
2024,0102803,MATERNAL II,conditional_logit_distance,oos_2024,oos,all,13.463800694723728,2023.0,EDI RACHEL DE QUEIROZ,0.0,publica,matriculas_ano_anterior_proxy,True,13.463800694723728,True
2024,0103601,MATERNAL I,conditional_logit_distance,oos_2024,oos,all,32.792169346793,2023.0,CM ESPAÇO LIVRE DA CRIANÇA,24.0,publica,matriculas_ano_anterior_proxy,True,8.792169346793003,True
2024,0103601,MATERNAL II,conditional_logit_distance,oos_2024,oos,all,14.22212082771641,2023.0,CM ESPAÇO LIVRE DA CRIANÇA,0.0,publica,matriculas_ano_anterior_proxy,True,14.22212082771641,True
2024,0103602,BERCARIO,conditional_logit_distance,oos_2024,oos,all,49.92335240336119,2023.0,CM DIREITOS HUMANOS,25.0,publica,matriculas_ano_anterior_proxy,True,24.923352403361193,True
2024,0103602,MATERNAL I,conditional_logit_distance,oos_2024,oos,all,20.5055243109311,2023.0,CM DIREITOS HUMANOS,25.0,publica,matriculas_ano_anterior_proxy,True,-4.494475689068899,False
2024,0103602,MATERNAL II,conditional_logit_distance,oos_2024,oos,all,9.397873565155695,2023.0,CM DIREITOS HUMANOS,0.0,publica,matriculas_ano_anterior_proxy,True,9.397873565155695,True
2024,0103604,BERCARIO,conditional_logit_distance,oos_2024,oos,all,65.16729391846744,2023.0,CM SONHO INFANTIL,25.0,publica,matriculas_ano_anterior_proxy,True,40.167293918467436,True
2024,0103604,MATERNAL I,conditional_logit_distance,oos_2024,oos,all,27.74689871572904,2023.0,CM SONHO INFANTIL,23.0,publica,matriculas_ano_anterior_proxy,True,4.7468987157290385,True
2024,0103604,MATERNAL II,conditional_logit_distance,oos_2024,oos,all,12.54044754316872,2023.0,CM SONHO INFANTIL,0.0,publica,matriculas_ano_anterior_proxy,True,12.54044754316872,True
2024,0103605,BERCARIO,conditional_logit_distance,oos_2024,oos,all,70.31639438476505,2023.0,CM BRINCADEIRAS DE CRIANÇA,25.0,publica,matriculas_ano_anterior_proxy,True,45.31639438476505,True
2024,0103605,MATERNAL I,conditional_logit_distance,oos_2024,oos,all,29.734995807738606,2023.0,CM BRINCADEIRAS DE CRIANÇA,50.0,publica,matriculas_ano_anterior_proxy,True,-20.265004192261394,False
2024,0103605,MATERNAL II,conditional_logit_distance,oos_2024,oos,all,13.26910102744568,2023.0,CM BRINCADEIRAS DE CRIANÇA,0.0,publica,matriculas_ano_anterior_proxy,True,13.26910102744568,True
2024,0103606,BERCARIO,conditional_logit_distance,oos_2024,oos,all,72.52234249483179,2023.0,CM CAMPOS DA PAZ,26.0,publica,matriculas_ano_anterior_proxy,True,46.52234249483179,True
2024,0103606,MATERNAL I,conditional_logit_distance,oos_2024,oos,all,30.99423886602889,2023.0,CM CAMPOS DA PAZ,42.0,publica,matriculas_ano_anterior_proxy,True,-11.00576113397111,False
2024,0103606,MATERNAL II,conditional_logit_distance,oos_2024,oos,all,13.825298500682992,2023.0,CM CAMPOS DA PAZ,0.0,publica,matriculas_ano_anterior_proxy,True,13.825298500682992,True
2024,0103607,BERCARIO,conditional_logit_distance,oos_2024,oos,all,61.76550258977067,2023.0,CM ESTÁCIO DE SÁ,48.0,publica,matriculas_ano_anterior_proxy,True,13.76550258977067,True
2024,0103607,MATERNAL I,conditional_logit_distance,oos_2024,oos,all,27.510169955725328,2023.0,CM ESTÁCIO DE SÁ,21.0,publica,matriculas_ano_anterior_proxy,True,6.510169955725328,True
2024,0103607,MATERNAL II,conditional_logit_distance,oos_2024,oos,all,12.509794081006198,2023.0,CM ESTÁCIO DE SÁ,23.0,publica,matriculas_ano_anterior_proxy,True,-10.490205918993802,False
2024,0103801,BERCARIO,conditional_logit_distance,oos_2024,oos,all,68.34168578613512,2023.0,EDI PROFESSORA SIMONE SOUSA PIMENTEL,24.0,publica,matriculas_ano_anterior_proxy,True,44.341685786135116,True
2024,0103801,MATERNAL I,conditional_logit_distance,oos_2024,oos,all,29.052120979335424,2023.0,EDI PROFESSORA SIMONE SOUSA PIMENTEL,25.0,publica,matriculas_ano_anterior_proxy,True,4.052120979335424,True
2024,0103801,MATERNAL II,conditional_logit_distance,oos_2024,oos,all,13.08884001752106,2023.0,EDI PROFESSORA SIMONE SOUSA PIMENTEL,0.0,publica,matriculas_ano_anterior_proxy,True,13.08884001752106,True
2024,0103802,BERCARIO,conditional_logit_distance,oos_2024,oos,all,63.65763251912323,2023.0,EDI LILY MARINHO,48.0,publica,matriculas_ano_anterior_proxy,True,15.657632519123233,True
2024,0103802,MATERNAL I,conditional_logit_distance,oos_2024,oos,all,26.95012626503282,2023.0,EDI LILY MARINHO,0.0,publica,matriculas_ano_anterior_proxy,True,26.95012626503282,True
2024,0103802,MATERNAL II,conditional_logit_distance,oos_2024,oos,all,12.366424397004208,2023.0,EDI LILY MARINHO,36.0,publica,matriculas_ano_anterior_proxy,True,-23.63357560299579,False
2024,0103804,BERCARIO,conditional_logit_distance,oos_2024,oos,all,57.786275462782086,2023.0,EDI ZÉLIA GATTAI AMADO,19.0,publica,matriculas_ano_anterior_proxy,True,38.786275462782086,True
2024,0103804,MATERNAL I,conditional_logit_distance,oos_2024,oos,all,23.99992020237453,2023.0,EDI ZÉLIA GATTAI AMADO,25.0,publica,matriculas_ano_anterior_proxy,True,-1.000079797625471,False
2024,0103804,MATERNAL II,conditional_logit_distance,oos_2024,oos,all,10.972700457836703,2023.0,EDI ZÉLIA GATTAI AMADO,0.0,publica,matriculas_ano_anterior_proxy,True,10.972700457836703,True
2024,0103805,BERCARIO,conditional_logit_distance,oos_2024,oos,all,77.37985992544874,2023.0,EDI BEATRIZ VICÊNCIA BANDEIRA RYFF,12.0,publica,matriculas_ano_anterior_proxy,True,65.37985992544874,True
2024,0103805,MATERNAL I,conditional_logit_distance,oos_2024,oos,all,33.58483152035573,2023.0,EDI BEATRIZ VICÊNCIA BANDEIRA RYFF,23.0,publica,matriculas_ano_anterior_proxy,True,10.584831520355728,True
2024,0103805,MATERNAL II,conditional_logit_distance,oos_2024,oos,all,14.811969850608952,2023.0,EDI BEATRIZ VICÊNCIA BANDEIRA RYFF,0.0,publica,matriculas_ano_anterior_proxy,True,14.811969850608952,True
2024,0103806,MATERNAL II,conditional_logit_distance,oos_2024,oos,all,14.387306779994155,2023.0,EDI FUNDAÇÃO LEÃO XIII,0.0,publica,matriculas_ano_anterior_proxy,True,14.387306779994155,True
2024,0103807,BERCARIO,conditional_logit_distance,oos_2024,oos,all,74.10038497162935,2023.0,EDI MARIA LUIZA NOBRE - TIA LUIZINHA,47.0,publica,matriculas_ano_anterior_proxy,True,27.100384971629353,True
2024,0103807,MATERNAL I,conditional_logit_distance,oos_2024,oos,all,30.408985095701627,2023.0,EDI MARIA LUIZA NOBRE - TIA LUIZINHA,65.0,publica,matriculas_ano_anterior_proxy,True,-34.591014904298376,False
2024,0103807,MATERNAL II,conditional_logit_distance,oos_2024,oos,all,13.568080385146276,2023.0,EDI MARIA LUIZA NOBRE - TIA LUIZINHA,0.0,publica,matriculas_ano_anterior_proxy,True,13.568080385146276,True
2024,0107601,MATERNAL I,conditional_logit_distance,oos_2024,oos,all,27.29781701974614,2023.0,CM ADALBERTO ISMAEL DE SOUZA,34.0,publica,matriculas_ano_anterior_proxy,True,-6.702182980253859,False
2024,0107601,MATERNAL II,conditional_logit_distance,oos_2024,oos,all,12.89827873932864,2023.0,CM ADALBERTO ISMAEL DE SOUZA,0.0,publica,matriculas_ano_anterior_proxy,True,12.89827873932864,True
2024,0107602,BERCARIO,conditional_logit_distance,oos_2024,oos,all,94.62772323486584,2023.0,CM DEPUTADO LUIZ EDUARDO DE MAGALHÃES,44.0,publica,matriculas_ano_anterior_proxy,True,50.62772323486584,True
2024,0107602,MATERNAL I,conditional_logit_distance,oos_2024,oos,all,42.41686679727635,2023.0,CM DEPUTADO LUIZ EDUARDO DE MAGALHÃES,43.0,publica,matriculas_ano_anterior_proxy,True,-0.5831332027236513,False
2024,0107602,MATERNAL II,conditional_logit_distance,oos_2024,oos,all,19.660972453560092,2023.0,CM DEPUTADO LUIZ EDUARDO DE MAGALHÃES,0.0,publica,matriculas_ano_anterior_proxy,True,19.660972453560092,True
2024,0107603,BERCARIO,conditional_logit_distance,oos_2024,oos,all,78.67914075713134,2023.0,CM VOVÓ LUCÍOLA,23.0,publica,matriculas_ano_anterior_proxy,True,55.679140757131336,True
2024,0107603,MATERNAL I,conditional_logit_distance,oos_2024,oos,all,32.09141601262088,2023.0,CM VOVÓ LUCÍOLA,27.0,publica,matriculas_ano_anterior_proxy,True,5.091416012620883,True
2024,0107603,MATERNAL II,conditional_logit_distance,oos_2024,oos,all,15.830572252425172,2023.0,CM VOVÓ LUCÍOLA,0.0,publica,matriculas_ano_anterior_proxy,True,15.830572252425172,True
2024,0107604,BERCARIO,conditional_logit_distance,oos_2024,oos,all,89.9468383529934,2023.0,CM HOMERO JOSÉ DOS SANTOS,50.0,publica,matriculas_ano_anterior_proxy,True,39.946838352993396,True
2024,0107604,MATERNAL I,conditional_logit_distance,oos_2024,oos,all,36.253604155312416,2023.0,CM HOMERO JOSÉ DOS SANTOS,46.0,publica,matriculas_ano_anterior_proxy,True,-9.746395844687584,False
2024,0107604,MATERNAL II,conditional_logit_distance,oos_2024,oos,all,17.25836131598144,2023.0,CM HOMERO JOSÉ DOS SANTOS,0.0,publica,matriculas_ano_anterior_proxy,True,17.25836131598144,True
2024,0107605,BERCARIO,conditional_logit_distance,oos_2024,oos,all,87.92059578917006,2023.0,CM EDUARDO MOREIRA DOS SANTOS,25.0,publica,matriculas_ano_anterior_proxy,True,62.920595789170065,True
2024,0107605,MATERNAL I,conditional_logit_distance,oos_2024,oos,all,36.47689626837525,2023.0,CM EDUARDO MOREIRA DOS SANTOS,21.0,publica,matriculas_ano_anterior_proxy,True,15.47689626837525,True
2024,0107605,MATERNAL II,conditional_logit_distance,oos_2024,oos,all,17.183608448509037,2023.0,CM EDUARDO MOREIRA DOS SANTOS,0.0,publica,matriculas_ano_anterior_proxy,True,17.183608448509037,True
2024,0107606,MATERNAL I,conditional_logit_distance,oos_2024,oos,all,38.404580980263695,2023.0,CM FRANCISCO ALVES,0.0,publica,matriculas_ano_anterior_proxy,True,38.404580980263695,True
2024,0107606,MATERNAL II,conditional_logit_distance,oos_2024,oos,all,18.177364082357556,2023.0,CM FRANCISCO ALVES,71.0,publica,matriculas_ano_anterior_proxy,True,-52.822635917642444,False
2024,0107607,BERCARIO,conditional_logit_distance,oos_2024,oos,all,76.1129468966743,2023.0,CM NAÇÃO MANGUEIRENSE,50.0,publica,matriculas_ano_anterior_proxy,True,26.112946896674302,True
2024,0107607,MATERNAL I,conditional_logit_distance,oos_2024,oos,all,30.416845752305896,2023.0,CM NAÇÃO MANGUEIRENSE,49.0,publica,matriculas_ano_anterior_proxy,True,-18.583154247694104,False
2024,0107607,MATERNAL II,conditional_logit_distance,oos_2024,oos,all,14.910014017214422,2023.0,CM NAÇÃO MANGUEIRENSE,0.0,publica,matriculas_ano_anterior_proxy,True,14.910014017214422,True
2024,0107608,MATERNAL I,conditional_logit_distance,oos_2024,oos,all,34.38179814987524,2023.0,CM SAMORA MACHEL,50.0,publica,matriculas_ano_anterior_proxy,True,-15.618201850124763,False
2024,0107608,MATERNAL II,conditional_logit_distance,oos_2024,oos,all,18.37167026669281,2023.0,CM SAMORA MACHEL,0.0,publica,matriculas_ano_anterior_proxy,True,18.37167026669281,True
2024,0107609,BERCARIO,conditional_logit_distance,oos_2024,oos,all,64.240258219952,2023.0,CM VASQUINHO,44.0,publica,matriculas_ano_anterior_proxy,True,20.240258219951997,True
2024,0107609,MATERNAL I,conditional_logit_distance,oos_2024,oos,all,30.410036213769427,2023.0,CM VASQUINHO,0.0,publica,matriculas_ano_anterior_proxy,True,30.410036213769427,True
2024,0107609,MATERNAL II,conditional_logit_distance,oos_2024,oos,all,14.051069652424005,2023.0,CM VASQUINHO,62.0,publica,matriculas_ano_anterior_proxy,True,-47.948930347575995,False
2024,0107610,BERCARIO,conditional_logit_distance,oos_2024,oos,all,107.50227148466156,2023.0,CM ARARA AZUL,51.0,publica,matriculas_ano_anterior_proxy,True,56.50227148466156,True
2024,0107610,MATERNAL I,conditional_logit_distance,oos_2024,oos,all,49.61639275152279,2023.0,CM ARARA AZUL,49.0,publica,matriculas_ano_anterior_proxy,True,0.6163927515227883,True
2024,0107610,MATERNAL II,conditional_logit_distance,oos_2024,oos,all,25.34398852276128,2023.0,CM ARARA AZUL,0.0,publica,matriculas_ano_anterior_proxy,True,25.34398852276128,True
2024,0107801,MATERNAL II,conditional_logit_distance,oos_2024,oos,all,19.42524167441345,2023.0,EDI PROFESSORA DAYSE MALAGOLE,0.0,publica,matriculas_ano_anterior_proxy,True,19.42524167441345,True
2024,0107802,MATERNAL II,conditional_logit_distance,oos_2024,oos,all,18.139172122463773,2023.0,EDI MORRO DOS TELÉGRAFOS,0.0,publica,matriculas_ano_anterior_proxy,True,18.139172122463773,True
2024,0107803,MATERNAL II,conditional_logit_distance,oos_2024,oos,all,23.06154210207796,2023.0,EDI DOIS DE JULHO,0.0,publica,matriculas_ano_anterior_proxy,True,23.06154210207796,True
2024,0121001,BERCARIO,conditional_logit_distance,oos_2024,oos,all,1.376874745288507,2023.0,EM JOAQUIM MANUEL DE MACEDO,21.0,publica,matriculas_ano_anterior_proxy,True,-19.623125254711493,False
2024,0121001,MATERNAL I,conditional_logit_distance,oos_2024,oos,all,0.7706166365975341,2023.0,EM JOAQUIM MANUEL DE MACEDO,21.0,publica,matriculas_ano_anterior_proxy,True,-20.229383363402466,False
2024,0121001,MATERNAL II,conditional_logit_distance,oos_2024,oos,all,0.3961296956405852,2023.0,EM JOAQUIM MANUEL DE MACEDO,0.0,publica,matriculas_ano_anterior_proxy,True,0.3961296956405852,True
2024,0123601,BERCARIO,conditional_logit_distance,oos_2024,oos,all,44.59617376056481,2023.0,CM JOSÉ MARINHO DE OLIVEIRA,49.0,publica,matriculas_ano_anterior_proxy,True,-4.40382623943519,False
2024,0123601,MATERNAL I,conditional_logit_distance,oos_2024,oos,all,18.603215989648,2023.0,CM JOSÉ MARINHO DE OLIVEIRA,35.0,publica,matriculas_ano_anterior_proxy,True,-16.396784010352,False
2024,0123601,MATERNAL II,conditional_logit_distance,oos_2024,oos,all,8.221709634554347,2023.0,CM JOSÉ MARINHO DE OLIVEIRA,0.0,publica,matriculas_ano_anterior_proxy,True,8.221709634554347,True
2024,0123603,BERCARIO,conditional_logit_distance,oos_2024,oos,all,55.4990367378629,2023.0,CM FALLET,25.0,publica,matriculas_ano_anterior_proxy,True,30.4990367378629,True
2024,0123603,MATERNAL I,conditional_logit_distance,oos_2024,oos,all,22.281251252357944,2023.0,CM FALLET,35.0,publica,matriculas_ano_anterior_proxy,True,-12.718748747642056,False
2024,0123603,MATERNAL II,conditional_logit_distance,oos_2024,oos,all,10.512495069831342,2023.0,CM FALLET,0.0,publica,matriculas_ano_anterior_proxy,True,10.512495069831342,True
2024,0123801,MATERNAL II,conditional_logit_distance,oos_2024,oos,all,10.584202453463604,2023.0,EDI HELOÍSA MARINHO,0.0,publica,matriculas_ano_anterior_proxy,True,10.584202453463604,True
2024,02001,MATERNAL I,conditional_logit_distance,oos_2024,oos,all,16.33383118773508,2023.0,CP CRECHE ESPAÇO SEMENTE,41.0,parceira,matriculas_ano_anterior_proxy,True,-24.66616881226492,False
2024,02001,MATERNAL II,conditional_logit_distance,oos_2024,oos,all,7.481603525523613,2023.0,CP CRECHE ESPAÇO SEMENTE,38.0,parceira,matriculas_ano_anterior_proxy,True,-30.518396474476386,False
2024,02002,MATERNAL II,conditional_logit_distance,oos_2024,oos,all,9.457253346570896,2023.0,CP EDUCANDÁRIO CASA DE JACIRA,24.0,parceira,matriculas_ano_anterior_proxy,True,-14.542746653429104,False
2024,02003,BERCARIO,conditional_logit_distance,oos_2024,oos,all,53.05129858333906,2023.0,CP CENTRO COMUNITÁRIO DA RUA UM UNIÃO FAZ A FORÇA,56.0,parceira,matriculas_ano_anterior_proxy,True,-2.9487014166609384,False
2024,02003,MATERNAL I,conditional_logit_distance,oos_2024,oos,all,25.780998847397857,2023.0,CP CENTRO COMUNITÁRIO DA RUA UM UNIÃO FAZ A FORÇA,27.0,parceira,matriculas_ano_anterior_proxy,True,-1.219001152602143,False
2024,02003,MATERNAL II,conditional_logit_distance,oos_2024,oos,all,13.345301635377329,2023.0,CP CENTRO COMUNITÁRIO DA RUA UM UNIÃO FAZ A FORÇA,58.0,parceira,matriculas_ano_anterior_proxy,True,-44.654698364622675,False
2024,02004,BERCARIO,conditional_logit_distance,oos_2024,oos,all,34.12494937169326,2023.0,CP AÇÃO SOCIAL PADRE ANCHIETA - ASPA,46.0,parceira,matriculas_ano_anterior_proxy,True,-11.875050628306738,False
2024,02004,MATERNAL I,conditional_logit_distance,oos_2024,oos,all,16.491474114232144,2023.0,CP AÇÃO SOCIAL PADRE ANCHIETA - ASPA,63.0,parceira,matriculas_ano_anterior_proxy,True,-46.50852588576785,False
2024,02004,MATERNAL II,conditional_logit_distance,oos_2024,oos,all,8.661574667013605,2023.0,CP AÇÃO SOCIAL PADRE ANCHIETA - ASPA,63.0,parceira,matriculas_ano_anterior_proxy,True,-54.3384253329864,False
2024,02005,MATERNAL I,conditional_logit_distance,oos_2024,oos,all,16.01202726756961,2023.0,CP ESCOLA COMUNITÁRIA DO CANTAGALO,24.0,parceira,matriculas_ano_anterior_proxy,True,-7.987972732430389,False
2024,02005,MATERNAL II,conditional_logit_distance,oos_2024,oos,all,6.0315154865841984,2023.0,CP ESCOLA COMUNITÁRIA DO CANTAGALO,48.0,parceira,matriculas_ano_anterior_proxy,True,-41.9684845134158,False
2024,02006,BERCARIO,conditional_logit_distance,oos_2024,oos,all,59.32656093449619,2023.0,CP CRECHE PRÉ-ESCOLA COMUNITÁRIA DOIS IRMÃOS,25.0,parceira,matriculas_ano_anterior_proxy,True,34.32656093449619,True
2024,02006,MATERNAL I,conditional_logit_distance,oos_2024,oos,all,29.001858390120347,2023.0,CP CRECHE PRÉ-ESCOLA COMUNITÁRIA DOIS IRMÃOS,25.0,parceira,matriculas_ano_anterior_proxy,True,4.001858390120347,True
2024,02006,MATERNAL II,conditional_logit_distance,oos_2024,oos,all,14.973912220144472,2023.0,CP CRECHE PRÉ-ESCOLA COMUNITÁRIA DOIS IRMÃOS,25.0,parceira,matriculas_ano_anterior_proxy,True,-10.026087779855528,False
2024,02009,MATERNAL I,conditional_logit_distance,oos_2024,oos,all,20.355968024282827,2023.0,CP ABRIGO TERESA DE JESUS,46.0,parceira,matriculas_ano_anterior_proxy,True,-25.644031975717173,False
2024,02009,MATERNAL II,conditional_logit_distance,oos_2024,oos,all,9.93596767214254,2023.0,CP ABRIGO TERESA DE JESUS,46.0,parceira,matriculas_ano_anterior_proxy,True,-36.06403232785746,False
2024,02010,BERCARIO,conditional_logit_distance,oos_2024,oos,all,57.43830493960097,2023.0,CP CRECHE PATINHO FELIZ,54.0,parceira,matriculas_ano_anterior_proxy,True,3.438304939600968,True
2024,02010,MATERNAL I,conditional_logit_distance,oos_2024,oos,all,23.88569480439497,2023.0,CP CRECHE PATINHO FELIZ,63.0,parceira,matriculas_ano_anterior_proxy,True,-39.11430519560503,False
2024,02010,MATERNAL II,conditional_logit_distance,oos_2024,oos,all,12.709462640911656,2023.0,CP CRECHE PATINHO FELIZ,53.0,parceira,matriculas_ano_anterior_proxy,True,-40.29053735908835,False
2024,02011,BERCARIO,conditional_logit_distance,oos_2024,oos,all,75.05843548588807,2023.0,CP SOCIEDADE CIVIL DE ASSISTÊNCIA A MENORES - CASA DA DINDA,13.0,parceira,matriculas_ano_anterior_proxy,True,62.05843548588807,True
2024,02011,MATERNAL I,conditional_logit_distance,oos_2024,oos,all,29.697643952341807,2023.0,CP SOCIEDADE CIVIL DE ASSISTÊNCIA A MENORES - CASA DA DINDA,12.0,parceira,matriculas_ano_anterior_proxy,True,17.697643952341807,True
2024,02011,MATERNAL II,conditional_logit_distance,oos_2024,oos,all,17.26655384904267,2023.0,CP SOCIEDADE CIVIL DE ASSISTÊNCIA A MENORES - CASA DA DINDA,20.0,parceira,matriculas_ano_anterior_proxy,True,-2.733446150957331,False
2024,02012,BERCARIO,conditional_logit_distance,oos_2024,oos,all,21.70994941467334,2023.0,CP GRUPO COMUNITÁRIO CRECHE ESCOLA TIA MAURA,20.0,parceira,matriculas_ano_anterior_proxy,True,1.7099494146733392,True
2024,02012,MATERNAL I,conditional_logit_distance,oos_2024,oos,all,10.437001938104904,2023.0,CP GRUPO COMUNITÁRIO CRECHE ESCOLA TIA MAURA,28.0,parceira,matriculas_ano_anterior_proxy,True,-17.562998061895094,False
2024,02012,MATERNAL II,conditional_logit_distance,oos_2024,oos,all,5.415213396143884,2023.0,CP GRUPO COMUNITÁRIO CRECHE ESCOLA TIA MAURA,22.0,parceira,matriculas_ano_anterior_proxy,True,-16.584786603856116,False
2024,02013,MATERNAL I,conditional_logit_distance,oos_2024,oos,all,19.783993801246123,2023.0,CP CENTRO DE EDUCAÇÃO INFANTIL CRISTO REDENTOR,30.0,parceira,matriculas_ano_anterior_proxy,True,-10.216006198753877,False
2024,02013,MATERNAL II,conditional_logit_distance,oos_2024,oos,all,7.67527550067283,2023.0,CP CENTRO DE EDUCAÇÃO INFANTIL CRISTO REDENTOR,35.0,parceira,matriculas_ano_anterior_proxy,True,-27.324724499327168,False
2024,02014,BERCARIO,conditional_logit_distance,oos_2024,oos,all,42.38382096142971,2023.0,CP CRUZADA PELA INFÂNCIA DO LEME,22.0,parceira,matriculas_ano_anterior_proxy,True,20.383820961429713,True
2024,02014,MATERNAL I,conditional_logit_distance,oos_2024,oos,all,19.720118651412296,2023.0,CP CRUZADA PELA INFÂNCIA DO LEME,19.0,parceira,matriculas_ano_anterior_proxy,True,0.7201186514122959,True
2024,02014,MATERNAL II,conditional_logit_distance,oos_2024,oos,all,8.24849019945859,2023.0,CP CRUZADA PELA INFÂNCIA DO LEME,19.0,parceira,matriculas_ano_anterior_proxy,True,-10.75150980054141,False
2024,02015,MATERNAL I,conditional_logit_distance,oos_2024,oos,all,21.181316638370834,2023.0,CP CRECHE SANT ANNA,27.0,parceira,matriculas_ano_anterior_proxy,True,-5.818683361629166,False
2024,02015,MATERNAL II,conditional_logit_distance,oos_2024,oos,all,9.163167980875285,2023.0,CP CRECHE SANT ANNA,45.0,parceira,matriculas_ano_anterior_proxy,True,-35.836832019124714,False
2024,02016,BERCARIO,conditional_logit_distance,oos_2024,oos,all,28.042547798882712,2023.0,CP CASA MATERNAL MELLO MATTOS,48.0,parceira,matriculas_ano_anterior_proxy,True,-19.957452201117288,False
2024,02016,MATERNAL I,conditional_logit_distance,oos_2024,oos,all,14.08046650970493,2023.0,CP CASA MATERNAL MELLO MATTOS,35.0,parceira,matriculas_ano_anterior_proxy,True,-20.91953349029507,False
2024,02016,MATERNAL II,conditional_logit_distance,oos_2024,oos,all,6.132813335225528,2023.0,CP CASA MATERNAL MELLO MATTOS,41.0,parceira,matriculas_ano_anterior_proxy,True,-34.86718666477447,False
2024,02018,MATERNAL I,conditional_logit_distance,oos_2024,oos,all,20.133988855405462,2023.0,CP FUNDAÇÃO CASA SANTA IGNEZ,39.0,parceira,matriculas_ano_anterior_proxy,True,-18.866011144594538,False
2024,02018,MATERNAL II,conditional_logit_distance,oos_2024,oos,all,10.478335392446931,2023.0,CP FUNDAÇÃO CASA SANTA IGNEZ,49.0,parceira,matriculas_ano_anterior_proxy,True,-38.52166460755307,False
2024,02019,BERCARIO,conditional_logit_distance,oos_2024,oos,all,41.64753443568319,2023.0,CP UNIDAS - OBRAS SOCIAIS UNIDAS DE SANTA MARTA,18.0,parceira,matriculas_ano_anterior_proxy,True,23.64753443568319,True
2024,02019,MATERNAL I,conditional_logit_distance,oos_2024,oos,all,17.827367002539926,2023.0,CP UNIDAS - OBRAS SOCIAIS UNIDAS DE SANTA MARTA,18.0,parceira,matriculas_ano_anterior_proxy,True,-0.17263299746007377,False
2024,02019,MATERNAL II,conditional_logit_distance,oos_2024,oos,all,7.670762502824411,2023.0,CP UNIDAS - OBRAS SOCIAIS UNIDAS DE SANTA MARTA,14.0,parceira,matriculas_ano_anterior_proxy,True,-6.329237497175589,False
2024,02020,BERCARIO,conditional_logit_distance,oos_2024,oos,all,74.80116198658516,2023.0,CP CASA ESPÍRITA CRISTÃ MARIA DE NAZARÉ,43.0,parceira,matriculas_ano_anterior_proxy,True,31.801161986585157,True
2024,02020,MATERNAL I,conditional_logit_distance,oos_2024,oos,all,37.09555802003758,2023.0,CP CASA ESPÍRITA CRISTÃ MARIA DE NAZARÉ,37.0,parceira,matriculas_ano_anterior_proxy,True,0.09555802003757918,True
2024,02020,MATERNAL II,conditional_logit_distance,oos_2024,oos,all,18.984393605173363,2023.0,CP CASA ESPÍRITA CRISTÃ MARIA DE NAZARÉ,39.0,parceira,matriculas_ano_anterior_proxy,True,-20.015606394826637,False
2024,02022,MATERNAL I,conditional_logit_distance,oos_2024,oos,all,28.301717471810125,2023.0,CP CRECHE CHAPEUZINHO MARROM,20.0,parceira,matriculas_ano_anterior_proxy,True,8.301717471810125,True
2024,02022,MATERNAL II,conditional_logit_distance,oos_2024,oos,all,12.921429003978874,2023.0,CP CRECHE CHAPEUZINHO MARROM,22.0,parceira,matriculas_ano_anterior_proxy,True,-9.078570996021126,False
2024,02024,MATERNAL I,conditional_logit_distance,oos_2024,oos,all,11.83713319449426,2023.0,CP CRECHE ESCADINHA DO SABER,8.0,parceira,matriculas_ano_anterior_proxy,True,3.8371331944942604,True
2024,02024,MATERNAL II,conditional_logit_distance,oos_2024,oos,all,7.037784054951608,2023.0,CP CRECHE ESCADINHA DO SABER,19.0,parceira,matriculas_ano_anterior_proxy,True,-11.962215945048392,False
2024,02025,BERCARIO,conditional_logit_distance,oos_2024,oos,all,47.84995711919525,2023.0,CP CRECHE BEZERRA DE MENEZES - BOTAFOGO,12.0,parceira,matriculas_ano_anterior_proxy,True,35.84995711919525,True
2024,02025,MATERNAL I,conditional_logit_distance,oos_2024,oos,all,21.39024717673106,2023.0,CP CRECHE BEZERRA DE MENEZES - BOTAFOGO,18.0,parceira,matriculas_ano_anterior_proxy,True,3.3902471767310587,True
2024,02025,MATERNAL II,conditional_logit_distance,oos_2024,oos,all,8.934495229179928,2023.0,CP CRECHE BEZERRA DE MENEZES - BOTAFOGO,20.0,parceira,matriculas_ano_anterior_proxy,True,-11.065504770820072,False
2024,02026,MATERNAL I,conditional_logit_distance,oos_2024,oos,all,23.74281387488604,2023.0,CP CRECHE MONSENHOR FRANCA,25.0,parceira,matriculas_ano_anterior_proxy,True,-1.2571861251139609,False
2024,02026,MATERNAL II,conditional_logit_distance,oos_2024,oos,all,10.94668218481084,2023.0,CP CRECHE MONSENHOR FRANCA,25.0,parceira,matriculas_ano_anterior_proxy,True,-14.05331781518916,False
2024,02028,BERCARIO,conditional_logit_distance,oos_2024,oos,all,58.61041644132069,2023.0,CP OBRAS SOCIAIS PADRE ALEIXO,23.0,parceira,matriculas_ano_anterior_proxy,True,35.61041644132069,True
2024,02028,MATERNAL I,conditional_logit_distance,oos_2024,oos,all,24.304324853036945,2023.0,CP OBRAS SOCIAIS PADRE ALEIXO,33.0,parceira,matriculas_ano_anterior_proxy,True,-8.695675146963055,False
2024,02028,MATERNAL II,conditional_logit_distance,oos_2024,oos,all,11.515887252226085,2023.0,CP OBRAS SOCIAIS PADRE ALEIXO,33.0,parceira,matriculas_ano_anterior_proxy,True,-21.484112747773914,False
2024,02029,BERCARIO,conditional_logit_distance,oos_2024,oos,all,34.663963854177204,2023.0,CP CASA DA CRIANÇA,51.0,parceira,matriculas_ano_anterior_proxy,True,-16.336036145822796,False
2024,02029,MATERNAL I,conditional_logit_distance,oos_2024,oos,all,16.112028321605862,2023.0,CP CASA DA CRIANÇA,69.0,parceira,matriculas_ano_anterior_proxy,True,-52.88797167839414,False
2024,02029,MATERNAL II,conditional_logit_distance,oos_2024,oos,all,6.646781127006575,2023.0,CP CASA DA CRIANÇA,72.0,parceira,matriculas_ano_anterior_proxy,True,-65.35321887299342,False
2024,02031,MATERNAL I,conditional_logit_distance,oos_2024,oos,all,18.16935580241117,2023.0,CP CENTRO COMUNITÁRIO ALEGRIA DAS CRIANÇAS,26.0,parceira,matriculas_ano_anterior_proxy,True,-7.830644197588828,False
2024,02031,MATERNAL II,conditional_logit_distance,oos_2024,oos,all,9.541233229362163,2023.0,CP CENTRO COMUNITÁRIO ALEGRIA DAS CRIANÇAS,46.0,parceira,matriculas_ano_anterior_proxy,True,-36.45876677063784,False
2024,02032,MATERNAL I,conditional_logit_distance,oos_2024,oos,all,14.629087034391368,2023.0,CP PATRONATO OPERÁRIO DA GÁVEA,37.0,parceira,matriculas_ano_anterior_proxy,True,-22.370912965608632,False
2024,02032,MATERNAL II,conditional_logit_distance,oos_2024,oos,all,6.3402299566699245,2023.0,CP PATRONATO OPERÁRIO DA GÁVEA,43.0,parceira,matriculas_ano_anterior_proxy,True,-36.65977004333008,False
2024,02034,MATERNAL I,conditional_logit_distance,oos_2024,oos,all,14.81566375531948,2023.0,CP CENTRO SOCIAL DA MULHER UÊGA,54.0,parceira,matriculas_ano_anterior_proxy,True,-39.18433624468052,False
2024,02034,MATERNAL II,conditional_logit_distance,oos_2024,oos,all,7.844392030692923,2023.0,CP CENTRO SOCIAL DA MULHER UÊGA,44.0,parceira,matriculas_ano_anterior_proxy,True,-36.15560796930708,False
2024,02035,BERCARIO,conditional_logit_distance,oos_2024,oos,all,24.32727216240768,2023.0,CP CENTRO SOCIAL E AÍ COMO É QUE FICA ?,33.0,parceira,matriculas_ano_anterior_proxy,True,-8.67272783759232,False
2024,02035,MATERNAL I,conditional_logit_distance,oos_2024,oos,all,11.627876424301062,2023.0,CP CENTRO SOCIAL E AÍ COMO É QUE FICA ?,17.0,parceira,matriculas_ano_anterior_proxy,True,-5.372123575698938,False
2024,02035,MATERNAL II,conditional_logit_distance,oos_2024,oos,all,6.221567864938539,2023.0,CP CENTRO SOCIAL E AÍ COMO É QUE FICA ?,14.0,parceira,matriculas_ano_anterior_proxy,True,-7.778432135061461,False
2024,02036,BERCARIO,conditional_logit_distance,oos_2024,oos,all,30.996282439226515,2023.0,CP CRECHE BERÇÁRIO MARIA HELENA DA ROCINHA,34.0,parceira,matriculas_ano_anterior_proxy,True,-3.0037175607734845,False
2024,02036,MATERNAL I,conditional_logit_distance,oos_2024,oos,all,14.875981086897417,2023.0,CP CRECHE BERÇÁRIO MARIA HELENA DA ROCINHA,23.0,parceira,matriculas_ano_anterior_proxy,True,-8.124018913102583,False
2024,02036,MATERNAL II,conditional_logit_distance,oos_2024,oos,all,7.875009839104788,2023.0,CP CRECHE BERÇÁRIO MARIA HELENA DA ROCINHA,16.0,parceira,matriculas_ano_anterior_proxy,True,-8.124990160895212,False
2024,02037,BERCARIO,conditional_logit_distance,oos_2024,oos,all,69.32116373066435,2023.0,CP CRECHE COMUNITÁRIA CANTINHO DA NATUREZA,59.0,parceira,matriculas_ano_anterior_proxy,True,10.321163730664352,True
2024,02037,MATERNAL I,conditional_logit_distance,oos_2024,oos,all,32.06036576512502,2023.0,CP CRECHE COMUNITÁRIA CANTINHO DA NATUREZA,46.0,parceira,matriculas_ano_anterior_proxy,True,-13.93963423487498,False
2024,02037,MATERNAL II,conditional_logit_distance,oos_2024,oos,all,13.841010031924542,2023.0,CP CRECHE COMUNITÁRIA CANTINHO DA NATUREZA,38.0,parceira,matriculas_ano_anterior_proxy,True,-24.15898996807546,False
2024,02038,BERCARIO,conditional_logit_distance,oos_2024,oos,all,36.98316360758355,,,,,,False,,
2024,02038,MATERNAL I,conditional_logit_distance,oos_2024,oos,all,15.096667622858966,,,,,,False,,
2024,02038,MATERNAL II,conditional_logit_distance,oos_2024,oos,all,7.145251545661552,,,,,,False,,
2024,02039,BERCARIO,conditional_logit_distance,oos_2024,oos,all,28.59320831271381,2023.0,CP CRECHE ESCOLA MENINOS DE LUZ,40.0,parceira,matriculas_ano_anterior_proxy,True,-11.40679168728619,False
2024,02039,MATERNAL I,conditional_logit_distance,oos_2024,oos,all,16.324708265316666,2023.0,CP CRECHE ESCOLA MENINOS DE LUZ,26.0,parceira,matriculas_ano_anterior_proxy,True,-9.675291734683334,False
2024,02039,MATERNAL II,conditional_logit_distance,oos_2024,oos,all,6.345844548199739,2023.0,CP CRECHE ESCOLA MENINOS DE LUZ,22.0,parceira,matriculas_ano_anterior_proxy,True,-15.65415545180026,False
2024,02040,BERCARIO,conditional_logit_distance,oos_2024,oos,all,53.10493719047794,2023.0,CP CRECHE MARIA MARIA,31.0,parceira,matriculas_ano_anterior_proxy,True,22.10493719047794,True
2024,02040,MATERNAL I,conditional_logit_distance,oos_2024,oos,all,25.827371667244364,2023.0,CP CRECHE MARIA MARIA,20.0,parceira,matriculas_ano_anterior_proxy,True,5.827371667244364,True
2024,02040,MATERNAL II,conditional_logit_distance,oos_2024,oos,all,13.361988611650045,2023.0,CP CRECHE MARIA MARIA,21.0,parceira,matriculas_ano_anterior_proxy,True,-7.638011388349955,False
2024,02041,MATERNAL I,conditional_logit_distance,oos_2024,oos,all,21.112914191007405,2023.0,CP CRECHE E PRÉ-ESCOLA COMUNITÁRIA DO 199 PINGO DE GENTE,18.0,parceira,matriculas_ano_anterior_proxy,True,3.1129141910074054,True
2024,02041,MATERNAL II,conditional_logit_distance,oos_2024,oos,all,11.043362362732738,2023.0,CP CRECHE E PRÉ-ESCOLA COMUNITÁRIA DO 199 PINGO DE GENTE,22.0,parceira,matriculas_ano_anterior_proxy,True,-10.956637637267262,False
2024,02042,MATERNAL I,conditional_logit_distance,oos_2024,oos,all,21.70330951769948,2023.0,CP CRECHE SANTA CLARA,20.0,parceira,matriculas_ano_anterior_proxy,True,1.7033095176994806,True
2024,02042,MATERNAL II,conditional_logit_distance,oos_2024,oos,all,9.644941658865529,2023.0,CP CRECHE SANTA CLARA,19.0,parceira,matriculas_ano_anterior_proxy,True,-9.355058341134471,False
2024,02043,BERCARIO,conditional_logit_distance,oos_2024,oos,all,34.64479881271133,2023.0,CP CRECHE SANTA MÔNICA,72.0,parceira,matriculas_ano_anterior_proxy,True,-37.35520118728867,False
2024,02043,MATERNAL I,conditional_logit_distance,oos_2024,oos,all,14.173369013040473,2023.0,CP CRECHE SANTA MÔNICA,36.0,parceira,matriculas_ano_anterior_proxy,True,-21.82663098695953,False
2024,02043,MATERNAL II,conditional_logit_distance,oos_2024,oos,all,6.704162351728159,2023.0,CP CRECHE SANTA MÔNICA,38.0,parceira,matriculas_ano_anterior_proxy,True,-31.295837648271842,False
2024,02044,MATERNAL I,conditional_logit_distance,oos_2024,oos,all,27.759229884449336,2023.0,CP CRECHE SÃO COSME E SÃO DAMIÃO,34.0,parceira,matriculas_ano_anterior_proxy,True,-6.240770115550664,False
2024,02044,MATERNAL II,conditional_logit_distance,oos_2024,oos,all,11.830248033949276,2023.0,CP CRECHE SÃO COSME E SÃO DAMIÃO,42.0,parceira,matriculas_ano_anterior_proxy,True,-30.169751966050725,False
2024,02045,MATERNAL I,conditional_logit_distance,oos_2024,oos,all,13.00950333648124,2023.0,CP CREI - CENTRO DE RECUPERAÇÃO INFANTIL,21.0,parceira,matriculas_ano_anterior_proxy,True,-7.99049666351876,False
2024,02045,MATERNAL II,conditional_logit_distance,oos_2024,oos,all,5.269317345733854,2023.0,CP CREI - CENTRO DE RECUPERAÇÃO INFANTIL,20.0,parceira,matriculas_ano_anterior_proxy,True,-14.730682654266147,False
2024,02046,BERCARIO,conditional_logit_distance,oos_2024,oos,all,70.90863976578017,2023.0,CP ESPAÇO SANTA TEREZINHA - EST,44.0,parceira,matriculas_ano_anterior_proxy,True,26.908639765780165,True
2024,02046,MATERNAL I,conditional_logit_distance,oos_2024,oos,all,34.201108024471765,2023.0,CP ESPAÇO SANTA TEREZINHA - EST,48.0,parceira,matriculas_ano_anterior_proxy,True,-13.798891975528235,False
2024,02046,MATERNAL II,conditional_logit_distance,oos_2024,oos,all,16.846610935163685,2023.0,CP ESPAÇO SANTA TEREZINHA - EST,48.0,parceira,matriculas_ano_anterior_proxy,True,-31.153389064836315,False
2024,0204601,BERCARIO,conditional_logit_distance,oos_2024,oos,all,47.619304305375245,2023.0,CM TIA AMÁLIA,25.0,publica,matriculas_ano_anterior_proxy,True,22.619304305375245,True
2024,0204601,MATERNAL I,conditional_logit_distance,oos_2024,oos,all,20.64694155466529,2023.0,CM TIA AMÁLIA,26.0,publica,matriculas_ano_anterior_proxy,True,-5.35305844533471,False
2024,0204601,MATERNAL II,conditional_logit_distance,oos_2024,oos,all,7.713729454587781,2023.0,CM TIA AMÁLIA,0.0,publica,matriculas_ano_anterior_proxy,True,7.713729454587781,True
2024,0204602,BERCARIO,conditional_logit_distance,oos_2024,oos,all,55.35815219131865,2023.0,CM ARACY GUIMARÃES ROSA,39.0,publica,matriculas_ano_anterior_proxy,True,16.358152191318652,True
2024,0204602,MATERNAL I,conditional_logit_distance,oos_2024,oos,all,22.9655594664057,2023.0,CM ARACY GUIMARÃES ROSA,44.0,publica,matriculas_ano_anterior_proxy,True,-21.0344405335943,False
2024,0204602,MATERNAL II,conditional_logit_distance,oos_2024,oos,all,10.400867098050693,2023.0,CM ARACY GUIMARÃES ROSA,0.0,publica,matriculas_ano_anterior_proxy,True,10.400867098050693,True
2024,02047,BERCARIO,conditional_logit_distance,oos_2024,oos,all,47.909505901588126,2023.0,CP GRUPO COMUNITÁRIO MORRO DA ALEGRIA,29.0,parceira,matriculas_ano_anterior_proxy,True,18.909505901588126,True
2024,02047,MATERNAL I,conditional_logit_distance,oos_2024,oos,all,22.881732839122016,2023.0,CP GRUPO COMUNITÁRIO MORRO DA ALEGRIA,14.0,parceira,matriculas_ano_anterior_proxy,True,8.881732839122016,True
2024,02047,MATERNAL II,conditional_logit_distance,oos_2024,oos,all,12.048370375671382,2023.0,CP GRUPO COMUNITÁRIO MORRO DA ALEGRIA,20.0,parceira,matriculas_ano_anterior_proxy,True,-7.951629624328618,False
2024,02048,BERCARIO,conditional_logit_distance,oos_2024,oos,all,83.04572778842406,2023.0,CP LAR CANTINHO FELIZ,25.0,parceira,matriculas_ano_anterior_proxy,True,58.04572778842406,True
2024,02048,MATERNAL I,conditional_logit_distance,oos_2024,oos,all,32.38626399407566,2023.0,CP LAR CANTINHO FELIZ,45.0,parceira,matriculas_ano_anterior_proxy,True,-12.613736005924338,False
2024,02048,MATERNAL II,conditional_logit_distance,oos_2024,oos,all,19.27192325214857,2023.0,CP LAR CANTINHO FELIZ,40.0,parceira,matriculas_ano_anterior_proxy,True,-20.72807674785143,False
2024,0204804,MATERNAL II,conditional_logit_distance,oos_2024,oos,all,8.30594086776399,2023.0,EDI PROFESSORA SARITA KONDER,0.0,publica,matriculas_ano_anterior_proxy,True,8.30594086776399,True
2024,0204805,MATERNAL I,conditional_logit_distance,oos_2024,oos,all,38.08941261006578,2023.0,EDI CLAUDIO CAVALCANTI,59.0,publica,matriculas_ano_anterior_proxy,True,-20.91058738993422,False
2024,0204805,MATERNAL II,conditional_logit_distance,oos_2024,oos,all,16.516783208422318,2023.0,EDI CLAUDIO CAVALCANTI,0.0,publica,matriculas_ano_anterior_proxy,True,16.516783208422318,True
2024,0204806,BERCARIO,conditional_logit_distance,oos_2024,oos,all,49.1383526976664,2023.0,EDI IRMA MARGARITA ALARCON,22.0,publica,matriculas_ano_anterior_proxy,True,27.1383526976664,True
2024,0204806,MATERNAL I,conditional_logit_distance,oos_2024,oos,all,19.62586577975666,2023.0,EDI IRMA MARGARITA ALARCON,23.0,publica,matriculas_ano_anterior_proxy,True,-3.3741342202433415,False
2024,0204806,MATERNAL II,conditional_logit_distance,oos_2024,oos,all,9.11736172208831,2023.0,EDI IRMA MARGARITA ALARCON,0.0,publica,matriculas_ano_anterior_proxy,True,9.11736172208831,True
2024,02049,BERCARIO,conditional_logit_distance,oos_2024,oos,all,37.73799774723869,2023.0,CP OBRA DO BERÇO,30.0,parceira,matriculas_ano_anterior_proxy,True,7.737997747238687,True
2024,02049,MATERNAL I,conditional_logit_distance,oos_2024,oos,all,17.975548530133384,2023.0,CP OBRA DO BERÇO,35.0,parceira,matriculas_ano_anterior_proxy,True,-17.024451469866616,False
2024,02049,MATERNAL II,conditional_logit_distance,oos_2024,oos,all,7.6104908062845,2023.0,CP OBRA DO BERÇO,19.0,parceira,matriculas_ano_anterior_proxy,True,-11.3895091937155,False
2024,02052,BERCARIO,conditional_logit_distance,oos_2024,oos,all,134.02589509068886,2023.0,CP CRECHE CASA SANTA MARTA,36.0,parceira,matriculas_ano_anterior_proxy,True,98.02589509068886,True
2024,02052,MATERNAL I,conditional_logit_distance,oos_2024,oos,all,82.17174535011787,2023.0,CP CRECHE CASA SANTA MARTA,40.0,parceira,matriculas_ano_anterior_proxy,True,42.171745350117874,True
2024,02052,MATERNAL II,conditional_logit_distance,oos_2024,oos,all,48.20889350422368,2023.0,CP CRECHE CASA SANTA MARTA,17.0,parceira,matriculas_ano_anterior_proxy,True,31.20889350422368,True
2024,02053,BERCARIO,conditional_logit_distance,oos_2024,oos,all,46.61517333601259,2023.0,CP CRECHE ESPERANÇA,37.0,parceira,matriculas_ano_anterior_proxy,True,9.615173336012589,True
2024,02053,MATERNAL I,conditional_logit_distance,oos_2024,oos,all,22.71171057032945,2023.0,CP CRECHE ESPERANÇA,30.0,parceira,matriculas_ano_anterior_proxy,True,-7.288289429670549,False
2024,02053,MATERNAL II,conditional_logit_distance,oos_2024,oos,all,9.752619139958078,2023.0,CP CRECHE ESPERANÇA,30.0,parceira,matriculas_ano_anterior_proxy,True,-20.247380860041922,False
2024,02054,BERCARIO,conditional_logit_distance,oos_2024,oos,all,49.21960477050493,2023.0,CP UNIÃO DE MULHERES PRO-MELHORAMENTO DA ROUPA SUJA,32.0,parceira,matriculas_ano_anterior_proxy,True,17.21960477050493,True
2024,02054,MATERNAL I,conditional_logit_distance,oos_2024,oos,all,23.675309026210297,2023.0,CP UNIÃO DE MULHERES PRO-MELHORAMENTO DA ROUPA SUJA,23.0,parceira,matriculas_ano_anterior_proxy,True,0.6753090262102965,True
2024,02054,MATERNAL II,conditional_logit_distance,oos_2024,oos,all,12.406589529240597,2023.0,CP UNIÃO DE MULHERES PRO-MELHORAMENTO DA ROUPA SUJA,16.0,parceira,matriculas_ano_anterior_proxy,True,-3.5934104707594035,False
2024,02055,MATERNAL I,conditional_logit_distance,oos_2024,oos,all,33.53402237237639,2023.0,CP CRECHE CASA DO POBRE DE NOSSA SENHORA DE COPACABANA,24.0,parceira,matriculas_ano_anterior_proxy,True,9.534022372376391,True
2024,02055,MATERNAL II,conditional_logit_distance,oos_2024,oos,all,14.5798814092034,2023.0,CP CRECHE CASA DO POBRE DE NOSSA SENHORA DE COPACABANA,50.0,parceira,matriculas_ano_anterior_proxy,True,-35.4201185907966,False
2024,02056,MATERNAL I,conditional_logit_distance,oos_2024,oos,all,24.00561865084204,2023.0,CP CRECHE SANTA CLARA DE ASSIS NA PROVIDÊNCIA DE DEUS,24.0,parceira,matriculas_ano_anterior_proxy,True,0.005618650842041717,True
2024,02056,MATERNAL II,conditional_logit_distance,oos_2024,oos,all,14.603072032397938,2023.0,CP CRECHE SANTA CLARA DE ASSIS NA PROVIDÊNCIA DE DEUS,38.0,parceira,matriculas_ano_anterior_proxy,True,-23.39692796760206,False
2024,0205601,BERCARIO,conditional_logit_distance,oos_2024,oos,all,122.63031695546228,2023.0,CM IRMÃS BAPTISTA,43.0,publica,matriculas_ano_anterior_proxy,True,79.63031695546228,True
2024,0205601,MATERNAL I,conditional_logit_distance,oos_2024,oos,all,56.51456675802801,2023.0,CM IRMÃS BAPTISTA,32.0,publica,matriculas_ano_anterior_proxy,True,24.51456675802801,True
2024,0205601,MATERNAL II,conditional_logit_distance,oos_2024,oos,all,24.736392915530715,2023.0,CM IRMÃS BAPTISTA,0.0,publica,matriculas_ano_anterior_proxy,True,24.736392915530715,True
2024,0205602,BERCARIO,conditional_logit_distance,oos_2024,oos,all,68.1830032579921,2023.0,CM TIA SONIA CRISPINIANO,41.0,publica,matriculas_ano_anterior_proxy,True,27.183003257992098,True
2024,0205602,MATERNAL I,conditional_logit_distance,oos_2024,oos,all,31.530163927913367,2023.0,CM TIA SONIA CRISPINIANO,39.0,publica,matriculas_ano_anterior_proxy,True,-7.469836072086633,False
2024,0205602,MATERNAL II,conditional_logit_distance,oos_2024,oos,all,13.599252549918532,2023.0,CM TIA SONIA CRISPINIANO,0.0,publica,matriculas_ano_anterior_proxy,True,13.599252549918532,True
2024,02057,MATERNAL I,conditional_logit_distance,oos_2024,oos,all,12.60465696782899,2023.0,CP CENTRO EDUCACIONAL ESPERANÇA,24.0,parceira,matriculas_ano_anterior_proxy,True,-11.39534303217101,False
2024,02057,MATERNAL II,conditional_logit_distance,oos_2024,oos,all,5.9010809825134025,2023.0,CP CENTRO EDUCACIONAL ESPERANÇA,35.0,parceira,matriculas_ano_anterior_proxy,True,-29.098919017486597,False
2024,02058,MATERNAL I,conditional_logit_distance,oos_2024,oos,all,25.591398746912304,2023.0,CP NASCEER - NÚCLEO DE ASSIST. SOCIAL CULTURAL EDUC. ECOLÓGICO DA ROCINHA,40.0,parceira,matriculas_ano_anterior_proxy,True,-14.408601253087696,False
2024,02058,MATERNAL II,conditional_logit_distance,oos_2024,oos,all,13.212208265464431,2023.0,CP NASCEER - NÚCLEO DE ASSIST. SOCIAL CULTURAL EDUC. ECOLÓGICO DA ROCINHA,40.0,parceira,matriculas_ano_anterior_proxy,True,-26.787791734535567,False
2024,0205801,BERCARIO,conditional_logit_distance,oos_2024,oos,all,45.720768852118624,2023.0,EDI DONA MARCELA,12.0,publica,matriculas_ano_anterior_proxy,True,33.720768852118624,True
2024,0205801,MATERNAL I,conditional_logit_distance,oos_2024,oos,all,24.775549643947908,2023.0,EDI DONA MARCELA,16.0,publica,matriculas_ano_anterior_proxy,True,8.775549643947908,True
2024,0205801,MATERNAL II,conditional_logit_distance,oos_2024,oos,all,7.807930051744738,2023.0,EDI DONA MARCELA,0.0,publica,matriculas_ano_anterior_proxy,True,7.807930051744738,True
2024,02060,MATERNAL I,conditional_logit_distance,oos_2024,oos,all,25.80328241348475,,,,,,False,,
2024,02060,MATERNAL II,conditional_logit_distance,oos_2024,oos,all,13.353528358933634,,,,,,False,,
2024,02061,MATERNAL I,conditional_logit_distance,oos_2024,oos,all,16.445748838950063,,,,,,False,,
2024,02061,MATERNAL II,conditional_logit_distance,oos_2024,oos,all,6.56512238883586,,,,,,False,,
2024,02062,MATERNAL I,conditional_logit_distance,oos_2024,oos,all,37.09555802003758,,,,,,False,,
2024,02062,MATERNAL II,conditional_logit_distance,oos_2024,oos,all,18.984393605173363,,,,,,False,,
2024,02063,MATERNAL I,conditional_logit_distance,oos_2024,oos,all,23.200186260105976,,,,,,False,,
2024,02063,MATERNAL II,conditional_logit_distance,oos_2024,oos,all,12.140573491053866,,,,,,False,,
2024,0206601,BERCARIO,conditional_logit_distance,oos_2024,oos,all,27.762376285201174,2023.0,CM DOUTOR SOBRAL PINTO,24.0,publica,matriculas_ano_anterior_proxy,True,3.7623762852011744,True
2024,0206601,MATERNAL I,conditional_logit_distance,oos_2024,oos,all,12.709529848329066,2023.0,CM DOUTOR SOBRAL PINTO,24.0,publica,matriculas_ano_anterior_proxy,True,-11.290470151670934,False
2024,0206601,MATERNAL II,conditional_logit_distance,oos_2024,oos,all,6.980824959461245,2023.0,CM DOUTOR SOBRAL PINTO,0.0,publica,matriculas_ano_anterior_proxy,True,6.980824959461245,True
2024,0206602,BERCARIO,conditional_logit_distance,oos_2024,oos,all,67.93990416455674,2023.0,CM VIDIGAL,49.0,publica,matriculas_ano_anterior_proxy,True,18.939904164556737,True
2024,0206602,MATERNAL I,conditional_logit_distance,oos_2024,oos,all,26.38444746720566,2023.0,CM VIDIGAL,36.0,publica,matriculas_ano_anterior_proxy,True,-9.61555253279434,False
2024,0206602,MATERNAL II,conditional_logit_distance,oos_2024,oos,all,16.458708254699015,2023.0,CM VIDIGAL,0.0,publica,matriculas_ano_anterior_proxy,True,16.458708254699015,True
2024,0206603,BERCARIO,conditional_logit_distance,oos_2024,oos,all,21.811133587691494,2023.0,CM JACÓ INÁCIO GOMES,20.0,publica,matriculas_ano_anterior_proxy,True,1.8111335876914936,True
2024,0206603,MATERNAL I,conditional_logit_distance,oos_2024,oos,all,10.442157084386825,2023.0,CM JACÓ INÁCIO GOMES,16.0,publica,matriculas_ano_anterior_proxy,True,-5.5578429156131754,False
2024,0206603,MATERNAL II,conditional_logit_distance,oos_2024,oos,all,5.344303173392661,2023.0,CM JACÓ INÁCIO GOMES,0.0,publica,matriculas_ano_anterior_proxy,True,5.344303173392661,True
2024,0206605,BERCARIO,conditional_logit_distance,oos_2024,oos,all,40.466845935751024,2023.0,CM DOUTOR PEDRO BLOCH,27.0,publica,matriculas_ano_anterior_proxy,True,13.466845935751024,True
2024,0206605,MATERNAL I,conditional_logit_distance,oos_2024,oos,all,19.12676659827679,2023.0,CM DOUTOR PEDRO BLOCH,20.0,publica,matriculas_ano_anterior_proxy,True,-0.8732334017232084,False
2024,0206605,MATERNAL II,conditional_logit_distance,oos_2024,oos,all,9.895954794830612,2023.0,CM DOUTOR PEDRO BLOCH,0.0,publica,matriculas_ano_anterior_proxy,True,9.895954794830612,True
2024,0206606,BERCARIO,conditional_logit_distance,oos_2024,oos,all,27.61842214478016,2023.0,CM ELZA MACHADO DOS SANTOS - TIA ELZA,25.0,publica,matriculas_ano_anterior_proxy,True,2.6184221447801583,True
2024,0206606,MATERNAL I,conditional_logit_distance,oos_2024,oos,all,16.511838194328927,2023.0,CM ELZA MACHADO DOS SANTOS - TIA ELZA,40.0,publica,matriculas_ano_anterior_proxy,True,-23.488161805671073,False
2024,0206606,MATERNAL II,conditional_logit_distance,oos_2024,oos,all,6.232066814827689,2023.0,CM ELZA MACHADO DOS SANTOS - TIA ELZA,0.0,publica,matriculas_ano_anterior_proxy,True,6.232066814827689,True
2024,0208601,BERCARIO,conditional_logit_distance,oos_2024,oos,all,50.91098503806129,2023.0,CM CASA BRANCA - PROFESSOR PAULO FREIRE,40.0,publica,matriculas_ano_anterior_proxy,True,10.910985038061291,True
2024,0208601,MATERNAL I,conditional_logit_distance,oos_2024,oos,all,19.835190218034437,2023.0,CM CASA BRANCA - PROFESSOR PAULO FREIRE,37.0,publica,matriculas_ano_anterior_proxy,True,-17.164809781965563,False
2024,0208601,MATERNAL II,conditional_logit_distance,oos_2024,oos,all,8.740909464445267,2023.0,CM CASA BRANCA - PROFESSOR PAULO FREIRE,0.0,publica,matriculas_ano_anterior_proxy,True,8.740909464445267,True
2024,0208603,BERCARIO,conditional_logit_distance,oos_2024,oos,all,46.82358770781219,2023.0,CM RAÍZES DO SALGUEIRO,25.0,publica,matriculas_ano_anterior_proxy,True,21.823587707812187,True
2024,0208603,MATERNAL I,conditional_logit_distance,oos_2024,oos,all,19.14272465459084,2023.0,CM RAÍZES DO SALGUEIRO,48.0,publica,matriculas_ano_anterior_proxy,True,-28.85727534540916,False
2024,0208603,MATERNAL II,conditional_logit_distance,oos_2024,oos,all,8.609340706179188,2023.0,CM RAÍZES DO SALGUEIRO,0.0,publica,matriculas_ano_anterior_proxy,True,8.609340706179188,True
2024,0208604,BERCARIO,conditional_logit_distance,oos_2024,oos,all,61.473661403468185,2023.0,CM TIA BELA,47.0,publica,matriculas_ano_anterior_proxy,True,14.473661403468185,True
2024,0208604,MATERNAL I,conditional_logit_distance,oos_2024,oos,all,23.405485395100904,2023.0,CM TIA BELA,28.0,publica,matriculas_ano_anterior_proxy,True,-4.594514604899096,False
2024,0208604,MATERNAL II,conditional_logit_distance,oos_2024,oos,all,9.966101148681648,2023.0,CM TIA BELA,0.0,publica,matriculas_ano_anterior_proxy,True,9.966101148681648,True
2024,0208605,BERCARIO,conditional_logit_distance,oos_2024,oos,all,39.24208867222224,2023.0,CM TIA MARIA,21.0,publica,matriculas_ano_anterior_proxy,True,18.242088672222238,True
2024,0208605,MATERNAL I,conditional_logit_distance,oos_2024,oos,all,15.693676153274398,2023.0,CM TIA MARIA,14.0,publica,matriculas_ano_anterior_proxy,True,1.6936761532743976,True
2024,0208605,MATERNAL II,conditional_logit_distance,oos_2024,oos,all,7.0288971116615455,2023.0,CM TIA MARIA,0.0,publica,matriculas_ano_anterior_proxy,True,7.0288971116615455,True
2024,0208606,BERCARIO,conditional_logit_distance,oos_2024,oos,all,47.93040118615697,2023.0,CM DOUTOR RONALDO LUIZ GAZOLLA,17.0,publica,matriculas_ano_anterior_proxy,True,30.93040118615697,True
2024,0208606,MATERNAL I,conditional_logit_distance,oos_2024,oos,all,18.70907290483328,2023.0,CM DOUTOR RONALDO LUIZ GAZOLLA,18.0,publica,matriculas_ano_anterior_proxy,True,0.7090729048332811,True
2024,0208606,MATERNAL II,conditional_logit_distance,oos_2024,oos,all,8.217613574222721,2023.0,CM DOUTOR RONALDO LUIZ GAZOLLA,0.0,publica,matriculas_ano_anterior_proxy,True,8.217613574222721,True
2024,0208607,BERCARIO,conditional_logit_distance,oos_2024,oos,all,48.30971431349725,2023.0,CM DOS SONHOS,22.0,publica,matriculas_ano_anterior_proxy,True,26.309714313497253,True
2024,0208607,MATERNAL I,conditional_logit_distance,oos_2024,oos,all,20.50819814463851,2023.0,CM DOS SONHOS,15.0,publica,matriculas_ano_anterior_proxy,True,5.508198144638509,True
2024,0208607,MATERNAL II,conditional_logit_distance,oos_2024,oos,all,9.398866462831554,2023.0,CM DOS SONHOS,0.0,publica,matriculas_ano_anterior_proxy,True,9.398866462831554,True
2024,0208608,BERCARIO,conditional_logit_distance,oos_2024,oos,all,64.7707371800541,2023.0,CM DOUTOR SÉRGIO AROUCA,44.0,publica,matriculas_ano_anterior_proxy,True,20.7707371800541,True
2024,0208608,MATERNAL I,conditional_logit_distance,oos_2024,oos,all,28.03960451418003,2023.0,CM DOUTOR SÉRGIO AROUCA,24.0,publica,matriculas_ano_anterior_proxy,True,4.039604514180031,True
2024,0208608,MATERNAL II,conditional_logit_distance,oos_2024,oos,all,12.88882489565113,2023.0,CM DOUTOR SÉRGIO AROUCA,0.0,publica,matriculas_ano_anterior_proxy,True,12.88882489565113,True
2024,0208801,BERCARIO,conditional_logit_distance,oos_2024,oos,all,25.20478688031939,2023.0,EDI IGOR MORAES DA SILVA,50.0,publica,matriculas_ano_anterior_proxy,True,-24.79521311968061,False
2024,0208801,MATERNAL I,conditional_logit_distance,oos_2024,oos,all,11.741773863009126,2023.0,EDI IGOR MORAES DA SILVA,25.0,publica,matriculas_ano_anterior_proxy,True,-13.258226136990874,False
2024,0208801,MATERNAL II,conditional_logit_distance,oos_2024,oos,all,7.072148461771289,2023.0,EDI IGOR MORAES DA SILVA,0.0,publica,matriculas_ano_anterior_proxy,True,7.072148461771289,True
2024,0208803,MATERNAL I,conditional_logit_distance,oos_2024,oos,all,13.892992888877949,2023.0,EDI BOREL,40.0,publica,matriculas_ano_anterior_proxy,True,-26.10700711112205,False
2024,0208803,MATERNAL II,conditional_logit_distance,oos_2024,oos,all,6.565018647987761,2023.0,EDI BOREL,0.0,publica,matriculas_ano_anterior_proxy,True,6.565018647987761,True
2024,0209601,BERCARIO,conditional_logit_distance,oos_2024,oos,all,63.71866948992715,2023.0,CM PIPA NO CÉU,53.0,publica,matriculas_ano_anterior_proxy,True,10.718669489927152,True
2024,0209601,MATERNAL I,conditional_logit_distance,oos_2024,oos,all,26.071688645605885,2023.0,CM PIPA NO CÉU,34.0,publica,matriculas_ano_anterior_proxy,True,-7.928311354394115,False
2024,0209601,MATERNAL II,conditional_logit_distance,oos_2024,oos,all,13.115255454046489,2023.0,CM PIPA NO CÉU,0.0,publica,matriculas_ano_anterior_proxy,True,13.115255454046489,True
2024,0209602,BERCARIO,conditional_logit_distance,oos_2024,oos,all,66.7296349473142,2023.0,CM CANTINHO DO CÉU,39.0,publica,matriculas_ano_anterior_proxy,True,27.729634947314196,True
2024,0209602,MATERNAL I,conditional_logit_distance,oos_2024,oos,all,25.56099678661968,2023.0,CM CANTINHO DO CÉU,49.0,publica,matriculas_ano_anterior_proxy,True,-23.43900321338032,False
2024,0209602,MATERNAL II,conditional_logit_distance,oos_2024,oos,all,10.887884266343688,2023.0,CM CANTINHO DO CÉU,0.0,publica,matriculas_ano_anterior_proxy,True,10.887884266343688,True
2024,0209603,BERCARIO,conditional_logit_distance,oos_2024,oos,all,37.196229503920286,2023.0,CM GALDINO MANOEL DA SILVA,11.0,publica,matriculas_ano_anterior_proxy,True,26.196229503920286,True
2024,0209603,MATERNAL I,conditional_logit_distance,oos_2024,oos,all,15.421605273987648,2023.0,CM GALDINO MANOEL DA SILVA,10.0,publica,matriculas_ano_anterior_proxy,True,5.421605273987648,True
2024,0209603,MATERNAL II,conditional_logit_distance,oos_2024,oos,all,7.573523863968669,2023.0,CM GALDINO MANOEL DA SILVA,0.0,publica,matriculas_ano_anterior_proxy,True,7.573523863968669,True
2024,0209604,BERCARIO,conditional_logit_distance,oos_2024,oos,all,40.05208155285017,2023.0,CM NOVA DIVINÉIA,17.0,publica,matriculas_ano_anterior_proxy,True,23.05208155285017,True
2024,0209604,MATERNAL I,conditional_logit_distance,oos_2024,oos,all,16.764832076658905,2023.0,CM NOVA DIVINÉIA,22.0,publica,matriculas_ano_anterior_proxy,True,-5.235167923341095,False
2024,0209604,MATERNAL II,conditional_logit_distance,oos_2024,oos,all,8.581349493007975,2023.0,CM NOVA DIVINÉIA,0.0,publica,matriculas_ano_anterior_proxy,True,8.581349493007975,True
2024,0209605,BERCARIO,conditional_logit_distance,oos_2024,oos,all,31.93773839342152,2023.0,CM SÃO SEBASTIÃO - ARRELIA,31.0,publica,matriculas_ano_anterior_proxy,True,0.9377383934215189,True
2024,0209605,MATERNAL I,conditional_logit_distance,oos_2024,oos,all,13.44811632799434,2023.0,CM SÃO SEBASTIÃO - ARRELIA,16.0,publica,matriculas_ano_anterior_proxy,True,-2.55188367200566,False
2024,0209605,MATERNAL II,conditional_logit_distance,oos_2024,oos,all,6.68153084765386,2023.0,CM SÃO SEBASTIÃO - ARRELIA,0.0,publica,matriculas_ano_anterior_proxy,True,6.68153084765386,True
2024,0209606,BERCARIO,conditional_logit_distance,oos_2024,oos,all,43.59733654267657,2023.0,CM WINNIE MANDELA,20.0,publica,matriculas_ano_anterior_proxy,True,23.597336542676572,True
2024,0209606,MATERNAL I,conditional_logit_distance,oos_2024,oos,all,17.60005378011629,2023.0,CM WINNIE MANDELA,33.0,publica,matriculas_ano_anterior_proxy,True,-15.39994621988371,False
2024,0209606,MATERNAL II,conditional_logit_distance,oos_2024,oos,all,8.279851270599822,2023.0,CM WINNIE MANDELA,0.0,publica,matriculas_ano_anterior_proxy,True,8.279851270599822,True
2024,0209607,BERCARIO,conditional_logit_distance,oos_2024,oos,all,75.13768763351176,2023.0,CM SOLANGE MARIA MAGALHÃES,21.0,publica,matriculas_ano_anterior_proxy,True,54.13768763351176,True
2024,0209607,MATERNAL I,conditional_logit_distance,oos_2024,oos,all,29.653973402170596,2023.0,CM SOLANGE MARIA MAGALHÃES,23.0,publica,matriculas_ano_anterior_proxy,True,6.653973402170596,True
2024,0209607,MATERNAL II,conditional_logit_distance,oos_2024,oos,all,17.22821526585179,2023.0,CM SOLANGE MARIA MAGALHÃES,0.0,publica,matriculas_ano_anterior_proxy,True,17.22821526585179,True
2024,0209608,BERCARIO,conditional_logit_distance,oos_2024,oos,all,72.28311553152349,2023.0,CM GERMINAL DA VILA,46.0,publica,matriculas_ano_anterior_proxy,True,26.283115531523492,True
2024,0209608,MATERNAL I,conditional_logit_distance,oos_2024,oos,all,28.7526713207522,2023.0,CM GERMINAL DA VILA,37.0,publica,matriculas_ano_anterior_proxy,True,-8.2473286792478,False
2024,0209608,MATERNAL II,conditional_logit_distance,oos_2024,oos,all,16.5491770501328,2023.0,CM GERMINAL DA VILA,0.0,publica,matriculas_ano_anterior_proxy,True,16.5491770501328,True
2024,0209609,BERCARIO,conditional_logit_distance,oos_2024,oos,all,41.82243559732114,2023.0,CM PAPA JOÃO PAULO II,44.0,publica,matriculas_ano_anterior_proxy,True,-2.177564402678861,False
2024,0209609,MATERNAL I,conditional_logit_distance,oos_2024,oos,all,17.32655517747391,2023.0,CM PAPA JOÃO PAULO II,41.0,publica,matriculas_ano_anterior_proxy,True,-23.67344482252609,False
2024,0209609,MATERNAL II,conditional_logit_distance,oos_2024,oos,all,8.756213923392664,2023.0,CM PAPA JOÃO PAULO II,0.0,publica,matriculas_ano_anterior_proxy,True,8.756213923392664,True
2024,0209610,BERCARIO,conditional_logit_distance,oos_2024,oos,all,58.46756873232318,2023.0,CM FRANCISCO DE PAULA,23.0,publica,matriculas_ano_anterior_proxy,True,35.46756873232318,True
2024,0209610,MATERNAL I,conditional_logit_distance,oos_2024,oos,all,23.777087704640863,2023.0,CM FRANCISCO DE PAULA,60.0,publica,matriculas_ano_anterior_proxy,True,-36.22291229535914,False
2024,0209610,MATERNAL II,conditional_logit_distance,oos_2024,oos,all,12.68107662252634,2023.0,CM FRANCISCO DE PAULA,0.0,publica,matriculas_ano_anterior_proxy,True,12.68107662252634,True
2024,0209803,MATERNAL I,conditional_logit_distance,oos_2024,oos,all,24.616202540468542,2023.0,EDI PROFESSORA SUELY DE PINHO CAVALCANTE,31.0,publica,matriculas_ano_anterior_proxy,True,-6.383797459531458,False
2024,0209803,MATERNAL II,conditional_logit_distance,oos_2024,oos,all,13.282877859619823,2023.0,EDI PROFESSORA SUELY DE PINHO CAVALCANTE,0.0,publica,matriculas_ano_anterior_proxy,True,13.282877859619823,True
2024,0209804,MATERNAL II,conditional_logit_distance,oos_2024,oos,all,8.517874425520688,2023.0,EDI PROFESSORA LUCIA MARIA QUITETE DE CARVALHO AMARAL,0.0,publica,matriculas_ano_anterior_proxy,True,8.517874425520688,True
2024,0227601,MATERNAL II,conditional_logit_distance,oos_2024,oos,all,16.901908655603854,2023.0,CM CASTELINHO,0.0,publica,matriculas_ano_anterior_proxy,True,16.901908655603854,True
2024,0227602,MATERNAL II,conditional_logit_distance,oos_2024,oos,all,12.437494597678452,2023.0,CM IACYRA FRAZÃO,0.0,publica,matriculas_ano_anterior_proxy,True,12.437494597678452,True
2024,0227801,BERCARIO,conditional_logit_distance,oos_2024,oos,all,69.90078550830061,2023.0,EDI PROFESSORA EDIR CASEIRO RIBEIRO,50.0,publica,matriculas_ano_anterior_proxy,True,19.900785508300615,True
2024,0227801,MATERNAL I,conditional_logit_distance,oos_2024,oos,all,34.531139337388375,2023.0,EDI PROFESSORA EDIR CASEIRO RIBEIRO,48.0,publica,matriculas_ano_anterior_proxy,True,-13.468860662611625,False
2024,0227801,MATERNAL II,conditional_logit_distance,oos_2024,oos,all,17.719426013091073,2023.0,EDI PROFESSORA EDIR CASEIRO RIBEIRO,0.0,publica,matriculas_ano_anterior_proxy,True,17.719426013091073,True
2024,03001,BERCARIO,conditional_logit_distance,oos_2024,oos,all,34.5051673943249,2023.0,CP ASSOCIAÇÃO PRESBITERIANA CUIDANDO DO AMANHÃ - APCA,12.0,parceira,matriculas_ano_anterior_proxy,True,22.5051673943249,True
2024,03001,MATERNAL I,conditional_logit_distance,oos_2024,oos,all,18.096861885494125,2023.0,CP ASSOCIAÇÃO PRESBITERIANA CUIDANDO DO AMANHÃ - APCA,30.0,parceira,matriculas_ano_anterior_proxy,True,-11.903138114505875,False
2024,03001,MATERNAL II,conditional_logit_distance,oos_2024,oos,all,9.403248342418372,2023.0,CP ASSOCIAÇÃO PRESBITERIANA CUIDANDO DO AMANHÃ - APCA,40.0,parceira,matriculas_ano_anterior_proxy,True,-30.596751657581628,False
2024,03002,BERCARIO,conditional_logit_distance,oos_2024,oos,all,83.05094720423372,2023.0,CP ABRIGO MARIA IMACULADA,73.0,parceira,matriculas_ano_anterior_proxy,True,10.050947204233722,True
2024,03002,MATERNAL I,conditional_logit_distance,oos_2024,oos,all,33.44207712241704,2023.0,CP ABRIGO MARIA IMACULADA,150.0,parceira,matriculas_ano_anterior_proxy,True,-116.55792287758297,False
2024,03002,MATERNAL II,conditional_logit_distance,oos_2024,oos,all,17.788829093238476,2023.0,CP ABRIGO MARIA IMACULADA,164.0,parceira,matriculas_ano_anterior_proxy,True,-146.21117090676154,False
2024,03003,MATERNAL I,conditional_logit_distance,oos_2024,oos,all,34.28876963638928,2023.0,CP CASA SÃO ROQUE,89.0,parceira,matriculas_ano_anterior_proxy,True,-54.71123036361072,False
2024,03003,MATERNAL II,conditional_logit_distance,oos_2024,oos,all,16.623442312848493,2023.0,CP CASA SÃO ROQUE,109.0,parceira,matriculas_ano_anterior_proxy,True,-92.3765576871515,False
2024,03004,MATERNAL I,conditional_logit_distance,oos_2024,oos,all,34.638822323650665,2023.0,CP CENTRO COMUNITÁRIO NOSSA SENHORA APARECIDA - CRECHE,24.0,parceira,matriculas_ano_anterior_proxy,True,10.638822323650665,True
2024,03004,MATERNAL II,conditional_logit_distance,oos_2024,oos,all,17.119523692121145,2023.0,CP CENTRO COMUNITÁRIO NOSSA SENHORA APARECIDA - CRECHE,25.0,parceira,matriculas_ano_anterior_proxy,True,-7.880476307878855,False
2024,03005,MATERNAL I,conditional_logit_distance,oos_2024,oos,all,31.03393952823023,2023.0,CP COLÉGIO RUTH SANT ANNA / JARDIM DE INFÂNCIA CIRANDA CIRANDINHA,76.0,parceira,matriculas_ano_anterior_proxy,True,-44.966060471769765,False
2024,03005,MATERNAL II,conditional_logit_distance,oos_2024,oos,all,15.666938615436251,2023.0,CP COLÉGIO RUTH SANT ANNA / JARDIM DE INFÂNCIA CIRANDA CIRANDINHA,74.0,parceira,matriculas_ano_anterior_proxy,True,-58.33306138456375,False
2024,03006,BERCARIO,conditional_logit_distance,oos_2024,oos,all,96.57371818155714,2023.0,CP CRECHE CASA VIVA,15.0,parceira,matriculas_ano_anterior_proxy,True,81.57371818155714,True
2024,03006,MATERNAL I,conditional_logit_distance,oos_2024,oos,all,50.10164110679989,2023.0,CP CRECHE CASA VIVA,32.0,parceira,matriculas_ano_anterior_proxy,True,18.10164110679989,True
2024,03006,MATERNAL II,conditional_logit_distance,oos_2024,oos,all,27.504660462523805,2023.0,CP CRECHE CASA VIVA,38.0,parceira,matriculas_ano_anterior_proxy,True,-10.495339537476195,False
2024,03007,BERCARIO,conditional_logit_distance,oos_2024,oos,all,55.88923532425503,2023.0,CP CRECHE CHAMEGUINHO,18.0,parceira,matriculas_ano_anterior_proxy,True,37.88923532425503,True
2024,03007,MATERNAL I,conditional_logit_distance,oos_2024,oos,all,23.674757008794085,2023.0,CP CRECHE CHAMEGUINHO,30.0,parceira,matriculas_ano_anterior_proxy,True,-6.325242991205915,False
2024,03007,MATERNAL II,conditional_logit_distance,oos_2024,oos,all,11.421496702694448,2023.0,CP CRECHE CHAMEGUINHO,18.0,parceira,matriculas_ano_anterior_proxy,True,-6.578503297305552,False
2024,03008,BERCARIO,conditional_logit_distance,oos_2024,oos,all,63.03425862878274,2023.0,CP CRECHE COMUNITÁRIA ELIANA SATURNINO BRAGA,0.0,parceira,matriculas_ano_anterior_proxy,True,63.03425862878274,True
2024,03008,MATERNAL I,conditional_logit_distance,oos_2024,oos,all,34.19285062711055,2023.0,CP CRECHE COMUNITÁRIA ELIANA SATURNINO BRAGA,36.0,parceira,matriculas_ano_anterior_proxy,True,-1.807149372889448,False
2024,03008,MATERNAL II,conditional_logit_distance,oos_2024,oos,all,17.08953511095851,2023.0,CP CRECHE COMUNITÁRIA ELIANA SATURNINO BRAGA,49.0,parceira,matriculas_ano_anterior_proxy,True,-31.91046488904149,False
2024,03009,MATERNAL I,conditional_logit_distance,oos_2024,oos,all,32.871419609831506,2023.0,CP CRECHE COMUNITÁRIA JOÃO FERREIRA,39.0,parceira,matriculas_ano_anterior_proxy,True,-6.128580390168494,False
2024,03009,MATERNAL II,conditional_logit_distance,oos_2024,oos,all,15.675813571168758,2023.0,CP CRECHE COMUNITÁRIA JOÃO FERREIRA,32.0,parceira,matriculas_ano_anterior_proxy,True,-16.32418642883124,False
2024,03010,MATERNAL I,conditional_logit_distance,oos_2024,oos,all,31.6560915274114,2023.0,CP CRECHE ESCOLA COMUNITÁRIA MÃE SOCIAL,27.0,parceira,matriculas_ano_anterior_proxy,True,4.656091527411402,True
2024,03010,MATERNAL II,conditional_logit_distance,oos_2024,oos,all,15.7634924019736,2023.0,CP CRECHE ESCOLA COMUNITÁRIA MÃE SOCIAL,49.0,parceira,matriculas_ano_anterior_proxy,True,-33.2365075980264,False
2024,03011,MATERNAL I,conditional_logit_distance,oos_2024,oos,all,30.973655831230158,2023.0,CP CRECHE DO CENTRO PASTORAL SOCIAL PADRE JUSTINO RUSSOLILLO,24.0,parceira,matriculas_ano_anterior_proxy,True,6.9736558312301575,True
2024,03011,MATERNAL II,conditional_logit_distance,oos_2024,oos,all,15.16942401699519,2023.0,CP CRECHE DO CENTRO PASTORAL SOCIAL PADRE JUSTINO RUSSOLILLO,30.0,parceira,matriculas_ano_anterior_proxy,True,-14.83057598300481,False
2024,03012,MATERNAL I,conditional_logit_distance,oos_2024,oos,all,67.62951586062756,2023.0,CP CRECHE MÃE DO DIVINO SALVADOR,105.0,parceira,matriculas_ano_anterior_proxy,True,-37.37048413937244,False
2024,03012,MATERNAL II,conditional_logit_distance,oos_2024,oos,all,33.82693895116599,2023.0,CP CRECHE MÃE DO DIVINO SALVADOR,143.0,parceira,matriculas_ano_anterior_proxy,True,-109.173061048834,False
2024,03013,BERCARIO,conditional_logit_distance,oos_2024,oos,all,63.900734469402416,2023.0,CP CRECHE JACAREZINHO,72.0,parceira,matriculas_ano_anterior_proxy,True,-8.099265530597584,False
2024,03013,MATERNAL I,conditional_logit_distance,oos_2024,oos,all,29.63318836277869,2023.0,CP CRECHE JACAREZINHO,78.0,parceira,matriculas_ano_anterior_proxy,True,-48.36681163722131,False
2024,03013,MATERNAL II,conditional_logit_distance,oos_2024,oos,all,15.257770488940194,2023.0,CP CRECHE JACAREZINHO,81.0,parceira,matriculas_ano_anterior_proxy,True,-65.7422295110598,False
2024,03014,BERCARIO,conditional_logit_distance,oos_2024,oos,all,65.59812341947509,2023.0,CP CRECHE PLANTANDO O AMANHÃ,31.0,parceira,matriculas_ano_anterior_proxy,True,34.59812341947509,True
2024,03014,MATERNAL I,conditional_logit_distance,oos_2024,oos,all,35.505307187480284,2023.0,CP CRECHE PLANTANDO O AMANHÃ,66.0,parceira,matriculas_ano_anterior_proxy,True,-30.494692812519716,False
2024,03014,MATERNAL II,conditional_logit_distance,oos_2024,oos,all,18.72332997842533,2023.0,CP CRECHE PLANTANDO O AMANHÃ,66.0,parceira,matriculas_ano_anterior_proxy,True,-47.276670021574674,False
2024,03015,BERCARIO,conditional_logit_distance,oos_2024,oos,all,71.03626133311882,2023.0,CP CRECHE MARIETTA NAVARRO GAIO,16.0,parceira,matriculas_ano_anterior_proxy,True,55.036261333118816,True
2024,03015,MATERNAL I,conditional_logit_distance,oos_2024,oos,all,28.57134798758995,2023.0,CP CRECHE MARIETTA NAVARRO GAIO,21.0,parceira,matriculas_ano_anterior_proxy,True,7.571347987589949,True
2024,03015,MATERNAL II,conditional_logit_distance,oos_2024,oos,all,15.654445617648769,2023.0,CP CRECHE MARIETTA NAVARRO GAIO,24.0,parceira,matriculas_ano_anterior_proxy,True,-8.345554382351231,False
2024,03016,BERCARIO,conditional_logit_distance,oos_2024,oos,all,62.09060787005947,2023.0,CP CRECHE SÃO PEDRO NOLASCO,24.0,parceira,matriculas_ano_anterior_proxy,True,38.09060787005947,True
2024,03016,MATERNAL I,conditional_logit_distance,oos_2024,oos,all,34.074173939600065,2023.0,CP CRECHE SÃO PEDRO NOLASCO,29.0,parceira,matriculas_ano_anterior_proxy,True,5.074173939600065,True
2024,03016,MATERNAL II,conditional_logit_distance,oos_2024,oos,all,16.668294374614934,2023.0,CP CRECHE SÃO PEDRO NOLASCO,45.0,parceira,matriculas_ano_anterior_proxy,True,-28.331705625385066,False
2024,03017,MATERNAL I,conditional_logit_distance,oos_2024,oos,all,23.727384634964555,2023.0,CP CRECHE TERNURINHA,23.0,parceira,matriculas_ano_anterior_proxy,True,0.7273846349645545,True
2024,03017,MATERNAL II,conditional_logit_distance,oos_2024,oos,all,11.570794965344296,2023.0,CP CRECHE TERNURINHA,18.0,parceira,matriculas_ano_anterior_proxy,True,-6.429205034655704,False
2024,03018,MATERNAL I,conditional_logit_distance,oos_2024,oos,all,31.80565581051118,2023.0,CP FRATERNIDADE ASSISTENCIAL CRISTÃ,21.0,parceira,matriculas_ano_anterior_proxy,True,10.80565581051118,True
2024,03018,MATERNAL II,conditional_logit_distance,oos_2024,oos,all,15.931953355927046,2023.0,CP FRATERNIDADE ASSISTENCIAL CRISTÃ,22.0,parceira,matriculas_ano_anterior_proxy,True,-6.068046644072954,False
2024,03019,BERCARIO,conditional_logit_distance,oos_2024,oos,all,59.68570394912704,2023.0,CP INSTITUTO EDUCACIONAL CRESCENDO E APRENDENDO ALGODÃO DOCE,24.0,parceira,matriculas_ano_anterior_proxy,True,35.68570394912704,True
2024,03019,MATERNAL I,conditional_logit_distance,oos_2024,oos,all,32.61081168531257,2023.0,CP INSTITUTO EDUCACIONAL CRESCENDO E APRENDENDO ALGODÃO DOCE,24.0,parceira,matriculas_ano_anterior_proxy,True,8.61081168531257,True
2024,03019,MATERNAL II,conditional_logit_distance,oos_2024,oos,all,15.78875566080272,2023.0,CP INSTITUTO EDUCACIONAL CRESCENDO E APRENDENDO ALGODÃO DOCE,36.0,parceira,matriculas_ano_anterior_proxy,True,-20.21124433919728,False
2024,03020,MATERNAL I,conditional_logit_distance,oos_2024,oos,all,39.76179369460357,2023.0,CP LAR DA CRIANÇA JESUS BOM PASTOR,47.0,parceira,matriculas_ano_anterior_proxy,True,-7.238206305396432,False
2024,03020,MATERNAL II,conditional_logit_distance,oos_2024,oos,all,20.171239166729656,2023.0,CP LAR DA CRIANÇA JESUS BOM PASTOR,73.0,parceira,matriculas_ano_anterior_proxy,True,-52.828760833270344,False
2024,03021,BERCARIO,conditional_logit_distance,oos_2024,oos,all,86.65453154544895,2023.0,CP CRECHE COMUNITÁRIA TIA ALICE,51.0,parceira,matriculas_ano_anterior_proxy,True,35.65453154544895,True
2024,03021,MATERNAL I,conditional_logit_distance,oos_2024,oos,all,38.68445247863371,2023.0,CP CRECHE COMUNITÁRIA TIA ALICE,67.0,parceira,matriculas_ano_anterior_proxy,True,-28.31554752136629,False
2024,03021,MATERNAL II,conditional_logit_distance,oos_2024,oos,all,21.040493685577555,2023.0,CP CRECHE COMUNITÁRIA TIA ALICE,62.0,parceira,matriculas_ano_anterior_proxy,True,-40.95950631442244,False
2024,03022,BERCARIO,conditional_logit_distance,oos_2024,oos,all,75.11191182712,2023.0,CP INSTITUTO AVANTE ELITE DO FUTURO,66.0,parceira,matriculas_ano_anterior_proxy,True,9.111911827119997,True
2024,03022,MATERNAL I,conditional_logit_distance,oos_2024,oos,all,41.22143327936278,2023.0,CP INSTITUTO AVANTE ELITE DO FUTURO,28.0,parceira,matriculas_ano_anterior_proxy,True,13.221433279362778,True
2024,03022,MATERNAL II,conditional_logit_distance,oos_2024,oos,all,22.74772282238086,2023.0,CP INSTITUTO AVANTE ELITE DO FUTURO,28.0,parceira,matriculas_ano_anterior_proxy,True,-5.252277177619138,False
2024,03023,MATERNAL I,conditional_logit_distance,oos_2024,oos,all,28.463521871726847,2023.0,CP LAR DE MARIA DOLORES,28.0,parceira,matriculas_ano_anterior_proxy,True,0.4635218717268472,True
2024,03023,MATERNAL II,conditional_logit_distance,oos_2024,oos,all,14.87582468792486,2023.0,CP LAR DE MARIA DOLORES,44.0,parceira,matriculas_ano_anterior_proxy,True,-29.12417531207514,False
2024,03024,BERCARIO,conditional_logit_distance,oos_2024,oos,all,88.72766483796656,2023.0,CP CASA DE LEYLÁ,49.0,parceira,matriculas_ano_anterior_proxy,True,39.72766483796656,True
2024,03024,MATERNAL I,conditional_logit_distance,oos_2024,oos,all,34.69366553082006,2023.0,CP CASA DE LEYLÁ,50.0,parceira,matriculas_ano_anterior_proxy,True,-15.306334469179937,False
2024,03024,MATERNAL II,conditional_logit_distance,oos_2024,oos,all,19.563727385446334,2023.0,CP CASA DE LEYLÁ,43.0,parceira,matriculas_ano_anterior_proxy,True,-23.436272614553666,False
2024,03025,BERCARIO,conditional_logit_distance,oos_2024,oos,all,78.64706880895147,2023.0,CP CENTRO CULTURAL EDUCAR - UNIDADE II,47.0,parceira,matriculas_ano_anterior_proxy,True,31.647068808951474,True
2024,03025,MATERNAL I,conditional_logit_distance,oos_2024,oos,all,41.28921954550501,2023.0,CP CENTRO CULTURAL EDUCAR - UNIDADE II,58.0,parceira,matriculas_ano_anterior_proxy,True,-16.710780454494987,False
2024,03025,MATERNAL II,conditional_logit_distance,oos_2024,oos,all,21.37849419573295,2023.0,CP CENTRO CULTURAL EDUCAR - UNIDADE II,52.0,parceira,matriculas_ano_anterior_proxy,True,-30.62150580426705,False
2024,03026,BERCARIO,conditional_logit_distance,oos_2024,oos,all,72.15022260951962,2023.0,CP CHALÉ SEMENTINHA,99.0,parceira,matriculas_ano_anterior_proxy,True,-26.849777390480384,False
2024,03026,MATERNAL I,conditional_logit_distance,oos_2024,oos,all,33.688144726356775,2023.0,CP CHALÉ SEMENTINHA,79.0,parceira,matriculas_ano_anterior_proxy,True,-45.311855273643225,False
2024,03026,MATERNAL II,conditional_logit_distance,oos_2024,oos,all,18.236946974996943,2023.0,CP CHALÉ SEMENTINHA,60.0,parceira,matriculas_ano_anterior_proxy,True,-41.76305302500306,False
2024,03027,BERCARIO,conditional_logit_distance,oos_2024,oos,all,80.16866176316498,2023.0,CP CRECHE ALFA MASTER,78.0,parceira,matriculas_ano_anterior_proxy,True,2.1686617631649767,True
2024,03027,MATERNAL I,conditional_logit_distance,oos_2024,oos,all,46.10607535580918,2023.0,CP CRECHE ALFA MASTER,106.0,parceira,matriculas_ano_anterior_proxy,True,-59.89392464419082,False
2024,03027,MATERNAL II,conditional_logit_distance,oos_2024,oos,all,21.01206751649919,2023.0,CP CRECHE ALFA MASTER,77.0,parceira,matriculas_ano_anterior_proxy,True,-55.98793248350081,False
2024,03028,MATERNAL I,conditional_logit_distance,oos_2024,oos,all,66.75578909645385,2023.0,CP ESTRELINHA DO MAR,49.0,parceira,matriculas_ano_anterior_proxy,True,17.755789096453853,True
2024,03028,MATERNAL II,conditional_logit_distance,oos_2024,oos,all,33.37246533171505,2023.0,CP ESTRELINHA DO MAR,50.0,parceira,matriculas_ano_anterior_proxy,True,-16.62753466828495,False
2024,03029,BERCARIO,conditional_logit_distance,oos_2024,oos,all,43.29331163394311,2023.0,CP CRECHE BRINCANDO COM O JUNINHO,28.0,parceira,matriculas_ano_anterior_proxy,True,15.293311633943112,True
2024,03029,MATERNAL I,conditional_logit_distance,oos_2024,oos,all,23.12353546131275,2023.0,CP CRECHE BRINCANDO COM O JUNINHO,32.0,parceira,matriculas_ano_anterior_proxy,True,-8.876464538687252,False
2024,03029,MATERNAL II,conditional_logit_distance,oos_2024,oos,all,11.811821339331756,2023.0,CP CRECHE BRINCANDO COM O JUNINHO,31.0,parceira,matriculas_ano_anterior_proxy,True,-19.188178660668243,False
2024,03030,BERCARIO,conditional_logit_distance,oos_2024,oos,all,85.83672378716827,2023.0,CP CRECHE TIO KITO,22.0,parceira,matriculas_ano_anterior_proxy,True,63.83672378716827,True
2024,03030,MATERNAL I,conditional_logit_distance,oos_2024,oos,all,35.864520622600615,2023.0,CP CRECHE TIO KITO,33.0,parceira,matriculas_ano_anterior_proxy,True,2.8645206226006152,True
2024,03030,MATERNAL II,conditional_logit_distance,oos_2024,oos,all,18.373938888118133,2023.0,CP CRECHE TIO KITO,25.0,parceira,matriculas_ano_anterior_proxy,True,-6.626061111881867,False
2024,03031,MATERNAL I,conditional_logit_distance,oos_2024,oos,all,30.123168766554947,2023.0,CP ESCOLA COMUNITÁRIA JARDIM ARCO-ÍRIS - UNIDADE I,39.0,parceira,matriculas_ano_anterior_proxy,True,-8.876831233445053,False
2024,03031,MATERNAL II,conditional_logit_distance,oos_2024,oos,all,14.423538386533686,2023.0,CP ESCOLA COMUNITÁRIA JARDIM ARCO-ÍRIS - UNIDADE I,47.0,parceira,matriculas_ano_anterior_proxy,True,-32.576461613466314,False
2024,03032,MATERNAL I,conditional_logit_distance,oos_2024,oos,all,34.52112050414964,2023.0,CP NÚCLEO RECREATIVO RAIOZINHO DE SOL,15.0,parceira,matriculas_ano_anterior_proxy,True,19.521120504149643,True
2024,03032,MATERNAL II,conditional_logit_distance,oos_2024,oos,all,18.401746376215588,2023.0,CP NÚCLEO RECREATIVO RAIOZINHO DE SOL,19.0,parceira,matriculas_ano_anterior_proxy,True,-0.5982536237844123,False
2024,03033,BERCARIO,conditional_logit_distance,oos_2024,oos,all,66.64567290330636,2023.0,CP INSTITUTO EDUCACIONAL T & P CONQUISTA,65.0,parceira,matriculas_ano_anterior_proxy,True,1.6456729033063624,True
2024,03033,MATERNAL I,conditional_logit_distance,oos_2024,oos,all,28.352431164487637,2023.0,CP INSTITUTO EDUCACIONAL T & P CONQUISTA,75.0,parceira,matriculas_ano_anterior_proxy,True,-46.64756883551236,False
2024,03033,MATERNAL II,conditional_logit_distance,oos_2024,oos,all,13.394801725923054,2023.0,CP INSTITUTO EDUCACIONAL T & P CONQUISTA,57.0,parceira,matriculas_ano_anterior_proxy,True,-43.60519827407695,False
2024,03034,MATERNAL I,conditional_logit_distance,oos_2024,oos,all,38.381946010622,2023.0,CP CRECHE RISCO E RABISCO,35.0,parceira,matriculas_ano_anterior_proxy,True,3.381946010622002,True
2024,03034,MATERNAL II,conditional_logit_distance,oos_2024,oos,all,21.04924580923288,2023.0,CP CRECHE RISCO E RABISCO,35.0,parceira,matriculas_ano_anterior_proxy,True,-13.950754190767121,False
2024,03035,MATERNAL I,conditional_logit_distance,oos_2024,oos,all,44.649824663407465,2023.0,CP CENTRO EDUCACIONAL SÃO VICENTE DE PAULO,39.0,parceira,matriculas_ano_anterior_proxy,True,5.649824663407465,True
2024,03035,MATERNAL II,conditional_logit_distance,oos_2024,oos,all,22.683042841194396,2023.0,CP CENTRO EDUCACIONAL SÃO VICENTE DE PAULO,28.0,parceira,matriculas_ano_anterior_proxy,True,-5.316957158805604,False
2024,03036,BERCARIO,conditional_logit_distance,oos_2024,oos,all,67.67389689443868,2023.0,CP CENTRO CULTURAL EVOLUIR,41.0,parceira,matriculas_ano_anterior_proxy,True,26.673896894438684,True
2024,03036,MATERNAL I,conditional_logit_distance,oos_2024,oos,all,32.36654225462675,2023.0,CP CENTRO CULTURAL EVOLUIR,71.0,parceira,matriculas_ano_anterior_proxy,True,-38.63345774537325,False
2024,03036,MATERNAL II,conditional_logit_distance,oos_2024,oos,all,16.700359784700257,2023.0,CP CENTRO CULTURAL EVOLUIR,32.0,parceira,matriculas_ano_anterior_proxy,True,-15.299640215299743,False
2024,03037,BERCARIO,conditional_logit_distance,oos_2024,oos,all,71.96509719860813,2023.0,CP CRECHE FRUTOS DO AMANHÃ I,17.0,parceira,matriculas_ano_anterior_proxy,True,54.965097198608134,True
2024,03037,MATERNAL I,conditional_logit_distance,oos_2024,oos,all,38.88283125043501,2023.0,CP CRECHE FRUTOS DO AMANHÃ I,99.0,parceira,matriculas_ano_anterior_proxy,True,-60.11716874956499,False
2024,03037,MATERNAL II,conditional_logit_distance,oos_2024,oos,all,20.10069098911314,2023.0,CP CRECHE FRUTOS DO AMANHÃ I,60.0,parceira,matriculas_ano_anterior_proxy,True,-39.89930901088686,False
2024,03038,MATERNAL I,conditional_logit_distance,oos_2024,oos,all,33.63554034202575,2023.0,CP CRECHE FRUTOS DO AMANHÃ II,16.0,parceira,matriculas_ano_anterior_proxy,True,17.63554034202575,True
2024,03038,MATERNAL II,conditional_logit_distance,oos_2024,oos,all,18.051346115554697,2023.0,CP CRECHE FRUTOS DO AMANHÃ II,66.0,parceira,matriculas_ano_anterior_proxy,True,-47.94865388444531,False
2024,03039,BERCARIO,conditional_logit_distance,oos_2024,oos,all,63.32827420038684,,,,,,False,,
2024,03039,MATERNAL II,conditional_logit_distance,oos_2024,oos,all,16.628222583853653,,,,,,False,,
2024,03040,BERCARIO,conditional_logit_distance,oos_2024,oos,all,82.22399125583631,,,,,,False,,
2024,03040,MATERNAL I,conditional_logit_distance,oos_2024,oos,all,35.31277562442859,,,,,,False,,
2024,03040,MATERNAL II,conditional_logit_distance,oos_2024,oos,all,17.279784509110605,,,,,,False,,
2024,03041,MATERNAL I,conditional_logit_distance,oos_2024,oos,all,43.25133461594436,,,,,,False,,
2024,03041,MATERNAL II,conditional_logit_distance,oos_2024,oos,all,22.154166039345924,,,,,,False,,
2024,0312502,BERCARIO,conditional_logit_distance,oos_2024,oos,all,89.21783582954171,2023.0,CIEP PROCÓPIO FERREIRA,50.0,publica,matriculas_ano_anterior_proxy,True,39.21783582954171,True
2024,0312502,MATERNAL I,conditional_logit_distance,oos_2024,oos,all,43.52405309989404,2023.0,CIEP PROCÓPIO FERREIRA,53.0,publica,matriculas_ano_anterior_proxy,True,-9.47594690010596,False
2024,0312502,MATERNAL II,conditional_logit_distance,oos_2024,oos,all,20.019059097679158,2023.0,CIEP PROCÓPIO FERREIRA,0.0,publica,matriculas_ano_anterior_proxy,True,20.019059097679158,True
2024,0312601,BERCARIO,conditional_logit_distance,oos_2024,oos,all,62.00954250570496,2023.0,CM CANTINHO FELIZ,50.0,publica,matriculas_ano_anterior_proxy,True,12.009542505704957,True
2024,0312601,MATERNAL I,conditional_logit_distance,oos_2024,oos,all,31.93736018763762,2023.0,CM CANTINHO FELIZ,50.0,publica,matriculas_ano_anterior_proxy,True,-18.06263981236238,False
2024,0312601,MATERNAL II,conditional_logit_distance,oos_2024,oos,all,16.064877836497153,2023.0,CM CANTINHO FELIZ,0.0,publica,matriculas_ano_anterior_proxy,True,16.064877836497153,True
2024,0312602,BERCARIO,conditional_logit_distance,oos_2024,oos,all,72.83019189014041,2023.0,CM ENGENHO DA RAINHA,29.0,publica,matriculas_ano_anterior_proxy,True,43.83019189014041,True
2024,0312602,MATERNAL I,conditional_logit_distance,oos_2024,oos,all,40.3351640349096,2023.0,CM ENGENHO DA RAINHA,28.0,publica,matriculas_ano_anterior_proxy,True,12.335164034909603,True
2024,0312602,MATERNAL II,conditional_logit_distance,oos_2024,oos,all,23.492492980541066,2023.0,CM ENGENHO DA RAINHA,0.0,publica,matriculas_ano_anterior_proxy,True,23.492492980541066,True
2024,0312603,BERCARIO,conditional_logit_distance,oos_2024,oos,all,67.14351446155564,2023.0,CM RENASCER,50.0,publica,matriculas_ano_anterior_proxy,True,17.14351446155564,True
2024,0312603,MATERNAL I,conditional_logit_distance,oos_2024,oos,all,34.0526943739028,2023.0,CM RENASCER,40.0,publica,matriculas_ano_anterior_proxy,True,-5.947305626097197,False
2024,0312603,MATERNAL II,conditional_logit_distance,oos_2024,oos,all,16.74759105391072,2023.0,CM RENASCER,0.0,publica,matriculas_ano_anterior_proxy,True,16.74759105391072,True
2024,0312801,BERCARIO,conditional_logit_distance,oos_2024,oos,all,61.03132977970498,2023.0,EDI HENRIQUE FORÉIS,24.0,publica,matriculas_ano_anterior_proxy,True,37.03132977970498,True
2024,0312801,MATERNAL I,conditional_logit_distance,oos_2024,oos,all,33.42738083209642,2023.0,EDI HENRIQUE FORÉIS,51.0,publica,matriculas_ano_anterior_proxy,True,-17.572619167903582,False
2024,0312801,MATERNAL II,conditional_logit_distance,oos_2024,oos,all,17.219918069976387,2023.0,EDI HENRIQUE FORÉIS,0.0,publica,matriculas_ano_anterior_proxy,True,17.219918069976387,True
2024,0312802,MATERNAL I,conditional_logit_distance,oos_2024,oos,all,32.838009806736686,2023.0,EDI LUCIA MARIA BATISTA DE ALBUQUERQUE,48.0,publica,matriculas_ano_anterior_proxy,True,-15.161990193263314,False
2024,0312802,MATERNAL II,conditional_logit_distance,oos_2024,oos,all,16.517501858463202,2023.0,EDI LUCIA MARIA BATISTA DE ALBUQUERQUE,0.0,publica,matriculas_ano_anterior_proxy,True,16.517501858463202,True
2024,0312803,MATERNAL I,conditional_logit_distance,oos_2024,oos,all,41.12938239815176,2023.0,EDI PROFESSORA LUIZA HELENA MAIA MEDEIROS,23.0,publica,matriculas_ano_anterior_proxy,True,18.129382398151762,True
2024,0312803,MATERNAL II,conditional_logit_distance,oos_2024,oos,all,20.819445195015284,2023.0,EDI PROFESSORA LUIZA HELENA MAIA MEDEIROS,0.0,publica,matriculas_ano_anterior_proxy,True,20.819445195015284,True
2024,0312804,BERCARIO,conditional_logit_distance,oos_2024,oos,all,79.58492251891445,2023.0,EDI PROFESSORA TÂNIA MARTINS NOVO LENZ,25.0,publica,matriculas_ano_anterior_proxy,True,54.58492251891445,True
2024,0312804,MATERNAL I,conditional_logit_distance,oos_2024,oos,all,43.02459746846012,2023.0,EDI PROFESSORA TÂNIA MARTINS NOVO LENZ,49.0,publica,matriculas_ano_anterior_proxy,True,-5.975402531539878,False
2024,0312804,MATERNAL II,conditional_logit_distance,oos_2024,oos,all,24.9401780419942,2023.0,EDI PROFESSORA TÂNIA MARTINS NOVO LENZ,0.0,publica,matriculas_ano_anterior_proxy,True,24.9401780419942,True
2024,0312805,BERCARIO,conditional_logit_distance,oos_2024,oos,all,55.92780683721482,2023.0,EDI TANIA CRISTINA MOREIRA,23.0,publica,matriculas_ano_anterior_proxy,True,32.92780683721482,True
2024,0312805,MATERNAL I,conditional_logit_distance,oos_2024,oos,all,30.53673457665271,2023.0,EDI TANIA CRISTINA MOREIRA,45.0,publica,matriculas_ano_anterior_proxy,True,-14.463265423347291,False
2024,0312805,MATERNAL II,conditional_logit_distance,oos_2024,oos,all,15.579349016687567,2023.0,EDI TANIA CRISTINA MOREIRA,0.0,publica,matriculas_ano_anterior_proxy,True,15.579349016687567,True
2024,0312806,BERCARIO,conditional_logit_distance,oos_2024,oos,all,72.17432357297521,2023.0,EDI PROFESSORA ELIANE MONTE CHIARI DANTAS,25.0,publica,matriculas_ano_anterior_proxy,True,47.17432357297521,True
2024,0312806,MATERNAL I,conditional_logit_distance,oos_2024,oos,all,39.45773555229616,2023.0,EDI PROFESSORA ELIANE MONTE CHIARI DANTAS,25.0,publica,matriculas_ano_anterior_proxy,True,14.457735552296157,True
2024,0312806,MATERNAL II,conditional_logit_distance,oos_2024,oos,all,19.935093438345053,2023.0,EDI PROFESSORA ELIANE MONTE CHIARI DANTAS,0.0,publica,matriculas_ano_anterior_proxy,True,19.935093438345053,True
2024,0312809,BERCARIO,conditional_logit_distance,oos_2024,oos,all,60.44776345749532,2023.0,EDI PROFESSORA VALÉRIA PEREIRA DE SOUZA PINTO,26.0,publica,matriculas_ano_anterior_proxy,True,34.44776345749532,True
2024,0312809,MATERNAL I,conditional_logit_distance,oos_2024,oos,all,32.67257419817032,2023.0,EDI PROFESSORA VALÉRIA PEREIRA DE SOUZA PINTO,24.0,publica,matriculas_ano_anterior_proxy,True,8.672574198170317,True
2024,0312809,MATERNAL II,conditional_logit_distance,oos_2024,oos,all,16.264004488958445,2023.0,EDI PROFESSORA VALÉRIA PEREIRA DE SOUZA PINTO,0.0,publica,matriculas_ano_anterior_proxy,True,16.264004488958445,True
2024,0312810,MATERNAL I,conditional_logit_distance,oos_2024,oos,all,33.71921944430462,2023.0,EDI MARIA MAZZETTI,23.0,publica,matriculas_ano_anterior_proxy,True,10.71921944430462,True
2024,0312810,MATERNAL II,conditional_logit_distance,oos_2024,oos,all,18.31831879064369,2023.0,EDI MARIA MAZZETTI,0.0,publica,matriculas_ano_anterior_proxy,True,18.31831879064369,True
2024,0312811,MATERNAL II,conditional_logit_distance,oos_2024,oos,all,18.631223538143995,2023.0,EDI BRICIO FILHO,0.0,publica,matriculas_ano_anterior_proxy,True,18.631223538143995,True
2024,0312812,BERCARIO,conditional_logit_distance,oos_2024,oos,all,68.70624964027638,2023.0,EDI HERMENEGILDO DE BARROS,50.0,publica,matriculas_ano_anterior_proxy,True,18.706249640276383,True
2024,0312812,MATERNAL I,conditional_logit_distance,oos_2024,oos,all,37.84792093820926,2023.0,EDI HERMENEGILDO DE BARROS,51.0,publica,matriculas_ano_anterior_proxy,True,-13.152079061790737,False
2024,0312812,MATERNAL II,conditional_logit_distance,oos_2024,oos,all,21.07675280863849,2023.0,EDI HERMENEGILDO DE BARROS,0.0,publica,matriculas_ano_anterior_proxy,True,21.07675280863849,True
2024,0312813,BERCARIO,conditional_logit_distance,oos_2024,oos,all,85.26474747631589,2023.0,EDI JORNALISTA JORGE BASTOS MORENO,101.0,publica,matriculas_ano_anterior_proxy,True,-15.73525252368411,False
2024,0312813,MATERNAL I,conditional_logit_distance,oos_2024,oos,all,34.03293080002215,2023.0,EDI JORNALISTA JORGE BASTOS MORENO,48.0,publica,matriculas_ano_anterior_proxy,True,-13.96706919997785,False
2024,0312813,MATERNAL II,conditional_logit_distance,oos_2024,oos,all,18.27756436441912,2023.0,EDI JORNALISTA JORGE BASTOS MORENO,0.0,publica,matriculas_ano_anterior_proxy,True,18.27756436441912,True
2024,0313601,BERCARIO,conditional_logit_distance,oos_2024,oos,all,72.0279833840405,2023.0,CM VILA DOS MINEIROS,20.0,publica,matriculas_ano_anterior_proxy,True,52.027983384040496,True
2024,0313601,MATERNAL I,conditional_logit_distance,oos_2024,oos,all,39.19015303024362,2023.0,CM VILA DOS MINEIROS,21.0,publica,matriculas_ano_anterior_proxy,True,18.19015303024362,True
2024,0313601,MATERNAL II,conditional_logit_distance,oos_2024,oos,all,21.987739272414487,2023.0,CM VILA DOS MINEIROS,0.0,publica,matriculas_ano_anterior_proxy,True,21.987739272414487,True
2024,0313602,BERCARIO,conditional_logit_distance,oos_2024,oos,all,61.82478874915157,2023.0,CM ACONCHEGO,44.0,publica,matriculas_ano_anterior_proxy,True,17.824788749151573,True
2024,0313602,MATERNAL I,conditional_logit_distance,oos_2024,oos,all,26.063369556153123,2023.0,CM ACONCHEGO,24.0,publica,matriculas_ano_anterior_proxy,True,2.0633695561531233,True
2024,0313602,MATERNAL II,conditional_logit_distance,oos_2024,oos,all,12.369503705184384,2023.0,CM ACONCHEGO,0.0,publica,matriculas_ano_anterior_proxy,True,12.369503705184384,True
2024,0313603,BERCARIO,conditional_logit_distance,oos_2024,oos,all,72.68014415228285,2023.0,CM SYLVIA ORTHOF,18.0,publica,matriculas_ano_anterior_proxy,True,54.68014415228285,True
2024,0313603,MATERNAL I,conditional_logit_distance,oos_2024,oos,all,39.576870456617286,2023.0,CM SYLVIA ORTHOF,24.0,publica,matriculas_ano_anterior_proxy,True,15.576870456617286,True
2024,0313603,MATERNAL II,conditional_logit_distance,oos_2024,oos,all,21.672552640539987,2023.0,CM SYLVIA ORTHOF,0.0,publica,matriculas_ano_anterior_proxy,True,21.672552640539987,True
2024,0313604,BERCARIO,conditional_logit_distance,oos_2024,oos,all,55.047162894344936,2023.0,CM NOSSO CANTINHO,23.0,publica,matriculas_ano_anterior_proxy,True,32.047162894344936,True
2024,0313604,MATERNAL I,conditional_logit_distance,oos_2024,oos,all,23.012957875497538,2023.0,CM NOSSO CANTINHO,48.0,publica,matriculas_ano_anterior_proxy,True,-24.987042124502462,False
2024,0313604,MATERNAL II,conditional_logit_distance,oos_2024,oos,all,12.160783478551258,2023.0,CM NOSSO CANTINHO,0.0,publica,matriculas_ano_anterior_proxy,True,12.160783478551258,True
2024,0313606,BERCARIO,conditional_logit_distance,oos_2024,oos,all,81.35959348929605,2023.0,CM CANTINHO DO QUETO,21.0,publica,matriculas_ano_anterior_proxy,True,60.359593489296046,True
2024,0313606,MATERNAL I,conditional_logit_distance,oos_2024,oos,all,33.08547337631435,2023.0,CM CANTINHO DO QUETO,25.0,publica,matriculas_ano_anterior_proxy,True,8.085473376314347,True
2024,0313606,MATERNAL II,conditional_logit_distance,oos_2024,oos,all,17.71250996678785,2023.0,CM CANTINHO DO QUETO,0.0,publica,matriculas_ano_anterior_proxy,True,17.71250996678785,True
2024,0313607,BERCARIO,conditional_logit_distance,oos_2024,oos,all,71.7644723686367,2023.0,CM ODETINHA VIDAL DE OLIVEIRA,75.0,publica,matriculas_ano_anterior_proxy,True,-3.235527631363297,False
2024,0313607,MATERNAL I,conditional_logit_distance,oos_2024,oos,all,32.34367677476021,2023.0,CM ODETINHA VIDAL DE OLIVEIRA,46.0,publica,matriculas_ano_anterior_proxy,True,-13.656323225239788,False
2024,0313607,MATERNAL II,conditional_logit_distance,oos_2024,oos,all,15.729747959176546,2023.0,CM ODETINHA VIDAL DE OLIVEIRA,0.0,publica,matriculas_ano_anterior_proxy,True,15.729747959176546,True
2024,0313608,BERCARIO,conditional_logit_distance,oos_2024,oos,all,56.41379148089917,2023.0,CM RACHEL LEITE DIAS,49.0,publica,matriculas_ano_anterior_proxy,True,7.413791480899171,True
2024,0313608,MATERNAL I,conditional_logit_distance,oos_2024,oos,all,29.65797716673545,2023.0,CM RACHEL LEITE DIAS,47.0,publica,matriculas_ano_anterior_proxy,True,-17.34202283326455,False
2024,0313608,MATERNAL II,conditional_logit_distance,oos_2024,oos,all,15.449236200249985,2023.0,CM RACHEL LEITE DIAS,0.0,publica,matriculas_ano_anterior_proxy,True,15.449236200249985,True
2024,0313609,BERCARIO,conditional_logit_distance,oos_2024,oos,all,41.366409168598686,2023.0,CM RECANTO DA CACHOEIRA,49.0,publica,matriculas_ano_anterior_proxy,True,-7.633590831401314,False
2024,0313609,MATERNAL I,conditional_logit_distance,oos_2024,oos,all,18.540756519829184,2023.0,CM RECANTO DA CACHOEIRA,43.0,publica,matriculas_ano_anterior_proxy,True,-24.459243480170816,False
2024,0313609,MATERNAL II,conditional_logit_distance,oos_2024,oos,all,9.259499654839823,2023.0,CM RECANTO DA CACHOEIRA,0.0,publica,matriculas_ano_anterior_proxy,True,9.259499654839823,True
2024,0313610,BERCARIO,conditional_logit_distance,oos_2024,oos,all,73.09747361233842,2023.0,CM EMMANUEL,50.0,publica,matriculas_ano_anterior_proxy,True,23.09747361233842,True
2024,0313610,MATERNAL I,conditional_logit_distance,oos_2024,oos,all,29.44404208658205,2023.0,CM EMMANUEL,45.0,publica,matriculas_ano_anterior_proxy,True,-15.555957913417949,False
2024,0313610,MATERNAL II,conditional_logit_distance,oos_2024,oos,all,13.65527016382134,2023.0,CM EMMANUEL,0.0,publica,matriculas_ano_anterior_proxy,True,13.65527016382134,True
2024,0313611,BERCARIO,conditional_logit_distance,oos_2024,oos,all,92.5910493292293,2023.0,CM JOSÉ RAMOS JANUÁRIO - ZÉ PRETINHO,48.0,publica,matriculas_ano_anterior_proxy,True,44.59104932922931,True
2024,0313611,MATERNAL I,conditional_logit_distance,oos_2024,oos,all,39.29893180095866,2023.0,CM JOSÉ RAMOS JANUÁRIO - ZÉ PRETINHO,50.0,publica,matriculas_ano_anterior_proxy,True,-10.701068199041337,False
2024,0313611,MATERNAL II,conditional_logit_distance,oos_2024,oos,all,19.251592706288765,2023.0,CM JOSÉ RAMOS JANUÁRIO - ZÉ PRETINHO,0.0,publica,matriculas_ano_anterior_proxy,True,19.251592706288765,True
2024,0313612,BERCARIO,conditional_logit_distance,oos_2024,oos,all,73.834499981353,2023.0,CM MARCILIA CATARINA DA COSTA ORGÉLIO - TIA MANA,48.0,publica,matriculas_ano_anterior_proxy,True,25.834499981353005,True
2024,0313612,MATERNAL I,conditional_logit_distance,oos_2024,oos,all,31.99875820326677,2023.0,CM MARCILIA CATARINA DA COSTA ORGÉLIO - TIA MANA,40.0,publica,matriculas_ano_anterior_proxy,True,-8.001241796733229,False
2024,0313612,MATERNAL II,conditional_logit_distance,oos_2024,oos,all,17.125953286724677,2023.0,CM MARCILIA CATARINA DA COSTA ORGÉLIO - TIA MANA,0.0,publica,matriculas_ano_anterior_proxy,True,17.125953286724677,True
2024,0313801,BERCARIO,conditional_logit_distance,oos_2024,oos,all,78.99989885996057,2023.0,EDI PROF. JOSÉ LIBONATI FILHO,24.0,publica,matriculas_ano_anterior_proxy,True,54.99989885996057,True
2024,0313801,MATERNAL I,conditional_logit_distance,oos_2024,oos,all,34.41108922783754,2023.0,EDI PROF. JOSÉ LIBONATI FILHO,45.0,publica,matriculas_ano_anterior_proxy,True,-10.588910772162457,False
2024,0313801,MATERNAL II,conditional_logit_distance,oos_2024,oos,all,17.801147568510526,2023.0,EDI PROF. JOSÉ LIBONATI FILHO,0.0,publica,matriculas_ano_anterior_proxy,True,17.801147568510526,True
2024,0313802,BERCARIO,conditional_logit_distance,oos_2024,oos,all,72.89941973646755,2023.0,EDI ANÍSIO TEIXEIRA,25.0,publica,matriculas_ano_anterior_proxy,True,47.89941973646755,True
2024,0313802,MATERNAL I,conditional_logit_distance,oos_2024,oos,all,40.07079277603813,2023.0,EDI ANÍSIO TEIXEIRA,25.0,publica,matriculas_ano_anterior_proxy,True,15.070792776038132,True
2024,0313802,MATERNAL II,conditional_logit_distance,oos_2024,oos,all,22.54450277432646,2023.0,EDI ANÍSIO TEIXEIRA,0.0,publica,matriculas_ano_anterior_proxy,True,22.54450277432646,True
2024,0313804,MATERNAL I,conditional_logit_distance,oos_2024,oos,all,33.3284795408362,2023.0,EDI GEORGE BERNANOS,25.0,publica,matriculas_ano_anterior_proxy,True,8.328479540836199,True
2024,0313804,MATERNAL II,conditional_logit_distance,oos_2024,oos,all,16.47971095914457,2023.0,EDI GEORGE BERNANOS,0.0,publica,matriculas_ano_anterior_proxy,True,16.47971095914457,True
2024,0313805,MATERNAL I,conditional_logit_distance,oos_2024,oos,all,45.63614525590969,2023.0,EDI MAURÍCIO CARDOSO,23.0,publica,matriculas_ano_anterior_proxy,True,22.63614525590969,True
2024,0313805,MATERNAL II,conditional_logit_distance,oos_2024,oos,all,24.726122271612414,2023.0,EDI MAURÍCIO CARDOSO,0.0,publica,matriculas_ano_anterior_proxy,True,24.726122271612414,True
2024,0313806,MATERNAL II,conditional_logit_distance,oos_2024,oos,all,23.21923152245197,2023.0,EDI EDUCANDÁRIO DE SANTA CRUZ,0.0,publica,matriculas_ano_anterior_proxy,True,23.21923152245197,True
2024,0313809,MATERNAL I,conditional_logit_distance,oos_2024,oos,all,29.537995950650146,2023.0,EDI ESCULTORA LYGIA CLARK,48.0,publica,matriculas_ano_anterior_proxy,True,-18.462004049349854,False
2024,0313809,MATERNAL II,conditional_logit_distance,oos_2024,oos,all,13.886956088253742,2023.0,EDI ESCULTORA LYGIA CLARK,0.0,publica,matriculas_ano_anterior_proxy,True,13.886956088253742,True
2024,0328601,MATERNAL I,conditional_logit_distance,oos_2024,oos,all,35.94492884267938,2023.0,CM GERALDA DE JESUS ALEIXO,32.0,publica,matriculas_ano_anterior_proxy,True,3.9449288426793814,True
2024,0328601,MATERNAL II,conditional_logit_distance,oos_2024,oos,all,19.614111460631268,2023.0,CM GERALDA DE JESUS ALEIXO,0.0,publica,matriculas_ano_anterior_proxy,True,19.614111460631268,True
2024,0328602,BERCARIO,conditional_logit_distance,oos_2024,oos,all,85.31800081707225,2023.0,CM TIA ANDREZA,46.0,publica,matriculas_ano_anterior_proxy,True,39.318000817072246,True
2024,0328602,MATERNAL I,conditional_logit_distance,oos_2024,oos,all,38.12943637591338,2023.0,CM TIA ANDREZA,26.0,publica,matriculas_ano_anterior_proxy,True,12.129436375913379,True
2024,0328602,MATERNAL II,conditional_logit_distance,oos_2024,oos,all,20.6997029620773,2023.0,CM TIA ANDREZA,0.0,publica,matriculas_ano_anterior_proxy,True,20.6997029620773,True
2024,0328604,BERCARIO,conditional_logit_distance,oos_2024,oos,all,66.57742802448115,2023.0,CM DA COMUNIDADE DO JACAREZINHO,50.0,publica,matriculas_ano_anterior_proxy,True,16.57742802448115,True
2024,0328604,MATERNAL I,conditional_logit_distance,oos_2024,oos,all,30.591484967510212,2023.0,CM DA COMUNIDADE DO JACAREZINHO,50.0,publica,matriculas_ano_anterior_proxy,True,-19.408515032489788,False
2024,0328604,MATERNAL II,conditional_logit_distance,oos_2024,oos,all,16.069256217915914,2023.0,CM DA COMUNIDADE DO JACAREZINHO,0.0,publica,matriculas_ano_anterior_proxy,True,16.069256217915914,True
2024,0328801,BERCARIO,conditional_logit_distance,oos_2024,oos,all,74.86115946983551,2023.0,EDI PADRE NELSON CARLOS DEL MÔNACO,23.0,publica,matriculas_ano_anterior_proxy,True,51.86115946983551,True
2024,0328801,MATERNAL I,conditional_logit_distance,oos_2024,oos,all,34.42028114421961,2023.0,EDI PADRE NELSON CARLOS DEL MÔNACO,23.0,publica,matriculas_ano_anterior_proxy,True,11.420281144219608,True
2024,0328801,MATERNAL II,conditional_logit_distance,oos_2024,oos,all,18.687696215050703,2023.0,EDI PADRE NELSON CARLOS DEL MÔNACO,0.0,publica,matriculas_ano_anterior_proxy,True,18.687696215050703,True
2024,0329801,BERCARIO,conditional_logit_distance,oos_2024,oos,all,59.30739156011175,2023.0,EDI DONA LINDU,25.0,publica,matriculas_ano_anterior_proxy,True,34.30739156011175,True
2024,0329801,MATERNAL I,conditional_logit_distance,oos_2024,oos,all,32.341099880061016,2023.0,EDI DONA LINDU,25.0,publica,matriculas_ano_anterior_proxy,True,7.341099880061016,True
2024,0329801,MATERNAL II,conditional_logit_distance,oos_2024,oos,all,15.760852047109362,2023.0,EDI DONA LINDU,0.0,publica,matriculas_ano_anterior_proxy,True,15.760852047109362,True
2024,0330601,BERCARIO,conditional_logit_distance,oos_2024,oos,all,59.18654741962201,2023.0,CM JOSÉ DE VIEIRA DA SILVA,23.0,publica,matriculas_ano_anterior_proxy,True,36.18654741962201,True
2024,0330601,MATERNAL I,conditional_logit_distance,oos_2024,oos,all,32.097836696549614,2023.0,CM JOSÉ DE VIEIRA DA SILVA,25.0,publica,matriculas_ano_anterior_proxy,True,7.097836696549614,True
2024,0330601,MATERNAL II,conditional_logit_distance,oos_2024,oos,all,15.832489056569726,2023.0,CM JOSÉ DE VIEIRA DA SILVA,0.0,publica,matriculas_ano_anterior_proxy,True,15.832489056569726,True
2024,0330602,BERCARIO,conditional_logit_distance,oos_2024,oos,all,62.31296484334084,2023.0,CM NOVA BRASÍLIA,50.0,publica,matriculas_ano_anterior_proxy,True,12.312964843340843,True
2024,0330602,MATERNAL I,conditional_logit_distance,oos_2024,oos,all,33.5250424146961,2023.0,CM NOVA BRASÍLIA,46.0,publica,matriculas_ano_anterior_proxy,True,-12.474957585303898,False
2024,0330602,MATERNAL II,conditional_logit_distance,oos_2024,oos,all,16.813698983719235,2023.0,CM NOVA BRASÍLIA,0.0,publica,matriculas_ano_anterior_proxy,True,16.813698983719235,True
2024,04001,BERCARIO,conditional_logit_distance,oos_2024,oos,all,44.80400041110653,2023.0,CP CENTRO EDUCACIONAL APRENDIZ DA MARÉ,65.0,parceira,matriculas_ano_anterior_proxy,True,-20.19599958889347,False
2024,04001,MATERNAL I,conditional_logit_distance,oos_2024,oos,all,25.019458710317934,2023.0,CP CENTRO EDUCACIONAL APRENDIZ DA MARÉ,68.0,parceira,matriculas_ano_anterior_proxy,True,-42.980541289682066,False
2024,04001,MATERNAL II,conditional_logit_distance,oos_2024,oos,all,13.209765299723074,2023.0,CP CENTRO EDUCACIONAL APRENDIZ DA MARÉ,67.0,parceira,matriculas_ano_anterior_proxy,True,-53.790234700276926,False
2024,04002,BERCARIO,conditional_logit_distance,oos_2024,oos,all,60.52012409365579,2023.0,CP INSTITUTO EDUCACIONAL LUIZ ANTONIO - IELA,24.0,parceira,matriculas_ano_anterior_proxy,True,36.52012409365579,True
2024,04002,MATERNAL I,conditional_logit_distance,oos_2024,oos,all,32.50324705877456,2023.0,CP INSTITUTO EDUCACIONAL LUIZ ANTONIO - IELA,26.0,parceira,matriculas_ano_anterior_proxy,True,6.503247058774562,True
2024,04002,MATERNAL II,conditional_logit_distance,oos_2024,oos,all,14.15105164534122,2023.0,CP INSTITUTO EDUCACIONAL LUIZ ANTONIO - IELA,48.0,parceira,matriculas_ano_anterior_proxy,True,-33.84894835465878,False
2024,04003,BERCARIO,conditional_logit_distance,oos_2024,oos,all,93.72837530135024,2023.0,CP ASSOCIAÇÃO CIVIL CENTRO EDUCACIONAL COMUNITÁRIO ESTAÇÃO DO SABER,44.0,parceira,matriculas_ano_anterior_proxy,True,49.72837530135024,True
2024,04003,MATERNAL I,conditional_logit_distance,oos_2024,oos,all,50.40735376537639,2023.0,CP ASSOCIAÇÃO CIVIL CENTRO EDUCACIONAL COMUNITÁRIO ESTAÇÃO DO SABER,48.0,parceira,matriculas_ano_anterior_proxy,True,2.407353765376392,True
2024,04003,MATERNAL II,conditional_logit_distance,oos_2024,oos,all,19.03637068304501,2023.0,CP ASSOCIAÇÃO CIVIL CENTRO EDUCACIONAL COMUNITÁRIO ESTAÇÃO DO SABER,50.0,parceira,matriculas_ano_anterior_proxy,True,-30.96362931695499,False
2024,04004,MATERNAL I,conditional_logit_distance,oos_2024,oos,all,34.537343838047086,2023.0,CP CRECHE DO CENTRO COMUNITÁRIO DA VILA PROLETÁRIA DA PENHA,68.0,parceira,matriculas_ano_anterior_proxy,True,-33.462656161952914,False
2024,04004,MATERNAL II,conditional_logit_distance,oos_2024,oos,all,16.40313206578911,2023.0,CP CRECHE DO CENTRO COMUNITÁRIO DA VILA PROLETÁRIA DA PENHA,94.0,parceira,matriculas_ano_anterior_proxy,True,-77.59686793421089,False
2024,04005,BERCARIO,conditional_logit_distance,oos_2024,oos,all,63.25856761644964,2023.0,CP CASA DE JOEL,80.0,parceira,matriculas_ano_anterior_proxy,True,-16.74143238355036,False
2024,04005,MATERNAL I,conditional_logit_distance,oos_2024,oos,all,33.40344720582957,2023.0,CP CASA DE JOEL,92.0,parceira,matriculas_ano_anterior_proxy,True,-58.59655279417043,False
2024,04005,MATERNAL II,conditional_logit_distance,oos_2024,oos,all,14.735828288515975,2023.0,CP CASA DE JOEL,78.0,parceira,matriculas_ano_anterior_proxy,True,-63.264171711484025,False
2024,04006,BERCARIO,conditional_logit_distance,oos_2024,oos,all,83.37858502230095,2023.0,CP COMUNIDADE INSTITUCIONAL ADULÃO TEMPO FELIZ,9.0,parceira,matriculas_ano_anterior_proxy,True,74.37858502230095,True
2024,04006,MATERNAL I,conditional_logit_distance,oos_2024,oos,all,47.92927251833061,2023.0,CP COMUNIDADE INSTITUCIONAL ADULÃO TEMPO FELIZ,25.0,parceira,matriculas_ano_anterior_proxy,True,22.929272518330613,True
2024,04006,MATERNAL II,conditional_logit_distance,oos_2024,oos,all,22.752626616752604,2023.0,CP COMUNIDADE INSTITUCIONAL ADULÃO TEMPO FELIZ,33.0,parceira,matriculas_ano_anterior_proxy,True,-10.247373383247396,False
2024,04007,MATERNAL I,conditional_logit_distance,oos_2024,oos,all,41.95670661928203,2023.0,CP CRECHE CASULO BOM JESUS DA PENHA,48.0,parceira,matriculas_ano_anterior_proxy,True,-6.043293380717969,False
2024,04007,MATERNAL II,conditional_logit_distance,oos_2024,oos,all,19.339327598139143,2023.0,CP CRECHE CASULO BOM JESUS DA PENHA,35.0,parceira,matriculas_ano_anterior_proxy,True,-15.660672401860857,False
2024,04008,MATERNAL I,conditional_logit_distance,oos_2024,oos,all,48.46664033331053,2023.0,CP CRECHE COMUNITÁRIA CASULO DO PARQUE PROLETÁRIO DA PENHA,49.0,parceira,matriculas_ano_anterior_proxy,True,-0.5333596666894707,False
2024,04008,MATERNAL II,conditional_logit_distance,oos_2024,oos,all,22.77590047830371,2023.0,CP CRECHE COMUNITÁRIA CASULO DO PARQUE PROLETÁRIO DA PENHA,51.0,parceira,matriculas_ano_anterior_proxy,True,-28.22409952169629,False
2024,04009,MATERNAL I,conditional_logit_distance,oos_2024,oos,all,40.59148607281798,2023.0,CP CRECHE COMUNITÁRIA DE MANGUINHOS,20.0,parceira,matriculas_ano_anterior_proxy,True,20.59148607281798,True
2024,04009,MATERNAL II,conditional_logit_distance,oos_2024,oos,all,22.5663636738475,2023.0,CP CRECHE COMUNITÁRIA DE MANGUINHOS,50.0,parceira,matriculas_ano_anterior_proxy,True,-27.4336363261525,False
2024,04010,MATERNAL I,conditional_logit_distance,oos_2024,oos,all,46.30514098287043,2023.0,CP CRECHE COMUNITÁRIA SAGRADO CORAÇÃO DE MARIA,67.0,parceira,matriculas_ano_anterior_proxy,True,-20.694859017129573,False
2024,04010,MATERNAL II,conditional_logit_distance,oos_2024,oos,all,25.321066208352665,2023.0,CP CRECHE COMUNITÁRIA SAGRADO CORAÇÃO DE MARIA,58.0,parceira,matriculas_ano_anterior_proxy,True,-32.67893379164734,False
2024,04011,BERCARIO,conditional_logit_distance,oos_2024,oos,all,53.23954285660174,2023.0,CP CRECHE E PRÉ-ESCOLA NOVA JERUSALÉM,37.0,parceira,matriculas_ano_anterior_proxy,True,16.239542856601737,True
2024,04011,MATERNAL I,conditional_logit_distance,oos_2024,oos,all,28.091638107143915,2023.0,CP CRECHE E PRÉ-ESCOLA NOVA JERUSALÉM,35.0,parceira,matriculas_ano_anterior_proxy,True,-6.908361892856085,False
2024,04011,MATERNAL II,conditional_logit_distance,oos_2024,oos,all,12.152875554245384,2023.0,CP CRECHE E PRÉ-ESCOLA NOVA JERUSALÉM,58.0,parceira,matriculas_ano_anterior_proxy,True,-45.847124445754616,False
2024,04012,BERCARIO,conditional_logit_distance,oos_2024,oos,all,47.07845653039062,2023.0,CP CRECHE ESCOLA MIMI I,25.0,parceira,matriculas_ano_anterior_proxy,True,22.078456530390618,True
2024,04012,MATERNAL I,conditional_logit_distance,oos_2024,oos,all,26.28689584533647,2023.0,CP CRECHE ESCOLA MIMI I,50.0,parceira,matriculas_ano_anterior_proxy,True,-23.71310415466353,False
2024,04012,MATERNAL II,conditional_logit_distance,oos_2024,oos,all,13.919165306066084,2023.0,CP CRECHE ESCOLA MIMI I,50.0,parceira,matriculas_ano_anterior_proxy,True,-36.080834693933916,False
2024,04013,MATERNAL I,conditional_logit_distance,oos_2024,oos,all,22.72907309162116,2023.0,CP RECANTO DA CRIANÇA FELIZ,38.0,parceira,matriculas_ano_anterior_proxy,True,-15.27092690837884,False
2024,04013,MATERNAL II,conditional_logit_distance,oos_2024,oos,all,11.414878725740314,2023.0,CP RECANTO DA CRIANÇA FELIZ,40.0,parceira,matriculas_ano_anterior_proxy,True,-28.585121274259684,False
2024,04014,MATERNAL I,conditional_logit_distance,oos_2024,oos,all,37.30885912244828,2023.0,CP CRECHE SAGRADO CORAÇÃO DE MARIA E SANTO ANTÔNIO,74.0,parceira,matriculas_ano_anterior_proxy,True,-36.69114087755172,False
2024,04014,MATERNAL II,conditional_logit_distance,oos_2024,oos,all,15.829173104378528,2023.0,CP CRECHE SAGRADO CORAÇÃO DE MARIA E SANTO ANTÔNIO,74.0,parceira,matriculas_ano_anterior_proxy,True,-58.170826895621474,False
2024,04015,BERCARIO,conditional_logit_distance,oos_2024,oos,all,80.5116398377066,2023.0,CP ESPAÇO DE EDUCAÇÃO INFANTIL VILA DO JOÃO,83.0,parceira,matriculas_ano_anterior_proxy,True,-2.4883601622934037,False
2024,04015,MATERNAL I,conditional_logit_distance,oos_2024,oos,all,43.96198064632054,2023.0,CP ESPAÇO DE EDUCAÇÃO INFANTIL VILA DO JOÃO,67.0,parceira,matriculas_ano_anterior_proxy,True,-23.03801935367946,False
2024,04015,MATERNAL II,conditional_logit_distance,oos_2024,oos,all,23.73816919807667,2023.0,CP ESPAÇO DE EDUCAÇÃO INFANTIL VILA DO JOÃO,65.0,parceira,matriculas_ano_anterior_proxy,True,-41.26183080192333,False
2024,04016,BERCARIO,conditional_logit_distance,oos_2024,oos,all,79.10384748686222,2023.0,CP CRECHE LAR IRMÃO FRANCISCO,43.0,parceira,matriculas_ano_anterior_proxy,True,36.10384748686222,True
2024,04016,MATERNAL I,conditional_logit_distance,oos_2024,oos,all,37.93403258240538,2023.0,CP CRECHE LAR IRMÃO FRANCISCO,50.0,parceira,matriculas_ano_anterior_proxy,True,-12.06596741759462,False
2024,04016,MATERNAL II,conditional_logit_distance,oos_2024,oos,all,20.929124031743257,2023.0,CP CRECHE LAR IRMÃO FRANCISCO,45.0,parceira,matriculas_ano_anterior_proxy,True,-24.070875968256743,False
2024,04017,BERCARIO,conditional_logit_distance,oos_2024,oos,all,49.02883240322214,2023.0,CP ASSOCIAÇÃO CENTRO EDUCACIONAL REBRAL I,44.0,parceira,matriculas_ano_anterior_proxy,True,5.02883240322214,True
2024,04017,MATERNAL I,conditional_logit_distance,oos_2024,oos,all,24.84226733561177,2023.0,CP ASSOCIAÇÃO CENTRO EDUCACIONAL REBRAL I,62.0,parceira,matriculas_ano_anterior_proxy,True,-37.157732664388234,False
2024,04017,MATERNAL II,conditional_logit_distance,oos_2024,oos,all,11.136306561113614,2023.0,CP ASSOCIAÇÃO CENTRO EDUCACIONAL REBRAL I,90.0,parceira,matriculas_ano_anterior_proxy,True,-78.86369343888639,False
2024,04018,BERCARIO,conditional_logit_distance,oos_2024,oos,all,50.09603109877916,2023.0,CP SOCIEDADE DE ENSINO TEREZA CRISTINA,47.0,parceira,matriculas_ano_anterior_proxy,True,3.0960310987791573,True
2024,04018,MATERNAL I,conditional_logit_distance,oos_2024,oos,all,28.28475112946215,2023.0,CP SOCIEDADE DE ENSINO TEREZA CRISTINA,98.0,parceira,matriculas_ano_anterior_proxy,True,-69.71524887053785,False
2024,04018,MATERNAL II,conditional_logit_distance,oos_2024,oos,all,14.435600119738227,2023.0,CP SOCIEDADE DE ENSINO TEREZA CRISTINA,64.0,parceira,matriculas_ano_anterior_proxy,True,-49.564399880261774,False
2024,04020,BERCARIO,conditional_logit_distance,oos_2024,oos,all,66.18588968989467,2023.0,CP CENTRO CULTURAL EDUCAR,47.0,parceira,matriculas_ano_anterior_proxy,True,19.185889689894665,True
2024,04020,MATERNAL I,conditional_logit_distance,oos_2024,oos,all,35.98863152786888,2023.0,CP CENTRO CULTURAL EDUCAR,58.0,parceira,matriculas_ano_anterior_proxy,True,-22.011368472131117,False
2024,04020,MATERNAL II,conditional_logit_distance,oos_2024,oos,all,18.21116318139514,2023.0,CP CENTRO CULTURAL EDUCAR,95.0,parceira,matriculas_ano_anterior_proxy,True,-76.78883681860486,False
2024,04021,BERCARIO,conditional_logit_distance,oos_2024,oos,all,76.22465076672894,2023.0,CP ASSOCIAÇÃO CENTRO EDUCACIONAL REBRAL II,51.0,parceira,matriculas_ano_anterior_proxy,True,25.224650766728942,True
2024,04021,MATERNAL I,conditional_logit_distance,oos_2024,oos,all,39.77736215736239,2023.0,CP ASSOCIAÇÃO CENTRO EDUCACIONAL REBRAL II,100.0,parceira,matriculas_ano_anterior_proxy,True,-60.22263784263761,False
2024,04021,MATERNAL II,conditional_logit_distance,oos_2024,oos,all,17.693197059986876,2023.0,CP ASSOCIAÇÃO CENTRO EDUCACIONAL REBRAL II,56.0,parceira,matriculas_ano_anterior_proxy,True,-38.30680294001313,False
2024,04022,BERCARIO,conditional_logit_distance,oos_2024,oos,all,67.45820113473103,2023.0,CP CRECHE VALE DO SOL NO GROTÃO,67.0,parceira,matriculas_ano_anterior_proxy,True,0.4582011347310271,True
2024,04022,MATERNAL I,conditional_logit_distance,oos_2024,oos,all,36.12276308880562,2023.0,CP CRECHE VALE DO SOL NO GROTÃO,120.0,parceira,matriculas_ano_anterior_proxy,True,-83.87723691119439,False
2024,04022,MATERNAL II,conditional_logit_distance,oos_2024,oos,all,16.63793196544875,2023.0,CP CRECHE VALE DO SOL NO GROTÃO,86.0,parceira,matriculas_ano_anterior_proxy,True,-69.36206803455124,False
2024,04023,BERCARIO,conditional_logit_distance,oos_2024,oos,all,117.15307371586395,2023.0,CP CENTRO CULTURAL EDUCAR - UNIDADE III,54.0,parceira,matriculas_ano_anterior_proxy,True,63.153073715863954,True
2024,04023,MATERNAL I,conditional_logit_distance,oos_2024,oos,all,65.71012671290026,2023.0,CP CENTRO CULTURAL EDUCAR - UNIDADE III,61.0,parceira,matriculas_ano_anterior_proxy,True,4.710126712900262,True
2024,04023,MATERNAL II,conditional_logit_distance,oos_2024,oos,all,35.7543519490287,2023.0,CP CENTRO CULTURAL EDUCAR - UNIDADE III,30.0,parceira,matriculas_ano_anterior_proxy,True,5.7543519490287025,True
2024,04024,BERCARIO,conditional_logit_distance,oos_2024,oos,all,68.48453748226105,2023.0,CP CRECHE VALE DO SOL,54.0,parceira,matriculas_ano_anterior_proxy,True,14.484537482261047,True
2024,04024,MATERNAL I,conditional_logit_distance,oos_2024,oos,all,36.45544020942832,2023.0,CP CRECHE VALE DO SOL,102.0,parceira,matriculas_ano_anterior_proxy,True,-65.54455979057168,False
2024,04024,MATERNAL II,conditional_logit_distance,oos_2024,oos,all,16.57190681501161,2023.0,CP CRECHE VALE DO SOL,111.0,parceira,matriculas_ano_anterior_proxy,True,-94.4280931849884,False
2024,04025,BERCARIO,conditional_logit_distance,oos_2024,oos,all,60.954008233667466,2023.0,CP CRECHE E PRÉ-ESCOLA NOVA JERUSALÉM NO CORDOVIL,66.0,parceira,matriculas_ano_anterior_proxy,True,-5.045991766332534,False
2024,04025,MATERNAL I,conditional_logit_distance,oos_2024,oos,all,32.9981563617438,2023.0,CP CRECHE E PRÉ-ESCOLA NOVA JERUSALÉM NO CORDOVIL,63.0,parceira,matriculas_ano_anterior_proxy,True,-30.001843638256197,False
2024,04025,MATERNAL II,conditional_logit_distance,oos_2024,oos,all,14.018405389341682,2023.0,CP CRECHE E PRÉ-ESCOLA NOVA JERUSALÉM NO CORDOVIL,61.0,parceira,matriculas_ano_anterior_proxy,True,-46.98159461065832,False
2024,04026,MATERNAL I,conditional_logit_distance,oos_2024,oos,all,55.44067853101009,2023.0,CP CRECHE ESCOLA PATINHO ESTUDIOSO,22.0,parceira,matriculas_ano_anterior_proxy,True,33.44067853101009,True
2024,04026,MATERNAL II,conditional_logit_distance,oos_2024,oos,all,32.587226755899216,2023.0,CP CRECHE ESCOLA PATINHO ESTUDIOSO,27.0,parceira,matriculas_ano_anterior_proxy,True,5.587226755899216,True
2024,04027,BERCARIO,conditional_logit_distance,oos_2024,oos,all,82.69059770690068,2023.0,CP ASSOCIAÇÃO CENTRO EDUCACIONAL REBRAL IV,40.0,parceira,matriculas_ano_anterior_proxy,True,42.690597706900675,True
2024,04027,MATERNAL I,conditional_logit_distance,oos_2024,oos,all,59.82443349647793,2023.0,CP ASSOCIAÇÃO CENTRO EDUCACIONAL REBRAL IV,80.0,parceira,matriculas_ano_anterior_proxy,True,-20.17556650352207,False
2024,04027,MATERNAL II,conditional_logit_distance,oos_2024,oos,all,21.90925335944652,2023.0,CP ASSOCIAÇÃO CENTRO EDUCACIONAL REBRAL IV,79.0,parceira,matriculas_ano_anterior_proxy,True,-57.090746640553476,False
2024,04028,BERCARIO,conditional_logit_distance,oos_2024,oos,all,36.41937413255501,2023.0,CP CRECHE TIA NANE I,20.0,parceira,matriculas_ano_anterior_proxy,True,16.419374132555014,True
2024,04028,MATERNAL I,conditional_logit_distance,oos_2024,oos,all,20.37997125293789,2023.0,CP CRECHE TIA NANE I,29.0,parceira,matriculas_ano_anterior_proxy,True,-8.620028747062111,False
2024,04028,MATERNAL II,conditional_logit_distance,oos_2024,oos,all,10.2089267979417,2023.0,CP CRECHE TIA NANE I,27.0,parceira,matriculas_ano_anterior_proxy,True,-16.7910732020583,False
2024,04029,BERCARIO,conditional_logit_distance,oos_2024,oos,all,65.24234768468885,2023.0,CP SOLZINHO,43.0,parceira,matriculas_ano_anterior_proxy,True,22.242347684688852,True
2024,04029,MATERNAL I,conditional_logit_distance,oos_2024,oos,all,35.64677035380772,2023.0,CP SOLZINHO,73.0,parceira,matriculas_ano_anterior_proxy,True,-37.35322964619228,False
2024,04029,MATERNAL II,conditional_logit_distance,oos_2024,oos,all,16.61224136269361,2023.0,CP SOLZINHO,71.0,parceira,matriculas_ano_anterior_proxy,True,-54.38775863730639,False
2024,04030,BERCARIO,conditional_logit_distance,oos_2024,oos,all,88.51973835044501,2023.0,CP CRECHE VALE DO SOL II,77.0,parceira,matriculas_ano_anterior_proxy,True,11.51973835044501,True
2024,04030,MATERNAL I,conditional_logit_distance,oos_2024,oos,all,51.32442822869732,2023.0,CP CRECHE VALE DO SOL II,149.0,parceira,matriculas_ano_anterior_proxy,True,-97.67557177130269,False
2024,04030,MATERNAL II,conditional_logit_distance,oos_2024,oos,all,24.0342666795143,2023.0,CP CRECHE VALE DO SOL II,121.0,parceira,matriculas_ano_anterior_proxy,True,-96.9657333204857,False
2024,04032,BERCARIO,conditional_logit_distance,oos_2024,oos,all,59.98291436271043,2023.0,CP ASSOCIAÇÃO CENTRO EDUCACIONAL REBRAL V,32.0,parceira,matriculas_ano_anterior_proxy,True,27.98291436271043,True
2024,04032,MATERNAL I,conditional_logit_distance,oos_2024,oos,all,31.527068163917,2023.0,CP ASSOCIAÇÃO CENTRO EDUCACIONAL REBRAL V,42.0,parceira,matriculas_ano_anterior_proxy,True,-10.472931836083,False
2024,04032,MATERNAL II,conditional_logit_distance,oos_2024,oos,all,13.846099046478605,2023.0,CP ASSOCIAÇÃO CENTRO EDUCACIONAL REBRAL V,34.0,parceira,matriculas_ano_anterior_proxy,True,-20.153900953521394,False
2024,04034,BERCARIO,conditional_logit_distance,oos_2024,oos,all,65.60008507302706,2023.0,CP CASA DE JOEL II,17.0,parceira,matriculas_ano_anterior_proxy,True,48.60008507302706,True
2024,04034,MATERNAL I,conditional_logit_distance,oos_2024,oos,all,36.89870775787011,2023.0,CP CASA DE JOEL II,17.0,parceira,matriculas_ano_anterior_proxy,True,19.898707757870113,True
2024,04034,MATERNAL II,conditional_logit_distance,oos_2024,oos,all,14.706676064063842,2023.0,CP CASA DE JOEL II,23.0,parceira,matriculas_ano_anterior_proxy,True,-8.293323935936158,False
2024,04035,BERCARIO,conditional_logit_distance,oos_2024,oos,all,41.814850382413056,2023.0,CP INSTITUTO DE EDUCAÇÃO EUCLIDES DOS SANTOS,14.0,parceira,matriculas_ano_anterior_proxy,True,27.814850382413056,True
2024,04035,MATERNAL I,conditional_logit_distance,oos_2024,oos,all,23.4639834299373,2023.0,CP INSTITUTO DE EDUCAÇÃO EUCLIDES DOS SANTOS,52.0,parceira,matriculas_ano_anterior_proxy,True,-28.5360165700627,False
2024,04035,MATERNAL II,conditional_logit_distance,oos_2024,oos,all,12.11018719511494,2023.0,CP INSTITUTO DE EDUCAÇÃO EUCLIDES DOS SANTOS,77.0,parceira,matriculas_ano_anterior_proxy,True,-64.88981280488505,False
2024,04036,BERCARIO,conditional_logit_distance,oos_2024,oos,all,123.64981431305256,2023.0,CP CRECHE GIZ COLORIDO,18.0,parceira,matriculas_ano_anterior_proxy,True,105.64981431305256,True
2024,04036,MATERNAL I,conditional_logit_distance,oos_2024,oos,all,69.60238613388759,2023.0,CP CRECHE GIZ COLORIDO,18.0,parceira,matriculas_ano_anterior_proxy,True,51.60238613388759,True
2024,04036,MATERNAL II,conditional_logit_distance,oos_2024,oos,all,27.760562884628264,2023.0,CP CRECHE GIZ COLORIDO,21.0,parceira,matriculas_ano_anterior_proxy,True,6.760562884628264,True
2024,04037,MATERNAL I,conditional_logit_distance,oos_2024,oos,all,23.837191645202825,2023.0,CP CRECHE ESCOLA MIMI II,35.0,parceira,matriculas_ano_anterior_proxy,True,-11.162808354797175,False
2024,04037,MATERNAL II,conditional_logit_distance,oos_2024,oos,all,12.639313001977648,2023.0,CP CRECHE ESCOLA MIMI II,59.0,parceira,matriculas_ano_anterior_proxy,True,-46.36068699802235,False
2024,04038,BERCARIO,conditional_logit_distance,oos_2024,oos,all,66.72944000438903,2023.0,CP ASSOCIAÇÃO CENTRO EDUCACIONAL REBRAL VIII,71.0,parceira,matriculas_ano_anterior_proxy,True,-4.2705599956109666,False
2024,04038,MATERNAL I,conditional_logit_distance,oos_2024,oos,all,35.54237233154599,2023.0,CP ASSOCIAÇÃO CENTRO EDUCACIONAL REBRAL VIII,102.0,parceira,matriculas_ano_anterior_proxy,True,-66.45762766845401,False
2024,04038,MATERNAL II,conditional_logit_distance,oos_2024,oos,all,15.58550493432437,2023.0,CP ASSOCIAÇÃO CENTRO EDUCACIONAL REBRAL VIII,75.0,parceira,matriculas_ano_anterior_proxy,True,-59.41449506567563,False
2024,04039,BERCARIO,conditional_logit_distance,oos_2024,oos,all,25.251876271774428,2023.0,CP ASSOCIAÇÃO CENTRO EDUCACIONAL REBRAL IX,24.0,parceira,matriculas_ano_anterior_proxy,True,1.251876271774428,True
2024,04039,MATERNAL I,conditional_logit_distance,oos_2024,oos,all,13.604981882975306,2023.0,CP ASSOCIAÇÃO CENTRO EDUCACIONAL REBRAL IX,54.0,parceira,matriculas_ano_anterior_proxy,True,-40.39501811702469,False
2024,04039,MATERNAL II,conditional_logit_distance,oos_2024,oos,all,6.350779526067112,2023.0,CP ASSOCIAÇÃO CENTRO EDUCACIONAL REBRAL IX,50.0,parceira,matriculas_ano_anterior_proxy,True,-43.649220473932886,False
2024,04040,MATERNAL I,conditional_logit_distance,oos_2024,oos,all,44.127837845508246,2023.0,CP ASSOCIAÇÃO CENTRO EDUCACIONAL REBRAL X,97.0,parceira,matriculas_ano_anterior_proxy,True,-52.872162154491754,False
2024,04040,MATERNAL II,conditional_logit_distance,oos_2024,oos,all,16.459366891919842,2023.0,CP ASSOCIAÇÃO CENTRO EDUCACIONAL REBRAL X,124.0,parceira,matriculas_ano_anterior_proxy,True,-107.54063310808016,False
2024,04041,BERCARIO,conditional_logit_distance,oos_2024,oos,all,85.24973582309151,2023.0,CP CRECHE ESCOLA OTACÍLIO BATISTA,12.0,parceira,matriculas_ano_anterior_proxy,True,73.24973582309151,True
2024,04041,MATERNAL I,conditional_logit_distance,oos_2024,oos,all,47.8353304261586,2023.0,CP CRECHE ESCOLA OTACÍLIO BATISTA,14.0,parceira,matriculas_ano_anterior_proxy,True,33.8353304261586,True
2024,04041,MATERNAL II,conditional_logit_distance,oos_2024,oos,all,25.859779633220256,2023.0,CP CRECHE ESCOLA OTACÍLIO BATISTA,11.0,parceira,matriculas_ano_anterior_proxy,True,14.859779633220256,True
2024,04042,BERCARIO,conditional_logit_distance,oos_2024,oos,all,74.45260144524373,2023.0,CP CENTRO CULTURAL PEDACINHO DO CÉU,69.0,parceira,matriculas_ano_anterior_proxy,True,5.4526014452437295,True
2024,04042,MATERNAL I,conditional_logit_distance,oos_2024,oos,all,39.15008288706181,2023.0,CP CENTRO CULTURAL PEDACINHO DO CÉU,76.0,parceira,matriculas_ano_anterior_proxy,True,-36.84991711293819,False
2024,04042,MATERNAL II,conditional_logit_distance,oos_2024,oos,all,16.649345514370957,2023.0,CP CENTRO CULTURAL PEDACINHO DO CÉU,38.0,parceira,matriculas_ano_anterior_proxy,True,-21.350654485629043,False
2024,04043,BERCARIO,conditional_logit_distance,oos_2024,oos,all,46.3720686627826,2023.0,CP ASSOCIAÇÃO COMUNITÁRIA EDUCACIONAL FLORESCER,18.0,parceira,matriculas_ano_anterior_proxy,True,28.372068662782603,True
2024,04043,MATERNAL I,conditional_logit_distance,oos_2024,oos,all,24.97177909523014,2023.0,CP ASSOCIAÇÃO COMUNITÁRIA EDUCACIONAL FLORESCER,29.0,parceira,matriculas_ano_anterior_proxy,True,-4.02822090476986,False
2024,04043,MATERNAL II,conditional_logit_distance,oos_2024,oos,all,11.60425270060612,2023.0,CP ASSOCIAÇÃO COMUNITÁRIA EDUCACIONAL FLORESCER,6.0,parceira,matriculas_ano_anterior_proxy,True,5.60425270060612,True
2024,04044,BERCARIO,conditional_logit_distance,oos_2024,oos,all,98.3863603717572,2023.0,CP ASSOCIAÇÃO HOUSE BABY - BONSUCESSO,68.0,parceira,matriculas_ano_anterior_proxy,True,30.386360371757206,True
2024,04044,MATERNAL I,conditional_logit_distance,oos_2024,oos,all,57.45936575097799,2023.0,CP ASSOCIAÇÃO HOUSE BABY - BONSUCESSO,67.0,parceira,matriculas_ano_anterior_proxy,True,-9.540634249022013,False
2024,04044,MATERNAL II,conditional_logit_distance,oos_2024,oos,all,27.18942990730858,2023.0,CP ASSOCIAÇÃO HOUSE BABY - BONSUCESSO,32.0,parceira,matriculas_ano_anterior_proxy,True,-4.810570092691421,False
2024,04045,BERCARIO,conditional_logit_distance,oos_2024,oos,all,75.98796822451177,2023.0,CP CRECHE CRIANÇA FELIZ EM LUCAS,59.0,parceira,matriculas_ano_anterior_proxy,True,16.987968224511775,True
2024,04045,MATERNAL I,conditional_logit_distance,oos_2024,oos,all,42.38733608542461,2023.0,CP CRECHE CRIANÇA FELIZ EM LUCAS,60.0,parceira,matriculas_ano_anterior_proxy,True,-17.612663914575393,False
2024,04045,MATERNAL II,conditional_logit_distance,oos_2024,oos,all,16.295712194682256,2023.0,CP CRECHE CRIANÇA FELIZ EM LUCAS,35.0,parceira,matriculas_ano_anterior_proxy,True,-18.704287805317744,False
2024,04046,BERCARIO,conditional_logit_distance,oos_2024,oos,all,100.4025062194695,2023.0,CP CRECHE TIA NANE III,30.0,parceira,matriculas_ano_anterior_proxy,True,70.4025062194695,True
2024,04046,MATERNAL I,conditional_logit_distance,oos_2024,oos,all,55.46336151284411,2023.0,CP CRECHE TIA NANE III,29.0,parceira,matriculas_ano_anterior_proxy,True,26.46336151284411,True
2024,04046,MATERNAL II,conditional_logit_distance,oos_2024,oos,all,32.6196504527824,2023.0,CP CRECHE TIA NANE III,14.0,parceira,matriculas_ano_anterior_proxy,True,18.619650452782402,True
2024,04047,BERCARIO,conditional_logit_distance,oos_2024,oos,all,47.26172524078897,2023.0,CP CRECHE VALE DO SOL III,120.0,parceira,matriculas_ano_anterior_proxy,True,-72.73827475921104,False
2024,04047,MATERNAL I,conditional_logit_distance,oos_2024,oos,all,25.669469303986745,2023.0,CP CRECHE VALE DO SOL III,75.0,parceira,matriculas_ano_anterior_proxy,True,-49.330530696013255,False
2024,04047,MATERNAL II,conditional_logit_distance,oos_2024,oos,all,11.975144289741811,2023.0,CP CRECHE VALE DO SOL III,47.0,parceira,matriculas_ano_anterior_proxy,True,-35.02485571025819,False
2024,04048,BERCARIO,conditional_logit_distance,oos_2024,oos,all,76.13500142009413,2023.0,CP INSTITUTO DE EDUCAÇÃO EUCLIDES DOS SANTOS II,13.0,parceira,matriculas_ano_anterior_proxy,True,63.13500142009413,True
2024,04048,MATERNAL I,conditional_logit_distance,oos_2024,oos,all,44.26619667315731,2023.0,CP INSTITUTO DE EDUCAÇÃO EUCLIDES DOS SANTOS II,39.0,parceira,matriculas_ano_anterior_proxy,True,5.26619667315731,True
2024,04048,MATERNAL II,conditional_logit_distance,oos_2024,oos,all,20.78656297939934,2023.0,CP INSTITUTO DE EDUCAÇÃO EUCLIDES DOS SANTOS II,20.0,parceira,matriculas_ano_anterior_proxy,True,0.7865629793993385,True
2024,04049,BERCARIO,conditional_logit_distance,oos_2024,oos,all,45.39792664036453,,,,,,False,,
2024,04049,MATERNAL I,conditional_logit_distance,oos_2024,oos,all,25.6236881170733,,,,,,False,,
2024,04049,MATERNAL II,conditional_logit_distance,oos_2024,oos,all,12.936286714041358,,,,,,False,,
2024,04050,BERCARIO,conditional_logit_distance,oos_2024,oos,all,68.37364717802087,,,,,,False,,
2024,04050,MATERNAL I,conditional_logit_distance,oos_2024,oos,all,38.77347368986997,,,,,,False,,
2024,04050,MATERNAL II,conditional_logit_distance,oos_2024,oos,all,19.9671656901284,,,,,,False,,
2024,0410601,MATERNAL I,conditional_logit_distance,oos_2024,oos,all,37.82802482012774,2023.0,CM MANGUINHOS,0.0,publica,matriculas_ano_anterior_proxy,True,37.82802482012774,True
2024,0410601,MATERNAL II,conditional_logit_distance,oos_2024,oos,all,41.54556233541357,2023.0,CM MANGUINHOS,43.0,publica,matriculas_ano_anterior_proxy,True,-1.454437664586429,False
2024,0410602,MATERNAL II,conditional_logit_distance,oos_2024,oos,all,30.42755363091686,2023.0,CM DR. JUVENIL DE SOUZA LOPES,0.0,publica,matriculas_ano_anterior_proxy,True,30.42755363091686,True
2024,0410603,BERCARIO,conditional_logit_distance,oos_2024,oos,all,79.38124969965256,2023.0,CM CHICO BENTO,41.0,publica,matriculas_ano_anterior_proxy,True,38.38124969965256,True
2024,0410603,MATERNAL I,conditional_logit_distance,oos_2024,oos,all,37.272584153222574,2023.0,CM CHICO BENTO,0.0,publica,matriculas_ano_anterior_proxy,True,37.272584153222574,True
2024,0410603,MATERNAL II,conditional_logit_distance,oos_2024,oos,all,20.413195575498037,2023.0,CM CHICO BENTO,44.0,publica,matriculas_ano_anterior_proxy,True,-23.586804424501963,False
2024,0410801,BERCARIO,conditional_logit_distance,oos_2024,oos,all,74.34282527676014,2023.0,EDI DOUTOR DOMINGOS ARTHUR MACHADO FILHO,21.0,publica,matriculas_ano_anterior_proxy,True,53.34282527676014,True
2024,0410801,MATERNAL I,conditional_logit_distance,oos_2024,oos,all,34.449194049843015,2023.0,EDI DOUTOR DOMINGOS ARTHUR MACHADO FILHO,38.0,publica,matriculas_ano_anterior_proxy,True,-3.5508059501569846,False
2024,0410801,MATERNAL II,conditional_logit_distance,oos_2024,oos,all,18.33551832894535,2023.0,EDI DOUTOR DOMINGOS ARTHUR MACHADO FILHO,0.0,publica,matriculas_ano_anterior_proxy,True,18.33551832894535,True
2024,0410802,BERCARIO,conditional_logit_distance,oos_2024,oos,all,75.08212057612931,2023.0,EDI DOUTOR ANTÔNIO FERNANDES FIGUEIRA,23.0,publica,matriculas_ano_anterior_proxy,True,52.08212057612931,True
2024,0410802,MATERNAL I,conditional_logit_distance,oos_2024,oos,all,34.62297315990771,2023.0,EDI DOUTOR ANTÔNIO FERNANDES FIGUEIRA,21.0,publica,matriculas_ano_anterior_proxy,True,13.622973159907708,True
2024,0410802,MATERNAL II,conditional_logit_distance,oos_2024,oos,all,18.809476819768747,2023.0,EDI DOUTOR ANTÔNIO FERNANDES FIGUEIRA,0.0,publica,matriculas_ano_anterior_proxy,True,18.809476819768747,True
2024,0410803,MATERNAL I,conditional_logit_distance,oos_2024,oos,all,34.31253025135379,2023.0,EDI JOAQUIM VENÂNCIO,0.0,publica,matriculas_ano_anterior_proxy,True,34.31253025135379,True
2024,0410803,MATERNAL II,conditional_logit_distance,oos_2024,oos,all,18.676149735832876,2023.0,EDI JOAQUIM VENÂNCIO,41.0,publica,matriculas_ano_anterior_proxy,True,-22.323850264167124,False
2024,0410804,MATERNAL II,conditional_logit_distance,oos_2024,oos,all,15.668862567895497,2023.0,EDI SARGENTO JORGE FALEIRO SOUZA,0.0,publica,matriculas_ano_anterior_proxy,True,15.668862567895497,True
2024,0410805,BERCARIO,conditional_logit_distance,oos_2024,oos,all,77.0340688098407,2023.0,EDI COMPOSITOR NEOCI DIAS DE ANDRADE,25.0,publica,matriculas_ano_anterior_proxy,True,52.034068809840704,True
2024,0410805,MATERNAL I,conditional_logit_distance,oos_2024,oos,all,41.53383499325101,2023.0,EDI COMPOSITOR NEOCI DIAS DE ANDRADE,23.0,publica,matriculas_ano_anterior_proxy,True,18.533834993251013,True
2024,0410805,MATERNAL II,conditional_logit_distance,oos_2024,oos,all,18.493941503720425,2023.0,EDI COMPOSITOR NEOCI DIAS DE ANDRADE,0.0,publica,matriculas_ano_anterior_proxy,True,18.493941503720425,True
2024,0410807,BERCARIO,conditional_logit_distance,oos_2024,oos,all,58.93171027074504,2023.0,EDI PROFESSORA TANIA DA ROCHA CORREA,24.0,publica,matriculas_ano_anterior_proxy,True,34.93171027074504,True
2024,0410807,MATERNAL I,conditional_logit_distance,oos_2024,oos,all,31.514485637897355,2023.0,EDI PROFESSORA TANIA DA ROCHA CORREA,22.0,publica,matriculas_ano_anterior_proxy,True,9.514485637897355,True
2024,0410807,MATERNAL II,conditional_logit_distance,oos_2024,oos,all,14.924752781939606,2023.0,EDI PROFESSORA TANIA DA ROCHA CORREA,0.0,publica,matriculas_ano_anterior_proxy,True,14.924752781939606,True
2024,0410808,BERCARIO,conditional_logit_distance,oos_2024,oos,all,91.10400332269982,2023.0,EDI ALMIR LEITE RIBEIRO,49.0,publica,matriculas_ano_anterior_proxy,True,42.104003322699825,True
2024,0410808,MATERNAL I,conditional_logit_distance,oos_2024,oos,all,48.09663057083022,2023.0,EDI ALMIR LEITE RIBEIRO,50.0,publica,matriculas_ano_anterior_proxy,True,-1.9033694291697785,False
2024,0410808,MATERNAL II,conditional_logit_distance,oos_2024,oos,all,22.606845122886703,2023.0,EDI ALMIR LEITE RIBEIRO,0.0,publica,matriculas_ano_anterior_proxy,True,22.606845122886703,True
2024,0410810,MATERNAL II,conditional_logit_distance,oos_2024,oos,all,11.31345169599247,2023.0,EDI MIGUEL COUTO,0.0,publica,matriculas_ano_anterior_proxy,True,11.31345169599247,True
2024,0411601,BERCARIO,conditional_logit_distance,oos_2024,oos,all,81.94751856151368,2023.0,CM CARLOS DRUMMOND DE ANDRADE,24.0,publica,matriculas_ano_anterior_proxy,True,57.947518561513675,True
2024,0411601,MATERNAL I,conditional_logit_distance,oos_2024,oos,all,43.37116628198981,2023.0,CM CARLOS DRUMMOND DE ANDRADE,21.0,publica,matriculas_ano_anterior_proxy,True,22.371166281989808,True
2024,0411601,MATERNAL II,conditional_logit_distance,oos_2024,oos,all,20.051585338429422,2023.0,CM CARLOS DRUMMOND DE ANDRADE,0.0,publica,matriculas_ano_anterior_proxy,True,20.051585338429422,True
2024,0411602,BERCARIO,conditional_logit_distance,oos_2024,oos,all,73.18176474641017,2023.0,CM TEMPO DE APRENDER,19.0,publica,matriculas_ano_anterior_proxy,True,54.18176474641017,True
2024,0411602,MATERNAL I,conditional_logit_distance,oos_2024,oos,all,38.68666487247189,2023.0,CM TEMPO DE APRENDER,14.0,publica,matriculas_ano_anterior_proxy,True,24.686664872471887,True
2024,0411602,MATERNAL II,conditional_logit_distance,oos_2024,oos,all,17.411548719788943,2023.0,CM TEMPO DE APRENDER,0.0,publica,matriculas_ano_anterior_proxy,True,17.411548719788943,True
2024,0411603,BERCARIO,conditional_logit_distance,oos_2024,oos,all,56.61958695885663,2023.0,CM MORRO DA PAZ,37.0,publica,matriculas_ano_anterior_proxy,True,19.61958695885663,True
2024,0411603,MATERNAL I,conditional_logit_distance,oos_2024,oos,all,31.259206631092145,2023.0,CM MORRO DA PAZ,23.0,publica,matriculas_ano_anterior_proxy,True,8.259206631092145,True
2024,0411603,MATERNAL II,conditional_logit_distance,oos_2024,oos,all,13.674629580968936,2023.0,CM MORRO DA PAZ,0.0,publica,matriculas_ano_anterior_proxy,True,13.674629580968936,True
2024,0411604,MATERNAL I,conditional_logit_distance,oos_2024,oos,all,32.79520392350644,2023.0,CM BETINHO,25.0,publica,matriculas_ano_anterior_proxy,True,7.795203923506442,True
2024,0411604,MATERNAL II,conditional_logit_distance,oos_2024,oos,all,15.03292804752544,2023.0,CM BETINHO,0.0,publica,matriculas_ano_anterior_proxy,True,15.03292804752544,True
2024,0411605,BERCARIO,conditional_logit_distance,oos_2024,oos,all,71.45387564786893,2023.0,CM CARACOL,24.0,publica,matriculas_ano_anterior_proxy,True,47.45387564786893,True
2024,0411605,MATERNAL I,conditional_logit_distance,oos_2024,oos,all,38.098473849644826,2023.0,CM CARACOL,15.0,publica,matriculas_ano_anterior_proxy,True,23.098473849644826,True
2024,0411605,MATERNAL II,conditional_logit_distance,oos_2024,oos,all,17.50066604821394,2023.0,CM CARACOL,0.0,publica,matriculas_ano_anterior_proxy,True,17.50066604821394,True
2024,0411607,MATERNAL II,conditional_logit_distance,oos_2024,oos,all,17.4039584401308,2023.0,CM MARIA ALTAMIRA C. OLEGÁRIO,0.0,publica,matriculas_ano_anterior_proxy,True,17.4039584401308,True
2024,0411609,MATERNAL II,conditional_logit_distance,oos_2024,oos,all,10.35486560948538,2023.0,CM TIA RUTH COSTA DOS SANTOS,0.0,publica,matriculas_ano_anterior_proxy,True,10.35486560948538,True
2024,0411801,BERCARIO,conditional_logit_distance,oos_2024,oos,all,61.89664449819607,2023.0,EDI MARIANA ROCHA DE SOUZA,22.0,publica,matriculas_ano_anterior_proxy,True,39.89664449819607,True
2024,0411801,MATERNAL I,conditional_logit_distance,oos_2024,oos,all,35.51509993074372,2023.0,EDI MARIANA ROCHA DE SOUZA,36.0,publica,matriculas_ano_anterior_proxy,True,-0.4849000692562768,False
2024,0411801,MATERNAL II,conditional_logit_distance,oos_2024,oos,all,13.9860845083699,2023.0,EDI MARIANA ROCHA DE SOUZA,0.0,publica,matriculas_ano_anterior_proxy,True,13.9860845083699,True
2024,0411802,BERCARIO,conditional_logit_distance,oos_2024,oos,all,55.10993276832178,2023.0,EDI JOEL LUIZ DE AZEVEDO BASTOS,30.0,publica,matriculas_ano_anterior_proxy,True,25.109932768321777,True
2024,0411802,MATERNAL I,conditional_logit_distance,oos_2024,oos,all,30.77381890765693,2023.0,EDI JOEL LUIZ DE AZEVEDO BASTOS,27.0,publica,matriculas_ano_anterior_proxy,True,3.7738189076569313,True
2024,0411802,MATERNAL II,conditional_logit_distance,oos_2024,oos,all,13.321893789523996,2023.0,EDI JOEL LUIZ DE AZEVEDO BASTOS,0.0,publica,matriculas_ano_anterior_proxy,True,13.321893789523996,True
2024,0411803,BERCARIO,conditional_logit_distance,oos_2024,oos,all,74.04126111308386,2023.0,EDI MARIA DE LOURDES FERREIRA,25.0,publica,matriculas_ano_anterior_proxy,True,49.04126111308386,True
2024,0411803,MATERNAL I,conditional_logit_distance,oos_2024,oos,all,39.20359031676533,2023.0,EDI MARIA DE LOURDES FERREIRA,37.0,publica,matriculas_ano_anterior_proxy,True,2.203590316765329,True
2024,0411803,MATERNAL II,conditional_logit_distance,oos_2024,oos,all,17.789449188503756,2023.0,EDI MARIA DE LOURDES FERREIRA,0.0,publica,matriculas_ano_anterior_proxy,True,17.789449188503756,True
2024,0411804,MATERNAL I,conditional_logit_distance,oos_2024,oos,all,30.449008873224354,2023.0,EDI MORRO DA FÉ,8.0,publica,matriculas_ano_anterior_proxy,True,22.449008873224354,True
2024,0411804,MATERNAL II,conditional_logit_distance,oos_2024,oos,all,13.368973349600376,2023.0,EDI MORRO DA FÉ,0.0,publica,matriculas_ano_anterior_proxy,True,13.368973349600376,True
2024,0430601,MATERNAL I,conditional_logit_distance,oos_2024,oos,all,34.29475236010255,2023.0,CM MENINO MALUQUINHO,22.0,publica,matriculas_ano_anterior_proxy,True,12.29475236010255,True
2024,0430601,MATERNAL II,conditional_logit_distance,oos_2024,oos,all,18.89662421745709,2023.0,CM MENINO MALUQUINHO,0.0,publica,matriculas_ano_anterior_proxy,True,18.89662421745709,True
2024,0430602,BERCARIO,conditional_logit_distance,oos_2024,oos,all,69.28148916089997,2023.0,CM VILA PINHEIRO,25.0,publica,matriculas_ano_anterior_proxy,True,44.281489160899966,True
2024,0430602,MATERNAL I,conditional_logit_distance,oos_2024,oos,all,36.64207483816168,2023.0,CM VILA PINHEIRO,23.0,publica,matriculas_ano_anterior_proxy,True,13.642074838161683,True
2024,0430602,MATERNAL II,conditional_logit_distance,oos_2024,oos,all,20.53904117719623,2023.0,CM VILA PINHEIRO,0.0,publica,matriculas_ano_anterior_proxy,True,20.53904117719623,True
2024,0430603,BERCARIO,conditional_logit_distance,oos_2024,oos,all,62.17605971732424,2023.0,CM TIO MÁRIO,25.0,publica,matriculas_ano_anterior_proxy,True,37.17605971732424,True
2024,0430603,MATERNAL I,conditional_logit_distance,oos_2024,oos,all,31.732191849112866,2023.0,CM TIO MÁRIO,22.0,publica,matriculas_ano_anterior_proxy,True,9.732191849112866,True
2024,0430603,MATERNAL II,conditional_logit_distance,oos_2024,oos,all,17.116349040616857,2023.0,CM TIO MÁRIO,0.0,publica,matriculas_ano_anterior_proxy,True,17.116349040616857,True
2024,0430604,MATERNAL I,conditional_logit_distance,oos_2024,oos,all,39.693390972758266,2023.0,CM MONTEIRO LOBATO,23.0,publica,matriculas_ano_anterior_proxy,True,16.693390972758266,True
2024,0430604,MATERNAL II,conditional_logit_distance,oos_2024,oos,all,21.481317835622253,2023.0,CM MONTEIRO LOBATO,0.0,publica,matriculas_ano_anterior_proxy,True,21.481317835622253,True
2024,0430605,MATERNAL I,conditional_logit_distance,oos_2024,oos,all,33.45362410892403,2023.0,CM NOVA HOLANDA,25.0,publica,matriculas_ano_anterior_proxy,True,8.453624108924032,True
2024,0430605,MATERNAL II,conditional_logit_distance,oos_2024,oos,all,17.900204865305387,2023.0,CM NOVA HOLANDA,0.0,publica,matriculas_ano_anterior_proxy,True,17.900204865305387,True
2024,0430607,MATERNAL I,conditional_logit_distance,oos_2024,oos,all,44.81528374547607,2023.0,CM PROFESSOR PAULO FREIRE,45.0,publica,matriculas_ano_anterior_proxy,True,-0.18471625452392715,False
2024,0430607,MATERNAL II,conditional_logit_distance,oos_2024,oos,all,25.363826730145217,2023.0,CM PROFESSOR PAULO FREIRE,0.0,publica,matriculas_ano_anterior_proxy,True,25.363826730145217,True
2024,0430801,BERCARIO,conditional_logit_distance,oos_2024,oos,all,103.07297409761384,2023.0,"EDI PESCADOR ISIDORO DUARTE - ""DORO""",16.0,publica,matriculas_ano_anterior_proxy,True,87.07297409761384,True
2024,0430801,MATERNAL I,conditional_logit_distance,oos_2024,oos,all,56.94198469409442,2023.0,"EDI PESCADOR ISIDORO DUARTE - ""DORO""",18.0,publica,matriculas_ano_anterior_proxy,True,38.94198469409442,True
2024,0430801,MATERNAL II,conditional_logit_distance,oos_2024,oos,all,33.59389695586568,2023.0,"EDI PESCADOR ISIDORO DUARTE - ""DORO""",0.0,publica,matriculas_ano_anterior_proxy,True,33.59389695586568,True
2024,0430802,BERCARIO,conditional_logit_distance,oos_2024,oos,all,90.96298981457927,2023.0,EDI PROFESSORA KELITA FARIA DE PAULA,25.0,publica,matriculas_ano_anterior_proxy,True,65.96298981457927,True
2024,0430802,MATERNAL I,conditional_logit_distance,oos_2024,oos,all,49.70400122369363,2023.0,EDI PROFESSORA KELITA FARIA DE PAULA,50.0,publica,matriculas_ano_anterior_proxy,True,-0.2959987763063694,False
2024,0430802,MATERNAL II,conditional_logit_distance,oos_2024,oos,all,28.177728709072035,2023.0,EDI PROFESSORA KELITA FARIA DE PAULA,0.0,publica,matriculas_ano_anterior_proxy,True,28.177728709072035,True
2024,0430803,BERCARIO,conditional_logit_distance,oos_2024,oos,all,70.32546733150218,2023.0,EDI PROFESSOR MOACYR DE GÓES,23.0,publica,matriculas_ano_anterior_proxy,True,47.32546733150218,True
2024,0430803,MATERNAL I,conditional_logit_distance,oos_2024,oos,all,38.98253213664748,2023.0,EDI PROFESSOR MOACYR DE GÓES,25.0,publica,matriculas_ano_anterior_proxy,True,13.982532136647478,True
2024,0430803,MATERNAL II,conditional_logit_distance,oos_2024,oos,all,21.74547161730185,2023.0,EDI PROFESSOR MOACYR DE GÓES,0.0,publica,matriculas_ano_anterior_proxy,True,21.74547161730185,True
2024,0430805,BERCARIO,conditional_logit_distance,oos_2024,oos,all,91.45680728179734,2023.0,EDI PROFESSORA SOLANGE CONCEIÇÃO TRICARICO,19.0,publica,matriculas_ano_anterior_proxy,True,72.45680728179734,True
2024,0430805,MATERNAL I,conditional_logit_distance,oos_2024,oos,all,49.95121304954173,2023.0,EDI PROFESSORA SOLANGE CONCEIÇÃO TRICARICO,20.0,publica,matriculas_ano_anterior_proxy,True,29.951213049541728,True
2024,0430805,MATERNAL II,conditional_logit_distance,oos_2024,oos,all,28.423031002799217,2023.0,EDI PROFESSORA SOLANGE CONCEIÇÃO TRICARICO,0.0,publica,matriculas_ano_anterior_proxy,True,28.423031002799217,True
2024,0430806,BERCARIO,conditional_logit_distance,oos_2024,oos,all,56.79208431137854,2023.0,EDI CLEIA SANTOS DE OLIVEIRA,25.0,publica,matriculas_ano_anterior_proxy,True,31.792084311378538,True
2024,0430806,MATERNAL I,conditional_logit_distance,oos_2024,oos,all,31.67268410618913,2023.0,EDI CLEIA SANTOS DE OLIVEIRA,23.0,publica,matriculas_ano_anterior_proxy,True,8.67268410618913,True
2024,0430806,MATERNAL II,conditional_logit_distance,oos_2024,oos,all,17.03229834590116,2023.0,EDI CLEIA SANTOS DE OLIVEIRA,0.0,publica,matriculas_ano_anterior_proxy,True,17.03229834590116,True
2024,0430807,BERCARIO,conditional_logit_distance,oos_2024,oos,all,62.85541694820334,2023.0,EDI MARIA AMÉLIA CASTRO E SILVA BELFORT,47.0,publica,matriculas_ano_anterior_proxy,True,15.855416948203342,True
2024,0430807,MATERNAL I,conditional_logit_distance,oos_2024,oos,all,34.80664139961241,2023.0,EDI MARIA AMÉLIA CASTRO E SILVA BELFORT,46.0,publica,matriculas_ano_anterior_proxy,True,-11.19335860038759,False
2024,0430807,MATERNAL II,conditional_logit_distance,oos_2024,oos,all,19.309738698257867,2023.0,EDI MARIA AMÉLIA CASTRO E SILVA BELFORT,0.0,publica,matriculas_ano_anterior_proxy,True,19.309738698257867,True
2024,0430808,MATERNAL I,conditional_logit_distance,oos_2024,oos,all,37.00451422898004,2023.0,EDI AZOILDA TRINDADE (ZÔ),0.0,publica,matriculas_ano_anterior_proxy,True,37.00451422898004,True
2024,0430808,MATERNAL II,conditional_logit_distance,oos_2024,oos,all,20.642751412475683,2023.0,EDI AZOILDA TRINDADE (ZÔ),0.0,publica,matriculas_ano_anterior_proxy,True,20.642751412475683,True
2024,0430809,BERCARIO,conditional_logit_distance,oos_2024,oos,all,60.830776144653896,2023.0,EDI MEDALHISTA OLÍMPICO LUIZ FELIPE MARQUES FONTELES,25.0,publica,matriculas_ano_anterior_proxy,True,35.830776144653896,True
2024,0430809,MATERNAL I,conditional_logit_distance,oos_2024,oos,all,31.712960257504506,2023.0,EDI MEDALHISTA OLÍMPICO LUIZ FELIPE MARQUES FONTELES,48.0,publica,matriculas_ano_anterior_proxy,True,-16.287039742495494,False
2024,0430809,MATERNAL II,conditional_logit_distance,oos_2024,oos,all,17.25502118114548,2023.0,EDI MEDALHISTA OLÍMPICO LUIZ FELIPE MARQUES FONTELES,0.0,publica,matriculas_ano_anterior_proxy,True,17.25502118114548,True
2024,0430810,BERCARIO,conditional_logit_distance,oos_2024,oos,all,61.245224710891726,2023.0,EDI MEDALHISTA OLÍMPICO EVANDRO MOTTA MARCONDES GUERRA,25.0,publica,matriculas_ano_anterior_proxy,True,36.245224710891726,True
2024,0430810,MATERNAL I,conditional_logit_distance,oos_2024,oos,all,32.01553952541797,2023.0,EDI MEDALHISTA OLÍMPICO EVANDRO MOTTA MARCONDES GUERRA,48.0,publica,matriculas_ano_anterior_proxy,True,-15.98446047458203,False
2024,0430810,MATERNAL II,conditional_logit_distance,oos_2024,oos,all,17.488276723509486,2023.0,EDI MEDALHISTA OLÍMPICO EVANDRO MOTTA MARCONDES GUERRA,0.0,publica,matriculas_ano_anterior_proxy,True,17.488276723509486,True
2024,0430811,BERCARIO,conditional_logit_distance,oos_2024,oos,all,61.61121489218967,2023.0,EDI MEDALHISTA OLÍMPICO WILLIAM PEIXOTO ARJONA,43.0,publica,matriculas_ano_anterior_proxy,True,18.611214892189672,True
2024,0430811,MATERNAL I,conditional_logit_distance,oos_2024,oos,all,32.28356047710724,2023.0,EDI MEDALHISTA OLÍMPICO WILLIAM PEIXOTO ARJONA,47.0,publica,matriculas_ano_anterior_proxy,True,-14.716439522892763,False
2024,0430811,MATERNAL II,conditional_logit_distance,oos_2024,oos,all,17.6957703942123,2023.0,EDI MEDALHISTA OLÍMPICO WILLIAM PEIXOTO ARJONA,0.0,publica,matriculas_ano_anterior_proxy,True,17.6957703942123,True
2024,0430812,MATERNAL I,conditional_logit_distance,oos_2024,oos,all,32.49146557985422,2023.0,EDI MEDALHISTA OLÍMPICO EDER FRANCIS CARBONERA,50.0,publica,matriculas_ano_anterior_proxy,True,-17.50853442014578,False
2024,0430812,MATERNAL II,conditional_logit_distance,oos_2024,oos,all,17.86515143453711,2023.0,EDI MEDALHISTA OLÍMPICO EDER FRANCIS CARBONERA,0.0,publica,matriculas_ano_anterior_proxy,True,17.86515143453711,True
2024,0430813,MATERNAL I,conditional_logit_distance,oos_2024,oos,all,18.324796550492085,2023.0,EDI ARMANDO DE SALLES OLIVEIRA,0.0,publica,matriculas_ano_anterior_proxy,True,18.324796550492085,True
2024,0430813,MATERNAL II,conditional_logit_distance,oos_2024,oos,all,9.230835998191388,2023.0,EDI ARMANDO DE SALLES OLIVEIRA,0.0,publica,matriculas_ano_anterior_proxy,True,9.230835998191388,True
2024,0430815,BERCARIO,conditional_logit_distance,oos_2024,oos,all,121.93223464333606,2023.0,EDI PESCADOR ALBANO ROSA,25.0,publica,matriculas_ano_anterior_proxy,True,96.93223464333606,True
2024,0430815,MATERNAL I,conditional_logit_distance,oos_2024,oos,all,67.10860837455746,2023.0,EDI PESCADOR ALBANO ROSA,23.0,publica,matriculas_ano_anterior_proxy,True,44.10860837455746,True
2024,0430815,MATERNAL II,conditional_logit_distance,oos_2024,oos,all,40.25316976432048,2023.0,EDI PESCADOR ALBANO ROSA,0.0,publica,matriculas_ano_anterior_proxy,True,40.25316976432048,True
2024,0431601,MATERNAL II,conditional_logit_distance,oos_2024,oos,all,11.348589422383748,2023.0,CM LUÍS CARLOS DE OLIVEIRA CÂMARA,0.0,publica,matriculas_ano_anterior_proxy,True,11.348589422383748,True
2024,0431602,BERCARIO,conditional_logit_distance,oos_2024,oos,all,46.91127486389638,2023.0,CM BARBOSA LIMA SOBRINHO,48.0,publica,matriculas_ano_anterior_proxy,True,-1.0887251361036192,False
2024,0431602,MATERNAL I,conditional_logit_distance,oos_2024,oos,all,25.779651151038063,2023.0,CM BARBOSA LIMA SOBRINHO,65.0,publica,matriculas_ano_anterior_proxy,True,-39.22034884896193,False
2024,0431602,MATERNAL II,conditional_logit_distance,oos_2024,oos,all,10.052880393896563,2023.0,CM BARBOSA LIMA SOBRINHO,0.0,publica,matriculas_ano_anterior_proxy,True,10.052880393896563,True
2024,0431603,BERCARIO,conditional_logit_distance,oos_2024,oos,all,57.91859926212745,2023.0,CM CHICO MENDES,20.0,publica,matriculas_ano_anterior_proxy,True,37.91859926212745,True
2024,0431603,MATERNAL I,conditional_logit_distance,oos_2024,oos,all,31.480597140840505,2023.0,CM CHICO MENDES,45.0,publica,matriculas_ano_anterior_proxy,True,-13.519402859159495,False
2024,0431603,MATERNAL II,conditional_logit_distance,oos_2024,oos,all,13.23420946625066,2023.0,CM CHICO MENDES,0.0,publica,matriculas_ano_anterior_proxy,True,13.23420946625066,True
2024,0431604,BERCARIO,conditional_logit_distance,oos_2024,oos,all,63.302634166035965,2023.0,CM CORAÇÃO DE GENEVE,24.0,publica,matriculas_ano_anterior_proxy,True,39.302634166035965,True
2024,0431604,MATERNAL I,conditional_logit_distance,oos_2024,oos,all,43.81116371125236,2023.0,CM CORAÇÃO DE GENEVE,24.0,publica,matriculas_ano_anterior_proxy,True,19.811163711252362,True
2024,0431604,MATERNAL II,conditional_logit_distance,oos_2024,oos,all,16.38913566807975,2023.0,CM CORAÇÃO DE GENEVE,0.0,publica,matriculas_ano_anterior_proxy,True,16.38913566807975,True
2024,0431605,BERCARIO,conditional_logit_distance,oos_2024,oos,all,47.618174712350566,2023.0,CM SEMPRE VIDA DIQUE,25.0,publica,matriculas_ano_anterior_proxy,True,22.618174712350566,True
2024,0431605,MATERNAL I,conditional_logit_distance,oos_2024,oos,all,25.08220436924339,2023.0,CM SEMPRE VIDA DIQUE,50.0,publica,matriculas_ano_anterior_proxy,True,-24.91779563075661,False
2024,0431605,MATERNAL II,conditional_logit_distance,oos_2024,oos,all,9.868248995268326,2023.0,CM SEMPRE VIDA DIQUE,0.0,publica,matriculas_ano_anterior_proxy,True,9.868248995268326,True
2024,0431606,MATERNAL I,conditional_logit_distance,oos_2024,oos,all,20.24636118537751,2023.0,CM VISCONDE DE SABUGOSA,50.0,publica,matriculas_ano_anterior_proxy,True,-29.75363881462249,False
2024,0431606,MATERNAL II,conditional_logit_distance,oos_2024,oos,all,8.543081139525322,2023.0,CM VISCONDE DE SABUGOSA,0.0,publica,matriculas_ano_anterior_proxy,True,8.543081139525322,True
2024,0431607,MATERNAL I,conditional_logit_distance,oos_2024,oos,all,26.093335945709157,2023.0,CM ACAUÃ,22.0,publica,matriculas_ano_anterior_proxy,True,4.093335945709157,True
2024,0431607,MATERNAL II,conditional_logit_distance,oos_2024,oos,all,10.129150954768813,2023.0,CM ACAUÃ,0.0,publica,matriculas_ano_anterior_proxy,True,10.129150954768813,True
2024,0431608,MATERNAL II,conditional_logit_distance,oos_2024,oos,all,16.54550535160176,2023.0,CM ARI PIMENTEL,0.0,publica,matriculas_ano_anterior_proxy,True,16.54550535160176,True
2024,0431801,MATERNAL II,conditional_logit_distance,oos_2024,oos,all,15.97996379719164,2023.0,EDI CARVALHO MOURÃO,0.0,publica,matriculas_ano_anterior_proxy,True,15.97996379719164,True
2024,0431802,MATERNAL I,conditional_logit_distance,oos_2024,oos,all,46.64938198129013,2023.0,EDI PROFESSOR CARLOS FALSETH,0.0,publica,matriculas_ano_anterior_proxy,True,46.64938198129013,True
2024,0431802,MATERNAL II,conditional_logit_distance,oos_2024,oos,all,17.054624823678445,2023.0,EDI PROFESSOR CARLOS FALSETH,23.0,publica,matriculas_ano_anterior_proxy,True,-5.945375176321555,False
2024,0431803,MATERNAL II,conditional_logit_distance,oos_2024,oos,all,14.522743564538024,2023.0,EDI PROFESSOR EMMANUEL PEREIRA FILHO,0.0,publica,matriculas_ano_anterior_proxy,True,14.522743564538024,True
2024,0431804,MATERNAL II,conditional_logit_distance,oos_2024,oos,all,14.149412933105424,2023.0,EDI ALFREDO VALLADÃO,0.0,publica,matriculas_ano_anterior_proxy,True,14.149412933105424,True
2024,05001,BERCARIO,conditional_logit_distance,oos_2024,oos,all,81.05921285729787,2023.0,CP ASSOCIAÇÃO AMIGOS DA CRIANÇA - CRECHE ROCHA MIRANDA,35.0,parceira,matriculas_ano_anterior_proxy,True,46.059212857297865,True
2024,05001,MATERNAL I,conditional_logit_distance,oos_2024,oos,all,44.0834555528064,2023.0,CP ASSOCIAÇÃO AMIGOS DA CRIANÇA - CRECHE ROCHA MIRANDA,40.0,parceira,matriculas_ano_anterior_proxy,True,4.083455552806399,True
2024,05001,MATERNAL II,conditional_logit_distance,oos_2024,oos,all,21.710305596840268,2023.0,CP ASSOCIAÇÃO AMIGOS DA CRIANÇA - CRECHE ROCHA MIRANDA,38.0,parceira,matriculas_ano_anterior_proxy,True,-16.289694403159732,False
2024,05002,MATERNAL I,conditional_logit_distance,oos_2024,oos,all,84.54970957259866,2023.0,CP CRECHE EFFATÁ,20.0,parceira,matriculas_ano_anterior_proxy,True,64.54970957259866,True
2024,05002,MATERNAL II,conditional_logit_distance,oos_2024,oos,all,41.59329931034477,2023.0,CP CRECHE EFFATÁ,36.0,parceira,matriculas_ano_anterior_proxy,True,5.593299310344769,True
2024,05003,MATERNAL I,conditional_logit_distance,oos_2024,oos,all,42.24167602927641,2023.0,CP CRECHE PINTINHO DOURADO,23.0,parceira,matriculas_ano_anterior_proxy,True,19.241676029276412,True
2024,05003,MATERNAL II,conditional_logit_distance,oos_2024,oos,all,24.567522994729927,2023.0,CP CRECHE PINTINHO DOURADO,23.0,parceira,matriculas_ano_anterior_proxy,True,1.5675229947299272,True
2024,05004,MATERNAL I,conditional_logit_distance,oos_2024,oos,all,40.51776886824462,2023.0,CP CRECHE CASULO SÃO RAFAEL ARCANJO,21.0,parceira,matriculas_ano_anterior_proxy,True,19.517768868244623,True
2024,05004,MATERNAL II,conditional_logit_distance,oos_2024,oos,all,19.879602008214437,2023.0,CP CRECHE CASULO SÃO RAFAEL ARCANJO,36.0,parceira,matriculas_ano_anterior_proxy,True,-16.120397991785563,False
2024,05005,MATERNAL I,conditional_logit_distance,oos_2024,oos,all,47.62766361070765,2023.0,CP CRECHE APÓSTOLO SÃO PEDRO,40.0,parceira,matriculas_ano_anterior_proxy,True,7.62766361070765,True
2024,05005,MATERNAL II,conditional_logit_distance,oos_2024,oos,all,27.19882565707121,2023.0,CP CRECHE APÓSTOLO SÃO PEDRO,58.0,parceira,matriculas_ano_anterior_proxy,True,-30.80117434292879,False
2024,05006,BERCARIO,conditional_logit_distance,oos_2024,oos,all,70.25118075427022,2023.0,CP CRECHE CARDEAL CÂMARA,35.0,parceira,matriculas_ano_anterior_proxy,True,35.25118075427022,True
2024,05006,MATERNAL I,conditional_logit_distance,oos_2024,oos,all,39.58997107703034,2023.0,CP CRECHE CARDEAL CÂMARA,60.0,parceira,matriculas_ano_anterior_proxy,True,-20.41002892296966,False
2024,05006,MATERNAL II,conditional_logit_distance,oos_2024,oos,all,25.212344769842776,2023.0,CP CRECHE CARDEAL CÂMARA,102.0,parceira,matriculas_ano_anterior_proxy,True,-76.78765523015723,False
2024,05007,MATERNAL I,conditional_logit_distance,oos_2024,oos,all,51.02223379351897,2023.0,CP CENTRO COMUNITÁRIO FLOR DO AMANHÃ,26.0,parceira,matriculas_ano_anterior_proxy,True,25.02223379351897,True
2024,05007,MATERNAL II,conditional_logit_distance,oos_2024,oos,all,26.098098474647795,2023.0,CP CENTRO COMUNITÁRIO FLOR DO AMANHÃ,29.0,parceira,matriculas_ano_anterior_proxy,True,-2.901901525352205,False
2024,05008,BERCARIO,conditional_logit_distance,oos_2024,oos,all,55.96005692745919,2023.0,CP ASSOCIAÇÃO HOUSE BABY - VILA KOSMOS,19.0,parceira,matriculas_ano_anterior_proxy,True,36.96005692745919,True
2024,05008,MATERNAL I,conditional_logit_distance,oos_2024,oos,all,31.551410168433343,2023.0,CP ASSOCIAÇÃO HOUSE BABY - VILA KOSMOS,62.0,parceira,matriculas_ano_anterior_proxy,True,-30.448589831566657,False
2024,05008,MATERNAL II,conditional_logit_distance,oos_2024,oos,all,15.241345320336366,2023.0,CP ASSOCIAÇÃO HOUSE BABY - VILA KOSMOS,69.0,parceira,matriculas_ano_anterior_proxy,True,-53.758654679663636,False
2024,05009,BERCARIO,conditional_logit_distance,oos_2024,oos,all,134.02589509068886,2023.0,CP ASSOCIAÇÃO CRECHE ESPERANÇA - IRAJÁ,44.0,parceira,matriculas_ano_anterior_proxy,True,90.02589509068886,True
2024,05009,MATERNAL I,conditional_logit_distance,oos_2024,oos,all,82.17174535011787,2023.0,CP ASSOCIAÇÃO CRECHE ESPERANÇA - IRAJÁ,81.0,parceira,matriculas_ano_anterior_proxy,True,1.1717453501178738,True
2024,05009,MATERNAL II,conditional_logit_distance,oos_2024,oos,all,48.20889350422368,2023.0,CP ASSOCIAÇÃO CRECHE ESPERANÇA - IRAJÁ,98.0,parceira,matriculas_ano_anterior_proxy,True,-49.79110649577632,False
2024,05010,BERCARIO,conditional_logit_distance,oos_2024,oos,all,103.5535326130454,2023.0,CP ASSOCIAÇÃO CENTRO EDUCACIONAL REBRAL VII,106.0,parceira,matriculas_ano_anterior_proxy,True,-2.4464673869545948,False
2024,05010,MATERNAL I,conditional_logit_distance,oos_2024,oos,all,45.481930080937104,2023.0,CP ASSOCIAÇÃO CENTRO EDUCACIONAL REBRAL VII,190.0,parceira,matriculas_ano_anterior_proxy,True,-144.5180699190629,False
2024,05010,MATERNAL II,conditional_logit_distance,oos_2024,oos,all,21.997330979920747,2023.0,CP ASSOCIAÇÃO CENTRO EDUCACIONAL REBRAL VII,175.0,parceira,matriculas_ano_anterior_proxy,True,-153.00266902007925,False
2024,05012,BERCARIO,conditional_logit_distance,oos_2024,oos,all,61.38811347665437,2023.0,CP ASSOCIAÇÃO CENTRO EDUCACIONAL REBRAL XI,27.0,parceira,matriculas_ano_anterior_proxy,True,34.38811347665437,True
2024,05012,MATERNAL I,conditional_logit_distance,oos_2024,oos,all,33.792696275925344,2023.0,CP ASSOCIAÇÃO CENTRO EDUCACIONAL REBRAL XI,126.0,parceira,matriculas_ano_anterior_proxy,True,-92.20730372407465,False
2024,05012,MATERNAL II,conditional_logit_distance,oos_2024,oos,all,14.122008182212983,2023.0,CP ASSOCIAÇÃO CENTRO EDUCACIONAL REBRAL XI,108.0,parceira,matriculas_ano_anterior_proxy,True,-93.87799181778702,False
2024,05013,MATERNAL I,conditional_logit_distance,oos_2024,oos,all,81.49551054162261,2023.0,CP CENTRO EDUCACIONAL SOMAR,4.0,parceira,matriculas_ano_anterior_proxy,True,77.49551054162261,True
2024,05013,MATERNAL II,conditional_logit_distance,oos_2024,oos,all,43.02021274241687,2023.0,CP CENTRO EDUCACIONAL SOMAR,36.0,parceira,matriculas_ano_anterior_proxy,True,7.0202127424168665,True
2024,05014,MATERNAL I,conditional_logit_distance,oos_2024,oos,all,81.86469702041485,2023.0,CP AEMMAC - MARECHAL HERMES,123.0,parceira,matriculas_ano_anterior_proxy,True,-41.13530297958515,False
2024,05014,MATERNAL II,conditional_logit_distance,oos_2024,oos,all,40.13301575977605,2023.0,CP AEMMAC - MARECHAL HERMES,59.0,parceira,matriculas_ano_anterior_proxy,True,-18.86698424022395,False
2024,05015,BERCARIO,conditional_logit_distance,oos_2024,oos,all,84.44942076273736,2023.0,CP AEMMAC - ROCHA MIRANDA,19.0,parceira,matriculas_ano_anterior_proxy,True,65.44942076273736,True
2024,05015,MATERNAL I,conditional_logit_distance,oos_2024,oos,all,46.9857388904602,2023.0,CP AEMMAC - ROCHA MIRANDA,120.0,parceira,matriculas_ano_anterior_proxy,True,-73.0142611095398,False
2024,05015,MATERNAL II,conditional_logit_distance,oos_2024,oos,all,22.23724409542416,2023.0,CP AEMMAC - ROCHA MIRANDA,121.0,parceira,matriculas_ano_anterior_proxy,True,-98.76275590457584,False
2024,05016,BERCARIO,conditional_logit_distance,oos_2024,oos,all,76.06461396086056,2023.0,CP ASSOCIAÇÃO EDUCACIONAL E CULTURAL SÃO BERNARDO - CSB,61.0,parceira,matriculas_ano_anterior_proxy,True,15.064613960860555,True
2024,05016,MATERNAL I,conditional_logit_distance,oos_2024,oos,all,41.41532243972161,2023.0,CP ASSOCIAÇÃO EDUCACIONAL E CULTURAL SÃO BERNARDO - CSB,73.0,parceira,matriculas_ano_anterior_proxy,True,-31.584677560278386,False
2024,05016,MATERNAL II,conditional_logit_distance,oos_2024,oos,all,20.840710704456143,2023.0,CP ASSOCIAÇÃO EDUCACIONAL E CULTURAL SÃO BERNARDO - CSB,47.0,parceira,matriculas_ano_anterior_proxy,True,-26.159289295543857,False
2024,0514009,MATERNAL II,conditional_logit_distance,oos_2024,oos,all,32.67280330275836,2023.0,EM MATO GROSSO,0.0,publica,matriculas_ano_anterior_proxy,True,32.67280330275836,True
2024,0514501,MATERNAL II,conditional_logit_distance,oos_2024,oos,all,19.31231701320172,2023.0,CIEP DOM OSCAR ROMERO,0.0,publica,matriculas_ano_anterior_proxy,True,19.31231701320172,True
2024,0514601,MATERNAL I,conditional_logit_distance,oos_2024,oos,all,84.41835453008062,2023.0,CM TIO SEBASTIÃO XAVIER,18.0,publica,matriculas_ano_anterior_proxy,True,66.41835453008062,True
2024,0514601,MATERNAL II,conditional_logit_distance,oos_2024,oos,all,29.934842047423185,2023.0,CM TIO SEBASTIÃO XAVIER,35.0,publica,matriculas_ano_anterior_proxy,True,-5.065157952576815,False
2024,0514602,BERCARIO,conditional_logit_distance,oos_2024,oos,all,120.11145414624416,2023.0,CM JECIÁ DE FREITAS FERREIRA,49.0,publica,matriculas_ano_anterior_proxy,True,71.11145414624416,True
2024,0514602,MATERNAL I,conditional_logit_distance,oos_2024,oos,all,51.088602790194,2023.0,CM JECIÁ DE FREITAS FERREIRA,48.0,publica,matriculas_ano_anterior_proxy,True,3.0886027901940025,True
2024,0514602,MATERNAL II,conditional_logit_distance,oos_2024,oos,all,24.969118985774703,2023.0,CM JECIÁ DE FREITAS FERREIRA,0.0,publica,matriculas_ano_anterior_proxy,True,24.969118985774703,True
2024,0514603,MATERNAL I,conditional_logit_distance,oos_2024,oos,all,33.720123113375934,2023.0,CM AMÁLIA FERNANDEZ CONDE,21.0,publica,matriculas_ano_anterior_proxy,True,12.720123113375934,True
2024,0514603,MATERNAL II,conditional_logit_distance,oos_2024,oos,all,15.357545670143416,2023.0,CM AMÁLIA FERNANDEZ CONDE,0.0,publica,matriculas_ano_anterior_proxy,True,15.357545670143416,True
2024,0514604,MATERNAL I,conditional_logit_distance,oos_2024,oos,all,41.477842820426986,2023.0,CM ESTRELINHA DOURADA,22.0,publica,matriculas_ano_anterior_proxy,True,19.477842820426986,True
2024,0514604,MATERNAL II,conditional_logit_distance,oos_2024,oos,all,19.669835257613336,2023.0,CM ESTRELINHA DOURADA,0.0,publica,matriculas_ano_anterior_proxy,True,19.669835257613336,True
2024,0514605,BERCARIO,conditional_logit_distance,oos_2024,oos,all,68.50291847623058,2023.0,CM O SONHO DE RAMON PASCUAL,45.0,publica,matriculas_ano_anterior_proxy,True,23.502918476230576,True
2024,0514605,MATERNAL I,conditional_logit_distance,oos_2024,oos,all,38.16486609656706,2023.0,CM O SONHO DE RAMON PASCUAL,48.0,publica,matriculas_ano_anterior_proxy,True,-9.83513390343294,False
2024,0514605,MATERNAL II,conditional_logit_distance,oos_2024,oos,all,19.29078118882629,2023.0,CM O SONHO DE RAMON PASCUAL,0.0,publica,matriculas_ano_anterior_proxy,True,19.29078118882629,True
2024,0514606,BERCARIO,conditional_logit_distance,oos_2024,oos,all,59.27255499671151,2023.0,CM ACALANTO,31.0,publica,matriculas_ano_anterior_proxy,True,28.272554996711513,True
2024,0514606,MATERNAL I,conditional_logit_distance,oos_2024,oos,all,33.04259005656361,2023.0,CM ACALANTO,35.0,publica,matriculas_ano_anterior_proxy,True,-1.9574099434363887,False
2024,0514606,MATERNAL II,conditional_logit_distance,oos_2024,oos,all,17.31148780490549,2023.0,CM ACALANTO,0.0,publica,matriculas_ano_anterior_proxy,True,17.31148780490549,True
2024,0514607,BERCARIO,conditional_logit_distance,oos_2024,oos,all,65.76340958643361,2023.0,CM SEMENTINHA,35.0,publica,matriculas_ano_anterior_proxy,True,30.76340958643361,True
2024,0514607,MATERNAL I,conditional_logit_distance,oos_2024,oos,all,36.8898778032314,2023.0,CM SEMENTINHA,30.0,publica,matriculas_ano_anterior_proxy,True,6.8898778032314,True
2024,0514607,MATERNAL II,conditional_logit_distance,oos_2024,oos,all,18.99165523945289,2023.0,CM SEMENTINHA,0.0,publica,matriculas_ano_anterior_proxy,True,18.99165523945289,True
2024,0514608,BERCARIO,conditional_logit_distance,oos_2024,oos,all,76.75326958368501,2023.0,CM JOSEPH BARBERA,22.0,publica,matriculas_ano_anterior_proxy,True,54.75326958368501,True
2024,0514608,MATERNAL I,conditional_logit_distance,oos_2024,oos,all,41.72595432041223,2023.0,CM JOSEPH BARBERA,26.0,publica,matriculas_ano_anterior_proxy,True,15.725954320412228,True
2024,0514608,MATERNAL II,conditional_logit_distance,oos_2024,oos,all,24.289233837760086,2023.0,CM JOSEPH BARBERA,0.0,publica,matriculas_ano_anterior_proxy,True,24.289233837760086,True
2024,0514609,BERCARIO,conditional_logit_distance,oos_2024,oos,all,55.60947463221571,2023.0,CM PARQUE BOM MENINO,22.0,publica,matriculas_ano_anterior_proxy,True,33.60947463221571,True
2024,0514609,MATERNAL I,conditional_logit_distance,oos_2024,oos,all,30.479409675157846,2023.0,CM PARQUE BOM MENINO,39.0,publica,matriculas_ano_anterior_proxy,True,-8.520590324842154,False
2024,0514609,MATERNAL II,conditional_logit_distance,oos_2024,oos,all,15.206023107460622,2023.0,CM PARQUE BOM MENINO,0.0,publica,matriculas_ano_anterior_proxy,True,15.206023107460622,True
2024,0514801,MATERNAL I,conditional_logit_distance,oos_2024,oos,all,35.56540305688088,2023.0,EDI DEPUTADO PEDRO FERNANDES,40.0,publica,matriculas_ano_anterior_proxy,True,-4.434596943119118,False
2024,0514801,MATERNAL II,conditional_logit_distance,oos_2024,oos,all,16.462751663928536,2023.0,EDI DEPUTADO PEDRO FERNANDES,0.0,publica,matriculas_ano_anterior_proxy,True,16.462751663928536,True
2024,0514802,MATERNAL I,conditional_logit_distance,oos_2024,oos,all,31.77004190812181,2023.0,EDI LUXEMBURGO,0.0,publica,matriculas_ano_anterior_proxy,True,31.77004190812181,True
2024,0514802,MATERNAL II,conditional_logit_distance,oos_2024,oos,all,14.308633896714024,2023.0,EDI LUXEMBURGO,0.0,publica,matriculas_ano_anterior_proxy,True,14.308633896714024,True
2024,0514803,MATERNAL II,conditional_logit_distance,oos_2024,oos,all,21.961808680956707,2023.0,EDI JOSÉ ALPOIM,0.0,publica,matriculas_ano_anterior_proxy,True,21.961808680956707,True
2024,0514804,MATERNAL II,conditional_logit_distance,oos_2024,oos,all,15.114793633203757,2023.0,EDI VICENTE DE CARVALHO,0.0,publica,matriculas_ano_anterior_proxy,True,15.114793633203757,True
2024,0515015,MATERNAL II,conditional_logit_distance,oos_2024,oos,all,22.002340398497267,2023.0,EM PADRE DEHON,0.0,publica,matriculas_ano_anterior_proxy,True,22.002340398497267,True
2024,0515021,MATERNAL II,conditional_logit_distance,oos_2024,oos,all,31.27762649477943,2023.0,EM MOZART LAGO,0.0,publica,matriculas_ano_anterior_proxy,True,31.27762649477943,True
2024,0515046,MATERNAL II,conditional_logit_distance,oos_2024,oos,all,24.860033236528807,2023.0,EM ADELMAR TAVARES,0.0,publica,matriculas_ano_anterior_proxy,True,24.860033236528807,True
2024,0515053,MATERNAL II,conditional_logit_distance,oos_2024,oos,all,29.58892118134872,2023.0,EM SENADOR FRANCISCO GALLOTTI,0.0,publica,matriculas_ano_anterior_proxy,True,29.58892118134872,True
2024,0515064,MATERNAL II,conditional_logit_distance,oos_2024,oos,all,20.62860751602396,2023.0,EM MESTRE DARCY DO JONGO,0.0,publica,matriculas_ano_anterior_proxy,True,20.62860751602396,True
2024,0515501,MATERNAL II,conditional_logit_distance,oos_2024,oos,all,22.06552959033832,2023.0,CIEP AUGUSTO PINHEIRO DE CARVALHO,0.0,publica,matriculas_ano_anterior_proxy,True,22.06552959033832,True
2024,0515503,MATERNAL II,conditional_logit_distance,oos_2024,oos,all,22.600248306438598,2023.0,CIEP METALÚRGICO BENEDITO CERQUEIRA,0.0,publica,matriculas_ano_anterior_proxy,True,22.600248306438598,True
2024,0515601,MATERNAL I,conditional_logit_distance,oos_2024,oos,all,38.994388351868864,2023.0,CM OLGA BENÁRIO,13.0,publica,matriculas_ano_anterior_proxy,True,25.994388351868864,True
2024,0515601,MATERNAL II,conditional_logit_distance,oos_2024,oos,all,19.65679877177052,2023.0,CM OLGA BENÁRIO,0.0,publica,matriculas_ano_anterior_proxy,True,19.65679877177052,True
2024,0515602,BERCARIO,conditional_logit_distance,oos_2024,oos,all,78.00194201408762,2023.0,CM SÃO MIGUEL ARCANJO,43.0,publica,matriculas_ano_anterior_proxy,True,35.00194201408762,True
2024,0515602,MATERNAL I,conditional_logit_distance,oos_2024,oos,all,41.9515609567809,2023.0,CM SÃO MIGUEL ARCANJO,46.0,publica,matriculas_ano_anterior_proxy,True,-4.048439043219098,False
2024,0515602,MATERNAL II,conditional_logit_distance,oos_2024,oos,all,21.49169844781708,2023.0,CM SÃO MIGUEL ARCANJO,0.0,publica,matriculas_ano_anterior_proxy,True,21.49169844781708,True
2024,0515604,BERCARIO,conditional_logit_distance,oos_2024,oos,all,60.170827899468286,2023.0,CM GERCINDA ROSA FONSECA,50.0,publica,matriculas_ano_anterior_proxy,True,10.170827899468286,True
2024,0515604,MATERNAL I,conditional_logit_distance,oos_2024,oos,all,33.550483552162554,2023.0,CM GERCINDA ROSA FONSECA,50.0,publica,matriculas_ano_anterior_proxy,True,-16.449516447837446,False
2024,0515604,MATERNAL II,conditional_logit_distance,oos_2024,oos,all,20.348240543065067,2023.0,CM GERCINDA ROSA FONSECA,0.0,publica,matriculas_ano_anterior_proxy,True,20.348240543065067,True
2024,0515605,BERCARIO,conditional_logit_distance,oos_2024,oos,all,72.28082155732473,2023.0,CM JOSÉ RAIMUNDO DE SOUZA ALVES,42.0,publica,matriculas_ano_anterior_proxy,True,30.280821557324728,True
2024,0515605,MATERNAL I,conditional_logit_distance,oos_2024,oos,all,40.0427599784119,2023.0,CM JOSÉ RAIMUNDO DE SOUZA ALVES,45.0,publica,matriculas_ano_anterior_proxy,True,-4.957240021588099,False
2024,0515605,MATERNAL II,conditional_logit_distance,oos_2024,oos,all,20.214923737412683,2023.0,CM JOSÉ RAIMUNDO DE SOUZA ALVES,0.0,publica,matriculas_ano_anterior_proxy,True,20.214923737412683,True
2024,0515606,BERCARIO,conditional_logit_distance,oos_2024,oos,all,59.43541265177274,2023.0,CM JOSUÉ DE CASTRO,24.0,publica,matriculas_ano_anterior_proxy,True,35.43541265177274,True
2024,0515606,MATERNAL I,conditional_logit_distance,oos_2024,oos,all,33.14200094698031,2023.0,CM JOSUÉ DE CASTRO,26.0,publica,matriculas_ano_anterior_proxy,True,7.1420009469803105,True
2024,0515606,MATERNAL II,conditional_logit_distance,oos_2024,oos,all,20.17829060553129,2023.0,CM JOSUÉ DE CASTRO,0.0,publica,matriculas_ano_anterior_proxy,True,20.17829060553129,True
2024,0515607,MATERNAL I,conditional_logit_distance,oos_2024,oos,all,36.56327424485174,2023.0,CM MANÉ GARRINCHA I,70.0,publica,matriculas_ano_anterior_proxy,True,-33.43672575514826,False
2024,0515607,MATERNAL II,conditional_logit_distance,oos_2024,oos,all,19.29033558353948,2023.0,CM MANÉ GARRINCHA I,0.0,publica,matriculas_ano_anterior_proxy,True,19.29033558353948,True
2024,0515608,BERCARIO,conditional_logit_distance,oos_2024,oos,all,82.60493089823566,2023.0,CM MARIA JOSÉ DE PAULA DE JESUS,23.0,publica,matriculas_ano_anterior_proxy,True,59.604930898235665,True
2024,0515608,MATERNAL I,conditional_logit_distance,oos_2024,oos,all,44.31968820561432,2023.0,CM MARIA JOSÉ DE PAULA DE JESUS,24.0,publica,matriculas_ano_anterior_proxy,True,20.31968820561432,True
2024,0515608,MATERNAL II,conditional_logit_distance,oos_2024,oos,all,22.58641078008541,2023.0,CM MARIA JOSÉ DE PAULA DE JESUS,0.0,publica,matriculas_ano_anterior_proxy,True,22.58641078008541,True
2024,0515610,MATERNAL I,conditional_logit_distance,oos_2024,oos,all,48.79819600647094,2023.0,CM SEMPRE VIDA PALMEIRINHA,17.0,publica,matriculas_ano_anterior_proxy,True,31.79819600647094,True
2024,0515610,MATERNAL II,conditional_logit_distance,oos_2024,oos,all,24.613724550102123,2023.0,CM SEMPRE VIDA PALMEIRINHA,0.0,publica,matriculas_ano_anterior_proxy,True,24.613724550102123,True
2024,0515611,BERCARIO,conditional_logit_distance,oos_2024,oos,all,77.29542601499867,2023.0,CM VOVÓ MARIA JOANA,20.0,publica,matriculas_ano_anterior_proxy,True,57.29542601499867,True
2024,0515611,MATERNAL I,conditional_logit_distance,oos_2024,oos,all,41.62820832578406,2023.0,CM VOVÓ MARIA JOANA,47.0,publica,matriculas_ano_anterior_proxy,True,-5.371791674215942,False
2024,0515611,MATERNAL II,conditional_logit_distance,oos_2024,oos,all,21.550903198972787,2023.0,CM VOVÓ MARIA JOANA,0.0,publica,matriculas_ano_anterior_proxy,True,21.550903198972787,True
2024,0515612,BERCARIO,conditional_logit_distance,oos_2024,oos,all,70.77343599552579,2023.0,CM TIA MARIA DO JONGO,25.0,publica,matriculas_ano_anterior_proxy,True,45.77343599552579,True
2024,0515612,MATERNAL I,conditional_logit_distance,oos_2024,oos,all,38.3170524463435,2023.0,CM TIA MARIA DO JONGO,47.0,publica,matriculas_ano_anterior_proxy,True,-8.682947553656497,False
2024,0515612,MATERNAL II,conditional_logit_distance,oos_2024,oos,all,20.33422644810472,2023.0,CM TIA MARIA DO JONGO,0.0,publica,matriculas_ano_anterior_proxy,True,20.33422644810472,True
2024,0515613,BERCARIO,conditional_logit_distance,oos_2024,oos,all,69.17188612573916,2023.0,CM MANOEL DA ROCHA APRISCO,48.0,publica,matriculas_ano_anterior_proxy,True,21.171886125739164,True
2024,0515613,MATERNAL I,conditional_logit_distance,oos_2024,oos,all,37.32895365008818,2023.0,CM MANOEL DA ROCHA APRISCO,44.0,publica,matriculas_ano_anterior_proxy,True,-6.671046349911819,False
2024,0515613,MATERNAL II,conditional_logit_distance,oos_2024,oos,all,20.721348016526147,2023.0,CM MANOEL DA ROCHA APRISCO,0.0,publica,matriculas_ano_anterior_proxy,True,20.721348016526147,True
2024,0515801,BERCARIO,conditional_logit_distance,oos_2024,oos,all,77.30302490748129,2023.0,EDI KARINE LORRAINE CHAGAS DE OLIVEIRA,24.0,publica,matriculas_ano_anterior_proxy,True,53.30302490748129,True
2024,0515801,MATERNAL I,conditional_logit_distance,oos_2024,oos,all,43.20236300600357,2023.0,EDI KARINE LORRAINE CHAGAS DE OLIVEIRA,47.0,publica,matriculas_ano_anterior_proxy,True,-3.797636993996427,False
2024,0515801,MATERNAL II,conditional_logit_distance,oos_2024,oos,all,21.361301695948377,2023.0,EDI KARINE LORRAINE CHAGAS DE OLIVEIRA,0.0,publica,matriculas_ano_anterior_proxy,True,21.361301695948377,True
2024,0515802,MATERNAL II,conditional_logit_distance,oos_2024,oos,all,22.279644576766163,2023.0,EDI GUSTAVO LESSA,0.0,publica,matriculas_ano_anterior_proxy,True,22.279644576766163,True
2024,0515803,MATERNAL II,conditional_logit_distance,oos_2024,oos,all,28.623055013596375,2023.0,EDI PIO XII,0.0,publica,matriculas_ano_anterior_proxy,True,28.623055013596375,True
2024,0515804,MATERNAL II,conditional_logit_distance,oos_2024,oos,all,32.393710830943334,2023.0,EDI FERNÃO DIAS,0.0,publica,matriculas_ano_anterior_proxy,True,32.393710830943334,True
2024,0515805,MATERNAL II,conditional_logit_distance,oos_2024,oos,all,30.4582565800922,2023.0,EDI ROCHA POMBO,0.0,publica,matriculas_ano_anterior_proxy,True,30.4582565800922,True
2024,0515807,BERCARIO,conditional_logit_distance,oos_2024,oos,all,82.74836286426311,2023.0,EDI BURITI CONGONHAS,23.0,publica,matriculas_ano_anterior_proxy,True,59.748362864263115,True
2024,0515807,MATERNAL I,conditional_logit_distance,oos_2024,oos,all,44.59769278295693,2023.0,EDI BURITI CONGONHAS,45.0,publica,matriculas_ano_anterior_proxy,True,-0.4023072170430666,False
2024,0515807,MATERNAL II,conditional_logit_distance,oos_2024,oos,all,22.79877914752227,2023.0,EDI BURITI CONGONHAS,0.0,publica,matriculas_ano_anterior_proxy,True,22.79877914752227,True
2024,0515808,BERCARIO,conditional_logit_distance,oos_2024,oos,all,97.91626635780273,2023.0,EDI GUARACIARA RODRIGUES DINIZ,25.0,publica,matriculas_ano_anterior_proxy,True,72.91626635780273,True
2024,0515808,MATERNAL I,conditional_logit_distance,oos_2024,oos,all,52.49862384704963,2023.0,EDI GUARACIARA RODRIGUES DINIZ,25.0,publica,matriculas_ano_anterior_proxy,True,27.49862384704963,True
2024,0515808,MATERNAL II,conditional_logit_distance,oos_2024,oos,all,26.702740958811976,2023.0,EDI GUARACIARA RODRIGUES DINIZ,0.0,publica,matriculas_ano_anterior_proxy,True,26.702740958811976,True
2024,0515809,BERCARIO,conditional_logit_distance,oos_2024,oos,all,94.17029227204084,2023.0,EDI PROFESSOR UBIRAJARA DE PAULA CASTRO,50.0,publica,matriculas_ano_anterior_proxy,True,44.17029227204084,True
2024,0515809,MATERNAL I,conditional_logit_distance,oos_2024,oos,all,50.95823192578593,2023.0,EDI PROFESSOR UBIRAJARA DE PAULA CASTRO,47.0,publica,matriculas_ano_anterior_proxy,True,3.958231925785931,True
2024,0515809,MATERNAL II,conditional_logit_distance,oos_2024,oos,all,26.052342980359764,2023.0,EDI PROFESSOR UBIRAJARA DE PAULA CASTRO,0.0,publica,matriculas_ano_anterior_proxy,True,26.052342980359764,True
2024,0515810,BERCARIO,conditional_logit_distance,oos_2024,oos,all,68.48903480883999,2023.0,EDI PROFESSORA TEREZINHA SARDOUX HENRIQUES,12.0,publica,matriculas_ano_anterior_proxy,True,56.48903480883999,True
2024,0515810,MATERNAL I,conditional_logit_distance,oos_2024,oos,all,37.91166690703019,2023.0,EDI PROFESSORA TEREZINHA SARDOUX HENRIQUES,32.0,publica,matriculas_ano_anterior_proxy,True,5.911666907030188,True
2024,0515810,MATERNAL II,conditional_logit_distance,oos_2024,oos,all,23.287564415211985,2023.0,EDI PROFESSORA TEREZINHA SARDOUX HENRIQUES,0.0,publica,matriculas_ano_anterior_proxy,True,23.287564415211985,True
2024,06001,MATERNAL I,conditional_logit_distance,oos_2024,oos,all,95.8005162635978,2023.0,CP ESCOLA PATRONATO NOSSA SENHORA DE NAZARÉ,52.0,parceira,matriculas_ano_anterior_proxy,True,43.8005162635978,True
2024,06001,MATERNAL II,conditional_logit_distance,oos_2024,oos,all,50.0079916766251,2023.0,CP ESCOLA PATRONATO NOSSA SENHORA DE NAZARÉ,57.0,parceira,matriculas_ano_anterior_proxy,True,-6.992008323374897,False
2024,06002,BERCARIO,conditional_logit_distance,oos_2024,oos,all,73.45461156212902,2023.0,CP CRECHE GUADALUPE,61.0,parceira,matriculas_ano_anterior_proxy,True,12.454611562129017,True
2024,06002,MATERNAL I,conditional_logit_distance,oos_2024,oos,all,41.86716181561379,2023.0,CP CRECHE GUADALUPE,56.0,parceira,matriculas_ano_anterior_proxy,True,-14.132838184386209,False
2024,06002,MATERNAL II,conditional_logit_distance,oos_2024,oos,all,23.623768063054413,2023.0,CP CRECHE GUADALUPE,53.0,parceira,matriculas_ano_anterior_proxy,True,-29.376231936945587,False
2024,06003,BERCARIO,conditional_logit_distance,oos_2024,oos,all,90.44315258381305,2023.0,CP CRECHE NOSSO LAR,27.0,parceira,matriculas_ano_anterior_proxy,True,63.443152583813045,True
2024,06003,MATERNAL I,conditional_logit_distance,oos_2024,oos,all,53.54858416729861,2023.0,CP CRECHE NOSSO LAR,38.0,parceira,matriculas_ano_anterior_proxy,True,15.548584167298607,True
2024,06003,MATERNAL II,conditional_logit_distance,oos_2024,oos,all,28.874553764398847,2023.0,CP CRECHE NOSSO LAR,32.0,parceira,matriculas_ano_anterior_proxy,True,-3.125446235601153,False
2024,06004,BERCARIO,conditional_logit_distance,oos_2024,oos,all,85.4941195669431,2023.0,CP CENTRO COMUNITÁRIO PARQUE UNIDOS DE ACARI,0.0,parceira,matriculas_ano_anterior_proxy,True,85.4941195669431,True
2024,06004,MATERNAL I,conditional_logit_distance,oos_2024,oos,all,51.52007873017742,2023.0,CP CENTRO COMUNITÁRIO PARQUE UNIDOS DE ACARI,32.0,parceira,matriculas_ano_anterior_proxy,True,19.520078730177417,True
2024,06004,MATERNAL II,conditional_logit_distance,oos_2024,oos,all,22.91005521787077,2023.0,CP CENTRO COMUNITÁRIO PARQUE UNIDOS DE ACARI,42.0,parceira,matriculas_ano_anterior_proxy,True,-19.08994478212923,False
2024,06005,MATERNAL I,conditional_logit_distance,oos_2024,oos,all,39.38358529085406,2023.0,CP CRECHE DON GUANELLA,31.0,parceira,matriculas_ano_anterior_proxy,True,8.383585290854057,True
2024,06005,MATERNAL II,conditional_logit_distance,oos_2024,oos,all,20.90370633070173,2023.0,CP CRECHE DON GUANELLA,27.0,parceira,matriculas_ano_anterior_proxy,True,-6.096293669298269,False
2024,06006,MATERNAL I,conditional_logit_distance,oos_2024,oos,all,65.9392398607778,2023.0,CP CRECHE ESCOLA COMUNITÁRIA TIO PATINHAS,25.0,parceira,matriculas_ano_anterior_proxy,True,40.9392398607778,True
2024,06006,MATERNAL II,conditional_logit_distance,oos_2024,oos,all,29.1071000242565,2023.0,CP CRECHE ESCOLA COMUNITÁRIA TIO PATINHAS,65.0,parceira,matriculas_ano_anterior_proxy,True,-35.892899975743504,False
2024,06007,MATERNAL I,conditional_logit_distance,oos_2024,oos,all,66.93951924385624,2023.0,CP CRECHE ABRINDO PORTAS,50.0,parceira,matriculas_ano_anterior_proxy,True,16.93951924385624,True
2024,06007,MATERNAL II,conditional_logit_distance,oos_2024,oos,all,29.197912422679764,2023.0,CP CRECHE ABRINDO PORTAS,70.0,parceira,matriculas_ano_anterior_proxy,True,-40.802087577320236,False
2024,06009,MATERNAL I,conditional_logit_distance,oos_2024,oos,all,96.52681902136172,2023.0,CP CENTRO EDUCACIONAL NOSSA SENHORA APARECIDA,125.0,parceira,matriculas_ano_anterior_proxy,True,-28.473180978638283,False
2024,06009,MATERNAL II,conditional_logit_distance,oos_2024,oos,all,50.34980432449336,2023.0,CP CENTRO EDUCACIONAL NOSSA SENHORA APARECIDA,195.0,parceira,matriculas_ano_anterior_proxy,True,-144.65019567550664,False
2024,06012,BERCARIO,conditional_logit_distance,oos_2024,oos,all,85.36900594853316,2023.0,CP ASSOCIAÇÃO CRESCÊNCIO,22.0,parceira,matriculas_ano_anterior_proxy,True,63.36900594853316,True
2024,06012,MATERNAL I,conditional_logit_distance,oos_2024,oos,all,49.047290912084456,2023.0,CP ASSOCIAÇÃO CRESCÊNCIO,46.0,parceira,matriculas_ano_anterior_proxy,True,3.0472909120844562,True
2024,06012,MATERNAL II,conditional_logit_distance,oos_2024,oos,all,24.530828305143217,2023.0,CP ASSOCIAÇÃO CRESCÊNCIO,44.0,parceira,matriculas_ano_anterior_proxy,True,-19.469171694856783,False
2024,06013,BERCARIO,conditional_logit_distance,oos_2024,oos,all,47.15072589598913,2023.0,CP CRECHE COMUNITÁRIA AQUARELA,25.0,parceira,matriculas_ano_anterior_proxy,True,22.150725895989133,True
2024,06013,MATERNAL I,conditional_logit_distance,oos_2024,oos,all,28.15256068059021,2023.0,CP CRECHE COMUNITÁRIA AQUARELA,48.0,parceira,matriculas_ano_anterior_proxy,True,-19.84743931940979,False
2024,06013,MATERNAL II,conditional_logit_distance,oos_2024,oos,all,16.976423347203777,2023.0,CP CRECHE COMUNITÁRIA AQUARELA,25.0,parceira,matriculas_ano_anterior_proxy,True,-8.023576652796223,False
2024,06015,BERCARIO,conditional_logit_distance,oos_2024,oos,all,43.88807408365669,2023.0,CP AEMMAC - PAVUNA,58.0,parceira,matriculas_ano_anterior_proxy,True,-14.11192591634331,False
2024,06015,MATERNAL I,conditional_logit_distance,oos_2024,oos,all,26.612934616381864,2023.0,CP AEMMAC - PAVUNA,164.0,parceira,matriculas_ano_anterior_proxy,True,-137.38706538361814,False
2024,06015,MATERNAL II,conditional_logit_distance,oos_2024,oos,all,13.608403327427936,2023.0,CP AEMMAC - PAVUNA,128.0,parceira,matriculas_ano_anterior_proxy,True,-114.39159667257206,False
2024,06016,BERCARIO,conditional_logit_distance,oos_2024,oos,all,73.78211907933141,2023.0,CP CRECHE NOSSO LAR II,49.0,parceira,matriculas_ano_anterior_proxy,True,24.78211907933141,True
2024,06016,MATERNAL I,conditional_logit_distance,oos_2024,oos,all,44.354495710729054,2023.0,CP CRECHE NOSSO LAR II,78.0,parceira,matriculas_ano_anterior_proxy,True,-33.645504289270946,False
2024,06016,MATERNAL II,conditional_logit_distance,oos_2024,oos,all,27.537289836769748,2023.0,CP CRECHE NOSSO LAR II,54.0,parceira,matriculas_ano_anterior_proxy,True,-26.462710163230252,False
2024,06017,BERCARIO,conditional_logit_distance,oos_2024,oos,all,102.78955173052545,,,,,,False,,
2024,06017,MATERNAL I,conditional_logit_distance,oos_2024,oos,all,63.951832944309245,,,,,,False,,
2024,06017,MATERNAL II,conditional_logit_distance,oos_2024,oos,all,30.9937364984026,,,,,,False,,
2024,06018,BERCARIO,conditional_logit_distance,oos_2024,oos,all,134.02589509068886,,,,,,False,,
2024,06018,MATERNAL I,conditional_logit_distance,oos_2024,oos,all,82.17174535011787,,,,,,False,,
2024,06018,MATERNAL II,conditional_logit_distance,oos_2024,oos,all,48.20889350422368,,,,,,False,,
2024,0622023,MATERNAL II,conditional_logit_distance,oos_2024,oos,all,21.412933440181924,2023.0,EM GILBERTO AMADO,0.0,publica,matriculas_ano_anterior_proxy,True,21.412933440181924,True
2024,0622202,MATERNAL I,conditional_logit_distance,oos_2024,oos,all,21.30736030244094,2023.0,CIEP GENERAL AUGUSTO CESAR SANDINO,72.0,publica,matriculas_ano_anterior_proxy,True,-50.69263969755906,False
2024,0622202,MATERNAL II,conditional_logit_distance,oos_2024,oos,all,12.718922613396185,2023.0,CIEP GENERAL AUGUSTO CESAR SANDINO,0.0,publica,matriculas_ano_anterior_proxy,True,12.718922613396185,True
2024,0622601,BERCARIO,conditional_logit_distance,oos_2024,oos,all,78.94500007182846,2023.0,CM JOSÉ GOULART,25.0,publica,matriculas_ano_anterior_proxy,True,53.94500007182846,True
2024,0622601,MATERNAL I,conditional_logit_distance,oos_2024,oos,all,46.867418174781406,2023.0,CM JOSÉ GOULART,24.0,publica,matriculas_ano_anterior_proxy,True,22.867418174781406,True
2024,0622601,MATERNAL II,conditional_logit_distance,oos_2024,oos,all,25.920506628891356,2023.0,CM JOSÉ GOULART,0.0,publica,matriculas_ano_anterior_proxy,True,25.920506628891356,True
2024,0622602,BERCARIO,conditional_logit_distance,oos_2024,oos,all,57.71755218558949,2023.0,CM SILVIO AMANCIO,22.0,publica,matriculas_ano_anterior_proxy,True,35.71755218558949,True
2024,0622602,MATERNAL I,conditional_logit_distance,oos_2024,oos,all,34.17808144205312,2023.0,CM SILVIO AMANCIO,52.0,publica,matriculas_ano_anterior_proxy,True,-17.82191855794688,False
2024,0622602,MATERNAL II,conditional_logit_distance,oos_2024,oos,all,18.803285890528063,2023.0,CM SILVIO AMANCIO,0.0,publica,matriculas_ano_anterior_proxy,True,18.803285890528063,True
2024,0622603,BERCARIO,conditional_logit_distance,oos_2024,oos,all,46.78000067296416,2023.0,CM YARA AMARAL,25.0,publica,matriculas_ano_anterior_proxy,True,21.780000672964157,True
2024,0622603,MATERNAL I,conditional_logit_distance,oos_2024,oos,all,55.25600002685928,2023.0,CM YARA AMARAL,25.0,publica,matriculas_ano_anterior_proxy,True,30.256000026859283,True
2024,0622603,MATERNAL II,conditional_logit_distance,oos_2024,oos,all,30.070536710636834,2023.0,CM YARA AMARAL,45.0,publica,matriculas_ano_anterior_proxy,True,-14.929463289363166,False
2024,0622801,MATERNAL I,conditional_logit_distance,oos_2024,oos,all,44.414224542754205,2023.0,EDI ERNANI CARDOSO,25.0,publica,matriculas_ano_anterior_proxy,True,19.414224542754205,True
2024,0622801,MATERNAL II,conditional_logit_distance,oos_2024,oos,all,22.704190279057283,2023.0,EDI ERNANI CARDOSO,26.0,publica,matriculas_ano_anterior_proxy,True,-3.2958097209427173,False
2024,0622802,MATERNAL II,conditional_logit_distance,oos_2024,oos,all,27.90215643486801,2023.0,EDI PROFESSORA MILTOLINA DA SILVA,0.0,publica,matriculas_ano_anterior_proxy,True,27.90215643486801,True
2024,0622804,BERCARIO,conditional_logit_distance,oos_2024,oos,all,74.04532585975895,2023.0,EDI MEDALHISTA PARALÍMPICO DANIEL MARTINS,48.0,publica,matriculas_ano_anterior_proxy,True,26.045325859758947,True
2024,0622804,MATERNAL I,conditional_logit_distance,oos_2024,oos,all,44.55246843896721,2023.0,EDI MEDALHISTA PARALÍMPICO DANIEL MARTINS,50.0,publica,matriculas_ano_anterior_proxy,True,-5.44753156103279,False
2024,0622804,MATERNAL II,conditional_logit_distance,oos_2024,oos,all,26.96958869613157,2023.0,EDI MEDALHISTA PARALÍMPICO DANIEL MARTINS,0.0,publica,matriculas_ano_anterior_proxy,True,26.96958869613157,True
2024,0622805,BERCARIO,conditional_logit_distance,oos_2024,oos,all,32.11993176961924,2023.0,EDI MEDALHISTA OLÍMPICO MAURÍCIO LUIZ DE SOUZA,23.0,publica,matriculas_ano_anterior_proxy,True,9.119931769619242,True
2024,0622805,MATERNAL I,conditional_logit_distance,oos_2024,oos,all,19.01132931709099,2023.0,EDI MEDALHISTA OLÍMPICO MAURÍCIO LUIZ DE SOUZA,23.0,publica,matriculas_ano_anterior_proxy,True,-3.98867068290901,False
2024,0622805,MATERNAL II,conditional_logit_distance,oos_2024,oos,all,10.82259980267895,2023.0,EDI MEDALHISTA OLÍMPICO MAURÍCIO LUIZ DE SOUZA,0.0,publica,matriculas_ano_anterior_proxy,True,10.82259980267895,True
2024,0622810,MATERNAL II,conditional_logit_distance,oos_2024,oos,all,18.807004943675327,2023.0,EDI ANTÔNIO FRANCISCO LISBOA,0.0,publica,matriculas_ano_anterior_proxy,True,18.807004943675327,True
2024,0625601,BERCARIO,conditional_logit_distance,oos_2024,oos,all,47.40755490337601,2023.0,CM OS SABIDINHOS,25.0,publica,matriculas_ano_anterior_proxy,True,22.40755490337601,True
2024,0625601,MATERNAL I,conditional_logit_distance,oos_2024,oos,all,53.74693082287627,2023.0,CM OS SABIDINHOS,25.0,publica,matriculas_ano_anterior_proxy,True,28.746930822876273,True
2024,0625601,MATERNAL II,conditional_logit_distance,oos_2024,oos,all,12.197859313275938,2023.0,CM OS SABIDINHOS,24.0,publica,matriculas_ano_anterior_proxy,True,-11.802140686724062,False
2024,0625602,BERCARIO,conditional_logit_distance,oos_2024,oos,all,83.89128117485448,2023.0,CM PROFESSORA JUREMA GOMES SAMPAIO DELFIM,25.0,publica,matriculas_ano_anterior_proxy,True,58.891281174854484,True
2024,0625602,MATERNAL I,conditional_logit_distance,oos_2024,oos,all,50.566589061725104,2023.0,CM PROFESSORA JUREMA GOMES SAMPAIO DELFIM,48.0,publica,matriculas_ano_anterior_proxy,True,2.5665890617251037,True
2024,0625602,MATERNAL II,conditional_logit_distance,oos_2024,oos,all,25.82359061822019,2023.0,CM PROFESSORA JUREMA GOMES SAMPAIO DELFIM,0.0,publica,matriculas_ano_anterior_proxy,True,25.82359061822019,True
2024,0625603,BERCARIO,conditional_logit_distance,oos_2024,oos,all,67.95479427034202,2023.0,CM DR. ALBERT SABIN,23.0,publica,matriculas_ano_anterior_proxy,True,44.95479427034202,True
2024,0625603,MATERNAL I,conditional_logit_distance,oos_2024,oos,all,39.16734219983819,2023.0,CM DR. ALBERT SABIN,50.0,publica,matriculas_ano_anterior_proxy,True,-10.832657800161812,False
2024,0625603,MATERNAL II,conditional_logit_distance,oos_2024,oos,all,22.41669722431981,2023.0,CM DR. ALBERT SABIN,0.0,publica,matriculas_ano_anterior_proxy,True,22.41669722431981,True
2024,0625604,BERCARIO,conditional_logit_distance,oos_2024,oos,all,77.18942466307978,2023.0,CM HERBERT DE SOUZA - BETINHO,48.0,publica,matriculas_ano_anterior_proxy,True,29.189424663079777,True
2024,0625604,MATERNAL I,conditional_logit_distance,oos_2024,oos,all,43.978671439342136,2023.0,CM HERBERT DE SOUZA - BETINHO,69.0,publica,matriculas_ano_anterior_proxy,True,-25.021328560657864,False
2024,0625604,MATERNAL II,conditional_logit_distance,oos_2024,oos,all,20.82850145520439,2023.0,CM HERBERT DE SOUZA - BETINHO,0.0,publica,matriculas_ano_anterior_proxy,True,20.82850145520439,True
2024,0625605,BERCARIO,conditional_logit_distance,oos_2024,oos,all,44.12127150472411,2023.0,CM LUÍS CARLOS PRESTES,25.0,publica,matriculas_ano_anterior_proxy,True,19.121271504724113,True
2024,0625605,MATERNAL I,conditional_logit_distance,oos_2024,oos,all,26.1149141620581,2023.0,CM LUÍS CARLOS PRESTES,42.0,publica,matriculas_ano_anterior_proxy,True,-15.8850858379419,False
2024,0625605,MATERNAL II,conditional_logit_distance,oos_2024,oos,all,14.40813912582013,2023.0,CM LUÍS CARLOS PRESTES,0.0,publica,matriculas_ano_anterior_proxy,True,14.40813912582013,True
2024,0625606,BERCARIO,conditional_logit_distance,oos_2024,oos,all,104.21851586214903,2023.0,CM LUÍS DE SOUZA DA COSTA BARROS,51.0,publica,matriculas_ano_anterior_proxy,True,53.21851586214903,True
2024,0625606,MATERNAL I,conditional_logit_distance,oos_2024,oos,all,62.52656519242476,2023.0,CM LUÍS DE SOUZA DA COSTA BARROS,44.0,publica,matriculas_ano_anterior_proxy,True,18.526565192424762,True
2024,0625606,MATERNAL II,conditional_logit_distance,oos_2024,oos,all,36.56229653128943,2023.0,CM LUÍS DE SOUZA DA COSTA BARROS,0.0,publica,matriculas_ano_anterior_proxy,True,36.56229653128943,True
2024,0625607,BERCARIO,conditional_logit_distance,oos_2024,oos,all,96.51640229508064,2023.0,CM LUIZA DE BARROS DE SÁ FREIRE,28.0,publica,matriculas_ano_anterior_proxy,True,68.51640229508064,True
2024,0625607,MATERNAL I,conditional_logit_distance,oos_2024,oos,all,58.85721173948405,2023.0,CM LUIZA DE BARROS DE SÁ FREIRE,49.0,publica,matriculas_ano_anterior_proxy,True,9.85721173948405,True
2024,0625607,MATERNAL II,conditional_logit_distance,oos_2024,oos,all,30.67171386675165,2023.0,CM LUIZA DE BARROS DE SÁ FREIRE,0.0,publica,matriculas_ano_anterior_proxy,True,30.67171386675165,True
2024,0625608,MATERNAL I,conditional_logit_distance,oos_2024,oos,all,74.50048769362142,2023.0,CM MAJOR CELESTINO R. DOS SANTOS,23.0,publica,matriculas_ano_anterior_proxy,True,51.50048769362142,True
2024,0625608,MATERNAL II,conditional_logit_distance,oos_2024,oos,all,34.42430008173997,2023.0,CM MAJOR CELESTINO R. DOS SANTOS,25.0,publica,matriculas_ano_anterior_proxy,True,9.424300081739972,True
2024,0625609,MATERNAL I,conditional_logit_distance,oos_2024,oos,all,38.8835850925903,2023.0,CM SÔNIA MARIA DE M. ANGEL JONES,25.0,publica,matriculas_ano_anterior_proxy,True,13.883585092590302,True
2024,0625609,MATERNAL II,conditional_logit_distance,oos_2024,oos,all,18.442601326573826,2023.0,CM SÔNIA MARIA DE M. ANGEL JONES,24.0,publica,matriculas_ano_anterior_proxy,True,-5.557398673426174,False
2024,0625610,MATERNAL I,conditional_logit_distance,oos_2024,oos,all,43.68608482522932,2023.0,CM ZUZU ANGEL,23.0,publica,matriculas_ano_anterior_proxy,True,20.686084825229322,True
2024,0625610,MATERNAL II,conditional_logit_distance,oos_2024,oos,all,21.242106179314327,2023.0,CM ZUZU ANGEL,0.0,publica,matriculas_ano_anterior_proxy,True,21.242106179314327,True
2024,0625611,BERCARIO,conditional_logit_distance,oos_2024,oos,all,102.4485815412725,2023.0,CM ZILKA SALABERRY,25.0,publica,matriculas_ano_anterior_proxy,True,77.4485815412725,True
2024,0625611,MATERNAL I,conditional_logit_distance,oos_2024,oos,all,62.071303659844624,2023.0,CM ZILKA SALABERRY,26.0,publica,matriculas_ano_anterior_proxy,True,36.071303659844624,True
2024,0625611,MATERNAL II,conditional_logit_distance,oos_2024,oos,all,27.234447964414016,2023.0,CM ZILKA SALABERRY,50.0,publica,matriculas_ano_anterior_proxy,True,-22.765552035585984,False
2024,0625612,BERCARIO,conditional_logit_distance,oos_2024,oos,all,80.07262667783347,2023.0,CM YEDDA MARQUES LAMOUNIER DE ANDRADE MACIEL,50.0,publica,matriculas_ano_anterior_proxy,True,30.07262667783347,True
2024,0625612,MATERNAL I,conditional_logit_distance,oos_2024,oos,all,46.43663571195411,2023.0,CM YEDDA MARQUES LAMOUNIER DE ANDRADE MACIEL,50.0,publica,matriculas_ano_anterior_proxy,True,-3.5633642880458893,False
2024,0625612,MATERNAL II,conditional_logit_distance,oos_2024,oos,all,20.939734902665656,2023.0,CM YEDDA MARQUES LAMOUNIER DE ANDRADE MACIEL,0.0,publica,matriculas_ano_anterior_proxy,True,20.939734902665656,True
2024,0625614,BERCARIO,conditional_logit_distance,oos_2024,oos,all,78.62526987138814,2023.0,CM SIMONE DE BEAUVOIR,52.0,publica,matriculas_ano_anterior_proxy,True,26.62526987138814,True
2024,0625614,MATERNAL I,conditional_logit_distance,oos_2024,oos,all,48.21046151094092,2023.0,CM SIMONE DE BEAUVOIR,76.0,publica,matriculas_ano_anterior_proxy,True,-27.789538489059083,False
2024,0625614,MATERNAL II,conditional_logit_distance,oos_2024,oos,all,25.08859400267955,2023.0,CM SIMONE DE BEAUVOIR,0.0,publica,matriculas_ano_anterior_proxy,True,25.08859400267955,True
2024,0625615,BERCARIO,conditional_logit_distance,oos_2024,oos,all,66.3174891336885,2023.0,CM EDNA LOTTE,25.0,publica,matriculas_ano_anterior_proxy,True,41.3174891336885,True
2024,0625615,MATERNAL I,conditional_logit_distance,oos_2024,oos,all,72.87522866234505,2023.0,CM EDNA LOTTE,23.0,publica,matriculas_ano_anterior_proxy,True,49.87522866234505,True
2024,0625615,MATERNAL II,conditional_logit_distance,oos_2024,oos,all,16.604655640454677,2023.0,CM EDNA LOTTE,23.0,publica,matriculas_ano_anterior_proxy,True,-6.395344359545323,False
2024,0625616,MATERNAL I,conditional_logit_distance,oos_2024,oos,all,60.79210769917219,2023.0,CM PROFESSOR ROGÉRIO PEDRO BATISTA,45.0,publica,matriculas_ano_anterior_proxy,True,15.792107699172192,True
2024,0625616,MATERNAL II,conditional_logit_distance,oos_2024,oos,all,27.470118168075405,2023.0,CM PROFESSOR ROGÉRIO PEDRO BATISTA,0.0,publica,matriculas_ano_anterior_proxy,True,27.470118168075405,True
2024,0625801,BERCARIO,conditional_logit_distance,oos_2024,oos,all,74.00645521613875,2023.0,EDI PROFESSORA ROSENICE ROCHA ROQUE,24.0,publica,matriculas_ano_anterior_proxy,True,50.00645521613875,True
2024,0625801,MATERNAL I,conditional_logit_distance,oos_2024,oos,all,42.60968447496988,2023.0,EDI PROFESSORA ROSENICE ROCHA ROQUE,22.0,publica,matriculas_ano_anterior_proxy,True,20.60968447496988,True
2024,0625801,MATERNAL II,conditional_logit_distance,oos_2024,oos,all,22.667504583745888,2023.0,EDI PROFESSORA ROSENICE ROCHA ROQUE,0.0,publica,matriculas_ano_anterior_proxy,True,22.667504583745888,True
2024,0625802,BERCARIO,conditional_logit_distance,oos_2024,oos,all,100.2032670661563,2023.0,EDI WESLEY GUILBER RODRIGUES DE ANDRADE,25.0,publica,matriculas_ano_anterior_proxy,True,75.2032670661563,True
2024,0625802,MATERNAL I,conditional_logit_distance,oos_2024,oos,all,59.64211616054908,2023.0,EDI WESLEY GUILBER RODRIGUES DE ANDRADE,48.0,publica,matriculas_ano_anterior_proxy,True,11.64211616054908,True
2024,0625802,MATERNAL II,conditional_logit_distance,oos_2024,oos,all,36.54485278372546,2023.0,EDI WESLEY GUILBER RODRIGUES DE ANDRADE,0.0,publica,matriculas_ano_anterior_proxy,True,36.54485278372546,True
2024,0625803,BERCARIO,conditional_logit_distance,oos_2024,oos,all,82.17952192368155,2023.0,EDI PROFESSORA BEATRIZ DE SOUZA MADEIRA,48.0,publica,matriculas_ano_anterior_proxy,True,34.17952192368155,True
2024,0625803,MATERNAL I,conditional_logit_distance,oos_2024,oos,all,48.99196886310542,2023.0,EDI PROFESSORA BEATRIZ DE SOUZA MADEIRA,49.0,publica,matriculas_ano_anterior_proxy,True,-0.008031136894580015,False
2024,0625803,MATERNAL II,conditional_logit_distance,oos_2024,oos,all,26.24786731013463,2023.0,EDI PROFESSORA BEATRIZ DE SOUZA MADEIRA,0.0,publica,matriculas_ano_anterior_proxy,True,26.24786731013463,True
2024,0625804,BERCARIO,conditional_logit_distance,oos_2024,oos,all,90.28639414390116,2023.0,EDI PROFESSORA HELIA LÚCIA MORENO FERREIRA,24.0,publica,matriculas_ano_anterior_proxy,True,66.28639414390116,True
2024,0625804,MATERNAL I,conditional_logit_distance,oos_2024,oos,all,54.52617855754293,2023.0,EDI PROFESSORA HELIA LÚCIA MORENO FERREIRA,50.0,publica,matriculas_ano_anterior_proxy,True,4.526178557542927,True
2024,0625804,MATERNAL II,conditional_logit_distance,oos_2024,oos,all,29.02552364067881,2023.0,EDI PROFESSORA HELIA LÚCIA MORENO FERREIRA,0.0,publica,matriculas_ano_anterior_proxy,True,29.02552364067881,True
2024,0625807,MATERNAL II,conditional_logit_distance,oos_2024,oos,all,21.914243042226783,2023.0,EDI FROTA PESSOA,0.0,publica,matriculas_ano_anterior_proxy,True,21.914243042226783,True
2024,0625813,MATERNAL II,conditional_logit_distance,oos_2024,oos,all,27.172546815623424,2023.0,EDI PROFESSORA GRACÍLIA ROSA DE BELÉM MAYOR,0.0,publica,matriculas_ano_anterior_proxy,True,27.172546815623424,True
2024,0625814,BERCARIO,conditional_logit_distance,oos_2024,oos,all,86.92305382145676,2023.0,EDI PROFESSORA ROSEANE VASCONCELOS,27.0,publica,matriculas_ano_anterior_proxy,True,59.92305382145676,True
2024,0625814,MATERNAL I,conditional_logit_distance,oos_2024,oos,all,47.95001595918861,2023.0,EDI PROFESSORA ROSEANE VASCONCELOS,52.0,publica,matriculas_ano_anterior_proxy,True,-4.049984040811388,False
2024,0625814,MATERNAL II,conditional_logit_distance,oos_2024,oos,all,28.51592946618988,2023.0,EDI PROFESSORA ROSEANE VASCONCELOS,0.0,publica,matriculas_ano_anterior_proxy,True,28.51592946618988,True
2024,0625815,BERCARIO,conditional_logit_distance,oos_2024,oos,all,86.86675726907269,2023.0,EDI PROFESSORA KRISTINA ROMOLO KIFFER,24.0,publica,matriculas_ano_anterior_proxy,True,62.86675726907269,True
2024,0625815,MATERNAL I,conditional_logit_distance,oos_2024,oos,all,52.31808869405173,2023.0,EDI PROFESSORA KRISTINA ROMOLO KIFFER,50.0,publica,matriculas_ano_anterior_proxy,True,2.318088694051731,True
2024,0625815,MATERNAL II,conditional_logit_distance,oos_2024,oos,all,24.41100777965513,2023.0,EDI PROFESSORA KRISTINA ROMOLO KIFFER,0.0,publica,matriculas_ano_anterior_proxy,True,24.41100777965513,True
2024,0625816,BERCARIO,conditional_logit_distance,oos_2024,oos,all,78.46354205015643,2023.0,EDI PROFESSORA REGINA CELI RABELO DE ALMEIDA,26.0,publica,matriculas_ano_anterior_proxy,True,52.463542050156434,True
2024,0625816,MATERNAL I,conditional_logit_distance,oos_2024,oos,all,48.09455174740484,2023.0,EDI PROFESSORA REGINA CELI RABELO DE ALMEIDA,23.0,publica,matriculas_ano_anterior_proxy,True,25.094551747404843,True
2024,0625816,MATERNAL II,conditional_logit_distance,oos_2024,oos,all,22.93255873011976,2023.0,EDI PROFESSORA REGINA CELI RABELO DE ALMEIDA,23.0,publica,matriculas_ano_anterior_proxy,True,-0.06744126988024135,False
2024,0625817,BERCARIO,conditional_logit_distance,oos_2024,oos,all,80.96038224779016,2023.0,EDI PROFESSORA DANIELE SIMÕES DE SOUZA LOPES,36.0,publica,matriculas_ano_anterior_proxy,True,44.960382247790164,True
2024,0625817,MATERNAL I,conditional_logit_distance,oos_2024,oos,all,48.92999882880409,2023.0,EDI PROFESSORA DANIELE SIMÕES DE SOUZA LOPES,49.0,publica,matriculas_ano_anterior_proxy,True,-0.07000117119591209,False
2024,0625817,MATERNAL II,conditional_logit_distance,oos_2024,oos,all,22.660366354449064,2023.0,EDI PROFESSORA DANIELE SIMÕES DE SOUZA LOPES,0.0,publica,matriculas_ano_anterior_proxy,True,22.660366354449064,True
2024,0625818,BERCARIO,conditional_logit_distance,oos_2024,oos,all,60.20965160089861,2023.0,EDI MARIA EUGENIA CANELHAS,25.0,publica,matriculas_ano_anterior_proxy,True,35.20965160089861,True
2024,0625818,MATERNAL I,conditional_logit_distance,oos_2024,oos,all,36.11134175687596,2023.0,EDI MARIA EUGENIA CANELHAS,25.0,publica,matriculas_ano_anterior_proxy,True,11.111341756875959,True
2024,0625818,MATERNAL II,conditional_logit_distance,oos_2024,oos,all,20.088531775970253,2023.0,EDI MARIA EUGENIA CANELHAS,0.0,publica,matriculas_ano_anterior_proxy,True,20.088531775970253,True
2024,0625819,BERCARIO,conditional_logit_distance,oos_2024,oos,all,49.78750505320375,2023.0,EDI MARIZA ALVES PIMENTA,50.0,publica,matriculas_ano_anterior_proxy,True,-0.21249494679624803,False
2024,0625819,MATERNAL I,conditional_logit_distance,oos_2024,oos,all,29.4971452659941,2023.0,EDI MARIZA ALVES PIMENTA,50.0,publica,matriculas_ano_anterior_proxy,True,-20.5028547340059,False
2024,0625819,MATERNAL II,conditional_logit_distance,oos_2024,oos,all,16.52143104242074,2023.0,EDI MARIZA ALVES PIMENTA,0.0,publica,matriculas_ano_anterior_proxy,True,16.52143104242074,True
2024,0625820,BERCARIO,conditional_logit_distance,oos_2024,oos,all,63.00920996520875,2023.0,EDI BETH CARVALHO,100.0,publica,matriculas_ano_anterior_proxy,True,-36.99079003479125,False
2024,0625820,MATERNAL I,conditional_logit_distance,oos_2024,oos,all,38.710043805748384,2023.0,EDI BETH CARVALHO,45.0,publica,matriculas_ano_anterior_proxy,True,-6.289956194251616,False
2024,0625820,MATERNAL II,conditional_logit_distance,oos_2024,oos,all,19.49328448157704,2023.0,EDI BETH CARVALHO,0.0,publica,matriculas_ano_anterior_proxy,True,19.49328448157704,True
2024,07001,BERCARIO,conditional_logit_distance,oos_2024,oos,all,68.10796513827108,2023.0,CP CRECHE NOVO PALMARES,43.0,parceira,matriculas_ano_anterior_proxy,True,25.107965138271084,True
2024,07001,MATERNAL I,conditional_logit_distance,oos_2024,oos,all,48.47110797991756,2023.0,CP CRECHE NOVO PALMARES,48.0,parceira,matriculas_ano_anterior_proxy,True,0.47110797991756215,True
2024,07001,MATERNAL II,conditional_logit_distance,oos_2024,oos,all,29.91582439482046,2023.0,CP CRECHE NOVO PALMARES,45.0,parceira,matriculas_ano_anterior_proxy,True,-15.084175605179539,False
2024,07002,BERCARIO,conditional_logit_distance,oos_2024,oos,all,25.2254088449437,2023.0,CP CRECHE CANTINHO FELIZ,19.0,parceira,matriculas_ano_anterior_proxy,True,6.225408844943701,True
2024,07002,MATERNAL I,conditional_logit_distance,oos_2024,oos,all,16.00667166456136,2023.0,CP CRECHE CANTINHO FELIZ,43.0,parceira,matriculas_ano_anterior_proxy,True,-26.99332833543864,False
2024,07002,MATERNAL II,conditional_logit_distance,oos_2024,oos,all,10.205453776081123,2023.0,CP CRECHE CANTINHO FELIZ,51.0,parceira,matriculas_ano_anterior_proxy,True,-40.79454622391888,False
2024,07003,BERCARIO,conditional_logit_distance,oos_2024,oos,all,28.340669045967424,2023.0,CP CRECHE ESCOLA MÃE ASTÉRIA,79.0,parceira,matriculas_ano_anterior_proxy,True,-50.659330954032576,False
2024,07003,MATERNAL I,conditional_logit_distance,oos_2024,oos,all,17.281462406304165,2023.0,CP CRECHE ESCOLA MÃE ASTÉRIA,122.0,parceira,matriculas_ano_anterior_proxy,True,-104.71853759369583,False
2024,07003,MATERNAL II,conditional_logit_distance,oos_2024,oos,all,11.197768088840476,2023.0,CP CRECHE ESCOLA MÃE ASTÉRIA,116.0,parceira,matriculas_ano_anterior_proxy,True,-104.80223191115952,False
2024,07004,MATERNAL I,conditional_logit_distance,oos_2024,oos,all,46.242362967717554,2023.0,CP CASA EMILIEN LACAY,75.0,parceira,matriculas_ano_anterior_proxy,True,-28.757637032282446,False
2024,07004,MATERNAL II,conditional_logit_distance,oos_2024,oos,all,29.236743958792008,2023.0,CP CASA EMILIEN LACAY,75.0,parceira,matriculas_ano_anterior_proxy,True,-45.763256041207995,False
2024,07007,MATERNAL I,conditional_logit_distance,oos_2024,oos,all,49.83662567395091,2023.0,CP SEMENTE DE AMOR,59.0,parceira,matriculas_ano_anterior_proxy,True,-9.163374326049087,False
2024,07007,MATERNAL II,conditional_logit_distance,oos_2024,oos,all,30.79884528498651,2023.0,CP SEMENTE DE AMOR,59.0,parceira,matriculas_ano_anterior_proxy,True,-28.20115471501349,False
2024,07008,MATERNAL I,conditional_logit_distance,oos_2024,oos,all,52.6476739361763,2023.0,CP CRECHE SÃO PAULO APÓSTOLO,18.0,parceira,matriculas_ano_anterior_proxy,True,34.6476739361763,True
2024,07008,MATERNAL II,conditional_logit_distance,oos_2024,oos,all,31.90108508298959,2023.0,CP CRECHE SÃO PAULO APÓSTOLO,42.0,parceira,matriculas_ano_anterior_proxy,True,-10.098914917010411,False
2024,07010,MATERNAL I,conditional_logit_distance,oos_2024,oos,all,44.46455570144976,2023.0,CP CRECHE NOVA ESPERANÇA,30.0,parceira,matriculas_ano_anterior_proxy,True,14.464555701449761,True
2024,07010,MATERNAL II,conditional_logit_distance,oos_2024,oos,all,27.474164296277216,2023.0,CP CRECHE NOVA ESPERANÇA,53.0,parceira,matriculas_ano_anterior_proxy,True,-25.525835703722784,False
2024,07011,MATERNAL I,conditional_logit_distance,oos_2024,oos,all,13.807792941988229,2023.0,CP CRECHE RITA ALEXANDRINA FERREIRA,84.0,parceira,matriculas_ano_anterior_proxy,True,-70.19220705801177,False
2024,07011,MATERNAL II,conditional_logit_distance,oos_2024,oos,all,8.829973884085629,2023.0,CP CRECHE RITA ALEXANDRINA FERREIRA,84.0,parceira,matriculas_ano_anterior_proxy,True,-75.17002611591437,False
2024,07013,BERCARIO,conditional_logit_distance,oos_2024,oos,all,129.02087322351989,2023.0,CP ESPAÇO DE EDUCAÇÃO INFANTIL CIDADE DE DEUS,66.0,parceira,matriculas_ano_anterior_proxy,True,63.020873223519885,True
2024,07013,MATERNAL I,conditional_logit_distance,oos_2024,oos,all,64.73198773406702,2023.0,CP ESPAÇO DE EDUCAÇÃO INFANTIL CIDADE DE DEUS,69.0,parceira,matriculas_ano_anterior_proxy,True,-4.268012265932981,False
2024,07013,MATERNAL II,conditional_logit_distance,oos_2024,oos,all,37.359088784858514,2023.0,CP ESPAÇO DE EDUCAÇÃO INFANTIL CIDADE DE DEUS,70.0,parceira,matriculas_ano_anterior_proxy,True,-32.640911215141486,False
2024,07014,BERCARIO,conditional_logit_distance,oos_2024,oos,all,158.94043475074824,2023.0,CP CENTRO INTEGRADO SÃO JOSÉ,25.0,parceira,matriculas_ano_anterior_proxy,True,133.94043475074824,True
2024,07014,MATERNAL I,conditional_logit_distance,oos_2024,oos,all,78.1397325729824,2023.0,CP CENTRO INTEGRADO SÃO JOSÉ,46.0,parceira,matriculas_ano_anterior_proxy,True,32.139732572982396,True
2024,07014,MATERNAL II,conditional_logit_distance,oos_2024,oos,all,43.9453573058244,2023.0,CP CENTRO INTEGRADO SÃO JOSÉ,44.0,parceira,matriculas_ano_anterior_proxy,True,-0.054642694175598194,False
2024,07015,BERCARIO,conditional_logit_distance,oos_2024,oos,all,107.9754498714654,2023.0,CP CRECHE CANTINHO FELIZ II,19.0,parceira,matriculas_ano_anterior_proxy,True,88.9754498714654,True
2024,07015,MATERNAL I,conditional_logit_distance,oos_2024,oos,all,71.38982669012884,2023.0,CP CRECHE CANTINHO FELIZ II,48.0,parceira,matriculas_ano_anterior_proxy,True,23.389826690128842,True
2024,07015,MATERNAL II,conditional_logit_distance,oos_2024,oos,all,44.81418836487875,2023.0,CP CRECHE CANTINHO FELIZ II,48.0,parceira,matriculas_ano_anterior_proxy,True,-3.1858116351212473,False
2024,07017,MATERNAL I,conditional_logit_distance,oos_2024,oos,all,23.28764869886911,2023.0,CP CRECHE RAIMUNDA NONATA DA SILVA,34.0,parceira,matriculas_ano_anterior_proxy,True,-10.71235130113089,False
2024,07017,MATERNAL II,conditional_logit_distance,oos_2024,oos,all,15.220416140012574,2023.0,CP CRECHE RAIMUNDA NONATA DA SILVA,49.0,parceira,matriculas_ano_anterior_proxy,True,-33.779583859987426,False
2024,07018,MATERNAL I,conditional_logit_distance,oos_2024,oos,all,81.73008983501282,2023.0,CP CRECHE SANT ANA IRMÃ ANCILA,61.0,parceira,matriculas_ano_anterior_proxy,True,20.73008983501282,True
2024,07018,MATERNAL II,conditional_logit_distance,oos_2024,oos,all,48.8036116399901,2023.0,CP CRECHE SANT ANA IRMÃ ANCILA,93.0,parceira,matriculas_ano_anterior_proxy,True,-44.1963883600099,False
2024,07019,MATERNAL I,conditional_logit_distance,oos_2024,oos,all,66.21023260076271,2023.0,CP JARDIM ESCOLA TURMINHA DA ARCA - JETA,93.0,parceira,matriculas_ano_anterior_proxy,True,-26.78976739923729,False
2024,07019,MATERNAL II,conditional_logit_distance,oos_2024,oos,all,47.98214539765931,2023.0,CP JARDIM ESCOLA TURMINHA DA ARCA - JETA,98.0,parceira,matriculas_ano_anterior_proxy,True,-50.01785460234069,False
2024,07020,BERCARIO,conditional_logit_distance,oos_2024,oos,all,104.5929992510797,2023.0,CP JARDIM ESCOLA CRESCENDO E APRENDENDO,11.0,parceira,matriculas_ano_anterior_proxy,True,93.5929992510797,True
2024,07020,MATERNAL I,conditional_logit_distance,oos_2024,oos,all,59.57858137201579,2023.0,CP JARDIM ESCOLA CRESCENDO E APRENDENDO,17.0,parceira,matriculas_ano_anterior_proxy,True,42.57858137201579,True
2024,07020,MATERNAL II,conditional_logit_distance,oos_2024,oos,all,39.15659817286785,2023.0,CP JARDIM ESCOLA CRESCENDO E APRENDENDO,50.0,parceira,matriculas_ano_anterior_proxy,True,-10.843401827132148,False
2024,07025,MATERNAL I,conditional_logit_distance,oos_2024,oos,all,82.17174535011787,2023.0,CP INSTITUTO CONSUELO PINHEIRO,49.0,parceira,matriculas_ano_anterior_proxy,True,33.171745350117874,True
2024,07025,MATERNAL II,conditional_logit_distance,oos_2024,oos,all,48.20889350422368,2023.0,CP INSTITUTO CONSUELO PINHEIRO,50.0,parceira,matriculas_ano_anterior_proxy,True,-1.7911064957763188,False
2024,07027,BERCARIO,conditional_logit_distance,oos_2024,oos,all,183.98794281527955,2023.0,CP CRECHE MUNDO MÁGICO I,61.0,parceira,matriculas_ano_anterior_proxy,True,122.98794281527955,True
2024,07027,MATERNAL I,conditional_logit_distance,oos_2024,oos,all,114.85702795210204,2023.0,CP CRECHE MUNDO MÁGICO I,70.0,parceira,matriculas_ano_anterior_proxy,True,44.857027952102044,True
2024,07027,MATERNAL II,conditional_logit_distance,oos_2024,oos,all,82.50855589687052,2023.0,CP CRECHE MUNDO MÁGICO I,71.0,parceira,matriculas_ano_anterior_proxy,True,11.508555896870519,True
2024,07034,BERCARIO,conditional_logit_distance,oos_2024,oos,all,55.09583521151078,2023.0,CP INSTITUTO EDUCACIONAL DIVA ALVES,21.0,parceira,matriculas_ano_anterior_proxy,True,34.09583521151078,True
2024,07034,MATERNAL I,conditional_logit_distance,oos_2024,oos,all,34.48775164360136,2023.0,CP INSTITUTO EDUCACIONAL DIVA ALVES,28.0,parceira,matriculas_ano_anterior_proxy,True,6.4877516436013565,True
2024,07034,MATERNAL II,conditional_logit_distance,oos_2024,oos,all,24.63646712135697,2023.0,CP INSTITUTO EDUCACIONAL DIVA ALVES,28.0,parceira,matriculas_ano_anterior_proxy,True,-3.3635328786430314,False
2024,07035,MATERNAL I,conditional_logit_distance,oos_2024,oos,all,46.15852033430809,2023.0,CP AEMMAC - ANIL,130.0,parceira,matriculas_ano_anterior_proxy,True,-83.8414796656919,False
2024,07035,MATERNAL II,conditional_logit_distance,oos_2024,oos,all,32.98033834886092,2023.0,CP AEMMAC - ANIL,85.0,parceira,matriculas_ano_anterior_proxy,True,-52.01966165113908,False
2024,07036,BERCARIO,conditional_logit_distance,oos_2024,oos,all,117.02366620806605,,,,,,False,,
2024,07036,MATERNAL I,conditional_logit_distance,oos_2024,oos,all,63.09840384389193,,,,,,False,,
2024,07036,MATERNAL II,conditional_logit_distance,oos_2024,oos,all,34.665868349636206,,,,,,False,,
2024,07037,BERCARIO,conditional_logit_distance,oos_2024,oos,all,99.8245438437604,,,,,,False,,
2024,07037,MATERNAL I,conditional_logit_distance,oos_2024,oos,all,58.93331005481437,,,,,,False,,
2024,07037,MATERNAL II,conditional_logit_distance,oos_2024,oos,all,36.71179510356232,,,,,,False,,
2024,07038,BERCARIO,conditional_logit_distance,oos_2024,oos,all,74.94507507080927,,,,,,False,,
2024,07038,MATERNAL I,conditional_logit_distance,oos_2024,oos,all,41.62609453134215,,,,,,False,,
2024,07038,MATERNAL II,conditional_logit_distance,oos_2024,oos,all,24.299283576547108,,,,,,False,,
2024,07039,MATERNAL I,conditional_logit_distance,oos_2024,oos,all,55.764050194285296,,,,,,False,,
2024,07039,MATERNAL II,conditional_logit_distance,oos_2024,oos,all,44.52921631390517,,,,,,False,,
2024,07040,BERCARIO,conditional_logit_distance,oos_2024,oos,all,113.93474632934644,,,,,,False,,
2024,07040,MATERNAL I,conditional_logit_distance,oos_2024,oos,all,64.4685569819026,,,,,,False,,
2024,07040,MATERNAL II,conditional_logit_distance,oos_2024,oos,all,38.820354301512886,,,,,,False,,
2024,07041,BERCARIO,conditional_logit_distance,oos_2024,oos,all,115.74942642427258,,,,,,False,,
2024,07041,MATERNAL I,conditional_logit_distance,oos_2024,oos,all,70.1052917619189,,,,,,False,,
2024,07041,MATERNAL II,conditional_logit_distance,oos_2024,oos,all,44.72212676616871,,,,,,False,,
2024,07042,BERCARIO,conditional_logit_distance,oos_2024,oos,all,69.8333405393754,,,,,,False,,
2024,07042,MATERNAL I,conditional_logit_distance,oos_2024,oos,all,42.868350430437154,,,,,,False,,
2024,07042,MATERNAL II,conditional_logit_distance,oos_2024,oos,all,30.49849602629353,,,,,,False,,
2024,07043,BERCARIO,conditional_logit_distance,oos_2024,oos,all,134.02589509068886,,,,,,False,,
2024,07043,MATERNAL I,conditional_logit_distance,oos_2024,oos,all,82.17174535011787,,,,,,False,,
2024,07043,MATERNAL II,conditional_logit_distance,oos_2024,oos,all,48.20889350422368,,,,,,False,,
2024,07044,BERCARIO,conditional_logit_distance,oos_2024,oos,all,144.95366361671765,,,,,,False,,
2024,07044,MATERNAL I,conditional_logit_distance,oos_2024,oos,all,74.98562158987514,,,,,,False,,
2024,07044,MATERNAL II,conditional_logit_distance,oos_2024,oos,all,49.48311715728214,,,,,,False,,
2024,07045,MATERNAL I,conditional_logit_distance,oos_2024,oos,all,63.95251833621264,,,,,,False,,
2024,07045,MATERNAL II,conditional_logit_distance,oos_2024,oos,all,46.34793479402637,,,,,,False,,
2024,07046,BERCARIO,conditional_logit_distance,oos_2024,oos,all,134.02589509068886,,,,,,False,,
2024,07046,MATERNAL I,conditional_logit_distance,oos_2024,oos,all,82.17174535011787,,,,,,False,,
2024,07046,MATERNAL II,conditional_logit_distance,oos_2024,oos,all,48.20889350422368,,,,,,False,,
2024,0716601,MATERNAL I,conditional_logit_distance,oos_2024,oos,all,33.58481063209014,2023.0,CM OTÁVIO HENRIQUE DE OLIVEIRA,71.0,publica,matriculas_ano_anterior_proxy,True,-37.41518936790986,False
2024,0716601,MATERNAL II,conditional_logit_distance,oos_2024,oos,all,22.069069119743656,2023.0,CM OTÁVIO HENRIQUE DE OLIVEIRA,0.0,publica,matriculas_ano_anterior_proxy,True,22.069069119743656,True
2024,0716602,MATERNAL I,conditional_logit_distance,oos_2024,oos,all,46.39672496842197,2023.0,CM TIA TEREZA,0.0,publica,matriculas_ano_anterior_proxy,True,46.39672496842197,True
2024,0716602,MATERNAL II,conditional_logit_distance,oos_2024,oos,all,28.822094481406168,2023.0,CM TIA TEREZA,42.0,publica,matriculas_ano_anterior_proxy,True,-13.177905518593832,False
2024,0716603,BERCARIO,conditional_logit_distance,oos_2024,oos,all,110.9639821816888,2023.0,CM CRIANÇA DO FUTURO,25.0,publica,matriculas_ano_anterior_proxy,True,85.9639821816888,True
2024,0716603,MATERNAL I,conditional_logit_distance,oos_2024,oos,all,70.01904158323546,2023.0,CM CRIANÇA DO FUTURO,27.0,publica,matriculas_ano_anterior_proxy,True,43.01904158323546,True
2024,0716603,MATERNAL II,conditional_logit_distance,oos_2024,oos,all,52.197007748836775,2023.0,CM CRIANÇA DO FUTURO,0.0,publica,matriculas_ano_anterior_proxy,True,52.197007748836775,True
2024,0716604,MATERNAL I,conditional_logit_distance,oos_2024,oos,all,63.38856402504526,2023.0,CM GERMINIO DE SOUZA ESTRELA,22.0,publica,matriculas_ano_anterior_proxy,True,41.38856402504526,True
2024,0716604,MATERNAL II,conditional_logit_distance,oos_2024,oos,all,83.57119578006424,2023.0,CM GERMINIO DE SOUZA ESTRELA,0.0,publica,matriculas_ano_anterior_proxy,True,83.57119578006424,True
2024,0716605,BERCARIO,conditional_logit_distance,oos_2024,oos,all,83.6080371078275,2023.0,CM SEMPRE VIDA NISE DA SILVEIRA,25.0,publica,matriculas_ano_anterior_proxy,True,58.6080371078275,True
2024,0716605,MATERNAL I,conditional_logit_distance,oos_2024,oos,all,45.72820349960688,2023.0,CM SEMPRE VIDA NISE DA SILVEIRA,51.0,publica,matriculas_ano_anterior_proxy,True,-5.271796500393123,False
2024,0716605,MATERNAL II,conditional_logit_distance,oos_2024,oos,all,28.48102029399537,2023.0,CM SEMPRE VIDA NISE DA SILVEIRA,0.0,publica,matriculas_ano_anterior_proxy,True,28.48102029399537,True
2024,0716606,BERCARIO,conditional_logit_distance,oos_2024,oos,all,102.5674913917296,2023.0,CM AMIGUINHOS DA VILA SAPÊ,23.0,publica,matriculas_ano_anterior_proxy,True,79.5674913917296,True
2024,0716606,MATERNAL I,conditional_logit_distance,oos_2024,oos,all,61.35103099861145,2023.0,CM AMIGUINHOS DA VILA SAPÊ,23.0,publica,matriculas_ano_anterior_proxy,True,38.35103099861145,True
2024,0716606,MATERNAL II,conditional_logit_distance,oos_2024,oos,all,43.579418846653226,2023.0,CM AMIGUINHOS DA VILA SAPÊ,0.0,publica,matriculas_ano_anterior_proxy,True,43.579418846653226,True
2024,0716607,BERCARIO,conditional_logit_distance,oos_2024,oos,all,73.37662775358332,2023.0,CM EMÍLIA JOANA DA FONSECA MARQUES,25.0,publica,matriculas_ano_anterior_proxy,True,48.37662775358332,True
2024,0716607,MATERNAL I,conditional_logit_distance,oos_2024,oos,all,41.909344891280334,2023.0,CM EMÍLIA JOANA DA FONSECA MARQUES,48.0,publica,matriculas_ano_anterior_proxy,True,-6.090655108719666,False
2024,0716607,MATERNAL II,conditional_logit_distance,oos_2024,oos,all,25.459412400414465,2023.0,CM EMÍLIA JOANA DA FONSECA MARQUES,0.0,publica,matriculas_ano_anterior_proxy,True,25.459412400414465,True
2024,0716608,BERCARIO,conditional_logit_distance,oos_2024,oos,all,68.24620715264673,2023.0,CM IRMÃ DULCE,24.0,publica,matriculas_ano_anterior_proxy,True,44.24620715264673,True
2024,0716608,MATERNAL I,conditional_logit_distance,oos_2024,oos,all,39.35259846191053,2023.0,CM IRMÃ DULCE,46.0,publica,matriculas_ano_anterior_proxy,True,-6.647401538089468,False
2024,0716608,MATERNAL II,conditional_logit_distance,oos_2024,oos,all,23.77229886755768,2023.0,CM IRMÃ DULCE,0.0,publica,matriculas_ano_anterior_proxy,True,23.77229886755768,True
2024,0716609,BERCARIO,conditional_logit_distance,oos_2024,oos,all,56.60180401956158,2023.0,CM RIO NOVO - RIO DAS FLORES,50.0,publica,matriculas_ano_anterior_proxy,True,6.601804019561577,True
2024,0716609,MATERNAL I,conditional_logit_distance,oos_2024,oos,all,32.63001034837219,2023.0,CM RIO NOVO - RIO DAS FLORES,48.0,publica,matriculas_ano_anterior_proxy,True,-15.369989651627812,False
2024,0716609,MATERNAL II,conditional_logit_distance,oos_2024,oos,all,22.83211230983261,2023.0,CM RIO NOVO - RIO DAS FLORES,0.0,publica,matriculas_ano_anterior_proxy,True,22.83211230983261,True
2024,0716610,MATERNAL I,conditional_logit_distance,oos_2024,oos,all,15.733188110791229,2023.0,CM TIA MALU,20.0,publica,matriculas_ano_anterior_proxy,True,-4.266811889208771,False
2024,0716610,MATERNAL II,conditional_logit_distance,oos_2024,oos,all,10.347422271823737,2023.0,CM TIA MALU,0.0,publica,matriculas_ano_anterior_proxy,True,10.347422271823737,True
2024,0716611,MATERNAL I,conditional_logit_distance,oos_2024,oos,all,35.1406230122236,2023.0,CM VITORINO FREIRE,28.0,publica,matriculas_ano_anterior_proxy,True,7.1406230122236,True
2024,0716611,MATERNAL II,conditional_logit_distance,oos_2024,oos,all,20.31704247766825,2023.0,CM VITORINO FREIRE,0.0,publica,matriculas_ano_anterior_proxy,True,20.31704247766825,True
2024,0716612,MATERNAL I,conditional_logit_distance,oos_2024,oos,all,12.322355810528544,2023.0,CM TIA AUTA,52.0,publica,matriculas_ano_anterior_proxy,True,-39.67764418947146,False
2024,0716612,MATERNAL II,conditional_logit_distance,oos_2024,oos,all,7.992295802329536,2023.0,CM TIA AUTA,0.0,publica,matriculas_ano_anterior_proxy,True,7.992295802329536,True
2024,0716613,BERCARIO,conditional_logit_distance,oos_2024,oos,all,31.63329019313045,2023.0,CM MARIA DA CONCEIÇÃO SILVEIRA DE CARVALHO,23.0,publica,matriculas_ano_anterior_proxy,True,8.633290193130449,True
2024,0716613,MATERNAL I,conditional_logit_distance,oos_2024,oos,all,19.478243392376047,2023.0,CM MARIA DA CONCEIÇÃO SILVEIRA DE CARVALHO,27.0,publica,matriculas_ano_anterior_proxy,True,-7.521756607623953,False
2024,0716613,MATERNAL II,conditional_logit_distance,oos_2024,oos,all,13.408926615916885,2023.0,CM MARIA DA CONCEIÇÃO SILVEIRA DE CARVALHO,0.0,publica,matriculas_ano_anterior_proxy,True,13.408926615916885,True
2024,0716614,BERCARIO,conditional_logit_distance,oos_2024,oos,all,87.97737017397243,2023.0,CM AUGUSTO DE CARVALHO TORRES FILHO,25.0,publica,matriculas_ano_anterior_proxy,True,62.97737017397243,True
2024,0716614,MATERNAL I,conditional_logit_distance,oos_2024,oos,all,60.49280884115053,2023.0,CM AUGUSTO DE CARVALHO TORRES FILHO,25.0,publica,matriculas_ano_anterior_proxy,True,35.49280884115053,True
2024,0716614,MATERNAL II,conditional_logit_distance,oos_2024,oos,all,45.68664103657636,2023.0,CM AUGUSTO DE CARVALHO TORRES FILHO,0.0,publica,matriculas_ano_anterior_proxy,True,45.68664103657636,True
2024,0716801,BERCARIO,conditional_logit_distance,oos_2024,oos,all,73.78234396554083,2023.0,EDI DOUTORA ZILDA ARNS,26.0,publica,matriculas_ano_anterior_proxy,True,47.78234396554083,True
2024,0716801,MATERNAL I,conditional_logit_distance,oos_2024,oos,all,46.51498847067504,2023.0,EDI DOUTORA ZILDA ARNS,49.0,publica,matriculas_ano_anterior_proxy,True,-2.4850115293249573,False
2024,0716801,MATERNAL II,conditional_logit_distance,oos_2024,oos,all,33.906582987814964,2023.0,EDI DOUTORA ZILDA ARNS,0.0,publica,matriculas_ano_anterior_proxy,True,33.906582987814964,True
2024,0716802,MATERNAL I,conditional_logit_distance,oos_2024,oos,all,52.37731046315309,2023.0,EDI ARTHUR BISPO DO ROSÁRIO,25.0,publica,matriculas_ano_anterior_proxy,True,27.377310463153087,True
2024,0716802,MATERNAL II,conditional_logit_distance,oos_2024,oos,all,37.979039519472245,2023.0,EDI ARTHUR BISPO DO ROSÁRIO,0.0,publica,matriculas_ano_anterior_proxy,True,37.979039519472245,True
2024,0716803,BERCARIO,conditional_logit_distance,oos_2024,oos,all,63.53597106654112,2023.0,EDI COMPOSITOR ROBERTO RIBEIRO,25.0,publica,matriculas_ano_anterior_proxy,True,38.53597106654112,True
2024,0716803,MATERNAL I,conditional_logit_distance,oos_2024,oos,all,38.253328099326566,2023.0,EDI COMPOSITOR ROBERTO RIBEIRO,25.0,publica,matriculas_ano_anterior_proxy,True,13.253328099326566,True
2024,0716803,MATERNAL II,conditional_logit_distance,oos_2024,oos,all,29.12554750773761,2023.0,EDI COMPOSITOR ROBERTO RIBEIRO,0.0,publica,matriculas_ano_anterior_proxy,True,29.12554750773761,True
2024,0716804,MATERNAL I,conditional_logit_distance,oos_2024,oos,all,79.2079950008786,2023.0,EDI RODRIGO LOPES (TIKINHO),23.0,publica,matriculas_ano_anterior_proxy,True,56.2079950008786,True
2024,0716804,MATERNAL II,conditional_logit_distance,oos_2024,oos,all,58.80779052223178,2023.0,EDI RODRIGO LOPES (TIKINHO),0.0,publica,matriculas_ano_anterior_proxy,True,58.80779052223178,True
2024,0716805,MATERNAL II,conditional_logit_distance,oos_2024,oos,all,21.722928774326483,2023.0,EDI ANNA MARIA NIEMEYER,0.0,publica,matriculas_ano_anterior_proxy,True,21.722928774326483,True
2024,0716806,BERCARIO,conditional_logit_distance,oos_2024,oos,all,21.395278288820187,2023.0,EDI PROFESSORA EDILIA COELHO GARCIA,26.0,publica,matriculas_ano_anterior_proxy,True,-4.604721711179813,False
2024,0716806,MATERNAL I,conditional_logit_distance,oos_2024,oos,all,12.936880526798337,2023.0,EDI PROFESSORA EDILIA COELHO GARCIA,26.0,publica,matriculas_ano_anterior_proxy,True,-13.063119473201663,False
2024,0716806,MATERNAL II,conditional_logit_distance,oos_2024,oos,all,8.342966116245828,2023.0,EDI PROFESSORA EDILIA COELHO GARCIA,0.0,publica,matriculas_ano_anterior_proxy,True,8.342966116245828,True
2024,0716807,MATERNAL I,conditional_logit_distance,oos_2024,oos,all,54.65927447242745,2023.0,EDI LEILA DINIZ,78.0,publica,matriculas_ano_anterior_proxy,True,-23.340725527572552,False
2024,0716807,MATERNAL II,conditional_logit_distance,oos_2024,oos,all,41.14468220149414,2023.0,EDI LEILA DINIZ,0.0,publica,matriculas_ano_anterior_proxy,True,41.14468220149414,True
2024,0716808,BERCARIO,conditional_logit_distance,oos_2024,oos,all,126.477791887832,2023.0,EDI PROFESSORA MARIA BERENICE PARENTE,25.0,publica,matriculas_ano_anterior_proxy,True,101.477791887832,True
2024,0716808,MATERNAL I,conditional_logit_distance,oos_2024,oos,all,72.84596644909676,2023.0,EDI PROFESSORA MARIA BERENICE PARENTE,48.0,publica,matriculas_ano_anterior_proxy,True,24.845966449096764,True
2024,0716808,MATERNAL II,conditional_logit_distance,oos_2024,oos,all,48.129843371441545,2023.0,EDI PROFESSORA MARIA BERENICE PARENTE,0.0,publica,matriculas_ano_anterior_proxy,True,48.129843371441545,True
2024,0716809,BERCARIO,conditional_logit_distance,oos_2024,oos,all,61.60205472085982,2023.0,EDI PROFESSOR ROBERTO LUIZ PEREIRA,25.0,publica,matriculas_ano_anterior_proxy,True,36.60205472085982,True
2024,0716809,MATERNAL I,conditional_logit_distance,oos_2024,oos,all,35.009476499323995,2023.0,EDI PROFESSOR ROBERTO LUIZ PEREIRA,22.0,publica,matriculas_ano_anterior_proxy,True,13.009476499323995,True
2024,0716809,MATERNAL II,conditional_logit_distance,oos_2024,oos,all,21.09624291743316,2023.0,EDI PROFESSOR ROBERTO LUIZ PEREIRA,0.0,publica,matriculas_ano_anterior_proxy,True,21.09624291743316,True
2024,0716813,BERCARIO,conditional_logit_distance,oos_2024,oos,all,78.41700421320394,2023.0,EDI PROFESSORA KENIA MENDES DOS SANTOS,26.0,publica,matriculas_ano_anterior_proxy,True,52.41700421320394,True
2024,0716813,MATERNAL I,conditional_logit_distance,oos_2024,oos,all,43.69894122041812,2023.0,EDI PROFESSORA KENIA MENDES DOS SANTOS,27.0,publica,matriculas_ano_anterior_proxy,True,16.69894122041812,True
2024,0716813,MATERNAL II,conditional_logit_distance,oos_2024,oos,all,31.59381136451095,2023.0,EDI PROFESSORA KENIA MENDES DOS SANTOS,0.0,publica,matriculas_ano_anterior_proxy,True,31.59381136451095,True
2024,0716814,MATERNAL II,conditional_logit_distance,oos_2024,oos,all,22.0178587603452,2023.0,EDI PROFESSORA EMILIA MARIA VIEIRA DE OLIVEIRA,0.0,publica,matriculas_ano_anterior_proxy,True,22.0178587603452,True
2024,0716815,MATERNAL I,conditional_logit_distance,oos_2024,oos,all,52.01591763853938,2023.0,EDI EVARISTO DA VEIGA,0.0,publica,matriculas_ano_anterior_proxy,True,52.01591763853938,True
2024,0716815,MATERNAL II,conditional_logit_distance,oos_2024,oos,all,31.28857129144564,2023.0,EDI EVARISTO DA VEIGA,42.0,publica,matriculas_ano_anterior_proxy,True,-10.711428708554362,False
2024,0716816,MATERNAL I,conditional_logit_distance,oos_2024,oos,all,37.21777541168253,2023.0,EDI DEBRET,26.0,publica,matriculas_ano_anterior_proxy,True,11.217775411682531,True
2024,0716816,MATERNAL II,conditional_logit_distance,oos_2024,oos,all,21.06939067888616,2023.0,EDI DEBRET,0.0,publica,matriculas_ano_anterior_proxy,True,21.06939067888616,True
2024,0716818,BERCARIO,conditional_logit_distance,oos_2024,oos,all,121.104860604084,2023.0,EDI PROFESSORA CLÁUDIA PIRES CONTINO DA SILVA,43.0,publica,matriculas_ano_anterior_proxy,True,78.104860604084,True
2024,0716818,MATERNAL I,conditional_logit_distance,oos_2024,oos,all,69.99968839032039,2023.0,EDI PROFESSORA CLÁUDIA PIRES CONTINO DA SILVA,28.0,publica,matriculas_ano_anterior_proxy,True,41.99968839032039,True
2024,0716818,MATERNAL II,conditional_logit_distance,oos_2024,oos,all,47.07438091680834,2023.0,EDI PROFESSORA CLÁUDIA PIRES CONTINO DA SILVA,0.0,publica,matriculas_ano_anterior_proxy,True,47.07438091680834,True
2024,0716819,BERCARIO,conditional_logit_distance,oos_2024,oos,all,138.11396808467956,2023.0,EDI PROFESSORA NORMA ANDRADE NOGUEIRA,50.0,publica,matriculas_ano_anterior_proxy,True,88.11396808467956,True
2024,0716819,MATERNAL I,conditional_logit_distance,oos_2024,oos,all,86.44847266617876,2023.0,EDI PROFESSORA NORMA ANDRADE NOGUEIRA,46.0,publica,matriculas_ano_anterior_proxy,True,40.44847266617876,True
2024,0716819,MATERNAL II,conditional_logit_distance,oos_2024,oos,all,69.40834430633997,2023.0,EDI PROFESSORA NORMA ANDRADE NOGUEIRA,0.0,publica,matriculas_ano_anterior_proxy,True,69.40834430633997,True
2024,0716820,BERCARIO,conditional_logit_distance,oos_2024,oos,all,67.64493834059687,2023.0,EDI MEDALHISTA OLÍMPICA ÁGATHA BEDNARCZUK RIPPEL,27.0,publica,matriculas_ano_anterior_proxy,True,40.644938340596866,True
2024,0716820,MATERNAL I,conditional_logit_distance,oos_2024,oos,all,42.99415959970502,2023.0,EDI MEDALHISTA OLÍMPICA ÁGATHA BEDNARCZUK RIPPEL,28.0,publica,matriculas_ano_anterior_proxy,True,14.994159599705021,True
2024,0716820,MATERNAL II,conditional_logit_distance,oos_2024,oos,all,31.163150328789897,2023.0,EDI MEDALHISTA OLÍMPICA ÁGATHA BEDNARCZUK RIPPEL,0.0,publica,matriculas_ano_anterior_proxy,True,31.163150328789897,True
2024,0716821,BERCARIO,conditional_logit_distance,oos_2024,oos,all,139.03376875185668,2023.0,EDI MEDALHISTA PARALÍMPICO FELIPE DE SOUZA GOMES,25.0,publica,matriculas_ano_anterior_proxy,True,114.03376875185668,True
2024,0716821,MATERNAL I,conditional_logit_distance,oos_2024,oos,all,87.30954829941142,2023.0,EDI MEDALHISTA PARALÍMPICO FELIPE DE SOUZA GOMES,48.0,publica,matriculas_ano_anterior_proxy,True,39.30954829941142,True
2024,0716821,MATERNAL II,conditional_logit_distance,oos_2024,oos,all,63.20726611591774,2023.0,EDI MEDALHISTA PARALÍMPICO FELIPE DE SOUZA GOMES,0.0,publica,matriculas_ano_anterior_proxy,True,63.20726611591774,True
2024,0716822,BERCARIO,conditional_logit_distance,oos_2024,oos,all,91.05914591150966,2023.0,EDI MARCELO PARENTE GOMES DE OLIVEIRA,48.0,publica,matriculas_ano_anterior_proxy,True,43.05914591150966,True
2024,0716822,MATERNAL I,conditional_logit_distance,oos_2024,oos,all,55.85757669445059,2023.0,EDI MARCELO PARENTE GOMES DE OLIVEIRA,49.0,publica,matriculas_ano_anterior_proxy,True,6.857576694450593,True
2024,0716822,MATERNAL II,conditional_logit_distance,oos_2024,oos,all,43.0856233900054,2023.0,EDI MARCELO PARENTE GOMES DE OLIVEIRA,0.0,publica,matriculas_ano_anterior_proxy,True,43.0856233900054,True
2024,0716823,BERCARIO,conditional_logit_distance,oos_2024,oos,all,205.50035444073143,2023.0,EDI PROFESSOR EITEL SEIXAS,83.0,publica,matriculas_ano_anterior_proxy,True,122.50035444073143,True
2024,0716823,MATERNAL I,conditional_logit_distance,oos_2024,oos,all,71.39843452936498,2023.0,EDI PROFESSOR EITEL SEIXAS,0.0,publica,matriculas_ano_anterior_proxy,True,71.39843452936498,True
2024,0716823,MATERNAL II,conditional_logit_distance,oos_2024,oos,all,54.30879774566495,2023.0,EDI PROFESSOR EITEL SEIXAS,55.0,publica,matriculas_ano_anterior_proxy,True,-0.6912022543350531,False
2024,0724601,BERCARIO,conditional_logit_distance,oos_2024,oos,all,46.69560187293235,2023.0,CM MARIA VIEIRA BAZANI,46.0,publica,matriculas_ano_anterior_proxy,True,0.6956018729323503,True
2024,0724601,MATERNAL I,conditional_logit_distance,oos_2024,oos,all,25.018593885423822,2023.0,CM MARIA VIEIRA BAZANI,50.0,publica,matriculas_ano_anterior_proxy,True,-24.981406114576178,False
2024,0724601,MATERNAL II,conditional_logit_distance,oos_2024,oos,all,16.81378805879042,2023.0,CM MARIA VIEIRA BAZANI,0.0,publica,matriculas_ano_anterior_proxy,True,16.81378805879042,True
2024,0724602,BERCARIO,conditional_logit_distance,oos_2024,oos,all,42.70029356701448,2023.0,CM DINA SFAT,70.0,publica,matriculas_ano_anterior_proxy,True,-27.299706432985523,False
2024,0724603,MATERNAL I,conditional_logit_distance,oos_2024,oos,all,61.34786835041183,2023.0,CM BENEDITA SIQUEIRA LOPES,0.0,publica,matriculas_ano_anterior_proxy,True,61.34786835041183,True
2024,0724603,MATERNAL II,conditional_logit_distance,oos_2024,oos,all,40.41925957890778,2023.0,CM BENEDITA SIQUEIRA LOPES,25.0,publica,matriculas_ano_anterior_proxy,True,15.419259578907777,True
2024,0724604,MATERNAL I,conditional_logit_distance,oos_2024,oos,all,21.55895219749778,2023.0,CM EDSON LUIZ,46.0,publica,matriculas_ano_anterior_proxy,True,-24.44104780250222,False
2024,0724604,MATERNAL II,conditional_logit_distance,oos_2024,oos,all,13.851957795766456,2023.0,CM EDSON LUIZ,0.0,publica,matriculas_ano_anterior_proxy,True,13.851957795766456,True
2024,0724605,BERCARIO,conditional_logit_distance,oos_2024,oos,all,19.602014095965504,2023.0,CM SEBASTIÃO BERNARDES DE SOUZA PRATA,32.0,publica,matriculas_ano_anterior_proxy,True,-12.397985904034496,False
2024,0724605,MATERNAL I,conditional_logit_distance,oos_2024,oos,all,12.917429406191616,2023.0,CM SEBASTIÃO BERNARDES DE SOUZA PRATA,51.0,publica,matriculas_ano_anterior_proxy,True,-38.082570593808384,False
2024,0724605,MATERNAL II,conditional_logit_distance,oos_2024,oos,all,8.15787001670868,2023.0,CM SEBASTIÃO BERNARDES DE SOUZA PRATA,0.0,publica,matriculas_ano_anterior_proxy,True,8.15787001670868,True
2024,0724606,BERCARIO,conditional_logit_distance,oos_2024,oos,all,19.22624136373851,2023.0,CM ROGÉRIO CARDOSO FURTADO,40.0,publica,matriculas_ano_anterior_proxy,True,-20.77375863626149,False
2024,0724606,MATERNAL I,conditional_logit_distance,oos_2024,oos,all,12.651044234650998,2023.0,CM ROGÉRIO CARDOSO FURTADO,50.0,publica,matriculas_ano_anterior_proxy,True,-37.348955765349004,False
2024,0724606,MATERNAL II,conditional_logit_distance,oos_2024,oos,all,7.990031241221436,2023.0,CM ROGÉRIO CARDOSO FURTADO,0.0,publica,matriculas_ano_anterior_proxy,True,7.990031241221436,True
2024,0724801,BERCARIO,conditional_logit_distance,oos_2024,oos,all,42.21055502250759,2023.0,EDI MILENA SANTOS NASCIMENTO,50.0,publica,matriculas_ano_anterior_proxy,True,-7.789444977492408,False
2024,0724801,MATERNAL I,conditional_logit_distance,oos_2024,oos,all,23.740602246295257,2023.0,EDI MILENA SANTOS NASCIMENTO,51.0,publica,matriculas_ano_anterior_proxy,True,-27.259397753704743,False
2024,0724801,MATERNAL II,conditional_logit_distance,oos_2024,oos,all,16.81225208685425,2023.0,EDI MILENA SANTOS NASCIMENTO,0.0,publica,matriculas_ano_anterior_proxy,True,16.81225208685425,True
2024,0724802,MATERNAL I,conditional_logit_distance,oos_2024,oos,all,14.611707494784724,2023.0,EDI PORFIRIO DIAS,20.0,publica,matriculas_ano_anterior_proxy,True,-5.388292505215276,False
2024,0724802,MATERNAL II,conditional_logit_distance,oos_2024,oos,all,9.22687126735626,2023.0,EDI PORFIRIO DIAS,0.0,publica,matriculas_ano_anterior_proxy,True,9.22687126735626,True
2024,0724803,MATERNAL I,conditional_logit_distance,oos_2024,oos,all,87.15143269565566,2023.0,EDI VERA LUCIA MARTINS COSTA,49.0,publica,matriculas_ano_anterior_proxy,True,38.15143269565566,True
2024,0724803,MATERNAL II,conditional_logit_distance,oos_2024,oos,all,57.51016476793297,2023.0,EDI VERA LUCIA MARTINS COSTA,0.0,publica,matriculas_ano_anterior_proxy,True,57.51016476793297,True
2024,0724804,MATERNAL I,conditional_logit_distance,oos_2024,oos,all,108.14721958248568,2023.0,EDI PROFESSORA MATILDE ROSA LOPES DE ARAUJO,0.0,publica,matriculas_ano_anterior_proxy,True,108.14721958248568,True
2024,0724804,MATERNAL II,conditional_logit_distance,oos_2024,oos,all,71.49269416463277,2023.0,EDI PROFESSORA MATILDE ROSA LOPES DE ARAUJO,19.0,publica,matriculas_ano_anterior_proxy,True,52.492694164632766,True
2024,0724805,MATERNAL I,conditional_logit_distance,oos_2024,oos,all,17.738119166181917,2023.0,EDI TRISTÃO DE ATHAYDE,23.0,publica,matriculas_ano_anterior_proxy,True,-5.261880833818083,False
2024,0724805,MATERNAL II,conditional_logit_distance,oos_2024,oos,all,8.426920694266444,2023.0,EDI TRISTÃO DE ATHAYDE,0.0,publica,matriculas_ano_anterior_proxy,True,8.426920694266444,True
2024,0724806,MATERNAL I,conditional_logit_distance,oos_2024,oos,all,24.705717069426008,2023.0,EDI PROFESSORA RUTH CARDOSO,47.0,publica,matriculas_ano_anterior_proxy,True,-22.294282930573992,False
2024,0724806,MATERNAL II,conditional_logit_distance,oos_2024,oos,all,16.164088161537972,2023.0,EDI PROFESSORA RUTH CARDOSO,0.0,publica,matriculas_ano_anterior_proxy,True,16.164088161537972,True
2024,0724807,BERCARIO,conditional_logit_distance,oos_2024,oos,all,44.34991131309506,2023.0,EDI CARMEN MIRANDA,25.0,publica,matriculas_ano_anterior_proxy,True,19.349911313095063,True
2024,0724807,MATERNAL I,conditional_logit_distance,oos_2024,oos,all,25.364211280981905,2023.0,EDI CARMEN MIRANDA,46.0,publica,matriculas_ano_anterior_proxy,True,-20.635788719018095,False
2024,0724807,MATERNAL II,conditional_logit_distance,oos_2024,oos,all,15.025448042821072,2023.0,EDI CARMEN MIRANDA,0.0,publica,matriculas_ano_anterior_proxy,True,15.025448042821072,True
2024,0724808,MATERNAL I,conditional_logit_distance,oos_2024,oos,all,47.68571070333607,2023.0,EDI AMOR,23.0,publica,matriculas_ano_anterior_proxy,True,24.68571070333607,True
2024,0724808,MATERNAL II,conditional_logit_distance,oos_2024,oos,all,31.480262763581965,2023.0,EDI AMOR,0.0,publica,matriculas_ano_anterior_proxy,True,31.480262763581965,True
2024,0724809,MATERNAL I,conditional_logit_distance,oos_2024,oos,all,25.121233871554256,2023.0,"EDI UGOCIONE JOSÉ DE MEDEIROS ""SEU UGO""",15.0,publica,matriculas_ano_anterior_proxy,True,10.121233871554256,True
2024,0724809,MATERNAL II,conditional_logit_distance,oos_2024,oos,all,15.60033779355524,2023.0,"EDI UGOCIONE JOSÉ DE MEDEIROS ""SEU UGO""",0.0,publica,matriculas_ano_anterior_proxy,True,15.60033779355524,True
2024,0734601,MATERNAL I,conditional_logit_distance,oos_2024,oos,all,55.63578593838673,2023.0,CM LUZES DO AMANHÃ,50.0,publica,matriculas_ano_anterior_proxy,True,5.635785938386732,True
2024,0734601,MATERNAL II,conditional_logit_distance,oos_2024,oos,all,33.34540309383783,2023.0,CM LUZES DO AMANHÃ,0.0,publica,matriculas_ano_anterior_proxy,True,33.34540309383783,True
2024,0734602,MATERNAL I,conditional_logit_distance,oos_2024,oos,all,55.44283328240181,2023.0,CM MARGARIDA GABINAL,44.0,publica,matriculas_ano_anterior_proxy,True,11.442833282401807,True
2024,0734602,MATERNAL II,conditional_logit_distance,oos_2024,oos,all,33.63129966507479,2023.0,CM MARGARIDA GABINAL,0.0,publica,matriculas_ano_anterior_proxy,True,33.63129966507479,True
2024,0734603,MATERNAL I,conditional_logit_distance,oos_2024,oos,all,61.60164615514566,2023.0,CM SEMPRE VIDA JOSUÉ,16.0,publica,matriculas_ano_anterior_proxy,True,45.60164615514566,True
2024,0734603,MATERNAL II,conditional_logit_distance,oos_2024,oos,all,39.4041142111812,2023.0,CM SEMPRE VIDA JOSUÉ,0.0,publica,matriculas_ano_anterior_proxy,True,39.4041142111812,True
2024,0734801,MATERNAL I,conditional_logit_distance,oos_2024,oos,all,55.307864238367706,2023.0,EDI JARDIM DO AMANHÃ,16.0,publica,matriculas_ano_anterior_proxy,True,39.307864238367706,True
2024,0734801,MATERNAL II,conditional_logit_distance,oos_2024,oos,all,36.782653989477474,2023.0,EDI JARDIM DO AMANHÃ,0.0,publica,matriculas_ano_anterior_proxy,True,36.782653989477474,True
2024,0734802,BERCARIO,conditional_logit_distance,oos_2024,oos,all,115.83318004362596,2023.0,EDI SENHORA PERCILIANA PEREIRA DE ALVARENGA,25.0,publica,matriculas_ano_anterior_proxy,True,90.83318004362596,True
2024,0734802,MATERNAL I,conditional_logit_distance,oos_2024,oos,all,59.44050095691413,2023.0,EDI SENHORA PERCILIANA PEREIRA DE ALVARENGA,26.0,publica,matriculas_ano_anterior_proxy,True,33.44050095691413,True
2024,0734802,MATERNAL II,conditional_logit_distance,oos_2024,oos,all,35.21898573465273,2023.0,EDI SENHORA PERCILIANA PEREIRA DE ALVARENGA,0.0,publica,matriculas_ano_anterior_proxy,True,35.21898573465273,True
2024,0734803,MATERNAL I,conditional_logit_distance,oos_2024,oos,all,68.72148242453932,2023.0,EDI ANA CAROLINA PACHECO DA SILVA,25.0,publica,matriculas_ano_anterior_proxy,True,43.72148242453932,True
2024,0734803,MATERNAL II,conditional_logit_distance,oos_2024,oos,all,41.59216829838951,2023.0,EDI ANA CAROLINA PACHECO DA SILVA,0.0,publica,matriculas_ano_anterior_proxy,True,41.59216829838951,True
2024,0734804,MATERNAL I,conditional_logit_distance,oos_2024,oos,all,92.61855148120888,2023.0,EDI MARIA BERALDA,25.0,publica,matriculas_ano_anterior_proxy,True,67.61855148120888,True
2024,0734804,MATERNAL II,conditional_logit_distance,oos_2024,oos,all,50.19426593675698,2023.0,EDI MARIA BERALDA,0.0,publica,matriculas_ano_anterior_proxy,True,50.19426593675698,True
2024,0734805,MATERNAL I,conditional_logit_distance,oos_2024,oos,all,76.58747127968157,2023.0,EDI MONSENHOR CORDIOLI,40.0,publica,matriculas_ano_anterior_proxy,True,36.587471279681566,True
2024,0734805,MATERNAL II,conditional_logit_distance,oos_2024,oos,all,42.82118269262422,2023.0,EDI MONSENHOR CORDIOLI,0.0,publica,matriculas_ano_anterior_proxy,True,42.82118269262422,True
2024,08002,BERCARIO,conditional_logit_distance,oos_2024,oos,all,30.274885571058583,2023.0,CP CRECHE ESPÍRITA FRANCISCO DE ASSIS,8.0,parceira,matriculas_ano_anterior_proxy,True,22.274885571058583,True
2024,08002,MATERNAL I,conditional_logit_distance,oos_2024,oos,all,17.075009511169355,2023.0,CP CRECHE ESPÍRITA FRANCISCO DE ASSIS,16.0,parceira,matriculas_ano_anterior_proxy,True,1.0750095111693554,True
2024,08002,MATERNAL II,conditional_logit_distance,oos_2024,oos,all,10.778772897740945,2023.0,CP CRECHE ESPÍRITA FRANCISCO DE ASSIS,8.0,parceira,matriculas_ano_anterior_proxy,True,2.7787728977409447,True
2024,08003,MATERNAL I,conditional_logit_distance,oos_2024,oos,all,46.4012877056492,2023.0,CP CRECHE CRIANÇA JABOUR,40.0,parceira,matriculas_ano_anterior_proxy,True,6.401287705649203,True
2024,08003,MATERNAL II,conditional_logit_distance,oos_2024,oos,all,32.73127518470818,2023.0,CP CRECHE CRIANÇA JABOUR,39.0,parceira,matriculas_ano_anterior_proxy,True,-6.268724815291819,False
2024,08004,BERCARIO,conditional_logit_distance,oos_2024,oos,all,35.13843124858659,2023.0,CP CRECHE COMUNITÁRIA NINO,40.0,parceira,matriculas_ano_anterior_proxy,True,-4.861568751413408,False
2024,08004,MATERNAL I,conditional_logit_distance,oos_2024,oos,all,21.642043473738585,2023.0,CP CRECHE COMUNITÁRIA NINO,29.0,parceira,matriculas_ano_anterior_proxy,True,-7.357956526261415,False
2024,08004,MATERNAL II,conditional_logit_distance,oos_2024,oos,all,14.838900022342472,2023.0,CP CRECHE COMUNITÁRIA NINO,31.0,parceira,matriculas_ano_anterior_proxy,True,-16.16109997765753,False
2024,08005,BERCARIO,conditional_logit_distance,oos_2024,oos,all,48.52550943573841,2023.0,CP CRECHE E ESCOLA COMUNITÁRIA GENTE INOCENTE - REALENGO,43.0,parceira,matriculas_ano_anterior_proxy,True,5.525509435738407,True
2024,08005,MATERNAL I,conditional_logit_distance,oos_2024,oos,all,26.523767331868072,2023.0,CP CRECHE E ESCOLA COMUNITÁRIA GENTE INOCENTE - REALENGO,44.0,parceira,matriculas_ano_anterior_proxy,True,-17.476232668131928,False
2024,08005,MATERNAL II,conditional_logit_distance,oos_2024,oos,all,17.937229931662525,2023.0,CP CRECHE E ESCOLA COMUNITÁRIA GENTE INOCENTE - REALENGO,54.0,parceira,matriculas_ano_anterior_proxy,True,-36.06277006833747,False
2024,08006,MATERNAL I,conditional_logit_distance,oos_2024,oos,all,24.160644985729245,2023.0,CP FUNDAÇÃO CASA DA JOANINHA - CRECHE,20.0,parceira,matriculas_ano_anterior_proxy,True,4.160644985729245,True
2024,08006,MATERNAL II,conditional_logit_distance,oos_2024,oos,all,15.503271811758584,2023.0,CP FUNDAÇÃO CASA DA JOANINHA - CRECHE,30.0,parceira,matriculas_ano_anterior_proxy,True,-14.496728188241416,False
2024,08007,BERCARIO,conditional_logit_distance,oos_2024,oos,all,50.79700960513462,2023.0,CP CRECHE E ESCOLA COMUNITÁRIA GENTE INOCENTE - BANGU,70.0,parceira,matriculas_ano_anterior_proxy,True,-19.20299039486538,False
2024,08007,MATERNAL I,conditional_logit_distance,oos_2024,oos,all,28.41841572461712,2023.0,CP CRECHE E ESCOLA COMUNITÁRIA GENTE INOCENTE - BANGU,70.0,parceira,matriculas_ano_anterior_proxy,True,-41.58158427538288,False
2024,08007,MATERNAL II,conditional_logit_distance,oos_2024,oos,all,18.941604668265065,2023.0,CP CRECHE E ESCOLA COMUNITÁRIA GENTE INOCENTE - BANGU,70.0,parceira,matriculas_ano_anterior_proxy,True,-51.058395331734935,False
2024,08008,MATERNAL II,conditional_logit_distance,oos_2024,oos,all,36.45585268074188,2023.0,CP ASSOCIAÇÃO DE MORADORES DO CONJUNTO PEDRO I E ADJACÊNCIAS,33.0,parceira,matriculas_ano_anterior_proxy,True,3.4558526807418772,True
2024,08009,BERCARIO,conditional_logit_distance,oos_2024,oos,all,86.80772925632623,2023.0,CP ASSOCIAÇÃO RECREATIVA PINGUINHO DE GENTE,33.0,parceira,matriculas_ano_anterior_proxy,True,53.807729256326226,True
2024,08009,MATERNAL I,conditional_logit_distance,oos_2024,oos,all,60.37166119418151,2023.0,CP ASSOCIAÇÃO RECREATIVA PINGUINHO DE GENTE,29.0,parceira,matriculas_ano_anterior_proxy,True,31.371661194181513,True
2024,08009,MATERNAL II,conditional_logit_distance,oos_2024,oos,all,42.00501138520105,2023.0,CP ASSOCIAÇÃO RECREATIVA PINGUINHO DE GENTE,36.0,parceira,matriculas_ano_anterior_proxy,True,6.005011385201051,True
2024,08010,BERCARIO,conditional_logit_distance,oos_2024,oos,all,58.94514976736456,2023.0,CP ASSOCIAÇÃO CENTRO EDUCACIONAL REBRAL III,14.0,parceira,matriculas_ano_anterior_proxy,True,44.94514976736456,True
2024,08010,MATERNAL I,conditional_logit_distance,oos_2024,oos,all,35.8322971888542,2023.0,CP ASSOCIAÇÃO CENTRO EDUCACIONAL REBRAL III,18.0,parceira,matriculas_ano_anterior_proxy,True,17.8322971888542,True
2024,08010,MATERNAL II,conditional_logit_distance,oos_2024,oos,all,23.124492595200607,2023.0,CP ASSOCIAÇÃO CENTRO EDUCACIONAL REBRAL III,19.0,parceira,matriculas_ano_anterior_proxy,True,4.124492595200607,True
2024,08011,BERCARIO,conditional_logit_distance,oos_2024,oos,all,70.93086445794958,2023.0,CP ESPAÇO DE EDUCAÇÃO INFANTIL BATAN,61.0,parceira,matriculas_ano_anterior_proxy,True,9.930864457949582,True
2024,08011,MATERNAL I,conditional_logit_distance,oos_2024,oos,all,50.63727374010677,2023.0,CP ESPAÇO DE EDUCAÇÃO INFANTIL BATAN,60.0,parceira,matriculas_ano_anterior_proxy,True,-9.362726259893229,False
2024,08011,MATERNAL II,conditional_logit_distance,oos_2024,oos,all,35.651315065956375,2023.0,CP ESPAÇO DE EDUCAÇÃO INFANTIL BATAN,61.0,parceira,matriculas_ano_anterior_proxy,True,-25.348684934043625,False
2024,08013,MATERNAL I,conditional_logit_distance,oos_2024,oos,all,37.29450229288279,2023.0,CP CENTRO EDUCACIONAL LUIZA,59.0,parceira,matriculas_ano_anterior_proxy,True,-21.70549770711721,False
2024,08013,MATERNAL II,conditional_logit_distance,oos_2024,oos,all,24.1017366077374,2023.0,CP CENTRO EDUCACIONAL LUIZA,40.0,parceira,matriculas_ano_anterior_proxy,True,-15.8982633922626,False
2024,08014,MATERNAL I,conditional_logit_distance,oos_2024,oos,all,35.93441577619319,2023.0,"CP DO.RA., A AVENTUREIRA",31.0,parceira,matriculas_ano_anterior_proxy,True,4.934415776193191,True
2024,08014,MATERNAL II,conditional_logit_distance,oos_2024,oos,all,23.90894147962863,2023.0,"CP DO.RA., A AVENTUREIRA",36.0,parceira,matriculas_ano_anterior_proxy,True,-12.09105852037137,False
2024,08015,BERCARIO,conditional_logit_distance,oos_2024,oos,all,245.57299179473543,2023.0,CP CEM CRECHE ESCOLA MACHADO,52.0,parceira,matriculas_ano_anterior_proxy,True,193.57299179473543,True
2024,08015,MATERNAL I,conditional_logit_distance,oos_2024,oos,all,154.9786952737999,2023.0,CP CEM CRECHE ESCOLA MACHADO,96.0,parceira,matriculas_ano_anterior_proxy,True,58.9786952737999,True
2024,08015,MATERNAL II,conditional_logit_distance,oos_2024,oos,all,99.44082679902458,2023.0,CP CEM CRECHE ESCOLA MACHADO,103.0,parceira,matriculas_ano_anterior_proxy,True,-3.5591732009754224,False
2024,08016,BERCARIO,conditional_logit_distance,oos_2024,oos,all,128.01859498785169,2023.0,CP ASSOCIAÇÃO CENTRO EDUCACIONAL REBRAL VI,60.0,parceira,matriculas_ano_anterior_proxy,True,68.01859498785169,True
2024,08016,MATERNAL I,conditional_logit_distance,oos_2024,oos,all,79.7111680503146,2023.0,CP ASSOCIAÇÃO CENTRO EDUCACIONAL REBRAL VI,93.0,parceira,matriculas_ano_anterior_proxy,True,-13.288831949685402,False
2024,08016,MATERNAL II,conditional_logit_distance,oos_2024,oos,all,51.11291288469924,2023.0,CP ASSOCIAÇÃO CENTRO EDUCACIONAL REBRAL VI,100.0,parceira,matriculas_ano_anterior_proxy,True,-48.88708711530076,False
2024,08017,BERCARIO,conditional_logit_distance,oos_2024,oos,all,134.02589509068886,2023.0,CP ASSOCIAÇÃO CRECHE ESPERANÇA - REALENGO,56.0,parceira,matriculas_ano_anterior_proxy,True,78.02589509068886,True
2024,08017,MATERNAL I,conditional_logit_distance,oos_2024,oos,all,82.17174535011787,2023.0,CP ASSOCIAÇÃO CRECHE ESPERANÇA - REALENGO,94.0,parceira,matriculas_ano_anterior_proxy,True,-11.828254649882126,False
2024,08017,MATERNAL II,conditional_logit_distance,oos_2024,oos,all,48.20889350422368,2023.0,CP ASSOCIAÇÃO CRECHE ESPERANÇA - REALENGO,45.0,parceira,matriculas_ano_anterior_proxy,True,3.2088935042236812,True
2024,08018,MATERNAL I,conditional_logit_distance,oos_2024,oos,all,59.194940542247984,2023.0,CP CRECHE COMUNITÁRIA ESTRELINHA,27.0,parceira,matriculas_ano_anterior_proxy,True,32.194940542247984,True
2024,08018,MATERNAL II,conditional_logit_distance,oos_2024,oos,all,39.95122216185672,2023.0,CP CRECHE COMUNITÁRIA ESTRELINHA,32.0,parceira,matriculas_ano_anterior_proxy,True,7.95122216185672,True
2024,08019,MATERNAL I,conditional_logit_distance,oos_2024,oos,all,25.51214039549456,2023.0,CP ESCOLA COMUNITÁRIA JARDIM ARCO-ÍRIS - UNIDADE II,44.0,parceira,matriculas_ano_anterior_proxy,True,-18.48785960450544,False
2024,08019,MATERNAL II,conditional_logit_distance,oos_2024,oos,all,16.23281104065296,2023.0,CP ESCOLA COMUNITÁRIA JARDIM ARCO-ÍRIS - UNIDADE II,71.0,parceira,matriculas_ano_anterior_proxy,True,-54.76718895934704,False
2024,08021,BERCARIO,conditional_logit_distance,oos_2024,oos,all,46.633357595242096,2023.0,CP ASSOCIAÇÃO RECREATIVA MUNDO MÁGICO DA TIA NATY,10.0,parceira,matriculas_ano_anterior_proxy,True,36.633357595242096,True
2024,08021,MATERNAL I,conditional_logit_distance,oos_2024,oos,all,26.67094354205137,2023.0,CP ASSOCIAÇÃO RECREATIVA MUNDO MÁGICO DA TIA NATY,18.0,parceira,matriculas_ano_anterior_proxy,True,8.670943542051369,True
2024,08021,MATERNAL II,conditional_logit_distance,oos_2024,oos,all,17.588454658253333,2023.0,CP ASSOCIAÇÃO RECREATIVA MUNDO MÁGICO DA TIA NATY,10.0,parceira,matriculas_ano_anterior_proxy,True,7.588454658253333,True
2024,08022,BERCARIO,conditional_logit_distance,oos_2024,oos,all,134.02589509068886,2023.0,CP ASSOCIAÇÃO CRECHE ESPERANÇA - MAGALHÃES BASTOS,86.0,parceira,matriculas_ano_anterior_proxy,True,48.02589509068886,True
2024,08022,MATERNAL I,conditional_logit_distance,oos_2024,oos,all,82.17174535011787,2023.0,CP ASSOCIAÇÃO CRECHE ESPERANÇA - MAGALHÃES BASTOS,88.0,parceira,matriculas_ano_anterior_proxy,True,-5.828254649882126,False
2024,08022,MATERNAL II,conditional_logit_distance,oos_2024,oos,all,48.20889350422368,2023.0,CP ASSOCIAÇÃO CRECHE ESPERANÇA - MAGALHÃES BASTOS,41.0,parceira,matriculas_ano_anterior_proxy,True,7.208893504223681,True
2024,08023,MATERNAL I,conditional_logit_distance,oos_2024,oos,all,23.376374158537946,2023.0,CP CRECHE COMUNITÁRIA IRMÃ MARIA DE LOURDES,18.0,parceira,matriculas_ano_anterior_proxy,True,5.376374158537946,True
2024,08023,MATERNAL II,conditional_logit_distance,oos_2024,oos,all,15.610482711138843,2023.0,CP CRECHE COMUNITÁRIA IRMÃ MARIA DE LOURDES,54.0,parceira,matriculas_ano_anterior_proxy,True,-38.38951728886116,False
2024,08024,BERCARIO,conditional_logit_distance,oos_2024,oos,all,245.57299179473543,2023.0,CP CEM CRECHE ESCOLA MACHADO - UNIDADE I,17.0,parceira,matriculas_ano_anterior_proxy,True,228.57299179473543,True
2024,08024,MATERNAL I,conditional_logit_distance,oos_2024,oos,all,154.9786952737999,2023.0,CP CEM CRECHE ESCOLA MACHADO - UNIDADE I,44.0,parceira,matriculas_ano_anterior_proxy,True,110.9786952737999,True
2024,08024,MATERNAL II,conditional_logit_distance,oos_2024,oos,all,99.44082679902458,2023.0,CP CEM CRECHE ESCOLA MACHADO - UNIDADE I,29.0,parceira,matriculas_ano_anterior_proxy,True,70.44082679902458,True
2024,08025,MATERNAL I,conditional_logit_distance,oos_2024,oos,all,82.17174535011787,2023.0,CP ASSOCIAÇÃO RECREATIVA MONIZ BARRETO,30.0,parceira,matriculas_ano_anterior_proxy,True,52.171745350117874,True
2024,08025,MATERNAL II,conditional_logit_distance,oos_2024,oos,all,48.20889350422368,2023.0,CP ASSOCIAÇÃO RECREATIVA MONIZ BARRETO,18.0,parceira,matriculas_ano_anterior_proxy,True,30.20889350422368,True
2024,08026,MATERNAL II,conditional_logit_distance,oos_2024,oos,all,48.20889350422368,,,,,,False,,
2024,08027,MATERNAL I,conditional_logit_distance,oos_2024,oos,all,15.075770338350551,,,,,,False,,
2024,08027,MATERNAL II,conditional_logit_distance,oos_2024,oos,all,9.990717722244591,,,,,,False,,
2024,0817202,MATERNAL I,conditional_logit_distance,oos_2024,oos,all,15.880839001039565,2023.0,CIEP AMILCAR CABRAL,50.0,publica,matriculas_ano_anterior_proxy,True,-34.11916099896044,False
2024,0817202,MATERNAL II,conditional_logit_distance,oos_2024,oos,all,10.64356786854067,2023.0,CIEP AMILCAR CABRAL,0.0,publica,matriculas_ano_anterior_proxy,True,10.64356786854067,True
2024,0817504,MATERNAL I,conditional_logit_distance,oos_2024,oos,all,70.43025705040652,2023.0,CIEP ANTONIO EVARISTO DE MORAES,0.0,publica,matriculas_ano_anterior_proxy,True,70.43025705040652,True
2024,0817504,MATERNAL II,conditional_logit_distance,oos_2024,oos,all,49.34203506267061,2023.0,CIEP ANTONIO EVARISTO DE MORAES,25.0,publica,matriculas_ano_anterior_proxy,True,24.34203506267061,True
2024,0817505,MATERNAL II,conditional_logit_distance,oos_2024,oos,all,48.010690752945656,2023.0,CIEP MARECHAL JULIO CAETANO HORTA BARBOSA,0.0,publica,matriculas_ano_anterior_proxy,True,48.010690752945656,True
2024,0817507,MATERNAL II,conditional_logit_distance,oos_2024,oos,all,43.85870904541998,2023.0,CIEP MESTRE ANDRÉ,0.0,publica,matriculas_ano_anterior_proxy,True,43.85870904541998,True
2024,0817601,BERCARIO,conditional_logit_distance,oos_2024,oos,all,39.190688044257904,2023.0,CM JOSÉ FÉLIX,50.0,publica,matriculas_ano_anterior_proxy,True,-10.809311955742096,False
2024,0817601,MATERNAL I,conditional_logit_distance,oos_2024,oos,all,26.376751748744034,2023.0,CM JOSÉ FÉLIX,25.0,publica,matriculas_ano_anterior_proxy,True,1.3767517487440344,True
2024,0817601,MATERNAL II,conditional_logit_distance,oos_2024,oos,all,39.67293863521049,2023.0,CM JOSÉ FÉLIX,50.0,publica,matriculas_ano_anterior_proxy,True,-10.327061364789508,False
2024,0817602,BERCARIO,conditional_logit_distance,oos_2024,oos,all,30.45198683986403,2023.0,CM VILA PROGRESSO,41.0,publica,matriculas_ano_anterior_proxy,True,-10.54801316013597,False
2024,0817602,MATERNAL I,conditional_logit_distance,oos_2024,oos,all,19.175434962452083,2023.0,CM VILA PROGRESSO,40.0,publica,matriculas_ano_anterior_proxy,True,-20.824565037547917,False
2024,0817602,MATERNAL II,conditional_logit_distance,oos_2024,oos,all,13.338528198424996,2023.0,CM VILA PROGRESSO,0.0,publica,matriculas_ano_anterior_proxy,True,13.338528198424996,True
2024,0817603,BERCARIO,conditional_logit_distance,oos_2024,oos,all,27.21923376822538,2023.0,CM DENTE DE LEITE,50.0,publica,matriculas_ano_anterior_proxy,True,-22.78076623177462,False
2024,0817603,MATERNAL I,conditional_logit_distance,oos_2024,oos,all,15.66001414635487,2023.0,CM DENTE DE LEITE,48.0,publica,matriculas_ano_anterior_proxy,True,-32.33998585364513,False
2024,0817603,MATERNAL II,conditional_logit_distance,oos_2024,oos,all,10.228465786273985,2023.0,CM DENTE DE LEITE,0.0,publica,matriculas_ano_anterior_proxy,True,10.228465786273985,True
2024,0817604,MATERNAL I,conditional_logit_distance,oos_2024,oos,all,11.808286519005817,2023.0,CM DRAMATURGO ALFREDO DE FREITAS DIAS GOMES,41.0,publica,matriculas_ano_anterior_proxy,True,-29.19171348099418,False
2024,0817604,MATERNAL II,conditional_logit_distance,oos_2024,oos,all,7.695629183039898,2023.0,CM DRAMATURGO ALFREDO DE FREITAS DIAS GOMES,0.0,publica,matriculas_ano_anterior_proxy,True,7.695629183039898,True
2024,0817605,BERCARIO,conditional_logit_distance,oos_2024,oos,all,83.16908567914683,2023.0,CM MANÉ GARRINCHA II,49.0,publica,matriculas_ano_anterior_proxy,True,34.16908567914683,True
2024,0817605,MATERNAL I,conditional_logit_distance,oos_2024,oos,all,54.55349003358689,2023.0,CM MANÉ GARRINCHA II,0.0,publica,matriculas_ano_anterior_proxy,True,54.55349003358689,True
2024,0817605,MATERNAL II,conditional_logit_distance,oos_2024,oos,all,37.24734925389661,2023.0,CM MANÉ GARRINCHA II,48.0,publica,matriculas_ano_anterior_proxy,True,-10.752650746103392,False
2024,0817606,MATERNAL I,conditional_logit_distance,oos_2024,oos,all,23.22599059919463,2023.0,CM MEIMEI,48.0,publica,matriculas_ano_anterior_proxy,True,-24.77400940080537,False
2024,0817606,MATERNAL II,conditional_logit_distance,oos_2024,oos,all,15.681363261256564,2023.0,CM MEIMEI,0.0,publica,matriculas_ano_anterior_proxy,True,15.681363261256564,True
2024,0817607,BERCARIO,conditional_logit_distance,oos_2024,oos,all,22.62828816240108,2023.0,CM MULHERES DO QUAFÁ,49.0,publica,matriculas_ano_anterior_proxy,True,-26.37171183759892,False
2024,0817607,MATERNAL I,conditional_logit_distance,oos_2024,oos,all,13.645263684416784,2023.0,CM MULHERES DO QUAFÁ,0.0,publica,matriculas_ano_anterior_proxy,True,13.645263684416784,True
2024,0817607,MATERNAL II,conditional_logit_distance,oos_2024,oos,all,9.198914098455775,2023.0,CM MULHERES DO QUAFÁ,101.0,publica,matriculas_ano_anterior_proxy,True,-91.80108590154423,False
2024,0817608,BERCARIO,conditional_logit_distance,oos_2024,oos,all,93.89807134716654,2023.0,CM NOVA ALIANÇA,23.0,publica,matriculas_ano_anterior_proxy,True,70.89807134716654,True
2024,0817608,MATERNAL I,conditional_logit_distance,oos_2024,oos,all,58.50655785947378,2023.0,CM NOVA ALIANÇA,0.0,publica,matriculas_ano_anterior_proxy,True,58.50655785947378,True
2024,0817608,MATERNAL II,conditional_logit_distance,oos_2024,oos,all,39.38092247370236,2023.0,CM NOVA ALIANÇA,48.0,publica,matriculas_ano_anterior_proxy,True,-8.619077526297637,False
2024,0817609,BERCARIO,conditional_logit_distance,oos_2024,oos,all,66.52983542318098,2023.0,CM RECANTO FELIZ,99.0,publica,matriculas_ano_anterior_proxy,True,-32.470164576819016,False
2024,0817609,MATERNAL I,conditional_logit_distance,oos_2024,oos,all,37.09621123489481,2023.0,CM RECANTO FELIZ,0.0,publica,matriculas_ano_anterior_proxy,True,37.09621123489481,True
2024,0817609,MATERNAL II,conditional_logit_distance,oos_2024,oos,all,24.857071357754933,2023.0,CM RECANTO FELIZ,96.0,publica,matriculas_ano_anterior_proxy,True,-71.14292864224507,False
2024,0817610,MATERNAL I,conditional_logit_distance,oos_2024,oos,all,23.107863568482763,2023.0,CM SEMPRE VIDA FAZENDA COQUEIROS,0.0,publica,matriculas_ano_anterior_proxy,True,23.107863568482763,True
2024,0817610,MATERNAL II,conditional_logit_distance,oos_2024,oos,all,17.109037839375993,2023.0,CM SEMPRE VIDA FAZENDA COQUEIROS,49.0,publica,matriculas_ano_anterior_proxy,True,-31.890962160624007,False
2024,0817611,MATERNAL I,conditional_logit_distance,oos_2024,oos,all,35.95067447202972,2023.0,CM TIA ELZA,50.0,publica,matriculas_ano_anterior_proxy,True,-14.049325527970282,False
2024,0817611,MATERNAL II,conditional_logit_distance,oos_2024,oos,all,24.522250350724548,2023.0,CM TIA ELZA,0.0,publica,matriculas_ano_anterior_proxy,True,24.522250350724548,True
2024,0817612,BERCARIO,conditional_logit_distance,oos_2024,oos,all,36.78366513357572,2023.0,CM VILA KENNEDY,50.0,publica,matriculas_ano_anterior_proxy,True,-13.216334866424283,False
2024,0817612,MATERNAL I,conditional_logit_distance,oos_2024,oos,all,22.17160244437001,2023.0,CM VILA KENNEDY,0.0,publica,matriculas_ano_anterior_proxy,True,22.17160244437001,True
2024,0817612,MATERNAL II,conditional_logit_distance,oos_2024,oos,all,14.948764320337874,2023.0,CM VILA KENNEDY,98.0,publica,matriculas_ano_anterior_proxy,True,-83.05123567966213,False
2024,0817613,MATERNAL I,conditional_logit_distance,oos_2024,oos,all,27.078668113251336,2023.0,CM CÉLIA ALENCAR,37.0,publica,matriculas_ano_anterior_proxy,True,-9.921331886748664,False
2024,0817613,MATERNAL II,conditional_logit_distance,oos_2024,oos,all,17.883164410777763,2023.0,CM CÉLIA ALENCAR,0.0,publica,matriculas_ano_anterior_proxy,True,17.883164410777763,True
2024,0817614,BERCARIO,conditional_logit_distance,oos_2024,oos,all,42.01401894341023,2023.0,CM FAZENDA COQUEIROS II,25.0,publica,matriculas_ano_anterior_proxy,True,17.01401894341023,True
2024,0817614,MATERNAL I,conditional_logit_distance,oos_2024,oos,all,27.80603956218414,2023.0,CM FAZENDA COQUEIROS II,0.0,publica,matriculas_ano_anterior_proxy,True,27.80603956218414,True
2024,0817614,MATERNAL II,conditional_logit_distance,oos_2024,oos,all,19.585604000272024,2023.0,CM FAZENDA COQUEIROS II,49.0,publica,matriculas_ano_anterior_proxy,True,-29.414395999727976,False
2024,0817615,BERCARIO,conditional_logit_distance,oos_2024,oos,all,54.15061433647252,2023.0,CM VILA UNIÃO DA PAZ,51.0,publica,matriculas_ano_anterior_proxy,True,3.150614336472522,True
2024,0817615,MATERNAL I,conditional_logit_distance,oos_2024,oos,all,30.29299742226917,2023.0,CM VILA UNIÃO DA PAZ,23.0,publica,matriculas_ano_anterior_proxy,True,7.2929974222691705,True
2024,0817615,MATERNAL II,conditional_logit_distance,oos_2024,oos,all,20.199237348696894,2023.0,CM VILA UNIÃO DA PAZ,0.0,publica,matriculas_ano_anterior_proxy,True,20.199237348696894,True
2024,0817616,MATERNAL I,conditional_logit_distance,oos_2024,oos,all,83.5797531764967,2023.0,CM PROFESSORA MARIA ASSUMPÇÃO,0.0,publica,matriculas_ano_anterior_proxy,True,83.5797531764967,True
2024,0817616,MATERNAL II,conditional_logit_distance,oos_2024,oos,all,54.65936177472352,2023.0,CM PROFESSORA MARIA ASSUMPÇÃO,49.0,publica,matriculas_ano_anterior_proxy,True,5.659361774723521,True
2024,0817617,BERCARIO,conditional_logit_distance,oos_2024,oos,all,25.70863459405845,2023.0,CM JOSÉ MANOEL IBARRA PEREZ,50.0,publica,matriculas_ano_anterior_proxy,True,-24.29136540594155,False
2024,0817617,MATERNAL I,conditional_logit_distance,oos_2024,oos,all,15.02918123948838,2023.0,CM JOSÉ MANOEL IBARRA PEREZ,0.0,publica,matriculas_ano_anterior_proxy,True,15.02918123948838,True
2024,0817617,MATERNAL II,conditional_logit_distance,oos_2024,oos,all,9.872968744582945,2023.0,CM JOSÉ MANOEL IBARRA PEREZ,48.0,publica,matriculas_ano_anterior_proxy,True,-38.12703125541705,False
2024,0817618,MATERNAL I,conditional_logit_distance,oos_2024,oos,all,28.758067736312487,2023.0,CM JANETE CLAIR,0.0,publica,matriculas_ano_anterior_proxy,True,28.758067736312487,True
2024,0817618,MATERNAL II,conditional_logit_distance,oos_2024,oos,all,20.81457268904577,2023.0,CM JANETE CLAIR,63.0,publica,matriculas_ano_anterior_proxy,True,-42.185427310954225,False
2024,0817619,BERCARIO,conditional_logit_distance,oos_2024,oos,all,267.6712276046871,2023.0,CM PROFESSORA REGINA MARIA DA MATTA MONTEZANO,48.0,publica,matriculas_ano_anterior_proxy,True,219.6712276046871,True
2024,0817619,MATERNAL I,conditional_logit_distance,oos_2024,oos,all,153.29974067629172,2023.0,CM PROFESSORA REGINA MARIA DA MATTA MONTEZANO,0.0,publica,matriculas_ano_anterior_proxy,True,153.29974067629172,True
2024,0817619,MATERNAL II,conditional_logit_distance,oos_2024,oos,all,100.13588266144524,2023.0,CM PROFESSORA REGINA MARIA DA MATTA MONTEZANO,50.0,publica,matriculas_ano_anterior_proxy,True,50.13588266144524,True
2024,0817801,BERCARIO,conditional_logit_distance,oos_2024,oos,all,33.44132969658719,2023.0,EDI PROFESSORA TÂNIA MARIA LARRUBIA GOMES,48.0,publica,matriculas_ano_anterior_proxy,True,-14.55867030341281,False
2024,0817801,MATERNAL I,conditional_logit_distance,oos_2024,oos,all,20.52144550171346,2023.0,EDI PROFESSORA TÂNIA MARIA LARRUBIA GOMES,0.0,publica,matriculas_ano_anterior_proxy,True,20.52144550171346,True
2024,0817801,MATERNAL II,conditional_logit_distance,oos_2024,oos,all,13.731356341774012,2023.0,EDI PROFESSORA TÂNIA MARIA LARRUBIA GOMES,73.0,publica,matriculas_ano_anterior_proxy,True,-59.26864365822599,False
2024,0817802,MATERNAL I,conditional_logit_distance,oos_2024,oos,all,16.23349959863716,2023.0,EDI PROFESSOR REINALDO JOSÉ DE ARAGÃO BARBOSA,47.0,publica,matriculas_ano_anterior_proxy,True,-30.76650040136284,False
2024,0817802,MATERNAL II,conditional_logit_distance,oos_2024,oos,all,21.23331127650807,2023.0,EDI PROFESSOR REINALDO JOSÉ DE ARAGÃO BARBOSA,0.0,publica,matriculas_ano_anterior_proxy,True,21.23331127650807,True
2024,0817803,BERCARIO,conditional_logit_distance,oos_2024,oos,all,68.34698949469025,2023.0,EDI JOSÉ EPHIM MINDLIN,50.0,publica,matriculas_ano_anterior_proxy,True,18.34698949469025,True
2024,0817803,MATERNAL I,conditional_logit_distance,oos_2024,oos,all,43.25772360448703,2023.0,EDI JOSÉ EPHIM MINDLIN,0.0,publica,matriculas_ano_anterior_proxy,True,43.25772360448703,True
2024,0817803,MATERNAL II,conditional_logit_distance,oos_2024,oos,all,29.377937397077623,2023.0,EDI JOSÉ EPHIM MINDLIN,50.0,publica,matriculas_ano_anterior_proxy,True,-20.622062602922377,False
2024,0817804,BERCARIO,conditional_logit_distance,oos_2024,oos,all,64.3860060178255,2023.0,EDI PROFESSORA EDITH MARQUES DE SOUZA,21.0,publica,matriculas_ano_anterior_proxy,True,43.386006017825494,True
2024,0817804,MATERNAL I,conditional_logit_distance,oos_2024,oos,all,35.45184633727168,2023.0,EDI PROFESSORA EDITH MARQUES DE SOUZA,24.0,publica,matriculas_ano_anterior_proxy,True,11.451846337271682,True
2024,0817804,MATERNAL II,conditional_logit_distance,oos_2024,oos,all,23.944709689131933,2023.0,EDI PROFESSORA EDITH MARQUES DE SOUZA,0.0,publica,matriculas_ano_anterior_proxy,True,23.944709689131933,True
2024,0817805,MATERNAL I,conditional_logit_distance,oos_2024,oos,all,19.793712697372428,2023.0,EDI RAFAEL PEREIRA DA SILVA,37.0,publica,matriculas_ano_anterior_proxy,True,-17.206287302627572,False
2024,0817805,MATERNAL II,conditional_logit_distance,oos_2024,oos,all,13.095960678555118,2023.0,EDI RAFAEL PEREIRA DA SILVA,0.0,publica,matriculas_ano_anterior_proxy,True,13.095960678555118,True
2024,0817806,BERCARIO,conditional_logit_distance,oos_2024,oos,all,24.253774689451927,2023.0,EDI PROFESSORA MARIA YEDDA LEITE LINHARES,49.0,publica,matriculas_ano_anterior_proxy,True,-24.746225310548073,False
2024,0817806,MATERNAL I,conditional_logit_distance,oos_2024,oos,all,14.066111485401375,2023.0,EDI PROFESSORA MARIA YEDDA LEITE LINHARES,24.0,publica,matriculas_ano_anterior_proxy,True,-9.933888514598625,False
2024,0817806,MATERNAL II,conditional_logit_distance,oos_2024,oos,all,18.36909705414452,2023.0,EDI PROFESSORA MARIA YEDDA LEITE LINHARES,23.0,publica,matriculas_ano_anterior_proxy,True,-4.630902945855478,False
2024,0817807,BERCARIO,conditional_logit_distance,oos_2024,oos,all,158.96787684336434,2023.0,EDI MARIA DO CARMO SOUZA PIRAN,25.0,publica,matriculas_ano_anterior_proxy,True,133.96787684336434,True
2024,0817807,MATERNAL I,conditional_logit_distance,oos_2024,oos,all,182.06322422535624,2023.0,EDI MARIA DO CARMO SOUZA PIRAN,0.0,publica,matriculas_ano_anterior_proxy,True,182.06322422535624,True
2024,0817807,MATERNAL II,conditional_logit_distance,oos_2024,oos,all,59.51596816987161,2023.0,EDI MARIA DO CARMO SOUZA PIRAN,49.0,publica,matriculas_ano_anterior_proxy,True,10.515968169871613,True
2024,0817808,BERCARIO,conditional_logit_distance,oos_2024,oos,all,109.6985356278302,2023.0,EDI PROFESSOR ANTONIO FLAVIO PIERUCCI,49.0,publica,matriculas_ano_anterior_proxy,True,60.698535627830196,True
2024,0817808,MATERNAL I,conditional_logit_distance,oos_2024,oos,all,80.18736771874129,2023.0,EDI PROFESSOR ANTONIO FLAVIO PIERUCCI,0.0,publica,matriculas_ano_anterior_proxy,True,80.18736771874129,True
2024,0817808,MATERNAL II,conditional_logit_distance,oos_2024,oos,all,56.39687479401585,2023.0,EDI PROFESSOR ANTONIO FLAVIO PIERUCCI,49.0,publica,matriculas_ano_anterior_proxy,True,7.396874794015851,True
2024,0817809,MATERNAL II,conditional_logit_distance,oos_2024,oos,all,35.972668149973124,2023.0,EDI REPÚBLICA ÁRABE UNIDA,0.0,publica,matriculas_ano_anterior_proxy,True,35.972668149973124,True
2024,0817810,MATERNAL I,conditional_logit_distance,oos_2024,oos,all,91.38596077357612,2023.0,EDI VILA DO VINTÉM,50.0,publica,matriculas_ano_anterior_proxy,True,41.385960773576116,True
2024,0817810,MATERNAL II,conditional_logit_distance,oos_2024,oos,all,32.320104106482745,2023.0,EDI VILA DO VINTÉM,0.0,publica,matriculas_ano_anterior_proxy,True,32.320104106482745,True
2024,0817814,BERCARIO,conditional_logit_distance,oos_2024,oos,all,25.18105279813976,2023.0,EDI PROFESSORA GIOVANA BANSI,25.0,publica,matriculas_ano_anterior_proxy,True,0.18105279813975983,True
2024,0817814,MATERNAL I,conditional_logit_distance,oos_2024,oos,all,16.49120197340876,2023.0,EDI PROFESSORA GIOVANA BANSI,0.0,publica,matriculas_ano_anterior_proxy,True,16.49120197340876,True
2024,0817814,MATERNAL II,conditional_logit_distance,oos_2024,oos,all,11.38696069888263,2023.0,EDI PROFESSORA GIOVANA BANSI,46.0,publica,matriculas_ano_anterior_proxy,True,-34.61303930111737,False
2024,0817815,BERCARIO,conditional_logit_distance,oos_2024,oos,all,136.9161706951967,2023.0,EDI SENHOR JOÃO GOMES,25.0,publica,matriculas_ano_anterior_proxy,True,111.91617069519671,True
2024,0817815,MATERNAL I,conditional_logit_distance,oos_2024,oos,all,80.45530118907931,2023.0,EDI SENHOR JOÃO GOMES,0.0,publica,matriculas_ano_anterior_proxy,True,80.45530118907931,True
2024,0817815,MATERNAL II,conditional_logit_distance,oos_2024,oos,all,53.08471594623695,2023.0,EDI SENHOR JOÃO GOMES,25.0,publica,matriculas_ano_anterior_proxy,True,28.084715946236948,True
2024,0833505,MATERNAL II,conditional_logit_distance,oos_2024,oos,all,17.658914813704673,2023.0,CIEP ARACY DE ALMEIDA (CANTORA),0.0,publica,matriculas_ano_anterior_proxy,True,17.658914813704673,True
2024,0833601,BERCARIO,conditional_logit_distance,oos_2024,oos,all,132.4396769862864,2023.0,CM CASA DE REALENGO,24.0,publica,matriculas_ano_anterior_proxy,True,108.4396769862864,True
2024,0833601,MATERNAL I,conditional_logit_distance,oos_2024,oos,all,82.57030040179878,2023.0,CM CASA DE REALENGO,0.0,publica,matriculas_ano_anterior_proxy,True,82.57030040179878,True
2024,0833601,MATERNAL II,conditional_logit_distance,oos_2024,oos,all,53.02042143848743,2023.0,CM CASA DE REALENGO,43.0,publica,matriculas_ano_anterior_proxy,True,10.020421438487432,True
2024,0833602,BERCARIO,conditional_logit_distance,oos_2024,oos,all,51.37166008855466,2023.0,CM JULINHO CACAU,23.0,publica,matriculas_ano_anterior_proxy,True,28.371660088554663,True
2024,0833602,MATERNAL I,conditional_logit_distance,oos_2024,oos,all,60.188656344021176,2023.0,CM JULINHO CACAU,49.0,publica,matriculas_ano_anterior_proxy,True,11.188656344021176,True
2024,0833602,MATERNAL II,conditional_logit_distance,oos_2024,oos,all,38.3798089511581,2023.0,CM JULINHO CACAU,0.0,publica,matriculas_ano_anterior_proxy,True,38.3798089511581,True
2024,0833603,BERCARIO,conditional_logit_distance,oos_2024,oos,all,63.9296880029625,2023.0,CM SILVEIRINHA,75.0,publica,matriculas_ano_anterior_proxy,True,-11.0703119970375,False
2024,0833603,MATERNAL I,conditional_logit_distance,oos_2024,oos,all,35.897731974519814,2023.0,CM SILVEIRINHA,75.0,publica,matriculas_ano_anterior_proxy,True,-39.102268025480186,False
2024,0833603,MATERNAL II,conditional_logit_distance,oos_2024,oos,all,20.21391402376421,2023.0,CM SILVEIRINHA,0.0,publica,matriculas_ano_anterior_proxy,True,20.21391402376421,True
2024,0833801,BERCARIO,conditional_logit_distance,oos_2024,oos,all,37.38613193431765,2023.0,EDI GESSICA GUEDES PEREIRA,25.0,publica,matriculas_ano_anterior_proxy,True,12.386131934317653,True
2024,0833801,MATERNAL I,conditional_logit_distance,oos_2024,oos,all,22.32457240797777,2023.0,EDI GESSICA GUEDES PEREIRA,42.0,publica,matriculas_ano_anterior_proxy,True,-19.67542759202223,False
2024,0833801,MATERNAL II,conditional_logit_distance,oos_2024,oos,all,13.96565475134066,2023.0,EDI GESSICA GUEDES PEREIRA,0.0,publica,matriculas_ano_anterior_proxy,True,13.96565475134066,True
2024,0833802,BERCARIO,conditional_logit_distance,oos_2024,oos,all,44.967667003105554,2023.0,EDI PROFESSORA ZENA ELIAN,43.0,publica,matriculas_ano_anterior_proxy,True,1.9676670031055536,True
2024,0833802,MATERNAL I,conditional_logit_distance,oos_2024,oos,all,24.364065657338305,2023.0,EDI PROFESSORA ZENA ELIAN,0.0,publica,matriculas_ano_anterior_proxy,True,24.364065657338305,True
2024,0833802,MATERNAL II,conditional_logit_distance,oos_2024,oos,all,16.515416069568303,2023.0,EDI PROFESSORA ZENA ELIAN,45.0,publica,matriculas_ano_anterior_proxy,True,-28.484583930431697,False
2024,0833803,MATERNAL I,conditional_logit_distance,oos_2024,oos,all,33.56451746173168,2023.0,EDI FREI ORLANDO,23.0,publica,matriculas_ano_anterior_proxy,True,10.564517461731683,True
2024,0833803,MATERNAL II,conditional_logit_distance,oos_2024,oos,all,18.40023854250225,2023.0,EDI FREI ORLANDO,0.0,publica,matriculas_ano_anterior_proxy,True,18.40023854250225,True
2024,0833805,MATERNAL I,conditional_logit_distance,oos_2024,oos,all,46.30080857433947,2023.0,EDI DEODORO,24.0,publica,matriculas_ano_anterior_proxy,True,22.30080857433947,True
2024,0833805,MATERNAL II,conditional_logit_distance,oos_2024,oos,all,25.63145628267653,2023.0,EDI DEODORO,0.0,publica,matriculas_ano_anterior_proxy,True,25.63145628267653,True
2024,0833806,BERCARIO,conditional_logit_distance,oos_2024,oos,all,24.19184414254477,2023.0,EDI PROFESSOR CRISTIANO PINTO DE MORAES BISPO,51.0,publica,matriculas_ano_anterior_proxy,True,-26.80815585745523,False
2024,0833806,MATERNAL I,conditional_logit_distance,oos_2024,oos,all,14.4182250750301,2023.0,EDI PROFESSOR CRISTIANO PINTO DE MORAES BISPO,0.0,publica,matriculas_ano_anterior_proxy,True,14.4182250750301,True
2024,0833806,MATERNAL II,conditional_logit_distance,oos_2024,oos,all,9.3739456876863,2023.0,EDI PROFESSOR CRISTIANO PINTO DE MORAES BISPO,97.0,publica,matriculas_ano_anterior_proxy,True,-87.6260543123137,False
2024,0833807,BERCARIO,conditional_logit_distance,oos_2024,oos,all,35.30236775521758,2023.0,EDI LUIZA PAULA DA SILVEIRA MACHADO,25.0,publica,matriculas_ano_anterior_proxy,True,10.302367755217581,True
2024,0833807,MATERNAL I,conditional_logit_distance,oos_2024,oos,all,21.33938211645495,2023.0,EDI LUIZA PAULA DA SILVEIRA MACHADO,74.0,publica,matriculas_ano_anterior_proxy,True,-52.66061788354505,False
2024,0833807,MATERNAL II,conditional_logit_distance,oos_2024,oos,all,13.546313826175943,2023.0,EDI LUIZA PAULA DA SILVEIRA MACHADO,0.0,publica,matriculas_ano_anterior_proxy,True,13.546313826175943,True
2024,0833808,BERCARIO,conditional_logit_distance,oos_2024,oos,all,38.04148771038495,2023.0,EDI PROFESSORA VANUZIA BASTOS DA SILVA,25.0,publica,matriculas_ano_anterior_proxy,True,13.04148771038495,True
2024,0833808,MATERNAL I,conditional_logit_distance,oos_2024,oos,all,20.906300774481497,2023.0,EDI PROFESSORA VANUZIA BASTOS DA SILVA,23.0,publica,matriculas_ano_anterior_proxy,True,-2.0936992255185025,False
2024,0833808,MATERNAL II,conditional_logit_distance,oos_2024,oos,all,28.00017594927851,2023.0,EDI PROFESSORA VANUZIA BASTOS DA SILVA,0.0,publica,matriculas_ano_anterior_proxy,True,28.00017594927851,True
2024,0833809,BERCARIO,conditional_logit_distance,oos_2024,oos,all,32.643794428123456,2023.0,EDI PROFESSORA MARIA CECILIA FERREIRA,50.0,publica,matriculas_ano_anterior_proxy,True,-17.356205571876544,False
2024,0833809,MATERNAL I,conditional_logit_distance,oos_2024,oos,all,18.1481117528247,2023.0,EDI PROFESSORA MARIA CECILIA FERREIRA,48.0,publica,matriculas_ano_anterior_proxy,True,-29.8518882471753,False
2024,0833809,MATERNAL II,conditional_logit_distance,oos_2024,oos,all,11.993138809058916,2023.0,EDI PROFESSORA MARIA CECILIA FERREIRA,0.0,publica,matriculas_ano_anterior_proxy,True,11.993138809058916,True
2024,0833810,BERCARIO,conditional_logit_distance,oos_2024,oos,all,27.74632777308016,2023.0,EDI MEDALHISTA OLÍMPICO SERGIO DUTRA DOS SANTOS,48.0,publica,matriculas_ano_anterior_proxy,True,-20.25367222691984,False
2024,0833810,MATERNAL I,conditional_logit_distance,oos_2024,oos,all,15.725738046342771,2023.0,EDI MEDALHISTA OLÍMPICO SERGIO DUTRA DOS SANTOS,21.0,publica,matriculas_ano_anterior_proxy,True,-5.274261953657229,False
2024,0833810,MATERNAL II,conditional_logit_distance,oos_2024,oos,all,9.953464761008329,2023.0,EDI MEDALHISTA OLÍMPICO SERGIO DUTRA DOS SANTOS,0.0,publica,matriculas_ano_anterior_proxy,True,9.953464761008329,True
2024,0833811,BERCARIO,conditional_logit_distance,oos_2024,oos,all,58.34642289977506,2023.0,EDI MEDALHISTA OLÍMPICA RAFAELA LOPES SILVA,41.0,publica,matriculas_ano_anterior_proxy,True,17.346422899775057,True
2024,0833811,MATERNAL I,conditional_logit_distance,oos_2024,oos,all,28.895152945024837,2023.0,EDI MEDALHISTA OLÍMPICA RAFAELA LOPES SILVA,49.0,publica,matriculas_ano_anterior_proxy,True,-20.104847054975163,False
2024,0833811,MATERNAL II,conditional_logit_distance,oos_2024,oos,all,18.818541652420755,2023.0,EDI MEDALHISTA OLÍMPICA RAFAELA LOPES SILVA,0.0,publica,matriculas_ano_anterior_proxy,True,18.818541652420755,True
2024,09001,MATERNAL I,conditional_logit_distance,oos_2024,oos,all,17.443647594136607,2023.0,CP CRECHE COMUNITÁRIA SANTA RITA,15.0,parceira,matriculas_ano_anterior_proxy,True,2.443647594136607,True
2024,09001,MATERNAL II,conditional_logit_distance,oos_2024,oos,all,11.649692101952246,2023.0,CP CRECHE COMUNITÁRIA SANTA RITA,20.0,parceira,matriculas_ano_anterior_proxy,True,-8.350307898047754,False
2024,09002,MATERNAL I,conditional_logit_distance,oos_2024,oos,all,27.244843271945,2023.0,CP CRECHE SAGRADA FAMÍLIA,15.0,parceira,matriculas_ano_anterior_proxy,True,12.244843271945001,True
2024,09002,MATERNAL II,conditional_logit_distance,oos_2024,oos,all,18.358785220908,2023.0,CP CRECHE SAGRADA FAMÍLIA,19.0,parceira,matriculas_ano_anterior_proxy,True,-0.6412147790919995,False
2024,09003,MATERNAL I,conditional_logit_distance,oos_2024,oos,all,9.373749703036529,2023.0,CP CRECHE SÃO JORGE,15.0,parceira,matriculas_ano_anterior_proxy,True,-5.626250296963471,False
2024,09003,MATERNAL II,conditional_logit_distance,oos_2024,oos,all,6.138766546574609,2023.0,CP CRECHE SÃO JORGE,20.0,parceira,matriculas_ano_anterior_proxy,True,-13.861233453425392,False
2024,09004,BERCARIO,conditional_logit_distance,oos_2024,oos,all,32.748172789827976,2023.0,CP CRECHE E PRÉ-ESCOLA CANTINHO DO SABER,36.0,parceira,matriculas_ano_anterior_proxy,True,-3.2518272101720243,False
2024,09004,MATERNAL I,conditional_logit_distance,oos_2024,oos,all,18.445709264752185,2023.0,CP CRECHE E PRÉ-ESCOLA CANTINHO DO SABER,60.0,parceira,matriculas_ano_anterior_proxy,True,-41.55429073524782,False
2024,09004,MATERNAL II,conditional_logit_distance,oos_2024,oos,all,9.659281474869836,2023.0,CP CRECHE E PRÉ-ESCOLA CANTINHO DO SABER,70.0,parceira,matriculas_ano_anterior_proxy,True,-60.340718525130164,False
2024,09007,BERCARIO,conditional_logit_distance,oos_2024,oos,all,64.55623406747279,2023.0,CP INSTITUTO AVELINO - CAMPO GRANDE,36.0,parceira,matriculas_ano_anterior_proxy,True,28.556234067472786,True
2024,09007,MATERNAL I,conditional_logit_distance,oos_2024,oos,all,34.34515812382854,2023.0,CP INSTITUTO AVELINO - CAMPO GRANDE,24.0,parceira,matriculas_ano_anterior_proxy,True,10.34515812382854,True
2024,09007,MATERNAL II,conditional_logit_distance,oos_2024,oos,all,21.07469526184894,2023.0,CP INSTITUTO AVELINO - CAMPO GRANDE,25.0,parceira,matriculas_ano_anterior_proxy,True,-3.925304738151059,False
2024,09008,BERCARIO,conditional_logit_distance,oos_2024,oos,all,55.36493612176085,2023.0,CP CRECHE COMUNITÁRIA ANA & LU,25.0,parceira,matriculas_ano_anterior_proxy,True,30.36493612176085,True
2024,09008,MATERNAL I,conditional_logit_distance,oos_2024,oos,all,29.365393668116084,2023.0,CP CRECHE COMUNITÁRIA ANA & LU,23.0,parceira,matriculas_ano_anterior_proxy,True,6.365393668116084,True
2024,09008,MATERNAL II,conditional_logit_distance,oos_2024,oos,all,18.59677344355322,2023.0,CP CRECHE COMUNITÁRIA ANA & LU,20.0,parceira,matriculas_ano_anterior_proxy,True,-1.4032265564467785,False
2024,09009,BERCARIO,conditional_logit_distance,oos_2024,oos,all,20.24746320375076,2023.0,CP CRECHE COMUNITÁRIA CRIANÇAS DE OURO,34.0,parceira,matriculas_ano_anterior_proxy,True,-13.752536796249242,False
2024,09009,MATERNAL I,conditional_logit_distance,oos_2024,oos,all,11.325001514968438,2023.0,CP CRECHE COMUNITÁRIA CRIANÇAS DE OURO,24.0,parceira,matriculas_ano_anterior_proxy,True,-12.674998485031562,False
2024,09009,MATERNAL II,conditional_logit_distance,oos_2024,oos,all,7.151642328133844,2023.0,CP CRECHE COMUNITÁRIA CRIANÇAS DE OURO,42.0,parceira,matriculas_ano_anterior_proxy,True,-34.848357671866154,False
2024,09010,MATERNAL I,conditional_logit_distance,oos_2024,oos,all,13.488002965600378,2023.0,CP CRECHE JARDIM ESCOLA RIO DA PRATA,46.0,parceira,matriculas_ano_anterior_proxy,True,-32.51199703439962,False
2024,09010,MATERNAL II,conditional_logit_distance,oos_2024,oos,all,8.882436642859014,2023.0,CP CRECHE JARDIM ESCOLA RIO DA PRATA,76.0,parceira,matriculas_ano_anterior_proxy,True,-67.11756335714098,False
2024,09011,BERCARIO,conditional_logit_distance,oos_2024,oos,all,40.24357836091036,2023.0,CP CRECHE NOVA JERUSALÉM EM CAMPO GRANDE,48.0,parceira,matriculas_ano_anterior_proxy,True,-7.756421639089638,False
2024,09011,MATERNAL I,conditional_logit_distance,oos_2024,oos,all,22.71616277097486,2023.0,CP CRECHE NOVA JERUSALÉM EM CAMPO GRANDE,50.0,parceira,matriculas_ano_anterior_proxy,True,-27.28383722902514,False
2024,09011,MATERNAL II,conditional_logit_distance,oos_2024,oos,all,11.884056659198604,2023.0,CP CRECHE NOVA JERUSALÉM EM CAMPO GRANDE,47.0,parceira,matriculas_ano_anterior_proxy,True,-35.115943340801394,False
2024,09012,BERCARIO,conditional_logit_distance,oos_2024,oos,all,15.692915030480634,2023.0,CP CRECHE COMUNITÁRIA TIA NEIDE - CAMPO GRANDE,24.0,parceira,matriculas_ano_anterior_proxy,True,-8.307084969519366,False
2024,09012,MATERNAL I,conditional_logit_distance,oos_2024,oos,all,8.690923392475081,2023.0,CP CRECHE COMUNITÁRIA TIA NEIDE - CAMPO GRANDE,71.0,parceira,matriculas_ano_anterior_proxy,True,-62.309076607524915,False
2024,09012,MATERNAL II,conditional_logit_distance,oos_2024,oos,all,4.682895686796879,2023.0,CP CRECHE COMUNITÁRIA TIA NEIDE - CAMPO GRANDE,55.0,parceira,matriculas_ano_anterior_proxy,True,-50.31710431320312,False
2024,09013,BERCARIO,conditional_logit_distance,oos_2024,oos,all,47.46073125528922,2023.0,CP CRECHE COMUNITÁRIA SOL DO SABER,17.0,parceira,matriculas_ano_anterior_proxy,True,30.460731255289218,True
2024,09013,MATERNAL I,conditional_logit_distance,oos_2024,oos,all,31.857457773007077,2023.0,CP CRECHE COMUNITÁRIA SOL DO SABER,18.0,parceira,matriculas_ano_anterior_proxy,True,13.857457773007077,True
2024,09013,MATERNAL II,conditional_logit_distance,oos_2024,oos,all,25.702290557551056,2023.0,CP CRECHE COMUNITÁRIA SOL DO SABER,34.0,parceira,matriculas_ano_anterior_proxy,True,-8.297709442448944,False
2024,09014,BERCARIO,conditional_logit_distance,oos_2024,oos,all,64.04724142093134,2023.0,CP INSTITUTO DE ENSINO AVANÇADO,17.0,parceira,matriculas_ano_anterior_proxy,True,47.04724142093134,True
2024,09014,MATERNAL I,conditional_logit_distance,oos_2024,oos,all,36.07393294239325,2023.0,CP INSTITUTO DE ENSINO AVANÇADO,38.0,parceira,matriculas_ano_anterior_proxy,True,-1.9260670576067511,False
2024,09014,MATERNAL II,conditional_logit_distance,oos_2024,oos,all,17.533745127506478,2023.0,CP INSTITUTO DE ENSINO AVANÇADO,58.0,parceira,matriculas_ano_anterior_proxy,True,-40.46625487249352,False
2024,09017,BERCARIO,conditional_logit_distance,oos_2024,oos,all,31.82756056121982,2023.0,CP ESPAÇO CRESCER,0.0,parceira,matriculas_ano_anterior_proxy,True,31.82756056121982,True
2024,09017,MATERNAL I,conditional_logit_distance,oos_2024,oos,all,18.42686128565294,2023.0,CP ESPAÇO CRESCER,29.0,parceira,matriculas_ano_anterior_proxy,True,-10.57313871434706,False
2024,09017,MATERNAL II,conditional_logit_distance,oos_2024,oos,all,12.118269763934288,2023.0,CP ESPAÇO CRESCER,111.0,parceira,matriculas_ano_anterior_proxy,True,-98.8817302360657,False
2024,09018,BERCARIO,conditional_logit_distance,oos_2024,oos,all,26.77637554362548,2023.0,CP ESPAÇO DE DESENVOLVIMENTO CARIOQUINHA,24.0,parceira,matriculas_ano_anterior_proxy,True,2.7763755436254804,True
2024,09018,MATERNAL I,conditional_logit_distance,oos_2024,oos,all,15.209214120522288,2023.0,CP ESPAÇO DE DESENVOLVIMENTO CARIOQUINHA,59.0,parceira,matriculas_ano_anterior_proxy,True,-43.79078587947771,False
2024,09018,MATERNAL II,conditional_logit_distance,oos_2024,oos,all,8.129267869746103,2023.0,CP ESPAÇO DE DESENVOLVIMENTO CARIOQUINHA,42.0,parceira,matriculas_ano_anterior_proxy,True,-33.8707321302539,False
2024,09019,BERCARIO,conditional_logit_distance,oos_2024,oos,all,28.868162488269768,2023.0,CP ASSOCIAÇÃO DE MORADORES UNIÃO DAS BASES DE URUCÂNIA E ADJACÊNCIAS - COSMOS,24.0,parceira,matriculas_ano_anterior_proxy,True,4.868162488269768,True
2024,09019,MATERNAL I,conditional_logit_distance,oos_2024,oos,all,16.202632964512095,2023.0,CP ASSOCIAÇÃO DE MORADORES UNIÃO DAS BASES DE URUCÂNIA E ADJACÊNCIAS - COSMOS,57.0,parceira,matriculas_ano_anterior_proxy,True,-40.79736703548791,False
2024,09019,MATERNAL II,conditional_logit_distance,oos_2024,oos,all,8.55091302602201,2023.0,CP ASSOCIAÇÃO DE MORADORES UNIÃO DAS BASES DE URUCÂNIA E ADJACÊNCIAS - COSMOS,14.0,parceira,matriculas_ano_anterior_proxy,True,-5.449086973977989,False
2024,09020,BERCARIO,conditional_logit_distance,oos_2024,oos,all,59.67508045468345,2023.0,CP ASSOCIAÇÃO DE MORADORES UNIÃO DAS BASES DE URUCÂNIA E ADJACÊNCIAS - CAMPO GRANDE,24.0,parceira,matriculas_ano_anterior_proxy,True,35.67508045468345,True
2024,09020,MATERNAL I,conditional_logit_distance,oos_2024,oos,all,32.00779642274756,2023.0,CP ASSOCIAÇÃO DE MORADORES UNIÃO DAS BASES DE URUCÂNIA E ADJACÊNCIAS - CAMPO GRANDE,55.0,parceira,matriculas_ano_anterior_proxy,True,-22.99220357725244,False
2024,09020,MATERNAL II,conditional_logit_distance,oos_2024,oos,all,19.28073223193121,2023.0,CP ASSOCIAÇÃO DE MORADORES UNIÃO DAS BASES DE URUCÂNIA E ADJACÊNCIAS - CAMPO GRANDE,22.0,parceira,matriculas_ano_anterior_proxy,True,-2.7192677680687893,False
2024,09021,BERCARIO,conditional_logit_distance,oos_2024,oos,all,120.28512515732773,2023.0,CP INSTITUTO CRESCER & APRENDER,66.0,parceira,matriculas_ano_anterior_proxy,True,54.28512515732773,True
2024,09021,MATERNAL I,conditional_logit_distance,oos_2024,oos,all,69.52532760615406,2023.0,CP INSTITUTO CRESCER & APRENDER,108.0,parceira,matriculas_ano_anterior_proxy,True,-38.474672393845935,False
2024,09021,MATERNAL II,conditional_logit_distance,oos_2024,oos,all,33.518889615257166,2023.0,CP INSTITUTO CRESCER & APRENDER,65.0,parceira,matriculas_ano_anterior_proxy,True,-31.481110384742834,False
2024,09022,BERCARIO,conditional_logit_distance,oos_2024,oos,all,47.145919062113975,2023.0,CP ESPAÇO CRIATIVO CASTELINHO RINALDI,22.0,parceira,matriculas_ano_anterior_proxy,True,25.145919062113975,True
2024,09022,MATERNAL I,conditional_logit_distance,oos_2024,oos,all,26.895399105465277,2023.0,CP ESPAÇO CRIATIVO CASTELINHO RINALDI,50.0,parceira,matriculas_ano_anterior_proxy,True,-23.104600894534723,False
2024,09022,MATERNAL II,conditional_logit_distance,oos_2024,oos,all,13.668226550916724,2023.0,CP ESPAÇO CRIATIVO CASTELINHO RINALDI,36.0,parceira,matriculas_ano_anterior_proxy,True,-22.331773449083276,False
2024,09023,BERCARIO,conditional_logit_distance,oos_2024,oos,all,57.16621088052919,2023.0,CP ESPAÇO CRIATIVO SALOMÃO,19.0,parceira,matriculas_ano_anterior_proxy,True,38.16621088052919,True
2024,09023,MATERNAL I,conditional_logit_distance,oos_2024,oos,all,32.69705150101605,2023.0,CP ESPAÇO CRIATIVO SALOMÃO,31.0,parceira,matriculas_ano_anterior_proxy,True,1.6970515010160483,True
2024,09023,MATERNAL II,conditional_logit_distance,oos_2024,oos,all,16.177185517316715,2023.0,CP ESPAÇO CRIATIVO SALOMÃO,18.0,parceira,matriculas_ano_anterior_proxy,True,-1.8228144826832846,False
2024,09024,BERCARIO,conditional_logit_distance,oos_2024,oos,all,53.97506243777461,2023.0,CP CRECHE COMUNITÁRIA DOCE INFÂNCIA,24.0,parceira,matriculas_ano_anterior_proxy,True,29.97506243777461,True
2024,09024,MATERNAL I,conditional_logit_distance,oos_2024,oos,all,30.88701455081919,2023.0,CP CRECHE COMUNITÁRIA DOCE INFÂNCIA,38.0,parceira,matriculas_ano_anterior_proxy,True,-7.112985449180812,False
2024,09024,MATERNAL II,conditional_logit_distance,oos_2024,oos,all,15.429703129770656,2023.0,CP CRECHE COMUNITÁRIA DOCE INFÂNCIA,24.0,parceira,matriculas_ano_anterior_proxy,True,-8.570296870229344,False
2024,09025,BERCARIO,conditional_logit_distance,oos_2024,oos,all,64.93620271146774,,,,,,False,,
2024,09025,MATERNAL I,conditional_logit_distance,oos_2024,oos,all,34.107428991480965,,,,,,False,,
2024,09025,MATERNAL II,conditional_logit_distance,oos_2024,oos,all,21.964041724492212,,,,,,False,,
2024,09026,BERCARIO,conditional_logit_distance,oos_2024,oos,all,77.44153642177685,,,,,,False,,
2024,09026,MATERNAL I,conditional_logit_distance,oos_2024,oos,all,45.04891214159388,,,,,,False,,
2024,09026,MATERNAL II,conditional_logit_distance,oos_2024,oos,all,21.911126884672584,,,,,,False,,
2024,09027,BERCARIO,conditional_logit_distance,oos_2024,oos,all,111.20854783770662,,,,,,False,,
2024,09027,MATERNAL I,conditional_logit_distance,oos_2024,oos,all,65.31158637362329,,,,,,False,,
2024,09027,MATERNAL II,conditional_logit_distance,oos_2024,oos,all,31.50742035722216,,,,,,False,,
2024,09028,BERCARIO,conditional_logit_distance,oos_2024,oos,all,57.04936030099631,,,,,,False,,
2024,09028,MATERNAL I,conditional_logit_distance,oos_2024,oos,all,30.027570576649754,,,,,,False,,
2024,09028,MATERNAL II,conditional_logit_distance,oos_2024,oos,all,19.240543686214732,,,,,,False,,
2024,09029,BERCARIO,conditional_logit_distance,oos_2024,oos,all,11.475937797464656,,,,,,False,,
2024,09029,MATERNAL I,conditional_logit_distance,oos_2024,oos,all,7.024872359166145,,,,,,False,,
2024,09029,MATERNAL II,conditional_logit_distance,oos_2024,oos,all,4.428333722318152,,,,,,False,,
2024,09030,BERCARIO,conditional_logit_distance,oos_2024,oos,all,21.50211188158395,,,,,,False,,
2024,09030,MATERNAL I,conditional_logit_distance,oos_2024,oos,all,11.906523717663193,,,,,,False,,
2024,09030,MATERNAL II,conditional_logit_distance,oos_2024,oos,all,7.776214804928172,,,,,,False,,
2024,09031,BERCARIO,conditional_logit_distance,oos_2024,oos,all,78.60926128031629,,,,,,False,,
2024,09031,MATERNAL I,conditional_logit_distance,oos_2024,oos,all,41.36623616526669,,,,,,False,,
2024,09031,MATERNAL II,conditional_logit_distance,oos_2024,oos,all,25.80513278037984,,,,,,False,,
2024,09032,BERCARIO,conditional_logit_distance,oos_2024,oos,all,45.512008858355806,,,,,,False,,
2024,09032,MATERNAL I,conditional_logit_distance,oos_2024,oos,all,24.974734826416856,,,,,,False,,
2024,09032,MATERNAL II,conditional_logit_distance,oos_2024,oos,all,14.405569110264317,,,,,,False,,
2024,09033,BERCARIO,conditional_logit_distance,oos_2024,oos,all,76.72997891116063,,,,,,False,,
2024,09033,MATERNAL I,conditional_logit_distance,oos_2024,oos,all,40.33437246527955,,,,,,False,,
2024,09033,MATERNAL II,conditional_logit_distance,oos_2024,oos,all,25.23973704102948,,,,,,False,,
2024,09034,BERCARIO,conditional_logit_distance,oos_2024,oos,all,43.09212052873886,,,,,,False,,
2024,09034,MATERNAL I,conditional_logit_distance,oos_2024,oos,all,25.14454074351117,,,,,,False,,
2024,09034,MATERNAL II,conditional_logit_distance,oos_2024,oos,all,16.60474791367407,,,,,,False,,
2024,09035,BERCARIO,conditional_logit_distance,oos_2024,oos,all,135.65988206898098,,,,,,False,,
2024,09035,MATERNAL I,conditional_logit_distance,oos_2024,oos,all,70.27471108752063,,,,,,False,,
2024,09035,MATERNAL II,conditional_logit_distance,oos_2024,oos,all,45.02791912775661,,,,,,False,,
2024,09036,BERCARIO,conditional_logit_distance,oos_2024,oos,all,87.45052222479308,,,,,,False,,
2024,09036,MATERNAL I,conditional_logit_distance,oos_2024,oos,all,71.96609349910426,,,,,,False,,
2024,09036,MATERNAL II,conditional_logit_distance,oos_2024,oos,all,49.559747648101286,,,,,,False,,
2024,09037,MATERNAL I,conditional_logit_distance,oos_2024,oos,all,20.04757460285973,,,,,,False,,
2024,09037,MATERNAL II,conditional_logit_distance,oos_2024,oos,all,12.80673992868632,,,,,,False,,
2024,09038,BERCARIO,conditional_logit_distance,oos_2024,oos,all,211.9920577003517,,,,,,False,,
2024,09038,MATERNAL I,conditional_logit_distance,oos_2024,oos,all,126.2373763650164,,,,,,False,,
2024,09038,MATERNAL II,conditional_logit_distance,oos_2024,oos,all,60.07521453249007,,,,,,False,,
2024,09039,BERCARIO,conditional_logit_distance,oos_2024,oos,all,18.237579453114023,,,,,,False,,
2024,09039,MATERNAL I,conditional_logit_distance,oos_2024,oos,all,10.313146953952346,,,,,,False,,
2024,09039,MATERNAL II,conditional_logit_distance,oos_2024,oos,all,6.436630815486147,,,,,,False,,
2024,09040,BERCARIO,conditional_logit_distance,oos_2024,oos,all,85.59875639630376,,,,,,False,,
2024,09040,MATERNAL I,conditional_logit_distance,oos_2024,oos,all,49.26722445528158,,,,,,False,,
2024,09040,MATERNAL II,conditional_logit_distance,oos_2024,oos,all,23.71045904409325,,,,,,False,,
2024,09041,BERCARIO,conditional_logit_distance,oos_2024,oos,all,64.26735655113309,,,,,,False,,
2024,09041,MATERNAL I,conditional_logit_distance,oos_2024,oos,all,33.82497709556857,,,,,,False,,
2024,09041,MATERNAL II,conditional_logit_distance,oos_2024,oos,all,21.84766406012108,,,,,,False,,
2024,09042,BERCARIO,conditional_logit_distance,oos_2024,oos,all,264.2681449497736,,,,,,False,,
2024,09042,MATERNAL I,conditional_logit_distance,oos_2024,oos,all,135.63676867460472,,,,,,False,,
2024,09042,MATERNAL II,conditional_logit_distance,oos_2024,oos,all,87.78649242731498,,,,,,False,,
2024,09043,MATERNAL I,conditional_logit_distance,oos_2024,oos,all,29.09849944945621,,,,,,False,,
2024,09043,MATERNAL II,conditional_logit_distance,oos_2024,oos,all,20.33510919919899,,,,,,False,,
2024,09044,BERCARIO,conditional_logit_distance,oos_2024,oos,all,47.82596181838242,,,,,,False,,
2024,09044,MATERNAL I,conditional_logit_distance,oos_2024,oos,all,34.3643848655935,,,,,,False,,
2024,09044,MATERNAL II,conditional_logit_distance,oos_2024,oos,all,23.45657612076792,,,,,,False,,
2024,09045,BERCARIO,conditional_logit_distance,oos_2024,oos,all,63.0477121620515,,,,,,False,,
2024,09045,MATERNAL I,conditional_logit_distance,oos_2024,oos,all,34.36685391564746,,,,,,False,,
2024,09046,BERCARIO,conditional_logit_distance,oos_2024,oos,all,83.47503243216208,,,,,,False,,
2024,09046,MATERNAL I,conditional_logit_distance,oos_2024,oos,all,57.65697737168587,,,,,,False,,
2024,09046,MATERNAL II,conditional_logit_distance,oos_2024,oos,all,48.30543408764206,,,,,,False,,
2024,0918601,BERCARIO,conditional_logit_distance,oos_2024,oos,all,69.01958898931677,2023.0,CM ALEGRIA DE NOVA CIDADE,50.0,publica,matriculas_ano_anterior_proxy,True,19.019588989316773,True
2024,0918601,MATERNAL I,conditional_logit_distance,oos_2024,oos,all,38.96365886376284,2023.0,CM ALEGRIA DE NOVA CIDADE,49.0,publica,matriculas_ano_anterior_proxy,True,-10.036341136237162,False
2024,0918601,MATERNAL II,conditional_logit_distance,oos_2024,oos,all,20.279963903333705,2023.0,CM ALEGRIA DE NOVA CIDADE,0.0,publica,matriculas_ano_anterior_proxy,True,20.279963903333705,True
2024,0918602,MATERNAL I,conditional_logit_distance,oos_2024,oos,all,23.254878922098627,2023.0,CM VITÓRIA DA PAZ,0.0,publica,matriculas_ano_anterior_proxy,True,23.254878922098627,True
2024,0918602,MATERNAL II,conditional_logit_distance,oos_2024,oos,all,11.902117261484282,2023.0,CM VITÓRIA DA PAZ,45.0,publica,matriculas_ano_anterior_proxy,True,-33.09788273851572,False
2024,0918603,MATERNAL I,conditional_logit_distance,oos_2024,oos,all,29.934116004612275,2023.0,CM SEMPRE VIDA ELZA RABELO DE ANDRADE,0.0,publica,matriculas_ano_anterior_proxy,True,29.934116004612275,True
2024,0918603,MATERNAL II,conditional_logit_distance,oos_2024,oos,all,14.29725840847017,2023.0,CM SEMPRE VIDA ELZA RABELO DE ANDRADE,23.0,publica,matriculas_ano_anterior_proxy,True,-8.70274159152983,False
2024,0918604,MATERNAL I,conditional_logit_distance,oos_2024,oos,all,24.21815248272523,2023.0,CM VERA PACHECO JORDÃO,35.0,publica,matriculas_ano_anterior_proxy,True,-10.78184751727477,False
2024,0918604,MATERNAL II,conditional_logit_distance,oos_2024,oos,all,13.516786043517406,2023.0,CM VERA PACHECO JORDÃO,0.0,publica,matriculas_ano_anterior_proxy,True,13.516786043517406,True
2024,0918605,MATERNAL I,conditional_logit_distance,oos_2024,oos,all,26.882345393647444,2023.0,CM SEMPRE VIDA PROFESSORA EUGENIA MARIA VELOSO MARCHESE,48.0,publica,matriculas_ano_anterior_proxy,True,-21.117654606352556,False
2024,0918605,MATERNAL II,conditional_logit_distance,oos_2024,oos,all,14.522852551803066,2023.0,CM SEMPRE VIDA PROFESSORA EUGENIA MARIA VELOSO MARCHESE,0.0,publica,matriculas_ano_anterior_proxy,True,14.522852551803066,True
2024,0918606,MATERNAL I,conditional_logit_distance,oos_2024,oos,all,258.42728912114933,2023.0,CM CECÍLIA MEIRELES,25.0,publica,matriculas_ano_anterior_proxy,True,233.42728912114933,True
2024,0918606,MATERNAL II,conditional_logit_distance,oos_2024,oos,all,167.83157919108763,2023.0,CM CECÍLIA MEIRELES,25.0,publica,matriculas_ano_anterior_proxy,True,142.83157919108763,True
2024,0918607,BERCARIO,conditional_logit_distance,oos_2024,oos,all,14.940043009080698,2023.0,CM SONHO FELIZ,25.0,publica,matriculas_ano_anterior_proxy,True,-10.059956990919302,False
2024,0918607,MATERNAL I,conditional_logit_distance,oos_2024,oos,all,18.568519413785214,2023.0,CM SONHO FELIZ,25.0,publica,matriculas_ano_anterior_proxy,True,-6.431480586214786,False
2024,0918607,MATERNAL II,conditional_logit_distance,oos_2024,oos,all,13.394876202077006,2023.0,CM SONHO FELIZ,50.0,publica,matriculas_ano_anterior_proxy,True,-36.60512379792299,False
2024,0918608,MATERNAL I,conditional_logit_distance,oos_2024,oos,all,15.29989758808187,2023.0,CM JARDIM MONTE SANTO,0.0,publica,matriculas_ano_anterior_proxy,True,15.29989758808187,True
2024,0918608,MATERNAL II,conditional_logit_distance,oos_2024,oos,all,10.16198482628728,2023.0,CM JARDIM MONTE SANTO,47.0,publica,matriculas_ano_anterior_proxy,True,-36.83801517371272,False
2024,0918609,BERCARIO,conditional_logit_distance,oos_2024,oos,all,36.15009107573211,2023.0,CM ADÉLIA VIEIRA,0.0,publica,matriculas_ano_anterior_proxy,True,36.15009107573211,True
2024,0918609,MATERNAL I,conditional_logit_distance,oos_2024,oos,all,19.56083593934504,2023.0,CM ADÉLIA VIEIRA,32.0,publica,matriculas_ano_anterior_proxy,True,-12.43916406065496,False
2024,0918609,MATERNAL II,conditional_logit_distance,oos_2024,oos,all,11.629384482655484,2023.0,CM ADÉLIA VIEIRA,0.0,publica,matriculas_ano_anterior_proxy,True,11.629384482655484,True
2024,0918610,MATERNAL I,conditional_logit_distance,oos_2024,oos,all,32.40074927210475,2023.0,CM ESPERANÇA DO AMANHÃ,18.0,publica,matriculas_ano_anterior_proxy,True,14.400749272104747,True
2024,0918610,MATERNAL II,conditional_logit_distance,oos_2024,oos,all,15.744427410933126,2023.0,CM ESPERANÇA DO AMANHÃ,0.0,publica,matriculas_ano_anterior_proxy,True,15.744427410933126,True
2024,0918611,MATERNAL I,conditional_logit_distance,oos_2024,oos,all,11.821725469106662,2023.0,CM MÁRIO LOMBARDI,20.0,publica,matriculas_ano_anterior_proxy,True,-8.178274530893338,False
2024,0918611,MATERNAL II,conditional_logit_distance,oos_2024,oos,all,6.475915962987675,2023.0,CM MÁRIO LOMBARDI,0.0,publica,matriculas_ano_anterior_proxy,True,6.475915962987675,True
2024,0918613,BERCARIO,conditional_logit_distance,oos_2024,oos,all,56.16951078384728,2023.0,CM PROFESSORA FLORA SANTINA FERRARI BRAZ,18.0,publica,matriculas_ano_anterior_proxy,True,38.16951078384728,True
2024,0918613,MATERNAL I,conditional_logit_distance,oos_2024,oos,all,38.076711690345256,2023.0,CM PROFESSORA FLORA SANTINA FERRARI BRAZ,26.0,publica,matriculas_ano_anterior_proxy,True,12.076711690345256,True
2024,0918613,MATERNAL II,conditional_logit_distance,oos_2024,oos,all,31.02856411691952,2023.0,CM PROFESSORA FLORA SANTINA FERRARI BRAZ,0.0,publica,matriculas_ano_anterior_proxy,True,31.02856411691952,True
2024,0918614,BERCARIO,conditional_logit_distance,oos_2024,oos,all,22.72928319321593,2023.0,CM ZÉLIA CHAUKE CURI,49.0,publica,matriculas_ano_anterior_proxy,True,-26.27071680678407,False
2024,0918614,MATERNAL I,conditional_logit_distance,oos_2024,oos,all,13.723486253129632,2023.0,CM ZÉLIA CHAUKE CURI,0.0,publica,matriculas_ano_anterior_proxy,True,13.723486253129632,True
2024,0918614,MATERNAL II,conditional_logit_distance,oos_2024,oos,all,9.119408065642968,2023.0,CM ZÉLIA CHAUKE CURI,65.0,publica,matriculas_ano_anterior_proxy,True,-55.88059193435703,False
2024,0918615,MATERNAL I,conditional_logit_distance,oos_2024,oos,all,51.059649526157166,2023.0,CM MARCELO CARDOSO TOMÉ,45.0,publica,matriculas_ano_anterior_proxy,True,6.059649526157166,True
2024,0918615,MATERNAL II,conditional_logit_distance,oos_2024,oos,all,49.73875112963626,2023.0,CM MARCELO CARDOSO TOMÉ,0.0,publica,matriculas_ano_anterior_proxy,True,49.73875112963626,True
2024,0918616,BERCARIO,conditional_logit_distance,oos_2024,oos,all,27.739433227117622,2023.0,CM PADRE VALTER DA COSTA SANTOS,23.0,publica,matriculas_ano_anterior_proxy,True,4.7394332271176225,True
2024,0918616,MATERNAL I,conditional_logit_distance,oos_2024,oos,all,14.912833801452788,2023.0,CM PADRE VALTER DA COSTA SANTOS,49.0,publica,matriculas_ano_anterior_proxy,True,-34.08716619854721,False
2024,0918616,MATERNAL II,conditional_logit_distance,oos_2024,oos,all,18.540868699509662,2023.0,CM PADRE VALTER DA COSTA SANTOS,0.0,publica,matriculas_ano_anterior_proxy,True,18.540868699509662,True
2024,0918617,BERCARIO,conditional_logit_distance,oos_2024,oos,all,63.123627820128775,2023.0,CM CRIANDO O FUTURO,43.0,publica,matriculas_ano_anterior_proxy,True,20.123627820128775,True
2024,0918617,MATERNAL I,conditional_logit_distance,oos_2024,oos,all,35.77022241114932,2023.0,CM CRIANDO O FUTURO,0.0,publica,matriculas_ano_anterior_proxy,True,35.77022241114932,True
2024,0918617,MATERNAL II,conditional_logit_distance,oos_2024,oos,all,18.5368432497534,2023.0,CM CRIANDO O FUTURO,46.0,publica,matriculas_ano_anterior_proxy,True,-27.4631567502466,False
2024,0918618,MATERNAL I,conditional_logit_distance,oos_2024,oos,all,36.78774796891202,2023.0,CM ESPERANÇA DA VILA SÃO JORGE,0.0,publica,matriculas_ano_anterior_proxy,True,36.78774796891202,True
2024,0918618,MATERNAL II,conditional_logit_distance,oos_2024,oos,all,18.104899849419976,2023.0,CM ESPERANÇA DA VILA SÃO JORGE,40.0,publica,matriculas_ano_anterior_proxy,True,-21.895100150580024,False
2024,0918619,BERCARIO,conditional_logit_distance,oos_2024,oos,all,52.45088826752982,2023.0,CM RAUL CORTEZ,50.0,publica,matriculas_ano_anterior_proxy,True,2.4508882675298196,True
2024,0918619,MATERNAL I,conditional_logit_distance,oos_2024,oos,all,38.528866470595936,2023.0,CM RAUL CORTEZ,70.0,publica,matriculas_ano_anterior_proxy,True,-31.471133529404064,False
2024,0918619,MATERNAL II,conditional_logit_distance,oos_2024,oos,all,26.33917409408947,2023.0,CM RAUL CORTEZ,0.0,publica,matriculas_ano_anterior_proxy,True,26.33917409408947,True
2024,0918620,BERCARIO,conditional_logit_distance,oos_2024,oos,all,70.84955470655943,2023.0,CM EMILIO IBRAHIM LÁZARO JUBRAM DIB,69.0,publica,matriculas_ano_anterior_proxy,True,1.8495547065594309,True
2024,0918620,MATERNAL I,conditional_logit_distance,oos_2024,oos,all,38.44687312173649,2023.0,CM EMILIO IBRAHIM LÁZARO JUBRAM DIB,25.0,publica,matriculas_ano_anterior_proxy,True,13.446873121736488,True
2024,0918620,MATERNAL II,conditional_logit_distance,oos_2024,oos,all,24.62140303824475,2023.0,CM EMILIO IBRAHIM LÁZARO JUBRAM DIB,68.0,publica,matriculas_ano_anterior_proxy,True,-43.37859696175525,False
2024,0918621,BERCARIO,conditional_logit_distance,oos_2024,oos,all,35.49869065058258,2023.0,CM ELIZABETH TAVARES DE SOUZA - BETINHA,38.0,publica,matriculas_ano_anterior_proxy,True,-2.5013093494174186,False
2024,0918621,MATERNAL I,conditional_logit_distance,oos_2024,oos,all,23.07576366982091,2023.0,CM ELIZABETH TAVARES DE SOUZA - BETINHA,40.0,publica,matriculas_ano_anterior_proxy,True,-16.92423633017909,False
2024,0918621,MATERNAL II,conditional_logit_distance,oos_2024,oos,all,16.712809554765986,2023.0,CM ELIZABETH TAVARES DE SOUZA - BETINHA,0.0,publica,matriculas_ano_anterior_proxy,True,16.712809554765986,True
2024,0918801,BERCARIO,conditional_logit_distance,oos_2024,oos,all,53.64030809632429,2023.0,EDI BIANCA ROCHA TAVARES,24.0,publica,matriculas_ano_anterior_proxy,True,29.64030809632429,True
2024,0918801,MATERNAL I,conditional_logit_distance,oos_2024,oos,all,28.696862119766973,2023.0,EDI BIANCA ROCHA TAVARES,0.0,publica,matriculas_ano_anterior_proxy,True,28.696862119766973,True
2024,0918801,MATERNAL II,conditional_logit_distance,oos_2024,oos,all,13.90280076632679,2023.0,EDI BIANCA ROCHA TAVARES,43.0,publica,matriculas_ano_anterior_proxy,True,-29.09719923367321,False
2024,0918802,BERCARIO,conditional_logit_distance,oos_2024,oos,all,17.251912726916352,2023.0,EDI PINTANDO O SETE,49.0,publica,matriculas_ano_anterior_proxy,True,-31.748087273083648,False
2024,0918802,MATERNAL I,conditional_logit_distance,oos_2024,oos,all,9.56899700408552,2023.0,EDI PINTANDO O SETE,0.0,publica,matriculas_ano_anterior_proxy,True,9.56899700408552,True
2024,0918802,MATERNAL II,conditional_logit_distance,oos_2024,oos,all,5.142771673033127,2023.0,EDI PINTANDO O SETE,48.0,publica,matriculas_ano_anterior_proxy,True,-42.857228326966876,False
2024,0918803,BERCARIO,conditional_logit_distance,oos_2024,oos,all,48.22426626294211,2023.0,EDI LUDMILA MÁXIMO MOREIRA CARDOSO,25.0,publica,matriculas_ano_anterior_proxy,True,23.22426626294211,True
2024,0918803,MATERNAL I,conditional_logit_distance,oos_2024,oos,all,26.06193956310672,2023.0,EDI LUDMILA MÁXIMO MOREIRA CARDOSO,25.0,publica,matriculas_ano_anterior_proxy,True,1.0619395631067192,True
2024,0918803,MATERNAL II,conditional_logit_distance,oos_2024,oos,all,15.630582549807194,2023.0,EDI LUDMILA MÁXIMO MOREIRA CARDOSO,0.0,publica,matriculas_ano_anterior_proxy,True,15.630582549807194,True
2024,0918804,MATERNAL I,conditional_logit_distance,oos_2024,oos,all,17.578583489954834,2023.0,EDI RENAN DE SOUZA LEAL,24.0,publica,matriculas_ano_anterior_proxy,True,-6.421416510045166,False
2024,0918804,MATERNAL II,conditional_logit_distance,oos_2024,oos,all,9.500588767241087,2023.0,EDI RENAN DE SOUZA LEAL,0.0,publica,matriculas_ano_anterior_proxy,True,9.500588767241087,True
2024,0918805,BERCARIO,conditional_logit_distance,oos_2024,oos,all,55.02204991974976,2023.0,EDI CANTORA CESÁRIA ÉVORA,25.0,publica,matriculas_ano_anterior_proxy,True,30.02204991974976,True
2024,0918805,MATERNAL I,conditional_logit_distance,oos_2024,oos,all,30.0975205336257,2023.0,EDI CANTORA CESÁRIA ÉVORA,50.0,publica,matriculas_ano_anterior_proxy,True,-19.9024794663743,False
2024,0918805,MATERNAL II,conditional_logit_distance,oos_2024,oos,all,17.178549429650715,2023.0,EDI CANTORA CESÁRIA ÉVORA,0.0,publica,matriculas_ano_anterior_proxy,True,17.178549429650715,True
2024,0918806,BERCARIO,conditional_logit_distance,oos_2024,oos,all,65.63414698641607,2023.0,EDI COMENDADOR SERAFIM SOFIA,48.0,publica,matriculas_ano_anterior_proxy,True,17.63414698641607,True
2024,0918806,MATERNAL I,conditional_logit_distance,oos_2024,oos,all,36.46659741743816,2023.0,EDI COMENDADOR SERAFIM SOFIA,0.0,publica,matriculas_ano_anterior_proxy,True,36.46659741743816,True
2024,0918806,MATERNAL II,conditional_logit_distance,oos_2024,oos,all,17.57207342947343,2023.0,EDI COMENDADOR SERAFIM SOFIA,49.0,publica,matriculas_ano_anterior_proxy,True,-31.42792657052657,False
2024,0918807,BERCARIO,conditional_logit_distance,oos_2024,oos,all,204.1019104337084,2023.0,EDI URBANO DE FREITAS,50.0,publica,matriculas_ano_anterior_proxy,True,154.1019104337084,True
2024,0918807,MATERNAL I,conditional_logit_distance,oos_2024,oos,all,210.013279973791,2023.0,EDI URBANO DE FREITAS,23.0,publica,matriculas_ano_anterior_proxy,True,187.013279973791,True
2024,0918807,MATERNAL II,conditional_logit_distance,oos_2024,oos,all,135.87474679341554,2023.0,EDI URBANO DE FREITAS,41.0,publica,matriculas_ano_anterior_proxy,True,94.87474679341554,True
2024,0918808,BERCARIO,conditional_logit_distance,oos_2024,oos,all,21.70734937269263,2023.0,EDI PROFESSORA MARTA REGINA PERROTA,25.0,publica,matriculas_ano_anterior_proxy,True,-3.2926506273073706,False
2024,0918808,MATERNAL I,conditional_logit_distance,oos_2024,oos,all,12.109142739296177,2023.0,EDI PROFESSORA MARTA REGINA PERROTA,50.0,publica,matriculas_ano_anterior_proxy,True,-37.890857260703825,False
2024,0918808,MATERNAL II,conditional_logit_distance,oos_2024,oos,all,7.526234276431062,2023.0,EDI PROFESSORA MARTA REGINA PERROTA,0.0,publica,matriculas_ano_anterior_proxy,True,7.526234276431062,True
2024,0918809,MATERNAL II,conditional_logit_distance,oos_2024,oos,all,35.60190353818641,2023.0,EDI CAMPO GRANDE,0.0,publica,matriculas_ano_anterior_proxy,True,35.60190353818641,True
2024,0918810,MATERNAL I,conditional_logit_distance,oos_2024,oos,all,29.33119782836868,2023.0,EDI DOM BOSCO,24.0,publica,matriculas_ano_anterior_proxy,True,5.33119782836868,True
2024,0918810,MATERNAL II,conditional_logit_distance,oos_2024,oos,all,18.322530008771768,2023.0,EDI DOM BOSCO,0.0,publica,matriculas_ano_anterior_proxy,True,18.322530008771768,True
2024,0918811,MATERNAL I,conditional_logit_distance,oos_2024,oos,all,29.416786231433413,2023.0,EDI ISABEL,0.0,publica,matriculas_ano_anterior_proxy,True,29.416786231433413,True
2024,0918811,MATERNAL II,conditional_logit_distance,oos_2024,oos,all,16.209078244567507,2023.0,EDI ISABEL,0.0,publica,matriculas_ano_anterior_proxy,True,16.209078244567507,True
2024,0918812,MATERNAL I,conditional_logit_distance,oos_2024,oos,all,41.840130950847694,2023.0,EDI PROFESSOR JORGE EUCLIDES PEREIRA NUNES,74.0,publica,matriculas_ano_anterior_proxy,True,-32.159869049152306,False
2024,0918812,MATERNAL II,conditional_logit_distance,oos_2024,oos,all,20.745107909481696,2023.0,EDI PROFESSOR JORGE EUCLIDES PEREIRA NUNES,0.0,publica,matriculas_ano_anterior_proxy,True,20.745107909481696,True
2024,0918813,BERCARIO,conditional_logit_distance,oos_2024,oos,all,11.830108901823108,2023.0,EDI PROFESSOR MARCO ALTINO DE OLIVEIRA,47.0,publica,matriculas_ano_anterior_proxy,True,-35.16989109817689,False
2024,0918813,MATERNAL I,conditional_logit_distance,oos_2024,oos,all,7.261132712328245,2023.0,EDI PROFESSOR MARCO ALTINO DE OLIVEIRA,48.0,publica,matriculas_ano_anterior_proxy,True,-40.73886728767175,False
2024,0918813,MATERNAL II,conditional_logit_distance,oos_2024,oos,all,5.110036084019495,2023.0,EDI PROFESSOR MARCO ALTINO DE OLIVEIRA,0.0,publica,matriculas_ano_anterior_proxy,True,5.110036084019495,True
2024,0918814,BERCARIO,conditional_logit_distance,oos_2024,oos,all,21.442753223053423,2023.0,EDI PROFESSOR NESTOR MANOEL PINTO,25.0,publica,matriculas_ano_anterior_proxy,True,-3.5572467769465774,False
2024,0918814,MATERNAL I,conditional_logit_distance,oos_2024,oos,all,12.200921452465684,2023.0,EDI PROFESSOR NESTOR MANOEL PINTO,50.0,publica,matriculas_ano_anterior_proxy,True,-37.799078547534315,False
2024,0918814,MATERNAL II,conditional_logit_distance,oos_2024,oos,all,15.827693757756688,2023.0,EDI PROFESSOR NESTOR MANOEL PINTO,0.0,publica,matriculas_ano_anterior_proxy,True,15.827693757756688,True
2024,0918815,BERCARIO,conditional_logit_distance,oos_2024,oos,all,24.00204984839576,2023.0,EDI PROFESSORA SIRLÉIA SILVA REIS,50.0,publica,matriculas_ano_anterior_proxy,True,-25.99795015160424,False
2024,0918815,MATERNAL I,conditional_logit_distance,oos_2024,oos,all,27.008846441752578,2023.0,EDI PROFESSORA SIRLÉIA SILVA REIS,47.0,publica,matriculas_ano_anterior_proxy,True,-19.991153558247422,False
2024,0918815,MATERNAL II,conditional_logit_distance,oos_2024,oos,all,8.984645345056046,2023.0,EDI PROFESSORA SIRLÉIA SILVA REIS,48.0,publica,matriculas_ano_anterior_proxy,True,-39.015354654943955,False
2024,0918816,MATERNAL I,conditional_logit_distance,oos_2024,oos,all,143.50825704470202,2023.0,EDI PROFESSOR JOÃO FERNANDES FILHO,15.0,publica,matriculas_ano_anterior_proxy,True,128.50825704470202,True
2024,0918816,MATERNAL II,conditional_logit_distance,oos_2024,oos,all,93.32592147003488,2023.0,EDI PROFESSOR JOÃO FERNANDES FILHO,0.0,publica,matriculas_ano_anterior_proxy,True,93.32592147003488,True
2024,0918817,BERCARIO,conditional_logit_distance,oos_2024,oos,all,27.70284994703556,2023.0,EDI PROFESSORA EUGENIA DE ALMEIDA AZEVEDO,50.0,publica,matriculas_ano_anterior_proxy,True,-22.29715005296444,False
2024,0918817,MATERNAL I,conditional_logit_distance,oos_2024,oos,all,14.90203017251176,2023.0,EDI PROFESSORA EUGENIA DE ALMEIDA AZEVEDO,0.0,publica,matriculas_ano_anterior_proxy,True,14.90203017251176,True
2024,0918817,MATERNAL II,conditional_logit_distance,oos_2024,oos,all,9.45419242783696,2023.0,EDI PROFESSORA EUGENIA DE ALMEIDA AZEVEDO,73.0,publica,matriculas_ano_anterior_proxy,True,-63.54580757216304,False
2024,0918818,MATERNAL I,conditional_logit_distance,oos_2024,oos,all,9.983822264710202,2023.0,EDI FRANCISCO JOSÉ DE MORAES,0.0,publica,matriculas_ano_anterior_proxy,True,9.983822264710202,True
2024,0918818,MATERNAL II,conditional_logit_distance,oos_2024,oos,all,5.203174427305198,2023.0,EDI FRANCISCO JOSÉ DE MORAES,21.0,publica,matriculas_ano_anterior_proxy,True,-15.796825572694802,False
2024,0918819,MATERNAL II,conditional_logit_distance,oos_2024,oos,all,35.610193034319195,2023.0,EDI JOARI,0.0,publica,matriculas_ano_anterior_proxy,True,35.610193034319195,True
2024,0918820,MATERNAL I,conditional_logit_distance,oos_2024,oos,all,21.18346236142495,2023.0,EDI ALMO SATURNINO,19.0,publica,matriculas_ano_anterior_proxy,True,2.183462361424951,True
2024,0918820,MATERNAL II,conditional_logit_distance,oos_2024,oos,all,12.42357944383276,2023.0,EDI ALMO SATURNINO,0.0,publica,matriculas_ano_anterior_proxy,True,12.42357944383276,True
2024,0918821,MATERNAL I,conditional_logit_distance,oos_2024,oos,all,19.76179638469979,2023.0,EDI PROFESSOR ENYR PORTILHO DE AVELLAR,25.0,publica,matriculas_ano_anterior_proxy,True,-5.238203615300211,False
2024,0918821,MATERNAL II,conditional_logit_distance,oos_2024,oos,all,7.025864231910131,2023.0,EDI PROFESSOR ENYR PORTILHO DE AVELLAR,47.0,publica,matriculas_ano_anterior_proxy,True,-39.974135768089866,False
2024,0918822,BERCARIO,conditional_logit_distance,oos_2024,oos,all,47.69939498342696,2023.0,EDI PROFESSOR ANDRÉ LUIZ GILS,24.0,publica,matriculas_ano_anterior_proxy,True,23.699394983426963,True
2024,0918822,MATERNAL I,conditional_logit_distance,oos_2024,oos,all,50.952530915929174,2023.0,EDI PROFESSOR ANDRÉ LUIZ GILS,23.0,publica,matriculas_ano_anterior_proxy,True,27.952530915929174,True
2024,0918822,MATERNAL II,conditional_logit_distance,oos_2024,oos,all,32.57229501904732,2023.0,EDI PROFESSOR ANDRÉ LUIZ GILS,23.0,publica,matriculas_ano_anterior_proxy,True,9.572295019047317,True
2024,0918823,BERCARIO,conditional_logit_distance,oos_2024,oos,all,36.595760327965706,2023.0,EDI PROFESSOR DERSU GABRIEL BICEGO,23.0,publica,matriculas_ano_anterior_proxy,True,13.595760327965706,True
2024,0918823,MATERNAL I,conditional_logit_distance,oos_2024,oos,all,44.60263904142285,2023.0,EDI PROFESSOR DERSU GABRIEL BICEGO,25.0,publica,matriculas_ano_anterior_proxy,True,19.602639041422847,True
2024,0918823,MATERNAL II,conditional_logit_distance,oos_2024,oos,all,30.872169078019848,2023.0,EDI PROFESSOR DERSU GABRIEL BICEGO,22.0,publica,matriculas_ano_anterior_proxy,True,8.872169078019848,True
2024,0918824,BERCARIO,conditional_logit_distance,oos_2024,oos,all,18.047535550621237,2023.0,EDI ALBERTO FERREIRA PINTO,26.0,publica,matriculas_ano_anterior_proxy,True,-7.952464449378763,False
2024,0918824,MATERNAL I,conditional_logit_distance,oos_2024,oos,all,20.388527996604346,2023.0,EDI ALBERTO FERREIRA PINTO,25.0,publica,matriculas_ano_anterior_proxy,True,-4.611472003395654,False
2024,0918824,MATERNAL II,conditional_logit_distance,oos_2024,oos,all,12.807588747286761,2023.0,EDI ALBERTO FERREIRA PINTO,25.0,publica,matriculas_ano_anterior_proxy,True,-12.192411252713239,False
2024,0918825,BERCARIO,conditional_logit_distance,oos_2024,oos,all,28.843363573755557,2023.0,EDI PROFESSORA TERESINHA DE JESUS SIQUEIRA BROWN,50.0,publica,matriculas_ano_anterior_proxy,True,-21.156636426244443,False
2024,0918825,MATERNAL I,conditional_logit_distance,oos_2024,oos,all,35.47724047599234,2023.0,EDI PROFESSORA TERESINHA DE JESUS SIQUEIRA BROWN,24.0,publica,matriculas_ano_anterior_proxy,True,11.477240475992339,True
2024,0918825,MATERNAL II,conditional_logit_distance,oos_2024,oos,all,25.464106119762132,2023.0,EDI PROFESSORA TERESINHA DE JESUS SIQUEIRA BROWN,46.0,publica,matriculas_ano_anterior_proxy,True,-20.535893880237868,False
2024,0918826,BERCARIO,conditional_logit_distance,oos_2024,oos,all,41.32159614553839,2023.0,EDI PROFESSORA MARLY DOS SANTOS DE OLIVEIRA (MARLY MARINHO),47.0,publica,matriculas_ano_anterior_proxy,True,-5.678403854461607,False
2024,0918826,MATERNAL I,conditional_logit_distance,oos_2024,oos,all,46.90573454754162,2023.0,EDI PROFESSORA MARLY DOS SANTOS DE OLIVEIRA (MARLY MARINHO),22.0,publica,matriculas_ano_anterior_proxy,True,24.90573454754162,True
2024,0918826,MATERNAL II,conditional_logit_distance,oos_2024,oos,all,24.09722815228121,2023.0,EDI PROFESSORA MARLY DOS SANTOS DE OLIVEIRA (MARLY MARINHO),34.0,publica,matriculas_ano_anterior_proxy,True,-9.902771847718789,False
2024,0918827,BERCARIO,conditional_logit_distance,oos_2024,oos,all,35.24629242271084,2023.0,EDI ATAULFO ALVES,49.0,publica,matriculas_ano_anterior_proxy,True,-13.753707577289163,False
2024,0918827,MATERNAL I,conditional_logit_distance,oos_2024,oos,all,19.939488423387164,2023.0,EDI ATAULFO ALVES,49.0,publica,matriculas_ano_anterior_proxy,True,-29.060511576612836,False
2024,0918827,MATERNAL II,conditional_logit_distance,oos_2024,oos,all,10.123343359273456,2023.0,EDI ATAULFO ALVES,0.0,publica,matriculas_ano_anterior_proxy,True,10.123343359273456,True
2024,0918828,BERCARIO,conditional_logit_distance,oos_2024,oos,all,43.19016938770069,2023.0,EDI ALYRIO CAVALLIERI,47.0,publica,matriculas_ano_anterior_proxy,True,-3.809830612299308,False
2024,0918828,MATERNAL I,conditional_logit_distance,oos_2024,oos,all,23.591063332279298,2023.0,EDI ALYRIO CAVALLIERI,25.0,publica,matriculas_ano_anterior_proxy,True,-1.4089366677207025,False
2024,0918828,MATERNAL II,conditional_logit_distance,oos_2024,oos,all,13.583650363868824,2023.0,EDI ALYRIO CAVALLIERI,47.0,publica,matriculas_ano_anterior_proxy,True,-33.41634963613117,False
2024,0918829,MATERNAL I,conditional_logit_distance,oos_2024,oos,all,27.26513320557264,2023.0,EDI RUBEM AZEVEDO ALVES,23.0,publica,matriculas_ano_anterior_proxy,True,4.2651332055726385,True
2024,0918829,MATERNAL II,conditional_logit_distance,oos_2024,oos,all,14.708682093773708,2023.0,EDI RUBEM AZEVEDO ALVES,0.0,publica,matriculas_ano_anterior_proxy,True,14.708682093773708,True
2024,0918830,MATERNAL I,conditional_logit_distance,oos_2024,oos,all,73.72834521360527,2023.0,EDI HENRIQUE DIAS,25.0,publica,matriculas_ano_anterior_proxy,True,48.728345213605266,True
2024,0918830,MATERNAL II,conditional_logit_distance,oos_2024,oos,all,47.9121507188248,2023.0,EDI HENRIQUE DIAS,0.0,publica,matriculas_ano_anterior_proxy,True,47.9121507188248,True
2024,0918831,BERCARIO,conditional_logit_distance,oos_2024,oos,all,71.29010266998247,2023.0,EDI ELFLODÍZIO DOS SANTOS,50.0,publica,matriculas_ano_anterior_proxy,True,21.290102669982474,True
2024,0918831,MATERNAL I,conditional_logit_distance,oos_2024,oos,all,40.32820902328325,2023.0,EDI ELFLODÍZIO DOS SANTOS,50.0,publica,matriculas_ano_anterior_proxy,True,-9.67179097671675,False
2024,0918831,MATERNAL II,conditional_logit_distance,oos_2024,oos,all,20.85175402802428,2023.0,EDI ELFLODÍZIO DOS SANTOS,0.0,publica,matriculas_ano_anterior_proxy,True,20.85175402802428,True
2024,0918832,BERCARIO,conditional_logit_distance,oos_2024,oos,all,50.53033926122575,2023.0,EDI PROFESSORA JACINTHA REIS FERREIRA,48.0,publica,matriculas_ano_anterior_proxy,True,2.5303392612257483,True
2024,0918832,MATERNAL I,conditional_logit_distance,oos_2024,oos,all,25.9956488181761,2023.0,EDI PROFESSORA JACINTHA REIS FERREIRA,48.0,publica,matriculas_ano_anterior_proxy,True,-22.0043511818239,False
2024,0918832,MATERNAL II,conditional_logit_distance,oos_2024,oos,all,12.54376325198992,2023.0,EDI PROFESSORA JACINTHA REIS FERREIRA,0.0,publica,matriculas_ano_anterior_proxy,True,12.54376325198992,True
2024,0918833,BERCARIO,conditional_logit_distance,oos_2024,oos,all,64.75280695250775,2023.0,EDI PROFESSOR WILSON CHOERI,50.0,publica,matriculas_ano_anterior_proxy,True,14.752806952507754,True
2024,0918833,MATERNAL I,conditional_logit_distance,oos_2024,oos,all,36.33206049354788,2023.0,EDI PROFESSOR WILSON CHOERI,50.0,publica,matriculas_ano_anterior_proxy,True,-13.667939506452122,False
2024,0918833,MATERNAL II,conditional_logit_distance,oos_2024,oos,all,17.542034151443477,2023.0,EDI PROFESSOR WILSON CHOERI,0.0,publica,matriculas_ano_anterior_proxy,True,17.542034151443477,True
2024,0918834,BERCARIO,conditional_logit_distance,oos_2024,oos,all,27.560782909598988,2023.0,EDI ENGENHEIRA ELAINE MONSORES PIRES,37.0,publica,matriculas_ano_anterior_proxy,True,-9.439217090401012,False
2024,0918834,MATERNAL I,conditional_logit_distance,oos_2024,oos,all,15.258747624251557,2023.0,EDI ENGENHEIRA ELAINE MONSORES PIRES,44.0,publica,matriculas_ano_anterior_proxy,True,-28.741252375748445,False
2024,0918834,MATERNAL II,conditional_logit_distance,oos_2024,oos,all,8.511423611579968,2023.0,EDI ENGENHEIRA ELAINE MONSORES PIRES,0.0,publica,matriculas_ano_anterior_proxy,True,8.511423611579968,True
2024,0918835,BERCARIO,conditional_logit_distance,oos_2024,oos,all,66.37941594742034,2023.0,EDI MEDALHISTA OLÍMPICO ARTHUR NORY OYAKAWA MARIANO,49.0,publica,matriculas_ano_anterior_proxy,True,17.37941594742034,True
2024,0918835,MATERNAL I,conditional_logit_distance,oos_2024,oos,all,37.33466746611345,2023.0,EDI MEDALHISTA OLÍMPICO ARTHUR NORY OYAKAWA MARIANO,24.0,publica,matriculas_ano_anterior_proxy,True,13.334667466113451,True
2024,0918835,MATERNAL II,conditional_logit_distance,oos_2024,oos,all,19.69143244420272,2023.0,EDI MEDALHISTA OLÍMPICO ARTHUR NORY OYAKAWA MARIANO,19.0,publica,matriculas_ano_anterior_proxy,True,0.6914324442027215,True
2024,0918836,BERCARIO,conditional_logit_distance,oos_2024,oos,all,30.189896899158217,2023.0,EDI MEDALHISTA OLÍMPICO RAFAEL CARLOS DA SILVA,50.0,publica,matriculas_ano_anterior_proxy,True,-19.810103100841783,False
2024,0918836,MATERNAL I,conditional_logit_distance,oos_2024,oos,all,38.05726384042872,2023.0,EDI MEDALHISTA OLÍMPICO RAFAEL CARLOS DA SILVA,48.0,publica,matriculas_ano_anterior_proxy,True,-9.942736159571282,False
2024,0918836,MATERNAL II,conditional_logit_distance,oos_2024,oos,all,28.0821158395912,2023.0,EDI MEDALHISTA OLÍMPICO RAFAEL CARLOS DA SILVA,24.0,publica,matriculas_ano_anterior_proxy,True,4.0821158395912,True
2024,0918837,BERCARIO,conditional_logit_distance,oos_2024,oos,all,47.953498229673805,2023.0,EDI MEDALHISTA OLÍMPICO WALLACE LEANDRO DE SOUZA,43.0,publica,matriculas_ano_anterior_proxy,True,4.953498229673805,True
2024,0918837,MATERNAL I,conditional_logit_distance,oos_2024,oos,all,32.510068451453606,2023.0,EDI MEDALHISTA OLÍMPICO WALLACE LEANDRO DE SOUZA,72.0,publica,matriculas_ano_anterior_proxy,True,-39.489931548546394,False
2024,0918837,MATERNAL II,conditional_logit_distance,oos_2024,oos,all,26.20397519594842,2023.0,EDI MEDALHISTA OLÍMPICO WALLACE LEANDRO DE SOUZA,0.0,publica,matriculas_ano_anterior_proxy,True,26.20397519594842,True
2024,0918838,MATERNAL I,conditional_logit_distance,oos_2024,oos,all,77.37261299523787,2023.0,EDI EUSTORGIO WANDERLEY,0.0,publica,matriculas_ano_anterior_proxy,True,77.37261299523787,True
2024,0918838,MATERNAL II,conditional_logit_distance,oos_2024,oos,all,50.45505919194474,2023.0,EDI EUSTORGIO WANDERLEY,50.0,publica,matriculas_ano_anterior_proxy,True,0.4550591919447413,True
2024,0918839,MATERNAL I,conditional_logit_distance,oos_2024,oos,all,61.09611896016718,2023.0,EDI DALILA TAVARES,22.0,publica,matriculas_ano_anterior_proxy,True,39.09611896016718,True
2024,0918839,MATERNAL II,conditional_logit_distance,oos_2024,oos,all,39.24853093743465,2023.0,EDI DALILA TAVARES,0.0,publica,matriculas_ano_anterior_proxy,True,39.24853093743465,True
2024,10001,BERCARIO,conditional_logit_distance,oos_2024,oos,all,13.1734507240691,2023.0,CP ESCOLA COMUNITÁRIA JARDIM DE INFÂNCIA TIA ANASTÁCIA,33.0,parceira,matriculas_ano_anterior_proxy,True,-19.8265492759309,False
2024,10001,MATERNAL I,conditional_logit_distance,oos_2024,oos,all,7.794899420085067,2023.0,CP ESCOLA COMUNITÁRIA JARDIM DE INFÂNCIA TIA ANASTÁCIA,52.0,parceira,matriculas_ano_anterior_proxy,True,-44.205100579914934,False
2024,10001,MATERNAL II,conditional_logit_distance,oos_2024,oos,all,4.22495929404774,2023.0,CP ESCOLA COMUNITÁRIA JARDIM DE INFÂNCIA TIA ANASTÁCIA,51.0,parceira,matriculas_ano_anterior_proxy,True,-46.77504070595226,False
2024,10004,BERCARIO,conditional_logit_distance,oos_2024,oos,all,8.736222334864124,2023.0,CP ESCOLA COMUNITÁRIA JARDIM BALÃO MÁGICO,37.0,parceira,matriculas_ano_anterior_proxy,True,-28.263777665135876,False
2024,10004,MATERNAL I,conditional_logit_distance,oos_2024,oos,all,5.097291489456506,2023.0,CP ESCOLA COMUNITÁRIA JARDIM BALÃO MÁGICO,30.0,parceira,matriculas_ano_anterior_proxy,True,-24.902708510543494,False
2024,10004,MATERNAL II,conditional_logit_distance,oos_2024,oos,all,2.58041978170473,2023.0,CP ESCOLA COMUNITÁRIA JARDIM BALÃO MÁGICO,23.0,parceira,matriculas_ano_anterior_proxy,True,-20.41958021829527,False
2024,10005,MATERNAL I,conditional_logit_distance,oos_2024,oos,all,19.12729220527093,2023.0,CP CRECHE COMUNITÁRIA JARDIM PEDRA AZUL,19.0,parceira,matriculas_ano_anterior_proxy,True,0.12729220527092977,True
2024,10005,MATERNAL II,conditional_logit_distance,oos_2024,oos,all,11.868465285424984,2023.0,CP CRECHE COMUNITÁRIA JARDIM PEDRA AZUL,24.0,parceira,matriculas_ano_anterior_proxy,True,-12.131534714575016,False
2024,10006,BERCARIO,conditional_logit_distance,oos_2024,oos,all,33.09900950726133,2023.0,CP CRECHE ESCOLA COMUNITÁRIA ISMÊNIA RIBEIRO,0.0,parceira,matriculas_ano_anterior_proxy,True,33.09900950726133,True
2024,10006,MATERNAL I,conditional_logit_distance,oos_2024,oos,all,19.404101261521717,2023.0,CP CRECHE ESCOLA COMUNITÁRIA ISMÊNIA RIBEIRO,38.0,parceira,matriculas_ano_anterior_proxy,True,-18.595898738478283,False
2024,10006,MATERNAL II,conditional_logit_distance,oos_2024,oos,all,9.675362341602922,2023.0,CP CRECHE ESCOLA COMUNITÁRIA ISMÊNIA RIBEIRO,78.0,parceira,matriculas_ano_anterior_proxy,True,-68.32463765839708,False
2024,10008,BERCARIO,conditional_logit_distance,oos_2024,oos,all,37.49731401372537,2023.0,CP CRECHE COMUNITÁRIA JARDIM ESPERANÇA,0.0,parceira,matriculas_ano_anterior_proxy,True,37.49731401372537,True
2024,10008,MATERNAL I,conditional_logit_distance,oos_2024,oos,all,21.18450520024077,2023.0,CP CRECHE COMUNITÁRIA JARDIM ESPERANÇA,42.0,parceira,matriculas_ano_anterior_proxy,True,-20.81549479975923,False
2024,10008,MATERNAL II,conditional_logit_distance,oos_2024,oos,all,10.848307329267314,2023.0,CP CRECHE COMUNITÁRIA JARDIM ESPERANÇA,71.0,parceira,matriculas_ano_anterior_proxy,True,-60.151692670732686,False
2024,10009,BERCARIO,conditional_logit_distance,oos_2024,oos,all,18.185044104988947,2023.0,CP JARDIM ESCOLA ERNESTO FAGUNDES VARELA,21.0,parceira,matriculas_ano_anterior_proxy,True,-2.814955895011053,False
2024,10009,MATERNAL I,conditional_logit_distance,oos_2024,oos,all,7.6590265992411055,2023.0,CP JARDIM ESCOLA ERNESTO FAGUNDES VARELA,18.0,parceira,matriculas_ano_anterior_proxy,True,-10.340973400758894,False
2024,10009,MATERNAL II,conditional_logit_distance,oos_2024,oos,all,4.718071431797075,2023.0,CP JARDIM ESCOLA ERNESTO FAGUNDES VARELA,30.0,parceira,matriculas_ano_anterior_proxy,True,-25.281928568202925,False
2024,10010,MATERNAL I,conditional_logit_distance,oos_2024,oos,all,24.33657015971956,2023.0,CP ESCOLA COMUNITÁRIA JARDIM ARCO-ÍRIS,43.0,parceira,matriculas_ano_anterior_proxy,True,-18.66342984028044,False
2024,10010,MATERNAL II,conditional_logit_distance,oos_2024,oos,all,12.049778230982229,2023.0,CP ESCOLA COMUNITÁRIA JARDIM ARCO-ÍRIS,68.0,parceira,matriculas_ano_anterior_proxy,True,-55.95022176901777,False
2024,10011,BERCARIO,conditional_logit_distance,oos_2024,oos,all,87.60232386634583,2023.0,CP SEMPRE VIDA,43.0,parceira,matriculas_ano_anterior_proxy,True,44.60232386634583,True
2024,10011,MATERNAL I,conditional_logit_distance,oos_2024,oos,all,52.74407951428922,2023.0,CP SEMPRE VIDA,50.0,parceira,matriculas_ano_anterior_proxy,True,2.7440795142892185,True
2024,10011,MATERNAL II,conditional_logit_distance,oos_2024,oos,all,25.75860618846548,2023.0,CP SEMPRE VIDA,25.0,parceira,matriculas_ano_anterior_proxy,True,0.7586061884654782,True
2024,10013,BERCARIO,conditional_logit_distance,oos_2024,oos,all,43.68324196871165,2023.0,CP ESCOLA COMUNITÁRIA ENCANTO DE MARIA,23.0,parceira,matriculas_ano_anterior_proxy,True,20.68324196871165,True
2024,10013,MATERNAL I,conditional_logit_distance,oos_2024,oos,all,43.27994187985234,2023.0,CP ESCOLA COMUNITÁRIA ENCANTO DE MARIA,27.0,parceira,matriculas_ano_anterior_proxy,True,16.279941879852338,True
2024,10013,MATERNAL II,conditional_logit_distance,oos_2024,oos,all,15.419866328190782,2023.0,CP ESCOLA COMUNITÁRIA ENCANTO DE MARIA,22.0,parceira,matriculas_ano_anterior_proxy,True,-6.580133671809218,False
2024,10014,MATERNAL I,conditional_logit_distance,oos_2024,oos,all,12.719364083688946,2023.0,CP CRECHE COMUNITÁRIA SÃO JOÃO BATISTA,15.0,parceira,matriculas_ano_anterior_proxy,True,-2.280635916311054,False
2024,10014,MATERNAL II,conditional_logit_distance,oos_2024,oos,all,5.569379688975917,2023.0,CP CRECHE COMUNITÁRIA SÃO JOÃO BATISTA,15.0,parceira,matriculas_ano_anterior_proxy,True,-9.430620311024082,False
2024,10018,BERCARIO,conditional_logit_distance,oos_2024,oos,all,20.64656982488898,2023.0,CP CRECHE ESCOLA COMUNITÁRIA SÍTIO ALEGRE,51.0,parceira,matriculas_ano_anterior_proxy,True,-30.35343017511102,False
2024,10018,MATERNAL I,conditional_logit_distance,oos_2024,oos,all,10.5352851461513,2023.0,CP CRECHE ESCOLA COMUNITÁRIA SÍTIO ALEGRE,87.0,parceira,matriculas_ano_anterior_proxy,True,-76.4647148538487,False
2024,10018,MATERNAL II,conditional_logit_distance,oos_2024,oos,all,5.781840287592692,2023.0,CP CRECHE ESCOLA COMUNITÁRIA SÍTIO ALEGRE,81.0,parceira,matriculas_ano_anterior_proxy,True,-75.21815971240731,False
2024,10019,BERCARIO,conditional_logit_distance,oos_2024,oos,all,56.773739983605694,2023.0,CP ESCOLA COMUNITÁRIA JARDIM ALEXANDRINO,50.0,parceira,matriculas_ano_anterior_proxy,True,6.773739983605694,True
2024,10019,MATERNAL I,conditional_logit_distance,oos_2024,oos,all,33.59276564132912,2023.0,CP ESCOLA COMUNITÁRIA JARDIM ALEXANDRINO,52.0,parceira,matriculas_ano_anterior_proxy,True,-18.407234358670877,False
2024,10019,MATERNAL II,conditional_logit_distance,oos_2024,oos,all,16.527570464245674,2023.0,CP ESCOLA COMUNITÁRIA JARDIM ALEXANDRINO,71.0,parceira,matriculas_ano_anterior_proxy,True,-54.47242953575433,False
2024,10020,MATERNAL I,conditional_logit_distance,oos_2024,oos,all,20.1684555397174,2023.0,CP CASA MATERNAL NOSSA SENHORA DE NAZARÉ,90.0,parceira,matriculas_ano_anterior_proxy,True,-69.8315444602826,False
2024,10020,MATERNAL II,conditional_logit_distance,oos_2024,oos,all,9.780053306249632,2023.0,CP CASA MATERNAL NOSSA SENHORA DE NAZARÉ,85.0,parceira,matriculas_ano_anterior_proxy,True,-75.21994669375037,False
2024,10022,MATERNAL I,conditional_logit_distance,oos_2024,oos,all,68.62995598429433,2023.0,CP ASSOCIAÇÃO DE MORADORES E AMIGOS DO PARQUE ESTORIL - AMAPE,100.0,parceira,matriculas_ano_anterior_proxy,True,-31.370044015705673,False
2024,10022,MATERNAL II,conditional_logit_distance,oos_2024,oos,all,31.034373172207665,2023.0,CP ASSOCIAÇÃO DE MORADORES E AMIGOS DO PARQUE ESTORIL - AMAPE,119.0,parceira,matriculas_ano_anterior_proxy,True,-87.96562682779233,False
2024,10023,BERCARIO,conditional_logit_distance,oos_2024,oos,all,20.93168519816809,2023.0,CP CRECHE ESCOLA SOSSEGO DA MAMÃE,22.0,parceira,matriculas_ano_anterior_proxy,True,-1.0683148018319102,False
2024,10023,MATERNAL I,conditional_logit_distance,oos_2024,oos,all,12.211535342173116,2023.0,CP CRECHE ESCOLA SOSSEGO DA MAMÃE,51.0,parceira,matriculas_ano_anterior_proxy,True,-38.788464657826886,False
2024,10023,MATERNAL II,conditional_logit_distance,oos_2024,oos,all,6.047099436244495,2023.0,CP CRECHE ESCOLA SOSSEGO DA MAMÃE,27.0,parceira,matriculas_ano_anterior_proxy,True,-20.952900563755506,False
2024,10024,BERCARIO,conditional_logit_distance,oos_2024,oos,all,6.696698812444835,2023.0,CP CRECHE COMUNITÁRIA MUNDO ENCANTADO DA CRIANÇA,25.0,parceira,matriculas_ano_anterior_proxy,True,-18.303301187555164,False
2024,10024,MATERNAL I,conditional_logit_distance,oos_2024,oos,all,3.887900191490121,2023.0,CP CRECHE COMUNITÁRIA MUNDO ENCANTADO DA CRIANÇA,54.0,parceira,matriculas_ano_anterior_proxy,True,-50.11209980850988,False
2024,10024,MATERNAL II,conditional_logit_distance,oos_2024,oos,all,1.9859490273483908,2023.0,CP CRECHE COMUNITÁRIA MUNDO ENCANTADO DA CRIANÇA,62.0,parceira,matriculas_ano_anterior_proxy,True,-60.01405097265161,False
2024,10026,MATERNAL I,conditional_logit_distance,oos_2024,oos,all,42.37310114562689,2023.0,CP CRECHE E ESCOLA COMUNITÁRIA GENTE BAIXINHA I,69.0,parceira,matriculas_ano_anterior_proxy,True,-26.62689885437311,False
2024,10026,MATERNAL II,conditional_logit_distance,oos_2024,oos,all,19.608131336048697,2023.0,CP CRECHE E ESCOLA COMUNITÁRIA GENTE BAIXINHA I,74.0,parceira,matriculas_ano_anterior_proxy,True,-54.3918686639513,False
2024,10027,BERCARIO,conditional_logit_distance,oos_2024,oos,all,62.13977947548785,2023.0,CP CRECHE CASULO AGOSTINHO - SANTA CRUZ,51.0,parceira,matriculas_ano_anterior_proxy,True,11.139779475487849,True
2024,10027,MATERNAL I,conditional_logit_distance,oos_2024,oos,all,37.14321063823444,2023.0,CP CRECHE CASULO AGOSTINHO - SANTA CRUZ,48.0,parceira,matriculas_ano_anterior_proxy,True,-10.856789361765557,False
2024,10027,MATERNAL II,conditional_logit_distance,oos_2024,oos,all,18.15107697493532,2023.0,CP CRECHE CASULO AGOSTINHO - SANTA CRUZ,61.0,parceira,matriculas_ano_anterior_proxy,True,-42.84892302506468,False
2024,10028,BERCARIO,conditional_logit_distance,oos_2024,oos,all,20.94870680665326,2023.0,CP CRECHE CASULO AGOSTINHO - VERIDIANA,46.0,parceira,matriculas_ano_anterior_proxy,True,-25.05129319334674,False
2024,10028,MATERNAL I,conditional_logit_distance,oos_2024,oos,all,11.892466629410391,2023.0,CP CRECHE CASULO AGOSTINHO - VERIDIANA,28.0,parceira,matriculas_ano_anterior_proxy,True,-16.107533370589607,False
2024,10028,MATERNAL II,conditional_logit_distance,oos_2024,oos,all,6.137423942754327,2023.0,CP CRECHE CASULO AGOSTINHO - VERIDIANA,50.0,parceira,matriculas_ano_anterior_proxy,True,-43.862576057245676,False
2024,10029,MATERNAL I,conditional_logit_distance,oos_2024,oos,all,16.75557997109794,2023.0,CP ASSOCIAÇÃO DE MORADORES DAS MORADAS DO IMPÉRIO,0.0,parceira,matriculas_ano_anterior_proxy,True,16.75557997109794,True
2024,10029,MATERNAL II,conditional_logit_distance,oos_2024,oos,all,8.276003520032292,2023.0,CP ASSOCIAÇÃO DE MORADORES DAS MORADAS DO IMPÉRIO,74.0,parceira,matriculas_ano_anterior_proxy,True,-65.72399647996771,False
2024,10030,BERCARIO,conditional_logit_distance,oos_2024,oos,all,13.04788658364726,2023.0,CP INSTITUTO AVELINO - GUARATIBA,38.0,parceira,matriculas_ano_anterior_proxy,True,-24.952113416352738,False
2024,10030,MATERNAL I,conditional_logit_distance,oos_2024,oos,all,8.608298196796904,2023.0,CP INSTITUTO AVELINO - GUARATIBA,40.0,parceira,matriculas_ano_anterior_proxy,True,-31.391701803203098,False
2024,10030,MATERNAL II,conditional_logit_distance,oos_2024,oos,all,4.550197149172375,2023.0,CP INSTITUTO AVELINO - GUARATIBA,65.0,parceira,matriculas_ano_anterior_proxy,True,-60.44980285082762,False
2024,10032,BERCARIO,conditional_logit_distance,oos_2024,oos,all,42.92290585482731,2023.0,CP CRECHE COMUNITÁRIA MUNDO MÁGICO,99.0,parceira,matriculas_ano_anterior_proxy,True,-56.07709414517269,False
2024,10032,MATERNAL I,conditional_logit_distance,oos_2024,oos,all,25.458857256587056,2023.0,CP CRECHE COMUNITÁRIA MUNDO MÁGICO,63.0,parceira,matriculas_ano_anterior_proxy,True,-37.54114274341295,False
2024,10032,MATERNAL II,conditional_logit_distance,oos_2024,oos,all,12.58112965273678,2023.0,CP CRECHE COMUNITÁRIA MUNDO MÁGICO,59.0,parceira,matriculas_ano_anterior_proxy,True,-46.41887034726322,False
2024,10033,BERCARIO,conditional_logit_distance,oos_2024,oos,all,18.213422554821346,2023.0,CP PROJETO QUEBRA CABEÇA,29.0,parceira,matriculas_ano_anterior_proxy,True,-10.786577445178654,False
2024,10033,MATERNAL I,conditional_logit_distance,oos_2024,oos,all,7.667307559798607,2023.0,CP PROJETO QUEBRA CABEÇA,39.0,parceira,matriculas_ano_anterior_proxy,True,-31.33269244020139,False
2024,10033,MATERNAL II,conditional_logit_distance,oos_2024,oos,all,4.780380212608804,2023.0,CP PROJETO QUEBRA CABEÇA,32.0,parceira,matriculas_ano_anterior_proxy,True,-27.219619787391196,False
2024,10034,BERCARIO,conditional_logit_distance,oos_2024,oos,all,39.63299934313424,2023.0,CP OS BENEDITINHOS,22.0,parceira,matriculas_ano_anterior_proxy,True,17.632999343134237,True
2024,10034,MATERNAL I,conditional_logit_distance,oos_2024,oos,all,21.690641921244936,2023.0,CP OS BENEDITINHOS,45.0,parceira,matriculas_ano_anterior_proxy,True,-23.309358078755064,False
2024,10034,MATERNAL II,conditional_logit_distance,oos_2024,oos,all,10.567555967891003,2023.0,CP OS BENEDITINHOS,71.0,parceira,matriculas_ano_anterior_proxy,True,-60.432444032109,False
2024,10035,BERCARIO,conditional_logit_distance,oos_2024,oos,all,71.7030827869854,2023.0,CP ESCOLA COMUNITÁRIA JARDIM DE INFÂNCIA CHAVE DO TAMANHO,35.0,parceira,matriculas_ano_anterior_proxy,True,36.703082786985405,True
2024,10035,MATERNAL I,conditional_logit_distance,oos_2024,oos,all,26.6070177289183,2023.0,CP ESCOLA COMUNITÁRIA JARDIM DE INFÂNCIA CHAVE DO TAMANHO,37.0,parceira,matriculas_ano_anterior_proxy,True,-10.3929822710817,False
2024,10035,MATERNAL II,conditional_logit_distance,oos_2024,oos,all,17.48622008446433,2023.0,CP ESCOLA COMUNITÁRIA JARDIM DE INFÂNCIA CHAVE DO TAMANHO,56.0,parceira,matriculas_ano_anterior_proxy,True,-38.51377991553567,False
2024,10036,BERCARIO,conditional_logit_distance,oos_2024,oos,all,37.59056640464163,2023.0,CP CAAD - COMITÊ DE ATENDIMENTO À CRIANÇA E AO ADOLESCENTE - HERMES,0.0,parceira,matriculas_ano_anterior_proxy,True,37.59056640464163,True
2024,10036,MATERNAL I,conditional_logit_distance,oos_2024,oos,all,22.42584803927273,2023.0,CP CAAD - COMITÊ DE ATENDIMENTO À CRIANÇA E AO ADOLESCENTE - HERMES,25.0,parceira,matriculas_ano_anterior_proxy,True,-2.5741519607272707,False
2024,10036,MATERNAL II,conditional_logit_distance,oos_2024,oos,all,11.040508383469156,2023.0,CP CAAD - COMITÊ DE ATENDIMENTO À CRIANÇA E AO ADOLESCENTE - HERMES,25.0,parceira,matriculas_ano_anterior_proxy,True,-13.959491616530844,False
2024,10037,BERCARIO,conditional_logit_distance,oos_2024,oos,all,20.428211408504414,2023.0,CP CAAD - COMITÊ DE ATENDIMENTO À CRIANÇA E AO ADOLESCENTE - CJ ROLAS,24.0,parceira,matriculas_ano_anterior_proxy,True,-3.5717885914955865,False
2024,10037,MATERNAL I,conditional_logit_distance,oos_2024,oos,all,11.96941141090072,2023.0,CP CAAD - COMITÊ DE ATENDIMENTO À CRIANÇA E AO ADOLESCENTE - CJ ROLAS,51.0,parceira,matriculas_ano_anterior_proxy,True,-39.03058858909928,False
2024,10037,MATERNAL II,conditional_logit_distance,oos_2024,oos,all,5.929957732198982,2023.0,CP CAAD - COMITÊ DE ATENDIMENTO À CRIANÇA E AO ADOLESCENTE - CJ ROLAS,46.0,parceira,matriculas_ano_anterior_proxy,True,-40.070042267801014,False
2024,10039,BERCARIO,conditional_logit_distance,oos_2024,oos,all,25.648314942810963,2023.0,CP FUNDAÇÃO KLINGNER PARA O DESENVOLVIMENTO SOCIAL,70.0,parceira,matriculas_ano_anterior_proxy,True,-44.35168505718904,False
2024,10039,MATERNAL I,conditional_logit_distance,oos_2024,oos,all,14.501706691185005,2023.0,CP FUNDAÇÃO KLINGNER PARA O DESENVOLVIMENTO SOCIAL,132.0,parceira,matriculas_ano_anterior_proxy,True,-117.498293308815,False
2024,10039,MATERNAL II,conditional_logit_distance,oos_2024,oos,all,7.426371018161904,2023.0,CP FUNDAÇÃO KLINGNER PARA O DESENVOLVIMENTO SOCIAL,148.0,parceira,matriculas_ano_anterior_proxy,True,-140.57362898183808,False
2024,10040,BERCARIO,conditional_logit_distance,oos_2024,oos,all,8.572028521153664,2023.0,CP CICIM I,69.0,parceira,matriculas_ano_anterior_proxy,True,-60.42797147884634,False
2024,10040,MATERNAL I,conditional_logit_distance,oos_2024,oos,all,6.775294319941364,2023.0,CP CICIM I,56.0,parceira,matriculas_ano_anterior_proxy,True,-49.224705680058634,False
2024,10040,MATERNAL II,conditional_logit_distance,oos_2024,oos,all,3.8665041828386624,2023.0,CP CICIM I,73.0,parceira,matriculas_ano_anterior_proxy,True,-69.13349581716133,False
2024,10041,BERCARIO,conditional_logit_distance,oos_2024,oos,all,382.7972479388908,2023.0,CP CRECHE BEZERRA DE MENEZES - SANTA CRUZ,41.0,parceira,matriculas_ano_anterior_proxy,True,341.7972479388908,True
2024,10041,MATERNAL I,conditional_logit_distance,oos_2024,oos,all,232.06188881821748,2023.0,CP CRECHE BEZERRA DE MENEZES - SANTA CRUZ,69.0,parceira,matriculas_ano_anterior_proxy,True,163.06188881821748,True
2024,10041,MATERNAL II,conditional_logit_distance,oos_2024,oos,all,112.7541894235898,2023.0,CP CRECHE BEZERRA DE MENEZES - SANTA CRUZ,50.0,parceira,matriculas_ano_anterior_proxy,True,62.75418942358981,True
2024,10042,BERCARIO,conditional_logit_distance,oos_2024,oos,all,23.557848287799334,2023.0,CP CICIM II,36.0,parceira,matriculas_ano_anterior_proxy,True,-12.442151712200666,False
2024,10042,MATERNAL I,conditional_logit_distance,oos_2024,oos,all,13.190145233217947,2023.0,CP CICIM II,44.0,parceira,matriculas_ano_anterior_proxy,True,-30.809854766782053,False
2024,10042,MATERNAL II,conditional_logit_distance,oos_2024,oos,all,6.815264728996075,2023.0,CP CICIM II,47.0,parceira,matriculas_ano_anterior_proxy,True,-40.18473527100392,False
2024,10043,BERCARIO,conditional_logit_distance,oos_2024,oos,all,69.5247828760571,2023.0,CP CRECHE CANTINHO CASLU,43.0,parceira,matriculas_ano_anterior_proxy,True,26.524782876057102,True
2024,10043,MATERNAL I,conditional_logit_distance,oos_2024,oos,all,33.852732976182686,2023.0,CP CRECHE CANTINHO CASLU,42.0,parceira,matriculas_ano_anterior_proxy,True,-8.147267023817314,False
2024,10043,MATERNAL II,conditional_logit_distance,oos_2024,oos,all,15.768822785754708,2023.0,CP CRECHE CANTINHO CASLU,42.0,parceira,matriculas_ano_anterior_proxy,True,-26.231177214245292,False
2024,10044,BERCARIO,conditional_logit_distance,oos_2024,oos,all,22.33904141418299,2023.0,CP CRECHE COMUNITÁRIA MAGIA DA CRIANÇA,51.0,parceira,matriculas_ano_anterior_proxy,True,-28.66095858581701,False
2024,10044,MATERNAL I,conditional_logit_distance,oos_2024,oos,all,13.007407591565643,2023.0,CP CRECHE COMUNITÁRIA MAGIA DA CRIANÇA,55.0,parceira,matriculas_ano_anterior_proxy,True,-41.992592408434355,False
2024,10044,MATERNAL II,conditional_logit_distance,oos_2024,oos,all,6.532849892203455,2023.0,CP CRECHE COMUNITÁRIA MAGIA DA CRIANÇA,62.0,parceira,matriculas_ano_anterior_proxy,True,-55.46715010779654,False
2024,10045,BERCARIO,conditional_logit_distance,oos_2024,oos,all,36.9258924235097,2023.0,CP ESPAÇO CRIATIVO ERA UMA VEZ,19.0,parceira,matriculas_ano_anterior_proxy,True,17.9258924235097,True
2024,10045,MATERNAL I,conditional_logit_distance,oos_2024,oos,all,21.48210369658427,2023.0,CP ESPAÇO CRIATIVO ERA UMA VEZ,42.0,parceira,matriculas_ano_anterior_proxy,True,-20.51789630341573,False
2024,10045,MATERNAL II,conditional_logit_distance,oos_2024,oos,all,10.52595000585375,2023.0,CP ESPAÇO CRIATIVO ERA UMA VEZ,71.0,parceira,matriculas_ano_anterior_proxy,True,-60.47404999414625,False
2024,10046,BERCARIO,conditional_logit_distance,oos_2024,oos,all,210.86906223940187,2023.0,CP CRECHE COMUNITÁRIA DEUS É FIEL - CCDF,72.0,parceira,matriculas_ano_anterior_proxy,True,138.86906223940187,True
2024,10046,MATERNAL I,conditional_logit_distance,oos_2024,oos,all,75.56452862371214,2023.0,CP CRECHE COMUNITÁRIA DEUS É FIEL - CCDF,103.0,parceira,matriculas_ano_anterior_proxy,True,-27.435471376287865,False
2024,10046,MATERNAL II,conditional_logit_distance,oos_2024,oos,all,50.55523054720048,2023.0,CP CRECHE COMUNITÁRIA DEUS É FIEL - CCDF,139.0,parceira,matriculas_ano_anterior_proxy,True,-88.44476945279952,False
2024,10047,BERCARIO,conditional_logit_distance,oos_2024,oos,all,11.972080398563197,2023.0,CP CENTRO CULTURAL MONTESSORI - SANTA CRUZ,74.0,parceira,matriculas_ano_anterior_proxy,True,-62.02791960143681,False
2024,10047,MATERNAL I,conditional_logit_distance,oos_2024,oos,all,7.025012894583196,2023.0,CP CENTRO CULTURAL MONTESSORI - SANTA CRUZ,61.0,parceira,matriculas_ano_anterior_proxy,True,-53.9749871054168,False
2024,10047,MATERNAL II,conditional_logit_distance,oos_2024,oos,all,3.524677623687613,2023.0,CP CENTRO CULTURAL MONTESSORI - SANTA CRUZ,50.0,parceira,matriculas_ano_anterior_proxy,True,-46.475322376312384,False
2024,10051,BERCARIO,conditional_logit_distance,oos_2024,oos,all,319.5245173112577,2023.0,CP CRECHE COMUNITÁRIA DEUS É FIEL - UNIDADE VI,72.0,parceira,matriculas_ano_anterior_proxy,True,247.52451731125768,True
2024,10051,MATERNAL I,conditional_logit_distance,oos_2024,oos,all,274.70508828364643,2023.0,CP CRECHE COMUNITÁRIA DEUS É FIEL - UNIDADE VI,120.0,parceira,matriculas_ano_anterior_proxy,True,154.70508828364643,True
2024,10051,MATERNAL II,conditional_logit_distance,oos_2024,oos,all,196.08260488604097,2023.0,CP CRECHE COMUNITÁRIA DEUS É FIEL - UNIDADE VI,141.0,parceira,matriculas_ano_anterior_proxy,True,55.08260488604097,True
2024,10052,BERCARIO,conditional_logit_distance,oos_2024,oos,all,319.5245173112577,2023.0,CP CRECHE COMUNITÁRIA DEUS É FIEL - UNIDADE VII,48.0,parceira,matriculas_ano_anterior_proxy,True,271.5245173112577,True
2024,10052,MATERNAL I,conditional_logit_distance,oos_2024,oos,all,274.70508828364643,2023.0,CP CRECHE COMUNITÁRIA DEUS É FIEL - UNIDADE VII,58.0,parceira,matriculas_ano_anterior_proxy,True,216.70508828364643,True
2024,10052,MATERNAL II,conditional_logit_distance,oos_2024,oos,all,196.08260488604097,2023.0,CP CRECHE COMUNITÁRIA DEUS É FIEL - UNIDADE VII,115.0,parceira,matriculas_ano_anterior_proxy,True,81.08260488604097,True
2024,10053,BERCARIO,conditional_logit_distance,oos_2024,oos,all,21.941701572492324,2023.0,CP CRECHE COMUNITÁRIA GÊNIO DO FUTURO,113.0,parceira,matriculas_ano_anterior_proxy,True,-91.05829842750768,False
2024,10053,MATERNAL I,conditional_logit_distance,oos_2024,oos,all,9.18240200549597,2023.0,CP CRECHE COMUNITÁRIA GÊNIO DO FUTURO,85.0,parceira,matriculas_ano_anterior_proxy,True,-75.81759799450403,False
2024,10053,MATERNAL II,conditional_logit_distance,oos_2024,oos,all,5.730025723700759,2023.0,CP CRECHE COMUNITÁRIA GÊNIO DO FUTURO,105.0,parceira,matriculas_ano_anterior_proxy,True,-99.26997427629924,False
2024,10054,BERCARIO,conditional_logit_distance,oos_2024,oos,all,131.1336398585036,2023.0,CP CRECHE COMUNITÁRIA AQUARELA DO SABER,18.0,parceira,matriculas_ano_anterior_proxy,True,113.13363985850361,True
2024,10054,MATERNAL I,conditional_logit_distance,oos_2024,oos,all,79.12493728936286,2023.0,CP CRECHE COMUNITÁRIA AQUARELA DO SABER,28.0,parceira,matriculas_ano_anterior_proxy,True,51.12493728936286,True
2024,10054,MATERNAL II,conditional_logit_distance,oos_2024,oos,all,38.576542665121245,2023.0,CP CRECHE COMUNITÁRIA AQUARELA DO SABER,27.0,parceira,matriculas_ano_anterior_proxy,True,11.576542665121245,True
2024,10055,BERCARIO,conditional_logit_distance,oos_2024,oos,all,48.05288088518956,2023.0,CP ESPAÇO DE DESENVOLVIMENTO MÃE GAIA,28.0,parceira,matriculas_ano_anterior_proxy,True,20.05288088518956,True
2024,10055,MATERNAL I,conditional_logit_distance,oos_2024,oos,all,18.19222310356612,2023.0,CP ESPAÇO DE DESENVOLVIMENTO MÃE GAIA,74.0,parceira,matriculas_ano_anterior_proxy,True,-55.80777689643388,False
2024,10055,MATERNAL II,conditional_logit_distance,oos_2024,oos,all,11.851506678413356,2023.0,CP ESPAÇO DE DESENVOLVIMENTO MÃE GAIA,43.0,parceira,matriculas_ano_anterior_proxy,True,-31.148493321586642,False
2024,10056,BERCARIO,conditional_logit_distance,oos_2024,oos,all,52.925765101019294,2023.0,CP CRECHE MUNDO DA BIBI,24.0,parceira,matriculas_ano_anterior_proxy,True,28.925765101019294,True
2024,10056,MATERNAL I,conditional_logit_distance,oos_2024,oos,all,31.39236187961611,2023.0,CP CRECHE MUNDO DA BIBI,42.0,parceira,matriculas_ano_anterior_proxy,True,-10.60763812038389,False
2024,10056,MATERNAL II,conditional_logit_distance,oos_2024,oos,all,15.489005502445838,2023.0,CP CRECHE MUNDO DA BIBI,34.0,parceira,matriculas_ano_anterior_proxy,True,-18.51099449755416,False
2024,10057,BERCARIO,conditional_logit_distance,oos_2024,oos,all,60.63490663322923,2023.0,CP CENTRO CULTURAL MONTESSORI - PACIÊNCIA,65.0,parceira,matriculas_ano_anterior_proxy,True,-4.365093366770772,False
2024,10057,MATERNAL I,conditional_logit_distance,oos_2024,oos,all,34.81462180283657,2023.0,CP CENTRO CULTURAL MONTESSORI - PACIÊNCIA,164.0,parceira,matriculas_ano_anterior_proxy,True,-129.18537819716343,False
2024,10057,MATERNAL II,conditional_logit_distance,oos_2024,oos,all,17.295885874808228,2023.0,CP CENTRO CULTURAL MONTESSORI - PACIÊNCIA,71.0,parceira,matriculas_ano_anterior_proxy,True,-53.70411412519177,False
2024,10058,BERCARIO,conditional_logit_distance,oos_2024,oos,all,16.559213107283547,2023.0,CP CRECHE ESCOLA COMUNITÁRIA MALLETZINHO,124.0,parceira,matriculas_ano_anterior_proxy,True,-107.44078689271646,False
2024,10058,MATERNAL I,conditional_logit_distance,oos_2024,oos,all,6.955405611205523,2023.0,CP CRECHE ESCOLA COMUNITÁRIA MALLETZINHO,91.0,parceira,matriculas_ano_anterior_proxy,True,-84.04459438879448,False
2024,10058,MATERNAL II,conditional_logit_distance,oos_2024,oos,all,4.303381878965111,2023.0,CP CRECHE ESCOLA COMUNITÁRIA MALLETZINHO,51.0,parceira,matriculas_ano_anterior_proxy,True,-46.69661812103489,False
2024,10059,BERCARIO,conditional_logit_distance,oos_2024,oos,all,32.31904884525328,2023.0,CP CRECHE COMUNITÁRIA PLANETA BEBÊ,25.0,parceira,matriculas_ano_anterior_proxy,True,7.319048845253278,True
2024,10059,MATERNAL I,conditional_logit_distance,oos_2024,oos,all,18.936029851756818,2023.0,CP CRECHE COMUNITÁRIA PLANETA BEBÊ,25.0,parceira,matriculas_ano_anterior_proxy,True,-6.0639701482431825,False
2024,10059,MATERNAL II,conditional_logit_distance,oos_2024,oos,all,9.305591173646174,2023.0,CP CRECHE COMUNITÁRIA PLANETA BEBÊ,40.0,parceira,matriculas_ano_anterior_proxy,True,-30.694408826353826,False
2024,10060,BERCARIO,conditional_logit_distance,oos_2024,oos,all,88.2105739225282,2023.0,CP CRECHE COMUNITÁRIA JARDIM DO CONHECIMENTO,20.0,parceira,matriculas_ano_anterior_proxy,True,68.2105739225282,True
2024,10060,MATERNAL I,conditional_logit_distance,oos_2024,oos,all,52.98696598583816,2023.0,CP CRECHE COMUNITÁRIA JARDIM DO CONHECIMENTO,50.0,parceira,matriculas_ano_anterior_proxy,True,2.986965985838161,True
2024,10060,MATERNAL II,conditional_logit_distance,oos_2024,oos,all,25.91634913891774,2023.0,CP CRECHE COMUNITÁRIA JARDIM DO CONHECIMENTO,29.0,parceira,matriculas_ano_anterior_proxy,True,-3.0836508610822584,False
2024,10061,BERCARIO,conditional_logit_distance,oos_2024,oos,all,38.72486539698506,2023.0,CP CRECHE COMUNITÁRIA ESTRELA DO AMANHÃ,26.0,parceira,matriculas_ano_anterior_proxy,True,12.72486539698506,True
2024,10061,MATERNAL I,conditional_logit_distance,oos_2024,oos,all,22.19017158769893,2023.0,CP CRECHE COMUNITÁRIA ESTRELA DO AMANHÃ,42.0,parceira,matriculas_ano_anterior_proxy,True,-19.80982841230107,False
2024,10061,MATERNAL II,conditional_logit_distance,oos_2024,oos,all,10.952197421010338,2023.0,CP CRECHE COMUNITÁRIA ESTRELA DO AMANHÃ,24.0,parceira,matriculas_ano_anterior_proxy,True,-13.047802578989662,False
2024,10062,BERCARIO,conditional_logit_distance,oos_2024,oos,all,11.925668917786192,2023.0,CP CENTRO CULTURAL DE DESENVOLVIMENTO INFANTIL JOÃO BATISTA,20.0,parceira,matriculas_ano_anterior_proxy,True,-8.074331082213808,False
2024,10062,MATERNAL I,conditional_logit_distance,oos_2024,oos,all,7.243005851069548,2023.0,CP CENTRO CULTURAL DE DESENVOLVIMENTO INFANTIL JOÃO BATISTA,51.0,parceira,matriculas_ano_anterior_proxy,True,-43.75699414893045,False
2024,10062,MATERNAL II,conditional_logit_distance,oos_2024,oos,all,3.845105473487703,2023.0,CP CENTRO CULTURAL DE DESENVOLVIMENTO INFANTIL JOÃO BATISTA,39.0,parceira,matriculas_ano_anterior_proxy,True,-35.154894526512294,False
2024,10063,BERCARIO,conditional_logit_distance,oos_2024,oos,all,14.596471083447156,2023.0,CP CRECHE COMUNITÁRIA UNIVERSO INFANTIL,50.0,parceira,matriculas_ano_anterior_proxy,True,-35.403528916552844,False
2024,10063,MATERNAL I,conditional_logit_distance,oos_2024,oos,all,9.049784293180384,2023.0,CP CRECHE COMUNITÁRIA UNIVERSO INFANTIL,53.0,parceira,matriculas_ano_anterior_proxy,True,-43.95021570681962,False
2024,10063,MATERNAL II,conditional_logit_distance,oos_2024,oos,all,4.947034945657132,2023.0,CP CRECHE COMUNITÁRIA UNIVERSO INFANTIL,27.0,parceira,matriculas_ano_anterior_proxy,True,-22.05296505434287,False
2024,10064,BERCARIO,conditional_logit_distance,oos_2024,oos,all,17.226358586834067,2023.0,CP CRECHE COMUNITÁRIA CORAÇÃO DE MÃE,31.0,parceira,matriculas_ano_anterior_proxy,True,-13.773641413165933,False
2024,10064,MATERNAL I,conditional_logit_distance,oos_2024,oos,all,9.241389724381834,2023.0,CP CRECHE COMUNITÁRIA CORAÇÃO DE MÃE,50.0,parceira,matriculas_ano_anterior_proxy,True,-40.75861027561817,False
2024,10064,MATERNAL II,conditional_logit_distance,oos_2024,oos,all,4.652966221660277,2023.0,CP CRECHE COMUNITÁRIA CORAÇÃO DE MÃE,48.0,parceira,matriculas_ano_anterior_proxy,True,-43.34703377833972,False
2024,10065,BERCARIO,conditional_logit_distance,oos_2024,oos,all,40.32693261462244,2023.0,CP CRECHE MAGIA DA CRIANÇA II,45.0,parceira,matriculas_ano_anterior_proxy,True,-4.673067385377557,False
2024,10065,MATERNAL I,conditional_logit_distance,oos_2024,oos,all,15.583351749464896,2023.0,CP CRECHE MAGIA DA CRIANÇA II,42.0,parceira,matriculas_ano_anterior_proxy,True,-26.416648250535104,False
2024,10065,MATERNAL II,conditional_logit_distance,oos_2024,oos,all,10.063071901245731,2023.0,CP CRECHE MAGIA DA CRIANÇA II,38.0,parceira,matriculas_ano_anterior_proxy,True,-27.93692809875427,False
2024,10066,BERCARIO,conditional_logit_distance,oos_2024,oos,all,33.05458539619132,2023.0,CP CRECHE COMUNITÁRIA ARTE & CULTURA,48.0,parceira,matriculas_ano_anterior_proxy,True,-14.945414603808679,False
2024,10066,MATERNAL I,conditional_logit_distance,oos_2024,oos,all,18.07654169625657,2023.0,CP CRECHE COMUNITÁRIA ARTE & CULTURA,102.0,parceira,matriculas_ano_anterior_proxy,True,-83.92345830374343,False
2024,10066,MATERNAL II,conditional_logit_distance,oos_2024,oos,all,8.772674567051475,2023.0,CP CRECHE COMUNITÁRIA ARTE & CULTURA,100.0,parceira,matriculas_ano_anterior_proxy,True,-91.22732543294853,False
2024,10067,BERCARIO,conditional_logit_distance,oos_2024,oos,all,24.050472061657697,2023.0,CP CRECHE COMUNITÁRIA ARCA DE NOÉ,24.0,parceira,matriculas_ano_anterior_proxy,True,0.0504720616576968,True
2024,10067,MATERNAL I,conditional_logit_distance,oos_2024,oos,all,13.572082266975857,2023.0,CP CRECHE COMUNITÁRIA ARCA DE NOÉ,60.0,parceira,matriculas_ano_anterior_proxy,True,-46.427917733024145,False
2024,10067,MATERNAL II,conditional_logit_distance,oos_2024,oos,all,6.9771622538262426,2023.0,CP CRECHE COMUNITÁRIA ARCA DE NOÉ,39.0,parceira,matriculas_ano_anterior_proxy,True,-32.02283774617376,False
2024,10068,BERCARIO,conditional_logit_distance,oos_2024,oos,all,13.28579757060876,2023.0,CP CRECHE COMUNITÁRIA TIA NEIDE - GUARATIBA,29.0,parceira,matriculas_ano_anterior_proxy,True,-15.71420242939124,False
2024,10068,MATERNAL I,conditional_logit_distance,oos_2024,oos,all,7.985334000093434,2023.0,CP CRECHE COMUNITÁRIA TIA NEIDE - GUARATIBA,45.0,parceira,matriculas_ano_anterior_proxy,True,-37.01466599990657,False
2024,10068,MATERNAL II,conditional_logit_distance,oos_2024,oos,all,4.318508356762432,2023.0,CP CRECHE COMUNITÁRIA TIA NEIDE - GUARATIBA,36.0,parceira,matriculas_ano_anterior_proxy,True,-31.681491643237568,False
2024,10069,BERCARIO,conditional_logit_distance,oos_2024,oos,all,92.088439394905,2023.0,CP CRECHE E ESCOLA COMUNITÁRIA GENTE BAIXINHA II,16.0,parceira,matriculas_ano_anterior_proxy,True,76.088439394905,True
2024,10069,MATERNAL I,conditional_logit_distance,oos_2024,oos,all,44.611639407358126,2023.0,CP CRECHE E ESCOLA COMUNITÁRIA GENTE BAIXINHA II,17.0,parceira,matriculas_ano_anterior_proxy,True,27.611639407358126,True
2024,10069,MATERNAL II,conditional_logit_distance,oos_2024,oos,all,20.576422297819907,2023.0,CP CRECHE E ESCOLA COMUNITÁRIA GENTE BAIXINHA II,42.0,parceira,matriculas_ano_anterior_proxy,True,-21.423577702180093,False
2024,10070,BERCARIO,conditional_logit_distance,oos_2024,oos,all,35.618108015642605,2023.0,CP PEDACINHO DO CÉU,10.0,parceira,matriculas_ano_anterior_proxy,True,25.618108015642605,True
2024,10070,MATERNAL I,conditional_logit_distance,oos_2024,oos,all,19.241708329315667,2023.0,CP PEDACINHO DO CÉU,7.0,parceira,matriculas_ano_anterior_proxy,True,12.241708329315667,True
2024,10070,MATERNAL II,conditional_logit_distance,oos_2024,oos,all,9.407314164042052,2023.0,CP PEDACINHO DO CÉU,20.0,parceira,matriculas_ano_anterior_proxy,True,-10.592685835957948,False
2024,10071,BERCARIO,conditional_logit_distance,oos_2024,oos,all,19.086378726171063,2023.0,CP CRECHE COMUNITÁRIA ARTE & CULTURA - UNIDADE I,73.0,parceira,matriculas_ano_anterior_proxy,True,-53.91362127382894,False
2024,10071,MATERNAL I,conditional_logit_distance,oos_2024,oos,all,17.303738811232503,2023.0,CP CRECHE COMUNITÁRIA ARTE & CULTURA - UNIDADE I,125.0,parceira,matriculas_ano_anterior_proxy,True,-107.6962611887675,False
2024,10071,MATERNAL II,conditional_logit_distance,oos_2024,oos,all,6.823001550090725,2023.0,CP CRECHE COMUNITÁRIA ARTE & CULTURA - UNIDADE I,50.0,parceira,matriculas_ano_anterior_proxy,True,-43.17699844990928,False
2024,10072,BERCARIO,conditional_logit_distance,oos_2024,oos,all,319.5245173112577,2023.0,CP CRECHE COMUNITÁRIA DEUS É FIEL - UNIDADE X,24.0,parceira,matriculas_ano_anterior_proxy,True,295.5245173112577,True
2024,10072,MATERNAL I,conditional_logit_distance,oos_2024,oos,all,274.70508828364643,2023.0,CP CRECHE COMUNITÁRIA DEUS É FIEL - UNIDADE X,26.0,parceira,matriculas_ano_anterior_proxy,True,248.70508828364643,True
2024,10072,MATERNAL II,conditional_logit_distance,oos_2024,oos,all,196.08260488604097,2023.0,CP CRECHE COMUNITÁRIA DEUS É FIEL - UNIDADE X,73.0,parceira,matriculas_ano_anterior_proxy,True,123.08260488604097,True
2024,10073,BERCARIO,conditional_logit_distance,oos_2024,oos,all,18.15297143852665,2023.0,CP NINHO CARIOCA,18.0,parceira,matriculas_ano_anterior_proxy,True,0.15297143852664874,True
2024,10073,MATERNAL I,conditional_logit_distance,oos_2024,oos,all,11.925782689947953,2023.0,CP NINHO CARIOCA,59.0,parceira,matriculas_ano_anterior_proxy,True,-47.07421731005205,False
2024,10073,MATERNAL II,conditional_logit_distance,oos_2024,oos,all,7.366141331754897,2023.0,CP NINHO CARIOCA,75.0,parceira,matriculas_ano_anterior_proxy,True,-67.6338586682451,False
2024,10074,BERCARIO,conditional_logit_distance,oos_2024,oos,all,18.69316794537129,2023.0,CP CRECHE COMUNITÁRIA MUNDO MÁGICO II,34.0,parceira,matriculas_ano_anterior_proxy,True,-15.30683205462871,False
2024,10074,MATERNAL I,conditional_logit_distance,oos_2024,oos,all,9.990457842031583,2023.0,CP CRECHE COMUNITÁRIA MUNDO MÁGICO II,68.0,parceira,matriculas_ano_anterior_proxy,True,-58.00954215796842,False
2024,10074,MATERNAL II,conditional_logit_distance,oos_2024,oos,all,5.006338024271606,2023.0,CP CRECHE COMUNITÁRIA MUNDO MÁGICO II,18.0,parceira,matriculas_ano_anterior_proxy,True,-12.993661975728394,False
2024,10075,BERCARIO,conditional_logit_distance,oos_2024,oos,all,55.2112039197335,2023.0,CP CRECHE COMUNITÁRIA PEDACINHO DE CÉU,0.0,parceira,matriculas_ano_anterior_proxy,True,55.2112039197335,True
2024,10075,MATERNAL I,conditional_logit_distance,oos_2024,oos,all,32.352629537074144,2023.0,CP CRECHE COMUNITÁRIA PEDACINHO DE CÉU,41.0,parceira,matriculas_ano_anterior_proxy,True,-8.647370462925856,False
2024,10075,MATERNAL II,conditional_logit_distance,oos_2024,oos,all,15.872163291292711,2023.0,CP CRECHE COMUNITÁRIA PEDACINHO DE CÉU,19.0,parceira,matriculas_ano_anterior_proxy,True,-3.1278367087072887,False
2024,10076,BERCARIO,conditional_logit_distance,oos_2024,oos,all,27.802757427884952,2023.0,CP ESPAÇO DE DESENVOLVIMENTO INFANTIL MÃE GAIA - UNIDADE I,18.0,parceira,matriculas_ano_anterior_proxy,True,9.802757427884952,True
2024,10076,MATERNAL I,conditional_logit_distance,oos_2024,oos,all,16.316461166672486,2023.0,CP ESPAÇO DE DESENVOLVIMENTO INFANTIL MÃE GAIA - UNIDADE I,20.0,parceira,matriculas_ano_anterior_proxy,True,-3.683538833327514,False
2024,10076,MATERNAL II,conditional_logit_distance,oos_2024,oos,all,8.138891149386797,2023.0,CP ESPAÇO DE DESENVOLVIMENTO INFANTIL MÃE GAIA - UNIDADE I,20.0,parceira,matriculas_ano_anterior_proxy,True,-11.861108850613203,False
2024,10077,BERCARIO,conditional_logit_distance,oos_2024,oos,all,39.1385235796679,2023.0,CP CRECHE COMUNITÁRIA CANTINHO DO SABER,15.0,parceira,matriculas_ano_anterior_proxy,True,24.138523579667897,True
2024,10077,MATERNAL I,conditional_logit_distance,oos_2024,oos,all,23.245368669935463,2023.0,CP CRECHE COMUNITÁRIA CANTINHO DO SABER,19.0,parceira,matriculas_ano_anterior_proxy,True,4.245368669935463,True
2024,10077,MATERNAL II,conditional_logit_distance,oos_2024,oos,all,11.481587645871834,2023.0,CP CRECHE COMUNITÁRIA CANTINHO DO SABER,6.0,parceira,matriculas_ano_anterior_proxy,True,5.481587645871834,True
2024,10078,BERCARIO,conditional_logit_distance,oos_2024,oos,all,35.32770491475888,2023.0,CP CRECHE COMUNITÁRIA CRIANÇA FELIZ,34.0,parceira,matriculas_ano_anterior_proxy,True,1.3277049147588826,True
2024,10078,MATERNAL I,conditional_logit_distance,oos_2024,oos,all,20.580760486740434,2023.0,CP CRECHE COMUNITÁRIA CRIANÇA FELIZ,15.0,parceira,matriculas_ano_anterior_proxy,True,5.580760486740434,True
2024,10078,MATERNAL II,conditional_logit_distance,oos_2024,oos,all,10.29507898573158,2023.0,CP CRECHE COMUNITÁRIA CRIANÇA FELIZ,0.0,parceira,matriculas_ano_anterior_proxy,True,10.29507898573158,True
2024,10079,BERCARIO,conditional_logit_distance,oos_2024,oos,all,210.86906223940187,2023.0,CP CRECHE COMUNITÁRIA DEUS É FIEL - UNIDADE VIII,48.0,parceira,matriculas_ano_anterior_proxy,True,162.86906223940187,True
2024,10079,MATERNAL I,conditional_logit_distance,oos_2024,oos,all,75.56452862371214,2023.0,CP CRECHE COMUNITÁRIA DEUS É FIEL - UNIDADE VIII,87.0,parceira,matriculas_ano_anterior_proxy,True,-11.435471376287865,False
2024,10079,MATERNAL II,conditional_logit_distance,oos_2024,oos,all,50.55523054720048,2023.0,CP CRECHE COMUNITÁRIA DEUS É FIEL - UNIDADE VIII,89.0,parceira,matriculas_ano_anterior_proxy,True,-38.44476945279952,False
2024,10080,MATERNAL I,conditional_logit_distance,oos_2024,oos,all,9.957946431601744,,,,,,False,,
2024,10080,MATERNAL II,conditional_logit_distance,oos_2024,oos,all,4.682131319073325,,,,,,False,,
2024,10081,BERCARIO,conditional_logit_distance,oos_2024,oos,all,7.744084048496085,,,,,,False,,
2024,10081,MATERNAL I,conditional_logit_distance,oos_2024,oos,all,4.230834304170069,,,,,,False,,
2024,10081,MATERNAL II,conditional_logit_distance,oos_2024,oos,all,3.0860379498074817,,,,,,False,,
2024,10082,BERCARIO,conditional_logit_distance,oos_2024,oos,all,46.412099277313686,,,,,,False,,
2024,10082,MATERNAL I,conditional_logit_distance,oos_2024,oos,all,25.27176861560492,,,,,,False,,
2024,10082,MATERNAL II,conditional_logit_distance,oos_2024,oos,all,12.17238592385788,,,,,,False,,
2024,10083,BERCARIO,conditional_logit_distance,oos_2024,oos,all,21.13021763508933,,,,,,False,,
2024,10083,MATERNAL I,conditional_logit_distance,oos_2024,oos,all,14.833934285863446,,,,,,False,,
2024,10083,MATERNAL II,conditional_logit_distance,oos_2024,oos,all,9.4902011829509,,,,,,False,,
2024,10084,BERCARIO,conditional_logit_distance,oos_2024,oos,all,15.68906118058693,,,,,,False,,
2024,10084,MATERNAL I,conditional_logit_distance,oos_2024,oos,all,9.26136140890453,,,,,,False,,
2024,10084,MATERNAL II,conditional_logit_distance,oos_2024,oos,all,5.646624633831364,,,,,,False,,
2024,10085,MATERNAL I,conditional_logit_distance,oos_2024,oos,all,26.164104652072943,,,,,,False,,
2024,10085,MATERNAL II,conditional_logit_distance,oos_2024,oos,all,17.53954343738415,,,,,,False,,
2024,1019601,MATERNAL I,conditional_logit_distance,oos_2024,oos,all,7.201360178654517,2023.0,CM SEMPRE VIDA VALE DO SOL,25.0,publica,matriculas_ano_anterior_proxy,True,-17.798639821345482,False
2024,1019601,MATERNAL II,conditional_logit_distance,oos_2024,oos,all,3.6089178687813073,2023.0,CM SEMPRE VIDA VALE DO SOL,0.0,publica,matriculas_ano_anterior_proxy,True,3.6089178687813073,True
2024,1019602,BERCARIO,conditional_logit_distance,oos_2024,oos,all,55.10926834284509,2023.0,CM SEMPRE VIDA ANTARES,25.0,publica,matriculas_ano_anterior_proxy,True,30.10926834284509,True
2024,1019602,MATERNAL I,conditional_logit_distance,oos_2024,oos,all,31.571174028456888,2023.0,CM SEMPRE VIDA ANTARES,53.0,publica,matriculas_ano_anterior_proxy,True,-21.428825971543112,False
2024,1019602,MATERNAL II,conditional_logit_distance,oos_2024,oos,all,15.361453344485405,2023.0,CM SEMPRE VIDA ANTARES,0.0,publica,matriculas_ano_anterior_proxy,True,15.361453344485405,True
2024,1019603,MATERNAL I,conditional_logit_distance,oos_2024,oos,all,40.91846997171287,2023.0,CM JARDIM DOS VIEIRAS,22.0,publica,matriculas_ano_anterior_proxy,True,18.918469971712867,True
2024,1019603,MATERNAL II,conditional_logit_distance,oos_2024,oos,all,18.93688425481048,2023.0,CM JARDIM DOS VIEIRAS,0.0,publica,matriculas_ano_anterior_proxy,True,18.93688425481048,True
2024,1019604,MATERNAL I,conditional_logit_distance,oos_2024,oos,all,7.251830304166899,2023.0,CM AYRTON SENNA,39.0,publica,matriculas_ano_anterior_proxy,True,-31.748169695833102,False
2024,1019604,MATERNAL II,conditional_logit_distance,oos_2024,oos,all,3.633449613079701,2023.0,CM AYRTON SENNA,0.0,publica,matriculas_ano_anterior_proxy,True,3.633449613079701,True
2024,1019605,MATERNAL I,conditional_logit_distance,oos_2024,oos,all,20.46237677802994,2023.0,CM MARLENE DA SILVA CARDOSO,24.0,publica,matriculas_ano_anterior_proxy,True,-3.5376232219700583,False
2024,1019605,MATERNAL II,conditional_logit_distance,oos_2024,oos,all,10.0640588598159,2023.0,CM MARLENE DA SILVA CARDOSO,0.0,publica,matriculas_ano_anterior_proxy,True,10.0640588598159,True
2024,1019606,MATERNAL I,conditional_logit_distance,oos_2024,oos,all,151.798055023196,2023.0,CM TRINTA E UM DE OUTUBRO,0.0,publica,matriculas_ano_anterior_proxy,True,151.798055023196,True
2024,1019606,MATERNAL II,conditional_logit_distance,oos_2024,oos,all,67.4426990660052,2023.0,CM TRINTA E UM DE OUTUBRO,39.0,publica,matriculas_ano_anterior_proxy,True,28.442699066005204,True
2024,1019607,MATERNAL I,conditional_logit_distance,oos_2024,oos,all,41.77327017353242,2023.0,CM ADALTO BASTOS,27.0,publica,matriculas_ano_anterior_proxy,True,14.773270173532417,True
2024,1019607,MATERNAL II,conditional_logit_distance,oos_2024,oos,all,19.25013720055751,2023.0,CM ADALTO BASTOS,0.0,publica,matriculas_ano_anterior_proxy,True,19.25013720055751,True
2024,1019609,BERCARIO,conditional_logit_distance,oos_2024,oos,all,5.707454729020498,2023.0,CM CANTINHO DA TIA DOLORES,46.0,publica,matriculas_ano_anterior_proxy,True,-40.2925452709795,False
2024,1019609,MATERNAL I,conditional_logit_distance,oos_2024,oos,all,3.3046280192877773,2023.0,CM CANTINHO DA TIA DOLORES,24.0,publica,matriculas_ano_anterior_proxy,True,-20.695371980712224,False
2024,1019609,MATERNAL II,conditional_logit_distance,oos_2024,oos,all,1.6961705959138222,2023.0,CM CANTINHO DA TIA DOLORES,0.0,publica,matriculas_ano_anterior_proxy,True,1.6961705959138222,True
2024,1019610,MATERNAL I,conditional_logit_distance,oos_2024,oos,all,9.589865188556118,2023.0,CM CHAVE DO TAMANHO,22.0,publica,matriculas_ano_anterior_proxy,True,-12.410134811443882,False
2024,1019610,MATERNAL II,conditional_logit_distance,oos_2024,oos,all,5.913612503904352,2023.0,CM CHAVE DO TAMANHO,0.0,publica,matriculas_ano_anterior_proxy,True,5.913612503904352,True
2024,1019611,MATERNAL I,conditional_logit_distance,oos_2024,oos,all,80.93636106264923,2023.0,CM CRIANÇA FELIZ,18.0,publica,matriculas_ano_anterior_proxy,True,62.936361062649226,True
2024,1019611,MATERNAL II,conditional_logit_distance,oos_2024,oos,all,39.3941679397816,2023.0,CM CRIANÇA FELIZ,0.0,publica,matriculas_ano_anterior_proxy,True,39.3941679397816,True
2024,1019612,BERCARIO,conditional_logit_distance,oos_2024,oos,all,78.62157914377158,2023.0,CM DANIELA PEREZ,73.0,publica,matriculas_ano_anterior_proxy,True,5.621579143771584,True
2024,1019612,MATERNAL I,conditional_logit_distance,oos_2024,oos,all,38.20221477994984,2023.0,CM DANIELA PEREZ,26.0,publica,matriculas_ano_anterior_proxy,True,12.202214779949841,True
2024,1019612,MATERNAL II,conditional_logit_distance,oos_2024,oos,all,35.258057642980624,2023.0,CM DANIELA PEREZ,46.0,publica,matriculas_ano_anterior_proxy,True,-10.741942357019376,False
2024,1019613,MATERNAL I,conditional_logit_distance,oos_2024,oos,all,40.58698721076664,2023.0,CM DJANIRA MARIA RAMOS,0.0,publica,matriculas_ano_anterior_proxy,True,40.58698721076664,True
2024,1019613,MATERNAL II,conditional_logit_distance,oos_2024,oos,all,18.68491830621227,2023.0,CM DJANIRA MARIA RAMOS,50.0,publica,matriculas_ano_anterior_proxy,True,-31.31508169378773,False
2024,1019614,BERCARIO,conditional_logit_distance,oos_2024,oos,all,10.86529494869708,2023.0,CM INSPETOR HERALDO CARVALHO DE SOUSA,48.0,publica,matriculas_ano_anterior_proxy,True,-37.134705051302916,False
2024,1019614,MATERNAL I,conditional_logit_distance,oos_2024,oos,all,5.974469918349579,2023.0,CM INSPETOR HERALDO CARVALHO DE SOUSA,0.0,publica,matriculas_ano_anterior_proxy,True,5.974469918349579,True
2024,1019614,MATERNAL II,conditional_logit_distance,oos_2024,oos,all,3.171234522737121,2023.0,CM INSPETOR HERALDO CARVALHO DE SOUSA,96.0,publica,matriculas_ano_anterior_proxy,True,-92.82876547726288,False
2024,1019615,MATERNAL I,conditional_logit_distance,oos_2024,oos,all,27.34348797460418,2023.0,CM MARCOLINA,15.0,publica,matriculas_ano_anterior_proxy,True,12.34348797460418,True
2024,1019615,MATERNAL II,conditional_logit_distance,oos_2024,oos,all,13.395947006630465,2023.0,CM MARCOLINA,0.0,publica,matriculas_ano_anterior_proxy,True,13.395947006630465,True
2024,1019616,MATERNAL I,conditional_logit_distance,oos_2024,oos,all,19.194209120580297,2023.0,CM MARIA HELENA PAPERA MONTEIRO,45.0,publica,matriculas_ano_anterior_proxy,True,-25.805790879419703,False
2024,1019616,MATERNAL II,conditional_logit_distance,oos_2024,oos,all,9.345758678865128,2023.0,CM MARIA HELENA PAPERA MONTEIRO,0.0,publica,matriculas_ano_anterior_proxy,True,9.345758678865128,True
2024,1019618,MATERNAL I,conditional_logit_distance,oos_2024,oos,all,9.446718914845802,2023.0,CM LEUZA MARINS NOVAES S. SANTOS,49.0,publica,matriculas_ano_anterior_proxy,True,-39.5532810851542,False
2024,1019618,MATERNAL II,conditional_logit_distance,oos_2024,oos,all,4.704535167729231,2023.0,CM LEUZA MARINS NOVAES S. SANTOS,0.0,publica,matriculas_ano_anterior_proxy,True,4.704535167729231,True
2024,1019619,MATERNAL I,conditional_logit_distance,oos_2024,oos,all,3.4138227599100404,2023.0,CM SANTA TEREZINHA,18.0,publica,matriculas_ano_anterior_proxy,True,-14.58617724008996,False
2024,1019619,MATERNAL II,conditional_logit_distance,oos_2024,oos,all,1.75163658431434,2023.0,CM SANTA TEREZINHA,0.0,publica,matriculas_ano_anterior_proxy,True,1.75163658431434,True
2024,1019620,BERCARIO,conditional_logit_distance,oos_2024,oos,all,168.08515776894612,2023.0,CM SEMENTINHA DO AMOR,16.0,publica,matriculas_ano_anterior_proxy,True,152.08515776894612,True
2024,1019620,MATERNAL I,conditional_logit_distance,oos_2024,oos,all,101.24912003906852,2023.0,CM SEMENTINHA DO AMOR,13.0,publica,matriculas_ano_anterior_proxy,True,88.24912003906852,True
2024,1019620,MATERNAL II,conditional_logit_distance,oos_2024,oos,all,49.25783958470969,2023.0,CM SEMENTINHA DO AMOR,0.0,publica,matriculas_ano_anterior_proxy,True,49.25783958470969,True
2024,1019621,MATERNAL I,conditional_logit_distance,oos_2024,oos,all,31.949996471036325,2023.0,CM SEMPRE VIDA ESTRELA DO ALAGADO,19.0,publica,matriculas_ano_anterior_proxy,True,12.949996471036325,True
2024,1019621,MATERNAL II,conditional_logit_distance,oos_2024,oos,all,21.10707756416073,2023.0,CM SEMPRE VIDA ESTRELA DO ALAGADO,0.0,publica,matriculas_ano_anterior_proxy,True,21.10707756416073,True
2024,1019623,BERCARIO,conditional_logit_distance,oos_2024,oos,all,127.3872518419308,2023.0,CM SEMPRE VIDA TERRA DA PAZ,23.0,publica,matriculas_ano_anterior_proxy,True,104.3872518419308,True
2024,1019623,MATERNAL I,conditional_logit_distance,oos_2024,oos,all,60.33502331760055,2023.0,CM SEMPRE VIDA TERRA DA PAZ,0.0,publica,matriculas_ano_anterior_proxy,True,60.33502331760055,True
2024,1019623,MATERNAL II,conditional_logit_distance,oos_2024,oos,all,27.419068569010275,2023.0,CM SEMPRE VIDA TERRA DA PAZ,34.0,publica,matriculas_ano_anterior_proxy,True,-6.580931430989725,False
2024,1019624,MATERNAL II,conditional_logit_distance,oos_2024,oos,all,2.5557005522235534,2023.0,CM ZACARIAS - O TRAPALHÃO,0.0,publica,matriculas_ano_anterior_proxy,True,2.5557005522235534,True
2024,1019625,MATERNAL I,conditional_logit_distance,oos_2024,oos,all,13.36508992299614,2023.0,CM NARIZINHO,15.0,publica,matriculas_ano_anterior_proxy,True,-1.6349100770038607,False
2024,1019625,MATERNAL II,conditional_logit_distance,oos_2024,oos,all,8.196524903254172,2023.0,CM NARIZINHO,0.0,publica,matriculas_ano_anterior_proxy,True,8.196524903254172,True
2024,1019626,MATERNAL I,conditional_logit_distance,oos_2024,oos,all,10.555749241511572,2023.0,CM PEDRINHO,16.0,publica,matriculas_ano_anterior_proxy,True,-5.444250758488428,False
2024,1019626,MATERNAL II,conditional_logit_distance,oos_2024,oos,all,6.071975882801614,2023.0,CM PEDRINHO,0.0,publica,matriculas_ano_anterior_proxy,True,6.071975882801614,True
2024,1019627,BERCARIO,conditional_logit_distance,oos_2024,oos,all,21.96300156529144,2023.0,CM VOVÓ BENTA,24.0,publica,matriculas_ano_anterior_proxy,True,-2.0369984347085612,False
2024,1019627,MATERNAL I,conditional_logit_distance,oos_2024,oos,all,10.296370405274953,2023.0,CM VOVÓ BENTA,16.0,publica,matriculas_ano_anterior_proxy,True,-5.703629594725047,False
2024,1019627,MATERNAL II,conditional_logit_distance,oos_2024,oos,all,5.925273290058359,2023.0,CM VOVÓ BENTA,0.0,publica,matriculas_ano_anterior_proxy,True,5.925273290058359,True
2024,1019628,BERCARIO,conditional_logit_distance,oos_2024,oos,all,132.6422801696145,2023.0,CM IRINÉA DOS SANTOS PAIVA,24.0,publica,matriculas_ano_anterior_proxy,True,108.64228016961451,True
2024,1019628,MATERNAL I,conditional_logit_distance,oos_2024,oos,all,79.71323292553309,2023.0,CM IRINÉA DOS SANTOS PAIVA,22.0,publica,matriculas_ano_anterior_proxy,True,57.71323292553309,True
2024,1019628,MATERNAL II,conditional_logit_distance,oos_2024,oos,all,38.846230700824286,2023.0,CM IRINÉA DOS SANTOS PAIVA,0.0,publica,matriculas_ano_anterior_proxy,True,38.846230700824286,True
2024,1019630,MATERNAL I,conditional_logit_distance,oos_2024,oos,all,30.98521523445387,2023.0,CM ESTRELA DALVA,24.0,publica,matriculas_ano_anterior_proxy,True,6.985215234453872,True
2024,1019630,MATERNAL II,conditional_logit_distance,oos_2024,oos,all,15.121498971685192,2023.0,CM ESTRELA DALVA,0.0,publica,matriculas_ano_anterior_proxy,True,15.121498971685192,True
2024,1019631,BERCARIO,conditional_logit_distance,oos_2024,oos,all,40.923571572260194,2023.0,CM TIA HILDA MACEDO,23.0,publica,matriculas_ano_anterior_proxy,True,17.923571572260194,True
2024,1019631,MATERNAL I,conditional_logit_distance,oos_2024,oos,all,21.67347017358304,2023.0,CM TIA HILDA MACEDO,75.0,publica,matriculas_ano_anterior_proxy,True,-53.32652982641696,False
2024,1019632,BERCARIO,conditional_logit_distance,oos_2024,oos,all,17.6067578622806,2023.0,CM MIRIAM PIRES,50.0,publica,matriculas_ano_anterior_proxy,True,-32.3932421377194,False
2024,1019632,MATERNAL I,conditional_logit_distance,oos_2024,oos,all,9.465577335141449,2023.0,CM MIRIAM PIRES,0.0,publica,matriculas_ano_anterior_proxy,True,9.465577335141449,True
2024,1019632,MATERNAL II,conditional_logit_distance,oos_2024,oos,all,4.781036334805887,2023.0,CM MIRIAM PIRES,71.0,publica,matriculas_ano_anterior_proxy,True,-66.21896366519411,False
2024,1019633,MATERNAL I,conditional_logit_distance,oos_2024,oos,all,13.80377823298848,2023.0,CM MERILUCE DE OLIVEIRA MÜLLER,25.0,publica,matriculas_ano_anterior_proxy,True,-11.19622176701152,False
2024,1019633,MATERNAL II,conditional_logit_distance,oos_2024,oos,all,7.104796707472732,2023.0,CM MERILUCE DE OLIVEIRA MÜLLER,0.0,publica,matriculas_ano_anterior_proxy,True,7.104796707472732,True
2024,1019801,BERCARIO,conditional_logit_distance,oos_2024,oos,all,42.64487166494043,2023.0,EDI SARGENTO IZO GOMES PATRÍCIO,48.0,publica,matriculas_ano_anterior_proxy,True,-5.355128335059568,False
2024,1019801,MATERNAL I,conditional_logit_distance,oos_2024,oos,all,22.902362767879904,2023.0,EDI SARGENTO IZO GOMES PATRÍCIO,25.0,publica,matriculas_ano_anterior_proxy,True,-2.0976372321200962,False
2024,1019801,MATERNAL II,conditional_logit_distance,oos_2024,oos,all,11.002758623196968,2023.0,EDI SARGENTO IZO GOMES PATRÍCIO,0.0,publica,matriculas_ano_anterior_proxy,True,11.002758623196968,True
2024,1019802,MATERNAL I,conditional_logit_distance,oos_2024,oos,all,42.642482897012655,2023.0,EDI LARISSA DOS SANTOS ATANAZIO,25.0,publica,matriculas_ano_anterior_proxy,True,17.642482897012655,True
2024,1019802,MATERNAL II,conditional_logit_distance,oos_2024,oos,all,19.56375264182168,2023.0,EDI LARISSA DOS SANTOS ATANAZIO,0.0,publica,matriculas_ano_anterior_proxy,True,19.56375264182168,True
2024,1019803,BERCARIO,conditional_logit_distance,oos_2024,oos,all,17.759902824048208,2023.0,EDI LARYSSA SILVA MARTINS,50.0,publica,matriculas_ano_anterior_proxy,True,-32.24009717595179,False
2024,1019803,MATERNAL I,conditional_logit_distance,oos_2024,oos,all,10.491563520916705,2023.0,EDI LARYSSA SILVA MARTINS,49.0,publica,matriculas_ano_anterior_proxy,True,-38.508436479083294,False
2024,1019803,MATERNAL II,conditional_logit_distance,oos_2024,oos,all,5.215255606176001,2023.0,EDI LARYSSA SILVA MARTINS,0.0,publica,matriculas_ano_anterior_proxy,True,5.215255606176001,True
2024,1019804,MATERNAL I,conditional_logit_distance,oos_2024,oos,all,21.61493677040265,2023.0,EDI PROFESSORA MARIA LUIZA JOBIM DE QUEIROZ,18.0,publica,matriculas_ano_anterior_proxy,True,3.6149367704026503,True
2024,1019804,MATERNAL II,conditional_logit_distance,oos_2024,oos,all,14.14734169267536,2023.0,EDI PROFESSORA MARIA LUIZA JOBIM DE QUEIROZ,0.0,publica,matriculas_ano_anterior_proxy,True,14.14734169267536,True
2024,1019805,MATERNAL I,conditional_logit_distance,oos_2024,oos,all,45.80959193597058,2023.0,EDI PROFESSOR CELSO DE ALMEIDA CHAVES,16.0,publica,matriculas_ano_anterior_proxy,True,29.80959193597058,True
2024,1019805,MATERNAL II,conditional_logit_distance,oos_2024,oos,all,22.408463206841574,2023.0,EDI PROFESSOR CELSO DE ALMEIDA CHAVES,0.0,publica,matriculas_ano_anterior_proxy,True,22.408463206841574,True
2024,1019806,MATERNAL I,conditional_logit_distance,oos_2024,oos,all,7.098133017320582,2023.0,EDI PROFESSOR RUBEM GONÇALVES,26.0,publica,matriculas_ano_anterior_proxy,True,-18.90186698267942,False
2024,1019806,MATERNAL II,conditional_logit_distance,oos_2024,oos,all,3.5742438700212653,2023.0,EDI PROFESSOR RUBEM GONÇALVES,0.0,publica,matriculas_ano_anterior_proxy,True,3.5742438700212653,True
2024,1019807,MATERNAL I,conditional_logit_distance,oos_2024,oos,all,6.485342242269677,2023.0,EDI PROFESSOR ANTONIO ALFREDO MERCADANTE,25.0,publica,matriculas_ano_anterior_proxy,True,-18.514657757730323,False
2024,1019807,MATERNAL II,conditional_logit_distance,oos_2024,oos,all,3.2859690925057854,2023.0,EDI PROFESSOR ANTONIO ALFREDO MERCADANTE,0.0,publica,matriculas_ano_anterior_proxy,True,3.2859690925057854,True
2024,1019808,MATERNAL I,conditional_logit_distance,oos_2024,oos,all,12.137083813001055,2023.0,EDI GEÓGRAFO AZIZ AB' SABER,22.0,publica,matriculas_ano_anterior_proxy,True,-9.862916186998945,False
2024,1019808,MATERNAL II,conditional_logit_distance,oos_2024,oos,all,5.978973522876991,2023.0,EDI GEÓGRAFO AZIZ AB' SABER,0.0,publica,matriculas_ano_anterior_proxy,True,5.978973522876991,True
2024,1019809,BERCARIO,conditional_logit_distance,oos_2024,oos,all,35.974161384668136,2023.0,EDI PROFESSORA CARMEN FRAGA DE ARAÚJO,14.0,publica,matriculas_ano_anterior_proxy,True,21.974161384668136,True
2024,1019809,MATERNAL I,conditional_logit_distance,oos_2024,oos,all,20.98108176273869,2023.0,EDI PROFESSORA CARMEN FRAGA DE ARAÚJO,25.0,publica,matriculas_ano_anterior_proxy,True,-4.01891823726131,False
2024,1019809,MATERNAL II,conditional_logit_distance,oos_2024,oos,all,10.48663850852502,2023.0,EDI PROFESSORA CARMEN FRAGA DE ARAÚJO,0.0,publica,matriculas_ano_anterior_proxy,True,10.48663850852502,True
2024,1019810,MATERNAL I,conditional_logit_distance,oos_2024,oos,all,50.22130385155586,2023.0,EDI PROFESSORA ROSELE NICOLAU JORGE COUTINHO,24.0,publica,matriculas_ano_anterior_proxy,True,26.22130385155586,True
2024,1019810,MATERNAL II,conditional_logit_distance,oos_2024,oos,all,24.478347148116757,2023.0,EDI PROFESSORA ROSELE NICOLAU JORGE COUTINHO,0.0,publica,matriculas_ano_anterior_proxy,True,24.478347148116757,True
2024,1019811,MATERNAL II,conditional_logit_distance,oos_2024,oos,all,3.193149702612889,2023.0,EDI PROFESSORA RAQUEL KELLY LANERA,0.0,publica,matriculas_ano_anterior_proxy,True,3.193149702612889,True
2024,1019815,MATERNAL I,conditional_logit_distance,oos_2024,oos,all,26.43326313160215,2023.0,EDI JOÃO CORRÊA,0.0,publica,matriculas_ano_anterior_proxy,True,26.43326313160215,True
2024,1019815,MATERNAL II,conditional_logit_distance,oos_2024,oos,all,12.489435548059792,2023.0,EDI JOÃO CORRÊA,50.0,publica,matriculas_ano_anterior_proxy,True,-37.51056445194021,False
2024,1019818,MATERNAL I,conditional_logit_distance,oos_2024,oos,all,34.60884834706146,2023.0,EDI RENÉE BISCAIA RAPOSO,41.0,publica,matriculas_ano_anterior_proxy,True,-6.3911516529385395,False
2024,1019818,MATERNAL II,conditional_logit_distance,oos_2024,oos,all,16.253216119355038,2023.0,EDI RENÉE BISCAIA RAPOSO,0.0,publica,matriculas_ano_anterior_proxy,True,16.253216119355038,True
2024,1019820,BERCARIO,conditional_logit_distance,oos_2024,oos,all,16.43762114516382,2023.0,EDI INAIÁ WANDERLEY CARMO,23.0,publica,matriculas_ano_anterior_proxy,True,-6.562378854836179,False
2024,1019820,MATERNAL I,conditional_logit_distance,oos_2024,oos,all,7.239848919128455,2023.0,EDI INAIÁ WANDERLEY CARMO,25.0,publica,matriculas_ano_anterior_proxy,True,-17.760151080871545,False
2024,1019820,MATERNAL II,conditional_logit_distance,oos_2024,oos,all,4.342287975607876,2023.0,EDI INAIÁ WANDERLEY CARMO,0.0,publica,matriculas_ano_anterior_proxy,True,4.342287975607876,True
2024,1019821,BERCARIO,conditional_logit_distance,oos_2024,oos,all,11.41931668362502,2023.0,EDI PROFESSORA SOLANGE INÁCIA DE SÁ DE LACERDA,46.0,publica,matriculas_ano_anterior_proxy,True,-34.58068331637498,False
2024,1019821,MATERNAL I,conditional_logit_distance,oos_2024,oos,all,6.695311198606957,2023.0,EDI PROFESSORA SOLANGE INÁCIA DE SÁ DE LACERDA,25.0,publica,matriculas_ano_anterior_proxy,True,-18.30468880139304,False
2024,1019821,MATERNAL II,conditional_logit_distance,oos_2024,oos,all,3.3621400005820083,2023.0,EDI PROFESSORA SOLANGE INÁCIA DE SÁ DE LACERDA,0.0,publica,matriculas_ano_anterior_proxy,True,3.3621400005820083,True
2024,1019822,BERCARIO,conditional_logit_distance,oos_2024,oos,all,22.106923893315287,2023.0,EDI PROFESSORA KATIA MIRANDA SANTOS,27.0,publica,matriculas_ano_anterior_proxy,True,-4.893076106684713,False
2024,1019822,MATERNAL I,conditional_logit_distance,oos_2024,oos,all,10.53480522199778,2023.0,EDI PROFESSORA KATIA MIRANDA SANTOS,26.0,publica,matriculas_ano_anterior_proxy,True,-15.46519477800222,False
2024,1019822,MATERNAL II,conditional_logit_distance,oos_2024,oos,all,6.011744629980768,2023.0,EDI PROFESSORA KATIA MIRANDA SANTOS,0.0,publica,matriculas_ano_anterior_proxy,True,6.011744629980768,True
2024,1019824,MATERNAL I,conditional_logit_distance,oos_2024,oos,all,10.573792757840703,2023.0,EDI PROFESSORA LILIA CHAVES DA COSTA,29.0,publica,matriculas_ano_anterior_proxy,True,-18.426207242159297,False
2024,1019824,MATERNAL II,conditional_logit_distance,oos_2024,oos,all,6.068363403698156,2023.0,EDI PROFESSORA LILIA CHAVES DA COSTA,0.0,publica,matriculas_ano_anterior_proxy,True,6.068363403698156,True
2024,1019826,BERCARIO,conditional_logit_distance,oos_2024,oos,all,58.14803853240806,2023.0,EDI THAMIRIS DE ANDRADE DA SILVA SANTOS,22.0,publica,matriculas_ano_anterior_proxy,True,36.14803853240806,True
2024,1019826,MATERNAL I,conditional_logit_distance,oos_2024,oos,all,21.78547257239963,2023.0,EDI THAMIRIS DE ANDRADE DA SILVA SANTOS,46.0,publica,matriculas_ano_anterior_proxy,True,-24.21452742760037,False
2024,1019826,MATERNAL II,conditional_logit_distance,oos_2024,oos,all,14.264496755184751,2023.0,EDI THAMIRIS DE ANDRADE DA SILVA SANTOS,0.0,publica,matriculas_ano_anterior_proxy,True,14.264496755184751,True
2024,1019827,BERCARIO,conditional_logit_distance,oos_2024,oos,all,36.61907625131354,2023.0,EDI MEDALHISTA OLÍMPICA POLIANA OKIMOTO,24.0,publica,matriculas_ano_anterior_proxy,True,12.619076251313537,True
2024,1019827,MATERNAL I,conditional_logit_distance,oos_2024,oos,all,20.671162135193548,2023.0,EDI MEDALHISTA OLÍMPICA POLIANA OKIMOTO,42.0,publica,matriculas_ano_anterior_proxy,True,-21.328837864806452,False
2024,1019827,MATERNAL II,conditional_logit_distance,oos_2024,oos,all,10.188485983989882,2023.0,EDI MEDALHISTA OLÍMPICA POLIANA OKIMOTO,0.0,publica,matriculas_ano_anterior_proxy,True,10.188485983989882,True
2024,1019828,BERCARIO,conditional_logit_distance,oos_2024,oos,all,35.83063247595187,2023.0,EDI MEDALHISTA OLÍMPICO ERLON DE SOUZA SILVA,26.0,publica,matriculas_ano_anterior_proxy,True,9.830632475951873,True
2024,1019828,MATERNAL I,conditional_logit_distance,oos_2024,oos,all,20.21030675240974,2023.0,EDI MEDALHISTA OLÍMPICO ERLON DE SOUZA SILVA,44.0,publica,matriculas_ano_anterior_proxy,True,-23.78969324759026,False
2024,1019828,MATERNAL II,conditional_logit_distance,oos_2024,oos,all,9.970511315719316,2023.0,EDI MEDALHISTA OLÍMPICO ERLON DE SOUZA SILVA,0.0,publica,matriculas_ano_anterior_proxy,True,9.970511315719316,True
2024,1019829,BERCARIO,conditional_logit_distance,oos_2024,oos,all,189.42738505787008,2023.0,EDI ERASMO CARLOS,24.0,publica,matriculas_ano_anterior_proxy,True,165.42738505787008,True
2024,1019829,MATERNAL I,conditional_logit_distance,oos_2024,oos,all,114.25144708566282,2023.0,EDI ERASMO CARLOS,25.0,publica,matriculas_ano_anterior_proxy,True,89.25144708566282,True
2024,1019829,MATERNAL II,conditional_logit_distance,oos_2024,oos,all,55.58052052207555,2023.0,EDI ERASMO CARLOS,0.0,publica,matriculas_ano_anterior_proxy,True,55.58052052207555,True
2024,1019830,BERCARIO,conditional_logit_distance,oos_2024,oos,all,189.42738505787008,2023.0,EDI GAL COSTA,24.0,publica,matriculas_ano_anterior_proxy,True,165.42738505787008,True
2024,1019830,MATERNAL I,conditional_logit_distance,oos_2024,oos,all,114.25144708566282,2023.0,EDI GAL COSTA,25.0,publica,matriculas_ano_anterior_proxy,True,89.25144708566282,True
2024,1019830,MATERNAL II,conditional_logit_distance,oos_2024,oos,all,55.58052052207555,2023.0,EDI GAL COSTA,0.0,publica,matriculas_ano_anterior_proxy,True,55.58052052207555,True
2024,1019831,BERCARIO,conditional_logit_distance,oos_2024,oos,all,11.428242203750465,2023.0,EDI PROFESSORA MARIA MESQUITA DE SIQUEIRA,48.0,publica,matriculas_ano_anterior_proxy,True,-36.571757796249535,False
2024,1019831,MATERNAL I,conditional_logit_distance,oos_2024,oos,all,6.352157565106272,2023.0,EDI PROFESSORA MARIA MESQUITA DE SIQUEIRA,48.0,publica,matriculas_ano_anterior_proxy,True,-41.647842434893725,False
2024,1019831,MATERNAL II,conditional_logit_distance,oos_2024,oos,all,3.222721382011516,2023.0,EDI PROFESSORA MARIA MESQUITA DE SIQUEIRA,0.0,publica,matriculas_ano_anterior_proxy,True,3.222721382011516,True
2024,1026601,BERCARIO,conditional_logit_distance,oos_2024,oos,all,19.86918924914951,2023.0,CM SONHO DE CRIANÇA,32.0,publica,matriculas_ano_anterior_proxy,True,-12.13081075085049,False
2024,1026601,MATERNAL I,conditional_logit_distance,oos_2024,oos,all,15.467649476372582,2023.0,CM SONHO DE CRIANÇA,0.0,publica,matriculas_ano_anterior_proxy,True,15.467649476372582,True
2024,1026601,MATERNAL II,conditional_logit_distance,oos_2024,oos,all,10.578623533721098,2023.0,CM SONHO DE CRIANÇA,56.0,publica,matriculas_ano_anterior_proxy,True,-45.4213764662789,False
2024,1026602,MATERNAL I,conditional_logit_distance,oos_2024,oos,all,8.532955842449415,2023.0,CM NOSSA SENHORA DA GLÓRIA,21.0,publica,matriculas_ano_anterior_proxy,True,-12.467044157550585,False
2024,1026602,MATERNAL II,conditional_logit_distance,oos_2024,oos,all,5.506050731015695,2023.0,CM NOSSA SENHORA DA GLÓRIA,0.0,publica,matriculas_ano_anterior_proxy,True,5.506050731015695,True
2024,1026603,MATERNAL I,conditional_logit_distance,oos_2024,oos,all,10.193123163485293,2023.0,CM SEMPRE VIDA COLÔNIA DOS PESCADORES,42.0,publica,matriculas_ano_anterior_proxy,True,-31.806876836514707,False
2024,1026603,MATERNAL II,conditional_logit_distance,oos_2024,oos,all,4.75068512230398,2023.0,CM SEMPRE VIDA COLÔNIA DOS PESCADORES,0.0,publica,matriculas_ano_anterior_proxy,True,4.75068512230398,True
2024,1026604,BERCARIO,conditional_logit_distance,oos_2024,oos,all,13.432501950987554,2023.0,CM JOSEPHA FERREIRA DA COSTA,50.0,publica,matriculas_ano_anterior_proxy,True,-36.56749804901244,False
2024,1026604,MATERNAL I,conditional_logit_distance,oos_2024,oos,all,8.929512963243873,2023.0,CM JOSEPHA FERREIRA DA COSTA,0.0,publica,matriculas_ano_anterior_proxy,True,8.929512963243873,True
2024,1026604,MATERNAL II,conditional_logit_distance,oos_2024,oos,all,5.710713186401301,2023.0,CM JOSEPHA FERREIRA DA COSTA,94.0,publica,matriculas_ano_anterior_proxy,True,-88.2892868135987,False
2024,1026801,BERCARIO,conditional_logit_distance,oos_2024,oos,all,11.503787795854333,2023.0,EDI SAMIRA PIRES RIBEIRO,23.0,publica,matriculas_ano_anterior_proxy,True,-11.496212204145667,False
2024,1026801,MATERNAL I,conditional_logit_distance,oos_2024,oos,all,7.937408815772774,2023.0,EDI SAMIRA PIRES RIBEIRO,21.0,publica,matriculas_ano_anterior_proxy,True,-13.062591184227227,False
2024,1026801,MATERNAL II,conditional_logit_distance,oos_2024,oos,all,3.9215951701726697,2023.0,EDI SAMIRA PIRES RIBEIRO,0.0,publica,matriculas_ano_anterior_proxy,True,3.9215951701726697,True
2024,1026802,BERCARIO,conditional_logit_distance,oos_2024,oos,all,19.7258145350876,2023.0,EDI MARCOS FLAMÍNIO PORTUGAL PINTO,26.0,publica,matriculas_ano_anterior_proxy,True,-6.274185464912399,False
2024,1026802,MATERNAL I,conditional_logit_distance,oos_2024,oos,all,17.00565914079124,2023.0,EDI MARCOS FLAMÍNIO PORTUGAL PINTO,0.0,publica,matriculas_ano_anterior_proxy,True,17.00565914079124,True
2024,1026802,MATERNAL II,conditional_logit_distance,oos_2024,oos,all,7.35706302711591,2023.0,EDI MARCOS FLAMÍNIO PORTUGAL PINTO,95.0,publica,matriculas_ano_anterior_proxy,True,-87.64293697288409,False
2024,1026803,MATERNAL II,conditional_logit_distance,oos_2024,oos,all,29.46455681061829,2023.0,EDI PADRE CARLOS HENRIQUE DE SOUZA,0.0,publica,matriculas_ano_anterior_proxy,True,29.46455681061829,True
2024,1026805,BERCARIO,conditional_logit_distance,oos_2024,oos,all,15.205957306142846,2023.0,EDI MEDALHISTA OLÍMPICO IZAQUIAS QUEIROZ DOS SANTOS,54.0,publica,matriculas_ano_anterior_proxy,True,-38.79404269385715,False
2024,1026805,MATERNAL I,conditional_logit_distance,oos_2024,oos,all,9.233516009972698,2023.0,EDI MEDALHISTA OLÍMPICO IZAQUIAS QUEIROZ DOS SANTOS,74.0,publica,matriculas_ano_anterior_proxy,True,-64.7664839900273,False
2024,1026805,MATERNAL II,conditional_logit_distance,oos_2024,oos,all,5.631237267026195,2023.0,EDI MEDALHISTA OLÍMPICO IZAQUIAS QUEIROZ DOS SANTOS,0.0,publica,matriculas_ano_anterior_proxy,True,5.631237267026195,True
2024,1026806,BERCARIO,conditional_logit_distance,oos_2024,oos,all,22.545490588714504,2023.0,EDI MEDALHISTA OLÍMPICO FELIPE ALMEIDA WU,25.0,publica,matriculas_ano_anterior_proxy,True,-2.454509411285496,False
2024,1026806,MATERNAL I,conditional_logit_distance,oos_2024,oos,all,20.27987028948788,2023.0,EDI MEDALHISTA OLÍMPICO FELIPE ALMEIDA WU,48.0,publica,matriculas_ano_anterior_proxy,True,-27.72012971051212,False
2024,1026806,MATERNAL II,conditional_logit_distance,oos_2024,oos,all,8.157997270315668,2023.0,EDI MEDALHISTA OLÍMPICO FELIPE ALMEIDA WU,0.0,publica,matriculas_ano_anterior_proxy,True,8.157997270315668,True
2024,1026807,BERCARIO,conditional_logit_distance,oos_2024,oos,all,29.407075035674303,2023.0,EDI ALFREDO FERNANDO VAZ GUIMARÃES JÚNIOR,47.0,publica,matriculas_ano_anterior_proxy,True,-17.592924964325697,False
2024,1026807,MATERNAL I,conditional_logit_distance,oos_2024,oos,all,22.62369627520934,2023.0,EDI ALFREDO FERNANDO VAZ GUIMARÃES JÚNIOR,48.0,publica,matriculas_ano_anterior_proxy,True,-25.37630372479066,False
2024,1026807,MATERNAL II,conditional_logit_distance,oos_2024,oos,all,15.234241571058773,2023.0,EDI ALFREDO FERNANDO VAZ GUIMARÃES JÚNIOR,0.0,publica,matriculas_ano_anterior_proxy,True,15.234241571058773,True
2024,1026809,BERCARIO,conditional_logit_distance,oos_2024,oos,all,55.10083475868947,2023.0,EDI MEDALHISTA PARALÍMPICO RICARDO COSTA DE OLIVEIRA,48.0,publica,matriculas_ano_anterior_proxy,True,7.100834758689473,True
2024,1026809,MATERNAL I,conditional_logit_distance,oos_2024,oos,all,45.31961028516759,2023.0,EDI MEDALHISTA PARALÍMPICO RICARDO COSTA DE OLIVEIRA,0.0,publica,matriculas_ano_anterior_proxy,True,45.31961028516759,True
2024,1026809,MATERNAL II,conditional_logit_distance,oos_2024,oos,all,31.574690281251478,2023.0,EDI MEDALHISTA PARALÍMPICO RICARDO COSTA DE OLIVEIRA,73.0,publica,matriculas_ano_anterior_proxy,True,-41.42530971874852,False
2024,1026810,BERCARIO,conditional_logit_distance,oos_2024,oos,all,14.078418708504865,2023.0,EDI ALCEBÍADES FRANCISCO ROSA,49.0,publica,matriculas_ano_anterior_proxy,True,-34.92158129149514,False
2024,1026810,MATERNAL I,conditional_logit_distance,oos_2024,oos,all,10.27635060576089,2023.0,EDI ALCEBÍADES FRANCISCO ROSA,0.0,publica,matriculas_ano_anterior_proxy,True,10.27635060576089,True
2024,1026810,MATERNAL II,conditional_logit_distance,oos_2024,oos,all,5.213563898219038,2023.0,EDI ALCEBÍADES FRANCISCO ROSA,76.0,publica,matriculas_ano_anterior_proxy,True,-70.78643610178096,False
2024,1026811,BERCARIO,conditional_logit_distance,oos_2024,oos,all,19.3838403066084,2023.0,EDI GERMANO THOMÉ DE OLIVEIRA,27.0,publica,matriculas_ano_anterior_proxy,True,-7.616159693391602,False
2024,1026811,MATERNAL I,conditional_logit_distance,oos_2024,oos,all,16.334756592362925,2023.0,EDI GERMANO THOMÉ DE OLIVEIRA,0.0,publica,matriculas_ano_anterior_proxy,True,16.334756592362925,True
2024,1026811,MATERNAL II,conditional_logit_distance,oos_2024,oos,all,8.884562345894848,2023.0,EDI GERMANO THOMÉ DE OLIVEIRA,32.0,publica,matriculas_ano_anterior_proxy,True,-23.11543765410515,False
2024,11001,BERCARIO,conditional_logit_distance,oos_2024,oos,all,38.56271009165508,2023.0,CP CRECHE COMUNITÁRIA ALEGRIA DA CRIANÇA,19.0,parceira,matriculas_ano_anterior_proxy,True,19.562710091655077,True
2024,11001,MATERNAL I,conditional_logit_distance,oos_2024,oos,all,20.869206153343672,2023.0,CP CRECHE COMUNITÁRIA ALEGRIA DA CRIANÇA,42.0,parceira,matriculas_ano_anterior_proxy,True,-21.130793846656328,False
2024,11001,MATERNAL II,conditional_logit_distance,oos_2024,oos,all,9.652120784876818,2023.0,CP CRECHE COMUNITÁRIA ALEGRIA DA CRIANÇA,44.0,parceira,matriculas_ano_anterior_proxy,True,-34.347879215123186,False
2024,11003,BERCARIO,conditional_logit_distance,oos_2024,oos,all,24.30735142453789,2023.0,CP AMIG - ASSOCIAÇÃO DOS MORADORES DA ILHA DO GOVERNADOR,15.0,parceira,matriculas_ano_anterior_proxy,True,9.307351424537892,True
2024,11003,MATERNAL I,conditional_logit_distance,oos_2024,oos,all,17.357775631543102,2023.0,CP AMIG - ASSOCIAÇÃO DOS MORADORES DA ILHA DO GOVERNADOR,34.0,parceira,matriculas_ano_anterior_proxy,True,-16.642224368456898,False
2024,11003,MATERNAL II,conditional_logit_distance,oos_2024,oos,all,10.212591705250553,2023.0,CP AMIG - ASSOCIAÇÃO DOS MORADORES DA ILHA DO GOVERNADOR,56.0,parceira,matriculas_ano_anterior_proxy,True,-45.78740829474945,False
2024,11004,BERCARIO,conditional_logit_distance,oos_2024,oos,all,43.83580555858872,2023.0,CP CENTRO DE ATIVIDADES EDUCACIONAIS E CULTURAIS ARCA DE NOÉ - CAECAN,32.0,parceira,matriculas_ano_anterior_proxy,True,11.835805558588717,True
2024,11004,MATERNAL I,conditional_logit_distance,oos_2024,oos,all,28.067285718617526,2023.0,CP CENTRO DE ATIVIDADES EDUCACIONAIS E CULTURAIS ARCA DE NOÉ - CAECAN,44.0,parceira,matriculas_ano_anterior_proxy,True,-15.932714281382474,False
2024,11004,MATERNAL II,conditional_logit_distance,oos_2024,oos,all,14.766159262629992,2023.0,CP CENTRO DE ATIVIDADES EDUCACIONAIS E CULTURAIS ARCA DE NOÉ - CAECAN,59.0,parceira,matriculas_ano_anterior_proxy,True,-44.23384073737001,False
2024,11006,BERCARIO,conditional_logit_distance,oos_2024,oos,all,43.81296361083948,2023.0,CP CRECHE CASULO DO DENDÊ,93.0,parceira,matriculas_ano_anterior_proxy,True,-49.18703638916052,False
2024,11006,MATERNAL I,conditional_logit_distance,oos_2024,oos,all,27.574574677136745,2023.0,CP CRECHE CASULO DO DENDÊ,122.0,parceira,matriculas_ano_anterior_proxy,True,-94.42542532286325,False
2024,11006,MATERNAL II,conditional_logit_distance,oos_2024,oos,all,12.713600105278516,2023.0,CP CRECHE CASULO DO DENDÊ,94.0,parceira,matriculas_ano_anterior_proxy,True,-81.28639989472148,False
2024,11007,BERCARIO,conditional_logit_distance,oos_2024,oos,all,26.57254869656436,2023.0,CP CRECHE ESFERA KIDS,26.0,parceira,matriculas_ano_anterior_proxy,True,0.5725486965643611,True
2024,11007,MATERNAL I,conditional_logit_distance,oos_2024,oos,all,16.746547757609736,2023.0,CP CRECHE ESFERA KIDS,25.0,parceira,matriculas_ano_anterior_proxy,True,-8.253452242390264,False
2024,11007,MATERNAL II,conditional_logit_distance,oos_2024,oos,all,7.583619483467817,2023.0,CP CRECHE ESFERA KIDS,26.0,parceira,matriculas_ano_anterior_proxy,True,-18.416380516532183,False
2024,11008,BERCARIO,conditional_logit_distance,oos_2024,oos,all,43.04013216924431,2023.0,CP FILIAL BANCÁRIOS - RJ,24.0,parceira,matriculas_ano_anterior_proxy,True,19.04013216924431,True
2024,11008,MATERNAL I,conditional_logit_distance,oos_2024,oos,all,25.338071389466705,2023.0,CP FILIAL BANCÁRIOS - RJ,60.0,parceira,matriculas_ano_anterior_proxy,True,-34.661928610533295,False
2024,11008,MATERNAL II,conditional_logit_distance,oos_2024,oos,all,8.852991977341711,2023.0,CP FILIAL BANCÁRIOS - RJ,20.0,parceira,matriculas_ano_anterior_proxy,True,-11.147008022658289,False
2024,11009,BERCARIO,conditional_logit_distance,oos_2024,oos,all,14.284413269369333,,,,,,False,,
2024,11009,MATERNAL I,conditional_logit_distance,oos_2024,oos,all,8.942853748164607,,,,,,False,,
2024,11009,MATERNAL II,conditional_logit_distance,oos_2024,oos,all,4.023139118388364,,,,,,False,,
2024,11010,BERCARIO,conditional_logit_distance,oos_2024,oos,all,134.02589509068886,,,,,,False,,
2024,11010,MATERNAL I,conditional_logit_distance,oos_2024,oos,all,82.17174535011787,,,,,,False,,
2024,11010,MATERNAL II,conditional_logit_distance,oos_2024,oos,all,48.20889350422368,,,,,,False,,
2024,1120201,MATERNAL II,conditional_logit_distance,oos_2024,oos,all,11.406933141483709,2023.0,CIEP OLGA BENÁRIO PRESTES,0.0,publica,matriculas_ano_anterior_proxy,True,11.406933141483709,True
2024,1120601,BERCARIO,conditional_logit_distance,oos_2024,oos,all,19.170946532164297,2023.0,CM STELLA MARIS,41.0,publica,matriculas_ano_anterior_proxy,True,-21.829053467835703,False
2024,1120601,MATERNAL I,conditional_logit_distance,oos_2024,oos,all,12.358805373120363,2023.0,CM STELLA MARIS,36.0,publica,matriculas_ano_anterior_proxy,True,-23.64119462687964,False
2024,1120601,MATERNAL II,conditional_logit_distance,oos_2024,oos,all,7.693034371530342,2023.0,CM STELLA MARIS,0.0,publica,matriculas_ano_anterior_proxy,True,7.693034371530342,True
2024,1120602,BERCARIO,conditional_logit_distance,oos_2024,oos,all,32.24707549533919,2023.0,CM CORA CORALINA,16.0,publica,matriculas_ano_anterior_proxy,True,16.24707549533919,True
2024,1120602,MATERNAL I,conditional_logit_distance,oos_2024,oos,all,20.09980978882653,2023.0,CM CORA CORALINA,61.0,publica,matriculas_ano_anterior_proxy,True,-40.90019021117347,False
2024,1120602,MATERNAL II,conditional_logit_distance,oos_2024,oos,all,9.409284591956776,2023.0,CM CORA CORALINA,0.0,publica,matriculas_ano_anterior_proxy,True,9.409284591956776,True
2024,1120603,BERCARIO,conditional_logit_distance,oos_2024,oos,all,39.9718695487555,2023.0,CM DOUTOR ANTÔNIO MONTEIRO,33.0,publica,matriculas_ano_anterior_proxy,True,6.9718695487555,True
2024,1120603,MATERNAL I,conditional_logit_distance,oos_2024,oos,all,21.51981197534001,2023.0,CM DOUTOR ANTÔNIO MONTEIRO,55.0,publica,matriculas_ano_anterior_proxy,True,-33.480188024659995,False
2024,1120603,MATERNAL II,conditional_logit_distance,oos_2024,oos,all,9.928640311398924,2023.0,CM DOUTOR ANTÔNIO MONTEIRO,0.0,publica,matriculas_ano_anterior_proxy,True,9.928640311398924,True
2024,1120604,BERCARIO,conditional_logit_distance,oos_2024,oos,all,26.75859283358853,2023.0,CM MARIA ARMINDA F. SOUZA AGUIAR,18.0,publica,matriculas_ano_anterior_proxy,True,8.75859283358853,True
2024,1120604,MATERNAL I,conditional_logit_distance,oos_2024,oos,all,15.929191050356769,2023.0,CM MARIA ARMINDA F. SOUZA AGUIAR,40.0,publica,matriculas_ano_anterior_proxy,True,-24.07080894964323,False
2024,1120604,MATERNAL II,conditional_logit_distance,oos_2024,oos,all,6.198149182165968,2023.0,CM MARIA ARMINDA F. SOUZA AGUIAR,0.0,publica,matriculas_ano_anterior_proxy,True,6.198149182165968,True
2024,1120605,BERCARIO,conditional_logit_distance,oos_2024,oos,all,89.91942694541679,2023.0,CM SEMPRE VIDA LORETO,28.0,publica,matriculas_ano_anterior_proxy,True,61.91942694541679,True
2024,1120605,MATERNAL I,conditional_logit_distance,oos_2024,oos,all,66.79108820354524,2023.0,CM SEMPRE VIDA LORETO,24.0,publica,matriculas_ano_anterior_proxy,True,42.79108820354524,True
2024,1120605,MATERNAL II,conditional_logit_distance,oos_2024,oos,all,63.16912951882622,2023.0,CM SEMPRE VIDA LORETO,0.0,publica,matriculas_ano_anterior_proxy,True,63.16912951882622,True
2024,1120606,BERCARIO,conditional_logit_distance,oos_2024,oos,all,48.525056938718805,2023.0,CM TAUÁ,49.0,publica,matriculas_ano_anterior_proxy,True,-0.4749430612811949,False
2024,1120606,MATERNAL I,conditional_logit_distance,oos_2024,oos,all,30.03408039263191,2023.0,CM TAUÁ,46.0,publica,matriculas_ano_anterior_proxy,True,-15.96591960736809,False
2024,1120606,MATERNAL II,conditional_logit_distance,oos_2024,oos,all,13.357371847181788,2023.0,CM TAUÁ,0.0,publica,matriculas_ano_anterior_proxy,True,13.357371847181788,True
2024,1120801,BERCARIO,conditional_logit_distance,oos_2024,oos,all,57.41731830675109,2023.0,EDI JOSÉ DE SOUZA RAMOS,24.0,publica,matriculas_ano_anterior_proxy,True,33.41731830675109,True
2024,1120801,MATERNAL I,conditional_logit_distance,oos_2024,oos,all,37.68956044508612,2023.0,EDI JOSÉ DE SOUZA RAMOS,43.0,publica,matriculas_ano_anterior_proxy,True,-5.310439554913877,False
2024,1120801,MATERNAL II,conditional_logit_distance,oos_2024,oos,all,19.30241338060659,2023.0,EDI JOSÉ DE SOUZA RAMOS,0.0,publica,matriculas_ano_anterior_proxy,True,19.30241338060659,True
2024,1120802,BERCARIO,conditional_logit_distance,oos_2024,oos,all,38.38137421615675,2023.0,EDI NEUSA MARIA GOULART BRIZOLA,25.0,publica,matriculas_ano_anterior_proxy,True,13.38137421615675,True
2024,1120802,MATERNAL I,conditional_logit_distance,oos_2024,oos,all,22.7215302067436,2023.0,EDI NEUSA MARIA GOULART BRIZOLA,25.0,publica,matriculas_ano_anterior_proxy,True,-2.2784697932563986,False
2024,1120802,MATERNAL II,conditional_logit_distance,oos_2024,oos,all,8.30398146885638,2023.0,EDI NEUSA MARIA GOULART BRIZOLA,0.0,publica,matriculas_ano_anterior_proxy,True,8.30398146885638,True
2024,1120804,BERCARIO,conditional_logit_distance,oos_2024,oos,all,19.148890198076597,2023.0,EDI PROFESSORA ANNA MARIA JESUS CONCEICAO,23.0,publica,matriculas_ano_anterior_proxy,True,-3.8511098019234034,False
2024,1120804,MATERNAL I,conditional_logit_distance,oos_2024,oos,all,11.653349927215896,2023.0,EDI PROFESSORA ANNA MARIA JESUS CONCEICAO,26.0,publica,matriculas_ano_anterior_proxy,True,-14.346650072784104,False
2024,1120804,MATERNAL II,conditional_logit_distance,oos_2024,oos,all,4.835891909789729,2023.0,EDI PROFESSORA ANNA MARIA JESUS CONCEICAO,0.0,publica,matriculas_ano_anterior_proxy,True,4.835891909789729,True
2025,01004,MATERNAL I,historical_share,oos_2025,oos,all,17.84647442585865,2024.0,CP CRECHE CANTINHO FELIZ DE SANTA TERESA,26.0,parceira,matriculas_ano_anterior_proxy,True,-8.153525574141351,False
2025,01004,MATERNAL II,historical_share,oos_2025,oos,all,5.734002622755375,2024.0,CP CRECHE CANTINHO FELIZ DE SANTA TERESA,24.0,parceira,matriculas_ano_anterior_proxy,True,-18.265997377244624,False
2025,01005,MATERNAL I,historical_share,oos_2025,oos,all,5.627164264338265,2024.0,CP CASA MATERNAL CORAÇÃO DE MÃE,19.0,parceira,matriculas_ano_anterior_proxy,True,-13.372835735661734,False
2025,01005,MATERNAL II,historical_share,oos_2025,oos,all,0.5584919115745062,2024.0,CP CASA MATERNAL CORAÇÃO DE MÃE,21.0,parceira,matriculas_ano_anterior_proxy,True,-20.441508088425493,False
2025,01006,BERCARIO,historical_share,oos_2025,oos,all,12.268184716575345,2024.0,CP CRECHE DO TUIUTI,44.0,parceira,matriculas_ano_anterior_proxy,True,-31.731815283424655,False
2025,01006,MATERNAL I,historical_share,oos_2025,oos,all,7.116123615228141,2024.0,CP CRECHE DO TUIUTI,63.0,parceira,matriculas_ano_anterior_proxy,True,-55.88387638477186,False
2025,01006,MATERNAL II,historical_share,oos_2025,oos,all,1.5743205825408348,2024.0,CP CRECHE DO TUIUTI,40.0,parceira,matriculas_ano_anterior_proxy,True,-38.425679417459165,False
2025,01007,MATERNAL I,historical_share,oos_2025,oos,all,6.387752421519251,2024.0,CP EDUCANDÁRIO NOSSA SENHORA DE NAZARÉ,14.0,parceira,matriculas_ano_anterior_proxy,True,-7.612247578480749,False
2025,01007,MATERNAL II,historical_share,oos_2025,oos,all,2.671140315140193,2024.0,CP EDUCANDÁRIO NOSSA SENHORA DE NAZARÉ,15.0,parceira,matriculas_ano_anterior_proxy,True,-12.328859684859808,False
2025,01009,BERCARIO,historical_share,oos_2025,oos,all,17.510414513271385,2024.0,CP CRECHE COMUNITÁRIA ANITA WAY,17.0,parceira,matriculas_ano_anterior_proxy,True,0.5104145132713853,True
2025,01009,MATERNAL I,historical_share,oos_2025,oos,all,13.36472469386618,2024.0,CP CRECHE COMUNITÁRIA ANITA WAY,53.0,parceira,matriculas_ano_anterior_proxy,True,-39.63527530613382,False
2025,01009,MATERNAL II,historical_share,oos_2025,oos,all,2.691228419441778,2024.0,CP CRECHE COMUNITÁRIA ANITA WAY,55.0,parceira,matriculas_ano_anterior_proxy,True,-52.30877158055822,False
2025,01010,BERCARIO,historical_share,oos_2025,oos,all,40.19751540995727,2024.0,CP CENTRO CULTURAL MONTESSORI - SÃO CRISTÓVÃO,75.0,parceira,matriculas_ano_anterior_proxy,True,-34.80248459004273,False
2025,01010,MATERNAL I,historical_share,oos_2025,oos,all,21.98474336357872,2024.0,CP CENTRO CULTURAL MONTESSORI - SÃO CRISTÓVÃO,116.0,parceira,matriculas_ano_anterior_proxy,True,-94.01525663642128,False
2025,01010,MATERNAL II,historical_share,oos_2025,oos,all,8.768510847094786,2024.0,CP CENTRO CULTURAL MONTESSORI - SÃO CRISTÓVÃO,102.0,parceira,matriculas_ano_anterior_proxy,True,-93.23148915290521,False
2025,0101601,MATERNAL I,historical_share,oos_2025,oos,all,27.865663859502853,2024.0,CM LADEIRA DOS FUNCIONÁRIOS,0.0,publica,matriculas_ano_anterior_proxy,True,27.865663859502853,True
2025,0101601,MATERNAL II,historical_share,oos_2025,oos,all,10.681899578683142,2024.0,CM LADEIRA DOS FUNCIONÁRIOS,19.0,publica,matriculas_ano_anterior_proxy,True,-8.318100421316858,False
2025,0101602,MATERNAL I,historical_share,oos_2025,oos,all,7.168131887588218,2024.0,CM VIRGÍNIA LEMOS,26.0,publica,matriculas_ano_anterior_proxy,True,-18.831868112411783,False
2025,0101602,MATERNAL II,historical_share,oos_2025,oos,all,2.817776165364472,2024.0,CM VIRGÍNIA LEMOS,0.0,publica,matriculas_ano_anterior_proxy,True,2.817776165364472,True
2025,0101603,BERCARIO,historical_share,oos_2025,oos,all,56.51303396148205,2024.0,CM SENNINHA,24.0,publica,matriculas_ano_anterior_proxy,True,32.51303396148205,True
2025,0101603,MATERNAL I,historical_share,oos_2025,oos,all,33.521653908075265,2024.0,CM SENNINHA,25.0,publica,matriculas_ano_anterior_proxy,True,8.521653908075265,True
2025,0101603,MATERNAL II,historical_share,oos_2025,oos,all,21.535007886064395,2024.0,CM SENNINHA,0.0,publica,matriculas_ano_anterior_proxy,True,21.535007886064395,True
2025,0101604,MATERNAL I,historical_share,oos_2025,oos,all,15.973229021968434,2024.0,CM SEMPRE VIDA P. CONQUISTA,0.0,publica,matriculas_ano_anterior_proxy,True,15.973229021968434,True
2025,0101604,MATERNAL II,historical_share,oos_2025,oos,all,5.862524472044885,2024.0,CM SEMPRE VIDA P. CONQUISTA,40.0,publica,matriculas_ano_anterior_proxy,True,-34.13747552795512,False
2025,0101605,BERCARIO,historical_share,oos_2025,oos,all,52.61904404520512,2024.0,CM CLEMENTE FERREIRA,44.0,publica,matriculas_ano_anterior_proxy,True,8.619044045205122,True
2025,0101605,MATERNAL I,historical_share,oos_2025,oos,all,28.470339604384726,2024.0,CM CLEMENTE FERREIRA,0.0,publica,matriculas_ano_anterior_proxy,True,28.470339604384726,True
2025,0101605,MATERNAL II,historical_share,oos_2025,oos,all,8.085709434876126,2024.0,CM CLEMENTE FERREIRA,44.0,publica,matriculas_ano_anterior_proxy,True,-35.91429056512388,False
2025,0101606,BERCARIO,historical_share,oos_2025,oos,all,52.40176412292027,2024.0,CM QUINTA DO CAJU,34.0,publica,matriculas_ano_anterior_proxy,True,18.40176412292027,True
2025,0101606,MATERNAL I,historical_share,oos_2025,oos,all,25.44531977998185,2024.0,CM QUINTA DO CAJU,0.0,publica,matriculas_ano_anterior_proxy,True,25.44531977998185,True
2025,0101606,MATERNAL II,historical_share,oos_2025,oos,all,9.295689006229146,2024.0,CM QUINTA DO CAJU,44.0,publica,matriculas_ano_anterior_proxy,True,-34.704310993770854,False
2025,0101607,BERCARIO,historical_share,oos_2025,oos,all,93.65944995361444,2024.0,CM TIA DORA,49.0,publica,matriculas_ano_anterior_proxy,True,44.65944995361444,True
2025,0101607,MATERNAL I,historical_share,oos_2025,oos,all,62.67748250092663,2024.0,CM TIA DORA,49.0,publica,matriculas_ano_anterior_proxy,True,13.67748250092663,True
2025,0101607,MATERNAL II,historical_share,oos_2025,oos,all,19.592469178282947,2024.0,CM TIA DORA,0.0,publica,matriculas_ano_anterior_proxy,True,19.592469178282947,True
2025,0101801,BERCARIO,historical_share,oos_2025,oos,all,93.50446703184168,2024.0,EDI PARQUE DA ALEGRIA,51.0,publica,matriculas_ano_anterior_proxy,True,42.504467031841685,True
2025,0101801,MATERNAL I,historical_share,oos_2025,oos,all,46.09589695620912,2024.0,EDI PARQUE DA ALEGRIA,0.0,publica,matriculas_ano_anterior_proxy,True,46.09589695620912,True
2025,0101801,MATERNAL II,historical_share,oos_2025,oos,all,12.8572577165616,2024.0,EDI PARQUE DA ALEGRIA,79.0,publica,matriculas_ano_anterior_proxy,True,-66.1427422834384,False
2025,0101802,BERCARIO,historical_share,oos_2025,oos,all,29.78685199471927,2024.0,EDI MACHADO DE ASSIS,24.0,publica,matriculas_ano_anterior_proxy,True,5.786851994719271,True
2025,0101802,MATERNAL I,historical_share,oos_2025,oos,all,28.71115933268737,2024.0,EDI MACHADO DE ASSIS,55.0,publica,matriculas_ano_anterior_proxy,True,-26.28884066731263,False
2025,0101802,MATERNAL II,historical_share,oos_2025,oos,all,6.860124652486262,2024.0,EDI MACHADO DE ASSIS,0.0,publica,matriculas_ano_anterior_proxy,True,6.860124652486262,True
2025,0101803,MATERNAL II,historical_share,oos_2025,oos,all,24.708485118539,2024.0,EDI ANTÔNIO RAPOSO TAVARES,0.0,publica,matriculas_ano_anterior_proxy,True,24.708485118539,True
2025,0102601,BERCARIO,historical_share,oos_2025,oos,all,74.98313934598957,2024.0,CM SEMPRE VIDA SANTO ANTÔNIO DE PÁDUA,50.0,publica,matriculas_ano_anterior_proxy,True,24.98313934598957,True
2025,0102601,MATERNAL I,historical_share,oos_2025,oos,all,16.48207551960393,2024.0,CM SEMPRE VIDA SANTO ANTÔNIO DE PÁDUA,44.0,publica,matriculas_ano_anterior_proxy,True,-27.51792448039607,False
2025,0102602,BERCARIO,historical_share,oos_2025,oos,all,56.56513915865449,2024.0,CM ANA MARIA DA CRUZ SILVA,50.0,publica,matriculas_ano_anterior_proxy,True,6.565139158654489,True
2025,0102602,MATERNAL I,historical_share,oos_2025,oos,all,46.66020344198198,2024.0,CM ANA MARIA DA CRUZ SILVA,96.0,publica,matriculas_ano_anterior_proxy,True,-49.33979655801802,False
2025,0102602,MATERNAL II,historical_share,oos_2025,oos,all,19.599815879121625,2024.0,CM ANA MARIA DA CRUZ SILVA,0.0,publica,matriculas_ano_anterior_proxy,True,19.599815879121625,True
2025,0102604,BERCARIO,historical_share,oos_2025,oos,all,71.7480563620498,2024.0,CM ARCO-ÍRIS,25.0,publica,matriculas_ano_anterior_proxy,True,46.748056362049795,True
2025,0102604,MATERNAL I,historical_share,oos_2025,oos,all,64.0647040942633,2024.0,CM ARCO-ÍRIS,42.0,publica,matriculas_ano_anterior_proxy,True,22.064704094263305,True
2025,0102604,MATERNAL II,historical_share,oos_2025,oos,all,20.87911651742447,2024.0,CM ARCO-ÍRIS,0.0,publica,matriculas_ano_anterior_proxy,True,20.87911651742447,True
2025,0102605,BERCARIO,historical_share,oos_2025,oos,all,58.50374518303574,2024.0,CM ALDEIA DOS CURUMINS,25.0,publica,matriculas_ano_anterior_proxy,True,33.50374518303574,True
2025,0102605,MATERNAL I,historical_share,oos_2025,oos,all,74.60980432729023,2024.0,CM ALDEIA DOS CURUMINS,69.0,publica,matriculas_ano_anterior_proxy,True,5.6098043272902345,True
2025,0102605,MATERNAL II,historical_share,oos_2025,oos,all,25.96824044212263,2024.0,CM ALDEIA DOS CURUMINS,0.0,publica,matriculas_ano_anterior_proxy,True,25.96824044212263,True
2025,0102606,BERCARIO,historical_share,oos_2025,oos,all,123.24331066480836,2024.0,CM GEORGE SAVALLA GOMES - PALHAÇO CAREQUINHA,48.0,publica,matriculas_ano_anterior_proxy,True,75.24331066480836,True
2025,0102606,MATERNAL I,historical_share,oos_2025,oos,all,55.21754034679464,2024.0,CM GEORGE SAVALLA GOMES - PALHAÇO CAREQUINHA,41.0,publica,matriculas_ano_anterior_proxy,True,14.217540346794642,True
2025,0102802,MATERNAL II,historical_share,oos_2025,oos,all,20.268120244400382,2024.0,EDI CAMPOS SALLES,0.0,publica,matriculas_ano_anterior_proxy,True,20.268120244400382,True
2025,0102803,MATERNAL II,historical_share,oos_2025,oos,all,38.59340974815665,2024.0,EDI RACHEL DE QUEIROZ,0.0,publica,matriculas_ano_anterior_proxy,True,38.59340974815665,True
2025,0103601,MATERNAL I,historical_share,oos_2025,oos,all,9.500868161804595,2024.0,CM ESPAÇO LIVRE DA CRIANÇA,19.0,publica,matriculas_ano_anterior_proxy,True,-9.499131838195405,False
2025,0103601,MATERNAL II,historical_share,oos_2025,oos,all,4.810530211128104,2024.0,CM ESPAÇO LIVRE DA CRIANÇA,0.0,publica,matriculas_ano_anterior_proxy,True,4.810530211128104,True
2025,0103602,BERCARIO,historical_share,oos_2025,oos,all,27.04254630836499,2024.0,CM DIREITOS HUMANOS,23.0,publica,matriculas_ano_anterior_proxy,True,4.04254630836499,True
2025,0103602,MATERNAL I,historical_share,oos_2025,oos,all,10.024146655009554,2024.0,CM DIREITOS HUMANOS,23.0,publica,matriculas_ano_anterior_proxy,True,-12.975853344990446,False
2025,0103602,MATERNAL II,historical_share,oos_2025,oos,all,6.692424009600689,2024.0,CM DIREITOS HUMANOS,0.0,publica,matriculas_ano_anterior_proxy,True,6.692424009600689,True
2025,0103604,BERCARIO,historical_share,oos_2025,oos,all,26.5084012813838,2024.0,CM SONHO INFANTIL,25.0,publica,matriculas_ano_anterior_proxy,True,1.5084012813838008,True
2025,0103604,MATERNAL I,historical_share,oos_2025,oos,all,9.682709765474012,2024.0,CM SONHO INFANTIL,24.0,publica,matriculas_ano_anterior_proxy,True,-14.317290234525988,False
2025,0103604,MATERNAL II,historical_share,oos_2025,oos,all,5.82135691062927,2024.0,CM SONHO INFANTIL,0.0,publica,matriculas_ano_anterior_proxy,True,5.82135691062927,True
2025,0103605,BERCARIO,historical_share,oos_2025,oos,all,42.59588089204943,2024.0,CM BRINCADEIRAS DE CRIANÇA,25.0,publica,matriculas_ano_anterior_proxy,True,17.59588089204943,True
2025,0103605,MATERNAL I,historical_share,oos_2025,oos,all,20.53690434102826,2024.0,CM BRINCADEIRAS DE CRIANÇA,50.0,publica,matriculas_ano_anterior_proxy,True,-29.46309565897174,False
2025,0103605,MATERNAL II,historical_share,oos_2025,oos,all,7.509523771917102,2024.0,CM BRINCADEIRAS DE CRIANÇA,0.0,publica,matriculas_ano_anterior_proxy,True,7.509523771917102,True
2025,0103606,BERCARIO,historical_share,oos_2025,oos,all,43.87813121181453,2024.0,CM CAMPOS DA PAZ,25.0,publica,matriculas_ano_anterior_proxy,True,18.878131211814527,True
2025,0103606,MATERNAL I,historical_share,oos_2025,oos,all,30.772669941903143,2024.0,CM CAMPOS DA PAZ,50.0,publica,matriculas_ano_anterior_proxy,True,-19.227330058096857,False
2025,0103606,MATERNAL II,historical_share,oos_2025,oos,all,16.32510373592028,2024.0,CM CAMPOS DA PAZ,0.0,publica,matriculas_ano_anterior_proxy,True,16.32510373592028,True
2025,0103607,BERCARIO,historical_share,oos_2025,oos,all,35.071775160444865,2024.0,CM ESTÁCIO DE SÁ,50.0,publica,matriculas_ano_anterior_proxy,True,-14.928224839555135,False
2025,0103607,MATERNAL I,historical_share,oos_2025,oos,all,30.71074084703608,2024.0,CM ESTÁCIO DE SÁ,0.0,publica,matriculas_ano_anterior_proxy,True,30.71074084703608,True
2025,0103607,MATERNAL II,historical_share,oos_2025,oos,all,23.287213384393112,2024.0,CM ESTÁCIO DE SÁ,54.0,publica,matriculas_ano_anterior_proxy,True,-30.712786615606888,False
2025,0103801,BERCARIO,historical_share,oos_2025,oos,all,65.86319404055307,2024.0,EDI PROFESSORA SIMONE SOUSA PIMENTEL,23.0,publica,matriculas_ano_anterior_proxy,True,42.86319404055307,True
2025,0103801,MATERNAL I,historical_share,oos_2025,oos,all,41.622288571615016,2024.0,EDI PROFESSORA SIMONE SOUSA PIMENTEL,25.0,publica,matriculas_ano_anterior_proxy,True,16.622288571615016,True
2025,0103801,MATERNAL II,historical_share,oos_2025,oos,all,20.51796224896795,2024.0,EDI PROFESSORA SIMONE SOUSA PIMENTEL,0.0,publica,matriculas_ano_anterior_proxy,True,20.51796224896795,True
2025,0103802,BERCARIO,historical_share,oos_2025,oos,all,49.13555722961458,2024.0,EDI LILY MARINHO,47.0,publica,matriculas_ano_anterior_proxy,True,2.1355572296145766,True
2025,0103802,MATERNAL I,historical_share,oos_2025,oos,all,28.75304141495189,2024.0,EDI LILY MARINHO,0.0,publica,matriculas_ano_anterior_proxy,True,28.75304141495189,True
2025,0103802,MATERNAL II,historical_share,oos_2025,oos,all,11.915410833029204,2024.0,EDI LILY MARINHO,45.0,publica,matriculas_ano_anterior_proxy,True,-33.084589166970794,False
2025,0103804,BERCARIO,historical_share,oos_2025,oos,all,21.187956534225687,2024.0,EDI ZÉLIA GATTAI AMADO,25.0,publica,matriculas_ano_anterior_proxy,True,-3.8120434657743125,False
2025,0103804,MATERNAL I,historical_share,oos_2025,oos,all,9.729170036002271,2024.0,EDI ZÉLIA GATTAI AMADO,23.0,publica,matriculas_ano_anterior_proxy,True,-13.270829963997729,False
2025,0103804,MATERNAL II,historical_share,oos_2025,oos,all,7.8131365902204974,2024.0,EDI ZÉLIA GATTAI AMADO,0.0,publica,matriculas_ano_anterior_proxy,True,7.8131365902204974,True
2025,0103805,BERCARIO,historical_share,oos_2025,oos,all,14.711090098804965,2024.0,EDI BEATRIZ VICÊNCIA BANDEIRA RYFF,12.0,publica,matriculas_ano_anterior_proxy,True,2.7110900988049647,True
2025,0103805,MATERNAL I,historical_share,oos_2025,oos,all,9.227046031283429,2024.0,EDI BEATRIZ VICÊNCIA BANDEIRA RYFF,14.0,publica,matriculas_ano_anterior_proxy,True,-4.772953968716571,False
2025,0103805,MATERNAL II,historical_share,oos_2025,oos,all,6.291389002067405,2024.0,EDI BEATRIZ VICÊNCIA BANDEIRA RYFF,0.0,publica,matriculas_ano_anterior_proxy,True,6.291389002067405,True
2025,0103806,MATERNAL II,historical_share,oos_2025,oos,all,7.816602961535406,2024.0,EDI FUNDAÇÃO LEÃO XIII,0.0,publica,matriculas_ano_anterior_proxy,True,7.816602961535406,True
2025,0103807,BERCARIO,historical_share,oos_2025,oos,all,71.63410175710234,2024.0,EDI MARIA LUIZA NOBRE - TIA LUIZINHA,49.0,publica,matriculas_ano_anterior_proxy,True,22.634101757102343,True
2025,0103807,MATERNAL I,historical_share,oos_2025,oos,all,18.846133591321006,2024.0,EDI MARIA LUIZA NOBRE - TIA LUIZINHA,47.0,publica,matriculas_ano_anterior_proxy,True,-28.153866408678994,False
2025,0103807,MATERNAL II,historical_share,oos_2025,oos,all,9.588365391018735,2024.0,EDI MARIA LUIZA NOBRE - TIA LUIZINHA,0.0,publica,matriculas_ano_anterior_proxy,True,9.588365391018735,True
2025,0107601,MATERNAL I,historical_share,oos_2025,oos,all,26.20411926295056,2024.0,CM ADALBERTO ISMAEL DE SOUZA,35.0,publica,matriculas_ano_anterior_proxy,True,-8.79588073704944,False
2025,0107601,MATERNAL II,historical_share,oos_2025,oos,all,9.572477802534747,2024.0,CM ADALBERTO ISMAEL DE SOUZA,0.0,publica,matriculas_ano_anterior_proxy,True,9.572477802534747,True
2025,0107602,BERCARIO,historical_share,oos_2025,oos,all,67.12081263321254,2024.0,CM DEPUTADO LUIZ EDUARDO DE MAGALHÃES,49.0,publica,matriculas_ano_anterior_proxy,True,18.120812633212537,True
2025,0107602,MATERNAL I,historical_share,oos_2025,oos,all,23.898551083032757,2024.0,CM DEPUTADO LUIZ EDUARDO DE MAGALHÃES,48.0,publica,matriculas_ano_anterior_proxy,True,-24.101448916967243,False
2025,0107602,MATERNAL II,historical_share,oos_2025,oos,all,9.433186441064874,2024.0,CM DEPUTADO LUIZ EDUARDO DE MAGALHÃES,0.0,publica,matriculas_ano_anterior_proxy,True,9.433186441064874,True
2025,0107603,BERCARIO,historical_share,oos_2025,oos,all,20.397769877703716,2024.0,CM VOVÓ LUCÍOLA,24.0,publica,matriculas_ano_anterior_proxy,True,-3.602230122296284,False
2025,0107603,MATERNAL I,historical_share,oos_2025,oos,all,8.634145684867374,2024.0,CM VOVÓ LUCÍOLA,33.0,publica,matriculas_ano_anterior_proxy,True,-24.365854315132626,False
2025,0107603,MATERNAL II,historical_share,oos_2025,oos,all,3.1128543859402664,2024.0,CM VOVÓ LUCÍOLA,0.0,publica,matriculas_ano_anterior_proxy,True,3.1128543859402664,True
2025,0107604,BERCARIO,historical_share,oos_2025,oos,all,90.22477500346618,2024.0,CM HOMERO JOSÉ DOS SANTOS,49.0,publica,matriculas_ano_anterior_proxy,True,41.22477500346618,True
2025,0107604,MATERNAL I,historical_share,oos_2025,oos,all,16.853026200856295,2024.0,CM HOMERO JOSÉ DOS SANTOS,50.0,publica,matriculas_ano_anterior_proxy,True,-33.14697379914371,False
2025,0107604,MATERNAL II,historical_share,oos_2025,oos,all,4.278272062252836,2024.0,CM HOMERO JOSÉ DOS SANTOS,0.0,publica,matriculas_ano_anterior_proxy,True,4.278272062252836,True
2025,0107605,BERCARIO,historical_share,oos_2025,oos,all,33.793164137224416,2024.0,CM EDUARDO MOREIRA DOS SANTOS,25.0,publica,matriculas_ano_anterior_proxy,True,8.793164137224416,True
2025,0107605,MATERNAL I,historical_share,oos_2025,oos,all,11.720252052423644,2024.0,CM EDUARDO MOREIRA DOS SANTOS,25.0,publica,matriculas_ano_anterior_proxy,True,-13.279747947576356,False
2025,0107605,MATERNAL II,historical_share,oos_2025,oos,all,3.8358819045687,2024.0,CM EDUARDO MOREIRA DOS SANTOS,0.0,publica,matriculas_ano_anterior_proxy,True,3.8358819045687,True
2025,0107606,MATERNAL I,historical_share,oos_2025,oos,all,73.86583267504578,2024.0,CM FRANCISCO ALVES,0.0,publica,matriculas_ano_anterior_proxy,True,73.86583267504578,True
2025,0107606,MATERNAL II,historical_share,oos_2025,oos,all,18.56706724808129,2024.0,CM FRANCISCO ALVES,74.0,publica,matriculas_ano_anterior_proxy,True,-55.43293275191871,False
2025,0107607,BERCARIO,historical_share,oos_2025,oos,all,89.24466371795987,2024.0,CM NAÇÃO MANGUEIRENSE,50.0,publica,matriculas_ano_anterior_proxy,True,39.24466371795987,True
2025,0107607,MATERNAL I,historical_share,oos_2025,oos,all,34.06130840508885,2024.0,CM NAÇÃO MANGUEIRENSE,46.0,publica,matriculas_ano_anterior_proxy,True,-11.938691594911148,False
2025,0107607,MATERNAL II,historical_share,oos_2025,oos,all,9.142951987775668,2024.0,CM NAÇÃO MANGUEIRENSE,0.0,publica,matriculas_ano_anterior_proxy,True,9.142951987775668,True
2025,0107608,MATERNAL I,historical_share,oos_2025,oos,all,59.60571922887068,2024.0,CM SAMORA MACHEL,26.0,publica,matriculas_ano_anterior_proxy,True,33.60571922887068,True
2025,0107608,MATERNAL II,historical_share,oos_2025,oos,all,36.27635109568573,2024.0,CM SAMORA MACHEL,0.0,publica,matriculas_ano_anterior_proxy,True,36.27635109568573,True
2025,0107609,BERCARIO,historical_share,oos_2025,oos,all,107.14102684937964,2024.0,CM VASQUINHO,32.0,publica,matriculas_ano_anterior_proxy,True,75.14102684937964,True
2025,0107609,MATERNAL I,historical_share,oos_2025,oos,all,37.19549778518802,2024.0,CM VASQUINHO,0.0,publica,matriculas_ano_anterior_proxy,True,37.19549778518802,True
2025,0107609,MATERNAL II,historical_share,oos_2025,oos,all,6.574557410222801,2024.0,CM VASQUINHO,59.0,publica,matriculas_ano_anterior_proxy,True,-52.4254425897772,False
2025,0107610,BERCARIO,historical_share,oos_2025,oos,all,96.35820524915802,2024.0,CM ARARA AZUL,50.0,publica,matriculas_ano_anterior_proxy,True,46.35820524915802,True
2025,0107610,MATERNAL I,historical_share,oos_2025,oos,all,66.15672190640088,2024.0,CM ARARA AZUL,50.0,publica,matriculas_ano_anterior_proxy,True,16.156721906400875,True
2025,0107610,MATERNAL II,historical_share,oos_2025,oos,all,44.13895590514836,2024.0,CM ARARA AZUL,0.0,publica,matriculas_ano_anterior_proxy,True,44.13895590514836,True
2025,0107801,MATERNAL II,historical_share,oos_2025,oos,all,29.70115421203387,2024.0,EDI PROFESSORA DAYSE MALAGOLE,0.0,publica,matriculas_ano_anterior_proxy,True,29.70115421203387,True
2025,0107802,MATERNAL II,historical_share,oos_2025,oos,all,10.705881142507105,2024.0,EDI MORRO DOS TELÉGRAFOS,0.0,publica,matriculas_ano_anterior_proxy,True,10.705881142507105,True
2025,0107803,MATERNAL II,historical_share,oos_2025,oos,all,17.34350760143452,2024.0,EDI DOIS DE JULHO,0.0,publica,matriculas_ano_anterior_proxy,True,17.34350760143452,True
2025,0121001,BERCARIO,historical_share,oos_2025,oos,all,20.805596988904888,2024.0,EM JOAQUIM MANUEL DE MACEDO,18.0,publica,matriculas_ano_anterior_proxy,True,2.805596988904888,True
2025,0121001,MATERNAL I,historical_share,oos_2025,oos,all,9.290142889919125,2024.0,EM JOAQUIM MANUEL DE MACEDO,24.0,publica,matriculas_ano_anterior_proxy,True,-14.709857110080875,False
2025,0121001,MATERNAL II,historical_share,oos_2025,oos,all,13.221059259035872,2024.0,EM JOAQUIM MANUEL DE MACEDO,0.0,publica,matriculas_ano_anterior_proxy,True,13.221059259035872,True
2025,0123601,BERCARIO,historical_share,oos_2025,oos,all,56.365268060111305,2024.0,CM JOSÉ MARINHO DE OLIVEIRA,49.0,publica,matriculas_ano_anterior_proxy,True,7.365268060111305,True
2025,0123601,MATERNAL I,historical_share,oos_2025,oos,all,11.173359323358806,2024.0,CM JOSÉ MARINHO DE OLIVEIRA,35.0,publica,matriculas_ano_anterior_proxy,True,-23.826640676641194,False
2025,0123601,MATERNAL II,historical_share,oos_2025,oos,all,4.163461759498073,2024.0,CM JOSÉ MARINHO DE OLIVEIRA,0.0,publica,matriculas_ano_anterior_proxy,True,4.163461759498073,True
2025,0123603,BERCARIO,historical_share,oos_2025,oos,all,34.34342807577602,2024.0,CM FALLET,24.0,publica,matriculas_ano_anterior_proxy,True,10.343428075776018,True
2025,0123603,MATERNAL I,historical_share,oos_2025,oos,all,12.337481695328004,2024.0,CM FALLET,42.0,publica,matriculas_ano_anterior_proxy,True,-29.662518304672,False
2025,0123603,MATERNAL II,historical_share,oos_2025,oos,all,4.365144372057275,2024.0,CM FALLET,0.0,publica,matriculas_ano_anterior_proxy,True,4.365144372057275,True
2025,0123801,MATERNAL II,historical_share,oos_2025,oos,all,7.535055817305412,2024.0,EDI HELOÍSA MARINHO,0.0,publica,matriculas_ano_anterior_proxy,True,7.535055817305412,True
2025,02001,MATERNAL I,historical_share,oos_2025,oos,all,14.570542474513688,2024.0,CP CRECHE ESPAÇO SEMENTE,38.0,parceira,matriculas_ano_anterior_proxy,True,-23.429457525486313,False
2025,02001,MATERNAL II,historical_share,oos_2025,oos,all,1.3378981564228964,2024.0,CP CRECHE ESPAÇO SEMENTE,41.0,parceira,matriculas_ano_anterior_proxy,True,-39.662101843577105,False
2025,02002,MATERNAL II,historical_share,oos_2025,oos,all,5.005341239205003,2024.0,CP EDUCANDÁRIO CASA DE JACIRA,24.0,parceira,matriculas_ano_anterior_proxy,True,-18.994658760794998,False
2025,02003,BERCARIO,historical_share,oos_2025,oos,all,3.5670184262617783,2024.0,CP CENTRO COMUNITÁRIO DA RUA UM UNIÃO FAZ A FORÇA,54.0,parceira,matriculas_ano_anterior_proxy,True,-50.432981573738225,False
2025,02003,MATERNAL I,historical_share,oos_2025,oos,all,0.0041524948839526,2024.0,CP CENTRO COMUNITÁRIO DA RUA UM UNIÃO FAZ A FORÇA,42.0,parceira,matriculas_ano_anterior_proxy,True,-41.995847505116046,False
2025,02003,MATERNAL II,historical_share,oos_2025,oos,all,0.0045061222003204,2024.0,CP CENTRO COMUNITÁRIO DA RUA UM UNIÃO FAZ A FORÇA,41.0,parceira,matriculas_ano_anterior_proxy,True,-40.99549387779968,False
2025,02004,BERCARIO,historical_share,oos_2025,oos,all,51.83677123662951,2024.0,CP AÇÃO SOCIAL PADRE ANCHIETA - ASPA,24.0,parceira,matriculas_ano_anterior_proxy,True,27.83677123662951,True
2025,02004,MATERNAL I,historical_share,oos_2025,oos,all,44.90440274493504,2024.0,CP AÇÃO SOCIAL PADRE ANCHIETA - ASPA,64.0,parceira,matriculas_ano_anterior_proxy,True,-19.09559725506496,False
2025,02004,MATERNAL II,historical_share,oos_2025,oos,all,14.990891022141222,2024.0,CP AÇÃO SOCIAL PADRE ANCHIETA - ASPA,67.0,parceira,matriculas_ano_anterior_proxy,True,-52.00910897785878,False
2025,02005,MATERNAL I,historical_share,oos_2025,oos,all,17.903768773758543,2024.0,CP ESCOLA COMUNITÁRIA DO CANTAGALO,32.0,parceira,matriculas_ano_anterior_proxy,True,-14.096231226241457,False
2025,02005,MATERNAL II,historical_share,oos_2025,oos,all,3.4337315670774244,2024.0,CP ESCOLA COMUNITÁRIA DO CANTAGALO,40.0,parceira,matriculas_ano_anterior_proxy,True,-36.56626843292258,False
2025,02006,BERCARIO,historical_share,oos_2025,oos,all,9.7610174926002,2024.0,CP CRECHE PRÉ-ESCOLA COMUNITÁRIA DOIS IRMÃOS,25.0,parceira,matriculas_ano_anterior_proxy,True,-15.2389825073998,False
2025,02006,MATERNAL I,historical_share,oos_2025,oos,all,8.675929414590877,2024.0,CP CRECHE PRÉ-ESCOLA COMUNITÁRIA DOIS IRMÃOS,25.0,parceira,matriculas_ano_anterior_proxy,True,-16.324070585409125,False
2025,02006,MATERNAL II,historical_share,oos_2025,oos,all,0.5282430136314101,2024.0,CP CRECHE PRÉ-ESCOLA COMUNITÁRIA DOIS IRMÃOS,23.0,parceira,matriculas_ano_anterior_proxy,True,-22.47175698636859,False
2025,02009,MATERNAL I,historical_share,oos_2025,oos,all,30.78565503252424,2024.0,CP ABRIGO TERESA DE JESUS,49.0,parceira,matriculas_ano_anterior_proxy,True,-18.21434496747576,False
2025,02009,MATERNAL II,historical_share,oos_2025,oos,all,9.467429640660155,2024.0,CP ABRIGO TERESA DE JESUS,46.0,parceira,matriculas_ano_anterior_proxy,True,-36.53257035933984,False
2025,02010,BERCARIO,historical_share,oos_2025,oos,all,26.05084039729982,2024.0,CP CRECHE PATINHO FELIZ,57.0,parceira,matriculas_ano_anterior_proxy,True,-30.94915960270018,False
2025,02010,MATERNAL I,historical_share,oos_2025,oos,all,8.66382086099305,2024.0,CP CRECHE PATINHO FELIZ,60.0,parceira,matriculas_ano_anterior_proxy,True,-51.33617913900695,False
2025,02010,MATERNAL II,historical_share,oos_2025,oos,all,3.752622228141584,2024.0,CP CRECHE PATINHO FELIZ,54.0,parceira,matriculas_ano_anterior_proxy,True,-50.24737777185842,False
2025,02011,BERCARIO,historical_share,oos_2025,oos,all,2.017182306149383,2024.0,CP SOCIEDADE CIVIL DE ASSISTÊNCIA A MENORES - CASA DA DINDA,17.0,parceira,matriculas_ano_anterior_proxy,True,-14.982817693850617,False
2025,02011,MATERNAL I,historical_share,oos_2025,oos,all,0.6911578456626885,2024.0,CP SOCIEDADE CIVIL DE ASSISTÊNCIA A MENORES - CASA DA DINDA,17.0,parceira,matriculas_ano_anterior_proxy,True,-16.308842154337313,False
2025,02011,MATERNAL II,historical_share,oos_2025,oos,all,0.2696505422729812,2024.0,CP SOCIEDADE CIVIL DE ASSISTÊNCIA A MENORES - CASA DA DINDA,11.0,parceira,matriculas_ano_anterior_proxy,True,-10.73034945772702,False
2025,02012,BERCARIO,historical_share,oos_2025,oos,all,6.31792564209781,2024.0,CP GRUPO COMUNITÁRIO CRECHE ESCOLA TIA MAURA,24.0,parceira,matriculas_ano_anterior_proxy,True,-17.682074357902188,False
2025,02012,MATERNAL I,historical_share,oos_2025,oos,all,2.372547565954237,2024.0,CP GRUPO COMUNITÁRIO CRECHE ESCOLA TIA MAURA,20.0,parceira,matriculas_ano_anterior_proxy,True,-17.627452434045765,False
2025,02012,MATERNAL II,historical_share,oos_2025,oos,all,0.671442612807641,2024.0,CP GRUPO COMUNITÁRIO CRECHE ESCOLA TIA MAURA,26.0,parceira,matriculas_ano_anterior_proxy,True,-25.328557387192358,False
2025,02013,MATERNAL I,historical_share,oos_2025,oos,all,11.864051781051414,2024.0,CP CENTRO DE EDUCAÇÃO INFANTIL CRISTO REDENTOR,32.0,parceira,matriculas_ano_anterior_proxy,True,-20.135948218948585,False
2025,02013,MATERNAL II,historical_share,oos_2025,oos,all,2.4728869540624263,2024.0,CP CENTRO DE EDUCAÇÃO INFANTIL CRISTO REDENTOR,27.0,parceira,matriculas_ano_anterior_proxy,True,-24.527113045937575,False
2025,02014,BERCARIO,historical_share,oos_2025,oos,all,3.8648563102243614,2024.0,CP CRUZADA PELA INFÂNCIA DO LEME,21.0,parceira,matriculas_ano_anterior_proxy,True,-17.13514368977564,False
2025,02014,MATERNAL I,historical_share,oos_2025,oos,all,2.766757075002321,2024.0,CP CRUZADA PELA INFÂNCIA DO LEME,22.0,parceira,matriculas_ano_anterior_proxy,True,-19.23324292499768,False
2025,02014,MATERNAL II,historical_share,oos_2025,oos,all,0.9190508817631584,2024.0,CP CRUZADA PELA INFÂNCIA DO LEME,15.0,parceira,matriculas_ano_anterior_proxy,True,-14.080949118236841,False
2025,02015,MATERNAL I,historical_share,oos_2025,oos,all,8.1671368471604,2024.0,CP CRECHE SANT ANNA,27.0,parceira,matriculas_ano_anterior_proxy,True,-18.8328631528396,False
2025,02015,MATERNAL II,historical_share,oos_2025,oos,all,2.049708262771421,2024.0,CP CRECHE SANT ANNA,45.0,parceira,matriculas_ano_anterior_proxy,True,-42.95029173722858,False
2025,02016,BERCARIO,historical_share,oos_2025,oos,all,13.892420763704171,2024.0,CP CASA MATERNAL MELLO MATTOS,29.0,parceira,matriculas_ano_anterior_proxy,True,-15.107579236295829,False
2025,02016,MATERNAL I,historical_share,oos_2025,oos,all,7.597610372221629,2024.0,CP CASA MATERNAL MELLO MATTOS,34.0,parceira,matriculas_ano_anterior_proxy,True,-26.40238962777837,False
2025,02016,MATERNAL II,historical_share,oos_2025,oos,all,2.335850784540003,2024.0,CP CASA MATERNAL MELLO MATTOS,36.0,parceira,matriculas_ano_anterior_proxy,True,-33.66414921546,False
2025,02018,MATERNAL I,historical_share,oos_2025,oos,all,17.4050619607516,2024.0,CP FUNDAÇÃO CASA SANTA IGNEZ,45.0,parceira,matriculas_ano_anterior_proxy,True,-27.5949380392484,False
2025,02018,MATERNAL II,historical_share,oos_2025,oos,all,6.164961665763035,2024.0,CP FUNDAÇÃO CASA SANTA IGNEZ,48.0,parceira,matriculas_ano_anterior_proxy,True,-41.83503833423696,False
2025,02019,BERCARIO,historical_share,oos_2025,oos,all,5.388951379119527,2024.0,CP UNIDAS - OBRAS SOCIAIS UNIDAS DE SANTA MARTA,18.0,parceira,matriculas_ano_anterior_proxy,True,-12.611048620880473,False
2025,02019,MATERNAL I,historical_share,oos_2025,oos,all,2.7641378379215604,2024.0,CP UNIDAS - OBRAS SOCIAIS UNIDAS DE SANTA MARTA,21.0,parceira,matriculas_ano_anterior_proxy,True,-18.23586216207844,False
2025,02019,MATERNAL II,historical_share,oos_2025,oos,all,1.455608161773351,2024.0,CP UNIDAS - OBRAS SOCIAIS UNIDAS DE SANTA MARTA,17.0,parceira,matriculas_ano_anterior_proxy,True,-15.544391838226648,False
2025,02020,BERCARIO,historical_share,oos_2025,oos,all,25.08576236539763,2024.0,CP CASA ESPÍRITA CRISTÃ MARIA DE NAZARÉ,43.0,parceira,matriculas_ano_anterior_proxy,True,-17.91423763460237,False
2025,02020,MATERNAL I,historical_share,oos_2025,oos,all,8.887708863212431,2024.0,CP CASA ESPÍRITA CRISTÃ MARIA DE NAZARÉ,43.0,parceira,matriculas_ano_anterior_proxy,True,-34.11229113678757,False
2025,02020,MATERNAL II,historical_share,oos_2025,oos,all,2.560397382385751,2024.0,CP CASA ESPÍRITA CRISTÃ MARIA DE NAZARÉ,34.0,parceira,matriculas_ano_anterior_proxy,True,-31.43960261761425,False
2025,02022,MATERNAL I,historical_share,oos_2025,oos,all,10.6294357194753,2024.0,CP CRECHE CHAPEUZINHO MARROM,21.0,parceira,matriculas_ano_anterior_proxy,True,-10.3705642805247,False
2025,02022,MATERNAL II,historical_share,oos_2025,oos,all,1.3973576549247133,2024.0,CP CRECHE CHAPEUZINHO MARROM,21.0,parceira,matriculas_ano_anterior_proxy,True,-19.602642345075285,False
2025,02024,MATERNAL I,historical_share,oos_2025,oos,all,1.1720100956751611,2024.0,CP CRECHE ESCADINHA DO SABER,9.0,parceira,matriculas_ano_anterior_proxy,True,-7.827989904324839,False
2025,02024,MATERNAL II,historical_share,oos_2025,oos,all,0.3643955595834173,2024.0,CP CRECHE ESCADINHA DO SABER,10.0,parceira,matriculas_ano_anterior_proxy,True,-9.635604440416582,False
2025,02025,BERCARIO,historical_share,oos_2025,oos,all,18.787369183383408,2024.0,CP CRECHE BEZERRA DE MENEZES - BOTAFOGO,12.0,parceira,matriculas_ano_anterior_proxy,True,6.787369183383408,True
2025,02025,MATERNAL I,historical_share,oos_2025,oos,all,5.637807647568073,2024.0,CP CRECHE BEZERRA DE MENEZES - BOTAFOGO,16.0,parceira,matriculas_ano_anterior_proxy,True,-10.362192352431926,False
2025,02025,MATERNAL II,historical_share,oos_2025,oos,all,1.5374402335105744,2024.0,CP CRECHE BEZERRA DE MENEZES - BOTAFOGO,19.0,parceira,matriculas_ano_anterior_proxy,True,-17.462559766489427,False
2025,02026,MATERNAL I,historical_share,oos_2025,oos,all,5.935740920343863,2024.0,CP CRECHE MONSENHOR FRANCA,22.0,parceira,matriculas_ano_anterior_proxy,True,-16.064259079656136,False
2025,02026,MATERNAL II,historical_share,oos_2025,oos,all,2.9770955630528904,2024.0,CP CRECHE MONSENHOR FRANCA,24.0,parceira,matriculas_ano_anterior_proxy,True,-21.02290443694711,False
2025,02028,BERCARIO,historical_share,oos_2025,oos,all,10.838470503760483,2024.0,CP OBRAS SOCIAIS PADRE ALEIXO,32.0,parceira,matriculas_ano_anterior_proxy,True,-21.161529496239517,False
2025,02028,MATERNAL I,historical_share,oos_2025,oos,all,2.2831002502007163,2024.0,CP OBRAS SOCIAIS PADRE ALEIXO,26.0,parceira,matriculas_ano_anterior_proxy,True,-23.716899749799282,False
2025,02028,MATERNAL II,historical_share,oos_2025,oos,all,1.585874286971526,2024.0,CP OBRAS SOCIAIS PADRE ALEIXO,31.0,parceira,matriculas_ano_anterior_proxy,True,-29.414125713028476,False
2025,02029,BERCARIO,historical_share,oos_2025,oos,all,36.05052967640394,2024.0,CP CASA DA CRIANÇA,51.0,parceira,matriculas_ano_anterior_proxy,True,-14.94947032359606,False
2025,02029,MATERNAL I,historical_share,oos_2025,oos,all,12.21950155950487,2024.0,CP CASA DA CRIANÇA,67.0,parceira,matriculas_ano_anterior_proxy,True,-54.78049844049513,False
2025,02029,MATERNAL II,historical_share,oos_2025,oos,all,6.035570829932794,2024.0,CP CASA DA CRIANÇA,70.0,parceira,matriculas_ano_anterior_proxy,True,-63.964429170067206,False
2025,02031,MATERNAL I,historical_share,oos_2025,oos,all,18.194824128784017,2024.0,CP CENTRO COMUNITÁRIO ALEGRIA DAS CRIANÇAS,36.0,parceira,matriculas_ano_anterior_proxy,True,-17.805175871215983,False
2025,02031,MATERNAL II,historical_share,oos_2025,oos,all,12.955864883608232,2024.0,CP CENTRO COMUNITÁRIO ALEGRIA DAS CRIANÇAS,51.0,parceira,matriculas_ano_anterior_proxy,True,-38.04413511639177,False
2025,02032,MATERNAL I,historical_share,oos_2025,oos,all,14.410886077751758,2024.0,CP PATRONATO OPERÁRIO DA GÁVEA,29.0,parceira,matriculas_ano_anterior_proxy,True,-14.589113922248242,False
2025,02032,MATERNAL II,historical_share,oos_2025,oos,all,4.224172458969803,2024.0,CP PATRONATO OPERÁRIO DA GÁVEA,42.0,parceira,matriculas_ano_anterior_proxy,True,-37.775827541030196,False
2025,02034,MATERNAL I,historical_share,oos_2025,oos,all,24.266010289549016,2024.0,CP CENTRO SOCIAL DA MULHER UÊGA,40.0,parceira,matriculas_ano_anterior_proxy,True,-15.733989710450984,False
2025,02034,MATERNAL II,historical_share,oos_2025,oos,all,2.099453687924679,2024.0,CP CENTRO SOCIAL DA MULHER UÊGA,54.0,parceira,matriculas_ano_anterior_proxy,True,-51.90054631207532,False
2025,02035,BERCARIO,historical_share,oos_2025,oos,all,17.302785746381385,2024.0,CP CENTRO SOCIAL E AÍ COMO É QUE FICA ?,24.0,parceira,matriculas_ano_anterior_proxy,True,-6.697214253618615,False
2025,02035,MATERNAL I,historical_share,oos_2025,oos,all,5.731608042928007,2024.0,CP CENTRO SOCIAL E AÍ COMO É QUE FICA ?,24.0,parceira,matriculas_ano_anterior_proxy,True,-18.26839195707199,False
2025,02035,MATERNAL II,historical_share,oos_2025,oos,all,1.5757167964935894,2024.0,CP CENTRO SOCIAL E AÍ COMO É QUE FICA ?,17.0,parceira,matriculas_ano_anterior_proxy,True,-15.42428320350641,False
2025,02036,BERCARIO,historical_share,oos_2025,oos,all,15.351897117367352,2024.0,CP CRECHE BERÇÁRIO MARIA HELENA DA ROCINHA,33.0,parceira,matriculas_ano_anterior_proxy,True,-17.64810288263265,False
2025,02036,MATERNAL I,historical_share,oos_2025,oos,all,1.9825419230413173,2024.0,CP CRECHE BERÇÁRIO MARIA HELENA DA ROCINHA,24.0,parceira,matriculas_ano_anterior_proxy,True,-22.017458076958683,False
2025,02036,MATERNAL II,historical_share,oos_2025,oos,all,1.2117198001907914,2024.0,CP CRECHE BERÇÁRIO MARIA HELENA DA ROCINHA,29.0,parceira,matriculas_ano_anterior_proxy,True,-27.788280199809208,False
2025,02037,BERCARIO,historical_share,oos_2025,oos,all,13.53969739017528,2024.0,CP CRECHE COMUNITÁRIA CANTINHO DA NATUREZA,62.0,parceira,matriculas_ano_anterior_proxy,True,-48.46030260982472,False
2025,02037,MATERNAL I,historical_share,oos_2025,oos,all,5.726558465190946,2024.0,CP CRECHE COMUNITÁRIA CANTINHO DA NATUREZA,47.0,parceira,matriculas_ano_anterior_proxy,True,-41.27344153480905,False
2025,02037,MATERNAL II,historical_share,oos_2025,oos,all,1.6546027156066143,2024.0,CP CRECHE COMUNITÁRIA CANTINHO DA NATUREZA,39.0,parceira,matriculas_ano_anterior_proxy,True,-37.345397284393385,False
2025,02038,BERCARIO,historical_share,oos_2025,oos,all,5.112750912071773,2024.0,CP CRECHE CHÁCARA DO CÉU,20.0,parceira,matriculas_ano_anterior_proxy,True,-14.887249087928227,False
2025,02038,MATERNAL I,historical_share,oos_2025,oos,all,2.989542054969775,2024.0,CP CRECHE CHÁCARA DO CÉU,22.0,parceira,matriculas_ano_anterior_proxy,True,-19.010457945030225,False
2025,02038,MATERNAL II,historical_share,oos_2025,oos,all,1.071219749578381,2024.0,CP CRECHE CHÁCARA DO CÉU,16.0,parceira,matriculas_ano_anterior_proxy,True,-14.92878025042162,False
2025,02039,BERCARIO,historical_share,oos_2025,oos,all,39.976331844038754,2024.0,CP CRECHE ESCOLA MENINOS DE LUZ,39.0,parceira,matriculas_ano_anterior_proxy,True,0.9763318440387536,True
2025,02039,MATERNAL I,historical_share,oos_2025,oos,all,13.009190231133964,2024.0,CP CRECHE ESCOLA MENINOS DE LUZ,25.0,parceira,matriculas_ano_anterior_proxy,True,-11.990809768866036,False
2025,02039,MATERNAL II,historical_share,oos_2025,oos,all,2.2339157252668125,2024.0,CP CRECHE ESCOLA MENINOS DE LUZ,24.0,parceira,matriculas_ano_anterior_proxy,True,-21.76608427473319,False
2025,02040,BERCARIO,historical_share,oos_2025,oos,all,14.78780603380451,2024.0,CP CRECHE MARIA MARIA,27.0,parceira,matriculas_ano_anterior_proxy,True,-12.21219396619549,False
2025,02040,MATERNAL I,historical_share,oos_2025,oos,all,7.959997471085371,2024.0,CP CRECHE MARIA MARIA,21.0,parceira,matriculas_ano_anterior_proxy,True,-13.040002528914629,False
2025,02040,MATERNAL II,historical_share,oos_2025,oos,all,2.1793236354888244,2024.0,CP CRECHE MARIA MARIA,20.0,parceira,matriculas_ano_anterior_proxy,True,-17.820676364511176,False
2025,02041,BERCARIO,historical_share,oos_2025,oos,all,0.003554258029573,2024.0,CP CRECHE E PRÉ-ESCOLA COMUNITÁRIA DO 199 PINGO DE GENTE,0.0,parceira,matriculas_ano_anterior_proxy,True,0.003554258029573,True
2025,02041,MATERNAL I,historical_share,oos_2025,oos,all,11.569658532913882,2024.0,CP CRECHE E PRÉ-ESCOLA COMUNITÁRIA DO 199 PINGO DE GENTE,16.0,parceira,matriculas_ano_anterior_proxy,True,-4.430341467086118,False
2025,02041,MATERNAL II,historical_share,oos_2025,oos,all,2.401257107422296,2024.0,CP CRECHE E PRÉ-ESCOLA COMUNITÁRIA DO 199 PINGO DE GENTE,21.0,parceira,matriculas_ano_anterior_proxy,True,-18.598742892577704,False
2025,02042,MATERNAL I,historical_share,oos_2025,oos,all,10.259601200340764,2024.0,CP CRECHE SANTA CLARA,19.0,parceira,matriculas_ano_anterior_proxy,True,-8.740398799659236,False
2025,02042,MATERNAL II,historical_share,oos_2025,oos,all,2.531816003028294,2024.0,CP CRECHE SANTA CLARA,21.0,parceira,matriculas_ano_anterior_proxy,True,-18.468183996971707,False
2025,02043,BERCARIO,historical_share,oos_2025,oos,all,26.634908420932877,2024.0,CP CRECHE SANTA MÔNICA,73.0,parceira,matriculas_ano_anterior_proxy,True,-46.365091579067126,False
2025,02043,MATERNAL I,historical_share,oos_2025,oos,all,3.391685048286217,2024.0,CP CRECHE SANTA MÔNICA,32.0,parceira,matriculas_ano_anterior_proxy,True,-28.608314951713783,False
2025,02043,MATERNAL II,historical_share,oos_2025,oos,all,1.3378981564228964,2024.0,CP CRECHE SANTA MÔNICA,35.0,parceira,matriculas_ano_anterior_proxy,True,-33.662101843577105,False
2025,02044,MATERNAL I,historical_share,oos_2025,oos,all,15.300216623987753,2024.0,CP CRECHE SÃO COSME E SÃO DAMIÃO,32.0,parceira,matriculas_ano_anterior_proxy,True,-16.69978337601225,False
2025,02044,MATERNAL II,historical_share,oos_2025,oos,all,3.614186826953772,2024.0,CP CRECHE SÃO COSME E SÃO DAMIÃO,41.0,parceira,matriculas_ano_anterior_proxy,True,-37.38581317304623,False
2025,02045,MATERNAL I,historical_share,oos_2025,oos,all,5.06059685195642,2024.0,CP CREI - CENTRO DE RECUPERAÇÃO INFANTIL,21.0,parceira,matriculas_ano_anterior_proxy,True,-15.93940314804358,False
2025,02045,MATERNAL II,historical_share,oos_2025,oos,all,0.9226092756918702,2024.0,CP CREI - CENTRO DE RECUPERAÇÃO INFANTIL,21.0,parceira,matriculas_ano_anterior_proxy,True,-20.07739072430813,False
2025,02046,BERCARIO,historical_share,oos_2025,oos,all,32.693858033151024,2024.0,CP ESPAÇO SANTA TEREZINHA - EST,44.0,parceira,matriculas_ano_anterior_proxy,True,-11.306141966848976,False
2025,02046,MATERNAL I,historical_share,oos_2025,oos,all,18.101459707627598,2024.0,CP ESPAÇO SANTA TEREZINHA - EST,48.0,parceira,matriculas_ano_anterior_proxy,True,-29.898540292372402,False
2025,02046,MATERNAL II,historical_share,oos_2025,oos,all,6.377604191928561,2024.0,CP ESPAÇO SANTA TEREZINHA - EST,48.0,parceira,matriculas_ano_anterior_proxy,True,-41.62239580807144,False
2025,0204601,BERCARIO,historical_share,oos_2025,oos,all,19.23328214111686,2024.0,CM TIA AMÁLIA,25.0,publica,matriculas_ano_anterior_proxy,True,-5.7667178588831405,False
2025,0204601,MATERNAL I,historical_share,oos_2025,oos,all,8.332911862082105,2024.0,CM TIA AMÁLIA,18.0,publica,matriculas_ano_anterior_proxy,True,-9.667088137917895,False
2025,0204601,MATERNAL II,historical_share,oos_2025,oos,all,3.5706392293521887,2024.0,CM TIA AMÁLIA,0.0,publica,matriculas_ano_anterior_proxy,True,3.5706392293521887,True
2025,0204602,BERCARIO,historical_share,oos_2025,oos,all,277.01066204698844,2024.0,CM ARACY GUIMARÃES ROSA,48.0,publica,matriculas_ano_anterior_proxy,True,229.01066204698844,True
2025,0204602,MATERNAL I,historical_share,oos_2025,oos,all,114.21187434795442,2024.0,CM ARACY GUIMARÃES ROSA,48.0,publica,matriculas_ano_anterior_proxy,True,66.21187434795442,True
2025,0204602,MATERNAL II,historical_share,oos_2025,oos,all,38.92864742888273,2024.0,CM ARACY GUIMARÃES ROSA,0.0,publica,matriculas_ano_anterior_proxy,True,38.92864742888273,True
2025,02047,BERCARIO,historical_share,oos_2025,oos,all,17.810777105014225,2024.0,CP GRUPO COMUNITÁRIO MORRO DA ALEGRIA,24.0,parceira,matriculas_ano_anterior_proxy,True,-6.189222894985775,False
2025,02047,MATERNAL I,historical_share,oos_2025,oos,all,4.592117202179392,2024.0,CP GRUPO COMUNITÁRIO MORRO DA ALEGRIA,14.0,parceira,matriculas_ano_anterior_proxy,True,-9.407882797820609,False
2025,02047,MATERNAL II,historical_share,oos_2025,oos,all,9.209836696026462,2024.0,CP GRUPO COMUNITÁRIO MORRO DA ALEGRIA,27.0,parceira,matriculas_ano_anterior_proxy,True,-17.790163303973536,False
2025,02048,BERCARIO,historical_share,oos_2025,oos,all,26.06392877105936,2024.0,CP LAR CANTINHO FELIZ,23.0,parceira,matriculas_ano_anterior_proxy,True,3.0639287710593592,True
2025,02048,MATERNAL I,historical_share,oos_2025,oos,all,16.97815681697099,2024.0,CP LAR CANTINHO FELIZ,43.0,parceira,matriculas_ano_anterior_proxy,True,-26.02184318302901,False
2025,02048,MATERNAL II,historical_share,oos_2025,oos,all,3.742866710635631,2024.0,CP LAR CANTINHO FELIZ,44.0,parceira,matriculas_ano_anterior_proxy,True,-40.25713328936437,False
2025,0204804,MATERNAL II,historical_share,oos_2025,oos,all,15.428465100899228,2024.0,EDI PROFESSORA SARITA KONDER,0.0,publica,matriculas_ano_anterior_proxy,True,15.428465100899228,True
2025,0204805,MATERNAL I,historical_share,oos_2025,oos,all,118.84249082598892,2024.0,EDI CLAUDIO CAVALCANTI,71.0,publica,matriculas_ano_anterior_proxy,True,47.84249082598892,True
2025,0204805,MATERNAL II,historical_share,oos_2025,oos,all,41.366337682660046,2024.0,EDI CLAUDIO CAVALCANTI,0.0,publica,matriculas_ano_anterior_proxy,True,41.366337682660046,True
2025,0204806,BERCARIO,historical_share,oos_2025,oos,all,44.122369078961455,2024.0,EDI IRMA MARGARITA ALARCON,24.0,publica,matriculas_ano_anterior_proxy,True,20.122369078961455,True
2025,0204806,MATERNAL I,historical_share,oos_2025,oos,all,16.633524815319774,2024.0,EDI IRMA MARGARITA ALARCON,25.0,publica,matriculas_ano_anterior_proxy,True,-8.366475184680226,False
2025,0204806,MATERNAL II,historical_share,oos_2025,oos,all,14.27215183194965,2024.0,EDI IRMA MARGARITA ALARCON,0.0,publica,matriculas_ano_anterior_proxy,True,14.27215183194965,True
2025,02049,BERCARIO,historical_share,oos_2025,oos,all,21.839411372033325,2024.0,CP OBRA DO BERÇO,24.0,parceira,matriculas_ano_anterior_proxy,True,-2.160588627966675,False
2025,02049,MATERNAL I,historical_share,oos_2025,oos,all,4.64152791617314,2024.0,CP OBRA DO BERÇO,20.0,parceira,matriculas_ano_anterior_proxy,True,-15.358472083826861,False
2025,02049,MATERNAL II,historical_share,oos_2025,oos,all,0.8537909339193219,2024.0,CP OBRA DO BERÇO,37.0,parceira,matriculas_ano_anterior_proxy,True,-36.14620906608068,False
2025,02052,BERCARIO,historical_share,oos_2025,oos,all,20.808540487211907,2024.0,CP CRECHE CASA SANTA MARTA,37.0,parceira,matriculas_ano_anterior_proxy,True,-16.191459512788093,False
2025,02052,MATERNAL I,historical_share,oos_2025,oos,all,2.3811307174869465,2024.0,CP CRECHE CASA SANTA MARTA,20.0,parceira,matriculas_ano_anterior_proxy,True,-17.618869282513053,False
2025,02052,MATERNAL II,historical_share,oos_2025,oos,all,1.1653877538587447,2024.0,CP CRECHE CASA SANTA MARTA,37.0,parceira,matriculas_ano_anterior_proxy,True,-35.834612246141255,False
2025,02053,BERCARIO,historical_share,oos_2025,oos,all,21.503475238123983,2024.0,CP CRECHE ESPERANÇA,39.0,parceira,matriculas_ano_anterior_proxy,True,-17.496524761876017,False
2025,02053,MATERNAL I,historical_share,oos_2025,oos,all,9.985997289157954,2024.0,CP CRECHE ESPERANÇA,30.0,parceira,matriculas_ano_anterior_proxy,True,-20.014002710842046,False
2025,02053,MATERNAL II,historical_share,oos_2025,oos,all,2.560639502046206,2024.0,CP CRECHE ESPERANÇA,28.0,parceira,matriculas_ano_anterior_proxy,True,-25.439360497953793,False
2025,02054,BERCARIO,historical_share,oos_2025,oos,all,18.358793160103133,2024.0,CP UNIÃO DE MULHERES PRO-MELHORAMENTO DA ROUPA SUJA,27.0,parceira,matriculas_ano_anterior_proxy,True,-8.641206839896867,False
2025,02054,MATERNAL I,historical_share,oos_2025,oos,all,3.452626361430777,2024.0,CP UNIÃO DE MULHERES PRO-MELHORAMENTO DA ROUPA SUJA,19.0,parceira,matriculas_ano_anterior_proxy,True,-15.547373638569223,False
2025,02054,MATERNAL II,historical_share,oos_2025,oos,all,0.0045061222003204,2024.0,CP UNIÃO DE MULHERES PRO-MELHORAMENTO DA ROUPA SUJA,16.0,parceira,matriculas_ano_anterior_proxy,True,-15.99549387779968,False
2025,02055,MATERNAL I,historical_share,oos_2025,oos,all,14.52848194032965,2024.0,CP CRECHE CASA DO POBRE DE NOSSA SENHORA DE COPACABANA,40.0,parceira,matriculas_ano_anterior_proxy,True,-25.471518059670352,False
2025,02055,MATERNAL II,historical_share,oos_2025,oos,all,3.634718627694167,2024.0,CP CRECHE CASA DO POBRE DE NOSSA SENHORA DE COPACABANA,37.0,parceira,matriculas_ano_anterior_proxy,True,-33.36528137230583,False
2025,02056,MATERNAL I,historical_share,oos_2025,oos,all,17.23731579004597,2024.0,CP CRECHE SANTA CLARA DE ASSIS NA PROVIDÊNCIA DE DEUS,64.0,parceira,matriculas_ano_anterior_proxy,True,-46.76268420995403,False
2025,02056,MATERNAL II,historical_share,oos_2025,oos,all,5.105207029589242,2024.0,CP CRECHE SANTA CLARA DE ASSIS NA PROVIDÊNCIA DE DEUS,50.0,parceira,matriculas_ano_anterior_proxy,True,-44.894792970410755,False
2025,0205601,BERCARIO,historical_share,oos_2025,oos,all,181.31068824583255,2024.0,CM IRMÃS BAPTISTA,43.0,publica,matriculas_ano_anterior_proxy,True,138.31068824583255,True
2025,0205601,MATERNAL I,historical_share,oos_2025,oos,all,93.33310178307026,2024.0,CM IRMÃS BAPTISTA,43.0,publica,matriculas_ano_anterior_proxy,True,50.33310178307026,True
2025,0205601,MATERNAL II,historical_share,oos_2025,oos,all,55.44376462507007,2024.0,CM IRMÃS BAPTISTA,0.0,publica,matriculas_ano_anterior_proxy,True,55.44376462507007,True
2025,0205602,BERCARIO,historical_share,oos_2025,oos,all,66.19247788888838,2024.0,CM TIA SONIA CRISPINIANO,49.0,publica,matriculas_ano_anterior_proxy,True,17.192477888888376,True
2025,0205602,MATERNAL I,historical_share,oos_2025,oos,all,36.244800845107086,2024.0,CM TIA SONIA CRISPINIANO,40.0,publica,matriculas_ano_anterior_proxy,True,-3.755199154892914,False
2025,0205602,MATERNAL II,historical_share,oos_2025,oos,all,21.936164595474583,2024.0,CM TIA SONIA CRISPINIANO,0.0,publica,matriculas_ano_anterior_proxy,True,21.936164595474583,True
2025,02057,MATERNAL I,historical_share,oos_2025,oos,all,11.468102462037868,2024.0,CP CENTRO EDUCACIONAL ESPERANÇA,20.0,parceira,matriculas_ano_anterior_proxy,True,-8.531897537962132,False
2025,02057,MATERNAL II,historical_share,oos_2025,oos,all,1.3563450413788485,2024.0,CP CENTRO EDUCACIONAL ESPERANÇA,25.0,parceira,matriculas_ano_anterior_proxy,True,-23.643654958621152,False
2025,02058,MATERNAL I,historical_share,oos_2025,oos,all,20.796180200844624,2024.0,CP NASCEER - NÚCLEO DE ASSIST. SOCIAL CULTURAL EDUC. ECOLÓGICO DA ROCINHA,40.0,parceira,matriculas_ano_anterior_proxy,True,-19.203819799155376,False
2025,02058,MATERNAL II,historical_share,oos_2025,oos,all,3.0048639464175326,2024.0,CP NASCEER - NÚCLEO DE ASSIST. SOCIAL CULTURAL EDUC. ECOLÓGICO DA ROCINHA,40.0,parceira,matriculas_ano_anterior_proxy,True,-36.99513605358247,False
2025,0205801,BERCARIO,historical_share,oos_2025,oos,all,32.043458124844136,2024.0,EDI DONA MARCELA,14.0,publica,matriculas_ano_anterior_proxy,True,18.043458124844136,True
2025,0205801,MATERNAL I,historical_share,oos_2025,oos,all,14.115946332882013,2024.0,EDI DONA MARCELA,14.0,publica,matriculas_ano_anterior_proxy,True,0.11594633288201273,True
2025,0205801,MATERNAL II,historical_share,oos_2025,oos,all,6.70492624884637,2024.0,EDI DONA MARCELA,0.0,publica,matriculas_ano_anterior_proxy,True,6.70492624884637,True
2025,02060,BERCARIO,historical_share,oos_2025,oos,all,0.003554258029573,2024.0,CP ASSOCIAÇÃO CENTRO EDUCACIONAL REBRAL - ROCINHA,0.0,parceira,matriculas_ano_anterior_proxy,True,0.003554258029573,True
2025,02060,MATERNAL I,historical_share,oos_2025,oos,all,33.1520938031984,2024.0,CP ASSOCIAÇÃO CENTRO EDUCACIONAL REBRAL - ROCINHA,27.0,parceira,matriculas_ano_anterior_proxy,True,6.152093803198397,True
2025,02060,MATERNAL II,historical_share,oos_2025,oos,all,12.130324572679523,2024.0,CP ASSOCIAÇÃO CENTRO EDUCACIONAL REBRAL - ROCINHA,33.0,parceira,matriculas_ano_anterior_proxy,True,-20.869675427320477,False
2025,02061,MATERNAL I,historical_share,oos_2025,oos,all,21.528487005334487,2024.0,CP CRECHE INSTITUTO MACINTYRE,63.0,parceira,matriculas_ano_anterior_proxy,True,-41.47151299466552,False
2025,02061,MATERNAL II,historical_share,oos_2025,oos,all,4.962111427266285,2024.0,CP CRECHE INSTITUTO MACINTYRE,12.0,parceira,matriculas_ano_anterior_proxy,True,-7.037888572733715,False
2025,02062,MATERNAL I,historical_share,oos_2025,oos,all,6.235760537811959,2024.0,CP CENTRO EDUCACIONAL ROUPA FELIZ,8.0,parceira,matriculas_ano_anterior_proxy,True,-1.7642394621880406,False
2025,02062,MATERNAL II,historical_share,oos_2025,oos,all,5.765611927942306,2024.0,CP CENTRO EDUCACIONAL ROUPA FELIZ,6.0,parceira,matriculas_ano_anterior_proxy,True,-0.23438807205769407,False
2025,02063,MATERNAL I,historical_share,oos_2025,oos,all,8.92056423407664,2024.0,CP CRECHE ANJOS DO BEM,27.0,parceira,matriculas_ano_anterior_proxy,True,-18.07943576592336,False
2025,02063,MATERNAL II,historical_share,oos_2025,oos,all,1.991485633118059,2024.0,CP CRECHE ANJOS DO BEM,12.0,parceira,matriculas_ano_anterior_proxy,True,-10.008514366881942,False
2025,0206601,BERCARIO,historical_share,oos_2025,oos,all,28.701247534615295,2024.0,CM DOUTOR SOBRAL PINTO,17.0,publica,matriculas_ano_anterior_proxy,True,11.701247534615295,True
2025,0206601,MATERNAL I,historical_share,oos_2025,oos,all,16.597443515818245,2024.0,CM DOUTOR SOBRAL PINTO,22.0,publica,matriculas_ano_anterior_proxy,True,-5.402556484181755,False
2025,0206601,MATERNAL II,historical_share,oos_2025,oos,all,6.799620914285394,2024.0,CM DOUTOR SOBRAL PINTO,0.0,publica,matriculas_ano_anterior_proxy,True,6.799620914285394,True
2025,0206602,BERCARIO,historical_share,oos_2025,oos,all,87.09856455522724,2024.0,CM VIDIGAL,43.0,publica,matriculas_ano_anterior_proxy,True,44.09856455522724,True
2025,0206602,MATERNAL I,historical_share,oos_2025,oos,all,31.54309460510208,2024.0,CM VIDIGAL,21.0,publica,matriculas_ano_anterior_proxy,True,10.54309460510208,True
2025,0206602,MATERNAL II,historical_share,oos_2025,oos,all,13.362720041121571,2024.0,CM VIDIGAL,0.0,publica,matriculas_ano_anterior_proxy,True,13.362720041121571,True
2025,0206603,BERCARIO,historical_share,oos_2025,oos,all,58.50284430840832,2024.0,CM JACÓ INÁCIO GOMES,18.0,publica,matriculas_ano_anterior_proxy,True,40.50284430840832,True
2025,0206603,MATERNAL I,historical_share,oos_2025,oos,all,22.09387505632833,2024.0,CM JACÓ INÁCIO GOMES,21.0,publica,matriculas_ano_anterior_proxy,True,1.0938750563283293,True
2025,0206603,MATERNAL II,historical_share,oos_2025,oos,all,19.49067856457742,2024.0,CM JACÓ INÁCIO GOMES,0.0,publica,matriculas_ano_anterior_proxy,True,19.49067856457742,True
2025,0206605,BERCARIO,historical_share,oos_2025,oos,all,94.03253220748972,2024.0,CM DOUTOR PEDRO BLOCH,39.0,publica,matriculas_ano_anterior_proxy,True,55.03253220748972,True
2025,0206605,MATERNAL I,historical_share,oos_2025,oos,all,27.42861499213569,2024.0,CM DOUTOR PEDRO BLOCH,13.0,publica,matriculas_ano_anterior_proxy,True,14.428614992135689,True
2025,0206605,MATERNAL II,historical_share,oos_2025,oos,all,17.16287780336593,2024.0,CM DOUTOR PEDRO BLOCH,0.0,publica,matriculas_ano_anterior_proxy,True,17.16287780336593,True
2025,0206606,BERCARIO,historical_share,oos_2025,oos,all,92.36255150156816,2024.0,CM ELZA MACHADO DOS SANTOS - TIA ELZA,40.0,publica,matriculas_ano_anterior_proxy,True,52.36255150156816,True
2025,0206606,MATERNAL I,historical_share,oos_2025,oos,all,56.840518811165374,2024.0,CM ELZA MACHADO DOS SANTOS - TIA ELZA,23.0,publica,matriculas_ano_anterior_proxy,True,33.840518811165374,True
2025,0206606,MATERNAL II,historical_share,oos_2025,oos,all,25.542723325293807,2024.0,CM ELZA MACHADO DOS SANTOS - TIA ELZA,0.0,publica,matriculas_ano_anterior_proxy,True,25.542723325293807,True
2025,0208601,BERCARIO,historical_share,oos_2025,oos,all,46.070831202892165,2024.0,CM CASA BRANCA - PROFESSOR PAULO FREIRE,42.0,publica,matriculas_ano_anterior_proxy,True,4.070831202892165,True
2025,0208601,MATERNAL I,historical_share,oos_2025,oos,all,12.576572667929527,2024.0,CM CASA BRANCA - PROFESSOR PAULO FREIRE,30.0,publica,matriculas_ano_anterior_proxy,True,-17.423427332070474,False
2025,0208601,MATERNAL II,historical_share,oos_2025,oos,all,6.401831547962667,2024.0,CM CASA BRANCA - PROFESSOR PAULO FREIRE,0.0,publica,matriculas_ano_anterior_proxy,True,6.401831547962667,True
2025,0208603,BERCARIO,historical_share,oos_2025,oos,all,40.49379911159456,2024.0,CM RAÍZES DO SALGUEIRO,24.0,publica,matriculas_ano_anterior_proxy,True,16.493799111594562,True
2025,0208603,MATERNAL I,historical_share,oos_2025,oos,all,27.376764966569844,2024.0,CM RAÍZES DO SALGUEIRO,40.0,publica,matriculas_ano_anterior_proxy,True,-12.623235033430156,False
2025,0208603,MATERNAL II,historical_share,oos_2025,oos,all,6.6573828988182,2024.0,CM RAÍZES DO SALGUEIRO,0.0,publica,matriculas_ano_anterior_proxy,True,6.6573828988182,True
2025,0208604,BERCARIO,historical_share,oos_2025,oos,all,48.01091402484407,2024.0,CM TIA BELA,38.0,publica,matriculas_ano_anterior_proxy,True,10.01091402484407,True
2025,0208604,MATERNAL I,historical_share,oos_2025,oos,all,3.13764775942641,2024.0,CM TIA BELA,19.0,publica,matriculas_ano_anterior_proxy,True,-15.862352240573589,False
2025,0208604,MATERNAL II,historical_share,oos_2025,oos,all,3.2046470043345026,2024.0,CM TIA BELA,0.0,publica,matriculas_ano_anterior_proxy,True,3.2046470043345026,True
2025,0208605,BERCARIO,historical_share,oos_2025,oos,all,17.479862129566015,2024.0,CM TIA MARIA,23.0,publica,matriculas_ano_anterior_proxy,True,-5.5201378704339845,False
2025,0208605,MATERNAL I,historical_share,oos_2025,oos,all,5.096705447657527,2024.0,CM TIA MARIA,25.0,publica,matriculas_ano_anterior_proxy,True,-19.903294552342473,False
2025,0208605,MATERNAL II,historical_share,oos_2025,oos,all,3.2046470043345026,2024.0,CM TIA MARIA,0.0,publica,matriculas_ano_anterior_proxy,True,3.2046470043345026,True
2025,0208606,BERCARIO,historical_share,oos_2025,oos,all,32.863928859288755,2024.0,CM DOUTOR RONALDO LUIZ GAZOLLA,25.0,publica,matriculas_ano_anterior_proxy,True,7.863928859288755,True
2025,0208606,MATERNAL I,historical_share,oos_2025,oos,all,9.451477828324167,2024.0,CM DOUTOR RONALDO LUIZ GAZOLLA,23.0,publica,matriculas_ano_anterior_proxy,True,-13.548522171675833,False
2025,0208606,MATERNAL II,historical_share,oos_2025,oos,all,3.686921691551572,2024.0,CM DOUTOR RONALDO LUIZ GAZOLLA,0.0,publica,matriculas_ano_anterior_proxy,True,3.686921691551572,True
2025,0208607,BERCARIO,historical_share,oos_2025,oos,all,26.45242876134973,2024.0,CM DOS SONHOS,19.0,publica,matriculas_ano_anterior_proxy,True,7.452428761349729,True
2025,0208607,MATERNAL I,historical_share,oos_2025,oos,all,15.529939845767156,2024.0,CM DOS SONHOS,18.0,publica,matriculas_ano_anterior_proxy,True,-2.4700601542328435,False
2025,0208607,MATERNAL II,historical_share,oos_2025,oos,all,5.9961058903674695,2024.0,CM DOS SONHOS,0.0,publica,matriculas_ano_anterior_proxy,True,5.9961058903674695,True
2025,0208608,BERCARIO,historical_share,oos_2025,oos,all,124.88075213932052,2024.0,CM DOUTOR SÉRGIO AROUCA,50.0,publica,matriculas_ano_anterior_proxy,True,74.88075213932052,True
2025,0208608,MATERNAL I,historical_share,oos_2025,oos,all,37.3986193127938,2024.0,CM DOUTOR SÉRGIO AROUCA,38.0,publica,matriculas_ano_anterior_proxy,True,-0.601380687206202,False
2025,0208608,MATERNAL II,historical_share,oos_2025,oos,all,18.60682476374416,2024.0,CM DOUTOR SÉRGIO AROUCA,0.0,publica,matriculas_ano_anterior_proxy,True,18.60682476374416,True
2025,0208801,BERCARIO,historical_share,oos_2025,oos,all,65.42531570586678,2024.0,EDI IGOR MORAES DA SILVA,49.0,publica,matriculas_ano_anterior_proxy,True,16.42531570586678,True
2025,0208801,MATERNAL I,historical_share,oos_2025,oos,all,24.54007631022719,2024.0,EDI IGOR MORAES DA SILVA,32.0,publica,matriculas_ano_anterior_proxy,True,-7.459923689772811,False
2025,0208801,MATERNAL II,historical_share,oos_2025,oos,all,9.62651086024652,2024.0,EDI IGOR MORAES DA SILVA,0.0,publica,matriculas_ano_anterior_proxy,True,9.62651086024652,True
2025,0208803,MATERNAL I,historical_share,oos_2025,oos,all,31.76438083829542,2024.0,EDI BOREL,38.0,publica,matriculas_ano_anterior_proxy,True,-6.23561916170458,False
2025,0208803,MATERNAL II,historical_share,oos_2025,oos,all,13.168467947039652,2024.0,EDI BOREL,0.0,publica,matriculas_ano_anterior_proxy,True,13.168467947039652,True
2025,0209601,BERCARIO,historical_share,oos_2025,oos,all,88.04587564917578,2024.0,CM PIPA NO CÉU,57.0,publica,matriculas_ano_anterior_proxy,True,31.045875649175784,True
2025,0209601,MATERNAL I,historical_share,oos_2025,oos,all,17.37645745381253,2024.0,CM PIPA NO CÉU,24.0,publica,matriculas_ano_anterior_proxy,True,-6.623542546187469,False
2025,0209601,MATERNAL II,historical_share,oos_2025,oos,all,7.937845264957334,2024.0,CM PIPA NO CÉU,0.0,publica,matriculas_ano_anterior_proxy,True,7.937845264957334,True
2025,0209602,BERCARIO,historical_share,oos_2025,oos,all,61.676487092576416,2024.0,CM CANTINHO DO CÉU,48.0,publica,matriculas_ano_anterior_proxy,True,13.676487092576416,True
2025,0209602,MATERNAL I,historical_share,oos_2025,oos,all,28.368477308200355,2024.0,CM CANTINHO DO CÉU,33.0,publica,matriculas_ano_anterior_proxy,True,-4.6315226917996455,False
2025,0209602,MATERNAL II,historical_share,oos_2025,oos,all,10.486461315175111,2024.0,CM CANTINHO DO CÉU,0.0,publica,matriculas_ano_anterior_proxy,True,10.486461315175111,True
2025,0209603,BERCARIO,historical_share,oos_2025,oos,all,8.966526553528613,2024.0,CM GALDINO MANOEL DA SILVA,11.0,publica,matriculas_ano_anterior_proxy,True,-2.033473446471387,False
2025,0209603,MATERNAL I,historical_share,oos_2025,oos,all,8.232378998174681,2024.0,CM GALDINO MANOEL DA SILVA,15.0,publica,matriculas_ano_anterior_proxy,True,-6.767621001825319,False
2025,0209603,MATERNAL II,historical_share,oos_2025,oos,all,2.4405550998028835,2024.0,CM GALDINO MANOEL DA SILVA,0.0,publica,matriculas_ano_anterior_proxy,True,2.4405550998028835,True
2025,0209604,BERCARIO,historical_share,oos_2025,oos,all,28.35222890599681,2024.0,CM NOVA DIVINÉIA,18.0,publica,matriculas_ano_anterior_proxy,True,10.35222890599681,True
2025,0209604,MATERNAL I,historical_share,oos_2025,oos,all,8.220460297637878,2024.0,CM NOVA DIVINÉIA,18.0,publica,matriculas_ano_anterior_proxy,True,-9.779539702362122,False
2025,0209604,MATERNAL II,historical_share,oos_2025,oos,all,0.4970160854399372,2024.0,CM NOVA DIVINÉIA,0.0,publica,matriculas_ano_anterior_proxy,True,0.4970160854399372,True
2025,0209605,BERCARIO,historical_share,oos_2025,oos,all,34.671456454469904,2024.0,CM SÃO SEBASTIÃO - ARRELIA,38.0,publica,matriculas_ano_anterior_proxy,True,-3.3285435455300956,False
2025,0209605,MATERNAL I,historical_share,oos_2025,oos,all,2.4425816233778748,2024.0,CM SÃO SEBASTIÃO - ARRELIA,11.0,publica,matriculas_ano_anterior_proxy,True,-8.557418376622126,False
2025,0209605,MATERNAL II,historical_share,oos_2025,oos,all,2.3054758128525776,2024.0,CM SÃO SEBASTIÃO - ARRELIA,0.0,publica,matriculas_ano_anterior_proxy,True,2.3054758128525776,True
2025,0209606,BERCARIO,historical_share,oos_2025,oos,all,34.408912391810894,2024.0,CM WINNIE MANDELA,20.0,publica,matriculas_ano_anterior_proxy,True,14.408912391810894,True
2025,0209606,MATERNAL I,historical_share,oos_2025,oos,all,15.939406006831913,2024.0,CM WINNIE MANDELA,25.0,publica,matriculas_ano_anterior_proxy,True,-9.060593993168087,False
2025,0209606,MATERNAL II,historical_share,oos_2025,oos,all,4.545153813675573,2024.0,CM WINNIE MANDELA,0.0,publica,matriculas_ano_anterior_proxy,True,4.545153813675573,True
2025,0209607,BERCARIO,historical_share,oos_2025,oos,all,34.51465873783828,2024.0,CM SOLANGE MARIA MAGALHÃES,25.0,publica,matriculas_ano_anterior_proxy,True,9.514658737838282,True
2025,0209607,MATERNAL I,historical_share,oos_2025,oos,all,11.685017895647595,2024.0,CM SOLANGE MARIA MAGALHÃES,19.0,publica,matriculas_ano_anterior_proxy,True,-7.314982104352405,False
2025,0209607,MATERNAL II,historical_share,oos_2025,oos,all,5.850942215355583,2024.0,CM SOLANGE MARIA MAGALHÃES,0.0,publica,matriculas_ano_anterior_proxy,True,5.850942215355583,True
2025,0209608,BERCARIO,historical_share,oos_2025,oos,all,57.40707898533624,2024.0,CM GERMINAL DA VILA,48.0,publica,matriculas_ano_anterior_proxy,True,9.407078985336241,True
2025,0209608,MATERNAL I,historical_share,oos_2025,oos,all,17.388515462185886,2024.0,CM GERMINAL DA VILA,21.0,publica,matriculas_ano_anterior_proxy,True,-3.611484537814114,False
2025,0209608,MATERNAL II,historical_share,oos_2025,oos,all,6.904885395957908,2024.0,CM GERMINAL DA VILA,0.0,publica,matriculas_ano_anterior_proxy,True,6.904885395957908,True
2025,0209609,BERCARIO,historical_share,oos_2025,oos,all,66.80661277823644,2024.0,CM PAPA JOÃO PAULO II,46.0,publica,matriculas_ano_anterior_proxy,True,20.806612778236442,True
2025,0209609,MATERNAL I,historical_share,oos_2025,oos,all,18.49767231146584,2024.0,CM PAPA JOÃO PAULO II,46.0,publica,matriculas_ano_anterior_proxy,True,-27.50232768853416,False
2025,0209609,MATERNAL II,historical_share,oos_2025,oos,all,10.261566148958051,2024.0,CM PAPA JOÃO PAULO II,0.0,publica,matriculas_ano_anterior_proxy,True,10.261566148958051,True
2025,0209610,BERCARIO,historical_share,oos_2025,oos,all,65.19828501110439,2024.0,CM FRANCISCO DE PAULA,25.0,publica,matriculas_ano_anterior_proxy,True,40.19828501110439,True
2025,0209610,MATERNAL I,historical_share,oos_2025,oos,all,30.43642309215576,2024.0,CM FRANCISCO DE PAULA,34.0,publica,matriculas_ano_anterior_proxy,True,-3.56357690784424,False
2025,0209610,MATERNAL II,historical_share,oos_2025,oos,all,12.15883569495742,2024.0,CM FRANCISCO DE PAULA,0.0,publica,matriculas_ano_anterior_proxy,True,12.15883569495742,True
2025,0209803,MATERNAL I,historical_share,oos_2025,oos,all,21.701444081179645,2024.0,EDI PROFESSORA SUELY DE PINHO CAVALCANTE,23.0,publica,matriculas_ano_anterior_proxy,True,-1.2985559188203553,False
2025,0209803,MATERNAL II,historical_share,oos_2025,oos,all,14.99631143771334,2024.0,EDI PROFESSORA SUELY DE PINHO CAVALCANTE,0.0,publica,matriculas_ano_anterior_proxy,True,14.99631143771334,True
2025,0209804,MATERNAL II,historical_share,oos_2025,oos,all,12.113384377289911,2024.0,EDI PROFESSORA LUCIA MARIA QUITETE DE CARVALHO AMARAL,0.0,publica,matriculas_ano_anterior_proxy,True,12.113384377289911,True
2025,0227601,MATERNAL II,historical_share,oos_2025,oos,all,45.46795376834699,2024.0,CM CASTELINHO,0.0,publica,matriculas_ano_anterior_proxy,True,45.46795376834699,True
2025,0227602,MATERNAL II,historical_share,oos_2025,oos,all,26.32892469456876,2024.0,CM IACYRA FRAZÃO,0.0,publica,matriculas_ano_anterior_proxy,True,26.32892469456876,True
2025,0227801,BERCARIO,historical_share,oos_2025,oos,all,259.30930822222257,2024.0,EDI PROFESSORA EDIR CASEIRO RIBEIRO,51.0,publica,matriculas_ano_anterior_proxy,True,208.30930822222257,True
2025,0227801,MATERNAL I,historical_share,oos_2025,oos,all,147.8088349995268,2024.0,EDI PROFESSORA EDIR CASEIRO RIBEIRO,48.0,publica,matriculas_ano_anterior_proxy,True,99.8088349995268,True
2025,0227801,MATERNAL II,historical_share,oos_2025,oos,all,44.77726043884301,2024.0,EDI PROFESSORA EDIR CASEIRO RIBEIRO,0.0,publica,matriculas_ano_anterior_proxy,True,44.77726043884301,True
2025,03001,BERCARIO,historical_share,oos_2025,oos,all,11.129500427375088,2024.0,CP ASSOCIAÇÃO PRESBITERIANA CUIDANDO DO AMANHÃ - APCA,12.0,parceira,matriculas_ano_anterior_proxy,True,-0.8704995726249116,False
2025,03001,MATERNAL I,historical_share,oos_2025,oos,all,9.258926464897463,2024.0,CP ASSOCIAÇÃO PRESBITERIANA CUIDANDO DO AMANHÃ - APCA,22.0,parceira,matriculas_ano_anterior_proxy,True,-12.741073535102537,False
2025,03001,MATERNAL II,historical_share,oos_2025,oos,all,2.0657969667692004,2024.0,CP ASSOCIAÇÃO PRESBITERIANA CUIDANDO DO AMANHÃ - APCA,46.0,parceira,matriculas_ano_anterior_proxy,True,-43.9342030332308,False
2025,03002,BERCARIO,historical_share,oos_2025,oos,all,27.573746522515066,2024.0,CP ABRIGO MARIA IMACULADA,99.0,parceira,matriculas_ano_anterior_proxy,True,-71.42625347748493,False
2025,03002,MATERNAL I,historical_share,oos_2025,oos,all,22.172319178527985,2024.0,CP ABRIGO MARIA IMACULADA,117.0,parceira,matriculas_ano_anterior_proxy,True,-94.82768082147201,False
2025,03002,MATERNAL II,historical_share,oos_2025,oos,all,11.154293107142776,2024.0,CP ABRIGO MARIA IMACULADA,167.0,parceira,matriculas_ano_anterior_proxy,True,-155.84570689285724,False
2025,03003,MATERNAL I,historical_share,oos_2025,oos,all,30.83407589639364,2024.0,CP CASA SÃO ROQUE,91.0,parceira,matriculas_ano_anterior_proxy,True,-60.16592410360636,False
2025,03003,MATERNAL II,historical_share,oos_2025,oos,all,8.361159425359997,2024.0,CP CASA SÃO ROQUE,107.0,parceira,matriculas_ano_anterior_proxy,True,-98.63884057464,False
2025,03004,MATERNAL I,historical_share,oos_2025,oos,all,8.140638092776731,2024.0,CP CENTRO COMUNITÁRIO NOSSA SENHORA APARECIDA - CRECHE,21.0,parceira,matriculas_ano_anterior_proxy,True,-12.859361907223269,False
2025,03004,MATERNAL II,historical_share,oos_2025,oos,all,2.648697903989625,2024.0,CP CENTRO COMUNITÁRIO NOSSA SENHORA APARECIDA - CRECHE,27.0,parceira,matriculas_ano_anterior_proxy,True,-24.351302096010375,False
2025,03005,MATERNAL I,historical_share,oos_2025,oos,all,21.72953387368252,2024.0,CP COLÉGIO RUTH SANT ANNA / JARDIM DE INFÂNCIA CIRANDA CIRANDINHA,57.0,parceira,matriculas_ano_anterior_proxy,True,-35.27046612631748,False
2025,03005,MATERNAL II,historical_share,oos_2025,oos,all,3.675265338902828,2024.0,CP COLÉGIO RUTH SANT ANNA / JARDIM DE INFÂNCIA CIRANDA CIRANDINHA,67.0,parceira,matriculas_ano_anterior_proxy,True,-63.324734661097175,False
2025,03006,BERCARIO,historical_share,oos_2025,oos,all,49.38496816093876,2024.0,CP CRECHE CASA VIVA,14.0,parceira,matriculas_ano_anterior_proxy,True,35.38496816093876,True
2025,03006,MATERNAL I,historical_share,oos_2025,oos,all,29.12770579613055,2024.0,CP CRECHE CASA VIVA,30.0,parceira,matriculas_ano_anterior_proxy,True,-0.8722942038694512,False
2025,03006,MATERNAL II,historical_share,oos_2025,oos,all,10.672637921307707,2024.0,CP CRECHE CASA VIVA,40.0,parceira,matriculas_ano_anterior_proxy,True,-29.327362078692293,False
2025,03007,BERCARIO,historical_share,oos_2025,oos,all,6.243606895191944,2024.0,CP CRECHE CHAMEGUINHO,20.0,parceira,matriculas_ano_anterior_proxy,True,-13.756393104808055,False
2025,03007,MATERNAL I,historical_share,oos_2025,oos,all,6.256623017510064,2024.0,CP CRECHE CHAMEGUINHO,27.0,parceira,matriculas_ano_anterior_proxy,True,-20.743376982489934,False
2025,03007,MATERNAL II,historical_share,oos_2025,oos,all,1.416389203161869,2024.0,CP CRECHE CHAMEGUINHO,17.0,parceira,matriculas_ano_anterior_proxy,True,-15.583610796838132,False
2025,03008,BERCARIO,historical_share,oos_2025,oos,all,15.534137571021356,2024.0,CP CRECHE COMUNITÁRIA ELIANA SATURNINO BRAGA,24.0,parceira,matriculas_ano_anterior_proxy,True,-8.465862428978644,False
2025,03008,MATERNAL I,historical_share,oos_2025,oos,all,15.75325344087033,2024.0,CP CRECHE COMUNITÁRIA ELIANA SATURNINO BRAGA,29.0,parceira,matriculas_ano_anterior_proxy,True,-13.24674655912967,False
2025,03008,MATERNAL II,historical_share,oos_2025,oos,all,3.5302670339592623,2024.0,CP CRECHE COMUNITÁRIA ELIANA SATURNINO BRAGA,37.0,parceira,matriculas_ano_anterior_proxy,True,-33.46973296604074,False
2025,03009,MATERNAL I,historical_share,oos_2025,oos,all,15.276575972711475,2024.0,CP CRECHE COMUNITÁRIA JOÃO FERREIRA,25.0,parceira,matriculas_ano_anterior_proxy,True,-9.723424027288525,False
2025,03009,MATERNAL II,historical_share,oos_2025,oos,all,3.750096768104042,2024.0,CP CRECHE COMUNITÁRIA JOÃO FERREIRA,51.0,parceira,matriculas_ano_anterior_proxy,True,-47.249903231895956,False
2025,03010,MATERNAL I,historical_share,oos_2025,oos,all,9.357827349464555,2024.0,CP CRECHE ESCOLA COMUNITÁRIA MÃE SOCIAL,27.0,parceira,matriculas_ano_anterior_proxy,True,-17.642172650535443,False
2025,03010,MATERNAL II,historical_share,oos_2025,oos,all,3.902034358755304,2024.0,CP CRECHE ESCOLA COMUNITÁRIA MÃE SOCIAL,49.0,parceira,matriculas_ano_anterior_proxy,True,-45.0979656412447,False
2025,03011,MATERNAL I,historical_share,oos_2025,oos,all,11.433069743069904,2024.0,CP CRECHE DO CENTRO PASTORAL SOCIAL PADRE JUSTINO RUSSOLILLO,21.0,parceira,matriculas_ano_anterior_proxy,True,-9.566930256930096,False
2025,03011,MATERNAL II,historical_share,oos_2025,oos,all,1.0878227072215332,2024.0,CP CRECHE DO CENTRO PASTORAL SOCIAL PADRE JUSTINO RUSSOLILLO,29.0,parceira,matriculas_ano_anterior_proxy,True,-27.912177292778466,False
2025,03012,MATERNAL I,historical_share,oos_2025,oos,all,60.33816797790973,2024.0,CP CRECHE MÃE DO DIVINO SALVADOR,135.0,parceira,matriculas_ano_anterior_proxy,True,-74.66183202209027,False
2025,03012,MATERNAL II,historical_share,oos_2025,oos,all,15.764490786934912,2024.0,CP CRECHE MÃE DO DIVINO SALVADOR,120.0,parceira,matriculas_ano_anterior_proxy,True,-104.23550921306509,False
2025,03013,BERCARIO,historical_share,oos_2025,oos,all,21.013038447981597,2024.0,CP CRECHE DO JACAREZINHO,55.0,parceira,matriculas_ano_anterior_proxy,True,-33.9869615520184,False
2025,03013,MATERNAL I,historical_share,oos_2025,oos,all,7.450688418791328,2024.0,CP CRECHE DO JACAREZINHO,95.0,parceira,matriculas_ano_anterior_proxy,True,-87.54931158120867,False
2025,03013,MATERNAL II,historical_share,oos_2025,oos,all,3.574506810828606,2024.0,CP CRECHE DO JACAREZINHO,80.0,parceira,matriculas_ano_anterior_proxy,True,-76.42549318917139,False
2025,03014,BERCARIO,historical_share,oos_2025,oos,all,77.18034766272247,2024.0,CP CRECHE PLANTANDO O AMANHÃ,35.0,parceira,matriculas_ano_anterior_proxy,True,42.18034766272247,True
2025,03014,MATERNAL I,historical_share,oos_2025,oos,all,43.638340570189925,2024.0,CP CRECHE PLANTANDO O AMANHÃ,70.0,parceira,matriculas_ano_anterior_proxy,True,-26.361659429810075,False
2025,03014,MATERNAL II,historical_share,oos_2025,oos,all,14.06029625375832,2024.0,CP CRECHE PLANTANDO O AMANHÃ,63.0,parceira,matriculas_ano_anterior_proxy,True,-48.939703746241676,False
2025,03015,BERCARIO,historical_share,oos_2025,oos,all,11.357216658499183,2024.0,CP CRECHE MARIETTA NAVARRO GAIO,25.0,parceira,matriculas_ano_anterior_proxy,True,-13.642783341500817,False
2025,03015,MATERNAL I,historical_share,oos_2025,oos,all,3.7720920059896663,2024.0,CP CRECHE MARIETTA NAVARRO GAIO,20.0,parceira,matriculas_ano_anterior_proxy,True,-16.227907994010334,False
2025,03015,MATERNAL II,historical_share,oos_2025,oos,all,1.2334817249917418,2024.0,CP CRECHE MARIETTA NAVARRO GAIO,20.0,parceira,matriculas_ano_anterior_proxy,True,-18.76651827500826,False
2025,03016,BERCARIO,historical_share,oos_2025,oos,all,16.413903296851984,2024.0,CP CRECHE SÃO PEDRO NOLASCO,28.0,parceira,matriculas_ano_anterior_proxy,True,-11.586096703148016,False
2025,03016,MATERNAL I,historical_share,oos_2025,oos,all,14.459956524425683,2024.0,CP CRECHE SÃO PEDRO NOLASCO,31.0,parceira,matriculas_ano_anterior_proxy,True,-16.540043475574315,False
2025,03016,MATERNAL II,historical_share,oos_2025,oos,all,2.7982000175313813,2024.0,CP CRECHE SÃO PEDRO NOLASCO,32.0,parceira,matriculas_ano_anterior_proxy,True,-29.201799982468618,False
2025,03017,MATERNAL I,historical_share,oos_2025,oos,all,9.814765304522629,2024.0,CP CRECHE TERNURINHA,23.0,parceira,matriculas_ano_anterior_proxy,True,-13.185234695477371,False
2025,03017,MATERNAL II,historical_share,oos_2025,oos,all,1.6386857125451002,2024.0,CP CRECHE TERNURINHA,16.0,parceira,matriculas_ano_anterior_proxy,True,-14.3613142874549,False
2025,03018,MATERNAL I,historical_share,oos_2025,oos,all,8.740400533104319,2024.0,CP FRATERNIDADE ASSISTENCIAL CRISTÃ,23.0,parceira,matriculas_ano_anterior_proxy,True,-14.259599466895681,False
2025,03018,MATERNAL II,historical_share,oos_2025,oos,all,1.093959182430173,2024.0,CP FRATERNIDADE ASSISTENCIAL CRISTÃ,22.0,parceira,matriculas_ano_anterior_proxy,True,-20.906040817569828,False
2025,03019,BERCARIO,historical_share,oos_2025,oos,all,24.0616168257948,2024.0,CP INSTITUTO EDUCACIONAL CRESCENDO E APRENDENDO ALGODÃO DOCE,25.0,parceira,matriculas_ano_anterior_proxy,True,-0.9383831742051996,False
2025,03019,MATERNAL I,historical_share,oos_2025,oos,all,17.316931166996508,2024.0,CP INSTITUTO EDUCACIONAL CRESCENDO E APRENDENDO ALGODÃO DOCE,24.0,parceira,matriculas_ano_anterior_proxy,True,-6.683068833003492,False
2025,03019,MATERNAL II,historical_share,oos_2025,oos,all,6.5524723735705015,2024.0,CP INSTITUTO EDUCACIONAL CRESCENDO E APRENDENDO ALGODÃO DOCE,36.0,parceira,matriculas_ano_anterior_proxy,True,-29.447527626429498,False
2025,03020,MATERNAL I,historical_share,oos_2025,oos,all,20.72311989495888,2024.0,CP LAR DA CRIANÇA JESUS BOM PASTOR,44.0,parceira,matriculas_ano_anterior_proxy,True,-23.27688010504112,False
2025,03020,MATERNAL II,historical_share,oos_2025,oos,all,5.3765051536861845,2024.0,CP LAR DA CRIANÇA JESUS BOM PASTOR,62.0,parceira,matriculas_ano_anterior_proxy,True,-56.62349484631382,False
2025,03021,BERCARIO,historical_share,oos_2025,oos,all,14.676604701387186,2024.0,CP CRECHE COMUNITÁRIA TIA ALICE,50.0,parceira,matriculas_ano_anterior_proxy,True,-35.323395298612816,False
2025,03021,MATERNAL I,historical_share,oos_2025,oos,all,8.986845818366284,2024.0,CP CRECHE COMUNITÁRIA TIA ALICE,53.0,parceira,matriculas_ano_anterior_proxy,True,-44.013154181633716,False
2025,03021,MATERNAL II,historical_share,oos_2025,oos,all,7.358174243670235,2024.0,CP CRECHE COMUNITÁRIA TIA ALICE,73.0,parceira,matriculas_ano_anterior_proxy,True,-65.64182575632977,False
2025,03022,BERCARIO,historical_share,oos_2025,oos,all,23.417769413704512,2024.0,CP INSTITUTO AVANTE ELITE DO FUTURO,31.0,parceira,matriculas_ano_anterior_proxy,True,-7.582230586295488,False
2025,03022,MATERNAL I,historical_share,oos_2025,oos,all,13.6077803820103,2024.0,CP INSTITUTO AVANTE ELITE DO FUTURO,44.0,parceira,matriculas_ano_anterior_proxy,True,-30.3922196179897,False
2025,03022,MATERNAL II,historical_share,oos_2025,oos,all,2.3197775442815214,2024.0,CP INSTITUTO AVANTE ELITE DO FUTURO,47.0,parceira,matriculas_ano_anterior_proxy,True,-44.68022245571848,False
2025,03023,MATERNAL I,historical_share,oos_2025,oos,all,7.207347078856774,2024.0,CP LAR DE MARIA DOLORES,16.0,parceira,matriculas_ano_anterior_proxy,True,-8.792652921143226,False
2025,03023,MATERNAL II,historical_share,oos_2025,oos,all,3.4315215290251686,2024.0,CP LAR DE MARIA DOLORES,26.0,parceira,matriculas_ano_anterior_proxy,True,-22.56847847097483,False
2025,03024,BERCARIO,historical_share,oos_2025,oos,all,21.493393919716745,2024.0,CP CASA DE LEYLÁ,36.0,parceira,matriculas_ano_anterior_proxy,True,-14.506606080283255,False
2025,03024,MATERNAL I,historical_share,oos_2025,oos,all,10.278171188010717,2024.0,CP CASA DE LEYLÁ,49.0,parceira,matriculas_ano_anterior_proxy,True,-38.72182881198928,False
2025,03024,MATERNAL II,historical_share,oos_2025,oos,all,2.623112392178065,2024.0,CP CASA DE LEYLÁ,48.0,parceira,matriculas_ano_anterior_proxy,True,-45.376887607821935,False
2025,03025,BERCARIO,historical_share,oos_2025,oos,all,31.552119931187065,2024.0,CP CENTRO CULTURAL EDUCAR - UNIDADE II,46.0,parceira,matriculas_ano_anterior_proxy,True,-14.447880068812935,False
2025,03025,MATERNAL I,historical_share,oos_2025,oos,all,34.04549188811882,2024.0,CP CENTRO CULTURAL EDUCAR - UNIDADE II,57.0,parceira,matriculas_ano_anterior_proxy,True,-22.954508111881182,False
2025,03025,MATERNAL II,historical_share,oos_2025,oos,all,6.689257956555938,2024.0,CP CENTRO CULTURAL EDUCAR - UNIDADE II,58.0,parceira,matriculas_ano_anterior_proxy,True,-51.310742043444066,False
2025,03026,BERCARIO,historical_share,oos_2025,oos,all,120.6589423058714,2024.0,CP CHALÉ SEMENTINHA,50.0,parceira,matriculas_ano_anterior_proxy,True,70.6589423058714,True
2025,03026,MATERNAL I,historical_share,oos_2025,oos,all,43.11584076792759,2024.0,CP CHALÉ SEMENTINHA,108.0,parceira,matriculas_ano_anterior_proxy,True,-64.88415923207242,False
2025,03026,MATERNAL II,historical_share,oos_2025,oos,all,12.42741286989326,2024.0,CP CHALÉ SEMENTINHA,79.0,parceira,matriculas_ano_anterior_proxy,True,-66.57258713010674,False
2025,03027,BERCARIO,historical_share,oos_2025,oos,all,30.443851175730707,2024.0,CP CRECHE ALFA MASTER,96.0,parceira,matriculas_ano_anterior_proxy,True,-65.55614882426929,False
2025,03027,MATERNAL I,historical_share,oos_2025,oos,all,10.421722169867152,2024.0,CP CRECHE ALFA MASTER,63.0,parceira,matriculas_ano_anterior_proxy,True,-52.57827783013285,False
2025,03027,MATERNAL II,historical_share,oos_2025,oos,all,2.916398046662288,2024.0,CP CRECHE ALFA MASTER,91.0,parceira,matriculas_ano_anterior_proxy,True,-88.0836019533377,False
2025,03028,MATERNAL I,historical_share,oos_2025,oos,all,37.74604835915268,2024.0,CP ESTRELINHA DO MAR,57.0,parceira,matriculas_ano_anterior_proxy,True,-19.25395164084732,False
2025,03028,MATERNAL II,historical_share,oos_2025,oos,all,10.655188121749172,2024.0,CP ESTRELINHA DO MAR,43.0,parceira,matriculas_ano_anterior_proxy,True,-32.34481187825083,False
2025,03029,BERCARIO,historical_share,oos_2025,oos,all,13.486906786712362,2024.0,CP CRECHE BRINCANDO COM JUNINHO,26.0,parceira,matriculas_ano_anterior_proxy,True,-12.513093213287638,False
2025,03029,MATERNAL I,historical_share,oos_2025,oos,all,5.541978068891501,2024.0,CP CRECHE BRINCANDO COM JUNINHO,34.0,parceira,matriculas_ano_anterior_proxy,True,-28.458021931108497,False
2025,03029,MATERNAL II,historical_share,oos_2025,oos,all,3.650397529123021,2024.0,CP CRECHE BRINCANDO COM JUNINHO,29.0,parceira,matriculas_ano_anterior_proxy,True,-25.34960247087698,False
2025,03030,BERCARIO,historical_share,oos_2025,oos,all,4.828822443215284,2024.0,CP CRECHE TIO KITO,24.0,parceira,matriculas_ano_anterior_proxy,True,-19.171177556784716,False
2025,03030,MATERNAL I,historical_share,oos_2025,oos,all,1.22448535013144,2024.0,CP CRECHE TIO KITO,29.0,parceira,matriculas_ano_anterior_proxy,True,-27.77551464986856,False
2025,03030,MATERNAL II,historical_share,oos_2025,oos,all,1.3865505737820545,2024.0,CP CRECHE TIO KITO,27.0,parceira,matriculas_ano_anterior_proxy,True,-25.613449426217947,False
2025,03031,MATERNAL I,historical_share,oos_2025,oos,all,16.454496671647053,2024.0,CP ESCOLA COMUNITÁRIA JARDIM ARCO-ÍRIS - UNIDADE I,46.0,parceira,matriculas_ano_anterior_proxy,True,-29.545503328352947,False
2025,03031,MATERNAL II,historical_share,oos_2025,oos,all,5.3614879424706325,2024.0,CP ESCOLA COMUNITÁRIA JARDIM ARCO-ÍRIS - UNIDADE I,36.0,parceira,matriculas_ano_anterior_proxy,True,-30.63851205752937,False
2025,03032,MATERNAL I,historical_share,oos_2025,oos,all,12.751531075508286,2024.0,CP NÚCLEO RECREATIVO RAIOZINHO DE SOL,13.0,parceira,matriculas_ano_anterior_proxy,True,-0.2484689244917142,False
2025,03032,MATERNAL II,historical_share,oos_2025,oos,all,7.179149155879073,2024.0,CP NÚCLEO RECREATIVO RAIOZINHO DE SOL,18.0,parceira,matriculas_ano_anterior_proxy,True,-10.820850844120926,False
2025,03033,BERCARIO,historical_share,oos_2025,oos,all,24.932474687790712,2024.0,CP INSTITUTO EDUCACIONAL T & P CONQUISTA,60.0,parceira,matriculas_ano_anterior_proxy,True,-35.067525312209284,False
2025,03033,MATERNAL I,historical_share,oos_2025,oos,all,11.396038567011905,2024.0,CP INSTITUTO EDUCACIONAL T & P CONQUISTA,66.0,parceira,matriculas_ano_anterior_proxy,True,-54.60396143298809,False
2025,03033,MATERNAL II,historical_share,oos_2025,oos,all,5.4711809674752265,2024.0,CP INSTITUTO EDUCACIONAL T & P CONQUISTA,74.0,parceira,matriculas_ano_anterior_proxy,True,-68.52881903252478,False
2025,03034,MATERNAL I,historical_share,oos_2025,oos,all,17.25939786160187,2024.0,CP CRECHE RISCO E RABISCO,47.0,parceira,matriculas_ano_anterior_proxy,True,-29.74060213839813,False
2025,03034,MATERNAL II,historical_share,oos_2025,oos,all,5.878501344948063,2024.0,CP CRECHE RISCO E RABISCO,47.0,parceira,matriculas_ano_anterior_proxy,True,-41.12149865505194,False
2025,03035,MATERNAL I,historical_share,oos_2025,oos,all,7.507579177000127,2024.0,CP CENTRO EDUCACIONAL SÃO VICENTE DE PAULO,30.0,parceira,matriculas_ano_anterior_proxy,True,-22.492420822999872,False
2025,03035,MATERNAL II,historical_share,oos_2025,oos,all,3.052579520182481,2024.0,CP CENTRO EDUCACIONAL SÃO VICENTE DE PAULO,35.0,parceira,matriculas_ano_anterior_proxy,True,-31.94742047981752,False
2025,03036,BERCARIO,historical_share,oos_2025,oos,all,21.22550900588225,2024.0,CP CENTRO CULTURAL EVOLUIR,35.0,parceira,matriculas_ano_anterior_proxy,True,-13.774490994117748,False
2025,03036,MATERNAL I,historical_share,oos_2025,oos,all,9.9668811646473,2024.0,CP CENTRO CULTURAL EVOLUIR,44.0,parceira,matriculas_ano_anterior_proxy,True,-34.0331188353527,False
2025,03036,MATERNAL II,historical_share,oos_2025,oos,all,3.1317996826288,2024.0,CP CENTRO CULTURAL EVOLUIR,62.0,parceira,matriculas_ano_anterior_proxy,True,-58.8682003173712,False
2025,03037,BERCARIO,historical_share,oos_2025,oos,all,29.821668260667533,2024.0,CP CRECHE FRUTOS DO AMANHÃ I,18.0,parceira,matriculas_ano_anterior_proxy,True,11.821668260667533,True
2025,03037,MATERNAL I,historical_share,oos_2025,oos,all,44.25453892394261,2024.0,CP CRECHE FRUTOS DO AMANHÃ I,62.0,parceira,matriculas_ano_anterior_proxy,True,-17.74546107605739,False
2025,03037,MATERNAL II,historical_share,oos_2025,oos,all,17.001310528349308,2024.0,CP CRECHE FRUTOS DO AMANHÃ I,98.0,parceira,matriculas_ano_anterior_proxy,True,-80.99868947165069,False
2025,03038,MATERNAL I,historical_share,oos_2025,oos,all,27.552407450048403,2024.0,CP CRECHE FRUTOS DO AMANHÃ II,90.0,parceira,matriculas_ano_anterior_proxy,True,-62.447592549951594,False
2025,03038,MATERNAL II,historical_share,oos_2025,oos,all,20.56614559448771,2024.0,CP CRECHE FRUTOS DO AMANHÃ II,69.0,parceira,matriculas_ano_anterior_proxy,True,-48.43385440551229,False
2025,03039,BERCARIO,historical_share,oos_2025,oos,all,26.17365713715068,2024.0,CP CRECHE COMUNITÁRIA CÉU AZUL,25.0,parceira,matriculas_ano_anterior_proxy,True,1.1736571371506805,True
2025,03039,MATERNAL I,historical_share,oos_2025,oos,all,0.0041524948839526,2024.0,CP CRECHE COMUNITÁRIA CÉU AZUL,0.0,parceira,matriculas_ano_anterior_proxy,True,0.0041524948839526,True
2025,03039,MATERNAL II,historical_share,oos_2025,oos,all,6.28072457498203,2024.0,CP CRECHE COMUNITÁRIA CÉU AZUL,18.0,parceira,matriculas_ano_anterior_proxy,True,-11.719275425017969,False
2025,03040,BERCARIO,historical_share,oos_2025,oos,all,14.42259789748987,2024.0,CP ASSOCIAÇÃO CRESCENCIO UNIDADE II,30.0,parceira,matriculas_ano_anterior_proxy,True,-15.57740210251013,False
2025,03040,MATERNAL I,historical_share,oos_2025,oos,all,7.302619526823072,2024.0,CP ASSOCIAÇÃO CRESCENCIO UNIDADE II,18.0,parceira,matriculas_ano_anterior_proxy,True,-10.697380473176928,False
2025,03040,MATERNAL II,historical_share,oos_2025,oos,all,6.843680977910903,2024.0,CP ASSOCIAÇÃO CRESCENCIO UNIDADE II,20.0,parceira,matriculas_ano_anterior_proxy,True,-13.156319022089097,False
2025,03041,MATERNAL I,historical_share,oos_2025,oos,all,8.506829775511827,2024.0,CP CENTRO DE DESENVOLVIMENTO INFANTIL ESPELHO D'AGUA,24.0,parceira,matriculas_ano_anterior_proxy,True,-15.493170224488173,False
2025,03041,MATERNAL II,historical_share,oos_2025,oos,all,4.064369193174223,2024.0,CP CENTRO DE DESENVOLVIMENTO INFANTIL ESPELHO D'AGUA,23.0,parceira,matriculas_ano_anterior_proxy,True,-18.935630806825777,False
2025,0312502,BERCARIO,historical_share,oos_2025,oos,all,67.8286114621404,2024.0,CIEP PROCÓPIO FERREIRA,46.0,publica,matriculas_ano_anterior_proxy,True,21.8286114621404,True
2025,0312502,MATERNAL I,historical_share,oos_2025,oos,all,36.23027813863475,2024.0,CIEP PROCÓPIO FERREIRA,50.0,publica,matriculas_ano_anterior_proxy,True,-13.769721861365248,False
2025,0312502,MATERNAL II,historical_share,oos_2025,oos,all,27.22003836621667,2024.0,CIEP PROCÓPIO FERREIRA,0.0,publica,matriculas_ano_anterior_proxy,True,27.22003836621667,True
2025,0312601,BERCARIO,historical_share,oos_2025,oos,all,102.26328599038202,2024.0,CM CANTINHO FELIZ,49.0,publica,matriculas_ano_anterior_proxy,True,53.263285990382016,True
2025,0312601,MATERNAL I,historical_share,oos_2025,oos,all,41.50051282957703,2024.0,CM CANTINHO FELIZ,43.0,publica,matriculas_ano_anterior_proxy,True,-1.4994871704229666,False
2025,0312601,MATERNAL II,historical_share,oos_2025,oos,all,17.189111972363023,2024.0,CM CANTINHO FELIZ,0.0,publica,matriculas_ano_anterior_proxy,True,17.189111972363023,True
2025,0312602,BERCARIO,historical_share,oos_2025,oos,all,74.88776283509415,2024.0,CM ENGENHO DA RAINHA,25.0,publica,matriculas_ano_anterior_proxy,True,49.88776283509415,True
2025,0312602,MATERNAL I,historical_share,oos_2025,oos,all,39.21210581193312,2024.0,CM ENGENHO DA RAINHA,25.0,publica,matriculas_ano_anterior_proxy,True,14.212105811933121,True
2025,0312602,MATERNAL II,historical_share,oos_2025,oos,all,22.715905513905454,2024.0,CM ENGENHO DA RAINHA,0.0,publica,matriculas_ano_anterior_proxy,True,22.715905513905454,True
2025,0312603,BERCARIO,historical_share,oos_2025,oos,all,104.9071639726378,2024.0,CM RENASCER,46.0,publica,matriculas_ano_anterior_proxy,True,58.907163972637804,True
2025,0312603,MATERNAL I,historical_share,oos_2025,oos,all,29.45367399455982,2024.0,CM RENASCER,48.0,publica,matriculas_ano_anterior_proxy,True,-18.54632600544018,False
2025,0312603,MATERNAL II,historical_share,oos_2025,oos,all,11.683296025971668,2024.0,CM RENASCER,0.0,publica,matriculas_ano_anterior_proxy,True,11.683296025971668,True
2025,0312801,BERCARIO,historical_share,oos_2025,oos,all,39.501425318709,2024.0,EDI HENRIQUE FORÉIS,27.0,publica,matriculas_ano_anterior_proxy,True,12.501425318709003,True
2025,0312801,MATERNAL I,historical_share,oos_2025,oos,all,38.113246803706296,2024.0,EDI HENRIQUE FORÉIS,48.0,publica,matriculas_ano_anterior_proxy,True,-9.886753196293704,False
2025,0312801,MATERNAL II,historical_share,oos_2025,oos,all,14.506359143899632,2024.0,EDI HENRIQUE FORÉIS,0.0,publica,matriculas_ano_anterior_proxy,True,14.506359143899632,True
2025,0312802,MATERNAL I,historical_share,oos_2025,oos,all,61.36882664957417,2024.0,EDI LUCIA MARIA BATISTA DE ALBUQUERQUE,24.0,publica,matriculas_ano_anterior_proxy,True,37.36882664957417,True
2025,0312802,MATERNAL II,historical_share,oos_2025,oos,all,39.83231805544234,2024.0,EDI LUCIA MARIA BATISTA DE ALBUQUERQUE,0.0,publica,matriculas_ano_anterior_proxy,True,39.83231805544234,True
2025,0312803,MATERNAL I,historical_share,oos_2025,oos,all,34.26092882691729,2024.0,EDI PROFESSORA LUIZA HELENA MAIA MEDEIROS,23.0,publica,matriculas_ano_anterior_proxy,True,11.260928826917286,True
2025,0312803,MATERNAL II,historical_share,oos_2025,oos,all,14.837396383670402,2024.0,EDI PROFESSORA LUIZA HELENA MAIA MEDEIROS,0.0,publica,matriculas_ano_anterior_proxy,True,14.837396383670402,True
2025,0312804,BERCARIO,historical_share,oos_2025,oos,all,57.11500266039402,2024.0,EDI PROFESSORA TÂNIA MARTINS NOVO LENZ,23.0,publica,matriculas_ano_anterior_proxy,True,34.11500266039402,True
2025,0312804,MATERNAL I,historical_share,oos_2025,oos,all,44.62975832532536,2024.0,EDI PROFESSORA TÂNIA MARTINS NOVO LENZ,33.0,publica,matriculas_ano_anterior_proxy,True,11.629758325325362,True
2025,0312804,MATERNAL II,historical_share,oos_2025,oos,all,18.419239604903,2024.0,EDI PROFESSORA TÂNIA MARTINS NOVO LENZ,0.0,publica,matriculas_ano_anterior_proxy,True,18.419239604903,True
2025,0312805,BERCARIO,historical_share,oos_2025,oos,all,99.96509694897988,2024.0,EDI TANIA CRISTINA MOREIRA,24.0,publica,matriculas_ano_anterior_proxy,True,75.96509694897988,True
2025,0312805,MATERNAL I,historical_share,oos_2025,oos,all,120.7002242114063,2024.0,EDI TANIA CRISTINA MOREIRA,49.0,publica,matriculas_ano_anterior_proxy,True,71.7002242114063,True
2025,0312805,MATERNAL II,historical_share,oos_2025,oos,all,43.55545196867374,2024.0,EDI TANIA CRISTINA MOREIRA,0.0,publica,matriculas_ano_anterior_proxy,True,43.55545196867374,True
2025,0312806,BERCARIO,historical_share,oos_2025,oos,all,58.6128899020845,2024.0,EDI PROFESSORA ELIANE MONTE CHIARI DANTAS,25.0,publica,matriculas_ano_anterior_proxy,True,33.6128899020845,True
2025,0312806,MATERNAL I,historical_share,oos_2025,oos,all,32.67748151301367,2024.0,EDI PROFESSORA ELIANE MONTE CHIARI DANTAS,25.0,publica,matriculas_ano_anterior_proxy,True,7.677481513013667,True
2025,0312806,MATERNAL II,historical_share,oos_2025,oos,all,15.440845921571034,2024.0,EDI PROFESSORA ELIANE MONTE CHIARI DANTAS,0.0,publica,matriculas_ano_anterior_proxy,True,15.440845921571034,True
2025,0312809,BERCARIO,historical_share,oos_2025,oos,all,50.5482895078087,2024.0,EDI PROFESSORA VALÉRIA PEREIRA DE SOUZA PINTO,26.0,publica,matriculas_ano_anterior_proxy,True,24.548289507808697,True
2025,0312809,MATERNAL I,historical_share,oos_2025,oos,all,43.833261502819575,2024.0,EDI PROFESSORA VALÉRIA PEREIRA DE SOUZA PINTO,46.0,publica,matriculas_ano_anterior_proxy,True,-2.1667384971804253,False
2025,0312809,MATERNAL II,historical_share,oos_2025,oos,all,22.07369990044618,2024.0,EDI PROFESSORA VALÉRIA PEREIRA DE SOUZA PINTO,0.0,publica,matriculas_ano_anterior_proxy,True,22.07369990044618,True
2025,0312810,MATERNAL I,historical_share,oos_2025,oos,all,41.721273050971696,2024.0,EDI MARIA MAZZETTI,25.0,publica,matriculas_ano_anterior_proxy,True,16.721273050971696,True
2025,0312810,MATERNAL II,historical_share,oos_2025,oos,all,19.537643505674527,2024.0,EDI MARIA MAZZETTI,0.0,publica,matriculas_ano_anterior_proxy,True,19.537643505674527,True
2025,0312812,BERCARIO,historical_share,oos_2025,oos,all,51.41427482891007,2024.0,EDI HERMENEGILDO DE BARROS,49.0,publica,matriculas_ano_anterior_proxy,True,2.4142748289100666,True
2025,0312812,MATERNAL I,historical_share,oos_2025,oos,all,23.96028994213817,2024.0,EDI HERMENEGILDO DE BARROS,47.0,publica,matriculas_ano_anterior_proxy,True,-23.03971005786183,False
2025,0312812,MATERNAL II,historical_share,oos_2025,oos,all,13.716985675914358,2024.0,EDI HERMENEGILDO DE BARROS,0.0,publica,matriculas_ano_anterior_proxy,True,13.716985675914358,True
2025,0312813,BERCARIO,historical_share,oos_2025,oos,all,79.60201643006164,2024.0,EDI JORNALISTA JORGE BASTOS MORENO,90.0,publica,matriculas_ano_anterior_proxy,True,-10.397983569938361,False
2025,0312813,MATERNAL I,historical_share,oos_2025,oos,all,20.47950759697981,2024.0,EDI JORNALISTA JORGE BASTOS MORENO,71.0,publica,matriculas_ano_anterior_proxy,True,-50.520492403020185,False
2025,0312813,MATERNAL II,historical_share,oos_2025,oos,all,12.015286838497568,2024.0,EDI JORNALISTA JORGE BASTOS MORENO,0.0,publica,matriculas_ano_anterior_proxy,True,12.015286838497568,True
2025,0313601,BERCARIO,historical_share,oos_2025,oos,all,34.92888017248461,2024.0,CM VILA DOS MINEIROS,24.0,publica,matriculas_ano_anterior_proxy,True,10.928880172484611,True
2025,0313601,MATERNAL I,historical_share,oos_2025,oos,all,18.35761462871351,2024.0,CM VILA DOS MINEIROS,20.0,publica,matriculas_ano_anterior_proxy,True,-1.6423853712864904,False
2025,0313601,MATERNAL II,historical_share,oos_2025,oos,all,5.924165495181011,2024.0,CM VILA DOS MINEIROS,0.0,publica,matriculas_ano_anterior_proxy,True,5.924165495181011,True
2025,0313602,BERCARIO,historical_share,oos_2025,oos,all,35.36456109260965,2024.0,CM ACONCHEGO,35.0,publica,matriculas_ano_anterior_proxy,True,0.3645610926096481,True
2025,0313602,MATERNAL I,historical_share,oos_2025,oos,all,20.17501205010078,2024.0,CM ACONCHEGO,45.0,publica,matriculas_ano_anterior_proxy,True,-24.82498794989922,False
2025,0313602,MATERNAL II,historical_share,oos_2025,oos,all,4.041365058433995,2024.0,CM ACONCHEGO,0.0,publica,matriculas_ano_anterior_proxy,True,4.041365058433995,True
2025,0313603,BERCARIO,historical_share,oos_2025,oos,all,56.560222177677936,2024.0,CM SYLVIA ORTHOF,39.0,publica,matriculas_ano_anterior_proxy,True,17.560222177677936,True
2025,0313603,MATERNAL I,historical_share,oos_2025,oos,all,26.334972949249448,2024.0,CM SYLVIA ORTHOF,24.0,publica,matriculas_ano_anterior_proxy,True,2.3349729492494475,True
2025,0313603,MATERNAL II,historical_share,oos_2025,oos,all,10.719537498877866,2024.0,CM SYLVIA ORTHOF,0.0,publica,matriculas_ano_anterior_proxy,True,10.719537498877866,True
2025,0313604,BERCARIO,historical_share,oos_2025,oos,all,64.30790117065254,2024.0,CM NOSSO CANTINHO,25.0,publica,matriculas_ano_anterior_proxy,True,39.30790117065254,True
2025,0313604,MATERNAL I,historical_share,oos_2025,oos,all,38.481931212861376,2024.0,CM NOSSO CANTINHO,44.0,publica,matriculas_ano_anterior_proxy,True,-5.518068787138624,False
2025,0313604,MATERNAL II,historical_share,oos_2025,oos,all,14.559748733826456,2024.0,CM NOSSO CANTINHO,0.0,publica,matriculas_ano_anterior_proxy,True,14.559748733826456,True
2025,0313606,BERCARIO,historical_share,oos_2025,oos,all,40.814949518056245,2024.0,CM CANTINHO DO QUETO,39.0,publica,matriculas_ano_anterior_proxy,True,1.8149495180562454,True
2025,0313606,MATERNAL I,historical_share,oos_2025,oos,all,17.752219358455854,2024.0,CM CANTINHO DO QUETO,23.0,publica,matriculas_ano_anterior_proxy,True,-5.247780641544146,False
2025,0313606,MATERNAL II,historical_share,oos_2025,oos,all,10.359477061043824,2024.0,CM CANTINHO DO QUETO,0.0,publica,matriculas_ano_anterior_proxy,True,10.359477061043824,True
2025,0313607,BERCARIO,historical_share,oos_2025,oos,all,126.5740838408668,2024.0,CM ODETINHA VIDAL DE OLIVEIRA,71.0,publica,matriculas_ano_anterior_proxy,True,55.574083840866805,True
2025,0313607,MATERNAL I,historical_share,oos_2025,oos,all,35.612168425920665,2024.0,CM ODETINHA VIDAL DE OLIVEIRA,46.0,publica,matriculas_ano_anterior_proxy,True,-10.387831574079335,False
2025,0313607,MATERNAL II,historical_share,oos_2025,oos,all,7.989417185259944,2024.0,CM ODETINHA VIDAL DE OLIVEIRA,0.0,publica,matriculas_ano_anterior_proxy,True,7.989417185259944,True
2025,0313608,BERCARIO,historical_share,oos_2025,oos,all,214.1535216227168,2024.0,CM RACHEL LEITE DIAS,50.0,publica,matriculas_ano_anterior_proxy,True,164.1535216227168,True
2025,0313608,MATERNAL I,historical_share,oos_2025,oos,all,87.78650633750046,2024.0,CM RACHEL LEITE DIAS,46.0,publica,matriculas_ano_anterior_proxy,True,41.786506337500455,True
2025,0313608,MATERNAL II,historical_share,oos_2025,oos,all,29.778562698536756,2024.0,CM RACHEL LEITE DIAS,0.0,publica,matriculas_ano_anterior_proxy,True,29.778562698536756,True
2025,0313609,BERCARIO,historical_share,oos_2025,oos,all,58.672769026056784,2024.0,CM RECANTO DA CACHOEIRA,51.0,publica,matriculas_ano_anterior_proxy,True,7.672769026056784,True
2025,0313609,MATERNAL I,historical_share,oos_2025,oos,all,17.20305562809824,2024.0,CM RECANTO DA CACHOEIRA,37.0,publica,matriculas_ano_anterior_proxy,True,-19.79694437190176,False
2025,0313609,MATERNAL II,historical_share,oos_2025,oos,all,6.61004899609182,2024.0,CM RECANTO DA CACHOEIRA,0.0,publica,matriculas_ano_anterior_proxy,True,6.61004899609182,True
2025,0313610,BERCARIO,historical_share,oos_2025,oos,all,63.67701348293906,2024.0,CM EMMANUEL,50.0,publica,matriculas_ano_anterior_proxy,True,13.67701348293906,True
2025,0313610,MATERNAL I,historical_share,oos_2025,oos,all,19.23480306369236,2024.0,CM EMMANUEL,47.0,publica,matriculas_ano_anterior_proxy,True,-27.76519693630764,False
2025,0313610,MATERNAL II,historical_share,oos_2025,oos,all,8.317139385848677,2024.0,CM EMMANUEL,0.0,publica,matriculas_ano_anterior_proxy,True,8.317139385848677,True
2025,0313611,BERCARIO,historical_share,oos_2025,oos,all,115.17290712852784,2024.0,CM JOSÉ RAMOS JANUÁRIO - ZÉ PRETINHO,45.0,publica,matriculas_ano_anterior_proxy,True,70.17290712852784,True
2025,0313611,MATERNAL I,historical_share,oos_2025,oos,all,41.716484190176566,2024.0,CM JOSÉ RAMOS JANUÁRIO - ZÉ PRETINHO,44.0,publica,matriculas_ano_anterior_proxy,True,-2.2835158098234345,False
2025,0313611,MATERNAL II,historical_share,oos_2025,oos,all,16.78638941290187,2024.0,CM JOSÉ RAMOS JANUÁRIO - ZÉ PRETINHO,0.0,publica,matriculas_ano_anterior_proxy,True,16.78638941290187,True
2025,0313612,BERCARIO,historical_share,oos_2025,oos,all,113.89133178319936,2024.0,CM MARCILIA CATARINA DA COSTA ORGÉLIO - TIA MANA,49.0,publica,matriculas_ano_anterior_proxy,True,64.89133178319936,True
2025,0313612,MATERNAL I,historical_share,oos_2025,oos,all,33.37889934067815,2024.0,CM MARCILIA CATARINA DA COSTA ORGÉLIO - TIA MANA,37.0,publica,matriculas_ano_anterior_proxy,True,-3.621100659321847,False
2025,0313612,MATERNAL II,historical_share,oos_2025,oos,all,14.17921885324406,2024.0,CM MARCILIA CATARINA DA COSTA ORGÉLIO - TIA MANA,0.0,publica,matriculas_ano_anterior_proxy,True,14.17921885324406,True
2025,0313801,BERCARIO,historical_share,oos_2025,oos,all,61.48288367304018,2024.0,EDI PROF. JOSÉ LIBONATI FILHO,24.0,publica,matriculas_ano_anterior_proxy,True,37.48288367304018,True
2025,0313801,MATERNAL I,historical_share,oos_2025,oos,all,37.31144100891373,2024.0,EDI PROF. JOSÉ LIBONATI FILHO,24.0,publica,matriculas_ano_anterior_proxy,True,13.311441008913732,True
2025,0313801,MATERNAL II,historical_share,oos_2025,oos,all,18.81006034989036,2024.0,EDI PROF. JOSÉ LIBONATI FILHO,0.0,publica,matriculas_ano_anterior_proxy,True,18.81006034989036,True
2025,0313802,BERCARIO,historical_share,oos_2025,oos,all,115.0100427476638,2024.0,EDI ANÍSIO TEIXEIRA,25.0,publica,matriculas_ano_anterior_proxy,True,90.0100427476638,True
2025,0313802,MATERNAL I,historical_share,oos_2025,oos,all,78.41004677515684,2024.0,EDI ANÍSIO TEIXEIRA,24.0,publica,matriculas_ano_anterior_proxy,True,54.41004677515684,True
2025,0313802,MATERNAL II,historical_share,oos_2025,oos,all,49.09470971689995,2024.0,EDI ANÍSIO TEIXEIRA,0.0,publica,matriculas_ano_anterior_proxy,True,49.09470971689995,True
2025,0313804,MATERNAL I,historical_share,oos_2025,oos,all,58.09567785578093,2024.0,EDI GEORGE BERNANOS,23.0,publica,matriculas_ano_anterior_proxy,True,35.09567785578093,True
2025,0313804,MATERNAL II,historical_share,oos_2025,oos,all,20.94477717130665,2024.0,EDI GEORGE BERNANOS,0.0,publica,matriculas_ano_anterior_proxy,True,20.94477717130665,True
2025,0313805,MATERNAL I,historical_share,oos_2025,oos,all,120.47717378009024,2024.0,EDI MAURÍCIO CARDOSO,25.0,publica,matriculas_ano_anterior_proxy,True,95.47717378009024,True
2025,0313805,MATERNAL II,historical_share,oos_2025,oos,all,62.93584191678021,2024.0,EDI MAURÍCIO CARDOSO,0.0,publica,matriculas_ano_anterior_proxy,True,62.93584191678021,True
2025,0313806,MATERNAL II,historical_share,oos_2025,oos,all,24.367511573239828,2024.0,EDI EDUCANDÁRIO DE SANTA CRUZ,0.0,publica,matriculas_ano_anterior_proxy,True,24.367511573239828,True
2025,0313809,MATERNAL I,historical_share,oos_2025,oos,all,104.80675800539792,2024.0,EDI ESCULTORA LYGIA CLARK,48.0,publica,matriculas_ano_anterior_proxy,True,56.806758005397924,True
2025,0313809,MATERNAL II,historical_share,oos_2025,oos,all,39.56588847056332,2024.0,EDI ESCULTORA LYGIA CLARK,0.0,publica,matriculas_ano_anterior_proxy,True,39.56588847056332,True
2025,0328601,MATERNAL I,historical_share,oos_2025,oos,all,53.34133126100343,2024.0,CM GERALDA DE JESUS ALEIXO,32.0,publica,matriculas_ano_anterior_proxy,True,21.341331261003432,True
2025,0328601,MATERNAL II,historical_share,oos_2025,oos,all,26.32623110001905,2024.0,CM GERALDA DE JESUS ALEIXO,0.0,publica,matriculas_ano_anterior_proxy,True,26.32623110001905,True
2025,0328602,BERCARIO,historical_share,oos_2025,oos,all,78.50294628182552,2024.0,CM TIA ANDREZA,23.0,publica,matriculas_ano_anterior_proxy,True,55.502946281825515,True
2025,0328602,MATERNAL I,historical_share,oos_2025,oos,all,49.26365588133752,2024.0,CM TIA ANDREZA,47.0,publica,matriculas_ano_anterior_proxy,True,2.2636558813375203,True
2025,0328602,MATERNAL II,historical_share,oos_2025,oos,all,26.566279650047832,2024.0,CM TIA ANDREZA,0.0,publica,matriculas_ano_anterior_proxy,True,26.566279650047832,True
2025,0328604,BERCARIO,historical_share,oos_2025,oos,all,90.88520198963744,2024.0,CM DA COMUNIDADE DO JACAREZINHO,50.0,publica,matriculas_ano_anterior_proxy,True,40.88520198963744,True
2025,0328604,MATERNAL I,historical_share,oos_2025,oos,all,20.618007929848844,2024.0,CM DA COMUNIDADE DO JACAREZINHO,43.0,publica,matriculas_ano_anterior_proxy,True,-22.381992070151156,False
2025,0328604,MATERNAL II,historical_share,oos_2025,oos,all,12.72105125163978,2024.0,CM DA COMUNIDADE DO JACAREZINHO,0.0,publica,matriculas_ano_anterior_proxy,True,12.72105125163978,True
2025,0328801,BERCARIO,historical_share,oos_2025,oos,all,164.01690385664364,2024.0,EDI PADRE NELSON CARLOS DEL MÔNACO,24.0,publica,matriculas_ano_anterior_proxy,True,140.01690385664364,True
2025,0328801,MATERNAL I,historical_share,oos_2025,oos,all,58.96622784708972,2024.0,EDI PADRE NELSON CARLOS DEL MÔNACO,25.0,publica,matriculas_ano_anterior_proxy,True,33.96622784708972,True
2025,0328801,MATERNAL II,historical_share,oos_2025,oos,all,36.895977470584185,2024.0,EDI PADRE NELSON CARLOS DEL MÔNACO,0.0,publica,matriculas_ano_anterior_proxy,True,36.895977470584185,True
2025,0329801,BERCARIO,historical_share,oos_2025,oos,all,173.96230161068036,2024.0,EDI DONA LINDU,24.0,publica,matriculas_ano_anterior_proxy,True,149.96230161068036,True
2025,0329801,MATERNAL I,historical_share,oos_2025,oos,all,118.99961538356312,2024.0,EDI DONA LINDU,47.0,publica,matriculas_ano_anterior_proxy,True,71.99961538356312,True
2025,0329801,MATERNAL II,historical_share,oos_2025,oos,all,52.03264729965079,2024.0,EDI DONA LINDU,0.0,publica,matriculas_ano_anterior_proxy,True,52.03264729965079,True
2025,0330601,BERCARIO,historical_share,oos_2025,oos,all,83.22924168436361,2024.0,CM JOSÉ DE VIEIRA DA SILVA,25.0,publica,matriculas_ano_anterior_proxy,True,58.229241684363615,True
2025,0330601,MATERNAL I,historical_share,oos_2025,oos,all,63.895652780207705,2024.0,CM JOSÉ DE VIEIRA DA SILVA,23.0,publica,matriculas_ano_anterior_proxy,True,40.895652780207705,True
2025,0330601,MATERNAL II,historical_share,oos_2025,oos,all,26.3953669186549,2024.0,CM JOSÉ DE VIEIRA DA SILVA,0.0,publica,matriculas_ano_anterior_proxy,True,26.3953669186549,True
2025,0330602,BERCARIO,historical_share,oos_2025,oos,all,204.1007713533474,2024.0,CM NOVA BRASÍLIA,50.0,publica,matriculas_ano_anterior_proxy,True,154.1007713533474,True
2025,0330602,MATERNAL I,historical_share,oos_2025,oos,all,43.00920731437424,2024.0,CM NOVA BRASÍLIA,48.0,publica,matriculas_ano_anterior_proxy,True,-4.990792685625763,False
2025,0330602,MATERNAL II,historical_share,oos_2025,oos,all,15.7608928908643,2024.0,CM NOVA BRASÍLIA,0.0,publica,matriculas_ano_anterior_proxy,True,15.7608928908643,True
2025,04001,BERCARIO,historical_share,oos_2025,oos,all,20.56289312039059,2024.0,CP CENTRO EDUCACIONAL APRENDIZ DA MARÉ,55.0,parceira,matriculas_ano_anterior_proxy,True,-34.43710687960941,False
2025,04001,MATERNAL I,historical_share,oos_2025,oos,all,10.229407121803437,2024.0,CP CENTRO EDUCACIONAL APRENDIZ DA MARÉ,69.0,parceira,matriculas_ano_anterior_proxy,True,-58.77059287819657,False
2025,04001,MATERNAL II,historical_share,oos_2025,oos,all,1.4751841764197882,2024.0,CP CENTRO EDUCACIONAL APRENDIZ DA MARÉ,76.0,parceira,matriculas_ano_anterior_proxy,True,-74.52481582358021,False
2025,04002,BERCARIO,historical_share,oos_2025,oos,all,11.89309749377517,2024.0,CP INSTITUTO EDUCACIONAL LUIZ ANTONIO - IELA,25.0,parceira,matriculas_ano_anterior_proxy,True,-13.10690250622483,False
2025,04002,MATERNAL I,historical_share,oos_2025,oos,all,16.364987933714826,2024.0,CP INSTITUTO EDUCACIONAL LUIZ ANTONIO - IELA,42.0,parceira,matriculas_ano_anterior_proxy,True,-25.635012066285174,False
2025,04002,MATERNAL II,historical_share,oos_2025,oos,all,2.3256222385358822,2024.0,CP INSTITUTO EDUCACIONAL LUIZ ANTONIO - IELA,31.0,parceira,matriculas_ano_anterior_proxy,True,-28.674377761464118,False
2025,04003,BERCARIO,historical_share,oos_2025,oos,all,18.274570489800997,2024.0,CP ASSOCIAÇÃO CIVIL CENTRO EDUCACIONAL COMUNITÁRIO ESTAÇÃO DO SABER,44.0,parceira,matriculas_ano_anterior_proxy,True,-25.725429510199003,False
2025,04003,MATERNAL I,historical_share,oos_2025,oos,all,5.117842978814846,2024.0,CP ASSOCIAÇÃO CIVIL CENTRO EDUCACIONAL COMUNITÁRIO ESTAÇÃO DO SABER,48.0,parceira,matriculas_ano_anterior_proxy,True,-42.88215702118515,False
2025,04003,MATERNAL II,historical_share,oos_2025,oos,all,1.6811764138844223,2024.0,CP ASSOCIAÇÃO CIVIL CENTRO EDUCACIONAL COMUNITÁRIO ESTAÇÃO DO SABER,50.0,parceira,matriculas_ano_anterior_proxy,True,-48.31882358611558,False
2025,04004,MATERNAL I,historical_share,oos_2025,oos,all,31.451758129125263,2024.0,CP CRECHE DO CENTRO COMUNITÁRIO DA VILA PROLETÁRIA DA PENHA,71.0,parceira,matriculas_ano_anterior_proxy,True,-39.54824187087473,False
2025,04004,MATERNAL II,historical_share,oos_2025,oos,all,5.88405101543498,2024.0,CP CRECHE DO CENTRO COMUNITÁRIO DA VILA PROLETÁRIA DA PENHA,92.0,parceira,matriculas_ano_anterior_proxy,True,-86.11594898456502,False
2025,04005,BERCARIO,historical_share,oos_2025,oos,all,18.56806120394201,2024.0,CP CASA DE JOEL,63.0,parceira,matriculas_ano_anterior_proxy,True,-44.43193879605799,False
2025,04005,MATERNAL I,historical_share,oos_2025,oos,all,10.113860479041955,2024.0,CP CASA DE JOEL,90.0,parceira,matriculas_ano_anterior_proxy,True,-79.88613952095804,False
2025,04005,MATERNAL II,historical_share,oos_2025,oos,all,2.4081624633913346,2024.0,CP CASA DE JOEL,97.0,parceira,matriculas_ano_anterior_proxy,True,-94.59183753660867,False
2025,04006,BERCARIO,historical_share,oos_2025,oos,all,9.413283776976538,2024.0,CP COMUNIDADE INSTITUCIONAL ADULÃO TEMPO FELIZ,8.0,parceira,matriculas_ano_anterior_proxy,True,1.413283776976538,True
2025,04006,MATERNAL I,historical_share,oos_2025,oos,all,12.59507678830779,2024.0,CP COMUNIDADE INSTITUCIONAL ADULÃO TEMPO FELIZ,30.0,parceira,matriculas_ano_anterior_proxy,True,-17.40492321169221,False
2025,04006,MATERNAL II,historical_share,oos_2025,oos,all,2.7727003114761195,2024.0,CP COMUNIDADE INSTITUCIONAL ADULÃO TEMPO FELIZ,30.0,parceira,matriculas_ano_anterior_proxy,True,-27.227299688523882,False
2025,04007,MATERNAL I,historical_share,oos_2025,oos,all,23.623428839793103,2024.0,CP CRECHE CASULO BOM JESUS DA PENHA,42.0,parceira,matriculas_ano_anterior_proxy,True,-18.376571160206897,False
2025,04007,MATERNAL II,historical_share,oos_2025,oos,all,3.4388030087062025,2024.0,CP CRECHE CASULO BOM JESUS DA PENHA,42.0,parceira,matriculas_ano_anterior_proxy,True,-38.5611969912938,False
2025,04008,MATERNAL I,historical_share,oos_2025,oos,all,10.183182816268074,2024.0,CP CRECHE COMUNITÁRIA CASULO DO PARQUE PROLETÁRIO DA PENHA,50.0,parceira,matriculas_ano_anterior_proxy,True,-39.81681718373193,False
2025,04008,MATERNAL II,historical_share,oos_2025,oos,all,2.380555099802884,2024.0,CP CRECHE COMUNITÁRIA CASULO DO PARQUE PROLETÁRIO DA PENHA,50.0,parceira,matriculas_ano_anterior_proxy,True,-47.61944490019712,False
2025,04009,MATERNAL I,historical_share,oos_2025,oos,all,22.899050664172957,2024.0,CP CRECHE COMUNITÁRIA DE MANGUINHOS,26.0,parceira,matriculas_ano_anterior_proxy,True,-3.1009493358270426,False
2025,04009,MATERNAL II,historical_share,oos_2025,oos,all,11.241606553882782,2024.0,CP CRECHE COMUNITÁRIA DE MANGUINHOS,44.0,parceira,matriculas_ano_anterior_proxy,True,-32.75839344611722,False
2025,04010,MATERNAL I,historical_share,oos_2025,oos,all,17.500027313054304,2024.0,CP CRECHE COMUNITÁRIA SAGRADO CORAÇÃO DE MARIA,50.0,parceira,matriculas_ano_anterior_proxy,True,-32.499972686945696,False
2025,04010,MATERNAL II,historical_share,oos_2025,oos,all,2.8874070309028497,2024.0,CP CRECHE COMUNITÁRIA SAGRADO CORAÇÃO DE MARIA,75.0,parceira,matriculas_ano_anterior_proxy,True,-72.11259296909715,False
2025,04011,BERCARIO,historical_share,oos_2025,oos,all,47.51871591576886,2024.0,CP CRECHE E PRÉ-ESCOLA NOVA JERUSALÉM,40.0,parceira,matriculas_ano_anterior_proxy,True,7.518715915768858,True
2025,04011,MATERNAL I,historical_share,oos_2025,oos,all,16.27176842621565,2024.0,CP CRECHE E PRÉ-ESCOLA NOVA JERUSALÉM,51.0,parceira,matriculas_ano_anterior_proxy,True,-34.72823157378435,False
2025,04011,MATERNAL II,historical_share,oos_2025,oos,all,7.108413261693005,2024.0,CP CRECHE E PRÉ-ESCOLA NOVA JERUSALÉM,43.0,parceira,matriculas_ano_anterior_proxy,True,-35.891586738307,False
2025,04012,BERCARIO,historical_share,oos_2025,oos,all,22.84835346889413,2024.0,CP CRECHE ESCOLA MIMI I,25.0,parceira,matriculas_ano_anterior_proxy,True,-2.1516465311058717,False
2025,04012,MATERNAL I,historical_share,oos_2025,oos,all,15.951767627988463,2024.0,CP CRECHE ESCOLA MIMI I,50.0,parceira,matriculas_ano_anterior_proxy,True,-34.04823237201154,False
2025,04012,MATERNAL II,historical_share,oos_2025,oos,all,3.3911376040939607,2024.0,CP CRECHE ESCOLA MIMI I,50.0,parceira,matriculas_ano_anterior_proxy,True,-46.60886239590604,False
2025,04013,MATERNAL I,historical_share,oos_2025,oos,all,38.61308122457568,2024.0,CP RECANTO DA CRIANÇA FELIZ,40.0,parceira,matriculas_ano_anterior_proxy,True,-1.38691877542432,False
2025,04013,MATERNAL II,historical_share,oos_2025,oos,all,5.293147489838734,2024.0,CP RECANTO DA CRIANÇA FELIZ,37.0,parceira,matriculas_ano_anterior_proxy,True,-31.706852510161266,False
2025,04014,MATERNAL I,historical_share,oos_2025,oos,all,64.6720205425311,2024.0,CP CRECHE SAGRADO CORAÇÃO DE MARIA E SANTO ANTÔNIO,72.0,parceira,matriculas_ano_anterior_proxy,True,-7.327979457468899,False
2025,04014,MATERNAL II,historical_share,oos_2025,oos,all,2.488764429788347,2024.0,CP CRECHE SAGRADO CORAÇÃO DE MARIA E SANTO ANTÔNIO,72.0,parceira,matriculas_ano_anterior_proxy,True,-69.51123557021165,False
2025,04015,BERCARIO,historical_share,oos_2025,oos,all,68.33824962330392,2024.0,CP ESPAÇO DE EDUCAÇÃO INFANTIL VILA DO JOÃO,82.0,parceira,matriculas_ano_anterior_proxy,True,-13.661750376696077,False
2025,04015,MATERNAL I,historical_share,oos_2025,oos,all,20.15228357955211,2024.0,CP ESPAÇO DE EDUCAÇÃO INFANTIL VILA DO JOÃO,68.0,parceira,matriculas_ano_anterior_proxy,True,-47.847716420447895,False
2025,04015,MATERNAL II,historical_share,oos_2025,oos,all,5.538433788019502,2024.0,CP ESPAÇO DE EDUCAÇÃO INFANTIL VILA DO JOÃO,66.0,parceira,matriculas_ano_anterior_proxy,True,-60.4615662119805,False
2025,04016,BERCARIO,historical_share,oos_2025,oos,all,50.74661654820027,2024.0,CP CRECHE LAR IRMÃO FRANCISCO,45.0,parceira,matriculas_ano_anterior_proxy,True,5.746616548200272,True
2025,04016,MATERNAL I,historical_share,oos_2025,oos,all,20.900528868055904,2024.0,CP CRECHE LAR IRMÃO FRANCISCO,49.0,parceira,matriculas_ano_anterior_proxy,True,-28.099471131944096,False
2025,04016,MATERNAL II,historical_share,oos_2025,oos,all,6.3319562606000686,2024.0,CP CRECHE LAR IRMÃO FRANCISCO,44.0,parceira,matriculas_ano_anterior_proxy,True,-37.668043739399934,False
2025,04017,BERCARIO,historical_share,oos_2025,oos,all,22.11383139959352,2024.0,CP ASSOCIAÇÃO CENTRO EDUCACIONAL REBRAL I,47.0,parceira,matriculas_ano_anterior_proxy,True,-24.88616860040648,False
2025,04017,MATERNAL I,historical_share,oos_2025,oos,all,18.19146043581781,2024.0,CP ASSOCIAÇÃO CENTRO EDUCACIONAL REBRAL I,75.0,parceira,matriculas_ano_anterior_proxy,True,-56.80853956418219,False
2025,04017,MATERNAL II,historical_share,oos_2025,oos,all,5.497002341586009,2024.0,CP ASSOCIAÇÃO CENTRO EDUCACIONAL REBRAL I,73.0,parceira,matriculas_ano_anterior_proxy,True,-67.50299765841399,False
2025,04018,BERCARIO,historical_share,oos_2025,oos,all,29.07645789624196,2024.0,CP SOCIEDADE DE ENSINO TEREZA CRISTINA,59.0,parceira,matriculas_ano_anterior_proxy,True,-29.92354210375804,False
2025,04018,MATERNAL I,historical_share,oos_2025,oos,all,15.79510946652618,2024.0,CP SOCIEDADE DE ENSINO TEREZA CRISTINA,68.0,parceira,matriculas_ano_anterior_proxy,True,-52.20489053347382,False
2025,04018,MATERNAL II,historical_share,oos_2025,oos,all,8.822030426153422,2024.0,CP SOCIEDADE DE ENSINO TEREZA CRISTINA,83.0,parceira,matriculas_ano_anterior_proxy,True,-74.17796957384658,False
2025,04020,BERCARIO,historical_share,oos_2025,oos,all,19.67434305035305,2024.0,CP CENTRO CULTURAL EDUCAR,47.0,parceira,matriculas_ano_anterior_proxy,True,-27.32565694964695,False
2025,04020,MATERNAL I,historical_share,oos_2025,oos,all,8.933576186837918,2024.0,CP CENTRO CULTURAL EDUCAR,67.0,parceira,matriculas_ano_anterior_proxy,True,-58.06642381316208,False
2025,04020,MATERNAL II,historical_share,oos_2025,oos,all,4.089677445963412,2024.0,CP CENTRO CULTURAL EDUCAR,55.0,parceira,matriculas_ano_anterior_proxy,True,-50.91032255403659,False
2025,04021,BERCARIO,historical_share,oos_2025,oos,all,20.14029341258513,2024.0,CP ASSOCIAÇÃO CENTRO EDUCACIONAL REBRAL II,30.0,parceira,matriculas_ano_anterior_proxy,True,-9.85970658741487,False
2025,04021,MATERNAL I,historical_share,oos_2025,oos,all,18.017884349005534,2024.0,CP ASSOCIAÇÃO CENTRO EDUCACIONAL REBRAL II,67.0,parceira,matriculas_ano_anterior_proxy,True,-48.982115650994466,False
2025,04021,MATERNAL II,historical_share,oos_2025,oos,all,8.502068698496295,2024.0,CP ASSOCIAÇÃO CENTRO EDUCACIONAL REBRAL II,104.0,parceira,matriculas_ano_anterior_proxy,True,-95.49793130150371,False
2025,04022,BERCARIO,historical_share,oos_2025,oos,all,44.98314284279001,2024.0,CP CRECHE VALE DO SOL NO GROTÃO,70.0,parceira,matriculas_ano_anterior_proxy,True,-25.01685715720999,False
2025,04022,MATERNAL I,historical_share,oos_2025,oos,all,24.663955635152814,2024.0,CP CRECHE VALE DO SOL NO GROTÃO,80.0,parceira,matriculas_ano_anterior_proxy,True,-55.33604436484718,False
2025,04022,MATERNAL II,historical_share,oos_2025,oos,all,8.437286272420945,2024.0,CP CRECHE VALE DO SOL NO GROTÃO,119.0,parceira,matriculas_ano_anterior_proxy,True,-110.56271372757905,False
2025,04023,BERCARIO,historical_share,oos_2025,oos,all,35.57532768042954,2024.0,CP CENTRO CULTURAL EDUCAR - UNIDADE III,82.0,parceira,matriculas_ano_anterior_proxy,True,-46.42467231957046,False
2025,04023,MATERNAL I,historical_share,oos_2025,oos,all,16.476865238939343,2024.0,CP CENTRO CULTURAL EDUCAR - UNIDADE III,98.0,parceira,matriculas_ano_anterior_proxy,True,-81.52313476106066,False
2025,04023,MATERNAL II,historical_share,oos_2025,oos,all,8.905901537182297,2024.0,CP CENTRO CULTURAL EDUCAR - UNIDADE III,92.0,parceira,matriculas_ano_anterior_proxy,True,-83.0940984628177,False
2025,04024,BERCARIO,historical_share,oos_2025,oos,all,50.867357953707376,2024.0,CP CRECHE VALE DO SOL,54.0,parceira,matriculas_ano_anterior_proxy,True,-3.1326420462926237,False
2025,04024,MATERNAL I,historical_share,oos_2025,oos,all,37.06857832606573,2024.0,CP CRECHE VALE DO SOL,100.0,parceira,matriculas_ano_anterior_proxy,True,-62.93142167393427,False
2025,04024,MATERNAL II,historical_share,oos_2025,oos,all,13.46713075944392,2024.0,CP CRECHE VALE DO SOL,109.0,parceira,matriculas_ano_anterior_proxy,True,-95.53286924055608,False
2025,04025,BERCARIO,historical_share,oos_2025,oos,all,44.402490380076486,2024.0,CP CRECHE E PRÉ-ESCOLA NOVA JERUSALÉM NO CORDOVIL,78.0,parceira,matriculas_ano_anterior_proxy,True,-33.597509619923514,False
2025,04025,MATERNAL I,historical_share,oos_2025,oos,all,24.60795455867455,2024.0,CP CRECHE E PRÉ-ESCOLA NOVA JERUSALÉM NO CORDOVIL,82.0,parceira,matriculas_ano_anterior_proxy,True,-57.39204544132545,False
2025,04025,MATERNAL II,historical_share,oos_2025,oos,all,5.169119915837614,2024.0,CP CRECHE E PRÉ-ESCOLA NOVA JERUSALÉM NO CORDOVIL,54.0,parceira,matriculas_ano_anterior_proxy,True,-48.83088008416239,False
2025,04026,MATERNAL I,historical_share,oos_2025,oos,all,8.477359590980152,2024.0,CP CRECHE ESCOLA PATINHO ESTUDIOSO,19.0,parceira,matriculas_ano_anterior_proxy,True,-10.522640409019848,False
2025,04026,MATERNAL II,historical_share,oos_2025,oos,all,1.904073340682444,2024.0,CP CRECHE ESCOLA PATINHO ESTUDIOSO,25.0,parceira,matriculas_ano_anterior_proxy,True,-23.095926659317556,False
2025,04027,BERCARIO,historical_share,oos_2025,oos,all,43.275574364761376,2024.0,CP ASSOCIAÇÃO CENTRO EDUCACIONAL REBRAL IV,40.0,parceira,matriculas_ano_anterior_proxy,True,3.2755743647613755,True
2025,04027,MATERNAL I,historical_share,oos_2025,oos,all,39.83766872119959,2024.0,CP ASSOCIAÇÃO CENTRO EDUCACIONAL REBRAL IV,78.0,parceira,matriculas_ano_anterior_proxy,True,-38.16233127880041,False
2025,04027,MATERNAL II,historical_share,oos_2025,oos,all,9.658332365632402,2024.0,CP ASSOCIAÇÃO CENTRO EDUCACIONAL REBRAL IV,80.0,parceira,matriculas_ano_anterior_proxy,True,-70.3416676343676,False
2025,04028,BERCARIO,historical_share,oos_2025,oos,all,11.703437677824123,2024.0,CP CRECHE TIA NANE I,20.0,parceira,matriculas_ano_anterior_proxy,True,-8.296562322175877,False
2025,04028,MATERNAL I,historical_share,oos_2025,oos,all,4.986100948674728,2024.0,CP CRECHE TIA NANE I,24.0,parceira,matriculas_ano_anterior_proxy,True,-19.01389905132527,False
2025,04028,MATERNAL II,historical_share,oos_2025,oos,all,1.1312757903400976,2024.0,CP CRECHE TIA NANE I,28.0,parceira,matriculas_ano_anterior_proxy,True,-26.868724209659902,False
2025,04029,BERCARIO,historical_share,oos_2025,oos,all,32.18197860968554,2024.0,CP SOLZINHO,43.0,parceira,matriculas_ano_anterior_proxy,True,-10.818021390314463,False
2025,04029,MATERNAL I,historical_share,oos_2025,oos,all,18.40369697279962,2024.0,CP SOLZINHO,71.0,parceira,matriculas_ano_anterior_proxy,True,-52.59630302720038,False
2025,04029,MATERNAL II,historical_share,oos_2025,oos,all,4.880566196526667,2024.0,CP SOLZINHO,71.0,parceira,matriculas_ano_anterior_proxy,True,-66.11943380347333,False
2025,04030,BERCARIO,historical_share,oos_2025,oos,all,52.56815062675238,2024.0,CP CRECHE VALE DO SOL II,90.0,parceira,matriculas_ano_anterior_proxy,True,-37.43184937324762,False
2025,04030,MATERNAL I,historical_share,oos_2025,oos,all,41.524403743133554,2024.0,CP CRECHE VALE DO SOL II,114.0,parceira,matriculas_ano_anterior_proxy,True,-72.47559625686645,False
2025,04030,MATERNAL II,historical_share,oos_2025,oos,all,11.780390960917185,2024.0,CP CRECHE VALE DO SOL II,63.0,parceira,matriculas_ano_anterior_proxy,True,-51.21960903908281,False
2025,04032,BERCARIO,historical_share,oos_2025,oos,all,39.37279497177012,2024.0,CP ASSOCIAÇÃO CENTRO EDUCACIONAL REBRAL V,34.0,parceira,matriculas_ano_anterior_proxy,True,5.372794971770119,True
2025,04032,MATERNAL I,historical_share,oos_2025,oos,all,20.866745349126088,2024.0,CP ASSOCIAÇÃO CENTRO EDUCACIONAL REBRAL V,33.0,parceira,matriculas_ano_anterior_proxy,True,-12.133254650873912,False
2025,04032,MATERNAL II,historical_share,oos_2025,oos,all,6.359877069064543,2024.0,CP ASSOCIAÇÃO CENTRO EDUCACIONAL REBRAL V,37.0,parceira,matriculas_ano_anterior_proxy,True,-30.640122930935455,False
2025,04034,BERCARIO,historical_share,oos_2025,oos,all,35.31566744310588,2024.0,CP CASA DE JOEL II,23.0,parceira,matriculas_ano_anterior_proxy,True,12.31566744310588,True
2025,04034,MATERNAL I,historical_share,oos_2025,oos,all,15.209195027896865,2024.0,CP CASA DE JOEL II,16.0,parceira,matriculas_ano_anterior_proxy,True,-0.7908049721031354,False
2025,04034,MATERNAL II,historical_share,oos_2025,oos,all,4.257194063160405,2024.0,CP CASA DE JOEL II,16.0,parceira,matriculas_ano_anterior_proxy,True,-11.742805936839595,False
2025,04035,BERCARIO,historical_share,oos_2025,oos,all,21.677708864251475,2024.0,CP INSTITUTO DE EDUCAÇÃO EUCLIDES DOS SANTOS,19.0,parceira,matriculas_ano_anterior_proxy,True,2.677708864251475,True
2025,04035,MATERNAL I,historical_share,oos_2025,oos,all,20.55312398549504,2024.0,CP INSTITUTO DE EDUCAÇÃO EUCLIDES DOS SANTOS,53.0,parceira,matriculas_ano_anterior_proxy,True,-32.44687601450496,False
2025,04035,MATERNAL II,historical_share,oos_2025,oos,all,10.058739354207855,2024.0,CP INSTITUTO DE EDUCAÇÃO EUCLIDES DOS SANTOS,71.0,parceira,matriculas_ano_anterior_proxy,True,-60.94126064579214,False
2025,04036,BERCARIO,historical_share,oos_2025,oos,all,6.896424657766184,2024.0,CP CRECHE GIZ COLORIDO,17.0,parceira,matriculas_ano_anterior_proxy,True,-10.103575342233816,False
2025,04036,MATERNAL I,historical_share,oos_2025,oos,all,4.150008191726862,2024.0,CP CRECHE GIZ COLORIDO,19.0,parceira,matriculas_ano_anterior_proxy,True,-14.849991808273138,False
2025,04036,MATERNAL II,historical_share,oos_2025,oos,all,5.8366648629962095,2024.0,CP CRECHE GIZ COLORIDO,21.0,parceira,matriculas_ano_anterior_proxy,True,-15.163335137003791,False
2025,04037,MATERNAL I,historical_share,oos_2025,oos,all,13.067853843578702,2024.0,CP CRECHE ESCOLA MIMI II,35.0,parceira,matriculas_ano_anterior_proxy,True,-21.932146156421297,False
2025,04037,MATERNAL II,historical_share,oos_2025,oos,all,13.20193975975258,2024.0,CP CRECHE ESCOLA MIMI II,59.0,parceira,matriculas_ano_anterior_proxy,True,-45.79806024024742,False
2025,04038,BERCARIO,historical_share,oos_2025,oos,all,40.44898327042946,2024.0,CP ASSOCIAÇÃO CENTRO EDUCACIONAL REBRAL VIII,65.0,parceira,matriculas_ano_anterior_proxy,True,-24.55101672957054,False
2025,04038,MATERNAL I,historical_share,oos_2025,oos,all,21.77188697838792,2024.0,CP ASSOCIAÇÃO CENTRO EDUCACIONAL REBRAL VIII,97.0,parceira,matriculas_ano_anterior_proxy,True,-75.22811302161207,False
2025,04038,MATERNAL II,historical_share,oos_2025,oos,all,10.045783156710485,2024.0,CP ASSOCIAÇÃO CENTRO EDUCACIONAL REBRAL VIII,106.0,parceira,matriculas_ano_anterior_proxy,True,-95.95421684328952,False
2025,04039,BERCARIO,historical_share,oos_2025,oos,all,12.143383580435842,2024.0,CP ASSOCIAÇÃO CENTRO EDUCACIONAL REBRAL IX,24.0,parceira,matriculas_ano_anterior_proxy,True,-11.856616419564158,False
2025,04039,MATERNAL I,historical_share,oos_2025,oos,all,9.109502062105337,2024.0,CP ASSOCIAÇÃO CENTRO EDUCACIONAL REBRAL IX,49.0,parceira,matriculas_ano_anterior_proxy,True,-39.890497937894665,False
2025,04039,MATERNAL II,historical_share,oos_2025,oos,all,1.4217735753071854,2024.0,CP ASSOCIAÇÃO CENTRO EDUCACIONAL REBRAL IX,59.0,parceira,matriculas_ano_anterior_proxy,True,-57.578226424692815,False
2025,04040,BERCARIO,historical_share,oos_2025,oos,all,0.003554258029573,2024.0,CP ASSOCIAÇÃO CENTRO EDUCACIONAL REBRAL X,0.0,parceira,matriculas_ano_anterior_proxy,True,0.003554258029573,True
2025,04040,MATERNAL I,historical_share,oos_2025,oos,all,51.2681963357244,2024.0,CP ASSOCIAÇÃO CENTRO EDUCACIONAL REBRAL X,97.0,parceira,matriculas_ano_anterior_proxy,True,-45.7318036642756,False
2025,04040,MATERNAL II,historical_share,oos_2025,oos,all,10.098390461770576,2024.0,CP ASSOCIAÇÃO CENTRO EDUCACIONAL REBRAL X,120.0,parceira,matriculas_ano_anterior_proxy,True,-109.90160953822942,False
2025,04041,BERCARIO,historical_share,oos_2025,oos,all,15.052728347538611,2024.0,CP CRECHE ESCOLA OTACÍLIO BATISTA,18.0,parceira,matriculas_ano_anterior_proxy,True,-2.9472716524613887,False
2025,04041,MATERNAL I,historical_share,oos_2025,oos,all,5.253498678525624,2024.0,CP CRECHE ESCOLA OTACÍLIO BATISTA,17.0,parceira,matriculas_ano_anterior_proxy,True,-11.746501321474376,False
2025,04041,MATERNAL II,historical_share,oos_2025,oos,all,2.7255306358128664,2024.0,CP CRECHE ESCOLA OTACÍLIO BATISTA,17.0,parceira,matriculas_ano_anterior_proxy,True,-14.274469364187134,False
2025,04042,BERCARIO,historical_share,oos_2025,oos,all,25.661867966036898,2024.0,CP CENTRO CULTURAL PEDACINHO DO CÉU,17.0,parceira,matriculas_ano_anterior_proxy,True,8.661867966036898,True
2025,04042,MATERNAL I,historical_share,oos_2025,oos,all,35.756911292634186,2024.0,CP CENTRO CULTURAL PEDACINHO DO CÉU,89.0,parceira,matriculas_ano_anterior_proxy,True,-53.243088707365814,False
2025,04042,MATERNAL II,historical_share,oos_2025,oos,all,6.42876707566224,2024.0,CP CENTRO CULTURAL PEDACINHO DO CÉU,72.0,parceira,matriculas_ano_anterior_proxy,True,-65.57123292433776,False
2025,04043,BERCARIO,historical_share,oos_2025,oos,all,9.650578978779304,2024.0,CP ASSOCIAÇÃO COMUNITÁRIA EDUCACIONAL FLORESCER,27.0,parceira,matriculas_ano_anterior_proxy,True,-17.349421021220696,False
2025,04043,MATERNAL I,historical_share,oos_2025,oos,all,9.424746759088674,2024.0,CP ASSOCIAÇÃO COMUNITÁRIA EDUCACIONAL FLORESCER,33.0,parceira,matriculas_ano_anterior_proxy,True,-23.575253240911326,False
2025,04043,MATERNAL II,historical_share,oos_2025,oos,all,0.8955244888012817,2024.0,CP ASSOCIAÇÃO COMUNITÁRIA EDUCACIONAL FLORESCER,28.0,parceira,matriculas_ano_anterior_proxy,True,-27.104475511198718,False
2025,04044,BERCARIO,historical_share,oos_2025,oos,all,34.13429945079369,2024.0,CP CRECHE HOUSE BABY - BONSUCESSO,61.0,parceira,matriculas_ano_anterior_proxy,True,-26.86570054920631,False
2025,04044,MATERNAL I,historical_share,oos_2025,oos,all,15.078127609997962,2024.0,CP CRECHE HOUSE BABY - BONSUCESSO,81.0,parceira,matriculas_ano_anterior_proxy,True,-65.92187239000204,False
2025,04044,MATERNAL II,historical_share,oos_2025,oos,all,5.477957339820165,2024.0,CP CRECHE HOUSE BABY - BONSUCESSO,67.0,parceira,matriculas_ano_anterior_proxy,True,-61.522042660179835,False
2025,04045,BERCARIO,historical_share,oos_2025,oos,all,22.80753354401618,2024.0,CP CRECHE CRIANÇA FELIZ EM LUCAS,28.0,parceira,matriculas_ano_anterior_proxy,True,-5.192466455983819,False
2025,04045,MATERNAL I,historical_share,oos_2025,oos,all,7.525857089414424,2024.0,CP CRECHE CRIANÇA FELIZ EM LUCAS,66.0,parceira,matriculas_ano_anterior_proxy,True,-58.47414291058558,False
2025,04045,MATERNAL II,historical_share,oos_2025,oos,all,1.208147764987617,2024.0,CP CRECHE CRIANÇA FELIZ EM LUCAS,57.0,parceira,matriculas_ano_anterior_proxy,True,-55.791852235012385,False
2025,04046,BERCARIO,historical_share,oos_2025,oos,all,8.414429316435614,2024.0,CP CRECHE TIA NANE III,19.0,parceira,matriculas_ano_anterior_proxy,True,-10.585570683564386,False
2025,04046,MATERNAL I,historical_share,oos_2025,oos,all,6.481135833255898,2024.0,CP CRECHE TIA NANE III,28.0,parceira,matriculas_ano_anterior_proxy,True,-21.518864166744102,False
2025,04046,MATERNAL II,historical_share,oos_2025,oos,all,3.168817247388703,2024.0,CP CRECHE TIA NANE III,26.0,parceira,matriculas_ano_anterior_proxy,True,-22.831182752611298,False
2025,04047,BERCARIO,historical_share,oos_2025,oos,all,52.028375507844565,2024.0,CP CRECHE VALE DO SOL III,85.0,parceira,matriculas_ano_anterior_proxy,True,-32.971624492155435,False
2025,04047,MATERNAL I,historical_share,oos_2025,oos,all,18.25920892237235,2024.0,CP CRECHE VALE DO SOL III,117.0,parceira,matriculas_ano_anterior_proxy,True,-98.74079107762765,False
2025,04047,MATERNAL II,historical_share,oos_2025,oos,all,4.744085122915009,2024.0,CP CRECHE VALE DO SOL III,69.0,parceira,matriculas_ano_anterior_proxy,True,-64.25591487708499,False
2025,04048,BERCARIO,historical_share,oos_2025,oos,all,12.398528028312162,2024.0,CP INSTITUTO DE EDUCAÇÃO EUCLIDES DOS SANTOS II,22.0,parceira,matriculas_ano_anterior_proxy,True,-9.601471971687838,False
2025,04048,MATERNAL I,historical_share,oos_2025,oos,all,8.681214471638004,2024.0,CP INSTITUTO DE EDUCAÇÃO EUCLIDES DOS SANTOS II,47.0,parceira,matriculas_ano_anterior_proxy,True,-38.318785528362,False
2025,04048,MATERNAL II,historical_share,oos_2025,oos,all,12.641704737976347,2024.0,CP INSTITUTO DE EDUCAÇÃO EUCLIDES DOS SANTOS II,59.0,parceira,matriculas_ano_anterior_proxy,True,-46.35829526202365,False
2025,04049,BERCARIO,historical_share,oos_2025,oos,all,13.932480086639917,2024.0,CP INSTITUTO JOSEFA LAURENTINO,20.0,parceira,matriculas_ano_anterior_proxy,True,-6.0675199133600835,False
2025,04049,MATERNAL I,historical_share,oos_2025,oos,all,10.567431431549588,2024.0,CP INSTITUTO JOSEFA LAURENTINO,25.0,parceira,matriculas_ano_anterior_proxy,True,-14.432568568450412,False
2025,04049,MATERNAL II,historical_share,oos_2025,oos,all,4.417346646776197,2024.0,CP INSTITUTO JOSEFA LAURENTINO,15.0,parceira,matriculas_ano_anterior_proxy,True,-10.582653353223803,False
2025,04050,BERCARIO,historical_share,oos_2025,oos,all,14.336357275484264,2024.0,CP CENTRO EDUCACIONAL CARIOQUINHA,28.0,parceira,matriculas_ano_anterior_proxy,True,-13.663642724515736,False
2025,04050,MATERNAL I,historical_share,oos_2025,oos,all,20.07652971807964,2024.0,CP CENTRO EDUCACIONAL CARIOQUINHA,30.0,parceira,matriculas_ano_anterior_proxy,True,-9.923470281920359,False
2025,04050,MATERNAL II,historical_share,oos_2025,oos,all,8.381599180047104,2024.0,CP CENTRO EDUCACIONAL CARIOQUINHA,17.0,parceira,matriculas_ano_anterior_proxy,True,-8.618400819952896,False
2025,0410601,MATERNAL I,historical_share,oos_2025,oos,all,3.942937059896012,2024.0,CM MANGUINHOS,24.0,publica,matriculas_ano_anterior_proxy,True,-20.05706294010399,False
2025,0410601,MATERNAL II,historical_share,oos_2025,oos,all,2.0072642492881583,2024.0,CM MANGUINHOS,0.0,publica,matriculas_ano_anterior_proxy,True,2.0072642492881583,True
2025,0410602,MATERNAL II,historical_share,oos_2025,oos,all,34.93568208120136,2024.0,CM DR. JUVENIL DE SOUZA LOPES,0.0,publica,matriculas_ano_anterior_proxy,True,34.93568208120136,True
2025,0410603,MATERNAL I,historical_share,oos_2025,oos,all,0.0041524948839526,2024.0,CM CHICO BENTO,0.0,publica,matriculas_ano_anterior_proxy,True,0.0041524948839526,True
2025,0410603,MATERNAL II,historical_share,oos_2025,oos,all,39.699861039825095,2024.0,CM CHICO BENTO,46.0,publica,matriculas_ano_anterior_proxy,True,-6.300138960174905,False
2025,0410801,BERCARIO,historical_share,oos_2025,oos,all,187.5527478850884,2024.0,EDI DOUTOR DOMINGOS ARTHUR MACHADO FILHO,49.0,publica,matriculas_ano_anterior_proxy,True,138.5527478850884,True
2025,0410801,MATERNAL I,historical_share,oos_2025,oos,all,78.09197879516807,2024.0,EDI DOUTOR DOMINGOS ARTHUR MACHADO FILHO,25.0,publica,matriculas_ano_anterior_proxy,True,53.091978795168075,True
2025,0410801,MATERNAL II,historical_share,oos_2025,oos,all,40.86407425946943,2024.0,EDI DOUTOR DOMINGOS ARTHUR MACHADO FILHO,0.0,publica,matriculas_ano_anterior_proxy,True,40.86407425946943,True
2025,0410802,BERCARIO,historical_share,oos_2025,oos,all,133.3430471853838,2024.0,EDI DOUTOR ANTÔNIO FERNANDES FIGUEIRA,25.0,publica,matriculas_ano_anterior_proxy,True,108.3430471853838,True
2025,0410802,MATERNAL I,historical_share,oos_2025,oos,all,62.71446639548678,2024.0,EDI DOUTOR ANTÔNIO FERNANDES FIGUEIRA,25.0,publica,matriculas_ano_anterior_proxy,True,37.71446639548678,True
2025,0410802,MATERNAL II,historical_share,oos_2025,oos,all,34.951634314083506,2024.0,EDI DOUTOR ANTÔNIO FERNANDES FIGUEIRA,0.0,publica,matriculas_ano_anterior_proxy,True,34.951634314083506,True
2025,0410803,MATERNAL I,historical_share,oos_2025,oos,all,0.0041524948839526,2024.0,EDI JOAQUIM VENÂNCIO,21.0,publica,matriculas_ano_anterior_proxy,True,-20.995847505116046,False
2025,0410803,MATERNAL II,historical_share,oos_2025,oos,all,0.0045061222003204,2024.0,EDI JOAQUIM VENÂNCIO,15.0,publica,matriculas_ano_anterior_proxy,True,-14.99549387779968,False
2025,0410804,MATERNAL II,historical_share,oos_2025,oos,all,10.08811180577808,2024.0,EDI SARGENTO JORGE FALEIRO SOUZA,0.0,publica,matriculas_ano_anterior_proxy,True,10.08811180577808,True
2025,0410805,BERCARIO,historical_share,oos_2025,oos,all,79.27197194040933,2024.0,EDI COMPOSITOR NEOCI DIAS DE ANDRADE,24.0,publica,matriculas_ano_anterior_proxy,True,55.27197194040933,True
2025,0410805,MATERNAL I,historical_share,oos_2025,oos,all,53.18212257159914,2024.0,EDI COMPOSITOR NEOCI DIAS DE ANDRADE,26.0,publica,matriculas_ano_anterior_proxy,True,27.182122571599137,True
2025,0410805,MATERNAL II,historical_share,oos_2025,oos,all,17.236503511556602,2024.0,EDI COMPOSITOR NEOCI DIAS DE ANDRADE,0.0,publica,matriculas_ano_anterior_proxy,True,17.236503511556602,True
2025,0410807,BERCARIO,historical_share,oos_2025,oos,all,127.94700433544229,2024.0,EDI PROFESSORA TANIA DA ROCHA CORREA,25.0,publica,matriculas_ano_anterior_proxy,True,102.94700433544229,True
2025,0410807,MATERNAL I,historical_share,oos_2025,oos,all,52.500774304192,2024.0,EDI PROFESSORA TANIA DA ROCHA CORREA,23.0,publica,matriculas_ano_anterior_proxy,True,29.500774304192,True
2025,0410807,MATERNAL II,historical_share,oos_2025,oos,all,24.84325718935163,2024.0,EDI PROFESSORA TANIA DA ROCHA CORREA,0.0,publica,matriculas_ano_anterior_proxy,True,24.84325718935163,True
2025,0410808,BERCARIO,historical_share,oos_2025,oos,all,93.24801581244166,2024.0,EDI ALMIR LEITE RIBEIRO,50.0,publica,matriculas_ano_anterior_proxy,True,43.248015812441665,True
2025,0410808,MATERNAL I,historical_share,oos_2025,oos,all,69.3176205376789,2024.0,EDI ALMIR LEITE RIBEIRO,47.0,publica,matriculas_ano_anterior_proxy,True,22.317620537678906,True
2025,0410808,MATERNAL II,historical_share,oos_2025,oos,all,33.4123760599118,2024.0,EDI ALMIR LEITE RIBEIRO,0.0,publica,matriculas_ano_anterior_proxy,True,33.4123760599118,True
2025,0410810,MATERNAL II,historical_share,oos_2025,oos,all,49.2784118259813,2024.0,EDI MIGUEL COUTO,0.0,publica,matriculas_ano_anterior_proxy,True,49.2784118259813,True
2025,0411601,BERCARIO,historical_share,oos_2025,oos,all,158.28826041510217,2024.0,CM CARLOS DRUMMOND DE ANDRADE,50.0,publica,matriculas_ano_anterior_proxy,True,108.28826041510217,True
2025,0411601,MATERNAL I,historical_share,oos_2025,oos,all,52.03843928944732,2024.0,CM CARLOS DRUMMOND DE ANDRADE,25.0,publica,matriculas_ano_anterior_proxy,True,27.038439289447318,True
2025,0411601,MATERNAL II,historical_share,oos_2025,oos,all,22.17120792177179,2024.0,CM CARLOS DRUMMOND DE ANDRADE,0.0,publica,matriculas_ano_anterior_proxy,True,22.17120792177179,True
2025,0411602,BERCARIO,historical_share,oos_2025,oos,all,40.59840154462964,2024.0,CM TEMPO DE APRENDER,23.0,publica,matriculas_ano_anterior_proxy,True,17.59840154462964,True
2025,0411602,MATERNAL I,historical_share,oos_2025,oos,all,17.78688669341949,2024.0,CM TEMPO DE APRENDER,24.0,publica,matriculas_ano_anterior_proxy,True,-6.21311330658051,False
2025,0411602,MATERNAL II,historical_share,oos_2025,oos,all,5.534840013188898,2024.0,CM TEMPO DE APRENDER,0.0,publica,matriculas_ano_anterior_proxy,True,5.534840013188898,True
2025,0411603,BERCARIO,historical_share,oos_2025,oos,all,79.38266468837067,2024.0,CM MORRO DA PAZ,48.0,publica,matriculas_ano_anterior_proxy,True,31.382664688370667,True
2025,0411603,MATERNAL I,historical_share,oos_2025,oos,all,18.765328843207666,2024.0,CM MORRO DA PAZ,21.0,publica,matriculas_ano_anterior_proxy,True,-2.2346711567923343,False
2025,0411603,MATERNAL II,historical_share,oos_2025,oos,all,9.85126387137504,2024.0,CM MORRO DA PAZ,0.0,publica,matriculas_ano_anterior_proxy,True,9.85126387137504,True
2025,0411604,MATERNAL II,historical_share,oos_2025,oos,all,10.791437490610337,2024.0,CM BETINHO,0.0,publica,matriculas_ano_anterior_proxy,True,10.791437490610337,True
2025,0411605,BERCARIO,historical_share,oos_2025,oos,all,42.78639632906175,2024.0,CM CARACOL,13.0,publica,matriculas_ano_anterior_proxy,True,29.786396329061752,True
2025,0411605,MATERNAL I,historical_share,oos_2025,oos,all,21.29923392789575,2024.0,CM CARACOL,26.0,publica,matriculas_ano_anterior_proxy,True,-4.700766072104251,False
2025,0411605,MATERNAL II,historical_share,oos_2025,oos,all,3.9726254790537294,2024.0,CM CARACOL,0.0,publica,matriculas_ano_anterior_proxy,True,3.9726254790537294,True
2025,0411607,MATERNAL II,historical_share,oos_2025,oos,all,32.48031441098168,2024.0,CM MARIA ALTAMIRA C. OLEGÁRIO,0.0,publica,matriculas_ano_anterior_proxy,True,32.48031441098168,True
2025,0411609,MATERNAL II,historical_share,oos_2025,oos,all,20.96126303744944,2024.0,CM TIA RUTH COSTA DOS SANTOS,0.0,publica,matriculas_ano_anterior_proxy,True,20.96126303744944,True
2025,0411801,BERCARIO,historical_share,oos_2025,oos,all,184.78198209751972,2024.0,EDI MARIANA ROCHA DE SOUZA,21.0,publica,matriculas_ano_anterior_proxy,True,163.78198209751972,True
2025,0411801,MATERNAL I,historical_share,oos_2025,oos,all,127.2018683598195,2024.0,EDI MARIANA ROCHA DE SOUZA,46.0,publica,matriculas_ano_anterior_proxy,True,81.2018683598195,True
2025,0411801,MATERNAL II,historical_share,oos_2025,oos,all,58.71491204455692,2024.0,EDI MARIANA ROCHA DE SOUZA,0.0,publica,matriculas_ano_anterior_proxy,True,58.71491204455692,True
2025,0411802,BERCARIO,historical_share,oos_2025,oos,all,45.37509150797356,2024.0,EDI JOEL LUIZ DE AZEVEDO BASTOS,43.0,publica,matriculas_ano_anterior_proxy,True,2.3750915079735577,True
2025,0411802,MATERNAL I,historical_share,oos_2025,oos,all,14.042334115664485,2024.0,EDI JOEL LUIZ DE AZEVEDO BASTOS,31.0,publica,matriculas_ano_anterior_proxy,True,-16.957665884335515,False
2025,0411802,MATERNAL II,historical_share,oos_2025,oos,all,2.7281259190475557,2024.0,EDI JOEL LUIZ DE AZEVEDO BASTOS,0.0,publica,matriculas_ano_anterior_proxy,True,2.7281259190475557,True
2025,0411803,BERCARIO,historical_share,oos_2025,oos,all,59.72150159400392,2024.0,EDI MARIA DE LOURDES FERREIRA,25.0,publica,matriculas_ano_anterior_proxy,True,34.72150159400392,True
2025,0411803,MATERNAL I,historical_share,oos_2025,oos,all,35.93808201840714,2024.0,EDI MARIA DE LOURDES FERREIRA,23.0,publica,matriculas_ano_anterior_proxy,True,12.938082018407137,True
2025,0411803,MATERNAL II,historical_share,oos_2025,oos,all,17.21899348419458,2024.0,EDI MARIA DE LOURDES FERREIRA,0.0,publica,matriculas_ano_anterior_proxy,True,17.21899348419458,True
2025,0411804,MATERNAL II,historical_share,oos_2025,oos,all,7.64944861388074,2024.0,EDI MORRO DA FÉ,0.0,publica,matriculas_ano_anterior_proxy,True,7.64944861388074,True
2025,0430601,MATERNAL II,historical_share,oos_2025,oos,all,39.596753793567736,2024.0,CM MENINO MALUQUINHO,0.0,publica,matriculas_ano_anterior_proxy,True,39.596753793567736,True
2025,0430602,BERCARIO,historical_share,oos_2025,oos,all,71.29313018868092,2024.0,CM VILA PINHEIRO,25.0,publica,matriculas_ano_anterior_proxy,True,46.29313018868092,True
2025,0430602,MATERNAL I,historical_share,oos_2025,oos,all,28.82527544236696,2024.0,CM VILA PINHEIRO,24.0,publica,matriculas_ano_anterior_proxy,True,4.825275442366959,True
2025,0430602,MATERNAL II,historical_share,oos_2025,oos,all,20.90427095196476,2024.0,CM VILA PINHEIRO,0.0,publica,matriculas_ano_anterior_proxy,True,20.90427095196476,True
2025,0430603,BERCARIO,historical_share,oos_2025,oos,all,149.17930363852338,2024.0,CM TIO MÁRIO,26.0,publica,matriculas_ano_anterior_proxy,True,123.17930363852338,True
2025,0430603,MATERNAL I,historical_share,oos_2025,oos,all,117.74001977227002,2024.0,CM TIO MÁRIO,25.0,publica,matriculas_ano_anterior_proxy,True,92.74001977227002,True
2025,0430603,MATERNAL II,historical_share,oos_2025,oos,all,84.86325899231963,2024.0,CM TIO MÁRIO,0.0,publica,matriculas_ano_anterior_proxy,True,84.86325899231963,True
2025,0430604,MATERNAL I,historical_share,oos_2025,oos,all,31.561455894136444,2024.0,CM MONTEIRO LOBATO,24.0,publica,matriculas_ano_anterior_proxy,True,7.561455894136444,True
2025,0430604,MATERNAL II,historical_share,oos_2025,oos,all,18.41420088100097,2024.0,CM MONTEIRO LOBATO,0.0,publica,matriculas_ano_anterior_proxy,True,18.41420088100097,True
2025,0430605,MATERNAL I,historical_share,oos_2025,oos,all,33.750233226752485,2024.0,CM NOVA HOLANDA,25.0,publica,matriculas_ano_anterior_proxy,True,8.750233226752485,True
2025,0430605,MATERNAL II,historical_share,oos_2025,oos,all,17.131843441182824,2024.0,CM NOVA HOLANDA,0.0,publica,matriculas_ano_anterior_proxy,True,17.131843441182824,True
2025,0430607,MATERNAL I,historical_share,oos_2025,oos,all,30.51386453975836,2024.0,CM PROFESSOR PAULO FREIRE,19.0,publica,matriculas_ano_anterior_proxy,True,11.513864539758359,True
2025,0430607,MATERNAL II,historical_share,oos_2025,oos,all,14.567263040974773,2024.0,CM PROFESSOR PAULO FREIRE,0.0,publica,matriculas_ano_anterior_proxy,True,14.567263040974773,True
2025,0430801,BERCARIO,historical_share,oos_2025,oos,all,66.69007600712986,2024.0,"EDI PESCADOR ISIDORO DUARTE - ""DORO""",16.0,publica,matriculas_ano_anterior_proxy,True,50.69007600712986,True
2025,0430801,MATERNAL I,historical_share,oos_2025,oos,all,28.066161522428743,2024.0,"EDI PESCADOR ISIDORO DUARTE - ""DORO""",17.0,publica,matriculas_ano_anterior_proxy,True,11.066161522428743,True
2025,0430801,MATERNAL II,historical_share,oos_2025,oos,all,20.3017049982784,2024.0,"EDI PESCADOR ISIDORO DUARTE - ""DORO""",0.0,publica,matriculas_ano_anterior_proxy,True,20.3017049982784,True
2025,0430802,MATERNAL I,historical_share,oos_2025,oos,all,51.00452218933551,2024.0,EDI PROFESSORA KELITA FARIA DE PAULA,50.0,publica,matriculas_ano_anterior_proxy,True,1.0045221893355105,True
2025,0430802,MATERNAL II,historical_share,oos_2025,oos,all,25.79614896669184,2024.0,EDI PROFESSORA KELITA FARIA DE PAULA,0.0,publica,matriculas_ano_anterior_proxy,True,25.79614896669184,True
2025,0430803,MATERNAL I,historical_share,oos_2025,oos,all,30.59153276556882,2024.0,EDI PROFESSOR MOACYR DE GÓES,46.0,publica,matriculas_ano_anterior_proxy,True,-15.408467234431178,False
2025,0430803,MATERNAL II,historical_share,oos_2025,oos,all,8.29269752226811,2024.0,EDI PROFESSOR MOACYR DE GÓES,0.0,publica,matriculas_ano_anterior_proxy,True,8.29269752226811,True
2025,0430805,BERCARIO,historical_share,oos_2025,oos,all,55.47009677590882,2024.0,EDI PROFESSORA SOLANGE CONCEIÇÃO TRICARICO,25.0,publica,matriculas_ano_anterior_proxy,True,30.47009677590882,True
2025,0430805,MATERNAL I,historical_share,oos_2025,oos,all,24.621924248748478,2024.0,EDI PROFESSORA SOLANGE CONCEIÇÃO TRICARICO,21.0,publica,matriculas_ano_anterior_proxy,True,3.6219242487484777,True
2025,0430805,MATERNAL II,historical_share,oos_2025,oos,all,18.354245675767203,2024.0,EDI PROFESSORA SOLANGE CONCEIÇÃO TRICARICO,0.0,publica,matriculas_ano_anterior_proxy,True,18.354245675767203,True
2025,0430806,MATERNAL I,historical_share,oos_2025,oos,all,47.06377890924227,2024.0,EDI CLEIA SANTOS DE OLIVEIRA,25.0,publica,matriculas_ano_anterior_proxy,True,22.063778909242266,True
2025,0430806,MATERNAL II,historical_share,oos_2025,oos,all,25.841543565910666,2024.0,EDI CLEIA SANTOS DE OLIVEIRA,0.0,publica,matriculas_ano_anterior_proxy,True,25.841543565910666,True
2025,0430807,BERCARIO,historical_share,oos_2025,oos,all,91.08202465270224,2024.0,EDI MARIA AMÉLIA CASTRO E SILVA BELFORT,50.0,publica,matriculas_ano_anterior_proxy,True,41.082024652702245,True
2025,0430807,MATERNAL I,historical_share,oos_2025,oos,all,24.25215719266893,2024.0,EDI MARIA AMÉLIA CASTRO E SILVA BELFORT,49.0,publica,matriculas_ano_anterior_proxy,True,-24.74784280733107,False
2025,0430807,MATERNAL II,historical_share,oos_2025,oos,all,17.088618345183697,2024.0,EDI MARIA AMÉLIA CASTRO E SILVA BELFORT,0.0,publica,matriculas_ano_anterior_proxy,True,17.088618345183697,True
2025,0430809,BERCARIO,historical_share,oos_2025,oos,all,52.17863947325341,2024.0,EDI MEDALHISTA OLÍMPICO LUIZ FELIPE MARQUES FONTELES,25.0,publica,matriculas_ano_anterior_proxy,True,27.178639473253412,True
2025,0430809,MATERNAL I,historical_share,oos_2025,oos,all,29.976197527307946,2024.0,EDI MEDALHISTA OLÍMPICO LUIZ FELIPE MARQUES FONTELES,50.0,publica,matriculas_ano_anterior_proxy,True,-20.023802472692054,False
2025,0430809,MATERNAL II,historical_share,oos_2025,oos,all,20.369978588321025,2024.0,EDI MEDALHISTA OLÍMPICO LUIZ FELIPE MARQUES FONTELES,0.0,publica,matriculas_ano_anterior_proxy,True,20.369978588321025,True
2025,0430810,BERCARIO,historical_share,oos_2025,oos,all,72.51874828146299,2024.0,EDI MEDALHISTA OLÍMPICO EVANDRO MOTTA MARCONDES GUERRA,23.0,publica,matriculas_ano_anterior_proxy,True,49.51874828146299,True
2025,0430810,MATERNAL I,historical_share,oos_2025,oos,all,36.583978155343786,2024.0,EDI MEDALHISTA OLÍMPICO EVANDRO MOTTA MARCONDES GUERRA,49.0,publica,matriculas_ano_anterior_proxy,True,-12.416021844656214,False
2025,0430810,MATERNAL II,historical_share,oos_2025,oos,all,22.188339633577485,2024.0,EDI MEDALHISTA OLÍMPICO EVANDRO MOTTA MARCONDES GUERRA,0.0,publica,matriculas_ano_anterior_proxy,True,22.188339633577485,True
2025,0430811,BERCARIO,historical_share,oos_2025,oos,all,121.2857455745706,2024.0,EDI MEDALHISTA OLÍMPICO WILLIAM PEIXOTO ARJONA,25.0,publica,matriculas_ano_anterior_proxy,True,96.2857455745706,True
2025,0430811,MATERNAL I,historical_share,oos_2025,oos,all,30.05857244670683,2024.0,EDI MEDALHISTA OLÍMPICO WILLIAM PEIXOTO ARJONA,48.0,publica,matriculas_ano_anterior_proxy,True,-17.94142755329317,False
2025,0430811,MATERNAL II,historical_share,oos_2025,oos,all,19.295635537666765,2024.0,EDI MEDALHISTA OLÍMPICO WILLIAM PEIXOTO ARJONA,0.0,publica,matriculas_ano_anterior_proxy,True,19.295635537666765,True
2025,0430812,MATERNAL I,historical_share,oos_2025,oos,all,38.94343782519527,2024.0,EDI MEDALHISTA OLÍMPICO EDER FRANCIS CARBONERA,23.0,publica,matriculas_ano_anterior_proxy,True,15.943437825195268,True
2025,0430812,MATERNAL II,historical_share,oos_2025,oos,all,31.26629594378343,2024.0,EDI MEDALHISTA OLÍMPICO EDER FRANCIS CARBONERA,0.0,publica,matriculas_ano_anterior_proxy,True,31.26629594378343,True
2025,0430813,MATERNAL I,historical_share,oos_2025,oos,all,0.0041524948839526,2024.0,EDI ARMANDO DE SALLES OLIVEIRA,0.0,publica,matriculas_ano_anterior_proxy,True,0.0041524948839526,True
2025,0430813,MATERNAL II,historical_share,oos_2025,oos,all,0.0045061222003204,2024.0,EDI ARMANDO DE SALLES OLIVEIRA,35.0,publica,matriculas_ano_anterior_proxy,True,-34.99549387779968,False
2025,0430815,BERCARIO,historical_share,oos_2025,oos,all,18.95540864344908,2024.0,EDI PESCADOR ALBANO ROSA,25.0,publica,matriculas_ano_anterior_proxy,True,-6.044591356550921,False
2025,0430815,MATERNAL I,historical_share,oos_2025,oos,all,22.77131157231723,2024.0,EDI PESCADOR ALBANO ROSA,25.0,publica,matriculas_ano_anterior_proxy,True,-2.228688427682769,False
2025,0430815,MATERNAL II,historical_share,oos_2025,oos,all,14.608428904502569,2024.0,EDI PESCADOR ALBANO ROSA,0.0,publica,matriculas_ano_anterior_proxy,True,14.608428904502569,True
2025,0431601,MATERNAL II,historical_share,oos_2025,oos,all,20.11916265746544,2024.0,CM LUÍS CARLOS DE OLIVEIRA CÂMARA,0.0,publica,matriculas_ano_anterior_proxy,True,20.11916265746544,True
2025,0431602,BERCARIO,historical_share,oos_2025,oos,all,112.19692635933067,2024.0,CM BARBOSA LIMA SOBRINHO,52.0,publica,matriculas_ano_anterior_proxy,True,60.196926359330675,True
2025,0431602,MATERNAL I,historical_share,oos_2025,oos,all,72.45694687793494,2024.0,CM BARBOSA LIMA SOBRINHO,68.0,publica,matriculas_ano_anterior_proxy,True,4.456946877934939,True
2025,0431602,MATERNAL II,historical_share,oos_2025,oos,all,29.406265585794948,2024.0,CM BARBOSA LIMA SOBRINHO,0.0,publica,matriculas_ano_anterior_proxy,True,29.406265585794948,True
2025,0431603,BERCARIO,historical_share,oos_2025,oos,all,85.59474452058451,2024.0,CM CHICO MENDES,23.0,publica,matriculas_ano_anterior_proxy,True,62.59474452058451,True
2025,0431603,MATERNAL I,historical_share,oos_2025,oos,all,55.53105914374656,2024.0,CM CHICO MENDES,45.0,publica,matriculas_ano_anterior_proxy,True,10.53105914374656,True
2025,0431603,MATERNAL II,historical_share,oos_2025,oos,all,10.360474347239904,2024.0,CM CHICO MENDES,0.0,publica,matriculas_ano_anterior_proxy,True,10.360474347239904,True
2025,0431604,BERCARIO,historical_share,oos_2025,oos,all,68.99065512278503,2024.0,CM CORAÇÃO DE GENEVE,25.0,publica,matriculas_ano_anterior_proxy,True,43.99065512278503,True
2025,0431604,MATERNAL I,historical_share,oos_2025,oos,all,46.47927645003878,2024.0,CM CORAÇÃO DE GENEVE,37.0,publica,matriculas_ano_anterior_proxy,True,9.479276450038782,True
2025,0431604,MATERNAL II,historical_share,oos_2025,oos,all,9.17028219084164,2024.0,CM CORAÇÃO DE GENEVE,0.0,publica,matriculas_ano_anterior_proxy,True,9.17028219084164,True
2025,0431605,BERCARIO,historical_share,oos_2025,oos,all,81.47161490766841,2024.0,CM SEMPRE VIDA DIQUE,26.0,publica,matriculas_ano_anterior_proxy,True,55.47161490766841,True
2025,0431605,MATERNAL I,historical_share,oos_2025,oos,all,46.51818357619819,2024.0,CM SEMPRE VIDA DIQUE,22.0,publica,matriculas_ano_anterior_proxy,True,24.51818357619819,True
2025,0431605,MATERNAL II,historical_share,oos_2025,oos,all,10.784718973829325,2024.0,CM SEMPRE VIDA DIQUE,0.0,publica,matriculas_ano_anterior_proxy,True,10.784718973829325,True
2025,0431606,MATERNAL I,historical_share,oos_2025,oos,all,74.18094154641224,2024.0,CM VISCONDE DE SABUGOSA,47.0,publica,matriculas_ano_anterior_proxy,True,27.180941546412242,True
2025,0431606,MATERNAL II,historical_share,oos_2025,oos,all,27.77697206902243,2024.0,CM VISCONDE DE SABUGOSA,0.0,publica,matriculas_ano_anterior_proxy,True,27.77697206902243,True
2025,0431607,MATERNAL I,historical_share,oos_2025,oos,all,7.119744412368269,2024.0,CM ACAUÃ,20.0,publica,matriculas_ano_anterior_proxy,True,-12.88025558763173,False
2025,0431607,MATERNAL II,historical_share,oos_2025,oos,all,12.467145949744632,2024.0,CM ACAUÃ,0.0,publica,matriculas_ano_anterior_proxy,True,12.467145949744632,True
2025,0431608,MATERNAL II,historical_share,oos_2025,oos,all,7.512218583076995,2024.0,CM ARI PIMENTEL,0.0,publica,matriculas_ano_anterior_proxy,True,7.512218583076995,True
2025,0431801,MATERNAL II,historical_share,oos_2025,oos,all,24.07565571688717,2024.0,EDI CARVALHO MOURÃO,0.0,publica,matriculas_ano_anterior_proxy,True,24.07565571688717,True
2025,0431802,MATERNAL I,historical_share,oos_2025,oos,all,26.51237653261401,2024.0,EDI PROFESSOR CARLOS FALSETH,50.0,publica,matriculas_ano_anterior_proxy,True,-23.48762346738599,False
2025,0431802,MATERNAL II,historical_share,oos_2025,oos,all,11.242818100842811,2024.0,EDI PROFESSOR CARLOS FALSETH,0.0,publica,matriculas_ano_anterior_proxy,True,11.242818100842811,True
2025,0431803,MATERNAL II,historical_share,oos_2025,oos,all,53.17644251992783,2024.0,EDI PROFESSOR EMMANUEL PEREIRA FILHO,0.0,publica,matriculas_ano_anterior_proxy,True,53.17644251992783,True
2025,05001,BERCARIO,historical_share,oos_2025,oos,all,42.13055409354604,2024.0,CP ASSOCIAÇÃO AMIGOS DA CRIANÇA - CRECHE ROCHA MIRANDA,35.0,parceira,matriculas_ano_anterior_proxy,True,7.1305540935460385,True
2025,05001,MATERNAL I,historical_share,oos_2025,oos,all,14.505082461376196,2024.0,CP ASSOCIAÇÃO AMIGOS DA CRIANÇA - CRECHE ROCHA MIRANDA,39.0,parceira,matriculas_ano_anterior_proxy,True,-24.494917538623802,False
2025,05001,MATERNAL II,historical_share,oos_2025,oos,all,4.758128629855871,2024.0,CP ASSOCIAÇÃO AMIGOS DA CRIANÇA - CRECHE ROCHA MIRANDA,40.0,parceira,matriculas_ano_anterior_proxy,True,-35.24187137014413,False
2025,05002,MATERNAL I,historical_share,oos_2025,oos,all,9.993735612452497,2024.0,CP CRECHE EFFATÁ,23.0,parceira,matriculas_ano_anterior_proxy,True,-13.006264387547503,False
2025,05002,MATERNAL II,historical_share,oos_2025,oos,all,2.285158972236243,2024.0,CP CRECHE EFFATÁ,28.0,parceira,matriculas_ano_anterior_proxy,True,-25.714841027763757,False
2025,05003,MATERNAL I,historical_share,oos_2025,oos,all,44.02710586790312,2024.0,CP CRECHE PINTINHO DOURADO,25.0,parceira,matriculas_ano_anterior_proxy,True,19.027105867903117,True
2025,05003,MATERNAL II,historical_share,oos_2025,oos,all,12.136931499848606,2024.0,CP CRECHE PINTINHO DOURADO,22.0,parceira,matriculas_ano_anterior_proxy,True,-9.863068500151394,False
2025,05004,MATERNAL I,historical_share,oos_2025,oos,all,13.414603245104344,2024.0,CP CRECHE CASULO SÃO RAFAEL ARCANJO,29.0,parceira,matriculas_ano_anterior_proxy,True,-15.585396754895656,False
2025,05004,MATERNAL II,historical_share,oos_2025,oos,all,1.9291973321864404,2024.0,CP CRECHE CASULO SÃO RAFAEL ARCANJO,22.0,parceira,matriculas_ano_anterior_proxy,True,-20.07080266781356,False
2025,05005,MATERNAL I,historical_share,oos_2025,oos,all,26.044843681218254,2024.0,CP CRECHE APÓSTOLO SÃO PEDRO,58.0,parceira,matriculas_ano_anterior_proxy,True,-31.955156318781746,False
2025,05005,MATERNAL II,historical_share,oos_2025,oos,all,7.3971954930318,2024.0,CP CRECHE APÓSTOLO SÃO PEDRO,40.0,parceira,matriculas_ano_anterior_proxy,True,-32.6028045069682,False
2025,05006,BERCARIO,historical_share,oos_2025,oos,all,64.128649712117,2024.0,CP CRECHE CARDEAL CÂMARA,36.0,parceira,matriculas_ano_anterior_proxy,True,28.128649712116996,True
2025,05006,MATERNAL I,historical_share,oos_2025,oos,all,44.05907004032096,2024.0,CP CRECHE CARDEAL CÂMARA,72.0,parceira,matriculas_ano_anterior_proxy,True,-27.94092995967904,False
2025,05006,MATERNAL II,historical_share,oos_2025,oos,all,13.003912439656318,2024.0,CP CRECHE CARDEAL CÂMARA,80.0,parceira,matriculas_ano_anterior_proxy,True,-66.99608756034368,False
2025,05007,MATERNAL I,historical_share,oos_2025,oos,all,7.2695858822201,2024.0,CP CENTRO COMUNITÁRIO FLOR DO AMANHÃ,26.0,parceira,matriculas_ano_anterior_proxy,True,-18.7304141177799,False
2025,05007,MATERNAL II,historical_share,oos_2025,oos,all,1.783454192840311,2024.0,CP CENTRO COMUNITÁRIO FLOR DO AMANHÃ,29.0,parceira,matriculas_ano_anterior_proxy,True,-27.21654580715969,False
2025,05008,BERCARIO,historical_share,oos_2025,oos,all,17.495621469681303,2024.0,CP ASSOCIAÇÃO HOUSE BABY - VILA KOSMOS,63.0,parceira,matriculas_ano_anterior_proxy,True,-45.5043785303187,False
2025,05008,MATERNAL I,historical_share,oos_2025,oos,all,10.290916299753514,2024.0,CP ASSOCIAÇÃO HOUSE BABY - VILA KOSMOS,24.0,parceira,matriculas_ano_anterior_proxy,True,-13.709083700246486,False
2025,05008,MATERNAL II,historical_share,oos_2025,oos,all,3.995739276244351,2024.0,CP ASSOCIAÇÃO HOUSE BABY - VILA KOSMOS,61.0,parceira,matriculas_ano_anterior_proxy,True,-57.00426072375565,False
2025,05009,BERCARIO,historical_share,oos_2025,oos,all,21.515099628552612,2024.0,CP ASSOCIAÇÃO CRECHE ESPERANÇA - IRAJÁ,48.0,parceira,matriculas_ano_anterior_proxy,True,-26.484900371447388,False
2025,05009,MATERNAL I,historical_share,oos_2025,oos,all,19.546026897083905,2024.0,CP ASSOCIAÇÃO CRECHE ESPERANÇA - IRAJÁ,93.0,parceira,matriculas_ano_anterior_proxy,True,-73.4539731029161,False
2025,05009,MATERNAL II,historical_share,oos_2025,oos,all,5.485089148897349,2024.0,CP ASSOCIAÇÃO CRECHE ESPERANÇA - IRAJÁ,84.0,parceira,matriculas_ano_anterior_proxy,True,-78.51491085110266,False
2025,05010,BERCARIO,historical_share,oos_2025,oos,all,46.39275231940343,2024.0,CP ASSOCIAÇÃO CENTRO EDUCACIONAL REBRAL VII,96.0,parceira,matriculas_ano_anterior_proxy,True,-49.60724768059657,False
2025,05010,MATERNAL I,historical_share,oos_2025,oos,all,36.05724798690507,2024.0,CP ASSOCIAÇÃO CENTRO EDUCACIONAL REBRAL VII,184.0,parceira,matriculas_ano_anterior_proxy,True,-147.94275201309495,False
2025,05010,MATERNAL II,historical_share,oos_2025,oos,all,6.890281368058958,2024.0,CP ASSOCIAÇÃO CENTRO EDUCACIONAL REBRAL VII,196.0,parceira,matriculas_ano_anterior_proxy,True,-189.10971863194104,False
2025,05012,BERCARIO,historical_share,oos_2025,oos,all,53.59409757702944,2024.0,CP ASSOCIAÇÃO CENTRO EDUCACIONAL REBRAL XI,27.0,parceira,matriculas_ano_anterior_proxy,True,26.594097577029437,True
2025,05012,MATERNAL I,historical_share,oos_2025,oos,all,37.95436888830669,2024.0,CP ASSOCIAÇÃO CENTRO EDUCACIONAL REBRAL XI,105.0,parceira,matriculas_ano_anterior_proxy,True,-67.04563111169331,False
2025,05012,MATERNAL II,historical_share,oos_2025,oos,all,8.322242541012344,2024.0,CP ASSOCIAÇÃO CENTRO EDUCACIONAL REBRAL XI,116.0,parceira,matriculas_ano_anterior_proxy,True,-107.67775745898766,False
2025,05013,MATERNAL I,historical_share,oos_2025,oos,all,14.403390515090017,2024.0,CP CENTRO EDUCACIONAL SOMAR,22.0,parceira,matriculas_ano_anterior_proxy,True,-7.596609484909983,False
2025,05013,MATERNAL II,historical_share,oos_2025,oos,all,5.654107909738046,2024.0,CP CENTRO EDUCACIONAL SOMAR,20.0,parceira,matriculas_ano_anterior_proxy,True,-14.345892090261955,False
2025,05014,BERCARIO,historical_share,oos_2025,oos,all,0.003554258029573,2024.0,CP AEMMAC - MARECHAL HERMES,0.0,parceira,matriculas_ano_anterior_proxy,True,0.003554258029573,True
2025,05014,MATERNAL I,historical_share,oos_2025,oos,all,35.17199634999431,2024.0,CP AEMMAC - MARECHAL HERMES,66.0,parceira,matriculas_ano_anterior_proxy,True,-30.82800365000569,False
2025,05014,MATERNAL II,historical_share,oos_2025,oos,all,11.814110867649964,2024.0,CP AEMMAC - MARECHAL HERMES,118.0,parceira,matriculas_ano_anterior_proxy,True,-106.18588913235004,False
2025,05015,BERCARIO,historical_share,oos_2025,oos,all,33.06758568646499,2024.0,CP AEMMAC - ROCHA MIRANDA,19.0,parceira,matriculas_ano_anterior_proxy,True,14.067585686464987,True
2025,05015,MATERNAL I,historical_share,oos_2025,oos,all,28.474656444603244,2024.0,CP AEMMAC - ROCHA MIRANDA,115.0,parceira,matriculas_ano_anterior_proxy,True,-86.52534355539676,False
2025,05015,MATERNAL II,historical_share,oos_2025,oos,all,7.244333943355138,2024.0,CP AEMMAC - ROCHA MIRANDA,113.0,parceira,matriculas_ano_anterior_proxy,True,-105.75566605664486,False
2025,05016,BERCARIO,historical_share,oos_2025,oos,all,39.18958609018256,2024.0,CP ASSOCIAÇÃO EDUCACIONAL E CULTURAL SÃO BERNARDO - CSB,18.0,parceira,matriculas_ano_anterior_proxy,True,21.18958609018256,True
2025,05016,MATERNAL I,historical_share,oos_2025,oos,all,20.47914411567444,2024.0,CP ASSOCIAÇÃO EDUCACIONAL E CULTURAL SÃO BERNARDO - CSB,95.0,parceira,matriculas_ano_anterior_proxy,True,-74.52085588432556,False
2025,05016,MATERNAL II,historical_share,oos_2025,oos,all,8.858775155890852,2024.0,CP ASSOCIAÇÃO EDUCACIONAL E CULTURAL SÃO BERNARDO - CSB,70.0,parceira,matriculas_ano_anterior_proxy,True,-61.141224844109146,False
2025,0514009,MATERNAL II,historical_share,oos_2025,oos,all,4.798006646956109,2024.0,EM MATO GROSSO,0.0,publica,matriculas_ano_anterior_proxy,True,4.798006646956109,True
2025,0514501,MATERNAL II,historical_share,oos_2025,oos,all,37.2494930001776,2024.0,CIEP DOM OSCAR ROMERO,0.0,publica,matriculas_ano_anterior_proxy,True,37.2494930001776,True
2025,0514601,MATERNAL I,historical_share,oos_2025,oos,all,87.95434756692869,2024.0,CM TIO SEBASTIÃO XAVIER,22.0,publica,matriculas_ano_anterior_proxy,True,65.95434756692869,True
2025,0514601,MATERNAL II,historical_share,oos_2025,oos,all,23.92705138915358,2024.0,CM TIO SEBASTIÃO XAVIER,43.0,publica,matriculas_ano_anterior_proxy,True,-19.07294861084642,False
2025,0514602,BERCARIO,historical_share,oos_2025,oos,all,380.49531182919526,2024.0,CM JECIÁ DE FREITAS FERREIRA,51.0,publica,matriculas_ano_anterior_proxy,True,329.49531182919526,True
2025,0514602,MATERNAL I,historical_share,oos_2025,oos,all,91.99300110194945,2024.0,CM JECIÁ DE FREITAS FERREIRA,49.0,publica,matriculas_ano_anterior_proxy,True,42.993001101949446,True
2025,0514602,MATERNAL II,historical_share,oos_2025,oos,all,43.25706677589857,2024.0,CM JECIÁ DE FREITAS FERREIRA,0.0,publica,matriculas_ano_anterior_proxy,True,43.25706677589857,True
2025,0514603,MATERNAL I,historical_share,oos_2025,oos,all,45.61615386736289,2024.0,CM AMÁLIA FERNANDEZ CONDE,27.0,publica,matriculas_ano_anterior_proxy,True,18.61615386736289,True
2025,0514603,MATERNAL II,historical_share,oos_2025,oos,all,19.352879633005024,2024.0,CM AMÁLIA FERNANDEZ CONDE,0.0,publica,matriculas_ano_anterior_proxy,True,19.352879633005024,True
2025,0514604,MATERNAL I,historical_share,oos_2025,oos,all,35.903554969307535,2024.0,CM ESTRELINHA DOURADA,23.0,publica,matriculas_ano_anterior_proxy,True,12.903554969307535,True
2025,0514604,MATERNAL II,historical_share,oos_2025,oos,all,14.005521054526874,2024.0,CM ESTRELINHA DOURADA,0.0,publica,matriculas_ano_anterior_proxy,True,14.005521054526874,True
2025,0514605,BERCARIO,historical_share,oos_2025,oos,all,72.96992819349381,2024.0,CM O SONHO DE RAMON PASCUAL,44.0,publica,matriculas_ano_anterior_proxy,True,28.969928193493814,True
2025,0514605,MATERNAL I,historical_share,oos_2025,oos,all,38.95352368440591,2024.0,CM O SONHO DE RAMON PASCUAL,40.0,publica,matriculas_ano_anterior_proxy,True,-1.0464763155940915,False
2025,0514605,MATERNAL II,historical_share,oos_2025,oos,all,14.135288162790983,2024.0,CM O SONHO DE RAMON PASCUAL,0.0,publica,matriculas_ano_anterior_proxy,True,14.135288162790983,True
2025,0514606,BERCARIO,historical_share,oos_2025,oos,all,56.00415642860784,2024.0,CM ACALANTO,41.0,publica,matriculas_ano_anterior_proxy,True,15.004156428607843,True
2025,0514606,MATERNAL I,historical_share,oos_2025,oos,all,42.10270071465941,2024.0,CM ACALANTO,41.0,publica,matriculas_ano_anterior_proxy,True,1.102700714659413,True
2025,0514606,MATERNAL II,historical_share,oos_2025,oos,all,20.55520837099583,2024.0,CM ACALANTO,0.0,publica,matriculas_ano_anterior_proxy,True,20.55520837099583,True
2025,0514607,BERCARIO,historical_share,oos_2025,oos,all,73.88726611112943,2024.0,CM SEMENTINHA,33.0,publica,matriculas_ano_anterior_proxy,True,40.887266111129435,True
2025,0514607,MATERNAL I,historical_share,oos_2025,oos,all,20.19556796125376,2024.0,CM SEMENTINHA,29.0,publica,matriculas_ano_anterior_proxy,True,-8.804432038746238,False
2025,0514607,MATERNAL II,historical_share,oos_2025,oos,all,9.489751253394624,2024.0,CM SEMENTINHA,0.0,publica,matriculas_ano_anterior_proxy,True,9.489751253394624,True
2025,0514608,BERCARIO,historical_share,oos_2025,oos,all,60.548572864949385,2024.0,CM JOSEPH BARBERA,25.0,publica,matriculas_ano_anterior_proxy,True,35.548572864949385,True
2025,0514608,MATERNAL I,historical_share,oos_2025,oos,all,43.30478730984228,2024.0,CM JOSEPH BARBERA,24.0,publica,matriculas_ano_anterior_proxy,True,19.304787309842283,True
2025,0514608,MATERNAL II,historical_share,oos_2025,oos,all,20.27767155739205,2024.0,CM JOSEPH BARBERA,0.0,publica,matriculas_ano_anterior_proxy,True,20.27767155739205,True
2025,0514609,BERCARIO,historical_share,oos_2025,oos,all,119.68301851907572,2024.0,CM PARQUE BOM MENINO,18.0,publica,matriculas_ano_anterior_proxy,True,101.68301851907572,True
2025,0514609,MATERNAL I,historical_share,oos_2025,oos,all,68.17303090297696,2024.0,CM PARQUE BOM MENINO,23.0,publica,matriculas_ano_anterior_proxy,True,45.17303090297696,True
2025,0514609,MATERNAL II,historical_share,oos_2025,oos,all,28.69276356507624,2024.0,CM PARQUE BOM MENINO,0.0,publica,matriculas_ano_anterior_proxy,True,28.69276356507624,True
2025,0514801,MATERNAL I,historical_share,oos_2025,oos,all,146.38971279626858,2024.0,EDI DEPUTADO PEDRO FERNANDES,38.0,publica,matriculas_ano_anterior_proxy,True,108.38971279626858,True
2025,0514801,MATERNAL II,historical_share,oos_2025,oos,all,56.67630265037521,2024.0,EDI DEPUTADO PEDRO FERNANDES,0.0,publica,matriculas_ano_anterior_proxy,True,56.67630265037521,True
2025,0514802,MATERNAL I,historical_share,oos_2025,oos,all,10.45981929297975,2024.0,EDI LUXEMBURGO,0.0,publica,matriculas_ano_anterior_proxy,True,10.45981929297975,True
2025,0514802,MATERNAL II,historical_share,oos_2025,oos,all,49.42025390281992,2024.0,EDI LUXEMBURGO,21.0,publica,matriculas_ano_anterior_proxy,True,28.420253902819923,True
2025,0514803,MATERNAL II,historical_share,oos_2025,oos,all,44.87521463695476,2024.0,EDI JOSÉ ALPOIM,0.0,publica,matriculas_ano_anterior_proxy,True,44.87521463695476,True
2025,0515015,MATERNAL II,historical_share,oos_2025,oos,all,51.98994636315284,2024.0,EM PADRE DEHON,0.0,publica,matriculas_ano_anterior_proxy,True,51.98994636315284,True
2025,0515021,MATERNAL II,historical_share,oos_2025,oos,all,50.456204806591394,2024.0,EM MOZART LAGO,0.0,publica,matriculas_ano_anterior_proxy,True,50.456204806591394,True
2025,0515046,MATERNAL II,historical_share,oos_2025,oos,all,41.006616322686114,2024.0,EM ADELMAR TAVARES,0.0,publica,matriculas_ano_anterior_proxy,True,41.006616322686114,True
2025,0515053,MATERNAL II,historical_share,oos_2025,oos,all,24.24718922350439,2024.0,EM SENADOR FRANCISCO GALLOTTI,0.0,publica,matriculas_ano_anterior_proxy,True,24.24718922350439,True
2025,0515064,MATERNAL II,historical_share,oos_2025,oos,all,13.536904697695704,2024.0,EM MESTRE DARCY DO JONGO,0.0,publica,matriculas_ano_anterior_proxy,True,13.536904697695704,True
2025,0515501,MATERNAL II,historical_share,oos_2025,oos,all,30.154408419718635,2024.0,CIEP AUGUSTO PINHEIRO DE CARVALHO,0.0,publica,matriculas_ano_anterior_proxy,True,30.154408419718635,True
2025,0515503,MATERNAL II,historical_share,oos_2025,oos,all,20.21918869322169,2024.0,CIEP METALÚRGICO BENEDITO CERQUEIRA,0.0,publica,matriculas_ano_anterior_proxy,True,20.21918869322169,True
2025,0515601,MATERNAL I,historical_share,oos_2025,oos,all,37.37834513054764,2024.0,CM OLGA BENÁRIO,16.0,publica,matriculas_ano_anterior_proxy,True,21.378345130547643,True
2025,0515601,MATERNAL II,historical_share,oos_2025,oos,all,15.384722554577566,2024.0,CM OLGA BENÁRIO,0.0,publica,matriculas_ano_anterior_proxy,True,15.384722554577566,True
2025,0515602,BERCARIO,historical_share,oos_2025,oos,all,167.32678042221968,2024.0,CM SÃO MIGUEL ARCANJO,49.0,publica,matriculas_ano_anterior_proxy,True,118.32678042221968,True
2025,0515602,MATERNAL I,historical_share,oos_2025,oos,all,49.87428412385512,2024.0,CM SÃO MIGUEL ARCANJO,49.0,publica,matriculas_ano_anterior_proxy,True,0.8742841238551193,True
2025,0515602,MATERNAL II,historical_share,oos_2025,oos,all,30.20894010087417,2024.0,CM SÃO MIGUEL ARCANJO,0.0,publica,matriculas_ano_anterior_proxy,True,30.20894010087417,True
2025,0515604,BERCARIO,historical_share,oos_2025,oos,all,109.66569124937348,2024.0,CM GERCINDA ROSA FONSECA,48.0,publica,matriculas_ano_anterior_proxy,True,61.66569124937348,True
2025,0515604,MATERNAL I,historical_share,oos_2025,oos,all,53.11565145798474,2024.0,CM GERCINDA ROSA FONSECA,50.0,publica,matriculas_ano_anterior_proxy,True,3.1156514579847396,True
2025,0515604,MATERNAL II,historical_share,oos_2025,oos,all,17.022566517848876,2024.0,CM GERCINDA ROSA FONSECA,0.0,publica,matriculas_ano_anterior_proxy,True,17.022566517848876,True
2025,0515605,BERCARIO,historical_share,oos_2025,oos,all,130.20684564941146,2024.0,CM JOSÉ RAIMUNDO DE SOUZA ALVES,49.0,publica,matriculas_ano_anterior_proxy,True,81.20684564941146,True
2025,0515605,MATERNAL I,historical_share,oos_2025,oos,all,36.67731394872842,2024.0,CM JOSÉ RAIMUNDO DE SOUZA ALVES,41.0,publica,matriculas_ano_anterior_proxy,True,-4.322686051271582,False
2025,0515605,MATERNAL II,historical_share,oos_2025,oos,all,22.40932889256127,2024.0,CM JOSÉ RAIMUNDO DE SOUZA ALVES,0.0,publica,matriculas_ano_anterior_proxy,True,22.40932889256127,True
2025,0515606,BERCARIO,historical_share,oos_2025,oos,all,115.9965626990322,2024.0,CM JOSUÉ DE CASTRO,26.0,publica,matriculas_ano_anterior_proxy,True,89.9965626990322,True
2025,0515606,MATERNAL I,historical_share,oos_2025,oos,all,85.64651713418212,2024.0,CM JOSUÉ DE CASTRO,25.0,publica,matriculas_ano_anterior_proxy,True,60.64651713418212,True
2025,0515606,MATERNAL II,historical_share,oos_2025,oos,all,27.24596395823541,2024.0,CM JOSUÉ DE CASTRO,0.0,publica,matriculas_ano_anterior_proxy,True,27.24596395823541,True
2025,0515607,MATERNAL I,historical_share,oos_2025,oos,all,202.5944997676276,2024.0,CM MANÉ GARRINCHA I,48.0,publica,matriculas_ano_anterior_proxy,True,154.5944997676276,True
2025,0515607,MATERNAL II,historical_share,oos_2025,oos,all,70.96519188043135,2024.0,CM MANÉ GARRINCHA I,0.0,publica,matriculas_ano_anterior_proxy,True,70.96519188043135,True
2025,0515608,BERCARIO,historical_share,oos_2025,oos,all,34.67149057497523,2024.0,CM MARIA JOSÉ DE PAULA DE JESUS,22.0,publica,matriculas_ano_anterior_proxy,True,12.67149057497523,True
2025,0515608,MATERNAL I,historical_share,oos_2025,oos,all,26.50002980834687,2024.0,CM MARIA JOSÉ DE PAULA DE JESUS,21.0,publica,matriculas_ano_anterior_proxy,True,5.50002980834687,True
2025,0515608,MATERNAL II,historical_share,oos_2025,oos,all,18.22262492650234,2024.0,CM MARIA JOSÉ DE PAULA DE JESUS,0.0,publica,matriculas_ano_anterior_proxy,True,18.22262492650234,True
2025,0515610,MATERNAL I,historical_share,oos_2025,oos,all,26.8443359538728,2024.0,CM SEMPRE VIDA PALMEIRINHA,23.0,publica,matriculas_ano_anterior_proxy,True,3.8443359538728004,True
2025,0515610,MATERNAL II,historical_share,oos_2025,oos,all,10.581650280290969,2024.0,CM SEMPRE VIDA PALMEIRINHA,0.0,publica,matriculas_ano_anterior_proxy,True,10.581650280290969,True
2025,0515611,BERCARIO,historical_share,oos_2025,oos,all,37.407812037191626,2024.0,CM VOVÓ MARIA JOANA,19.0,publica,matriculas_ano_anterior_proxy,True,18.407812037191626,True
2025,0515611,MATERNAL I,historical_share,oos_2025,oos,all,29.18290941244589,2024.0,CM VOVÓ MARIA JOANA,25.0,publica,matriculas_ano_anterior_proxy,True,4.182909412445891,True
2025,0515611,MATERNAL II,historical_share,oos_2025,oos,all,11.32647299451172,2024.0,CM VOVÓ MARIA JOANA,0.0,publica,matriculas_ano_anterior_proxy,True,11.32647299451172,True
2025,0515612,BERCARIO,historical_share,oos_2025,oos,all,30.35980716633725,2024.0,CM TIA MARIA DO JONGO,25.0,publica,matriculas_ano_anterior_proxy,True,5.3598071663372515,True
2025,0515612,MATERNAL I,historical_share,oos_2025,oos,all,29.79576100822007,2024.0,CM TIA MARIA DO JONGO,64.0,publica,matriculas_ano_anterior_proxy,True,-34.20423899177993,False
2025,0515612,MATERNAL II,historical_share,oos_2025,oos,all,6.050754756588352,2024.0,CM TIA MARIA DO JONGO,0.0,publica,matriculas_ano_anterior_proxy,True,6.050754756588352,True
2025,0515613,BERCARIO,historical_share,oos_2025,oos,all,84.27642012764579,2024.0,CM MANOEL DA ROCHA APRISCO,50.0,publica,matriculas_ano_anterior_proxy,True,34.27642012764579,True
2025,0515613,MATERNAL I,historical_share,oos_2025,oos,all,40.04244889354576,2024.0,CM MANOEL DA ROCHA APRISCO,45.0,publica,matriculas_ano_anterior_proxy,True,-4.95755110645424,False
2025,0515613,MATERNAL II,historical_share,oos_2025,oos,all,18.116621906847087,2024.0,CM MANOEL DA ROCHA APRISCO,0.0,publica,matriculas_ano_anterior_proxy,True,18.116621906847087,True
2025,0515801,BERCARIO,historical_share,oos_2025,oos,all,170.49724850883882,2024.0,EDI KARINE LORRAINE CHAGAS DE OLIVEIRA,25.0,publica,matriculas_ano_anterior_proxy,True,145.49724850883882,True
2025,0515801,MATERNAL I,historical_share,oos_2025,oos,all,147.937527855857,2024.0,EDI KARINE LORRAINE CHAGAS DE OLIVEIRA,23.0,publica,matriculas_ano_anterior_proxy,True,124.93752785585701,True
2025,0515801,MATERNAL II,historical_share,oos_2025,oos,all,79.8564426977896,2024.0,EDI KARINE LORRAINE CHAGAS DE OLIVEIRA,0.0,publica,matriculas_ano_anterior_proxy,True,79.8564426977896,True
2025,0515802,MATERNAL II,historical_share,oos_2025,oos,all,61.84251817939848,2024.0,EDI GUSTAVO LESSA,0.0,publica,matriculas_ano_anterior_proxy,True,61.84251817939848,True
2025,0515803,MATERNAL II,historical_share,oos_2025,oos,all,62.99956645277408,2024.0,EDI PIO XII,0.0,publica,matriculas_ano_anterior_proxy,True,62.99956645277408,True
2025,0515804,MATERNAL II,historical_share,oos_2025,oos,all,69.38375028612886,2024.0,EDI FERNÃO DIAS,0.0,publica,matriculas_ano_anterior_proxy,True,69.38375028612886,True
2025,0515805,MATERNAL II,historical_share,oos_2025,oos,all,56.73370709259736,2024.0,EDI ROCHA POMBO,0.0,publica,matriculas_ano_anterior_proxy,True,56.73370709259736,True
2025,0515807,BERCARIO,historical_share,oos_2025,oos,all,26.830444087653863,2024.0,EDI BURITI CONGONHAS,24.0,publica,matriculas_ano_anterior_proxy,True,2.830444087653863,True
2025,0515807,MATERNAL I,historical_share,oos_2025,oos,all,19.29044116036914,2024.0,EDI BURITI CONGONHAS,27.0,publica,matriculas_ano_anterior_proxy,True,-7.7095588396308585,False
2025,0515807,MATERNAL II,historical_share,oos_2025,oos,all,10.204927277814289,2024.0,EDI BURITI CONGONHAS,0.0,publica,matriculas_ano_anterior_proxy,True,10.204927277814289,True
2025,0515808,BERCARIO,historical_share,oos_2025,oos,all,32.87728728916605,2024.0,EDI GUARACIARA RODRIGUES DINIZ,24.0,publica,matriculas_ano_anterior_proxy,True,8.877287289166048,True
2025,0515808,MATERNAL I,historical_share,oos_2025,oos,all,17.916716880621543,2024.0,EDI GUARACIARA RODRIGUES DINIZ,26.0,publica,matriculas_ano_anterior_proxy,True,-8.083283119378457,False
2025,0515808,MATERNAL II,historical_share,oos_2025,oos,all,14.513336034039169,2024.0,EDI GUARACIARA RODRIGUES DINIZ,0.0,publica,matriculas_ano_anterior_proxy,True,14.513336034039169,True
2025,0515809,BERCARIO,historical_share,oos_2025,oos,all,302.52119169855155,2024.0,EDI PROFESSOR UBIRAJARA DE PAULA CASTRO,48.0,publica,matriculas_ano_anterior_proxy,True,254.52119169855155,True
2025,0515809,MATERNAL I,historical_share,oos_2025,oos,all,49.333432895243206,2024.0,EDI PROFESSOR UBIRAJARA DE PAULA CASTRO,69.0,publica,matriculas_ano_anterior_proxy,True,-19.666567104756794,False
2025,0515809,MATERNAL II,historical_share,oos_2025,oos,all,16.396313536137196,2024.0,EDI PROFESSOR UBIRAJARA DE PAULA CASTRO,0.0,publica,matriculas_ano_anterior_proxy,True,16.396313536137196,True
2025,0515810,BERCARIO,historical_share,oos_2025,oos,all,79.81659566813407,2024.0,EDI PROFESSORA TEREZINHA SARDOUX HENRIQUES,15.0,publica,matriculas_ano_anterior_proxy,True,64.81659566813407,True
2025,0515810,MATERNAL I,historical_share,oos_2025,oos,all,81.59316801606545,2024.0,EDI PROFESSORA TEREZINHA SARDOUX HENRIQUES,33.0,publica,matriculas_ano_anterior_proxy,True,48.59316801606545,True
2025,0515810,MATERNAL II,historical_share,oos_2025,oos,all,24.469888819788743,2024.0,EDI PROFESSORA TEREZINHA SARDOUX HENRIQUES,0.0,publica,matriculas_ano_anterior_proxy,True,24.469888819788743,True
2025,06001,MATERNAL I,historical_share,oos_2025,oos,all,27.15245967730757,2024.0,CP ESCOLA PATRONATO NOSSA SENHORA DE NAZARÉ,55.0,parceira,matriculas_ano_anterior_proxy,True,-27.84754032269243,False
2025,06001,MATERNAL II,historical_share,oos_2025,oos,all,6.538537095614068,2024.0,CP ESCOLA PATRONATO NOSSA SENHORA DE NAZARÉ,55.0,parceira,matriculas_ano_anterior_proxy,True,-48.46146290438593,False
2025,06002,BERCARIO,historical_share,oos_2025,oos,all,29.86912177706351,2024.0,CP CRECHE GUADALUPE,60.0,parceira,matriculas_ano_anterior_proxy,True,-30.13087822293649,False
2025,06002,MATERNAL I,historical_share,oos_2025,oos,all,5.612117661017511,2024.0,CP CRECHE GUADALUPE,54.0,parceira,matriculas_ano_anterior_proxy,True,-48.387882338982486,False
2025,06002,MATERNAL II,historical_share,oos_2025,oos,all,1.5405673528713717,2024.0,CP CRECHE GUADALUPE,56.0,parceira,matriculas_ano_anterior_proxy,True,-54.45943264712863,False
2025,06003,BERCARIO,historical_share,oos_2025,oos,all,23.5927129454392,2024.0,CP CRECHE NOSSO LAR,15.0,parceira,matriculas_ano_anterior_proxy,True,8.5927129454392,True
2025,06003,MATERNAL I,historical_share,oos_2025,oos,all,11.034181708805052,2024.0,CP CRECHE NOSSO LAR,40.0,parceira,matriculas_ano_anterior_proxy,True,-28.96581829119495,False
2025,06003,MATERNAL II,historical_share,oos_2025,oos,all,4.5530580425427205,2024.0,CP CRECHE NOSSO LAR,43.0,parceira,matriculas_ano_anterior_proxy,True,-38.44694195745728,False
2025,06004,BERCARIO,historical_share,oos_2025,oos,all,6.013906855895402,2024.0,CP CENTRO COMUNITÁRIO PARQUE UNIDOS DE ACARI,10.0,parceira,matriculas_ano_anterior_proxy,True,-3.986093144104598,False
2025,06004,MATERNAL I,historical_share,oos_2025,oos,all,11.47073259754913,2024.0,CP CENTRO COMUNITÁRIO PARQUE UNIDOS DE ACARI,33.0,parceira,matriculas_ano_anterior_proxy,True,-21.52926740245087,False
2025,06004,MATERNAL II,historical_share,oos_2025,oos,all,2.1267956441934115,2024.0,CP CENTRO COMUNITÁRIO PARQUE UNIDOS DE ACARI,41.0,parceira,matriculas_ano_anterior_proxy,True,-38.873204355806585,False
2025,06005,MATERNAL I,historical_share,oos_2025,oos,all,8.928682286088302,2024.0,CP CRECHE DON GUANELLA,22.0,parceira,matriculas_ano_anterior_proxy,True,-13.071317713911698,False
2025,06005,MATERNAL II,historical_share,oos_2025,oos,all,1.9870424625898588,2024.0,CP CRECHE DON GUANELLA,38.0,parceira,matriculas_ano_anterior_proxy,True,-36.01295753741014,False
2025,06006,MATERNAL I,historical_share,oos_2025,oos,all,11.615095703174717,2024.0,CP CRECHE ESCOLA COMUNITÁRIA TIO PATINHAS,25.0,parceira,matriculas_ano_anterior_proxy,True,-13.384904296825283,False
2025,06006,MATERNAL II,historical_share,oos_2025,oos,all,3.5266981874912933,2024.0,CP CRECHE ESCOLA COMUNITÁRIA TIO PATINHAS,64.0,parceira,matriculas_ano_anterior_proxy,True,-60.47330181250871,False
2025,06007,MATERNAL I,historical_share,oos_2025,oos,all,15.769212076711565,2024.0,CP CRECHE ABRINDO PORTAS,51.0,parceira,matriculas_ano_anterior_proxy,True,-35.23078792328843,False
2025,06007,MATERNAL II,historical_share,oos_2025,oos,all,3.5969252847639184,2024.0,CP CRECHE ABRINDO PORTAS,67.0,parceira,matriculas_ano_anterior_proxy,True,-63.40307471523608,False
2025,06009,MATERNAL I,historical_share,oos_2025,oos,all,36.74738005525393,2024.0,CP CENTRO EDUCACIONAL NOSSA SENHORA APARECIDA,139.0,parceira,matriculas_ano_anterior_proxy,True,-102.25261994474607,False
2025,06009,MATERNAL II,historical_share,oos_2025,oos,all,9.036512003309394,2024.0,CP CENTRO EDUCACIONAL NOSSA SENHORA APARECIDA,164.0,parceira,matriculas_ano_anterior_proxy,True,-154.96348799669062,False
2025,06012,BERCARIO,historical_share,oos_2025,oos,all,29.94809156129648,2024.0,CP ASSOCIAÇÃO CRESCÊNCIO,44.0,parceira,matriculas_ano_anterior_proxy,True,-14.05190843870352,False
2025,06012,MATERNAL I,historical_share,oos_2025,oos,all,11.290062596619956,2024.0,CP ASSOCIAÇÃO CRESCÊNCIO,44.0,parceira,matriculas_ano_anterior_proxy,True,-32.709937403380046,False
2025,06012,MATERNAL II,historical_share,oos_2025,oos,all,3.2804300433828604,2024.0,CP ASSOCIAÇÃO CRESCÊNCIO,44.0,parceira,matriculas_ano_anterior_proxy,True,-40.71956995661714,False
2025,06013,BERCARIO,historical_share,oos_2025,oos,all,16.104772988850517,2024.0,CP CRECHE COMUNITÁRIA AQUARELA,24.0,parceira,matriculas_ano_anterior_proxy,True,-7.895227011149483,False
2025,06013,MATERNAL I,historical_share,oos_2025,oos,all,20.40466599617081,2024.0,CP CRECHE COMUNITÁRIA AQUARELA,27.0,parceira,matriculas_ano_anterior_proxy,True,-6.5953340038291906,False
2025,06013,MATERNAL II,historical_share,oos_2025,oos,all,7.9565165431313885,2024.0,CP CRECHE COMUNITÁRIA AQUARELA,49.0,parceira,matriculas_ano_anterior_proxy,True,-41.043483456868614,False
2025,06015,BERCARIO,historical_share,oos_2025,oos,all,27.69713176536896,2024.0,CP AEMMAC - PAVUNA,60.0,parceira,matriculas_ano_anterior_proxy,True,-32.302868234631035,False
2025,06015,MATERNAL I,historical_share,oos_2025,oos,all,28.663072275556672,2024.0,CP AEMMAC - PAVUNA,129.0,parceira,matriculas_ano_anterior_proxy,True,-100.33692772444333,False
2025,06015,MATERNAL II,historical_share,oos_2025,oos,all,9.43770841155198,2024.0,CP AEMMAC - PAVUNA,162.0,parceira,matriculas_ano_anterior_proxy,True,-152.56229158844803,False
2025,06016,BERCARIO,historical_share,oos_2025,oos,all,22.17992264726993,2024.0,CP CRECHE NOSSO LAR II,47.0,parceira,matriculas_ano_anterior_proxy,True,-24.82007735273007,False
2025,06016,MATERNAL I,historical_share,oos_2025,oos,all,15.012758052979096,2024.0,CP CRECHE NOSSO LAR II,57.0,parceira,matriculas_ano_anterior_proxy,True,-41.987241947020905,False
2025,06016,MATERNAL II,historical_share,oos_2025,oos,all,6.9045269162903145,2024.0,CP CRECHE NOSSO LAR II,73.0,parceira,matriculas_ano_anterior_proxy,True,-66.09547308370969,False
2025,06017,BERCARIO,historical_share,oos_2025,oos,all,14.774110876489686,2024.0,CP CRECHE JOÃO E MARIA,12.0,parceira,matriculas_ano_anterior_proxy,True,2.7741108764896865,True
2025,06017,MATERNAL I,historical_share,oos_2025,oos,all,12.43437378981738,2024.0,CP CRECHE JOÃO E MARIA,13.0,parceira,matriculas_ano_anterior_proxy,True,-0.5656262101826197,False
2025,06017,MATERNAL II,historical_share,oos_2025,oos,all,5.763461695242888,2024.0,CP CRECHE JOÃO E MARIA,20.0,parceira,matriculas_ano_anterior_proxy,True,-14.236538304757111,False
2025,06018,BERCARIO,historical_share,oos_2025,oos,all,12.9880294691724,2024.0,CP ASSOCIAÇÃO CRECHE ESPERANÇA - COELHO NETO,13.0,parceira,matriculas_ano_anterior_proxy,True,-0.011970530827600356,False
2025,06018,MATERNAL I,historical_share,oos_2025,oos,all,10.147728247401252,2024.0,CP ASSOCIAÇÃO CRECHE ESPERANÇA - COELHO NETO,29.0,parceira,matriculas_ano_anterior_proxy,True,-18.852271752598746,False
2025,06018,MATERNAL II,historical_share,oos_2025,oos,all,6.753456518012756,2024.0,CP ASSOCIAÇÃO CRECHE ESPERANÇA - COELHO NETO,25.0,parceira,matriculas_ano_anterior_proxy,True,-18.246543481987246,False
2025,0622202,MATERNAL I,historical_share,oos_2025,oos,all,112.72742523307912,2024.0,CIEP GENERAL AUGUSTO CESAR SANDINO,68.0,publica,matriculas_ano_anterior_proxy,True,44.72742523307912,True
2025,0622202,MATERNAL II,historical_share,oos_2025,oos,all,55.71065292216574,2024.0,CIEP GENERAL AUGUSTO CESAR SANDINO,0.0,publica,matriculas_ano_anterior_proxy,True,55.71065292216574,True
2025,0622601,BERCARIO,historical_share,oos_2025,oos,all,67.64472113053974,2024.0,CM JOSÉ GOULART,25.0,publica,matriculas_ano_anterior_proxy,True,42.644721130539736,True
2025,0622601,MATERNAL I,historical_share,oos_2025,oos,all,52.15321456226647,2024.0,CM JOSÉ GOULART,25.0,publica,matriculas_ano_anterior_proxy,True,27.15321456226647,True
2025,0622601,MATERNAL II,historical_share,oos_2025,oos,all,32.30993884677794,2024.0,CM JOSÉ GOULART,0.0,publica,matriculas_ano_anterior_proxy,True,32.30993884677794,True
2025,0622602,BERCARIO,historical_share,oos_2025,oos,all,42.05577310496047,2024.0,CM SILVIO AMANCIO,22.0,publica,matriculas_ano_anterior_proxy,True,20.055773104960473,True
2025,0622602,MATERNAL I,historical_share,oos_2025,oos,all,40.09146158224797,2024.0,CM SILVIO AMANCIO,45.0,publica,matriculas_ano_anterior_proxy,True,-4.908538417752027,False
2025,0622602,MATERNAL II,historical_share,oos_2025,oos,all,19.2171370135751,2024.0,CM SILVIO AMANCIO,0.0,publica,matriculas_ano_anterior_proxy,True,19.2171370135751,True
2025,0622603,BERCARIO,historical_share,oos_2025,oos,all,55.12746847793133,2024.0,CM YARA AMARAL,25.0,publica,matriculas_ano_anterior_proxy,True,30.12746847793133,True
2025,0622603,MATERNAL I,historical_share,oos_2025,oos,all,82.28988660079541,2024.0,CM YARA AMARAL,25.0,publica,matriculas_ano_anterior_proxy,True,57.28988660079541,True
2025,0622603,MATERNAL II,historical_share,oos_2025,oos,all,39.38116763568946,2024.0,CM YARA AMARAL,48.0,publica,matriculas_ano_anterior_proxy,True,-8.618832364310542,False
2025,0622801,MATERNAL I,historical_share,oos_2025,oos,all,142.7658796042502,2024.0,EDI ERNANI CARDOSO,26.0,publica,matriculas_ano_anterior_proxy,True,116.76587960425019,True
2025,0622801,MATERNAL II,historical_share,oos_2025,oos,all,97.60023170060958,2024.0,EDI ERNANI CARDOSO,25.0,publica,matriculas_ano_anterior_proxy,True,72.60023170060958,True
2025,0622802,MATERNAL II,historical_share,oos_2025,oos,all,43.7286567391132,2024.0,EDI PROFESSORA MILTOLINA DA SILVA,0.0,publica,matriculas_ano_anterior_proxy,True,43.7286567391132,True
2025,0622804,BERCARIO,historical_share,oos_2025,oos,all,115.888971128479,2024.0,EDI MEDALHISTA PARALÍMPICO DANIEL MARTINS,47.0,publica,matriculas_ano_anterior_proxy,True,68.888971128479,True
2025,0622804,MATERNAL I,historical_share,oos_2025,oos,all,92.42280991177138,2024.0,EDI MEDALHISTA PARALÍMPICO DANIEL MARTINS,45.0,publica,matriculas_ano_anterior_proxy,True,47.42280991177138,True
2025,0622804,MATERNAL II,historical_share,oos_2025,oos,all,52.22934650882205,2024.0,EDI MEDALHISTA PARALÍMPICO DANIEL MARTINS,0.0,publica,matriculas_ano_anterior_proxy,True,52.22934650882205,True
2025,0622805,BERCARIO,historical_share,oos_2025,oos,all,65.35534951385388,2024.0,EDI MEDALHISTA OLÍMPICO MAURÍCIO LUIZ DE SOUZA,23.0,publica,matriculas_ano_anterior_proxy,True,42.35534951385388,True
2025,0622805,MATERNAL I,historical_share,oos_2025,oos,all,66.19771479586406,2024.0,EDI MEDALHISTA OLÍMPICO MAURÍCIO LUIZ DE SOUZA,24.0,publica,matriculas_ano_anterior_proxy,True,42.19771479586406,True
2025,0622805,MATERNAL II,historical_share,oos_2025,oos,all,44.93771028638524,2024.0,EDI MEDALHISTA OLÍMPICO MAURÍCIO LUIZ DE SOUZA,0.0,publica,matriculas_ano_anterior_proxy,True,44.93771028638524,True
2025,0622810,MATERNAL II,historical_share,oos_2025,oos,all,13.806755662263097,2024.0,EDI ANTÔNIO FRANCISCO LISBOA,0.0,publica,matriculas_ano_anterior_proxy,True,13.806755662263097,True
2025,0625601,BERCARIO,historical_share,oos_2025,oos,all,54.448969190772544,2024.0,CM OS SABIDINHOS,23.0,publica,matriculas_ano_anterior_proxy,True,31.448969190772544,True
2025,0625601,MATERNAL I,historical_share,oos_2025,oos,all,33.84108456007733,2024.0,CM OS SABIDINHOS,25.0,publica,matriculas_ano_anterior_proxy,True,8.841084560077327,True
2025,0625601,MATERNAL II,historical_share,oos_2025,oos,all,11.995636594533874,2024.0,CM OS SABIDINHOS,20.0,publica,matriculas_ano_anterior_proxy,True,-8.004363405466126,False
2025,0625602,BERCARIO,historical_share,oos_2025,oos,all,27.939505514868337,2024.0,CM PROFESSORA JUREMA GOMES SAMPAIO DELFIM,25.0,publica,matriculas_ano_anterior_proxy,True,2.939505514868337,True
2025,0625602,MATERNAL I,historical_share,oos_2025,oos,all,10.52631452148211,2024.0,CM PROFESSORA JUREMA GOMES SAMPAIO DELFIM,49.0,publica,matriculas_ano_anterior_proxy,True,-38.47368547851789,False
2025,0625602,MATERNAL II,historical_share,oos_2025,oos,all,7.677102648548431,2024.0,CM PROFESSORA JUREMA GOMES SAMPAIO DELFIM,0.0,publica,matriculas_ano_anterior_proxy,True,7.677102648548431,True
2025,0625603,BERCARIO,historical_share,oos_2025,oos,all,55.14903615689589,2024.0,CM DR. ALBERT SABIN,21.0,publica,matriculas_ano_anterior_proxy,True,34.14903615689589,True
2025,0625603,MATERNAL I,historical_share,oos_2025,oos,all,24.21089695747347,2024.0,CM DR. ALBERT SABIN,22.0,publica,matriculas_ano_anterior_proxy,True,2.2108969574734694,True
2025,0625603,MATERNAL II,historical_share,oos_2025,oos,all,15.234440321023149,2024.0,CM DR. ALBERT SABIN,0.0,publica,matriculas_ano_anterior_proxy,True,15.234440321023149,True
2025,0625604,BERCARIO,historical_share,oos_2025,oos,all,197.4462801764039,2024.0,CM HERBERT DE SOUZA - BETINHO,50.0,publica,matriculas_ano_anterior_proxy,True,147.4462801764039,True
2025,0625604,MATERNAL I,historical_share,oos_2025,oos,all,106.55407196528438,2024.0,CM HERBERT DE SOUZA - BETINHO,73.0,publica,matriculas_ano_anterior_proxy,True,33.55407196528438,True
2025,0625604,MATERNAL II,historical_share,oos_2025,oos,all,61.20658450502423,2024.0,CM HERBERT DE SOUZA - BETINHO,0.0,publica,matriculas_ano_anterior_proxy,True,61.20658450502423,True
2025,0625605,BERCARIO,historical_share,oos_2025,oos,all,46.84536260989308,2024.0,CM LUÍS CARLOS PRESTES,24.0,publica,matriculas_ano_anterior_proxy,True,22.84536260989308,True
2025,0625605,MATERNAL I,historical_share,oos_2025,oos,all,34.95668006572908,2024.0,CM LUÍS CARLOS PRESTES,43.0,publica,matriculas_ano_anterior_proxy,True,-8.043319934270919,False
2025,0625605,MATERNAL II,historical_share,oos_2025,oos,all,20.270970939371136,2024.0,CM LUÍS CARLOS PRESTES,0.0,publica,matriculas_ano_anterior_proxy,True,20.270970939371136,True
2025,0625606,BERCARIO,historical_share,oos_2025,oos,all,32.40283786486586,2024.0,CM LUÍS DE SOUZA DA COSTA BARROS,47.0,publica,matriculas_ano_anterior_proxy,True,-14.597162135134141,False
2025,0625606,MATERNAL I,historical_share,oos_2025,oos,all,17.09116560631674,2024.0,CM LUÍS DE SOUZA DA COSTA BARROS,47.0,publica,matriculas_ano_anterior_proxy,True,-29.90883439368326,False
2025,0625606,MATERNAL II,historical_share,oos_2025,oos,all,7.899374870885393,2024.0,CM LUÍS DE SOUZA DA COSTA BARROS,0.0,publica,matriculas_ano_anterior_proxy,True,7.899374870885393,True
2025,0625607,BERCARIO,historical_share,oos_2025,oos,all,40.64095681628128,2024.0,CM LUIZA DE BARROS DE SÁ FREIRE,25.0,publica,matriculas_ano_anterior_proxy,True,15.640956816281282,True
2025,0625607,MATERNAL I,historical_share,oos_2025,oos,all,28.568651330864935,2024.0,CM LUIZA DE BARROS DE SÁ FREIRE,50.0,publica,matriculas_ano_anterior_proxy,True,-21.431348669135065,False
2025,0625607,MATERNAL II,historical_share,oos_2025,oos,all,14.213128042664067,2024.0,CM LUIZA DE BARROS DE SÁ FREIRE,0.0,publica,matriculas_ano_anterior_proxy,True,14.213128042664067,True
2025,0625608,MATERNAL I,historical_share,oos_2025,oos,all,86.81391060455586,2024.0,CM MAJOR CELESTINO R. DOS SANTOS,25.0,publica,matriculas_ano_anterior_proxy,True,61.81391060455586,True
2025,0625608,MATERNAL II,historical_share,oos_2025,oos,all,41.43094916189948,2024.0,CM MAJOR CELESTINO R. DOS SANTOS,23.0,publica,matriculas_ano_anterior_proxy,True,18.430949161899477,True
2025,0625609,MATERNAL I,historical_share,oos_2025,oos,all,43.23326975095762,2024.0,CM SÔNIA MARIA DE M. ANGEL JONES,50.0,publica,matriculas_ano_anterior_proxy,True,-6.766730249042382,False
2025,0625609,MATERNAL II,historical_share,oos_2025,oos,all,18.439887979633934,2024.0,CM SÔNIA MARIA DE M. ANGEL JONES,0.0,publica,matriculas_ano_anterior_proxy,True,18.439887979633934,True
2025,0625610,MATERNAL I,historical_share,oos_2025,oos,all,59.14749648046219,2024.0,CM ZUZU ANGEL,23.0,publica,matriculas_ano_anterior_proxy,True,36.14749648046219,True
2025,0625610,MATERNAL II,historical_share,oos_2025,oos,all,28.67389551181373,2024.0,CM ZUZU ANGEL,0.0,publica,matriculas_ano_anterior_proxy,True,28.67389551181373,True
2025,0625611,BERCARIO,historical_share,oos_2025,oos,all,79.46805200037892,2024.0,CM ZILKA SALABERRY,26.0,publica,matriculas_ano_anterior_proxy,True,53.46805200037892,True
2025,0625611,MATERNAL I,historical_share,oos_2025,oos,all,61.552170409884106,2024.0,CM ZILKA SALABERRY,50.0,publica,matriculas_ano_anterior_proxy,True,11.552170409884106,True
2025,0625611,MATERNAL II,historical_share,oos_2025,oos,all,22.403957910265664,2024.0,CM ZILKA SALABERRY,51.0,publica,matriculas_ano_anterior_proxy,True,-28.596042089734336,False
2025,0625612,BERCARIO,historical_share,oos_2025,oos,all,140.6435293062984,2024.0,CM YEDDA MARQUES LAMOUNIER DE ANDRADE MACIEL,50.0,publica,matriculas_ano_anterior_proxy,True,90.6435293062984,True
2025,0625612,MATERNAL I,historical_share,oos_2025,oos,all,47.5399740878493,2024.0,CM YEDDA MARQUES LAMOUNIER DE ANDRADE MACIEL,46.0,publica,matriculas_ano_anterior_proxy,True,1.539974087849302,True
2025,0625612,MATERNAL II,historical_share,oos_2025,oos,all,14.598344568102997,2024.0,CM YEDDA MARQUES LAMOUNIER DE ANDRADE MACIEL,0.0,publica,matriculas_ano_anterior_proxy,True,14.598344568102997,True
2025,0625614,BERCARIO,historical_share,oos_2025,oos,all,126.374055277544,2024.0,CM SIMONE DE BEAUVOIR,50.0,publica,matriculas_ano_anterior_proxy,True,76.374055277544,True
2025,0625614,MATERNAL I,historical_share,oos_2025,oos,all,42.50851340159538,2024.0,CM SIMONE DE BEAUVOIR,75.0,publica,matriculas_ano_anterior_proxy,True,-32.49148659840462,False
2025,0625614,MATERNAL II,historical_share,oos_2025,oos,all,12.28436996658388,2024.0,CM SIMONE DE BEAUVOIR,0.0,publica,matriculas_ano_anterior_proxy,True,12.28436996658388,True
2025,0625615,BERCARIO,historical_share,oos_2025,oos,all,95.47838286747472,2024.0,CM EDNA LOTTE,23.0,publica,matriculas_ano_anterior_proxy,True,72.47838286747472,True
2025,0625615,MATERNAL I,historical_share,oos_2025,oos,all,65.20629123520595,2024.0,CM EDNA LOTTE,25.0,publica,matriculas_ano_anterior_proxy,True,40.20629123520595,True
2025,0625615,MATERNAL II,historical_share,oos_2025,oos,all,24.503660553923925,2024.0,CM EDNA LOTTE,25.0,publica,matriculas_ano_anterior_proxy,True,-0.4963394460760746,False
2025,0625616,MATERNAL I,historical_share,oos_2025,oos,all,44.79803844396655,2024.0,CM PROFESSOR ROGÉRIO PEDRO BATISTA,50.0,publica,matriculas_ano_anterior_proxy,True,-5.201961556033453,False
2025,0625616,MATERNAL II,historical_share,oos_2025,oos,all,25.489226683657343,2024.0,CM PROFESSOR ROGÉRIO PEDRO BATISTA,0.0,publica,matriculas_ano_anterior_proxy,True,25.489226683657343,True
2025,0625801,BERCARIO,historical_share,oos_2025,oos,all,47.968930634846046,2024.0,EDI PROFESSORA ROSENICE ROCHA ROQUE,24.0,publica,matriculas_ano_anterior_proxy,True,23.968930634846046,True
2025,0625801,MATERNAL I,historical_share,oos_2025,oos,all,31.51670965100149,2024.0,EDI PROFESSORA ROSENICE ROCHA ROQUE,22.0,publica,matriculas_ano_anterior_proxy,True,9.516709651001491,True
2025,0625801,MATERNAL II,historical_share,oos_2025,oos,all,24.142513819065563,2024.0,EDI PROFESSORA ROSENICE ROCHA ROQUE,0.0,publica,matriculas_ano_anterior_proxy,True,24.142513819065563,True
2025,0625802,BERCARIO,historical_share,oos_2025,oos,all,47.07009738833977,2024.0,EDI WESLEY GUILBER RODRIGUES DE ANDRADE,25.0,publica,matriculas_ano_anterior_proxy,True,22.070097388339768,True
2025,0625802,MATERNAL I,historical_share,oos_2025,oos,all,33.47810058283136,2024.0,EDI WESLEY GUILBER RODRIGUES DE ANDRADE,47.0,publica,matriculas_ano_anterior_proxy,True,-13.52189941716864,False
2025,0625802,MATERNAL II,historical_share,oos_2025,oos,all,16.91389484464105,2024.0,EDI WESLEY GUILBER RODRIGUES DE ANDRADE,0.0,publica,matriculas_ano_anterior_proxy,True,16.91389484464105,True
2025,0625803,BERCARIO,historical_share,oos_2025,oos,all,61.299102442483466,2024.0,EDI PROFESSORA BEATRIZ DE SOUZA MADEIRA,50.0,publica,matriculas_ano_anterior_proxy,True,11.299102442483466,True
2025,0625803,MATERNAL I,historical_share,oos_2025,oos,all,26.25494428318772,2024.0,EDI PROFESSORA BEATRIZ DE SOUZA MADEIRA,48.0,publica,matriculas_ano_anterior_proxy,True,-21.74505571681228,False
2025,0625803,MATERNAL II,historical_share,oos_2025,oos,all,16.782524035510903,2024.0,EDI PROFESSORA BEATRIZ DE SOUZA MADEIRA,0.0,publica,matriculas_ano_anterior_proxy,True,16.782524035510903,True
2025,0625804,BERCARIO,historical_share,oos_2025,oos,all,48.16129641483544,2024.0,EDI PROFESSORA HELIA LÚCIA MORENO FERREIRA,25.0,publica,matriculas_ano_anterior_proxy,True,23.16129641483544,True
2025,0625804,MATERNAL I,historical_share,oos_2025,oos,all,32.3671546161408,2024.0,EDI PROFESSORA HELIA LÚCIA MORENO FERREIRA,46.0,publica,matriculas_ano_anterior_proxy,True,-13.632845383859198,False
2025,0625804,MATERNAL II,historical_share,oos_2025,oos,all,13.385901712741774,2024.0,EDI PROFESSORA HELIA LÚCIA MORENO FERREIRA,0.0,publica,matriculas_ano_anterior_proxy,True,13.385901712741774,True
2025,0625807,MATERNAL II,historical_share,oos_2025,oos,all,32.069670084839125,2024.0,EDI FROTA PESSOA,0.0,publica,matriculas_ano_anterior_proxy,True,32.069670084839125,True
2025,0625813,MATERNAL II,historical_share,oos_2025,oos,all,7.12177119945746,2024.0,EDI PROFESSORA GRACÍLIA ROSA DE BELÉM MAYOR,0.0,publica,matriculas_ano_anterior_proxy,True,7.12177119945746,True
2025,0625814,BERCARIO,historical_share,oos_2025,oos,all,39.093907664980186,2024.0,EDI PROFESSORA ROSEANE VASCONCELOS,24.0,publica,matriculas_ano_anterior_proxy,True,15.093907664980186,True
2025,0625814,MATERNAL I,historical_share,oos_2025,oos,all,28.567884766247,2024.0,EDI PROFESSORA ROSEANE VASCONCELOS,42.0,publica,matriculas_ano_anterior_proxy,True,-13.432115233752999,False
2025,0625814,MATERNAL II,historical_share,oos_2025,oos,all,24.123099809231128,2024.0,EDI PROFESSORA ROSEANE VASCONCELOS,0.0,publica,matriculas_ano_anterior_proxy,True,24.123099809231128,True
2025,0625815,BERCARIO,historical_share,oos_2025,oos,all,59.40900428346487,2024.0,EDI PROFESSORA KRISTINA ROMOLO KIFFER,24.0,publica,matriculas_ano_anterior_proxy,True,35.40900428346487,True
2025,0625815,MATERNAL I,historical_share,oos_2025,oos,all,28.555614951961196,2024.0,EDI PROFESSORA KRISTINA ROMOLO KIFFER,45.0,publica,matriculas_ano_anterior_proxy,True,-16.444385048038804,False
2025,0625815,MATERNAL II,historical_share,oos_2025,oos,all,15.046235612897394,2024.0,EDI PROFESSORA KRISTINA ROMOLO KIFFER,0.0,publica,matriculas_ano_anterior_proxy,True,15.046235612897394,True
2025,0625816,BERCARIO,historical_share,oos_2025,oos,all,81.63920939196004,2024.0,EDI PROFESSORA REGINA CELI RABELO DE ALMEIDA,25.0,publica,matriculas_ano_anterior_proxy,True,56.63920939196004,True
2025,0625816,MATERNAL I,historical_share,oos_2025,oos,all,52.81466805503326,2024.0,EDI PROFESSORA REGINA CELI RABELO DE ALMEIDA,23.0,publica,matriculas_ano_anterior_proxy,True,29.81466805503326,True
2025,0625816,MATERNAL II,historical_share,oos_2025,oos,all,25.093783279202228,2024.0,EDI PROFESSORA REGINA CELI RABELO DE ALMEIDA,22.0,publica,matriculas_ano_anterior_proxy,True,3.0937832792022277,True
2025,0625817,BERCARIO,historical_share,oos_2025,oos,all,67.9061455368174,2024.0,EDI PROFESSORA DANIELE SIMÕES DE SOUZA LOPES,50.0,publica,matriculas_ano_anterior_proxy,True,17.906145536817405,True
2025,0625817,MATERNAL I,historical_share,oos_2025,oos,all,32.58995380430202,2024.0,EDI PROFESSORA DANIELE SIMÕES DE SOUZA LOPES,47.0,publica,matriculas_ano_anterior_proxy,True,-14.41004619569798,False
2025,0625817,MATERNAL II,historical_share,oos_2025,oos,all,16.639040117863352,2024.0,EDI PROFESSORA DANIELE SIMÕES DE SOUZA LOPES,0.0,publica,matriculas_ano_anterior_proxy,True,16.639040117863352,True
2025,0625818,BERCARIO,historical_share,oos_2025,oos,all,61.24269251273886,2024.0,EDI MARIA EUGENIA CANELHAS,25.0,publica,matriculas_ano_anterior_proxy,True,36.24269251273886,True
2025,0625818,MATERNAL I,historical_share,oos_2025,oos,all,41.7327599641089,2024.0,EDI MARIA EUGENIA CANELHAS,25.0,publica,matriculas_ano_anterior_proxy,True,16.7327599641089,True
2025,0625818,MATERNAL II,historical_share,oos_2025,oos,all,30.98810978258536,2024.0,EDI MARIA EUGENIA CANELHAS,0.0,publica,matriculas_ano_anterior_proxy,True,30.98810978258536,True
2025,0625819,BERCARIO,historical_share,oos_2025,oos,all,67.22829834568198,2024.0,EDI MARIZA ALVES PIMENTA,48.0,publica,matriculas_ano_anterior_proxy,True,19.228298345681978,True
2025,0625819,MATERNAL I,historical_share,oos_2025,oos,all,55.72876724906137,2024.0,EDI MARIZA ALVES PIMENTA,46.0,publica,matriculas_ano_anterior_proxy,True,9.72876724906137,True
2025,0625819,MATERNAL II,historical_share,oos_2025,oos,all,26.74058271101681,2024.0,EDI MARIZA ALVES PIMENTA,0.0,publica,matriculas_ano_anterior_proxy,True,26.74058271101681,True
2025,0625820,BERCARIO,historical_share,oos_2025,oos,all,67.78269305276154,2024.0,EDI BETH CARVALHO,74.0,publica,matriculas_ano_anterior_proxy,True,-6.2173069472384555,False
2025,0625820,MATERNAL I,historical_share,oos_2025,oos,all,22.258381647354973,2024.0,EDI BETH CARVALHO,69.0,publica,matriculas_ano_anterior_proxy,True,-46.74161835264503,False
2025,0625820,MATERNAL II,historical_share,oos_2025,oos,all,7.945440716643334,2024.0,EDI BETH CARVALHO,0.0,publica,matriculas_ano_anterior_proxy,True,7.945440716643334,True
2025,07001,BERCARIO,historical_share,oos_2025,oos,all,24.463118076825285,2024.0,CP CRECHE NOVO PALMARES,44.0,parceira,matriculas_ano_anterior_proxy,True,-19.536881923174715,False
2025,07001,MATERNAL I,historical_share,oos_2025,oos,all,11.537002459206676,2024.0,CP CRECHE NOVO PALMARES,48.0,parceira,matriculas_ano_anterior_proxy,True,-36.462997540793324,False
2025,07001,MATERNAL II,historical_share,oos_2025,oos,all,9.23116968594854,2024.0,CP CRECHE NOVO PALMARES,49.0,parceira,matriculas_ano_anterior_proxy,True,-39.768830314051456,False
2025,07002,BERCARIO,historical_share,oos_2025,oos,all,24.328105118572186,2024.0,CP CRECHE CANTINHO FELIZ,19.0,parceira,matriculas_ano_anterior_proxy,True,5.328105118572186,True
2025,07002,MATERNAL I,historical_share,oos_2025,oos,all,8.288515019280085,2024.0,CP CRECHE CANTINHO FELIZ,41.0,parceira,matriculas_ano_anterior_proxy,True,-32.711484980719916,False
2025,07002,MATERNAL II,historical_share,oos_2025,oos,all,6.408493636302024,2024.0,CP CRECHE CANTINHO FELIZ,52.0,parceira,matriculas_ano_anterior_proxy,True,-45.591506363697974,False
2025,07003,BERCARIO,historical_share,oos_2025,oos,all,82.20158374942348,2024.0,CP CRECHE ESCOLA MÃE ASTÉRIA,80.0,parceira,matriculas_ano_anterior_proxy,True,2.2015837494234773,True
2025,07003,MATERNAL I,historical_share,oos_2025,oos,all,35.75848691966643,2024.0,CP CRECHE ESCOLA MÃE ASTÉRIA,102.0,parceira,matriculas_ano_anterior_proxy,True,-66.24151308033356,False
2025,07003,MATERNAL II,historical_share,oos_2025,oos,all,14.666380458285872,2024.0,CP CRECHE ESCOLA MÃE ASTÉRIA,123.0,parceira,matriculas_ano_anterior_proxy,True,-108.33361954171413,False
2025,07004,MATERNAL I,historical_share,oos_2025,oos,all,25.685930135830336,2024.0,CP CASA EMILIEN LACAY,72.0,parceira,matriculas_ano_anterior_proxy,True,-46.31406986416967,False
2025,07004,MATERNAL II,historical_share,oos_2025,oos,all,5.48244357000101,2024.0,CP CASA EMILIEN LACAY,72.0,parceira,matriculas_ano_anterior_proxy,True,-66.51755642999899,False
2025,07007,MATERNAL I,historical_share,oos_2025,oos,all,20.68619061878801,2024.0,CP SEMENTE DE AMOR,58.0,parceira,matriculas_ano_anterior_proxy,True,-37.31380938121199,False
2025,07007,MATERNAL II,historical_share,oos_2025,oos,all,3.529821759847286,2024.0,CP SEMENTE DE AMOR,59.0,parceira,matriculas_ano_anterior_proxy,True,-55.47017824015271,False
2025,07008,MATERNAL I,historical_share,oos_2025,oos,all,6.892993459793707,2024.0,CP CRECHE SÃO PAULO APÓSTOLO,36.0,parceira,matriculas_ano_anterior_proxy,True,-29.107006540206292,False
2025,07008,MATERNAL II,historical_share,oos_2025,oos,all,4.651503296025608,2024.0,CP CRECHE SÃO PAULO APÓSTOLO,24.0,parceira,matriculas_ano_anterior_proxy,True,-19.34849670397439,False
2025,07010,MATERNAL I,historical_share,oos_2025,oos,all,15.277955128628207,2024.0,CP CRECHE NOVA ESPERANÇA,40.0,parceira,matriculas_ano_anterior_proxy,True,-24.722044871371793,False
2025,07010,MATERNAL II,historical_share,oos_2025,oos,all,3.613820631917699,2024.0,CP CRECHE NOVA ESPERANÇA,41.0,parceira,matriculas_ano_anterior_proxy,True,-37.3861793680823,False
2025,07011,MATERNAL I,historical_share,oos_2025,oos,all,25.431959215218587,2024.0,CP CRECHE RITA ALEXANDRINA FERREIRA,76.0,parceira,matriculas_ano_anterior_proxy,True,-50.56804078478142,False
2025,07011,MATERNAL II,historical_share,oos_2025,oos,all,5.22966044049326,2024.0,CP CRECHE RITA ALEXANDRINA FERREIRA,88.0,parceira,matriculas_ano_anterior_proxy,True,-82.77033955950674,False
2025,07013,BERCARIO,historical_share,oos_2025,oos,all,74.52038689566002,2024.0,CP ESPAÇO DE EDUCAÇÃO INFANTIL CIDADE DE DEUS,61.0,parceira,matriculas_ano_anterior_proxy,True,13.520386895660025,True
2025,07013,MATERNAL I,historical_share,oos_2025,oos,all,14.689720929122132,2024.0,CP ESPAÇO DE EDUCAÇÃO INFANTIL CIDADE DE DEUS,58.0,parceira,matriculas_ano_anterior_proxy,True,-43.31027907087787,False
2025,07013,MATERNAL II,historical_share,oos_2025,oos,all,2.1025535083367988,2024.0,CP ESPAÇO DE EDUCAÇÃO INFANTIL CIDADE DE DEUS,68.0,parceira,matriculas_ano_anterior_proxy,True,-65.8974464916632,False
2025,07014,BERCARIO,historical_share,oos_2025,oos,all,37.179010903412944,2024.0,CP CENTRO INTEGRADO SÃO JOSÉ,24.0,parceira,matriculas_ano_anterior_proxy,True,13.179010903412944,True
2025,07014,MATERNAL I,historical_share,oos_2025,oos,all,19.04637114838749,2024.0,CP CENTRO INTEGRADO SÃO JOSÉ,43.0,parceira,matriculas_ano_anterior_proxy,True,-23.95362885161251,False
2025,07014,MATERNAL II,historical_share,oos_2025,oos,all,3.5468710484353534,2024.0,CP CENTRO INTEGRADO SÃO JOSÉ,48.0,parceira,matriculas_ano_anterior_proxy,True,-44.45312895156464,False
2025,07015,BERCARIO,historical_share,oos_2025,oos,all,46.35765317617858,2024.0,CP CRECHE CANTINHO FELIZ II,71.0,parceira,matriculas_ano_anterior_proxy,True,-24.64234682382142,False
2025,07015,MATERNAL I,historical_share,oos_2025,oos,all,15.71533180538403,2024.0,CP CRECHE CANTINHO FELIZ II,87.0,parceira,matriculas_ano_anterior_proxy,True,-71.28466819461597,False
2025,07015,MATERNAL II,historical_share,oos_2025,oos,all,9.087481487737769,2024.0,CP CRECHE CANTINHO FELIZ II,71.0,parceira,matriculas_ano_anterior_proxy,True,-61.91251851226223,False
2025,07017,MATERNAL I,historical_share,oos_2025,oos,all,11.829493492160578,2024.0,CP CRECHE RAIMUNDA NONATA DA SILVA,29.0,parceira,matriculas_ano_anterior_proxy,True,-17.17050650783942,False
2025,07017,MATERNAL II,historical_share,oos_2025,oos,all,4.2761152446755935,2024.0,CP CRECHE RAIMUNDA NONATA DA SILVA,52.0,parceira,matriculas_ano_anterior_proxy,True,-47.723884755324406,False
2025,07018,MATERNAL I,historical_share,oos_2025,oos,all,26.88747908947079,2024.0,CP CRECHE SANT ANA IRMÃ ANCILA,71.0,parceira,matriculas_ano_anterior_proxy,True,-44.11252091052921,False
2025,07018,MATERNAL II,historical_share,oos_2025,oos,all,8.794646805693018,2024.0,CP CRECHE SANT ANA IRMÃ ANCILA,83.0,parceira,matriculas_ano_anterior_proxy,True,-74.20535319430698,False
2025,07019,MATERNAL I,historical_share,oos_2025,oos,all,20.286267432296707,2024.0,CP JARDIM ESCOLA TURMINHA DA ARCA - JETA,93.0,parceira,matriculas_ano_anterior_proxy,True,-72.71373256770329,False
2025,07019,MATERNAL II,historical_share,oos_2025,oos,all,7.384615488085318,2024.0,CP JARDIM ESCOLA TURMINHA DA ARCA - JETA,96.0,parceira,matriculas_ano_anterior_proxy,True,-88.61538451191468,False
2025,07020,BERCARIO,historical_share,oos_2025,oos,all,15.911558501437998,2024.0,CP JARDIM ESCOLA CRESCENDO E APRENDENDO,11.0,parceira,matriculas_ano_anterior_proxy,True,4.911558501437998,True
2025,07020,MATERNAL I,historical_share,oos_2025,oos,all,13.892921591105614,2024.0,CP JARDIM ESCOLA CRESCENDO E APRENDENDO,53.0,parceira,matriculas_ano_anterior_proxy,True,-39.10707840889439,False
2025,07020,MATERNAL II,historical_share,oos_2025,oos,all,4.632204159048544,2024.0,CP JARDIM ESCOLA CRESCENDO E APRENDENDO,15.0,parceira,matriculas_ano_anterior_proxy,True,-10.367795840951455,False
2025,07025,MATERNAL I,historical_share,oos_2025,oos,all,13.390933843441486,2024.0,CP INSTITUTO CONSUELO PINHEIRO,90.0,parceira,matriculas_ano_anterior_proxy,True,-76.60906615655851,False
2025,07025,MATERNAL II,historical_share,oos_2025,oos,all,4.605900044580128,2024.0,CP INSTITUTO CONSUELO PINHEIRO,88.0,parceira,matriculas_ano_anterior_proxy,True,-83.39409995541988,False
2025,07027,BERCARIO,historical_share,oos_2025,oos,all,14.5179668259084,2024.0,CP CRECHE MUNDO MÁGICO I,57.0,parceira,matriculas_ano_anterior_proxy,True,-42.4820331740916,False
2025,07027,MATERNAL I,historical_share,oos_2025,oos,all,5.18302754637302,2024.0,CP CRECHE MUNDO MÁGICO I,66.0,parceira,matriculas_ano_anterior_proxy,True,-60.81697245362698,False
2025,07027,MATERNAL II,historical_share,oos_2025,oos,all,5.2825370823755575,2024.0,CP CRECHE MUNDO MÁGICO I,72.0,parceira,matriculas_ano_anterior_proxy,True,-66.71746291762445,False
2025,07034,BERCARIO,historical_share,oos_2025,oos,all,9.60988749769462,2024.0,CP INSTITUTO EDUCACIONAL DIVA ALVES,18.0,parceira,matriculas_ano_anterior_proxy,True,-8.39011250230538,False
2025,07034,MATERNAL I,historical_share,oos_2025,oos,all,5.996668405277023,2024.0,CP INSTITUTO EDUCACIONAL DIVA ALVES,27.0,parceira,matriculas_ano_anterior_proxy,True,-21.003331594722976,False
2025,07034,MATERNAL II,historical_share,oos_2025,oos,all,3.5946764273538,2024.0,CP INSTITUTO EDUCACIONAL DIVA ALVES,27.0,parceira,matriculas_ano_anterior_proxy,True,-23.4053235726462,False
2025,07035,MATERNAL I,historical_share,oos_2025,oos,all,16.81046012126551,2024.0,CP AEMMAC - ANIL,59.0,parceira,matriculas_ano_anterior_proxy,True,-42.18953987873449,False
2025,07035,MATERNAL II,historical_share,oos_2025,oos,all,7.131652460616924,2024.0,CP AEMMAC - ANIL,138.0,parceira,matriculas_ano_anterior_proxy,True,-130.86834753938308,False
2025,07036,BERCARIO,historical_share,oos_2025,oos,all,36.68591703401936,2024.0,CP CAAD UNIVERSO ENCANTADO,72.0,parceira,matriculas_ano_anterior_proxy,True,-35.31408296598064,False
2025,07036,MATERNAL I,historical_share,oos_2025,oos,all,15.673321501196988,2024.0,CP CAAD UNIVERSO ENCANTADO,47.0,parceira,matriculas_ano_anterior_proxy,True,-31.326678498803012,False
2025,07036,MATERNAL II,historical_share,oos_2025,oos,all,6.145932065169355,2024.0,CP CAAD UNIVERSO ENCANTADO,56.0,parceira,matriculas_ano_anterior_proxy,True,-49.854067934830645,False
2025,07037,BERCARIO,historical_share,oos_2025,oos,all,57.54286320619035,2024.0,CP CAAD UNIVERSO DA CRIANÇA,100.0,parceira,matriculas_ano_anterior_proxy,True,-42.45713679380965,False
2025,07037,MATERNAL I,historical_share,oos_2025,oos,all,30.558292659586314,2024.0,CP CAAD UNIVERSO DA CRIANÇA,96.0,parceira,matriculas_ano_anterior_proxy,True,-65.44170734041369,False
2025,07037,MATERNAL II,historical_share,oos_2025,oos,all,16.681957909567497,2024.0,CP CAAD UNIVERSO DA CRIANÇA,92.0,parceira,matriculas_ano_anterior_proxy,True,-75.3180420904325,False
2025,07038,BERCARIO,historical_share,oos_2025,oos,all,76.4785330061562,2024.0,CP CAAD UNIVERSO DAS FLORES,24.0,parceira,matriculas_ano_anterior_proxy,True,52.4785330061562,True
2025,07038,MATERNAL I,historical_share,oos_2025,oos,all,22.5217876766125,2024.0,CP CAAD UNIVERSO DAS FLORES,59.0,parceira,matriculas_ano_anterior_proxy,True,-36.478212323387496,False
2025,07038,MATERNAL II,historical_share,oos_2025,oos,all,6.249676411336792,2024.0,CP CAAD UNIVERSO DAS FLORES,73.0,parceira,matriculas_ano_anterior_proxy,True,-66.7503235886632,False
2025,07039,MATERNAL I,historical_share,oos_2025,oos,all,13.349261387081594,2024.0,CP CRECHE JARDIM CLARICE,60.0,parceira,matriculas_ano_anterior_proxy,True,-46.6507386129184,False
2025,07039,MATERNAL II,historical_share,oos_2025,oos,all,8.245742926609202,2024.0,CP CRECHE JARDIM CLARICE,80.0,parceira,matriculas_ano_anterior_proxy,True,-71.7542570733908,False
2025,07040,BERCARIO,historical_share,oos_2025,oos,all,109.86196514193291,2024.0,CP CRECHE VALE DO SOL PRAÇA SECA,130.0,parceira,matriculas_ano_anterior_proxy,True,-20.138034858067087,False
2025,07040,MATERNAL I,historical_share,oos_2025,oos,all,47.107618543376525,2024.0,CP CRECHE VALE DO SOL PRAÇA SECA,135.0,parceira,matriculas_ano_anterior_proxy,True,-87.89238145662347,False
2025,07040,MATERNAL II,historical_share,oos_2025,oos,all,12.123728820410422,2024.0,CP CRECHE VALE DO SOL PRAÇA SECA,124.0,parceira,matriculas_ano_anterior_proxy,True,-111.87627117958958,False
2025,07041,BERCARIO,historical_share,oos_2025,oos,all,33.52074030975412,2024.0,CP CRECHE VALE DO SOL TAQUARA,25.0,parceira,matriculas_ano_anterior_proxy,True,8.520740309754117,True
2025,07041,MATERNAL I,historical_share,oos_2025,oos,all,19.338039268362984,2024.0,CP CRECHE VALE DO SOL TAQUARA,50.0,parceira,matriculas_ano_anterior_proxy,True,-30.661960731637016,False
2025,07041,MATERNAL II,historical_share,oos_2025,oos,all,10.091279976992585,2024.0,CP CRECHE VALE DO SOL TAQUARA,48.0,parceira,matriculas_ano_anterior_proxy,True,-37.90872002300742,False
2025,07042,BERCARIO,historical_share,oos_2025,oos,all,40.774677281861024,2024.0,CP INSTITUTO EDUCACIONAL DIVA ALVES II,32.0,parceira,matriculas_ano_anterior_proxy,True,8.774677281861024,True
2025,07042,MATERNAL I,historical_share,oos_2025,oos,all,17.882656036613845,2024.0,CP INSTITUTO EDUCACIONAL DIVA ALVES II,48.0,parceira,matriculas_ano_anterior_proxy,True,-30.117343963386155,False
2025,07042,MATERNAL II,historical_share,oos_2025,oos,all,14.981083126173289,2024.0,CP INSTITUTO EDUCACIONAL DIVA ALVES II,48.0,parceira,matriculas_ano_anterior_proxy,True,-33.01891687382671,False
2025,07043,BERCARIO,historical_share,oos_2025,oos,all,14.930747124788605,2024.0,CP ESPAÇO DE EDUCAÇÃO INFANTIL PEQUENO APRENDIZ,34.0,parceira,matriculas_ano_anterior_proxy,True,-19.069252875211397,False
2025,07043,MATERNAL I,historical_share,oos_2025,oos,all,7.987934842947272,2024.0,CP ESPAÇO DE EDUCAÇÃO INFANTIL PEQUENO APRENDIZ,23.0,parceira,matriculas_ano_anterior_proxy,True,-15.012065157052728,False
2025,07043,MATERNAL II,historical_share,oos_2025,oos,all,3.1738165868100707,2024.0,CP ESPAÇO DE EDUCAÇÃO INFANTIL PEQUENO APRENDIZ,12.0,parceira,matriculas_ano_anterior_proxy,True,-8.826183413189929,False
2025,07044,BERCARIO,historical_share,oos_2025,oos,all,21.618289752127563,2024.0,CP CRECHE AMOR DE MÃE,72.0,parceira,matriculas_ano_anterior_proxy,True,-50.381710247872434,False
2025,07044,MATERNAL I,historical_share,oos_2025,oos,all,18.16653035275729,2024.0,CP CRECHE AMOR DE MÃE,58.0,parceira,matriculas_ano_anterior_proxy,True,-39.83346964724271,False
2025,07044,MATERNAL II,historical_share,oos_2025,oos,all,8.992638379385777,2024.0,CP CRECHE AMOR DE MÃE,59.0,parceira,matriculas_ano_anterior_proxy,True,-50.00736162061422,False
2025,07045,MATERNAL I,historical_share,oos_2025,oos,all,4.238144105205953,2024.0,CP JARDIM ESCOLA TURMINHA DA ARCA - JETA II,73.0,parceira,matriculas_ano_anterior_proxy,True,-68.76185589479405,False
2025,07045,MATERNAL II,historical_share,oos_2025,oos,all,4.558025022736183,2024.0,CP JARDIM ESCOLA TURMINHA DA ARCA - JETA II,73.0,parceira,matriculas_ano_anterior_proxy,True,-68.44197497726381,False
2025,0716601,MATERNAL I,historical_share,oos_2025,oos,all,328.73913976902816,2024.0,CM OTÁVIO HENRIQUE DE OLIVEIRA,72.0,publica,matriculas_ano_anterior_proxy,True,256.73913976902816,True
2025,0716601,MATERNAL II,historical_share,oos_2025,oos,all,219.67969181980345,2024.0,CM OTÁVIO HENRIQUE DE OLIVEIRA,0.0,publica,matriculas_ano_anterior_proxy,True,219.67969181980345,True
2025,0716602,MATERNAL I,historical_share,oos_2025,oos,all,84.86045095769217,2024.0,CM TIA TEREZA,0.0,publica,matriculas_ano_anterior_proxy,True,84.86045095769217,True
2025,0716602,MATERNAL II,historical_share,oos_2025,oos,all,40.025905328798665,2024.0,CM TIA TEREZA,29.0,publica,matriculas_ano_anterior_proxy,True,11.025905328798665,True
2025,0716603,BERCARIO,historical_share,oos_2025,oos,all,135.04740243466145,2024.0,CM CRIANÇA DO FUTURO,26.0,publica,matriculas_ano_anterior_proxy,True,109.04740243466145,True
2025,0716603,MATERNAL I,historical_share,oos_2025,oos,all,108.29098918858632,2024.0,CM CRIANÇA DO FUTURO,28.0,publica,matriculas_ano_anterior_proxy,True,80.29098918858632,True
2025,0716603,MATERNAL II,historical_share,oos_2025,oos,all,74.9279179535264,2024.0,CM CRIANÇA DO FUTURO,0.0,publica,matriculas_ano_anterior_proxy,True,74.9279179535264,True
2025,0716604,MATERNAL I,historical_share,oos_2025,oos,all,70.14139442081638,2024.0,CM GERMINIO DE SOUZA ESTRELA,0.0,publica,matriculas_ano_anterior_proxy,True,70.14139442081638,True
2025,0716604,MATERNAL II,historical_share,oos_2025,oos,all,45.18844214757227,2024.0,CM GERMINIO DE SOUZA ESTRELA,23.0,publica,matriculas_ano_anterior_proxy,True,22.188442147572268,True
2025,0716605,BERCARIO,historical_share,oos_2025,oos,all,134.51936921683534,2024.0,CM SEMPRE VIDA NISE DA SILVEIRA,28.0,publica,matriculas_ano_anterior_proxy,True,106.51936921683534,True
2025,0716605,MATERNAL I,historical_share,oos_2025,oos,all,76.19185139817651,2024.0,CM SEMPRE VIDA NISE DA SILVEIRA,50.0,publica,matriculas_ano_anterior_proxy,True,26.19185139817651,True
2025,0716605,MATERNAL II,historical_share,oos_2025,oos,all,26.04255008204302,2024.0,CM SEMPRE VIDA NISE DA SILVEIRA,0.0,publica,matriculas_ano_anterior_proxy,True,26.04255008204302,True
2025,0716606,BERCARIO,historical_share,oos_2025,oos,all,129.89427014218353,2024.0,CM AMIGUINHOS DA VILA SAPÊ,25.0,publica,matriculas_ano_anterior_proxy,True,104.89427014218353,True
2025,0716606,MATERNAL I,historical_share,oos_2025,oos,all,86.04249576186194,2024.0,CM AMIGUINHOS DA VILA SAPÊ,23.0,publica,matriculas_ano_anterior_proxy,True,63.04249576186194,True
2025,0716606,MATERNAL II,historical_share,oos_2025,oos,all,50.888768143095504,2024.0,CM AMIGUINHOS DA VILA SAPÊ,0.0,publica,matriculas_ano_anterior_proxy,True,50.888768143095504,True
2025,0716607,BERCARIO,historical_share,oos_2025,oos,all,132.0362522566657,2024.0,CM EMÍLIA JOANA DA FONSECA MARQUES,26.0,publica,matriculas_ano_anterior_proxy,True,106.0362522566657,True
2025,0716607,MATERNAL I,historical_share,oos_2025,oos,all,88.82220722357256,2024.0,CM EMÍLIA JOANA DA FONSECA MARQUES,49.0,publica,matriculas_ano_anterior_proxy,True,39.82220722357256,True
2025,0716607,MATERNAL II,historical_share,oos_2025,oos,all,44.719753633251344,2024.0,CM EMÍLIA JOANA DA FONSECA MARQUES,0.0,publica,matriculas_ano_anterior_proxy,True,44.719753633251344,True
2025,0716608,BERCARIO,historical_share,oos_2025,oos,all,151.35439284567002,2024.0,CM IRMÃ DULCE,23.0,publica,matriculas_ano_anterior_proxy,True,128.35439284567002,True
2025,0716608,MATERNAL I,historical_share,oos_2025,oos,all,99.25759389820598,2024.0,CM IRMÃ DULCE,48.0,publica,matriculas_ano_anterior_proxy,True,51.25759389820598,True
2025,0716608,MATERNAL II,historical_share,oos_2025,oos,all,57.6883986457385,2024.0,CM IRMÃ DULCE,0.0,publica,matriculas_ano_anterior_proxy,True,57.6883986457385,True
2025,0716609,BERCARIO,historical_share,oos_2025,oos,all,312.61155792028035,2024.0,CM RIO NOVO - RIO DAS FLORES,49.0,publica,matriculas_ano_anterior_proxy,True,263.61155792028035,True
2025,0716609,MATERNAL I,historical_share,oos_2025,oos,all,163.63746239460755,2024.0,CM RIO NOVO - RIO DAS FLORES,46.0,publica,matriculas_ano_anterior_proxy,True,117.63746239460755,True
2025,0716609,MATERNAL II,historical_share,oos_2025,oos,all,140.93418908346385,2024.0,CM RIO NOVO - RIO DAS FLORES,0.0,publica,matriculas_ano_anterior_proxy,True,140.93418908346385,True
2025,0716610,MATERNAL I,historical_share,oos_2025,oos,all,49.08756058469879,2024.0,CM TIA MALU,21.0,publica,matriculas_ano_anterior_proxy,True,28.087560584698792,True
2025,0716610,MATERNAL II,historical_share,oos_2025,oos,all,38.37662194708812,2024.0,CM TIA MALU,0.0,publica,matriculas_ano_anterior_proxy,True,38.37662194708812,True
2025,0716611,MATERNAL I,historical_share,oos_2025,oos,all,150.09547464666022,2024.0,CM VITORINO FREIRE,25.0,publica,matriculas_ano_anterior_proxy,True,125.09547464666022,True
2025,0716611,MATERNAL II,historical_share,oos_2025,oos,all,67.65013933706484,2024.0,CM VITORINO FREIRE,0.0,publica,matriculas_ano_anterior_proxy,True,67.65013933706484,True
2025,0716612,MATERNAL I,historical_share,oos_2025,oos,all,55.33402246410535,2024.0,CM TIA AUTA,50.0,publica,matriculas_ano_anterior_proxy,True,5.334022464105352,True
2025,0716612,MATERNAL II,historical_share,oos_2025,oos,all,23.51690020057508,2024.0,CM TIA AUTA,0.0,publica,matriculas_ano_anterior_proxy,True,23.51690020057508,True
2025,0716613,BERCARIO,historical_share,oos_2025,oos,all,170.4640401942078,2024.0,CM MARIA DA CONCEIÇÃO SILVEIRA DE CARVALHO,26.0,publica,matriculas_ano_anterior_proxy,True,144.4640401942078,True
2025,0716613,MATERNAL I,historical_share,oos_2025,oos,all,156.52199435187893,2024.0,CM MARIA DA CONCEIÇÃO SILVEIRA DE CARVALHO,26.0,publica,matriculas_ano_anterior_proxy,True,130.52199435187893,True
2025,0716613,MATERNAL II,historical_share,oos_2025,oos,all,107.01874497994902,2024.0,CM MARIA DA CONCEIÇÃO SILVEIRA DE CARVALHO,0.0,publica,matriculas_ano_anterior_proxy,True,107.01874497994902,True
2025,0716614,BERCARIO,historical_share,oos_2025,oos,all,74.13049963366151,2024.0,CM AUGUSTO DE CARVALHO TORRES FILHO,27.0,publica,matriculas_ano_anterior_proxy,True,47.130499633661515,True
2025,0716614,MATERNAL I,historical_share,oos_2025,oos,all,50.44915857448588,2024.0,CM AUGUSTO DE CARVALHO TORRES FILHO,24.0,publica,matriculas_ano_anterior_proxy,True,26.449158574485878,True
2025,0716614,MATERNAL II,historical_share,oos_2025,oos,all,36.73766136014908,2024.0,CM AUGUSTO DE CARVALHO TORRES FILHO,0.0,publica,matriculas_ano_anterior_proxy,True,36.73766136014908,True
2025,0716801,BERCARIO,historical_share,oos_2025,oos,all,61.65948451150864,2024.0,EDI DOUTORA ZILDA ARNS,27.0,publica,matriculas_ano_anterior_proxy,True,34.65948451150864,True
2025,0716801,MATERNAL I,historical_share,oos_2025,oos,all,42.77250912302726,2024.0,EDI DOUTORA ZILDA ARNS,48.0,publica,matriculas_ano_anterior_proxy,True,-5.2274908769727375,False
2025,0716801,MATERNAL II,historical_share,oos_2025,oos,all,22.523481985069985,2024.0,EDI DOUTORA ZILDA ARNS,0.0,publica,matriculas_ano_anterior_proxy,True,22.523481985069985,True
2025,0716802,MATERNAL I,historical_share,oos_2025,oos,all,38.09019708762318,2024.0,EDI ARTHUR BISPO DO ROSÁRIO,49.0,publica,matriculas_ano_anterior_proxy,True,-10.909802912376819,False
2025,0716802,MATERNAL II,historical_share,oos_2025,oos,all,18.429199073897752,2024.0,EDI ARTHUR BISPO DO ROSÁRIO,0.0,publica,matriculas_ano_anterior_proxy,True,18.429199073897752,True
2025,0716803,BERCARIO,historical_share,oos_2025,oos,all,82.7963553301416,2024.0,EDI COMPOSITOR ROBERTO RIBEIRO,25.0,publica,matriculas_ano_anterior_proxy,True,57.796355330141594,True
2025,0716803,MATERNAL I,historical_share,oos_2025,oos,all,83.74050114251091,2024.0,EDI COMPOSITOR ROBERTO RIBEIRO,23.0,publica,matriculas_ano_anterior_proxy,True,60.74050114251091,True
2025,0716803,MATERNAL II,historical_share,oos_2025,oos,all,79.63855839047808,2024.0,EDI COMPOSITOR ROBERTO RIBEIRO,0.0,publica,matriculas_ano_anterior_proxy,True,79.63855839047808,True
2025,0716804,MATERNAL I,historical_share,oos_2025,oos,all,13.500588968108234,2024.0,EDI RODRIGO LOPES (TIKINHO),24.0,publica,matriculas_ano_anterior_proxy,True,-10.499411031891766,False
2025,0716804,MATERNAL II,historical_share,oos_2025,oos,all,11.71462549672239,2024.0,EDI RODRIGO LOPES (TIKINHO),0.0,publica,matriculas_ano_anterior_proxy,True,11.71462549672239,True
2025,0716805,MATERNAL II,historical_share,oos_2025,oos,all,147.8556368003799,2024.0,EDI ANNA MARIA NIEMEYER,0.0,publica,matriculas_ano_anterior_proxy,True,147.8556368003799,True
2025,0716806,BERCARIO,historical_share,oos_2025,oos,all,160.2903945714822,2024.0,EDI PROFESSORA EDILIA COELHO GARCIA,25.0,publica,matriculas_ano_anterior_proxy,True,135.2903945714822,True
2025,0716806,MATERNAL I,historical_share,oos_2025,oos,all,60.87640645399935,2024.0,EDI PROFESSORA EDILIA COELHO GARCIA,25.0,publica,matriculas_ano_anterior_proxy,True,35.87640645399935,True
2025,0716806,MATERNAL II,historical_share,oos_2025,oos,all,32.72056271053483,2024.0,EDI PROFESSORA EDILIA COELHO GARCIA,0.0,publica,matriculas_ano_anterior_proxy,True,32.72056271053483,True
2025,0716807,BERCARIO,historical_share,oos_2025,oos,all,0.003554258029573,2024.0,EDI LEILA DINIZ,0.0,publica,matriculas_ano_anterior_proxy,True,0.003554258029573,True
2025,0716807,MATERNAL I,historical_share,oos_2025,oos,all,53.68512373014362,2024.0,EDI LEILA DINIZ,75.0,publica,matriculas_ano_anterior_proxy,True,-21.314876269856377,False
2025,0716807,MATERNAL II,historical_share,oos_2025,oos,all,50.36745262008993,2024.0,EDI LEILA DINIZ,0.0,publica,matriculas_ano_anterior_proxy,True,50.36745262008993,True
2025,0716808,BERCARIO,historical_share,oos_2025,oos,all,32.896066233829806,2024.0,EDI PROFESSORA MARIA BERENICE PARENTE,25.0,publica,matriculas_ano_anterior_proxy,True,7.896066233829806,True
2025,0716808,MATERNAL I,historical_share,oos_2025,oos,all,18.7021806994516,2024.0,EDI PROFESSORA MARIA BERENICE PARENTE,48.0,publica,matriculas_ano_anterior_proxy,True,-29.2978193005484,False
2025,0716808,MATERNAL II,historical_share,oos_2025,oos,all,16.81441446135134,2024.0,EDI PROFESSORA MARIA BERENICE PARENTE,0.0,publica,matriculas_ano_anterior_proxy,True,16.81441446135134,True
2025,0716809,BERCARIO,historical_share,oos_2025,oos,all,100.35126998263084,2024.0,EDI PROFESSOR ROBERTO LUIZ PEREIRA,24.0,publica,matriculas_ano_anterior_proxy,True,76.35126998263084,True
2025,0716809,MATERNAL I,historical_share,oos_2025,oos,all,42.75017609637458,2024.0,EDI PROFESSOR ROBERTO LUIZ PEREIRA,24.0,publica,matriculas_ano_anterior_proxy,True,18.75017609637458,True
2025,0716809,MATERNAL II,historical_share,oos_2025,oos,all,25.93918163429296,2024.0,EDI PROFESSOR ROBERTO LUIZ PEREIRA,0.0,publica,matriculas_ano_anterior_proxy,True,25.93918163429296,True
2025,0716812,BERCARIO,historical_share,oos_2025,oos,all,0.003554258029573,2024.0,EDI ESCRITORA CLARICE LISPECTOR,0.0,publica,matriculas_ano_anterior_proxy,True,0.003554258029573,True
2025,0716812,MATERNAL I,historical_share,oos_2025,oos,all,0.0041524948839526,2024.0,EDI ESCRITORA CLARICE LISPECTOR,25.0,publica,matriculas_ano_anterior_proxy,True,-24.995847505116046,False
2025,0716812,MATERNAL II,historical_share,oos_2025,oos,all,0.0045061222003204,2024.0,EDI ESCRITORA CLARICE LISPECTOR,0.0,publica,matriculas_ano_anterior_proxy,True,0.0045061222003204,True
2025,0716813,BERCARIO,historical_share,oos_2025,oos,all,65.05162610695109,2024.0,EDI PROFESSORA KENIA MENDES DOS SANTOS,25.0,publica,matriculas_ano_anterior_proxy,True,40.05162610695109,True
2025,0716813,MATERNAL I,historical_share,oos_2025,oos,all,58.9724356336796,2024.0,EDI PROFESSORA KENIA MENDES DOS SANTOS,23.0,publica,matriculas_ano_anterior_proxy,True,35.9724356336796,True
2025,0716813,MATERNAL II,historical_share,oos_2025,oos,all,44.6052929163447,2024.0,EDI PROFESSORA KENIA MENDES DOS SANTOS,0.0,publica,matriculas_ano_anterior_proxy,True,44.6052929163447,True
2025,0716814,MATERNAL I,historical_share,oos_2025,oos,all,0.0041524948839526,2024.0,EDI PROFESSORA EMILIA MARIA VIEIRA DE OLIVEIRA,0.0,publica,matriculas_ano_anterior_proxy,True,0.0041524948839526,True
2025,0716814,MATERNAL II,historical_share,oos_2025,oos,all,99.62782647169344,2024.0,EDI PROFESSORA EMILIA MARIA VIEIRA DE OLIVEIRA,0.0,publica,matriculas_ano_anterior_proxy,True,99.62782647169344,True
2025,0716815,MATERNAL I,historical_share,oos_2025,oos,all,95.89195529798351,2024.0,EDI EVARISTO DA VEIGA,0.0,publica,matriculas_ano_anterior_proxy,True,95.89195529798351,True
2025,0716815,MATERNAL II,historical_share,oos_2025,oos,all,59.07214853149856,2024.0,EDI EVARISTO DA VEIGA,48.0,publica,matriculas_ano_anterior_proxy,True,11.072148531498563,True
2025,0716816,MATERNAL I,historical_share,oos_2025,oos,all,130.74535704189393,2024.0,EDI DEBRET,23.0,publica,matriculas_ano_anterior_proxy,True,107.74535704189393,True
2025,0716816,MATERNAL II,historical_share,oos_2025,oos,all,67.72943383018674,2024.0,EDI DEBRET,0.0,publica,matriculas_ano_anterior_proxy,True,67.72943383018674,True
2025,0716818,BERCARIO,historical_share,oos_2025,oos,all,166.09839716959294,2024.0,EDI PROFESSORA CLÁUDIA PIRES CONTINO DA SILVA,47.0,publica,matriculas_ano_anterior_proxy,True,119.09839716959294,True
2025,0716818,MATERNAL I,historical_share,oos_2025,oos,all,98.7321414193236,2024.0,EDI PROFESSORA CLÁUDIA PIRES CONTINO DA SILVA,48.0,publica,matriculas_ano_anterior_proxy,True,50.7321414193236,True
2025,0716818,MATERNAL II,historical_share,oos_2025,oos,all,74.60185927471586,2024.0,EDI PROFESSORA CLÁUDIA PIRES CONTINO DA SILVA,0.0,publica,matriculas_ano_anterior_proxy,True,74.60185927471586,True
2025,0716819,BERCARIO,historical_share,oos_2025,oos,all,99.87717300512726,2024.0,EDI PROFESSORA NORMA ANDRADE NOGUEIRA,50.0,publica,matriculas_ano_anterior_proxy,True,49.87717300512726,True
2025,0716819,MATERNAL I,historical_share,oos_2025,oos,all,61.1102875532692,2024.0,EDI PROFESSORA NORMA ANDRADE NOGUEIRA,45.0,publica,matriculas_ano_anterior_proxy,True,16.110287553269202,True
2025,0716819,MATERNAL II,historical_share,oos_2025,oos,all,42.6442822504267,2024.0,EDI PROFESSORA NORMA ANDRADE NOGUEIRA,0.0,publica,matriculas_ano_anterior_proxy,True,42.6442822504267,True
2025,0716820,BERCARIO,historical_share,oos_2025,oos,all,111.31843116639244,2024.0,EDI MEDALHISTA OLÍMPICA ÁGATHA BEDNARCZUK RIPPEL,26.0,publica,matriculas_ano_anterior_proxy,True,85.31843116639244,True
2025,0716820,MATERNAL I,historical_share,oos_2025,oos,all,54.741004185775786,2024.0,EDI MEDALHISTA OLÍMPICA ÁGATHA BEDNARCZUK RIPPEL,26.0,publica,matriculas_ano_anterior_proxy,True,28.741004185775786,True
2025,0716820,MATERNAL II,historical_share,oos_2025,oos,all,46.62003953219466,2024.0,EDI MEDALHISTA OLÍMPICA ÁGATHA BEDNARCZUK RIPPEL,0.0,publica,matriculas_ano_anterior_proxy,True,46.62003953219466,True
2025,0716821,BERCARIO,historical_share,oos_2025,oos,all,67.82697241665494,2024.0,EDI MEDALHISTA PARALÍMPICO FELIPE DE SOUZA GOMES,28.0,publica,matriculas_ano_anterior_proxy,True,39.82697241665494,True
2025,0716821,MATERNAL I,historical_share,oos_2025,oos,all,56.98001481929519,2024.0,EDI MEDALHISTA PARALÍMPICO FELIPE DE SOUZA GOMES,48.0,publica,matriculas_ano_anterior_proxy,True,8.980014819295192,True
2025,0716821,MATERNAL II,historical_share,oos_2025,oos,all,61.73095714056106,2024.0,EDI MEDALHISTA PARALÍMPICO FELIPE DE SOUZA GOMES,0.0,publica,matriculas_ano_anterior_proxy,True,61.73095714056106,True
2025,0716822,BERCARIO,historical_share,oos_2025,oos,all,65.29430951363159,2024.0,EDI MARCELO PARENTE GOMES DE OLIVEIRA,50.0,publica,matriculas_ano_anterior_proxy,True,15.294309513631589,True
2025,0716822,MATERNAL I,historical_share,oos_2025,oos,all,49.83564203962032,2024.0,EDI MARCELO PARENTE GOMES DE OLIVEIRA,49.0,publica,matriculas_ano_anterior_proxy,True,0.8356420396203177,True
2025,0716822,MATERNAL II,historical_share,oos_2025,oos,all,28.07539773984297,2024.0,EDI MARCELO PARENTE GOMES DE OLIVEIRA,0.0,publica,matriculas_ano_anterior_proxy,True,28.07539773984297,True
2025,0716824,MATERNAL I,historical_share,oos_2025,oos,all,0.0041524948839526,2024.0,EDI PROFESSORA TEREZINHA SARAIVA,0.0,publica,matriculas_ano_anterior_proxy,True,0.0041524948839526,True
2025,0716824,MATERNAL II,historical_share,oos_2025,oos,all,0.0045061222003204,2024.0,EDI PROFESSORA TEREZINHA SARAIVA,0.0,publica,matriculas_ano_anterior_proxy,True,0.0045061222003204,True
2025,0724601,BERCARIO,historical_share,oos_2025,oos,all,104.1304324536654,2024.0,CM MARIA VIEIRA BAZANI,51.0,publica,matriculas_ano_anterior_proxy,True,53.13043245366541,True
2025,0724601,MATERNAL I,historical_share,oos_2025,oos,all,41.170878670389776,2024.0,CM MARIA VIEIRA BAZANI,46.0,publica,matriculas_ano_anterior_proxy,True,-4.829121329610224,False
2025,0724601,MATERNAL II,historical_share,oos_2025,oos,all,25.464895897944427,2024.0,CM MARIA VIEIRA BAZANI,0.0,publica,matriculas_ano_anterior_proxy,True,25.464895897944427,True
2025,0724602,BERCARIO,historical_share,oos_2025,oos,all,134.14611726659749,2024.0,CM DINA SFAT,78.0,publica,matriculas_ano_anterior_proxy,True,56.146117266597486,True
2025,0724603,MATERNAL I,historical_share,oos_2025,oos,all,130.1065146900344,2024.0,CM BENEDITA SIQUEIRA LOPES,0.0,publica,matriculas_ano_anterior_proxy,True,130.1065146900344,True
2025,0724603,MATERNAL II,historical_share,oos_2025,oos,all,130.58197075279895,2024.0,CM BENEDITA SIQUEIRA LOPES,26.0,publica,matriculas_ano_anterior_proxy,True,104.58197075279895,True
2025,0724604,MATERNAL I,historical_share,oos_2025,oos,all,54.94414354916012,2024.0,CM EDSON LUIZ,46.0,publica,matriculas_ano_anterior_proxy,True,8.944143549160117,True
2025,0724604,MATERNAL II,historical_share,oos_2025,oos,all,31.531421163570972,2024.0,CM EDSON LUIZ,0.0,publica,matriculas_ano_anterior_proxy,True,31.531421163570972,True
2025,0724605,BERCARIO,historical_share,oos_2025,oos,all,51.2672572112717,2024.0,CM SEBASTIÃO BERNARDES DE SOUZA PRATA,31.0,publica,matriculas_ano_anterior_proxy,True,20.267257211271698,True
2025,0724605,MATERNAL I,historical_share,oos_2025,oos,all,19.044570055122804,2024.0,CM SEBASTIÃO BERNARDES DE SOUZA PRATA,47.0,publica,matriculas_ano_anterior_proxy,True,-27.955429944877196,False
2025,0724605,MATERNAL II,historical_share,oos_2025,oos,all,15.101077433775943,2024.0,CM SEBASTIÃO BERNARDES DE SOUZA PRATA,0.0,publica,matriculas_ano_anterior_proxy,True,15.101077433775943,True
2025,0724606,BERCARIO,historical_share,oos_2025,oos,all,140.62644467711047,2024.0,CM ROGÉRIO CARDOSO FURTADO,40.0,publica,matriculas_ano_anterior_proxy,True,100.62644467711047,True
2025,0724606,MATERNAL I,historical_share,oos_2025,oos,all,55.42569610391149,2024.0,CM ROGÉRIO CARDOSO FURTADO,48.0,publica,matriculas_ano_anterior_proxy,True,7.425696103911491,True
2025,0724606,MATERNAL II,historical_share,oos_2025,oos,all,36.474485788245445,2024.0,CM ROGÉRIO CARDOSO FURTADO,0.0,publica,matriculas_ano_anterior_proxy,True,36.474485788245445,True
2025,0724801,BERCARIO,historical_share,oos_2025,oos,all,146.08754999527025,2024.0,EDI MILENA SANTOS NASCIMENTO,50.0,publica,matriculas_ano_anterior_proxy,True,96.08754999527025,True
2025,0724801,MATERNAL I,historical_share,oos_2025,oos,all,74.73894241507716,2024.0,EDI MILENA SANTOS NASCIMENTO,48.0,publica,matriculas_ano_anterior_proxy,True,26.73894241507716,True
2025,0724801,MATERNAL II,historical_share,oos_2025,oos,all,39.75155034463343,2024.0,EDI MILENA SANTOS NASCIMENTO,0.0,publica,matriculas_ano_anterior_proxy,True,39.75155034463343,True
2025,0724802,MATERNAL I,historical_share,oos_2025,oos,all,52.90245668086499,2024.0,EDI PORFIRIO DIAS,19.0,publica,matriculas_ano_anterior_proxy,True,33.90245668086499,True
2025,0724802,MATERNAL II,historical_share,oos_2025,oos,all,35.17528286051658,2024.0,EDI PORFIRIO DIAS,0.0,publica,matriculas_ano_anterior_proxy,True,35.17528286051658,True
2025,0724803,MATERNAL I,historical_share,oos_2025,oos,all,49.97523385103166,2024.0,EDI VERA LUCIA MARTINS COSTA,50.0,publica,matriculas_ano_anterior_proxy,True,-0.024766148968339508,False
2025,0724803,MATERNAL II,historical_share,oos_2025,oos,all,34.30038924681658,2024.0,EDI VERA LUCIA MARTINS COSTA,0.0,publica,matriculas_ano_anterior_proxy,True,34.30038924681658,True
2025,0724804,MATERNAL I,historical_share,oos_2025,oos,all,0.0041524948839526,2024.0,EDI PROFESSORA MATILDE ROSA LOPES DE ARAUJO,0.0,publica,matriculas_ano_anterior_proxy,True,0.0041524948839526,True
2025,0724804,MATERNAL II,historical_share,oos_2025,oos,all,0.0045061222003204,2024.0,EDI PROFESSORA MATILDE ROSA LOPES DE ARAUJO,40.0,publica,matriculas_ano_anterior_proxy,True,-39.99549387779968,False
2025,0724805,MATERNAL I,historical_share,oos_2025,oos,all,32.7460163275042,2024.0,EDI TRISTÃO DE ATHAYDE,21.0,publica,matriculas_ano_anterior_proxy,True,11.7460163275042,True
2025,0724805,MATERNAL II,historical_share,oos_2025,oos,all,15.418753735191302,2024.0,EDI TRISTÃO DE ATHAYDE,0.0,publica,matriculas_ano_anterior_proxy,True,15.418753735191302,True
2025,0724806,MATERNAL I,historical_share,oos_2025,oos,all,28.93147582752153,2024.0,EDI PROFESSORA RUTH CARDOSO,38.0,publica,matriculas_ano_anterior_proxy,True,-9.068524172478469,False
2025,0724806,MATERNAL II,historical_share,oos_2025,oos,all,9.616291679289253,2024.0,EDI PROFESSORA RUTH CARDOSO,0.0,publica,matriculas_ano_anterior_proxy,True,9.616291679289253,True
2025,0724807,BERCARIO,historical_share,oos_2025,oos,all,69.18184072522659,2024.0,EDI CARMEN MIRANDA,22.0,publica,matriculas_ano_anterior_proxy,True,47.18184072522659,True
2025,0724807,MATERNAL I,historical_share,oos_2025,oos,all,67.09265349589201,2024.0,EDI CARMEN MIRANDA,42.0,publica,matriculas_ano_anterior_proxy,True,25.09265349589201,True
2025,0724807,MATERNAL II,historical_share,oos_2025,oos,all,40.57285145302525,2024.0,EDI CARMEN MIRANDA,0.0,publica,matriculas_ano_anterior_proxy,True,40.57285145302525,True
2025,0724808,MATERNAL I,historical_share,oos_2025,oos,all,45.44140169223567,2024.0,EDI AMOR,23.0,publica,matriculas_ano_anterior_proxy,True,22.441401692235672,True
2025,0724808,MATERNAL II,historical_share,oos_2025,oos,all,25.899110917525697,2024.0,EDI AMOR,0.0,publica,matriculas_ano_anterior_proxy,True,25.899110917525697,True
2025,0724809,MATERNAL I,historical_share,oos_2025,oos,all,31.127578500373,2024.0,"EDI UGOCIONE JOSÉ DE MEDEIROS ""SEU UGO""",16.0,publica,matriculas_ano_anterior_proxy,True,15.127578500373001,True
2025,0724809,MATERNAL II,historical_share,oos_2025,oos,all,29.661611240711466,2024.0,"EDI UGOCIONE JOSÉ DE MEDEIROS ""SEU UGO""",0.0,publica,matriculas_ano_anterior_proxy,True,29.661611240711466,True
2025,0734601,MATERNAL I,historical_share,oos_2025,oos,all,66.67720454535159,2024.0,CM LUZES DO AMANHÃ,49.0,publica,matriculas_ano_anterior_proxy,True,17.677204545351586,True
2025,0734601,MATERNAL II,historical_share,oos_2025,oos,all,15.7212917521206,2024.0,CM LUZES DO AMANHÃ,0.0,publica,matriculas_ano_anterior_proxy,True,15.7212917521206,True
2025,0734602,MATERNAL I,historical_share,oos_2025,oos,all,77.213866228503,2024.0,CM MARGARIDA GABINAL,44.0,publica,matriculas_ano_anterior_proxy,True,33.213866228502994,True
2025,0734602,MATERNAL II,historical_share,oos_2025,oos,all,19.320452145719464,2024.0,CM MARGARIDA GABINAL,0.0,publica,matriculas_ano_anterior_proxy,True,19.320452145719464,True
2025,0734603,MATERNAL I,historical_share,oos_2025,oos,all,45.08437171600991,2024.0,CM SEMPRE VIDA JOSUÉ,15.0,publica,matriculas_ano_anterior_proxy,True,30.084371716009912,True
2025,0734603,MATERNAL II,historical_share,oos_2025,oos,all,10.865416853992135,2024.0,CM SEMPRE VIDA JOSUÉ,0.0,publica,matriculas_ano_anterior_proxy,True,10.865416853992135,True
2025,0734801,MATERNAL I,historical_share,oos_2025,oos,all,64.49574202941889,2024.0,EDI JARDIM DO AMANHÃ,16.0,publica,matriculas_ano_anterior_proxy,True,48.49574202941889,True
2025,0734801,MATERNAL II,historical_share,oos_2025,oos,all,18.708960974550795,2024.0,EDI JARDIM DO AMANHÃ,0.0,publica,matriculas_ano_anterior_proxy,True,18.708960974550795,True
2025,0734802,BERCARIO,historical_share,oos_2025,oos,all,259.17263162925263,2024.0,EDI SENHORA PERCILIANA PEREIRA DE ALVARENGA,27.0,publica,matriculas_ano_anterior_proxy,True,232.17263162925263,True
2025,0734802,MATERNAL I,historical_share,oos_2025,oos,all,64.54772244184502,2024.0,EDI SENHORA PERCILIANA PEREIRA DE ALVARENGA,26.0,publica,matriculas_ano_anterior_proxy,True,38.547722441845025,True
2025,0734802,MATERNAL II,historical_share,oos_2025,oos,all,15.71051717611216,2024.0,EDI SENHORA PERCILIANA PEREIRA DE ALVARENGA,0.0,publica,matriculas_ano_anterior_proxy,True,15.71051717611216,True
2025,0734803,MATERNAL I,historical_share,oos_2025,oos,all,35.946925088564186,2024.0,EDI ANA CAROLINA PACHECO DA SILVA,23.0,publica,matriculas_ano_anterior_proxy,True,12.946925088564186,True
2025,0734803,MATERNAL II,historical_share,oos_2025,oos,all,9.32876855572782,2024.0,EDI ANA CAROLINA PACHECO DA SILVA,0.0,publica,matriculas_ano_anterior_proxy,True,9.32876855572782,True
2025,0734804,MATERNAL I,historical_share,oos_2025,oos,all,54.27872976755084,2024.0,EDI MARIA BERALDA,24.0,publica,matriculas_ano_anterior_proxy,True,30.278729767550843,True
2025,0734804,MATERNAL II,historical_share,oos_2025,oos,all,12.214306238657418,2024.0,EDI MARIA BERALDA,0.0,publica,matriculas_ano_anterior_proxy,True,12.214306238657418,True
2025,0734805,MATERNAL I,historical_share,oos_2025,oos,all,14.673256654292556,2024.0,EDI MONSENHOR CORDIOLI,49.0,publica,matriculas_ano_anterior_proxy,True,-34.32674334570744,False
2025,0734805,MATERNAL II,historical_share,oos_2025,oos,all,5.01536869927724,2024.0,EDI MONSENHOR CORDIOLI,0.0,publica,matriculas_ano_anterior_proxy,True,5.01536869927724,True
2025,08002,BERCARIO,historical_share,oos_2025,oos,all,6.994884112149794,2024.0,CP CRECHE ESPÍRITA FRANCISCO DE ASSIS,13.0,parceira,matriculas_ano_anterior_proxy,True,-6.005115887850206,False
2025,08002,MATERNAL I,historical_share,oos_2025,oos,all,2.3771754471849245,2024.0,CP CRECHE ESPÍRITA FRANCISCO DE ASSIS,7.0,parceira,matriculas_ano_anterior_proxy,True,-4.622824552815075,False
2025,08002,MATERNAL II,historical_share,oos_2025,oos,all,0.7207941703234655,2024.0,CP CRECHE ESPÍRITA FRANCISCO DE ASSIS,15.0,parceira,matriculas_ano_anterior_proxy,True,-14.279205829676535,False
2025,08003,MATERNAL I,historical_share,oos_2025,oos,all,9.66583361488038,2024.0,CP CRECHE CRIANÇA JABOUR,40.0,parceira,matriculas_ano_anterior_proxy,True,-30.33416638511962,False
2025,08003,MATERNAL II,historical_share,oos_2025,oos,all,2.5663830136259724,2024.0,CP CRECHE CRIANÇA JABOUR,40.0,parceira,matriculas_ano_anterior_proxy,True,-37.43361698637403,False
2025,08004,BERCARIO,historical_share,oos_2025,oos,all,35.35653530425201,2024.0,CP CRECHE COMUNITÁRIA NINO,40.0,parceira,matriculas_ano_anterior_proxy,True,-4.643464695747987,False
2025,08004,MATERNAL I,historical_share,oos_2025,oos,all,14.01763131947428,2024.0,CP CRECHE COMUNITÁRIA NINO,29.0,parceira,matriculas_ano_anterior_proxy,True,-14.98236868052572,False
2025,08004,MATERNAL II,historical_share,oos_2025,oos,all,5.760757797072799,2024.0,CP CRECHE COMUNITÁRIA NINO,31.0,parceira,matriculas_ano_anterior_proxy,True,-25.2392422029272,False
2025,08005,BERCARIO,historical_share,oos_2025,oos,all,14.876371221246844,2024.0,CP CRECHE E ESCOLA COMUNITÁRIA GENTE INOCENTE - REALENGO,48.0,parceira,matriculas_ano_anterior_proxy,True,-33.12362877875316,False
2025,08005,MATERNAL I,historical_share,oos_2025,oos,all,8.16849980135044,2024.0,CP CRECHE E ESCOLA COMUNITÁRIA GENTE INOCENTE - REALENGO,48.0,parceira,matriculas_ano_anterior_proxy,True,-39.83150019864956,False
2025,08005,MATERNAL II,historical_share,oos_2025,oos,all,4.1015454903810165,2024.0,CP CRECHE E ESCOLA COMUNITÁRIA GENTE INOCENTE - REALENGO,45.0,parceira,matriculas_ano_anterior_proxy,True,-40.898454509618986,False
2025,08006,MATERNAL I,historical_share,oos_2025,oos,all,11.11323916399154,2024.0,CP FUNDAÇÃO CASA DA JOANINHA - CRECHE,20.0,parceira,matriculas_ano_anterior_proxy,True,-8.88676083600846,False
2025,08006,MATERNAL II,historical_share,oos_2025,oos,all,6.046533579286486,2024.0,CP FUNDAÇÃO CASA DA JOANINHA - CRECHE,30.0,parceira,matriculas_ano_anterior_proxy,True,-23.953466420713514,False
2025,08007,BERCARIO,historical_share,oos_2025,oos,all,24.749697712767773,2024.0,CP CRECHE E ESCOLA COMUNITÁRIA GENTE INOCENTE - BANGU,70.0,parceira,matriculas_ano_anterior_proxy,True,-45.25030228723223,False
2025,08007,MATERNAL I,historical_share,oos_2025,oos,all,10.953925065614488,2024.0,CP CRECHE E ESCOLA COMUNITÁRIA GENTE INOCENTE - BANGU,71.0,parceira,matriculas_ano_anterior_proxy,True,-60.046074934385516,False
2025,08007,MATERNAL II,historical_share,oos_2025,oos,all,5.3391282034088325,2024.0,CP CRECHE E ESCOLA COMUNITÁRIA GENTE INOCENTE - BANGU,69.0,parceira,matriculas_ano_anterior_proxy,True,-63.66087179659117,False
2025,08008,MATERNAL II,historical_share,oos_2025,oos,all,13.613979036540078,2024.0,CP ASSOCIAÇÃO DE MORADORES DO CONJUNTO PEDRO I E ADJACÊNCIAS,39.0,parceira,matriculas_ano_anterior_proxy,True,-25.38602096345992,False
2025,08009,BERCARIO,historical_share,oos_2025,oos,all,27.42191783134328,2024.0,CP ASSOCIAÇÃO RECREATIVA PINGUINHO DE GENTE,38.0,parceira,matriculas_ano_anterior_proxy,True,-10.57808216865672,False
2025,08009,MATERNAL I,historical_share,oos_2025,oos,all,16.306711457571623,2024.0,CP ASSOCIAÇÃO RECREATIVA PINGUINHO DE GENTE,30.0,parceira,matriculas_ano_anterior_proxy,True,-13.693288542428377,False
2025,08009,MATERNAL II,historical_share,oos_2025,oos,all,5.804720717815605,2024.0,CP ASSOCIAÇÃO RECREATIVA PINGUINHO DE GENTE,30.0,parceira,matriculas_ano_anterior_proxy,True,-24.195279282184394,False
2025,08010,BERCARIO,historical_share,oos_2025,oos,all,37.99668481434562,2024.0,CP ASSOCIAÇÃO CENTRO EDUCACIONAL REBRAL III,14.0,parceira,matriculas_ano_anterior_proxy,True,23.99668481434562,True
2025,08010,MATERNAL I,historical_share,oos_2025,oos,all,21.224630732799834,2024.0,CP ASSOCIAÇÃO CENTRO EDUCACIONAL REBRAL III,19.0,parceira,matriculas_ano_anterior_proxy,True,2.2246307327998345,True
2025,08010,MATERNAL II,historical_share,oos_2025,oos,all,9.543559969382072,2024.0,CP ASSOCIAÇÃO CENTRO EDUCACIONAL REBRAL III,21.0,parceira,matriculas_ano_anterior_proxy,True,-11.456440030617928,False
2025,08011,BERCARIO,historical_share,oos_2025,oos,all,39.34658545981013,2024.0,CP ESPAÇO DE EDUCAÇÃO INFANTIL BATAN,71.0,parceira,matriculas_ano_anterior_proxy,True,-31.65341454018987,False
2025,08011,MATERNAL I,historical_share,oos_2025,oos,all,12.214596221860996,2024.0,CP ESPAÇO DE EDUCAÇÃO INFANTIL BATAN,64.0,parceira,matriculas_ano_anterior_proxy,True,-51.785403778139006,False
2025,08011,MATERNAL II,historical_share,oos_2025,oos,all,4.2323802928617225,2024.0,CP ESPAÇO DE EDUCAÇÃO INFANTIL BATAN,59.0,parceira,matriculas_ano_anterior_proxy,True,-54.76761970713828,False
2025,08013,MATERNAL I,historical_share,oos_2025,oos,all,25.922328858343768,2024.0,CP CENTRO EDUCACIONAL LUIZA,40.0,parceira,matriculas_ano_anterior_proxy,True,-14.077671141656232,False
2025,08013,MATERNAL II,historical_share,oos_2025,oos,all,13.259399196455837,2024.0,CP CENTRO EDUCACIONAL LUIZA,60.0,parceira,matriculas_ano_anterior_proxy,True,-46.74060080354416,False
2025,08014,MATERNAL I,historical_share,oos_2025,oos,all,16.355989509508426,2024.0,"CP DO.RA., A AVENTUREIRA",24.0,parceira,matriculas_ano_anterior_proxy,True,-7.644010490491574,False
2025,08014,MATERNAL II,historical_share,oos_2025,oos,all,6.5276285892557375,2024.0,"CP DO.RA., A AVENTUREIRA",43.0,parceira,matriculas_ano_anterior_proxy,True,-36.47237141074426,False
2025,08015,BERCARIO,historical_share,oos_2025,oos,all,15.82271387247688,2024.0,CP CEM CRECHE ESCOLA MACHADO,40.0,parceira,matriculas_ano_anterior_proxy,True,-24.177286127523118,False
2025,08015,MATERNAL I,historical_share,oos_2025,oos,all,12.99595755630805,2024.0,CP CEM CRECHE ESCOLA MACHADO,78.0,parceira,matriculas_ano_anterior_proxy,True,-65.00404244369196,False
2025,08015,MATERNAL II,historical_share,oos_2025,oos,all,10.571890121544216,2024.0,CP CEM CRECHE ESCOLA MACHADO,75.0,parceira,matriculas_ano_anterior_proxy,True,-64.42810987845579,False
2025,08016,BERCARIO,historical_share,oos_2025,oos,all,34.275162442946254,2024.0,CP ASSOCIAÇÃO CENTRO EDUCACIONAL REBRAL VI,37.0,parceira,matriculas_ano_anterior_proxy,True,-2.724837557053746,False
2025,08016,MATERNAL I,historical_share,oos_2025,oos,all,27.287215156868847,2024.0,CP ASSOCIAÇÃO CENTRO EDUCACIONAL REBRAL VI,116.0,parceira,matriculas_ano_anterior_proxy,True,-88.71278484313115,False
2025,08016,MATERNAL II,historical_share,oos_2025,oos,all,16.697567016939292,2024.0,CP ASSOCIAÇÃO CENTRO EDUCACIONAL REBRAL VI,97.0,parceira,matriculas_ano_anterior_proxy,True,-80.30243298306071,False
2025,08017,BERCARIO,historical_share,oos_2025,oos,all,19.723954260184083,2024.0,CP ASSOCIAÇÃO CRECHE ESPERANÇA - REALENGO,47.0,parceira,matriculas_ano_anterior_proxy,True,-27.276045739815917,False
2025,08017,MATERNAL I,historical_share,oos_2025,oos,all,7.123221351786867,2024.0,CP ASSOCIAÇÃO CRECHE ESPERANÇA - REALENGO,56.0,parceira,matriculas_ano_anterior_proxy,True,-48.87677864821313,False
2025,08017,MATERNAL II,historical_share,oos_2025,oos,all,8.958106723739633,2024.0,CP ASSOCIAÇÃO CRECHE ESPERANÇA - REALENGO,91.0,parceira,matriculas_ano_anterior_proxy,True,-82.04189327626037,False
2025,08018,MATERNAL I,historical_share,oos_2025,oos,all,8.324967293393742,2024.0,CP CRECHE COMUNITÁRIA ESTRELINHA,26.0,parceira,matriculas_ano_anterior_proxy,True,-17.67503270660626,False
2025,08018,MATERNAL II,historical_share,oos_2025,oos,all,8.815557094264546,2024.0,CP CRECHE COMUNITÁRIA ESTRELINHA,56.0,parceira,matriculas_ano_anterior_proxy,True,-47.18444290573545,False
2025,08019,MATERNAL I,historical_share,oos_2025,oos,all,16.87477869435834,2024.0,CP ESCOLA COMUNITÁRIA JARDIM ARCO-ÍRIS - UNIDADE II,69.0,parceira,matriculas_ano_anterior_proxy,True,-52.12522130564166,False
2025,08019,MATERNAL II,historical_share,oos_2025,oos,all,7.5255306274933425,2024.0,CP ESCOLA COMUNITÁRIA JARDIM ARCO-ÍRIS - UNIDADE II,77.0,parceira,matriculas_ano_anterior_proxy,True,-69.47446937250666,False
2025,08021,BERCARIO,historical_share,oos_2025,oos,all,21.346008285167148,2024.0,CP ASSOCIAÇÃO RECREATIVA MUNDO MÁGICO DA TIA NATY,10.0,parceira,matriculas_ano_anterior_proxy,True,11.346008285167148,True
2025,08021,MATERNAL I,historical_share,oos_2025,oos,all,12.963409077162613,2024.0,CP ASSOCIAÇÃO RECREATIVA MUNDO MÁGICO DA TIA NATY,10.0,parceira,matriculas_ano_anterior_proxy,True,2.9634090771626127,True
2025,08021,MATERNAL II,historical_share,oos_2025,oos,all,5.534121586627307,2024.0,CP ASSOCIAÇÃO RECREATIVA MUNDO MÁGICO DA TIA NATY,17.0,parceira,matriculas_ano_anterior_proxy,True,-11.465878413372693,False
2025,08022,BERCARIO,historical_share,oos_2025,oos,all,27.20497657455192,2024.0,CP ASSOCIAÇÃO CRECHE ESPERANÇA - MAGALHÃES BASTOS,41.0,parceira,matriculas_ano_anterior_proxy,True,-13.795023425448079,False
2025,08022,MATERNAL I,historical_share,oos_2025,oos,all,11.81250700266346,2024.0,CP ASSOCIAÇÃO CRECHE ESPERANÇA - MAGALHÃES BASTOS,84.0,parceira,matriculas_ano_anterior_proxy,True,-72.18749299733653,False
2025,08022,MATERNAL II,historical_share,oos_2025,oos,all,10.790019029677516,2024.0,CP ASSOCIAÇÃO CRECHE ESPERANÇA - MAGALHÃES BASTOS,86.0,parceira,matriculas_ano_anterior_proxy,True,-75.20998097032248,False
2025,08023,MATERNAL I,historical_share,oos_2025,oos,all,11.161170429690012,2024.0,CP CRECHE COMUNITÁRIA IRMÃ MARIA DE LOURDES,36.0,parceira,matriculas_ano_anterior_proxy,True,-24.83882957030999,False
2025,08023,MATERNAL II,historical_share,oos_2025,oos,all,7.679508355363626,2024.0,CP CRECHE COMUNITÁRIA IRMÃ MARIA DE LOURDES,34.0,parceira,matriculas_ano_anterior_proxy,True,-26.320491644636373,False
2025,08024,BERCARIO,historical_share,oos_2025,oos,all,21.78930434268776,2024.0,CP CEM CRECHE ESCOLA MACHADO - UNIDADE I,43.0,parceira,matriculas_ano_anterior_proxy,True,-21.21069565731224,False
2025,08024,MATERNAL I,historical_share,oos_2025,oos,all,11.036333098202132,2024.0,CP CEM CRECHE ESCOLA MACHADO - UNIDADE I,38.0,parceira,matriculas_ano_anterior_proxy,True,-26.96366690179787,False
2025,08024,MATERNAL II,historical_share,oos_2025,oos,all,3.916114955542839,2024.0,CP CEM CRECHE ESCOLA MACHADO - UNIDADE I,31.0,parceira,matriculas_ano_anterior_proxy,True,-27.083885044457162,False
2025,08025,MATERNAL I,historical_share,oos_2025,oos,all,15.154638279288186,2024.0,CP ASSOCIAÇÃO RECREATIVA MONIZ BARRETO,18.0,parceira,matriculas_ano_anterior_proxy,True,-2.8453617207118143,False
2025,08025,MATERNAL II,historical_share,oos_2025,oos,all,4.2915092075319,2024.0,CP ASSOCIAÇÃO RECREATIVA MONIZ BARRETO,27.0,parceira,matriculas_ano_anterior_proxy,True,-22.7084907924681,False
2025,08027,MATERNAL I,historical_share,oos_2025,oos,all,3.183569394010068,2024.0,CP CENTRO EDUCACIONAL MUNDO DA MÔNICA,9.0,parceira,matriculas_ano_anterior_proxy,True,-5.8164306059899324,False
2025,08027,MATERNAL II,historical_share,oos_2025,oos,all,1.6718687538321555,2024.0,CP CENTRO EDUCACIONAL MUNDO DA MÔNICA,9.0,parceira,matriculas_ano_anterior_proxy,True,-7.328131246167844,False
2025,0817202,MATERNAL I,historical_share,oos_2025,oos,all,54.64930463924175,2024.0,CIEP AMILCAR CABRAL,47.0,publica,matriculas_ano_anterior_proxy,True,7.649304639241748,True
2025,0817202,MATERNAL II,historical_share,oos_2025,oos,all,19.77999158882473,2024.0,CIEP AMILCAR CABRAL,0.0,publica,matriculas_ano_anterior_proxy,True,19.77999158882473,True
2025,0817504,MATERNAL I,historical_share,oos_2025,oos,all,47.77699327371142,2024.0,CIEP ANTONIO EVARISTO DE MORAES,26.0,publica,matriculas_ano_anterior_proxy,True,21.77699327371142,True
2025,0817504,MATERNAL II,historical_share,oos_2025,oos,all,30.507578644304477,2024.0,CIEP ANTONIO EVARISTO DE MORAES,0.0,publica,matriculas_ano_anterior_proxy,True,30.507578644304477,True
2025,0817505,MATERNAL II,historical_share,oos_2025,oos,all,5.016230785468019,2024.0,CIEP MARECHAL JULIO CAETANO HORTA BARBOSA,0.0,publica,matriculas_ano_anterior_proxy,True,5.016230785468019,True
2025,0817601,BERCARIO,historical_share,oos_2025,oos,all,107.50517386194984,2024.0,CM JOSÉ FÉLIX,46.0,publica,matriculas_ano_anterior_proxy,True,61.50517386194984,True
2025,0817601,MATERNAL I,historical_share,oos_2025,oos,all,19.901061108157062,2024.0,CM JOSÉ FÉLIX,0.0,publica,matriculas_ano_anterior_proxy,True,19.901061108157062,True
2025,0817601,MATERNAL II,historical_share,oos_2025,oos,all,1.9121470799367015,2024.0,CM JOSÉ FÉLIX,70.0,publica,matriculas_ano_anterior_proxy,True,-68.0878529200633,False
2025,0817602,BERCARIO,historical_share,oos_2025,oos,all,76.42218265600422,2024.0,CM VILA PROGRESSO,43.0,publica,matriculas_ano_anterior_proxy,True,33.422182656004225,True
2025,0817602,MATERNAL I,historical_share,oos_2025,oos,all,39.31047011448364,2024.0,CM VILA PROGRESSO,40.0,publica,matriculas_ano_anterior_proxy,True,-0.6895298855163574,False
2025,0817602,MATERNAL II,historical_share,oos_2025,oos,all,37.96022510374366,2024.0,CM VILA PROGRESSO,0.0,publica,matriculas_ano_anterior_proxy,True,37.96022510374366,True
2025,0817603,BERCARIO,historical_share,oos_2025,oos,all,133.22628873912493,2024.0,CM DENTE DE LEITE,50.0,publica,matriculas_ano_anterior_proxy,True,83.22628873912493,True
2025,0817603,MATERNAL I,historical_share,oos_2025,oos,all,56.3246830971594,2024.0,CM DENTE DE LEITE,74.0,publica,matriculas_ano_anterior_proxy,True,-17.6753169028406,False
2025,0817603,MATERNAL II,historical_share,oos_2025,oos,all,17.64526809460977,2024.0,CM DENTE DE LEITE,0.0,publica,matriculas_ano_anterior_proxy,True,17.64526809460977,True
2025,0817604,MATERNAL I,historical_share,oos_2025,oos,all,38.54683037270463,2024.0,CM DRAMATURGO ALFREDO DE FREITAS DIAS GOMES,44.0,publica,matriculas_ano_anterior_proxy,True,-5.453169627295367,False
2025,0817604,MATERNAL II,historical_share,oos_2025,oos,all,32.72457250803892,2024.0,CM DRAMATURGO ALFREDO DE FREITAS DIAS GOMES,0.0,publica,matriculas_ano_anterior_proxy,True,32.72457250803892,True
2025,0817605,BERCARIO,historical_share,oos_2025,oos,all,23.765637073886676,2024.0,CM MANÉ GARRINCHA II,15.0,publica,matriculas_ano_anterior_proxy,True,8.765637073886676,True
2025,0817605,MATERNAL I,historical_share,oos_2025,oos,all,7.260570126268635,2024.0,CM MANÉ GARRINCHA II,47.0,publica,matriculas_ano_anterior_proxy,True,-39.73942987373137,False
2025,0817605,MATERNAL II,historical_share,oos_2025,oos,all,0.0045061222003204,2024.0,CM MANÉ GARRINCHA II,0.0,publica,matriculas_ano_anterior_proxy,True,0.0045061222003204,True
2025,0817606,MATERNAL I,historical_share,oos_2025,oos,all,48.5132046368249,2024.0,CM MEIMEI,48.0,publica,matriculas_ano_anterior_proxy,True,0.5132046368249021,True
2025,0817606,MATERNAL II,historical_share,oos_2025,oos,all,24.39898600400434,2024.0,CM MEIMEI,0.0,publica,matriculas_ano_anterior_proxy,True,24.39898600400434,True
2025,0817607,BERCARIO,historical_share,oos_2025,oos,all,153.25807018080548,2024.0,CM MULHERES DO QUAFÁ,50.0,publica,matriculas_ano_anterior_proxy,True,103.25807018080548,True
2025,0817607,MATERNAL I,historical_share,oos_2025,oos,all,98.4018826434393,2024.0,CM MULHERES DO QUAFÁ,0.0,publica,matriculas_ano_anterior_proxy,True,98.4018826434393,True
2025,0817607,MATERNAL II,historical_share,oos_2025,oos,all,52.64139137595927,2024.0,CM MULHERES DO QUAFÁ,100.0,publica,matriculas_ano_anterior_proxy,True,-47.35860862404073,False
2025,0817608,MATERNAL I,historical_share,oos_2025,oos,all,57.48683097484578,2024.0,CM NOVA ALIANÇA,0.0,publica,matriculas_ano_anterior_proxy,True,57.48683097484578,True
2025,0817608,MATERNAL II,historical_share,oos_2025,oos,all,25.670660040515195,2024.0,CM NOVA ALIANÇA,46.0,publica,matriculas_ano_anterior_proxy,True,-20.329339959484805,False
2025,0817609,BERCARIO,historical_share,oos_2025,oos,all,162.86506052684962,2024.0,CM RECANTO FELIZ,93.0,publica,matriculas_ano_anterior_proxy,True,69.86506052684962,True
2025,0817609,MATERNAL I,historical_share,oos_2025,oos,all,65.85304879251277,2024.0,CM RECANTO FELIZ,0.0,publica,matriculas_ano_anterior_proxy,True,65.85304879251277,True
2025,0817609,MATERNAL II,historical_share,oos_2025,oos,all,25.359181300036692,2024.0,CM RECANTO FELIZ,69.0,publica,matriculas_ano_anterior_proxy,True,-43.640818699963305,False
2025,0817610,MATERNAL I,historical_share,oos_2025,oos,all,35.18998436176784,2024.0,CM SEMPRE VIDA FAZENDA COQUEIROS,0.0,publica,matriculas_ano_anterior_proxy,True,35.18998436176784,True
2025,0817610,MATERNAL II,historical_share,oos_2025,oos,all,40.17788252840433,2024.0,CM SEMPRE VIDA FAZENDA COQUEIROS,52.0,publica,matriculas_ano_anterior_proxy,True,-11.822117471595668,False
2025,0817611,MATERNAL I,historical_share,oos_2025,oos,all,11.612287034929526,2024.0,CM TIA ELZA,25.0,publica,matriculas_ano_anterior_proxy,True,-13.387712965070474,False
2025,0817611,MATERNAL II,historical_share,oos_2025,oos,all,3.614862165621808,2024.0,CM TIA ELZA,0.0,publica,matriculas_ano_anterior_proxy,True,3.614862165621808,True
2025,0817612,BERCARIO,historical_share,oos_2025,oos,all,74.86855765761143,2024.0,CM VILA KENNEDY,50.0,publica,matriculas_ano_anterior_proxy,True,24.868557657611433,True
2025,0817612,MATERNAL I,historical_share,oos_2025,oos,all,50.75192499646897,2024.0,CM VILA KENNEDY,0.0,publica,matriculas_ano_anterior_proxy,True,50.75192499646897,True
2025,0817612,MATERNAL II,historical_share,oos_2025,oos,all,40.5774475136764,2024.0,CM VILA KENNEDY,100.0,publica,matriculas_ano_anterior_proxy,True,-59.4225524863236,False
2025,0817613,MATERNAL I,historical_share,oos_2025,oos,all,87.10421561732227,2024.0,CM CÉLIA ALENCAR,37.0,publica,matriculas_ano_anterior_proxy,True,50.10421561732227,True
2025,0817613,MATERNAL II,historical_share,oos_2025,oos,all,60.46928636310716,2024.0,CM CÉLIA ALENCAR,0.0,publica,matriculas_ano_anterior_proxy,True,60.46928636310716,True
2025,0817614,BERCARIO,historical_share,oos_2025,oos,all,57.117318953701385,2024.0,CM FAZENDA COQUEIROS II,21.0,publica,matriculas_ano_anterior_proxy,True,36.117318953701385,True
2025,0817614,MATERNAL I,historical_share,oos_2025,oos,all,62.45743432484665,2024.0,CM FAZENDA COQUEIROS II,0.0,publica,matriculas_ano_anterior_proxy,True,62.45743432484665,True
2025,0817614,MATERNAL II,historical_share,oos_2025,oos,all,34.00049530453283,2024.0,CM FAZENDA COQUEIROS II,47.0,publica,matriculas_ano_anterior_proxy,True,-12.999504695467166,False
2025,0817615,BERCARIO,historical_share,oos_2025,oos,all,29.97616562047374,2024.0,CM VILA UNIÃO DA PAZ,25.0,publica,matriculas_ano_anterior_proxy,True,4.97616562047374,True
2025,0817615,MATERNAL I,historical_share,oos_2025,oos,all,14.324891180540536,2024.0,CM VILA UNIÃO DA PAZ,41.0,publica,matriculas_ano_anterior_proxy,True,-26.675108819459464,False
2025,0817615,MATERNAL II,historical_share,oos_2025,oos,all,3.996957457086215,2024.0,CM VILA UNIÃO DA PAZ,0.0,publica,matriculas_ano_anterior_proxy,True,3.996957457086215,True
2025,0817616,MATERNAL I,historical_share,oos_2025,oos,all,26.98293025138262,2024.0,CM PROFESSORA MARIA ASSUMPÇÃO,0.0,publica,matriculas_ano_anterior_proxy,True,26.98293025138262,True
2025,0817616,MATERNAL II,historical_share,oos_2025,oos,all,18.448960364668963,2024.0,CM PROFESSORA MARIA ASSUMPÇÃO,24.0,publica,matriculas_ano_anterior_proxy,True,-5.551039635331037,False
2025,0817617,BERCARIO,historical_share,oos_2025,oos,all,113.02349722195436,2024.0,CM JOSÉ MANOEL IBARRA PEREZ,49.0,publica,matriculas_ano_anterior_proxy,True,64.02349722195436,True
2025,0817617,MATERNAL I,historical_share,oos_2025,oos,all,39.42951111126048,2024.0,CM JOSÉ MANOEL IBARRA PEREZ,0.0,publica,matriculas_ano_anterior_proxy,True,39.42951111126048,True
2025,0817617,MATERNAL II,historical_share,oos_2025,oos,all,26.683621363676718,2024.0,CM JOSÉ MANOEL IBARRA PEREZ,49.0,publica,matriculas_ano_anterior_proxy,True,-22.316378636323282,False
2025,0817618,MATERNAL I,historical_share,oos_2025,oos,all,94.42881288983357,2024.0,CM JANETE CLAIR,0.0,publica,matriculas_ano_anterior_proxy,True,94.42881288983357,True
2025,0817618,MATERNAL II,historical_share,oos_2025,oos,all,53.43147285725047,2024.0,CM JANETE CLAIR,84.0,publica,matriculas_ano_anterior_proxy,True,-30.56852714274953,False
2025,0817619,BERCARIO,historical_share,oos_2025,oos,all,31.1229776004513,2024.0,CM PROFESSORA REGINA MARIA DA MATTA MONTEZANO,44.0,publica,matriculas_ano_anterior_proxy,True,-12.8770223995487,False
2025,0817619,MATERNAL I,historical_share,oos_2025,oos,all,26.892543406426583,2024.0,CM PROFESSORA REGINA MARIA DA MATTA MONTEZANO,0.0,publica,matriculas_ano_anterior_proxy,True,26.892543406426583,True
2025,0817619,MATERNAL II,historical_share,oos_2025,oos,all,12.16721354052452,2024.0,CM PROFESSORA REGINA MARIA DA MATTA MONTEZANO,50.0,publica,matriculas_ano_anterior_proxy,True,-37.83278645947548,False
2025,0817801,BERCARIO,historical_share,oos_2025,oos,all,53.90323656701812,2024.0,EDI PROFESSORA TÂNIA MARIA LARRUBIA GOMES,50.0,publica,matriculas_ano_anterior_proxy,True,3.9032365670181193,True
2025,0817801,MATERNAL I,historical_share,oos_2025,oos,all,86.7892766804461,2024.0,EDI PROFESSORA TÂNIA MARIA LARRUBIA GOMES,46.0,publica,matriculas_ano_anterior_proxy,True,40.78927668044609,True
2025,0817801,MATERNAL II,historical_share,oos_2025,oos,all,43.30646546233753,2024.0,EDI PROFESSORA TÂNIA MARIA LARRUBIA GOMES,0.0,publica,matriculas_ano_anterior_proxy,True,43.30646546233753,True
2025,0817802,MATERNAL I,historical_share,oos_2025,oos,all,28.518216416011715,2024.0,EDI PROFESSOR REINALDO JOSÉ DE ARAGÃO BARBOSA,0.0,publica,matriculas_ano_anterior_proxy,True,28.518216416011715,True
2025,0817802,MATERNAL II,historical_share,oos_2025,oos,all,2.197363903104121,2024.0,EDI PROFESSOR REINALDO JOSÉ DE ARAGÃO BARBOSA,49.0,publica,matriculas_ano_anterior_proxy,True,-46.80263609689588,False
2025,0817803,BERCARIO,historical_share,oos_2025,oos,all,64.15856280587646,2024.0,EDI JOSÉ EPHIM MINDLIN,50.0,publica,matriculas_ano_anterior_proxy,True,14.158562805876457,True
2025,0817803,MATERNAL I,historical_share,oos_2025,oos,all,52.91251726199428,2024.0,EDI JOSÉ EPHIM MINDLIN,0.0,publica,matriculas_ano_anterior_proxy,True,52.91251726199428,True
2025,0817803,MATERNAL II,historical_share,oos_2025,oos,all,36.19765737494743,2024.0,EDI JOSÉ EPHIM MINDLIN,50.0,publica,matriculas_ano_anterior_proxy,True,-13.802342625052567,False
2025,0817804,BERCARIO,historical_share,oos_2025,oos,all,113.4205683101323,2024.0,EDI PROFESSORA EDITH MARQUES DE SOUZA,23.0,publica,matriculas_ano_anterior_proxy,True,90.4205683101323,True
2025,0817804,MATERNAL I,historical_share,oos_2025,oos,all,38.57306564820996,2024.0,EDI PROFESSORA EDITH MARQUES DE SOUZA,23.0,publica,matriculas_ano_anterior_proxy,True,15.573065648209962,True
2025,0817804,MATERNAL II,historical_share,oos_2025,oos,all,21.423750110082725,2024.0,EDI PROFESSORA EDITH MARQUES DE SOUZA,0.0,publica,matriculas_ano_anterior_proxy,True,21.423750110082725,True
2025,0817805,MATERNAL I,historical_share,oos_2025,oos,all,46.20479258427847,2024.0,EDI RAFAEL PEREIRA DA SILVA,38.0,publica,matriculas_ano_anterior_proxy,True,8.204792584278472,True
2025,0817805,MATERNAL II,historical_share,oos_2025,oos,all,23.360861827762456,2024.0,EDI RAFAEL PEREIRA DA SILVA,0.0,publica,matriculas_ano_anterior_proxy,True,23.360861827762456,True
2025,0817806,BERCARIO,historical_share,oos_2025,oos,all,14.708250720963203,2024.0,EDI PROFESSORA MARIA YEDDA LEITE LINHARES,50.0,publica,matriculas_ano_anterior_proxy,True,-35.29174927903679,False
2025,0817806,MATERNAL I,historical_share,oos_2025,oos,all,24.188439866317577,2024.0,EDI PROFESSORA MARIA YEDDA LEITE LINHARES,0.0,publica,matriculas_ano_anterior_proxy,True,24.188439866317577,True
2025,0817806,MATERNAL II,historical_share,oos_2025,oos,all,13.55800444461967,2024.0,EDI PROFESSORA MARIA YEDDA LEITE LINHARES,48.0,publica,matriculas_ano_anterior_proxy,True,-34.44199555538033,False
2025,0817807,BERCARIO,historical_share,oos_2025,oos,all,64.12130830604323,2024.0,EDI MARIA DO CARMO SOUZA PIRAN,50.0,publica,matriculas_ano_anterior_proxy,True,14.121308306043233,True
2025,0817807,MATERNAL I,historical_share,oos_2025,oos,all,24.46208315289272,2024.0,EDI MARIA DO CARMO SOUZA PIRAN,26.0,publica,matriculas_ano_anterior_proxy,True,-1.5379168471072795,False
2025,0817807,MATERNAL II,historical_share,oos_2025,oos,all,28.538882692104035,2024.0,EDI MARIA DO CARMO SOUZA PIRAN,24.0,publica,matriculas_ano_anterior_proxy,True,4.5388826921040355,True
2025,0817808,BERCARIO,historical_share,oos_2025,oos,all,101.64176658969212,2024.0,EDI PROFESSOR ANTONIO FLAVIO PIERUCCI,25.0,publica,matriculas_ano_anterior_proxy,True,76.64176658969212,True
2025,0817808,MATERNAL I,historical_share,oos_2025,oos,all,89.73882441540651,2024.0,EDI PROFESSOR ANTONIO FLAVIO PIERUCCI,0.0,publica,matriculas_ano_anterior_proxy,True,89.73882441540651,True
2025,0817808,MATERNAL II,historical_share,oos_2025,oos,all,87.74571341861115,2024.0,EDI PROFESSOR ANTONIO FLAVIO PIERUCCI,74.0,publica,matriculas_ano_anterior_proxy,True,13.745713418611146,True
2025,0817809,MATERNAL II,historical_share,oos_2025,oos,all,49.04497431588228,2024.0,EDI REPÚBLICA ÁRABE UNIDA,0.0,publica,matriculas_ano_anterior_proxy,True,49.04497431588228,True
2025,0817810,MATERNAL I,historical_share,oos_2025,oos,all,28.17982729034434,2024.0,EDI VILA DO VINTÉM,0.0,publica,matriculas_ano_anterior_proxy,True,28.17982729034434,True
2025,0817810,MATERNAL II,historical_share,oos_2025,oos,all,30.31834931139685,2024.0,EDI VILA DO VINTÉM,89.0,publica,matriculas_ano_anterior_proxy,True,-58.68165068860315,False
2025,0817814,BERCARIO,historical_share,oos_2025,oos,all,88.5476431852394,2024.0,EDI PROFESSORA GIOVANA BANSI,25.0,publica,matriculas_ano_anterior_proxy,True,63.547643185239394,True
2025,0817814,MATERNAL I,historical_share,oos_2025,oos,all,111.16214363879682,2024.0,EDI PROFESSORA GIOVANA BANSI,0.0,publica,matriculas_ano_anterior_proxy,True,111.16214363879682,True
2025,0817814,MATERNAL II,historical_share,oos_2025,oos,all,117.51746583319589,2024.0,EDI PROFESSORA GIOVANA BANSI,48.0,publica,matriculas_ano_anterior_proxy,True,69.51746583319589,True
2025,0817815,BERCARIO,historical_share,oos_2025,oos,all,63.9673854276862,2024.0,EDI SENHOR JOÃO GOMES,23.0,publica,matriculas_ano_anterior_proxy,True,40.9673854276862,True
2025,0817815,MATERNAL I,historical_share,oos_2025,oos,all,38.44088689478048,2024.0,EDI SENHOR JOÃO GOMES,0.0,publica,matriculas_ano_anterior_proxy,True,38.44088689478048,True
2025,0817815,MATERNAL II,historical_share,oos_2025,oos,all,67.77966441462482,2024.0,EDI SENHOR JOÃO GOMES,25.0,publica,matriculas_ano_anterior_proxy,True,42.77966441462482,True
2025,0833505,MATERNAL II,historical_share,oos_2025,oos,all,39.567145937132274,2024.0,CIEP ARACY DE ALMEIDA (CANTORA),0.0,publica,matriculas_ano_anterior_proxy,True,39.567145937132274,True
2025,0833601,BERCARIO,historical_share,oos_2025,oos,all,23.72087903892971,2024.0,CM CASA DE REALENGO,47.0,publica,matriculas_ano_anterior_proxy,True,-23.27912096107029,False
2025,0833601,MATERNAL I,historical_share,oos_2025,oos,all,88.89888522159339,2024.0,CM CASA DE REALENGO,24.0,publica,matriculas_ano_anterior_proxy,True,64.89888522159339,True
2025,0833601,MATERNAL II,historical_share,oos_2025,oos,all,11.683550680077278,2024.0,CM CASA DE REALENGO,0.0,publica,matriculas_ano_anterior_proxy,True,11.683550680077278,True
2025,0833602,BERCARIO,historical_share,oos_2025,oos,all,16.29899428936092,2024.0,CM JULINHO CACAU,49.0,publica,matriculas_ano_anterior_proxy,True,-32.70100571063908,False
2025,0833602,MATERNAL I,historical_share,oos_2025,oos,all,26.36099111946584,2024.0,CM JULINHO CACAU,23.0,publica,matriculas_ano_anterior_proxy,True,3.36099111946584,True
2025,0833602,MATERNAL II,historical_share,oos_2025,oos,all,60.37551110245257,2024.0,CM JULINHO CACAU,21.0,publica,matriculas_ano_anterior_proxy,True,39.37551110245257,True
2025,0833603,BERCARIO,historical_share,oos_2025,oos,all,286.90872713860136,2024.0,CM SILVEIRINHA,49.0,publica,matriculas_ano_anterior_proxy,True,237.90872713860136,True
2025,0833603,MATERNAL I,historical_share,oos_2025,oos,all,89.90178000777873,2024.0,CM SILVEIRINHA,70.0,publica,matriculas_ano_anterior_proxy,True,19.901780007778726,True
2025,0833603,MATERNAL II,historical_share,oos_2025,oos,all,21.072115052743204,2024.0,CM SILVEIRINHA,0.0,publica,matriculas_ano_anterior_proxy,True,21.072115052743204,True
2025,0833801,BERCARIO,historical_share,oos_2025,oos,all,46.274959059071975,2024.0,EDI GESSICA GUEDES PEREIRA,25.0,publica,matriculas_ano_anterior_proxy,True,21.274959059071975,True
2025,0833801,MATERNAL I,historical_share,oos_2025,oos,all,26.45083760939545,2024.0,EDI GESSICA GUEDES PEREIRA,44.0,publica,matriculas_ano_anterior_proxy,True,-17.54916239060455,False
2025,0833801,MATERNAL II,historical_share,oos_2025,oos,all,13.596089663743983,2024.0,EDI GESSICA GUEDES PEREIRA,0.0,publica,matriculas_ano_anterior_proxy,True,13.596089663743983,True
2025,0833802,BERCARIO,historical_share,oos_2025,oos,all,81.93254002246766,2024.0,EDI PROFESSORA ZENA ELIAN,39.0,publica,matriculas_ano_anterior_proxy,True,42.93254002246766,True
2025,0833802,MATERNAL I,historical_share,oos_2025,oos,all,31.65105599404996,2024.0,EDI PROFESSORA ZENA ELIAN,0.0,publica,matriculas_ano_anterior_proxy,True,31.65105599404996,True
2025,0833802,MATERNAL II,historical_share,oos_2025,oos,all,21.928274075988377,2024.0,EDI PROFESSORA ZENA ELIAN,30.0,publica,matriculas_ano_anterior_proxy,True,-8.071725924011623,False
2025,0833803,MATERNAL I,historical_share,oos_2025,oos,all,136.32772543822247,2024.0,EDI FREI ORLANDO,24.0,publica,matriculas_ano_anterior_proxy,True,112.32772543822247,True
2025,0833803,MATERNAL II,historical_share,oos_2025,oos,all,87.3818084789758,2024.0,EDI FREI ORLANDO,0.0,publica,matriculas_ano_anterior_proxy,True,87.3818084789758,True
2025,0833805,MATERNAL I,historical_share,oos_2025,oos,all,52.69252751804363,2024.0,EDI DEODORO,19.0,publica,matriculas_ano_anterior_proxy,True,33.69252751804363,True
2025,0833805,MATERNAL II,historical_share,oos_2025,oos,all,38.82538040992649,2024.0,EDI DEODORO,0.0,publica,matriculas_ano_anterior_proxy,True,38.82538040992649,True
2025,0833806,BERCARIO,historical_share,oos_2025,oos,all,150.46874410074437,2024.0,EDI PROFESSOR CRISTIANO PINTO DE MORAES BISPO,47.0,publica,matriculas_ano_anterior_proxy,True,103.46874410074437,True
2025,0833806,MATERNAL I,historical_share,oos_2025,oos,all,161.85172856673628,2024.0,EDI PROFESSOR CRISTIANO PINTO DE MORAES BISPO,0.0,publica,matriculas_ano_anterior_proxy,True,161.85172856673628,True
2025,0833806,MATERNAL II,historical_share,oos_2025,oos,all,77.84637562328248,2024.0,EDI PROFESSOR CRISTIANO PINTO DE MORAES BISPO,71.0,publica,matriculas_ano_anterior_proxy,True,6.8463756232824835,True
2025,0833807,BERCARIO,historical_share,oos_2025,oos,all,42.90685355141035,2024.0,EDI LUIZA PAULA DA SILVEIRA MACHADO,25.0,publica,matriculas_ano_anterior_proxy,True,17.90685355141035,True
2025,0833807,MATERNAL I,historical_share,oos_2025,oos,all,29.12680950273132,2024.0,EDI LUIZA PAULA DA SILVEIRA MACHADO,50.0,publica,matriculas_ano_anterior_proxy,True,-20.87319049726868,False
2025,0833807,MATERNAL II,historical_share,oos_2025,oos,all,5.229841233330784,2024.0,EDI LUIZA PAULA DA SILVEIRA MACHADO,0.0,publica,matriculas_ano_anterior_proxy,True,5.229841233330784,True
2025,0833808,BERCARIO,historical_share,oos_2025,oos,all,59.96236899886637,2024.0,EDI PROFESSORA VANUZIA BASTOS DA SILVA,25.0,publica,matriculas_ano_anterior_proxy,True,34.96236899886637,True
2025,0833808,MATERNAL I,historical_share,oos_2025,oos,all,11.37370349505279,2024.0,EDI PROFESSORA VANUZIA BASTOS DA SILVA,0.0,publica,matriculas_ano_anterior_proxy,True,11.37370349505279,True
2025,0833808,MATERNAL II,historical_share,oos_2025,oos,all,18.09311368847155,2024.0,EDI PROFESSORA VANUZIA BASTOS DA SILVA,20.0,publica,matriculas_ano_anterior_proxy,True,-1.9068863115284493,False
2025,0833809,BERCARIO,historical_share,oos_2025,oos,all,77.46520806489738,2024.0,EDI PROFESSORA MARIA CECILIA FERREIRA,24.0,publica,matriculas_ano_anterior_proxy,True,53.46520806489738,True
2025,0833809,MATERNAL I,historical_share,oos_2025,oos,all,54.22869673179627,2024.0,EDI PROFESSORA MARIA CECILIA FERREIRA,50.0,publica,matriculas_ano_anterior_proxy,True,4.228696731796269,True
2025,0833809,MATERNAL II,historical_share,oos_2025,oos,all,28.82320865804549,2024.0,EDI PROFESSORA MARIA CECILIA FERREIRA,0.0,publica,matriculas_ano_anterior_proxy,True,28.82320865804549,True
2025,0833810,BERCARIO,historical_share,oos_2025,oos,all,119.61705016008018,2024.0,EDI MEDALHISTA OLÍMPICO SERGIO DUTRA DOS SANTOS,35.0,publica,matriculas_ano_anterior_proxy,True,84.61705016008018,True
2025,0833810,MATERNAL I,historical_share,oos_2025,oos,all,28.575697655356034,2024.0,EDI MEDALHISTA OLÍMPICO SERGIO DUTRA DOS SANTOS,25.0,publica,matriculas_ano_anterior_proxy,True,3.5756976553560342,True
2025,0833810,MATERNAL II,historical_share,oos_2025,oos,all,15.571374035035976,2024.0,EDI MEDALHISTA OLÍMPICO SERGIO DUTRA DOS SANTOS,0.0,publica,matriculas_ano_anterior_proxy,True,15.571374035035976,True
2025,0833811,BERCARIO,historical_share,oos_2025,oos,all,96.50987781670868,2024.0,EDI MEDALHISTA OLÍMPICA RAFAELA LOPES SILVA,49.0,publica,matriculas_ano_anterior_proxy,True,47.50987781670868,True
2025,0833811,MATERNAL I,historical_share,oos_2025,oos,all,89.82788738355417,2024.0,EDI MEDALHISTA OLÍMPICA RAFAELA LOPES SILVA,47.0,publica,matriculas_ano_anterior_proxy,True,42.82788738355417,True
2025,0833811,MATERNAL II,historical_share,oos_2025,oos,all,56.64293231662522,2024.0,EDI MEDALHISTA OLÍMPICA RAFAELA LOPES SILVA,0.0,publica,matriculas_ano_anterior_proxy,True,56.64293231662522,True
2025,09001,MATERNAL I,historical_share,oos_2025,oos,all,10.300330608342758,2024.0,CP CRECHE COMUNITÁRIA SANTA RITA,15.0,parceira,matriculas_ano_anterior_proxy,True,-4.699669391657242,False
2025,09001,MATERNAL II,historical_share,oos_2025,oos,all,3.628903238708797,2024.0,CP CRECHE COMUNITÁRIA SANTA RITA,20.0,parceira,matriculas_ano_anterior_proxy,True,-16.371096761291202,False
2025,09002,MATERNAL I,historical_share,oos_2025,oos,all,4.67346053052383,2024.0,CP CRECHE SAGRADA FAMÍLIA,15.0,parceira,matriculas_ano_anterior_proxy,True,-10.32653946947617,False
2025,09002,MATERNAL II,historical_share,oos_2025,oos,all,1.4870751621386178,2024.0,CP CRECHE SAGRADA FAMÍLIA,19.0,parceira,matriculas_ano_anterior_proxy,True,-17.512924837861384,False
2025,09003,MATERNAL I,historical_share,oos_2025,oos,all,6.153302925343207,2024.0,CP CRECHE SÃO JORGE,15.0,parceira,matriculas_ano_anterior_proxy,True,-8.846697074656792,False
2025,09003,MATERNAL II,historical_share,oos_2025,oos,all,1.787305220168796,2024.0,CP CRECHE SÃO JORGE,20.0,parceira,matriculas_ano_anterior_proxy,True,-18.212694779831203,False
2025,09004,BERCARIO,historical_share,oos_2025,oos,all,18.626779906202668,2024.0,CP CRECHE E PRÉ-ESCOLA CANTINHO DO SABER,36.0,parceira,matriculas_ano_anterior_proxy,True,-17.373220093797332,False
2025,09004,MATERNAL I,historical_share,oos_2025,oos,all,11.845638876618592,2024.0,CP CRECHE E PRÉ-ESCOLA CANTINHO DO SABER,65.0,parceira,matriculas_ano_anterior_proxy,True,-53.154361123381406,False
2025,09004,MATERNAL II,historical_share,oos_2025,oos,all,3.325181365626256,2024.0,CP CRECHE E PRÉ-ESCOLA CANTINHO DO SABER,64.0,parceira,matriculas_ano_anterior_proxy,True,-60.67481863437374,False
2025,09007,BERCARIO,historical_share,oos_2025,oos,all,3.0160791801004625,2024.0,CP INSTITUTO AVELINO - CAMPO GRANDE,16.0,parceira,matriculas_ano_anterior_proxy,True,-12.983920819899538,False
2025,09007,MATERNAL I,historical_share,oos_2025,oos,all,1.600408937040729,2024.0,CP INSTITUTO AVELINO - CAMPO GRANDE,23.0,parceira,matriculas_ano_anterior_proxy,True,-21.39959106295927,False
2025,09007,MATERNAL II,historical_share,oos_2025,oos,all,3.570104318137272,2024.0,CP INSTITUTO AVELINO - CAMPO GRANDE,46.0,parceira,matriculas_ano_anterior_proxy,True,-42.42989568186273,False
2025,09008,BERCARIO,historical_share,oos_2025,oos,all,9.09029815537522,2024.0,CP CRECHE COMUNITÁRIA ANA & LU,22.0,parceira,matriculas_ano_anterior_proxy,True,-12.90970184462478,False
2025,09008,MATERNAL I,historical_share,oos_2025,oos,all,3.93638535125256,2024.0,CP CRECHE COMUNITÁRIA ANA & LU,25.0,parceira,matriculas_ano_anterior_proxy,True,-21.06361464874744,False
2025,09008,MATERNAL II,historical_share,oos_2025,oos,all,0.8959056711845582,2024.0,CP CRECHE COMUNITÁRIA ANA & LU,19.0,parceira,matriculas_ano_anterior_proxy,True,-18.104094328815442,False
2025,09009,BERCARIO,historical_share,oos_2025,oos,all,16.67317726706877,2024.0,CP CRECHE COMUNITÁRIA CRIANÇAS DE OURO,16.0,parceira,matriculas_ano_anterior_proxy,True,0.6731772670687697,True
2025,09009,MATERNAL I,historical_share,oos_2025,oos,all,10.44873591315769,2024.0,CP CRECHE COMUNITÁRIA CRIANÇAS DE OURO,43.0,parceira,matriculas_ano_anterior_proxy,True,-32.55126408684231,False
2025,09009,MATERNAL II,historical_share,oos_2025,oos,all,6.77508452016179,2024.0,CP CRECHE COMUNITÁRIA CRIANÇAS DE OURO,41.0,parceira,matriculas_ano_anterior_proxy,True,-34.22491547983821,False
2025,09010,MATERNAL I,historical_share,oos_2025,oos,all,19.37087695553465,2024.0,CP CRECHE JARDIM ESCOLA RIO DA PRATA,43.0,parceira,matriculas_ano_anterior_proxy,True,-23.62912304446535,False
2025,09010,MATERNAL II,historical_share,oos_2025,oos,all,8.02710206305846,2024.0,CP CRECHE JARDIM ESCOLA RIO DA PRATA,67.0,parceira,matriculas_ano_anterior_proxy,True,-58.972897936941536,False
2025,09011,BERCARIO,historical_share,oos_2025,oos,all,26.986756298973283,2024.0,CP CRECHE NOVA JERUSALÉM EM CAMPO GRANDE,49.0,parceira,matriculas_ano_anterior_proxy,True,-22.013243701026717,False
2025,09011,MATERNAL I,historical_share,oos_2025,oos,all,8.041449384677234,2024.0,CP CRECHE NOVA JERUSALÉM EM CAMPO GRANDE,48.0,parceira,matriculas_ano_anterior_proxy,True,-39.958550615322764,False
2025,09011,MATERNAL II,historical_share,oos_2025,oos,all,3.045178138775305,2024.0,CP CRECHE NOVA JERUSALÉM EM CAMPO GRANDE,47.0,parceira,matriculas_ano_anterior_proxy,True,-43.954821861224694,False
2025,09012,BERCARIO,historical_share,oos_2025,oos,all,22.833828088575093,2024.0,CP CRECHE COMUNITÁRIA TIA NEIDE - CAMPO GRANDE,19.0,parceira,matriculas_ano_anterior_proxy,True,3.8338280885750926,True
2025,09012,MATERNAL I,historical_share,oos_2025,oos,all,20.64666437042439,2024.0,CP CRECHE COMUNITÁRIA TIA NEIDE - CAMPO GRANDE,73.0,parceira,matriculas_ano_anterior_proxy,True,-52.35333562957561,False
2025,09012,MATERNAL II,historical_share,oos_2025,oos,all,5.051799512211877,2024.0,CP CRECHE COMUNITÁRIA TIA NEIDE - CAMPO GRANDE,60.0,parceira,matriculas_ano_anterior_proxy,True,-54.94820048778812,False
2025,09013,BERCARIO,historical_share,oos_2025,oos,all,15.59398535755752,2024.0,CP CRECHE COMUNITÁRIA SOL DO SABER,16.0,parceira,matriculas_ano_anterior_proxy,True,-0.4060146424424804,False
2025,09013,MATERNAL I,historical_share,oos_2025,oos,all,9.71763339976913,2024.0,CP CRECHE COMUNITÁRIA SOL DO SABER,38.0,parceira,matriculas_ano_anterior_proxy,True,-28.28236660023087,False
2025,09013,MATERNAL II,historical_share,oos_2025,oos,all,7.108519992994874,2024.0,CP CRECHE COMUNITÁRIA SOL DO SABER,50.0,parceira,matriculas_ano_anterior_proxy,True,-42.89148000700513,False
2025,09014,BERCARIO,historical_share,oos_2025,oos,all,31.145884154342944,2024.0,CP INSTITUTO DE ENSINO AVANÇADO,17.0,parceira,matriculas_ano_anterior_proxy,True,14.145884154342944,True
2025,09014,MATERNAL I,historical_share,oos_2025,oos,all,22.040131839639454,2024.0,CP INSTITUTO DE ENSINO AVANÇADO,42.0,parceira,matriculas_ano_anterior_proxy,True,-19.959868160360546,False
2025,09014,MATERNAL II,historical_share,oos_2025,oos,all,14.041354758592536,2024.0,CP INSTITUTO DE ENSINO AVANÇADO,56.0,parceira,matriculas_ano_anterior_proxy,True,-41.95864524140747,False
2025,09017,BERCARIO,historical_share,oos_2025,oos,all,8.293162298323017,2024.0,CP ESPAÇO CRESCER,13.0,parceira,matriculas_ano_anterior_proxy,True,-4.706837701676983,False
2025,09017,MATERNAL I,historical_share,oos_2025,oos,all,22.0671758330448,2024.0,CP ESPAÇO CRESCER,73.0,parceira,matriculas_ano_anterior_proxy,True,-50.9328241669552,False
2025,09017,MATERNAL II,historical_share,oos_2025,oos,all,16.56028244314721,2024.0,CP ESPAÇO CRESCER,92.0,parceira,matriculas_ano_anterior_proxy,True,-75.4397175568528,False
2025,09018,BERCARIO,historical_share,oos_2025,oos,all,13.67747955952113,2024.0,CP ESPAÇO DE DESENVOLVIMENTO CARIOQUINHA,40.0,parceira,matriculas_ano_anterior_proxy,True,-26.32252044047887,False
2025,09018,MATERNAL I,historical_share,oos_2025,oos,all,4.639078152663556,2024.0,CP ESPAÇO DE DESENVOLVIMENTO CARIOQUINHA,25.0,parceira,matriculas_ano_anterior_proxy,True,-20.360921847336442,False
2025,09018,MATERNAL II,historical_share,oos_2025,oos,all,3.116146843638088,2024.0,CP ESPAÇO DE DESENVOLVIMENTO CARIOQUINHA,59.0,parceira,matriculas_ano_anterior_proxy,True,-55.88385315636191,False
2025,09019,BERCARIO,historical_share,oos_2025,oos,all,18.096083716471224,2024.0,CP ASSOCIAÇÃO DE MORADORES UNIÃO DAS BASES DE URUCÂNIA E ADJACÊNCIAS - COSMOS,24.0,parceira,matriculas_ano_anterior_proxy,True,-5.903916283528776,False
2025,09019,MATERNAL I,historical_share,oos_2025,oos,all,11.818977292773166,2024.0,CP ASSOCIAÇÃO DE MORADORES UNIÃO DAS BASES DE URUCÂNIA E ADJACÊNCIAS - COSMOS,32.0,parceira,matriculas_ano_anterior_proxy,True,-20.181022707226834,False
2025,09019,MATERNAL II,historical_share,oos_2025,oos,all,3.009270973423967,2024.0,CP ASSOCIAÇÃO DE MORADORES UNIÃO DAS BASES DE URUCÂNIA E ADJACÊNCIAS - COSMOS,36.0,parceira,matriculas_ano_anterior_proxy,True,-32.990729026576034,False
2025,09020,BERCARIO,historical_share,oos_2025,oos,all,9.579581655121563,2024.0,CP ASSOCIAÇÃO DE MORADORES UNIÃO DAS BASES DE URUCÂNIA E ADJACÊNCIAS - CAMPO GRANDE,24.0,parceira,matriculas_ano_anterior_proxy,True,-14.420418344878437,False
2025,09020,MATERNAL I,historical_share,oos_2025,oos,all,4.886105775253596,2024.0,CP ASSOCIAÇÃO DE MORADORES UNIÃO DAS BASES DE URUCÂNIA E ADJACÊNCIAS - CAMPO GRANDE,32.0,parceira,matriculas_ano_anterior_proxy,True,-27.113894224746403,False
2025,09020,MATERNAL II,historical_share,oos_2025,oos,all,1.41257415053946,2024.0,CP ASSOCIAÇÃO DE MORADORES UNIÃO DAS BASES DE URUCÂNIA E ADJACÊNCIAS - CAMPO GRANDE,45.0,parceira,matriculas_ano_anterior_proxy,True,-43.58742584946054,False
2025,09021,BERCARIO,historical_share,oos_2025,oos,all,24.08189855989989,2024.0,CP INSTITUTO CRESCER & APRENDER,65.0,parceira,matriculas_ano_anterior_proxy,True,-40.91810144010011,False
2025,09021,MATERNAL I,historical_share,oos_2025,oos,all,11.38368319173176,2024.0,CP INSTITUTO CRESCER & APRENDER,62.0,parceira,matriculas_ano_anterior_proxy,True,-50.61631680826824,False
2025,09021,MATERNAL II,historical_share,oos_2025,oos,all,4.3250212196854285,2024.0,CP INSTITUTO CRESCER & APRENDER,101.0,parceira,matriculas_ano_anterior_proxy,True,-96.67497878031458,False
2025,09022,BERCARIO,historical_share,oos_2025,oos,all,26.388502723435227,2024.0,CP ESPAÇO CRIATIVO CASTELINHO RINALDI,36.0,parceira,matriculas_ano_anterior_proxy,True,-9.611497276564773,False
2025,09022,MATERNAL I,historical_share,oos_2025,oos,all,9.812156718729383,2024.0,CP ESPAÇO CRIATIVO CASTELINHO RINALDI,23.0,parceira,matriculas_ano_anterior_proxy,True,-13.187843281270617,False
2025,09022,MATERNAL II,historical_share,oos_2025,oos,all,3.702097955205127,2024.0,CP ESPAÇO CRIATIVO CASTELINHO RINALDI,47.0,parceira,matriculas_ano_anterior_proxy,True,-43.297902044794874,False
2025,09023,BERCARIO,historical_share,oos_2025,oos,all,6.627159586550793,2024.0,CP ESPAÇO CRIATIVO SALOMÃO,20.0,parceira,matriculas_ano_anterior_proxy,True,-13.372840413449207,False
2025,09023,MATERNAL I,historical_share,oos_2025,oos,all,2.027618435282103,2024.0,CP ESPAÇO CRIATIVO SALOMÃO,18.0,parceira,matriculas_ano_anterior_proxy,True,-15.972381564717896,False
2025,09023,MATERNAL II,historical_share,oos_2025,oos,all,2.0158156756270222,2024.0,CP ESPAÇO CRIATIVO SALOMÃO,29.0,parceira,matriculas_ano_anterior_proxy,True,-26.98418432437298,False
2025,09024,BERCARIO,historical_share,oos_2025,oos,all,14.995977916594269,2024.0,CP CRECHE COMUNITÁRIA DOCE INFÂNCIA,24.0,parceira,matriculas_ano_anterior_proxy,True,-9.004022083405731,False
2025,09024,MATERNAL I,historical_share,oos_2025,oos,all,11.14074457647984,2024.0,CP CRECHE COMUNITÁRIA DOCE INFÂNCIA,24.0,parceira,matriculas_ano_anterior_proxy,True,-12.85925542352016,False
2025,09024,MATERNAL II,historical_share,oos_2025,oos,all,2.469567344203525,2024.0,CP CRECHE COMUNITÁRIA DOCE INFÂNCIA,36.0,parceira,matriculas_ano_anterior_proxy,True,-33.530432655796474,False
2025,09025,BERCARIO,historical_share,oos_2025,oos,all,3.5440417888880478,2024.0,CP INSTITUTO Ô LUAR,12.0,parceira,matriculas_ano_anterior_proxy,True,-8.455958211111952,False
2025,09025,MATERNAL I,historical_share,oos_2025,oos,all,5.343370068624623,2024.0,CP INSTITUTO Ô LUAR,27.0,parceira,matriculas_ano_anterior_proxy,True,-21.656629931375377,False
2025,09025,MATERNAL II,historical_share,oos_2025,oos,all,1.341605445676677,2024.0,CP INSTITUTO Ô LUAR,22.0,parceira,matriculas_ano_anterior_proxy,True,-20.658394554323323,False
2025,09026,BERCARIO,historical_share,oos_2025,oos,all,22.999857383892344,2024.0,CP CRECHE COMUNITÁRIA LEÃOZINHO FELIZ,25.0,parceira,matriculas_ano_anterior_proxy,True,-2.000142616107656,False
2025,09026,MATERNAL I,historical_share,oos_2025,oos,all,13.493369313753943,2024.0,CP CRECHE COMUNITÁRIA LEÃOZINHO FELIZ,60.0,parceira,matriculas_ano_anterior_proxy,True,-46.506630686246055,False
2025,09026,MATERNAL II,historical_share,oos_2025,oos,all,5.494682368438893,2024.0,CP CRECHE COMUNITÁRIA LEÃOZINHO FELIZ,38.0,parceira,matriculas_ano_anterior_proxy,True,-32.505317631561105,False
2025,09027,BERCARIO,historical_share,oos_2025,oos,all,18.34221585469169,2024.0,CP INSTITUTO FRUTIFICAR,14.0,parceira,matriculas_ano_anterior_proxy,True,4.342215854691691,True
2025,09027,MATERNAL I,historical_share,oos_2025,oos,all,5.487713799637903,2024.0,CP INSTITUTO FRUTIFICAR,59.0,parceira,matriculas_ano_anterior_proxy,True,-53.5122862003621,False
2025,09027,MATERNAL II,historical_share,oos_2025,oos,all,0.554671706205853,2024.0,CP INSTITUTO FRUTIFICAR,25.0,parceira,matriculas_ano_anterior_proxy,True,-24.445328293794148,False
2025,09028,BERCARIO,historical_share,oos_2025,oos,all,14.816385761742223,2024.0,CP CRECHE COMUNITÁRIA ALÉM DO ARCO-ÍRIS,11.0,parceira,matriculas_ano_anterior_proxy,True,3.8163857617422234,True
2025,09028,MATERNAL I,historical_share,oos_2025,oos,all,11.140685212099129,2024.0,CP CRECHE COMUNITÁRIA ALÉM DO ARCO-ÍRIS,43.0,parceira,matriculas_ano_anterior_proxy,True,-31.85931478790087,False
2025,09028,MATERNAL II,historical_share,oos_2025,oos,all,6.021453077843925,2024.0,CP CRECHE COMUNITÁRIA ALÉM DO ARCO-ÍRIS,42.0,parceira,matriculas_ano_anterior_proxy,True,-35.97854692215608,False
2025,09029,BERCARIO,historical_share,oos_2025,oos,all,11.146399781518552,2024.0,CP INSTITUTO CRECHE DO PAPAI,25.0,parceira,matriculas_ano_anterior_proxy,True,-13.853600218481448,False
2025,09029,MATERNAL I,historical_share,oos_2025,oos,all,11.407208868207508,2024.0,CP INSTITUTO CRECHE DO PAPAI,26.0,parceira,matriculas_ano_anterior_proxy,True,-14.592791131792492,False
2025,09029,MATERNAL II,historical_share,oos_2025,oos,all,8.40864752902703,2024.0,CP INSTITUTO CRECHE DO PAPAI,30.0,parceira,matriculas_ano_anterior_proxy,True,-21.59135247097297,False
2025,09030,BERCARIO,historical_share,oos_2025,oos,all,9.106175970727628,2024.0,CP ESPAÇO DE DESENVOLVIMENTO PEDRITA,29.0,parceira,matriculas_ano_anterior_proxy,True,-19.893824029272373,False
2025,09030,MATERNAL I,historical_share,oos_2025,oos,all,12.30245335580246,2024.0,CP ESPAÇO DE DESENVOLVIMENTO PEDRITA,45.0,parceira,matriculas_ano_anterior_proxy,True,-32.697546644197544,False
2025,09030,MATERNAL II,historical_share,oos_2025,oos,all,8.918501612042697,2024.0,CP ESPAÇO DE DESENVOLVIMENTO PEDRITA,44.0,parceira,matriculas_ano_anterior_proxy,True,-35.0814983879573,False
2025,09031,BERCARIO,historical_share,oos_2025,oos,all,23.12253791355352,2024.0,CP ESPAÇO CRIATIVO TURMINHA DO BAIRRO,45.0,parceira,matriculas_ano_anterior_proxy,True,-21.87746208644648,False
2025,09031,MATERNAL I,historical_share,oos_2025,oos,all,9.693194445761137,2024.0,CP ESPAÇO CRIATIVO TURMINHA DO BAIRRO,22.0,parceira,matriculas_ano_anterior_proxy,True,-12.306805554238863,False
2025,09031,MATERNAL II,historical_share,oos_2025,oos,all,3.0631738055173985,2024.0,CP ESPAÇO CRIATIVO TURMINHA DO BAIRRO,10.0,parceira,matriculas_ano_anterior_proxy,True,-6.9368261944826015,False
2025,09032,BERCARIO,historical_share,oos_2025,oos,all,17.24753080056304,2024.0,CP SOLDADINHOS DE DEUS,44.0,parceira,matriculas_ano_anterior_proxy,True,-26.75246919943696,False
2025,09032,MATERNAL I,historical_share,oos_2025,oos,all,10.476949532229698,2024.0,CP SOLDADINHOS DE DEUS,28.0,parceira,matriculas_ano_anterior_proxy,True,-17.523050467770304,False
2025,09032,MATERNAL II,historical_share,oos_2025,oos,all,3.958547850063158,2024.0,CP SOLDADINHOS DE DEUS,16.0,parceira,matriculas_ano_anterior_proxy,True,-12.041452149936841,False
2025,09033,BERCARIO,historical_share,oos_2025,oos,all,5.375887860489804,2024.0,CP TEMPO DE CRIANÇA,11.0,parceira,matriculas_ano_anterior_proxy,True,-5.624112139510196,False
2025,09033,MATERNAL I,historical_share,oos_2025,oos,all,7.327179418504763,2024.0,CP TEMPO DE CRIANÇA,23.0,parceira,matriculas_ano_anterior_proxy,True,-15.672820581495237,False
2025,09033,MATERNAL II,historical_share,oos_2025,oos,all,4.23865397987545,2024.0,CP TEMPO DE CRIANÇA,16.0,parceira,matriculas_ano_anterior_proxy,True,-11.761346020124549,False
2025,09034,BERCARIO,historical_share,oos_2025,oos,all,8.699376190057217,2024.0,CP CRECHE COMUNITÁRIA ARTE DA CRIANÇA,34.0,parceira,matriculas_ano_anterior_proxy,True,-25.300623809942785,False
2025,09034,MATERNAL I,historical_share,oos_2025,oos,all,10.324118645935416,2024.0,CP CRECHE COMUNITÁRIA ARTE DA CRIANÇA,28.0,parceira,matriculas_ano_anterior_proxy,True,-17.675881354064586,False
2025,09034,MATERNAL II,historical_share,oos_2025,oos,all,4.151983183985035,2024.0,CP CRECHE COMUNITÁRIA ARTE DA CRIANÇA,23.0,parceira,matriculas_ano_anterior_proxy,True,-18.848016816014965,False
2025,09035,BERCARIO,historical_share,oos_2025,oos,all,19.358223687917096,2024.0,CP INSTITUTO CRESCER E APRENDER - FILIAL,38.0,parceira,matriculas_ano_anterior_proxy,True,-18.641776312082904,False
2025,09035,MATERNAL I,historical_share,oos_2025,oos,all,7.637671113436082,2024.0,CP INSTITUTO CRESCER E APRENDER - FILIAL,18.0,parceira,matriculas_ano_anterior_proxy,True,-10.362328886563919,False
2025,09035,MATERNAL II,historical_share,oos_2025,oos,all,4.526794674471285,2024.0,CP INSTITUTO CRESCER E APRENDER - FILIAL,6.0,parceira,matriculas_ano_anterior_proxy,True,-1.4732053255287152,False
2025,09036,BERCARIO,historical_share,oos_2025,oos,all,28.962787083877554,2024.0,CP INSTITUTO CONSTRUINDO AMANHÃ,66.0,parceira,matriculas_ano_anterior_proxy,True,-37.03721291612244,False
2025,09036,MATERNAL I,historical_share,oos_2025,oos,all,14.809058504309087,2024.0,CP INSTITUTO CONSTRUINDO AMANHÃ,36.0,parceira,matriculas_ano_anterior_proxy,True,-21.190941495690915,False
2025,09036,MATERNAL II,historical_share,oos_2025,oos,all,11.31570984149249,2024.0,CP INSTITUTO CONSTRUINDO AMANHÃ,39.0,parceira,matriculas_ano_anterior_proxy,True,-27.68429015850751,False
2025,09037,MATERNAL I,historical_share,oos_2025,oos,all,9.207834322185828,2024.0,CP CRECHE COMUNITÁRIA AURINA,22.0,parceira,matriculas_ano_anterior_proxy,True,-12.792165677814172,False
2025,09037,MATERNAL II,historical_share,oos_2025,oos,all,4.889641532918065,2024.0,CP CRECHE COMUNITÁRIA AURINA,18.0,parceira,matriculas_ano_anterior_proxy,True,-13.110358467081934,False
2025,09038,BERCARIO,historical_share,oos_2025,oos,all,46.88398277550849,2024.0,CP CEM CRECHE ESCOLA MACHADO UNIDADE II,92.0,parceira,matriculas_ano_anterior_proxy,True,-45.11601722449151,False
2025,09038,MATERNAL I,historical_share,oos_2025,oos,all,32.83032941131467,2024.0,CP CEM CRECHE ESCOLA MACHADO UNIDADE II,83.0,parceira,matriculas_ano_anterior_proxy,True,-50.16967058868533,False
2025,09038,MATERNAL II,historical_share,oos_2025,oos,all,9.079772604008362,2024.0,CP CEM CRECHE ESCOLA MACHADO UNIDADE II,20.0,parceira,matriculas_ano_anterior_proxy,True,-10.920227395991638,False
2025,09039,BERCARIO,historical_share,oos_2025,oos,all,5.843795148961131,2024.0,CP CRECHE COMUNITÁRIA ESTRELINHA DO SABER,24.0,parceira,matriculas_ano_anterior_proxy,True,-18.15620485103887,False
2025,09039,MATERNAL I,historical_share,oos_2025,oos,all,4.281822359551259,2024.0,CP CRECHE COMUNITÁRIA ESTRELINHA DO SABER,15.0,parceira,matriculas_ano_anterior_proxy,True,-10.71817764044874,False
2025,09039,MATERNAL II,historical_share,oos_2025,oos,all,4.23865397987545,2024.0,CP CRECHE COMUNITÁRIA ESTRELINHA DO SABER,11.0,parceira,matriculas_ano_anterior_proxy,True,-6.76134602012455,False
2025,09040,BERCARIO,historical_share,oos_2025,oos,all,29.58104154421084,2024.0,CP CRECHE E ESCOLA COMUNITARIA GENTE BAIXINHA - UNIDADE COSMOS,15.0,parceira,matriculas_ano_anterior_proxy,True,14.58104154421084,True
2025,09040,MATERNAL I,historical_share,oos_2025,oos,all,23.859540801157163,2024.0,CP CRECHE E ESCOLA COMUNITARIA GENTE BAIXINHA - UNIDADE COSMOS,20.0,parceira,matriculas_ano_anterior_proxy,True,3.859540801157163,True
2025,09040,MATERNAL II,historical_share,oos_2025,oos,all,10.723278310328569,2024.0,CP CRECHE E ESCOLA COMUNITARIA GENTE BAIXINHA - UNIDADE COSMOS,15.0,parceira,matriculas_ano_anterior_proxy,True,-4.276721689671431,False
2025,09041,BERCARIO,historical_share,oos_2025,oos,all,7.7905421126049825,2024.0,CP CRECHE COMUNITÁRIA PEQUENOS PASSOS,12.0,parceira,matriculas_ano_anterior_proxy,True,-4.2094578873950175,False
2025,09041,MATERNAL I,historical_share,oos_2025,oos,all,4.0144679930095535,2024.0,CP CRECHE COMUNITÁRIA PEQUENOS PASSOS,24.0,parceira,matriculas_ano_anterior_proxy,True,-19.985532006990447,False
2025,09041,MATERNAL II,historical_share,oos_2025,oos,all,4.01580409262939,2024.0,CP CRECHE COMUNITÁRIA PEQUENOS PASSOS,24.0,parceira,matriculas_ano_anterior_proxy,True,-19.984195907370612,False
2025,09042,BERCARIO,historical_share,oos_2025,oos,all,6.987897432333009,2024.0,CP CRECHE PEQUENA CANAÃ,10.0,parceira,matriculas_ano_anterior_proxy,True,-3.0121025676669912,False
2025,09042,MATERNAL I,historical_share,oos_2025,oos,all,3.747113626467846,2024.0,CP CRECHE PEQUENA CANAÃ,12.0,parceira,matriculas_ano_anterior_proxy,True,-8.252886373532153,False
2025,09042,MATERNAL II,historical_share,oos_2025,oos,all,1.8227713697309973,2024.0,CP CRECHE PEQUENA CANAÃ,7.0,parceira,matriculas_ano_anterior_proxy,True,-5.177228630269003,False
2025,09043,MATERNAL I,historical_share,oos_2025,oos,all,3.641328205686262,2024.0,CP CRECHE COMUNITÁRIA RIBEIRO,25.0,parceira,matriculas_ano_anterior_proxy,True,-21.35867179431374,False
2025,09043,MATERNAL II,historical_share,oos_2025,oos,all,5.645071835569256,2024.0,CP CRECHE COMUNITÁRIA RIBEIRO,25.0,parceira,matriculas_ano_anterior_proxy,True,-19.354928164430746,False
2025,09044,BERCARIO,historical_share,oos_2025,oos,all,7.361796252877583,2024.0,CP CRECHE COMUNITÁRIA JARDIM FELIZ,36.0,parceira,matriculas_ano_anterior_proxy,True,-28.638203747122418,False
2025,09044,MATERNAL I,historical_share,oos_2025,oos,all,8.641463269659836,2024.0,CP CRECHE COMUNITÁRIA JARDIM FELIZ,43.0,parceira,matriculas_ano_anterior_proxy,True,-34.35853673034016,False
2025,09044,MATERNAL II,historical_share,oos_2025,oos,all,6.976284073402536,2024.0,CP CRECHE COMUNITÁRIA JARDIM FELIZ,30.0,parceira,matriculas_ano_anterior_proxy,True,-23.023715926597465,False
2025,09045,BERCARIO,historical_share,oos_2025,oos,all,8.357934316607391,2024.0,CP CRECHE COMUNITÁRIA PINTANDO SONHOS,18.0,parceira,matriculas_ano_anterior_proxy,True,-9.642065683392609,False
2025,09045,MATERNAL I,historical_share,oos_2025,oos,all,9.88516643606057,2024.0,CP CRECHE COMUNITÁRIA PINTANDO SONHOS,20.0,parceira,matriculas_ano_anterior_proxy,True,-10.11483356393943,False
2025,09046,BERCARIO,historical_share,oos_2025,oos,all,13.38448780790297,2024.0,CP CRECHE COMUNITÁRIA URSINHO PIMPÃO,16.0,parceira,matriculas_ano_anterior_proxy,True,-2.6155121920970306,False
2025,09046,MATERNAL I,historical_share,oos_2025,oos,all,12.1385937196403,2024.0,CP CRECHE COMUNITÁRIA URSINHO PIMPÃO,43.0,parceira,matriculas_ano_anterior_proxy,True,-30.861406280359702,False
2025,09046,MATERNAL II,historical_share,oos_2025,oos,all,4.873389437339685,2024.0,CP CRECHE COMUNITÁRIA URSINHO PIMPÃO,14.0,parceira,matriculas_ano_anterior_proxy,True,-9.126610562660314,False
2025,0918601,BERCARIO,historical_share,oos_2025,oos,all,109.5309039457548,2024.0,CM ALEGRIA DE NOVA CIDADE,48.0,publica,matriculas_ano_anterior_proxy,True,61.5309039457548,True
2025,0918601,MATERNAL I,historical_share,oos_2025,oos,all,48.75424405886022,2024.0,CM ALEGRIA DE NOVA CIDADE,50.0,publica,matriculas_ano_anterior_proxy,True,-1.2457559411397767,False
2025,0918601,MATERNAL II,historical_share,oos_2025,oos,all,16.2571581825154,2024.0,CM ALEGRIA DE NOVA CIDADE,0.0,publica,matriculas_ano_anterior_proxy,True,16.2571581825154,True
2025,0918602,MATERNAL I,historical_share,oos_2025,oos,all,64.19167022673199,2024.0,CM VITÓRIA DA PAZ,0.0,publica,matriculas_ano_anterior_proxy,True,64.19167022673199,True
2025,0918602,MATERNAL II,historical_share,oos_2025,oos,all,61.04551982818393,2024.0,CM VITÓRIA DA PAZ,49.0,publica,matriculas_ano_anterior_proxy,True,12.045519828183927,True
2025,0918603,MATERNAL I,historical_share,oos_2025,oos,all,56.21499827687565,2024.0,CM SEMPRE VIDA ELZA RABELO DE ANDRADE,0.0,publica,matriculas_ano_anterior_proxy,True,56.21499827687565,True
2025,0918603,MATERNAL II,historical_share,oos_2025,oos,all,38.8406111750884,2024.0,CM SEMPRE VIDA ELZA RABELO DE ANDRADE,19.0,publica,matriculas_ano_anterior_proxy,True,19.840611175088398,True
2025,0918604,MATERNAL I,historical_share,oos_2025,oos,all,35.580556713888406,2024.0,CM VERA PACHECO JORDÃO,33.0,publica,matriculas_ano_anterior_proxy,True,2.580556713888406,True
2025,0918604,MATERNAL II,historical_share,oos_2025,oos,all,15.739760556131175,2024.0,CM VERA PACHECO JORDÃO,0.0,publica,matriculas_ano_anterior_proxy,True,15.739760556131175,True
2025,0918605,MATERNAL I,historical_share,oos_2025,oos,all,44.584026485041775,2024.0,CM SEMPRE VIDA PROFESSORA EUGENIA MARIA VELOSO MARCHESE,50.0,publica,matriculas_ano_anterior_proxy,True,-5.415973514958225,False
2025,0918605,MATERNAL II,historical_share,oos_2025,oos,all,17.073619501894623,2024.0,CM SEMPRE VIDA PROFESSORA EUGENIA MARIA VELOSO MARCHESE,0.0,publica,matriculas_ano_anterior_proxy,True,17.073619501894623,True
2025,0918606,MATERNAL I,historical_share,oos_2025,oos,all,56.99748792931114,2024.0,CM CECÍLIA MEIRELES,23.0,publica,matriculas_ano_anterior_proxy,True,33.99748792931114,True
2025,0918606,MATERNAL II,historical_share,oos_2025,oos,all,31.889033321990453,2024.0,CM CECÍLIA MEIRELES,21.0,publica,matriculas_ano_anterior_proxy,True,10.889033321990453,True
2025,0918607,BERCARIO,historical_share,oos_2025,oos,all,71.54463706266823,2024.0,CM SONHO FELIZ,23.0,publica,matriculas_ano_anterior_proxy,True,48.54463706266823,True
2025,0918607,MATERNAL I,historical_share,oos_2025,oos,all,86.85655654446794,2024.0,CM SONHO FELIZ,25.0,publica,matriculas_ano_anterior_proxy,True,61.856556544467935,True
2025,0918607,MATERNAL II,historical_share,oos_2025,oos,all,53.10407206165754,2024.0,CM SONHO FELIZ,50.0,publica,matriculas_ano_anterior_proxy,True,3.10407206165754,True
2025,0918608,MATERNAL I,historical_share,oos_2025,oos,all,59.62845010424797,2024.0,CM JARDIM MONTE SANTO,0.0,publica,matriculas_ano_anterior_proxy,True,59.62845010424797,True
2025,0918608,MATERNAL II,historical_share,oos_2025,oos,all,39.11963410546027,2024.0,CM JARDIM MONTE SANTO,35.0,publica,matriculas_ano_anterior_proxy,True,4.119634105460271,True
2025,0918609,MATERNAL I,historical_share,oos_2025,oos,all,32.33764347806288,2024.0,CM ADÉLIA VIEIRA,14.0,publica,matriculas_ano_anterior_proxy,True,18.33764347806288,True
2025,0918609,MATERNAL II,historical_share,oos_2025,oos,all,11.141151549685476,2024.0,CM ADÉLIA VIEIRA,0.0,publica,matriculas_ano_anterior_proxy,True,11.141151549685476,True
2025,0918610,MATERNAL I,historical_share,oos_2025,oos,all,27.41823193417236,2024.0,CM ESPERANÇA DO AMANHÃ,12.0,publica,matriculas_ano_anterior_proxy,True,15.418231934172361,True
2025,0918610,MATERNAL II,historical_share,oos_2025,oos,all,9.275074572697024,2024.0,CM ESPERANÇA DO AMANHÃ,0.0,publica,matriculas_ano_anterior_proxy,True,9.275074572697024,True
2025,0918611,MATERNAL I,historical_share,oos_2025,oos,all,27.428962354418584,2024.0,CM MÁRIO LOMBARDI,27.0,publica,matriculas_ano_anterior_proxy,True,0.42896235441858366,True
2025,0918611,MATERNAL II,historical_share,oos_2025,oos,all,9.601210665422313,2024.0,CM MÁRIO LOMBARDI,0.0,publica,matriculas_ano_anterior_proxy,True,9.601210665422313,True
2025,0918613,BERCARIO,historical_share,oos_2025,oos,all,72.95585746835253,2024.0,CM PROFESSORA FLORA SANTINA FERRARI BRAZ,20.0,publica,matriculas_ano_anterior_proxy,True,52.955857468352534,True
2025,0918613,MATERNAL I,historical_share,oos_2025,oos,all,68.78618010141464,2024.0,CM PROFESSORA FLORA SANTINA FERRARI BRAZ,23.0,publica,matriculas_ano_anterior_proxy,True,45.786180101414644,True
2025,0918613,MATERNAL II,historical_share,oos_2025,oos,all,31.89907514275984,2024.0,CM PROFESSORA FLORA SANTINA FERRARI BRAZ,0.0,publica,matriculas_ano_anterior_proxy,True,31.89907514275984,True
2025,0918614,BERCARIO,historical_share,oos_2025,oos,all,80.0478477157723,2024.0,CM ZÉLIA CHAUKE CURI,51.0,publica,matriculas_ano_anterior_proxy,True,29.047847715772306,True
2025,0918614,MATERNAL I,historical_share,oos_2025,oos,all,55.87458228280257,2024.0,CM ZÉLIA CHAUKE CURI,0.0,publica,matriculas_ano_anterior_proxy,True,55.87458228280257,True
2025,0918614,MATERNAL II,historical_share,oos_2025,oos,all,20.65646850814808,2024.0,CM ZÉLIA CHAUKE CURI,57.0,publica,matriculas_ano_anterior_proxy,True,-36.34353149185192,False
2025,0918615,MATERNAL I,historical_share,oos_2025,oos,all,66.2105158107969,2024.0,CM MARCELO CARDOSO TOMÉ,47.0,publica,matriculas_ano_anterior_proxy,True,19.210515810796906,True
2025,0918615,MATERNAL II,historical_share,oos_2025,oos,all,34.658971400191966,2024.0,CM MARCELO CARDOSO TOMÉ,0.0,publica,matriculas_ano_anterior_proxy,True,34.658971400191966,True
2025,0918616,BERCARIO,historical_share,oos_2025,oos,all,101.39938260020968,2024.0,CM PADRE VALTER DA COSTA SANTOS,25.0,publica,matriculas_ano_anterior_proxy,True,76.39938260020968,True
2025,0918616,MATERNAL I,historical_share,oos_2025,oos,all,55.20892490405073,2024.0,CM PADRE VALTER DA COSTA SANTOS,23.0,publica,matriculas_ano_anterior_proxy,True,32.20892490405073,True
2025,0918616,MATERNAL II,historical_share,oos_2025,oos,all,41.3496641895871,2024.0,CM PADRE VALTER DA COSTA SANTOS,0.0,publica,matriculas_ano_anterior_proxy,True,41.3496641895871,True
2025,0918617,BERCARIO,historical_share,oos_2025,oos,all,134.15296419024827,2024.0,CM CRIANDO O FUTURO,34.0,publica,matriculas_ano_anterior_proxy,True,100.15296419024827,True
2025,0918617,MATERNAL I,historical_share,oos_2025,oos,all,72.92249218851644,2024.0,CM CRIANDO O FUTURO,0.0,publica,matriculas_ano_anterior_proxy,True,72.92249218851644,True
2025,0918617,MATERNAL II,historical_share,oos_2025,oos,all,38.481366642046055,2024.0,CM CRIANDO O FUTURO,48.0,publica,matriculas_ano_anterior_proxy,True,-9.518633357953945,False
2025,0918618,MATERNAL I,historical_share,oos_2025,oos,all,26.30713377821952,2024.0,CM ESPERANÇA DA VILA SÃO JORGE,0.0,publica,matriculas_ano_anterior_proxy,True,26.30713377821952,True
2025,0918618,MATERNAL II,historical_share,oos_2025,oos,all,6.639990234917343,2024.0,CM ESPERANÇA DA VILA SÃO JORGE,40.0,publica,matriculas_ano_anterior_proxy,True,-33.36000976508266,False
2025,0918619,BERCARIO,historical_share,oos_2025,oos,all,176.2486559032119,2024.0,CM RAUL CORTEZ,42.0,publica,matriculas_ano_anterior_proxy,True,134.2486559032119,True
2025,0918619,MATERNAL I,historical_share,oos_2025,oos,all,117.16608396224048,2024.0,CM RAUL CORTEZ,62.0,publica,matriculas_ano_anterior_proxy,True,55.16608396224048,True
2025,0918619,MATERNAL II,historical_share,oos_2025,oos,all,54.02938004213184,2024.0,CM RAUL CORTEZ,0.0,publica,matriculas_ano_anterior_proxy,True,54.02938004213184,True
2025,0918620,BERCARIO,historical_share,oos_2025,oos,all,211.03816941947835,2024.0,CM EMILIO IBRAHIM LÁZARO JUBRAM DIB,68.0,publica,matriculas_ano_anterior_proxy,True,143.03816941947835,True
2025,0918620,MATERNAL I,historical_share,oos_2025,oos,all,90.21802923325576,2024.0,CM EMILIO IBRAHIM LÁZARO JUBRAM DIB,25.0,publica,matriculas_ano_anterior_proxy,True,65.21802923325576,True
2025,0918620,MATERNAL II,historical_share,oos_2025,oos,all,39.68622122072875,2024.0,CM EMILIO IBRAHIM LÁZARO JUBRAM DIB,66.0,publica,matriculas_ano_anterior_proxy,True,-26.313778779271253,False
2025,0918621,BERCARIO,historical_share,oos_2025,oos,all,63.48901807019081,2024.0,CM ELIZABETH TAVARES DE SOUZA - BETINHA,36.0,publica,matriculas_ano_anterior_proxy,True,27.48901807019081,True
2025,0918621,MATERNAL I,historical_share,oos_2025,oos,all,36.68154159191575,2024.0,CM ELIZABETH TAVARES DE SOUZA - BETINHA,36.0,publica,matriculas_ano_anterior_proxy,True,0.681541591915753,True
2025,0918621,MATERNAL II,historical_share,oos_2025,oos,all,19.99099660302845,2024.0,CM ELIZABETH TAVARES DE SOUZA - BETINHA,0.0,publica,matriculas_ano_anterior_proxy,True,19.99099660302845,True
2025,0918801,BERCARIO,historical_share,oos_2025,oos,all,81.99887670733251,2024.0,EDI BIANCA ROCHA TAVARES,24.0,publica,matriculas_ano_anterior_proxy,True,57.99887670733251,True
2025,0918801,MATERNAL I,historical_share,oos_2025,oos,all,52.53461638217374,2024.0,EDI BIANCA ROCHA TAVARES,0.0,publica,matriculas_ano_anterior_proxy,True,52.53461638217374,True
2025,0918801,MATERNAL II,historical_share,oos_2025,oos,all,29.87098183658805,2024.0,EDI BIANCA ROCHA TAVARES,46.0,publica,matriculas_ano_anterior_proxy,True,-16.12901816341195,False
2025,0918802,BERCARIO,historical_share,oos_2025,oos,all,97.70693299260044,2024.0,EDI PINTANDO O SETE,45.0,publica,matriculas_ano_anterior_proxy,True,52.70693299260044,True
2025,0918802,MATERNAL I,historical_share,oos_2025,oos,all,41.06898734324107,2024.0,EDI PINTANDO O SETE,0.0,publica,matriculas_ano_anterior_proxy,True,41.06898734324107,True
2025,0918802,MATERNAL II,historical_share,oos_2025,oos,all,19.461894474929537,2024.0,EDI PINTANDO O SETE,37.0,publica,matriculas_ano_anterior_proxy,True,-17.538105525070463,False
2025,0918803,BERCARIO,historical_share,oos_2025,oos,all,65.45486674309403,2024.0,EDI LUDMILA MÁXIMO MOREIRA CARDOSO,25.0,publica,matriculas_ano_anterior_proxy,True,40.45486674309403,True
2025,0918803,MATERNAL I,historical_share,oos_2025,oos,all,25.30508084384276,2024.0,EDI LUDMILA MÁXIMO MOREIRA CARDOSO,25.0,publica,matriculas_ano_anterior_proxy,True,0.30508084384275946,True
2025,0918803,MATERNAL II,historical_share,oos_2025,oos,all,4.95772269650415,2024.0,EDI LUDMILA MÁXIMO MOREIRA CARDOSO,0.0,publica,matriculas_ano_anterior_proxy,True,4.95772269650415,True
2025,0918804,MATERNAL I,historical_share,oos_2025,oos,all,13.123410192637518,2024.0,EDI RENAN DE SOUZA LEAL,18.0,publica,matriculas_ano_anterior_proxy,True,-4.876589807362482,False
2025,0918804,MATERNAL II,historical_share,oos_2025,oos,all,16.342704848116973,2024.0,EDI RENAN DE SOUZA LEAL,0.0,publica,matriculas_ano_anterior_proxy,True,16.342704848116973,True
2025,0918805,BERCARIO,historical_share,oos_2025,oos,all,38.84094862905768,2024.0,EDI CANTORA CESÁRIA ÉVORA,25.0,publica,matriculas_ano_anterior_proxy,True,13.840948629057678,True
2025,0918805,MATERNAL I,historical_share,oos_2025,oos,all,25.64196073440609,2024.0,EDI CANTORA CESÁRIA ÉVORA,48.0,publica,matriculas_ano_anterior_proxy,True,-22.35803926559391,False
2025,0918805,MATERNAL II,historical_share,oos_2025,oos,all,16.084722324696333,2024.0,EDI CANTORA CESÁRIA ÉVORA,0.0,publica,matriculas_ano_anterior_proxy,True,16.084722324696333,True
2025,0918806,BERCARIO,historical_share,oos_2025,oos,all,70.96898678120473,2024.0,EDI COMENDADOR SERAFIM SOFIA,48.0,publica,matriculas_ano_anterior_proxy,True,22.968986781204734,True
2025,0918806,MATERNAL I,historical_share,oos_2025,oos,all,4.4587302004701135,2024.0,EDI COMENDADOR SERAFIM SOFIA,45.0,publica,matriculas_ano_anterior_proxy,True,-40.541269799529886,False
2025,0918806,MATERNAL II,historical_share,oos_2025,oos,all,34.17037472962853,2024.0,EDI COMENDADOR SERAFIM SOFIA,0.0,publica,matriculas_ano_anterior_proxy,True,34.17037472962853,True
2025,0918807,BERCARIO,historical_share,oos_2025,oos,all,114.01473777393916,2024.0,EDI URBANO DE FREITAS,48.0,publica,matriculas_ano_anterior_proxy,True,66.01473777393916,True
2025,0918807,MATERNAL I,historical_share,oos_2025,oos,all,61.37522200008144,2024.0,EDI URBANO DE FREITAS,45.0,publica,matriculas_ano_anterior_proxy,True,16.375222000081443,True
2025,0918807,MATERNAL II,historical_share,oos_2025,oos,all,24.72843447618917,2024.0,EDI URBANO DE FREITAS,18.0,publica,matriculas_ano_anterior_proxy,True,6.728434476189172,True
2025,0918808,BERCARIO,historical_share,oos_2025,oos,all,89.99590208967838,2024.0,EDI PROFESSORA MARTA REGINA PERROTA,25.0,publica,matriculas_ano_anterior_proxy,True,64.99590208967838,True
2025,0918808,MATERNAL I,historical_share,oos_2025,oos,all,99.09044036799185,2024.0,EDI PROFESSORA MARTA REGINA PERROTA,48.0,publica,matriculas_ano_anterior_proxy,True,51.090440367991846,True
2025,0918808,MATERNAL II,historical_share,oos_2025,oos,all,68.43370829410296,2024.0,EDI PROFESSORA MARTA REGINA PERROTA,0.0,publica,matriculas_ano_anterior_proxy,True,68.43370829410296,True
2025,0918809,MATERNAL II,historical_share,oos_2025,oos,all,27.36605385042995,2024.0,EDI CAMPO GRANDE,0.0,publica,matriculas_ano_anterior_proxy,True,27.36605385042995,True
2025,0918810,MATERNAL I,historical_share,oos_2025,oos,all,8.029353860846857,2024.0,EDI DOM BOSCO,0.0,publica,matriculas_ano_anterior_proxy,True,8.029353860846857,True
2025,0918810,MATERNAL II,historical_share,oos_2025,oos,all,25.646312984275777,2024.0,EDI DOM BOSCO,23.0,publica,matriculas_ano_anterior_proxy,True,2.6463129842757773,True
2025,0918811,MATERNAL I,historical_share,oos_2025,oos,all,1.6300847096602264,2024.0,EDI ISABEL,0.0,publica,matriculas_ano_anterior_proxy,True,1.6300847096602264,True
2025,0918811,MATERNAL II,historical_share,oos_2025,oos,all,14.296347467097538,2024.0,EDI ISABEL,14.0,publica,matriculas_ano_anterior_proxy,True,0.29634746709753834,True
2025,0918812,MATERNAL I,historical_share,oos_2025,oos,all,76.06834510448206,2024.0,EDI PROFESSOR JORGE EUCLIDES PEREIRA NUNES,74.0,publica,matriculas_ano_anterior_proxy,True,2.068345104482063,True
2025,0918812,MATERNAL II,historical_share,oos_2025,oos,all,34.50337461252808,2024.0,EDI PROFESSOR JORGE EUCLIDES PEREIRA NUNES,0.0,publica,matriculas_ano_anterior_proxy,True,34.50337461252808,True
2025,0918813,BERCARIO,historical_share,oos_2025,oos,all,42.86687783718738,2024.0,EDI PROFESSOR MARCO ALTINO DE OLIVEIRA,39.0,publica,matriculas_ano_anterior_proxy,True,3.8668778371873813,True
2025,0918813,MATERNAL I,historical_share,oos_2025,oos,all,38.38716409983084,2024.0,EDI PROFESSOR MARCO ALTINO DE OLIVEIRA,48.0,publica,matriculas_ano_anterior_proxy,True,-9.61283590016916,False
2025,0918813,MATERNAL II,historical_share,oos_2025,oos,all,22.59352425932297,2024.0,EDI PROFESSOR MARCO ALTINO DE OLIVEIRA,0.0,publica,matriculas_ano_anterior_proxy,True,22.59352425932297,True
2025,0918814,BERCARIO,historical_share,oos_2025,oos,all,60.046754168542805,2024.0,EDI PROFESSOR NESTOR MANOEL PINTO,23.0,publica,matriculas_ano_anterior_proxy,True,37.046754168542805,True
2025,0918814,MATERNAL I,historical_share,oos_2025,oos,all,46.09576995324881,2024.0,EDI PROFESSOR NESTOR MANOEL PINTO,44.0,publica,matriculas_ano_anterior_proxy,True,2.095769953248812,True
2025,0918814,MATERNAL II,historical_share,oos_2025,oos,all,39.06513185570337,2024.0,EDI PROFESSOR NESTOR MANOEL PINTO,0.0,publica,matriculas_ano_anterior_proxy,True,39.06513185570337,True
2025,0918815,BERCARIO,historical_share,oos_2025,oos,all,114.3359993650434,2024.0,EDI PROFESSORA SIRLÉIA SILVA REIS,47.0,publica,matriculas_ano_anterior_proxy,True,67.3359993650434,True
2025,0918815,MATERNAL I,historical_share,oos_2025,oos,all,74.15623154152313,2024.0,EDI PROFESSORA SIRLÉIA SILVA REIS,37.0,publica,matriculas_ano_anterior_proxy,True,37.15623154152313,True
2025,0918815,MATERNAL II,historical_share,oos_2025,oos,all,11.592700258995412,2024.0,EDI PROFESSORA SIRLÉIA SILVA REIS,37.0,publica,matriculas_ano_anterior_proxy,True,-25.407299741004586,False
2025,0918816,MATERNAL I,historical_share,oos_2025,oos,all,16.436333999609264,2024.0,EDI PROFESSOR JOÃO FERNANDES FILHO,19.0,publica,matriculas_ano_anterior_proxy,True,-2.563666000390736,False
2025,0918816,MATERNAL II,historical_share,oos_2025,oos,all,10.900910143579614,2024.0,EDI PROFESSOR JOÃO FERNANDES FILHO,0.0,publica,matriculas_ano_anterior_proxy,True,10.900910143579614,True
2025,0918817,BERCARIO,historical_share,oos_2025,oos,all,116.11098629900675,2024.0,EDI PROFESSORA EUGENIA DE ALMEIDA AZEVEDO,49.0,publica,matriculas_ano_anterior_proxy,True,67.11098629900675,True
2025,0918817,MATERNAL I,historical_share,oos_2025,oos,all,78.28205977977578,2024.0,EDI PROFESSORA EUGENIA DE ALMEIDA AZEVEDO,0.0,publica,matriculas_ano_anterior_proxy,True,78.28205977977578,True
2025,0918817,MATERNAL II,historical_share,oos_2025,oos,all,45.016889410659296,2024.0,EDI PROFESSORA EUGENIA DE ALMEIDA AZEVEDO,73.0,publica,matriculas_ano_anterior_proxy,True,-27.983110589340704,False
2025,0918818,MATERNAL I,historical_share,oos_2025,oos,all,53.04822194779988,2024.0,EDI FRANCISCO JOSÉ DE MORAES,0.0,publica,matriculas_ano_anterior_proxy,True,53.04822194779988,True
2025,0918818,MATERNAL II,historical_share,oos_2025,oos,all,40.07612422152279,2024.0,EDI FRANCISCO JOSÉ DE MORAES,24.0,publica,matriculas_ano_anterior_proxy,True,16.07612422152279,True
2025,0918819,MATERNAL II,historical_share,oos_2025,oos,all,3.83353444739058,2024.0,EDI JOARI,0.0,publica,matriculas_ano_anterior_proxy,True,3.83353444739058,True
2025,0918820,MATERNAL I,historical_share,oos_2025,oos,all,19.212026256466505,2024.0,EDI ALMO SATURNINO,17.0,publica,matriculas_ano_anterior_proxy,True,2.2120262564665047,True
2025,0918820,MATERNAL II,historical_share,oos_2025,oos,all,9.787706457972147,2024.0,EDI ALMO SATURNINO,0.0,publica,matriculas_ano_anterior_proxy,True,9.787706457972147,True
2025,0918821,MATERNAL I,historical_share,oos_2025,oos,all,51.77434013562675,2024.0,EDI PROFESSOR ENYR PORTILHO DE AVELLAR,25.0,publica,matriculas_ano_anterior_proxy,True,26.77434013562675,True
2025,0918821,MATERNAL II,historical_share,oos_2025,oos,all,37.23359470914448,2024.0,EDI PROFESSOR ENYR PORTILHO DE AVELLAR,49.0,publica,matriculas_ano_anterior_proxy,True,-11.766405290855523,False
2025,0918822,BERCARIO,historical_share,oos_2025,oos,all,81.44484059654377,2024.0,EDI PROFESSOR ANDRÉ LUIZ GILS,22.0,publica,matriculas_ano_anterior_proxy,True,59.44484059654377,True
2025,0918822,MATERNAL I,historical_share,oos_2025,oos,all,70.2521633363787,2024.0,EDI PROFESSOR ANDRÉ LUIZ GILS,23.0,publica,matriculas_ano_anterior_proxy,True,47.2521633363787,True
2025,0918822,MATERNAL II,historical_share,oos_2025,oos,all,43.48905411520289,2024.0,EDI PROFESSOR ANDRÉ LUIZ GILS,23.0,publica,matriculas_ano_anterior_proxy,True,20.48905411520289,True
2025,0918823,BERCARIO,historical_share,oos_2025,oos,all,18.80645511582084,2024.0,EDI PROFESSOR DERSU GABRIEL BICEGO,23.0,publica,matriculas_ano_anterior_proxy,True,-4.193544884179161,False
2025,0918823,MATERNAL I,historical_share,oos_2025,oos,all,30.334891539419928,2024.0,EDI PROFESSOR DERSU GABRIEL BICEGO,21.0,publica,matriculas_ano_anterior_proxy,True,9.334891539419928,True
2025,0918823,MATERNAL II,historical_share,oos_2025,oos,all,21.626098145321468,2024.0,EDI PROFESSOR DERSU GABRIEL BICEGO,20.0,publica,matriculas_ano_anterior_proxy,True,1.6260981453214676,True
2025,0918824,BERCARIO,historical_share,oos_2025,oos,all,78.6439896123394,2024.0,EDI ALBERTO FERREIRA PINTO,25.0,publica,matriculas_ano_anterior_proxy,True,53.643989612339396,True
2025,0918824,MATERNAL I,historical_share,oos_2025,oos,all,81.93687437284318,2024.0,EDI ALBERTO FERREIRA PINTO,23.0,publica,matriculas_ano_anterior_proxy,True,58.93687437284318,True
2025,0918824,MATERNAL II,historical_share,oos_2025,oos,all,55.11386987621633,2024.0,EDI ALBERTO FERREIRA PINTO,25.0,publica,matriculas_ano_anterior_proxy,True,30.113869876216327,True
2025,0918825,BERCARIO,historical_share,oos_2025,oos,all,25.69021422424231,2024.0,EDI PROFESSORA TERESINHA DE JESUS SIQUEIRA BROWN,25.0,publica,matriculas_ano_anterior_proxy,True,0.690214224242311,True
2025,0918825,MATERNAL I,historical_share,oos_2025,oos,all,46.40612933735559,2024.0,EDI PROFESSORA TERESINHA DE JESUS SIQUEIRA BROWN,46.0,publica,matriculas_ano_anterior_proxy,True,0.406129337355587,True
2025,0918825,MATERNAL II,historical_share,oos_2025,oos,all,27.655899110399886,2024.0,EDI PROFESSORA TERESINHA DE JESUS SIQUEIRA BROWN,44.0,publica,matriculas_ano_anterior_proxy,True,-16.344100889600114,False
2025,0918826,BERCARIO,historical_share,oos_2025,oos,all,56.89208631857173,2024.0,EDI PROFESSORA MARLY DOS SANTOS DE OLIVEIRA (MARLY MARINHO),46.0,publica,matriculas_ano_anterior_proxy,True,10.892086318571728,True
2025,0918826,MATERNAL I,historical_share,oos_2025,oos,all,52.59314221840707,2024.0,EDI PROFESSORA MARLY DOS SANTOS DE OLIVEIRA (MARLY MARINHO),37.0,publica,matriculas_ano_anterior_proxy,True,15.593142218407067,True
2025,0918826,MATERNAL II,historical_share,oos_2025,oos,all,42.27433840429257,2024.0,EDI PROFESSORA MARLY DOS SANTOS DE OLIVEIRA (MARLY MARINHO),17.0,publica,matriculas_ano_anterior_proxy,True,25.27433840429257,True
2025,0918827,BERCARIO,historical_share,oos_2025,oos,all,124.01891806023038,2024.0,EDI ATAULFO ALVES,49.0,publica,matriculas_ano_anterior_proxy,True,75.01891806023038,True
2025,0918827,MATERNAL I,historical_share,oos_2025,oos,all,89.19468608357865,2024.0,EDI ATAULFO ALVES,46.0,publica,matriculas_ano_anterior_proxy,True,43.194686083578645,True
2025,0918827,MATERNAL II,historical_share,oos_2025,oos,all,47.56911649857555,2024.0,EDI ATAULFO ALVES,0.0,publica,matriculas_ano_anterior_proxy,True,47.56911649857555,True
2025,0918828,BERCARIO,historical_share,oos_2025,oos,all,63.74198646786871,2024.0,EDI ALYRIO CAVALLIERI,49.0,publica,matriculas_ano_anterior_proxy,True,14.741986467868713,True
2025,0918828,MATERNAL I,historical_share,oos_2025,oos,all,52.76916959842059,2024.0,EDI ALYRIO CAVALLIERI,49.0,publica,matriculas_ano_anterior_proxy,True,3.7691695984205893,True
2025,0918828,MATERNAL II,historical_share,oos_2025,oos,all,25.485649734726625,2024.0,EDI ALYRIO CAVALLIERI,23.0,publica,matriculas_ano_anterior_proxy,True,2.485649734726625,True
2025,0918829,BERCARIO,historical_share,oos_2025,oos,all,0.003554258029573,2024.0,EDI RUBEM AZEVEDO ALVES,0.0,publica,matriculas_ano_anterior_proxy,True,0.003554258029573,True
2025,0918829,MATERNAL I,historical_share,oos_2025,oos,all,18.725728325313455,2024.0,EDI RUBEM AZEVEDO ALVES,23.0,publica,matriculas_ano_anterior_proxy,True,-4.2742716746865455,False
2025,0918829,MATERNAL II,historical_share,oos_2025,oos,all,16.78750359845748,2024.0,EDI RUBEM AZEVEDO ALVES,0.0,publica,matriculas_ano_anterior_proxy,True,16.78750359845748,True
2025,0918830,MATERNAL I,historical_share,oos_2025,oos,all,18.411145095723576,2024.0,EDI HENRIQUE DIAS,0.0,publica,matriculas_ano_anterior_proxy,True,18.411145095723576,True
2025,0918830,MATERNAL II,historical_share,oos_2025,oos,all,4.868513556221569,2024.0,EDI HENRIQUE DIAS,25.0,publica,matriculas_ano_anterior_proxy,True,-20.13148644377843,False
2025,0918831,BERCARIO,historical_share,oos_2025,oos,all,89.74662663992237,2024.0,EDI ELFLODÍZIO DOS SANTOS,46.0,publica,matriculas_ano_anterior_proxy,True,43.74662663992237,True
2025,0918831,MATERNAL I,historical_share,oos_2025,oos,all,29.785763193162264,2024.0,EDI ELFLODÍZIO DOS SANTOS,50.0,publica,matriculas_ano_anterior_proxy,True,-20.214236806837736,False
2025,0918831,MATERNAL II,historical_share,oos_2025,oos,all,19.15667212363611,2024.0,EDI ELFLODÍZIO DOS SANTOS,0.0,publica,matriculas_ano_anterior_proxy,True,19.15667212363611,True
2025,0918832,BERCARIO,historical_share,oos_2025,oos,all,333.588640921051,2024.0,EDI PROFESSORA JACINTHA REIS FERREIRA,48.0,publica,matriculas_ano_anterior_proxy,True,285.588640921051,True
2025,0918832,MATERNAL I,historical_share,oos_2025,oos,all,132.84115525006283,2024.0,EDI PROFESSORA JACINTHA REIS FERREIRA,50.0,publica,matriculas_ano_anterior_proxy,True,82.84115525006283,True
2025,0918832,MATERNAL II,historical_share,oos_2025,oos,all,73.0588689518377,2024.0,EDI PROFESSORA JACINTHA REIS FERREIRA,0.0,publica,matriculas_ano_anterior_proxy,True,73.0588689518377,True
2025,0918833,BERCARIO,historical_share,oos_2025,oos,all,86.23315665176403,2024.0,EDI PROFESSOR WILSON CHOERI,50.0,publica,matriculas_ano_anterior_proxy,True,36.233156651764034,True
2025,0918833,MATERNAL I,historical_share,oos_2025,oos,all,69.39096869802844,2024.0,EDI PROFESSOR WILSON CHOERI,48.0,publica,matriculas_ano_anterior_proxy,True,21.390968698028445,True
2025,0918833,MATERNAL II,historical_share,oos_2025,oos,all,48.72510242719931,2024.0,EDI PROFESSOR WILSON CHOERI,0.0,publica,matriculas_ano_anterior_proxy,True,48.72510242719931,True
2025,0918834,BERCARIO,historical_share,oos_2025,oos,all,50.79639444066766,2024.0,EDI ENGENHEIRA ELAINE MONSORES PIRES,46.0,publica,matriculas_ano_anterior_proxy,True,4.796394440667662,True
2025,0918834,MATERNAL I,historical_share,oos_2025,oos,all,22.512707832158075,2024.0,EDI ENGENHEIRA ELAINE MONSORES PIRES,48.0,publica,matriculas_ano_anterior_proxy,True,-25.487292167841925,False
2025,0918834,MATERNAL II,historical_share,oos_2025,oos,all,12.274888093770572,2024.0,EDI ENGENHEIRA ELAINE MONSORES PIRES,0.0,publica,matriculas_ano_anterior_proxy,True,12.274888093770572,True
2025,0918835,BERCARIO,historical_share,oos_2025,oos,all,119.31260483982338,2024.0,EDI MEDALHISTA OLÍMPICO ARTHUR NORY OYAKAWA MARIANO,49.0,publica,matriculas_ano_anterior_proxy,True,70.31260483982338,True
2025,0918835,MATERNAL I,historical_share,oos_2025,oos,all,47.73610377584097,2024.0,EDI MEDALHISTA OLÍMPICO ARTHUR NORY OYAKAWA MARIANO,48.0,publica,matriculas_ano_anterior_proxy,True,-0.26389622415903347,False
2025,0918835,MATERNAL II,historical_share,oos_2025,oos,all,23.40161647313032,2024.0,EDI MEDALHISTA OLÍMPICO ARTHUR NORY OYAKAWA MARIANO,0.0,publica,matriculas_ano_anterior_proxy,True,23.40161647313032,True
2025,0918836,BERCARIO,historical_share,oos_2025,oos,all,66.06335422167004,2024.0,EDI MEDALHISTA OLÍMPICO RAFAEL CARLOS DA SILVA,49.0,publica,matriculas_ano_anterior_proxy,True,17.06335422167004,True
2025,0918836,MATERNAL I,historical_share,oos_2025,oos,all,62.87303268472457,2024.0,EDI MEDALHISTA OLÍMPICO RAFAEL CARLOS DA SILVA,50.0,publica,matriculas_ano_anterior_proxy,True,12.87303268472457,True
2025,0918836,MATERNAL II,historical_share,oos_2025,oos,all,36.06039369292156,2024.0,EDI MEDALHISTA OLÍMPICO RAFAEL CARLOS DA SILVA,23.0,publica,matriculas_ano_anterior_proxy,True,13.060393692921558,True
2025,0918837,BERCARIO,historical_share,oos_2025,oos,all,145.9471049565522,2024.0,EDI MEDALHISTA OLÍMPICO WALLACE LEANDRO DE SOUZA,51.0,publica,matriculas_ano_anterior_proxy,True,94.94710495655221,True
2025,0918837,MATERNAL I,historical_share,oos_2025,oos,all,89.53411643221415,2024.0,EDI MEDALHISTA OLÍMPICO WALLACE LEANDRO DE SOUZA,75.0,publica,matriculas_ano_anterior_proxy,True,14.534116432214148,True
2025,0918837,MATERNAL II,historical_share,oos_2025,oos,all,61.46341364455977,2024.0,EDI MEDALHISTA OLÍMPICO WALLACE LEANDRO DE SOUZA,0.0,publica,matriculas_ano_anterior_proxy,True,61.46341364455977,True
2025,0918838,MATERNAL I,historical_share,oos_2025,oos,all,50.303687659105606,2024.0,EDI EUSTORGIO WANDERLEY,0.0,publica,matriculas_ano_anterior_proxy,True,50.303687659105606,True
2025,0918838,MATERNAL II,historical_share,oos_2025,oos,all,27.82659958484136,2024.0,EDI EUSTORGIO WANDERLEY,25.0,publica,matriculas_ano_anterior_proxy,True,2.826599584841361,True
2025,0918839,MATERNAL I,historical_share,oos_2025,oos,all,26.89519750592421,2024.0,EDI DALILA TAVARES,22.0,publica,matriculas_ano_anterior_proxy,True,4.895197505924209,True
2025,0918839,MATERNAL II,historical_share,oos_2025,oos,all,18.738857745821186,2024.0,EDI DALILA TAVARES,0.0,publica,matriculas_ano_anterior_proxy,True,18.738857745821186,True
2025,10001,BERCARIO,historical_share,oos_2025,oos,all,28.127962225495207,2024.0,CP ESCOLA COMUNITÁRIA JARDIM DE INFÂNCIA TIA ANASTÁCIA,37.0,parceira,matriculas_ano_anterior_proxy,True,-8.872037774504793,False
2025,10001,MATERNAL I,historical_share,oos_2025,oos,all,11.91272783824775,2024.0,CP ESCOLA COMUNITÁRIA JARDIM DE INFÂNCIA TIA ANASTÁCIA,49.0,parceira,matriculas_ano_anterior_proxy,True,-37.08727216175225,False
2025,10001,MATERNAL II,historical_share,oos_2025,oos,all,6.88985055950294,2024.0,CP ESCOLA COMUNITÁRIA JARDIM DE INFÂNCIA TIA ANASTÁCIA,51.0,parceira,matriculas_ano_anterior_proxy,True,-44.11014944049706,False
2025,10004,BERCARIO,historical_share,oos_2025,oos,all,9.043542533286384,2024.0,CP ESCOLA COMUNITÁRIA JARDIM BALÃO MÁGICO,42.0,parceira,matriculas_ano_anterior_proxy,True,-32.956457466713616,False
2025,10004,MATERNAL I,historical_share,oos_2025,oos,all,0.3883000866053654,2024.0,CP ESCOLA COMUNITÁRIA JARDIM BALÃO MÁGICO,28.0,parceira,matriculas_ano_anterior_proxy,True,-27.611699913394634,False
2025,10004,MATERNAL II,historical_share,oos_2025,oos,all,1.2195669052537237,2024.0,CP ESCOLA COMUNITÁRIA JARDIM BALÃO MÁGICO,20.0,parceira,matriculas_ano_anterior_proxy,True,-18.780433094746275,False
2025,10005,MATERNAL I,historical_share,oos_2025,oos,all,6.945088590787541,2024.0,CP CRECHE COMUNITÁRIA JARDIM PEDRA AZUL,17.0,parceira,matriculas_ano_anterior_proxy,True,-10.054911409212458,False
2025,10005,MATERNAL II,historical_share,oos_2025,oos,all,0.4840122444006408,2024.0,CP CRECHE COMUNITÁRIA JARDIM PEDRA AZUL,27.0,parceira,matriculas_ano_anterior_proxy,True,-26.515987755599358,False
2025,10006,BERCARIO,historical_share,oos_2025,oos,all,12.572838742809996,2024.0,CP CRECHE ESCOLA COMUNITÁRIA ISMÊNIA RIBEIRO,14.0,parceira,matriculas_ano_anterior_proxy,True,-1.4271612571900043,False
2025,10006,MATERNAL I,historical_share,oos_2025,oos,all,18.23409299479556,2024.0,CP CRECHE ESCOLA COMUNITÁRIA ISMÊNIA RIBEIRO,50.0,parceira,matriculas_ano_anterior_proxy,True,-31.76590700520444,False
2025,10006,MATERNAL II,historical_share,oos_2025,oos,all,6.993789229836592,2024.0,CP CRECHE ESCOLA COMUNITÁRIA ISMÊNIA RIBEIRO,45.0,parceira,matriculas_ano_anterior_proxy,True,-38.006210770163406,False
2025,10008,BERCARIO,historical_share,oos_2025,oos,all,11.47101902752081,2024.0,CP CRECHE COMUNITÁRIA JARDIM ESPERANÇA,25.0,parceira,matriculas_ano_anterior_proxy,True,-13.52898097247919,False
2025,10008,MATERNAL I,historical_share,oos_2025,oos,all,11.340113059923574,2024.0,CP CRECHE COMUNITÁRIA JARDIM ESPERANÇA,31.0,parceira,matriculas_ano_anterior_proxy,True,-19.659886940076426,False
2025,10008,MATERNAL II,historical_share,oos_2025,oos,all,2.434627688307127,2024.0,CP CRECHE COMUNITÁRIA JARDIM ESPERANÇA,59.0,parceira,matriculas_ano_anterior_proxy,True,-56.565372311692876,False
2025,10009,BERCARIO,historical_share,oos_2025,oos,all,20.39818813888952,2024.0,CP JARDIM ESCOLA ERNESTO FAGUNDES VARELA,21.0,parceira,matriculas_ano_anterior_proxy,True,-0.6018118611104804,False
2025,10009,MATERNAL I,historical_share,oos_2025,oos,all,9.544425559105845,2024.0,CP JARDIM ESCOLA ERNESTO FAGUNDES VARELA,28.0,parceira,matriculas_ano_anterior_proxy,True,-18.455574440894154,False
2025,10009,MATERNAL II,historical_share,oos_2025,oos,all,5.590457973578208,2024.0,CP JARDIM ESCOLA ERNESTO FAGUNDES VARELA,18.0,parceira,matriculas_ano_anterior_proxy,True,-12.409542026421793,False
2025,10010,MATERNAL I,historical_share,oos_2025,oos,all,26.126188731940022,2024.0,CP ESCOLA COMUNITÁRIA JARDIM ARCO-ÍRIS,67.0,parceira,matriculas_ano_anterior_proxy,True,-40.87381126805998,False
2025,10010,MATERNAL II,historical_share,oos_2025,oos,all,4.054708732378331,2024.0,CP ESCOLA COMUNITÁRIA JARDIM ARCO-ÍRIS,47.0,parceira,matriculas_ano_anterior_proxy,True,-42.94529126762167,False
2025,10011,BERCARIO,historical_share,oos_2025,oos,all,9.043542533286384,2024.0,CP SEMPRE VIDA,28.0,parceira,matriculas_ano_anterior_proxy,True,-18.956457466713616,False
2025,10011,MATERNAL I,historical_share,oos_2025,oos,all,1.156595270048191,2024.0,CP SEMPRE VIDA,44.0,parceira,matriculas_ano_anterior_proxy,True,-42.84340472995181,False
2025,10011,MATERNAL II,historical_share,oos_2025,oos,all,0.0045061222003204,2024.0,CP SEMPRE VIDA,44.0,parceira,matriculas_ano_anterior_proxy,True,-43.99549387779968,False
2025,10013,BERCARIO,historical_share,oos_2025,oos,all,15.070201383457594,2024.0,CP ESCOLA COMUNITÁRIA ENCANTO DE MARIA,26.0,parceira,matriculas_ano_anterior_proxy,True,-10.929798616542406,False
2025,10013,MATERNAL I,historical_share,oos_2025,oos,all,1.9248904534910167,2024.0,CP ESCOLA COMUNITÁRIA ENCANTO DE MARIA,25.0,parceira,matriculas_ano_anterior_proxy,True,-23.075109546508983,False
2025,10013,MATERNAL II,historical_share,oos_2025,oos,all,0.8145466442359227,2024.0,CP ESCOLA COMUNITÁRIA ENCANTO DE MARIA,25.0,parceira,matriculas_ano_anterior_proxy,True,-24.18545335576408,False
2025,10014,MATERNAL I,historical_share,oos_2025,oos,all,4.980583773423405,2024.0,CP CRECHE COMUNITÁRIA SÃO JOÃO BATISTA,15.0,parceira,matriculas_ano_anterior_proxy,True,-10.019416226576595,False
2025,10014,MATERNAL II,historical_share,oos_2025,oos,all,0.6554936752429364,2024.0,CP CRECHE COMUNITÁRIA SÃO JOÃO BATISTA,15.0,parceira,matriculas_ano_anterior_proxy,True,-14.344506324757063,False
2025,10018,BERCARIO,historical_share,oos_2025,oos,all,79.06354771978467,2024.0,CP CRECHE ESCOLA COMUNITÁRIA SÍTIO ALEGRE,92.0,parceira,matriculas_ano_anterior_proxy,True,-12.936452280215335,False
2025,10018,MATERNAL I,historical_share,oos_2025,oos,all,11.383184892040475,2024.0,CP CRECHE ESCOLA COMUNITÁRIA SÍTIO ALEGRE,51.0,parceira,matriculas_ano_anterior_proxy,True,-39.616815107959525,False
2025,10018,MATERNAL II,historical_share,oos_2025,oos,all,7.689308150373061,2024.0,CP CRECHE ESCOLA COMUNITÁRIA SÍTIO ALEGRE,75.0,parceira,matriculas_ano_anterior_proxy,True,-67.31069184962693,False
2025,10019,BERCARIO,historical_share,oos_2025,oos,all,40.68350149668522,2024.0,CP ESCOLA COMUNITÁRIA JARDIM ALEXANDRINO,50.0,parceira,matriculas_ano_anterior_proxy,True,-9.316498503314783,False
2025,10019,MATERNAL I,historical_share,oos_2025,oos,all,15.92920744446708,2024.0,CP ESCOLA COMUNITÁRIA JARDIM ALEXANDRINO,50.0,parceira,matriculas_ano_anterior_proxy,True,-34.07079255553292,False
2025,10019,MATERNAL II,historical_share,oos_2025,oos,all,11.03125173804579,2024.0,CP ESCOLA COMUNITÁRIA JARDIM ALEXANDRINO,69.0,parceira,matriculas_ano_anterior_proxy,True,-57.96874826195421,False
2025,10020,MATERNAL I,historical_share,oos_2025,oos,all,30.35181224087557,2024.0,CP CASA MATERNAL NOSSA SENHORA DE NAZARÉ,80.0,parceira,matriculas_ano_anterior_proxy,True,-49.648187759124426,False
2025,10020,MATERNAL II,historical_share,oos_2025,oos,all,4.864749254413934,2024.0,CP CASA MATERNAL NOSSA SENHORA DE NAZARÉ,91.0,parceira,matriculas_ano_anterior_proxy,True,-86.13525074558606,False
2025,10022,MATERNAL I,historical_share,oos_2025,oos,all,44.24494906842765,2024.0,CP ASSOCIAÇÃO DE MORADORES E AMIGOS DO PARQUE ESTORIL - AMAPE,103.0,parceira,matriculas_ano_anterior_proxy,True,-58.75505093157235,False
2025,10022,MATERNAL II,historical_share,oos_2025,oos,all,19.0324721822224,2024.0,CP ASSOCIAÇÃO DE MORADORES E AMIGOS DO PARQUE ESTORIL - AMAPE,113.0,parceira,matriculas_ano_anterior_proxy,True,-93.96752781777761,False
2025,10023,BERCARIO,historical_share,oos_2025,oos,all,18.083530808543195,2024.0,CP CRECHE ESCOLA SOSSEGO DA MAMÃE,22.0,parceira,matriculas_ano_anterior_proxy,True,-3.9164691914568053,False
2025,10023,MATERNAL I,historical_share,oos_2025,oos,all,7.687104329312209,2024.0,CP CRECHE ESCOLA SOSSEGO DA MAMÃE,30.0,parceira,matriculas_ano_anterior_proxy,True,-22.31289567068779,False
2025,10023,MATERNAL II,historical_share,oos_2025,oos,all,2.434627688307127,2024.0,CP CRECHE ESCOLA SOSSEGO DA MAMÃE,46.0,parceira,matriculas_ano_anterior_proxy,True,-43.565372311692876,False
2025,10024,BERCARIO,historical_share,oos_2025,oos,all,32.059413158470335,2024.0,CP CRECHE COMUNITÁRIA MUNDO ENCANTADO DA CRIANÇA,25.0,parceira,matriculas_ano_anterior_proxy,True,7.059413158470335,True
2025,10024,MATERNAL I,historical_share,oos_2025,oos,all,19.211532080954598,2024.0,CP CRECHE COMUNITÁRIA MUNDO ENCANTADO DA CRIANÇA,57.0,parceira,matriculas_ano_anterior_proxy,True,-37.7884679190454,False
2025,10024,MATERNAL II,historical_share,oos_2025,oos,all,6.88985055950294,2024.0,CP CRECHE COMUNITÁRIA MUNDO ENCANTADO DA CRIANÇA,57.0,parceira,matriculas_ano_anterior_proxy,True,-50.11014944049706,False
2025,10026,MATERNAL I,historical_share,oos_2025,oos,all,47.79378381464983,2024.0,CP CRECHE E ESCOLA COMUNITÁRIA GENTE BAIXINHA I,73.0,parceira,matriculas_ano_anterior_proxy,True,-25.206216185350172,False
2025,10026,MATERNAL II,historical_share,oos_2025,oos,all,19.720827443349908,2024.0,CP CRECHE E ESCOLA COMUNITÁRIA GENTE BAIXINHA I,71.0,parceira,matriculas_ano_anterior_proxy,True,-51.279172556650096,False
2025,10027,BERCARIO,historical_share,oos_2025,oos,all,35.66128578820921,2024.0,CP CRECHE CASULO AGOSTINHO - SANTA CRUZ,49.0,parceira,matriculas_ano_anterior_proxy,True,-13.338714211790787,False
2025,10027,MATERNAL I,historical_share,oos_2025,oos,all,9.607842287919272,2024.0,CP CRECHE CASULO AGOSTINHO - SANTA CRUZ,63.0,parceira,matriculas_ano_anterior_proxy,True,-53.39215771208073,False
2025,10027,MATERNAL II,historical_share,oos_2025,oos,all,6.88985055950294,2024.0,CP CRECHE CASULO AGOSTINHO - SANTA CRUZ,48.0,parceira,matriculas_ano_anterior_proxy,True,-41.11014944049706,False
2025,10028,BERCARIO,historical_share,oos_2025,oos,all,34.93702889642126,2024.0,CP CRECHE CASULO AGOSTINHO - VERIDIANA,51.0,parceira,matriculas_ano_anterior_proxy,True,-16.06297110357874,False
2025,10028,MATERNAL I,historical_share,oos_2025,oos,all,4.578016481901532,2024.0,CP CRECHE CASULO AGOSTINHO - VERIDIANA,39.0,parceira,matriculas_ano_anterior_proxy,True,-34.42198351809847,False
2025,10028,MATERNAL II,historical_share,oos_2025,oos,all,5.373708185765387,2024.0,CP CRECHE CASULO AGOSTINHO - VERIDIANA,50.0,parceira,matriculas_ano_anterior_proxy,True,-44.62629181423461,False
2025,10029,MATERNAL I,historical_share,oos_2025,oos,all,20.748122447840245,2024.0,CP ASSOCIAÇÃO DE MORADORES DAS MORADAS DO IMPÉRIO,37.0,parceira,matriculas_ano_anterior_proxy,True,-16.251877552159755,False
2025,10029,MATERNAL II,historical_share,oos_2025,oos,all,8.509931603574143,2024.0,CP ASSOCIAÇÃO DE MORADORES DAS MORADAS DO IMPÉRIO,38.0,parceira,matriculas_ano_anterior_proxy,True,-29.490068396425855,False
2025,10030,BERCARIO,historical_share,oos_2025,oos,all,5.89832732175036,2024.0,CP INSTITUTO AVELINO - GUARATIBA,55.0,parceira,matriculas_ano_anterior_proxy,True,-49.10167267824964,False
2025,10030,MATERNAL I,historical_share,oos_2025,oos,all,2.6474982664718225,2024.0,CP INSTITUTO AVELINO - GUARATIBA,34.0,parceira,matriculas_ano_anterior_proxy,True,-31.35250173352818,False
2025,10030,MATERNAL II,historical_share,oos_2025,oos,all,1.7112453322061687,2024.0,CP INSTITUTO AVELINO - GUARATIBA,53.0,parceira,matriculas_ano_anterior_proxy,True,-51.28875466779383,False
2025,10032,BERCARIO,historical_share,oos_2025,oos,all,57.41087595925261,2024.0,CP CRECHE COMUNITÁRIA MUNDO MÁGICO,99.0,parceira,matriculas_ano_anterior_proxy,True,-41.58912404074739,False
2025,10032,MATERNAL I,historical_share,oos_2025,oos,all,8.186743113751513,2024.0,CP CRECHE COMUNITÁRIA MUNDO MÁGICO,57.0,parceira,matriculas_ano_anterior_proxy,True,-48.81325688624849,False
2025,10032,MATERNAL II,historical_share,oos_2025,oos,all,6.18374870780099,2024.0,CP CRECHE COMUNITÁRIA MUNDO MÁGICO,58.0,parceira,matriculas_ano_anterior_proxy,True,-51.81625129219901,False
2025,10033,BERCARIO,historical_share,oos_2025,oos,all,29.867125297860213,2024.0,CP PROJETO QUEBRA CABEÇA,27.0,parceira,matriculas_ano_anterior_proxy,True,2.8671252978602126,True
2025,10033,MATERNAL I,historical_share,oos_2025,oos,all,2.655511623366103,2024.0,CP PROJETO QUEBRA CABEÇA,34.0,parceira,matriculas_ano_anterior_proxy,True,-31.344488376633898,False
2025,10033,MATERNAL II,historical_share,oos_2025,oos,all,5.056574542195227,2024.0,CP PROJETO QUEBRA CABEÇA,51.0,parceira,matriculas_ano_anterior_proxy,True,-45.94342545780477,False
2025,10034,BERCARIO,historical_share,oos_2025,oos,all,17.079087666847993,2024.0,CP OS BENEDITINHOS,25.0,parceira,matriculas_ano_anterior_proxy,True,-7.920912333152007,False
2025,10034,MATERNAL I,historical_share,oos_2025,oos,all,14.869115346839347,2024.0,CP OS BENEDITINHOS,61.0,parceira,matriculas_ano_anterior_proxy,True,-46.13088465316065,False
2025,10034,MATERNAL II,historical_share,oos_2025,oos,all,2.8396479493249283,2024.0,CP OS BENEDITINHOS,44.0,parceira,matriculas_ano_anterior_proxy,True,-41.16035205067507,False
2025,10035,BERCARIO,historical_share,oos_2025,oos,all,15.89091204885925,2024.0,CP ESCOLA COMUNITÁRIA JARDIM DE INFÂNCIA CHAVE DO TAMANHO,41.0,parceira,matriculas_ano_anterior_proxy,True,-25.10908795114075,False
2025,10035,MATERNAL I,historical_share,oos_2025,oos,all,1.7717252472053862,2024.0,CP ESCOLA COMUNITÁRIA JARDIM DE INFÂNCIA CHAVE DO TAMANHO,28.0,parceira,matriculas_ano_anterior_proxy,True,-26.228274752794615,False
2025,10035,MATERNAL II,historical_share,oos_2025,oos,all,0.8638833301046108,2024.0,CP ESCOLA COMUNITÁRIA JARDIM DE INFÂNCIA CHAVE DO TAMANHO,20.0,parceira,matriculas_ano_anterior_proxy,True,-19.13611666989539,False
2025,10036,BERCARIO,historical_share,oos_2025,oos,all,21.0034089581794,2024.0,CP CAAD DONA ZULMIRA TELLES,24.0,parceira,matriculas_ano_anterior_proxy,True,-2.9965910418206008,False
2025,10036,MATERNAL I,historical_share,oos_2025,oos,all,19.855145206043588,2024.0,CP CAAD DONA ZULMIRA TELLES,42.0,parceira,matriculas_ano_anterior_proxy,True,-22.144854793956412,False
2025,10036,MATERNAL II,historical_share,oos_2025,oos,all,11.750093691716552,2024.0,CP CAAD DONA ZULMIRA TELLES,39.0,parceira,matriculas_ano_anterior_proxy,True,-27.24990630828345,False
2025,10037,BERCARIO,historical_share,oos_2025,oos,all,14.567979812609993,2024.0,CP CAAD - COMITÊ DE ATENDIMENTO À CRIANÇA E AO ADOLESCENTE,19.0,parceira,matriculas_ano_anterior_proxy,True,-4.432020187390007,False
2025,10037,MATERNAL I,historical_share,oos_2025,oos,all,5.7663663707051445,2024.0,CP CAAD - COMITÊ DE ATENDIMENTO À CRIANÇA E AO ADOLESCENTE,36.0,parceira,matriculas_ano_anterior_proxy,True,-30.233633629294857,False
2025,10037,MATERNAL II,historical_share,oos_2025,oos,all,4.864749254413934,2024.0,CP CAAD - COMITÊ DE ATENDIMENTO À CRIANÇA E AO ADOLESCENTE,44.0,parceira,matriculas_ano_anterior_proxy,True,-39.13525074558606,False
2025,10039,BERCARIO,historical_share,oos_2025,oos,all,60.18407767408358,2024.0,CP FUNDAÇÃO KLINGNER PARA O DESENVOLVIMENTO SOCIAL,73.0,parceira,matriculas_ano_anterior_proxy,True,-12.815922325916418,False
2025,10039,MATERNAL I,historical_share,oos_2025,oos,all,23.32587874151743,2024.0,CP FUNDAÇÃO KLINGNER PARA O DESENVOLVIMENTO SOCIAL,131.0,parceira,matriculas_ano_anterior_proxy,True,-107.67412125848257,False
2025,10039,MATERNAL II,historical_share,oos_2025,oos,all,10.638971578996802,2024.0,CP FUNDAÇÃO KLINGNER PARA O DESENVOLVIMENTO SOCIAL,146.0,parceira,matriculas_ano_anterior_proxy,True,-135.3610284210032,False
2025,10040,BERCARIO,historical_share,oos_2025,oos,all,46.49446517512661,2024.0,CP CICIM I,51.0,parceira,matriculas_ano_anterior_proxy,True,-4.5055348248733935,False
2025,10040,MATERNAL I,historical_share,oos_2025,oos,all,10.45421161909268,2024.0,CP CICIM I,71.0,parceira,matriculas_ano_anterior_proxy,True,-60.54578838090732,False
2025,10040,MATERNAL II,historical_share,oos_2025,oos,all,13.912878280343328,2024.0,CP CICIM I,72.0,parceira,matriculas_ano_anterior_proxy,True,-58.08712171965667,False
2025,10041,BERCARIO,historical_share,oos_2025,oos,all,26.119075942104804,2024.0,CP CRECHE BEZERRA DE MENEZES - SANTA CRUZ,42.0,parceira,matriculas_ano_anterior_proxy,True,-15.880924057895196,False
2025,10041,MATERNAL I,historical_share,oos_2025,oos,all,11.658804342490292,2024.0,CP CRECHE BEZERRA DE MENEZES - SANTA CRUZ,60.0,parceira,matriculas_ano_anterior_proxy,True,-48.34119565750971,False
2025,10041,MATERNAL II,historical_share,oos_2025,oos,all,5.269769515431735,2024.0,CP CRECHE BEZERRA DE MENEZES - SANTA CRUZ,58.0,parceira,matriculas_ano_anterior_proxy,True,-52.73023048456827,False
2025,10042,BERCARIO,historical_share,oos_2025,oos,all,30.863040173872523,2024.0,CP CICIM II,24.0,parceira,matriculas_ano_anterior_proxy,True,6.863040173872523,True
2025,10042,MATERNAL I,historical_share,oos_2025,oos,all,11.69551825648314,2024.0,CP CICIM II,43.0,parceira,matriculas_ano_anterior_proxy,True,-31.30448174351686,False
2025,10042,MATERNAL II,historical_share,oos_2025,oos,all,11.537358698701484,2024.0,CP CICIM II,60.0,parceira,matriculas_ano_anterior_proxy,True,-48.46264130129852,False
2025,10043,BERCARIO,historical_share,oos_2025,oos,all,17.069701162228313,2024.0,CP CRECHE CANTINHO CASLU,42.0,parceira,matriculas_ano_anterior_proxy,True,-24.930298837771687,False
2025,10043,MATERNAL I,historical_share,oos_2025,oos,all,8.411889325362289,2024.0,CP CRECHE CANTINHO CASLU,40.0,parceira,matriculas_ano_anterior_proxy,True,-31.58811067463771,False
2025,10043,MATERNAL II,historical_share,oos_2025,oos,all,4.419503005837691,2024.0,CP CRECHE CANTINHO CASLU,44.0,parceira,matriculas_ano_anterior_proxy,True,-39.58049699416231,False
2025,10044,BERCARIO,historical_share,oos_2025,oos,all,21.956804874358813,2024.0,CP CRECHE COMUNITÁRIA MAGIA DA CRIANÇA,53.0,parceira,matriculas_ano_anterior_proxy,True,-31.043195125641187,False
2025,10044,MATERNAL I,historical_share,oos_2025,oos,all,9.573702074208263,2024.0,CP CRECHE COMUNITÁRIA MAGIA DA CRIANÇA,55.0,parceira,matriculas_ano_anterior_proxy,True,-45.42629792579174,False
2025,10044,MATERNAL II,historical_share,oos_2025,oos,all,5.349039842831044,2024.0,CP CRECHE COMUNITÁRIA MAGIA DA CRIANÇA,60.0,parceira,matriculas_ano_anterior_proxy,True,-54.65096015716895,False
2025,10045,BERCARIO,historical_share,oos_2025,oos,all,15.572422954305193,2024.0,CP ESPAÇO CRIATIVO ERA UMA VEZ,20.0,parceira,matriculas_ano_anterior_proxy,True,-4.427577045694807,False
2025,10045,MATERNAL I,historical_share,oos_2025,oos,all,8.455399512755035,2024.0,CP ESPAÇO CRIATIVO ERA UMA VEZ,43.0,parceira,matriculas_ano_anterior_proxy,True,-34.54460048724496,False
2025,10045,MATERNAL II,historical_share,oos_2025,oos,all,2.5258262566719667,2024.0,CP ESPAÇO CRIATIVO ERA UMA VEZ,66.0,parceira,matriculas_ano_anterior_proxy,True,-63.47417374332803,False
2025,10046,BERCARIO,historical_share,oos_2025,oos,all,67.21598805215326,2024.0,CP CRECHE COMUNITÁRIA DEUS É FIEL - CCDF,97.0,parceira,matriculas_ano_anterior_proxy,True,-29.784011947846736,False
2025,10046,MATERNAL I,historical_share,oos_2025,oos,all,20.919977820354703,2024.0,CP CRECHE COMUNITÁRIA DEUS É FIEL - CCDF,120.0,parceira,matriculas_ano_anterior_proxy,True,-99.0800221796453,False
2025,10046,MATERNAL II,historical_share,oos_2025,oos,all,0.8638833301046108,2024.0,CP CRECHE COMUNITÁRIA DEUS É FIEL - CCDF,100.0,parceira,matriculas_ano_anterior_proxy,True,-99.13611666989539,False
2025,10047,BERCARIO,historical_share,oos_2025,oos,all,41.42646636908096,2024.0,CP CENTRO CULTURAL MONTESSORI - SANTA CRUZ,81.0,parceira,matriculas_ano_anterior_proxy,True,-39.57353363091904,False
2025,10047,MATERNAL I,historical_share,oos_2025,oos,all,6.976554742228328,2024.0,CP CENTRO CULTURAL MONTESSORI - SANTA CRUZ,43.0,parceira,matriculas_ano_anterior_proxy,True,-36.02344525777167,False
2025,10047,MATERNAL II,historical_share,oos_2025,oos,all,1.624587166271525,2024.0,CP CENTRO CULTURAL MONTESSORI - SANTA CRUZ,47.0,parceira,matriculas_ano_anterior_proxy,True,-45.375412833728475,False
2025,10051,BERCARIO,historical_share,oos_2025,oos,all,40.25813714506205,2024.0,CP CRECHE COMUNITÁRIA DEUS É FIEL - UNIDADE VI,78.0,parceira,matriculas_ano_anterior_proxy,True,-37.74186285493795,False
2025,10051,MATERNAL I,historical_share,oos_2025,oos,all,28.043097770508183,2024.0,CP CRECHE COMUNITÁRIA DEUS É FIEL - UNIDADE VI,140.0,parceira,matriculas_ano_anterior_proxy,True,-111.95690222949182,False
2025,10051,MATERNAL II,historical_share,oos_2025,oos,all,3.0704933714078217,2024.0,CP CRECHE COMUNITÁRIA DEUS É FIEL - UNIDADE VI,115.0,parceira,matriculas_ano_anterior_proxy,True,-111.92950662859218,False
2025,10052,BERCARIO,historical_share,oos_2025,oos,all,54.66488979156156,2024.0,CP CRECHE COMUNITÁRIA DEUS É FIEL - UNIDADE VII,108.0,parceira,matriculas_ano_anterior_proxy,True,-53.33511020843844,False
2025,10052,MATERNAL I,historical_share,oos_2025,oos,all,52.60362599557901,2024.0,CP CRECHE COMUNITÁRIA DEUS É FIEL - UNIDADE VII,146.0,parceira,matriculas_ano_anterior_proxy,True,-93.39637400442099,False
2025,10052,MATERNAL II,historical_share,oos_2025,oos,all,10.745800747403488,2024.0,CP CRECHE COMUNITÁRIA DEUS É FIEL - UNIDADE VII,67.0,parceira,matriculas_ano_anterior_proxy,True,-56.254199252596514,False
2025,10053,BERCARIO,historical_share,oos_2025,oos,all,98.59149837510672,2024.0,CP CRECHE COMUNITÁRIA GÊNIO DO FUTURO,119.0,parceira,matriculas_ano_anterior_proxy,True,-20.408501624893276,False
2025,10053,MATERNAL I,historical_share,oos_2025,oos,all,14.60176098029764,2024.0,CP CRECHE COMUNITÁRIA GÊNIO DO FUTURO,87.0,parceira,matriculas_ano_anterior_proxy,True,-72.39823901970236,False
2025,10053,MATERNAL II,historical_share,oos_2025,oos,all,7.699891081538542,2024.0,CP CRECHE COMUNITÁRIA GÊNIO DO FUTURO,78.0,parceira,matriculas_ano_anterior_proxy,True,-70.30010891846146,False
2025,10054,BERCARIO,historical_share,oos_2025,oos,all,11.78080859813607,2024.0,CP CRECHE COMUNITÁRIA AQUARELA DO SABER,14.0,parceira,matriculas_ano_anterior_proxy,True,-2.219191401863929,False
2025,10054,MATERNAL I,historical_share,oos_2025,oos,all,5.838844870310153,2024.0,CP CRECHE COMUNITÁRIA AQUARELA DO SABER,16.0,parceira,matriculas_ano_anterior_proxy,True,-10.161155129689847,False
2025,10054,MATERNAL II,historical_share,oos_2025,oos,all,2.434627688307127,2024.0,CP CRECHE COMUNITÁRIA AQUARELA DO SABER,25.0,parceira,matriculas_ano_anterior_proxy,True,-22.565372311692872,False
2025,10055,BERCARIO,historical_share,oos_2025,oos,all,22.58332748326737,2024.0,CP ESPAÇO DE DESENVOLVIMENTO MÃE GAIA,25.0,parceira,matriculas_ano_anterior_proxy,True,-2.4166725167326284,False
2025,10055,MATERNAL I,historical_share,oos_2025,oos,all,9.283909444571476,2024.0,CP ESPAÇO DE DESENVOLVIMENTO MÃE GAIA,50.0,parceira,matriculas_ano_anterior_proxy,True,-40.71609055542852,False
2025,10055,MATERNAL II,historical_share,oos_2025,oos,all,5.565789630643865,2024.0,CP ESPAÇO DE DESENVOLVIMENTO MÃE GAIA,73.0,parceira,matriculas_ano_anterior_proxy,True,-67.43421036935614,False
2025,10056,BERCARIO,historical_share,oos_2025,oos,all,20.0924170919336,2024.0,CP CRECHE MUNDO DA BIBI,24.0,parceira,matriculas_ano_anterior_proxy,True,-3.9075829080663986,False
2025,10056,MATERNAL I,historical_share,oos_2025,oos,all,8.839547104476447,2024.0,CP CRECHE MUNDO DA BIBI,35.0,parceira,matriculas_ano_anterior_proxy,True,-26.160452895523555,False
2025,10056,MATERNAL II,historical_share,oos_2025,oos,all,3.244668210342729,2024.0,CP CRECHE MUNDO DA BIBI,39.0,parceira,matriculas_ano_anterior_proxy,True,-35.75533178965727,False
2025,10057,BERCARIO,historical_share,oos_2025,oos,all,53.227546086516405,2024.0,CP CENTRO CULTURAL MONTESSORI - PACIÊNCIA,104.0,parceira,matriculas_ano_anterior_proxy,True,-50.772453913483595,False
2025,10057,MATERNAL I,historical_share,oos_2025,oos,all,14.089927228958167,2024.0,CP CENTRO CULTURAL MONTESSORI - PACIÊNCIA,69.0,parceira,matriculas_ano_anterior_proxy,True,-54.91007277104183,False
2025,10057,MATERNAL II,historical_share,oos_2025,oos,all,10.484806116824611,2024.0,CP CENTRO CULTURAL MONTESSORI - PACIÊNCIA,121.0,parceira,matriculas_ano_anterior_proxy,True,-110.51519388317539,False
2025,10058,BERCARIO,historical_share,oos_2025,oos,all,68.4486099325363,2024.0,CP CRECHE ESCOLA COMUNITÁRIA MALLETZINHO,104.0,parceira,matriculas_ano_anterior_proxy,True,-35.5513900674637,False
2025,10058,MATERNAL I,historical_share,oos_2025,oos,all,10.990576740238104,2024.0,CP CRECHE ESCOLA COMUNITÁRIA MALLETZINHO,70.0,parceira,matriculas_ano_anterior_proxy,True,-59.009423259761896,False
2025,10058,MATERNAL II,historical_share,oos_2025,oos,all,10.43413673871144,2024.0,CP CRECHE ESCOLA COMUNITÁRIA MALLETZINHO,100.0,parceira,matriculas_ano_anterior_proxy,True,-89.56586326128856,False
2025,10059,BERCARIO,historical_share,oos_2025,oos,all,14.567979812609993,2024.0,CP CRECHE COMUNITÁRIA PLANETA BEBÊ,24.0,parceira,matriculas_ano_anterior_proxy,True,-9.432020187390007,False
2025,10059,MATERNAL I,historical_share,oos_2025,oos,all,3.845628412098081,2024.0,CP CRECHE COMUNITÁRIA PLANETA BEBÊ,27.0,parceira,matriculas_ano_anterior_proxy,True,-23.15437158790192,False
2025,10059,MATERNAL II,historical_share,oos_2025,oos,all,6.484830298485139,2024.0,CP CRECHE COMUNITÁRIA PLANETA BEBÊ,39.0,parceira,matriculas_ano_anterior_proxy,True,-32.515169701514864,False
2025,10060,BERCARIO,historical_share,oos_2025,oos,all,11.554650387524388,2024.0,CP CRECHE COMUNITÁRIA JARDIM DO CONHECIMENTO,19.0,parceira,matriculas_ano_anterior_proxy,True,-7.445349612475612,False
2025,10060,MATERNAL I,historical_share,oos_2025,oos,all,4.229776003819493,2024.0,CP CRECHE COMUNITÁRIA JARDIM DO CONHECIMENTO,33.0,parceira,matriculas_ano_anterior_proxy,True,-28.770223996180505,False
2025,10060,MATERNAL II,historical_share,oos_2025,oos,all,2.029607427289326,2024.0,CP CRECHE COMUNITÁRIA JARDIM DO CONHECIMENTO,45.0,parceira,matriculas_ano_anterior_proxy,True,-42.97039257271067,False
2025,10061,BERCARIO,historical_share,oos_2025,oos,all,16.07464452515279,2024.0,CP CRECHE COMUNITÁRIA ESTRELA DO AMANHÃ,25.0,parceira,matriculas_ano_anterior_proxy,True,-8.925355474847208,False
2025,10061,MATERNAL I,historical_share,oos_2025,oos,all,9.220534835902,2024.0,CP CRECHE COMUNITÁRIA ESTRELA DO AMANHÃ,39.0,parceira,matriculas_ano_anterior_proxy,True,-29.779465164098,False
2025,10061,MATERNAL II,historical_share,oos_2025,oos,all,2.029607427289326,2024.0,CP CRECHE COMUNITÁRIA ESTRELA DO AMANHÃ,28.0,parceira,matriculas_ano_anterior_proxy,True,-25.970392572710672,False
2025,10062,BERCARIO,historical_share,oos_2025,oos,all,13.122495068873022,2024.0,CP CENTRO CULTURAL DE DESENVOLVIMENTO INFANTIL JOÃO BATISTA,26.0,parceira,matriculas_ano_anterior_proxy,True,-12.877504931126978,False
2025,10062,MATERNAL I,historical_share,oos_2025,oos,all,8.326316426009704,2024.0,CP CENTRO CULTURAL DE DESENVOLVIMENTO INFANTIL JOÃO BATISTA,34.0,parceira,matriculas_ano_anterior_proxy,True,-25.673683573990296,False
2025,10062,MATERNAL II,historical_share,oos_2025,oos,all,4.702522044948848,2024.0,CP CENTRO CULTURAL DE DESENVOLVIMENTO INFANTIL JOÃO BATISTA,47.0,parceira,matriculas_ano_anterior_proxy,True,-42.29747795505115,False
2025,10063,BERCARIO,historical_share,oos_2025,oos,all,26.257992592165515,2024.0,CP CRECHE COMUNITÁRIA UNIVERSO INFANTIL,25.0,parceira,matriculas_ano_anterior_proxy,True,1.2579925921655146,True
2025,10063,MATERNAL I,historical_share,oos_2025,oos,all,12.901329063412184,2024.0,CP CRECHE COMUNITÁRIA UNIVERSO INFANTIL,50.0,parceira,matriculas_ano_anterior_proxy,True,-37.098670936587816,False
2025,10063,MATERNAL II,historical_share,oos_2025,oos,all,7.152940743819788,2024.0,CP CRECHE COMUNITÁRIA UNIVERSO INFANTIL,52.0,parceira,matriculas_ano_anterior_proxy,True,-44.84705925618021,False
2025,10064,BERCARIO,historical_share,oos_2025,oos,all,34.27877795574888,2024.0,CP CRECHE COMUNITÁRIA CORAÇÃO DE MÃE,31.0,parceira,matriculas_ano_anterior_proxy,True,3.278777955748879,True
2025,10064,MATERNAL I,historical_share,oos_2025,oos,all,19.217607306038584,2024.0,CP CRECHE COMUNITÁRIA CORAÇÃO DE MÃE,46.0,parceira,matriculas_ano_anterior_proxy,True,-26.782392693961416,False
2025,10064,MATERNAL II,historical_share,oos_2025,oos,all,9.412435345248603,2024.0,CP CRECHE COMUNITÁRIA CORAÇÃO DE MÃE,48.0,parceira,matriculas_ano_anterior_proxy,True,-38.5875646547514,False
2025,10065,BERCARIO,historical_share,oos_2025,oos,all,66.32743858822407,2024.0,CP CRECHE MAGIA DA CRIANÇA II,74.0,parceira,matriculas_ano_anterior_proxy,True,-7.672561411775931,False
2025,10065,MATERNAL I,historical_share,oos_2025,oos,all,11.935268573053628,2024.0,CP CRECHE MAGIA DA CRIANÇA II,57.0,parceira,matriculas_ano_anterior_proxy,True,-45.06473142694637,False
2025,10065,MATERNAL II,historical_share,oos_2025,oos,all,5.486263146147372,2024.0,CP CRECHE MAGIA DA CRIANÇA II,42.0,parceira,matriculas_ano_anterior_proxy,True,-36.51373685385263,False
2025,10066,BERCARIO,historical_share,oos_2025,oos,all,39.66963886560357,2024.0,CP CRECHE COMUNITÁRIA ARTE & CULTURA,71.0,parceira,matriculas_ano_anterior_proxy,True,-31.330361134396433,False
2025,10066,MATERNAL I,historical_share,oos_2025,oos,all,17.9431006187926,2024.0,CP CRECHE COMUNITÁRIA ARTE & CULTURA,77.0,parceira,matriculas_ano_anterior_proxy,True,-59.0568993812074,False
2025,10066,MATERNAL II,historical_share,oos_2025,oos,all,6.343243511714107,2024.0,CP CRECHE COMUNITÁRIA ARTE & CULTURA,102.0,parceira,matriculas_ano_anterior_proxy,True,-95.6567564882859,False
2025,10067,BERCARIO,historical_share,oos_2025,oos,all,32.30370430640634,2024.0,CP CRECHE COMUNITÁRIA ARCA DE NOÉ,24.0,parceira,matriculas_ano_anterior_proxy,True,8.303704306406338,True
2025,10067,MATERNAL I,historical_share,oos_2025,oos,all,9.339185888915752,2024.0,CP CRECHE COMUNITÁRIA ARCA DE NOÉ,39.0,parceira,matriculas_ano_anterior_proxy,True,-29.66081411108425,False
2025,10067,MATERNAL II,historical_share,oos_2025,oos,all,4.484397336330478,2024.0,CP CRECHE COMUNITÁRIA ARCA DE NOÉ,60.0,parceira,matriculas_ano_anterior_proxy,True,-55.515602663669526,False
2025,10068,BERCARIO,historical_share,oos_2025,oos,all,15.602561816524751,2024.0,CP CRECHE COMUNITÁRIA TIA NEIDE - GUARATIBA,26.0,parceira,matriculas_ano_anterior_proxy,True,-10.397438183475249,False
2025,10068,MATERNAL I,historical_share,oos_2025,oos,all,6.103116057988636,2024.0,CP CRECHE COMUNITÁRIA TIA NEIDE - GUARATIBA,44.0,parceira,matriculas_ano_anterior_proxy,True,-37.896883942011364,False
2025,10068,MATERNAL II,historical_share,oos_2025,oos,all,5.5953363357457695,2024.0,CP CRECHE COMUNITÁRIA TIA NEIDE - GUARATIBA,50.0,parceira,matriculas_ano_anterior_proxy,True,-44.40466366425423,False
2025,10069,BERCARIO,historical_share,oos_2025,oos,all,80.01911420947837,2024.0,CP CRECHE E ESCOLA COMUNITÁRIA GENTE BAIXINHA II,16.0,parceira,matriculas_ano_anterior_proxy,True,64.01911420947837,True
2025,10069,MATERNAL I,historical_share,oos_2025,oos,all,15.511989985605592,2024.0,CP CRECHE E ESCOLA COMUNITÁRIA GENTE BAIXINHA II,38.0,parceira,matriculas_ano_anterior_proxy,True,-22.48801001439441,False
2025,10069,MATERNAL II,historical_share,oos_2025,oos,all,3.5993002529543388,2024.0,CP CRECHE E ESCOLA COMUNITÁRIA GENTE BAIXINHA II,20.0,parceira,matriculas_ano_anterior_proxy,True,-16.40069974704566,False
2025,10070,BERCARIO,historical_share,oos_2025,oos,all,13.06131510006719,2024.0,CP PEDACINHO DO CÉU,10.0,parceira,matriculas_ano_anterior_proxy,True,3.0613151000671905,True
2025,10070,MATERNAL I,historical_share,oos_2025,oos,all,8.809528619564471,2024.0,CP PEDACINHO DO CÉU,17.0,parceira,matriculas_ano_anterior_proxy,True,-8.190471380435529,False
2025,10070,MATERNAL II,historical_share,oos_2025,oos,all,4.054708732378331,2024.0,CP PEDACINHO DO CÉU,13.0,parceira,matriculas_ano_anterior_proxy,True,-8.94529126762167,False
2025,10071,BERCARIO,historical_share,oos_2025,oos,all,37.57059045312237,2024.0,CP CRECHE COMUNITÁRIA ARTE & CULTURA - UNIDADE I,49.0,parceira,matriculas_ano_anterior_proxy,True,-11.429409546877629,False
2025,10071,MATERNAL I,historical_share,oos_2025,oos,all,9.075907268639,2024.0,CP CRECHE COMUNITÁRIA ARTE & CULTURA - UNIDADE I,84.0,parceira,matriculas_ano_anterior_proxy,True,-74.924092731361,False
2025,10071,MATERNAL II,historical_share,oos_2025,oos,all,5.221800533287423,2024.0,CP CRECHE COMUNITÁRIA ARTE & CULTURA - UNIDADE I,105.0,parceira,matriculas_ano_anterior_proxy,True,-99.77819946671258,False
2025,10072,BERCARIO,historical_share,oos_2025,oos,all,37.47792219201026,2024.0,CP CRECHE COMUNITÁRIA DEUS É FIEL - UNIDADE X,48.0,parceira,matriculas_ano_anterior_proxy,True,-10.522077807989739,False
2025,10072,MATERNAL I,historical_share,oos_2025,oos,all,11.659664458374197,2024.0,CP CRECHE COMUNITÁRIA DEUS É FIEL - UNIDADE X,45.0,parceira,matriculas_ano_anterior_proxy,True,-33.340335541625805,False
2025,10072,MATERNAL II,historical_share,oos_2025,oos,all,3.3959871479291297,2024.0,CP CRECHE COMUNITÁRIA DEUS É FIEL - UNIDADE X,32.0,parceira,matriculas_ano_anterior_proxy,True,-28.60401285207087,False
2025,10073,BERCARIO,historical_share,oos_2025,oos,all,32.01274440049586,2024.0,CP NINHO CARIOCA,18.0,parceira,matriculas_ano_anterior_proxy,True,14.012744400495862,True
2025,10073,MATERNAL I,historical_share,oos_2025,oos,all,24.774984582983,2024.0,CP NINHO CARIOCA,50.0,parceira,matriculas_ano_anterior_proxy,True,-25.225015417017,False
2025,10073,MATERNAL II,historical_share,oos_2025,oos,all,16.12659349580191,2024.0,CP NINHO CARIOCA,84.0,parceira,matriculas_ano_anterior_proxy,True,-67.87340650419809,False
2025,10074,BERCARIO,historical_share,oos_2025,oos,all,17.6933408584727,2024.0,CP CRECHE MUNDO MÁGICO II,20.0,parceira,matriculas_ano_anterior_proxy,True,-2.3066591415273017,False
2025,10074,MATERNAL I,historical_share,oos_2025,oos,all,10.244802371001906,2024.0,CP CRECHE MUNDO MÁGICO II,38.0,parceira,matriculas_ano_anterior_proxy,True,-27.755197628998094,False
2025,10074,MATERNAL II,historical_share,oos_2025,oos,all,6.455350904174652,2024.0,CP CRECHE MUNDO MÁGICO II,60.0,parceira,matriculas_ano_anterior_proxy,True,-53.54464909582535,False
2025,10075,BERCARIO,historical_share,oos_2025,oos,all,34.49970802308321,2024.0,CP CRECHE COMUNITÁRIA PEDACINHO DE CÉU,1.0,parceira,matriculas_ano_anterior_proxy,True,33.49970802308321,True
2025,10075,MATERNAL I,historical_share,oos_2025,oos,all,22.284712814725896,2024.0,CP CRECHE COMUNITÁRIA PEDACINHO DE CÉU,19.0,parceira,matriculas_ano_anterior_proxy,True,3.2847128147258964,True
2025,10075,MATERNAL II,historical_share,oos_2025,oos,all,5.269769515431735,2024.0,CP CRECHE COMUNITÁRIA PEDACINHO DE CÉU,41.0,parceira,matriculas_ano_anterior_proxy,True,-35.73023048456827,False
2025,10076,BERCARIO,historical_share,oos_2025,oos,all,10.061730888571994,2024.0,CP ESPAÇO DE DESENVOLVIMENTO MÃE GAIA - UNIDADE I,20.0,parceira,matriculas_ano_anterior_proxy,True,-9.938269111428006,False
2025,10076,MATERNAL I,historical_share,oos_2025,oos,all,0.7724476783267784,2024.0,CP ESPAÇO DE DESENVOLVIMENTO MÃE GAIA - UNIDADE I,14.0,parceira,matriculas_ano_anterior_proxy,True,-13.227552321673222,False
2025,10076,MATERNAL II,historical_share,oos_2025,oos,all,0.8145466442359227,2024.0,CP ESPAÇO DE DESENVOLVIMENTO MÃE GAIA - UNIDADE I,26.0,parceira,matriculas_ano_anterior_proxy,True,-25.18545335576408,False
2025,10077,BERCARIO,historical_share,oos_2025,oos,all,2.0124405414199757,2024.0,CP CRECHE COMUNITÁRIA CANTINHO DO SABER,0.0,parceira,matriculas_ano_anterior_proxy,True,2.0124405414199757,True
2025,10077,MATERNAL I,historical_share,oos_2025,oos,all,7.687104329312209,2024.0,CP CRECHE COMUNITÁRIA CANTINHO DO SABER,17.0,parceira,matriculas_ano_anterior_proxy,True,-9.31289567068779,False
2025,10077,MATERNAL II,historical_share,oos_2025,oos,all,8.747742585772068,2024.0,CP CRECHE COMUNITÁRIA CANTINHO DO SABER,23.0,parceira,matriculas_ano_anterior_proxy,True,-14.252257414227932,False
2025,10078,BERCARIO,historical_share,oos_2025,oos,all,15.348308092549573,2024.0,CP CRECHE COMUNITÁRIA CRIANÇA FELIZ,20.0,parceira,matriculas_ano_anterior_proxy,True,-4.651691907450427,False
2025,10078,MATERNAL I,historical_share,oos_2025,oos,all,2.4539950444224456,2024.0,CP CRECHE COMUNITÁRIA CRIANÇA FELIZ,11.0,parceira,matriculas_ano_anterior_proxy,True,-8.546004955577555,False
2025,10078,MATERNAL II,historical_share,oos_2025,oos,all,1.2195669052537237,2024.0,CP CRECHE COMUNITÁRIA CRIANÇA FELIZ,9.0,parceira,matriculas_ano_anterior_proxy,True,-7.780433094746276,False
2025,10079,BERCARIO,historical_share,oos_2025,oos,all,80.55822334089768,2024.0,CP CRECHE COMUNITÁRIA DEUS É FIEL - UNIDADE VIII,72.0,parceira,matriculas_ano_anterior_proxy,True,8.558223340897683,True
2025,10079,MATERNAL I,historical_share,oos_2025,oos,all,8.517381161057019,2024.0,CP CRECHE COMUNITÁRIA DEUS É FIEL - UNIDADE VIII,67.0,parceira,matriculas_ano_anterior_proxy,True,-58.48261883894298,False
2025,10079,MATERNAL II,historical_share,oos_2025,oos,all,0.0045061222003204,2024.0,CP CRECHE COMUNITÁRIA DEUS É FIEL - UNIDADE VIII,86.0,parceira,matriculas_ano_anterior_proxy,True,-85.99549387779967,False
2025,10080,BERCARIO,historical_share,oos_2025,oos,all,0.003554258029573,2024.0,CP ASSOCIAÇÃO CENTRO EDUCACIONAL REBRAL XII (GUARATIBA),30.0,parceira,matriculas_ano_anterior_proxy,True,-29.996445741970426,False
2025,10080,MATERNAL I,historical_share,oos_2025,oos,all,14.506081424072548,2024.0,CP ASSOCIAÇÃO CENTRO EDUCACIONAL REBRAL XII (GUARATIBA),26.0,parceira,matriculas_ano_anterior_proxy,True,-11.493918575927452,False
2025,10080,MATERNAL II,historical_share,oos_2025,oos,all,9.162664021869688,2024.0,CP ASSOCIAÇÃO CENTRO EDUCACIONAL REBRAL XII (GUARATIBA),20.0,parceira,matriculas_ano_anterior_proxy,True,-10.837335978130312,False
2025,10081,BERCARIO,historical_share,oos_2025,oos,all,32.89403402808451,2024.0,CP CENTRO EDUCACIONAL ESTRELA DO AMANHÃ,24.0,parceira,matriculas_ano_anterior_proxy,True,8.894034028084512,True
2025,10081,MATERNAL I,historical_share,oos_2025,oos,all,34.190130975022925,2024.0,CP CENTRO EDUCACIONAL ESTRELA DO AMANHÃ,40.0,parceira,matriculas_ano_anterior_proxy,True,-5.8098690249770755,False
2025,10081,MATERNAL II,historical_share,oos_2025,oos,all,35.33591238308909,2024.0,CP CENTRO EDUCACIONAL ESTRELA DO AMANHÃ,36.0,parceira,matriculas_ano_anterior_proxy,True,-0.664087616910912,False
2025,10082,BERCARIO,historical_share,oos_2025,oos,all,12.789513180055566,2024.0,CP CRECHE ESCOLA BAIXINHOS SABIDOS,17.0,parceira,matriculas_ano_anterior_proxy,True,-4.210486819944434,False
2025,10082,MATERNAL I,historical_share,oos_2025,oos,all,6.512906460451597,2024.0,CP CRECHE ESCOLA BAIXINHOS SABIDOS,8.0,parceira,matriculas_ano_anterior_proxy,True,-1.487093539548403,False
2025,10082,MATERNAL II,historical_share,oos_2025,oos,all,2.5258262566719667,2024.0,CP CRECHE ESCOLA BAIXINHOS SABIDOS,6.0,parceira,matriculas_ano_anterior_proxy,True,-3.4741737433280333,False
2025,10083,MATERNAL I,historical_share,oos_2025,oos,all,13.11145636501056,2024.0,CP CRECHE COMUNITÁRIA CRISTÃ CORDEIRINHO DE CRISTO,22.0,parceira,matriculas_ano_anterior_proxy,True,-8.88854363498944,False
2025,10083,MATERNAL II,historical_share,oos_2025,oos,all,3.70514366190552,2024.0,CP CRECHE COMUNITÁRIA CRISTÃ CORDEIRINHO DE CRISTO,0.0,parceira,matriculas_ano_anterior_proxy,True,3.70514366190552,True
2025,10084,BERCARIO,historical_share,oos_2025,oos,all,7.116871939064252,2024.0,CP CRECHE COMUNITÁRIA AQUARELA DO SABER (GUARATIBA),10.0,parceira,matriculas_ano_anterior_proxy,True,-2.883128060935748,False
2025,10084,MATERNAL I,historical_share,oos_2025,oos,all,8.198703493252411,2024.0,CP CRECHE COMUNITÁRIA AQUARELA DO SABER (GUARATIBA),18.0,parceira,matriculas_ano_anterior_proxy,True,-9.801296506747589,False
2025,10084,MATERNAL II,historical_share,oos_2025,oos,all,7.30313731233547,2024.0,CP CRECHE COMUNITÁRIA AQUARELA DO SABER (GUARATIBA),17.0,parceira,matriculas_ano_anterior_proxy,True,-9.696862687664531,False
2025,10085,MATERNAL I,historical_share,oos_2025,oos,all,10.82003102086834,2024.0,CP INSTITUTO DE AÇÃO SOCIAL VIDA,25.0,parceira,matriculas_ano_anterior_proxy,True,-14.17996897913166,False
2025,10085,MATERNAL II,historical_share,oos_2025,oos,all,10.094813194360867,2024.0,CP INSTITUTO DE AÇÃO SOCIAL VIDA,31.0,parceira,matriculas_ano_anterior_proxy,True,-20.905186805639133,False
2025,1019601,MATERNAL I,historical_share,oos_2025,oos,all,31.34562631342085,2024.0,CM SEMPRE VIDA VALE DO SOL,23.0,publica,matriculas_ano_anterior_proxy,True,8.345626313420851,True
2025,1019601,MATERNAL II,historical_share,oos_2025,oos,all,5.912600758647461,2024.0,CM SEMPRE VIDA VALE DO SOL,0.0,publica,matriculas_ano_anterior_proxy,True,5.912600758647461,True
2025,1019602,BERCARIO,historical_share,oos_2025,oos,all,146.45255258225578,2024.0,CM SEMPRE VIDA ANTARES,25.0,publica,matriculas_ano_anterior_proxy,True,121.45255258225578,True
2025,1019602,MATERNAL I,historical_share,oos_2025,oos,all,83.89596107726828,2024.0,CM SEMPRE VIDA ANTARES,52.0,publica,matriculas_ano_anterior_proxy,True,31.895961077268282,True
2025,1019602,MATERNAL II,historical_share,oos_2025,oos,all,61.08264111899059,2024.0,CM SEMPRE VIDA ANTARES,0.0,publica,matriculas_ano_anterior_proxy,True,61.08264111899059,True
2025,1019603,MATERNAL I,historical_share,oos_2025,oos,all,35.87701828627482,2024.0,CM JARDIM DOS VIEIRAS,24.0,publica,matriculas_ano_anterior_proxy,True,11.877018286274819,True
2025,1019603,MATERNAL II,historical_share,oos_2025,oos,all,16.30843044932557,2024.0,CM JARDIM DOS VIEIRAS,0.0,publica,matriculas_ano_anterior_proxy,True,16.30843044932557,True
2025,1019604,MATERNAL I,historical_share,oos_2025,oos,all,59.01567217464522,2024.0,CM AYRTON SENNA,33.0,publica,matriculas_ano_anterior_proxy,True,26.015672174645218,True
2025,1019604,MATERNAL II,historical_share,oos_2025,oos,all,14.836281340511022,2024.0,CM AYRTON SENNA,0.0,publica,matriculas_ano_anterior_proxy,True,14.836281340511022,True
2025,1019605,MATERNAL I,historical_share,oos_2025,oos,all,39.0358085441108,2024.0,CM MARLENE DA SILVA CARDOSO,24.0,publica,matriculas_ano_anterior_proxy,True,15.0358085441108,True
2025,1019605,MATERNAL II,historical_share,oos_2025,oos,all,15.06301258862861,2024.0,CM MARLENE DA SILVA CARDOSO,0.0,publica,matriculas_ano_anterior_proxy,True,15.06301258862861,True
2025,1019606,MATERNAL I,historical_share,oos_2025,oos,all,94.4262105801557,2024.0,CM TRINTA E UM DE OUTUBRO,0.0,publica,matriculas_ano_anterior_proxy,True,94.4262105801557,True
2025,1019606,MATERNAL II,historical_share,oos_2025,oos,all,38.3375203272412,2024.0,CM TRINTA E UM DE OUTUBRO,44.0,publica,matriculas_ano_anterior_proxy,True,-5.662479672758799,False
2025,1019607,MATERNAL I,historical_share,oos_2025,oos,all,58.34196789792045,2024.0,CM ADALTO BASTOS,25.0,publica,matriculas_ano_anterior_proxy,True,33.34196789792045,True
2025,1019607,MATERNAL II,historical_share,oos_2025,oos,all,17.857637386727436,2024.0,CM ADALTO BASTOS,0.0,publica,matriculas_ano_anterior_proxy,True,17.857637386727436,True
2025,1019609,BERCARIO,historical_share,oos_2025,oos,all,121.95038492533172,2024.0,CM CANTINHO DA TIA DOLORES,43.0,publica,matriculas_ano_anterior_proxy,True,78.95038492533172,True
2025,1019609,MATERNAL I,historical_share,oos_2025,oos,all,34.54281519574487,2024.0,CM CANTINHO DA TIA DOLORES,48.0,publica,matriculas_ano_anterior_proxy,True,-13.457184804255128,False
2025,1019609,MATERNAL II,historical_share,oos_2025,oos,all,25.925802827339588,2024.0,CM CANTINHO DA TIA DOLORES,0.0,publica,matriculas_ano_anterior_proxy,True,25.925802827339588,True
2025,1019610,MATERNAL I,historical_share,oos_2025,oos,all,24.32449611399132,2024.0,CM CHAVE DO TAMANHO,18.0,publica,matriculas_ano_anterior_proxy,True,6.324496113991319,True
2025,1019610,MATERNAL II,historical_share,oos_2025,oos,all,13.908610064762348,2024.0,CM CHAVE DO TAMANHO,0.0,publica,matriculas_ano_anterior_proxy,True,13.908610064762348,True
2025,1019611,MATERNAL I,historical_share,oos_2025,oos,all,26.96696241498785,2024.0,CM CRIANÇA FELIZ,18.0,publica,matriculas_ano_anterior_proxy,True,8.96696241498785,True
2025,1019611,MATERNAL II,historical_share,oos_2025,oos,all,13.786867080673906,2024.0,CM CRIANÇA FELIZ,0.0,publica,matriculas_ano_anterior_proxy,True,13.786867080673906,True
2025,1019612,BERCARIO,historical_share,oos_2025,oos,all,110.29188599770846,2024.0,CM DANIELA PEREZ,51.0,publica,matriculas_ano_anterior_proxy,True,59.29188599770846,True
2025,1019612,MATERNAL I,historical_share,oos_2025,oos,all,19.04686130506534,2024.0,CM DANIELA PEREZ,77.0,publica,matriculas_ano_anterior_proxy,True,-57.95313869493466,False
2025,1019612,MATERNAL II,historical_share,oos_2025,oos,all,6.090556630715293,2024.0,CM DANIELA PEREZ,0.0,publica,matriculas_ano_anterior_proxy,True,6.090556630715293,True
2025,1019613,MATERNAL I,historical_share,oos_2025,oos,all,59.84731908634248,2024.0,CM DJANIRA MARIA RAMOS,0.0,publica,matriculas_ano_anterior_proxy,True,59.84731908634248,True
2025,1019613,MATERNAL II,historical_share,oos_2025,oos,all,24.259587557122064,2024.0,CM DJANIRA MARIA RAMOS,26.0,publica,matriculas_ano_anterior_proxy,True,-1.7404124428779362,False
2025,1019614,BERCARIO,historical_share,oos_2025,oos,all,92.19171501380131,2024.0,CM INSPETOR HERALDO CARVALHO DE SOUSA,25.0,publica,matriculas_ano_anterior_proxy,True,67.19171501380131,True
2025,1019614,MATERNAL I,historical_share,oos_2025,oos,all,50.41551328771229,2024.0,CM INSPETOR HERALDO CARVALHO DE SOUSA,73.0,publica,matriculas_ano_anterior_proxy,True,-22.584486712287713,False
2025,1019614,MATERNAL II,historical_share,oos_2025,oos,all,0.0045061222003204,2024.0,CM INSPETOR HERALDO CARVALHO DE SOUSA,0.0,publica,matriculas_ano_anterior_proxy,True,0.0045061222003204,True
2025,1019615,MATERNAL I,historical_share,oos_2025,oos,all,29.933524435443147,2024.0,CM MARCOLINA,16.0,publica,matriculas_ano_anterior_proxy,True,13.933524435443147,True
2025,1019615,MATERNAL II,historical_share,oos_2025,oos,all,15.069526107258271,2024.0,CM MARCOLINA,0.0,publica,matriculas_ano_anterior_proxy,True,15.069526107258271,True
2025,1019616,MATERNAL I,historical_share,oos_2025,oos,all,67.17813819661615,2024.0,CM MARIA HELENA PAPERA MONTEIRO,40.0,publica,matriculas_ano_anterior_proxy,True,27.178138196616146,True
2025,1019616,MATERNAL II,historical_share,oos_2025,oos,all,16.320398129189403,2024.0,CM MARIA HELENA PAPERA MONTEIRO,0.0,publica,matriculas_ano_anterior_proxy,True,16.320398129189403,True
2025,1019618,MATERNAL I,historical_share,oos_2025,oos,all,64.7201496652695,2024.0,CM LEUZA MARINS NOVAES S. SANTOS,50.0,publica,matriculas_ano_anterior_proxy,True,14.720149665269503,True
2025,1019618,MATERNAL II,historical_share,oos_2025,oos,all,29.165964915482007,2024.0,CM LEUZA MARINS NOVAES S. SANTOS,0.0,publica,matriculas_ano_anterior_proxy,True,29.165964915482007,True
2025,1019619,MATERNAL I,historical_share,oos_2025,oos,all,36.81404087271756,2024.0,CM SANTA TEREZINHA,18.0,publica,matriculas_ano_anterior_proxy,True,18.814040872717563,True
2025,1019619,MATERNAL II,historical_share,oos_2025,oos,all,14.418026240021286,2024.0,CM SANTA TEREZINHA,0.0,publica,matriculas_ano_anterior_proxy,True,14.418026240021286,True
2025,1019620,BERCARIO,historical_share,oos_2025,oos,all,55.30776664794261,2024.0,CM SEMENTINHA DO AMOR,13.0,publica,matriculas_ano_anterior_proxy,True,42.30776664794261,True
2025,1019620,MATERNAL I,historical_share,oos_2025,oos,all,18.23409299479556,2024.0,CM SEMENTINHA DO AMOR,17.0,publica,matriculas_ano_anterior_proxy,True,1.2340929947955601,True
2025,1019620,MATERNAL II,historical_share,oos_2025,oos,all,6.079810037467337,2024.0,CM SEMENTINHA DO AMOR,0.0,publica,matriculas_ano_anterior_proxy,True,6.079810037467337,True
2025,1019621,MATERNAL I,historical_share,oos_2025,oos,all,13.203202540935758,2024.0,CM SEMPRE VIDA ESTRELA DO ALAGADO,17.0,publica,matriculas_ano_anterior_proxy,True,-3.7967974590642424,False
2025,1019621,MATERNAL II,historical_share,oos_2025,oos,all,13.87974513651198,2024.0,CM SEMPRE VIDA ESTRELA DO ALAGADO,0.0,publica,matriculas_ano_anterior_proxy,True,13.87974513651198,True
2025,1019623,BERCARIO,historical_share,oos_2025,oos,all,0.003554258029573,2024.0,CM SEMPRE VIDA TERRA DA PAZ,26.0,publica,matriculas_ano_anterior_proxy,True,-25.996445741970426,False
2025,1019623,MATERNAL I,historical_share,oos_2025,oos,all,0.0041524948839526,2024.0,CM SEMPRE VIDA TERRA DA PAZ,0.0,publica,matriculas_ano_anterior_proxy,True,0.0041524948839526,True
2025,1019623,MATERNAL II,historical_share,oos_2025,oos,all,27.073138078682625,2024.0,CM SEMPRE VIDA TERRA DA PAZ,40.0,publica,matriculas_ano_anterior_proxy,True,-12.926861921317375,False
2025,1019624,MATERNAL II,historical_share,oos_2025,oos,all,15.148796434657578,2024.0,CM ZACARIAS - O TRAPALHÃO,0.0,publica,matriculas_ano_anterior_proxy,True,15.148796434657578,True
2025,1019625,MATERNAL I,historical_share,oos_2025,oos,all,27.01038153293841,2024.0,CM NARIZINHO,13.0,publica,matriculas_ano_anterior_proxy,True,14.01038153293841,True
2025,1019625,MATERNAL II,historical_share,oos_2025,oos,all,13.330118143313095,2024.0,CM NARIZINHO,0.0,publica,matriculas_ano_anterior_proxy,True,13.330118143313095,True
2025,1019626,MATERNAL I,historical_share,oos_2025,oos,all,21.135906311129187,2024.0,CM PEDRINHO,16.0,publica,matriculas_ano_anterior_proxy,True,5.135906311129187,True
2025,1019626,MATERNAL II,historical_share,oos_2025,oos,all,7.388482716786097,2024.0,CM PEDRINHO,0.0,publica,matriculas_ano_anterior_proxy,True,7.388482716786097,True
2025,1019627,BERCARIO,historical_share,oos_2025,oos,all,36.30255444342962,2024.0,CM VOVÓ BENTA,16.0,publica,matriculas_ano_anterior_proxy,True,20.30255444342962,True
2025,1019627,MATERNAL I,historical_share,oos_2025,oos,all,22.479492259273677,2024.0,CM VOVÓ BENTA,27.0,publica,matriculas_ano_anterior_proxy,True,-4.520507740726323,False
2025,1019627,MATERNAL II,historical_share,oos_2025,oos,all,18.71973347769532,2024.0,CM VOVÓ BENTA,0.0,publica,matriculas_ano_anterior_proxy,True,18.71973347769532,True
2025,1019628,BERCARIO,historical_share,oos_2025,oos,all,104.1492774912914,2024.0,CM IRINÉA DOS SANTOS PAIVA,22.0,publica,matriculas_ano_anterior_proxy,True,82.1492774912914,True
2025,1019628,MATERNAL I,historical_share,oos_2025,oos,all,40.6743111277981,2024.0,CM IRINÉA DOS SANTOS PAIVA,24.0,publica,matriculas_ano_anterior_proxy,True,16.6743111277981,True
2025,1019628,MATERNAL II,historical_share,oos_2025,oos,all,19.291502938949083,2024.0,CM IRINÉA DOS SANTOS PAIVA,0.0,publica,matriculas_ano_anterior_proxy,True,19.291502938949083,True
2025,1019630,MATERNAL I,historical_share,oos_2025,oos,all,57.493823922167664,2024.0,CM ESTRELA DALVA,28.0,publica,matriculas_ano_anterior_proxy,True,29.493823922167664,True
2025,1019630,MATERNAL II,historical_share,oos_2025,oos,all,35.99209448945541,2024.0,CM ESTRELA DALVA,0.0,publica,matriculas_ano_anterior_proxy,True,35.99209448945541,True
2025,1019631,BERCARIO,historical_share,oos_2025,oos,all,52.124212078723815,2024.0,CM TIA HILDA MACEDO,25.0,publica,matriculas_ano_anterior_proxy,True,27.124212078723815,True
2025,1019631,MATERNAL I,historical_share,oos_2025,oos,all,21.29165347580345,2024.0,CM TIA HILDA MACEDO,49.0,publica,matriculas_ano_anterior_proxy,True,-27.70834652419655,False
2025,1019631,MATERNAL II,historical_share,oos_2025,oos,all,0.0045061222003204,2024.0,CM TIA HILDA MACEDO,0.0,publica,matriculas_ano_anterior_proxy,True,0.0045061222003204,True
2025,1019632,BERCARIO,historical_share,oos_2025,oos,all,99.03513987096494,2024.0,CM MIRIAM PIRES,50.0,publica,matriculas_ano_anterior_proxy,True,49.03513987096494,True
2025,1019632,MATERNAL I,historical_share,oos_2025,oos,all,16.860404110886137,2024.0,CM MIRIAM PIRES,50.0,publica,matriculas_ano_anterior_proxy,True,-33.13959588911386,False
2025,1019632,MATERNAL II,historical_share,oos_2025,oos,all,0.0045061222003204,2024.0,CM MIRIAM PIRES,0.0,publica,matriculas_ano_anterior_proxy,True,0.0045061222003204,True
2025,1019633,MATERNAL I,historical_share,oos_2025,oos,all,53.623752212425735,2024.0,CM MERILUCE DE OLIVEIRA MÜLLER,20.0,publica,matriculas_ano_anterior_proxy,True,33.623752212425735,True
2025,1019633,MATERNAL II,historical_share,oos_2025,oos,all,28.909435873965105,2024.0,CM MERILUCE DE OLIVEIRA MÜLLER,0.0,publica,matriculas_ano_anterior_proxy,True,28.909435873965105,True
2025,1019801,BERCARIO,historical_share,oos_2025,oos,all,60.32405264808023,2024.0,EDI SARGENTO IZO GOMES PATRÍCIO,25.0,publica,matriculas_ano_anterior_proxy,True,35.32405264808023,True
2025,1019801,MATERNAL I,historical_share,oos_2025,oos,all,21.914626628874256,2024.0,EDI SARGENTO IZO GOMES PATRÍCIO,50.0,publica,matriculas_ano_anterior_proxy,True,-28.085373371125744,False
2025,1019801,MATERNAL II,historical_share,oos_2025,oos,all,9.502953624739632,2024.0,EDI SARGENTO IZO GOMES PATRÍCIO,0.0,publica,matriculas_ano_anterior_proxy,True,9.502953624739632,True
2025,1019802,MATERNAL I,historical_share,oos_2025,oos,all,38.74766413574172,2024.0,EDI LARISSA DOS SANTOS ATANAZIO,23.0,publica,matriculas_ano_anterior_proxy,True,15.747664135741722,True
2025,1019802,MATERNAL II,historical_share,oos_2025,oos,all,16.7431568676118,2024.0,EDI LARISSA DOS SANTOS ATANAZIO,0.0,publica,matriculas_ano_anterior_proxy,True,16.7431568676118,True
2025,1019803,BERCARIO,historical_share,oos_2025,oos,all,153.83311456214494,2024.0,EDI LARYSSA SILVA MARTINS,51.0,publica,matriculas_ano_anterior_proxy,True,102.83311456214494,True
2025,1019803,MATERNAL I,historical_share,oos_2025,oos,all,76.1335739510987,2024.0,EDI LARYSSA SILVA MARTINS,50.0,publica,matriculas_ano_anterior_proxy,True,26.133573951098697,True
2025,1019803,MATERNAL II,historical_share,oos_2025,oos,all,35.96337040136405,2024.0,EDI LARYSSA SILVA MARTINS,0.0,publica,matriculas_ano_anterior_proxy,True,35.96337040136405,True
2025,1019804,MATERNAL I,historical_share,oos_2025,oos,all,47.076186756398585,2024.0,EDI PROFESSORA MARIA LUIZA JOBIM DE QUEIROZ,17.0,publica,matriculas_ano_anterior_proxy,True,30.076186756398585,True
2025,1019804,MATERNAL II,historical_share,oos_2025,oos,all,20.84270175116687,2024.0,EDI PROFESSORA MARIA LUIZA JOBIM DE QUEIROZ,0.0,publica,matriculas_ano_anterior_proxy,True,20.84270175116687,True
2025,1019806,MATERNAL I,historical_share,oos_2025,oos,all,39.21956869668136,2024.0,EDI PROFESSOR RUBEM GONÇALVES,24.0,publica,matriculas_ano_anterior_proxy,True,15.219568696681357,True
2025,1019806,MATERNAL II,historical_share,oos_2025,oos,all,24.555461006431845,2024.0,EDI PROFESSOR RUBEM GONÇALVES,0.0,publica,matriculas_ano_anterior_proxy,True,24.555461006431845,True
2025,1019807,MATERNAL I,historical_share,oos_2025,oos,all,57.38112422090378,2024.0,EDI PROFESSOR ANTONIO ALFREDO MERCADANTE,23.0,publica,matriculas_ano_anterior_proxy,True,34.38112422090378,True
2025,1019807,MATERNAL II,historical_share,oos_2025,oos,all,29.976005437517607,2024.0,EDI PROFESSOR ANTONIO ALFREDO MERCADANTE,0.0,publica,matriculas_ano_anterior_proxy,True,29.976005437517607,True
2025,1019808,MATERNAL I,historical_share,oos_2025,oos,all,19.19356884955261,2024.0,EDI GEÓGRAFO AZIZ AB' SABER,26.0,publica,matriculas_ano_anterior_proxy,True,-6.806431150447391,False
2025,1019808,MATERNAL II,historical_share,oos_2025,oos,all,10.92132036861842,2024.0,EDI GEÓGRAFO AZIZ AB' SABER,0.0,publica,matriculas_ano_anterior_proxy,True,10.92132036861842,True
2025,1019809,BERCARIO,historical_share,oos_2025,oos,all,82.02263053942269,2024.0,EDI PROFESSORA CARMEN FRAGA DE ARAÚJO,22.0,publica,matriculas_ano_anterior_proxy,True,60.02263053942269,True
2025,1019809,MATERNAL I,historical_share,oos_2025,oos,all,27.185908532039047,2024.0,EDI PROFESSORA CARMEN FRAGA DE ARAÚJO,24.0,publica,matriculas_ano_anterior_proxy,True,3.185908532039047,True
2025,1019809,MATERNAL II,historical_share,oos_2025,oos,all,12.270980864033538,2024.0,EDI PROFESSORA CARMEN FRAGA DE ARAÚJO,0.0,publica,matriculas_ano_anterior_proxy,True,12.270980864033538,True
2025,1019810,MATERNAL I,historical_share,oos_2025,oos,all,40.377987911526304,2024.0,EDI PROFESSORA ROSELE NICOLAU JORGE COUTINHO,22.0,publica,matriculas_ano_anterior_proxy,True,18.377987911526304,True
2025,1019810,MATERNAL II,historical_share,oos_2025,oos,all,19.918067761464293,2024.0,EDI PROFESSORA ROSELE NICOLAU JORGE COUTINHO,0.0,publica,matriculas_ano_anterior_proxy,True,19.918067761464293,True
2025,1019811,MATERNAL II,historical_share,oos_2025,oos,all,27.13981000303082,2024.0,EDI PROFESSORA RAQUEL KELLY LANERA,0.0,publica,matriculas_ano_anterior_proxy,True,27.13981000303082,True
2025,1019815,MATERNAL I,historical_share,oos_2025,oos,all,58.8870754407919,2024.0,EDI JOÃO CORRÊA,0.0,publica,matriculas_ano_anterior_proxy,True,58.8870754407919,True
2025,1019815,MATERNAL II,historical_share,oos_2025,oos,all,49.66347128257453,2024.0,EDI JOÃO CORRÊA,21.0,publica,matriculas_ano_anterior_proxy,True,28.663471282574527,True
2025,1019818,MATERNAL II,historical_share,oos_2025,oos,all,39.8361865500665,2024.0,EDI RENÉE BISCAIA RAPOSO,0.0,publica,matriculas_ano_anterior_proxy,True,39.8361865500665,True
2025,1019820,MATERNAL I,historical_share,oos_2025,oos,all,38.47153714762212,2024.0,EDI INAIÁ WANDERLEY CARMO,25.0,publica,matriculas_ano_anterior_proxy,True,13.471537147622122,True
2025,1019820,MATERNAL II,historical_share,oos_2025,oos,all,36.23222116604479,2024.0,EDI INAIÁ WANDERLEY CARMO,0.0,publica,matriculas_ano_anterior_proxy,True,36.23222116604479,True
2025,1019821,BERCARIO,historical_share,oos_2025,oos,all,161.55397976416396,2024.0,EDI PROFESSORA SOLANGE INÁCIA DE SÁ DE LACERDA,25.0,publica,matriculas_ano_anterior_proxy,True,136.55397976416396,True
2025,1019821,MATERNAL I,historical_share,oos_2025,oos,all,38.75764720978136,2024.0,EDI PROFESSORA SOLANGE INÁCIA DE SÁ DE LACERDA,49.0,publica,matriculas_ano_anterior_proxy,True,-10.24235279021864,False
2025,1019821,MATERNAL II,historical_share,oos_2025,oos,all,8.994222191991254,2024.0,EDI PROFESSORA SOLANGE INÁCIA DE SÁ DE LACERDA,0.0,publica,matriculas_ano_anterior_proxy,True,8.994222191991254,True
2025,1019822,MATERNAL I,historical_share,oos_2025,oos,all,21.081549922772226,2024.0,EDI PROFESSORA KATIA MIRANDA SANTOS,24.0,publica,matriculas_ano_anterior_proxy,True,-2.9184500772277744,False
2025,1019822,MATERNAL II,historical_share,oos_2025,oos,all,22.82301553166484,2024.0,EDI PROFESSORA KATIA MIRANDA SANTOS,0.0,publica,matriculas_ano_anterior_proxy,True,22.82301553166484,True
2025,1019824,MATERNAL II,historical_share,oos_2025,oos,all,16.249795596433287,2024.0,EDI PROFESSORA LILIA CHAVES DA COSTA,0.0,publica,matriculas_ano_anterior_proxy,True,16.249795596433287,True
2025,1019826,BERCARIO,historical_share,oos_2025,oos,all,188.56321335752529,2024.0,EDI THAMIRIS DE ANDRADE DA SILVA SANTOS,23.0,publica,matriculas_ano_anterior_proxy,True,165.56321335752529,True
2025,1019826,MATERNAL I,historical_share,oos_2025,oos,all,40.98472779363938,2024.0,EDI THAMIRIS DE ANDRADE DA SILVA SANTOS,24.0,publica,matriculas_ano_anterior_proxy,True,16.98472779363938,True
2025,1019826,MATERNAL II,historical_share,oos_2025,oos,all,28.10600965812416,2024.0,EDI THAMIRIS DE ANDRADE DA SILVA SANTOS,0.0,publica,matriculas_ano_anterior_proxy,True,28.10600965812416,True
2025,1019827,BERCARIO,historical_share,oos_2025,oos,all,57.89869404718032,2024.0,EDI MEDALHISTA OLÍMPICA POLIANA OKIMOTO,25.0,publica,matriculas_ano_anterior_proxy,True,32.89869404718032,True
2025,1019827,MATERNAL I,historical_share,oos_2025,oos,all,46.73769135396811,2024.0,EDI MEDALHISTA OLÍMPICA POLIANA OKIMOTO,25.0,publica,matriculas_ano_anterior_proxy,True,21.73769135396811,True
2025,1019827,MATERNAL II,historical_share,oos_2025,oos,all,29.565602685403945,2024.0,EDI MEDALHISTA OLÍMPICA POLIANA OKIMOTO,0.0,publica,matriculas_ano_anterior_proxy,True,29.565602685403945,True
2025,1019828,BERCARIO,historical_share,oos_2025,oos,all,17.83890672165711,2024.0,EDI MEDALHISTA OLÍMPICO ERLON DE SOUZA SILVA,27.0,publica,matriculas_ano_anterior_proxy,True,-9.16109327834289,False
2025,1019828,MATERNAL I,historical_share,oos_2025,oos,all,10.16699356864589,2024.0,EDI MEDALHISTA OLÍMPICO ERLON DE SOUZA SILVA,45.0,publica,matriculas_ano_anterior_proxy,True,-34.83300643135411,False
2025,1019828,MATERNAL II,historical_share,oos_2025,oos,all,7.206931869100171,2024.0,EDI MEDALHISTA OLÍMPICO ERLON DE SOUZA SILVA,0.0,publica,matriculas_ano_anterior_proxy,True,7.206931869100171,True
2025,1019829,BERCARIO,historical_share,oos_2025,oos,all,8.541320962438784,2024.0,EDI ERASMO CARLOS,25.0,publica,matriculas_ano_anterior_proxy,True,-16.458679037561218,False
2025,1019829,MATERNAL I,historical_share,oos_2025,oos,all,5.382218778983732,2024.0,EDI ERASMO CARLOS,27.0,publica,matriculas_ano_anterior_proxy,True,-21.61778122101627,False
2025,1019829,MATERNAL II,historical_share,oos_2025,oos,all,3.8725383586065902,2024.0,EDI ERASMO CARLOS,0.0,publica,matriculas_ano_anterior_proxy,True,3.8725383586065902,True
2025,1019830,BERCARIO,historical_share,oos_2025,oos,all,17.381249843138214,2024.0,EDI GAL COSTA,22.0,publica,matriculas_ano_anterior_proxy,True,-4.618750156861786,False
2025,1019830,MATERNAL I,historical_share,oos_2025,oos,all,6.150513962426558,2024.0,EDI GAL COSTA,29.0,publica,matriculas_ano_anterior_proxy,True,-22.849486037573442,False
2025,1019830,MATERNAL II,historical_share,oos_2025,oos,all,5.754060103848844,2024.0,EDI GAL COSTA,0.0,publica,matriculas_ano_anterior_proxy,True,5.754060103848844,True
2025,1019831,BERCARIO,historical_share,oos_2025,oos,all,209.7615240285906,2024.0,EDI PROFESSORA MARIA MESQUITA DE SIQUEIRA,50.0,publica,matriculas_ano_anterior_proxy,True,159.7615240285906,True
2025,1019831,MATERNAL I,historical_share,oos_2025,oos,all,77.2170604187697,2024.0,EDI PROFESSORA MARIA MESQUITA DE SIQUEIRA,50.0,publica,matriculas_ano_anterior_proxy,True,27.217060418769705,True
2025,1019831,MATERNAL II,historical_share,oos_2025,oos,all,40.363179427091616,2024.0,EDI PROFESSORA MARIA MESQUITA DE SIQUEIRA,0.0,publica,matriculas_ano_anterior_proxy,True,40.363179427091616,True
2025,1026601,BERCARIO,historical_share,oos_2025,oos,all,99.79606845413696,2024.0,CM SONHO DE CRIANÇA,32.0,publica,matriculas_ano_anterior_proxy,True,67.79606845413696,True
2025,1026601,MATERNAL I,historical_share,oos_2025,oos,all,91.6839358661952,2024.0,CM SONHO DE CRIANÇA,0.0,publica,matriculas_ano_anterior_proxy,True,91.6839358661952,True
2025,1026601,MATERNAL II,historical_share,oos_2025,oos,all,61.91452124368366,2024.0,CM SONHO DE CRIANÇA,58.0,publica,matriculas_ano_anterior_proxy,True,3.9145212436836587,True
2025,1026602,MATERNAL I,historical_share,oos_2025,oos,all,41.55478826276401,2024.0,CM NOSSA SENHORA DA GLÓRIA,40.0,publica,matriculas_ano_anterior_proxy,True,1.5547882627640135,True
2025,1026602,MATERNAL II,historical_share,oos_2025,oos,all,18.829699105860254,2024.0,CM NOSSA SENHORA DA GLÓRIA,0.0,publica,matriculas_ano_anterior_proxy,True,18.829699105860254,True
2025,1026603,MATERNAL I,historical_share,oos_2025,oos,all,24.313472347162108,2024.0,CM SEMPRE VIDA COLÔNIA DOS PESCADORES,45.0,publica,matriculas_ano_anterior_proxy,True,-20.686527652837892,False
2025,1026603,MATERNAL II,historical_share,oos_2025,oos,all,11.547591225334578,2024.0,CM SEMPRE VIDA COLÔNIA DOS PESCADORES,0.0,publica,matriculas_ano_anterior_proxy,True,11.547591225334578,True
2025,1026604,BERCARIO,historical_share,oos_2025,oos,all,140.01751091935077,2024.0,CM JOSEPHA FERREIRA DA COSTA,50.0,publica,matriculas_ano_anterior_proxy,True,90.01751091935077,True
2025,1026604,MATERNAL I,historical_share,oos_2025,oos,all,100.90804192576448,2024.0,CM JOSEPHA FERREIRA DA COSTA,0.0,publica,matriculas_ano_anterior_proxy,True,100.90804192576448,True
2025,1026604,MATERNAL II,historical_share,oos_2025,oos,all,76.68168689350665,2024.0,CM JOSEPHA FERREIRA DA COSTA,94.0,publica,matriculas_ano_anterior_proxy,True,-17.31831310649335,False
2025,1026801,MATERNAL I,historical_share,oos_2025,oos,all,19.46079616043121,2024.0,EDI SAMIRA PIRES RIBEIRO,28.0,publica,matriculas_ano_anterior_proxy,True,-8.539203839568788,False
2025,1026801,MATERNAL II,historical_share,oos_2025,oos,all,15.443816670152014,2024.0,EDI SAMIRA PIRES RIBEIRO,0.0,publica,matriculas_ano_anterior_proxy,True,15.443816670152014,True
2025,1026802,BERCARIO,historical_share,oos_2025,oos,all,49.48148857481336,2024.0,EDI MARCOS FLAMÍNIO PORTUGAL PINTO,25.0,publica,matriculas_ano_anterior_proxy,True,24.481488574813362,True
2025,1026802,MATERNAL I,historical_share,oos_2025,oos,all,19.196262156641563,2024.0,EDI MARCOS FLAMÍNIO PORTUGAL PINTO,48.0,publica,matriculas_ano_anterior_proxy,True,-28.803737843358437,False
2025,1026802,MATERNAL II,historical_share,oos_2025,oos,all,0.0045061222003204,2024.0,EDI MARCOS FLAMÍNIO PORTUGAL PINTO,0.0,publica,matriculas_ano_anterior_proxy,True,0.0045061222003204,True
2025,1026803,MATERNAL II,historical_share,oos_2025,oos,all,133.96592692716334,2024.0,EDI PADRE CARLOS HENRIQUE DE SOUZA,0.0,publica,matriculas_ano_anterior_proxy,True,133.96592692716334,True
2025,1026805,BERCARIO,historical_share,oos_2025,oos,all,156.01721331878124,2024.0,EDI MEDALHISTA OLÍMPICO IZAQUIAS QUEIROZ DOS SANTOS,53.0,publica,matriculas_ano_anterior_proxy,True,103.01721331878124,True
2025,1026805,MATERNAL I,historical_share,oos_2025,oos,all,143.8143108438871,2024.0,EDI MEDALHISTA OLÍMPICO IZAQUIAS QUEIROZ DOS SANTOS,73.0,publica,matriculas_ano_anterior_proxy,True,70.81431084388711,True
2025,1026805,MATERNAL II,historical_share,oos_2025,oos,all,101.2085990092199,2024.0,EDI MEDALHISTA OLÍMPICO IZAQUIAS QUEIROZ DOS SANTOS,0.0,publica,matriculas_ano_anterior_proxy,True,101.2085990092199,True
2025,1026806,BERCARIO,historical_share,oos_2025,oos,all,29.59804312872975,2024.0,EDI MEDALHISTA OLÍMPICO FELIPE ALMEIDA WU,25.0,publica,matriculas_ano_anterior_proxy,True,4.598043128729749,True
2025,1026806,MATERNAL I,historical_share,oos_2025,oos,all,18.69614210474325,2024.0,EDI MEDALHISTA OLÍMPICO FELIPE ALMEIDA WU,50.0,publica,matriculas_ano_anterior_proxy,True,-31.30385789525675,False
2025,1026806,MATERNAL II,historical_share,oos_2025,oos,all,12.087862374520174,2024.0,EDI MEDALHISTA OLÍMPICO FELIPE ALMEIDA WU,0.0,publica,matriculas_ano_anterior_proxy,True,12.087862374520174,True
2025,1026807,BERCARIO,historical_share,oos_2025,oos,all,152.06791788477125,2024.0,EDI ALFREDO FERNANDO VAZ GUIMARÃES JÚNIOR,48.0,publica,matriculas_ano_anterior_proxy,True,104.06791788477125,True
2025,1026807,MATERNAL I,historical_share,oos_2025,oos,all,133.4786592936275,2024.0,EDI ALFREDO FERNANDO VAZ GUIMARÃES JÚNIOR,46.0,publica,matriculas_ano_anterior_proxy,True,87.47865929362749,True
2025,1026807,MATERNAL II,historical_share,oos_2025,oos,all,100.0655376343903,2024.0,EDI ALFREDO FERNANDO VAZ GUIMARÃES JÚNIOR,0.0,publica,matriculas_ano_anterior_proxy,True,100.0655376343903,True
2025,1026809,BERCARIO,historical_share,oos_2025,oos,all,40.58189031884144,2024.0,EDI MEDALHISTA PARALÍMPICO RICARDO COSTA DE OLIVEIRA,48.0,publica,matriculas_ano_anterior_proxy,True,-7.418109681158562,False
2025,1026809,MATERNAL I,historical_share,oos_2025,oos,all,20.898911563052906,2024.0,EDI MEDALHISTA PARALÍMPICO RICARDO COSTA DE OLIVEIRA,48.0,publica,matriculas_ano_anterior_proxy,True,-27.101088436947094,False
2025,1026809,MATERNAL II,historical_share,oos_2025,oos,all,3.5849376639347086,2024.0,EDI MEDALHISTA PARALÍMPICO RICARDO COSTA DE OLIVEIRA,0.0,publica,matriculas_ano_anterior_proxy,True,3.5849376639347086,True
2025,1026810,BERCARIO,historical_share,oos_2025,oos,all,71.76191237742201,2024.0,EDI ALCEBÍADES FRANCISCO ROSA,25.0,publica,matriculas_ano_anterior_proxy,True,46.76191237742201,True
2025,1026810,MATERNAL I,historical_share,oos_2025,oos,all,65.85839627197646,2024.0,EDI ALCEBÍADES FRANCISCO ROSA,50.0,publica,matriculas_ano_anterior_proxy,True,15.85839627197646,True
2025,1026810,MATERNAL II,historical_share,oos_2025,oos,all,71.24604959510418,2024.0,EDI ALCEBÍADES FRANCISCO ROSA,0.0,publica,matriculas_ano_anterior_proxy,True,71.24604959510418,True
2025,1026811,MATERNAL I,historical_share,oos_2025,oos,all,45.50259820146356,2024.0,EDI GERMANO THOMÉ DE OLIVEIRA,0.0,publica,matriculas_ano_anterior_proxy,True,45.50259820146356,True
2025,1026811,MATERNAL II,historical_share,oos_2025,oos,all,47.38984343429653,2024.0,EDI GERMANO THOMÉ DE OLIVEIRA,19.0,publica,matriculas_ano_anterior_proxy,True,28.38984343429653,True
2025,11001,BERCARIO,historical_share,oos_2025,oos,all,4.551588825562475,2024.0,CP CRECHE COMUNITÁRIA ALEGRIA DA CRIANÇA,18.0,parceira,matriculas_ano_anterior_proxy,True,-13.448411174437524,False
2025,11001,MATERNAL I,historical_share,oos_2025,oos,all,6.875695994277244,2024.0,CP CRECHE COMUNITÁRIA ALEGRIA DA CRIANÇA,43.0,parceira,matriculas_ano_anterior_proxy,True,-36.124304005722756,False
2025,11001,MATERNAL II,historical_share,oos_2025,oos,all,0.8522925157635068,2024.0,CP CRECHE COMUNITÁRIA ALEGRIA DA CRIANÇA,44.0,parceira,matriculas_ano_anterior_proxy,True,-43.14770748423649,False
2025,11003,BERCARIO,historical_share,oos_2025,oos,all,16.716681952290614,2024.0,CP AMIG - ASSOCIAÇÃO DOS MORADORES DA ILHA DO GOVERNADOR,18.0,parceira,matriculas_ano_anterior_proxy,True,-1.2833180477093862,False
2025,11003,MATERNAL I,historical_share,oos_2025,oos,all,24.305527221056263,2024.0,CP AMIG - ASSOCIAÇÃO DOS MORADORES DA ILHA DO GOVERNADOR,45.0,parceira,matriculas_ano_anterior_proxy,True,-20.694472778943737,False
2025,11003,MATERNAL II,historical_share,oos_2025,oos,all,6.401041960807708,2024.0,CP AMIG - ASSOCIAÇÃO DOS MORADORES DA ILHA DO GOVERNADOR,42.0,parceira,matriculas_ano_anterior_proxy,True,-35.59895803919229,False
2025,11004,BERCARIO,historical_share,oos_2025,oos,all,16.85179873786086,2024.0,CP CENTRO DE ATIVIDADES EDUCACIONAIS E CULTURAIS ARCA DE NOÉ - CAECAN,23.0,parceira,matriculas_ano_anterior_proxy,True,-6.148201262139139,False
2025,11004,MATERNAL I,historical_share,oos_2025,oos,all,11.977914338210558,2024.0,CP CENTRO DE ATIVIDADES EDUCACIONAIS E CULTURAIS ARCA DE NOÉ - CAECAN,67.0,parceira,matriculas_ano_anterior_proxy,True,-55.02208566178944,False
2025,11004,MATERNAL II,historical_share,oos_2025,oos,all,4.554883354322271,2024.0,CP CENTRO DE ATIVIDADES EDUCACIONAIS E CULTURAIS ARCA DE NOÉ - CAECAN,50.0,parceira,matriculas_ano_anterior_proxy,True,-45.44511664567773,False
2025,11006,BERCARIO,historical_share,oos_2025,oos,all,24.61625214462173,2024.0,CP CRECHE CASULO DO DENDÊ,72.0,parceira,matriculas_ano_anterior_proxy,True,-47.383747855378274,False
2025,11006,MATERNAL I,historical_share,oos_2025,oos,all,17.685149073343815,2024.0,CP CRECHE CASULO DO DENDÊ,116.0,parceira,matriculas_ano_anterior_proxy,True,-98.31485092665619,False
2025,11006,MATERNAL II,historical_share,oos_2025,oos,all,8.255307169901497,2024.0,CP CRECHE CASULO DO DENDÊ,122.0,parceira,matriculas_ano_anterior_proxy,True,-113.7446928300985,False
2025,11007,BERCARIO,historical_share,oos_2025,oos,all,10.23885466341971,2024.0,CP CRECHE ESFERA KIDS,26.0,parceira,matriculas_ano_anterior_proxy,True,-15.76114533658029,False
2025,11007,MATERNAL I,historical_share,oos_2025,oos,all,2.103433708540257,2024.0,CP CRECHE ESFERA KIDS,26.0,parceira,matriculas_ano_anterior_proxy,True,-23.89656629145974,False
2025,11007,MATERNAL II,historical_share,oos_2025,oos,all,1.471434791402386,2024.0,CP CRECHE ESFERA KIDS,24.0,parceira,matriculas_ano_anterior_proxy,True,-22.528565208597612,False
2025,11008,BERCARIO,historical_share,oos_2025,oos,all,7.749632969433166,2024.0,CP FILIAL BANCÁRIOS - RJ,24.0,parceira,matriculas_ano_anterior_proxy,True,-16.250367030566835,False
2025,11008,MATERNAL I,historical_share,oos_2025,oos,all,4.25345378437234,2024.0,CP FILIAL BANCÁRIOS - RJ,26.0,parceira,matriculas_ano_anterior_proxy,True,-21.74654621562766,False
2025,11008,MATERNAL II,historical_share,oos_2025,oos,all,2.526582441715426,2024.0,CP FILIAL BANCÁRIOS - RJ,54.0,parceira,matriculas_ano_anterior_proxy,True,-51.473417558284574,False
2025,11009,BERCARIO,historical_share,oos_2025,oos,all,6.23234462958116,2024.0,CP CRECHE COMUNITÁRIA IRMÃ MOROCHA (CCIM),18.0,parceira,matriculas_ano_anterior_proxy,True,-11.76765537041884,False
2025,11009,MATERNAL I,historical_share,oos_2025,oos,all,5.386930839178172,2024.0,CP CRECHE COMUNITÁRIA IRMÃ MOROCHA (CCIM),14.0,parceira,matriculas_ano_anterior_proxy,True,-8.613069160821828,False
2025,11009,MATERNAL II,historical_share,oos_2025,oos,all,2.0945961144641525,2024.0,CP CRECHE COMUNITÁRIA IRMÃ MOROCHA (CCIM),16.0,parceira,matriculas_ano_anterior_proxy,True,-13.905403885535847,False
2025,11010,BERCARIO,historical_share,oos_2025,oos,all,13.150953152857191,2024.0,CP CHALÉ SEMENTINHA (ILHA DO GOVERNADOR),24.0,parceira,matriculas_ano_anterior_proxy,True,-10.849046847142809,False
2025,11010,MATERNAL I,historical_share,oos_2025,oos,all,8.402419199357647,2024.0,CP CHALÉ SEMENTINHA (ILHA DO GOVERNADOR),12.0,parceira,matriculas_ano_anterior_proxy,True,-3.597580800642353,False
2025,11010,MATERNAL II,historical_share,oos_2025,oos,all,4.5472339393008525,2024.0,CP CHALÉ SEMENTINHA (ILHA DO GOVERNADOR),12.0,parceira,matriculas_ano_anterior_proxy,True,-7.4527660606991475,False
2025,1120201,MATERNAL II,historical_share,oos_2025,oos,all,18.961711867885136,2024.0,CIEP OLGA BENÁRIO PRESTES,0.0,publica,matriculas_ano_anterior_proxy,True,18.961711867885136,True
2025,1120601,BERCARIO,historical_share,oos_2025,oos,all,76.7127810114354,2024.0,CM STELLA MARIS,40.0,publica,matriculas_ano_anterior_proxy,True,36.712781011435396,True
2025,1120601,MATERNAL I,historical_share,oos_2025,oos,all,40.88924252498318,2024.0,CM STELLA MARIS,38.0,publica,matriculas_ano_anterior_proxy,True,2.8892425249831817,True
2025,1120601,MATERNAL II,historical_share,oos_2025,oos,all,36.39312795423184,2024.0,CM STELLA MARIS,0.0,publica,matriculas_ano_anterior_proxy,True,36.39312795423184,True
2025,1120602,BERCARIO,historical_share,oos_2025,oos,all,75.2161315927714,2024.0,CM CORA CORALINA,15.0,publica,matriculas_ano_anterior_proxy,True,60.216131592771404,True
2025,1120602,MATERNAL I,historical_share,oos_2025,oos,all,70.29015343005558,2024.0,CM CORA CORALINA,50.0,publica,matriculas_ano_anterior_proxy,True,20.290153430055582,True
2025,1120602,MATERNAL II,historical_share,oos_2025,oos,all,32.37510955598898,2024.0,CM CORA CORALINA,0.0,publica,matriculas_ano_anterior_proxy,True,32.37510955598898,True
2025,1120603,BERCARIO,historical_share,oos_2025,oos,all,103.64420877771104,2024.0,CM DOUTOR ANTÔNIO MONTEIRO,34.0,publica,matriculas_ano_anterior_proxy,True,69.64420877771104,True
2025,1120603,MATERNAL I,historical_share,oos_2025,oos,all,70.59827415925686,2024.0,CM DOUTOR ANTÔNIO MONTEIRO,54.0,publica,matriculas_ano_anterior_proxy,True,16.59827415925686,True
2025,1120603,MATERNAL II,historical_share,oos_2025,oos,all,31.24451839064546,2024.0,CM DOUTOR ANTÔNIO MONTEIRO,0.0,publica,matriculas_ano_anterior_proxy,True,31.24451839064546,True
2025,1120604,BERCARIO,historical_share,oos_2025,oos,all,28.1931411925852,2024.0,CM MARIA ARMINDA F. SOUZA AGUIAR,17.0,publica,matriculas_ano_anterior_proxy,True,11.193141192585198,True
2025,1120604,MATERNAL I,historical_share,oos_2025,oos,all,24.277709359290743,2024.0,CM MARIA ARMINDA F. SOUZA AGUIAR,41.0,publica,matriculas_ano_anterior_proxy,True,-16.722290640709257,False
2025,1120604,MATERNAL II,historical_share,oos_2025,oos,all,14.2450912746334,2024.0,CM MARIA ARMINDA F. SOUZA AGUIAR,0.0,publica,matriculas_ano_anterior_proxy,True,14.2450912746334,True
2025,1120605,BERCARIO,historical_share,oos_2025,oos,all,56.36588710601757,2024.0,CM SEMPRE VIDA LORETO,25.0,publica,matriculas_ano_anterior_proxy,True,31.365887106017567,True
2025,1120605,MATERNAL I,historical_share,oos_2025,oos,all,55.93228723636653,2024.0,CM SEMPRE VIDA LORETO,25.0,publica,matriculas_ano_anterior_proxy,True,30.932287236366527,True
2025,1120605,MATERNAL II,historical_share,oos_2025,oos,all,52.27881097494594,2024.0,CM SEMPRE VIDA LORETO,0.0,publica,matriculas_ano_anterior_proxy,True,52.27881097494594,True
2025,1120606,BERCARIO,historical_share,oos_2025,oos,all,109.10475815603758,2024.0,CM TAUÁ,48.0,publica,matriculas_ano_anterior_proxy,True,61.104758156037576,True
2025,1120606,MATERNAL I,historical_share,oos_2025,oos,all,42.65216462009145,2024.0,CM TAUÁ,48.0,publica,matriculas_ano_anterior_proxy,True,-5.3478353799085525,False
2025,1120606,MATERNAL II,historical_share,oos_2025,oos,all,22.421261623137628,2024.0,CM TAUÁ,0.0,publica,matriculas_ano_anterior_proxy,True,22.421261623137628,True
2025,1120801,BERCARIO,historical_share,oos_2025,oos,all,59.56945224878172,2024.0,EDI JOSÉ DE SOUZA RAMOS,25.0,publica,matriculas_ano_anterior_proxy,True,34.56945224878172,True
2025,1120801,MATERNAL I,historical_share,oos_2025,oos,all,54.18957225939783,2024.0,EDI JOSÉ DE SOUZA RAMOS,42.0,publica,matriculas_ano_anterior_proxy,True,12.189572259397828,True
2025,1120801,MATERNAL II,historical_share,oos_2025,oos,all,21.407285072440757,2024.0,EDI JOSÉ DE SOUZA RAMOS,0.0,publica,matriculas_ano_anterior_proxy,True,21.407285072440757,True
2025,1120802,BERCARIO,historical_share,oos_2025,oos,all,34.90755730695324,2024.0,EDI NEUSA MARIA GOULART BRIZOLA,25.0,publica,matriculas_ano_anterior_proxy,True,9.907557306953237,True
2025,1120802,MATERNAL I,historical_share,oos_2025,oos,all,22.686412403039693,2024.0,EDI NEUSA MARIA GOULART BRIZOLA,25.0,publica,matriculas_ano_anterior_proxy,True,-2.313587596960307,False
2025,1120802,MATERNAL II,historical_share,oos_2025,oos,all,15.42660806700142,2024.0,EDI NEUSA MARIA GOULART BRIZOLA,0.0,publica,matriculas_ano_anterior_proxy,True,15.42660806700142,True
2025,1120804,BERCARIO,historical_share,oos_2025,oos,all,34.98651658109809,2024.0,EDI PROFESSORA ANNA MARIA JESUS CONCEICAO,24.0,publica,matriculas_ano_anterior_proxy,True,10.986516581098087,True
2025,1120804,MATERNAL I,historical_share,oos_2025,oos,all,28.309798689204285,2024.0,EDI PROFESSORA ANNA MARIA JESUS CONCEICAO,23.0,publica,matriculas_ano_anterior_proxy,True,5.309798689204285,True
2025,1120804,MATERNAL II,historical_share,oos_2025,oos,all,15.452098565194056,2024.0,EDI PROFESSORA ANNA MARIA JESUS CONCEICAO,0.0,publica,matriculas_ano_anterior_proxy,True,15.452098565194056,True
