ano,territorio,grupamento_modelo,inscritos,universo_elegivel_proxy,tendencia,tend_bercario,tend_maternal_i,tend_maternal_ii
2021,ABOLICAO,Bercario,17,193.0,0,0,0,0
2021,ABOLICAO,Maternal I,13,85.0,0,0,0,0
2021,ABOLICAO,Maternal II,9,118.0,0,0,0,0
2021,ACARI,Bercario,208,817.0,0,0,0,0
2021,ACARI,Maternal I,200,527.0,0,0,0,0
2021,ACARI,Maternal II,91,563.0,0,0,0,0
2021,AGUA SANTA,Bercario,14,148.0,0,0,0,0
2021,AGUA SANTA,Maternal I,19,97.0,0,0,0,0
2021,AGUA SANTA,Maternal II,17,69.0,0,0,0,0
2021,ALTO BOA VISTA,Bercario,44,196.0,0,0,0,0
2021,ALTO BOA VISTA,Maternal I,10,100.0,0,0,0,0
2021,ALTO BOA VISTA,Maternal II,7,109.0,0,0,0,0
2021,ANCHIETA,Bercario,238,1769.0,0,0,0,0
2021,ANCHIETA,Maternal I,225,879.0,0,0,0,0
2021,ANCHIETA,Maternal II,200,884.0,0,0,0,0
2021,ANDARAI,Bercario,121,576.0,0,0,0,0
2021,ANDARAI,Maternal I,38,369.0,0,0,0,0
2021,ANDARAI,Maternal II,20,372.0,0,0,0,0
2021,ANIL,Bercario,338,864.0,0,0,0,0
2021,ANIL,Maternal I,364,436.0,0,0,0,0
2021,ANIL,Maternal II,531,432.0,0,0,0,0
2021,ARGENTINO,Bercario,0,0.0,0,0,0,0
2021,ARGENTINO,Maternal I,0,0.0,0,0,0,0
2021,ARGENTINO,Maternal II,0,0.0,0,0,0,0
2021,BANCARIOS,Bercario,57,305.0,0,0,0,0
2021,BANCARIOS,Maternal I,33,150.0,0,0,0,0
2021,BANCARIOS,Maternal II,37,162.0,0,0,0,0
2021,BANGU,Bercario,1148,5420.0,0,0,0,0
2021,BANGU,Maternal I,984,2955.0,0,0,0,0
2021,BANGU,Maternal II,649,3357.0,0,0,0,0
2021,BARRA GUARATIBA,Bercario,5,137.0,0,0,0,0
2021,BARRA GUARATIBA,Maternal I,6,65.0,0,0,0,0
2021,BARRA GUARATIBA,Maternal II,5,76.0,0,0,0,0
2021,BARRA OLIMPICA,Bercario,0,0.0,0,0,0,0
2021,BARRA OLIMPICA,Maternal I,0,0.0,0,0,0,0
2021,BARRA OLIMPICA,Maternal II,0,0.0,0,0,0,0
2021,BARRA TIJUCA,Bercario,48,2572.0,0,0,0,0
2021,BARRA TIJUCA,Maternal I,52,1353.0,0,0,0,0
2021,BARRA TIJUCA,Maternal II,54,1431.0,0,0,0,0
2021,BARROS FILHO,Bercario,88,488.0,0,0,0,0
2021,BARROS FILHO,Maternal I,83,270.0,0,0,0,0
2021,BARROS FILHO,Maternal II,74,277.0,0,0,0,0
2021,BENFICA,Bercario,304,968.0,0,0,0,0
2021,BENFICA,Maternal I,187,491.0,0,0,0,0
2021,BENFICA,Maternal II,156,530.0,0,0,0,0
2021,BENTO RIBEIRO,Bercario,60,831.0,0,0,0,0
2021,BENTO RIBEIRO,Maternal I,130,457.0,0,0,0,0
2021,BENTO RIBEIRO,Maternal II,130,484.0,0,0,0,0
2021,BONSUCESSO,Bercario,233,1681.0,0,0,0,0
2021,BONSUCESSO,Maternal I,174,613.0,0,0,0,0
2021,BONSUCESSO,Maternal II,139,583.0,0,0,0,0
2021,BOTAFOGO,Bercario,40,1247.0,0,0,0,0
2021,BOTAFOGO,Maternal I,45,713.0,0,0,0,0
2021,BOTAFOGO,Maternal II,31,754.0,0,0,0,0
2021,BRAS PINA,Bercario,78,935.0,0,0,0,0
2021,BRAS PINA,Maternal I,86,582.0,0,0,0,0
2021,BRAS PINA,Maternal II,69,607.0,0,0,0,0
2021,CACHAMBI,Bercario,46,671.0,0,0,0,0
2021,CACHAMBI,Maternal I,31,399.0,0,0,0,0
2021,CACHAMBI,Maternal II,20,374.0,0,0,0,0
2021,CACUIA,Bercario,16,202.0,0,0,0,0
2021,CACUIA,Maternal I,6,104.0,0,0,0,0
2021,CACUIA,Maternal II,18,127.0,0,0,0,0
2021,CAJU,Bercario,160,738.0,0,0,0,0
2021,CAJU,Maternal I,165,438.0,0,0,0,0
2021,CAJU,Maternal II,81,454.0,0,0,0,0
2021,CAMORIM,Bercario,106,223.0,0,0,0,0
2021,CAMORIM,Maternal I,70,101.0,0,0,0,0
2021,CAMORIM,Maternal II,45,92.0,0,0,0,0
2021,CAMPINHO,Bercario,31,315.0,0,0,0,0
2021,CAMPINHO,Maternal I,18,159.0,0,0,0,0
2021,CAMPINHO,Maternal II,25,164.0,0,0,0,0
2021,CAMPO AFONSOS,Bercario,0,48.0,0,0,0,0
2021,CAMPO AFONSOS,Maternal I,5,38.0,0,0,0,0
2021,CAMPO AFONSOS,Maternal II,4,19.0,0,0,0,0
2021,CAMPO GRANDE,Bercario,1553,9412.0,0,0,0,0
2021,CAMPO GRANDE,Maternal I,1405,5046.0,0,0,0,0
2021,CAMPO GRANDE,Maternal II,1128,5244.0,0,0,0,0
2021,CASCADURA,Bercario,148,707.0,0,0,0,0
2021,CASCADURA,Maternal I,102,378.0,0,0,0,0
2021,CASCADURA,Maternal II,110,446.0,0,0,0,0
2021,CATETE,Bercario,28,359.0,0,0,0,0
2021,CATETE,Maternal I,23,225.0,0,0,0,0
2021,CATETE,Maternal II,11,251.0,0,0,0,0
2021,CATUMBI,Bercario,152,381.0,0,0,0,0
2021,CATUMBI,Maternal I,57,180.0,0,0,0,0
2021,CATUMBI,Maternal II,43,198.0,0,0,0,0
2021,CAVALCANTE,Bercario,94,386.0,0,0,0,0
2021,CAVALCANTE,Maternal I,45,225.0,0,0,0,0
2021,CAVALCANTE,Maternal II,38,213.0,0,0,0,0
2021,CENTRO,Bercario,120,596.0,0,0,0,0
2021,CENTRO,Maternal I,92,295.0,0,0,0,0
2021,CENTRO,Maternal II,88,361.0,0,0,0,0
2021,CIDADE DEUS,Bercario,361,1482.0,0,0,0,0
2021,CIDADE DEUS,Maternal I,329,833.0,0,0,0,0
2021,CIDADE DEUS,Maternal II,185,847.0,0,0,0,0
2021,CIDADE NOVA,Bercario,27,126.0,0,0,0,0
2021,CIDADE NOVA,Maternal I,25,66.0,0,0,0,0
2021,CIDADE NOVA,Maternal II,16,74.0,0,0,0,0
2021,CIDADE UNIVERSITARIA,Bercario,4,36.0,0,0,0,0
2021,CIDADE UNIVERSITARIA,Maternal I,1,23.0,0,0,0,0
2021,CIDADE UNIVERSITARIA,Maternal II,0,23.0,0,0,0,0
2021,COCOTA,Bercario,17,150.0,0,0,0,0
2021,COCOTA,Maternal I,13,66.0,0,0,0,0
2021,COCOTA,Maternal II,6,72.0,0,0,0,0
2021,COELHO NETO,Bercario,165,697.0,0,0,0,0
2021,COELHO NETO,Maternal I,164,408.0,0,0,0,0
2021,COELHO NETO,Maternal II,118,360.0,0,0,0,0
2021,COLEGIO,Bercario,114,697.0,0,0,0,0
2021,COLEGIO,Maternal I,95,432.0,0,0,0,0
2021,COLEGIO,Maternal II,174,435.0,0,0,0,0
2021,COMPLEXO ALEMAO,Bercario,0,578.0,0,0,0,0
2021,COMPLEXO ALEMAO,Maternal I,0,509.0,0,0,0,0
2021,COMPLEXO ALEMAO,Maternal II,1,825.0,0,0,0,0
2021,COMPLEXO MARE,Bercario,387,2444.0,0,0,0,0
2021,COMPLEXO MARE,Maternal I,270,1754.0,0,0,0,0
2021,COMPLEXO MARE,Maternal II,222,1830.0,0,0,0,0
2021,COPACABANA,Bercario,160,1931.0,0,0,0,0
2021,COPACABANA,Maternal I,86,1035.0,0,0,0,0
2021,COPACABANA,Maternal II,69,1095.0,0,0,0,0
2021,CORDOVIL,Bercario,108,848.0,0,0,0,0
2021,CORDOVIL,Maternal I,78,512.0,0,0,0,0
2021,CORDOVIL,Maternal II,106,548.0,0,0,0,0
2021,COSME VELHO,Bercario,42,159.0,0,0,0,0
2021,COSME VELHO,Maternal I,6,84.0,0,0,0,0
2021,COSME VELHO,Maternal II,5,107.0,0,0,0,0
2021,COSMOS,Bercario,463,2264.0,0,0,0,0
2021,COSMOS,Maternal I,440,1152.0,0,0,0,0
2021,COSMOS,Maternal II,292,1259.0,0,0,0,0
2021,COSTA BARROS,Bercario,383,1202.0,0,0,0,0
2021,COSTA BARROS,Maternal I,190,678.0,0,0,0,0
2021,COSTA BARROS,Maternal II,166,614.0,0,0,0,0
2021,CURICICA,Bercario,267,1581.0,0,0,0,0
2021,CURICICA,Maternal I,221,863.0,0,0,0,0
2021,CURICICA,Maternal II,208,893.0,0,0,0,0
2021,DEL CASTILHO,Bercario,88,544.0,0,0,0,0
2021,DEL CASTILHO,Maternal I,46,327.0,0,0,0,0
2021,DEL CASTILHO,Maternal II,48,282.0,0,0,0,0
2021,DEODORO,Bercario,76,271.0,0,0,0,0
2021,DEODORO,Maternal I,80,125.0,0,0,0,0
2021,DEODORO,Maternal II,61,173.0,0,0,0,0
2021,ENCANTADO,Bercario,11,217.0,0,0,0,0
2021,ENCANTADO,Maternal I,22,153.0,0,0,0,0
2021,ENCANTADO,Maternal II,18,133.0,0,0,0,0
2021,ENGENHEIRO LEAL,Bercario,13,146.0,0,0,0,0
2021,ENGENHEIRO LEAL,Maternal I,13,61.0,0,0,0,0
2021,ENGENHEIRO LEAL,Maternal II,31,65.0,0,0,0,0
2021,ENGENHO DENTRO,Bercario,95,1009.0,0,0,0,0
2021,ENGENHO DENTRO,Maternal I,100,556.0,0,0,0,0
2021,ENGENHO DENTRO,Maternal II,102,599.0,0,0,0,0
2021,ENGENHO NOVO,Bercario,209,974.0,0,0,0,0
2021,ENGENHO NOVO,Maternal I,94,535.0,0,0,0,0
2021,ENGENHO NOVO,Maternal II,37,554.0,0,0,0,0
2021,ENGENHO RAINHA,Bercario,89,551.0,0,0,0,0
2021,ENGENHO RAINHA,Maternal I,58,308.0,0,0,0,0
2021,ENGENHO RAINHA,Maternal II,43,338.0,0,0,0,0
2021,ESTACIO,Bercario,142,439.0,0,0,0,0
2021,ESTACIO,Maternal I,81,287.0,0,0,0,0
2021,ESTACIO,Maternal II,58,275.0,0,0,0,0
2021,FLAMENGO,Bercario,36,645.0,0,0,0,0
2021,FLAMENGO,Maternal I,18,351.0,0,0,0,0
2021,FLAMENGO,Maternal II,14,349.0,0,0,0,0
2021,FREGUESIA ILHA,Bercario,58,382.0,0,0,0,0
2021,FREGUESIA ILHA,Maternal I,40,262.0,0,0,0,0
2021,FREGUESIA ILHA,Maternal II,39,247.0,0,0,0,0
2021,FREGUESIA JPA,Bercario,131,1438.0,0,0,0,0
2021,FREGUESIA JPA,Maternal I,85,824.0,0,0,0,0
2021,FREGUESIA JPA,Maternal II,63,795.0,0,0,0,0
2021,GALEAO,Bercario,118,682.0,0,0,0,0
2021,GALEAO,Maternal I,100,271.0,0,0,0,0
2021,GALEAO,Maternal II,101,331.0,0,0,0,0
2021,GAMBOA,Bercario,64,308.0,0,0,0,0
2021,GAMBOA,Maternal I,36,161.0,0,0,0,0
2021,GAMBOA,Maternal II,41,166.0,0,0,0,0
2021,GARDENIA AZUL,Bercario,248,1115.0,0,0,0,0
2021,GARDENIA AZUL,Maternal I,233,608.0,0,0,0,0
2021,GARDENIA AZUL,Maternal II,171,591.0,0,0,0,0
2021,GAVEA,Bercario,137,334.0,0,0,0,0
2021,GAVEA,Maternal I,52,229.0,0,0,0,0
2021,GAVEA,Maternal II,43,145.0,0,0,0,0
2021,GERICINO,Bercario,0,4.0,0,0,0,0
2021,GERICINO,Maternal I,0,1.0,0,0,0,0
2021,GERICINO,Maternal II,0,16.0,0,0,0,0
2021,GLORIA,Bercario,34,219.0,0,0,0,0
2021,GLORIA,Maternal I,30,64.0,0,0,0,0
2021,GLORIA,Maternal II,15,86.0,0,0,0,0
2021,GRAJAU,Bercario,72,565.0,0,0,0,0
2021,GRAJAU,Maternal I,40,329.0,0,0,0,0
2021,GRAJAU,Maternal II,24,342.0,0,0,0,0
2021,GRUMARI,Bercario,0,8.0,0,0,0,0
2021,GRUMARI,Maternal I,0,3.0,0,0,0,0
2021,GRUMARI,Maternal II,0,2.0,0,0,0,0
2021,GUADALUPE,Bercario,105,1121.0,0,0,0,0
2021,GUADALUPE,Maternal I,173,650.0,0,0,0,0
2021,GUADALUPE,Maternal II,121,618.0,0,0,0,0
2021,GUARATIBA,Bercario,760,3785.0,0,0,0,0
2021,GUARATIBA,Maternal I,691,2084.0,0,0,0,0
2021,GUARATIBA,Maternal II,705,2201.0,0,0,0,0
2021,HIGIENOPOLIS,Bercario,18,253.0,0,0,0,0
2021,HIGIENOPOLIS,Maternal I,27,144.0,0,0,0,0
2021,HIGIENOPOLIS,Maternal II,15,142.0,0,0,0,0
2021,HONORIO GURGEL,Bercario,67,536.0,0,0,0,0
2021,HONORIO GURGEL,Maternal I,77,347.0,0,0,0,0
2021,HONORIO GURGEL,Maternal II,98,345.0,0,0,0,0
2021,HUMAITA,Bercario,3,223.0,0,0,0,0
2021,HUMAITA,Maternal I,4,116.0,0,0,0,0
2021,HUMAITA,Maternal II,7,115.0,0,0,0,0
2021,ILHA GUARATIBA,Bercario,0,0.0,0,0,0,0
2021,ILHA GUARATIBA,Maternal I,0,0.0,0,0,0,0
2021,ILHA GUARATIBA,Maternal II,0,0.0,0,0,0,0
2021,INHAUMA,Bercario,281,1628.0,0,0,0,0
2021,INHAUMA,Maternal I,201,841.0,0,0,0,0
2021,INHAUMA,Maternal II,158,691.0,0,0,0,0
2021,INHOAIBA,Bercario,475,1849.0,0,0,0,0
2021,INHOAIBA,Maternal I,496,1028.0,0,0,0,0
2021,INHOAIBA,Maternal II,339,1044.0,0,0,0,0
2021,IPANEMA,Bercario,10,529.0,0,0,0,0
2021,IPANEMA,Maternal I,3,313.0,0,0,0,0
2021,IPANEMA,Maternal II,2,292.0,0,0,0,0
2021,IRAJA,Bercario,243,1770.0,0,0,0,0
2021,IRAJA,Maternal I,237,1006.0,0,0,0,0
2021,IRAJA,Maternal II,219,1002.0,0,0,0,0
2021,ITANHANGA,Bercario,249,1472.0,0,0,0,0
2021,ITANHANGA,Maternal I,266,841.0,0,0,0,0
2021,ITANHANGA,Maternal II,258,939.0,0,0,0,0
2021,JABOUR,Bercario,0,0.0,0,0,0,0
2021,JABOUR,Maternal I,0,0.0,0,0,0,0
2021,JABOUR,Maternal II,0,0.0,0,0,0,0
2021,JACARE,Bercario,185,581.0,0,0,0,0
2021,JACARE,Maternal I,123,155.0,0,0,0,0
2021,JACARE,Maternal II,74,336.0,0,0,0,0
2021,JACAREPAGUA,Bercario,601,4654.0,0,0,0,0
2021,JACAREPAGUA,Maternal I,535,2666.0,0,0,0,0
2021,JACAREPAGUA,Maternal II,485,2811.0,0,0,0,0
2021,JACAREZINHO,Bercario,24,482.0,0,0,0,0
2021,JACAREZINHO,Maternal I,14,414.0,0,0,0,0
2021,JACAREZINHO,Maternal II,11,266.0,0,0,0,0
2021,JARDIM AMERICA,Bercario,146,737.0,0,0,0,0
2021,JARDIM AMERICA,Maternal I,99,444.0,0,0,0,0
2021,JARDIM AMERICA,Maternal II,114,396.0,0,0,0,0
2021,JARDIM BOTANICO,Bercario,9,262.0,0,0,0,0
2021,JARDIM BOTANICO,Maternal I,4,171.0,0,0,0,0
2021,JARDIM BOTANICO,Maternal II,0,184.0,0,0,0,0
2021,JARDIM CARIOCA,Bercario,45,463.0,0,0,0,0
2021,JARDIM CARIOCA,Maternal I,37,234.0,0,0,0,0
2021,JARDIM CARIOCA,Maternal II,15,270.0,0,0,0,0
2021,JARDIM GUANABARA,Bercario,8,384.0,0,0,0,0
2021,JARDIM GUANABARA,Maternal I,4,212.0,0,0,0,0
2021,JARDIM GUANABARA,Maternal II,5,228.0,0,0,0,0
2021,JARDIM SULACAP,Bercario,39,395.0,0,0,0,0
2021,JARDIM SULACAP,Maternal I,31,201.0,0,0,0,0
2021,JARDIM SULACAP,Maternal II,31,186.0,0,0,0,0
2021,JOA,Bercario,0,9.0,0,0,0,0
2021,JOA,Maternal I,0,5.0,0,0,0,0
2021,JOA,Maternal II,0,2.0,0,0,0,0
2021,LAGOA,Bercario,1,294.0,0,0,0,0
2021,LAGOA,Maternal I,0,150.0,0,0,0,0
2021,LAGOA,Maternal II,0,193.0,0,0,0,0
2021,LAPA,Bercario,0,82.0,0,0,0,0
2021,LAPA,Maternal I,1,60.0,0,0,0,0
2021,LAPA,Maternal II,0,0.0,0,0,0,0
2021,LARANJEIRAS,Bercario,31,588.0,0,0,0,0
2021,LARANJEIRAS,Maternal I,29,388.0,0,0,0,0
2021,LARANJEIRAS,Maternal II,15,401.0,0,0,0,0
2021,LEBLON,Bercario,3,602.0,0,0,0,0
2021,LEBLON,Maternal I,9,345.0,0,0,0,0
2021,LEBLON,Maternal II,2,353.0,0,0,0,0
2021,LEME,Bercario,31,238.0,0,0,0,0
2021,LEME,Maternal I,13,119.0,0,0,0,0
2021,LEME,Maternal II,8,132.0,0,0,0,0
2021,LINS VASCONCELOS,Bercario,167,816.0,0,0,0,0
2021,LINS VASCONCELOS,Maternal I,72,469.0,0,0,0,0
2021,LINS VASCONCELOS,Maternal II,32,457.0,0,0,0,0
2021,MADUREIRA,Bercario,209,1169.0,0,0,0,0
2021,MADUREIRA,Maternal I,121,588.0,0,0,0,0
2021,MADUREIRA,Maternal II,113,665.0,0,0,0,0
2021,MAGALHAES BASTOS,Bercario,75,512.0,0,0,0,0
2021,MAGALHAES BASTOS,Maternal I,79,299.0,0,0,0,0
2021,MAGALHAES BASTOS,Maternal II,45,257.0,0,0,0,0
2021,MANGUEIRA,Bercario,200,505.0,0,0,0,0
2021,MANGUEIRA,Maternal I,59,306.0,0,0,0,0
2021,MANGUEIRA,Maternal II,42,322.0,0,0,0,0
2021,MANGUINHOS,Bercario,84,855.0,0,0,0,0
2021,MANGUINHOS,Maternal I,86,484.0,0,0,0,0
2021,MANGUINHOS,Maternal II,49,484.0,0,0,0,0
2021,MARACANA,Bercario,18,361.0,0,0,0,0
2021,MARACANA,Maternal I,11,231.0,0,0,0,0
2021,MARACANA,Maternal II,23,204.0,0,0,0,0
2021,MARECHAL HERMES,Bercario,98,856.0,0,0,0,0
2021,MARECHAL HERMES,Maternal I,152,480.0,0,0,0,0
2021,MARECHAL HERMES,Maternal II,128,524.0,0,0,0,0
2021,MARIA GRACA,Bercario,5,105.0,0,0,0,0
2021,MARIA GRACA,Maternal I,8,82.0,0,0,0,0
2021,MARIA GRACA,Maternal II,4,99.0,0,0,0,0
2021,MEIER,Bercario,44,602.0,0,0,0,0
2021,MEIER,Maternal I,33,325.0,0,0,0,0
2021,MEIER,Maternal II,25,395.0,0,0,0,0
2021,MONERO,Bercario,5,57.0,0,0,0,0
2021,MONERO,Maternal I,4,35.0,0,0,0,0
2021,MONERO,Maternal II,0,26.0,0,0,0,0
2021,OLARIA,Bercario,177,1005.0,0,0,0,0
2021,OLARIA,Maternal I,110,599.0,0,0,0,0
2021,OLARIA,Maternal II,66,630.0,0,0,0,0
2021,OSWALDO CRUZ,Bercario,47,574.0,0,0,0,0
2021,OSWALDO CRUZ,Maternal I,90,358.0,0,0,0,0
2021,OSWALDO CRUZ,Maternal II,116,369.0,0,0,0,0
2021,PACIENCIA,Bercario,630,2823.0,0,0,0,0
2021,PACIENCIA,Maternal I,658,1617.0,0,0,0,0
2021,PACIENCIA,Maternal II,338,1594.0,0,0,0,0
2021,PADRE MIGUEL,Bercario,183,1406.0,0,0,0,0
2021,PADRE MIGUEL,Maternal I,191,861.0,0,0,0,0
2021,PADRE MIGUEL,Maternal II,131,757.0,0,0,0,0
2021,PAQUETA,Bercario,21,81.0,0,0,0,0
2021,PAQUETA,Maternal I,8,38.0,0,0,0,0
2021,PAQUETA,Maternal II,4,41.0,0,0,0,0
2021,PARADA LUCAS,Bercario,89,598.0,0,0,0,0
2021,PARADA LUCAS,Maternal I,46,351.0,0,0,0,0
2021,PARADA LUCAS,Maternal II,46,316.0,0,0,0,0
2021,PARQUE ANCHIETA,Bercario,42,377.0,0,0,0,0
2021,PARQUE ANCHIETA,Maternal I,53,211.0,0,0,0,0
2021,PARQUE ANCHIETA,Maternal II,59,237.0,0,0,0,0
2021,PARQUE COLUMBIA,Bercario,16,98.0,0,0,0,0
2021,PARQUE COLUMBIA,Maternal I,30,63.0,0,0,0,0
2021,PARQUE COLUMBIA,Maternal II,7,54.0,0,0,0,0
2021,PAVUNA,Bercario,419,2017.0,0,0,0,0
2021,PAVUNA,Maternal I,336,1117.0,0,0,0,0
2021,PAVUNA,Maternal II,240,1305.0,0,0,0,0
2021,PECHINCHA,Bercario,55,849.0,0,0,0,0
2021,PECHINCHA,Maternal I,49,451.0,0,0,0,0
2021,PECHINCHA,Maternal II,50,493.0,0,0,0,0
2021,PEDRA GUARATIBA,Bercario,71,1017.0,0,0,0,0
2021,PEDRA GUARATIBA,Maternal I,74,564.0,0,0,0,0
2021,PEDRA GUARATIBA,Maternal II,68,424.0,0,0,0,0
2021,PENHA,Bercario,249,1733.0,0,0,0,0
2021,PENHA,Maternal I,129,840.0,0,0,0,0
2021,PENHA,Maternal II,93,903.0,0,0,0,0
2021,PENHA CIRCULAR,Bercario,121,792.0,0,0,0,0
2021,PENHA CIRCULAR,Maternal I,85,543.0,0,0,0,0
2021,PENHA CIRCULAR,Maternal II,54,570.0,0,0,0,0
2021,PIEDADE,Bercario,102,858.0,0,0,0,0
2021,PIEDADE,Maternal I,92,475.0,0,0,0,0
2021,PIEDADE,Maternal II,97,537.0,0,0,0,0
2021,PILARES,Bercario,100,569.0,0,0,0,0
2021,PILARES,Maternal I,67,307.0,0,0,0,0
2021,PILARES,Maternal II,45,311.0,0,0,0,0
2021,PITANGUEIRAS,Bercario,11,177.0,0,0,0,0
2021,PITANGUEIRAS,Maternal I,7,85.0,0,0,0,0
2021,PITANGUEIRAS,Maternal II,13,140.0,0,0,0,0
2021,PORTUGUESA,Bercario,60,323.0,0,0,0,0
2021,PORTUGUESA,Maternal I,33,143.0,0,0,0,0
2021,PORTUGUESA,Maternal II,18,178.0,0,0,0,0
2021,PRACA BANDEIRA,Bercario,15,171.0,0,0,0,0
2021,PRACA BANDEIRA,Maternal I,4,68.0,0,0,0,0
2021,PRACA BANDEIRA,Maternal II,12,93.0,0,0,0,0
2021,PRACA SECA,Bercario,188,1377.0,0,0,0,0
2021,PRACA SECA,Maternal I,223,814.0,0,0,0,0
2021,PRACA SECA,Maternal II,206,905.0,0,0,0,0
2021,PRAIA BANDEIRA,Bercario,6,62.0,0,0,0,0
2021,PRAIA BANDEIRA,Maternal I,6,45.0,0,0,0,0
2021,PRAIA BANDEIRA,Maternal II,5,54.0,0,0,0,0
2021,QUINTINO BOCAIUVA,Bercario,52,543.0,0,0,0,0
2021,QUINTINO BOCAIUVA,Maternal I,26,346.0,0,0,0,0
2021,QUINTINO BOCAIUVA,Maternal II,60,353.0,0,0,0,0
2021,RAMOS,Bercario,254,1573.0,0,0,0,0
2021,RAMOS,Maternal I,176,633.0,0,0,0,0
2021,RAMOS,Maternal II,237,554.0,0,0,0,0
2021,REALENGO,Bercario,613,4010.0,0,0,0,0
2021,REALENGO,Maternal I,658,2182.0,0,0,0,0
2021,REALENGO,Maternal II,449,2115.0,0,0,0,0
2021,RECREIO BANDEIRANTES,Bercario,205,2862.0,0,0,0,0
2021,RECREIO BANDEIRANTES,Maternal I,179,1425.0,0,0,0,0
2021,RECREIO BANDEIRANTES,Maternal II,162,1337.0,0,0,0,0
2021,RIACHUELO,Bercario,10,193.0,0,0,0,0
2021,RIACHUELO,Maternal I,6,102.0,0,0,0,0
2021,RIACHUELO,Maternal II,5,92.0,0,0,0,0
2021,RIBEIRA,Bercario,2,56.0,0,0,0,0
2021,RIBEIRA,Maternal I,2,28.0,0,0,0,0
2021,RIBEIRA,Maternal II,2,34.0,0,0,0,0
2021,RICARDO ALBUQUERQUE,Bercario,111,640.0,0,0,0,0
2021,RICARDO ALBUQUERQUE,Maternal I,129,370.0,0,0,0,0
2021,RICARDO ALBUQUERQUE,Maternal II,126,349.0,0,0,0,0
2021,RIO COMPRIDO,Bercario,230,911.0,0,0,0,0
2021,RIO COMPRIDO,Maternal I,106,510.0,0,0,0,0
2021,RIO COMPRIDO,Maternal II,91,549.0,0,0,0,0
2021,ROCHA,Bercario,54,299.0,0,0,0,0
2021,ROCHA,Maternal I,19,146.0,0,0,0,0
2021,ROCHA,Maternal II,18,176.0,0,0,0,0
2021,ROCHA MIRANDA,Bercario,119,874.0,0,0,0,0
2021,ROCHA MIRANDA,Maternal I,137,548.0,0,0,0,0
2021,ROCHA MIRANDA,Maternal II,161,545.0,0,0,0,0
2021,ROCINHA,Bercario,88,1694.0,0,0,0,0
2021,ROCINHA,Maternal I,59,950.0,0,0,0,0
2021,ROCINHA,Maternal II,44,1086.0,0,0,0,0
2021,SAMPAIO,Bercario,48,264.0,0,0,0,0
2021,SAMPAIO,Maternal I,32,163.0,0,0,0,0
2021,SAMPAIO,Maternal II,12,143.0,0,0,0,0
2021,SANTA CRUZ,Bercario,976,7209.0,0,0,0,0
2021,SANTA CRUZ,Maternal I,1005,3816.0,0,0,0,0
2021,SANTA CRUZ,Maternal II,502,3871.0,0,0,0,0
2021,SANTA TERESA,Bercario,188,787.0,0,0,0,0
2021,SANTA TERESA,Maternal I,98,438.0,0,0,0,0
2021,SANTA TERESA,Maternal II,48,410.0,0,0,0,0
2021,SANTISSIMO,Bercario,257,1434.0,0,0,0,0
2021,SANTISSIMO,Maternal I,238,761.0,0,0,0,0
2021,SANTISSIMO,Maternal II,182,772.0,0,0,0,0
2021,SANTO CRISTO,Bercario,78,377.0,0,0,0,0
2021,SANTO CRISTO,Maternal I,45,215.0,0,0,0,0
2021,SANTO CRISTO,Maternal II,39,193.0,0,0,0,0
2021,SAO CONRADO,Bercario,14,188.0,0,0,0,0
2021,SAO CONRADO,Maternal I,7,98.0,0,0,0,0
2021,SAO CONRADO,Maternal II,6,79.0,0,0,0,0
2021,SAO CRISTOVAO,Bercario,254,1062.0,0,0,0,0
2021,SAO CRISTOVAO,Maternal I,172,581.0,0,0,0,0
2021,SAO CRISTOVAO,Maternal II,87,474.0,0,0,0,0
2021,SAO FRANCISCO XAVIER,Bercario,13,123.0,0,0,0,0
2021,SAO FRANCISCO XAVIER,Maternal I,10,63.0,0,0,0,0
2021,SAO FRANCISCO XAVIER,Maternal II,1,81.0,0,0,0,0
2021,SAUDE,Bercario,4,88.0,0,0,0,0
2021,SAUDE,Maternal I,4,41.0,0,0,0,0
2021,SAUDE,Maternal II,10,52.0,0,0,0,0
2021,SENADOR CAMARA,Bercario,419,2501.0,0,0,0,0
2021,SENADOR CAMARA,Maternal I,460,1396.0,0,0,0,0
2021,SENADOR CAMARA,Maternal II,305,1422.0,0,0,0,0
2021,SENADOR VASCONCELOS,Bercario,146,645.0,0,0,0,0
2021,SENADOR VASCONCELOS,Maternal I,121,387.0,0,0,0,0
2021,SENADOR VASCONCELOS,Maternal II,133,411.0,0,0,0,0
2021,SEPETIBA,Bercario,257,1599.0,0,0,0,0
2021,SEPETIBA,Maternal I,161,833.0,0,0,0,0
2021,SEPETIBA,Maternal II,136,797.0,0,0,0,0
2021,TANQUE,Bercario,166,949.0,0,0,0,0
2021,TANQUE,Maternal I,170,580.0,0,0,0,0
2021,TANQUE,Maternal II,148,545.0,0,0,0,0
2021,TAQUARA,Bercario,363,3056.0,0,0,0,0
2021,TAQUARA,Maternal I,343,1544.0,0,0,0,0
2021,TAQUARA,Maternal II,329,1651.0,0,0,0,0
2021,TAUA,Bercario,83,452.0,0,0,0,0
2021,TAUA,Maternal I,76,227.0,0,0,0,0
2021,TAUA,Maternal II,40,314.0,0,0,0,0
2021,TIJUCA,Bercario,292,2429.0,0,0,0,0
2021,TIJUCA,Maternal I,110,1384.0,0,0,0,0
2021,TIJUCA,Maternal II,66,1345.0,0,0,0,0
2021,TODOS OS SANTOS,Bercario,11,281.0,0,0,0,0
2021,TODOS OS SANTOS,Maternal I,12,165.0,0,0,0,0
2021,TODOS OS SANTOS,Maternal II,12,194.0,0,0,0,0
2021,TOMAS COELHO,Bercario,112,491.0,0,0,0,0
2021,TOMAS COELHO,Maternal I,71,254.0,0,0,0,0
2021,TOMAS COELHO,Maternal II,56,250.0,0,0,0,0
2021,TURIACU,Bercario,65,320.0,0,0,0,0
2021,TURIACU,Maternal I,52,192.0,0,0,0,0
2021,TURIACU,Maternal II,50,221.0,0,0,0,0
2021,URCA,Bercario,2,101.0,0,0,0,0
2021,URCA,Maternal I,3,68.0,0,0,0,0
2021,URCA,Maternal II,3,57.0,0,0,0,0
2021,VARGEM GRANDE,Bercario,40,606.0,0,0,0,0
2021,VARGEM GRANDE,Maternal I,49,321.0,0,0,0,0
2021,VARGEM GRANDE,Maternal II,43,329.0,0,0,0,0
2021,VARGEM PEQUENA,Bercario,59,810.0,0,0,0,0
2021,VARGEM PEQUENA,Maternal I,62,425.0,0,0,0,0
2021,VARGEM PEQUENA,Maternal II,40,400.0,0,0,0,0
2021,VASCO GAMA,Bercario,11,100.0,0,0,0,0
2021,VASCO GAMA,Maternal I,8,79.0,0,0,0,0
2021,VASCO GAMA,Maternal II,9,161.0,0,0,0,0
2021,VAZ LOBO,Bercario,94,405.0,0,0,0,0
2021,VAZ LOBO,Maternal I,69,213.0,0,0,0,0
2021,VAZ LOBO,Maternal II,52,211.0,0,0,0,0
2021,VICENTE CARVALHO,Bercario,94,542.0,0,0,0,0
2021,VICENTE CARVALHO,Maternal I,88,324.0,0,0,0,0
2021,VICENTE CARVALHO,Maternal II,66,360.0,0,0,0,0
2021,VIDIGAL,Bercario,94,376.0,0,0,0,0
2021,VIDIGAL,Maternal I,44,236.0,0,0,0,0
2021,VIDIGAL,Maternal II,21,211.0,0,0,0,0
2021,VIGARIO GERAL,Bercario,118,718.0,0,0,0,0
2021,VIGARIO GERAL,Maternal I,80,409.0,0,0,0,0
2021,VIGARIO GERAL,Maternal II,96,530.0,0,0,0,0
2021,VILA ISABEL,Bercario,185,1156.0,0,0,0,0
2021,VILA ISABEL,Maternal I,52,665.0,0,0,0,0
2021,VILA ISABEL,Maternal II,41,669.0,0,0,0,0
2021,VILA KENNEDY,Bercario,0,455.0,0,0,0,0
2021,VILA KENNEDY,Maternal I,0,309.0,0,0,0,0
2021,VILA KENNEDY,Maternal II,0,1.0,0,0,0,0
2021,VILA KOSMOS,Bercario,49,227.0,0,0,0,0
2021,VILA KOSMOS,Maternal I,50,168.0,0,0,0,0
2021,VILA KOSMOS,Maternal II,27,124.0,0,0,0,0
2021,VILA MILITAR,Bercario,12,257.0,0,0,0,0
2021,VILA MILITAR,Maternal I,18,172.0,0,0,0,0
2021,VILA MILITAR,Maternal II,14,128.0,0,0,0,0
2021,VILA PENHA,Bercario,42,558.0,0,0,0,0
2021,VILA PENHA,Maternal I,30,247.0,0,0,0,0
2021,VILA PENHA,Maternal II,36,240.0,0,0,0,0
2021,VILA VALQUEIRE,Bercario,38,628.0,0,0,0,0
2021,VILA VALQUEIRE,Maternal I,85,385.0,0,0,0,0
2021,VILA VALQUEIRE,Maternal II,73,395.0,0,0,0,0
2021,VISTA ALEGRE,Bercario,29,204.0,0,0,0,0
2021,VISTA ALEGRE,Maternal I,12,91.0,0,0,0,0
2021,VISTA ALEGRE,Maternal II,27,99.0,0,0,0,0
2021,ZUMBI,Bercario,2,31.0,0,0,0,0
2021,ZUMBI,Maternal I,3,19.0,0,0,0,0
2021,ZUMBI,Maternal II,1,14.0,0,0,0,0
2022,ABOLICAO,Bercario,15,172.0,1,1,0,0
2022,ABOLICAO,Maternal I,17,113.0,1,0,1,0
2022,ABOLICAO,Maternal II,7,85.0,1,0,0,1
2022,ACARI,Bercario,159,805.0,1,1,0,0
2022,ACARI,Maternal I,173,410.0,1,0,1,0
2022,ACARI,Maternal II,130,527.0,1,0,0,1
2022,AGUA SANTA,Bercario,9,129.0,1,1,0,0
2022,AGUA SANTA,Maternal I,27,79.0,1,0,1,0
2022,AGUA SANTA,Maternal II,12,97.0,1,0,0,1
2022,ALTO BOA VISTA,Bercario,71,194.0,1,1,0,0
2022,ALTO BOA VISTA,Maternal I,19,104.0,1,0,1,0
2022,ALTO BOA VISTA,Maternal II,14,100.0,1,0,0,1
2022,ANCHIETA,Bercario,203,1520.0,1,1,0,0
2022,ANCHIETA,Maternal I,255,943.0,1,0,1,0
2022,ANCHIETA,Maternal II,188,879.0,1,0,0,1
2022,ANDARAI,Bercario,97,535.0,1,1,0,0
2022,ANDARAI,Maternal I,47,280.0,1,0,1,0
2022,ANDARAI,Maternal II,24,369.0,1,0,0,1
2022,ANIL,Bercario,341,831.0,1,1,0,0
2022,ANIL,Maternal I,355,420.0,1,0,1,0
2022,ANIL,Maternal II,422,436.0,1,0,0,1
2022,ARGENTINO,Bercario,0,0.0,1,1,0,0
2022,ARGENTINO,Maternal I,0,0.0,1,0,1,0
2022,ARGENTINO,Maternal II,0,0.0,1,0,0,1
2022,BANCARIOS,Bercario,40,298.0,1,1,0,0
2022,BANCARIOS,Maternal I,34,146.0,1,0,1,0
2022,BANCARIOS,Maternal II,34,150.0,1,0,0,1
2022,BANGU,Bercario,1045,5245.0,1,1,0,0
2022,BANGU,Maternal I,973,2744.0,1,0,1,0
2022,BANGU,Maternal II,667,2955.0,1,0,0,1
2022,BARRA GUARATIBA,Bercario,8,150.0,1,1,0,0
2022,BARRA GUARATIBA,Maternal I,4,58.0,1,0,1,0
2022,BARRA GUARATIBA,Maternal II,2,65.0,1,0,0,1
2022,BARRA OLIMPICA,Bercario,0,0.0,1,1,0,0
2022,BARRA OLIMPICA,Maternal I,0,0.0,1,0,1,0
2022,BARRA OLIMPICA,Maternal II,0,0.0,1,0,0,1
2022,BARRA TIJUCA,Bercario,42,2425.0,1,1,0,0
2022,BARRA TIJUCA,Maternal I,54,1343.0,1,0,1,0
2022,BARRA TIJUCA,Maternal II,45,1353.0,1,0,0,1
2022,BARROS FILHO,Bercario,89,477.0,1,1,0,0
2022,BARROS FILHO,Maternal I,49,235.0,1,0,1,0
2022,BARROS FILHO,Maternal II,78,270.0,1,0,0,1
2022,BENFICA,Bercario,300,800.0,1,1,0,0
2022,BENFICA,Maternal I,233,542.0,1,0,1,0
2022,BENFICA,Maternal II,174,491.0,1,0,0,1
2022,BENTO RIBEIRO,Bercario,57,764.0,1,1,0,0
2022,BENTO RIBEIRO,Maternal I,110,417.0,1,0,1,0
2022,BENTO RIBEIRO,Maternal II,112,457.0,1,0,0,1
2022,BONSUCESSO,Bercario,227,1380.0,1,1,0,0
2022,BONSUCESSO,Maternal I,185,885.0,1,0,1,0
2022,BONSUCESSO,Maternal II,130,613.0,1,0,0,1
2022,BOTAFOGO,Bercario,35,1155.0,1,1,0,0
2022,BOTAFOGO,Maternal I,48,663.0,1,0,1,0
2022,BOTAFOGO,Maternal II,36,713.0,1,0,0,1
2022,BRAS PINA,Bercario,76,911.0,1,1,0,0
2022,BRAS PINA,Maternal I,65,476.0,1,0,1,0
2022,BRAS PINA,Maternal II,66,582.0,1,0,0,1
2022,CACHAMBI,Bercario,33,646.0,1,1,0,0
2022,CACHAMBI,Maternal I,38,341.0,1,0,1,0
2022,CACHAMBI,Maternal II,14,399.0,1,0,0,1
2022,CACUIA,Bercario,16,190.0,1,1,0,0
2022,CACUIA,Maternal I,15,95.0,1,0,1,0
2022,CACUIA,Maternal II,14,104.0,1,0,0,1
2022,CAJU,Bercario,161,684.0,1,1,0,0
2022,CAJU,Maternal I,174,391.0,1,0,1,0
2022,CAJU,Maternal II,96,438.0,1,0,0,1
2022,CAMORIM,Bercario,119,174.0,1,1,0,0
2022,CAMORIM,Maternal I,70,134.0,1,0,1,0
2022,CAMORIM,Maternal II,57,101.0,1,0,0,1
2022,CAMPINHO,Bercario,23,257.0,1,1,0,0
2022,CAMPINHO,Maternal I,26,171.0,1,0,1,0
2022,CAMPINHO,Maternal II,25,159.0,1,0,0,1
2022,CAMPO AFONSOS,Bercario,1,59.0,1,1,0,0
2022,CAMPO AFONSOS,Maternal I,1,18.0,1,0,1,0
2022,CAMPO AFONSOS,Maternal II,3,38.0,1,0,0,1
2022,CAMPO GRANDE,Bercario,1527,8716.0,1,1,0,0
2022,CAMPO GRANDE,Maternal I,1621,4851.0,1,0,1,0
2022,CAMPO GRANDE,Maternal II,1179,5046.0,1,0,0,1
2022,CASCADURA,Bercario,129,623.0,1,1,0,0
2022,CASCADURA,Maternal I,112,378.0,1,0,1,0
2022,CASCADURA,Maternal II,95,378.0,1,0,0,1
2022,CATETE,Bercario,45,335.0,1,1,0,0
2022,CATETE,Maternal I,31,184.0,1,0,1,0
2022,CATETE,Maternal II,22,225.0,1,0,0,1
2022,CATUMBI,Bercario,158,352.0,1,1,0,0
2022,CATUMBI,Maternal I,65,210.0,1,0,1,0
2022,CATUMBI,Maternal II,25,180.0,1,0,0,1
2022,CAVALCANTE,Bercario,90,355.0,1,1,0,0
2022,CAVALCANTE,Maternal I,30,194.0,1,0,1,0
2022,CAVALCANTE,Maternal II,47,225.0,1,0,0,1
2022,CENTRO,Bercario,124,522.0,1,1,0,0
2022,CENTRO,Maternal I,121,325.0,1,0,1,0
2022,CENTRO,Maternal II,82,295.0,1,0,0,1
2022,CIDADE DEUS,Bercario,310,1415.0,1,1,0,0
2022,CIDADE DEUS,Maternal I,331,720.0,1,0,1,0
2022,CIDADE DEUS,Maternal II,179,833.0,1,0,0,1
2022,CIDADE NOVA,Bercario,40,113.0,1,1,0,0
2022,CIDADE NOVA,Maternal I,19,73.0,1,0,1,0
2022,CIDADE NOVA,Maternal II,16,66.0,1,0,0,1
2022,CIDADE UNIVERSITARIA,Bercario,3,25.0,1,1,0,0
2022,CIDADE UNIVERSITARIA,Maternal I,1,26.0,1,0,1,0
2022,CIDADE UNIVERSITARIA,Maternal II,0,23.0,1,0,0,1
2022,COCOTA,Bercario,12,143.0,1,1,0,0
2022,COCOTA,Maternal I,9,77.0,1,0,1,0
2022,COCOTA,Maternal II,8,66.0,1,0,0,1
2022,COELHO NETO,Bercario,169,617.0,1,1,0,0
2022,COELHO NETO,Maternal I,165,382.0,1,0,1,0
2022,COELHO NETO,Maternal II,135,408.0,1,0,0,1
2022,COLEGIO,Bercario,102,700.0,1,1,0,0
2022,COLEGIO,Maternal I,104,351.0,1,0,1,0
2022,COLEGIO,Maternal II,170,432.0,1,0,0,1
2022,COMPLEXO ALEMAO,Bercario,1,364.0,1,1,0,0
2022,COMPLEXO ALEMAO,Maternal I,0,427.0,1,0,1,0
2022,COMPLEXO ALEMAO,Maternal II,0,509.0,1,0,0,1
2022,COMPLEXO MARE,Bercario,495,2569.0,1,1,0,0
2022,COMPLEXO MARE,Maternal I,301,1259.0,1,0,1,0
2022,COMPLEXO MARE,Maternal II,267,1754.0,1,0,0,1
2022,COPACABANA,Bercario,205,1737.0,1,1,0,0
2022,COPACABANA,Maternal I,117,1059.0,1,0,1,0
2022,COPACABANA,Maternal II,108,1035.0,1,0,0,1
2022,CORDOVIL,Bercario,88,846.0,1,1,0,0
2022,CORDOVIL,Maternal I,56,424.0,1,0,1,0
2022,CORDOVIL,Maternal II,105,512.0,1,0,0,1
2022,COSME VELHO,Bercario,41,167.0,1,1,0,0
2022,COSME VELHO,Maternal I,7,67.0,1,0,1,0
2022,COSME VELHO,Maternal II,3,84.0,1,0,0,1
2022,COSMOS,Bercario,403,2315.0,1,1,0,0
2022,COSMOS,Maternal I,479,1091.0,1,0,1,0
2022,COSMOS,Maternal II,305,1152.0,1,0,0,1
2022,COSTA BARROS,Bercario,386,1188.0,1,1,0,0
2022,COSTA BARROS,Maternal I,263,552.0,1,0,1,0
2022,COSTA BARROS,Maternal II,216,678.0,1,0,0,1
2022,CURICICA,Bercario,231,1324.0,1,1,0,0
2022,CURICICA,Maternal I,234,899.0,1,0,1,0
2022,CURICICA,Maternal II,182,863.0,1,0,0,1
2022,DEL CASTILHO,Bercario,107,505.0,1,1,0,0
2022,DEL CASTILHO,Maternal I,72,303.0,1,0,1,0
2022,DEL CASTILHO,Maternal II,44,327.0,1,0,0,1
2022,DEODORO,Bercario,76,267.0,1,1,0,0
2022,DEODORO,Maternal I,69,136.0,1,0,1,0
2022,DEODORO,Maternal II,62,125.0,1,0,0,1
2022,ENCANTADO,Bercario,13,204.0,1,1,0,0
2022,ENCANTADO,Maternal I,26,109.0,1,0,1,0
2022,ENCANTADO,Maternal II,21,153.0,1,0,0,1
2022,ENGENHEIRO LEAL,Bercario,10,136.0,1,1,0,0
2022,ENGENHEIRO LEAL,Maternal I,13,71.0,1,0,1,0
2022,ENGENHEIRO LEAL,Maternal II,29,61.0,1,0,0,1
2022,ENGENHO DENTRO,Bercario,90,918.0,1,1,0,0
2022,ENGENHO DENTRO,Maternal I,88,515.0,1,0,1,0
2022,ENGENHO DENTRO,Maternal II,60,556.0,1,0,0,1
2022,ENGENHO NOVO,Bercario,239,900.0,1,1,0,0
2022,ENGENHO NOVO,Maternal I,77,510.0,1,0,1,0
2022,ENGENHO NOVO,Maternal II,40,535.0,1,0,0,1
2022,ENGENHO RAINHA,Bercario,112,520.0,1,1,0,0
2022,ENGENHO RAINHA,Maternal I,74,284.0,1,0,1,0
2022,ENGENHO RAINHA,Maternal II,62,308.0,1,0,0,1
2022,ESTACIO,Bercario,140,403.0,1,1,0,0
2022,ESTACIO,Maternal I,71,233.0,1,0,1,0
2022,ESTACIO,Maternal II,58,287.0,1,0,0,1
2022,FLAMENGO,Bercario,37,542.0,1,1,0,0
2022,FLAMENGO,Maternal I,15,366.0,1,0,1,0
2022,FLAMENGO,Maternal II,18,351.0,1,0,0,1
2022,FREGUESIA ILHA,Bercario,69,446.0,1,1,0,0
2022,FREGUESIA ILHA,Maternal I,39,191.0,1,0,1,0
2022,FREGUESIA ILHA,Maternal II,38,262.0,1,0,0,1
2022,FREGUESIA JPA,Bercario,131,1327.0,1,1,0,0
2022,FREGUESIA JPA,Maternal I,125,730.0,1,0,1,0
2022,FREGUESIA JPA,Maternal II,62,824.0,1,0,0,1
2022,GALEAO,Bercario,153,715.0,1,1,0,0
2022,GALEAO,Maternal I,84,332.0,1,0,1,0
2022,GALEAO,Maternal II,98,271.0,1,0,0,1
2022,GAMBOA,Bercario,65,310.0,1,1,0,0
2022,GAMBOA,Maternal I,32,154.0,1,0,1,0
2022,GAMBOA,Maternal II,60,161.0,1,0,0,1
2022,GARDENIA AZUL,Bercario,256,1022.0,1,1,0,0
2022,GARDENIA AZUL,Maternal I,217,554.0,1,0,1,0
2022,GARDENIA AZUL,Maternal II,180,608.0,1,0,0,1
2022,GAVEA,Bercario,105,318.0,1,1,0,0
2022,GAVEA,Maternal I,53,187.0,1,0,1,0
2022,GAVEA,Maternal II,55,229.0,1,0,0,1
2022,GERICINO,Bercario,0,13.0,1,1,0,0
2022,GERICINO,Maternal I,0,3.0,1,0,1,0
2022,GERICINO,Maternal II,0,1.0,1,0,0,1
2022,GLORIA,Bercario,38,147.0,1,1,0,0
2022,GLORIA,Maternal I,22,141.0,1,0,1,0
2022,GLORIA,Maternal II,27,64.0,1,0,0,1
2022,GRAJAU,Bercario,101,483.0,1,1,0,0
2022,GRAJAU,Maternal I,53,313.0,1,0,1,0
2022,GRAJAU,Maternal II,32,329.0,1,0,0,1
2022,GRUMARI,Bercario,0,10.0,1,1,0,0
2022,GRUMARI,Maternal I,0,3.0,1,0,1,0
2022,GRUMARI,Maternal II,0,3.0,1,0,0,1
2022,GUADALUPE,Bercario,87,1023.0,1,1,0,0
2022,GUADALUPE,Maternal I,138,599.0,1,0,1,0
2022,GUADALUPE,Maternal II,148,650.0,1,0,0,1
2022,GUARATIBA,Bercario,786,3840.0,1,1,0,0
2022,GUARATIBA,Maternal I,745,1851.0,1,0,1,0
2022,GUARATIBA,Maternal II,714,2084.0,1,0,0,1
2022,HIGIENOPOLIS,Bercario,17,229.0,1,1,0,0
2022,HIGIENOPOLIS,Maternal I,15,135.0,1,0,1,0
2022,HIGIENOPOLIS,Maternal II,29,144.0,1,0,0,1
2022,HONORIO GURGEL,Bercario,62,477.0,1,1,0,0
2022,HONORIO GURGEL,Maternal I,69,281.0,1,0,1,0
2022,HONORIO GURGEL,Maternal II,93,347.0,1,0,0,1
2022,HUMAITA,Bercario,6,180.0,1,1,0,0
2022,HUMAITA,Maternal I,9,127.0,1,0,1,0
2022,HUMAITA,Maternal II,3,116.0,1,0,0,1
2022,ILHA GUARATIBA,Bercario,1,0.0,1,1,0,0
2022,ILHA GUARATIBA,Maternal I,0,0.0,1,0,1,0
2022,ILHA GUARATIBA,Maternal II,0,0.0,1,0,0,1
2022,INHAUMA,Bercario,317,1634.0,1,1,0,0
2022,INHAUMA,Maternal I,222,778.0,1,0,1,0
2022,INHAUMA,Maternal II,148,841.0,1,0,0,1
2022,INHOAIBA,Bercario,450,1851.0,1,1,0,0
2022,INHOAIBA,Maternal I,482,929.0,1,0,1,0
2022,INHOAIBA,Maternal II,309,1028.0,1,0,0,1
2022,IPANEMA,Bercario,6,545.0,1,1,0,0
2022,IPANEMA,Maternal I,1,275.0,1,0,1,0
2022,IPANEMA,Maternal II,3,313.0,1,0,0,1
2022,IRAJA,Bercario,230,1694.0,1,1,0,0
2022,IRAJA,Maternal I,251,923.0,1,0,1,0
2022,IRAJA,Maternal II,184,1006.0,1,0,0,1
2022,ITANHANGA,Bercario,218,1471.0,1,1,0,0
2022,ITANHANGA,Maternal I,282,763.0,1,0,1,0
2022,ITANHANGA,Maternal II,236,841.0,1,0,0,1
2022,JABOUR,Bercario,0,0.0,1,1,0,0
2022,JABOUR,Maternal I,0,0.0,1,0,1,0
2022,JABOUR,Maternal II,0,0.0,1,0,0,1
2022,JACARE,Bercario,203,648.0,1,1,0,0
2022,JACARE,Maternal I,110,249.0,1,0,1,0
2022,JACARE,Maternal II,75,155.0,1,0,0,1
2022,JACAREPAGUA,Bercario,573,4959.0,1,1,0,0
2022,JACAREPAGUA,Maternal I,556,2241.0,1,0,1,0
2022,JACAREPAGUA,Maternal II,450,2666.0,1,0,0,1
2022,JACAREZINHO,Bercario,39,413.0,1,1,0,0
2022,JACAREZINHO,Maternal I,13,277.0,1,0,1,0
2022,JACAREZINHO,Maternal II,17,414.0,1,0,0,1
2022,JARDIM AMERICA,Bercario,133,659.0,1,1,0,0
2022,JARDIM AMERICA,Maternal I,129,384.0,1,0,1,0
2022,JARDIM AMERICA,Maternal II,83,444.0,1,0,0,1
2022,JARDIM BOTANICO,Bercario,1,234.0,1,1,0,0
2022,JARDIM BOTANICO,Maternal I,0,140.0,1,0,1,0
2022,JARDIM BOTANICO,Maternal II,4,171.0,1,0,0,1
2022,JARDIM CARIOCA,Bercario,43,452.0,1,1,0,0
2022,JARDIM CARIOCA,Maternal I,36,226.0,1,0,1,0
2022,JARDIM CARIOCA,Maternal II,23,234.0,1,0,0,1
2022,JARDIM GUANABARA,Bercario,5,375.0,1,1,0,0
2022,JARDIM GUANABARA,Maternal I,4,209.0,1,0,1,0
2022,JARDIM GUANABARA,Maternal II,7,212.0,1,0,0,1
2022,JARDIM SULACAP,Bercario,19,372.0,1,1,0,0
2022,JARDIM SULACAP,Maternal I,24,197.0,1,0,1,0
2022,JARDIM SULACAP,Maternal II,30,201.0,1,0,0,1
2022,JOA,Bercario,0,15.0,1,1,0,0
2022,JOA,Maternal I,0,5.0,1,0,1,0
2022,JOA,Maternal II,2,5.0,1,0,0,1
2022,LAGOA,Bercario,3,276.0,1,1,0,0
2022,LAGOA,Maternal I,2,146.0,1,0,1,0
2022,LAGOA,Maternal II,2,150.0,1,0,0,1
2022,LAPA,Bercario,1,83.0,1,1,0,0
2022,LAPA,Maternal I,0,33.0,1,0,1,0
2022,LAPA,Maternal II,0,60.0,1,0,0,1
2022,LARANJEIRAS,Bercario,30,553.0,1,1,0,0
2022,LARANJEIRAS,Maternal I,28,315.0,1,0,1,0
2022,LARANJEIRAS,Maternal II,20,388.0,1,0,0,1
2022,LEBLON,Bercario,4,554.0,1,1,0,0
2022,LEBLON,Maternal I,2,315.0,1,0,1,0
2022,LEBLON,Maternal II,3,345.0,1,0,0,1
2022,LEME,Bercario,31,213.0,1,1,0,0
2022,LEME,Maternal I,18,120.0,1,0,1,0
2022,LEME,Maternal II,10,119.0,1,0,0,1
2022,LINS VASCONCELOS,Bercario,208,773.0,1,1,0,0
2022,LINS VASCONCELOS,Maternal I,79,418.0,1,0,1,0
2022,LINS VASCONCELOS,Maternal II,30,469.0,1,0,0,1
2022,MADUREIRA,Bercario,172,1012.0,1,1,0,0
2022,MADUREIRA,Maternal I,136,626.0,1,0,1,0
2022,MADUREIRA,Maternal II,94,588.0,1,0,0,1
2022,MAGALHAES BASTOS,Bercario,85,447.0,1,1,0,0
2022,MAGALHAES BASTOS,Maternal I,75,270.0,1,0,1,0
2022,MAGALHAES BASTOS,Maternal II,61,299.0,1,0,0,1
2022,MANGUEIRA,Bercario,204,493.0,1,1,0,0
2022,MANGUEIRA,Maternal I,78,266.0,1,0,1,0
2022,MANGUEIRA,Maternal II,65,306.0,1,0,0,1
2022,MANGUINHOS,Bercario,99,826.0,1,1,0,0
2022,MANGUINHOS,Maternal I,105,414.0,1,0,1,0
2022,MANGUINHOS,Maternal II,70,484.0,1,0,0,1
2022,MARACANA,Bercario,15,327.0,1,1,0,0
2022,MARACANA,Maternal I,9,188.0,1,0,1,0
2022,MARACANA,Maternal II,17,231.0,1,0,0,1
2022,MARECHAL HERMES,Bercario,78,861.0,1,1,0,0
2022,MARECHAL HERMES,Maternal I,131,413.0,1,0,1,0
2022,MARECHAL HERMES,Maternal II,145,480.0,1,0,0,1
2022,MARIA GRACA,Bercario,7,113.0,1,1,0,0
2022,MARIA GRACA,Maternal I,8,55.0,1,0,1,0
2022,MARIA GRACA,Maternal II,10,82.0,1,0,0,1
2022,MEIER,Bercario,35,505.0,1,1,0,0
2022,MEIER,Maternal I,29,356.0,1,0,1,0
2022,MEIER,Maternal II,10,325.0,1,0,0,1
2022,MONERO,Bercario,3,58.0,1,1,0,0
2022,MONERO,Maternal I,4,29.0,1,0,1,0
2022,MONERO,Maternal II,4,35.0,1,0,0,1
2022,OLARIA,Bercario,172,957.0,1,1,0,0
2022,OLARIA,Maternal I,150,522.0,1,0,1,0
2022,OLARIA,Maternal II,74,599.0,1,0,0,1
2022,OSWALDO CRUZ,Bercario,36,554.0,1,1,0,0
2022,OSWALDO CRUZ,Maternal I,57,306.0,1,0,1,0
2022,OSWALDO CRUZ,Maternal II,97,358.0,1,0,0,1
2022,PACIENCIA,Bercario,694,2847.0,1,1,0,0
2022,PACIENCIA,Maternal I,589,1386.0,1,0,1,0
2022,PACIENCIA,Maternal II,354,1617.0,1,0,0,1
2022,PADRE MIGUEL,Bercario,148,1239.0,1,1,0,0
2022,PADRE MIGUEL,Maternal I,174,771.0,1,0,1,0
2022,PADRE MIGUEL,Maternal II,122,861.0,1,0,0,1
2022,PAQUETA,Bercario,23,73.0,1,1,0,0
2022,PAQUETA,Maternal I,12,50.0,1,0,1,0
2022,PAQUETA,Maternal II,5,38.0,1,0,0,1
2022,PARADA LUCAS,Bercario,64,592.0,1,1,0,0
2022,PARADA LUCAS,Maternal I,45,318.0,1,0,1,0
2022,PARADA LUCAS,Maternal II,40,351.0,1,0,0,1
2022,PARQUE ANCHIETA,Bercario,30,406.0,1,1,0,0
2022,PARQUE ANCHIETA,Maternal I,63,169.0,1,0,1,0
2022,PARQUE ANCHIETA,Maternal II,46,211.0,1,0,0,1
2022,PARQUE COLUMBIA,Bercario,23,97.0,1,1,0,0
2022,PARQUE COLUMBIA,Maternal I,15,57.0,1,0,1,0
2022,PARQUE COLUMBIA,Maternal II,5,63.0,1,0,0,1
2022,PAVUNA,Bercario,373,1909.0,1,1,0,0
2022,PAVUNA,Maternal I,365,1033.0,1,0,1,0
2022,PAVUNA,Maternal II,245,1117.0,1,0,0,1
2022,PECHINCHA,Bercario,37,789.0,1,1,0,0
2022,PECHINCHA,Maternal I,36,423.0,1,0,1,0
2022,PECHINCHA,Maternal II,30,451.0,1,0,0,1
2022,PEDRA GUARATIBA,Bercario,80,898.0,1,1,0,0
2022,PEDRA GUARATIBA,Maternal I,112,555.0,1,0,1,0
2022,PEDRA GUARATIBA,Maternal II,67,564.0,1,0,0,1
2022,PENHA,Bercario,268,1533.0,1,1,0,0
2022,PENHA,Maternal I,183,914.0,1,0,1,0
2022,PENHA,Maternal II,92,840.0,1,0,0,1
2022,PENHA CIRCULAR,Bercario,135,801.0,1,1,0,0
2022,PENHA CIRCULAR,Maternal I,77,374.0,1,0,1,0
2022,PENHA CIRCULAR,Maternal II,65,543.0,1,0,0,1
2022,PIEDADE,Bercario,82,789.0,1,1,0,0
2022,PIEDADE,Maternal I,105,437.0,1,0,1,0
2022,PIEDADE,Maternal II,97,475.0,1,0,0,1
2022,PILARES,Bercario,97,483.0,1,1,0,0
2022,PILARES,Maternal I,72,317.0,1,0,1,0
2022,PILARES,Maternal II,52,307.0,1,0,0,1
2022,PITANGUEIRAS,Bercario,7,170.0,1,1,0,0
2022,PITANGUEIRAS,Maternal I,1,97.0,1,0,1,0
2022,PITANGUEIRAS,Maternal II,8,85.0,1,0,0,1
2022,PORTUGUESA,Bercario,60,307.0,1,1,0,0
2022,PORTUGUESA,Maternal I,32,176.0,1,0,1,0
2022,PORTUGUESA,Maternal II,24,143.0,1,0,0,1
2022,PRACA BANDEIRA,Bercario,15,144.0,1,1,0,0
2022,PRACA BANDEIRA,Maternal I,11,97.0,1,0,1,0
2022,PRACA BANDEIRA,Maternal II,10,68.0,1,0,0,1
2022,PRACA SECA,Bercario,175,1333.0,1,1,0,0
2022,PRACA SECA,Maternal I,175,713.0,1,0,1,0
2022,PRACA SECA,Maternal II,190,814.0,1,0,0,1
2022,PRAIA BANDEIRA,Bercario,5,73.0,1,1,0,0
2022,PRAIA BANDEIRA,Maternal I,2,29.0,1,0,1,0
2022,PRAIA BANDEIRA,Maternal II,6,45.0,1,0,0,1
2022,QUINTINO BOCAIUVA,Bercario,49,505.0,1,1,0,0
2022,QUINTINO BOCAIUVA,Maternal I,35,273.0,1,0,1,0
2022,QUINTINO BOCAIUVA,Maternal II,65,346.0,1,0,0,1
2022,RAMOS,Bercario,206,1486.0,1,1,0,0
2022,RAMOS,Maternal I,168,729.0,1,0,1,0
2022,RAMOS,Maternal II,198,633.0,1,0,0,1
2022,REALENGO,Bercario,619,3846.0,1,1,0,0
2022,REALENGO,Maternal I,577,2041.0,1,0,1,0
2022,REALENGO,Maternal II,408,2182.0,1,0,0,1
2022,RECREIO BANDEIRANTES,Bercario,228,2780.0,1,1,0,0
2022,RECREIO BANDEIRANTES,Maternal I,228,1457.0,1,0,1,0
2022,RECREIO BANDEIRANTES,Maternal II,155,1425.0,1,0,0,1
2022,RIACHUELO,Bercario,14,171.0,1,1,0,0
2022,RIACHUELO,Maternal I,7,99.0,1,0,1,0
2022,RIACHUELO,Maternal II,6,102.0,1,0,0,1
2022,RIBEIRA,Bercario,0,52.0,1,1,0,0
2022,RIBEIRA,Maternal I,2,25.0,1,0,1,0
2022,RIBEIRA,Maternal II,2,28.0,1,0,0,1
2022,RICARDO ALBUQUERQUE,Bercario,91,621.0,1,1,0,0
2022,RICARDO ALBUQUERQUE,Maternal I,110,330.0,1,0,1,0
2022,RICARDO ALBUQUERQUE,Maternal II,125,370.0,1,0,0,1
2022,RIO COMPRIDO,Bercario,226,800.0,1,1,0,0
2022,RIO COMPRIDO,Maternal I,128,495.0,1,0,1,0
2022,RIO COMPRIDO,Maternal II,68,510.0,1,0,0,1
2022,ROCHA,Bercario,78,314.0,1,1,0,0
2022,ROCHA,Maternal I,41,141.0,1,0,1,0
2022,ROCHA,Maternal II,19,146.0,1,0,0,1
2022,ROCHA MIRANDA,Bercario,101,866.0,1,1,0,0
2022,ROCHA MIRANDA,Maternal I,89,452.0,1,0,1,0
2022,ROCHA MIRANDA,Maternal II,123,548.0,1,0,0,1
2022,ROCINHA,Bercario,110,1528.0,1,1,0,0
2022,ROCINHA,Maternal I,49,880.0,1,0,1,0
2022,ROCINHA,Maternal II,62,950.0,1,0,0,1
2022,SAMPAIO,Bercario,71,246.0,1,1,0,0
2022,SAMPAIO,Maternal I,31,139.0,1,0,1,0
2022,SAMPAIO,Maternal II,32,163.0,1,0,0,1
2022,SANTA CRUZ,Bercario,948,6902.0,1,1,0,0
2022,SANTA CRUZ,Maternal I,992,3737.0,1,0,1,0
2022,SANTA CRUZ,Maternal II,568,3816.0,1,0,0,1
2022,SANTA TERESA,Bercario,176,755.0,1,1,0,0
2022,SANTA TERESA,Maternal I,134,399.0,1,0,1,0
2022,SANTA TERESA,Maternal II,84,438.0,1,0,0,1
2022,SANTISSIMO,Bercario,287,1379.0,1,1,0,0
2022,SANTISSIMO,Maternal I,263,717.0,1,0,1,0
2022,SANTISSIMO,Maternal II,203,761.0,1,0,0,1
2022,SANTO CRISTO,Bercario,87,347.0,1,1,0,0
2022,SANTO CRISTO,Maternal I,52,204.0,1,0,1,0
2022,SANTO CRISTO,Maternal II,40,215.0,1,0,0,1
2022,SAO CONRADO,Bercario,9,154.0,1,1,0,0
2022,SAO CONRADO,Maternal I,1,110.0,1,0,1,0
2022,SAO CONRADO,Maternal II,2,98.0,1,0,0,1
2022,SAO CRISTOVAO,Bercario,213,945.0,1,1,0,0
2022,SAO CRISTOVAO,Maternal I,199,557.0,1,0,1,0
2022,SAO CRISTOVAO,Maternal II,107,581.0,1,0,0,1
2022,SAO FRANCISCO XAVIER,Bercario,22,115.0,1,1,0,0
2022,SAO FRANCISCO XAVIER,Maternal I,6,63.0,1,0,1,0
2022,SAO FRANCISCO XAVIER,Maternal II,6,63.0,1,0,0,1
2022,SAUDE,Bercario,7,69.0,1,1,0,0
2022,SAUDE,Maternal I,7,51.0,1,0,1,0
2022,SAUDE,Maternal II,4,41.0,1,0,0,1
2022,SENADOR CAMARA,Bercario,353,2511.0,1,1,0,0
2022,SENADOR CAMARA,Maternal I,408,1193.0,1,0,1,0
2022,SENADOR CAMARA,Maternal II,352,1396.0,1,0,0,1
2022,SENADOR VASCONCELOS,Bercario,129,681.0,1,1,0,0
2022,SENADOR VASCONCELOS,Maternal I,121,306.0,1,0,1,0
2022,SENADOR VASCONCELOS,Maternal II,91,387.0,1,0,0,1
2022,SEPETIBA,Bercario,244,1546.0,1,1,0,0
2022,SEPETIBA,Maternal I,189,802.0,1,0,1,0
2022,SEPETIBA,Maternal II,121,833.0,1,0,0,1
2022,TANQUE,Bercario,142,920.0,1,1,0,0
2022,TANQUE,Maternal I,180,471.0,1,0,1,0
2022,TANQUE,Maternal II,130,580.0,1,0,0,1
2022,TAQUARA,Bercario,338,2780.0,1,1,0,0
2022,TAQUARA,Maternal I,384,1567.0,1,0,1,0
2022,TAQUARA,Maternal II,218,1544.0,1,0,0,1
2022,TAUA,Bercario,90,478.0,1,1,0,0
2022,TAUA,Maternal I,52,236.0,1,0,1,0
2022,TAUA,Maternal II,38,227.0,1,0,0,1
2022,TIJUCA,Bercario,306,2116.0,1,1,0,0
2022,TIJUCA,Maternal I,118,1311.0,1,0,1,0
2022,TIJUCA,Maternal II,90,1384.0,1,0,0,1
2022,TODOS OS SANTOS,Bercario,16,290.0,1,1,0,0
2022,TODOS OS SANTOS,Maternal I,13,137.0,1,0,1,0
2022,TODOS OS SANTOS,Maternal II,7,165.0,1,0,0,1
2022,TOMAS COELHO,Bercario,86,512.0,1,1,0,0
2022,TOMAS COELHO,Maternal I,90,235.0,1,0,1,0
2022,TOMAS COELHO,Maternal II,60,254.0,1,0,0,1
2022,TURIACU,Bercario,55,317.0,1,1,0,0
2022,TURIACU,Maternal I,54,149.0,1,0,1,0
2022,TURIACU,Maternal II,40,192.0,1,0,0,1
2022,URCA,Bercario,1,105.0,1,1,0,0
2022,URCA,Maternal I,2,43.0,1,0,1,0
2022,URCA,Maternal II,14,68.0,1,0,0,1
2022,VARGEM GRANDE,Bercario,41,566.0,1,1,0,0
2022,VARGEM GRANDE,Maternal I,80,288.0,1,0,1,0
2022,VARGEM GRANDE,Maternal II,31,321.0,1,0,0,1
2022,VARGEM PEQUENA,Bercario,67,817.0,1,1,0,0
2022,VARGEM PEQUENA,Maternal I,78,384.0,1,0,1,0
2022,VARGEM PEQUENA,Maternal II,46,425.0,1,0,0,1
2022,VASCO GAMA,Bercario,13,144.0,1,1,0,0
2022,VASCO GAMA,Maternal I,8,38.0,1,0,1,0
2022,VASCO GAMA,Maternal II,9,79.0,1,0,0,1
2022,VAZ LOBO,Bercario,88,387.0,1,1,0,0
2022,VAZ LOBO,Maternal I,55,207.0,1,0,1,0
2022,VAZ LOBO,Maternal II,47,213.0,1,0,0,1
2022,VICENTE CARVALHO,Bercario,93,461.0,1,1,0,0
2022,VICENTE CARVALHO,Maternal I,87,303.0,1,0,1,0
2022,VICENTE CARVALHO,Maternal II,72,324.0,1,0,0,1
2022,VIDIGAL,Bercario,108,343.0,1,1,0,0
2022,VIDIGAL,Maternal I,43,202.0,1,0,1,0
2022,VIDIGAL,Maternal II,35,236.0,1,0,0,1
2022,VIGARIO GERAL,Bercario,101,773.0,1,1,0,0
2022,VIGARIO GERAL,Maternal I,87,367.0,1,0,1,0
2022,VIGARIO GERAL,Maternal II,79,409.0,1,0,0,1
2022,VILA ISABEL,Bercario,213,1130.0,1,1,0,0
2022,VILA ISABEL,Maternal I,52,559.0,1,0,1,0
2022,VILA ISABEL,Maternal II,48,665.0,1,0,0,1
2022,VILA KENNEDY,Bercario,0,334.0,1,1,0,0
2022,VILA KENNEDY,Maternal I,0,222.0,1,0,1,0
2022,VILA KENNEDY,Maternal II,1,309.0,1,0,0,1
2022,VILA KOSMOS,Bercario,30,249.0,1,1,0,0
2022,VILA KOSMOS,Maternal I,47,101.0,1,0,1,0
2022,VILA KOSMOS,Maternal II,40,168.0,1,0,0,1
2022,VILA MILITAR,Bercario,11,301.0,1,1,0,0
2022,VILA MILITAR,Maternal I,16,107.0,1,0,1,0
2022,VILA MILITAR,Maternal II,16,172.0,1,0,0,1
2022,VILA PENHA,Bercario,29,423.0,1,1,0,0
2022,VILA PENHA,Maternal I,40,317.0,1,0,1,0
2022,VILA PENHA,Maternal II,28,247.0,1,0,0,1
2022,VILA VALQUEIRE,Bercario,34,565.0,1,1,0,0
2022,VILA VALQUEIRE,Maternal I,82,327.0,1,0,1,0
2022,VILA VALQUEIRE,Maternal II,61,385.0,1,0,0,1
2022,VISTA ALEGRE,Bercario,14,142.0,1,1,0,0
2022,VISTA ALEGRE,Maternal I,23,120.0,1,0,1,0
2022,VISTA ALEGRE,Maternal II,19,91.0,1,0,0,1
2022,ZUMBI,Bercario,1,39.0,1,1,0,0
2022,ZUMBI,Maternal I,0,15.0,1,0,1,0
2022,ZUMBI,Maternal II,0,19.0,1,0,0,1
2023,ABOLICAO,Bercario,12,170.0,2,2,0,0
2023,ABOLICAO,Maternal I,7,80.0,2,0,2,0
2023,ABOLICAO,Maternal II,8,113.0,2,0,0,2
2023,ACARI,Bercario,221,805.0,2,2,0,0
2023,ACARI,Maternal I,163,407.0,2,0,2,0
2023,ACARI,Maternal II,75,410.0,2,0,0,2
2023,AGUA SANTA,Bercario,3,129.0,2,2,0,0
2023,AGUA SANTA,Maternal I,15,69.0,2,0,2,0
2023,AGUA SANTA,Maternal II,10,79.0,2,0,0,2
2023,ALTO BOA VISTA,Bercario,38,172.0,2,2,0,0
2023,ALTO BOA VISTA,Maternal I,12,92.0,2,0,2,0
2023,ALTO BOA VISTA,Maternal II,13,104.0,2,0,0,2
2023,ANCHIETA,Bercario,218,1440.0,2,2,0,0
2023,ANCHIETA,Maternal I,175,826.0,2,0,2,0
2023,ANCHIETA,Maternal II,133,943.0,2,0,0,2
2023,ANDARAI,Bercario,66,508.0,2,2,0,0
2023,ANDARAI,Maternal I,24,296.0,2,0,2,0
2023,ANDARAI,Maternal II,17,280.0,2,0,0,2
2023,ANIL,Bercario,310,826.0,2,2,0,0
2023,ANIL,Maternal I,375,444.0,2,0,2,0
2023,ANIL,Maternal II,359,420.0,2,0,0,2
2023,ARGENTINO,Bercario,0,0.0,2,2,0,0
2023,ARGENTINO,Maternal I,0,0.0,2,0,2,0
2023,ARGENTINO,Maternal II,0,0.0,2,0,0,2
2023,BANCARIOS,Bercario,56,325.0,2,2,0,0
2023,BANCARIOS,Maternal I,36,159.0,2,0,2,0
2023,BANCARIOS,Maternal II,31,146.0,2,0,0,2
2023,BANGU,Bercario,1009,5030.0,2,2,0,0
2023,BANGU,Maternal I,840,2676.0,2,0,2,0
2023,BANGU,Maternal II,539,2744.0,2,0,0,2
2023,BARRA GUARATIBA,Bercario,3,128.0,2,2,0,0
2023,BARRA GUARATIBA,Maternal I,2,79.0,2,0,2,0
2023,BARRA GUARATIBA,Maternal II,3,58.0,2,0,0,2
2023,BARRA OLIMPICA,Bercario,0,0.0,2,2,0,0
2023,BARRA OLIMPICA,Maternal I,0,0.0,2,0,2,0
2023,BARRA OLIMPICA,Maternal II,0,0.0,2,0,0,2
2023,BARRA TIJUCA,Bercario,57,2406.0,2,2,0,0
2023,BARRA TIJUCA,Maternal I,49,1229.0,2,0,2,0
2023,BARRA TIJUCA,Maternal II,36,1343.0,2,0,0,2
2023,BARROS FILHO,Bercario,71,411.0,2,2,0,0
2023,BARROS FILHO,Maternal I,67,253.0,2,0,2,0
2023,BARROS FILHO,Maternal II,48,235.0,2,0,0,2
2023,BENFICA,Bercario,224,694.0,2,2,0,0
2023,BENFICA,Maternal I,165,426.0,2,0,2,0
2023,BENFICA,Maternal II,138,542.0,2,0,0,2
2023,BENTO RIBEIRO,Bercario,43,651.0,2,2,0,0
2023,BENTO RIBEIRO,Maternal I,64,414.0,2,0,2,0
2023,BENTO RIBEIRO,Maternal II,72,417.0,2,0,0,2
2023,BONSUCESSO,Bercario,227,1326.0,2,2,0,0
2023,BONSUCESSO,Maternal I,165,796.0,2,0,2,0
2023,BONSUCESSO,Maternal II,88,885.0,2,0,0,2
2023,BOTAFOGO,Bercario,38,1138.0,2,2,0,0
2023,BOTAFOGO,Maternal I,36,584.0,2,0,2,0
2023,BOTAFOGO,Maternal II,25,663.0,2,0,0,2
2023,BRAS PINA,Bercario,34,869.0,2,2,0,0
2023,BRAS PINA,Maternal I,43,459.0,2,0,2,0
2023,BRAS PINA,Maternal II,24,476.0,2,0,0,2
2023,CACHAMBI,Bercario,19,622.0,2,2,0,0
2023,CACHAMBI,Maternal I,27,330.0,2,0,2,0
2023,CACHAMBI,Maternal II,11,341.0,2,0,0,2
2023,CACUIA,Bercario,17,172.0,2,2,0,0
2023,CACUIA,Maternal I,12,107.0,2,0,2,0
2023,CACUIA,Maternal II,18,95.0,2,0,0,2
2023,CAJU,Bercario,178,668.0,2,2,0,0
2023,CAJU,Maternal I,122,347.0,2,0,2,0
2023,CAJU,Maternal II,85,391.0,2,0,0,2
2023,CAMORIM,Bercario,114,208.0,2,2,0,0
2023,CAMORIM,Maternal I,88,89.0,2,0,2,0
2023,CAMORIM,Maternal II,50,134.0,2,0,0,2
2023,CAMPINHO,Bercario,20,213.0,2,2,0,0
2023,CAMPINHO,Maternal I,15,144.0,2,0,2,0
2023,CAMPINHO,Maternal II,39,171.0,2,0,0,2
2023,CAMPO AFONSOS,Bercario,1,60.0,2,2,0,0
2023,CAMPO AFONSOS,Maternal I,3,30.0,2,0,2,0
2023,CAMPO AFONSOS,Maternal II,2,18.0,2,0,0,2
2023,CAMPO GRANDE,Bercario,1375,8055.0,2,2,0,0
2023,CAMPO GRANDE,Maternal I,1279,4561.0,2,0,2,0
2023,CAMPO GRANDE,Maternal II,891,4851.0,2,0,0,2
2023,CASCADURA,Bercario,108,598.0,2,2,0,0
2023,CASCADURA,Maternal I,81,329.0,2,0,2,0
2023,CASCADURA,Maternal II,75,378.0,2,0,0,2
2023,CATETE,Bercario,40,334.0,2,2,0,0
2023,CATETE,Maternal I,22,175.0,2,0,2,0
2023,CATETE,Maternal II,10,184.0,2,0,0,2
2023,CATUMBI,Bercario,128,329.0,2,2,0,0
2023,CATUMBI,Maternal I,63,171.0,2,0,2,0
2023,CATUMBI,Maternal II,33,210.0,2,0,0,2
2023,CAVALCANTE,Bercario,91,320.0,2,2,0,0
2023,CAVALCANTE,Maternal I,47,192.0,2,0,2,0
2023,CAVALCANTE,Maternal II,39,194.0,2,0,0,2
2023,CENTRO,Bercario,126,494.0,2,2,0,0
2023,CENTRO,Maternal I,95,271.0,2,0,2,0
2023,CENTRO,Maternal II,78,325.0,2,0,0,2
2023,CIDADE DEUS,Bercario,227,1244.0,2,2,0,0
2023,CIDADE DEUS,Maternal I,382,762.0,2,0,2,0
2023,CIDADE DEUS,Maternal II,154,720.0,2,0,0,2
2023,CIDADE NOVA,Bercario,28,106.0,2,2,0,0
2023,CIDADE NOVA,Maternal I,28,53.0,2,0,2,0
2023,CIDADE NOVA,Maternal II,8,73.0,2,0,0,2
2023,CIDADE UNIVERSITARIA,Bercario,0,25.0,2,2,0,0
2023,CIDADE UNIVERSITARIA,Maternal I,0,10.0,2,0,2,0
2023,CIDADE UNIVERSITARIA,Maternal II,2,26.0,2,0,0,2
2023,COCOTA,Bercario,18,122.0,2,2,0,0
2023,COCOTA,Maternal I,4,73.0,2,0,2,0
2023,COCOTA,Maternal II,7,77.0,2,0,0,2
2023,COELHO NETO,Bercario,154,586.0,2,2,0,0
2023,COELHO NETO,Maternal I,133,315.0,2,0,2,0
2023,COELHO NETO,Maternal II,84,382.0,2,0,0,2
2023,COLEGIO,Bercario,88,704.0,2,2,0,0
2023,COLEGIO,Maternal I,39,346.0,2,0,2,0
2023,COLEGIO,Maternal II,102,351.0,2,0,0,2
2023,COMPLEXO ALEMAO,Bercario,0,445.0,2,2,0,0
2023,COMPLEXO ALEMAO,Maternal I,1,151.0,2,0,2,0
2023,COMPLEXO ALEMAO,Maternal II,1,427.0,2,0,0,2
2023,COMPLEXO MARE,Bercario,447,2417.0,2,2,0,0
2023,COMPLEXO MARE,Maternal I,334,1185.0,2,0,2,0
2023,COMPLEXO MARE,Maternal II,229,1259.0,2,0,0,2
2023,COPACABANA,Bercario,214,1739.0,2,2,0,0
2023,COPACABANA,Maternal I,90,872.0,2,0,2,0
2023,COPACABANA,Maternal II,61,1059.0,2,0,0,2
2023,CORDOVIL,Bercario,93,791.0,2,2,0,0
2023,CORDOVIL,Maternal I,42,424.0,2,0,2,0
2023,CORDOVIL,Maternal II,57,424.0,2,0,0,2
2023,COSME VELHO,Bercario,32,139.0,2,2,0,0
2023,COSME VELHO,Maternal I,3,92.0,2,0,2,0
2023,COSME VELHO,Maternal II,1,67.0,2,0,0,2
2023,COSMOS,Bercario,346,2213.0,2,2,0,0
2023,COSMOS,Maternal I,337,1173.0,2,0,2,0
2023,COSMOS,Maternal II,204,1091.0,2,0,0,2
2023,COSTA BARROS,Bercario,349,1078.0,2,2,0,0
2023,COSTA BARROS,Maternal I,229,650.0,2,0,2,0
2023,COSTA BARROS,Maternal II,174,552.0,2,0,0,2
2023,CURICICA,Bercario,235,1337.0,2,2,0,0
2023,CURICICA,Maternal I,188,682.0,2,0,2,0
2023,CURICICA,Maternal II,194,899.0,2,0,0,2
2023,DEL CASTILHO,Bercario,109,503.0,2,2,0,0
2023,DEL CASTILHO,Maternal I,39,241.0,2,0,2,0
2023,DEL CASTILHO,Maternal II,20,303.0,2,0,0,2
2023,DEODORO,Bercario,75,289.0,2,2,0,0
2023,DEODORO,Maternal I,59,135.0,2,0,2,0
2023,DEODORO,Maternal II,61,136.0,2,0,0,2
2023,ENCANTADO,Bercario,15,187.0,2,2,0,0
2023,ENCANTADO,Maternal I,22,108.0,2,0,2,0
2023,ENCANTADO,Maternal II,20,109.0,2,0,0,2
2023,ENGENHEIRO LEAL,Bercario,9,127.0,2,2,0,0
2023,ENGENHEIRO LEAL,Maternal I,11,75.0,2,0,2,0
2023,ENGENHEIRO LEAL,Maternal II,27,71.0,2,0,0,2
2023,ENGENHO DENTRO,Bercario,58,817.0,2,2,0,0
2023,ENGENHO DENTRO,Maternal I,75,494.0,2,0,2,0
2023,ENGENHO DENTRO,Maternal II,48,515.0,2,0,0,2
2023,ENGENHO NOVO,Bercario,205,864.0,2,2,0,0
2023,ENGENHO NOVO,Maternal I,69,464.0,2,0,2,0
2023,ENGENHO NOVO,Maternal II,44,510.0,2,0,0,2
2023,ENGENHO RAINHA,Bercario,79,525.0,2,2,0,0
2023,ENGENHO RAINHA,Maternal I,53,267.0,2,0,2,0
2023,ENGENHO RAINHA,Maternal II,20,284.0,2,0,0,2
2023,ESTACIO,Bercario,135,375.0,2,2,0,0
2023,ESTACIO,Maternal I,83,206.0,2,0,2,0
2023,ESTACIO,Maternal II,34,233.0,2,0,0,2
2023,FLAMENGO,Bercario,35,560.0,2,2,0,0
2023,FLAMENGO,Maternal I,23,279.0,2,0,2,0
2023,FLAMENGO,Maternal II,13,366.0,2,0,0,2
2023,FREGUESIA ILHA,Bercario,76,410.0,2,2,0,0
2023,FREGUESIA ILHA,Maternal I,53,191.0,2,0,2,0
2023,FREGUESIA ILHA,Maternal II,28,191.0,2,0,0,2
2023,FREGUESIA JPA,Bercario,81,1245.0,2,2,0,0
2023,FREGUESIA JPA,Maternal I,98,708.0,2,0,2,0
2023,FREGUESIA JPA,Maternal II,23,730.0,2,0,0,2
2023,GALEAO,Bercario,122,712.0,2,2,0,0
2023,GALEAO,Maternal I,102,350.0,2,0,2,0
2023,GALEAO,Maternal II,88,332.0,2,0,0,2
2023,GAMBOA,Bercario,44,282.0,2,2,0,0
2023,GAMBOA,Maternal I,34,154.0,2,0,2,0
2023,GAMBOA,Maternal II,36,154.0,2,0,0,2
2023,GARDENIA AZUL,Bercario,229,990.0,2,2,0,0
2023,GARDENIA AZUL,Maternal I,178,561.0,2,0,2,0
2023,GARDENIA AZUL,Maternal II,95,554.0,2,0,0,2
2023,GAVEA,Bercario,105,338.0,2,2,0,0
2023,GAVEA,Maternal I,46,147.0,2,0,2,0
2023,GAVEA,Maternal II,36,187.0,2,0,0,2
2023,GERICINO,Bercario,0,12.0,2,2,0,0
2023,GERICINO,Maternal I,0,1.0,2,0,2,0
2023,GERICINO,Maternal II,0,3.0,2,0,0,2
2023,GLORIA,Bercario,29,113.0,2,2,0,0
2023,GLORIA,Maternal I,28,78.0,2,0,2,0
2023,GLORIA,Maternal II,13,141.0,2,0,0,2
2023,GRAJAU,Bercario,83,465.0,2,2,0,0
2023,GRAJAU,Maternal I,28,252.0,2,0,2,0
2023,GRAJAU,Maternal II,17,313.0,2,0,0,2
2023,GRUMARI,Bercario,0,7.0,2,2,0,0
2023,GRUMARI,Maternal I,0,5.0,2,0,2,0
2023,GRUMARI,Maternal II,0,3.0,2,0,0,2
2023,GUADALUPE,Bercario,99,982.0,2,2,0,0
2023,GUADALUPE,Maternal I,127,522.0,2,0,2,0
2023,GUADALUPE,Maternal II,114,599.0,2,0,0,2
2023,GUARATIBA,Bercario,518,3693.0,2,2,0,0
2023,GUARATIBA,Maternal I,451,1934.0,2,0,2,0
2023,GUARATIBA,Maternal II,378,1851.0,2,0,0,2
2023,HIGIENOPOLIS,Bercario,11,216.0,2,2,0,0
2023,HIGIENOPOLIS,Maternal I,9,118.0,2,0,2,0
2023,HIGIENOPOLIS,Maternal II,6,135.0,2,0,0,2
2023,HONORIO GURGEL,Bercario,79,453.0,2,2,0,0
2023,HONORIO GURGEL,Maternal I,59,255.0,2,0,2,0
2023,HONORIO GURGEL,Maternal II,46,281.0,2,0,0,2
2023,HUMAITA,Bercario,4,160.0,2,2,0,0
2023,HUMAITA,Maternal I,2,96.0,2,0,2,0
2023,HUMAITA,Maternal II,3,127.0,2,0,0,2
2023,ILHA GUARATIBA,Bercario,2,0.0,2,2,0,0
2023,ILHA GUARATIBA,Maternal I,0,0.0,2,0,2,0
2023,ILHA GUARATIBA,Maternal II,0,0.0,2,0,0,2
2023,INHAUMA,Bercario,268,1313.0,2,2,0,0
2023,INHAUMA,Maternal I,152,850.0,2,0,2,0
2023,INHAUMA,Maternal II,101,778.0,2,0,0,2
2023,INHOAIBA,Bercario,344,1755.0,2,2,0,0
2023,INHOAIBA,Maternal I,283,920.0,2,0,2,0
2023,INHOAIBA,Maternal II,173,929.0,2,0,0,2
2023,IPANEMA,Bercario,8,537.0,2,2,0,0
2023,IPANEMA,Maternal I,0,254.0,2,0,2,0
2023,IPANEMA,Maternal II,5,275.0,2,0,0,2
2023,IRAJA,Bercario,175,1676.0,2,2,0,0
2023,IRAJA,Maternal I,107,847.0,2,0,2,0
2023,IRAJA,Maternal II,91,923.0,2,0,0,2
2023,ITANHANGA,Bercario,199,1483.0,2,2,0,0
2023,ITANHANGA,Maternal I,271,709.0,2,0,2,0
2023,ITANHANGA,Maternal II,303,763.0,2,0,0,2
2023,JABOUR,Bercario,0,1.0,2,2,0,0
2023,JABOUR,Maternal I,0,0.0,2,0,2,0
2023,JABOUR,Maternal II,0,0.0,2,0,0,2
2023,JACARE,Bercario,193,604.0,2,2,0,0
2023,JACARE,Maternal I,84,332.0,2,0,2,0
2023,JACARE,Maternal II,72,249.0,2,0,0,2
2023,JACAREPAGUA,Bercario,518,4503.0,2,2,0,0
2023,JACAREPAGUA,Maternal I,492,2413.0,2,0,2,0
2023,JACAREPAGUA,Maternal II,396,2241.0,2,0,0,2
2023,JACAREZINHO,Bercario,25,365.0,2,2,0,0
2023,JACAREZINHO,Maternal I,9,205.0,2,0,2,0
2023,JACAREZINHO,Maternal II,4,277.0,2,0,0,2
2023,JARDIM AMERICA,Bercario,96,595.0,2,2,0,0
2023,JARDIM AMERICA,Maternal I,87,353.0,2,0,2,0
2023,JARDIM AMERICA,Maternal II,38,384.0,2,0,0,2
2023,JARDIM BOTANICO,Bercario,2,230.0,2,2,0,0
2023,JARDIM BOTANICO,Maternal I,0,122.0,2,0,2,0
2023,JARDIM BOTANICO,Maternal II,0,140.0,2,0,0,2
2023,JARDIM CARIOCA,Bercario,42,428.0,2,2,0,0
2023,JARDIM CARIOCA,Maternal I,31,237.0,2,0,2,0
2023,JARDIM CARIOCA,Maternal II,17,226.0,2,0,0,2
2023,JARDIM GUANABARA,Bercario,8,394.0,2,2,0,0
2023,JARDIM GUANABARA,Maternal I,2,175.0,2,0,2,0
2023,JARDIM GUANABARA,Maternal II,3,209.0,2,0,0,2
2023,JARDIM SULACAP,Bercario,18,374.0,2,2,0,0
2023,JARDIM SULACAP,Maternal I,16,198.0,2,0,2,0
2023,JARDIM SULACAP,Maternal II,18,197.0,2,0,0,2
2023,JOA,Bercario,1,19.0,2,2,0,0
2023,JOA,Maternal I,0,4.0,2,0,2,0
2023,JOA,Maternal II,1,5.0,2,0,0,2
2023,LAGOA,Bercario,0,265.0,2,2,0,0
2023,LAGOA,Maternal I,1,148.0,2,0,2,0
2023,LAGOA,Maternal II,2,146.0,2,0,0,2
2023,LAPA,Bercario,0,49.0,2,2,0,0
2023,LAPA,Maternal I,0,49.0,2,0,2,0
2023,LAPA,Maternal II,0,33.0,2,0,0,2
2023,LARANJEIRAS,Bercario,37,565.0,2,2,0,0
2023,LARANJEIRAS,Maternal I,21,273.0,2,0,2,0
2023,LARANJEIRAS,Maternal II,15,315.0,2,0,0,2
2023,LEBLON,Bercario,5,555.0,2,2,0,0
2023,LEBLON,Maternal I,2,287.0,2,0,2,0
2023,LEBLON,Maternal II,1,315.0,2,0,0,2
2023,LEME,Bercario,30,198.0,2,2,0,0
2023,LEME,Maternal I,6,118.0,2,0,2,0
2023,LEME,Maternal II,14,120.0,2,0,0,2
2023,LINS VASCONCELOS,Bercario,156,720.0,2,2,0,0
2023,LINS VASCONCELOS,Maternal I,44,398.0,2,0,2,0
2023,LINS VASCONCELOS,Maternal II,28,418.0,2,0,0,2
2023,MADUREIRA,Bercario,175,931.0,2,2,0,0
2023,MADUREIRA,Maternal I,95,543.0,2,0,2,0
2023,MADUREIRA,Maternal II,86,626.0,2,0,0,2
2023,MAGALHAES BASTOS,Bercario,52,433.0,2,2,0,0
2023,MAGALHAES BASTOS,Maternal I,33,242.0,2,0,2,0
2023,MAGALHAES BASTOS,Maternal II,31,270.0,2,0,0,2
2023,MANGUEIRA,Bercario,174,486.0,2,2,0,0
2023,MANGUEIRA,Maternal I,61,239.0,2,0,2,0
2023,MANGUEIRA,Maternal II,33,266.0,2,0,0,2
2023,MANGUINHOS,Bercario,71,776.0,2,2,0,0
2023,MANGUINHOS,Maternal I,76,441.0,2,0,2,0
2023,MANGUINHOS,Maternal II,54,414.0,2,0,0,2
2023,MARACANA,Bercario,27,314.0,2,2,0,0
2023,MARACANA,Maternal I,10,173.0,2,0,2,0
2023,MARACANA,Maternal II,9,188.0,2,0,0,2
2023,MARECHAL HERMES,Bercario,58,779.0,2,2,0,0
2023,MARECHAL HERMES,Maternal I,90,443.0,2,0,2,0
2023,MARECHAL HERMES,Maternal II,94,413.0,2,0,0,2
2023,MARIA GRACA,Bercario,9,118.0,2,2,0,0
2023,MARIA GRACA,Maternal I,1,50.0,2,0,2,0
2023,MARIA GRACA,Maternal II,1,55.0,2,0,0,2
2023,MEIER,Bercario,28,501.0,2,2,0,0
2023,MEIER,Maternal I,14,246.0,2,0,2,0
2023,MEIER,Maternal II,12,356.0,2,0,0,2
2023,MONERO,Bercario,3,54.0,2,2,0,0
2023,MONERO,Maternal I,3,28.0,2,0,2,0
2023,MONERO,Maternal II,3,29.0,2,0,0,2
2023,OLARIA,Bercario,99,966.0,2,2,0,0
2023,OLARIA,Maternal I,56,483.0,2,0,2,0
2023,OLARIA,Maternal II,39,522.0,2,0,0,2
2023,OSWALDO CRUZ,Bercario,29,530.0,2,2,0,0
2023,OSWALDO CRUZ,Maternal I,41,268.0,2,0,2,0
2023,OSWALDO CRUZ,Maternal II,70,306.0,2,0,0,2
2023,PACIENCIA,Bercario,494,2661.0,2,2,0,0
2023,PACIENCIA,Maternal I,460,1437.0,2,0,2,0
2023,PACIENCIA,Maternal II,225,1386.0,2,0,0,2
2023,PADRE MIGUEL,Bercario,107,1114.0,2,2,0,0
2023,PADRE MIGUEL,Maternal I,164,635.0,2,0,2,0
2023,PADRE MIGUEL,Maternal II,105,771.0,2,0,0,2
2023,PAQUETA,Bercario,26,75.0,2,2,0,0
2023,PAQUETA,Maternal I,8,31.0,2,0,2,0
2023,PAQUETA,Maternal II,14,50.0,2,0,0,2
2023,PARADA LUCAS,Bercario,18,592.0,2,2,0,0
2023,PARADA LUCAS,Maternal I,30,280.0,2,0,2,0
2023,PARADA LUCAS,Maternal II,20,318.0,2,0,0,2
2023,PARQUE ANCHIETA,Bercario,15,337.0,2,2,0,0
2023,PARQUE ANCHIETA,Maternal I,50,208.0,2,0,2,0
2023,PARQUE ANCHIETA,Maternal II,29,169.0,2,0,0,2
2023,PARQUE COLUMBIA,Bercario,23,76.0,2,2,0,0
2023,PARQUE COLUMBIA,Maternal I,21,41.0,2,0,2,0
2023,PARQUE COLUMBIA,Maternal II,7,57.0,2,0,0,2
2023,PAVUNA,Bercario,431,1741.0,2,2,0,0
2023,PAVUNA,Maternal I,307,984.0,2,0,2,0
2023,PAVUNA,Maternal II,173,1033.0,2,0,0,2
2023,PECHINCHA,Bercario,28,796.0,2,2,0,0
2023,PECHINCHA,Maternal I,25,426.0,2,0,2,0
2023,PECHINCHA,Maternal II,22,423.0,2,0,0,2
2023,PEDRA GUARATIBA,Bercario,42,894.0,2,2,0,0
2023,PEDRA GUARATIBA,Maternal I,45,462.0,2,0,2,0
2023,PEDRA GUARATIBA,Maternal II,32,555.0,2,0,0,2
2023,PENHA,Bercario,181,1429.0,2,2,0,0
2023,PENHA,Maternal I,95,819.0,2,0,2,0
2023,PENHA,Maternal II,61,914.0,2,0,0,2
2023,PENHA CIRCULAR,Bercario,127,743.0,2,2,0,0
2023,PENHA CIRCULAR,Maternal I,48,418.0,2,0,2,0
2023,PENHA CIRCULAR,Maternal II,47,374.0,2,0,0,2
2023,PIEDADE,Bercario,62,715.0,2,2,0,0
2023,PIEDADE,Maternal I,68,421.0,2,0,2,0
2023,PIEDADE,Maternal II,60,437.0,2,0,0,2
2023,PILARES,Bercario,84,460.0,2,2,0,0
2023,PILARES,Maternal I,38,252.0,2,0,2,0
2023,PILARES,Maternal II,19,317.0,2,0,0,2
2023,PITANGUEIRAS,Bercario,3,179.0,2,2,0,0
2023,PITANGUEIRAS,Maternal I,3,80.0,2,0,2,0
2023,PITANGUEIRAS,Maternal II,4,97.0,2,0,0,2
2023,PORTUGUESA,Bercario,45,314.0,2,2,0,0
2023,PORTUGUESA,Maternal I,38,147.0,2,0,2,0
2023,PORTUGUESA,Maternal II,25,176.0,2,0,0,2
2023,PRACA BANDEIRA,Bercario,10,130.0,2,2,0,0
2023,PRACA BANDEIRA,Maternal I,14,74.0,2,0,2,0
2023,PRACA BANDEIRA,Maternal II,8,97.0,2,0,0,2
2023,PRACA SECA,Bercario,113,1237.0,2,2,0,0
2023,PRACA SECA,Maternal I,130,664.0,2,0,2,0
2023,PRACA SECA,Maternal II,88,713.0,2,0,0,2
2023,PRAIA BANDEIRA,Bercario,1,56.0,2,2,0,0
2023,PRAIA BANDEIRA,Maternal I,0,33.0,2,0,2,0
2023,PRAIA BANDEIRA,Maternal II,4,29.0,2,0,0,2
2023,QUINTINO BOCAIUVA,Bercario,36,478.0,2,2,0,0
2023,QUINTINO BOCAIUVA,Maternal I,26,270.0,2,0,2,0
2023,QUINTINO BOCAIUVA,Maternal II,53,273.0,2,0,0,2
2023,RAMOS,Bercario,126,1503.0,2,2,0,0
2023,RAMOS,Maternal I,90,844.0,2,0,2,0
2023,RAMOS,Maternal II,121,729.0,2,0,0,2
2023,REALENGO,Bercario,461,3567.0,2,2,0,0
2023,REALENGO,Maternal I,388,1969.0,2,0,2,0
2023,REALENGO,Maternal II,211,2041.0,2,0,0,2
2023,RECREIO BANDEIRANTES,Bercario,179,2699.0,2,2,0,0
2023,RECREIO BANDEIRANTES,Maternal I,205,1405.0,2,0,2,0
2023,RECREIO BANDEIRANTES,Maternal II,154,1457.0,2,0,0,2
2023,RIACHUELO,Bercario,16,140.0,2,2,0,0
2023,RIACHUELO,Maternal I,11,94.0,2,0,2,0
2023,RIACHUELO,Maternal II,2,99.0,2,0,0,2
2023,RIBEIRA,Bercario,3,42.0,2,2,0,0
2023,RIBEIRA,Maternal I,3,31.0,2,0,2,0
2023,RIBEIRA,Maternal II,0,25.0,2,0,0,2
2023,RICARDO ALBUQUERQUE,Bercario,85,597.0,2,2,0,0
2023,RICARDO ALBUQUERQUE,Maternal I,99,310.0,2,0,2,0
2023,RICARDO ALBUQUERQUE,Maternal II,73,330.0,2,0,0,2
2023,RIO COMPRIDO,Bercario,191,782.0,2,2,0,0
2023,RIO COMPRIDO,Maternal I,89,416.0,2,0,2,0
2023,RIO COMPRIDO,Maternal II,63,495.0,2,0,0,2
2023,ROCHA,Bercario,77,342.0,2,2,0,0
2023,ROCHA,Maternal I,53,158.0,2,0,2,0
2023,ROCHA,Maternal II,42,141.0,2,0,0,2
2023,ROCHA MIRANDA,Bercario,92,804.0,2,2,0,0
2023,ROCHA MIRANDA,Maternal I,67,422.0,2,0,2,0
2023,ROCHA MIRANDA,Maternal II,66,452.0,2,0,0,2
2023,ROCINHA,Bercario,94,1449.0,2,2,0,0
2023,ROCINHA,Maternal I,44,814.0,2,0,2,0
2023,ROCINHA,Maternal II,42,880.0,2,0,0,2
2023,SAMPAIO,Bercario,71,249.0,2,2,0,0
2023,SAMPAIO,Maternal I,29,125.0,2,0,2,0
2023,SAMPAIO,Maternal II,15,139.0,2,0,0,2
2023,SANTA CRUZ,Bercario,682,6581.0,2,2,0,0
2023,SANTA CRUZ,Maternal I,737,3472.0,2,0,2,0
2023,SANTA CRUZ,Maternal II,361,3737.0,2,0,0,2
2023,SANTA TERESA,Bercario,169,719.0,2,2,0,0
2023,SANTA TERESA,Maternal I,114,388.0,2,0,2,0
2023,SANTA TERESA,Maternal II,67,399.0,2,0,0,2
2023,SANTISSIMO,Bercario,242,1179.0,2,2,0,0
2023,SANTISSIMO,Maternal I,273,717.0,2,0,2,0
2023,SANTISSIMO,Maternal II,142,717.0,2,0,0,2
2023,SANTO CRISTO,Bercario,42,325.0,2,2,0,0
2023,SANTO CRISTO,Maternal I,31,173.0,2,0,2,0
2023,SANTO CRISTO,Maternal II,31,204.0,2,0,0,2
2023,SAO CONRADO,Bercario,8,160.0,2,2,0,0
2023,SAO CONRADO,Maternal I,3,78.0,2,0,2,0
2023,SAO CONRADO,Maternal II,0,110.0,2,0,0,2
2023,SAO CRISTOVAO,Bercario,182,870.0,2,2,0,0
2023,SAO CRISTOVAO,Maternal I,143,505.0,2,0,2,0
2023,SAO CRISTOVAO,Maternal II,110,557.0,2,0,0,2
2023,SAO FRANCISCO XAVIER,Bercario,17,115.0,2,2,0,0
2023,SAO FRANCISCO XAVIER,Maternal I,8,60.0,2,0,2,0
2023,SAO FRANCISCO XAVIER,Maternal II,6,63.0,2,0,0,2
2023,SAUDE,Bercario,4,51.0,2,2,0,0
2023,SAUDE,Maternal I,6,37.0,2,0,2,0
2023,SAUDE,Maternal II,8,51.0,2,0,0,2
2023,SENADOR CAMARA,Bercario,375,2346.0,2,2,0,0
2023,SENADOR CAMARA,Maternal I,432,1308.0,2,0,2,0
2023,SENADOR CAMARA,Maternal II,312,1193.0,2,0,0,2
2023,SENADOR VASCONCELOS,Bercario,120,648.0,2,2,0,0
2023,SENADOR VASCONCELOS,Maternal I,131,339.0,2,0,2,0
2023,SENADOR VASCONCELOS,Maternal II,86,306.0,2,0,0,2
2023,SEPETIBA,Bercario,124,1463.0,2,2,0,0
2023,SEPETIBA,Maternal I,146,797.0,2,0,2,0
2023,SEPETIBA,Maternal II,84,802.0,2,0,0,2
2023,TANQUE,Bercario,89,823.0,2,2,0,0
2023,TANQUE,Maternal I,130,478.0,2,0,2,0
2023,TANQUE,Maternal II,67,471.0,2,0,0,2
2023,TAQUARA,Bercario,294,2599.0,2,2,0,0
2023,TAQUARA,Maternal I,284,1489.0,2,0,2,0
2023,TAQUARA,Maternal II,193,1567.0,2,0,0,2
2023,TAUA,Bercario,91,466.0,2,2,0,0
2023,TAUA,Maternal I,57,216.0,2,0,2,0
2023,TAUA,Maternal II,23,236.0,2,0,0,2
2023,TIJUCA,Bercario,237,2025.0,2,2,0,0
2023,TIJUCA,Maternal I,123,1118.0,2,0,2,0
2023,TIJUCA,Maternal II,75,1311.0,2,0,0,2
2023,TODOS OS SANTOS,Bercario,12,286.0,2,2,0,0
2023,TODOS OS SANTOS,Maternal I,5,144.0,2,0,2,0
2023,TODOS OS SANTOS,Maternal II,4,137.0,2,0,0,2
2023,TOMAS COELHO,Bercario,91,486.0,2,2,0,0
2023,TOMAS COELHO,Maternal I,83,256.0,2,0,2,0
2023,TOMAS COELHO,Maternal II,36,235.0,2,0,0,2
2023,TURIACU,Bercario,44,300.0,2,2,0,0
2023,TURIACU,Maternal I,28,171.0,2,0,2,0
2023,TURIACU,Maternal II,38,149.0,2,0,0,2
2023,URCA,Bercario,5,97.0,2,2,0,0
2023,URCA,Maternal I,2,58.0,2,0,2,0
2023,URCA,Maternal II,6,43.0,2,0,0,2
2023,VARGEM GRANDE,Bercario,27,550.0,2,2,0,0
2023,VARGEM GRANDE,Maternal I,51,318.0,2,0,2,0
2023,VARGEM GRANDE,Maternal II,50,288.0,2,0,0,2
2023,VARGEM PEQUENA,Bercario,59,756.0,2,2,0,0
2023,VARGEM PEQUENA,Maternal I,70,426.0,2,0,2,0
2023,VARGEM PEQUENA,Maternal II,61,384.0,2,0,0,2
2023,VASCO GAMA,Bercario,21,101.0,2,2,0,0
2023,VASCO GAMA,Maternal I,12,62.0,2,0,2,0
2023,VASCO GAMA,Maternal II,7,38.0,2,0,0,2
2023,VAZ LOBO,Bercario,63,344.0,2,2,0,0
2023,VAZ LOBO,Maternal I,43,198.0,2,0,2,0
2023,VAZ LOBO,Maternal II,23,207.0,2,0,0,2
2023,VICENTE CARVALHO,Bercario,78,457.0,2,2,0,0
2023,VICENTE CARVALHO,Maternal I,59,239.0,2,0,2,0
2023,VICENTE CARVALHO,Maternal II,43,303.0,2,0,0,2
2023,VIDIGAL,Bercario,105,321.0,2,2,0,0
2023,VIDIGAL,Maternal I,39,174.0,2,0,2,0
2023,VIDIGAL,Maternal II,30,202.0,2,0,0,2
2023,VIGARIO GERAL,Bercario,83,793.0,2,2,0,0
2023,VIGARIO GERAL,Maternal I,68,351.0,2,0,2,0
2023,VIGARIO GERAL,Maternal II,54,367.0,2,0,0,2
2023,VILA ISABEL,Bercario,144,1012.0,2,2,0,0
2023,VILA ISABEL,Maternal I,50,597.0,2,0,2,0
2023,VILA ISABEL,Maternal II,28,559.0,2,0,0,2
2023,VILA KENNEDY,Bercario,0,145.0,2,2,0,0
2023,VILA KENNEDY,Maternal I,4,233.0,2,0,2,0
2023,VILA KENNEDY,Maternal II,3,222.0,2,0,0,2
2023,VILA KOSMOS,Bercario,30,231.0,2,2,0,0
2023,VILA KOSMOS,Maternal I,36,126.0,2,0,2,0
2023,VILA KOSMOS,Maternal II,22,101.0,2,0,0,2
2023,VILA MILITAR,Bercario,8,241.0,2,2,0,0
2023,VILA MILITAR,Maternal I,7,150.0,2,0,2,0
2023,VILA MILITAR,Maternal II,9,107.0,2,0,0,2
2023,VILA PENHA,Bercario,18,343.0,2,2,0,0
2023,VILA PENHA,Maternal I,14,241.0,2,0,2,0
2023,VILA PENHA,Maternal II,9,317.0,2,0,0,2
2023,VILA VALQUEIRE,Bercario,25,568.0,2,2,0,0
2023,VILA VALQUEIRE,Maternal I,45,301.0,2,0,2,0
2023,VILA VALQUEIRE,Maternal II,37,327.0,2,0,0,2
2023,VISTA ALEGRE,Bercario,7,113.0,2,2,0,0
2023,VISTA ALEGRE,Maternal I,10,84.0,2,0,2,0
2023,VISTA ALEGRE,Maternal II,6,120.0,2,0,0,2
2023,ZUMBI,Bercario,2,48.0,2,2,0,0
2023,ZUMBI,Maternal I,1,16.0,2,0,2,0
2023,ZUMBI,Maternal II,0,15.0,2,0,0,2
2024,ABOLICAO,Bercario,31,154.0,3,3,0,0
2024,ABOLICAO,Maternal I,22,92.0,3,0,3,0
2024,ABOLICAO,Maternal II,11,80.0,3,0,0,3
2024,ACARI,Bercario,235,822.0,3,3,0,0
2024,ACARI,Maternal I,276,398.0,3,0,3,0
2024,ACARI,Maternal II,109,407.0,3,0,0,3
2024,AGUA SANTA,Bercario,18,123.0,3,3,0,0
2024,AGUA SANTA,Maternal I,31,60.0,3,0,3,0
2024,AGUA SANTA,Maternal II,10,69.0,3,0,0,3
2024,ALTO BOA VISTA,Bercario,63,169.0,3,3,0,0
2024,ALTO BOA VISTA,Maternal I,29,102.0,3,0,3,0
2024,ALTO BOA VISTA,Maternal II,15,92.0,3,0,0,3
2024,ANCHIETA,Bercario,280,1387.0,3,3,0,0
2024,ANCHIETA,Maternal I,380,694.0,3,0,3,0
2024,ANCHIETA,Maternal II,206,826.0,3,0,0,3
2024,ANDARAI,Bercario,114,506.0,3,3,0,0
2024,ANDARAI,Maternal I,56,239.0,3,0,3,0
2024,ANDARAI,Maternal II,18,296.0,3,0,0,3
2024,ANIL,Bercario,349,806.0,3,3,0,0
2024,ANIL,Maternal I,426,387.0,3,0,3,0
2024,ANIL,Maternal II,426,444.0,3,0,0,3
2024,ARGENTINO,Bercario,0,0.0,3,3,0,0
2024,ARGENTINO,Maternal I,0,0.0,3,0,3,0
2024,ARGENTINO,Maternal II,0,0.0,3,0,0,3
2024,BANCARIOS,Bercario,95,309.0,3,3,0,0
2024,BANCARIOS,Maternal I,54,139.0,3,0,3,0
2024,BANCARIOS,Maternal II,14,159.0,3,0,0,3
2024,BANGU,Bercario,1122,4599.0,3,3,0,0
2024,BANGU,Maternal I,966,2569.0,3,0,3,0
2024,BANGU,Maternal II,639,2676.0,3,0,0,3
2024,BARRA GUARATIBA,Bercario,14,128.0,3,3,0,0
2024,BARRA GUARATIBA,Maternal I,24,71.0,3,0,3,0
2024,BARRA GUARATIBA,Maternal II,26,79.0,3,0,0,3
2024,BARRA OLIMPICA,Bercario,0,0.0,3,3,0,0
2024,BARRA OLIMPICA,Maternal I,0,0.0,3,0,3,0
2024,BARRA OLIMPICA,Maternal II,0,0.0,3,0,0,3
2024,BARRA TIJUCA,Bercario,58,2378.0,3,3,0,0
2024,BARRA TIJUCA,Maternal I,96,1196.0,3,0,3,0
2024,BARRA TIJUCA,Maternal II,35,1229.0,3,0,0,3
2024,BARROS FILHO,Bercario,115,409.0,3,3,0,0
2024,BARROS FILHO,Maternal I,62,224.0,3,0,3,0
2024,BARROS FILHO,Maternal II,58,253.0,3,0,0,3
2024,BENFICA,Bercario,364,728.0,3,3,0,0
2024,BENFICA,Maternal I,234,374.0,3,0,3,0
2024,BENFICA,Maternal II,156,426.0,3,0,0,3
2024,BENTO RIBEIRO,Bercario,100,620.0,3,3,0,0
2024,BENTO RIBEIRO,Maternal I,122,350.0,3,0,3,0
2024,BENTO RIBEIRO,Maternal II,87,414.0,3,0,0,3
2024,BONSUCESSO,Bercario,439,1139.0,3,3,0,0
2024,BONSUCESSO,Maternal I,362,584.0,3,0,3,0
2024,BONSUCESSO,Maternal II,207,796.0,3,0,0,3
2024,BOTAFOGO,Bercario,112,1095.0,3,3,0,0
2024,BOTAFOGO,Maternal I,71,571.0,3,0,3,0
2024,BOTAFOGO,Maternal II,35,584.0,3,0,0,3
2024,BRAS PINA,Bercario,192,807.0,3,3,0,0
2024,BRAS PINA,Maternal I,172,452.0,3,0,3,0
2024,BRAS PINA,Maternal II,73,459.0,3,0,0,3
2024,CACHAMBI,Bercario,97,600.0,3,3,0,0
2024,CACHAMBI,Maternal I,73,316.0,3,0,3,0
2024,CACHAMBI,Maternal II,33,330.0,3,0,0,3
2024,CACUIA,Bercario,31,179.0,3,3,0,0
2024,CACUIA,Maternal I,26,83.0,3,0,3,0
2024,CACUIA,Maternal II,25,107.0,3,0,0,3
2024,CAJU,Bercario,176,660.0,3,3,0,0
2024,CAJU,Maternal I,147,337.0,3,0,3,0
2024,CAJU,Maternal II,37,347.0,3,0,0,3
2024,CAMORIM,Bercario,121,203.0,3,3,0,0
2024,CAMORIM,Maternal I,80,85.0,3,0,3,0
2024,CAMORIM,Maternal II,58,89.0,3,0,0,3
2024,CAMPINHO,Bercario,45,207.0,3,3,0,0
2024,CAMPINHO,Maternal I,27,113.0,3,0,3,0
2024,CAMPINHO,Maternal II,36,144.0,3,0,0,3
2024,CAMPO AFONSOS,Bercario,3,72.0,3,3,0,0
2024,CAMPO AFONSOS,Maternal I,5,29.0,3,0,3,0
2024,CAMPO AFONSOS,Maternal II,5,30.0,3,0,0,3
2024,CAMPO GRANDE,Bercario,1787,7585.0,3,3,0,0
2024,CAMPO GRANDE,Maternal I,1732,4155.0,3,0,3,0
2024,CAMPO GRANDE,Maternal II,1170,4561.0,3,0,0,3
2024,CASCADURA,Bercario,127,597.0,3,3,0,0
2024,CASCADURA,Maternal I,91,294.0,3,0,3,0
2024,CASCADURA,Maternal II,100,329.0,3,0,0,3
2024,CATETE,Bercario,54,343.0,3,3,0,0
2024,CATETE,Maternal I,36,160.0,3,0,3,0
2024,CATETE,Maternal II,14,175.0,3,0,0,3
2024,CATUMBI,Bercario,138,275.0,3,3,0,0
2024,CATUMBI,Maternal I,72,181.0,3,0,3,0
2024,CATUMBI,Maternal II,32,171.0,3,0,0,3
2024,CAVALCANTE,Bercario,101,310.0,3,3,0,0
2024,CAVALCANTE,Maternal I,72,163.0,3,0,3,0
2024,CAVALCANTE,Maternal II,61,192.0,3,0,0,3
2024,CENTRO,Bercario,155,442.0,3,3,0,0
2024,CENTRO,Maternal I,104,251.0,3,0,3,0
2024,CENTRO,Maternal II,82,271.0,3,0,0,3
2024,CIDADE DEUS,Bercario,447,1150.0,3,3,0,0
2024,CIDADE DEUS,Maternal I,421,653.0,3,0,3,0
2024,CIDADE DEUS,Maternal II,195,762.0,3,0,0,3
2024,CIDADE NOVA,Bercario,34,87.0,3,3,0,0
2024,CIDADE NOVA,Maternal I,19,60.0,3,0,3,0
2024,CIDADE NOVA,Maternal II,10,53.0,3,0,0,3
2024,CIDADE UNIVERSITARIA,Bercario,5,23.0,3,3,0,0
2024,CIDADE UNIVERSITARIA,Maternal I,6,15.0,3,0,3,0
2024,CIDADE UNIVERSITARIA,Maternal II,3,10.0,3,0,0,3
2024,COCOTA,Bercario,15,91.0,3,3,0,0
2024,COCOTA,Maternal I,17,70.0,3,0,3,0
2024,COCOTA,Maternal II,10,73.0,3,0,0,3
2024,COELHO NETO,Bercario,191,598.0,3,3,0,0
2024,COELHO NETO,Maternal I,191,302.0,3,0,3,0
2024,COELHO NETO,Maternal II,80,315.0,3,0,0,3
2024,COLEGIO,Bercario,116,671.0,3,3,0,0
2024,COLEGIO,Maternal I,120,354.0,3,0,3,0
2024,COLEGIO,Maternal II,102,346.0,3,0,0,3
2024,COMPLEXO ALEMAO,Bercario,0,642.0,3,3,0,0
2024,COMPLEXO ALEMAO,Maternal I,1,213.0,3,0,3,0
2024,COMPLEXO ALEMAO,Maternal II,0,151.0,3,0,0,3
2024,COMPLEXO MARE,Bercario,586,2609.0,3,3,0,0
2024,COMPLEXO MARE,Maternal I,475,1384.0,3,0,3,0
2024,COMPLEXO MARE,Maternal II,319,1185.0,3,0,0,3
2024,COPACABANA,Bercario,362,1740.0,3,3,0,0
2024,COPACABANA,Maternal I,212,865.0,3,0,3,0
2024,COPACABANA,Maternal II,100,872.0,3,0,0,3
2024,CORDOVIL,Bercario,215,734.0,3,3,0,0
2024,CORDOVIL,Maternal I,149,422.0,3,0,3,0
2024,CORDOVIL,Maternal II,82,424.0,3,0,0,3
2024,COSME VELHO,Bercario,42,115.0,3,3,0,0
2024,COSME VELHO,Maternal I,29,75.0,3,0,3,0
2024,COSME VELHO,Maternal II,7,92.0,3,0,0,3
2024,COSMOS,Bercario,648,2120.0,3,3,0,0
2024,COSMOS,Maternal I,532,1142.0,3,0,3,0
2024,COSMOS,Maternal II,280,1173.0,3,0,0,3
2024,COSTA BARROS,Bercario,314,959.0,3,3,0,0
2024,COSTA BARROS,Maternal I,207,538.0,3,0,3,0
2024,COSTA BARROS,Maternal II,175,650.0,3,0,0,3
2024,CURICICA,Bercario,260,1144.0,3,3,0,0
2024,CURICICA,Maternal I,213,642.0,3,0,3,0
2024,CURICICA,Maternal II,171,682.0,3,0,0,3
2024,DEL CASTILHO,Bercario,146,464.0,3,3,0,0
2024,DEL CASTILHO,Maternal I,90,264.0,3,0,3,0
2024,DEL CASTILHO,Maternal II,36,241.0,3,0,0,3
2024,DEODORO,Bercario,74,279.0,3,3,0,0
2024,DEODORO,Maternal I,67,132.0,3,0,3,0
2024,DEODORO,Maternal II,43,135.0,3,0,0,3
2024,ENCANTADO,Bercario,32,184.0,3,3,0,0
2024,ENCANTADO,Maternal I,51,96.0,3,0,3,0
2024,ENCANTADO,Maternal II,22,108.0,3,0,0,3
2024,ENGENHEIRO LEAL,Bercario,17,136.0,3,3,0,0
2024,ENGENHEIRO LEAL,Maternal I,21,61.0,3,0,3,0
2024,ENGENHEIRO LEAL,Maternal II,34,75.0,3,0,0,3
2024,ENGENHO DENTRO,Bercario,192,759.0,3,3,0,0
2024,ENGENHO DENTRO,Maternal I,150,424.0,3,0,3,0
2024,ENGENHO DENTRO,Maternal II,96,494.0,3,0,0,3
2024,ENGENHO NOVO,Bercario,308,856.0,3,3,0,0
2024,ENGENHO NOVO,Maternal I,159,436.0,3,0,3,0
2024,ENGENHO NOVO,Maternal II,71,464.0,3,0,0,3
2024,ENGENHO RAINHA,Bercario,125,520.0,3,3,0,0
2024,ENGENHO RAINHA,Maternal I,112,253.0,3,0,3,0
2024,ENGENHO RAINHA,Maternal II,84,267.0,3,0,0,3
2024,ESTACIO,Bercario,140,353.0,3,3,0,0
2024,ESTACIO,Maternal I,75,197.0,3,0,3,0
2024,ESTACIO,Maternal II,24,206.0,3,0,0,3
2024,FLAMENGO,Bercario,57,565.0,3,3,0,0
2024,FLAMENGO,Maternal I,33,263.0,3,0,3,0
2024,FLAMENGO,Maternal II,20,279.0,3,0,0,3
2024,FREGUESIA ILHA,Bercario,88,320.0,3,3,0,0
2024,FREGUESIA ILHA,Maternal I,62,255.0,3,0,3,0
2024,FREGUESIA ILHA,Maternal II,38,191.0,3,0,0,3
2024,FREGUESIA JPA,Bercario,160,1221.0,3,3,0,0
2024,FREGUESIA JPA,Maternal I,133,619.0,3,0,3,0
2024,FREGUESIA JPA,Maternal II,63,708.0,3,0,0,3
2024,GALEAO,Bercario,126,656.0,3,3,0,0
2024,GALEAO,Maternal I,108,365.0,3,0,3,0
2024,GALEAO,Maternal II,119,350.0,3,0,0,3
2024,GAMBOA,Bercario,78,251.0,3,3,0,0
2024,GAMBOA,Maternal I,49,156.0,3,0,3,0
2024,GAMBOA,Maternal II,41,154.0,3,0,0,3
2024,GARDENIA AZUL,Bercario,267,953.0,3,3,0,0
2024,GARDENIA AZUL,Maternal I,253,461.0,3,0,3,0
2024,GARDENIA AZUL,Maternal II,167,561.0,3,0,0,3
2024,GAVEA,Bercario,213,332.0,3,3,0,0
2024,GAVEA,Maternal I,148,171.0,3,0,3,0
2024,GAVEA,Maternal II,80,147.0,3,0,0,3
2024,GERICINO,Bercario,0,19.0,3,3,0,0
2024,GERICINO,Maternal I,0,12.0,3,0,3,0
2024,GERICINO,Maternal II,0,1.0,3,0,0,3
2024,GLORIA,Bercario,44,101.0,3,3,0,0
2024,GLORIA,Maternal I,23,69.0,3,0,3,0
2024,GLORIA,Maternal II,18,78.0,3,0,0,3
2024,GRAJAU,Bercario,86,456.0,3,3,0,0
2024,GRAJAU,Maternal I,39,231.0,3,0,3,0
2024,GRAJAU,Maternal II,27,252.0,3,0,0,3
2024,GRUMARI,Bercario,0,6.0,3,3,0,0
2024,GRUMARI,Maternal I,0,5.0,3,0,3,0
2024,GRUMARI,Maternal II,2,5.0,3,0,0,3
2024,GUADALUPE,Bercario,179,881.0,3,3,0,0
2024,GUADALUPE,Maternal I,190,501.0,3,0,3,0
2024,GUADALUPE,Maternal II,112,522.0,3,0,0,3
2024,GUARATIBA,Bercario,1051,3626.0,3,3,0,0
2024,GUARATIBA,Maternal I,948,1906.0,3,0,3,0
2024,GUARATIBA,Maternal II,696,1934.0,3,0,0,3
2024,HIGIENOPOLIS,Bercario,54,206.0,3,3,0,0
2024,HIGIENOPOLIS,Maternal I,27,111.0,3,0,3,0
2024,HIGIENOPOLIS,Maternal II,20,118.0,3,0,0,3
2024,HONORIO GURGEL,Bercario,108,417.0,3,3,0,0
2024,HONORIO GURGEL,Maternal I,84,222.0,3,0,3,0
2024,HONORIO GURGEL,Maternal II,61,255.0,3,0,0,3
2024,HUMAITA,Bercario,9,147.0,3,3,0,0
2024,HUMAITA,Maternal I,12,84.0,3,0,3,0
2024,HUMAITA,Maternal II,2,96.0,3,0,0,3
2024,ILHA GUARATIBA,Bercario,1,9.0,3,3,0,0
2024,ILHA GUARATIBA,Maternal I,0,0.0,3,0,3,0
2024,ILHA GUARATIBA,Maternal II,0,0.0,3,0,0,3
2024,INHAUMA,Bercario,404,1101.0,3,3,0,0
2024,INHAUMA,Maternal I,369,784.0,3,0,3,0
2024,INHAUMA,Maternal II,200,850.0,3,0,0,3
2024,INHOAIBA,Bercario,532,1572.0,3,3,0,0
2024,INHOAIBA,Maternal I,445,931.0,3,0,3,0
2024,INHOAIBA,Maternal II,214,920.0,3,0,0,3
2024,IPANEMA,Bercario,8,500.0,3,3,0,0
2024,IPANEMA,Maternal I,19,291.0,3,0,3,0
2024,IPANEMA,Maternal II,5,254.0,3,0,0,3
2024,IRAJA,Bercario,304,1615.0,3,3,0,0
2024,IRAJA,Maternal I,261,847.0,3,0,3,0
2024,IRAJA,Maternal II,155,847.0,3,0,0,3
2024,ITANHANGA,Bercario,291,1540.0,3,3,0,0
2024,ITANHANGA,Maternal I,374,762.0,3,0,3,0
2024,ITANHANGA,Maternal II,291,709.0,3,0,0,3
2024,JABOUR,Bercario,0,2.0,3,3,0,0
2024,JABOUR,Maternal I,0,0.0,3,0,3,0
2024,JABOUR,Maternal II,0,0.0,3,0,0,3
2024,JACARE,Bercario,258,451.0,3,3,0,0
2024,JACARE,Maternal I,148,316.0,3,0,3,0
2024,JACARE,Maternal II,101,332.0,3,0,0,3
2024,JACAREPAGUA,Bercario,624,4446.0,3,3,0,0
2024,JACAREPAGUA,Maternal I,646,2546.0,3,0,3,0
2024,JACAREPAGUA,Maternal II,523,2413.0,3,0,0,3
2024,JACAREZINHO,Bercario,40,436.0,3,3,0,0
2024,JACAREZINHO,Maternal I,20,208.0,3,0,3,0
2024,JACAREZINHO,Maternal II,13,205.0,3,0,0,3
2024,JARDIM AMERICA,Bercario,141,570.0,3,3,0,0
2024,JARDIM AMERICA,Maternal I,158,306.0,3,0,3,0
2024,JARDIM AMERICA,Maternal II,54,353.0,3,0,0,3
2024,JARDIM BOTANICO,Bercario,12,228.0,3,3,0,0
2024,JARDIM BOTANICO,Maternal I,15,112.0,3,0,3,0
2024,JARDIM BOTANICO,Maternal II,5,122.0,3,0,0,3
2024,JARDIM CARIOCA,Bercario,85,402.0,3,3,0,0
2024,JARDIM CARIOCA,Maternal I,54,215.0,3,0,3,0
2024,JARDIM CARIOCA,Maternal II,33,237.0,3,0,0,3
2024,JARDIM GUANABARA,Bercario,14,370.0,3,3,0,0
2024,JARDIM GUANABARA,Maternal I,7,200.0,3,0,3,0
2024,JARDIM GUANABARA,Maternal II,13,175.0,3,0,0,3
2024,JARDIM SULACAP,Bercario,39,376.0,3,3,0,0
2024,JARDIM SULACAP,Maternal I,48,174.0,3,0,3,0
2024,JARDIM SULACAP,Maternal II,39,198.0,3,0,0,3
2024,JOA,Bercario,0,12.0,3,3,0,0
2024,JOA,Maternal I,0,11.0,3,0,3,0
2024,JOA,Maternal II,0,4.0,3,0,0,3
2024,LAGOA,Bercario,5,254.0,3,3,0,0
2024,LAGOA,Maternal I,3,128.0,3,0,3,0
2024,LAGOA,Maternal II,1,148.0,3,0,0,3
2024,LAPA,Bercario,0,48.0,3,3,0,0
2024,LAPA,Maternal I,0,34.0,3,0,3,0
2024,LAPA,Maternal II,0,49.0,3,0,0,3
2024,LARANJEIRAS,Bercario,53,542.0,3,3,0,0
2024,LARANJEIRAS,Maternal I,38,280.0,3,0,3,0
2024,LARANJEIRAS,Maternal II,17,273.0,3,0,0,3
2024,LEBLON,Bercario,26,547.0,3,3,0,0
2024,LEBLON,Maternal I,16,267.0,3,0,3,0
2024,LEBLON,Maternal II,5,287.0,3,0,0,3
2024,LEME,Bercario,48,193.0,3,3,0,0
2024,LEME,Maternal I,31,95.0,3,0,3,0
2024,LEME,Maternal II,9,118.0,3,0,0,3
2024,LINS VASCONCELOS,Bercario,222,677.0,3,3,0,0
2024,LINS VASCONCELOS,Maternal I,85,375.0,3,0,3,0
2024,LINS VASCONCELOS,Maternal II,33,398.0,3,0,0,3
2024,MADUREIRA,Bercario,214,845.0,3,3,0,0
2024,MADUREIRA,Maternal I,131,469.0,3,0,3,0
2024,MADUREIRA,Maternal II,75,543.0,3,0,0,3
2024,MAGALHAES BASTOS,Bercario,100,442.0,3,3,0,0
2024,MAGALHAES BASTOS,Maternal I,58,205.0,3,0,3,0
2024,MAGALHAES BASTOS,Maternal II,45,242.0,3,0,0,3
2024,MANGUEIRA,Bercario,182,460.0,3,3,0,0
2024,MANGUEIRA,Maternal I,62,254.0,3,0,3,0
2024,MANGUEIRA,Maternal II,34,239.0,3,0,0,3
2024,MANGUINHOS,Bercario,162,739.0,3,3,0,0
2024,MANGUINHOS,Maternal I,118,385.0,3,0,3,0
2024,MANGUINHOS,Maternal II,89,441.0,3,0,0,3
2024,MARACANA,Bercario,17,303.0,3,3,0,0
2024,MARACANA,Maternal I,9,154.0,3,0,3,0
2024,MARACANA,Maternal II,9,173.0,3,0,0,3
2024,MARECHAL HERMES,Bercario,133,780.0,3,3,0,0
2024,MARECHAL HERMES,Maternal I,171,418.0,3,0,3,0
2024,MARECHAL HERMES,Maternal II,97,443.0,3,0,0,3
2024,MARIA GRACA,Bercario,18,103.0,3,3,0,0
2024,MARIA GRACA,Maternal I,15,63.0,3,0,3,0
2024,MARIA GRACA,Maternal II,5,50.0,3,0,0,3
2024,MEIER,Bercario,72,499.0,3,3,0,0
2024,MEIER,Maternal I,90,259.0,3,0,3,0
2024,MEIER,Maternal II,37,246.0,3,0,0,3
2024,MONERO,Bercario,2,46.0,3,3,0,0
2024,MONERO,Maternal I,5,30.0,3,0,3,0
2024,MONERO,Maternal II,2,28.0,3,0,0,3
2024,OLARIA,Bercario,236,895.0,3,3,0,0
2024,OLARIA,Maternal I,170,474.0,3,0,3,0
2024,OLARIA,Maternal II,73,483.0,3,0,0,3
2024,OSWALDO CRUZ,Bercario,79,499.0,3,3,0,0
2024,OSWALDO CRUZ,Maternal I,95,286.0,3,0,3,0
2024,OSWALDO CRUZ,Maternal II,77,268.0,3,0,0,3
2024,PACIENCIA,Bercario,734,2461.0,3,3,0,0
2024,PACIENCIA,Maternal I,760,1410.0,3,0,3,0
2024,PACIENCIA,Maternal II,342,1437.0,3,0,0,3
2024,PADRE MIGUEL,Bercario,192,1057.0,3,3,0,0
2024,PADRE MIGUEL,Maternal I,187,604.0,3,0,3,0
2024,PADRE MIGUEL,Maternal II,146,635.0,3,0,0,3
2024,PAQUETA,Bercario,23,58.0,3,3,0,0
2024,PAQUETA,Maternal I,13,42.0,3,0,3,0
2024,PAQUETA,Maternal II,6,31.0,3,0,0,3
2024,PARADA LUCAS,Bercario,138,553.0,3,3,0,0
2024,PARADA LUCAS,Maternal I,83,312.0,3,0,3,0
2024,PARADA LUCAS,Maternal II,39,280.0,3,0,0,3
2024,PARQUE ANCHIETA,Bercario,64,310.0,3,3,0,0
2024,PARQUE ANCHIETA,Maternal I,67,198.0,3,0,3,0
2024,PARQUE ANCHIETA,Maternal II,44,208.0,3,0,0,3
2024,PARQUE COLUMBIA,Bercario,23,134.0,3,3,0,0
2024,PARQUE COLUMBIA,Maternal I,17,56.0,3,0,3,0
2024,PARQUE COLUMBIA,Maternal II,4,41.0,3,0,0,3
2024,PAVUNA,Bercario,475,1796.0,3,3,0,0
2024,PAVUNA,Maternal I,380,925.0,3,0,3,0
2024,PAVUNA,Maternal II,197,984.0,3,0,0,3
2024,PECHINCHA,Bercario,78,829.0,3,3,0,0
2024,PECHINCHA,Maternal I,70,363.0,3,0,3,0
2024,PECHINCHA,Maternal II,58,426.0,3,0,0,3
2024,PEDRA GUARATIBA,Bercario,107,678.0,3,3,0,0
2024,PEDRA GUARATIBA,Maternal I,136,436.0,3,0,3,0
2024,PEDRA GUARATIBA,Maternal II,45,462.0,3,0,0,3
2024,PENHA,Bercario,350,1366.0,3,3,0,0
2024,PENHA,Maternal I,273,714.0,3,0,3,0
2024,PENHA,Maternal II,139,819.0,3,0,0,3
2024,PENHA CIRCULAR,Bercario,248,759.0,3,3,0,0
2024,PENHA CIRCULAR,Maternal I,140,383.0,3,0,3,0
2024,PENHA CIRCULAR,Maternal II,69,418.0,3,0,0,3
2024,PIEDADE,Bercario,153,722.0,3,3,0,0
2024,PIEDADE,Maternal I,170,368.0,3,0,3,0
2024,PIEDADE,Maternal II,90,421.0,3,0,0,3
2024,PILARES,Bercario,138,459.0,3,3,0,0
2024,PILARES,Maternal I,115,231.0,3,0,3,0
2024,PILARES,Maternal II,67,252.0,3,0,0,3
2024,PITANGUEIRAS,Bercario,18,186.0,3,3,0,0
2024,PITANGUEIRAS,Maternal I,14,90.0,3,0,3,0
2024,PITANGUEIRAS,Maternal II,15,80.0,3,0,0,3
2024,PORTUGUESA,Bercario,72,306.0,3,3,0,0
2024,PORTUGUESA,Maternal I,36,160.0,3,0,3,0
2024,PORTUGUESA,Maternal II,16,147.0,3,0,0,3
2024,PRACA BANDEIRA,Bercario,13,122.0,3,3,0,0
2024,PRACA BANDEIRA,Maternal I,21,70.0,3,0,3,0
2024,PRACA BANDEIRA,Maternal II,12,74.0,3,0,0,3
2024,PRACA SECA,Bercario,289,1175.0,3,3,0,0
2024,PRACA SECA,Maternal I,236,669.0,3,0,3,0
2024,PRACA SECA,Maternal II,156,664.0,3,0,0,3
2024,PRAIA BANDEIRA,Bercario,3,56.0,3,3,0,0
2024,PRAIA BANDEIRA,Maternal I,5,40.0,3,0,3,0
2024,PRAIA BANDEIRA,Maternal II,1,33.0,3,0,0,3
2024,QUINTINO BOCAIUVA,Bercario,68,462.0,3,3,0,0
2024,QUINTINO BOCAIUVA,Maternal I,119,235.0,3,0,3,0
2024,QUINTINO BOCAIUVA,Maternal II,89,270.0,3,0,0,3
2024,RAMOS,Bercario,490,1368.0,3,3,0,0
2024,RAMOS,Maternal I,427,642.0,3,0,3,0
2024,RAMOS,Maternal II,222,844.0,3,0,0,3
2024,REALENGO,Bercario,832,3310.0,3,3,0,0
2024,REALENGO,Maternal I,663,1877.0,3,0,3,0
2024,REALENGO,Maternal II,450,1969.0,3,0,0,3
2024,RECREIO BANDEIRANTES,Bercario,232,2582.0,3,3,0,0
2024,RECREIO BANDEIRANTES,Maternal I,276,1375.0,3,0,3,0
2024,RECREIO BANDEIRANTES,Maternal II,181,1405.0,3,0,0,3
2024,RIACHUELO,Bercario,48,139.0,3,3,0,0
2024,RIACHUELO,Maternal I,15,77.0,3,0,3,0
2024,RIACHUELO,Maternal II,18,94.0,3,0,0,3
2024,RIBEIRA,Bercario,5,41.0,3,3,0,0
2024,RIBEIRA,Maternal I,4,21.0,3,0,3,0
2024,RIBEIRA,Maternal II,6,31.0,3,0,0,3
2024,RICARDO ALBUQUERQUE,Bercario,148,555.0,3,3,0,0
2024,RICARDO ALBUQUERQUE,Maternal I,122,311.0,3,0,3,0
2024,RICARDO ALBUQUERQUE,Maternal II,100,310.0,3,0,0,3
2024,RIO COMPRIDO,Bercario,251,741.0,3,3,0,0
2024,RIO COMPRIDO,Maternal I,147,384.0,3,0,3,0
2024,RIO COMPRIDO,Maternal II,73,416.0,3,0,0,3
2024,ROCHA,Bercario,107,341.0,3,3,0,0
2024,ROCHA,Maternal I,47,156.0,3,0,3,0
2024,ROCHA,Maternal II,29,158.0,3,0,0,3
2024,ROCHA MIRANDA,Bercario,189,718.0,3,3,0,0
2024,ROCHA MIRANDA,Maternal I,132,444.0,3,0,3,0
2024,ROCHA MIRANDA,Maternal II,76,422.0,3,0,0,3
2024,ROCINHA,Bercario,283,1392.0,3,3,0,0
2024,ROCINHA,Maternal I,231,714.0,3,0,3,0
2024,ROCINHA,Maternal II,129,814.0,3,0,0,3
2024,SAMPAIO,Bercario,114,245.0,3,3,0,0
2024,SAMPAIO,Maternal I,41,121.0,3,0,3,0
2024,SAMPAIO,Maternal II,26,125.0,3,0,0,3
2024,SANTA CRUZ,Bercario,2078,6260.0,3,3,0,0
2024,SANTA CRUZ,Maternal I,1592,3430.0,3,0,3,0
2024,SANTA CRUZ,Maternal II,770,3472.0,3,0,0,3
2024,SANTA TERESA,Bercario,192,665.0,3,3,0,0
2024,SANTA TERESA,Maternal I,121,367.0,3,0,3,0
2024,SANTA TERESA,Maternal II,61,388.0,3,0,0,3
2024,SANTISSIMO,Bercario,291,1038.0,3,3,0,0
2024,SANTISSIMO,Maternal I,269,662.0,3,0,3,0
2024,SANTISSIMO,Maternal II,239,717.0,3,0,0,3
2024,SANTO CRISTO,Bercario,95,286.0,3,3,0,0
2024,SANTO CRISTO,Maternal I,58,174.0,3,0,3,0
2024,SANTO CRISTO,Maternal II,34,173.0,3,0,0,3
2024,SAO CONRADO,Bercario,14,140.0,3,3,0,0
2024,SAO CONRADO,Maternal I,7,76.0,3,0,3,0
2024,SAO CONRADO,Maternal II,3,78.0,3,0,0,3
2024,SAO CRISTOVAO,Bercario,259,737.0,3,3,0,0
2024,SAO CRISTOVAO,Maternal I,179,440.0,3,0,3,0
2024,SAO CRISTOVAO,Maternal II,79,505.0,3,0,0,3
2024,SAO FRANCISCO XAVIER,Bercario,32,109.0,3,3,0,0
2024,SAO FRANCISCO XAVIER,Maternal I,13,55.0,3,0,3,0
2024,SAO FRANCISCO XAVIER,Maternal II,12,60.0,3,0,0,3
2024,SAUDE,Bercario,5,52.0,3,3,0,0
2024,SAUDE,Maternal I,8,32.0,3,0,3,0
2024,SAUDE,Maternal II,7,37.0,3,0,0,3
2024,SENADOR CAMARA,Bercario,391,2213.0,3,3,0,0
2024,SENADOR CAMARA,Maternal I,476,1203.0,3,0,3,0
2024,SENADOR CAMARA,Maternal II,360,1308.0,3,0,0,3
2024,SENADOR VASCONCELOS,Bercario,143,573.0,3,3,0,0
2024,SENADOR VASCONCELOS,Maternal I,192,342.0,3,0,3,0
2024,SENADOR VASCONCELOS,Maternal II,142,339.0,3,0,0,3
2024,SEPETIBA,Bercario,694,1484.0,3,3,0,0
2024,SEPETIBA,Maternal I,313,749.0,3,0,3,0
2024,SEPETIBA,Maternal II,216,797.0,3,0,0,3
2024,TANQUE,Bercario,221,765.0,3,3,0,0
2024,TANQUE,Maternal I,236,442.0,3,0,3,0
2024,TANQUE,Maternal II,137,478.0,3,0,0,3
2024,TAQUARA,Bercario,450,2414.0,3,3,0,0
2024,TAQUARA,Maternal I,431,1291.0,3,0,3,0
2024,TAQUARA,Maternal II,294,1489.0,3,0,0,3
2024,TAUA,Bercario,125,430.0,3,3,0,0
2024,TAUA,Maternal I,79,262.0,3,0,3,0
2024,TAUA,Maternal II,36,216.0,3,0,0,3
2024,TIJUCA,Bercario,380,2069.0,3,3,0,0
2024,TIJUCA,Maternal I,179,998.0,3,0,3,0
2024,TIJUCA,Maternal II,71,1118.0,3,0,0,3
2024,TODOS OS SANTOS,Bercario,28,282.0,3,3,0,0
2024,TODOS OS SANTOS,Maternal I,40,146.0,3,0,3,0
2024,TODOS OS SANTOS,Maternal II,17,144.0,3,0,0,3
2024,TOMAS COELHO,Bercario,110,460.0,3,3,0,0
2024,TOMAS COELHO,Maternal I,87,256.0,3,0,3,0
2024,TOMAS COELHO,Maternal II,65,256.0,3,0,0,3
2024,TURIACU,Bercario,70,294.0,3,3,0,0
2024,TURIACU,Maternal I,58,146.0,3,0,3,0
2024,TURIACU,Maternal II,35,171.0,3,0,0,3
2024,URCA,Bercario,6,88.0,3,3,0,0
2024,URCA,Maternal I,11,47.0,3,0,3,0
2024,URCA,Maternal II,3,58.0,3,0,0,3
2024,VARGEM GRANDE,Bercario,131,594.0,3,3,0,0
2024,VARGEM GRANDE,Maternal I,106,248.0,3,0,3,0
2024,VARGEM GRANDE,Maternal II,57,318.0,3,0,0,3
2024,VARGEM PEQUENA,Bercario,113,773.0,3,3,0,0
2024,VARGEM PEQUENA,Maternal I,113,391.0,3,0,3,0
2024,VARGEM PEQUENA,Maternal II,80,426.0,3,0,0,3
2024,VASCO GAMA,Bercario,9,78.0,3,3,0,0
2024,VASCO GAMA,Maternal I,8,82.0,3,0,3,0
2024,VASCO GAMA,Maternal II,6,62.0,3,0,0,3
2024,VAZ LOBO,Bercario,91,310.0,3,3,0,0
2024,VAZ LOBO,Maternal I,58,189.0,3,0,3,0
2024,VAZ LOBO,Maternal II,32,198.0,3,0,0,3
2024,VICENTE CARVALHO,Bercario,89,442.0,3,3,0,0
2024,VICENTE CARVALHO,Maternal I,79,222.0,3,0,3,0
2024,VICENTE CARVALHO,Maternal II,48,239.0,3,0,0,3
2024,VIDIGAL,Bercario,116,334.0,3,3,0,0
2024,VIDIGAL,Maternal I,68,169.0,3,0,3,0
2024,VIDIGAL,Maternal II,49,174.0,3,0,0,3
2024,VIGARIO GERAL,Bercario,157,761.0,3,3,0,0
2024,VIGARIO GERAL,Maternal I,187,422.0,3,0,3,0
2024,VIGARIO GERAL,Maternal II,73,351.0,3,0,0,3
2024,VILA ISABEL,Bercario,219,939.0,3,3,0,0
2024,VILA ISABEL,Maternal I,88,533.0,3,0,3,0
2024,VILA ISABEL,Maternal II,69,597.0,3,0,0,3
2024,VILA KENNEDY,Bercario,0,321.0,3,3,0,0
2024,VILA KENNEDY,Maternal I,0,101.0,3,0,3,0
2024,VILA KENNEDY,Maternal II,2,233.0,3,0,0,3
2024,VILA KOSMOS,Bercario,45,223.0,3,3,0,0
2024,VILA KOSMOS,Maternal I,68,123.0,3,0,3,0
2024,VILA KOSMOS,Maternal II,15,126.0,3,0,0,3
2024,VILA MILITAR,Bercario,12,241.0,3,3,0,0
2024,VILA MILITAR,Maternal I,10,151.0,3,0,3,0
2024,VILA MILITAR,Maternal II,4,150.0,3,0,0,3
2024,VILA PENHA,Bercario,62,295.0,3,3,0,0
2024,VILA PENHA,Maternal I,52,182.0,3,0,3,0
2024,VILA PENHA,Maternal II,18,241.0,3,0,0,3
2024,VILA VALQUEIRE,Bercario,78,589.0,3,3,0,0
2024,VILA VALQUEIRE,Maternal I,74,264.0,3,0,3,0
2024,VILA VALQUEIRE,Maternal II,45,301.0,3,0,0,3
2024,VISTA ALEGRE,Bercario,33,130.0,3,3,0,0
2024,VISTA ALEGRE,Maternal I,23,58.0,3,0,3,0
2024,VISTA ALEGRE,Maternal II,18,84.0,3,0,0,3
2024,ZUMBI,Bercario,3,42.0,3,3,0,0
2024,ZUMBI,Maternal I,3,23.0,3,0,3,0
2024,ZUMBI,Maternal II,2,16.0,3,0,0,3
2025,ABOLICAO,Bercario,18,146.0,4,4,0,0
2025,ABOLICAO,Maternal I,39,78.0,4,0,4,0
2025,ABOLICAO,Maternal II,13,92.0,4,0,0,4
2025,ACARI,Bercario,207,794.0,4,4,0,0
2025,ACARI,Maternal I,239,407.0,4,0,4,0
2025,ACARI,Maternal II,79,398.0,4,0,0,4
2025,AGUA SANTA,Bercario,10,110.0,4,4,0,0
2025,AGUA SANTA,Maternal I,19,69.0,4,0,4,0
2025,AGUA SANTA,Maternal II,6,60.0,4,0,0,4
2025,ALTO BOA VISTA,Bercario,43,154.0,4,4,0,0
2025,ALTO BOA VISTA,Maternal I,32,70.0,4,0,4,0
2025,ALTO BOA VISTA,Maternal II,9,102.0,4,0,0,4
2025,ANCHIETA,Bercario,255,1192.0,4,4,0,0
2025,ANCHIETA,Maternal I,344,746.0,4,0,4,0
2025,ANCHIETA,Maternal II,181,694.0,4,0,0,4
2025,ANDARAI,Bercario,89,459.0,4,4,0,0
2025,ANDARAI,Maternal I,52,269.0,4,0,4,0
2025,ANDARAI,Maternal II,20,239.0,4,0,0,4
2025,ANIL,Bercario,284,720.0,4,4,0,0
2025,ANIL,Maternal I,380,439.0,4,0,4,0
2025,ANIL,Maternal II,406,387.0,4,0,0,4
2025,ARGENTINO,Bercario,0,0.0,4,4,0,0
2025,ARGENTINO,Maternal I,0,0.0,4,0,4,0
2025,ARGENTINO,Maternal II,0,0.0,4,0,0,4
2025,BANCARIOS,Bercario,79,250.0,4,4,0,0
2025,BANCARIOS,Maternal I,40,186.0,4,0,4,0
2025,BANCARIOS,Maternal II,34,139.0,4,0,0,4
2025,BANGU,Bercario,1020,4064.0,4,4,0,0
2025,BANGU,Maternal I,845,2461.0,4,0,4,0
2025,BANGU,Maternal II,534,2569.0,4,0,0,4
2025,BARRA GUARATIBA,Bercario,20,113.0,4,4,0,0
2025,BARRA GUARATIBA,Maternal I,13,57.0,4,0,4,0
2025,BARRA GUARATIBA,Maternal II,15,71.0,4,0,0,4
2025,BARRA OLIMPICA,Bercario,68,522.0,4,4,0,0
2025,BARRA OLIMPICA,Maternal I,73,0.0,4,0,4,0
2025,BARRA OLIMPICA,Maternal II,57,0.0,4,0,0,4
2025,BARRA TIJUCA,Bercario,41,2331.0,4,4,0,0
2025,BARRA TIJUCA,Maternal I,96,1210.0,4,0,4,0
2025,BARRA TIJUCA,Maternal II,24,1196.0,4,0,0,4
2025,BARROS FILHO,Bercario,102,417.0,4,4,0,0
2025,BARROS FILHO,Maternal I,57,187.0,4,0,4,0
2025,BARROS FILHO,Maternal II,45,224.0,4,0,0,4
2025,BENFICA,Bercario,224,716.0,4,4,0,0
2025,BENFICA,Maternal I,149,320.0,4,0,4,0
2025,BENFICA,Maternal II,99,374.0,4,0,0,4
2025,BENTO RIBEIRO,Bercario,103,608.0,4,4,0,0
2025,BENTO RIBEIRO,Maternal I,114,301.0,4,0,4,0
2025,BENTO RIBEIRO,Maternal II,64,350.0,4,0,0,4
2025,BONSUCESSO,Bercario,382,674.0,4,4,0,0
2025,BONSUCESSO,Maternal I,255,742.0,4,0,4,0
2025,BONSUCESSO,Maternal II,153,584.0,4,0,0,4
2025,BOTAFOGO,Bercario,114,1069.0,4,4,0,0
2025,BOTAFOGO,Maternal I,79,567.0,4,0,4,0
2025,BOTAFOGO,Maternal II,28,571.0,4,0,0,4
2025,BRAS PINA,Bercario,171,748.0,4,4,0,0
2025,BRAS PINA,Maternal I,191,417.0,4,0,4,0
2025,BRAS PINA,Maternal II,71,452.0,4,0,0,4
2025,CACHAMBI,Bercario,77,567.0,4,4,0,0
2025,CACHAMBI,Maternal I,57,306.0,4,0,4,0
2025,CACHAMBI,Maternal II,17,316.0,4,0,0,4
2025,CACUIA,Bercario,32,173.0,4,4,0,0
2025,CACUIA,Maternal I,25,89.0,4,0,4,0
2025,CACUIA,Maternal II,28,83.0,4,0,0,4
2025,CAJU,Bercario,174,627.0,4,4,0,0
2025,CAJU,Maternal I,137,331.0,4,0,4,0
2025,CAJU,Maternal II,54,337.0,4,0,0,4
2025,CAMORIM,Bercario,70,103.0,4,4,0,0
2025,CAMORIM,Maternal I,43,123.0,4,0,4,0
2025,CAMORIM,Maternal II,22,85.0,4,0,0,4
2025,CAMPINHO,Bercario,43,194.0,4,4,0,0
2025,CAMPINHO,Maternal I,47,100.0,4,0,4,0
2025,CAMPINHO,Maternal II,17,113.0,4,0,0,4
2025,CAMPO AFONSOS,Bercario,3,73.0,4,4,0,0
2025,CAMPO AFONSOS,Maternal I,1,31.0,4,0,4,0
2025,CAMPO AFONSOS,Maternal II,3,29.0,4,0,0,4
2025,CAMPO GRANDE,Bercario,1508,7095.0,4,4,0,0
2025,CAMPO GRANDE,Maternal I,1423,3900.0,4,0,4,0
2025,CAMPO GRANDE,Maternal II,795,4155.0,4,0,0,4
2025,CASCADURA,Bercario,114,547.0,4,4,0,0
2025,CASCADURA,Maternal I,98,304.0,4,0,4,0
2025,CASCADURA,Maternal II,66,294.0,4,0,0,4
2025,CATETE,Bercario,53,332.0,4,4,0,0
2025,CATETE,Maternal I,34,174.0,4,0,4,0
2025,CATETE,Maternal II,22,160.0,4,0,0,4
2025,CATUMBI,Bercario,122,265.0,4,4,0,0
2025,CATUMBI,Maternal I,50,148.0,4,0,4,0
2025,CATUMBI,Maternal II,24,181.0,4,0,0,4
2025,CAVALCANTE,Bercario,76,296.0,4,4,0,0
2025,CAVALCANTE,Maternal I,69,157.0,4,0,4,0
2025,CAVALCANTE,Maternal II,40,163.0,4,0,0,4
2025,CENTRO,Bercario,123,375.0,4,4,0,0
2025,CENTRO,Maternal I,99,243.0,4,0,4,0
2025,CENTRO,Maternal II,48,251.0,4,0,0,4
2025,CIDADE DEUS,Bercario,432,1044.0,4,4,0,0
2025,CIDADE DEUS,Maternal I,421,591.0,4,0,4,0
2025,CIDADE DEUS,Maternal II,91,653.0,4,0,0,4
2025,CIDADE NOVA,Bercario,25,80.0,4,4,0,0
2025,CIDADE NOVA,Maternal I,21,46.0,4,0,4,0
2025,CIDADE NOVA,Maternal II,6,60.0,4,0,0,4
2025,CIDADE UNIVERSITARIA,Bercario,6,24.0,4,4,0,0
2025,CIDADE UNIVERSITARIA,Maternal I,1,10.0,4,0,4,0
2025,CIDADE UNIVERSITARIA,Maternal II,0,15.0,4,0,0,4
2025,COCOTA,Bercario,16,76.0,4,4,0,0
2025,COCOTA,Maternal I,20,52.0,4,0,4,0
2025,COCOTA,Maternal II,16,70.0,4,0,0,4
2025,COELHO NETO,Bercario,178,557.0,4,4,0,0
2025,COELHO NETO,Maternal I,140,284.0,4,0,4,0
2025,COELHO NETO,Maternal II,96,302.0,4,0,0,4
2025,COLEGIO,Bercario,140,597.0,4,4,0,0
2025,COLEGIO,Maternal I,113,350.0,4,0,4,0
2025,COLEGIO,Maternal II,104,354.0,4,0,0,4
2025,COMPLEXO ALEMAO,Bercario,0,901.0,4,4,0,0
2025,COMPLEXO ALEMAO,Maternal I,1,232.0,4,0,4,0
2025,COMPLEXO ALEMAO,Maternal II,0,213.0,4,0,0,4
2025,COMPLEXO MARE,Bercario,566,3072.0,4,4,0,0
2025,COMPLEXO MARE,Maternal I,412,1033.0,4,0,4,0
2025,COMPLEXO MARE,Maternal II,277,1384.0,4,0,0,4
2025,COPACABANA,Bercario,269,1575.0,4,4,0,0
2025,COPACABANA,Maternal I,219,874.0,4,0,4,0
2025,COPACABANA,Maternal II,95,865.0,4,0,0,4
2025,CORDOVIL,Bercario,194,687.0,4,4,0,0
2025,CORDOVIL,Maternal I,114,369.0,4,0,4,0
2025,CORDOVIL,Maternal II,99,422.0,4,0,0,4
2025,COSME VELHO,Bercario,25,96.0,4,4,0,0
2025,COSME VELHO,Maternal I,21,64.0,4,0,4,0
2025,COSME VELHO,Maternal II,4,75.0,4,0,0,4
2025,COSMOS,Bercario,571,2061.0,4,4,0,0
2025,COSMOS,Maternal I,465,1071.0,4,0,4,0
2025,COSMOS,Maternal II,267,1142.0,4,0,0,4
2025,COSTA BARROS,Bercario,332,801.0,4,4,0,0
2025,COSTA BARROS,Maternal I,195,540.0,4,0,4,0
2025,COSTA BARROS,Maternal II,117,538.0,4,0,0,4
2025,CURICICA,Bercario,241,798.0,4,4,0,0
2025,CURICICA,Maternal I,197,695.0,4,0,4,0
2025,CURICICA,Maternal II,148,642.0,4,0,0,4
2025,DEL CASTILHO,Bercario,159,457.0,4,4,0,0
2025,DEL CASTILHO,Maternal I,66,239.0,4,0,4,0
2025,DEL CASTILHO,Maternal II,39,264.0,4,0,0,4
2025,DEODORO,Bercario,80,236.0,4,4,0,0
2025,DEODORO,Maternal I,63,157.0,4,0,4,0
2025,DEODORO,Maternal II,33,132.0,4,0,0,4
2025,ENCANTADO,Bercario,39,188.0,4,4,0,0
2025,ENCANTADO,Maternal I,39,91.0,4,0,4,0
2025,ENCANTADO,Maternal II,19,96.0,4,0,0,4
2025,ENGENHEIRO LEAL,Bercario,8,116.0,4,4,0,0
2025,ENGENHEIRO LEAL,Maternal I,27,66.0,4,0,4,0
2025,ENGENHEIRO LEAL,Maternal II,25,61.0,4,0,0,4
2025,ENGENHO DENTRO,Bercario,161,707.0,4,4,0,0
2025,ENGENHO DENTRO,Maternal I,152,393.0,4,0,4,0
2025,ENGENHO DENTRO,Maternal II,71,424.0,4,0,0,4
2025,ENGENHO NOVO,Bercario,232,756.0,4,4,0,0
2025,ENGENHO NOVO,Maternal I,124,428.0,4,0,4,0
2025,ENGENHO NOVO,Maternal II,52,436.0,4,0,0,4
2025,ENGENHO RAINHA,Bercario,111,476.0,4,4,0,0
2025,ENGENHO RAINHA,Maternal I,98,272.0,4,0,4,0
2025,ENGENHO RAINHA,Maternal II,43,253.0,4,0,0,4
2025,ESTACIO,Bercario,109,350.0,4,4,0,0
2025,ESTACIO,Maternal I,62,178.0,4,0,4,0
2025,ESTACIO,Maternal II,35,197.0,4,0,0,4
2025,FLAMENGO,Bercario,41,516.0,4,4,0,0
2025,FLAMENGO,Maternal I,30,297.0,4,0,4,0
2025,FLAMENGO,Maternal II,15,263.0,4,0,0,4
2025,FREGUESIA ILHA,Bercario,75,321.0,4,4,0,0
2025,FREGUESIA ILHA,Maternal I,43,155.0,4,0,4,0
2025,FREGUESIA ILHA,Maternal II,27,255.0,4,0,0,4
2025,FREGUESIA JPA,Bercario,142,1172.0,4,4,0,0
2025,FREGUESIA JPA,Maternal I,104,626.0,4,0,4,0
2025,FREGUESIA JPA,Maternal II,32,619.0,4,0,0,4
2025,GALEAO,Bercario,108,612.0,4,4,0,0
2025,GALEAO,Maternal I,88,347.0,4,0,4,0
2025,GALEAO,Maternal II,75,365.0,4,0,0,4
2025,GAMBOA,Bercario,51,234.0,4,4,0,0
2025,GAMBOA,Maternal I,40,126.0,4,0,4,0
2025,GAMBOA,Maternal II,24,156.0,4,0,0,4
2025,GARDENIA AZUL,Bercario,220,757.0,4,4,0,0
2025,GARDENIA AZUL,Maternal I,235,529.0,4,0,4,0
2025,GARDENIA AZUL,Maternal II,168,461.0,4,0,0,4
2025,GAVEA,Bercario,203,279.0,4,4,0,0
2025,GAVEA,Maternal I,125,167.0,4,0,4,0
2025,GAVEA,Maternal II,61,171.0,4,0,0,4
2025,GERICINO,Bercario,0,33.0,4,4,0,0
2025,GERICINO,Maternal I,0,0.0,4,0,4,0
2025,GERICINO,Maternal II,0,12.0,4,0,0,4
2025,GLORIA,Bercario,46,100.0,4,4,0,0
2025,GLORIA,Maternal I,23,44.0,4,0,4,0
2025,GLORIA,Maternal II,8,69.0,4,0,0,4
2025,GRAJAU,Bercario,69,431.0,4,4,0,0
2025,GRAJAU,Maternal I,24,234.0,4,0,4,0
2025,GRAJAU,Maternal II,17,231.0,4,0,0,4
2025,GRUMARI,Bercario,0,5.0,4,4,0,0
2025,GRUMARI,Maternal I,1,2.0,4,0,4,0
2025,GRUMARI,Maternal II,1,5.0,4,0,0,4
2025,GUADALUPE,Bercario,153,754.0,4,4,0,0
2025,GUADALUPE,Maternal I,137,481.0,4,0,4,0
2025,GUADALUPE,Maternal II,115,501.0,4,0,0,4
2025,GUARATIBA,Bercario,931,3694.0,4,4,0,0
2025,GUARATIBA,Maternal I,812,1787.0,4,0,4,0
2025,GUARATIBA,Maternal II,619,1906.0,4,0,0,4
2025,HIGIENOPOLIS,Bercario,47,224.0,4,4,0,0
2025,HIGIENOPOLIS,Maternal I,29,105.0,4,0,4,0
2025,HIGIENOPOLIS,Maternal II,14,111.0,4,0,0,4
2025,HONORIO GURGEL,Bercario,89,361.0,4,4,0,0
2025,HONORIO GURGEL,Maternal I,82,231.0,4,0,4,0
2025,HONORIO GURGEL,Maternal II,56,222.0,4,0,0,4
2025,HUMAITA,Bercario,6,146.0,4,4,0,0
2025,HUMAITA,Maternal I,7,76.0,4,0,4,0
2025,HUMAITA,Maternal II,2,84.0,4,0,0,4
2025,ILHA GUARATIBA,Bercario,1,69.0,4,4,0,0
2025,ILHA GUARATIBA,Maternal I,2,0.0,4,0,4,0
2025,ILHA GUARATIBA,Maternal II,1,0.0,4,0,0,4
2025,INHAUMA,Bercario,328,1048.0,4,4,0,0
2025,INHAUMA,Maternal I,355,529.0,4,0,4,0
2025,INHAUMA,Maternal II,132,784.0,4,0,0,4
2025,INHOAIBA,Bercario,522,1480.0,4,4,0,0
2025,INHOAIBA,Maternal I,385,824.0,4,0,4,0
2025,INHOAIBA,Maternal II,219,931.0,4,0,0,4
2025,IPANEMA,Bercario,11,508.0,4,4,0,0
2025,IPANEMA,Maternal I,14,246.0,4,0,4,0
2025,IPANEMA,Maternal II,9,291.0,4,0,0,4
2025,IRAJA,Bercario,302,1468.0,4,4,0,0
2025,IRAJA,Maternal I,249,829.0,4,0,4,0
2025,IRAJA,Maternal II,128,847.0,4,0,0,4
2025,ITANHANGA,Bercario,207,1535.0,4,4,0,0
2025,ITANHANGA,Maternal I,291,721.0,4,0,4,0
2025,ITANHANGA,Maternal II,277,762.0,4,0,0,4
2025,JABOUR,Bercario,0,19.0,4,4,0,0
2025,JABOUR,Maternal I,0,1.0,4,0,4,0
2025,JABOUR,Maternal II,0,0.0,4,0,0,4
2025,JACARE,Bercario,227,278.0,4,4,0,0
2025,JACARE,Maternal I,127,288.0,4,0,4,0
2025,JACARE,Maternal II,80,316.0,4,0,0,4
2025,JACAREPAGUA,Bercario,488,4521.0,4,4,0,0
2025,JACAREPAGUA,Maternal I,501,1957.0,4,0,4,0
2025,JACAREPAGUA,Maternal II,401,2546.0,4,0,0,4
2025,JACAREZINHO,Bercario,31,563.0,4,4,0,0
2025,JACAREZINHO,Maternal I,9,157.0,4,0,4,0
2025,JACAREZINHO,Maternal II,12,208.0,4,0,0,4
2025,JARDIM AMERICA,Bercario,145,459.0,4,4,0,0
2025,JARDIM AMERICA,Maternal I,135,289.0,4,0,4,0
2025,JARDIM AMERICA,Maternal II,47,306.0,4,0,0,4
2025,JARDIM BOTANICO,Bercario,20,212.0,4,4,0,0
2025,JARDIM BOTANICO,Maternal I,15,118.0,4,0,4,0
2025,JARDIM BOTANICO,Maternal II,7,112.0,4,0,0,4
2025,JARDIM CARIOCA,Bercario,77,363.0,4,4,0,0
2025,JARDIM CARIOCA,Maternal I,59,213.0,4,0,4,0
2025,JARDIM CARIOCA,Maternal II,25,215.0,4,0,0,4
2025,JARDIM GUANABARA,Bercario,11,336.0,4,4,0,0
2025,JARDIM GUANABARA,Maternal I,13,194.0,4,0,4,0
2025,JARDIM GUANABARA,Maternal II,8,200.0,4,0,0,4
2025,JARDIM SULACAP,Bercario,32,299.0,4,4,0,0
2025,JARDIM SULACAP,Maternal I,44,200.0,4,0,4,0
2025,JARDIM SULACAP,Maternal II,28,174.0,4,0,0,4
2025,JOA,Bercario,1,11.0,4,4,0,0
2025,JOA,Maternal I,0,8.0,4,0,4,0
2025,JOA,Maternal II,0,11.0,4,0,0,4
2025,LAGOA,Bercario,3,245.0,4,4,0,0
2025,LAGOA,Maternal I,6,137.0,4,0,4,0
2025,LAGOA,Maternal II,0,128.0,4,0,0,4
2025,LAPA,Bercario,0,77.0,4,4,0,0
2025,LAPA,Maternal I,0,15.0,4,0,4,0
2025,LAPA,Maternal II,0,34.0,4,0,0,4
2025,LARANJEIRAS,Bercario,49,497.0,4,4,0,0
2025,LARANJEIRAS,Maternal I,27,285.0,4,0,4,0
2025,LARANJEIRAS,Maternal II,18,280.0,4,0,0,4
2025,LEBLON,Bercario,15,506.0,4,4,0,0
2025,LEBLON,Maternal I,12,288.0,4,0,4,0
2025,LEBLON,Maternal II,5,267.0,4,0,0,4
2025,LEME,Bercario,41,177.0,4,4,0,0
2025,LEME,Maternal I,25,103.0,4,0,4,0
2025,LEME,Maternal II,9,95.0,4,0,0,4
2025,LINS VASCONCELOS,Bercario,173,654.0,4,4,0,0
2025,LINS VASCONCELOS,Maternal I,77,345.0,4,0,4,0
2025,LINS VASCONCELOS,Maternal II,29,375.0,4,0,0,4
2025,MADUREIRA,Bercario,164,778.0,4,4,0,0
2025,MADUREIRA,Maternal I,115,462.0,4,0,4,0
2025,MADUREIRA,Maternal II,75,469.0,4,0,0,4
2025,MAGALHAES BASTOS,Bercario,71,404.0,4,4,0,0
2025,MAGALHAES BASTOS,Maternal I,80,228.0,4,0,4,0
2025,MAGALHAES BASTOS,Maternal II,66,205.0,4,0,0,4
2025,MANGUEIRA,Bercario,178,471.0,4,4,0,0
2025,MANGUEIRA,Maternal I,63,232.0,4,0,4,0
2025,MANGUEIRA,Maternal II,26,254.0,4,0,0,4
2025,MANGUINHOS,Bercario,261,728.0,4,4,0,0
2025,MANGUINHOS,Maternal I,186,391.0,4,0,4,0
2025,MANGUINHOS,Maternal II,111,385.0,4,0,0,4
2025,MARACANA,Bercario,11,278.0,4,4,0,0
2025,MARACANA,Maternal I,20,160.0,4,0,4,0
2025,MARACANA,Maternal II,5,154.0,4,0,0,4
2025,MARECHAL HERMES,Bercario,100,752.0,4,4,0,0
2025,MARECHAL HERMES,Maternal I,141,361.0,4,0,4,0
2025,MARECHAL HERMES,Maternal II,109,418.0,4,0,0,4
2025,MARIA GRACA,Bercario,23,82.0,4,4,0,0
2025,MARIA GRACA,Maternal I,7,55.0,4,0,4,0
2025,MARIA GRACA,Maternal II,8,63.0,4,0,0,4
2025,MEIER,Bercario,68,453.0,4,4,0,0
2025,MEIER,Maternal I,59,242.0,4,0,4,0
2025,MEIER,Maternal II,17,259.0,4,0,0,4
2025,MONERO,Bercario,5,55.0,4,4,0,0
2025,MONERO,Maternal I,0,24.0,4,0,4,0
2025,MONERO,Maternal II,1,30.0,4,0,0,4
2025,OLARIA,Bercario,215,782.0,4,4,0,0
2025,OLARIA,Maternal I,170,492.0,4,0,4,0
2025,OLARIA,Maternal II,86,474.0,4,0,0,4
2025,OSWALDO CRUZ,Bercario,61,460.0,4,4,0,0
2025,OSWALDO CRUZ,Maternal I,78,244.0,4,0,4,0
2025,OSWALDO CRUZ,Maternal II,84,286.0,4,0,0,4
2025,PACIENCIA,Bercario,670,2317.0,4,4,0,0
2025,PACIENCIA,Maternal I,675,1251.0,4,0,4,0
2025,PACIENCIA,Maternal II,365,1410.0,4,0,0,4
2025,PADRE MIGUEL,Bercario,183,1047.0,4,4,0,0
2025,PADRE MIGUEL,Maternal I,173,510.0,4,0,4,0
2025,PADRE MIGUEL,Maternal II,100,604.0,4,0,0,4
2025,PAQUETA,Bercario,26,42.0,4,4,0,0
2025,PAQUETA,Maternal I,9,33.0,4,0,4,0
2025,PAQUETA,Maternal II,20,42.0,4,0,0,4
2025,PARADA LUCAS,Bercario,109,533.0,4,4,0,0
2025,PARADA LUCAS,Maternal I,58,280.0,4,0,4,0
2025,PARADA LUCAS,Maternal II,35,312.0,4,0,0,4
2025,PARQUE ANCHIETA,Bercario,44,347.0,4,4,0,0
2025,PARQUE ANCHIETA,Maternal I,84,139.0,4,0,4,0
2025,PARQUE ANCHIETA,Maternal II,34,198.0,4,0,0,4
2025,PARQUE COLUMBIA,Bercario,26,191.0,4,4,0,0
2025,PARQUE COLUMBIA,Maternal I,7,20.0,4,0,4,0
2025,PARQUE COLUMBIA,Maternal II,5,56.0,4,0,0,4
2025,PAVUNA,Bercario,414,1846.0,4,4,0,0
2025,PAVUNA,Maternal I,354,816.0,4,0,4,0
2025,PAVUNA,Maternal II,151,925.0,4,0,0,4
2025,PECHINCHA,Bercario,68,694.0,4,4,0,0
2025,PECHINCHA,Maternal I,75,433.0,4,0,4,0
2025,PECHINCHA,Maternal II,23,363.0,4,0,0,4
2025,PEDRA GUARATIBA,Bercario,111,368.0,4,4,0,0
2025,PEDRA GUARATIBA,Maternal I,70,458.0,4,0,4,0
2025,PEDRA GUARATIBA,Maternal II,55,436.0,4,0,0,4
2025,PENHA,Bercario,307,1238.0,4,4,0,0
2025,PENHA,Maternal I,218,715.0,4,0,4,0
2025,PENHA,Maternal II,104,714.0,4,0,0,4
2025,PENHA CIRCULAR,Bercario,201,752.0,4,4,0,0
2025,PENHA CIRCULAR,Maternal I,105,360.0,4,0,4,0
2025,PENHA CIRCULAR,Maternal II,47,383.0,4,0,0,4
2025,PIEDADE,Bercario,125,713.0,4,4,0,0
2025,PIEDADE,Maternal I,168,347.0,4,0,4,0
2025,PIEDADE,Maternal II,73,368.0,4,0,0,4
2025,PILARES,Bercario,125,430.0,4,4,0,0
2025,PILARES,Maternal I,99,229.0,4,0,4,0
2025,PILARES,Maternal II,55,231.0,4,0,0,4
2025,PITANGUEIRAS,Bercario,20,183.0,4,4,0,0
2025,PITANGUEIRAS,Maternal I,27,89.0,4,0,4,0
2025,PITANGUEIRAS,Maternal II,12,90.0,4,0,0,4
2025,PORTUGUESA,Bercario,57,266.0,4,4,0,0
2025,PORTUGUESA,Maternal I,37,154.0,4,0,4,0
2025,PORTUGUESA,Maternal II,19,160.0,4,0,0,4
2025,PRACA BANDEIRA,Bercario,6,113.0,4,4,0,0
2025,PRACA BANDEIRA,Maternal I,17,60.0,4,0,4,0
2025,PRACA BANDEIRA,Maternal II,6,70.0,4,0,0,4
2025,PRACA SECA,Bercario,295,1127.0,4,4,0,0
2025,PRACA SECA,Maternal I,223,568.0,4,0,4,0
2025,PRACA SECA,Maternal II,118,669.0,4,0,0,4
2025,PRAIA BANDEIRA,Bercario,7,78.0,4,4,0,0
2025,PRAIA BANDEIRA,Maternal I,6,16.0,4,0,4,0
2025,PRAIA BANDEIRA,Maternal II,0,40.0,4,0,0,4
2025,QUINTINO BOCAIUVA,Bercario,47,431.0,4,4,0,0
2025,QUINTINO BOCAIUVA,Maternal I,110,243.0,4,0,4,0
2025,QUINTINO BOCAIUVA,Maternal II,69,235.0,4,0,0,4
2025,RAMOS,Bercario,413,886.0,4,4,0,0
2025,RAMOS,Maternal I,367,861.0,4,0,4,0
2025,RAMOS,Maternal II,180,642.0,4,0,0,4
2025,REALENGO,Bercario,683,3084.0,4,4,0,0
2025,REALENGO,Maternal I,605,1690.0,4,0,4,0
2025,REALENGO,Maternal II,373,1877.0,4,0,0,4
2025,RECREIO BANDEIRANTES,Bercario,194,2435.0,4,4,0,0
2025,RECREIO BANDEIRANTES,Maternal I,213,1324.0,4,0,4,0
2025,RECREIO BANDEIRANTES,Maternal II,104,1375.0,4,0,0,4
2025,RIACHUELO,Bercario,34,140.0,4,4,0,0
2025,RIACHUELO,Maternal I,14,63.0,4,0,4,0
2025,RIACHUELO,Maternal II,7,77.0,4,0,0,4
2025,RIBEIRA,Bercario,6,46.0,4,4,0,0
2025,RIBEIRA,Maternal I,4,21.0,4,0,4,0
2025,RIBEIRA,Maternal II,1,21.0,4,0,0,4
2025,RICARDO ALBUQUERQUE,Bercario,108,499.0,4,4,0,0
2025,RICARDO ALBUQUERQUE,Maternal I,139,286.0,4,0,4,0
2025,RICARDO ALBUQUERQUE,Maternal II,95,311.0,4,0,0,4
2025,RIO COMPRIDO,Bercario,214,695.0,4,4,0,0
2025,RIO COMPRIDO,Maternal I,117,398.0,4,0,4,0
2025,RIO COMPRIDO,Maternal II,74,384.0,4,0,0,4
2025,ROCHA,Bercario,91,292.0,4,4,0,0
2025,ROCHA,Maternal I,39,186.0,4,0,4,0
2025,ROCHA,Maternal II,20,156.0,4,0,0,4
2025,ROCHA MIRANDA,Bercario,169,724.0,4,4,0,0
2025,ROCHA MIRANDA,Maternal I,122,360.0,4,0,4,0
2025,ROCHA MIRANDA,Maternal II,102,444.0,4,0,0,4
2025,ROCINHA,Bercario,310,1341.0,4,4,0,0
2025,ROCINHA,Maternal I,266,735.0,4,0,4,0
2025,ROCINHA,Maternal II,146,714.0,4,0,0,4
2025,SAMPAIO,Bercario,91,220.0,4,4,0,0
2025,SAMPAIO,Maternal I,38,128.0,4,0,4,0
2025,SAMPAIO,Maternal II,17,121.0,4,0,0,4
2025,SANTA CRUZ,Bercario,1895,6041.0,4,4,0,0
2025,SANTA CRUZ,Maternal I,1417,3151.0,4,0,4,0
2025,SANTA CRUZ,Maternal II,693,3430.0,4,0,0,4
2025,SANTA TERESA,Bercario,182,607.0,4,4,0,0
2025,SANTA TERESA,Maternal I,124,352.0,4,0,4,0
2025,SANTA TERESA,Maternal II,54,367.0,4,0,0,4
2025,SANTISSIMO,Bercario,278,1004.0,4,4,0,0
2025,SANTISSIMO,Maternal I,264,517.0,4,0,4,0
2025,SANTISSIMO,Maternal II,132,662.0,4,0,0,4
2025,SANTO CRISTO,Bercario,82,253.0,4,4,0,0
2025,SANTO CRISTO,Maternal I,57,151.0,4,0,4,0
2025,SANTO CRISTO,Maternal II,25,174.0,4,0,0,4
2025,SAO CONRADO,Bercario,17,127.0,4,4,0,0
2025,SAO CONRADO,Maternal I,1,84.0,4,0,4,0
2025,SAO CONRADO,Maternal II,1,76.0,4,0,0,4
2025,SAO CRISTOVAO,Bercario,250,570.0,4,4,0,0
2025,SAO CRISTOVAO,Maternal I,162,430.0,4,0,4,0
2025,SAO CRISTOVAO,Maternal II,79,440.0,4,0,0,4
2025,SAO FRANCISCO XAVIER,Bercario,18,99.0,4,4,0,0
2025,SAO FRANCISCO XAVIER,Maternal I,21,60.0,4,0,4,0
2025,SAO FRANCISCO XAVIER,Maternal II,6,55.0,4,0,0,4
2025,SAUDE,Bercario,7,54.0,4,4,0,0
2025,SAUDE,Maternal I,5,19.0,4,0,4,0
2025,SAUDE,Maternal II,2,32.0,4,0,0,4
2025,SENADOR CAMARA,Bercario,351,2042.0,4,4,0,0
2025,SENADOR CAMARA,Maternal I,424,1143.0,4,0,4,0
2025,SENADOR CAMARA,Maternal II,308,1203.0,4,0,0,4
2025,SENADOR VASCONCELOS,Bercario,131,570.0,4,4,0,0
2025,SENADOR VASCONCELOS,Maternal I,156,306.0,4,0,4,0
2025,SENADOR VASCONCELOS,Maternal II,73,342.0,4,0,0,4
2025,SEPETIBA,Bercario,670,1467.0,4,4,0,0
2025,SEPETIBA,Maternal I,320,714.0,4,0,4,0
2025,SEPETIBA,Maternal II,214,749.0,4,0,0,4
2025,TANQUE,Bercario,219,805.0,4,4,0,0
2025,TANQUE,Maternal I,208,381.0,4,0,4,0
2025,TANQUE,Maternal II,90,442.0,4,0,0,4
2025,TAQUARA,Bercario,443,2076.0,4,4,0,0
2025,TAQUARA,Maternal I,364,1308.0,4,0,4,0
2025,TAQUARA,Maternal II,209,1291.0,4,0,0,4
2025,TAUA,Bercario,116,436.0,4,4,0,0
2025,TAUA,Maternal I,74,204.0,4,0,4,0
2025,TAUA,Maternal II,37,262.0,4,0,0,4
2025,TIJUCA,Bercario,290,1952.0,4,4,0,0
2025,TIJUCA,Maternal I,152,1027.0,4,0,4,0
2025,TIJUCA,Maternal II,57,998.0,4,0,0,4
2025,TODOS OS SANTOS,Bercario,15,269.0,4,4,0,0
2025,TODOS OS SANTOS,Maternal I,20,140.0,4,0,4,0
2025,TODOS OS SANTOS,Maternal II,11,146.0,4,0,0,4
2025,TOMAS COELHO,Bercario,101,437.0,4,4,0,0
2025,TOMAS COELHO,Maternal I,80,230.0,4,0,4,0
2025,TOMAS COELHO,Maternal II,39,256.0,4,0,0,4
2025,TURIACU,Bercario,59,269.0,4,4,0,0
2025,TURIACU,Maternal I,38,154.0,4,0,4,0
2025,TURIACU,Maternal II,22,146.0,4,0,0,4
2025,URCA,Bercario,4,80.0,4,4,0,0
2025,URCA,Maternal I,6,50.0,4,0,4,0
2025,URCA,Maternal II,2,47.0,4,0,0,4
2025,VARGEM GRANDE,Bercario,143,533.0,4,4,0,0
2025,VARGEM GRANDE,Maternal I,88,302.0,4,0,4,0
2025,VARGEM GRANDE,Maternal II,62,248.0,4,0,0,4
2025,VARGEM PEQUENA,Bercario,123,746.0,4,4,0,0
2025,VARGEM PEQUENA,Maternal I,85,365.0,4,0,4,0
2025,VARGEM PEQUENA,Maternal II,66,391.0,4,0,0,4
2025,VASCO GAMA,Bercario,16,193.0,4,4,0,0
2025,VASCO GAMA,Maternal I,12,19.0,4,0,4,0
2025,VASCO GAMA,Maternal II,7,82.0,4,0,0,4
2025,VAZ LOBO,Bercario,69,288.0,4,4,0,0
2025,VAZ LOBO,Maternal I,53,155.0,4,0,4,0
2025,VAZ LOBO,Maternal II,35,189.0,4,0,0,4
2025,VICENTE CARVALHO,Bercario,86,374.0,4,4,0,0
2025,VICENTE CARVALHO,Maternal I,73,235.0,4,0,4,0
2025,VICENTE CARVALHO,Maternal II,33,222.0,4,0,0,4
2025,VIDIGAL,Bercario,117,325.0,4,4,0,0
2025,VIDIGAL,Maternal I,64,152.0,4,0,4,0
2025,VIDIGAL,Maternal II,23,169.0,4,0,0,4
2025,VIGARIO GERAL,Bercario,165,781.0,4,4,0,0
2025,VIGARIO GERAL,Maternal I,170,371.0,4,0,4,0
2025,VIGARIO GERAL,Maternal II,67,422.0,4,0,0,4
2025,VILA ISABEL,Bercario,182,879.0,4,4,0,0
2025,VILA ISABEL,Maternal I,84,479.0,4,0,4,0
2025,VILA ISABEL,Maternal II,46,533.0,4,0,0,4
2025,VILA KENNEDY,Bercario,1,506.0,4,4,0,0
2025,VILA KENNEDY,Maternal I,2,44.0,4,0,4,0
2025,VILA KENNEDY,Maternal II,0,101.0,4,0,0,4
2025,VILA KOSMOS,Bercario,34,203.0,4,4,0,0
2025,VILA KOSMOS,Maternal I,41,108.0,4,0,4,0
2025,VILA KOSMOS,Maternal II,18,123.0,4,0,0,4
2025,VILA MILITAR,Bercario,6,268.0,4,4,0,0
2025,VILA MILITAR,Maternal I,11,90.0,4,0,4,0
2025,VILA MILITAR,Maternal II,17,151.0,4,0,0,4
2025,VILA PENHA,Bercario,58,262.0,4,4,0,0
2025,VILA PENHA,Maternal I,52,161.0,4,0,4,0
2025,VILA PENHA,Maternal II,16,182.0,4,0,0,4
2025,VILA VALQUEIRE,Bercario,86,572.0,4,4,0,0
2025,VILA VALQUEIRE,Maternal I,101,304.0,4,0,4,0
2025,VILA VALQUEIRE,Maternal II,43,264.0,4,0,0,4
2025,VISTA ALEGRE,Bercario,34,125.0,4,4,0,0
2025,VISTA ALEGRE,Maternal I,18,55.0,4,0,4,0
2025,VISTA ALEGRE,Maternal II,13,58.0,4,0,0,4
2025,ZUMBI,Bercario,7,35.0,4,4,0,0
2025,ZUMBI,Maternal I,3,25.0,4,0,4,0
2025,ZUMBI,Maternal II,2,23.0,4,0,0,4
2026,ABOLICAO,Bercario,0,125.0,5,5,0,0
2026,ABOLICAO,Maternal I,0,76.0,5,0,5,0
2026,ABOLICAO,Maternal II,0,78.0,5,0,0,5
2026,ACARI,Bercario,0,735.0,5,5,0,0
2026,ACARI,Maternal I,0,415.0,5,0,5,0
2026,ACARI,Maternal II,0,407.0,5,0,0,5
2026,AGUA SANTA,Bercario,0,115.0,5,5,0,0
2026,AGUA SANTA,Maternal I,0,54.0,5,0,5,0
2026,AGUA SANTA,Maternal II,0,69.0,5,0,0,5
2026,ALTO BOA VISTA,Bercario,0,124.0,5,5,0,0
2026,ALTO BOA VISTA,Maternal I,0,99.0,5,0,5,0
2026,ALTO BOA VISTA,Maternal II,0,70.0,5,0,0,5
2026,ANCHIETA,Bercario,0,1148.0,5,5,0,0
2026,ANCHIETA,Maternal I,0,641.0,5,0,5,0
2026,ANCHIETA,Maternal II,0,746.0,5,0,0,5
2026,ANDARAI,Bercario,0,438.0,5,5,0,0
2026,ANDARAI,Maternal I,0,237.0,5,0,5,0
2026,ANDARAI,Maternal II,0,269.0,5,0,0,5
2026,ANIL,Bercario,0,662.0,5,5,0,0
2026,ANIL,Maternal I,0,367.0,5,0,5,0
2026,ANIL,Maternal II,0,439.0,5,0,0,5
2026,ARGENTINO,Bercario,0,0.0,5,5,0,0
2026,ARGENTINO,Maternal I,0,0.0,5,0,5,0
2026,ARGENTINO,Maternal II,0,0.0,5,0,0,5
2026,BANCARIOS,Bercario,0,256.0,5,5,0,0
2026,BANCARIOS,Maternal I,0,123.0,5,0,5,0
2026,BANCARIOS,Maternal II,0,186.0,5,0,0,5
2026,BANGU,Bercario,0,3901.0,5,5,0,0
2026,BANGU,Maternal I,0,2138.0,5,0,5,0
2026,BANGU,Maternal II,0,2461.0,5,0,0,5
2026,BARRA GUARATIBA,Bercario,0,94.0,5,5,0,0
2026,BARRA GUARATIBA,Maternal I,0,71.0,5,0,5,0
2026,BARRA GUARATIBA,Maternal II,0,57.0,5,0,0,5
2026,BARRA OLIMPICA,Bercario,0,1025.0,5,5,0,0
2026,BARRA OLIMPICA,Maternal I,0,0.0,5,0,5,0
2026,BARRA OLIMPICA,Maternal II,0,0.0,5,0,0,5
2026,BARRA TIJUCA,Bercario,0,2259.0,5,5,0,0
2026,BARRA TIJUCA,Maternal I,0,1168.0,5,0,5,0
2026,BARRA TIJUCA,Maternal II,0,1210.0,5,0,0,5
2026,BARROS FILHO,Bercario,0,361.0,5,5,0,0
2026,BARROS FILHO,Maternal I,0,222.0,5,0,5,0
2026,BARROS FILHO,Maternal II,0,187.0,5,0,0,5
2026,BENFICA,Bercario,0,603.0,5,5,0,0
2026,BENFICA,Maternal I,0,408.0,5,0,5,0
2026,BENFICA,Maternal II,0,320.0,5,0,0,5
2026,BENTO RIBEIRO,Bercario,0,590.0,5,5,0,0
2026,BENTO RIBEIRO,Maternal I,0,319.0,5,0,5,0
2026,BENTO RIBEIRO,Maternal II,0,301.0,5,0,0,5
2026,BONSUCESSO,Bercario,0,658.0,5,5,0,0
2026,BONSUCESSO,Maternal I,0,397.0,5,0,5,0
2026,BONSUCESSO,Maternal II,0,742.0,5,0,0,5
2026,BOTAFOGO,Bercario,0,1069.0,5,5,0,0
2026,BOTAFOGO,Maternal I,0,528.0,5,0,5,0
2026,BOTAFOGO,Maternal II,0,567.0,5,0,0,5
2026,BRAS PINA,Bercario,0,725.0,5,5,0,0
2026,BRAS PINA,Maternal I,0,390.0,5,0,5,0
2026,BRAS PINA,Maternal II,0,417.0,5,0,0,5
2026,CACHAMBI,Bercario,0,556.0,5,5,0,0
2026,CACHAMBI,Maternal I,0,294.0,5,0,5,0
2026,CACHAMBI,Maternal II,0,306.0,5,0,0,5
2026,CACUIA,Bercario,0,167.0,5,5,0,0
2026,CACUIA,Maternal I,0,90.0,5,0,5,0
2026,CACUIA,Maternal II,0,89.0,5,0,0,5
2026,CAJU,Bercario,0,603.0,5,5,0,0
2026,CAJU,Maternal I,0,329.0,5,0,5,0
2026,CAJU,Maternal II,0,331.0,5,0,0,5
2026,CAMORIM,Bercario,0,55.0,5,5,0,0
2026,CAMORIM,Maternal I,0,80.0,5,0,5,0
2026,CAMORIM,Maternal II,0,123.0,5,0,0,5
2026,CAMPINHO,Bercario,0,180.0,5,5,0,0
2026,CAMPINHO,Maternal I,0,107.0,5,0,5,0
2026,CAMPINHO,Maternal II,0,100.0,5,0,0,5
2026,CAMPO AFONSOS,Bercario,0,70.0,5,5,0,0
2026,CAMPO AFONSOS,Maternal I,0,41.0,5,0,5,0
2026,CAMPO AFONSOS,Maternal II,0,31.0,5,0,0,5
2026,CAMPO GRANDE,Bercario,0,6911.0,5,5,0,0
2026,CAMPO GRANDE,Maternal I,0,3685.0,5,0,5,0
2026,CAMPO GRANDE,Maternal II,0,3900.0,5,0,0,5
2026,CASCADURA,Bercario,0,497.0,5,5,0,0
2026,CASCADURA,Maternal I,0,293.0,5,0,5,0
2026,CASCADURA,Maternal II,0,304.0,5,0,0,5
2026,CATETE,Bercario,0,309.0,5,5,0,0
2026,CATETE,Maternal I,0,169.0,5,0,5,0
2026,CATETE,Maternal II,0,174.0,5,0,0,5
2026,CATUMBI,Bercario,0,270.0,5,5,0,0
2026,CATUMBI,Maternal I,0,127.0,5,0,5,0
2026,CATUMBI,Maternal II,0,148.0,5,0,0,5
2026,CAVALCANTE,Bercario,0,286.0,5,5,0,0
2026,CAVALCANTE,Maternal I,0,153.0,5,0,5,0
2026,CAVALCANTE,Maternal II,0,157.0,5,0,0,5
2026,CENTRO,Bercario,0,365.0,5,5,0,0
2026,CENTRO,Maternal I,0,199.0,5,0,5,0
2026,CENTRO,Maternal II,0,243.0,5,0,0,5
2026,CIDADE DEUS,Bercario,0,1031.0,5,5,0,0
2026,CIDADE DEUS,Maternal I,0,559.0,5,0,5,0
2026,CIDADE DEUS,Maternal II,0,591.0,5,0,0,5
2026,CIDADE NOVA,Bercario,0,80.0,5,5,0,0
2026,CIDADE NOVA,Maternal I,0,41.0,5,0,5,0
2026,CIDADE NOVA,Maternal II,0,46.0,5,0,0,5
2026,CIDADE UNIVERSITARIA,Bercario,0,25.0,5,5,0,0
2026,CIDADE UNIVERSITARIA,Maternal I,0,13.0,5,0,5,0
2026,CIDADE UNIVERSITARIA,Maternal II,0,10.0,5,0,0,5
2026,COCOTA,Bercario,0,89.0,5,5,0,0
2026,COCOTA,Maternal I,0,39.0,5,0,5,0
2026,COCOTA,Maternal II,0,52.0,5,0,0,5
2026,COELHO NETO,Bercario,0,507.0,5,5,0,0
2026,COELHO NETO,Maternal I,0,314.0,5,0,5,0
2026,COELHO NETO,Maternal II,0,284.0,5,0,0,5
2026,COLEGIO,Bercario,0,574.0,5,5,0,0
2026,COLEGIO,Maternal I,0,321.0,5,0,5,0
2026,COLEGIO,Maternal II,0,350.0,5,0,0,5
2026,COMPLEXO ALEMAO,Bercario,0,850.0,5,5,0,0
2026,COMPLEXO ALEMAO,Maternal I,0,410.0,5,0,5,0
2026,COMPLEXO ALEMAO,Maternal II,0,232.0,5,0,0,5
2026,COMPLEXO MARE,Bercario,0,2988.0,5,5,0,0
2026,COMPLEXO MARE,Maternal I,0,1576.0,5,0,5,0
2026,COMPLEXO MARE,Maternal II,0,1033.0,5,0,0,5
2026,COPACABANA,Bercario,0,1478.0,5,5,0,0
2026,COPACABANA,Maternal I,0,866.0,5,0,5,0
2026,COPACABANA,Maternal II,0,874.0,5,0,0,5
2026,CORDOVIL,Bercario,0,638.0,5,5,0,0
2026,CORDOVIL,Maternal I,0,365.0,5,0,5,0
2026,CORDOVIL,Maternal II,0,369.0,5,0,0,5
2026,COSME VELHO,Bercario,0,108.0,5,5,0,0
2026,COSME VELHO,Maternal I,0,51.0,5,0,5,0
2026,COSME VELHO,Maternal II,0,64.0,5,0,0,5
2026,COSMOS,Bercario,0,1965.0,5,5,0,0
2026,COSMOS,Maternal I,0,1049.0,5,0,5,0
2026,COSMOS,Maternal II,0,1071.0,5,0,0,5
2026,COSTA BARROS,Bercario,0,776.0,5,5,0,0
2026,COSTA BARROS,Maternal I,0,419.0,5,0,5,0
2026,COSTA BARROS,Maternal II,0,540.0,5,0,0,5
2026,CURICICA,Bercario,0,700.0,5,5,0,0
2026,CURICICA,Maternal I,0,449.0,5,0,5,0
2026,CURICICA,Maternal II,0,695.0,5,0,0,5
2026,DEL CASTILHO,Bercario,0,440.0,5,5,0,0
2026,DEL CASTILHO,Maternal I,0,225.0,5,0,5,0
2026,DEL CASTILHO,Maternal II,0,239.0,5,0,0,5
2026,DEODORO,Bercario,0,231.0,5,5,0,0
2026,DEODORO,Maternal I,0,122.0,5,0,5,0
2026,DEODORO,Maternal II,0,157.0,5,0,0,5
2026,ENCANTADO,Bercario,0,179.0,5,5,0,0
2026,ENCANTADO,Maternal I,0,93.0,5,0,5,0
2026,ENCANTADO,Maternal II,0,91.0,5,0,0,5
2026,ENGENHEIRO LEAL,Bercario,0,96.0,5,5,0,0
2026,ENGENHEIRO LEAL,Maternal I,0,70.0,5,0,5,0
2026,ENGENHEIRO LEAL,Maternal II,0,66.0,5,0,0,5
2026,ENGENHO DENTRO,Bercario,0,684.0,5,5,0,0
2026,ENGENHO DENTRO,Maternal I,0,366.0,5,0,5,0
2026,ENGENHO DENTRO,Maternal II,0,393.0,5,0,0,5
2026,ENGENHO NOVO,Bercario,0,670.0,5,5,0,0
2026,ENGENHO NOVO,Maternal I,0,428.0,5,0,5,0
2026,ENGENHO NOVO,Maternal II,0,428.0,5,0,0,5
2026,ENGENHO RAINHA,Bercario,0,448.0,5,5,0,0
2026,ENGENHO RAINHA,Maternal I,0,248.0,5,0,5,0
2026,ENGENHO RAINHA,Maternal II,0,272.0,5,0,0,5
2026,ESTACIO,Bercario,0,328.0,5,5,0,0
2026,ESTACIO,Maternal I,0,175.0,5,0,5,0
2026,ESTACIO,Maternal II,0,178.0,5,0,0,5
2026,FLAMENGO,Bercario,0,510.0,5,5,0,0
2026,FLAMENGO,Maternal I,0,268.0,5,0,5,0
2026,FLAMENGO,Maternal II,0,297.0,5,0,0,5
2026,FREGUESIA ILHA,Bercario,0,353.0,5,5,0,0
2026,FREGUESIA ILHA,Maternal I,0,165.0,5,0,5,0
2026,FREGUESIA ILHA,Maternal II,0,155.0,5,0,0,5
2026,FREGUESIA JPA,Bercario,0,1130.0,5,5,0,0
2026,FREGUESIA JPA,Maternal I,0,595.0,5,0,5,0
2026,FREGUESIA JPA,Maternal II,0,626.0,5,0,0,5
2026,GALEAO,Bercario,0,546.0,5,5,0,0
2026,GALEAO,Maternal I,0,309.0,5,0,5,0
2026,GALEAO,Maternal II,0,347.0,5,0,0,5
2026,GAMBOA,Bercario,0,249.0,5,5,0,0
2026,GAMBOA,Maternal I,0,125.0,5,0,5,0
2026,GAMBOA,Maternal II,0,126.0,5,0,0,5
2026,GARDENIA AZUL,Bercario,0,715.0,5,5,0,0
2026,GARDENIA AZUL,Maternal I,0,424.0,5,0,5,0
2026,GARDENIA AZUL,Maternal II,0,529.0,5,0,0,5
2026,GAVEA,Bercario,0,251.0,5,5,0,0
2026,GAVEA,Maternal I,0,165.0,5,0,5,0
2026,GAVEA,Maternal II,0,167.0,5,0,0,5
2026,GERICINO,Bercario,0,28.0,5,5,0,0
2026,GERICINO,Maternal I,0,19.0,5,0,5,0
2026,GERICINO,Maternal II,0,0.0,5,0,0,5
2026,GLORIA,Bercario,0,89.0,5,5,0,0
2026,GLORIA,Maternal I,0,57.0,5,0,5,0
2026,GLORIA,Maternal II,0,44.0,5,0,0,5
2026,GRAJAU,Bercario,0,378.0,5,5,0,0
2026,GRAJAU,Maternal I,0,222.0,5,0,5,0
2026,GRAJAU,Maternal II,0,234.0,5,0,0,5
2026,GRUMARI,Bercario,0,1.0,5,5,0,0
2026,GRUMARI,Maternal I,0,4.0,5,0,5,0
2026,GRUMARI,Maternal II,0,2.0,5,0,0,5
2026,GUADALUPE,Bercario,0,710.0,5,5,0,0
2026,GUADALUPE,Maternal I,0,400.0,5,0,5,0
2026,GUADALUPE,Maternal II,0,481.0,5,0,0,5
2026,GUARATIBA,Bercario,0,3716.0,5,5,0,0
2026,GUARATIBA,Maternal I,0,1839.0,5,0,5,0
2026,GUARATIBA,Maternal II,0,1787.0,5,0,0,5
2026,HIGIENOPOLIS,Bercario,0,228.0,5,5,0,0
2026,HIGIENOPOLIS,Maternal I,0,101.0,5,0,5,0
2026,HIGIENOPOLIS,Maternal II,0,105.0,5,0,0,5
2026,HONORIO GURGEL,Bercario,0,356.0,5,5,0,0
2026,HONORIO GURGEL,Maternal I,0,186.0,5,0,5,0
2026,HONORIO GURGEL,Maternal II,0,231.0,5,0,0,5
2026,HUMAITA,Bercario,0,138.0,5,5,0,0
2026,HUMAITA,Maternal I,0,71.0,5,0,5,0
2026,HUMAITA,Maternal II,0,76.0,5,0,0,5
2026,ILHA GUARATIBA,Bercario,0,141.0,5,5,0,0
2026,ILHA GUARATIBA,Maternal I,0,9.0,5,0,5,0
2026,ILHA GUARATIBA,Maternal II,0,0.0,5,0,0,5
2026,INHAUMA,Bercario,0,1024.0,5,5,0,0
2026,INHAUMA,Maternal I,0,572.0,5,0,5,0
2026,INHAUMA,Maternal II,0,529.0,5,0,0,5
2026,INHOAIBA,Bercario,0,1484.0,5,5,0,0
2026,INHOAIBA,Maternal I,0,748.0,5,0,5,0
2026,INHOAIBA,Maternal II,0,824.0,5,0,0,5
2026,IPANEMA,Bercario,0,488.0,5,5,0,0
2026,IPANEMA,Maternal I,0,254.0,5,0,5,0
2026,IPANEMA,Maternal II,0,246.0,5,0,0,5
2026,IRAJA,Bercario,0,1377.0,5,5,0,0
2026,IRAJA,Maternal I,0,786.0,5,0,5,0
2026,IRAJA,Maternal II,0,829.0,5,0,0,5
2026,ITANHANGA,Bercario,0,1511.0,5,5,0,0
2026,ITANHANGA,Maternal I,0,819.0,5,0,5,0
2026,ITANHANGA,Maternal II,0,721.0,5,0,0,5
2026,JABOUR,Bercario,0,35.0,5,5,0,0
2026,JABOUR,Maternal I,0,1.0,5,0,5,0
2026,JABOUR,Maternal II,0,1.0,5,0,0,5
2026,JACARE,Bercario,0,281.0,5,5,0,0
2026,JACARE,Maternal I,0,163.0,5,0,5,0
2026,JACARE,Maternal II,0,288.0,5,0,0,5
2026,JACAREPAGUA,Bercario,0,4040.0,5,5,0,0
2026,JACAREPAGUA,Maternal I,0,2489.0,5,0,5,0
2026,JACAREPAGUA,Maternal II,0,1957.0,5,0,0,5
2026,JACAREZINHO,Bercario,0,525.0,5,5,0,0
2026,JACAREZINHO,Maternal I,0,279.0,5,0,5,0
2026,JACAREZINHO,Maternal II,0,157.0,5,0,0,5
2026,JARDIM AMERICA,Bercario,0,423.0,5,5,0,0
2026,JARDIM AMERICA,Maternal I,0,281.0,5,0,5,0
2026,JARDIM AMERICA,Maternal II,0,289.0,5,0,0,5
2026,JARDIM BOTANICO,Bercario,0,187.0,5,5,0,0
2026,JARDIM BOTANICO,Maternal I,0,110.0,5,0,5,0
2026,JARDIM BOTANICO,Maternal II,0,118.0,5,0,0,5
2026,JARDIM CARIOCA,Bercario,0,363.0,5,5,0,0
2026,JARDIM CARIOCA,Maternal I,0,189.0,5,0,5,0
2026,JARDIM CARIOCA,Maternal II,0,213.0,5,0,0,5
2026,JARDIM GUANABARA,Bercario,0,327.0,5,5,0,0
2026,JARDIM GUANABARA,Maternal I,0,176.0,5,0,5,0
2026,JARDIM GUANABARA,Maternal II,0,194.0,5,0,0,5
2026,JARDIM SULACAP,Bercario,0,243.0,5,5,0,0
2026,JARDIM SULACAP,Maternal I,0,176.0,5,0,5,0
2026,JARDIM SULACAP,Maternal II,0,200.0,5,0,0,5
2026,JOA,Bercario,0,14.0,5,5,0,0
2026,JOA,Maternal I,0,4.0,5,0,5,0
2026,JOA,Maternal II,0,8.0,5,0,0,5
2026,LAGOA,Bercario,0,259.0,5,5,0,0
2026,LAGOA,Maternal I,0,117.0,5,0,5,0
2026,LAGOA,Maternal II,0,137.0,5,0,0,5
2026,LAPA,Bercario,0,83.0,5,5,0,0
2026,LAPA,Maternal I,0,33.0,5,0,5,0
2026,LAPA,Maternal II,0,15.0,5,0,0,5
2026,LARANJEIRAS,Bercario,0,446.0,5,5,0,0
2026,LARANJEIRAS,Maternal I,0,257.0,5,0,5,0
2026,LARANJEIRAS,Maternal II,0,285.0,5,0,0,5
2026,LEBLON,Bercario,0,520.0,5,5,0,0
2026,LEBLON,Maternal I,0,259.0,5,0,5,0
2026,LEBLON,Maternal II,0,288.0,5,0,0,5
2026,LEME,Bercario,0,179.0,5,5,0,0
2026,LEME,Maternal I,0,90.0,5,0,5,0
2026,LEME,Maternal II,0,103.0,5,0,0,5
2026,LINS VASCONCELOS,Bercario,0,640.0,5,5,0,0
2026,LINS VASCONCELOS,Maternal I,0,332.0,5,0,5,0
2026,LINS VASCONCELOS,Maternal II,0,345.0,5,0,0,5
2026,MADUREIRA,Bercario,0,764.0,5,5,0,0
2026,MADUREIRA,Maternal I,0,383.0,5,0,5,0
2026,MADUREIRA,Maternal II,0,462.0,5,0,0,5
2026,MAGALHAES BASTOS,Bercario,0,397.0,5,5,0,0
2026,MAGALHAES BASTOS,Maternal I,0,214.0,5,0,5,0
2026,MAGALHAES BASTOS,Maternal II,0,228.0,5,0,0,5
2026,MANGUEIRA,Bercario,0,432.0,5,5,0,0
2026,MANGUEIRA,Maternal I,0,228.0,5,0,5,0
2026,MANGUEIRA,Maternal II,0,232.0,5,0,0,5
2026,MANGUINHOS,Bercario,0,808.0,5,5,0,0
2026,MANGUINHOS,Maternal I,0,348.0,5,0,5,0
2026,MANGUINHOS,Maternal II,0,391.0,5,0,0,5
2026,MARACANA,Bercario,0,270.0,5,5,0,0
2026,MARACANA,Maternal I,0,143.0,5,0,5,0
2026,MARACANA,Maternal II,0,160.0,5,0,0,5
2026,MARECHAL HERMES,Bercario,0,668.0,5,5,0,0
2026,MARECHAL HERMES,Maternal I,0,419.0,5,0,5,0
2026,MARECHAL HERMES,Maternal II,0,361.0,5,0,0,5
2026,MARIA GRACA,Bercario,0,90.0,5,5,0,0
2026,MARIA GRACA,Maternal I,0,48.0,5,0,5,0
2026,MARIA GRACA,Maternal II,0,55.0,5,0,0,5
2026,MEIER,Bercario,0,420.0,5,5,0,0
2026,MEIER,Maternal I,0,257.0,5,0,5,0
2026,MEIER,Maternal II,0,242.0,5,0,0,5
2026,MONERO,Bercario,0,73.0,5,5,0,0
2026,MONERO,Maternal I,0,22.0,5,0,5,0
2026,MONERO,Maternal II,0,24.0,5,0,0,5
2026,OLARIA,Bercario,0,807.0,5,5,0,0
2026,OLARIA,Maternal I,0,403.0,5,0,5,0
2026,OLARIA,Maternal II,0,492.0,5,0,0,5
2026,OSWALDO CRUZ,Bercario,0,405.0,5,5,0,0
2026,OSWALDO CRUZ,Maternal I,0,255.0,5,0,5,0
2026,OSWALDO CRUZ,Maternal II,0,244.0,5,0,0,5
2026,PACIENCIA,Bercario,0,2263.0,5,5,0,0
2026,PACIENCIA,Maternal I,0,1210.0,5,0,5,0
2026,PACIENCIA,Maternal II,0,1251.0,5,0,0,5
2026,PADRE MIGUEL,Bercario,0,1043.0,5,5,0,0
2026,PADRE MIGUEL,Maternal I,0,547.0,5,0,5,0
2026,PADRE MIGUEL,Maternal II,0,510.0,5,0,0,5
2026,PAQUETA,Bercario,0,47.0,5,5,0,0
2026,PAQUETA,Maternal I,0,25.0,5,0,5,0
2026,PAQUETA,Maternal II,0,33.0,5,0,0,5
2026,PARADA LUCAS,Bercario,0,523.0,5,5,0,0
2026,PARADA LUCAS,Maternal I,0,273.0,5,0,5,0
2026,PARADA LUCAS,Maternal II,0,280.0,5,0,0,5
2026,PARQUE ANCHIETA,Bercario,0,329.0,5,5,0,0
2026,PARQUE ANCHIETA,Maternal I,0,171.0,5,0,5,0
2026,PARQUE ANCHIETA,Maternal II,0,139.0,5,0,0,5
2026,PARQUE COLUMBIA,Bercario,0,158.0,5,5,0,0
2026,PARQUE COLUMBIA,Maternal I,0,114.0,5,0,5,0
2026,PARQUE COLUMBIA,Maternal II,0,20.0,5,0,0,5
2026,PAVUNA,Bercario,0,1790.0,5,5,0,0
2026,PAVUNA,Maternal I,0,980.0,5,0,5,0
2026,PAVUNA,Maternal II,0,816.0,5,0,0,5
2026,PECHINCHA,Bercario,0,629.0,5,5,0,0
2026,PECHINCHA,Maternal I,0,396.0,5,0,5,0
2026,PECHINCHA,Maternal II,0,433.0,5,0,0,5
2026,PEDRA GUARATIBA,Bercario,0,337.0,5,5,0,0
2026,PEDRA GUARATIBA,Maternal I,0,220.0,5,0,5,0
2026,PEDRA GUARATIBA,Maternal II,0,458.0,5,0,0,5
2026,PENHA,Bercario,0,1179.0,5,5,0,0
2026,PENHA,Maternal I,0,651.0,5,0,5,0
2026,PENHA,Maternal II,0,715.0,5,0,0,5
2026,PENHA CIRCULAR,Bercario,0,727.0,5,5,0,0
2026,PENHA CIRCULAR,Maternal I,0,399.0,5,0,5,0
2026,PENHA CIRCULAR,Maternal II,0,360.0,5,0,0,5
2026,PIEDADE,Bercario,0,665.0,5,5,0,0
2026,PIEDADE,Maternal I,0,375.0,5,0,5,0
2026,PIEDADE,Maternal II,0,347.0,5,0,0,5
2026,PILARES,Bercario,0,392.0,5,5,0,0
2026,PILARES,Maternal I,0,230.0,5,0,5,0
2026,PILARES,Maternal II,0,229.0,5,0,0,5
2026,PITANGUEIRAS,Bercario,0,167.0,5,5,0,0
2026,PITANGUEIRAS,Maternal I,0,97.0,5,0,5,0
2026,PITANGUEIRAS,Maternal II,0,89.0,5,0,0,5
2026,PORTUGUESA,Bercario,0,248.0,5,5,0,0
2026,PORTUGUESA,Maternal I,0,152.0,5,0,5,0
2026,PORTUGUESA,Maternal II,0,154.0,5,0,0,5
2026,PRACA BANDEIRA,Bercario,0,108.0,5,5,0,0
2026,PRACA BANDEIRA,Maternal I,0,62.0,5,0,5,0
2026,PRACA BANDEIRA,Maternal II,0,60.0,5,0,0,5
2026,PRACA SECA,Bercario,0,1105.0,5,5,0,0
2026,PRACA SECA,Maternal I,0,607.0,5,0,5,0
2026,PRACA SECA,Maternal II,0,568.0,5,0,0,5
2026,PRAIA BANDEIRA,Bercario,0,75.0,5,5,0,0
2026,PRAIA BANDEIRA,Maternal I,0,40.0,5,0,5,0
2026,PRAIA BANDEIRA,Maternal II,0,16.0,5,0,0,5
2026,QUINTINO BOCAIUVA,Bercario,0,418.0,5,5,0,0
2026,QUINTINO BOCAIUVA,Maternal I,0,219.0,5,0,5,0
2026,QUINTINO BOCAIUVA,Maternal II,0,243.0,5,0,0,5
2026,RAMOS,Bercario,0,858.0,5,5,0,0
2026,RAMOS,Maternal I,0,507.0,5,0,5,0
2026,RAMOS,Maternal II,0,861.0,5,0,0,5
2026,REALENGO,Bercario,0,2915.0,5,5,0,0
2026,REALENGO,Maternal I,0,1620.0,5,0,5,0
2026,REALENGO,Maternal II,0,1690.0,5,0,0,5
2026,RECREIO BANDEIRANTES,Bercario,0,2436.0,5,5,0,0
2026,RECREIO BANDEIRANTES,Maternal I,0,1258.0,5,0,5,0
2026,RECREIO BANDEIRANTES,Maternal II,0,1324.0,5,0,0,5
2026,RIACHUELO,Bercario,0,127.0,5,5,0,0
2026,RIACHUELO,Maternal I,0,76.0,5,0,5,0
2026,RIACHUELO,Maternal II,0,63.0,5,0,0,5
2026,RIBEIRA,Bercario,0,48.0,5,5,0,0
2026,RIBEIRA,Maternal I,0,20.0,5,0,5,0
2026,RIBEIRA,Maternal II,0,21.0,5,0,0,5
2026,RICARDO ALBUQUERQUE,Bercario,0,490.0,5,5,0,0
2026,RICARDO ALBUQUERQUE,Maternal I,0,269.0,5,0,5,0
2026,RICARDO ALBUQUERQUE,Maternal II,0,286.0,5,0,0,5
2026,RIO COMPRIDO,Bercario,0,700.0,5,5,0,0
2026,RIO COMPRIDO,Maternal I,0,343.0,5,0,5,0
2026,RIO COMPRIDO,Maternal II,0,398.0,5,0,0,5
2026,ROCHA,Bercario,0,318.0,5,5,0,0
2026,ROCHA,Maternal I,0,155.0,5,0,5,0
2026,ROCHA,Maternal II,0,186.0,5,0,0,5
2026,ROCHA MIRANDA,Bercario,0,691.0,5,5,0,0
2026,ROCHA MIRANDA,Maternal I,0,358.0,5,0,5,0
2026,ROCHA MIRANDA,Maternal II,0,360.0,5,0,0,5
2026,ROCINHA,Bercario,0,1375.0,5,5,0,0
2026,ROCINHA,Maternal I,0,657.0,5,0,5,0
2026,ROCINHA,Maternal II,0,735.0,5,0,0,5
2026,SAMPAIO,Bercario,0,201.0,5,5,0,0
2026,SAMPAIO,Maternal I,0,117.0,5,0,5,0
2026,SAMPAIO,Maternal II,0,128.0,5,0,0,5
2026,SANTA CRUZ,Bercario,0,6118.0,5,5,0,0
2026,SANTA CRUZ,Maternal I,0,3109.0,5,0,5,0
2026,SANTA CRUZ,Maternal II,0,3151.0,5,0,0,5
2026,SANTA TERESA,Bercario,0,609.0,5,5,0,0
2026,SANTA TERESA,Maternal I,0,313.0,5,0,5,0
2026,SANTA TERESA,Maternal II,0,352.0,5,0,0,5
2026,SANTISSIMO,Bercario,0,953.0,5,5,0,0
2026,SANTISSIMO,Maternal I,0,521.0,5,0,5,0
2026,SANTISSIMO,Maternal II,0,517.0,5,0,0,5
2026,SANTO CRISTO,Bercario,0,244.0,5,5,0,0
2026,SANTO CRISTO,Maternal I,0,135.0,5,0,5,0
2026,SANTO CRISTO,Maternal II,0,151.0,5,0,0,5
2026,SAO CONRADO,Bercario,0,157.0,5,5,0,0
2026,SAO CONRADO,Maternal I,0,56.0,5,0,5,0
2026,SAO CONRADO,Maternal II,0,84.0,5,0,0,5
2026,SAO CRISTOVAO,Bercario,0,547.0,5,5,0,0
2026,SAO CRISTOVAO,Maternal I,0,307.0,5,0,5,0
2026,SAO CRISTOVAO,Maternal II,0,430.0,5,0,0,5
2026,SAO FRANCISCO XAVIER,Bercario,0,108.0,5,5,0,0
2026,SAO FRANCISCO XAVIER,Maternal I,0,49.0,5,0,5,0
2026,SAO FRANCISCO XAVIER,Maternal II,0,60.0,5,0,0,5
2026,SAUDE,Bercario,0,34.0,5,5,0,0
2026,SAUDE,Maternal I,0,33.0,5,0,5,0
2026,SAUDE,Maternal II,0,19.0,5,0,0,5
2026,SENADOR CAMARA,Bercario,0,1966.0,5,5,0,0
2026,SENADOR CAMARA,Maternal I,0,1070.0,5,0,5,0
2026,SENADOR CAMARA,Maternal II,0,1143.0,5,0,0,5
2026,SENADOR VASCONCELOS,Bercario,0,601.0,5,5,0,0
2026,SENADOR VASCONCELOS,Maternal I,0,267.0,5,0,5,0
2026,SENADOR VASCONCELOS,Maternal II,0,306.0,5,0,0,5
2026,SEPETIBA,Bercario,0,1429.0,5,5,0,0
2026,SEPETIBA,Maternal I,0,770.0,5,0,5,0
2026,SEPETIBA,Maternal II,0,714.0,5,0,0,5
2026,TANQUE,Bercario,0,806.0,5,5,0,0
2026,TANQUE,Maternal I,0,384.0,5,0,5,0
2026,TANQUE,Maternal II,0,381.0,5,0,0,5
2026,TAQUARA,Bercario,0,1942.0,5,5,0,0
2026,TAQUARA,Maternal I,0,1106.0,5,0,5,0
2026,TAQUARA,Maternal II,0,1308.0,5,0,0,5
2026,TAUA,Bercario,0,436.0,5,5,0,0
2026,TAUA,Maternal I,0,226.0,5,0,5,0
2026,TAUA,Maternal II,0,204.0,5,0,0,5
2026,TIJUCA,Bercario,0,1839.0,5,5,0,0
2026,TIJUCA,Maternal I,0,1042.0,5,0,5,0
2026,TIJUCA,Maternal II,0,1027.0,5,0,0,5
2026,TODOS OS SANTOS,Bercario,0,263.0,5,5,0,0
2026,TODOS OS SANTOS,Maternal I,0,142.0,5,0,5,0
2026,TODOS OS SANTOS,Maternal II,0,140.0,5,0,0,5
2026,TOMAS COELHO,Bercario,0,401.0,5,5,0,0
2026,TOMAS COELHO,Maternal I,0,230.0,5,0,5,0
2026,TOMAS COELHO,Maternal II,0,230.0,5,0,0,5
2026,TURIACU,Bercario,0,269.0,5,5,0,0
2026,TURIACU,Maternal I,0,140.0,5,0,5,0
2026,TURIACU,Maternal II,0,154.0,5,0,0,5
2026,URCA,Bercario,0,93.0,5,5,0,0
2026,URCA,Maternal I,0,38.0,5,0,5,0
2026,URCA,Maternal II,0,50.0,5,0,0,5
2026,VARGEM GRANDE,Bercario,0,494.0,5,5,0,0
2026,VARGEM GRANDE,Maternal I,0,292.0,5,0,5,0
2026,VARGEM GRANDE,Maternal II,0,302.0,5,0,0,5
2026,VARGEM PEQUENA,Bercario,0,667.0,5,5,0,0
2026,VARGEM PEQUENA,Maternal I,0,408.0,5,0,5,0
2026,VARGEM PEQUENA,Maternal II,0,365.0,5,0,0,5
2026,VASCO GAMA,Bercario,0,264.0,5,5,0,0
2026,VASCO GAMA,Maternal I,0,59.0,5,0,5,0
2026,VASCO GAMA,Maternal II,0,19.0,5,0,0,5
2026,VAZ LOBO,Bercario,0,269.0,5,5,0,0
2026,VAZ LOBO,Maternal I,0,155.0,5,0,5,0
2026,VAZ LOBO,Maternal II,0,155.0,5,0,0,5
2026,VICENTE CARVALHO,Bercario,0,350.0,5,5,0,0
2026,VICENTE CARVALHO,Maternal I,0,207.0,5,0,5,0
2026,VICENTE CARVALHO,Maternal II,0,235.0,5,0,0,5
2026,VIDIGAL,Bercario,0,272.0,5,5,0,0
2026,VIDIGAL,Maternal I,0,182.0,5,0,5,0
2026,VIDIGAL,Maternal II,0,152.0,5,0,0,5
2026,VIGARIO GERAL,Bercario,0,753.0,5,5,0,0
2026,VIGARIO GERAL,Maternal I,0,390.0,5,0,5,0
2026,VIGARIO GERAL,Maternal II,0,371.0,5,0,0,5
2026,VILA ISABEL,Bercario,0,861.0,5,5,0,0
2026,VILA ISABEL,Maternal I,0,460.0,5,0,5,0
2026,VILA ISABEL,Maternal II,0,479.0,5,0,0,5
2026,VILA KENNEDY,Bercario,0,423.0,5,5,0,0
2026,VILA KENNEDY,Maternal I,0,277.0,5,0,5,0
2026,VILA KENNEDY,Maternal II,0,44.0,5,0,0,5
2026,VILA KOSMOS,Bercario,0,202.0,5,5,0,0
2026,VILA KOSMOS,Maternal I,0,115.0,5,0,5,0
2026,VILA KOSMOS,Maternal II,0,108.0,5,0,0,5
2026,VILA MILITAR,Bercario,0,241.0,5,5,0,0
2026,VILA MILITAR,Maternal I,0,151.0,5,0,5,0
2026,VILA MILITAR,Maternal II,0,90.0,5,0,0,5
2026,VILA PENHA,Bercario,0,251.0,5,5,0,0
2026,VILA PENHA,Maternal I,0,134.0,5,0,5,0
2026,VILA PENHA,Maternal II,0,161.0,5,0,0,5
2026,VILA VALQUEIRE,Bercario,0,556.0,5,5,0,0
2026,VILA VALQUEIRE,Maternal I,0,285.0,5,0,5,0
2026,VILA VALQUEIRE,Maternal II,0,304.0,5,0,0,5
2026,VISTA ALEGRE,Bercario,0,88.0,5,5,0,0
2026,VISTA ALEGRE,Maternal I,0,75.0,5,0,5,0
2026,VISTA ALEGRE,Maternal II,0,55.0,5,0,0,5
2026,ZUMBI,Bercario,0,36.0,5,5,0,0
2026,ZUMBI,Maternal I,0,17.0,5,0,5,0
2026,ZUMBI,Maternal II,0,25.0,5,0,0,5
