ano_referencia,codigo,nome,tipo_oferta,tipo_unidade,cre,microarea,endereco,bairro,latitude,longitude,matriculas_total,mat_bercario,mat_maternal_1,mat_maternal_2,turmas_total,capacidade_meta,vagas_reportadas,fila_total,fila_bercario,fila_maternal_1,fila_maternal_2,fila_por_100_matriculas,classe_pressao_fila,referencia_matriculas,demanda_prevista,gap_demanda_oferta,prioridade_modelo
2025,716609,Creche Municipal Rio Novo - Rio das Flores,Pública,Creche,7.0,7.19,"Estrada De Jacarepaguá, 5.091 - Rio Das Pedras",Freguesia,-22.972272,-43.334928,145.0,50.0,49.0,46.0,6.0,0.0,0.0,765.0,254.0,212.0,299.0,527.5862068965517,Mais de 75 por 100 matriculados,Consolidado público de 2025,,,
2025,716812,Espaço de Desenvolvimento Infantil Escritora Clarice Lispector,Pública,EDI,7.0,7.23,Estrada De Jacarepaguá 2166,Rio Das Pedras,-22.976261,-43.325334,67.0,24.0,21.0,22.0,3.0,0.0,0.0,580.0,164.0,181.0,235.0,865.6716417910447,Mais de 75 por 100 matriculados,Consolidado público de 2025,,,
2025,716601,Creche Municipal Otávio Henrique de Oliveira,Pública,Creche,7.0,7.22,"Rua Nova, 20 - Rio Das Pedras",Jacarepaguá,-22.974934,-43.331015,145.0,0.0,73.0,72.0,6.0,0.0,0.0,560.0,0.0,228.0,332.0,386.2068965517241,Mais de 75 por 100 matriculados,Consolidado público de 2025,,,
2025,716814,Espaço de Desenvolvimento Infantil Professora Emilia Maria Vieira de Oliveira,Pública,EDI,7.0,7.22,RUA VELHA S/N°,RIO DAS PEDRAS,-22.974188,-43.331099,92.0,0.0,46.0,46.0,4.0,0.0,0.0,473.0,0.0,194.0,279.0,514.1304347826087,Mais de 75 por 100 matriculados,Consolidado público de 2025,,,
2025,7013,CP ESPAÇO DE EDUCAÇÃO INFANTIL CIDADE DE DEUS,Parceira,Creche Parceira,7.0,7.14,"AV. CIDADE DE DEUS, S/Nº, VILA NOVA CRUZADA, LOTE 6",CIDADE DE DEUS / JACAREPAGUÁ,-22.95235,-43.36266,194.0,63.0,61.0,70.0,0.0,207.0,11.0,322.0,320.0,0.0,2.0,165.97938144329896,Mais de 75 por 100 matriculados,Maio de 2025,,,
2025,734802,Espaço de Desenvolvimento Infantil Senhora Perciliana Pereira de Alvarenga,Pública,EDI,7.0,7.14,Rua Moisés - Cidade de Deus,Jacarepaguá,-22.94965,-43.356636,99.0,49.0,24.0,26.0,4.0,0.0,0.0,321.0,314.0,6.0,1.0,324.24242424242425,Mais de 75 por 100 matriculados,Consolidado público de 2025,,,
2025,716613,Creche Municipal Maria da Conceição Silveira de Carvalho,Pública,Creche,7.0,7.27,Rua Franz Weissman 100 Condomínio Rio 2,Jacarepaguá,-22.968566,-43.389478,79.0,27.0,27.0,25.0,3.0,0.0,0.0,303.0,127.0,104.0,72.0,383.54430379746833,Mais de 75 por 100 matriculados,Consolidado público de 2025,,,
2025,716603,Creche Municipal Criança do Futuro,Pública,Creche,7.0,7.11,"Rua Iperó, S/Nº - Parque Curicica",Jacarepaguá,-22.944254,-43.384456,100.0,25.0,27.0,48.0,4.0,0.0,0.0,293.0,188.0,67.0,38.0,293.0,Mais de 75 por 100 matriculados,Consolidado público de 2025,,,
2025,716805,Espaço de Desenvolvimento Infantil Anna Maria Niemeyer,Pública,EDI,7.0,7.19,Avenida Engenheiro Souza Filho S/Nº Rio das Pedras,Jacarepaguá,-22.977493,-43.332264,45.0,0.0,0.0,45.0,2.0,0.0,0.0,280.0,0.0,0.0,280.0,622.2222222222222,Mais de 75 por 100 matriculados,Consolidado público de 2025,,,
2025,7014,CP CENTRO INTEGRADO SÃO JOSÉ,Parceira,Creche Parceira,7.0,7.16,"RUA EDGARD WERNECK, 1615",CIDADE DE DEUS / JACAREPAGUÁ,-22.94726,-43.36008,115.0,24.0,43.0,48.0,0.0,117.0,0.0,270.0,270.0,0.0,0.0,234.7826086956522,Mais de 75 por 100 matriculados,Maio de 2025,,,
2025,716606,Creche Municipal Amiguinhos da Vila Sapê,Pública,Creche,7.0,7.12,"Rua Itamar, 9 - Vila Sapê",Jacarepaguá,-22.947959,-43.374412,98.0,25.0,25.0,48.0,4.0,0.0,0.0,241.0,203.0,29.0,9.0,245.91836734693877,Mais de 75 por 100 matriculados,Consolidado público de 2025,,,
2025,716614,Creche Municipal Augusto de Carvalho Torres Filho,Pública,Creche,7.0,7.9,Rua da Reverência s/n°,Curicica,-22.955267,-43.390377,74.0,24.0,25.0,25.0,3.0,0.0,0.0,234.0,136.0,56.0,42.0,316.2162162162162,Mais de 75 por 100 matriculados,Consolidado público de 2025,,,
2025,7040,CP CRECHE VALE DO SOL PRAÇA SECA,Parceira,Creche Parceira,7.0,7.2,"RUA BARÃO, 1049",JACAREPAGUÁ,-22.89823,-43.35344,389.0,130.0,115.0,144.0,0.0,393.0,0.0,233.0,131.0,83.0,19.0,59.897172236503856,25 a 75 por 100 matriculados,Maio de 2025,,,
2025,716820,Espaço de Desenvolvimento Infantil Medalhista Olímpica Agatha Bednarczuk Rippel,Pública,EDI,7.0,7.11,Rua João Bruno Lobo (esq. Com a Rua Marilena) - PAL 21.403,Curicica,-22.954432,-43.382779,96.0,24.0,24.0,48.0,4.0,0.0,0.0,231.0,133.0,70.0,28.0,240.625,Mais de 75 por 100 matriculados,Consolidado público de 2025,,,
2025,7042,CP INSTITUTO EDUCACIONAL DIVA ALVES II,Parceira,Creche Parceira,7.0,7.22,"RUA SAMPAIO CORREA, 24",JACAREPAGUÁ,-22.95334,-43.37915,129.0,34.0,46.0,49.0,0.0,133.0,0.0,227.0,205.0,10.0,12.0,175.96899224806202,Mais de 75 por 100 matriculados,Maio de 2025,,,
2025,7003,CP CRECHE ESCOLA MÃE ASTÉRIA,Parceira,Creche Parceira,7.0,7.8,"ESTR. DA BOIÚNA, 1367",TAQUARA / JACAREPAGUÁ,-22.91192,-43.4059,315.0,80.0,115.0,120.0,0.0,323.0,0.0,223.0,182.0,40.0,1.0,70.7936507936508,25 a 75 por 100 matriculados,Maio de 2025,,,
2025,430603,Creche Municipal Tio Mário,Pública,Creche,4.0,4.4,"Rua 2, Esq. Rua 17 - Vila Do João - Maré",Bonsucesso,-22.873426,-43.239545,75.0,24.0,25.0,26.0,3.0,0.0,0.0,214.0,98.0,71.0,45.0,285.3333333333333,Mais de 75 por 100 matriculados,Consolidado público de 2025,,,
2025,716807,Espaço de Desenvolvimento Infantil Leila Diniz,Pública,EDI,7.0,7.9,Estrada de Curicica 2000,Curicica,-22.954868,-43.392306,311.0,63.0,117.0,131.0,15.0,0.0,0.0,198.0,181.0,5.0,12.0,63.665594855305464,25 a 75 por 100 matriculados,Consolidado público de 2025,,,
2025,716605,Creche Municipal Sempre Vida Nise da Silveira,Pública,Creche,7.0,7.16,"Rua Quintanilha, 820 - Freguesia",Jacarepaguá,-22.943136,-43.352063,144.0,26.0,66.0,52.0,6.0,0.0,0.0,196.0,196.0,0.0,0.0,136.11111111111111,Mais de 75 por 100 matriculados,Consolidado público de 2025,,,
2025,716818,Espaço de Desenvolvimento Infantil Professora Claudia Pires Contino,Pública,EDI,7.0,7.18,"Avenida Tenente Coronel Muniz De Aragão, 1201",Gardênia Azul,-22.95761,-43.35047,138.0,46.0,45.0,47.0,6.0,0.0,0.0,178.0,172.0,2.0,4.0,128.9855072463768,Mais de 75 por 100 matriculados,Consolidado público de 2025,,,
2025,7041,CP CRECHE VALE DO SOL TAQUARA,Parceira,Creche Parceira,7.0,7.8,"RUA IRIQUITIÁ, 38",TAQUARA / JACAREPAGUÁ,-22.91733,-43.37196,122.0,24.0,36.0,62.0,0.0,125.0,0.0,173.0,130.0,40.0,3.0,141.80327868852459,Mais de 75 por 100 matriculados,Maio de 2025,,,
2025,430602,Creche Municipal Vila Pinheiro,Pública,Creche,4.0,4.5,Rua Projetada S/Nº - Vila Pinheiro s/nº - Maré,Bonsucesso,-22.869745,-43.236586,72.0,25.0,23.0,24.0,3.0,0.0,0.0,165.0,95.0,40.0,30.0,229.16666666666666,Mais de 75 por 100 matriculados,Consolidado público de 2025,,,
2025,8009,CP ASSOCIAÇÃO RECREATIVA PINGUINHO DE GENTE,Parceira,Creche Parceira,8.0,8.8,"RUA DR. AUGUSTO FIGUEIREDO, 2002",SENADOR CAMARÁ,-22.87421,-43.48822,98.0,37.0,31.0,30.0,0.0,98.0,0.0,141.0,92.0,34.0,15.0,143.87755102040816,Mais de 75 por 100 matriculados,Maio de 2025,,,
2025,716819,Espaço de Desenvolvimento Infantil Professora Norma Andrade Nogueira,Pública,EDI,7.0,7.18,"Avenida Canal do Anil, 1201 (AMBEV)",Anil,-22.96226,-43.343769,142.0,49.0,47.0,46.0,6.0,0.0,0.0,137.0,136.0,1.0,0.0,96.47887323943662,Mais de 75 por 100 matriculados,Consolidado público de 2025,,,
2025,7038,CP CAAD UNIVERSO DAS FLORES,Parceira,Creche Parceira,7.0,7.1,"RUA LUIZ BELTRAO, 498",VILA VALQUEIRE,-22.88771,-43.36412,153.0,24.0,60.0,69.0,0.0,164.0,1.0,136.0,90.0,45.0,1.0,88.88888888888889,Mais de 75 por 100 matriculados,Maio de 2025,,,
2025,4015,CP ESPAÇO DE EDUCAÇÃO INFANTIL VILA DO JOÃO,Parceira,Creche Parceira,4.0,4.1,"AV. BRASIL, 4040",MANGUINHOS,-22.86529825,-43.24814105,207.0,67.0,68.0,72.0,0.0,217.0,0.0,133.0,95.0,28.0,10.0,64.2512077294686,25 a 75 por 100 matriculados,Maio de 2025,,,
2025,1120601,Creche Municipal Stella Maris,Pública,Creche,11.0,11.1,Estrada Dos Maracajá - Galeão 973,Ilha do Governador,-22.80497,-43.239865,127.0,40.0,42.0,45.0,7.0,0.0,0.0,132.0,39.0,64.0,29.0,103.93700787401575,Mais de 75 por 100 matriculados,Consolidado público de 2025,,,
2025,716821,Espaço de Desenvolvimento Infantil Medalhista Paralímpico Felipe de Souza Gomes,Pública,EDI,7.0,7.1,"Estrada do Outeiro Santo, 51",Taquara,-22.933395,-43.384692,171.0,27.0,48.0,96.0,7.0,0.0,0.0,127.0,113.0,14.0,0.0,74.26900584795321,25 a 75 por 100 matriculados,Consolidado público de 2025,,,
2025,7034,CP INSTITUTO EDUCACIONAL DIVA ALVES,Parceira,Creche Parceira,7.0,7.11,"RUA DO CASTOR, 295",JACAREPAGUÁ,-22.93863,-43.39598,72.0,20.0,27.0,25.0,0.0,76.0,2.0,125.0,80.0,27.0,18.0,173.61111111111111,Mais de 75 por 100 matriculados,Maio de 2025,,,
2025,430809,Espaço de Desenvolvimento Infantil Medalhista Olímpico Luiz Felipe Marques Fonteles,Pública,EDI,4.0,4.5,"Rua 222, s/n Campus Vila Pinheiro - Maré -Comunidade Salsa e Merengue",Maré,-22.87059,-43.234365,120.0,23.0,25.0,72.0,5.0,0.0,0.0,121.0,69.0,37.0,15.0,100.83333333333333,Mais de 75 por 100 matriculados,Consolidado público de 2025,,,
2025,515801,Espaço de Desenvolvimento Infantil Karine Lorraine Chagas de Oliveira,Pública,EDI,5.0,5.11,Rua Ururaí s/n°,Honório Gurgel,-22.839458,-43.356108,96.0,25.0,47.0,24.0,4.0,0.0,0.0,118.0,60.0,30.0,28.0,122.91666666666667,Mais de 75 por 100 matriculados,Consolidado público de 2025,,,
2025,1120605,Creche Municipal Sempre Vida Loreto,Pública,Creche,11.0,11.1,"Estrada do Caricó, 26 - Galeão",Ilha do Governador,-22.814814,-43.225622,114.0,24.0,26.0,64.0,5.0,0.0,0.0,113.0,19.0,66.0,28.0,99.12280701754386,Mais de 75 por 100 matriculados,Consolidado público de 2025,,,
2025,430811,Espaço de Desenvolvimento Infantil Medalhista Olímpico William Peixoto Argona,Pública,EDI,4.0,4.5,"Rua 222, s/n Campus Vila Pinheiro - Maré -Comunidade Salsa e Merengue",Maré,-22.869949,-43.234122,142.0,25.0,50.0,67.0,6.0,0.0,0.0,109.0,68.0,27.0,14.0,76.7605633802817,Mais de 75 por 100 matriculados,Consolidado público de 2025,,,
2025,430810,Espaço de Desenvolvimento Infantil Medalhista Olímpico Evandro Motta Marcondes Guerra,Pública,EDI,4.0,4.5,"Rua 222, s/n Campus Vila Pinheiro - Maré -Comunidade Salsa e Merengue",Maré,-22.870255,-43.234242,147.0,24.0,75.0,48.0,6.0,0.0,0.0,108.0,63.0,30.0,15.0,73.46938775510205,25 a 75 por 100 matriculados,Consolidado público de 2025,,,
2025,3006,CP CRECHE CASA VIVA,Parceira,Creche Parceira,3.0,3.1,"AV. AMARO CAVALCANTI, 2171",ENGENHO DE DENTRO,-22.89574292,-43.29739802,82.0,15.0,30.0,37.0,0.0,85.0,0.0,107.0,62.0,24.0,21.0,130.4878048780488,Mais de 75 por 100 matriculados,Maio de 2025,,,
2025,8004,CP CRECHE COMUNITÁRIA NINO,Parceira,Creche Parceira,8.0,8.8,"RUA FORT LAMY, S/Nº, LOTE 01, QUADRA 32",VILA KENNEDY,-22.85888,-43.48897,97.0,32.0,37.0,28.0,0.0,100.0,1.0,106.0,60.0,8.0,38.0,109.27835051546391,Mais de 75 por 100 matriculados,Maio de 2025,,,
2025,430815,Espaço de Desenvolvimento Infantil Pescador Albano Rosa,Pública,EDI,4.0,4.6,Av. Bento Ribeiro Dantas - Vila Pinheiro s/nº - Maré,Bonsucesso,-22.86549,-43.23884,72.0,24.0,25.0,23.0,3.0,0.0,0.0,98.0,51.0,26.0,21.0,136.11111111111111,Mais de 75 por 100 matriculados,Consolidado público de 2025,,,
2025,716822,Espaço de Desenvolvimento Infantil Marcelo Parente,Pública,EDI,7.0,7.18,"Estrada do Curipós s/n, em frente ao 746, acesso pela Rua Projetada B",Anil,-22.966022,-43.343186,140.0,49.0,45.0,46.0,6.0,0.0,0.0,97.0,97.0,0.0,0.0,69.28571428571429,25 a 75 por 100 matriculados,Consolidado público de 2025,,,
2025,817602,Creche Municipal Vila Progresso,Pública,Creche,8.0,8.23,Rua Lúdio Florin 28,Vila Kennedy,-22.860475,-43.494277,129.0,43.0,40.0,46.0,6.0,0.0,0.0,97.0,47.0,10.0,40.0,75.1937984496124,Mais de 75 por 100 matriculados,Consolidado público de 2025,,,
2025,10081,CP CENTRO EDUCACIONAL ESTRELA DO AMANHÃ,Parceira,Creche Parceira,10.0,10.18,"EST. ESTRELA DA TARDE 1 - CAMINHO JOSE HILÁRIO, 500 LT 4",GUARATIBA,-23.01107,-43.53864,100.0,24.0,36.0,40.0,0.0,100.0,0.0,96.0,16.0,46.0,34.0,96.0,Mais de 75 por 100 matriculados,Maio de 2025,,,
2025,724804,Espaço de Desenvolvimento Infantil Professora Matilde Rosa Lopes de Araujo,Pública,EDI,7.0,7.22,ESTRADA DE JACAREPAGUÁ 405 A,Itanhangá,-22.988367,-43.322451,100.0,0.0,40.0,60.0,5.0,0.0,0.0,96.0,0.0,78.0,18.0,96.0,Mais de 75 por 100 matriculados,Consolidado público de 2025,,,
2025,716803,Espaço de Desenvolvimento Infantil Compositor Roberto Ribeiro,Pública,EDI,7.0,7.18,Rua Araticum 510,Anil,-22.957616,-43.331432,96.0,25.0,25.0,46.0,4.0,0.0,0.0,96.0,82.0,11.0,3.0,100.0,Mais de 75 por 100 matriculados,Consolidado público de 2025,,,
2025,7036,CP CAAD UNIVERSO ENCANTADO,Parceira,Creche Parceira,7.0,7.7,"RUA MARMORE, 115",FREGUESIA / JACAREPAGUÁ,-22.93773,-43.342,175.0,46.0,70.0,59.0,0.0,179.0,0.0,95.0,95.0,0.0,0.0,54.285714285714285,25 a 75 por 100 matriculados,Maio de 2025,,,
2025,1019614,Creche Municipal Inspetor Heraldo Carvalho de Sousa,Pública,Creche,10.0,10.1,Rua 27 S/N.º Mangaratiba,Santa Cruz,-22.874263,-43.631461,152.0,26.0,56.0,70.0,6.0,0.0,0.0,95.0,46.0,32.0,17.0,62.5,25 a 75 por 100 matriculados,Consolidado público de 2025,,,
2025,817814,Espaço de Desenvolvimento Infantil Professora Giovana Bansi,Pública,EDI,8.0,8.11,"RUA JABOTICATUBAS, RUA CARMO DA MATA s/n° Rua Narandiba",Bangu,-22.895049,-43.490355,141.0,24.0,46.0,71.0,6.0,0.0,0.0,95.0,35.0,33.0,27.0,67.37588652482269,25 a 75 por 100 matriculados,Consolidado público de 2025,,,
2025,3014,CP CRECHE PLANTANDO O AMANHÃ,Parceira,Creche Parceira,3.0,3.13,"AV. PASTOR MARTIN LUTHER KING JR., 126",DEL CASTILHO,-22.87406959,-43.28668612,166.0,35.0,65.0,66.0,0.0,180.0,6.0,92.0,80.0,12.0,0.0,55.42168674698795,25 a 75 por 100 matriculados,Maio de 2025,,,
2025,5001,CP ASSOCIAÇÃO AMIGOS DA CRIANÇA - CRECHE ROCHA MIRANDA,Parceira,Creche Parceira,5.0,5.1,"RUA DOS DIAMANTES, 113 - FUNDOS",ROCHA MIRANDA,-22.85260964,-43.35192325,115.0,35.0,40.0,40.0,0.0,115.0,0.0,90.0,83.0,4.0,3.0,78.26086956521739,Mais de 75 por 100 matriculados,Maio de 2025,,,
2025,204602,Creche Municipal Aracy Guimarães Rosa,Pública,Creche,2.0,2.2,"Rua Bento Lisboa, 132",Catete,-22.928943,-43.179417,140.0,48.0,45.0,47.0,6.0,0.0,0.0,88.0,81.0,6.0,1.0,62.857142857142854,25 a 75 por 100 matriculados,Consolidado público de 2025,,,
2025,716806,Espaço de Desenvolvimento Infantil Professora Edília Coelho Garcia,Pública,EDI,7.0,7.4,Estrada dos Teixeiras s/n,Taquara,-22.912042,-43.419526,73.0,24.0,25.0,24.0,3.0,0.0,0.0,87.0,70.0,17.0,0.0,119.17808219178082,Mais de 75 por 100 matriculados,Consolidado público de 2025,,,
2025,625612,Creche Municipal Yedda Marques Lamounier de Andrade Maciel,Pública,Creche,6.0,6.19,Rua Olaria s/nº,Acari,-22.826136,-43.34295,143.0,48.0,48.0,47.0,6.0,0.0,0.0,85.0,77.0,8.0,0.0,59.44055944055944,25 a 75 por 100 matriculados,Consolidado público de 2025,,,
2025,5015,CP AEMMAC - ROCHA MIRANDA,Parceira,Creche Parceira,5.0,5.1,"AVENIDA DOS ITALIANOS, 1005",ROCHA MIRANDA,-22.84070048,-43.34991116,253.0,36.0,102.0,115.0,0.0,261.0,0.0,83.0,78.0,5.0,0.0,32.80632411067194,25 a 75 por 100 matriculados,Maio de 2025,,,
2025,10073,CP NINHO CARIOCA,Parceira,Creche Parceira,10.0,10.18,"ESTRADA DO MAGARÇA, 2829",GUARATIBA,-22.94731,-43.60089,149.0,18.0,48.0,83.0,0.0,152.0,0.0,83.0,41.0,32.0,10.0,55.70469798657718,25 a 75 por 100 matriculados,Maio de 2025,,,
2025,716808,Espaço de Desenvolvimento Infantil Professora Maria Berenice Parente,Pública,EDI,7.0,7.17,Rua Marujá S/Nº,Gardênia Azul,-22.958906,-43.351378,113.0,25.0,44.0,44.0,5.0,0.0,0.0,80.0,79.0,0.0,1.0,70.79646017699115,25 a 75 por 100 matriculados,Consolidado público de 2025,,,
2025,4040,CP ASSOCIAÇÃO CENTRO EDUCACIONAL REBRAL X,Parceira,Creche Parceira,4.0,4.21,"R. CHARLES GOUNOUD, 671",JARDIM AMÉRICA,-22.80994784,-43.31967943,273.0,24.0,119.0,130.0,0.0,276.0,3.0,79.0,79.0,0.0,0.0,28.937728937728938,25 a 75 por 100 matriculados,Maio de 2025,,,
2025,1026810,Espaço de Desenvolvimento Infantil Alcebíades Franscisco Rosa,Pública,EDI,10.0,10.22,Rua Antonio Raiol (terreno do CIEP Hildebrando Góes)- PAL 13768 / Comunidade Cinco Marias,Pedra de Guaratiba,-22.974412,-43.648574,123.0,25.0,50.0,48.0,5.0,0.0,0.0,79.0,22.0,23.0,34.0,64.22764227642277,25 a 75 por 100 matriculados,Consolidado público de 2025,,,
2025,716801,Espaço de Desenvolvimento Infantil Doutora Zilda Arns,Pública,EDI,7.0,7.8,Rua Laura Carneiro s/nº,Jacarepaguá,-22.941016,-43.391418,146.0,25.0,50.0,71.0,6.0,0.0,0.0,78.0,74.0,4.0,0.0,53.42465753424658,25 a 75 por 100 matriculados,Consolidado público de 2025,,,
2025,625611,Creche Municipal Zilka Salaberry,Pública,Creche,6.0,6.19,Rua Piracambu 590,Acari,-22.824265,-43.345692,199.0,25.0,77.0,97.0,8.0,0.0,0.0,77.0,74.0,3.0,0.0,38.69346733668342,25 a 75 por 100 matriculados,Consolidado público de 2025,,,
2025,716813,Espaço de Desenvolvimento Infantil Professora Kenia Mendes dos Santos Machado,Pública,EDI,7.0,7.27,"Rua Sylval Sampaio, s/n",Camorim- Jacarepaguá,-22.964857,-43.413066,99.0,27.0,24.0,48.0,4.0,0.0,0.0,76.0,14.0,29.0,33.0,76.76767676767676,Mais de 75 por 100 matriculados,Consolidado público de 2025,,,
2025,716607,Creche Municipal Emília Joana da Fonseca Marques,Pública,Creche,7.0,7.3,"Rua 1, S/Nº - Mato Alto",Praça Seca,-22.907555,-43.353033,121.0,25.0,50.0,46.0,5.0,0.0,0.0,73.0,56.0,0.0,17.0,60.33057851239669,25 a 75 por 100 matriculados,Consolidado público de 2025,,,
2025,3026,CP CHALÉ SEMENTINHA,Parceira,Creche Parceira,3.0,3.14,"RUA JOSÉ RUBINO, 82 E 88",HIGIENÓPOLIS,-22.88059599,-43.25631045,239.0,55.0,76.0,108.0,0.0,243.0,0.0,70.0,69.0,1.0,0.0,29.288702928870293,25 a 75 por 100 matriculados,Maio de 2025,,,
2025,1026805,Espaço de Desenvolvimento Infantil Medalhista Olímpico Izaquias Queiroz,Pública,EDI,10.0,10.25,"Estrada Cabuçu de Baixo, 890",Guaratiba,-22.942744,-43.582757,189.0,48.0,72.0,69.0,8.0,0.0,0.0,70.0,15.0,27.0,28.0,37.03703703703704,25 a 75 por 100 matriculados,Consolidado público de 2025,,,
2025,3037,CP CRECHE FRUTOS DO AMANHÃ I,Parceira,Creche Parceira,3.0,3.19,"RUA PADRE JANUÁRIO, 161",INHAÚMA,-22.87367839,-43.28338169,172.0,18.0,80.0,74.0,0.0,180.0,0.0,70.0,56.0,12.0,2.0,40.69767441860465,25 a 75 por 100 matriculados,Maio de 2025,,,
2025,1026802,Espaço de Desenvolvimento Infantil Professor Marcos Flamínio Portugal Pinto,Pública,EDI,10.0,10.24,Estrada do Margaça 9183,Pedra de Guaratiba,-22.981152,-43.644506,123.0,23.0,50.0,50.0,5.0,0.0,0.0,69.0,36.0,3.0,30.0,56.09756097560975,25 a 75 por 100 matriculados,Consolidado público de 2025,,,
2025,410801,Espaço de Desenvolvimento Infantil Doutor Domingos Arthur Machado Filho,Pública,EDI,4.0,4.2,"Rua Leopoldo Bulhões, 540 A",Manguinhos,-22.884679,-43.248251,108.0,44.0,40.0,24.0,5.0,0.0,0.0,69.0,38.0,0.0,31.0,63.888888888888886,25 a 75 por 100 matriculados,Consolidado público de 2025,,,
2025,313802,Espaço de Desenvolvimento Infantil Anísio Teixeira,Pública,EDI,3.0,3.9,Rua Avenida João Ribeiro 389,Pilares,-22.873813,-43.298014,73.0,25.0,25.0,23.0,3.0,0.0,0.0,64.0,40.0,17.0,7.0,87.67123287671232,Mais de 75 por 100 matriculados,Consolidado público de 2025,,,
2025,8010,CP ASSOCIAÇÃO CENTRO EDUCACIONAL REBRAL III,Parceira,Creche Parceira,8.0,8.5,"RUA IMPERADOR, 894",REALENGO,-22.88308324,-43.43710919,51.0,15.0,17.0,19.0,0.0,56.0,1.0,64.0,49.0,0.0,15.0,125.49019607843137,Mais de 75 por 100 matriculados,Maio de 2025,,,
2025,716816,Espaço de Desenvolvimento Infantil Debret,Pública,EDI,7.0,7.1,"Rua Camaratuba, 59",Vila Valqueire,-22.879869,-43.367359,48.0,0.0,25.0,23.0,2.0,0.0,0.0,64.0,0.0,39.0,25.0,133.33333333333334,Mais de 75 por 100 matriculados,Consolidado público de 2025,,,
2025,4027,CP ASSOCIAÇÃO CENTRO EDUCACIONAL REBRAL IV,Parceira,Creche Parceira,4.0,4.23,"RUA XAVIER PINHEIRO, 486",VIGÁRIO GERAL,-22.80848159,-43.30968078,192.0,40.0,76.0,76.0,0.0,200.0,4.0,61.0,59.0,1.0,1.0,31.770833333333332,25 a 75 por 100 matriculados,Maio de 2025,,,
2025,107610,Creche Municipal Arara Azul,Pública,Creche,1.0,1.2,Rua Ademar Cerpa s/n.º,Benfica,-22.889247,-43.24211,148.0,50.0,50.0,48.0,6.0,0.0,0.0,61.0,15.0,24.0,22.0,41.21621621621622,25 a 75 por 100 matriculados,Consolidado público de 2025,,,
2025,431605,Creche Municipal Sempre Vida Dique,Pública,Creche,4.0,4.25,"Rua Tales De Carvalho, S/Nº",Jardim América,-22.802921,-43.323902,90.0,22.0,46.0,22.0,4.0,0.0,0.0,59.0,59.0,0.0,0.0,65.55555555555556,25 a 75 por 100 matriculados,Consolidado público de 2025,,,
2025,431602,Creche Municipal Barbosa Lima Sobrinho,Pública,Creche,4.0,4.25,Rua Do Dique 166,Jardim América,-22.802662,-43.31926,169.0,37.0,68.0,64.0,8.0,0.0,0.0,58.0,58.0,0.0,0.0,34.319526627218934,25 a 75 por 100 matriculados,Consolidado público de 2025,,,
2025,622801,Espaço de Desenvolvimento Infantil Ernani Cardoso,Pública,EDI,6.0,6.15,Rua Francolin 50,Guadalupe,-22.84031,-43.380765,99.0,0.0,50.0,49.0,4.0,0.0,0.0,58.0,0.0,34.0,24.0,58.58585858585859,25 a 75 por 100 matriculados,Consolidado público de 2025,,,
2025,625615,Creche Municipal Edna Lotte,Pública,Creche,6.0,6.3,Rua Compositor Manuel Euzébio s/nº,Acari,-22.823514,-43.339125,122.0,25.0,49.0,48.0,5.0,0.0,0.0,57.0,52.0,5.0,0.0,46.721311475409834,25 a 75 por 100 matriculados,Consolidado público de 2025,,,
2025,2039,CP CRECHE ESCOLA MENINOS DE LUZ,Parceira,Creche Parceira,2.0,2.3,"RUA SAINT ROMAIN, 142",COPACABANA,-22.980926,-43.19565188,87.0,41.0,21.0,25.0,0.0,88.0,0.0,55.0,34.0,12.0,9.0,63.2183908045977,25 a 75 por 100 matriculados,Maio de 2025,,,
2025,833811,Espaço de Desenvolvimento Infantil Medalhista Olímpica Rafaela Lopes Silva,Pública,EDI,8.0,8.3,"Rua Salustiano Silva, s/n°",Magalhães Bastos,-22.868937,-43.414361,94.0,26.0,32.0,36.0,5.0,0.0,0.0,54.0,49.0,5.0,0.0,57.4468085106383,25 a 75 por 100 matriculados,Consolidado público de 2025,,,
2025,817808,Espaço de Desenvolvimento Infantil Professor Antônio Flávio Pierucci,Pública,EDI,8.0,8.12,Rua A-paa 12 162 Vila Croácia,Senador Camará,-22.879882,-43.490044,201.0,26.0,72.0,103.0,8.0,0.0,0.0,53.0,34.0,0.0,19.0,26.3681592039801,25 a 75 por 100 matriculados,Consolidado público de 2025,,,
2025,9046,CP CRECHE COMUNITÁRIA URSINHO PIMPÃO,Parceira,Creche Parceira,9.0,9.7,"RUA TEIXEIRA CAMPOS, 590",SANTÍSSIMO,-22.87472,-43.51354,73.0,17.0,14.0,42.0,0.0,75.0,0.0,53.0,16.0,26.0,11.0,72.6027397260274,25 a 75 por 100 matriculados,Maio de 2025,,,
2025,4034,CP CASA DE JOEL II,Parceira,Creche Parceira,4.0,4.11,"AVENIDA OLIVEIRA BELO, 754",VILA DA PENHA,-22.84382511,-43.30889912,57.0,16.0,24.0,17.0,0.0,57.0,0.0,52.0,24.0,22.0,6.0,91.2280701754386,Mais de 75 por 100 matriculados,Maio de 2025,,,
2025,6017,CP CRECHE JOÃO E MARIA,Parceira,Creche Parceira,6.0,6.6,"RUA MATRICÁRIA, 474",GUADALUPE,-22.84816,-43.37781,46.0,13.0,16.0,17.0,0.0,45.0,0.0,51.0,32.0,17.0,2.0,110.8695652173913,Mais de 75 por 100 matriculados,Maio de 2025,,,
2025,1026807,Espaço de Desenvolvimento Infantil Alfredo Fernando Vaz Guimarães Junior,Pública,EDI,10.0,10.26,"Rua Pedro Osório, 360 (terreno da EM Tatiana Memória)- PAL 16810",Guaratiba,-22.958121,-43.608041,169.0,50.0,51.0,68.0,7.0,0.0,0.0,49.0,1.0,48.0,0.0,28.994082840236686,25 a 75 por 100 matriculados,Consolidado público de 2025,,,
2025,205601,Creche Municipal Irmãs Baptista,Pública,Creche,2.0,2.3,Rua Siqueira Campos 132,Copacabana,-22.966176,-43.18712,126.0,44.0,42.0,40.0,6.0,0.0,0.0,49.0,31.0,0.0,18.0,38.888888888888886,25 a 75 por 100 matriculados,Consolidado público de 2025,,,
2025,817612,Creche Municipal Vila Kennedy,Pública,Creche,8.0,8.21,"Rua Tunisia, 46 - Vila Kennedy 46",Bangu,-22.856744,-43.485291,226.0,47.0,81.0,98.0,10.0,0.0,0.0,47.0,20.0,0.0,27.0,20.79646017699115,Até 25 por 100 matriculados,Consolidado público de 2025,,,
2025,5006,CP CRECHE CARDEAL CÂMARA,Parceira,Creche Parceira,5.0,5.17,"RUA CÂNDIDO BENÍCIO, 546",CAMPINHO,-22.88763764,-43.34557373,185.0,51.0,63.0,71.0,0.0,200.0,5.0,47.0,26.0,21.0,0.0,25.405405405405407,25 a 75 por 100 matriculados,Maio de 2025,,,
2025,1026809,Espaço de Desenvolvimento Infantil Medalhista Paralímpico Ricardo Costa de Oliveira,Pública,EDI,10.0,10.26,"Rua Silvânia, s/nº Jardim Maravilha s/nº",Guaratiba,-22.964108,-43.610268,167.0,50.0,48.0,69.0,7.0,0.0,0.0,47.0,6.0,41.0,0.0,28.143712574850298,25 a 75 por 100 matriculados,Consolidado público de 2025,,,
2025,724807,Espaço de Desenvolvimento Infantil Carmen Miranda,Pública,EDI,7.0,7.3,Av. das Américas 2.000 fundos,Barra da Tijuca,-22.997104,-43.335633,142.0,25.0,46.0,71.0,7.0,0.0,0.0,45.0,34.0,11.0,0.0,31.690140845070424,25 a 75 por 100 matriculados,Consolidado público de 2025,,,
2025,4035,CP INSTITUTO DE EDUCAÇÃO EUCLIDES DOS SANTOS,Parceira,Creche Parceira,4.0,4.5,"AVENIDA BRIGADEIRO TROMPOWISKI, 220",BONSUCESSO,-22.8483656,-43.24487657,141.0,25.0,54.0,62.0,0.0,143.0,0.0,45.0,20.0,16.0,9.0,31.914893617021278,25 a 75 por 100 matriculados,Maio de 2025,,,
2025,716809,Espaço de Desenvolvimento Infantil Professor Roberto Luiz Pereira,Pública,EDI,7.0,7.3,Rua Bricio de Abreu S/N° Praça Seca,Praça Seca,-22.904538,-43.34563,89.0,23.0,25.0,41.0,4.0,0.0,0.0,44.0,32.0,12.0,0.0,49.438202247191015,25 a 75 por 100 matriculados,Consolidado público de 2025,,,
2025,2049,CP OBRA DO BERÇO,Parceira,Creche Parceira,2.0,2.1,"RUA CÍCERO DE GÓIS MONTEIRO, 19",LAGOA,-22.96339094,-43.20299223,81.0,22.0,39.0,20.0,0.0,85.0,0.0,44.0,39.0,2.0,3.0,54.32098765432099,25 a 75 por 100 matriculados,Maio de 2025,,,
2025,1120603,Creche Municipal Doutor Antônio Monteiro,Pública,Creche,11.0,11.2,Estrada Governador Chagas Freitas s/n,Ilha do Governador,-22.795669,-43.209615,148.0,32.0,54.0,62.0,8.0,0.0,0.0,43.0,43.0,0.0,0.0,29.054054054054053,25 a 75 por 100 matriculados,Consolidado público de 2025,,,
2025,313805,Espaço de Desenvolvimento Infantil Maurício Cardoso,Pública,EDI,3.0,3.6,"Rua Adolfo Bergamini, 231",Engenho De Dentro,-22.900652,-43.295975,45.0,0.0,24.0,21.0,2.0,0.0,0.0,42.0,0.0,20.0,22.0,93.33333333333333,Mais de 75 por 100 matriculados,Consolidado público de 2025,,,
2025,2029,CP CASA DA CRIANÇA,Parceira,Creche Parceira,2.0,2.1,"RUA FERNANDES GUIMARÃES, 85",BOTAFOGO,-22.95376697,-43.17703523,184.0,52.0,67.0,65.0,0.0,192.0,0.0,41.0,40.0,1.0,0.0,22.282608695652176,Até 25 por 100 matriculados,Maio de 2025,,,
2025,430812,Espaço de Desenvolvimento Infantil Medalhista Olímpico Eder Francis Carbonera,Pública,EDI,4.0,4.5,"Rua 222, s/n Campus Vila Pinheiro - Maré -Comunidade Salsa e Merengue",Maré,-22.869632,-43.23396,71.0,0.0,24.0,47.0,3.0,0.0,0.0,40.0,0.0,24.0,16.0,56.33802816901409,25 a 75 por 100 matriculados,Consolidado público de 2025,,,
2025,716611,Creche Municipal Vitorino Freire,Pública,Creche,7.0,7.1,"Rua Das Águas Mornas, S/Nº",Vila Valqueire,-22.884513,-43.372318,61.0,0.0,25.0,36.0,3.0,0.0,0.0,39.0,0.0,36.0,3.0,63.9344262295082,25 a 75 por 100 matriculados,Consolidado público de 2025,,,
2025,1010,CP CENTRO CULTURAL MONTESSORI - SÃO CRISTÓVÃO,Parceira,Creche Parceira,1.0,1.2,"R. SÃO LUIZ GONZAGA, 1720",SÃO CRISTÓVÃO,-22.89682824,-43.23647362,296.0,102.0,81.0,113.0,0.0,297.0,0.0,38.0,24.0,14.0,0.0,12.837837837837839,Até 25 por 100 matriculados,Maio de 2025,,,
2025,1019632,Creche Municipal Miriam Pires,Pública,Creche,10.0,10.3,Rua 9 - Jardim Palmares s/nº,Paciência,-22.888021,-43.635612,149.0,50.0,51.0,48.0,6.0,0.0,0.0,38.0,34.0,4.0,0.0,25.503355704697988,25 a 75 por 100 matriculados,Consolidado público de 2025,,,
2025,313608,Creche Municipal Rachel Leite Dias,Pública,Creche,3.0,3.1,"Rua Fernão Cardim, s/n.º Comunidade Fernão Cardim s/n.º",Engenho de Dentro,-22.885294,-43.288125,146.0,50.0,47.0,49.0,6.0,0.0,0.0,38.0,25.0,0.0,13.0,26.027397260273972,25 a 75 por 100 matriculados,Consolidado público de 2025,,,
2025,515602,Creche Municipal São Miguel Arcanjo,Pública,Creche,5.0,5.8,Av. Edgard Romero 757,Madureira,-22.860679,-43.331741,146.0,49.0,48.0,49.0,6.0,0.0,0.0,38.0,37.0,0.0,1.0,26.027397260273972,25 a 75 por 100 matriculados,Consolidado público de 2025,,,
2025,227801,Espaço de Desenvolvimento Infantil Professora Edir Caseiro Ribeiro,Pública,EDI,2.0,2.8,"Estrada da Gávea, 452",Rocinha,-22.988,-43.24644,142.0,48.0,47.0,47.0,6.0,0.0,0.0,38.0,35.0,1.0,2.0,26.760563380281692,25 a 75 por 100 matriculados,Consolidado público de 2025,,,
2025,817815,Espaço de desenvolvimento Infantil Senhor João Gomes,Pública,EDI,8.0,8.18,Rua do Desenhista s/nº,Bangu,-22.869535,-43.478332,120.0,25.0,25.0,70.0,5.0,0.0,0.0,38.0,26.0,11.0,1.0,31.666666666666668,25 a 75 por 100 matriculados,Consolidado público de 2025,,,
2025,734801,Espaço de Desenvolvimento Infantil Jardim do Amanhã,Pública,EDI,7.0,7.12,RUA DAS NOZES S/N,Cidade de Deus,-22.949404,-43.370431,32.0,0.0,16.0,16.0,2.0,0.0,0.0,37.0,0.0,22.0,15.0,115.625,Mais de 75 por 100 matriculados,Consolidado público de 2025,,,
2025,6016,CP CRECHE NOSSO LAR II,Parceira,Creche Parceira,6.0,6.17,"AV. NAZARÉ, 340",RICARDO DE ALBUQUERQUE,-22.83996,-43.398,179.0,50.0,59.0,70.0,0.0,184.0,0.0,35.0,12.0,22.0,1.0,19.553072625698324,Até 25 por 100 matriculados,Maio de 2025,,,
2025,817804,Espaço de Desenvolvimento Infantil Professora Edith Marques de Souza,Pública,EDI,8.0,8.16,R. AÇAFRÃO S/Nº -,PADRE MIGUEL,-22.868071,-43.45675,118.0,23.0,49.0,46.0,5.0,0.0,0.0,35.0,35.0,0.0,0.0,29.661016949152543,25 a 75 por 100 matriculados,Consolidado público de 2025,,,
2025,724603,Creche Municipal Benedita Siqueira Lopes,Pública,Creche,7.0,7.24,Estrada Da Barra Da Tijuca - Tijuquinha 3837,Barra da Tijuca,-22.98716,-43.307461,94.0,0.0,24.0,70.0,4.0,0.0,0.0,35.0,0.0,33.0,2.0,37.234042553191486,25 a 75 por 100 matriculados,Consolidado público de 2025,,,
2025,1019607,Creche Municipal Adalto Bastos,Pública,Creche,10.0,10.18,"Estrada Santa Efigênia, S/Nº - Jardim Sete De Abril",Paciência,-22.927505,-43.634912,48.0,0.0,24.0,24.0,2.0,0.0,0.0,35.0,0.0,4.0,31.0,72.91666666666667,25 a 75 por 100 matriculados,Consolidado público de 2025,,,
2025,817801,Espaço de Desenvolvimento Infantil Professora Tânia Maria Larrubia Gomes,Pública,EDI,8.0,8.9,Rua Mongólia s/nº,Bangu,-22.888872,-43.470733,187.0,25.0,92.0,70.0,8.0,0.0,0.0,34.0,34.0,0.0,0.0,18.181818181818183,Até 25 por 100 matriculados,Consolidado público de 2025,,,
2025,622804,Espaço de Desenvolvimento Infantil Medalhista Paralímpico Daniel Martins,Pública,EDI,6.0,6.13,"Rua Gênova, 199",Ricardo de Albuquerque,-22.834977,-43.393545,142.0,48.0,48.0,46.0,6.0,0.0,0.0,34.0,8.0,22.0,4.0,23.943661971830984,Até 25 por 100 matriculados,Consolidado público de 2025,,,
2025,312602,Creche Municipal Engenho da Rainha,Pública,Creche,3.0,3.16,Rua Pereira Pinto 191,Engenho Da Rainha,-22.86946,-43.299954,98.0,26.0,26.0,46.0,4.0,0.0,0.0,34.0,19.0,15.0,0.0,34.69387755102041,25 a 75 por 100 matriculados,Consolidado público de 2025,,,
2025,5013,CP CENTRO EDUCACIONAL SOMAR,Parceira,Creche Parceira,5.0,5.13,"RUA CAROLINA MACHADO,1670",BENTO RIBEIRO,-22.86338415,-43.36411183,44.0,0.0,22.0,22.0,0.0,44.0,0.0,34.0,0.0,18.0,16.0,77.27272727272727,Mais de 75 por 100 matriculados,Maio de 2025,,,
2025,514609,Creche Municipal Parque Bom Menino,Pública,Creche,5.0,5.8,Avenida Monsenhor Félix 418,Irajá,-22.849166,-43.324973,87.0,16.0,46.0,25.0,4.0,0.0,0.0,33.0,32.0,0.0,1.0,37.93103448275862,25 a 75 por 100 matriculados,Consolidado público de 2025,,,
2025,7020,CP JARDIM ESCOLA CRESCENDO E APRENDENDO,Parceira,Creche Parceira,7.0,7.17,"AV. DAS ALAGOAS, 755, CANAL ESPERANÇA, 23",JACAREPAGUÁ,-22.95829,-43.35315,77.0,11.0,16.0,50.0,0.0,80.0,0.0,33.0,29.0,4.0,0.0,42.857142857142854,25 a 75 por 100 matriculados,Maio de 2025,,,
2025,716610,Creche Municipal Tia Malu,Pública,Creche,7.0,7.8,"Estrada Do Rio Grande, 4.470",Taquara,-22.918418,-43.410069,63.0,0.0,18.0,45.0,3.0,0.0,0.0,33.0,0.0,33.0,0.0,52.38095238095238,25 a 75 por 100 matriculados,Consolidado público de 2025,,,
2025,625604,Creche Municipal Herbert de Souza - Betinho,Pública,Creche,6.0,6.7,"Rua Macabu, 55",Coelho Neto,-22.83664,-43.348239,195.0,50.0,74.0,71.0,8.0,0.0,0.0,32.0,29.0,0.0,3.0,16.41025641025641,Até 25 por 100 matriculados,Consolidado público de 2025,,,
2025,918837,Espaço de Desenvolvimento Infantil Medalhista Olímpico Wallace Leandro de Souza,Pública,EDI,9.0,9.2,"Rua José Otávio Correa Lima, (antiga Rua Jornalista Samuel Wainer, S/Nº Reconstrução da EM Samuel Wainer) - PAL 33.584",Santíssimo,-22.870428,-43.51129,194.0,47.0,73.0,74.0,8.0,0.0,0.0,31.0,20.0,1.0,10.0,15.97938144329897,Até 25 por 100 matriculados,Consolidado público de 2025,,,
2025,514602,Creche Municipal Jeciá de Freitas Ferreira,Pública,Creche,5.0,5.3,Praça Nossa Senhora da Apresentação 298 comunidade,Irajá,-22.831074,-43.327411,140.0,48.0,46.0,46.0,6.0,0.0,0.0,31.0,31.0,0.0,0.0,22.142857142857142,Até 25 por 100 matriculados,Consolidado público de 2025,,,
2025,716608,Creche Municipal Irmã Dulce,Pública,Creche,7.0,7.3,"Rua Comandante Luiz Souto, S/Nº - Mato Alto",Praça Seca,-22.900935,-43.362466,140.0,25.0,48.0,67.0,6.0,0.0,0.0,31.0,31.0,0.0,0.0,22.142857142857142,Até 25 por 100 matriculados,Consolidado público de 2025,,,
2025,2048,CP LAR CANTINHO FELIZ,Parceira,Creche Parceira,2.0,2.15,"RUA TORRES HOMEM, 1024",VILA ISABEL,-22.91503469,-43.25269838,109.0,25.0,40.0,44.0,0.0,110.0,0.0,31.0,22.0,2.0,7.0,28.440366972477065,25 a 75 por 100 matriculados,Maio de 2025,,,
2025,6013,CP CRECHE COMUNITÁRIA AQUARELA,Parceira,Creche Parceira,6.0,6.18,"RUA ELZO FERREIRA, 129",PARQUE ANCHIETA,-22.83706,-43.41045,100.0,25.0,26.0,49.0,0.0,103.0,0.0,31.0,17.0,13.0,1.0,31.0,25 a 75 por 100 matriculados,Maio de 2025,,,
2025,10064,CP CRECHE COMUNITÁRIA CORAÇÃO DE MÃE,Parceira,Creche Parceira,10.0,10.18,"RUA SOLDADO VALTER DE SOUZA, 133 B",PACIÊNCIA,-22.88824,-43.63861,145.0,25.0,70.0,50.0,0.0,150.0,1.0,30.0,24.0,3.0,3.0,20.689655172413794,Até 25 por 100 matriculados,Maio de 2025,,,
2025,4022,CP CRECHE VALE DO SOL NO GROTÃO,Parceira,Creche Parceira,4.0,4.16,"RUA IPOJUCA, 392",PENHA,-22.84533897,-43.28999995,265.0,71.0,113.0,81.0,0.0,273.0,0.0,29.0,29.0,0.0,0.0,10.943396226415095,Até 25 por 100 matriculados,Maio de 2025,,,
2025,817803,Espaço de Desenvolvimento Infantil José Ephim Mindlin,Pública,EDI,8.0,8.2,Rua Q esquina com Rua F S/N,Senador Camará,-22.869048,-43.485836,147.0,47.0,50.0,50.0,6.0,0.0,0.0,29.0,5.0,23.0,1.0,19.727891156462587,Até 25 por 100 matriculados,Consolidado público de 2025,,,
2025,330602,Creche Municipal Nova Brasília,Pública,Creche,3.0,3.21,"Rua Jehovan Costa, S/Nº - Complexo Do Alemão",Bonsucesso,-22.865662,-43.270293,143.0,50.0,48.0,45.0,6.0,0.0,0.0,29.0,28.0,0.0,1.0,20.27972027972028,Até 25 por 100 matriculados,Consolidado público de 2025,,,
2025,7001,CP CRECHE NOVO PALMARES,Parceira,Creche Parceira,7.0,7.25,"RUA IPÊ, 10",VARGEM PEQUENA,-22.98963,-43.46062,140.0,44.0,48.0,48.0,0.0,140.0,0.0,29.0,0.0,11.0,18.0,20.714285714285715,Até 25 por 100 matriculados,Maio de 2025,,,
2025,625601,Creche Municipal Os Sabidinhos,Pública,Creche,6.0,6.2,"Rua Alfonso Ortiz Tirado, s/nº Pq Colúmbia",Pavuna,-22.812409,-43.344044,106.0,23.0,43.0,40.0,5.0,0.0,0.0,29.0,29.0,0.0,0.0,27.358490566037737,25 a 75 por 100 matriculados,Consolidado público de 2025,,,
2025,1026602,Creche Municipal Nossa Senhora da Glória,Pública,Creche,10.0,10.27,"Rua Da Capelinha, 94 - Rio Piraquê",Pedra de Guaratiba,-22.999508,-43.612145,60.0,0.0,20.0,40.0,3.0,0.0,0.0,29.0,0.0,8.0,21.0,48.333333333333336,25 a 75 por 100 matriculados,Consolidado público de 2025,,,
2025,5016,CP ASSOCIAÇÃO EDUCACIONAL E CULTURAL SÃO BERNARDO - CSB,Parceira,Creche Parceira,5.0,5.1,"RUA TACARATU, 26",ROCHA MIRANDA,-22.85561968,-43.35253061,183.0,47.0,39.0,97.0,0.0,187.0,2.0,28.0,26.0,0.0,2.0,15.300546448087431,Até 25 por 100 matriculados,Maio de 2025,,,
2025,107608,Creche Municipal Samora Machel,Pública,Creche,1.0,1.2,Rua Leopoldo Bulhões 700,Benfica,-22.884162,-43.248667,54.0,0.0,26.0,28.0,2.0,0.0,0.0,28.0,0.0,7.0,21.0,51.851851851851855,25 a 75 por 100 matriculados,Consolidado público de 2025,,,
2025,1120602,Creche Municipal Cora Coralina,Pública,Creche,11.0,11.4,Av.Dos Magistérios s/n,Ilha do Governador,-22.796641,-43.190965,143.0,16.0,61.0,66.0,8.0,0.0,0.0,27.0,27.0,0.0,0.0,18.88111888111888,Até 25 por 100 matriculados,Consolidado público de 2025,,,
2025,9013,CP CRECHE COMUNITÁRIA SOL DO SABER,Parceira,Creche Parceira,9.0,9.7,"RUA ARCEBURGO, LOTE 5",SANTÍSSIMO,-22.87444,-43.52549,108.0,17.0,41.0,50.0,0.0,110.0,0.0,27.0,16.0,11.0,0.0,25.0,25 a 75 por 100 matriculados,Maio de 2025,,,
2025,8023,CP CRECHE COMUNITÁRIA IRMÃ MARIA DE LOURDES,Parceira,Creche Parceira,8.0,8.8,"ESTR. SARGENTO MIGUEL FILHO, 371",VILA KENNEDY,-22.85592,-43.48252,70.0,0.0,35.0,35.0,0.0,72.0,0.0,27.0,0.0,0.0,27.0,38.57142857142857,25 a 75 por 100 matriculados,Maio de 2025,,,
2025,7043,CP ESPAÇO DE EDUCAÇÃO INFANTIL PEQUENO APRENDIZ,Parceira,Creche Parceira,7.0,7.25,"ESTRADA DOS BANDEIRANTES, 11227 - VIA A - S/Nº",VARGEM PEQUENA,-22.98893,-43.44052,68.0,25.0,21.0,22.0,0.0,70.0,0.0,27.0,7.0,3.0,17.0,39.705882352941174,25 a 75 por 100 matriculados,Maio de 2025,,,
2025,4006,CP COMUNIDADE INSTITUCIONAL ADULÃO TEMPO FELIZ,Parceira,Creche Parceira,4.0,4.11,"RUA CABO REIS, 15",BONSUCESSO,-22.85972933,-43.25933213,64.0,8.0,25.0,31.0,0.0,69.0,1.0,27.0,15.0,7.0,5.0,42.1875,25 a 75 por 100 matriculados,Maio de 2025,,,
2025,2004,CP AÇÃO SOCIAL PADRE ANCHIETA - ASPA,Parceira,Creche Parceira,2.0,2.6,"TRAVESSA LUZ, 13",ROCINHA,-22.98990458,-43.25124153,152.0,24.0,66.0,62.0,0.0,160.0,0.0,26.0,24.0,2.0,0.0,17.105263157894736,Até 25 por 100 matriculados,Maio de 2025,,,
2025,9014,CP INSTITUTO DE ENSINO AVANÇADO,Parceira,Creche Parceira,9.0,9.13,"RUA FLORENTINO ÁVIDOS, 195",COSMOS,-22.91434,-43.61417,140.0,17.0,63.0,60.0,0.0,140.0,0.0,26.0,20.0,3.0,3.0,18.571428571428573,Até 25 por 100 matriculados,Maio de 2025,,,
2025,330601,Creche Municipal José de Vieira da Silva,Pública,Creche,3.0,3.23,Estrada do Itararé 480 Rua Nova,Complexo do Alemão - Ramos,-22.861757,-43.270948,73.0,25.0,25.0,23.0,3.0,0.0,0.0,26.0,11.0,12.0,3.0,35.61643835616438,25 a 75 por 100 matriculados,Consolidado público de 2025,,,
2025,430601,Creche Municipal Menino Maluquinho,Pública,Creche,4.0,4.5,Rua Projetada S/Nº - Vila Pinheiro s/nº - Maré,Bonsucesso,-22.871385,-43.238471,50.0,0.0,0.0,50.0,2.0,0.0,0.0,26.0,0.0,0.0,26.0,52.0,25 a 75 por 100 matriculados,Consolidado público de 2025,,,
2025,1026604,Creche Municipal Josepha Ferreira da Costa,Pública,Creche,10.0,10.28,Rua Caminho do Areal - Largo do Corrêa s/nº,Guaratiba,-22.954726,-43.582599,286.0,50.0,98.0,138.0,12.0,0.0,0.0,25.0,8.0,17.0,0.0,8.741258741258742,Até 25 por 100 matriculados,Consolidado público de 2025,,,
2025,5014,CP AEMMAC - MARECHAL HERMES,Parceira,Creche Parceira,5.0,5.14,"RUA CAROLINA MACHADO, 1882",MARECHAL HERMES,-22.86148952,-43.36831059,219.0,36.0,97.0,86.0,0.0,222.0,0.0,25.0,21.0,3.0,1.0,11.415525114155251,Até 25 por 100 matriculados,Maio de 2025,,,
2025,1026601,Creche Municipal Sonho de Criança,Pública,Creche,10.0,10.28,"Rua Da Pedreira, 11- Mato Alto",Guaratiba,-22.972751,-43.590149,168.0,31.0,34.0,103.0,9.0,0.0,0.0,25.0,1.0,24.0,0.0,14.880952380952381,Até 25 por 100 matriculados,Consolidado público de 2025,,,
2025,625816,Espaço de Desenvolvimento Infantil Professora Regina Celi Rabelo de Almeida,Pública,EDI,6.0,6.1,Rua José Joaquim Ferreira S/N,Pavuna,-22.814742,-43.355257,108.0,25.0,38.0,45.0,5.0,0.0,0.0,25.0,24.0,1.0,0.0,23.14814814814815,Até 25 por 100 matriculados,Consolidado público de 2025,,,
2025,2036,CP CRECHE BERÇÁRIO MARIA HELENA DA ROCINHA,Parceira,Creche Parceira,2.0,2.6,"TRAV. ESPERANÇA, 12",ROCINHA,-22.99190871,-43.2508208,86.0,43.0,18.0,25.0,0.0,88.0,0.0,25.0,25.0,0.0,0.0,29.069767441860463,25 a 75 por 100 matriculados,Maio de 2025,,,
2025,3001,CP ASSOCIAÇÃO PRESBITERIANA CUIDANDO DO AMANHÃ - APCA,Parceira,Creche Parceira,3.0,3.1,"RUA VEREADOR IGLESIAS, 25",ENGENHO DE DENTRO,-22.91589597,-43.29810565,83.0,12.0,32.0,39.0,0.0,82.0,0.0,25.0,25.0,0.0,0.0,30.120481927710845,25 a 75 por 100 matriculados,Maio de 2025,,,
2025,8016,CP ASSOCIAÇÃO CENTRO EDUCACIONAL REBRAL VI,Parceira,Creche Parceira,8.0,8.5,"RUA SANTA ODÍLIA, 602",REALENGO,-22.88321,-43.42582,251.0,38.0,96.0,117.0,0.0,260.0,1.0,24.0,24.0,0.0,0.0,9.56175298804781,Até 25 por 100 matriculados,Maio de 2025,,,
2025,5003,CP CRECHE PINTINHO DOURADO,Parceira,Creche Parceira,5.0,5.15,"RUA BERNARDO GUIMARÃES, 83",QUINTINO BOCAIÚVA,-22.88950808,-43.32446538,54.0,0.0,31.0,23.0,0.0,57.0,1.0,24.0,0.0,8.0,16.0,44.44444444444444,25 a 75 por 100 matriculados,Maio de 2025,,,
2025,9045,CP CRECHE COMUNITÁRIA PINTANDO SONHOS,Parceira,Creche Parceira,9.0,9.18,"RUA VALDIR AZEVEDO,60",CAMPO GRANDE,-22.88529,-43.55016,38.0,14.0,24.0,0.0,0.0,40.0,0.0,24.0,15.0,9.0,0.0,63.1578947368421,25 a 75 por 100 matriculados,Maio de 2025,,,
2025,10044,CP CRECHE COMUNITÁRIA MAGIA DA CRIANÇA,Parceira,Creche Parceira,10.0,10.11,"ESTRADA VITOR DUMAS, 1268",SANTA CRUZ,-22.93376,-43.70068,168.0,54.0,51.0,63.0,0.0,168.0,0.0,23.0,13.0,3.0,7.0,13.69047619047619,Até 25 por 100 matriculados,Maio de 2025,,,
2025,7039,CP CRECHE JARDIM CLARICE,Parceira,Creche Parceira,7.0,7.8,"AVENIDA AFFONSO DA SILVEIRA FILHO - Nº 82/LOTE 02 PAL 21195, QUADRA 4",ANIL,-22.96408,-43.33653,142.0,0.0,70.0,72.0,0.0,150.0,0.0,23.0,0.0,10.0,13.0,16.197183098591548,Até 25 por 100 matriculados,Maio de 2025,,,
2025,724606,Creche Municipal Rogério Cardoso Furtado,Pública,Creche,7.0,7.26,Estrada Dos Bandeirantes - Av.Bandeirantes Quadra Ii 11.227 Conj Cesar Maia,Vargem Pequena,-22.991854,-43.432396,137.0,40.0,49.0,48.0,6.0,0.0,0.0,23.0,1.0,0.0,22.0,16.78832116788321,Até 25 por 100 matriculados,Consolidado público de 2025,,,
2025,724605,Creche Municipal Sebastião Bernardes de Souza Prata,Pública,Creche,7.0,7.26,"Estrada Dos Bandeirantes - Av.Bandeirantes Quadra Ii 11.227 Av. A,Quadra 4",Vargem Grande,-22.991385,-43.432685,135.0,40.0,47.0,48.0,6.0,0.0,0.0,23.0,0.0,0.0,23.0,17.037037037037038,Até 25 por 100 matriculados,Consolidado público de 2025,,,
2025,10063,CP CRECHE COMUNITÁRIA UNIVERSO INFANTIL,Parceira,Creche Parceira,10.0,10.28,"ESTRADA DA PEDRA, 4680",GUARATIBA,-22.96041,-43.64983,124.0,25.0,49.0,50.0,0.0,130.0,0.0,23.0,11.0,4.0,8.0,18.548387096774192,Até 25 por 100 matriculados,Maio de 2025,,,
2025,625818,Espaço de Desenvolvimento Infantil Maria Eugenia Canelhas,Pública,EDI,6.0,6.8,"Rua Monsenhor Ladeira, 110",Pavuna,-22.816734,-43.372226,98.0,25.0,25.0,48.0,4.0,0.0,0.0,23.0,4.0,19.0,0.0,23.46938775510204,Até 25 por 100 matriculados,Consolidado público de 2025,,,
2025,2025,CP CRECHE BEZERRA DE MENEZES - BOTAFOGO,Parceira,Creche Parceira,2.0,2.1,"RUA MARTINS FERREIRA, 57",BOTAFOGO,-22.95335051,-43.19505846,43.0,11.0,12.0,20.0,0.0,50.0,3.0,23.0,23.0,0.0,0.0,53.48837209302326,25 a 75 por 100 matriculados,Maio de 2025,,,
2025,11006,CP CRECHE CASULO DO DENDÊ,Parceira,Creche Parceira,11.0,11.5,"ESTRADA DO DENDÊ, 205",ILHA DO GOVERNADOR / TAUÁ,-22.79948,-43.18549,310.0,72.0,116.0,122.0,0.0,310.0,0.0,22.0,22.0,0.0,0.0,7.096774193548387,Até 25 por 100 matriculados,Maio de 2025,,,
2025,329801,Espaço de Desenvolvimento Infantil Dona Lindu,Pública,EDI,3.0,3.23,Estrada do Itararé 650 Comp. do Alemão,Ramos,-22.860896,-43.267813,115.0,23.0,46.0,46.0,5.0,0.0,0.0,22.0,12.0,4.0,6.0,19.130434782608695,Até 25 por 100 matriculados,Consolidado público de 2025,,,
2025,817603,Creche Municipal Dente de Leite,Pública,Creche,8.0,8.25,"Rua Do Coleiro, S/Nº - Conjunto Habitacional Jornalista João Saldanha - Jardim Bangu",Bangu,-22.849922,-43.460718,163.0,25.0,67.0,71.0,7.0,0.0,0.0,21.0,21.0,0.0,0.0,12.883435582822086,Até 25 por 100 matriculados,Consolidado público de 2025,,,
2025,918613,Creche Municipal Professora Flora Santina Ferrari Braz,Pública,Creche,9.0,9.7,Estrada do Lameirão 145,Santíssimo,-22.877835,-43.5237,116.0,25.0,48.0,43.0,5.0,0.0,0.0,21.0,21.0,0.0,0.0,18.103448275862068,Até 25 por 100 matriculados,Consolidado público de 2025,,,
2025,9027,CP INSTITUTO FRUTIFICAR,Parceira,Creche Parceira,9.0,9.13,"RUA AYRTON SENNA, Nº 5, VILA DO CÉU",COSMOS,-22.90722,-43.60736,94.0,17.0,22.0,55.0,0.0,100.0,0.0,21.0,13.0,8.0,0.0,22.340425531914892,Até 25 por 100 matriculados,Maio de 2025,,,
2025,410802,Espaço de Desenvolvimento Infantil Doutor Antônio Fernandes Figueira,Pública,EDI,4.0,4.1,Avenida dos Democráticos 20 CHP2,Manguinhos - Bonsucesso,-22.88338,-43.253337,75.0,25.0,25.0,25.0,3.0,0.0,0.0,21.0,9.0,9.0,3.0,28.0,25 a 75 por 100 matriculados,Consolidado público de 2025,,,
2025,3032,CP NÚCLEO RECREATIVO RAIOZINHO DE SOL,Parceira,Creche Parceira,3.0,3.9,"AV. DOM HELDER CÂMARA, 6653",PILARES,-22.88210436,-43.2935604,31.0,0.0,14.0,17.0,0.0,34.0,0.0,21.0,0.0,6.0,15.0,67.74193548387096,25 a 75 por 100 matriculados,Maio de 2025,,,
2025,9036,CP INSTITUTO CONSTRUINDO AMANHÃ,Parceira,Creche Parceira,9.0,9.7,"ESTRADA DO PRÉ, Nº 225",SENADOR VASCONCELOS,-22.89620483,-43.53572883,151.0,65.0,51.0,35.0,0.0,157.0,0.0,20.0,20.0,0.0,0.0,13.245033112582782,Até 25 por 100 matriculados,Maio de 2025,,,
2025,1026806,Espaço de Desenvolvimento Infantil Medalhista Felipe Wu,Pública,EDI,10.0,10.24,"Rua Antônio Pires, 270 - PAL 17434",Guaratiba,-22.983841,-43.645917,141.0,24.0,48.0,69.0,6.0,0.0,0.0,20.0,4.0,0.0,16.0,14.184397163120567,Até 25 por 100 matriculados,Consolidado público de 2025,,,
2025,10074,CP CRECHE MUNDO MÁGICO II,Parceira,Creche Parceira,10.0,10.13,"RUA SOLDADO RAMIS  MENDES, L 12 QD 19",PACIÊNCIA,-22.88981,-43.63757,120.0,40.0,40.0,40.0,0.0,120.0,0.0,20.0,19.0,1.0,0.0,16.666666666666668,Até 25 por 100 matriculados,Maio de 2025,,,
2025,724809,"Espaço de Desenvolvimento Infantil Ugocione José de Medeiros ""Seu Ugo""",Pública,EDI,7.0,7.25,Rua Nolasco Caldeira s/n.º,Vargem Pequena,-22.979894,-43.462745,32.0,0.0,17.0,15.0,2.0,0.0,0.0,20.0,0.0,7.0,13.0,62.5,25 a 75 por 100 matriculados,Consolidado público de 2025,,,
2025,817607,Creche Municipal Mulheres do Quafá,Pública,Creche,8.0,8.27,Rua B. S/Nº - Vila Kennedy,Bangu,-22.849653,-43.487379,287.0,50.0,120.0,117.0,12.0,0.0,0.0,19.0,19.0,0.0,0.0,6.620209059233449,Até 25 por 100 matriculados,Consolidado público de 2025,,,
2025,312805,Espaço de Desenvolvimento Infantil Tânia Cristina Moreira,Pública,EDI,3.0,3.18,Rua Relicário s/nº,Bonsucesso - Complexo do Alemão,-22.860823,-43.28566,128.0,26.0,44.0,58.0,6.0,0.0,0.0,19.0,19.0,0.0,0.0,14.84375,Até 25 por 100 matriculados,Consolidado público de 2025,,,
2025,3022,CP INSTITUTO AVANTE ELITE DO FUTURO,Parceira,Creche Parceira,3.0,3.9,"RUA EDMUNDO, 97",PILARES,-22.87453725,-43.2938692,116.0,29.0,39.0,48.0,0.0,122.0,2.0,19.0,19.0,0.0,0.0,16.379310344827587,Até 25 por 100 matriculados,Maio de 2025,,,
2025,313801,Espaço de Desenvolvimento Infantil Professor José Libonati Filho,Pública,EDI,3.0,3.1,Rua Bérgamo 342,Triagem,-22.895035,-43.246193,88.0,24.0,24.0,40.0,4.0,0.0,0.0,19.0,8.0,11.0,0.0,21.59090909090909,Até 25 por 100 matriculados,Consolidado público de 2025,,,
2025,328801,Espaço de Desenvolvimento Infantil Padre Nelson Carlos Del Mônaco,Pública,EDI,3.0,3.12,Avenida Dom Hélder Câmara 1811,Jacarezinho,-22.883767,-43.254063,65.0,19.0,24.0,22.0,3.0,0.0,0.0,19.0,0.0,4.0,15.0,29.23076923076923,25 a 75 por 100 matriculados,Consolidado público de 2025,,,
2025,918814,Espaço de Desenvolvimento Infantil Professor Nestor Manoel Pinto,Pública,EDI,9.0,9.17,Rua Silvio Leitão s/nº,Campo Grande,-22.922822,-43.54117,136.0,23.0,44.0,69.0,7.0,0.0,0.0,18.0,18.0,0.0,0.0,13.235294117647058,Até 25 por 100 matriculados,Consolidado público de 2025,,,
2025,10035,CP ESCOLA COMUNITÁRIA JARDIM DE INFÂNCIA CHAVE DO TAMANHO,Parceira,Creche Parceira,10.0,10.9,"RUA JUSTO DE MORAES, 90",SEPETIBA,-22.97224,-43.69661,84.0,38.0,22.0,24.0,0.0,102.0,18.0,18.0,17.0,1.0,0.0,21.428571428571427,Até 25 por 100 matriculados,Maio de 2025,,,
2025,8021,CP ASSOCIAÇÃO RECREATIVA MUNDO MÁGICO DA TIA NATY,Parceira,Creche Parceira,8.0,8.7,"TRAV. BELIZÁRIA DE SOUZA, Nº36",PADRE MIGUEL,-22.87342,-43.43952,38.0,10.0,12.0,16.0,0.0,38.0,0.0,18.0,11.0,6.0,1.0,47.36842105263158,25 a 75 por 100 matriculados,Maio de 2025,,,
2025,625820,EDI BETH CARVALHO,Pública,EDI,6.0,6.5,RUA BRAS CUBA 380 ,PAVUNA,-22.81084,-43.36713,197.0,77.0,54.0,66.0,8.0,0.0,0.0,17.0,14.0,3.0,0.0,8.629441624365482,Até 25 por 100 matriculados,Consolidado público de 2025,,,
2025,7044,CP CRECHE AMOR DE MÃE,Parceira,Creche Parceira,7.0,7.28,AV. GENARO DE CARVALHO 3735,RECREIO DOS BANDEIRANTES,-23.02235,-43.48079,176.0,65.0,52.0,59.0,0.0,184.0,0.0,17.0,17.0,0.0,0.0,9.659090909090908,Até 25 por 100 matriculados,Maio de 2025,,,
2025,10047,CP CENTRO CULTURAL MONTESSORI - SANTA CRUZ,Parceira,Creche Parceira,10.0,10.1,"AV. JOÃO XXIII, 1388",SANTA CRUZ,-22.9059,-43.7084,148.0,80.0,30.0,38.0,0.0,186.0,34.0,17.0,15.0,2.0,0.0,11.486486486486486,Até 25 por 100 matriculados,Maio de 2025,,,
2025,515607,Creche Municipal Mané Garrincha I,Pública,Creche,5.0,5.18,"Rua Frei Sampaio, 534",Marechal Hermes,-22.869303,-43.374677,115.0,0.0,69.0,46.0,5.0,0.0,0.0,17.0,0.0,0.0,17.0,14.782608695652174,Até 25 por 100 matriculados,Consolidado público de 2025,,,
2025,10033,CP PROJETO QUEBRA CABEÇA,Parceira,Creche Parceira,10.0,10.9,"RUA RIO GRANDE DO SUL, 136",SEPETIBA,-22.98573,-43.69129,107.0,49.0,25.0,33.0,0.0,117.0,6.0,17.0,11.0,4.0,2.0,15.88785046728972,Até 25 por 100 matriculados,Maio de 2025,,,
2025,716612,Creche Municipal Tia Auta,Pública,Creche,7.0,7.8,Estrada Rio Pequeno Lote 1 Quadra 6,Jacarepaguá - Taquara,-22.915653,-43.420588,96.0,0.0,50.0,46.0,4.0,0.0,0.0,17.0,0.0,17.0,0.0,17.708333333333332,Até 25 por 100 matriculados,Consolidado público de 2025,,,
2025,431604,Creche Municipal Coração de Geneve,Pública,Creche,4.0,4.24,"Rua Manoel Luz, S/Nº",Vigário Geral,-22.807072,-43.304288,76.0,19.0,24.0,33.0,4.0,0.0,0.0,17.0,17.0,0.0,0.0,22.36842105263158,Até 25 por 100 matriculados,Consolidado público de 2025,,,
2025,312801,Espaço de Desenvolvimento Infantil Henrique Foréis,Pública,EDI,3.0,3.18,Rua Manoel Maurício,Inhaúma,-22.86323,-43.284779,139.0,27.0,54.0,58.0,5.0,0.0,0.0,16.0,16.0,0.0,0.0,11.510791366906474,Até 25 por 100 matriculados,Consolidado público de 2025,,,
2025,6012,CP ASSOCIAÇÃO CRESCÊNCIO,Parceira,Creche Parceira,6.0,6.15,"RUA LEOCÁDIO FIGUEIREDO, 835",GUADALUPE,-22.84617,-43.36729,132.0,44.0,44.0,44.0,0.0,134.0,0.0,16.0,0.0,7.0,9.0,12.121212121212121,Até 25 por 100 matriculados,Maio de 2025,,,
2025,11003,CP AMIG - ASSOCIAÇÃO DOS MORADORES DA ILHA DO GOVERNADOR,Parceira,Creche Parceira,11.0,11.3,"PRAIA DAS PITANGUEIRAS, 243",ILHA DO GOVERNADOR / PITANGUEIRAS,-22.81567,-43.17681,125.0,36.0,41.0,48.0,0.0,128.0,0.0,16.0,1.0,4.0,11.0,12.8,Até 25 por 100 matriculados,Maio de 2025,,,
2025,6003,CP CRECHE NOSSO LAR,Parceira,Creche Parceira,6.0,6.12,"RUA JOSÉ LOURENÇO, 32",ANCHIETA,-22.82355,-43.40247,101.0,15.0,41.0,45.0,0.0,101.0,0.0,16.0,16.0,0.0,0.0,15.841584158415841,Até 25 por 100 matriculados,Maio de 2025,,,
2025,10069,CP CRECHE E ESCOLA COMUNITÁRIA GENTE BAIXINHA II,Parceira,Creche Parceira,10.0,10.18,"RUA OUROANA, 46, LOTE 14, QUADRA F",PACIÊNCIA,-22.91875,-43.62709,95.0,35.0,16.0,44.0,0.0,95.0,0.0,16.0,6.0,2.0,8.0,16.842105263157894,Até 25 por 100 matriculados,Maio de 2025,,,
2025,4046,CP CRECHE TIA NANE III,Parceira,Creche Parceira,4.0,4.11,"RUA MARQUES DE OLIVEIRA, 130",RAMOS,-22.86203298,-43.23867014,72.0,21.0,25.0,26.0,0.0,74.0,0.0,16.0,3.0,9.0,4.0,22.22222222222222,Até 25 por 100 matriculados,Maio de 2025,,,
2025,4041,CP CRECHE ESCOLA OTACÍLIO BATISTA,Parceira,Creche Parceira,4.0,4.12,"RUA JOAQUIM NABUCO, 75 - NOVA HOLANDA - MARÉ",BONSUCESSO,-22.85751606,-43.24458774,52.0,17.0,16.0,19.0,0.0,54.0,0.0,16.0,12.0,1.0,3.0,30.76923076923077,25 a 75 por 100 matriculados,Maio de 2025,,,
2025,7037,CP CAAD UNIVERSO DA CRIANÇA,Parceira,Creche Parceira,7.0,7.5,"RUA BELO VALE, 05",FREGUESIA / JACAREPAGUÁ,-22.92011,-43.36048,294.0,100.0,98.0,96.0,0.0,300.0,0.0,15.0,14.0,0.0,1.0,5.1020408163265305,Até 25 por 100 matriculados,Maio de 2025,,,
2025,3038,CP CRECHE FRUTOS DO AMANHÃ II,Parceira,Creche Parceira,3.0,3.16,"ESTRADA ADHEMAR BEBIANO, Nº 3805",ENGENHO DA RAINHA,-22.86547232,-43.28919086,162.0,0.0,74.0,88.0,0.0,163.0,0.0,15.0,0.0,15.0,0.0,9.25925925925926,Até 25 por 100 matriculados,Maio de 2025,,,
2025,515809,Espaço de Desenvolvimento Infantil Professor Ubirajara de Paula Castro,Pública,EDI,5.0,6.16,Rua Lourenço Marques 70,Marechal Hermes,-22.848431,-43.361544,158.0,47.0,44.0,67.0,7.0,0.0,0.0,15.0,15.0,0.0,0.0,9.49367088607595,Até 25 por 100 matriculados,Consolidado público de 2025,,,
2025,5008,CP ASSOCIAÇÃO HOUSE BABY - VILA KOSMOS,Parceira,Creche Parceira,5.0,5.1,"RUA CARAJÁS, 262",VILA COSMOS,-22.85633262,-43.30689816,148.0,63.0,63.0,22.0,0.0,152.0,0.0,15.0,1.0,2.0,12.0,10.135135135135135,Até 25 por 100 matriculados,Maio de 2025,,,
2025,10043,CP CRECHE CANTINHO CASLU,Parceira,Creche Parceira,10.0,10.18,"RUA SERROLANDIA, 480, QD. 41, LOTE 26",PACIÊNCIA,-22.92932,-43.63725,125.0,41.0,42.0,42.0,0.0,126.0,0.0,15.0,2.0,7.0,6.0,12.0,Até 25 por 100 matriculados,Maio de 2025,,,
2025,9028,CP CRECHE COMUNITÁRIA ALÉM DO ARCO-ÍRIS,Parceira,Creche Parceira,9.0,9.18,"RUA SOLDADO FRANCISCO SAVASTANA, Nº 90",CAMPO GRANDE,-22.88237,-43.57008,96.0,13.0,44.0,39.0,0.0,102.0,0.0,15.0,14.0,1.0,0.0,15.625,Até 25 por 100 matriculados,Maio de 2025,,,
2025,3019,CP INSTITUTO EDUCACIONAL CRESCENDO E APRENDENDO ALGODÃO DOCE,Parceira,Creche Parceira,3.0,3.23,"ESTRADA DE ITARARÉ,  480- COMPLEMENTO RUA NOVA, 66",RAMOS,-22.85989694,-43.26788322,85.0,24.0,26.0,35.0,0.0,85.0,0.0,15.0,7.0,8.0,0.0,17.647058823529413,Até 25 por 100 matriculados,Maio de 2025,,,
2025,2055,CP CRECHE CASA DO POBRE DE NOSSA SENHORA DE COPACABANA,Parceira,Creche Parceira,2.0,2.3,"RUA HILÁRIO DE GOUVÊIA, 36 - 4º ANDAR",COPACABANA,-22.96882468,-43.18329646,78.0,0.0,39.0,39.0,0.0,79.0,0.0,15.0,0.0,0.0,15.0,19.23076923076923,Até 25 por 100 matriculados,Maio de 2025,,,
2025,8003,CP CRECHE CRIANÇA JABOUR,Parceira,Creche Parceira,8.0,8.8,"RUA CROÁCIA, 05 C. 16",JABOUR,-22.87855,-43.49396,77.0,0.0,40.0,37.0,0.0,80.0,0.0,15.0,0.0,0.0,15.0,19.48051948051948,Até 25 por 100 matriculados,Maio de 2025,,,
2025,2014,CP CRUZADA PELA INFÂNCIA DO LEME,Parceira,Creche Parceira,2.0,2.3,"RUA COELHO CINTRA, 380",COPACABANA,-22.96098248,-43.17907823,58.0,21.0,18.0,19.0,0.0,60.0,0.0,15.0,8.0,0.0,7.0,25.862068965517242,25 a 75 por 100 matriculados,Maio de 2025,,,
2025,4001,CP CENTRO EDUCACIONAL APRENDIZ DA MARÉ,Parceira,Creche Parceira,4.0,4.4,"RUA NILTON CORDEIRO, 19",BONSUCESSO,-22.8508233,-43.2422339,200.0,55.0,71.0,74.0,0.0,200.0,0.0,14.0,11.0,1.0,2.0,7.0,Até 25 por 100 matriculados,Maio de 2025,,,
2025,918607,Creche Municipal Sonho Feliz,Pública,Creche,9.0,9.1,"Estrada Guandu do Senna, / Nossa Senhora Das Graças 77.777 Mendanha",Campo Grande,-22.854592,-43.528906,196.0,25.0,73.0,98.0,8.0,0.0,0.0,14.0,14.0,0.0,0.0,7.142857142857143,Até 25 por 100 matriculados,Consolidado público de 2025,,,
2025,204805,Espaço de Desenvolvimento Infantil Claudio Cavalcanti,Pública,EDI,2.0,2.1,"Rua Sorocaba, s/nº",Botafogo,-22.954419,-43.188186,142.0,0.0,72.0,70.0,6.0,0.0,0.0,14.0,0.0,1.0,13.0,9.859154929577464,Até 25 por 100 matriculados,Consolidado público de 2025,,,
2025,10024,CP CRECHE COMUNITÁRIA MUNDO ENCANTADO DA CRIANÇA,Parceira,Creche Parceira,10.0,10.11,"AVENIDA JOÃO XXIII, 267 - RUA 20 - CONJUNTO NOVO MUNDO",SANTA CRUZ,-22.90224,-43.72044,140.0,25.0,54.0,61.0,0.0,140.0,0.0,14.0,13.0,1.0,0.0,10.0,Até 25 por 100 matriculados,Maio de 2025,,,
2025,4016,CP CRECHE LAR IRMÃO FRANCISCO,Parceira,Creche Parceira,4.0,4.1,"RUA SIZENANDO NABUCO, 111",MANGUINHOS,-22.875973,-43.25116019,135.0,45.0,43.0,47.0,0.0,140.0,3.0,14.0,3.0,0.0,11.0,10.37037037037037,Até 25 por 100 matriculados,Maio de 2025,,,
2025,4050,CP CENTRO EDUCACIONAL CARIOQUINHA,Parceira,Creche Parceira,4.0,4.4,"RUA SARGENTO SILVA NUNES, 431",RAMOS,-22.85441093,-43.24714966,76.0,21.0,27.0,28.0,0.0,80.0,0.0,14.0,8.0,5.0,1.0,18.42105263157895,Até 25 por 100 matriculados,Maio de 2025,,,
2025,430813,Espaço de Desenvolvimento Infantil Armando de Salles Oliveira,Pública,EDI,4.0,4.11,"Rua Gerson Ferreira, 52",Ramos,-22.841106,-43.250621,63.0,0.0,23.0,40.0,3.0,0.0,0.0,14.0,0.0,14.0,0.0,22.22222222222222,Até 25 por 100 matriculados,Consolidado público de 2025,,,
2025,10084,CP CRECHE COMUNITÁRIA AQUARELA DO SABER (GUARATIBA),Parceira,Creche Parceira,10.0,10.18,"RUA CAMPO FORMOSO, Nº 447, A",GUARATIBA,-22.93971992,-43.57756788,56.0,12.0,21.0,23.0,0.0,56.0,0.0,14.0,0.0,14.0,0.0,25.0,25 a 75 por 100 matriculados,Maio de 2025,,,
2025,7008,CP CRECHE SÃO PAULO APÓSTOLO,Parceira,Creche Parceira,7.0,7.2,"RUA 1, Nº 02 (ACESSO CÂNDIDO BENÍCIO, 2935",MATO ALTO / JACAREPAGUÁ,-22.90428,-43.35496,56.0,0.0,19.0,37.0,0.0,60.0,0.0,14.0,0.0,4.0,10.0,25.0,25 a 75 por 100 matriculados,Maio de 2025,,,
2025,1004,CP CRECHE CANTINHO FELIZ DE SANTA TERESA,Parceira,Creche Parceira,1.0,1.11,"RUA ALMIRANTE ALEXANDRINO, 2495",SANTA TERESA,-22.93159323,-43.19609406,50.0,0.0,25.0,25.0,0.0,50.0,0.0,14.0,0.0,14.0,0.0,28.0,25 a 75 por 100 matriculados,Maio de 2025,,,
2025,918619,Creche Muncipal Raul Cortez,Pública,Creche,9.0,9.15,Rua Moriçaba s/nº,Campo Grande,-22.899666,-43.534143,174.0,48.0,66.0,60.0,8.0,0.0,0.0,13.0,12.0,1.0,0.0,7.471264367816092,Até 25 por 100 matriculados,Consolidado público de 2025,,,
2025,6002,CP CRECHE GUADALUPE,Parceira,Creche Parceira,6.0,6.1,"RUA DELEGADO SILVIO TERRA, 202",GUADALUPE,-22.83417,-43.37066,166.0,59.0,56.0,51.0,0.0,170.0,0.0,13.0,13.0,0.0,0.0,7.831325301204819,Até 25 por 100 matriculados,Maio de 2025,,,
2025,312812,Espaço de Desenvolvimento Infantil Hermenegildo de Barros,Pública,EDI,3.0,3.16,Pça. Emboaba s/nº,Engenho Da Rainha,-22.871295,-43.292118,129.0,37.0,44.0,48.0,6.0,0.0,0.0,13.0,2.0,11.0,0.0,10.077519379844961,Até 25 por 100 matriculados,Consolidado público de 2025,,,
2025,9009,CP CRECHE COMUNITÁRIA CRIANÇAS DE OURO,Parceira,Creche Parceira,9.0,9.18,"RUA SOLDADO ERNEZITO CHAGAS, 38",CAMPO GRANDE,-22.93023317,-43.55805948,100.0,16.0,42.0,42.0,0.0,100.0,0.0,13.0,11.0,2.0,0.0,13.0,Até 25 por 100 matriculados,Maio de 2025,,,
2025,328602,Creche Municipal Tia Andreza,Pública,Creche,3.0,3.12,Rua José Maria Belo S/N.°,Jacarezinho,-22.89037,-43.259111,98.0,23.0,26.0,49.0,4.0,0.0,0.0,13.0,6.0,6.0,1.0,13.26530612244898,Até 25 por 100 matriculados,Consolidado público de 2025,,,
2025,430805,Espaço de Desenvolvimento Infantil Professora Solange Conceição Tricarico,Pública,EDI,4.0,4.7,AV. GUILHERME MAXWELL 107 - Maré,BONSUCESSO,-22.865663,-43.242858,65.0,22.0,20.0,23.0,3.0,0.0,0.0,13.0,13.0,0.0,0.0,20.0,Até 25 por 100 matriculados,Consolidado público de 2025,,,
2025,430801,"Espaço de Desenvolvimento Infantil Pescador Isidoro Duarte - ""Doro""",Pública,EDI,4.0,4.7,Praia de Inhaúma - Maré 39 - Maré,Bonsucesso,-22.862239,-43.238621,56.0,14.0,17.0,25.0,3.0,0.0,0.0,13.0,12.0,0.0,1.0,23.214285714285715,Até 25 por 100 matriculados,Consolidado público de 2025,,,
2025,11009,CP CRECHE COMUNITÁRIA IRMÃ MOROCHA (CCIM),Parceira,Creche Parceira,11.0,11.1,"RUA DO ROMANCISTA,96 FREGUESIA",FREGUESIA (ILHA DO GOV.),-22.78936,-43.17063,54.0,28.0,13.0,13.0,0.0,56.0,0.0,13.0,12.0,0.0,1.0,24.074074074074073,Até 25 por 100 matriculados,Maio de 2025,,,
2025,9040,CP CRECHE E ESCOLA COMUNITARIA GENTE BAIXINHA - UNIDADE COSMOS,Parceira,Creche Parceira,9.0,9.23,"RUA CURARE, 541",COSMOS,-22.90761,-43.61597,50.0,15.0,15.0,20.0,0.0,50.0,0.0,13.0,1.0,7.0,5.0,26.0,25 a 75 por 100 matriculados,Maio de 2025,,,
2025,8005,CP CRECHE E ESCOLA COMUNITÁRIA GENTE INOCENTE - REALENGO,Parceira,Creche Parceira,8.0,8.7,"ESTR. DA ÁGUA BRANCA, 4090",REALENGO,-22.86257763,-43.45247321,142.0,48.0,48.0,46.0,0.0,144.0,0.0,12.0,12.0,0.0,0.0,8.450704225352112,Até 25 por 100 matriculados,Maio de 2025,,,
2025,2046,CP ESPAÇO SANTA TEREZINHA - EST,Parceira,Creche Parceira,2.0,2.6,"RUA GENERAL RABELO, 09",GÁVEA,-22.97556009,-43.22728739,137.0,43.0,47.0,47.0,0.0,140.0,0.0,12.0,12.0,0.0,0.0,8.75912408759124,Até 25 por 100 matriculados,Maio de 2025,,,
2025,625607,Creche Municipal Luiza de Barros de Sá Freire,Pública,Creche,6.0,6.6,"Estrada de Botafogo, S/Nº Portus II",Costa Barros,-22.81981,-43.361921,132.0,25.0,44.0,63.0,6.0,0.0,0.0,12.0,12.0,0.0,0.0,9.090909090909092,Até 25 por 100 matriculados,Consolidado público de 2025,,,
2025,625602,Creche Municipal Professora Jurema Gomes Sampaio Delfim,Pública,Creche,6.0,6.6,"Rua Rainha da Paz, 33",Costa Barros,-22.822051,-43.35957,125.0,25.0,50.0,50.0,5.0,0.0,0.0,12.0,12.0,0.0,0.0,9.6,Até 25 por 100 matriculados,Consolidado público de 2025,,,
2025,9020,CP ASSOCIAÇÃO DE MORADORES UNIÃO DAS BASES DE URUCÂNIA E ADJACÊNCIAS - CAMPO GRANDE,Parceira,Creche Parceira,9.0,9.18,RUA PROF RAMIRO DE MATOS,CAMPO GRANDE,-22.90717,-43.57941,99.0,33.0,40.0,26.0,0.0,102.0,1.0,12.0,5.0,7.0,0.0,12.121212121212121,Até 25 por 100 matriculados,Maio de 2025,,,
2025,4002,CP INSTITUTO EDUCACIONAL LUIZ ANTONIO - IELA,Parceira,Creche Parceira,4.0,4.11,"RUA CABO ROCHA, 230",VILA DA PENHA,-22.83392624,-43.30671229,90.0,24.0,25.0,41.0,0.0,100.0,6.0,12.0,3.0,8.0,1.0,13.333333333333334,Até 25 por 100 matriculados,Maio de 2025,,,
2025,3031,CP ESCOLA COMUNITÁRIA JARDIM ARCO-ÍRIS - UNIDADE I,Parceira,Creche Parceira,3.0,3.4,"RUA ISOLINA, 332",MÉIER,-22.9067521,-43.28005184,77.0,0.0,35.0,42.0,0.0,80.0,0.0,12.0,0.0,0.0,12.0,15.584415584415584,Até 25 por 100 matriculados,Maio de 2025,,,
2025,9041,CP CRECHE COMUNITÁRIA PEQUENOS PASSOS,Parceira,Creche Parceira,9.0,9.18,"RUA NOEMIA DRUMOND, 105",CAMPO GRANDE,-22.88208,-43.56469,60.0,12.0,21.0,27.0,0.0,60.0,0.0,12.0,4.0,2.0,6.0,20.0,Até 25 por 100 matriculados,Maio de 2025,,,
2025,2011,CP SOCIEDADE CIVIL DE ASSISTÊNCIA A MENORES - CASA DA DINDA,Parceira,Creche Parceira,2.0,2.15,"RUA PETROCOCHINO, 74",VILA ISABEL,-22.91421868,-43.25481999,45.0,13.0,15.0,17.0,0.0,45.0,0.0,12.0,4.0,3.0,5.0,26.666666666666668,25 a 75 por 100 matriculados,Maio de 2025,,,
2025,6015,CP AEMMAC - PAVUNA,Parceira,Creche Parceira,6.0,6.6,"PRAÇA NOSSA SENHORA DAS DORES, 14",PAVUNA,-22.80827194,-43.36968857,357.0,60.0,144.0,153.0,0.0,365.0,0.0,11.0,11.0,0.0,0.0,3.081232492997199,Até 25 por 100 matriculados,Maio de 2025,,,
2025,7015,CP CRECHE CANTINHO FELIZ II,Parceira,Creche Parceira,7.0,7.25,"PRAÇA VARGEM GRANDE, LOTE 52",VARGEM GRANDE,-22.98393,-43.49695,216.0,68.0,61.0,87.0,0.0,232.0,0.0,11.0,11.0,0.0,0.0,5.092592592592593,Até 25 por 100 matriculados,Maio de 2025,,,
2025,918808,Espaço de Desenvolvimento Infantil Professora Marta Regina Perrota,Pública,EDI,9.0,9.2,Rua Cabo Fidelis S/Nº,Campo Grande,-22.929639,-43.566393,129.0,25.0,45.0,59.0,6.0,0.0,0.0,11.0,11.0,0.0,0.0,8.527131782945736,Até 25 por 100 matriculados,Consolidado público de 2025,,,
2025,625804,Espaço de Desenvolvimento Infantil Professora Helia Lúcia Moreno Ferreira,Pública,EDI,6.0,6.6,Rua Gil Eanes,Costa Barros,-22.821307,-43.361933,120.0,25.0,47.0,48.0,5.0,0.0,0.0,11.0,11.0,0.0,0.0,9.166666666666666,Até 25 por 100 matriculados,Consolidado público de 2025,,,
2025,4013,CP RECANTO DA CRIANÇA FELIZ,Parceira,Creche Parceira,4.0,4.11,"RUA ISMAEL ROCHA, LOTE 124",RAMOS,-22.84581315,-43.24890236,80.0,0.0,40.0,40.0,0.0,80.0,0.0,11.0,0.0,11.0,0.0,13.75,Até 25 por 100 matriculados,Maio de 2025,,,
2025,2012,CP GRUPO COMUNITÁRIO CRECHE ESCOLA TIA MAURA,Parceira,Creche Parceira,2.0,2.6,"ESTR. DAS CANOAS, 720",SÃO CONRADO,-22.99453304,-43.27299073,68.0,25.0,24.0,19.0,0.0,70.0,0.0,11.0,11.0,0.0,0.0,16.176470588235293,Até 25 por 100 matriculados,Maio de 2025,,,
2025,3040,CP ASSOCIAÇÃO CRESCENCIO UNIDADE II,Parceira,Creche Parceira,3.0,3.3,"ANTÔNIO PORTELA,29",ENGENHO NOVO,-22.90891203,-43.26861001,67.0,17.0,35.0,15.0,0.0,70.0,0.0,11.0,7.0,4.0,0.0,16.417910447761194,Até 25 por 100 matriculados,Maio de 2025,,,
2025,918620,Creche Municipal Emilio Ibrahim Lázaro Jubram Dib,Pública,Creche,9.0,9.19,Rua Beira Rio s/nº,Campo Grande,-22.919907,-43.555444,199.0,58.0,66.0,75.0,11.0,0.0,0.0,10.0,10.0,0.0,0.0,5.025125628140704,Até 25 por 100 matriculados,Consolidado público de 2025,,,
2025,11004,CP CENTRO DE ATIVIDADES EDUCACIONAIS E CULTURAIS ARCA DE NOÉ - CAECAN,Parceira,Creche Parceira,11.0,11.3,"RUA MITÁ, 115",ILHA DO GOVERNADOR / GUARABU,-22.80427,-43.19551,148.0,36.0,44.0,68.0,0.0,151.0,0.0,10.0,8.0,2.0,0.0,6.756756756756757,Até 25 por 100 matriculados,Maio de 2025,,,
2025,1009,CP CRECHE COMUNITÁRIA ANITA WAY,Parceira,Creche Parceira,1.0,1.5,"RUA DA AMÉRICA, 81",SANTO CRISTO,-22.9009354,-43.1977302,129.0,11.0,63.0,55.0,0.0,130.0,0.0,10.0,3.0,7.0,0.0,7.751937984496124,Até 25 por 100 matriculados,Maio de 2025,,,
2025,10062,CP CENTRO CULTURAL DE DESENVOLVIMENTO INFANTIL JOÃO BATISTA,Parceira,Creche Parceira,10.0,10.28,"RUA  MARICOABO, 130, LOTE 24, QUADRA 63",GUARATIBA,-22.97964,-43.66379,106.0,28.0,38.0,40.0,0.0,112.0,2.0,10.0,0.0,4.0,6.0,9.433962264150944,Até 25 por 100 matriculados,Maio de 2025,,,
2025,313809,Espaço de Desenvolvimento Infantil Escultora Lygia Clark,Pública,EDI,3.0,3.7,"Travessa Soares Pereira, nº 13",Água Santa,-22.90646,-43.313662,98.0,0.0,48.0,50.0,4.0,0.0,0.0,10.0,0.0,3.0,7.0,10.204081632653061,Até 25 por 100 matriculados,Consolidado público de 2025,,,
2025,716804,Espaço de Desenvolvimento Infantil Rodrigo Lopes da Silva - Tikinho,Pública,EDI,7.0,7.11,Rua Vila Aurora s/nº,Curicica,-22.945659,-43.378626,56.0,0.0,19.0,37.0,3.0,0.0,0.0,10.0,0.0,5.0,5.0,17.857142857142858,Até 25 por 100 matriculados,Consolidado público de 2025,,,
2025,313804,Espaço de Desenvolvimento Infantil George Bernanos,Pública,EDI,3.0,3.1,"Pça. Avai, S/Nº",Cachambi,-22.892515,-43.276286,46.0,0.0,23.0,23.0,2.0,0.0,0.0,10.0,0.0,0.0,10.0,21.73913043478261,Até 25 por 100 matriculados,Consolidado público de 2025,,,
2025,4024,CP CRECHE VALE DO SOL,Parceira,Creche Parceira,4.0,4.15,"RUA MAJOR REGO, 300",OLARIA,-22.85146702,-43.27229563,264.0,54.0,100.0,110.0,0.0,269.0,0.0,9.0,7.0,2.0,0.0,3.409090909090909,Até 25 por 100 matriculados,Maio de 2025,,,
2025,8007,CP CRECHE E ESCOLA COMUNITÁRIA GENTE INOCENTE - BANGU,Parceira,Creche Parceira,8.0,8.8,"ESTR. DA ÁGUA BRANCA, 4296",BANGU,-22.86206558,-43.45701633,210.0,72.0,69.0,69.0,0.0,214.0,0.0,9.0,9.0,0.0,0.0,4.285714285714286,Até 25 por 100 matriculados,Maio de 2025,,,
2025,918832,Espaço de Desenvolvimento Infantil Jacintha Reis Ferreira,Pública,EDI,9.0,9.23,"Rua Paçuaré, 0 - PAL 41.746",Cosmos,-22.922708,-43.620744,167.0,49.0,70.0,48.0,7.0,0.0,0.0,9.0,9.0,0.0,0.0,5.389221556886228,Até 25 por 100 matriculados,Consolidado público de 2025,,,
2025,10027,CP CRECHE CASULO AGOSTINHO - SANTA CRUZ,Parceira,Creche Parceira,10.0,10.11,"RUA BATISTA, 51",SANTA CRUZ,-22.90966,-43.67976,160.0,48.0,55.0,57.0,0.0,160.0,0.0,9.0,9.0,0.0,0.0,5.625,Até 25 por 100 matriculados,Maio de 2025,,,
2025,10041,CP CRECHE BEZERRA DE MENEZES - SANTA CRUZ,Parceira,Creche Parceira,10.0,10.1,"AVENIDA ANTARES, 2991",SANTA CRUZ,-22.92397,-43.67806,157.0,50.0,51.0,56.0,0.0,160.0,0.0,9.0,9.0,0.0,0.0,5.732484076433121,Até 25 por 100 matriculados,Maio de 2025,,,
2025,430807,Espaço de Desenvolvimento Infantil Maria Amélia Castro e Silva Belfort,Pública,EDI,4.0,4.8,"Rua Teixeira Ribeiro, 1000 - bloco VIII - Campus Maré",Bonsucesso (Maré),-22.856902,-43.239377,140.0,49.0,44.0,47.0,6.0,0.0,0.0,9.0,8.0,0.0,1.0,6.428571428571429,Até 25 por 100 matriculados,Consolidado público de 2025,,,
2025,313609,Creche Municipal Recanto da Cachoeira,Pública,Creche,3.0,3.5,Rua Sincorá - Cachoeira Grande s/nº,Lins de Vasconcelos,-22.919202,-43.284753,120.0,46.0,39.0,35.0,6.0,0.0,0.0,9.0,9.0,0.0,0.0,7.5,Até 25 por 100 matriculados,Consolidado público de 2025,,,
2025,1019623,Creche Municipal Sempre Vida Terra da Paz,Pública,Creche,10.0,10.19,"Rua Para Sempre, S/Nº",Paciência,-22.921142,-43.630065,114.0,25.0,43.0,46.0,5.0,0.0,0.0,9.0,6.0,0.0,3.0,7.894736842105263,Até 25 por 100 matriculados,Consolidado público de 2025,,,
2025,833601,Creche Municipal Casa de Realengo,Pública,Creche,8.0,8.6,"Rua Dr. Lessa, 21S/N",Realengo,-22.880628,-43.430644,114.0,22.0,70.0,22.0,5.0,0.0,0.0,9.0,9.0,0.0,0.0,7.894736842105263,Até 25 por 100 matriculados,Consolidado público de 2025,,,
2025,8014,"CP DO.RA., A AVENTUREIRA",Parceira,Creche Parceira,8.0,8.8,"RUA DOS ESTAMPADORES, 306",BANGU,-22.88082,-43.4709,88.0,0.0,42.0,46.0,0.0,92.0,0.0,9.0,0.0,8.0,1.0,10.227272727272727,Até 25 por 100 matriculados,Maio de 2025,,,
2025,8018,CP CRECHE COMUNITÁRIA ESTRELINHA,Parceira,Creche Parceira,8.0,8.8,"RUA DOUTOR AUGUSTO FIGUEIREDO, 93",SENADOR CAMARÁ,-22.87388,-43.48101,72.0,0.0,27.0,45.0,0.0,72.0,0.0,9.0,0.0,9.0,0.0,12.5,Até 25 por 100 matriculados,Maio de 2025,,,
2025,515608,Creche Municipal Maria José de Paula de Jesus,Pública,Creche,5.0,5.8,Rua Manuel Machado s/n,Vaz Lobo,-22.857199,-43.334689,66.0,19.0,24.0,23.0,3.0,0.0,0.0,9.0,0.0,0.0,9.0,13.636363636363637,Até 25 por 100 matriculados,Consolidado público de 2025,,,
2025,3030,CP CRECHE TIO KITO,Parceira,Creche Parceira,3.0,3.3,"AV. MARECHAL RONDON, 2649",SÃO FRANCISCO XAVIER,-22.90433894,-43.26414042,60.0,25.0,13.0,22.0,0.0,80.0,18.0,9.0,7.0,2.0,0.0,15.0,Até 25 por 100 matriculados,Maio de 2025,,,
2025,4036,CP CRECHE GIZ COLORIDO,Parceira,Creche Parceira,4.0,4.14,"RUA ITABIRA, 297",BRÁS DE PINA,-22.82947091,-43.29392752,57.0,18.0,19.0,20.0,0.0,58.0,0.0,9.0,0.0,4.0,5.0,15.789473684210526,Até 25 por 100 matriculados,Maio de 2025,,,
2025,1005,CP CASA MATERNAL CORAÇÃO DE MÃE,Parceira,Creche Parceira,1.0,1.7,"RUA CONCEIÇÃO, Nº 01 - COMPLEXO DO TURANO",RIO COMPRIDO,-22.92507123,-43.21432426,40.0,0.0,18.0,22.0,0.0,40.0,0.0,9.0,0.0,7.0,2.0,22.5,Até 25 por 100 matriculados,Maio de 2025,,,
2025,515803,Espaço de Desenvolvimento Infantil Pio XII,Pública,EDI,5.0,5.11,Rua Dos Rubis 941,Rocha Miranda,-22.845923,-43.351168,25.0,0.0,0.0,25.0,1.0,0.0,0.0,9.0,0.0,0.0,9.0,36.0,25 a 75 por 100 matriculados,Consolidado público de 2025,,,
2025,724801,Espaço de Desenvolvimento Infantil Milena Santos Nascimento,Pública,EDI,7.0,7.28,RuaTeotônio Vilela com Rua Gilberto Freire s/nº,Recreio,-23.023984,-43.489959,184.0,50.0,74.0,60.0,8.0,0.0,0.0,8.0,7.0,1.0,0.0,4.3478260869565215,Até 25 por 100 matriculados,Consolidado público de 2025,,,
2025,918825,Espaço de Desenvolvimento Infantil Professora Terezinha de Jesus Siqueira Brown,Pública,EDI,9.0,9.7,"Rua Jaquatirica, 200 (antiga Rua da Anta)",Campo Grande,-22.875422,-43.536818,184.0,25.0,69.0,90.0,9.0,0.0,0.0,8.0,8.0,0.0,0.0,4.3478260869565215,Até 25 por 100 matriculados,Consolidado público de 2025,,,
2025,312813,EDI JORNALISTA JORGE BASTOS MORENO,Pública,EDI,3.0,3.1,RUA ANA NERI 1552 BLOCO 1,ROCHA,-22.90075,-43.25066,173.0,44.0,63.0,66.0,8.0,0.0,0.0,8.0,8.0,0.0,0.0,4.624277456647399,Até 25 por 100 matriculados,Consolidado público de 2025,,,
2025,10030,CP INSTITUTO AVELINO - GUARATIBA,Parceira,Creche Parceira,10.0,10.28,"RUA PROFESSOR CHARLEY LACHMUND, 290",PEDRA DE GUARATIBA,-22.97091,-43.65353,142.0,38.0,60.0,44.0,0.0,142.0,0.0,8.0,2.0,2.0,4.0,5.633802816901408,Até 25 por 100 matriculados,Maio de 2025,,,
2025,4010,CP CRECHE COMUNITÁRIA SAGRADO CORAÇÃO DE MARIA,Parceira,Creche Parceira,4.0,4.4,"RUA CARMELA DUTRA, 24",BONSUCESSO,-22.85783,-43.24325,123.0,0.0,73.0,50.0,0.0,125.0,0.0,8.0,0.0,4.0,4.0,6.504065040650406,Até 25 por 100 matriculados,Maio de 2025,,,
2025,102606,Creche Municipal George Savalla Gomes - Palhaço Carequinha,Pública,Creche,1.0,1.7,Rua Gustavo Barroso s/nº,Centro,-22.906898,-43.193638,94.0,48.0,46.0,0.0,4.0,0.0,0.0,8.0,7.0,1.0,0.0,8.51063829787234,Até 25 por 100 matriculados,Consolidado público de 2025,,,
2025,4007,CP CRECHE CASULO BOM JESUS DA PENHA,Parceira,Creche Parceira,4.0,4.16,"AV. BRÁS DE PINA, 181",RAMOS,-22.84171675,-43.28014224,83.0,0.0,43.0,40.0,0.0,84.0,0.0,8.0,0.0,2.0,6.0,9.63855421686747,Até 25 por 100 matriculados,Maio de 2025,,,
2025,918609,Creche Municipal Adélia Vieira,Pública,Creche,9.0,9.9,"Rua Capelinha, s/nº Vila Santa Rosa",Inhoaíba - Campo Grande,-22.888013,-43.587225,55.0,0.0,14.0,41.0,3.0,0.0,0.0,8.0,0.0,8.0,0.0,14.545454545454545,Até 25 por 100 matriculados,Consolidado público de 2025,,,
2025,10066,CP CRECHE COMUNITÁRIA ARTE & CULTURA,Parceira,Creche Parceira,10.0,10.5,"ESTRADA ATERRADO DO LEME, 426",SANTA CRUZ,-22.90686866,-43.6581032,227.0,72.0,76.0,79.0,0.0,250.0,15.0,7.0,5.0,2.0,0.0,3.0837004405286343,Até 25 por 100 matriculados,Maio de 2025,,,
2025,625819,Espaço de Desenvolvimento Infantil Professora Mariza Pimenta,Pública,EDI,6.0,6.8,"Rua Tocantis, s/n.º",Pavuna,-22.81986,-43.377041,177.0,50.0,51.0,76.0,7.0,0.0,0.0,7.0,7.0,0.0,0.0,3.9548022598870056,Até 25 por 100 matriculados,Consolidado público de 2025,,,
2025,918835,Espaço de Desenvolvimento Infantil Medalhista Artur Nory,Pública,EDI,9.0,9.1,Rua Campo Grande (CAIC),Campo Grande,-22.90624,-43.588702,163.0,47.0,50.0,66.0,7.0,0.0,0.0,7.0,5.0,2.0,0.0,4.294478527607362,Até 25 por 100 matriculados,Consolidado público de 2025,,,
2025,328604,Creche Municipal da Comunidade do Jacarezinho,Pública,Creche,3.0,3.13,Rua Do Comércio - Praça do Azul s/n,Jacarezinho,-22.888592,-43.263362,145.0,50.0,49.0,46.0,6.0,0.0,0.0,7.0,5.0,1.0,1.0,4.827586206896552,Até 25 por 100 matriculados,Consolidado público de 2025,,,
2025,10042,CP CICIM II,Parceira,Creche Parceira,10.0,10.9,"ESTRADA DE SEPETIBA, S/Nº,  AVENIDA 2, Nº 400 - CONJ. NOVA SEPETIBA",SEPETIBA,-22.94751,-43.67828,125.0,48.0,33.0,44.0,0.0,128.0,0.0,7.0,5.0,1.0,1.0,5.6,Até 25 por 100 matriculados,Maio de 2025,,,
2025,918616,Creche Municipal Padre Valter da Costa Santos,Pública,Creche,9.0,9.5,Luis Carlos Prester - Comunidade Santa Maria s/nº,Campo Grande,-22.877052,-43.58049,123.0,25.0,50.0,48.0,5.0,0.0,0.0,7.0,0.0,3.0,4.0,5.691056910569106,Até 25 por 100 matriculados,Consolidado público de 2025,,,
2025,625608,Creche Municipal Major Celestino R. dos Santos,Pública,Creche,6.0,6.3,Av. Brasil 18.476,Conj. Hab. Amarelinho - Irajá,-22.826122,-43.338803,117.0,0.0,48.0,69.0,5.0,0.0,0.0,7.0,0.0,7.0,0.0,5.982905982905983,Até 25 por 100 matriculados,Consolidado público de 2025,,,
2025,101603,Creche Municipal Senninha,Pública,Creche,1.0,1.1,Travessa Mangueira - Parque Boa Esperança S/N°,Caju,-22.882989,-43.228696,94.0,49.0,22.0,23.0,4.0,0.0,0.0,7.0,0.0,7.0,0.0,7.446808510638298,Até 25 por 100 matriculados,Consolidado público de 2025,,,
2025,514601,Creche Municipal Tio Sebastião Xavier,Pública,Creche,5.0,5.1,"Rua Soldado Servino Mengarda, 300 - Conj Hab Vicente de Carvalho",Vila Kosmos,-22.849085,-43.303981,91.0,0.0,22.0,69.0,4.0,0.0,0.0,7.0,0.0,7.0,0.0,7.6923076923076925,Até 25 por 100 matriculados,Consolidado público de 2025,,,
2025,625801,Espaço de Desenvolvimento Infantil Professora Rosenice Rocha Roque,Pública,EDI,6.0,6.1,"Rua das Amêndoas, s/n°",Barros Filho,-22.838141,-43.367654,88.0,22.0,22.0,44.0,5.0,0.0,0.0,7.0,0.0,7.0,0.0,7.954545454545454,Até 25 por 100 matriculados,Consolidado público de 2025,,,
2025,6004,CP CENTRO COMUNITÁRIO PARQUE UNIDOS DE ACARI,Parceira,Creche Parceira,6.0,6.4,"RUA PADRE LIMA, 482",ACARI,-22.82067,-43.34701,84.0,10.0,32.0,42.0,0.0,84.0,0.0,7.0,7.0,0.0,0.0,8.333333333333334,Até 25 por 100 matriculados,Maio de 2025,,,
2025,817613,Creche Municipal Célia Alencar,Pública,Creche,8.0,8.16,Rua Belizário De Souza - Vila Vintém 704,Padre Miguel,-22.875707,-43.441092,82.0,0.0,36.0,46.0,4.0,0.0,0.0,7.0,0.0,0.0,7.0,8.536585365853659,Até 25 por 100 matriculados,Consolidado público de 2025,,,
2025,8006,CP FUNDAÇÃO CASA DA JOANINHA - CRECHE,Parceira,Creche Parceira,8.0,8.5,"ESTR. DA ÁGUA BRANCA, 640",MAGALHÃES BASTOS,-22.8683,-43.42191,50.0,0.0,20.0,30.0,0.0,50.0,0.0,7.0,0.0,6.0,1.0,14.0,Até 25 por 100 matriculados,Maio de 2025,,,
2025,2041,CP CRECHE E PRÉ-ESCOLA COMUNITÁRIA DO 199 PINGO DE GENTE,Parceira,Creche Parceira,2.0,2.5,"ESTR. DA GÁVEA, 199-BECO 1/5/65 CASA 34",ROCINHA,-22.98565589,-43.24294428,44.0,11.0,16.0,17.0,0.0,50.0,6.0,7.0,3.0,2.0,2.0,15.909090909090908,Até 25 por 100 matriculados,Maio de 2025,,,
2025,10040,CP CICIM I,Parceira,Creche Parceira,10.0,10.9,"RUA 39, S/Nº - CONJ. NOVA SEPETIBA",SEPETIBA,-23.00534,-43.62616,200.0,54.0,74.0,72.0,0.0,200.0,0.0,6.0,2.0,2.0,2.0,3.0,Até 25 por 100 matriculados,Maio de 2025,,,
2025,625614,Creche Municipal Simone de Beauvoir,Pública,Creche,6.0,6.5,Rua Sérgio de Siqueira Macedo 420,Costa Barros,-22.814685,-43.367493,194.0,48.0,71.0,75.0,8.0,0.0,0.0,6.0,6.0,0.0,0.0,3.0927835051546393,Até 25 por 100 matriculados,Consolidado público de 2025,,,
2025,918836,Espaço de Desenvolvimento Infantil Medalhista Rafael Silva,Pública,EDI,9.0,9.7,Rua Doutor Juvenal Murtinho - Comunidade Estrada da Posse (substituindo o 09.02.10) - PAL 47.006,Santíssimo,-22.875386,-43.533794,185.0,45.0,73.0,67.0,8.0,0.0,0.0,6.0,4.0,1.0,1.0,3.2432432432432434,Até 25 por 100 matriculados,Consolidado público de 2025,,,
2025,4045,CP CRECHE CRIANÇA FELIZ EM LUCAS,Parceira,Creche Parceira,4.0,4.23,"RUA DEMOCRACIA, 27",PARADA DE LUCAS,-22.81241883,-43.29846109,155.0,43.0,46.0,66.0,0.0,157.0,0.0,6.0,4.0,2.0,0.0,3.870967741935484,Até 25 por 100 matriculados,Maio de 2025,,,
2025,724601,Creche Municipal Maria Vieira Bazani,Pública,Creche,7.0,7.28,"Rua Teotônio Vilela, S/Nº - Canal Das Taxas",Recreio dos Bandeirantes,-23.027024,-43.485789,142.0,49.0,49.0,44.0,6.0,0.0,0.0,6.0,5.0,1.0,0.0,4.225352112676056,Até 25 por 100 matriculados,Consolidado público de 2025,,,
2025,101607,Creche Municipal Tia Dora,Pública,Creche,1.0,1.6,Rua Barão da Gamboa 203,Santo Cristo,-22.898108,-43.197524,132.0,43.0,48.0,41.0,6.0,0.0,0.0,6.0,3.0,3.0,0.0,4.545454545454546,Até 25 por 100 matriculados,Consolidado público de 2025,,,
2025,625802,Espaço de Desenvolvimento Infantil Wesley Guilber Rodrigues de Andrade,Pública,EDI,6.0,6.5,"Estr. de Botafogo, S/Nº",Costa Barros,-22.820877,-43.368983,127.0,23.0,46.0,58.0,6.0,0.0,0.0,6.0,5.0,1.0,0.0,4.724409448818897,Até 25 por 100 matriculados,Consolidado público de 2025,,,
2025,101802,Espaço de Desenvolvimento Infantil Machado de Assis,Pública,EDI,1.0,1.5,Rua das Américas - Comunidade da Providência 21,Santo Cristo,-22.902003,-43.200648,122.0,41.0,23.0,58.0,6.0,0.0,0.0,6.0,0.0,6.0,0.0,4.918032786885246,Até 25 por 100 matriculados,Consolidado público de 2025,,,
2025,313610,Creche Municipal Emmanuel,Pública,Creche,3.0,3.5,Rua Heráclito Graça 509,Lins de Vasconcelos,-22.914251,-43.282108,120.0,42.0,40.0,38.0,6.0,0.0,0.0,6.0,6.0,0.0,0.0,5.0,Até 25 por 100 matriculados,Consolidado público de 2025,,,
2025,11001,CP CRECHE COMUNITÁRIA ALEGRIA DA CRIANÇA,Parceira,Creche Parceira,11.0,11.2,"RUA JORNALISTA ALAÍDE PIRES, 35",ILHA DO GOVERNADOR / PARQUE ROYAL,-22.79554,-43.20989,104.0,18.0,41.0,45.0,0.0,105.0,0.0,6.0,6.0,0.0,0.0,5.769230769230769,Até 25 por 100 matriculados,Maio de 2025,,,
2025,8013,CP CENTRO EDUCACIONAL LUIZA,Parceira,Creche Parceira,8.0,8.5,"RUA DO IMPERADOR, 521, APT. 101- FUNDOS",REALENGO,-22.8799,-43.43653,102.0,0.0,42.0,60.0,0.0,103.0,0.0,6.0,0.0,0.0,6.0,5.882352941176471,Até 25 por 100 matriculados,Maio de 2025,,,
2025,515808,Espaço de Desenvolvimento Infantil Guaraciara Rodrigues Diniz,Pública,EDI,5.0,5.7,"Rua Fausto Laurindo, 829 - Morro Do Sereno 829",Madureira,-22.863852,-43.335166,101.0,27.0,24.0,50.0,4.0,0.0,0.0,6.0,0.0,5.0,1.0,5.9405940594059405,Até 25 por 100 matriculados,Consolidado público de 2025,,,
2025,2009,CP ABRIGO TERESA DE JESUS,Parceira,Creche Parceira,2.0,2.15,"RUA IBITURUNA, 53",TIJUCA,-22.91366865,-43.22071856,91.0,0.0,45.0,46.0,0.0,96.0,0.0,6.0,0.0,0.0,6.0,6.593406593406593,Até 25 por 100 matriculados,Maio de 2025,,,
2025,6006,CP CRECHE ESCOLA COMUNITÁRIA TIO PATINHAS,Parceira,Creche Parceira,6.0,6.2,"PRAÇA ROBERTO CARLOS, 19",ACARI,-22.82359,-43.34934,84.0,0.0,27.0,57.0,0.0,90.0,0.0,6.0,0.0,5.0,1.0,7.142857142857143,Até 25 por 100 matriculados,Maio de 2025,,,
2025,1120802,Espaço de Desenvolvimento Infantil Neusa Maria Goulart Brizola,Pública,EDI,11.0,11.5,Av. das Enxadas s/n,Bancários - Ilha do Governador,-22.788537,-43.185002,71.0,23.0,25.0,23.0,3.0,0.0,0.0,6.0,0.0,0.0,6.0,8.450704225352112,Até 25 por 100 matriculados,Consolidado público de 2025,,,
2025,3039,CP CRECHE COMUNITÁRIA CÉU AZUL,Parceira,Creche Parceira,3.0,3.14,"AV. NOVO RIO, 10",BONSUCESSO,-22.8719761,-43.25736737,48.0,12.0,23.0,13.0,0.0,50.0,0.0,6.0,6.0,0.0,0.0,12.5,Até 25 por 100 matriculados,Maio de 2025,,,
2025,430605,Creche Municipal Nova Holanda,Pública,Creche,4.0,4.7,"Rua Sargento Silva Nunes, 1.004 - Maré",Bonsucesso,-22.854467,-43.242888,45.0,0.0,20.0,25.0,2.0,0.0,0.0,6.0,0.0,0.0,6.0,13.333333333333334,Até 25 por 100 matriculados,Consolidado público de 2025,,,
2025,4029,CP SOLZINHO,Parceira,Creche Parceira,4.0,4.15,"RUA MAJOR REGO, 46",OLARIA,-22.85518005,-43.26747178,187.0,56.0,59.0,72.0,0.0,188.0,0.0,5.0,2.0,3.0,0.0,2.6737967914438503,Até 25 por 100 matriculados,Maio de 2025,,,
2025,1120606,Creche Municipal Tauá,Pública,Creche,11.0,11.5,Rua Menino Jesus de Praga,Ilha do Governador,-22.796875,-43.1796,148.0,51.0,49.0,48.0,6.0,0.0,0.0,5.0,4.0,0.0,1.0,3.3783783783783785,Até 25 por 100 matriculados,Consolidado público de 2025,,,
2025,716802,Espaço de Desenvolvimento Infantil Arthur Bispo do Rosário,Pública,EDI,7.0,7.8,AV. SAMPAIO CORREA s/nº,Curicica,-22.93725,-43.390376,130.0,0.0,46.0,84.0,6.0,0.0,0.0,5.0,0.0,5.0,0.0,3.8461538461538463,Até 25 por 100 matriculados,Consolidado público de 2025,,,
2025,430802,Espaço de Desenvolvimento Infantil Professora Kelita Faria de Paula,Pública,EDI,4.0,4.7,"Avenida Guilherme Maxwell, 107 - Maré",Bonsucesso (Maré),-22.865546,-43.243179,121.0,0.0,50.0,71.0,5.0,0.0,0.0,5.0,0.0,2.0,3.0,4.132231404958677,Até 25 por 100 matriculados,Consolidado público de 2025,,,
2025,7007,CP SEMENTE DE AMOR,Parceira,Creche Parceira,7.0,7.7,"RUA EDGARD WERNECK, 846",FREGUESIA / JACAREPAGUÁ,-22.94353,-43.35555,118.0,1.0,59.0,58.0,0.0,120.0,0.0,5.0,0.0,0.0,5.0,4.237288135593221,Até 25 por 100 matriculados,Maio de 2025,,,
2025,10080,CP ASSOCIAÇÃO CENTRO EDUCACIONAL REBRAL XII (GUARATIBA),Parceira,Creche Parceira,10.0,10.27,"ESTRADA DA PEDRA, Nº 117",PEDRA DE GUARATIBA,-22.98236646,-43.65473281,117.0,18.0,53.0,46.0,0.0,136.0,9.0,5.0,4.0,1.0,0.0,4.273504273504273,Até 25 por 100 matriculados,Maio de 2025,,,
2025,1120801,Espaço de Desenvolvimento Infantil José de Souza Ramos,Pública,EDI,11.0,11.3,"R. Oscar de Melo, 1 1",ILHA DO GOVERNADOR,-22.805503,-43.1932,110.0,23.0,42.0,45.0,5.0,0.0,0.0,5.0,4.0,0.0,1.0,4.545454545454546,Até 25 por 100 matriculados,Consolidado público de 2025,,,
2025,208603,Creche Municipal Raízes do Salgueiro,Pública,Creche,2.0,2.12,Rua Junquilhos - Morro Do Salgueiro s/n,Tijuca,-22.928219,-43.225674,109.0,26.0,45.0,38.0,5.0,0.0,0.0,5.0,5.0,0.0,0.0,4.587155963302752,Até 25 por 100 matriculados,Consolidado público de 2025,,,
2025,312809,Espaço de Desenvolvimento Infantil Professora Valéria Pereira de Souza Pinto,Pública,EDI,3.0,3.21,Rua Projetada s/nº Complexo Alemão,Bonsucesso,-22.863791,-43.270311,106.0,24.0,36.0,46.0,5.0,0.0,0.0,5.0,3.0,0.0,2.0,4.716981132075472,Até 25 por 100 matriculados,Consolidado público de 2025,,,
2025,3034,CP CRECHE RISCO E RABISCO,Parceira,Creche Parceira,3.0,3.9,"RUA MARIA BENJAMIN, Nº 485",PILARES,-22.8778187,-43.30045718,100.0,0.0,46.0,54.0,0.0,100.0,0.0,5.0,0.0,4.0,1.0,5.0,Até 25 por 100 matriculados,Maio de 2025,,,
2025,515611,Creche Municipal Vovó Maria Joana,Pública,Creche,5.0,5.7,Rua Compositor Silas De Oliveira- Serrinha 113,Madureira,-22.864671,-43.329916,93.0,20.0,48.0,25.0,4.0,0.0,0.0,5.0,3.0,0.0,2.0,5.376344086021505,Até 25 por 100 matriculados,Consolidado público de 2025,,,
2025,833807,Espaço de Desenvolvimento Infantil Luiza Paula da Silveira Machado,Pública,EDI,8.0,8.2,Rua Santa Leopoldina s/nº,Realengo,-22.893768,-43.419503,92.0,1.0,42.0,49.0,5.0,0.0,0.0,5.0,0.0,0.0,5.0,5.434782608695652,Até 25 por 100 matriculados,Consolidado público de 2025,,,
2025,817615,Creche Municipal Vila União da Paz,Pública,Creche,8.0,8.17,Rua Sargento João Lima - Estr. da Agua Branca S/N,Bangu,-22.862988,-43.45751,86.0,24.0,23.0,39.0,4.0,0.0,0.0,5.0,5.0,0.0,0.0,5.813953488372093,Até 25 por 100 matriculados,Consolidado público de 2025,,,
2025,11007,CP CRECHE ESFERA KIDS,Parceira,Creche Parceira,11.0,11.5,"RUA DR. BERNARDINO GOMES, 280",ILHA DO GOVERNADOR,-22.79792,-43.17526,77.0,26.0,26.0,25.0,0.0,78.0,0.0,5.0,0.0,1.0,4.0,6.4935064935064934,Até 25 por 100 matriculados,Maio de 2025,,,
2025,107605,Creche Municipal Eduardo Moreira dos Santos,Pública,Creche,1.0,1.3,Rua Jupará 98,Mangueira - Morro dos Telégrafos,-22.902679,-43.235857,69.0,24.0,21.0,24.0,3.0,0.0,0.0,5.0,2.0,3.0,0.0,7.246376811594203,Até 25 por 100 matriculados,Consolidado público de 2025,,,
2025,410805,Espaço de Desenvolvimento Infantil Compositor Neoci Dias de Andrade,Pública,EDI,4.0,4.15,Rua Antonio Rego 383,Olaria,-22.849859,-43.265338,69.0,22.0,25.0,22.0,3.0,0.0,0.0,5.0,0.0,5.0,0.0,7.246376811594203,Até 25 por 100 matriculados,Consolidado público de 2025,,,
2025,5007,CP CENTRO COMUNITÁRIO FLOR DO AMANHÃ,Parceira,Creche Parceira,5.0,5.14,"RUA LOURENÇO MARQUES, 70",MARECHAL HERMES,-22.84823636,-43.36162723,55.0,0.0,23.0,32.0,0.0,55.0,0.0,5.0,0.0,0.0,5.0,9.090909090909092,Até 25 por 100 matriculados,Maio de 2025,,,
2025,430607,Creche Municipal Professor Paulo Freire,Pública,Creche,4.0,4.8,"Rua Tancredo Neves, Bl.100 s/nº - Maré",Bonsucesso,-22.859501,-43.24005,51.0,0.0,32.0,19.0,3.0,0.0,0.0,5.0,0.0,0.0,5.0,9.803921568627452,Até 25 por 100 matriculados,Consolidado público de 2025,,,
2025,5012,CP ASSOCIAÇÃO CENTRO EDUCACIONAL REBRAL XI,Parceira,Creche Parceira,5.0,5.2,"RUA ENGENHEIRO LAFAIETE STOOCKLER, 781",VILA DA PENHA,-22.84274349,-43.31110874,251.0,48.0,104.0,99.0,0.0,269.0,0.0,4.0,4.0,0.0,0.0,1.593625498007968,Até 25 por 100 matriculados,Maio de 2025,,,
2025,10019,CP ESCOLA COMUNITÁRIA JARDIM ALEXANDRINO,Parceira,Creche Parceira,10.0,10.11,"RUA PROJETADA ISABEL, 20",SANTA CRUZ,-22.93446,-43.67244,169.0,50.0,66.0,53.0,0.0,175.0,0.0,4.0,4.0,0.0,0.0,2.366863905325444,Até 25 por 100 matriculados,Maio de 2025,,,
2025,918831,Espaço de Desenvolvimento Infantil Elflodizio dos Santos,Pública,EDI,9.0,9.1,"Estrada Do Goiabal, 75 - Nova Cidade",Inhoaíba,-22.903285,-43.591003,156.0,49.0,50.0,57.0,7.0,0.0,0.0,4.0,4.0,0.0,0.0,2.5641025641025643,Até 25 por 100 matriculados,Consolidado público de 2025,,,
2025,3036,CP CENTRO CULTURAL EVOLUIR,Parceira,Creche Parceira,3.0,3.19,"RUA SILVA ROSA, 286",MARIA DA GRAÇA,-22.87989519,-43.26200525,147.0,56.0,48.0,43.0,0.0,147.0,0.0,4.0,0.0,1.0,3.0,2.7210884353741496,Até 25 por 100 matriculados,Maio de 2025,,,
2025,817807,Espaço de Desenvolvimento Infantil Maria do Carmo Souza Piran,Pública,EDI,8.0,8.19,Rua Fausto Cupertino S/N,Bangu,-22.863767,-43.471723,144.0,48.0,48.0,48.0,6.0,0.0,0.0,4.0,0.0,0.0,4.0,2.7777777777777777,Até 25 por 100 matriculados,Consolidado público de 2025,,,
2025,817614,Creche Municipal Fazenda Coqueiros II,Pública,Creche,8.0,8.22,Travessa Das Graças - TAQUARAL S/N,Senador Camará,-22.869391,-43.495536,132.0,23.0,36.0,73.0,6.0,0.0,0.0,4.0,4.0,0.0,0.0,3.0303030303030303,Até 25 por 100 matriculados,Consolidado público de 2025,,,
2025,515612,Creche Municipal Tia Maria do Jongo,Pública,Creche,5.0,5.6,Rua Doutor Joviano - Serrinha 560,Madureira,-22.868144,-43.329101,121.0,25.0,41.0,55.0,6.0,0.0,0.0,4.0,2.0,0.0,2.0,3.3057851239669422,Até 25 por 100 matriculados,Consolidado público de 2025,,,
2025,817605,Creche Municipal Mané Garrincha II,Pública,Creche,8.0,8.11,Rua Carlos Sampaio Corrêa 37 Quadra G,Bangu,-22.878109,-43.480675,113.0,40.0,25.0,48.0,5.0,0.0,0.0,4.0,0.0,4.0,0.0,3.5398230088495577,Até 25 por 100 matriculados,Consolidado público de 2025,,,
2025,9022,CP ESPAÇO CRIATIVO CASTELINHO RINALDI,Parceira,Creche Parceira,9.0,9.14,"RUA DEZOITO, LOTE 11 - VILAR CARIOCA",INHOAÍBA,-22.91745,-43.60024,104.0,36.0,42.0,26.0,0.0,110.0,0.0,4.0,2.0,1.0,1.0,3.8461538461538463,Até 25 por 100 matriculados,Maio de 2025,,,
2025,3008,CP CRECHE COMUNITÁRIA ELIANA SATURNINO BRAGA,Parceira,Creche Parceira,3.0,3.23,"RUA VISTA ALEGRE, 17",RAMOS,-22.86360149,-43.27257363,102.0,35.0,39.0,28.0,0.0,104.0,0.0,4.0,3.0,1.0,0.0,3.9215686274509802,Até 25 por 100 matriculados,Maio de 2025,,,
2025,2053,CP CRECHE ESPERANÇA,Parceira,Creche Parceira,2.0,2.4,"RUA ADALBERTO FERREIRA, 35",LEBLON,-22.98073266,-43.22117188,96.0,38.0,26.0,32.0,0.0,100.0,0.0,4.0,3.0,1.0,0.0,4.166666666666667,Até 25 por 100 matriculados,Maio de 2025,,,
2025,625609,Creche Municipal Sônia Maria de M. Angel Jones,Pública,Creche,6.0,6.1,Acesso Caldense - Conj. Hab. Engenheiro Rubem Paiva 253 - Pedreira,Pavuna,-22.813466,-43.353119,94.0,0.0,48.0,46.0,4.0,0.0,0.0,4.0,0.0,0.0,4.0,4.25531914893617,Até 25 por 100 matriculados,Consolidado público de 2025,,,
2025,622601,Creche Municipal José Goulart,Pública,Creche,6.0,6.13,"Rua Luis Carlos Prestes, S/Nº",Anchieta,-22.827194,-43.394719,91.0,23.0,25.0,43.0,4.0,0.0,0.0,4.0,4.0,0.0,0.0,4.395604395604396,Até 25 por 100 matriculados,Consolidado público de 2025,,,
2025,833810,Espaço de Desenvolvimento Infantil Medalhista Olímpico Sérgio Dutra Santos,Pública,EDI,8.0,8.24,"Rua São Dagoberto, s/n° - Praça - PAL 29.330 - Batan",Realengo,-22.859013,-43.430526,90.0,43.0,24.0,23.0,4.0,0.0,0.0,4.0,0.0,0.0,4.0,4.444444444444445,Até 25 por 100 matriculados,Consolidado público de 2025,,,
2025,515810,Espaço de Desenvolvimento Infantil Professora Teresinha Sardoux Henriques,Pública,EDI,5.0,5.16,Rua Jauaperi 143,Cascadura,-22.888526,-43.330231,79.0,12.0,33.0,34.0,5.0,0.0,0.0,4.0,2.0,2.0,0.0,5.063291139240507,Até 25 por 100 matriculados,Consolidado público de 2025,,,
2025,410807,Espaço de Desenvolvimento Infantil Professora Tania da Rocha Correa,Pública,EDI,4.0,4.15,Rua Itapé s/nº,Olaria,-22.85273,-43.277416,74.0,24.0,25.0,25.0,3.0,0.0,0.0,4.0,0.0,4.0,0.0,5.405405405405405,Até 25 por 100 matriculados,Consolidado público de 2025,,,
2025,4028,CP CRECHE TIA NANE I,Parceira,Creche Parceira,4.0,4.11,"RUA GERSON FERREIRA, Nº 44",RAMOS,-22.84333434,-43.25027488,72.0,21.0,26.0,25.0,0.0,78.0,0.0,4.0,2.0,2.0,0.0,5.555555555555555,Até 25 por 100 matriculados,Maio de 2025,,,
2025,9023,CP ESPAÇO CRIATIVO SALOMÃO,Parceira,Creche Parceira,9.0,9.13,"RUA ICURANA, 03",COSMOS,-22.91565,-43.60693,69.0,20.0,30.0,19.0,0.0,70.0,0.0,4.0,3.0,0.0,1.0,5.797101449275362,Até 25 por 100 matriculados,Maio de 2025,,,
2025,430806,Espaço de Desenvolvimento Infantil Professora Cleia Santos de Oliveira,Pública,EDI,4.0,4.7,Rua Sargento Silva Nunes 1008 Maré,Bonsucesso,-22.854283,-43.241914,67.0,0.0,22.0,45.0,3.0,0.0,0.0,4.0,0.0,0.0,4.0,5.970149253731344,Até 25 por 100 matriculados,Consolidado público de 2025,,,
2025,2013,CP CENTRO DE EDUCAÇÃO INFANTIL CRISTO REDENTOR,Parceira,Creche Parceira,2.0,2.2,"RUA INDIANA, 59",COSME VELHO,-22.93992976,-43.20541693,62.0,0.0,30.0,32.0,0.0,65.0,3.0,4.0,0.0,3.0,1.0,6.451612903225806,Até 25 por 100 matriculados,Maio de 2025,,,
2025,312810,Espaço de Desenvolvimento Infantil Maria Mazzetti,Pública,EDI,3.0,3.17,Av. Pastor Martin Luther King 4676,Tomás Coelho,-22.862818,-43.306177,45.0,0.0,22.0,23.0,2.0,0.0,0.0,4.0,0.0,0.0,4.0,8.88888888888889,Até 25 por 100 matriculados,Consolidado público de 2025,,,
2025,10083,CP CRECHE COMUNITÁRIA CRISTÃ CORDEIRINHO DE CRISTO,Parceira,Creche Parceira,10.0,10.18,"EST. DO MAGARÇA, 3896, LOTE 1, PAL 31583",GUARATIBA,-22.95184,-43.60696,40.0,0.0,21.0,19.0,0.0,40.0,0.0,4.0,0.0,0.0,4.0,10.0,Até 25 por 100 matriculados,Maio de 2025,,,
2025,2063,CP CRECHE ANJOS DO BEM,Parceira,Creche Parceira,2.0,2.14,"RUA NOSSA SENHORA DE LOURDES,26",GRAJAÚ,-22.92057761,-43.25421313,38.0,0.0,13.0,25.0,0.0,40.0,0.0,4.0,0.0,0.0,4.0,10.526315789473685,Até 25 por 100 matriculados,Maio de 2025,,,
2025,622802,Espaço de Desenvolvimento Infantil Professora Miltolina da Silva,Pública,EDI,6.0,6.16,Rua Jornalista Hermano Requião S/N.º,Guadalupe,-22.850418,-43.375531,25.0,0.0,0.0,25.0,1.0,0.0,0.0,4.0,0.0,0.0,4.0,16.0,Até 25 por 100 matriculados,Consolidado público de 2025,,,
2025,10071,CP CRECHE COMUNITÁRIA ARTE & CULTURA - UNIDADE I,Parceira,Creche Parceira,10.0,10.12,"EST. DO CATRUZ, 317",PEDRA DE GUARATIBA,-22.99276,-43.64814,238.0,74.0,80.0,84.0,0.0,250.0,2.0,3.0,3.0,0.0,0.0,1.2605042016806722,Até 25 por 100 matriculados,Maio de 2025,,,
2025,4018,CP SOCIEDADE DE ENSINO TEREZA CRISTINA,Parceira,Creche Parceira,4.0,4.5,"RUA NEGRÃO DE LIMA, 21 E 21A",BONSUCESSO,-22.85034047,-43.2465646,210.0,50.0,74.0,86.0,0.0,210.0,0.0,3.0,0.0,1.0,2.0,1.4285714285714286,Até 25 por 100 matriculados,Maio de 2025,,,
2025,3033,CP INSTITUTO EDUCACIONAL T & P CONQUISTA,Parceira,Creche Parceira,3.0,3.4,"RUA VILELA TAVARES, 358",LINS DE VASCONCELOS,-22.912049,-43.28506245,198.0,69.0,64.0,65.0,0.0,200.0,0.0,3.0,3.0,0.0,0.0,1.5151515151515151,Até 25 por 100 matriculados,Maio de 2025,,,
2025,3003,CP CASA SÃO ROQUE,Parceira,Creche Parceira,3.0,3.4,"RUA VISCONDE DE TOCANTINS, 34",MÉIER,-22.89696158,-43.28062754,196.0,0.0,78.0,118.0,0.0,200.0,0.0,3.0,0.0,3.0,0.0,1.530612244897959,Até 25 por 100 matriculados,Maio de 2025,,,
2025,918828,Espaço de Desenvolvimento Infantil Dr. Alyrio Cavalieri,Pública,EDI,9.0,9.9,Rua José Janoni com Rua Alfredo Peixoto,Campo Grande,-22.893649,-43.588409,172.0,46.0,60.0,66.0,8.0,0.0,0.0,3.0,3.0,0.0,0.0,1.744186046511628,Até 25 por 100 matriculados,Consolidado público de 2025,,,
2025,103807,Espaço de Desenvolvimento Infantil Maria Luiza Nobre - Tia Luizinha,Pública,EDI,1.0,1.8,Rua Itapiru 527,Catumbi,-22.921988,-43.196215,156.0,50.0,61.0,45.0,7.0,0.0,0.0,3.0,3.0,0.0,0.0,1.9230769230769231,Até 25 por 100 matriculados,Consolidado público de 2025,,,
2025,625803,Espaço de Desenvolvimento Infantil Professora Beatriz de Souza Madeira,Pública,EDI,6.0,6.9,Rua Darwim Brandão s/nº Lagartixa,Costa Barros,-22.823882,-43.361693,146.0,50.0,48.0,48.0,6.0,0.0,0.0,3.0,3.0,0.0,0.0,2.0547945205479454,Até 25 por 100 matriculados,Consolidado público de 2025,,,
2025,7004,CP CASA EMILIEN LACAY,Parceira,Creche Parceira,7.0,7.7,"RUA EDGARD WERNECK, 420",FREGUESIA / JACAREPAGUÁ,-22.93948,-43.35402,141.0,0.0,72.0,69.0,0.0,144.0,0.0,3.0,0.0,0.0,3.0,2.127659574468085,Até 25 por 100 matriculados,Maio de 2025,,,
2025,313604,Creche Municipal Nosso Cantinho,Pública,Creche,3.0,3.3,"Av. Menezes Cortes, Km 0, S/Nº",Engenho Novo,-22.916705,-43.263264,113.0,25.0,45.0,43.0,5.0,0.0,0.0,3.0,3.0,0.0,0.0,2.6548672566371683,Até 25 por 100 matriculados,Consolidado público de 2025,,,
2025,10006,CP CRECHE ESCOLA COMUNITÁRIA ISMÊNIA RIBEIRO,Parceira,Creche Parceira,10.0,10.11,"TRAVESSA AURORA, 52",SANTA CRUZ,-22.93625,-43.69207,111.0,17.0,37.0,57.0,0.0,115.0,0.0,3.0,1.0,1.0,1.0,2.7027027027027026,Até 25 por 100 matriculados,Maio de 2025,,,
2025,208801,Espaço de Desenvolvimento Infantil Igor Moraes da Silva,Pública,EDI,2.0,2.11,"Praça Dr. Machado da Costa, 11 e 14.",Alto Boa Vista,-22.975728,-43.284476,108.0,48.0,23.0,37.0,6.0,0.0,0.0,3.0,3.0,0.0,0.0,2.7777777777777777,Até 25 por 100 matriculados,Consolidado público de 2025,,,
2025,11008,CP FILIAL BANCÁRIOS - RJ,Parceira,Creche Parceira,11.0,11.5,"Rua Caricé, nº 397",ILHA DO GOVERNADOR / TAUÁ,-22.7881,-43.1831,104.0,24.0,26.0,54.0,0.0,104.0,0.0,3.0,0.0,2.0,1.0,2.8846153846153846,Até 25 por 100 matriculados,Maio de 2025,,,
2025,1120804,Espaço de Desenvolvimento Infantil Professora Anna Maria Jesus Conceição,Pública,EDI,11.0,11.5,"Rua Dr. Agenor Almeida de Loiola, 1230",Ilha do Governador,-22.787578,-43.175142,103.0,22.0,39.0,42.0,5.0,0.0,0.0,3.0,1.0,0.0,2.0,2.912621359223301,Até 25 por 100 matriculados,Consolidado público de 2025,,,
2025,102601,Creche Municipal Sempre Vida Santo Antônio de Pádua,Pública,Creche,1.0,1.9,Rua Laurindo Rabelo 537 São Carlos,Estácio,-22.918978,-43.202959,97.0,50.0,47.0,0.0,4.0,0.0,0.0,3.0,3.0,0.0,0.0,3.0927835051546393,Até 25 por 100 matriculados,Consolidado público de 2025,,,
2025,10004,CP ESCOLA COMUNITÁRIA JARDIM BALÃO MÁGICO,Parceira,Creche Parceira,10.0,10.11,"RUA ALEXANDRE DA SILVA FAGUNDES, 104",SANTA CRUZ,-22.90336,-43.71409,90.0,33.0,37.0,20.0,0.0,90.0,0.0,3.0,2.0,1.0,0.0,3.3333333333333335,Até 25 por 100 matriculados,Maio de 2025,,,
2025,734602,Creche Municipal Margarida Gabinal,Pública,Creche,7.0,7.16,"Rua Da Luz, 2",Cidade de Deus,-22.950792,-43.355759,89.0,0.0,45.0,44.0,4.0,0.0,0.0,3.0,0.0,0.0,3.0,3.3707865168539324,Até 25 por 100 matriculados,Consolidado público de 2025,,,
2025,328601,Creche Municipal Geralda de Jesus Aleixo,Pública,Creche,3.0,3.12,"Av. Dom Hélder Câmara, 2.057",Jacarezinho,-22.885812,-43.254144,77.0,0.0,33.0,44.0,6.0,0.0,0.0,3.0,0.0,2.0,1.0,3.896103896103896,Até 25 por 100 matriculados,Consolidado público de 2025,,,
2025,103801,Espaço de Desenvolvimento Infantil Professora Simone Sousa Pimentel,Pública,EDI,1.0,1.1,Rua Infante de Sagres 121,Rio Comprido,-22.927634,-43.213252,75.0,25.0,25.0,25.0,3.0,0.0,0.0,3.0,0.0,3.0,0.0,4.0,Até 25 por 100 matriculados,Consolidado público de 2025,,,
2025,2015,CP CRECHE SANT ANNA,Parceira,Creche Parceira,2.0,2.2,"RUA PROFESSOR LUIZ CANTANHEDE, 25",LARANJEIRAS,-22.93862791,-43.19266742,72.0,0.0,25.0,47.0,0.0,72.0,0.0,3.0,0.0,1.0,2.0,4.166666666666667,Até 25 por 100 matriculados,Maio de 2025,,,
2025,2032,CP PATRONATO OPERÁRIO DA GÁVEA,Parceira,Creche Parceira,2.0,2.4,"AV. LINEU DE PAULA MACHADO, 795",GÁVEA,-22.96510697,-43.21660085,69.0,0.0,30.0,39.0,0.0,80.0,7.0,3.0,0.0,0.0,3.0,4.3478260869565215,Até 25 por 100 matriculados,Maio de 2025,,,
2025,10082,CP CRECHE ESCOLA BAIXINHOS SABIDOS,Parceira,Creche Parceira,10.0,10.18,"ESTRADA URUCÂNIA, Nº 1745",PACIÊNCIA,-22.91765,-43.65719,31.0,6.0,18.0,7.0,0.0,31.0,0.0,3.0,2.0,1.0,0.0,9.67741935483871,Até 25 por 100 matriculados,Maio de 2025,,,
2025,10014,CP CRECHE COMUNITÁRIA SÃO JOÃO BATISTA,Parceira,Creche Parceira,10.0,10.28,"ESTRADA DOS CABUIS, 15",PEDRA DE GUARATIBA,-22.98416,-43.65166,30.0,0.0,15.0,15.0,0.0,30.0,0.0,3.0,0.0,0.0,3.0,10.0,Até 25 por 100 matriculados,Maio de 2025,,,
2025,4030,CP CRECHE VALE DO SOL II,Parceira,Creche Parceira,4.0,4.11,"RUA DOUTOR MIGUEL VIEIRA FERREIRA, 646",RAMOS,-22.85806396,-43.26002708,338.0,92.0,126.0,120.0,0.0,348.0,0.0,2.0,2.0,0.0,0.0,0.591715976331361,Até 25 por 100 matriculados,Maio de 2025,,,
2025,4047,CP CRECHE VALE DO SOL III,Parceira,Creche Parceira,4.0,4.15,"RUA ANDRÉ AZEVEDO, 113",OLARIA,-22.84292307,-43.26179249,276.0,75.0,105.0,96.0,0.0,281.0,0.0,2.0,0.0,2.0,0.0,0.7246376811594203,Até 25 por 100 matriculados,Maio de 2025,,,
2025,10058,CP CRECHE ESCOLA COMUNITÁRIA MALLETZINHO,Parceira,Creche Parceira,10.0,10.9,"PRAIA DE SEPETIBA, 1656",SEPETIBA,-22.97265,-43.70832,272.0,109.0,86.0,77.0,0.0,280.0,2.0,2.0,2.0,0.0,0.0,0.7352941176470589,Até 25 por 100 matriculados,Maio de 2025,,,
2025,4044,CP CRECHE HOUSE BABY - BONSUCESSO,Parceira,Creche Parceira,4.0,4.12,"RUA CARDOSO DE MORAES, 339 / 341",BONSUCESSO,-22.85933168,-43.25650048,217.0,73.0,70.0,74.0,0.0,217.0,0.0,2.0,0.0,0.0,2.0,0.9216589861751152,Até 25 por 100 matriculados,Maio de 2025,,,
2025,101801,Espaço de Desenvolvimento Infantil Parque da Alegria,Pública,EDI,1.0,1.1,RUA DO TREM s/n,Caju,-22.884494,-43.23098,199.0,62.0,48.0,89.0,10.0,0.0,0.0,2.0,0.0,2.0,0.0,1.0050251256281406,Até 25 por 100 matriculados,Consolidado público de 2025,,,
2025,7025,CP INSTITUTO CONSUELO PINHEIRO,Parceira,Creche Parceira,7.0,7.16,"RUA MOISÉS, 33",CIDADE DE DEUS / JACAREPAGUÁ,-22.94804,-43.35885,177.0,0.0,88.0,89.0,0.0,184.0,0.0,2.0,0.0,2.0,0.0,1.1299435028248588,Até 25 por 100 matriculados,Maio de 2025,,,
2025,1019612,Creche Municipal Daniela Perez,Pública,Creche,10.0,10.17,"Estrada Três Pontes, S/Nº - Três Pontes",Paciência,-22.924633,-43.644761,168.0,50.0,50.0,68.0,7.0,0.0,0.0,2.0,0.0,2.0,0.0,1.1904761904761905,Até 25 por 100 matriculados,Consolidado público de 2025,,,
2025,3025,CP CENTRO CULTURAL EDUCAR - UNIDADE II,Parceira,Creche Parceira,3.0,3.13,"AV. DOM HÉLDER CÂMARA, 7622",ABOLIÇÃO,-22.88511431,-43.30126439,151.0,48.0,48.0,55.0,0.0,157.0,6.0,2.0,2.0,0.0,0.0,1.3245033112582782,Até 25 por 100 matriculados,Maio de 2025,,,
2025,4014,CP CRECHE SAGRADO CORAÇÃO DE MARIA E SANTO ANTÔNIO,Parceira,Creche Parceira,4.0,4.14,"RUA VICENTE CANECO, 03",BRÁS DE PINA,-22.83399614,-43.30145542,147.0,0.0,69.0,78.0,0.0,150.0,0.0,2.0,0.0,1.0,1.0,1.3605442176870748,Até 25 por 100 matriculados,Maio de 2025,,,
2025,918826,Espaço de Desenvolvimento Infantil Professora Marly dos Santos Marinho (abrigando a EM Prof. Jorge Euclides Pereira Nunes),Pública,EDI,9.0,9.11,"Rua Tupassi, s/n.º - Santa Margarida",Cosmos,-22.895337,-43.603717,147.0,39.0,40.0,68.0,7.0,0.0,0.0,2.0,1.0,1.0,0.0,1.3605442176870748,Até 25 por 100 matriculados,Consolidado público de 2025,,,
2025,107604,Creche Municipal Homero José dos Santos,Pública,Creche,1.0,1.3,"Rua Icaraí, S/Nº",Mangueira,-22.903303,-43.236528,145.0,50.0,47.0,48.0,6.0,0.0,0.0,2.0,2.0,0.0,0.0,1.3793103448275863,Até 25 por 100 matriculados,Consolidado público de 2025,,,
2025,107606,Creche Municipal Francisco Alves,Pública,Creche,1.0,1.4,Rua Carmela Dutra 01,Vasco da Gama,-22.889746,-43.23006,145.0,0.0,72.0,73.0,6.0,0.0,0.0,2.0,0.0,2.0,0.0,1.3793103448275863,Até 25 por 100 matriculados,Consolidado público de 2025,,,
2025,2037,CP CRECHE COMUNITÁRIA CANTINHO DA NATUREZA,Parceira,Creche Parceira,2.0,2.3,"RUA EUCLIDES DA ROCHA, 370",COPACABANA,-22.96304873,-43.19386787,142.0,57.0,44.0,41.0,0.0,150.0,6.0,2.0,0.0,1.0,1.0,1.408450704225352,Até 25 por 100 matriculados,Maio de 2025,,,
2025,625817,Espaço de Desenvolvimento Infantil Professora Daniele Simões de Souza Lopes,Pública,EDI,6.0,6.7,Avenida Pastor Martin Luther King s/nº,Pavuna,-22.820559,-43.35212,140.0,48.0,44.0,48.0,6.0,0.0,0.0,2.0,2.0,0.0,0.0,1.4285714285714286,Até 25 por 100 matriculados,Consolidado público de 2025,,,
2025,515605,Creche Municipal José Raimundo de Souza Alves,Pública,Creche,5.0,5.1,Rua Corimbó s/n,Rocha Miranda,-22.855144,-43.341821,137.0,43.0,48.0,46.0,6.0,0.0,0.0,2.0,0.0,0.0,2.0,1.4598540145985401,Até 25 por 100 matriculados,Consolidado público de 2025,,,
2025,10045,CP ESPAÇO CRIATIVO ERA UMA VEZ,Parceira,Creche Parceira,10.0,10.1,"RUA CÓRREGO NOVO, 17, QUADRA 14, LOTE 17",SANTA CRUZ,-22.9057,-43.6697,125.0,21.0,53.0,51.0,0.0,135.0,0.0,2.0,2.0,0.0,0.0,1.6,Até 25 por 100 matriculados,Maio de 2025,,,
2025,4012,CP CRECHE ESCOLA MIMI I,Parceira,Creche Parceira,4.0,4.4,"RUA JOÃO ARAÚJO, 237",BONSUCESSO,-22.85158405,-43.24220338,125.0,25.0,50.0,50.0,0.0,125.0,0.0,2.0,2.0,0.0,0.0,1.6,Até 25 por 100 matriculados,Maio de 2025,,,
2025,918823,Espaço de Desenvolvimento Infantil Professor Dersu Gabriel Bicego,Pública,EDI,9.0,9.7,"Rua Dario de Paula Coelho, s/nº",Campo Grande,-22.882641,-43.538851,121.0,23.0,38.0,60.0,6.0,0.0,0.0,2.0,2.0,0.0,0.0,1.6528925619834711,Até 25 por 100 matriculados,Consolidado público de 2025,,,
2025,102604,Creche Municipal Arco-Íris,Pública,Creche,1.0,1.7,"Rua Do Lavradio, 33",Centro,-22.910794,-43.181706,120.0,25.0,50.0,45.0,5.0,0.0,0.0,2.0,2.0,0.0,0.0,1.6666666666666667,Até 25 por 100 matriculados,Consolidado público de 2025,,,
2025,918621,Creche Municipal Elizabeth Tavares de Souza - Betinha,Pública,Creche,9.0,9.4,Professor Carlos Boisson s/n,Campo Grande,-22.884107,-43.531443,118.0,40.0,40.0,38.0,6.0,0.0,0.0,2.0,1.0,0.0,1.0,1.694915254237288,Até 25 por 100 matriculados,Consolidado público de 2025,,,
2025,101605,Creche Municipal Clemente Ferreira,Pública,Creche,1.0,1.1,Rua Carlos Seidl - V. Clemente Ferreira 813,Caju,-22.876014,-43.222735,113.0,41.0,32.0,40.0,6.0,0.0,0.0,2.0,2.0,0.0,0.0,1.7699115044247788,Até 25 por 100 matriculados,Consolidado público de 2025,,,
2025,10011,CP CRECHE PINGUINHO DE GENTE,Parceira,Creche Parceira,10.0,10.11,"RUA ARNALDO BASTOS, 22",SANTA CRUZ,-22.92193,-43.68943,109.0,29.0,43.0,37.0,0.0,118.0,5.0,2.0,1.0,1.0,0.0,1.834862385321101,Até 25 por 100 matriculados,Maio de 2025,,,
2025,10056,CP CRECHE MUNDO DA BIBI,Parceira,Creche Parceira,10.0,10.1,"RUA DA CONCILIAÇÃO, 497",SANTA CRUZ,-22.93585,-43.68192,100.0,24.0,40.0,36.0,0.0,100.0,0.0,2.0,0.0,0.0,2.0,2.0,Até 25 por 100 matriculados,Maio de 2025,,,
2025,622805,Espaço de Desenvolvimento Infantil Medalhista Olímpico Mauricio Luiz de Souza,Pública,EDI,6.0,6.18,"Rua Leopoldina Borges, 189 - Comunidade Às de Ouro - PAL 29880",Anchieta,-22.822348,-43.41374,97.0,21.0,32.0,44.0,5.0,0.0,0.0,2.0,2.0,0.0,0.0,2.0618556701030926,Até 25 por 100 matriculados,Consolidado público de 2025,,,
2025,411801,Espaço de Desenvolvimento Infantil Mariana Rocha de Souza,Pública,EDI,4.0,4.11,Rua Arquimedes Memória,Penha Circular,-22.845849,-43.30474,96.0,24.0,34.0,38.0,5.0,0.0,0.0,2.0,2.0,0.0,0.0,2.0833333333333335,Até 25 por 100 matriculados,Consolidado público de 2025,,,
2025,2052,CP CRECHE CASA SANTA MARTA,Parceira,Creche Parceira,2.0,2.1,"RUA MARECHAL FRANCISCO DE MOURA, 234",BOTAFOGO,-22.94853774,-43.19249665,89.0,52.0,18.0,19.0,0.0,96.0,7.0,2.0,2.0,0.0,0.0,2.247191011235955,Até 25 por 100 matriculados,Maio de 2025,,,
2025,9032,CP SOLDADINHOS DE DEUS,Parceira,Creche Parceira,9.0,9.14,PRAÇA  NARCISO LUZES  Nº23 - INHOAÍBA,CAMPO GRANDE,-22.91303271,-43.58235799,88.0,17.0,45.0,26.0,0.0,90.0,0.0,2.0,0.0,0.0,2.0,2.272727272727273,Até 25 por 100 matriculados,Maio de 2025,,,
2025,724604,Creche Municipal Edson Luiz,Pública,Creche,7.0,7.24,"Rua Da Paz, 2 - Acesso Pela Rua Itália Fausto - Floresta Da Barra",Itanhangá,-22.989005,-43.297241,85.0,0.0,43.0,42.0,4.0,0.0,0.0,2.0,0.0,2.0,0.0,2.3529411764705883,Até 25 por 100 matriculados,Consolidado público de 2025,,,
2025,9024,CP CRECHE COMUNITÁRIA DOCE INFÂNCIA,Parceira,Creche Parceira,9.0,9.14,"RUA OITO, CASA 12  QD1",INHOAÍBA,-22.915875,-43.603487,85.0,24.0,37.0,24.0,0.0,86.0,0.0,2.0,1.0,0.0,1.0,2.3529411764705883,Até 25 por 100 matriculados,Maio de 2025,,,
2025,10075,CP CRECHE COMUNITÁRIA PEDACINHO DE CÉU,Parceira,Creche Parceira,10.0,10.15,"RUA JOSÉ FELIPE DE SOUZA, 60",SANTA CRUZ,-22.93109266,-43.66661398,78.0,18.0,39.0,21.0,0.0,78.0,0.0,2.0,0.0,0.0,2.0,2.5641025641025643,Até 25 por 100 matriculados,Maio de 2025,,,
2025,312806,Espaço de Desenvolvimento Infantil Professora Eliane Monte Chiari Dantas,Pública,EDI,3.0,3.2,Rua Yucatan s/nº,Bonsucesso,-22.864563,-43.275474,70.0,25.0,20.0,25.0,3.0,0.0,0.0,2.0,2.0,0.0,0.0,2.857142857142857,Até 25 por 100 matriculados,Consolidado público de 2025,,,
2025,724806,Espaço de Desenvolvimento Infantill Professora Ruth Cardoso,Pública,EDI,7.0,7.29,Rua Werneck da Silva ( Historiador) 283,Recreio dos Bandeirantes,-23.01423,-43.472804,70.0,0.0,24.0,46.0,3.0,0.0,0.0,2.0,0.0,2.0,0.0,2.857142857142857,Até 25 por 100 matriculados,Consolidado público de 2025,,,
2025,9008,CP CRECHE COMUNITÁRIA ANA & LU,Parceira,Creche Parceira,9.0,9.18,"RUA SOLON BOTELHO, 15, LOTE 15, QUADRA C",CAMPO GRANDE,-22.91489,-43.56694,64.0,18.0,23.0,23.0,0.0,70.0,0.0,2.0,0.0,0.0,2.0,3.125,Até 25 por 100 matriculados,Maio de 2025,,,
2025,3015,CP CRECHE MARIETTA NAVARRO GAIO,Parceira,Creche Parceira,3.0,3.1,"RUA FREI PINTO, 75",ROCHA,-22.90458707,-43.25192193,58.0,13.0,25.0,20.0,0.0,73.0,13.0,2.0,0.0,2.0,0.0,3.4482758620689653,Até 25 por 100 matriculados,Maio de 2025,,,
2025,9043,CP CRECHE COMUNITÁRIA RIBEIRO,Parceira,Creche Parceira,9.0,9.8,"AV. JOAQUIM MAGALHAES, 151, LOTE 4, PAL 18970",SENADOR VASCONCELOS,-22.89184,-43.53047,50.0,0.0,25.0,25.0,0.0,50.0,0.0,2.0,0.0,0.0,2.0,4.0,Até 25 por 100 matriculados,Maio de 2025,,,
2025,514803,Espaço de Desenvolvimento Infantil José Alpoim,Pública,EDI,5.0,5.8,Av. Pastor Martin Luther King Jr. 8173,Colégio,-22.843475,-43.331615,48.0,0.0,0.0,48.0,2.0,0.0,0.0,2.0,0.0,0.0,2.0,4.166666666666667,Até 25 por 100 matriculados,Consolidado público de 2025,,,
2025,515804,Espaço de Desenvolvimento Infantil Fernão Dias,Pública,EDI,5.0,5.14,Rua Marapendi 257,Marechal Hermes,-22.857065,-43.373658,46.0,0.0,0.0,46.0,2.0,0.0,0.0,2.0,0.0,0.0,2.0,4.3478260869565215,Até 25 por 100 matriculados,Consolidado público de 2025,,,
2025,410601,Creche Municipal Manguinhos,Pública,Creche,4.0,4.3,"Rua Leopoldo Bulhões, - Parque Carlos Chagas 952",Manguinhos,-22.880445,-43.25004,42.0,0.0,19.0,23.0,2.0,0.0,0.0,2.0,0.0,0.0,2.0,4.761904761904762,Até 25 por 100 matriculados,Consolidado público de 2025,,,
2025,515015,Escola Municipal Padre Dehon,Pública,Escola,5.0,5.17,"Rua Maria José, S/Nº",Osvaldo Cruz,-22.879152,-43.351898,23.0,0.0,0.0,23.0,1.0,0.0,0.0,2.0,0.0,0.0,2.0,8.695652173913043,Até 25 por 100 matriculados,Consolidado público de 2025,,,
2025,515053,Escola Municipal Senador Francisco Gallotti,Pública,Escola,5.0,5.15,Rua Moisés Lilenbaun 161,Cascadura,-22.883904,-43.322462,23.0,0.0,0.0,23.0,1.0,0.0,0.0,2.0,0.0,0.0,2.0,8.695652173913043,Até 25 por 100 matriculados,Consolidado público de 2025,,,
2025,8027,CP CENTRO EDUCACIONAL MUNDO DA MÔNICA,Parceira,Creche Parceira,8.0,8.8,"RUA AGLAIA ,327",BANGU,-22.89334,-43.46445,18.0,0.0,9.0,9.0,0.0,18.0,0.0,2.0,0.0,0.0,2.0,11.11111111111111,Até 25 por 100 matriculados,Maio de 2025,,,
2025,3002,CP ABRIGO MARIA IMACULADA,Parceira,Creche Parceira,3.0,3.4,"RUA ANA NÉRI, 1422",ROCHA,-22.90056725,-43.24951092,356.0,109.0,123.0,124.0,0.0,392.0,28.0,1.0,0.0,1.0,0.0,0.2808988764044944,Até 25 por 100 matriculados,Maio de 2025,,,
2025,4005,CP CASA DE JOEL,Parceira,Creche Parceira,4.0,4.21,"RUA ANTÔNIO JOÃO, 1381",CORDOVIL,-22.8298666,-43.30749742,240.0,66.0,86.0,88.0,0.0,251.0,0.0,1.0,0.0,1.0,0.0,0.4166666666666667,Até 25 por 100 matriculados,Maio de 2025,,,
2025,4021,CP ASSOCIAÇÃO CENTRO EDUCACIONAL REBRAL II,Parceira,Creche Parceira,4.0,4.19,"RUA FLORA LOBO, 64",PENHA CIRCULAR,-22.83816909,-43.28794454,193.0,47.0,71.0,75.0,0.0,215.0,12.0,1.0,1.0,0.0,0.0,0.5181347150259067,Até 25 por 100 matriculados,Maio de 2025,,,
2025,7027,CP CRECHE MUNDO MÁGICO I,Parceira,Creche Parceira,7.0,7.24,"RUA Mª ALICE, 85",ITANHANGÁ,-22.93257,-43.37475,171.0,47.0,60.0,64.0,0.0,202.0,27.0,1.0,0.0,0.0,1.0,0.5847953216374269,Até 25 por 100 matriculados,Maio de 2025,,,
2025,2010,CP CRECHE PATINHO FELIZ,Parceira,Creche Parceira,2.0,2.15,"RUA ARMANDO DE ALBUQUERQUE, 168",VILA ISABEL,-22.91515809,-43.26162846,170.0,53.0,64.0,53.0,0.0,170.0,0.0,1.0,1.0,0.0,0.0,0.5882352941176471,Até 25 por 100 matriculados,Maio de 2025,,,
2025,1019801,Espaço de Desenvolvimento Infantil Sargento Izo Gomes Patrício,Pública,EDI,10.0,10.5,"R. Cel. Tito Porto Carrero, s/nº",Paciência,-22.913409,-43.656075,168.0,25.0,49.0,94.0,7.0,0.0,0.0,1.0,1.0,0.0,0.0,0.5952380952380952,Até 25 por 100 matriculados,Consolidado público de 2025,,,
2025,9004,CP CRECHE E PRÉ-ESCOLA CANTINHO DO SABER,Parceira,Creche Parceira,9.0,9.18,"RUA ITAMBARAÇA, Nº 670, LOTE 23, QUADRA 82",CAMPO GRANDE,-22.8919,-43.60452,165.0,36.0,68.0,61.0,0.0,168.0,0.0,1.0,0.0,1.0,0.0,0.6060606060606061,Até 25 por 100 matriculados,Maio de 2025,,,
2025,4017,CP ASSOCIAÇÃO CENTRO EDUCACIONAL REBRAL I,Parceira,Creche Parceira,4.0,4.19,"RUA OURIQUE, 73",PENHA,-22.82766816,-43.27648683,164.0,43.0,56.0,65.0,0.0,202.0,30.0,1.0,0.0,1.0,0.0,0.6097560975609756,Até 25 por 100 matriculados,Maio de 2025,,,
2025,410808,Espaço de Desenvolvimento Infantil Almir Leite Ribeiro,Pública,EDI,4.0,4.16,Estrada José Rucas s/nº Complexo Penha,Olaria,-22.84681,-43.283699,147.0,51.0,49.0,47.0,6.0,0.0,0.0,1.0,1.0,0.0,0.0,0.6802721088435374,Até 25 por 100 matriculados,Consolidado público de 2025,,,
2025,625606,Creche Municipal Luís de Souza da Costa Barros,Pública,Creche,6.0,6.5,"Estrada De Botafogo, S/Nº Portus I",Costa Barros,-22.820707,-43.365549,143.0,48.0,48.0,47.0,6.0,0.0,0.0,1.0,1.0,0.0,0.0,0.6993006993006993,Até 25 por 100 matriculados,Consolidado público de 2025,,,
2025,10028,CP CRECHE CASULO AGOSTINHO - VERIDIANA,Parceira,Creche Parceira,10.0,10.11,"ESTRADA SANTA VERIDIANA, 936 A",SANTA CRUZ,-22.94825,-43.66536,139.0,54.0,42.0,43.0,0.0,141.0,0.0,1.0,1.0,0.0,0.0,0.7194244604316546,Até 25 por 100 matriculados,Maio de 2025,,,
2025,107602,Creche Municipal Deputado Luiz Eduardo de Magalhães,Pública,Creche,1.0,1.2,Rua São Luís Gonzaga 1.486,São Cristóvão - Tuiuti,-22.898459,-43.235698,133.0,44.0,45.0,44.0,6.0,0.0,0.0,1.0,0.0,1.0,0.0,0.7518796992481203,Até 25 por 100 matriculados,Consolidado público de 2025,,,
2025,10036,CP CAAD DONA ZULMIRA TELLES,Parceira,Creche Parceira,10.0,10.1,"RUA DO IMPÉRIO, 1637",SANTA CRUZ,-22.92066,-43.69698,131.0,27.0,50.0,54.0,0.0,143.0,8.0,1.0,0.0,0.0,1.0,0.7633587786259542,Até 25 por 100 matriculados,Maio de 2025,,,
2025,4048,CP INSTITUTO DE EDUCAÇÃO EUCLIDES DOS SANTOS II,Parceira,Creche Parceira,4.0,4.11,"RUA BARREIROS, 618",RAMOS,-22.85122669,-43.25565045,127.0,20.0,43.0,64.0,0.0,128.0,0.0,1.0,0.0,0.0,1.0,0.7874015748031497,Até 25 por 100 matriculados,Maio de 2025,,,
2025,9026,CP CRECHE COMUNITÁRIA LEÃOZINHO FELIZ,Parceira,Creche Parceira,9.0,9.13,"ESTRADA DA PENA, Nº 773",COSMOS,-22.90216,-43.61082,123.0,37.0,28.0,58.0,0.0,127.0,0.0,1.0,0.0,1.0,0.0,0.8130081300813008,Até 25 por 100 matriculados,Maio de 2025,,,
2025,209609,Creche Municipal Papa João Paulo II,Pública,Creche,2.0,2.14,Rua Sá Viana 222,Grajaú,-22.929088,-43.26211,120.0,42.0,39.0,39.0,6.0,0.0,0.0,1.0,1.0,0.0,0.0,0.8333333333333334,Até 25 por 100 matriculados,Consolidado público de 2025,,,
2025,10010,CP ESCOLA COMUNITÁRIA JARDIM ARCO-ÍRIS,Parceira,Creche Parceira,10.0,10.11,"RUA FERNANDA, 2562",SANTA CRUZ,-22.93673,-43.66903,115.0,0.0,47.0,68.0,0.0,118.0,0.0,1.0,0.0,1.0,0.0,0.8695652173913043,Até 25 por 100 matriculados,Maio de 2025,,,
2025,918822,Espaço de Desenvolvimento Infantil Professor André Luiz Gils,Pública,EDI,9.0,9.19,Estrada do Cambota 862,Campo Grande,-22.916866,-43.559949,115.0,20.0,53.0,42.0,6.0,0.0,0.0,1.0,0.0,0.0,1.0,0.8695652173913043,Até 25 por 100 matriculados,Consolidado público de 2025,,,
2025,10008,CP CRECHE COMUNITÁRIA JARDIM ESPERANÇA,Parceira,Creche Parceira,10.0,10.11,"ESTRADA BOA ESPERANÇA, 1173",SANTA CRUZ,-22.92159,-43.60487,113.0,22.0,46.0,45.0,0.0,115.0,2.0,1.0,0.0,1.0,0.0,0.8849557522123894,Até 25 por 100 matriculados,Maio de 2025,,,
2025,724803,Espaço de Desenvolvimento Infantil Vera Lucia Martins Costa,Pública,EDI,7.0,7.28,Rua Aliomer Baleeiro s/nº,Recreio dos Bandeirantes,-23.020023,-43.48266,112.0,0.0,45.0,67.0,5.0,0.0,0.0,1.0,0.0,1.0,0.0,0.8928571428571429,Até 25 por 100 matriculados,Consolidado público de 2025,,,
2025,4020,CP CENTRO CULTURAL EDUCAR,Parceira,Creche Parceira,4.0,4.11,"RUA URANOS, 529",RAMOS,-22.86522307,-43.25652803,111.0,35.0,37.0,39.0,0.0,156.0,43.0,1.0,0.0,1.0,0.0,0.9009009009009009,Até 25 por 100 matriculados,Maio de 2025,,,
2025,514608,Creche Municipal Joseph Barbera,Pública,Creche,5.0,3.16,Rua Parque Silva Vale s/nº,Vicente de Carvalho,-22.867977,-43.309801,111.0,25.0,49.0,37.0,5.0,0.0,0.0,1.0,1.0,0.0,0.0,0.9009009009009009,Até 25 por 100 matriculados,Consolidado público de 2025,,,
2025,205602,Creche Muncipal Tia Sonia Crispiniano,Pública,Creche,2.0,2.3,"Rua Euclides da Rocha, 120",Copacabana - Morro dos Cabritos,-22.96286,-43.1939,110.0,35.0,37.0,38.0,6.0,0.0,0.0,1.0,0.0,0.0,1.0,0.9090909090909091,Até 25 por 100 matriculados,Consolidado público de 2025,,,
2025,622602,Creche Municipal Silvio Amancio,Pública,Creche,6.0,6.14,Rua Severino de Oliveira s/nº,Jardim Cristina Capri - Anchieta,-22.825833,-43.389133,110.0,25.0,41.0,44.0,6.0,0.0,0.0,1.0,1.0,0.0,0.0,0.9090909090909091,Até 25 por 100 matriculados,Consolidado público de 2025,,,
2025,7002,CP CRECHE CANTINHO FELIZ,Parceira,Creche Parceira,7.0,7.25,"ESTR. VEREADOR ALCEU DE CARVALHO, 461",VARGEM GRANDE,-22.99539,-43.49488,109.0,23.0,42.0,44.0,0.0,115.0,0.0,1.0,0.0,1.0,0.0,0.9174311926605505,Até 25 por 100 matriculados,Maio de 2025,,,
2025,625605,Creche Municipal Luís Carlos Prestes,Pública,Creche,6.0,6.4,"Rua Britânia, 17",Caminho do Job - Pavuna,-22.818729,-43.379834,107.0,25.0,41.0,41.0,5.0,0.0,0.0,1.0,1.0,0.0,0.0,0.9345794392523364,Até 25 por 100 matriculados,Consolidado público de 2025,,,
2025,918606,Creche Municipal Cecília Meireles,Pública,Creche,9.0,9.7,"Rua do Rádio, s/nº Rozendo",Campo Grande,-22.891834,-43.561631,105.0,0.0,43.0,62.0,5.0,0.0,0.0,1.0,0.0,1.0,0.0,0.9523809523809523,Até 25 por 100 matriculados,Consolidado público de 2025,,,
2025,625616,Creche Municipal Professor Rogério Pedro Batista,Pública,Creche,6.0,6.7,Rua São Cristovão Xavier Lopes 120,Acari,-22.825477,-43.352297,103.0,0.0,48.0,55.0,4.0,0.0,0.0,1.0,0.0,0.0,1.0,0.970873786407767,Até 25 por 100 matriculados,Consolidado público de 2025,,,
2025,4008,CP CRECHE COMUNITÁRIA CASULO DO PARQUE PROLETÁRIO DA PENHA,Parceira,Creche Parceira,4.0,4.16,"PRAÇA SÃO LUCAS, 01- B",PENHA,-22.84672749,-43.28419513,97.0,0.0,43.0,54.0,0.0,100.0,0.0,1.0,0.0,0.0,1.0,1.0309278350515463,Até 25 por 100 matriculados,Maio de 2025,,,
2025,3028,CP ESTRELINHA DO MAR,Parceira,Creche Parceira,3.0,3.8,"RUA DIVINO SALVADOR, 349",PIEDADE,-22.88613644,-43.30941258,96.0,0.0,52.0,44.0,0.0,100.0,4.0,1.0,0.0,1.0,0.0,1.0416666666666667,Até 25 por 100 matriculados,Maio de 2025,,,
2025,10060,CP CRECHE COMUNITÁRIA JARDIM DO CONHECIMENTO,Parceira,Creche Parceira,10.0,10.1,"RUA NESTOR, 822",SANTA CRUZ,-22.92958,-43.68569,95.0,33.0,27.0,35.0,0.0,100.0,0.0,1.0,1.0,0.0,0.0,1.0526315789473684,Até 25 por 100 matriculados,Maio de 2025,,,
2025,1019631,Creche Municipal Mãos Pequenas,Pública,Creche,10.0,10.5,Rua Nelson Phiauí Dourado S/N° Urucrânia,Santa Cruz,-22.911349,-43.654573,95.0,25.0,47.0,23.0,4.0,0.0,0.0,1.0,1.0,0.0,0.0,1.0526315789473684,Até 25 por 100 matriculados,Consolidado público de 2025,,,
2025,3016,CP CRECHE SÃO PEDRO NOLASCO,Parceira,Creche Parceira,3.0,3.23,"RUA ITAQUIRI, 248",RAMOS,-22.86244302,-43.26375257,95.0,30.0,29.0,36.0,0.0,100.0,3.0,1.0,0.0,1.0,0.0,1.0526315789473684,Até 25 por 100 matriculados,Maio de 2025,,,
2025,431603,Creche Municipal Chico Mendes,Pública,Creche,4.0,4.22,"Rua Ponto Chique, 261 - Cidade Alta 261",Cordovil,-22.818898,-43.292015,95.0,18.0,39.0,38.0,5.0,0.0,0.0,1.0,1.0,0.0,0.0,1.0526315789473684,Até 25 por 100 matriculados,Consolidado público de 2025,,,
2025,10061,CP CRECHE COMUNITÁRIA ESTRELA DO AMANHÃ,Parceira,Creche Parceira,10.0,10.1,"AV. CESÁRIO DE MELO, 13.855 - FUNDOS",SANTA CRUZ,-22.93413,-43.66251,92.0,28.0,25.0,39.0,0.0,92.0,0.0,1.0,0.0,0.0,1.0,1.0869565217391304,Até 25 por 100 matriculados,Maio de 2025,,,
2025,2031,CP CENTRO COMUNITÁRIO ALEGRIA DAS CRIANÇAS,Parceira,Creche Parceira,2.0,2.6,"RUA DOIS, 431",ROCINHA,-22.99096626,-43.24934773,88.0,0.0,37.0,51.0,0.0,88.0,0.0,1.0,0.0,1.0,0.0,1.1363636363636365,Até 25 por 100 matriculados,Maio de 2025,,,
2025,411601,Creche Municipal Carlos Drummond de Andrade,Pública,Creche,4.0,4.16,Rua Taperoá- Caracol 308,Penha,-22.843844,-43.287744,88.0,39.0,24.0,25.0,4.0,0.0,0.0,1.0,1.0,0.0,0.0,1.1363636363636365,Até 25 por 100 matriculados,Consolidado público de 2025,,,
2025,3029,CP CRECHE BRINCANDO COM JUNINHO,Parceira,Creche Parceira,3.0,3.1,"RUA CAMARISTA MÉIER, 972",ENGENHO DE DENTRO,-22.9102186,-43.2971967,86.0,31.0,26.0,29.0,0.0,90.0,2.0,1.0,0.0,1.0,0.0,1.1627906976744187,Até 25 por 100 matriculados,Maio de 2025,,,
2025,430803,Espaço de Desenvolvimento Infantil Professor Moacyr de Góes,Pública,EDI,4.0,4.8,Rua Tancredo Neves s/nº,Bonsucesso (Maré),-22.857891,-43.239989,85.0,0.0,39.0,46.0,4.0,0.0,0.0,1.0,0.0,0.0,1.0,1.1764705882352942,Até 25 por 100 matriculados,Consolidado público de 2025,,,
2025,817606,Creche Municipal Meimei,Pública,Creche,8.0,8.15,"Rua General Americano Freire, S/Nº",Padre Miguel,-22.863292,-43.445078,80.0,0.0,36.0,44.0,4.0,0.0,0.0,1.0,0.0,1.0,0.0,1.25,Até 25 por 100 matriculados,Consolidado público de 2025,,,
2025,9029,CP INSTITUTO CRECHE DO PAPAI,Parceira,Creche Parceira,9.0,9.18,"ESTRADA DA CACHAMORRA, 492",CAMPO GRANDE,-22.95044,-43.56709,78.0,21.0,31.0,26.0,0.0,85.0,5.0,1.0,1.0,0.0,0.0,1.2820512820512822,Até 25 por 100 matriculados,Maio de 2025,,,
2025,1019613,Creche Municipal Djanira Maria Ramos,Pública,Creche,10.0,10.17,Rua Cantinho da Bahia S/N.º Nova Divinéia,Paciência,-22.926768,-43.641091,75.0,0.0,25.0,50.0,3.0,0.0,0.0,1.0,0.0,1.0,0.0,1.3333333333333333,Até 25 por 100 matriculados,Consolidado público de 2025,,,
2025,206605,Creche Municipal Doutor Pedro Bloch,Pública,Creche,2.0,2.6,Estrada Santa Marinha 25,Gávea,-22.981455,-43.240524,75.0,36.0,23.0,16.0,4.0,0.0,0.0,1.0,0.0,1.0,0.0,1.3333333333333333,Até 25 por 100 matriculados,Consolidado público de 2025,,,
2025,1019808,Espaço de Desenvolvimento Infantil Geógrafo Aziz Ab'Saber,Pública,EDI,10.0,10.3,Travessa do Furado S/N°,Paciência,-22.894294,-43.6386,72.0,0.0,21.0,51.0,3.0,0.0,0.0,1.0,0.0,1.0,0.0,1.3888888888888888,Até 25 por 100 matriculados,Consolidado público de 2025,,,
2025,103604,Creche Municipal Sonho Infantil,Pública,Creche,1.0,1.1,Rua Infante de Sagres 275 fundos,Rio Comprido - Turano,-22.927155,-43.214382,72.0,24.0,23.0,25.0,3.0,0.0,0.0,1.0,0.0,0.0,1.0,1.3888888888888888,Até 25 por 100 matriculados,Consolidado público de 2025,,,
2025,918818,Espaço de Desenvolvimento Infantil Francisco José de Moraes,Pública,EDI,9.0,9.6,Estrada do Campinho Santa Margarida 6246,Inhoaíba,-22.884711,-43.621103,68.0,0.0,24.0,44.0,3.0,0.0,0.0,1.0,0.0,1.0,0.0,1.4705882352941178,Até 25 por 100 matriculados,Consolidado público de 2025,,,
2025,3035,CP CENTRO EDUCACIONAL SÃO VICENTE DE PAULO,Parceira,Creche Parceira,3.0,3.19,"RUA ANTÔNIO AUSTREGÉSILO, 90",INHAÚMA,-22.86558896,-43.27640855,67.0,0.0,29.0,38.0,0.0,67.0,0.0,1.0,0.0,1.0,0.0,1.492537313432836,Até 25 por 100 matriculados,Maio de 2025,,,
2025,4009,CP CRECHE COMUNITÁRIA DE MANGUINHOS,Parceira,Creche Parceira,4.0,4.12,"RUA DR. LUIZ GREGÓRIO DE SÁ, 33",MANGUINHOS,-22.87888067,-43.25304592,67.0,0.0,25.0,42.0,0.0,70.0,3.0,1.0,0.0,0.0,1.0,1.492537313432836,Até 25 por 100 matriculados,Maio de 2025,,,
2025,312802,Espaço de Desenvolvimento Infantil Lucia Maria Batista de Albuquerque,Pública,EDI,3.0,3.24,Estrada do Itararé 1031,Ramos,-22.866994,-43.269147,64.0,0.0,18.0,46.0,4.0,0.0,0.0,1.0,0.0,0.0,1.0,1.5625,Até 25 por 100 matriculados,Consolidado público de 2025,,,
2025,9025,CP INSTITUTO Ô LUAR,Parceira,Creche Parceira,9.0,9.18,"RUA CASA NOVA, Nº 165",CAMPO GRANDE,-22.88272,-43.56714,61.0,25.0,12.0,24.0,0.0,62.0,0.0,1.0,0.0,0.0,1.0,1.639344262295082,Até 25 por 100 matriculados,Maio de 2025,,,
2025,313601,Creche Municipal Vila dos Mineiros,Pública,Creche,3.0,3.9,"Rua Manuel Correia,199 - Casa 2 - Vila Dos Mineiros",Piedade,-22.876109,-43.305279,60.0,25.0,19.0,16.0,3.0,0.0,0.0,1.0,1.0,0.0,0.0,1.6666666666666667,Até 25 por 100 matriculados,Consolidado público de 2025,,,
2025,724808,Espaço de Desenvolvimento Infantil do Amor,Pública,EDI,7.0,7.28,SENADOR RUY CARNEIRO S/N,Recreio dos Bandeirantes,-23.024193,-43.478971,57.0,0.0,21.0,36.0,3.0,0.0,0.0,1.0,0.0,1.0,0.0,1.7543859649122806,Até 25 por 100 matriculados,Consolidado público de 2025,,,
2025,10085,CP CRECHE VIDA,Parceira,Creche Parceira,10.0,10.18,"EST. DO MARGARÇA, 6810",GUARATIBA,-22.96926,-43.62339,55.0,0.0,25.0,30.0,0.0,60.0,1.0,1.0,0.0,1.0,0.0,1.8181818181818181,Até 25 por 100 matriculados,Maio de 2025,,,
2025,312803,Espaço de Desenvolvimento Infantil Professora Luiza Helena Maia Medeiros,Pública,EDI,3.0,3.2,Travessa Guanajuato s/n°,Inhaúma,-22.865266,-43.275281,53.0,0.0,23.0,30.0,3.0,0.0,0.0,1.0,0.0,0.0,1.0,1.8867924528301887,Até 25 por 100 matriculados,Consolidado público de 2025,,,
2025,411605,Creche Municipal Caracol,Pública,Creche,4.0,4.18,"Beco Georgina, 32 - Rua Maragogi - Morro Do Caracol 195",Penha,-22.844111,-43.289449,52.0,13.0,16.0,23.0,4.0,0.0,0.0,1.0,0.0,0.0,1.0,1.9230769230769231,Até 25 por 100 matriculados,Consolidado público de 2025,,,
2025,9039,CP CRECHE COMUNITÁRIA ESTRELINHA DO SABER,Parceira,Creche Parceira,9.0,9.18,"RUA CONCEIÇÃO DA ALAGOAS, 638, LOTE 8, PAL 34941, QUADRA 49",CAMPO GRANDE,-22.93345,-43.56384,50.0,11.0,24.0,15.0,0.0,50.0,0.0,1.0,1.0,0.0,0.0,2.0,Até 25 por 100 matriculados,Maio de 2025,,,
2025,2045,CP CREI - CENTRO DE RECUPERAÇÃO INFANTIL,Parceira,Creche Parceira,2.0,2.4,"RUA JOANA ANGÉLICA, 203",IPANEMA,-22.9816337,-43.20474171,49.0,0.0,23.0,26.0,0.0,50.0,0.0,1.0,0.0,0.0,1.0,2.0408163265306123,Até 25 por 100 matriculados,Maio de 2025,,,
2025,3041,CP CENTRO DE DESENVOLVIMENTO INFANTIL ESPELHO D'AGUA,Parceira,Creche Parceira,3.0,3.8,"RUA MARIO CARPENTER, 1686",PIEDADE,-22.89043602,-43.3050719,47.0,0.0,24.0,23.0,0.0,50.0,1.0,1.0,0.0,0.0,1.0,2.127659574468085,Até 25 por 100 matriculados,Maio de 2025,,,
2025,8025,CP ASSOCIAÇÃO RECREATIVA MONIZ BARRETO,Parceira,Creche Parceira,8.0,8.1,"RUA OLIVEIRA MARTINS, Nº 234",JARDIM SULACAP,-22.88886,-43.3991,46.0,0.0,29.0,17.0,0.0,50.0,0.0,1.0,0.0,0.0,1.0,2.1739130434782608,Até 25 por 100 matriculados,Maio de 2025,,,
2025,2026,CP CRECHE MONSENHOR FRANCA,Parceira,Creche Parceira,2.0,2.2,"RUA TAVARES BASTOS, 296",CATETE,-22.92696246,-43.18175201,45.0,0.0,21.0,24.0,0.0,50.0,5.0,1.0,0.0,1.0,0.0,2.2222222222222223,Até 25 por 100 matriculados,Maio de 2025,,,
2025,3023,CP LAR DE MARIA DOLORES,Parceira,Creche Parceira,3.0,3.1,"RUA NAZÁRIO, 42",ROCHA,-22.9032269,-43.24715835,45.0,0.0,23.0,22.0,0.0,55.0,6.0,1.0,0.0,1.0,0.0,2.2222222222222223,Até 25 por 100 matriculados,Maio de 2025,,,
2025,3018,CP FRATERNIDADE ASSISTENCIAL CRISTÃ,Parceira,Creche Parceira,3.0,3.3,"RUA PROPÍCIA, 245",ENGENHO NOVO,-22.89988423,-43.26966169,43.0,0.0,17.0,26.0,0.0,47.0,0.0,1.0,0.0,0.0,1.0,2.3255813953488373,Até 25 por 100 matriculados,Maio de 2025,,,
2025,3017,CP CRECHE TERNURINHA,Parceira,Creche Parceira,3.0,3.3,"RUA DA COLHER, 01",LINS DE VASCONCELOS,-22.91426861,-43.27635515,41.0,0.0,15.0,26.0,0.0,45.0,2.0,1.0,0.0,1.0,0.0,2.4390243902439024,Até 25 por 100 matriculados,Maio de 2025,,,
2025,430604,Creche Municipal Monteiro Lobato,Pública,Creche,4.0,4.8,"Rua Tatajuba, S/Nº - Baixa Do Sapateiro - Maré",Bonsucesso,-22.856316,-43.243106,41.0,0.0,17.0,24.0,2.0,0.0,0.0,1.0,0.0,0.0,1.0,2.4390243902439024,Até 25 por 100 matriculados,Consolidado público de 2025,,,
2025,10078,CP CRECHE COMUNITÁRIA CRIANÇA FELIZ,Parceira,Creche Parceira,10.0,10.1,"RUA CARVALHO SANTOS, 11",SANTA CRUZ,-22.94064,-43.67972,38.0,14.0,11.0,13.0,0.0,40.0,0.0,1.0,1.0,0.0,0.0,2.6315789473684212,Até 25 por 100 matriculados,Maio de 2025,,,
2025,1007,CP EDUCANDÁRIO NOSSA SENHORA DE NAZARÉ,Parceira,Creche Parceira,1.0,1.8,"RUA DOUTOR AGRA, Nº 115",CATUMBI,-22.92083117,-43.19584332,30.0,0.0,16.0,14.0,0.0,30.0,0.0,1.0,0.0,1.0,0.0,3.3333333333333335,Até 25 por 100 matriculados,Maio de 2025,,,
2025,2002,CP EDUCANDÁRIO CASA DE JACIRA,Parceira,Creche Parceira,2.0,2.11,"RUA AGUIAR, 72",TIJUCA,-22.92425287,-43.2207641,22.0,0.0,0.0,22.0,0.0,24.0,0.0,1.0,0.0,0.0,1.0,4.545454545454546,Até 25 por 100 matriculados,Maio de 2025,,,
2025,204804,Espaço de Desenvolvimento Infantil Professora Sarita Konder,Pública,EDI,2.0,2.2,"Rua Alice, 1890",Laranjeiras,-22.93676,-43.1972,22.0,0.0,0.0,22.0,1.0,0.0,0.0,1.0,0.0,0.0,1.0,4.545454545454546,Até 25 por 100 matriculados,Consolidado público de 2025,,,
2025,5010,CP ASSOCIAÇÃO CENTRO EDUCACIONAL REBRAL VII,Parceira,Creche Parceira,5.0,5.2,"RUA FERNANDES GUSMÃO, 340, LOTE 1, QUADRA Y",IRAJÁ,-22.82850531,-43.32955762,557.0,170.0,180.0,207.0,0.0,647.0,66.0,0.0,0.0,0.0,0.0,0.0,Sem fila observada,Maio de 2025,,,
2025,10039,CP FUNDAÇÃO KLINGNER PARA O DESENVOLVIMENTO SOCIAL,Parceira,Creche Parceira,10.0,10.11,"AVENIDA AREIA BRANCA, 2283",SANTA CRUZ,-22.94542,-43.68158,349.0,90.0,141.0,118.0,0.0,350.0,0.0,0.0,0.0,0.0,0.0,0.0,Sem fila observada,Maio de 2025,,,
2025,6009,CP CENTRO EDUCACIONAL NOSSA SENHORA APARECIDA,Parceira,Creche Parceira,6.0,6.12,"RUA FAUSTINO LINS, 898",ANCHIETA,-22.82195586,-43.39752575,305.0,0.0,140.0,165.0,0.0,322.0,1.0,0.0,0.0,0.0,0.0,0.0,Sem fila observada,Maio de 2025,,,
2025,10053,CP CRECHE COMUNITÁRIA GÊNIO DO FUTURO,Parceira,Creche Parceira,10.0,10.1,"RUA PRIMEIRA, 26 - C. 1",SANTA CRUZ,-22.98306,-43.68632,279.0,121.0,78.0,80.0,0.0,300.0,3.0,0.0,0.0,0.0,0.0,0.0,Sem fila observada,Maio de 2025,,,
2025,9021,CP INSTITUTO CRESCER & APRENDER,Parceira,Creche Parceira,9.0,9.14,"RUA SEARA FILHO, 377",INHOAÍBA,-22.90626,-43.59867,277.0,109.0,108.0,60.0,0.0,302.0,9.0,0.0,0.0,0.0,0.0,0.0,Sem fila observada,Maio de 2025,,,
2025,10057,CP CENTRO CULTURAL MONTESSORI - PACIÊNCIA,Parceira,Creche Parceira,10.0,10.18,"AV. CESÁRIO DE MELO, 10.056",PACIÊNCIA,-22.91426,-43.60254,275.0,122.0,81.0,72.0,0.0,305.0,18.0,0.0,0.0,0.0,0.0,0.0,Sem fila observada,Maio de 2025,,,
2025,4023,CP CENTRO CULTURAL EDUCAR - UNIDADE III,Parceira,Creche Parceira,4.0,4.12,"RUA NOVA JERUSALÉM, 184",BONSUCESSO,-22.86131112,-43.24694176,263.0,85.0,81.0,97.0,0.0,299.0,32.0,0.0,0.0,0.0,0.0,0.0,Sem fila observada,Maio de 2025,,,
2025,833806,Espaço de Desenvolvimento Infantil Professor Cristiano Pinto de Moraes Bispo,Pública,EDI,8.0,8.7,Rua Feira Nova S/N,Realengo,-22.895022,-43.447946,262.0,49.0,96.0,117.0,11.0,0.0,0.0,0.0,0.0,0.0,0.0,0.0,Sem fila observada,Consolidado público de 2025,,,
2025,3012,CP CRECHE MÃE DO DIVINO SALVADOR,Parceira,Creche Parceira,3.0,3.8,"RUA DIVINO SALVADOR, 223",PIEDADE,-22.88678077,-43.31002626,252.0,0.0,120.0,132.0,0.0,255.0,0.0,0.0,0.0,0.0,0.0,0.0,Sem fila observada,Maio de 2025,,,
2025,102602,Creche Municipal Ana Maria da Cruz Silva,Pública,Creche,1.0,1.9,Rua Salvador De Sá S/N° Setor 4,Cidade Nova,-22.912295,-43.196778,238.0,50.0,96.0,92.0,10.0,0.0,0.0,0.0,0.0,0.0,0.0,0.0,Sem fila observada,Consolidado público de 2025,,,
2025,4038,CP ASSOCIAÇÃO CENTRO EDUCACIONAL REBRAL VIII,Parceira,Creche Parceira,4.0,4.21,"R. GENERAL CARVALHO, 711",CORDOVIL,-22.82752902,-43.30657976,234.0,58.0,76.0,100.0,0.0,280.0,44.0,0.0,0.0,0.0,0.0,0.0,Sem fila observada,Maio de 2025,,,
2025,3013,CP CRECHE DO JACAREZINHO,Parceira,Creche Parceira,3.0,3.1,"RUA MIGUEL ANGELO, 541",CACHAMBI,-22.88896761,-43.26652117,230.0,55.0,85.0,90.0,0.0,231.0,0.0,0.0,0.0,0.0,0.0,0.0,Sem fila observada,Maio de 2025,,,
2025,3027,CP CENTRO CULTURAL EDUCAR IV,Parceira,Creche Parceira,3.0,3.4,"RUA MOSSORÓ, 107",MÉIER,-22.89738946,-43.27465889,227.0,98.0,77.0,52.0,0.0,269.0,40.0,0.0,0.0,0.0,0.0,0.0,Sem fila observada,Maio de 2025,,,
2025,817601,Creche Municipal José Félix,Pública,Creche,8.0,8.22,"Rua Cenira Campos, S/Nº - Fazenda Coqueiro I",Senador Camará,-22.874814,-43.503815,225.0,44.0,80.0,101.0,11.0,0.0,0.0,0.0,0.0,0.0,0.0,0.0,Sem fila observada,Consolidado público de 2025,,,
2025,817609,Creche Municipal Recanto Feliz,Pública,Creche,8.0,8.16,"Rua Professor Alfredo Costa, S/Nº - Conjunto Habitacional Da Rua J. B.Câmara I s/nº",Padre Miguel,-22.86933,-43.458291,224.0,98.0,53.0,73.0,12.0,0.0,0.0,0.0,0.0,0.0,0.0,0.0,Sem fila observada,Consolidado público de 2025,,,
2025,10018,CP CRECHE ESCOLA COMUNITÁRIA SÍTIO ALEGRE,Parceira,Creche Parceira,10.0,10.9,"ESTRADA DE SEPETIBA, 144",SEPETIBA,-22.95394,-43.68347,220.0,113.0,58.0,49.0,0.0,220.0,0.0,0.0,0.0,0.0,0.0,0.0,Sem fila observada,Maio de 2025,,,
2025,10022,CP ASSOCIAÇÃO DE MORADORES E AMIGOS DO PARQUE ESTORIL - AMAPE,Parceira,Creche Parceira,10.0,10.18,"PRAÇA CELINA,  S/Nº - PARQUE ESTORIL",PACIÊNCIA,-22.9226,-43.63206,214.0,0.0,98.0,116.0,0.0,220.0,0.0,0.0,0.0,0.0,0.0,0.0,Sem fila observada,Maio de 2025,,,
2025,7035,CP AEMMAC - ANIL,Parceira,Creche Parceira,7.0,7.18,"AV. TENENTE CORONEL MUNIZ DE ARAGÃO, 219",JACAREPAGUÁ,-22.95058,-43.34142,205.0,0.0,77.0,128.0,0.0,219.0,0.0,0.0,0.0,0.0,0.0,0.0,Sem fila observada,Maio de 2025,,,
2025,918815,Espaço de Desenvolvimento Infantil Professora Sirléia Silva Reis,Pública,EDI,9.0,9.2,Rua João Gualberto Braga s/nº,Campo Grande,-22.869529,-43.552115,200.0,42.0,73.0,85.0,10.0,0.0,0.0,0.0,0.0,0.0,0.0,0.0,Sem fila observada,Consolidado público de 2025,,,
2025,10032,CP CRECHE COMUNITÁRIA MUNDO MÁGICO,Parceira,Creche Parceira,10.0,1.1,"RUA ELIZEU GOUVEIA, 12",SANTA CRUZ,-22.93267,-43.69154,197.0,80.0,70.0,47.0,0.0,222.0,25.0,0.0,0.0,0.0,0.0,0.0,Sem fila observada,Maio de 2025,,,
2025,4025,CP CRECHE E PRÉ-ESCOLA NOVA JERUSALÉM NO CORDOVIL,Parceira,Creche Parceira,4.0,4.21,"RUA OTINGA, 186 E 186 A",CORDOVIL,-22.82168197,-43.29078896,195.0,55.0,69.0,71.0,0.0,223.0,24.0,0.0,0.0,0.0,0.0,0.0,Sem fila observada,Maio de 2025,,,
2025,8029,CP ASSOCIAÇÃO CENTRO EDUCACIONAL REBRAL XVI,Parceira,Creche Parceira,8.0,0.0,"RUA CAPITÃO TEIXEIRA, 521",REALENGO,-22.89165026,-43.41939797,194.0,94.0,53.0,47.0,0.0,200.0,4.0,0.0,0.0,0.0,0.0,0.0,Sem fila observada,Maio de 2025,,,
2025,833603,Creche Municipal Silveirinha,Pública,Creche,8.0,8.14,"Rua Calixto Silva, S/Nº PRÓ-MORAR II",Deodoro,-22.853024,-43.396094,192.0,75.0,50.0,67.0,8.0,0.0,0.0,0.0,0.0,0.0,0.0,0.0,Sem fila observada,Consolidado público de 2025,,,
2025,622603,Creche Municipal Yara Amaral,Pública,Creche,6.0,6.12,Rua Alfredo José de Freitas - Vila Papavento s/nº,Anchieta,-22.820067,-43.386506,191.0,25.0,75.0,91.0,8.0,0.0,0.0,0.0,0.0,0.0,0.0,0.0,Sem fila observada,Consolidado público de 2025,,,
2025,8011,CP ESPAÇO DE EDUCAÇÃO INFANTIL BATAN,Parceira,Creche Parceira,8.0,8.5,"RUA RAUL AZEDO NETO, S/Nº",REALENGO,-22.88083,-43.49267,190.0,67.0,60.0,63.0,0.0,200.0,0.0,0.0,0.0,0.0,0.0,0.0,Sem fila observada,Maio de 2025,,,
2025,918833,Espaço de Desenvolvimento Infantil Profº Wison Choeri,Pública,EDI,9.0,9.13,"Rua Sapucaia, 11 (antiga Rua da Castanha) - PAL 36.642",Cosmos,-22.906845,-43.618746,187.0,50.0,68.0,69.0,8.0,0.0,0.0,0.0,0.0,0.0,0.0,0.0,Sem fila observada,Consolidado público de 2025,,,
2025,7019,CP JARDIM ESCOLA TURMINHA DA ARCA - JETA,Parceira,Creche Parceira,7.0,7.7,"AV. ISABEL DOMINGUES, 78",JACAREPAGUÁ,-22.96342,-43.34745,185.0,0.0,96.0,89.0,0.0,195.0,6.0,0.0,0.0,0.0,0.0,0.0,Sem fila observada,Maio de 2025,,,
2025,918817,Espaço de Desenvolvimento Infantil Professora Eugênia de Almeida Azevedo,Pública,EDI,9.0,9.4,Rua Brasinha S/Nº,Campo Grande,-22.873566,-43.573069,184.0,45.0,67.0,72.0,8.0,0.0,0.0,0.0,0.0,0.0,0.0,0.0,Sem fila observada,Consolidado público de 2025,,,
2025,4042,CP CENTRO CULTURAL PEDACINHO DO CÉU,Parceira,Creche Parceira,4.0,4.14,"RUA PIRICUMA, 12",BRÁS DE PINA,-22.82835328,-43.28778895,179.0,42.0,55.0,82.0,0.0,188.0,3.0,0.0,0.0,0.0,0.0,0.0,Sem fila observada,Maio de 2025,,,
2025,3021,CP CRECHE COMUNITÁRIA TIA ALICE,Parceira,Creche Parceira,3.0,3.12,"RUA CAMBORIÚ, 205 - FUNDOS",JACARÉ,-22.88931194,-43.25333441,177.0,58.0,59.0,60.0,0.0,180.0,0.0,0.0,0.0,0.0,0.0,0.0,Sem fila observada,Maio de 2025,,,
2025,817618,Creche Municipal Janete Clair,Pública,Creche,8.0,8.13,Estrada de Olaria - Cavalo de Aço s/nº,Santíssimo,-22.877426,-43.499731,176.0,0.0,80.0,96.0,8.0,0.0,0.0,0.0,0.0,0.0,0.0,0.0,Sem fila observada,Consolidado público de 2025,,,
2025,9017,CP ESPAÇO CRESCER,Parceira,Creche Parceira,9.0,9.18,"RUA JOSÉ FRANCISCO DE SOUZA PORTO, Nº 222",CAMPO GRANDE,-22.91264,-43.53939,176.0,11.0,72.0,93.0,0.0,180.0,0.0,0.0,0.0,0.0,0.0,0.0,Sem fila observada,Maio de 2025,,,
2025,918807,Espaço de Desenvolvimento Infantil Urbano de Freitas,Pública,EDI,9.0,9.8,Rua Cardeal com Rua Gaturama e Tietinga s/nº,Campo Grande,-22.893198,-43.567798,176.0,67.0,49.0,60.0,8.0,0.0,0.0,0.0,0.0,0.0,0.0,0.0,Sem fila observada,Consolidado público de 2025,,,
2025,10065,CP CRECHE MAGIA DA CRIANÇA II,Parceira,Creche Parceira,10.0,10.9,"RUA SANTA BÁRBARA, 18",SEPETIBA,-22.97923,-43.69058,169.0,68.0,57.0,44.0,0.0,173.0,0.0,0.0,0.0,0.0,0.0,0.0,Sem fila observada,Maio de 2025,,,
2025,1019831,Espaço de Desenvolvimento Infantil Professora Maria Mesquita de Siqueira,Pública,EDI,10.0,10.2,Acesso pela Estrada dos Palmares - Gleba A (MCreche MunicipalV) - PAL 47.390,Santa Cruz,-22.882892,-43.660717,168.0,25.0,72.0,71.0,7.0,0.0,0.0,0.0,0.0,0.0,0.0,0.0,Sem fila observada,Consolidado público de 2025,,,
2025,918824,Espaço de Desenvolvimento Infantil Alberto Ferreira Pinto,Pública,EDI,9.0,9.2,"Rua Sargento Argolo Sacramento, s/nº Cachamorrra",Campo Grande,-22.933228,-43.560292,165.0,25.0,69.0,71.0,7.0,0.0,0.0,0.0,0.0,0.0,0.0,0.0,Sem fila observada,Consolidado público de 2025,,,
2025,622202,Ciep General Augusto Cesar Sandino,Pública,CIEP,6.0,6.18,"Praça Otacílio Pedro Vasco, S/Nº",Anchieta,-22.835096,-43.415077,163.0,0.0,80.0,83.0,8.0,0.0,0.0,0.0,0.0,0.0,0.0,0.0,Sem fila observada,Consolidado público de 2025,,,
2025,4004,CP CRECHE DO CENTRO COMUNITÁRIO DA VILA PROLETÁRIA DA PENHA,Parceira,Creche Parceira,4.0,4.21,"RUA SÃO VICENTE DE PAULA, S/Nº",PENHA,-22.85038676,-43.2840068,159.0,0.0,67.0,92.0,0.0,165.0,2.0,0.0,0.0,0.0,0.0,0.0,Sem fila observada,Maio de 2025,,,
2025,817810,Espaço de Desenvolvimento Infantil Vila do Vintém,Pública,EDI,8.0,8.16,Rua Gal. Gomes De Castro 360,Padre Miguel,-22.87125,-43.449299,158.0,0.0,65.0,93.0,8.0,0.0,0.0,0.0,0.0,0.0,0.0,0.0,Sem fila observada,Consolidado público de 2025,,,
2025,7011,CP CRECHE RITA ALEXANDRINA FERREIRA,Parceira,Creche Parceira,7.0,7.28,"RUA SERVIDÃO, 46",RECREIO DOS BANDEIRANTES,-23.0096,-43.46302,157.0,0.0,77.0,80.0,0.0,170.0,3.0,0.0,0.0,0.0,0.0,0.0,Sem fila observada,Maio de 2025,,,
2025,10020,CP CASA MATERNAL NOSSA SENHORA DE NAZARÉ,Parceira,Creche Parceira,10.0,10.11,"RUA SÃO GOMÁRIO, 422",SANTA CRUZ,-22.93204,-43.65063,153.0,0.0,74.0,79.0,0.0,175.0,14.0,0.0,0.0,0.0,0.0,0.0,Sem fila observada,Maio de 2025,,,
2025,918834,Espaço de Desenvolvimento Infantil  Engenheira Elaine Monsores Pires,Pública,EDI,9.0,9.6,Rua Itaúnas - Villagio do Campo - Comunidade Santa Margarida - PAL 47.154,Campo Grande,-22.887011,-43.597355,153.0,35.0,58.0,60.0,8.0,0.0,0.0,0.0,0.0,0.0,0.0,0.0,Sem fila observada,Consolidado público de 2025,,,
2025,7018,CP CRECHE SANT ANA IRMÃ ANCILA,Parceira,Creche Parceira,7.0,7.5,"RUA GODOFREDO VIANA, 64 - PARTE",JACAREPAGUÁ,-22.9138,-43.3644,152.0,0.0,72.0,80.0,0.0,155.0,0.0,0.0,0.0,0.0,0.0,0.0,Sem fila observada,Maio de 2025,,,
2025,918614,Creche Municipal Zélia Chauke Curi,Pública,Creche,9.0,9.16,Rua Juarez Antunes S/Nº,Campo Grande,-22.913544,-43.530911,149.0,51.0,41.0,57.0,8.0,0.0,0.0,0.0,0.0,0.0,0.0,0.0,Sem fila observada,Consolidado público de 2025,,,
2025,1006,CP CRECHE DO TUIUTI,Parceira,Creche Parceira,1.0,1.2,"RUA SÃO LUIZ GONZAGA, 851",BENFICA,-22.8978552,-43.23659028,147.0,36.0,53.0,58.0,0.0,147.0,0.0,0.0,0.0,0.0,0.0,0.0,Sem fila observada,Maio de 2025,,,
2025,9012,CP CRECHE COMUNITÁRIA TIA NEIDE - CAMPO GRANDE,Parceira,Creche Parceira,9.0,9.18,"RUA TOLEDO, 180 - CONJUNTO CAMPINHO",CAMPO GRANDE,-22.87946,-43.61508,147.0,24.0,59.0,64.0,0.0,152.0,1.0,0.0,0.0,0.0,0.0,0.0,Sem fila observada,Maio de 2025,,,
2025,1019803,Espaço de Desenvolvimento Infantil Laryssa Silva Martins,Pública,EDI,10.0,10.7,Rua José Vidal da Costa S/Nº,SANTA CRUZ,-22.907539,-43.701722,145.0,48.0,50.0,47.0,6.0,0.0,0.0,0.0,0.0,0.0,0.0,0.0,Sem fila observada,Consolidado público de 2025,,,
2025,313607,Creche Municipal Odetinha Vidal de Oliveira,Pública,Creche,3.0,3.4,"Rua Prof. Antenor Nascentes, 340 - Conj. Hab. Lins De Vascondelos",Lins de Vasconcelos,-22.906141,-43.272911,144.0,37.0,63.0,44.0,8.0,0.0,0.0,0.0,0.0,0.0,0.0,0.0,Sem fila observada,Consolidado público de 2025,,,
2025,10026,CP CRECHE E ESCOLA COMUNITÁRIA GENTE BAIXINHA I,Parceira,Creche Parceira,10.0,10.18,"RUA OUROANA, 18",PACIÊNCIA,-22.91791,-43.62659,143.0,0.0,72.0,71.0,0.0,145.0,0.0,0.0,0.0,0.0,0.0,0.0,Sem fila observada,Maio de 2025,,,
2025,107607,Creche Municipal Nação Mangueirense,Pública,Creche,1.0,1.3,"Rua Visconde De Niterói, 774 - Mangueira 774",Mangueira,-22.905354,-43.239478,143.0,50.0,50.0,43.0,6.0,0.0,0.0,0.0,0.0,0.0,0.0,0.0,Sem fila observada,Consolidado público de 2025,,,
2025,107609,Creche Municipal Vasquinho,Pública,Creche,1.0,1.4,Rua Santo Antonio s/nº,São Cristóvão,-22.886432,-43.227433,142.0,44.0,41.0,57.0,8.0,0.0,0.0,0.0,0.0,0.0,0.0,0.0,Sem fila observada,Consolidado público de 2025,,,
2025,4003,CP ASSOCIAÇÃO CIVIL CENTRO EDUCACIONAL COMUNITÁRIO ESTAÇÃO DO SABER,Parceira,Creche Parceira,4.0,4.21,"RUA DA DEMOCRACIA, 31- FDS",PARADA DE LUCAS,-22.81297733,-43.29690787,142.0,44.0,48.0,50.0,0.0,142.0,0.0,0.0,0.0,0.0,0.0,0.0,Sem fila observada,Maio de 2025,,,
2025,515604,Creche Municipal Gercinda Rosa Fonseca,Pública,Creche,5.0,5.16,"Rua São Fernando, S/Nº -Complexo Do Fubá",Cascadura,-22.88969,-43.332498,142.0,48.0,48.0,46.0,6.0,0.0,0.0,0.0,0.0,0.0,0.0,0.0,Sem fila observada,Consolidado público de 2025,,,
2025,8019,CP ESCOLA COMUNITÁRIA JARDIM ARCO-ÍRIS - UNIDADE II,Parceira,Creche Parceira,8.0,8.5,"AVENIDA PIRPIRITUBA, 292",REALENGO,-22.89115,-43.42064,142.0,0.0,62.0,80.0,0.0,149.0,1.0,0.0,0.0,0.0,0.0,0.0,Sem fila observada,Maio de 2025,,,
2025,817619,Creche Municipal Professora Regina Maria da Matta Montezano,Pública,Creche,8.0,8.18,Rua do Caminho do Lucio s/nº,Bangu,-22.868027,-43.474576,142.0,25.0,67.0,50.0,6.0,0.0,0.0,0.0,0.0,0.0,0.0,0.0,Sem fila observada,Consolidado público de 2025,,,
2025,2043,CP CRECHE SANTA MÔNICA,Parceira,Creche Parceira,2.0,2.11,"ESTR. DA INDEPENDÊNCIA, 56",BOREL / TIJUCA,-22.93984396,-43.25451306,140.0,69.0,37.0,34.0,0.0,140.0,0.0,0.0,0.0,0.0,0.0,0.0,Sem fila observada,Maio de 2025,,,
2025,515613,Creche Municipal Manoel da Rocha Aprisco,Pública,Creche,5.0,5.6,Rua da Primavera 01,Cavalcante,-22.868759,-43.316545,140.0,48.0,44.0,48.0,6.0,0.0,0.0,0.0,0.0,0.0,0.0,0.0,Sem fila observada,Consolidado público de 2025,,,
2025,918812,Espaço de Desenvolvimento Infantil Professor Jorge Euclides Pereira Nunes,Pública,EDI,9.0,9.11,Rua José dos Santos s/nº,Inhoaíba,-22.90191,-43.600159,140.0,0.0,44.0,96.0,6.0,0.0,0.0,0.0,0.0,0.0,0.0,0.0,Sem fila observada,Consolidado público de 2025,,,
2025,2003,CP CENTRO COMUNITÁRIO DA RUA UM UNIÃO FAZ A FORÇA,Parceira,Creche Parceira,2.0,2.6,"ESTR. DA GÁVEA, 259 - PARTE",ROCINHA,-22.98642263,-43.24521927,139.0,38.0,59.0,42.0,0.0,140.0,0.0,0.0,0.0,0.0,0.0,0.0,Sem fila observada,Maio de 2025,,,
2025,918601,Creche Municipal Alegria de Nova Cidade,Pública,Creche,9.0,9.1,"Estrada do Goiabal, - Nº 75 Nova Cidade",Inhoaíba,-22.903147,-43.590627,139.0,46.0,47.0,46.0,6.0,0.0,0.0,0.0,0.0,0.0,0.0,0.0,Sem fila observada,Consolidado público de 2025,,,
2025,918827,Espaço de Desenvolvimento Infantil Ataulfo Alves,Pública,EDI,9.0,9.12,"Rua Cipotânean.º 10, com Estrada do Encanamento - Santa Margarida",Cosmos,-22.894072,-43.611071,139.0,49.0,46.0,44.0,6.0,0.0,0.0,0.0,0.0,0.0,0.0,0.0,Sem fila observada,Consolidado público de 2025,,,
2025,312502,Ciep Procópio Ferreira,Pública,CIEP,3.0,3.14,"Praça Da Confederação Suíça, S/Nº",Del Castilho,-22.879513,-43.274866,138.0,38.0,41.0,59.0,7.0,0.0,0.0,0.0,0.0,0.0,0.0,0.0,Sem fila observada,Consolidado público de 2025,,,
2025,10001,CP ESCOLA COMUNITÁRIA JARDIM DE INFÂNCIA TIA ANASTÁCIA,Parceira,Creche Parceira,10.0,10.11,"RUA ALMADINA, LOTE 10, QUADRA A",SANTA CRUZ,-22.96921,-43.66113,137.0,40.0,47.0,50.0,0.0,137.0,0.0,0.0,0.0,0.0,0.0,0.0,Sem fila observada,Maio de 2025,,,
2025,817806,Espaço de Desenvolvimento Infantil Professora Maria Yedda Leite Linhares,Pública,EDI,8.0,8.25,"Rua Roque Barbosa, s/nº",Bangu,-22.846973,-43.465672,137.0,48.0,46.0,43.0,6.0,0.0,0.0,0.0,0.0,0.0,0.0,0.0,Sem fila observada,Consolidado público de 2025,,,
2025,918805,Espaço de Desenvolvimento Infantil Cantora Cesária Évora,Pública,EDI,9.0,9.9,Rua Murilo de Alvarenga s/nº,Campo Grande,-22.900123,-43.585876,136.0,25.0,45.0,66.0,6.0,0.0,0.0,0.0,0.0,0.0,0.0,0.0,Sem fila observada,Consolidado público de 2025,,,
2025,918806,Espaço de Desenvolvimento Infantil Comendador Serafim Sofia,Pública,EDI,9.0,9.13,Rua das Mangas s/nº,Cosmos,-22.909561,-43.618801,136.0,45.0,53.0,38.0,7.0,0.0,0.0,0.0,0.0,0.0,0.0,0.0,Sem fila observada,Consolidado público de 2025,,,
2025,514605,Creche Municipal O Sonho de Ramon Pascual,Pública,Creche,5.0,5.8,"Rua Plácido Ferreira, S/Nº",Colégio,-22.85155,-43.336467,135.0,42.0,50.0,43.0,6.0,0.0,0.0,0.0,0.0,0.0,0.0,0.0,Sem fila observada,Consolidado público de 2025,,,
2025,10034,CP OS BENEDITINHOS,Parceira,Creche Parceira,10.0,10.9,"RUA DOS RODOVIÁRIOS, 01",SANTA CRUZ,-22.92996,-43.65597,134.0,52.0,25.0,57.0,0.0,135.0,0.0,0.0,0.0,0.0,0.0,0.0,Sem fila observada,Maio de 2025,,,
2025,102605,Creche Municipal Aldeia dos Curumins,Pública,Creche,1.0,1.7,Rua Amaro Cavalcanti 103/109,Centro,-22.916844,-43.185946,134.0,45.0,22.0,67.0,6.0,0.0,0.0,0.0,0.0,0.0,0.0,0.0,Sem fila observada,Consolidado público de 2025,,,
2025,312601,Creche Municipal Cantinho Feliz,Pública,Creche,3.0,3.15,Praça dos Esportes - Águia De Ouro 10,Inhaúma,-22.880691,-43.281352,134.0,49.0,43.0,42.0,6.0,0.0,0.0,0.0,0.0,0.0,0.0,0.0,Sem fila observada,Consolidado público de 2025,,,
2025,817617,Creche Municipal José Manoel Ibarra Perez,Pública,Creche,8.0,8.26,Rua Três Marias - Vila Catiri s/nº,Bangu,-22.84761,-43.472659,134.0,46.0,42.0,46.0,6.0,0.0,0.0,0.0,0.0,0.0,0.0,0.0,Sem fila observada,Consolidado público de 2025,,,
2025,10055,CP ESPAÇO DE DESENVOLVIMENTO MÃE GAIA,Parceira,Creche Parceira,10.0,10.9,"AV. SANTA URSULINA, 333",SEPETIBA,-22.97657329,-43.69658743,133.0,35.0,45.0,53.0,0.0,150.0,13.0,0.0,0.0,0.0,0.0,0.0,Sem fila observada,Maio de 2025,,,
2025,312603,Creche Municipal Renascer,Pública,Creche,3.0,3.14,Rua Engenheiro José de Castro 24,Del Castilho,-22.880363,-43.279044,133.0,48.0,39.0,46.0,6.0,0.0,0.0,0.0,0.0,0.0,0.0,0.0,Sem fila observada,Consolidado público de 2025,,,
2025,918821,Espaço de Desenvolvimento Infantil Professora Enyr Portilho Avellar,Pública,EDI,9.0,9.1,"Estrada Votorantim, Mendanha S/Nº",Campo Grande,-22.859155,-43.536614,133.0,0.0,60.0,73.0,6.0,0.0,0.0,0.0,0.0,0.0,0.0,0.0,Sem fila observada,Consolidado público de 2025,,,
2025,833809,Espaço de Desenvolvimento Infantil Maria Cecília Ferreira,Pública,EDI,8.0,8.24,"Rua Uruquê, 192 - Praça Pintor Auguste Petit- Batan",Realengo,-22.859369,-43.44396,130.0,23.0,43.0,64.0,6.0,0.0,0.0,0.0,0.0,0.0,0.0,0.0,Sem fila observada,Consolidado público de 2025,,,
2025,3024,CP CASA DE LEYLÁ,Parceira,Creche Parceira,3.0,3.11,"RUA ANA NERI, 2400",SAMPAIO,-22.90124083,-43.25925243,129.0,37.0,48.0,44.0,0.0,135.0,0.0,0.0,0.0,0.0,0.0,0.0,Sem fila observada,Maio de 2025,,,
2025,7045,CP JARDIM ESCOLA TURMINHA DA ARCA - JETA II,Parceira,Creche Parceira,7.0,7.22,"AV. ISABEL DOMINGUES, 20",GARDÊNIA AZUL,-22.96375,-43.34749,127.0,0.0,47.0,80.0,0.0,150.0,15.0,0.0,0.0,0.0,0.0,0.0,Sem fila observada,Maio de 2025,,,
2025,9010,CP CRECHE JARDIM ESCOLA RIO DA PRATA,Parceira,Creche Parceira,9.0,9.18,"AV. GLICÍNIA, 195, LOTE 1, QUADRA 5",CAMPO GRANDE,-22.9164,-43.5345,127.0,0.0,53.0,74.0,0.0,124.0,0.0,0.0,0.0,0.0,0.0,0.0,Sem fila observada,Maio de 2025,,,
2025,9011,CP CRECHE NOVA JERUSALÉM EM CAMPO GRANDE,Parceira,Creche Parceira,9.0,9.13,"CAMINHO DA TUTÓIA, 520",CAMPO GRANDE,-22.89458,-43.60037,125.0,38.0,41.0,46.0,0.0,151.0,20.0,0.0,0.0,0.0,0.0,0.0,Sem fila observada,Maio de 2025,,,
2025,10067,CP CRECHE COMUNITÁRIA ARCA DE NOÉ,Parceira,Creche Parceira,10.0,10.1,"ESTRADA TASSO BLASO, 1",SANTA CRUZ,-22.94696,-43.67592,124.0,36.0,41.0,47.0,0.0,124.0,0.0,0.0,0.0,0.0,0.0,0.0,Sem fila observada,Maio de 2025,,,
2025,1019602,Creche Municipal Sempre Vida Antares,Pública,Creche,10.0,10.14,"Avenida Antares, S/Nº",Santa Cruz,-22.92138,-43.662102,124.0,26.0,50.0,48.0,5.0,0.0,0.0,0.0,0.0,0.0,0.0,0.0,Sem fila observada,Consolidado público de 2025,,,
2025,208608,Creche Municipal Doutor Sérgio Arouca,Pública,Creche,2.0,2.12,Rua Joaquim Pizarro 10,Rio Comprido,-22.922555,-43.215483,124.0,49.0,36.0,39.0,6.0,0.0,0.0,0.0,0.0,0.0,0.0,0.0,Sem fila observada,Consolidado público de 2025,,,
2025,4039,CP ASSOCIAÇÃO CENTRO EDUCACIONAL REBRAL IX,Parceira,Creche Parceira,4.0,4.19,"R. DO ALPISTE, 933",PENHA CIRCULAR,-22.81753909,-43.27197276,124.0,24.0,48.0,52.0,0.0,132.0,8.0,0.0,0.0,0.0,0.0,0.0,Sem fila observada,Maio de 2025,,,
2025,9018,CP ESPAÇO DE DESENVOLVIMENTO CARIOQUINHA,Parceira,Creche Parceira,9.0,9.13,RUA ICURANA S/Nº  R. PROJETADA A Q.01,COSMOS,-22.92836,-43.60332,124.0,43.0,56.0,25.0,0.0,126.0,0.0,0.0,0.0,0.0,0.0,0.0,Sem fila observada,Maio de 2025,,,
2025,817608,Creche Municipal Nova Aliança,Pública,Creche,8.0,8.2,"Rua Magistrado, 168 - Nova Aliança",Bangu,-22.872318,-43.481571,123.0,0.0,58.0,65.0,6.0,0.0,0.0,0.0,0.0,0.0,0.0,0.0,Sem fila observada,Consolidado público de 2025,,,
2025,1019828,Espaço de Desenvolvimento Infantil Medalhista Olímpico Erlon de Souza Silva,Pública,EDI,10.0,10.15,Av. Cesário de Melo s/n - Cesarão (em frente ao Rollas) - PAL 42920,Santa Cruz,-22.934045,-43.659561,120.0,25.0,47.0,48.0,5.0,0.0,0.0,0.0,0.0,0.0,0.0,0.0,Sem fila observada,Consolidado público de 2025,,,
2025,9030,CP ESPAÇO DE DESENVOLVIMENTO PEDRITA,Parceira,Creche Parceira,9.0,9.18,"RUA BYRON, 239,QUADRA 10, LOTE 16, SÃO GERALDO",CAMPO GRANDE,-22.86709,-43.5593,120.0,29.0,35.0,56.0,0.0,120.0,0.0,0.0,0.0,0.0,0.0,0.0,Sem fila observada,Maio de 2025,,,
2025,101606,Creche Municipal Quinta do Caju,Pública,Creche,1.0,1.1,Rua Circular Da Quinta Do Caju 140,Caju,-22.875318,-43.211624,119.0,29.0,44.0,46.0,8.0,0.0,0.0,0.0,0.0,0.0,0.0,0.0,Sem fila observada,Consolidado público de 2025,,,
2025,103607,Creche Municipal Estácio de Sá,Pública,Creche,1.0,1.9,Rua Estácio de Sá 51,Estácio,-22.913974,-43.203886,119.0,28.0,36.0,55.0,7.0,0.0,0.0,0.0,0.0,0.0,0.0,0.0,Sem fila observada,Consolidado público de 2025,,,
2025,514606,Creche Municipal Acalanto,Pública,Creche,5.0,5.5,Avenida Martin Luther King Junior S/Nº,Vicente de Carvalho,-22.860794,-43.307537,119.0,37.0,40.0,42.0,6.0,0.0,0.0,0.0,0.0,0.0,0.0,0.0,Sem fila observada,Consolidado público de 2025,,,
2025,6007,CP CRECHE ABRINDO PORTAS,Parceira,Creche Parceira,6.0,6.2,"RUA IPUERA, 331",ACARI,-22.82279,-43.34669,119.0,0.0,58.0,61.0,0.0,120.0,0.0,0.0,0.0,0.0,0.0,0.0,Sem fila observada,Maio de 2025,,,
2025,625814,Espaço de Desenvolvimento Infantil Professora Roseane Vasconcellos,Pública,EDI,6.0,6.1,Rua Projetada A S/N.º,Barros Filho,-22.83288,-43.367418,119.0,23.0,48.0,48.0,6.0,0.0,0.0,0.0,0.0,0.0,0.0,0.0,Sem fila observada,Consolidado público de 2025,,,
2025,716604,Creche Municipal Germinio de Souza Estrela,Pública,Creche,7.0,7.17,"Rua Camposema, 495 - Gardênia Azul",Jacarepaguá,-22.960454,-43.352685,119.0,0.0,51.0,68.0,6.0,0.0,0.0,0.0,0.0,0.0,0.0,0.0,Sem fila observada,Consolidado público de 2025,,,
2025,817802,Espaço de Desenvolvimento Infantil Professor Reinaldo José de Aragão Barbosa,Pública,EDI,8.0,8.25,Rua Roque Barbosa s/nº,Bangu,-22.849625,-43.464005,119.0,0.0,45.0,74.0,6.0,0.0,0.0,0.0,0.0,0.0,0.0,0.0,Sem fila observada,Consolidado público de 2025,,,
2025,918813,Espaço de Desenvolvimento Infantil Professor Marco Altino de Oliveira,Pública,EDI,9.0,9.1,Rua Jussara s/nº Antiga rua 55,Carobinha -Campo Grande,-22.847942,-43.527432,119.0,38.0,36.0,45.0,6.0,0.0,0.0,0.0,0.0,0.0,0.0,0.0,Sem fila observada,Consolidado público de 2025,,,
2025,10068,CP CRECHE COMUNITÁRIA TIA NEIDE - GUARATIBA,Parceira,Creche Parceira,10.0,10.28,"RUA JOSÉ MARTINS BRITO, 165",GUARATIBA,-22.96729,-43.65904,118.0,37.0,33.0,48.0,0.0,120.0,0.0,0.0,0.0,0.0,0.0,0.0,Sem fila observada,Maio de 2025,,,
2025,918602,Creche Municipal Vitória da Paz,Pública,Creche,9.0,9.22,Rua Realeza S/Nº Vilar Carioca,Inhoaíba,-22.919706,-43.601994,118.0,0.0,45.0,73.0,5.0,0.0,0.0,0.0,0.0,0.0,0.0,0.0,Sem fila observada,Consolidado público de 2025,,,
2025,918802,Espaço de Desenvolvimento Infantil Pintando o Sete,Pública,EDI,9.0,9.6,"Rua 23 , Conjunto Campinho s/nº",Campo Grande,-22.881274,-43.613359,118.0,37.0,41.0,40.0,6.0,0.0,0.0,0.0,0.0,0.0,0.0,0.0,Sem fila observada,Consolidado público de 2025,,,
2025,103605,Creche Municipal Brincadeiras de Criança,Pública,Creche,1.0,1.8,Rua Sebastião Rocha s/n.º,Rio Comprido,-22.918929,-43.19801,117.0,48.0,24.0,45.0,5.0,0.0,0.0,0.0,0.0,0.0,0.0,0.0,Sem fila observada,Consolidado público de 2025,,,
2025,918615,Creche Municipal Marcelo Cardoso Tomé,Pública,Creche,9.0,9.11,Rua Braune 420 Vila do Céu,Inhoaíba,-22.907751,-43.603988,116.0,0.0,46.0,70.0,6.0,0.0,0.0,0.0,0.0,0.0,0.0,0.0,Sem fila observada,Consolidado público de 2025,,,
2025,313611,Creche Municipal José Ramos Januário - Zé Pretinho,Pública,Creche,3.0,3.3,Rua Luiz Jorge Salomão - Morro São João 347,Engenho Novo,-22.908008,-43.266694,113.0,38.0,39.0,36.0,6.0,0.0,0.0,0.0,0.0,0.0,0.0,0.0,Sem fila observada,Consolidado público de 2025,,,
2025,716815,Espaço de Desenvolvimento Infantil Evaristo da Veiga,Pública,EDI,7.0,7.2,"Rua Capitão Menezes, 986",Praça Seca,-22.890918,-43.349861,113.0,0.0,48.0,65.0,5.0,0.0,0.0,0.0,0.0,0.0,0.0,0.0,Sem fila observada,Consolidado público de 2025,,,
2025,5018,CP AEMMAC - COLÉGIO,Parceira,Creche Parceira,5.0,0.0,"RUA COMANDANTE MARIO LAHMEYER, 530",COLÉGIO,-22.84710497,-43.33549249,112.0,31.0,58.0,23.0,0.0,114.0,0.0,0.0,0.0,0.0,0.0,0.0,Sem fila observada,Maio de 2025,,,
2025,515606,Creche Municipal Josué de Castro,Pública,Creche,5.0,5.16,"Rua Sagrado Coração De Jesus, S/Nº",Campinho,-22.885981,-43.339707,110.0,25.0,42.0,43.0,5.0,0.0,0.0,0.0,0.0,0.0,0.0,0.0,Sem fila observada,Consolidado público de 2025,,,
2025,3005,CP COLÉGIO RUTH SANT ANNA / JARDIM DE INFÂNCIA CIRANDA CIRANDINHA,Parceira,Creche Parceira,3.0,3.4,"RUA TORRES SOBRINHO, 57",MÉIER,-22.89612162,-43.26963723,109.0,0.0,35.0,74.0,0.0,150.0,33.0,0.0,0.0,0.0,0.0,0.0,Sem fila observada,Maio de 2025,,,
2025,2016,CP CASA MATERNAL MELLO MATTOS,Parceira,Creche Parceira,2.0,2.6,"RUA FARO, 80",JARDIM BOTÂNICO,-22.96076836,-43.22089458,108.0,32.0,36.0,40.0,0.0,108.0,0.0,0.0,0.0,0.0,0.0,0.0,Sem fila observada,Maio de 2025,,,
2025,209602,Creche Municipal Cantinho do Céu,Pública,Creche,2.0,2.13,Rua Tenete Marques de Souza - Morro do Cruz 259,Tijuca - Andaraí,-22.930966,-43.25058,108.0,36.0,40.0,32.0,6.0,0.0,0.0,0.0,0.0,0.0,0.0,0.0,Sem fila observada,Consolidado público de 2025,,,
2025,4032,CP ASSOCIAÇÃO CENTRO EDUCACIONAL REBRAL V,Parceira,Creche Parceira,4.0,4.11,"AV. BRÁS DE PINA, 1558",VILA DA PENHA,-22.83835591,-43.31194556,108.0,35.0,32.0,41.0,0.0,110.0,0.0,0.0,0.0,0.0,0.0,0.0,Sem fila observada,Maio de 2025,,,
2025,9044,CP CRECHE COMUNITÁRIA JARDIM FELIZ,Parceira,Creche Parceira,9.0,9.8,"ESTRADA MORIÇABA, 499, LOTE 2",SENADOR VASCONCELOS,-22.90041,-43.53366,108.0,29.0,37.0,42.0,0.0,110.0,0.0,0.0,0.0,0.0,0.0,0.0,Sem fila observada,Maio de 2025,,,
2025,1019606,Creche Municipal Trinta e Um de Outubro,Pública,Creche,10.0,10.4,"Avenida Do Contorno, 01 Bairro 31 de Out",Paciência,-22.917668,-43.637215,106.0,0.0,48.0,58.0,5.0,0.0,0.0,0.0,0.0,0.0,0.0,0.0,Sem fila observada,Consolidado público de 2025,,,
2025,6001,CP ESCOLA PATRONATO NOSSA SENHORA DE NAZARÉ,Parceira,Creche Parceira,6.0,6.12,"RUA JOSÉ LOURENÇO, 181 E 183",ANCHIETA,-22.82191,-43.39912,106.0,0.0,53.0,53.0,0.0,114.0,0.0,0.0,0.0,0.0,0.0,0.0,Sem fila observada,Maio de 2025,,,
2025,918801,Espaço de Desenvolvimento Infantil Bianca Rocha Tavares,Pública,EDI,9.0,9.23,Rua Jacareúba nº 80,Cosmos,-22.917448,-43.618065,106.0,22.0,38.0,46.0,5.0,0.0,0.0,0.0,0.0,0.0,0.0,0.0,Sem fila observada,Consolidado público de 2025,,,
2025,431606,Creche Municipal Visconde de Sabugosa,Pública,Creche,4.0,4.25,"Rua Jasmim, 1",Jardim América,-22.804345,-43.331531,105.0,0.0,50.0,55.0,5.0,0.0,0.0,0.0,0.0,0.0,0.0,0.0,Sem fila observada,Consolidado público de 2025,,,
2025,103802,Espaço de Desenvolvimento Infantil Lily Marinho,Pública,EDI,1.0,1.8,"Av. 31 de março, s/n s/n",Catumbi,-22.919001,-43.193367,104.0,20.0,43.0,41.0,6.0,0.0,0.0,0.0,0.0,0.0,0.0,0.0,Sem fila observada,Consolidado público de 2025,,,
2025,206606,Creche Municipal Elza Machado dos Santos - Tia Elza,Pública,Creche,2.0,2.4,"Ladeira Saint Roman, 173",Ipanema,-22.981527,-43.196355,104.0,41.0,41.0,22.0,5.0,0.0,0.0,0.0,0.0,0.0,0.0,0.0,Sem fila observada,Consolidado público de 2025,,,
2025,625815,Espaço de Desenvolvimento Infantil Professora Kristina Romolo Kiffer,Pública,EDI,6.0,6.7,Rua Projetada s/nº,Acari,-22.823448,-43.353838,104.0,23.0,34.0,47.0,5.0,0.0,0.0,0.0,0.0,0.0,0.0,0.0,Sem fila observada,Consolidado público de 2025,,,
2025,2056,CP CRECHE SANTA CLARA DE ASSIS NA PROVIDÊNCIA DE DEUS,Parceira,Creche Parceira,2.0,2.5,"RUA BENEDITO CALIXTO, 92/94",VIDIGAL,-22.99264828,-43.23640401,102.0,0.0,42.0,60.0,0.0,115.0,5.0,0.0,0.0,0.0,0.0,0.0,Sem fila observada,Maio de 2025,,,
2025,1120604,Creche Municipal Maria Arminda F. Souza Aguiar,Pública,Creche,11.0,11.5,"Av. Ilha Do Fundão, 107 - Bancários",Ilha do Governador,-22.786565,-43.186716,101.0,17.0,39.0,45.0,5.0,0.0,0.0,0.0,0.0,0.0,0.0,0.0,Sem fila observada,Consolidado público de 2025,,,
2025,1019821,Espaço de Desenvolvimento Infantil Professora Solange Inácia de Sá de Lacerda,Pública,EDI,10.0,10.7,"Rua Dourival M. Da Silva, S/Nº - Conjunto Habitacional Liberdade",Santa Cruz,-22.903523,-43.707845,100.0,20.0,35.0,45.0,5.0,0.0,0.0,0.0,0.0,0.0,0.0,0.0,Sem fila observada,Consolidado público de 2025,,,
2025,123601,Creche Municipal José Marinho de Oliveira,Pública,Creche,1.0,1.11,Ladeira Laureano S/N.º,Santa Teresa - Morro dos Prazeres,-22.934912,-43.202502,100.0,40.0,28.0,32.0,6.0,0.0,0.0,0.0,0.0,0.0,0.0,0.0,Sem fila observada,Consolidado público de 2025,,,
2025,4011,CP CRECHE E PRÉ-ESCOLA NOVA JERUSALÉM,Parceira,Creche Parceira,4.0,4.19,"RUA OURIQUE, 1111",PENHA,-22.82362399,-43.28531112,100.0,20.0,34.0,46.0,0.0,140.0,36.0,0.0,0.0,0.0,0.0,0.0,Sem fila observada,Maio de 2025,,,
2025,8028,CP ASSOCIAÇÃO CENTRO EDUCACIONAL REBRAL XV,Parceira,Creche Parceira,8.0,0.0,"RUA FREDERICO FAULHABER, 688",REALENGO,-22.88413888,-43.42545313,100.0,50.0,29.0,21.0,0.0,215.0,109.0,0.0,0.0,0.0,0.0,0.0,Sem fila observada,Maio de 2025,,,
2025,10023,CP CRECHE ESCOLA SOSSEGO DA MAMÃE,Parceira,Creche Parceira,10.0,10.11,"RUA PROJETADA SALLES, 23, CASA 15",SANTA CRUZ,-22.89736,-43.67945,99.0,22.0,41.0,36.0,0.0,100.0,0.0,0.0,0.0,0.0,0.0,0.0,Sem fila observada,Maio de 2025,,,
2025,103606,Creche Municipal Campos da Paz,Pública,Creche,1.0,1.1,Rua Azevedo Lima s/nº,Rio Comprido,-22.922461,-43.204005,99.0,27.0,23.0,49.0,5.0,0.0,0.0,0.0,0.0,0.0,0.0,0.0,Sem fila observada,Consolidado público de 2025,,,
2025,734805,Espaço de Desenvolvimento Infantil Monsenhor Cordioli,Pública,EDI,7.0,7.15,"Trav. Hara, S/Nº Q. 71",Cidade de Deus,-22.95123,-43.361925,99.0,0.0,50.0,49.0,4.0,0.0,0.0,0.0,0.0,0.0,0.0,0.0,Sem fila observada,Consolidado público de 2025,,,
2025,833602,Creche Municipal Julinho Cacau,Pública,Creche,8.0,8.4,"Rua Tabelião Luiz Guaraná, 160 - Piraquara / Cacau 160",Realengo,-22.883527,-43.417187,99.0,0.0,42.0,57.0,6.0,0.0,0.0,0.0,0.0,0.0,0.0,0.0,Sem fila observada,Consolidado público de 2025,,,
2025,734601,Creche Municipal Luzes do Amanhã,Pública,Creche,7.0,7.12,"Rua Via Projetada, 135 - Vila Nova Cruzada",Cidade de Deus,-22.952939,-43.364891,98.0,0.0,49.0,49.0,4.0,0.0,0.0,0.0,0.0,0.0,0.0,0.0,Sem fila observada,Consolidado público de 2025,,,
2025,1019826,Espaço de Desenvolvimento Indantil Thamiris de Andrade da Silva Santos,Pública,EDI,10.0,10.23,"Rua José Fernandes, s/n (terreno da antiga EM Felipe Camarão) - PAL 31360",Sepetiba,-22.976463,-43.694707,97.0,25.0,25.0,47.0,4.0,0.0,0.0,0.0,0.0,0.0,0.0,0.0,Sem fila observada,Consolidado público de 2025,,,
2025,1019827,Espaço de Desenvolvimento Infantil Medalhista Olímpica Poliana Okimoto,Pública,EDI,10.0,10.15,Av. Cesário de Melo s/n - Cesarão (em frente ao Rollas) - PAL 42920,Santa Cruz,-22.933612,-43.65972,97.0,25.0,25.0,47.0,4.0,0.0,0.0,0.0,0.0,0.0,0.0,0.0,Sem fila observada,Consolidado público de 2025,,,
2025,411802,Espaço de Desenvolvimento Infantil Joel Luiz de Azevedo Bastos,Pública,EDI,4.0,4.19,Rua Maturacá,Penha,-22.846748,-43.297816,97.0,35.0,24.0,38.0,5.0,0.0,0.0,0.0,0.0,0.0,0.0,0.0,Sem fila observada,Consolidado público de 2025,,,
2025,5005,CP CRECHE APÓSTOLO SÃO PEDRO,Parceira,Creche Parceira,5.0,5.12,"RUA ANTÔNIO SARAIVA, 23",CAVALCANTI,-22.87248531,-43.31333538,97.0,0.0,39.0,58.0,0.0,100.0,3.0,0.0,0.0,0.0,0.0,0.0,Sem fila observada,Maio de 2025,,,
2025,817610,Creche Municipal Sempre Vida Fazenda Coqueiros,Pública,Creche,8.0,8.22,"Rua Mora Guimarães, S/Nº - Morro Do Céu Taquaral, 602",Senador Camará,-22.869579,-43.502876,97.0,0.0,41.0,56.0,5.0,0.0,0.0,0.0,0.0,0.0,0.0,0.0,Sem fila observada,Consolidado público de 2025,,,
2025,918617,Creche Municipal Criando o Futuro,Pública,Creche,9.0,9.14,Avenida Cesário de Melo 6006,Inhoaíba,-22.911154,-43.590203,97.0,18.0,34.0,45.0,6.0,0.0,0.0,0.0,0.0,0.0,0.0,0.0,Sem fila observada,Consolidado público de 2025,,,
2025,1019609,Creche Municipal Cantinho da Tia Dolores,Pública,Creche,10.0,10.8,"Rua 2 , Conjunto Habitacional São Fernando Nº 25",Santa Cruz,-22.888959,-43.715865,96.0,26.0,26.0,44.0,4.0,0.0,0.0,0.0,0.0,0.0,0.0,0.0,Sem fila observada,Consolidado público de 2025,,,
2025,1019830,Espaço de Desenvolvimento Infantil Gal Costa,Pública,EDI,10.0,10.1,"Av. Antares, 23 acesso pela Rua N,  - Bloco 1",SANTA CRUZ,-22.92303,-43.67329553,96.0,23.0,26.0,47.0,4.0,0.0,0.0,0.0,0.0,0.0,0.0,0.0,Sem fila observada,Consolidado público de 2025,,,
2025,123603,Creche Municipal Fallet,Pública,Creche,1.0,1.11,Rua Fallet 302,Santa Teresa,-22.927235,-43.195756,96.0,25.0,29.0,42.0,5.0,0.0,0.0,0.0,0.0,0.0,0.0,0.0,Sem fila observada,Consolidado público de 2025,,,
2025,3020,CP LAR DA CRIANÇA JESUS BOM PASTOR,Parceira,Creche Parceira,3.0,3.19,"RUA BOA VISTA, 20 - A",INHAÚMA,-22.86388686,-43.27845814,96.0,0.0,43.0,53.0,0.0,115.0,17.0,0.0,0.0,0.0,0.0,0.0,Sem fila observada,Maio de 2025,,,
2025,514801,Espaço de Desenvolvimento Infantil Deputado Pedro Fernandes,Pública,EDI,5.0,5.3,"Rua Soldado Teodoro Ribeiro, 170",Irajá,-22.823514,-43.320473,96.0,0.0,39.0,57.0,5.0,0.0,0.0,0.0,0.0,0.0,0.0,0.0,Sem fila observada,Consolidado público de 2025,,,
2025,817202,Ciep Amilcar Cabral,Pública,CIEP,8.0,8.9,"Rua Engenheiro Paula Lopes, S/Nº",Bangu,-22.894122,-43.472616,96.0,0.0,48.0,48.0,4.0,0.0,0.0,0.0,0.0,0.0,0.0,0.0,Sem fila observada,Consolidado público de 2025,,,
2025,918829,Espaço de Desenvolvimento Infantil Rubem Azevedo Alves,Pública,EDI,9.0,9.9,"Rua Gentil de Ouro, s/n.º",Inhoaíba,-22.89705,-43.5925,96.0,25.0,26.0,45.0,5.0,0.0,0.0,0.0,0.0,0.0,0.0,0.0,Sem fila observada,Consolidado público de 2025,,,
2025,918838,Espaço de Desenvolvimento Infantil Eustorgio Wanderley,Pública,EDI,9.0,9.8,"Rua Tronco do Ipê, S/Nº",Senador Vasconcelos,-22.894484,-43.552539,96.0,0.0,48.0,48.0,4.0,0.0,0.0,0.0,0.0,0.0,0.0,0.0,Sem fila observada,Consolidado público de 2025,,,
2025,313602,Creche Municipal Aconchego,Pública,Creche,3.0,3.5,Rua Maria Luisa 70,Lins de Vasconcelos,-22.914311,-43.284815,95.0,23.0,34.0,38.0,5.0,0.0,0.0,0.0,0.0,0.0,0.0,0.0,Sem fila observada,Consolidado público de 2025,,,
2025,411603,Creche Municipal Morro da Paz,Pública,Creche,4.0,4.19,"Rua Frei Gaspar, 351 351",Praça Do Carmo/Penha,-22.843652,-43.29655,95.0,40.0,34.0,21.0,5.0,0.0,0.0,0.0,0.0,0.0,0.0,0.0,Sem fila observada,Consolidado público de 2025,,,
2025,1019618,Creche Municipal Leuza Marins Novaes S. Santos,Pública,Creche,10.0,10.7,Rua Manoel Lourenço Dos Santos S/N.º João XXIII,Santa Cruz,-22.904981,-43.701708,94.0,0.0,24.0,70.0,4.0,0.0,0.0,0.0,0.0,0.0,0.0,0.0,Sem fila observada,Consolidado público de 2025,,,
2025,2018,CP FUNDAÇÃO CASA SANTA IGNEZ,Parceira,Creche Parceira,2.0,2.6,"RUA MERY  PESSOA,91",GÁVEA,-22.98324602,-43.23881755,94.0,0.0,47.0,47.0,0.0,96.0,0.0,0.0,0.0,0.0,0.0,0.0,Sem fila observada,Maio de 2025,,,
2025,4037,CP CRECHE ESCOLA MIMI II,Parceira,Creche Parceira,4.0,4.11,"RUA ROBERTO DA SILVEIRA, 81",RAMOS,-22.85054855,-43.24136999,94.0,0.0,35.0,59.0,0.0,94.0,0.0,0.0,0.0,0.0,0.0,0.0,Sem fila observada,Maio de 2025,,,
2025,1026803,Espaço de Desenvolvimento Infantil Padre Carlos Henrique de Souza,Pública,EDI,10.0,10.26,"Rua Silvânia, s/nº Jardim Maravilha s/nº",Guaratiba,-22.963643,-43.610407,93.0,0.0,0.0,93.0,4.0,0.0,0.0,0.0,0.0,0.0,0.0,0.0,Sem fila observada,Consolidado público de 2025,,,
2025,107603,Creche Municipal Vovó Lucíola,Pública,Creche,1.0,1.3,"Rua Visconde De Niterói, 1098, Travessa Olaria",Mangueira,-22.902712,-43.240861,93.0,23.0,25.0,45.0,4.0,0.0,0.0,0.0,0.0,0.0,0.0,0.0,Sem fila observada,Consolidado público de 2025,,,
2025,206602,Creche Municipal Vidigal,Pública,Creche,2.0,2.5,"Av. Presidente João Goulart, 270",Vidigal,-22.993826,-43.235266,93.0,50.0,24.0,19.0,5.0,0.0,0.0,0.0,0.0,0.0,0.0,0.0,Sem fila observada,Consolidado público de 2025,,,
2025,313612,Creche Municipal Marcilia Catarina da Costa Orgélio - Tia Mana,Pública,Creche,3.0,3.11,Rua dos Rios - Comunidade Dois de Maio s/nº,Largo do Jacaré,-22.895698,-43.261933,93.0,29.0,34.0,30.0,6.0,0.0,0.0,0.0,0.0,0.0,0.0,0.0,Sem fila observada,Consolidado público de 2025,,,
2025,833803,Espaço de Desenvolvimento Infantil Frei Orlando,Pública,EDI,8.0,8.14,"Av. Duque De Caxias, S/Nº",Vila Militar,-22.859927,-43.390942,93.0,0.0,24.0,69.0,4.0,0.0,0.0,0.0,0.0,0.0,0.0,0.0,Sem fila observada,Consolidado público de 2025,,,
2025,817604,Creche Municipal Dramaturgo Alfredo de Freitas Dias Gomes,Pública,Creche,8.0,8.26,Rua Roque Barbosa - Acesso ao Lado do Posto de Saúde s/nº,Bangu,-22.843664,-43.467732,92.0,0.0,30.0,62.0,6.0,0.0,0.0,0.0,0.0,0.0,0.0,0.0,Sem fila observada,Consolidado público de 2025,,,
2025,10059,CP CRECHE COMUNITÁRIA PLANETA BEBÊ,Parceira,Creche Parceira,10.0,10.1,"RUA CONCEIÇÃO DE IPANEMA, S/Nº, LOTE 17, QUADRA 4",SANTA CRUZ,-22.90309,-43.67469,91.0,25.0,26.0,40.0,0.0,92.0,0.0,0.0,0.0,0.0,0.0,0.0,Sem fila observada,Maio de 2025,,,
2025,1026603,Creche Municipal Sempre Vida Colônia dos Pescadores,Pública,Creche,10.0,10.27,"Rua Barreiro Grande, 35",Pedra de Guaratiba,-23.00073,-43.637411,90.0,0.0,22.0,68.0,4.0,0.0,0.0,0.0,0.0,0.0,0.0,0.0,Sem fila observada,Consolidado público de 2025,,,
2025,833801,Espaço de Desenvolvimento Infantil Gessica Guedes Pereira,Pública,EDI,8.0,8.2,Rua Sebastião Lan S/n° Sulacap,Realengo,-22.88766,-43.410707,89.0,21.0,31.0,37.0,5.0,0.0,0.0,0.0,0.0,0.0,0.0,0.0,Sem fila observada,Consolidado público de 2025,,,
2025,9034,CP CRECHE COMUNITÁRIA ARTE DA CRIANÇA,Parceira,Creche Parceira,9.0,9.18,"AVENIDA SERIDO, 580, LOTE 580 PAL 25396 QD 18",CAMPO GRANDE,-22.90765,-43.54105,89.0,28.0,33.0,28.0,0.0,90.0,0.0,0.0,0.0,0.0,0.0,0.0,Sem fila observada,Maio de 2025,,,
2025,209610,Creche Municipal Francisco de Paula,Pública,Creche,2.0,2.18,,Vila Isabel,-22.91189,-43.24757,88.0,23.0,30.0,35.0,5.0,0.0,0.0,0.0,0.0,0.0,0.0,0.0,Sem fila observada,Consolidado público de 2025,,,
2025,1019820,Espaço de Desenvolvimento Infantil Professora Inaiá Wanderley Carmo (abrigando a Creche Municipal Nair da Fonseca),Pública,EDI,10.0,10.9,"Rua Itamogi, 321 - Bloco 2 (antiga Rua Buritizal com Piraí do Sul -Balneário Globo)",Sepetiba,-22.962886,-43.70679,87.0,0.0,46.0,41.0,4.0,0.0,0.0,0.0,0.0,0.0,0.0,0.0,Sem fila observada,Consolidado público de 2025,,,
2025,2060,CP ASSOCIAÇÃO CENTRO EDUCACIONAL REBRAL - ROCINHA,Parceira,Creche Parceira,2.0,2.6,"RUA DOIS, Nº 55",ROCINHA,-22.98638312,-43.24528365,87.0,24.0,29.0,34.0,0.0,135.0,46.0,0.0,0.0,0.0,0.0,0.0,Sem fila observada,Maio de 2025,,,
2025,209601,Creche Municipal Pipa no Céu,Pública,Creche,2.0,3.2,R. Maestro Ernesto Nazaré s/nº,Vila Isabel,-22.9068,-43.242383,87.0,39.0,28.0,20.0,7.0,0.0,0.0,0.0,0.0,0.0,0.0,0.0,Sem fila observada,Consolidado público de 2025,,,
2025,4043,CP ASSOCIAÇÃO COMUNITÁRIA EDUCACIONAL FLORESCER,Parceira,Creche Parceira,4.0,4.15,"RUA DR NUNES, 577",OLARIA,-22.84165972,-43.263427,86.0,19.0,35.0,32.0,0.0,89.0,0.0,0.0,0.0,0.0,0.0,0.0,Sem fila observada,Maio de 2025,,,
2025,918618,Creche Municipal Esperança da Vila São Jorge,Pública,Creche,9.0,9.14,Rua Icurunã 147,Cosmos,-22.914253,-43.606667,86.0,0.0,29.0,57.0,5.0,0.0,0.0,0.0,0.0,0.0,0.0,0.0,Sem fila observada,Consolidado público de 2025,,,
2025,121001,Escola Municipal Joaquim Manuel de Macedo,Pública,Escola,1.0,1.12,"Rua Padre Juvenal, 74",Paquetá,-22.753151,-43.109534,85.0,20.0,24.0,41.0,4.0,0.0,0.0,0.0,0.0,0.0,0.0,0.0,Sem fila observada,Consolidado público de 2025,,,
2025,2028,CP OBRAS SOCIAIS PADRE ALEIXO,Parceira,Creche Parceira,2.0,2.1,"RUA PAULO VI, 62",FLAMENGO,-22.93738397,-43.17922769,85.0,26.0,27.0,32.0,0.0,90.0,3.0,0.0,0.0,0.0,0.0,0.0,Sem fila observada,Maio de 2025,,,
2025,208601,Creche Municipal Casa Branca - Professor Paulo Freire,Pública,Creche,2.0,2.13,"Travessa Venâncio, 73 -Ladeira da Casa Branca 126",Tijuca,-22.936602,-43.248803,85.0,30.0,27.0,28.0,6.0,0.0,0.0,0.0,0.0,0.0,0.0,0.0,Sem fila observada,Consolidado público de 2025,,,
2025,817805,Espaço de Desenvolvimento Infantil Rafael Pereira da Silva,Pública,EDI,8.0,8.25,Rua Santa Ebba com Santa Euzébia com Rua do Encanamento s/nº,Bangu,-22.857179,-43.453549,85.0,0.0,44.0,41.0,4.0,0.0,0.0,0.0,0.0,0.0,0.0,0.0,Sem fila observada,Consolidado público de 2025,,,
2025,9019,CP ASSOCIAÇÃO DE MORADORES UNIÃO DAS BASES DE URUCÂNIA E ADJACÊNCIAS - COSMOS,Parceira,Creche Parceira,9.0,9.13,"RUA POCINHOS, 368",COSMOS,-22.88994,-43.60561,85.0,36.0,24.0,25.0,0.0,102.0,17.0,0.0,0.0,0.0,0.0,0.0,Sem fila observada,Maio de 2025,,,
2025,312804,Espaço de Desenvolvimento Infantil Professora Tania Martins Novo Lenz,Pública,EDI,3.0,3.9,Rua Italia D`Incau s/n°,Tomás Coelho,-22.87358,-43.308096,84.0,20.0,33.0,31.0,5.0,0.0,0.0,0.0,0.0,0.0,0.0,0.0,Sem fila observada,Consolidado público de 2025,,,
2025,515807,Espaço de Desenvolvimento Infantil Buriti Congonhas,Pública,EDI,5.0,5.8,"Rua Das Flores, 2 - Vila Emília - Buriti",Madureira,-22.860399,-43.334597,84.0,23.0,25.0,36.0,4.0,0.0,0.0,0.0,0.0,0.0,0.0,0.0,Sem fila observada,Consolidado público de 2025,,,
2025,9007,CP INSTITUTO AVELINO - CAMPO GRANDE,Parceira,Creche Parceira,9.0,9.18,"RUA ARCÍLIO PAPINI, 17",CAMPO GRANDE,-22.90733,-43.57735,84.0,36.0,24.0,24.0,0.0,85.0,1.0,0.0,0.0,0.0,0.0,0.0,Sem fila observada,Maio de 2025,,,
2025,1019616,Creche Municipal Maria Helena Papera Monteiro,Pública,Creche,10.0,10.17,"Rua Massapê, S/Nº - Favela Do Aço - Vila Paciência",Santa Cruz,-22.93332,-43.650062,83.0,0.0,37.0,46.0,4.0,0.0,0.0,0.0,0.0,0.0,0.0,0.0,Sem fila observada,Consolidado público de 2025,,,
2025,313606,Creche Municipal Cantinho do Queto,Pública,Creche,3.0,3.2,"Rua Salvador, 1 - Morro Do Queto",Sampaio,-22.904185,-43.261677,83.0,23.0,35.0,25.0,4.0,0.0,0.0,0.0,0.0,0.0,0.0,0.0,Sem fila observada,Consolidado público de 2025,,,
2025,7010,CP CRECHE NOVA ESPERANÇA,Parceira,Creche Parceira,7.0,7.7,"RUA TIROL, 1571",FREGUESIA / JACAREPAGUÁ,-22.94445,-43.34162,83.0,0.0,40.0,43.0,0.0,83.0,0.0,0.0,0.0,0.0,0.0,0.0,Sem fila observada,Maio de 2025,,,
2025,9033,CP TEMPO DE CRIANÇA,Parceira,Creche Parceira,9.0,9.18,"RUA CEARÁ MIRIM, Nº 27 LOTE 5 QUADRA 7, PAL 20786",CAMPO GRANDE,-22.89612,-43.57793,82.0,30.0,28.0,24.0,0.0,100.0,14.0,0.0,0.0,0.0,0.0,0.0,Sem fila observada,Maio de 2025,,,
2025,918605,Creche Municipal Sempre Vida Professora Eugenia Maria Veloso Marchese,Pública,Creche,9.0,9.9,"Rua Gentil de Ouro , S/Nº",Inhoaíba,-22.896822,-43.592565,82.0,0.0,36.0,46.0,4.0,0.0,0.0,0.0,0.0,0.0,0.0,0.0,Sem fila observada,Consolidado público de 2025,,,
2025,625603,Creche Municipal Dr. Albert Sabin,Pública,Creche,6.0,6.1,"Estrada do Camboatá, 4.040",Costa Barros,-22.829398,-43.370787,81.0,23.0,24.0,34.0,4.0,0.0,0.0,0.0,0.0,0.0,0.0,0.0,Sem fila observada,Consolidado público de 2025,,,
2025,10037,CP CAAD - COMITÊ DE ATENDIMENTO À CRIANÇA E AO ADOLESCENTE,Parceira,Creche Parceira,10.0,10.14,"RUA PROJETADA MATTOS, 1",SANTA CRUZ,-22.89778,-43.6834,80.0,26.0,23.0,31.0,0.0,106.0,24.0,0.0,0.0,0.0,0.0,0.0,Sem fila observada,Maio de 2025,,,
2025,410603,Creche Municipal Chico Bento,Pública,Creche,4.0,4.3,Rua Leopoldo Bulhões - Conj Habitacional Nelson Mandela 800 Q.13 A,Benfica,-22.88047,-43.24962,80.0,0.0,38.0,42.0,4.0,0.0,0.0,0.0,0.0,0.0,0.0,0.0,Sem fila observada,Consolidado público de 2025,,,
2025,817611,Creche Municipal Tia Elza,Pública,Creche,8.0,8.16,"Rua Bom Sossego, 382 - Conjunto Habitacional Rua Câmara Ii 382",Padre Miguel,-22.868855,-43.455452,80.0,0.0,42.0,38.0,4.0,0.0,0.0,0.0,0.0,0.0,0.0,0.0,Sem fila observada,Consolidado público de 2025,,,
2025,9035,CP INSTITUTO CRESCER E APRENDER - FILIAL,Parceira,Creche Parceira,9.0,9.18,"RUA TAPES, 32",CAMPO GRANDE,-22.90268,-43.57109,80.0,17.0,42.0,21.0,0.0,130.0,48.0,0.0,0.0,0.0,0.0,0.0,Sem fila observada,Maio de 2025,,,
2025,208604,Creche Municipal Tia Bela,Pública,Creche,2.0,2.13,Rua Da Grota s/n,Tijuca,-22.93817,-43.243002,79.0,43.0,14.0,22.0,4.0,0.0,0.0,0.0,0.0,0.0,0.0,0.0,Sem fila observada,Consolidado público de 2025,,,
2025,833802,Espaço de Desenvolvimento Infantil Professora Zena Elian,Pública,EDI,8.0,8.15,Rua General Americano Freire s/nº,Realengo,-22.863934,-43.445244,79.0,22.0,30.0,27.0,5.0,0.0,0.0,0.0,0.0,0.0,0.0,0.0,Sem fila observada,Consolidado público de 2025,,,
2025,101604,Creche Municipal Sempre Vida P. Conquista,Pública,Creche,1.0,1.1,Rua Carlos Seidl - Parque Conquista 950 Fundos,Caju,-22.877834,-43.226418,78.0,0.0,34.0,44.0,4.0,0.0,0.0,0.0,0.0,0.0,0.0,0.0,Sem fila observada,Consolidado público de 2025,,,
2025,2034,CP CENTRO SOCIAL DA MULHER UÊGA,Parceira,Creche Parceira,2.0,2.6,"RUA ESPERANÇA, 37 - 2º ANDAR",ROCINHA,-22.99192815,-43.25085578,77.0,0.0,28.0,49.0,0.0,100.0,21.0,0.0,0.0,0.0,0.0,0.0,Sem fila observada,Maio de 2025,,,
2025,209606,Creche Municipal Winnie Mandela,Pública,Creche,2.0,2.14,Rua Andaraí 401,Andaraí - Morro do Andaraí,-22.932545,-43.257283,77.0,18.0,33.0,26.0,5.0,0.0,0.0,0.0,0.0,0.0,0.0,0.0,Sem fila observada,Consolidado público de 2025,,,
2025,515802,Espaço de Desenvolvimento Infantil Gustavo Lessa,Pública,EDI,5.0,5.9,Rua Marupiara s/n,Rocha Miranda,-22.841024,-43.347547,77.0,0.0,0.0,77.0,4.0,0.0,0.0,0.0,0.0,0.0,0.0,0.0,Sem fila observada,Consolidado público de 2025,,,
2025,209608,Creche Municipal Germinal da Vila,Pública,Creche,2.0,2.18,Rua Petrocochino 73 Fundos,Vila Isabel,-22.913956,-43.255247,76.0,35.0,26.0,15.0,5.0,0.0,0.0,0.0,0.0,0.0,0.0,0.0,Sem fila observada,Consolidado público de 2025,,,
2025,9031,CP ESPAÇO CRIATIVO TURMINHA DO BAIRRO,Parceira,Creche Parceira,9.0,9.18,RUA CEARÁ MIRIM Nº 307,CAMPO GRANDE,-22.89867,-43.57786,76.0,31.0,24.0,21.0,0.0,80.0,0.0,0.0,0.0,0.0,0.0,0.0,Sem fila observada,Maio de 2025,,,
2025,9037,CP CRECHE COMUNITÁRIA AURINA,Parceira,Creche Parceira,9.0,9.18,"RUA ALMEIDA GONZAGA, 59 - CASA 1",CAMPO GRANDE,-22.91974,-43.55759,76.0,23.0,26.0,27.0,0.0,77.0,0.0,0.0,0.0,0.0,0.0,0.0,Sem fila observada,Maio de 2025,,,
2025,10029,CP ASSOCIAÇÃO DE MORADORES DAS MORADAS DO IMPÉRIO,Parceira,Creche Parceira,10.0,10.1,"RUA MINISTRO ADALBERTO BARRETO, 473",SANTA CRUZ,-22.91704,-43.69961,75.0,0.0,31.0,44.0,0.0,75.0,0.0,0.0,0.0,0.0,0.0,0.0,Sem fila observada,Maio de 2025,,,
2025,2058,CP NASCEER - NÚCLEO DE ASSIST. SOCIAL CULTURAL EDUC. ECOLÓGICO DA ROCINHA,Parceira,Creche Parceira,2.0,2.8,"ESTRADA DA GÁVEA, 436 - FUNDOS",ROCINHA,-22.98785037,-43.24865159,75.0,0.0,37.0,38.0,0.0,81.0,0.0,0.0,0.0,0.0,0.0,0.0,Sem fila observada,Maio de 2025,,,
2025,1019806,Espaço de Desenvolvimento Infantil Professor Rubem Gonçalves,Pública,EDI,10.0,10.2,Estrada dos Palmares 4603,Santa Cruz,-22.886309,-43.66621,74.0,26.0,25.0,23.0,3.0,0.0,0.0,0.0,0.0,0.0,0.0,0.0,Sem fila observada,Consolidado público de 2025,,,
2025,313603,Creche Municipal Sylvia Orthof,Pública,Creche,3.0,3.9,"Rua Solimões, S/Nº - Morro Do Urubu",Piedade,-22.878497,-43.306157,74.0,42.0,13.0,19.0,4.0,0.0,0.0,0.0,0.0,0.0,0.0,0.0,Sem fila observada,Consolidado público de 2025,,,
2025,1019802,Espaço de Desenvolvimento Infantil Larissa dos Santos Atanazio,Pública,EDI,10.0,10.17,AV. CESÁRIO DE MELO 11.485,PACIÊNCIA,-22.921659,-43.645341,73.0,0.0,25.0,48.0,3.0,0.0,0.0,0.0,0.0,0.0,0.0,0.0,Sem fila observada,Consolidado público de 2025,,,
2025,1019829,Espaço de Desenvolvimento Infantil Erasmo Carlos,Pública,EDI,10.0,10.1,"v. Antares, 23 acesso pela Rua N,  - Bloco 2",SANTA CRUZ,-22.92303,-43.67329553,73.0,24.0,25.0,24.0,3.0,0.0,0.0,0.0,0.0,0.0,0.0,0.0,Sem fila observada,Consolidado público de 2025,,,
2025,2006,CP CRECHE PRÉ-ESCOLA COMUNITÁRIA DOIS IRMÃOS,Parceira,Creche Parceira,2.0,2.6,"EST. DA GÁVEA, 325 - BECO 1-CASA 30",ROCINHA,-22.98736693,-43.24550193,73.0,25.0,25.0,23.0,0.0,75.0,0.0,0.0,0.0,0.0,0.0,0.0,Sem fila observada,Maio de 2025,,,
2025,208803,Espaço de Desenvolvimento Infantil Borel,Pública,EDI,2.0,2.11,"Rua São Miguel , S/Nº",Tijuca,-22.940985,-43.25352,73.0,0.0,33.0,40.0,4.0,0.0,0.0,0.0,0.0,0.0,0.0,0.0,Sem fila observada,Consolidado público de 2025,,,
2025,107601,Creche Municipal Adalberto Ismael de Souza,Pública,Creche,1.0,1.3,Av. Bartolomeu De Gusmão 1.100,São Cristóvão,-22.906374,-43.232485,72.0,0.0,32.0,40.0,4.0,0.0,0.0,0.0,0.0,0.0,0.0,0.0,Sem fila observada,Consolidado público de 2025,,,
2025,2001,CP CRECHE ESPAÇO SEMENTE,Parceira,Creche Parceira,2.0,2.11,"TRAVESSA SÃO LUIZ, 99",BOREL / TIJUCA,-22.93805743,-43.25208851,72.0,0.0,32.0,40.0,0.0,80.0,6.0,0.0,0.0,0.0,0.0,0.0,Sem fila observada,Maio de 2025,,,
2025,2005,CP ESCOLA COMUNITÁRIA DO CANTAGALO,Parceira,Creche Parceira,2.0,2.3,"RUA SAINT ROMAIN, 200/RUA CÂNDIDO PORTINARI, 05",COPACABANA,-22.98210005,-43.19621238,72.0,0.0,28.0,44.0,0.0,72.0,0.0,0.0,0.0,0.0,0.0,0.0,Sem fila observada,Maio de 2025,,,
2025,2040,CP CRECHE MARIA MARIA,Parceira,Creche Parceira,2.0,2.5,"ESTR. DA GÁVEA, 259, R. UM CASA 52",ROCINHA,-22.98633516,-43.24536688,72.0,31.0,18.0,23.0,0.0,72.0,0.0,0.0,0.0,0.0,0.0,0.0,Sem fila observada,Maio de 2025,,,
2025,204806,Espaço de Desenvolvimento Infantil Irmã Margarita Alarcón,Pública,EDI,2.0,2.2,"Rua Pereira da Silva, s/nº",Laranjeiras,-22.931115,-43.190496,71.0,23.0,22.0,26.0,4.0,0.0,0.0,0.0,0.0,0.0,0.0,0.0,Sem fila observada,Consolidado público de 2025,,,
2025,918608,Creche Municipal Jardim Monte Santo,Pública,Creche,9.0,9.16,"Rua Sananduva, S/Nº - Jardim Monte Santo",Campo Grande,-22.912352,-43.532948,71.0,0.0,25.0,46.0,5.0,0.0,0.0,0.0,0.0,0.0,0.0,0.0,Sem fila observada,Consolidado público de 2025,,,
2025,10009,CP JARDIM ESCOLA ERNESTO FAGUNDES VARELA,Parceira,Creche Parceira,10.0,10.9,"ESTRADA DE SEPETIBA, 172",SEPETIBA,-22.96847,-43.70721,70.0,19.0,28.0,23.0,0.0,70.0,0.0,0.0,0.0,0.0,0.0,0.0,Sem fila observada,Maio de 2025,,,
2025,101601,Creche Municipal Ladeira dos Funcionários,Pública,Creche,1.0,1.1,Rua Carlos Seidl - Ladeira dos Funcionários 1.281,Caju,-22.879151,-43.224306,70.0,0.0,34.0,36.0,4.0,0.0,0.0,0.0,0.0,0.0,0.0,0.0,Sem fila observada,Consolidado público de 2025,,,
2025,2061,CP CRECHE INSTITUTO MACINTYRE,Parceira,Creche Parceira,2.0,2.3,AV. PAVÃOZINHO Nº 02 COM. PAVÃOZINHO -CANTAGALO,COPACABANA,-22.98024935,-43.19492368,70.0,0.0,28.0,42.0,0.0,70.0,0.0,0.0,0.0,0.0,0.0,0.0,Sem fila observada,Maio de 2025,,,
2025,817504,Ciep Antonio Evaristo de Moraes,Pública,CIEP,8.0,8.12,"Av. Santa Cruz, S/Nº",Senador Camará,-22.881793,-43.487326,70.0,0.0,25.0,45.0,3.0,0.0,0.0,0.0,0.0,0.0,0.0,0.0,Sem fila observada,Consolidado público de 2025,,,
2025,918803,Espaço de Desenvolvimento Infantil Ludmila Máximo Moreira Cardoso,Pública,EDI,9.0,9.21,Rua Pedro Leão Veloso Rangel s/nº,Campo Grande,-22.912636,-43.578547,70.0,25.0,22.0,23.0,3.0,0.0,0.0,0.0,0.0,0.0,0.0,0.0,Sem fila observada,Consolidado público de 2025,,,
2025,1019628,Creche Municipal Irinéa dos Santos Paiva,Pública,Creche,10.0,10.12,Rua Dr.Continentino Comunidade Rollas 1 s/n°,Santa Cruz,-22.926998,-43.673065,69.0,22.0,22.0,25.0,3.0,0.0,0.0,0.0,0.0,0.0,0.0,0.0,Sem fila observada,Consolidado público de 2025,,,
2025,103804,Espaço de Desenvolvimento Infantil Zélia Gattai Amado,Pública,EDI,1.0,1.11,Travessa Marrocos - Comunidade Fogueteiro s/nº,Rio Comprido,-22.926867,-43.200934,69.0,22.0,24.0,23.0,3.0,0.0,0.0,0.0,0.0,0.0,0.0,0.0,Sem fila observada,Consolidado público de 2025,,,
2025,716602,Creche Municipal Tia Tereza,Pública,Creche,7.0,7.5,"Rua Jordão, 743 - Jordão",Taquara,-22.910162,-43.371421,69.0,0.0,31.0,38.0,4.0,0.0,0.0,0.0,0.0,0.0,0.0,0.0,Sem fila observada,Consolidado público de 2025,,,
2025,1019807,Espaço de Desenvolvimento Infantil Professor Antonio Alfredo Mercadante,Pública,EDI,10.0,10.2,ESTRADA DOS PALMARES S/Nº,SANTA CRUZ,-22.883481,-43.661004,68.0,0.0,25.0,43.0,3.0,0.0,0.0,0.0,0.0,0.0,0.0,0.0,Sem fila observada,Consolidado público de 2025,,,
2025,514607,Creche Muncipal Sementinha,Pública,Creche,5.0,5.5,Rua Carneiro de Mendonça s/nº,Vicente de Carvalho,-22.860325,-43.318375,68.0,20.0,21.0,27.0,6.0,0.0,0.0,0.0,0.0,0.0,0.0,0.0,Sem fila observada,Consolidado público de 2025,,,
2025,6019,CP AEMMAC - COELHO NETO,Parceira,Creche Parceira,6.0,0.0,"RUA THEREMIN, 284",COELHO NETO,-22.82866593,-43.34986472,68.0,18.0,24.0,26.0,0.0,70.0,0.0,0.0,0.0,0.0,0.0,0.0,Sem fila observada,Maio de 2025,,,
2025,724602,Creche Municipal Dina Sfat,Pública,Creche,7.0,7.24,"Rua Da Paz, S/Nº - Acesso Pela Rua Itália Fausto - Floresta Da Barra",Itanhangá,-22.989203,-43.297275,68.0,68.0,0.0,0.0,4.0,0.0,0.0,0.0,0.0,0.0,0.0,0.0,Sem fila observada,Consolidado público de 2025,,,
2025,817505,Ciep Marechal Julio Caetano Horta Barbosa,Pública,CIEP,8.0,8.1,"Rua João Lacerda, S/Nº",Bangu,-22.883931,-43.479045,68.0,0.0,0.0,68.0,4.0,0.0,0.0,0.0,0.0,0.0,0.0,0.0,Sem fila observada,Consolidado público de 2025,,,
2025,1019605,Creche Municipal Marlene da Silva Cardoso,Pública,Creche,10.0,10.16,Rua 7 Conjunto Residencial Da Rua Otacílio Câmara nº 01,Santa Cruz,-22.932954,-43.658363,67.0,0.0,23.0,44.0,3.0,0.0,0.0,0.0,0.0,0.0,0.0,0.0,Sem fila observada,Consolidado público de 2025,,,
2025,10013,CP ESCOLA COMUNITÁRIA ENCANTO DE MARIA,Parceira,Creche Parceira,10.0,10.11,"RUA SAPUCAÍ, TRAVESSA PROJETADA, 55",SANTA CRUZ,-22.98837,-43.63944,66.0,15.0,25.0,26.0,0.0,84.0,14.0,0.0,0.0,0.0,0.0,0.0,Sem fila observada,Maio de 2025,,,
2025,724805,Espaço de Desenvolvimento Infantil Tristão de Athayde,Pública,EDI,7.0,7.22,"Rua Bráulio E. Muller, 405 Mandala",Barra da Tijuca,-23.002962,-43.375805,66.0,0.0,21.0,45.0,3.0,0.0,0.0,0.0,0.0,0.0,0.0,0.0,Sem fila observada,Consolidado público de 2025,,,
2025,103602,Creche Municipal Direitos Humanos,Pública,Creche,1.0,1.11,"Rua Barão De Petrópolis, Morro do Escondidinho 724",Rio Comprido,-22.931337,-43.201233,65.0,20.0,25.0,20.0,3.0,0.0,0.0,0.0,0.0,0.0,0.0,0.0,Sem fila observada,Consolidado público de 2025,,,
2025,2035,CP CENTRO SOCIAL E AÍ COMO É QUE FICA ?,Parceira,Creche Parceira,2.0,2.6,"ESTR. DA GÁVEA, 229 - CASA 1 - RUA UM",ROCINHA,-22.99306537,-43.25349939,65.0,26.0,22.0,17.0,0.0,65.0,0.0,0.0,0.0,0.0,0.0,0.0,Sem fila observada,Maio de 2025,,,
2025,206603,Creche Municipal Jacó Inácio Gomes,Pública,Creche,2.0,2.1,Estrada Das Canoas - Vila Canoas 720,São Conrado,-22.994354,-43.270922,64.0,22.0,18.0,24.0,3.0,0.0,0.0,0.0,0.0,0.0,0.0,0.0,Sem fila observada,Consolidado público de 2025,,,
2025,410803,Espaço de Desenvolvimento Infantil Joaquim Venâncio,Pública,EDI,4.0,3.14,Rua Hesperia - Manguinhos 15,Bonsucesso,-22.875506,-43.25493,64.0,0.0,22.0,42.0,3.0,0.0,0.0,0.0,0.0,0.0,0.0,0.0,Sem fila observada,Consolidado público de 2025,,,
2025,103601,Creche Municipal Espaço Livre da Criança,Pública,Creche,1.0,1.9,Rua Laurindo Rabelo 184 São Carlos,Estácio,-22.916117,-43.203354,63.0,0.0,21.0,42.0,4.0,0.0,0.0,0.0,0.0,0.0,0.0,0.0,Sem fila observada,Consolidado público de 2025,,,
2025,2047,CP GRUPO COMUNITÁRIO MORRO DA ALEGRIA,Parceira,Creche Parceira,2.0,2.7,"RUA UM, 159",ROCINHA,-22.99001468,-43.24478783,63.0,18.0,30.0,15.0,0.0,71.0,4.0,0.0,0.0,0.0,0.0,0.0,Sem fila observada,Maio de 2025,,,
2025,2044,CP CRECHE SÃO COSME E SÃO DAMIÃO,Parceira,Creche Parceira,2.0,2.16,"RUA LEOPOLDO, 434",ANDARAÍ,-22.92825408,-43.25259783,62.0,0.0,22.0,40.0,0.0,76.0,8.0,0.0,0.0,0.0,0.0,0.0,Sem fila observada,Maio de 2025,,,
2025,7017,CP CRECHE RAIMUNDA NONATA DA SILVA,Parceira,Creche Parceira,7.0,7.28,"AV. CÉLIA RIBEIRO DA SILVA MENDES, 92",RECREIO DOS BANDEIRANTES,-23.01089,-43.47622,62.0,0.0,27.0,35.0,0.0,87.0,19.0,0.0,0.0,0.0,0.0,0.0,Sem fila observada,Maio de 2025,,,
2025,918604,Creche Municipal Vera Pacheco Jordão,Pública,Creche,9.0,9.21,Rua Pedro Autran Nº 71 São Jorge,Campo Grande,-22.914584,-43.58532,62.0,0.0,24.0,38.0,4.0,0.0,0.0,0.0,0.0,0.0,0.0,0.0,Sem fila observada,Consolidado público de 2025,,,
2025,1019627,Creche Municipal Vovó Benta,Pública,Creche,10.0,10.2,"Rua Sete, Fundos Com A Rua Oito - Conjunto Nova Sepetiba",Sepetiba,-22.956258,-43.691301,61.0,16.0,15.0,30.0,4.0,0.0,0.0,0.0,0.0,0.0,0.0,0.0,Sem fila observada,Consolidado público de 2025,,,
2025,206601,Creche Municipal Doutor Sobral Pinto,Pública,Creche,2.0,2.5,"Av. Presidente João Goulart, S/Nº - Vila Olímpica",Vidigal,-22.996197,-43.245549,61.0,25.0,16.0,20.0,3.0,0.0,0.0,0.0,0.0,0.0,0.0,0.0,Sem fila observada,Consolidado público de 2025,,,
2025,3009,CP CRECHE COMUNITÁRIA JOÃO FERREIRA,Parceira,Creche Parceira,3.0,3.23,"AVENIDA CENTRAL, 70",RAMOS,-22.85752743,-43.26904816,61.0,0.0,25.0,36.0,0.0,80.0,19.0,0.0,0.0,0.0,0.0,0.0,Sem fila observada,Maio de 2025,,,
2025,817616,Creche Municipal Professora Maria Assumpção,Pública,Creche,8.0,8.19,Rua Esperança 23,Bangu,-22.864759,-43.468277,61.0,0.0,15.0,46.0,4.0,0.0,0.0,0.0,0.0,0.0,0.0,0.0,Sem fila observada,Consolidado público de 2025,,,
2025,833808,Espaço de Desenvolvimento Infantil Professora Vanuzia Bastos da Silva,Pública,EDI,8.0,8.24,"Rua Helio do Amaral, s/nº",Realengo,-22.860859,-43.446539,61.0,19.0,24.0,18.0,3.0,0.0,0.0,0.0,0.0,0.0,0.0,0.0,Sem fila observada,Consolidado público de 2025,,,
2025,918839,Espaço de Desenvolvimento Infantil Dalila Tavares,Pública,EDI,9.0,9.8,Rua Jornalista Sabino de Lemos s/nº São Basílio,Campo Grande,-22.89154,-43.57146,61.0,0.0,22.0,39.0,3.0,0.0,0.0,0.0,0.0,0.0,0.0,0.0,Sem fila observada,Consolidado público de 2025,,,
2025,10076,CP ESPAÇO DE DESENVOLVIMENTO MÃE GAIA - UNIDADE I,Parceira,Creche Parceira,10.0,10.1,"BECO DO CAMARÃO, 68 - EST VITOR DUMAS",SANTA CRUZ,-22.9329475,-43.6976363,60.0,18.0,22.0,20.0,0.0,60.0,0.0,0.0,0.0,0.0,0.0,0.0,Sem fila observada,Maio de 2025,,,
2025,102803,Espaço de Desenvolvimento Infantil Rachel de Queiroz,Pública,EDI,1.0,1.7,Av.Presidente Vargas S/N°,Praça Onze,-22.907017,-43.194719,60.0,0.0,0.0,60.0,3.0,0.0,0.0,0.0,0.0,0.0,0.0,0.0,Sem fila observada,Consolidado público de 2025,,,
2025,3010,CP CRECHE ESCOLA COMUNITÁRIA MÃE SOCIAL,Parceira,Creche Parceira,3.0,3.19,"RUA CANITAR, 608",INHAÚMA,-22.85981282,-43.279069,60.0,0.0,30.0,30.0,0.0,76.0,16.0,0.0,0.0,0.0,0.0,0.0,Sem fila observada,Maio de 2025,,,
2025,4049,CP INSTITUTO JOSEFA LAURENTINO,Parceira,Creche Parceira,4.0,4.4,"RUA NILTON CORDEIRO, 3, PARQUE UNIAO",MARÉ,-22.84825182,-43.24773693,60.0,15.0,20.0,25.0,0.0,60.0,0.0,0.0,0.0,0.0,0.0,0.0,Sem fila observada,Maio de 2025,,,
2025,2038,CP CRECHE CHÁCARA DO CÉU,Parceira,Creche Parceira,2.0,2.11,"ESTRADA DA INDEPENDÊNCIA, 161",TIJUCA,-22.93697965,-43.25635225,59.0,14.0,22.0,23.0,0.0,60.0,0.0,0.0,0.0,0.0,0.0,0.0,Sem fila observada,Maio de 2025,,,
2025,6005,CP CRECHE DON GUANELLA,Parceira,Creche Parceira,6.0,6.12,"RUA CAÇAREMA, 63",ANCHIETA,-22.81704,-43.39683,59.0,0.0,22.0,37.0,0.0,60.0,1.0,0.0,0.0,0.0,0.0,0.0,Sem fila observada,Maio de 2025,,,
2025,101602,Creche Municipal Virgínia Lemos,Pública,Creche,1.0,1.1,Rua Paraíso 17 Parque Alegria,Caju,-22.886423,-43.233212,58.0,0.0,32.0,26.0,4.0,0.0,0.0,0.0,0.0,0.0,0.0,0.0,Sem fila observada,Consolidado público de 2025,,,
2025,208606,Creche Municipal Doutor Ronaldo Luiz Gazolla,Pública,Creche,2.0,2.13,Rua Paulino Nogueira - Morro Da Formiga 300,Tijuca,-22.94015,-43.24459,58.0,16.0,19.0,23.0,3.0,0.0,0.0,0.0,0.0,0.0,0.0,0.0,Sem fila observada,Consolidado público de 2025,,,
2025,3007,CP CRECHE CHAMEGUINHO,Parceira,Creche Parceira,3.0,3.4,"RUA SÃO FRANCISCO DE ASSIS, 15",LINS DE VASCONCELOS,-22.91549097,-43.27870767,58.0,16.0,21.0,21.0,0.0,65.0,5.0,0.0,0.0,0.0,0.0,0.0,Sem fila observada,Maio de 2025,,,
2025,411803,Espaço de Desenvolvimento Infantil Maria de Lourdes Ferreira,Pública,EDI,4.0,4.19,AV LOBO JUNIOR 2271,PENHA,-22.84136,-43.288855,58.0,21.0,19.0,18.0,3.0,0.0,0.0,0.0,0.0,0.0,0.0,0.0,Sem fila observada,Consolidado público de 2025,,,
2025,918603,Creche Municipal Sempre Vida Elza Rabelo de Andrade,Pública,Creche,9.0,9.23,Rua Vitória do Mearim - s/nº,Cosmos,-22.918605,-43.621346,58.0,0.0,19.0,39.0,3.0,0.0,0.0,0.0,0.0,0.0,0.0,0.0,Sem fila observada,Consolidado público de 2025,,,
2025,1019604,Creche Municipal Ayrton Senna,Pública,Creche,10.0,10.7,Estrada Guandu 258 Conj. Guandu II,Santa Cruz,-22.902828,-43.705531,57.0,0.0,19.0,38.0,3.0,0.0,0.0,0.0,0.0,0.0,0.0,0.0,Sem fila observada,Consolidado público de 2025,,,
2025,2054,CP UNIÃO DE MULHERES PRO-MELHORAMENTO DA ROUPA SUJA,Parceira,Creche Parceira,2.0,2.6,"RUA UM, 325",ROCINHA,-22.99003892,-43.24550019,57.0,32.0,9.0,16.0,0.0,67.0,8.0,0.0,0.0,0.0,0.0,0.0,Sem fila observada,Maio de 2025,,,
2025,724802,Espaço de Desenvolvimento Infantil Porfírio Dias,Pública,EDI,7.0,7.25,Estrada Cascatinha 246,Vargem Grande,-22.975934,-43.484274,57.0,0.0,25.0,32.0,3.0,0.0,0.0,0.0,0.0,0.0,0.0,0.0,Sem fila observada,Consolidado público de 2025,,,
2025,918611,Creche Municipal Mário Lombardi,Pública,Creche,9.0,9.6,Rua Gonçalves Céu s/nº,Campo Grande,-22.88353,-43.604592,57.0,0.0,25.0,32.0,5.0,0.0,0.0,0.0,0.0,0.0,0.0,0.0,Sem fila observada,Consolidado público de 2025,,,
2025,918804,Espaço de Desenvolvimento Infantil Renan de Souza Leal,Pública,EDI,9.0,9.6,Rua Mário Arzua Barbosa s/nº Conj. Campinho,Campo Grande,-22.879399,-43.614001,57.0,0.0,24.0,33.0,3.0,0.0,0.0,0.0,0.0,0.0,0.0,0.0,Sem fila observada,Consolidado público de 2025,,,
2025,209604,Creche Municipal Nova Divinéia,Pública,Creche,2.0,2.14,Rua Engenheiro Morsing 228,Grajaú - Morro Nova Divinéia,-22.928893,-43.263875,56.0,18.0,21.0,17.0,3.0,0.0,0.0,0.0,0.0,0.0,0.0,0.0,Sem fila observada,Consolidado público de 2025,,,
2025,411602,Creche Municipal Tempo de Aprender,Pública,Creche,4.0,4.19,"Rua Fortaleza, S/Nº - Morro Da Caixa D&%23039;Água s/nº",Penha,-22.840212,-43.288936,56.0,14.0,18.0,24.0,3.0,0.0,0.0,0.0,0.0,0.0,0.0,0.0,Sem fila observada,Consolidado público de 2025,,,
2025,431802,Espaço de Desenvolvimento Infantil Professor Carlos Falseth,Pública,EDI,4.0,4.26,Rua Debussy,Jardim América,-22.807508,-43.321322,56.0,0.0,10.0,46.0,3.0,0.0,0.0,0.0,0.0,0.0,0.0,0.0,Sem fila observada,Consolidado público de 2025,,,
2025,208605,Creche Municipal Tia Maria,Pública,Creche,2.0,2.13,"Rua Castelnuovo, S/Nº - Morro Da Formiga",Tijuca,-22.943486,-43.24161,55.0,10.0,23.0,22.0,3.0,0.0,0.0,0.0,0.0,0.0,0.0,0.0,Sem fila observada,Consolidado público de 2025,,,
2025,209803,Espaço de Desenvolvimento Infantil Professora Suely de Pinho Cavalcante,Pública,EDI,2.0,2.17,Rua Armando Albuquerque s/n°,Vila Isabel,-22.914416,-43.259923,55.0,0.0,23.0,32.0,3.0,0.0,0.0,0.0,0.0,0.0,0.0,0.0,Sem fila observada,Consolidado público de 2025,,,
2025,208607,Creche Municipal dos Sonhos,Pública,Creche,2.0,2.12,Rua Moisés Borges s/nª,Tijuca - Comunidade Chacrinha,-22.926104,-43.220047,54.0,22.0,18.0,14.0,3.0,0.0,0.0,0.0,0.0,0.0,0.0,0.0,Sem fila observada,Consolidado público de 2025,,,
2025,205801,Espaço de Desenvolvimento Infantil Dona Marcela,Pública,EDI,2.0,2.3,"Rua Dr. Vitorino, 2 - Chapéu Mangueira",Leme,-22.960596,-43.167882,53.0,14.0,16.0,23.0,4.0,0.0,0.0,0.0,0.0,0.0,0.0,0.0,Sem fila observada,Consolidado público de 2025,,,
2025,3011,CP CRECHE DO CENTRO PASTORAL SOCIAL PADRE JUSTINO RUSSOLILLO,Parceira,Creche Parceira,3.0,3.19,"RUA VALMIR, S/Nº",RAMOS,-22.85847817,-43.2759666,53.0,0.0,25.0,28.0,0.0,74.0,21.0,0.0,0.0,0.0,0.0,0.0,Sem fila observada,Maio de 2025,,,
2025,209605,Creche Municipal São Sebastião - Arrelia,Pública,Creche,2.0,2.14,"Rua Santo Agostinho, S/Nº - São Sebastião Arrelia",Andaraí,-22.936518,-43.261847,52.0,25.0,16.0,11.0,4.0,0.0,0.0,0.0,0.0,0.0,0.0,0.0,Sem fila observada,Consolidado público de 2025,,,
2025,209603,Creche Municipal Galdino Manoel da Silva,Pública,Creche,2.0,2.14,Rua Adolfo Caminha s/n.º,Andaraí - Jamelão,-22.933066,-43.260764,51.0,18.0,15.0,18.0,3.0,0.0,0.0,0.0,0.0,0.0,0.0,0.0,Sem fila observada,Consolidado público de 2025,,,
2025,1019811,Espaço de Desenvolvimento Infantil Professora Raquel Kelly Lanera,Pública,EDI,10.0,10.1,"Estr. De Manguariba, S/Nº - Conjunto Manguariba",Santa Cruz,-22.87566,-43.634503,50.0,0.0,0.0,50.0,2.0,0.0,0.0,0.0,0.0,0.0,0.0,0.0,Sem fila observada,Consolidado público de 2025,,,
2025,2057,CP CENTRO EDUCACIONAL ESPERANÇA,Parceira,Creche Parceira,2.0,2.11,"ESTRADA DO BIGUÁ, 336",ALTO DA BOA VISTA,-22.94728841,-43.24453566,50.0,0.0,23.0,27.0,0.0,50.0,0.0,0.0,0.0,0.0,0.0,0.0,Sem fila observada,Maio de 2025,,,
2025,5004,CP CRECHE CASULO SÃO RAFAEL ARCANJO,Parceira,Creche Parceira,5.0,5.3,"RUA PROJETADA B, 100",VISTA ALEGRE,-22.83134416,-43.31817674,50.0,0.0,22.0,28.0,0.0,55.0,3.0,0.0,0.0,0.0,0.0,0.0,Sem fila observada,Maio de 2025,,,
2025,622810,Escola Municipal Antônio Francisco Lisboa,Pública,Escola,6.0,6.15,Rua Enéas Martins 948,Guadalupe,-22.832775,-43.376768,50.0,0.0,0.0,50.0,2.0,0.0,0.0,0.0,0.0,0.0,0.0,0.0,Sem fila observada,Consolidado público de 2025,,,
2025,1019603,Creche Municipal Jardim dos Vieiras,Pública,Creche,10.0,10.19,Estrada Dos Vieiras s/nº,"Jardim dos Vieiras, Paciência",-22.924192,-43.628443,49.0,0.0,25.0,24.0,2.0,0.0,0.0,0.0,0.0,0.0,0.0,0.0,Sem fila observada,Consolidado público de 2025,,,
2025,3004,CP CENTRO COMUNITÁRIO NOSSA SENHORA APARECIDA - CRECHE,Parceira,Creche Parceira,3.0,3.4,"RUA ARISTIDES CAIRE, 349",CACHAMBI,-22.89434309,-43.27341272,48.0,0.0,24.0,24.0,0.0,48.0,0.0,0.0,0.0,0.0,0.0,0.0,Sem fila observada,Maio de 2025,,,
2025,1019630,Creche Municipal Estrela Dalva,Pública,Creche,10.0,10.6,"Estrada Boa Esperança, 85 - Urucânia S/Nº",Santa Cruz,-22.911519,-43.667708,47.0,0.0,22.0,25.0,2.0,0.0,0.0,0.0,0.0,0.0,0.0,0.0,Sem fila observada,Consolidado público de 2025,,,
2025,1019815,Espaço de Desenvolvimento Infantil João Corrêa,Pública,EDI,10.0,10.5,"Rua Alberi Vieira Dos Santos, S/Nº -Urucânia s/n°",Paciência,-22.916108,-43.651918,47.0,0.0,0.0,47.0,2.0,0.0,0.0,0.0,0.0,0.0,0.0,0.0,Sem fila observada,Consolidado público de 2025,,,
2025,1019818,Espaço de Desenvolvimento Infantil Renée Biscaia Raposo,Pública,EDI,10.0,10.19,Praça Alex de Paula Xavier s/nº Gouveias,Paciência,-22.919608,-43.624282,47.0,0.0,0.0,47.0,2.0,0.0,0.0,0.0,0.0,0.0,0.0,0.0,Sem fila observada,Consolidado público de 2025,,,
2025,1019822,Espaço de Desenvolvimento Infantil Professora Katia Mirando dos Santos,Pública,EDI,10.0,10.21,"Estrada de Sepetiba, s/nº - PAL 32091 - Campus Nova Sepetiba",Sepetiba,-22.956389,-43.687368,47.0,0.0,23.0,24.0,2.0,0.0,0.0,0.0,0.0,0.0,0.0,0.0,Sem fila observada,Consolidado público de 2025,,,
2025,1026801,Espaço de Desenvolvimento Infantil Samira Pires Ribeiro,Pública,EDI,10.0,10.24,Estrada do Piauí - PRAÇA IVO GOMES,Guaratiba,-22.984621,-43.659773,47.0,0.0,22.0,25.0,2.0,0.0,0.0,0.0,0.0,0.0,0.0,0.0,Sem fila observada,Consolidado público de 2025,,,
2025,1026811,Espaço de Desenvolvimento Infantil Germano Thomé de Oliveira,Pública,EDI,10.0,10.27,Rua X esquina com Av Alto Maranhão - PAL 19600,Guaratiba,-22.986274,-43.628916,47.0,0.0,22.0,25.0,2.0,0.0,0.0,0.0,0.0,0.0,0.0,0.0,Sem fila observada,Consolidado público de 2025,,,
2025,625610,Creche Municipal Zuzu Angel,Pública,Creche,6.0,5.9,"Praça Zuinara, S/Nº",Coelho Neto,-22.838585,-43.343128,47.0,0.0,24.0,23.0,2.0,0.0,0.0,0.0,0.0,0.0,0.0,0.0,Sem fila observada,Consolidado público de 2025,,,
2025,734803,Espaço de Desenvolvimento Infantil Ana Carolina Pacheco da Silva,Pública,EDI,7.0,7.15,Praça Matusalém - Travessa Eufrates s/nº,Cidade de Deus,-22.947426,-43.365557,47.0,0.0,24.0,23.0,2.0,0.0,0.0,0.0,0.0,0.0,0.0,0.0,Sem fila observada,Consolidado público de 2025,,,
2025,918830,Espaço de Desenvolvimento Infantil Henrique Dias,Pública,EDI,9.0,9.18,"Rua São Domiciano, S/Nº Centro",Campo Grande,-22.904029,-43.554265,47.0,0.0,22.0,25.0,2.0,0.0,0.0,0.0,0.0,0.0,0.0,0.0,Sem fila observada,Consolidado público de 2025,,,
2025,1019615,Creche Municipal Marcolina,Pública,Creche,10.0,10.15,Travessa Marcolina 18 Rola II,Santa Cruz,-22.929635,-43.662555,46.0,0.0,14.0,32.0,3.0,0.0,0.0,0.0,0.0,0.0,0.0,0.0,Sem fila observada,Consolidado público de 2025,,,
2025,1019620,Creche Municipal Sementinha do Amor,Pública,Creche,10.0,10.12,Travessa Rocha Lima 12 Jardim das Pedri,Santa Cruz,-22.920081,-43.672904,46.0,16.0,13.0,17.0,3.0,0.0,0.0,0.0,0.0,0.0,0.0,0.0,Sem fila observada,Consolidado público de 2025,,,
2025,1019804,Espaço de Desenvolvimento Infantil Professora Maria Luiza Jobim de Queiroz,Pública,EDI,10.0,10.23,Rua Frederico Trota s/n.º,Sepetiba,-22.97679,-43.694065,46.0,0.0,22.0,24.0,2.0,0.0,0.0,0.0,0.0,0.0,0.0,0.0,Sem fila observada,Consolidado público de 2025,,,
2025,1019809,Espaço de Desenvolvimento Infantil Professora Carmen Fraga de Araújo,Pública,EDI,10.0,10.13,"Rua Carvalho Santos, s/n",Santa Cruz,-22.940353,-43.68028,46.0,9.0,16.0,21.0,3.0,0.0,0.0,0.0,0.0,0.0,0.0,0.0,Sem fila observada,Consolidado público de 2025,,,
2025,1019810,Espaço de Desenvolvimento Infantil Professora Rosele Nicolau Jorge Coutinho,Pública,EDI,10.0,10.12,Maurício Caldeira de Alvarenga s/nº Urucânia,Santa Cruz,-22.914425,-43.671305,46.0,0.0,21.0,25.0,2.0,0.0,0.0,0.0,0.0,0.0,0.0,0.0,Sem fila observada,Consolidado público de 2025,,,
2025,514009,Escola Municipal Mato Grosso,Pública,Escola,5.0,5.2,"Rua Miranda e Brito, 119",Irajá,-22.842919,-43.326192,46.0,0.0,0.0,46.0,2.0,0.0,0.0,0.0,0.0,0.0,0.0,0.0,Sem fila observada,Consolidado público de 2025,,,
2025,514604,Creche Municipal Estrelinha Dourada,Pública,Creche,5.0,5.4,"Rua Marechal João Adil de Oliveira, 25",Irajá,-22.824322,-43.326431,46.0,0.0,23.0,23.0,2.0,0.0,0.0,0.0,0.0,0.0,0.0,0.0,Sem fila observada,Consolidado público de 2025,,,
2025,625807,Espaço de Desenvolvimento Infantil Frota Pessoa,Pública,EDI,6.0,6.8,"Rua Acataia, 205",Costa Barros,-22.823909,-43.373274,46.0,0.0,0.0,46.0,2.0,0.0,0.0,0.0,0.0,0.0,0.0,0.0,Sem fila observada,Consolidado público de 2025,,,
2025,10070,CP PEDACINHO DO CÉU,Parceira,Creche Parceira,10.0,10.15,"RUA 22, AVENIDA CESÁRIO DE MELO, 258",SANTA CRUZ,-22.93288,-43.65333,45.0,12.0,17.0,16.0,0.0,49.0,4.0,0.0,0.0,0.0,0.0,0.0,Sem fila observada,Maio de 2025,,,
2025,103805,Espaço de Desenvolvimento Infantil Beatriz Vicência Bandeira Ryff,Pública,EDI,1.0,1.9,Rua Santos Rodrigues 262,Estácio,-22.919861,-43.205131,45.0,12.0,17.0,16.0,3.0,0.0,0.0,0.0,0.0,0.0,0.0,0.0,Sem fila observada,Consolidado público de 2025,,,
2025,204601,Creche Municipal Tia Amália,Pública,Creche,2.0,2.2,"Ladeira Dos Guararapes, 178 - Morro Dos Guararapes",Cosme Velho,-22.941447,-43.205546,45.0,11.0,19.0,15.0,3.0,0.0,0.0,0.0,0.0,0.0,0.0,0.0,Sem fila observada,Consolidado público de 2025,,,
2025,4026,CP CRECHE ESCOLA PATINHO ESTUDIOSO,Parceira,Creche Parceira,4.0,4.21,"TRAVESSA SÃO BENTO - RUA BULHÕES MARCIAL, 19",PARADA DE LUCAS,-22.86201813,-43.23874525,45.0,0.0,20.0,25.0,0.0,49.0,0.0,0.0,0.0,0.0,0.0,0.0,Sem fila observada,Maio de 2025,,,
2025,514603,Creche Municipal Amália Fernandez Conde,Pública,Creche,5.0,5.3,Rua Aníbal Porto 690 Cond. Parq Irajá,Irajá,-22.821755,-43.321511,45.0,0.0,12.0,33.0,3.0,0.0,0.0,0.0,0.0,0.0,0.0,0.0,Sem fila observada,Consolidado público de 2025,,,
2025,515021,Escola Municipal Mozart Lago,Pública,Escola,5.0,5.17,Rua José Carvalho Salgado S/N.º,Osvaldo Cruz,-22.872211,-43.350334,45.0,0.0,0.0,45.0,2.0,0.0,0.0,0.0,0.0,0.0,0.0,0.0,Sem fila observada,Consolidado público de 2025,,,
2025,515046,Escola Municipal Adelmar Tavares,Pública,Escola,5.0,5.12,Rua Augusto Franco s/n,Cavalcante,-22.877798,-43.314848,45.0,0.0,0.0,45.0,2.0,0.0,0.0,0.0,0.0,0.0,0.0,0.0,Sem fila observada,Consolidado público de 2025,,,
2025,918810,Espaço de Desenvolvimento Infantil Dom Bosco,Pública,EDI,9.0,9.9,"Estr. Santa Maria, Vila Nova 850",Campo Grande,-22.889064,-43.579067,45.0,0.0,22.0,23.0,2.0,0.0,0.0,0.0,0.0,0.0,0.0,0.0,Sem fila observada,Consolidado público de 2025,,,
2025,515601,Creche Municipal Olga Benário,Pública,Creche,5.0,5.1,Rua Pão De Açúcar 767 Faz Quem Quer,Rocha Miranda,-22.853399,-43.339342,44.0,0.0,14.0,30.0,3.0,0.0,0.0,0.0,0.0,0.0,0.0,0.0,Sem fila observada,Consolidado público de 2025,,,
2025,716824,Espaço de Desenvolvimento Infantil Professora Terezinha Saraiva,Pública,EDI,7.0,7.9,Rua da Conceição 143,Curicica,-22.953416,-43.393608,44.0,0.0,21.0,23.0,2.0,0.0,0.0,0.0,0.0,0.0,0.0,0.0,Sem fila observada,Consolidado público de 2025,,,
2025,10054,CP CRECHE COMUNITÁRIA AQUARELA DO SABER,Parceira,Creche Parceira,10.0,10.1,"RUA PRIMEIRA, 423 - C. 4",SANTA CRUZ,-22.92614,-43.68532,43.0,16.0,15.0,12.0,0.0,60.0,15.0,0.0,0.0,0.0,0.0,0.0,Sem fila observada,Maio de 2025,,,
2025,1019601,Creche Municipal Sempre Vida Vale do Sol,Pública,Creche,10.0,10.7,Estrada Do Guandu 258 Conj. Guandu,Santa Cruz,-22.903021,-43.705841,43.0,0.0,20.0,23.0,2.0,0.0,0.0,0.0,0.0,0.0,0.0,0.0,Sem fila observada,Consolidado público de 2025,,,
2025,514802,Espaço de Desenvolvimento Infantil Luxemburgo,Pública,EDI,5.0,5.3,"Rua Aveiros, 40 - IAPC",Irajá,-22.822981,-43.316319,43.0,0.0,20.0,23.0,2.0,0.0,0.0,0.0,0.0,0.0,0.0,0.0,Sem fila observada,Consolidado público de 2025,,,
2025,2022,CP CRECHE CHAPEUZINHO MARROM,Parceira,Creche Parceira,2.0,2.12,"RUA JOAQUIM PIZARRO,63",TURANO / RIO COMPRIDO,-22.92403522,-43.21549246,42.0,0.0,22.0,20.0,0.0,42.0,0.0,0.0,0.0,0.0,0.0,0.0,Sem fila observada,Maio de 2025,,,
2025,209607,Creche Municipal Solange Maria Magalhães,Pública,Creche,2.0,2.18,Rua Senador Nabuco 248,Vila Isabel,-22.913574,-43.252219,42.0,14.0,13.0,15.0,3.0,0.0,0.0,0.0,0.0,0.0,0.0,0.0,Sem fila observada,Consolidado público de 2025,,,
2025,833805,Espaço de Desenvolvimento Infantil Deodoro,Pública,EDI,8.0,8.14,"Estr. Marechal Alencastro, S/Nº",Deodoro,-22.855758,-43.389857,42.0,0.0,22.0,20.0,2.0,0.0,0.0,0.0,0.0,0.0,0.0,0.0,Sem fila observada,Consolidado público de 2025,,,
2025,1019633,Creche Municipal Meriluce de Oliveira Müller,Pública,Creche,10.0,10.21,Rua Cincinato de Freitas 150,Sepetiba,-22.946388,-43.681028,41.0,0.0,21.0,20.0,2.0,0.0,0.0,0.0,0.0,0.0,0.0,0.0,Sem fila observada,Consolidado público de 2025,,,
2025,734804,Espaço de Desenvolvimento Infantil Maria Beralda,Pública,EDI,7.0,7.15,RUA ANATOLE S/N.°,Cidade de Deus,-22.94897,-43.360433,41.0,0.0,19.0,22.0,2.0,0.0,0.0,0.0,0.0,0.0,0.0,0.0,Sem fila observada,Consolidado público de 2025,,,
2025,918820,Espaço de Desenvolvimento Infantil Professor Almo Saturnino,Pública,EDI,9.0,9.21,Av. Aldo Botelho - Benjamin Dumont S/Nº,campo grande,-22.916753,-43.580605,41.0,0.0,14.0,27.0,3.0,0.0,0.0,0.0,0.0,0.0,0.0,0.0,Sem fila observada,Consolidado público de 2025,,,
2025,1019611,Creche Municipal Criança Feliz,Pública,Creche,10.0,10.12,"Travessa Campos, 06 - Jardim Das Pedrinhas",Santa Cruz,-22.918625,-43.672089,40.0,0.0,23.0,17.0,2.0,0.0,0.0,0.0,0.0,0.0,0.0,0.0,Sem fila observada,Consolidado público de 2025,,,
2025,1019621,Creche Municipal Sempre Vida Estrela do Alagado,Pública,Creche,10.0,10.23,Rua Rafael Pereira s/n° Alagados,Sepetiba,-22.974872,-43.693244,40.0,0.0,19.0,21.0,2.0,0.0,0.0,0.0,0.0,0.0,0.0,0.0,Sem fila observada,Consolidado público de 2025,,,
2025,107801,Espaço de Desenvolvimento Infantil Professora Dayse Malagole,Pública,EDI,1.0,1.4,Ricardo Machado ao lado da E.M. João Camargo S/Nº,Vasco da Gama,-22.890748,-43.230827,40.0,0.0,0.0,40.0,2.0,0.0,0.0,0.0,0.0,0.0,0.0,0.0,Sem fila observada,Consolidado público de 2025,,,
2025,2019,CP UNIDAS - OBRAS SOCIAIS UNIDAS DE SANTA MARTA,Parceira,Creche Parceira,2.0,2.1,"BECO DO JABUTI, 09  - MORRO SANTA MARTA",BOTAFOGO,-22.94739012,-43.1940714,40.0,11.0,11.0,18.0,0.0,60.0,20.0,0.0,0.0,0.0,0.0,0.0,Sem fila observada,Maio de 2025,,,
2025,9042,CP CRECHE PEQUENA CANAÃ,Parceira,Creche Parceira,9.0,9.18,"RUA LAPLACE, 93",CAMPO GRANDE,-22.89855,-43.56794,40.0,8.0,17.0,15.0,0.0,40.0,0.0,0.0,0.0,0.0,0.0,0.0,Sem fila observada,Maio de 2025,,,
2025,2042,CP CRECHE SANTA CLARA,Parceira,Creche Parceira,2.0,2.1,"RUA ALICE, 308",LARANJEIRAS,-22.93506699,-43.19282147,39.0,0.0,19.0,20.0,0.0,40.0,0.0,0.0,0.0,0.0,0.0,0.0,Sem fila observada,Maio de 2025,,,
2025,515610,Creche Municipal Sempre Vida Palmeirinha,Pública,Creche,5.0,6.16,"Rua Do Encanamento, S/Nº",Honório Gurgel,-22.849063,-43.363966,39.0,0.0,17.0,22.0,2.0,0.0,0.0,0.0,0.0,0.0,0.0,0.0,Sem fila observada,Consolidado público de 2025,,,
2025,10005,CP CRECHE COMUNITÁRIA JARDIM PEDRA AZUL,Parceira,Creche Parceira,10.0,10.27,"RUA SÃO DOMINGOS, 15",PEDRA DE GUARATIBA,-22.98161,-43.62566,37.0,0.0,17.0,20.0,0.0,45.0,6.0,0.0,0.0,0.0,0.0,0.0,Sem fila observada,Maio de 2025,,,
2025,431607,Creche Municipal Acauã,Pública,Creche,4.0,4.24,"Rua Dr. Adalto, s/nº s/n",Vigário Geral,-22.801972,-43.304736,37.0,0.0,18.0,19.0,2.0,0.0,0.0,0.0,0.0,0.0,0.0,0.0,Sem fila observada,Consolidado público de 2025,,,
2025,1019610,Creche Municipal Chave do Tamanho,Pública,Creche,10.0,10.23,"Estrada São Tarcísio, 1.800",Sepetiba,-22.979983,-43.681585,35.0,0.0,15.0,20.0,2.0,0.0,0.0,0.0,0.0,0.0,0.0,0.0,Sem fila observada,Consolidado público de 2025,,,
2025,1019619,Creche Municipal Santa Terezinha,Pública,Creche,10.0,10.8,Av. João XIII - Lote 230 - Conjunto Habitacional Alvorada,Santa Cruz,-22.900768,-43.723326,35.0,0.0,14.0,21.0,2.0,0.0,0.0,0.0,0.0,0.0,0.0,0.0,Sem fila observada,Consolidado público de 2025,,,
2025,515501,Ciep Augusto Pinheiro de Carvalho,Pública,CIEP,5.0,5.18,Rua Xavier Curado 1733,Marechal Hermes,-22.861625,-43.377995,35.0,0.0,0.0,35.0,2.0,0.0,0.0,0.0,0.0,0.0,0.0,0.0,Sem fila observada,Consolidado público de 2025,,,
2025,734603,Creche Municipal Sempre Vida Josué,Pública,Creche,7.0,7.14,"Rua Pedro Ivo, loteamento Josué 34 loteamento Josué",Cidade de Deus,-22.942892,-43.363848,35.0,0.0,15.0,20.0,2.0,0.0,0.0,0.0,0.0,0.0,0.0,0.0,Sem fila observada,Consolidado público de 2025,,,
2025,8002,CP CRECHE ESPÍRITA FRANCISCO DE ASSIS,Parceira,Creche Parceira,8.0,8.5,"ESTR. DO ENGENHO NOVO, 235",REALENGO,-22.86123,-43.4272,35.0,7.0,15.0,13.0,0.0,35.0,0.0,0.0,0.0,0.0,0.0,0.0,Sem fila observada,Maio de 2025,,,
2025,9001,CP CRECHE COMUNITÁRIA SANTA RITA,Parceira,Creche Parceira,9.0,9.18,"RUA ORLANDO RICCI, LOTE 02, QUADRA B",CAMPO GRANDE,-22.90951,-43.53293,35.0,0.0,15.0,20.0,0.0,35.0,0.0,0.0,0.0,0.0,0.0,0.0,Sem fila observada,Maio de 2025,,,
2025,9002,CP CRECHE SAGRADA FAMÍLIA,Parceira,Creche Parceira,9.0,9.18,"RUA CAMPOS ALTOS, LOTE 16, QUADRA G",CAMPO GRANDE,-22.90369,-43.53572,34.0,0.0,15.0,19.0,0.0,34.0,0.0,0.0,0.0,0.0,0.0,0.0,Sem fila observada,Maio de 2025,,,
2025,918610,Creche Municipal Esperança do Amanhã,Pública,Creche,9.0,9.13,"Estrada de Paciência Rua 6,218",Cosmos,-22.903307,-43.618239,34.0,0.0,16.0,18.0,2.0,0.0,0.0,0.0,0.0,0.0,0.0,0.0,Sem fila observada,Consolidado público de 2025,,,
2025,8008,CP ASSOCIAÇÃO DE MORADORES DO CONJUNTO PEDRO I E ADJACÊNCIAS,Parceira,Creche Parceira,8.0,8.5,"RUA CÍTARA, 138",REALENGO,-22.88605,-43.42591,33.0,0.0,0.0,33.0,0.0,40.0,7.0,0.0,0.0,0.0,0.0,0.0,Sem fila observada,Maio de 2025,,,
2025,9003,CP CRECHE SÃO JORGE,Parceira,Creche Parceira,9.0,9.18,"RUA VIRGÍLIO BAHIA, 15",CAMPO GRANDE,-22.92398,-43.52999,33.0,0.0,15.0,18.0,0.0,35.0,2.0,0.0,0.0,0.0,0.0,0.0,Sem fila observada,Maio de 2025,,,
2025,101803,Espaço de Desenvolvimento Infantil Antônio Raposo Tavares,Pública,EDI,1.0,1.6,Rua Do Propósito 73,Gamboa,-22.895647,-43.19424,32.0,0.0,0.0,32.0,2.0,0.0,0.0,0.0,0.0,0.0,0.0,0.0,Sem fila observada,Consolidado público de 2025,,,
2025,817809,Espaço de Desenvolvimento Infantil República Árabe Unida,Pública,EDI,8.0,8.8,Av. Santa Cruz 4.773,Bangu,-22.875856,-43.468583,32.0,0.0,0.0,32.0,2.0,0.0,0.0,0.0,0.0,0.0,0.0,0.0,Sem fila observada,Consolidado público de 2025,,,
2025,10077,CP CRECHE COMUNITÁRIA CANTINHO DO SABER,Parceira,Creche Parceira,10.0,10.1,"TRAVESSA AURORA,19 - EST VITOR DUMAS",SANTA CRUZ,-22.92954,-43.69489,31.0,10.0,6.0,15.0,0.0,40.0,7.0,0.0,0.0,0.0,0.0,0.0,Sem fila observada,Maio de 2025,,,
2025,107803,Espaço de Desenvolvimento Infantil Dois de Julho,Pública,EDI,1.0,1.2,Rua Ferreira Araújo 119,São Cristóvão,-22.891507,-43.233074,31.0,0.0,0.0,31.0,2.0,0.0,0.0,0.0,0.0,0.0,0.0,0.0,Sem fila observada,Consolidado público de 2025,,,
2025,515805,Espaço de Desenvolvimento Infantil Rocha Pombo,Pública,EDI,5.0,3.8,"Rua Lima Barreto, 107",Quintino Bocaiúva,-22.886506,-43.312269,31.0,0.0,0.0,31.0,2.0,0.0,0.0,0.0,0.0,0.0,0.0,0.0,Sem fila observada,Consolidado público de 2025,,,
2025,918816,Espaço de Desenvolvimento Infantil Professor João Fernandes Filho,Pública,EDI,9.0,9.7,Rua Primeira Cruz 42,Campo Grande,-22.894133,-43.557582,31.0,0.0,11.0,20.0,2.0,0.0,0.0,0.0,0.0,0.0,0.0,0.0,Sem fila observada,Consolidado público de 2025,,,
2025,1019625,Creche Municipal Narizinho,Pública,Creche,10.0,10.2,"Rua Vinte e Oito, Esquina com Av. Cinco - Conj. Nova Sepetiba",Sepetiba,-22.961619,-43.689819,30.0,0.0,13.0,17.0,2.0,0.0,0.0,0.0,0.0,0.0,0.0,0.0,Sem fila observada,Consolidado público de 2025,,,
2025,103806,Espaço de Desenvolvimento Infantil Fundação Leão XIII,Pública,EDI,1.0,1.9,Rua Laurindo Rabelo 554,Estácio,-22.919603,-43.203214,30.0,0.0,0.0,30.0,2.0,0.0,0.0,0.0,0.0,0.0,0.0,0.0,Sem fila observada,Consolidado público de 2025,,,
2025,1019626,Creche Municipal Pedrinho,Pública,Creche,10.0,10.21,"Estrada Da Estiva Com Rua Cinquenta E Seis, Lote 3 - Conjunto Nova Sepetiba",Sepetiba,-22.958718,-43.68282,28.0,0.0,14.0,14.0,2.0,0.0,0.0,0.0,0.0,0.0,0.0,0.0,Sem fila observada,Consolidado público de 2025,,,
2025,410810,Espaço de Desenvolvimento lnfantil Miguel Couto,Pública,EDI,4.0,4.13,"Rua Carlina, S/Nº",Olaria,-22.839343,-43.267453,27.0,0.0,0.0,27.0,2.0,0.0,0.0,0.0,0.0,0.0,0.0,0.0,Sem fila observada,Consolidado público de 2025,,,
2025,411609,Creche Municipal Tia Ruth Costa dos Santos,Pública,Creche,4.0,4.13,"Rua Santa Camila Pia, 274 - Conjunto Habitacional Do Iapi Da Penha 274",Penha,-22.837612,-43.266566,25.0,0.0,0.0,25.0,1.0,0.0,0.0,0.0,0.0,0.0,0.0,0.0,Sem fila observada,Consolidado público de 2025,,,
2025,515503,Ciep Metalúrgico Benedito Cerqueira,Pública,CIEP,5.0,5.12,Rua Sidônio Paes 227,Cascadura,-22.877129,-43.325708,25.0,0.0,0.0,25.0,1.0,0.0,0.0,0.0,0.0,0.0,0.0,0.0,Sem fila observada,Consolidado público de 2025,,,
2025,1019824,Espaço de Desenvolvimento Infantil Professora Lilia Chaves da Costa,Pública,EDI,10.0,10.21,"Estrada de Sepetiba, s/nº - PAL 32091 - Campus Nova Sepetiba",Sepetiba,-22.956647,-43.68821,24.0,0.0,0.0,24.0,1.0,0.0,0.0,0.0,0.0,0.0,0.0,0.0,Sem fila observada,Consolidado público de 2025,,,
2025,514501,Ciep Dom Oscar Romero,Pública,CIEP,5.0,5.4,"Estr. Do Colégio, S/Nº",Irajá,-22.834911,-43.330928,24.0,0.0,0.0,24.0,1.0,0.0,0.0,0.0,0.0,0.0,0.0,0.0,Sem fila observada,Consolidado público de 2025,,,
2025,411604,Creche Municipal Betinho,Pública,Creche,4.0,4.18,Rua Bom Pastor- Grotão 18,Penha,-22.846304,-43.291751,23.0,0.0,0.0,23.0,1.0,0.0,0.0,0.0,0.0,0.0,0.0,0.0,Sem fila observada,Consolidado público de 2025,,,
2025,431801,Espaço de Desenvolvimento Infantil Carvalho Mourão,Pública,EDI,4.0,4.22,"Pça. Dom Justino, 177 Cidade Alta",Cordovil,-22.819887,-43.295081,23.0,0.0,0.0,23.0,1.0,0.0,0.0,0.0,0.0,0.0,0.0,0.0,Sem fila observada,Consolidado público de 2025,,,
2025,515064,Escola Municipal Mestre Darcy do Jongo,Pública,Escola,5.0,5.7,Rua Pescador Josino - Serrinha,Madureira,-22.864996,-43.329074,23.0,0.0,0.0,23.0,1.0,0.0,0.0,0.0,0.0,0.0,0.0,0.0,Sem fila observada,Consolidado público de 2025,,,
2025,227601,Creche Municipal Castelinho,Pública,Creche,2.0,2.8,"Estrada Da Gávea, 308, Travessa Samaritana, 22",Rocinha,-22.987364,-43.246889,22.0,0.0,0.0,22.0,1.0,0.0,0.0,0.0,0.0,0.0,0.0,0.0,Sem fila observada,Consolidado público de 2025,,,
2025,1120201,Ciep Olga Benário Prestes,Pública,CIEP,11.0,11.6,"Rua Desembargador Aniceto Corrêa, S/Nº",Cocotá,-22.814275,-43.182585,21.0,0.0,0.0,21.0,1.0,0.0,0.0,0.0,0.0,0.0,0.0,0.0,Sem fila observada,Consolidado público de 2025,,,
2025,431601,Creche Municipal Luís Carlos de Oliveira Câmara,Pública,Creche,4.0,4.22,"Rua Mar Grande, S/Nº Conjunto Hab. Porto Velho",Cordovil,-22.81681,-43.290269,21.0,0.0,0.0,21.0,1.0,0.0,0.0,0.0,0.0,0.0,0.0,0.0,Sem fila observada,Consolidado público de 2025,,,
2025,625813,Espaço de Desenvolvimento Infantil Professora Gracília Rosa de Belém Mayor,Pública,EDI,6.0,6.5,Rua Capitão Gouveia S/Nº,Pavuna,-22.812382,-43.364913,21.0,0.0,0.0,21.0,1.0,0.0,0.0,0.0,0.0,0.0,0.0,0.0,Sem fila observada,Consolidado público de 2025,,,
2025,918811,Espaço de Desenvolvimento Infantil Isabel,Pública,EDI,9.0,9.14,Av. Cesário De Melo 5580 Benjamin Dumont,Inhoaíba,-22.910324,-43.585815,21.0,0.0,3.0,18.0,2.0,0.0,0.0,0.0,0.0,0.0,0.0,0.0,Sem fila observada,Consolidado público de 2025,,,
2025,313806,Espaço de Desenvolvimento Infantil Educandário de Santa Cruz,Pública,EDI,3.0,3.8,"Rua Purus, S/Nº",Piedade,-22.882647,-43.306307,20.0,0.0,0.0,20.0,1.0,0.0,0.0,0.0,0.0,0.0,0.0,0.0,Sem fila observada,Consolidado público de 2025,,,
2025,833505,Ciep Aracy de Almeida (cantora),Pública,CIEP,8.0,8.1,"Rua Dirceu, S/Nº",Sulacap,-22.889417,-43.384375,20.0,0.0,0.0,20.0,1.0,0.0,0.0,0.0,0.0,0.0,0.0,0.0,Sem fila observada,Consolidado público de 2025,,,
2025,209804,Espaço de Desenvolvimento Infantil Professora Lucia Maria Quitete de Carvalho Amaral,Pública,EDI,2.0,2.14,Rua Borda do Mato s/nº,Grajaú,-22.928467,-43.26525,19.0,0.0,0.0,19.0,1.0,0.0,0.0,0.0,0.0,0.0,0.0,0.0,Sem fila observada,Consolidado público de 2025,,,
2025,410804,Espaço de Desenvolvimento Infantil Sargento Jorge Faleiro Souza,Pública,EDI,4.0,4.15,Rua Wilson de Lasheras Silva s/nº -,Olaria,-22.85192,-43.273958,19.0,0.0,0.0,19.0,1.0,0.0,0.0,0.0,0.0,0.0,0.0,0.0,Sem fila observada,Consolidado público de 2025,,,
2025,918819,Espaço de Desenvolvimento Infantil Joari,Pública,EDI,9.0,9.18,Rua Berizal S/Nº Centro,Campo Grande,-22.91385,-43.552316,19.0,0.0,0.0,19.0,2.0,0.0,0.0,0.0,0.0,0.0,0.0,0.0,Sem fila observada,Consolidado público de 2025,,,
2025,1019624,Creche Municipal Zacarias - O Trapalhão,Pública,Creche,10.0,10.7,Av. João XXIII - Entrada Pela Rua 222 - Conjunto Habitacional Miécimo Da Silva,Santa Cruz,-22.903753,-43.714566,18.0,0.0,0.0,18.0,1.0,0.0,0.0,0.0,0.0,0.0,0.0,0.0,Sem fila observada,Consolidado público de 2025,,,
2025,431803,Espaço de Desenvolvimento Infantil Professor Emmanuel Pereira Filho,Pública,EDI,4.0,4.21,"Pça. Laguna, 102",Cordovil,-22.825848,-43.309081,18.0,0.0,0.0,18.0,1.0,0.0,0.0,0.0,0.0,0.0,0.0,0.0,Sem fila observada,Consolidado público de 2025,,,
2025,918809,Espaço de Desenvolvimento Infantil Campo Grande,Pública,EDI,9.0,9.18,"Rua Olinda Elis, - Centro 99",Campo Grande,-22.909046,-43.559383,17.0,0.0,0.0,17.0,1.0,0.0,0.0,0.0,0.0,0.0,0.0,0.0,Sem fila observada,Consolidado público de 2025,,,
2025,2024,CP CRECHE ESCADINHA DO SABER,Parceira,Creche Parceira,2.0,2.11,"ESTR. DO TIJUAÇU, 32",ALTO DA BOA VISTA,-22.97184644,-43.28361504,15.0,0.0,10.0,5.0,0.0,45.0,30.0,0.0,0.0,0.0,0.0,0.0,Sem fila observada,Maio de 2025,,,
2025,411804,Espaço de Desenvolvimento Infantil Morro da Fé,Pública,EDI,4.0,4.19,"Rua Maturacá, 366 - Morro Da Fé",Vila Da Penha,-22.84704,-43.296892,15.0,0.0,0.0,15.0,1.0,0.0,0.0,0.0,0.0,0.0,0.0,0.0,Sem fila observada,Consolidado público de 2025,,,
2025,410602,Creche Municipal Dr. Juvenil de Souza Lopes,Pública,Creche,4.0,4.12,"Rua Projetada, 1 - Esquina Av. Dos Campeões 84",Bonsucesso,-22.855554,-43.253675,14.0,0.0,0.0,14.0,1.0,0.0,0.0,0.0,0.0,0.0,0.0,0.0,Sem fila observada,Consolidado público de 2025,,,
2025,102802,Espaço de Desenvolvimento Infantil Campos Salles,Pública,EDI,1.0,1.7,"Pça. Da República, S/Nº",Centro,-22.908079,-43.186536,13.0,0.0,0.0,13.0,2.0,0.0,0.0,0.0,0.0,0.0,0.0,0.0,Sem fila observada,Consolidado público de 2025,,,
2025,123801,Espaço de Desenvolvimento Infantil Heloísa Marinho,Pública,EDI,1.0,1.11,Rua Alm.Alexandrino 2235,Santa Teresa,-22.929564,-43.194951,12.0,0.0,0.0,12.0,1.0,0.0,0.0,0.0,0.0,0.0,0.0,0.0,Sem fila observada,Consolidado público de 2025,,,
2025,107802,Espaço de Desenvolvimento Infantil Morro dos Telégrafos,Pública,EDI,1.0,1.3,Rua Jupará 91,São Cristóvão,-22.900287,-43.236696,11.0,0.0,0.0,11.0,1.0,0.0,0.0,0.0,0.0,0.0,0.0,0.0,Sem fila observada,Consolidado público de 2025,,,
2025,227602,Creche Municipal Iacyra Frazão,Pública,Creche,2.0,2.8,"Estrada Da Gávea, 250 - Rua Mª Do Carmo, 14 c/ 04. Laboriaux",Rocinha,-22.985511,-43.246407,8.0,0.0,0.0,8.0,1.0,0.0,0.0,0.0,0.0,0.0,0.0,0.0,Sem fila observada,Consolidado público de 2025,,,
2025,431608,Creche Municipal Ari Pimentel,Pública,Creche,4.0,4.23,Rua Leda Santana 12,Parada de Lucas,-22.812555,-43.296036,3.0,0.0,0.0,3.0,1.0,0.0,0.0,0.0,0.0,0.0,0.0,0.0,Sem fila observada,Consolidado público de 2025,,,
2025,411607,Creche Municipal Maria Altamira C. Olegário,Pública,Creche,4.0,4.2,"Rua Vicente Caneco, 200 - Mangueirinha",Vila Da Penha,-22.83427,-43.298281,2.0,0.0,0.0,2.0,1.0,0.0,0.0,0.0,0.0,0.0,0.0,0.0,Sem fila observada,Consolidado público de 2025,,,
