ano,codigo_unidade,demanda_observada,nome_unidade,ano_alvo,ano_caged,mes_corte,admissoes_fem_jan_corte,desligamentos_fem_jan_corte,saldo_fem_jan_corte,estoque_formal_total_inicio,cag_fem_taxa,cag_fem_z,media_treino,desvio_treino
2021,101601,179,CM LADEIRA DOS FUNCIONÁRIOS,2021,2020,9,152535,206706,-54171,1858047.0,-0.0291548060947866,-1.6883275078476707,0.005083723205515,0.0202795542577814
2021,101602,77,CM VIRGÍNIA LEMOS,2021,2020,9,152535,206706,-54171,1858047.0,-0.0291548060947866,-1.6883275078476707,0.005083723205515,0.0202795542577814
2021,101603,325,CM SENNINHA,2021,2020,9,152535,206706,-54171,1858047.0,-0.0291548060947866,-1.6883275078476707,0.005083723205515,0.0202795542577814
2021,101604,65,CM SEMPRE VIDA P. CONQUISTA,2021,2020,9,152535,206706,-54171,1858047.0,-0.0291548060947866,-1.6883275078476707,0.005083723205515,0.0202795542577814
2021,101605,292,CM CLEMENTE FERREIRA,2021,2020,9,152535,206706,-54171,1858047.0,-0.0291548060947866,-1.6883275078476707,0.005083723205515,0.0202795542577814
2021,101606,241,CM QUINTA DO CAJU,2021,2020,9,152535,206706,-54171,1858047.0,-0.0291548060947866,-1.6883275078476707,0.005083723205515,0.0202795542577814
2021,101607,325,CM TIA DORA,2021,2020,9,152535,206706,-54171,1858047.0,-0.0291548060947866,-1.6883275078476707,0.005083723205515,0.0202795542577814
2021,101801,413,EDI PARQUE DA ALEGRIA,2021,2020,9,152535,206706,-54171,1858047.0,-0.0291548060947866,-1.6883275078476707,0.005083723205515,0.0202795542577814
2021,101802,193,EDI MACHADO DE ASSIS,2021,2020,9,152535,206706,-54171,1858047.0,-0.0291548060947866,-1.6883275078476707,0.005083723205515,0.0202795542577814
2021,101803,84,EDI ANTÔNIO RAPOSO TAVARES,2021,2020,9,152535,206706,-54171,1858047.0,-0.0291548060947866,-1.6883275078476707,0.005083723205515,0.0202795542577814
2021,1019601,97,CM SEMPRE VIDA VALE DO SOL,2021,2020,9,152535,206706,-54171,1858047.0,-0.0291548060947866,-1.6883275078476707,0.005083723205515,0.0202795542577814
2021,1019602,294,CM SEMPRE VIDA ANTARES,2021,2020,9,152535,206706,-54171,1858047.0,-0.0291548060947866,-1.6883275078476707,0.005083723205515,0.0202795542577814
2021,1019603,205,CM JARDIM DOS VIEIRAS,2021,2020,9,152535,206706,-54171,1858047.0,-0.0291548060947866,-1.6883275078476707,0.005083723205515,0.0202795542577814
2021,1019604,116,CM AYRTON SENNA,2021,2020,9,152535,206706,-54171,1858047.0,-0.0291548060947866,-1.6883275078476707,0.005083723205515,0.0202795542577814
2021,1019605,91,CM MARLENE DA SILVA CARDOSO,2021,2020,9,152535,206706,-54171,1858047.0,-0.0291548060947866,-1.6883275078476707,0.005083723205515,0.0202795542577814
2021,1019606,168,CM TRINTA E UM DE OUTUBRO,2021,2020,9,152535,206706,-54171,1858047.0,-0.0291548060947866,-1.6883275078476707,0.005083723205515,0.0202795542577814
2021,1019607,259,CM ADALTO BASTOS,2021,2020,9,152535,206706,-54171,1858047.0,-0.0291548060947866,-1.6883275078476707,0.005083723205515,0.0202795542577814
2021,1019609,163,CM CANTINHO DA TIA DOLORES,2021,2020,9,152535,206706,-54171,1858047.0,-0.0291548060947866,-1.6883275078476707,0.005083723205515,0.0202795542577814
2021,1019610,218,CM CHAVE DO TAMANHO,2021,2020,9,152535,206706,-54171,1858047.0,-0.0291548060947866,-1.6883275078476707,0.005083723205515,0.0202795542577814
2021,1019611,89,CM CRIANÇA FELIZ,2021,2020,9,152535,206706,-54171,1858047.0,-0.0291548060947866,-1.6883275078476707,0.005083723205515,0.0202795542577814
2021,1019612,520,CM DANIELA PEREZ,2021,2020,9,152535,206706,-54171,1858047.0,-0.0291548060947866,-1.6883275078476707,0.005083723205515,0.0202795542577814
2021,1019613,148,CM DJANIRA MARIA RAMOS,2021,2020,9,152535,206706,-54171,1858047.0,-0.0291548060947866,-1.6883275078476707,0.005083723205515,0.0202795542577814
2021,1019614,276,CM INSPETOR HERALDO CARVALHO DE SOUSA,2021,2020,9,152535,206706,-54171,1858047.0,-0.0291548060947866,-1.6883275078476707,0.005083723205515,0.0202795542577814
2021,1019615,84,CM MARCOLINA,2021,2020,9,152535,206706,-54171,1858047.0,-0.0291548060947866,-1.6883275078476707,0.005083723205515,0.0202795542577814
2021,1019616,83,CM MARIA HELENA PAPERA MONTEIRO,2021,2020,9,152535,206706,-54171,1858047.0,-0.0291548060947866,-1.6883275078476707,0.005083723205515,0.0202795542577814
2021,1019618,131,CM LEUZA MARINS NOVAES S. SANTOS,2021,2020,9,152535,206706,-54171,1858047.0,-0.0291548060947866,-1.6883275078476707,0.005083723205515,0.0202795542577814
2021,1019619,113,CM SANTA TEREZINHA,2021,2020,9,152535,206706,-54171,1858047.0,-0.0291548060947866,-1.6883275078476707,0.005083723205515,0.0202795542577814
2021,1019620,183,CM SEMENTINHA DO AMOR,2021,2020,9,152535,206706,-54171,1858047.0,-0.0291548060947866,-1.6883275078476707,0.005083723205515,0.0202795542577814
2021,1019621,218,CM SEMPRE VIDA ESTRELA DO ALAGADO,2021,2020,9,152535,206706,-54171,1858047.0,-0.0291548060947866,-1.6883275078476707,0.005083723205515,0.0202795542577814
2021,1019622,69,CM SEMPRE VIDA PARQUE DE SANTA CRUZ,2021,2020,9,152535,206706,-54171,1858047.0,-0.0291548060947866,-1.6883275078476707,0.005083723205515,0.0202795542577814
2021,1019623,318,CM SEMPRE VIDA TERRA DA PAZ,2021,2020,9,152535,206706,-54171,1858047.0,-0.0291548060947866,-1.6883275078476707,0.005083723205515,0.0202795542577814
2021,1019624,167,CM ZACARIAS - O TRAPALHÃO,2021,2020,9,152535,206706,-54171,1858047.0,-0.0291548060947866,-1.6883275078476707,0.005083723205515,0.0202795542577814
2021,1019625,77,CM NARIZINHO,2021,2020,9,152535,206706,-54171,1858047.0,-0.0291548060947866,-1.6883275078476707,0.005083723205515,0.0202795542577814
2021,1019626,71,CM PEDRINHO,2021,2020,9,152535,206706,-54171,1858047.0,-0.0291548060947866,-1.6883275078476707,0.005083723205515,0.0202795542577814
2021,1019627,77,CM VOVÓ BENTA,2021,2020,9,152535,206706,-54171,1858047.0,-0.0291548060947866,-1.6883275078476707,0.005083723205515,0.0202795542577814
2021,1019628,235,CM IRINÉA DOS SANTOS PAIVA,2021,2020,9,152535,206706,-54171,1858047.0,-0.0291548060947866,-1.6883275078476707,0.005083723205515,0.0202795542577814
2021,1019630,109,CM ESTRELA DALVA,2021,2020,9,152535,206706,-54171,1858047.0,-0.0291548060947866,-1.6883275078476707,0.005083723205515,0.0202795542577814
2021,1019631,306,CM TIA HILDA MACEDO,2021,2020,9,152535,206706,-54171,1858047.0,-0.0291548060947866,-1.6883275078476707,0.005083723205515,0.0202795542577814
2021,1019632,559,CM MIRIAM PIRES,2021,2020,9,152535,206706,-54171,1858047.0,-0.0291548060947866,-1.6883275078476707,0.005083723205515,0.0202795542577814
2021,1019633,185,CM MERILUCE DE OLIVEIRA MÜLLER,2021,2020,9,152535,206706,-54171,1858047.0,-0.0291548060947866,-1.6883275078476707,0.005083723205515,0.0202795542577814
2021,1019801,456,EDI SARGENTO IZO GOMES PATRÍCIO,2021,2020,9,152535,206706,-54171,1858047.0,-0.0291548060947866,-1.6883275078476707,0.005083723205515,0.0202795542577814
2021,1019802,188,EDI LARISSA DOS SANTOS ATANAZIO,2021,2020,9,152535,206706,-54171,1858047.0,-0.0291548060947866,-1.6883275078476707,0.005083723205515,0.0202795542577814
2021,1019803,356,EDI LARYSSA SILVA MARTINS,2021,2020,9,152535,206706,-54171,1858047.0,-0.0291548060947866,-1.6883275078476707,0.005083723205515,0.0202795542577814
2021,1019804,109,EDI PROFESSORA MARIA LUIZA JOBIM DE QUEIROZ,2021,2020,9,152535,206706,-54171,1858047.0,-0.0291548060947866,-1.6883275078476707,0.005083723205515,0.0202795542577814
2021,1019805,225,EDI PROFESSOR CELSO DE ALMEIDA CHAVES,2021,2020,9,152535,206706,-54171,1858047.0,-0.0291548060947866,-1.6883275078476707,0.005083723205515,0.0202795542577814
2021,1019806,157,EDI PROFESSOR RUBEM GONÇALVES,2021,2020,9,152535,206706,-54171,1858047.0,-0.0291548060947866,-1.6883275078476707,0.005083723205515,0.0202795542577814
2021,1019807,159,EDI PROFESSOR ANTONIO ALFREDO MERCADANTE,2021,2020,9,152535,206706,-54171,1858047.0,-0.0291548060947866,-1.6883275078476707,0.005083723205515,0.0202795542577814
2021,1019808,169,EDI GEÓGRAFO AZIZ AB' SABER,2021,2020,9,152535,206706,-54171,1858047.0,-0.0291548060947866,-1.6883275078476707,0.005083723205515,0.0202795542577814
2021,1019809,155,EDI PROFESSORA CARMEN FRAGA DE ARAÚJO,2021,2020,9,152535,206706,-54171,1858047.0,-0.0291548060947866,-1.6883275078476707,0.005083723205515,0.0202795542577814
2021,1019810,74,EDI PROFESSORA ROSELE NICOLAU JORGE COUTINHO,2021,2020,9,152535,206706,-54171,1858047.0,-0.0291548060947866,-1.6883275078476707,0.005083723205515,0.0202795542577814
2021,1019811,63,EDI PROFESSORA RAQUEL KELLY LANERA,2021,2020,9,152535,206706,-54171,1858047.0,-0.0291548060947866,-1.6883275078476707,0.005083723205515,0.0202795542577814
2021,1019815,201,EDI JOÃO CORRÊA,2021,2020,9,152535,206706,-54171,1858047.0,-0.0291548060947866,-1.6883275078476707,0.005083723205515,0.0202795542577814
2021,1019818,193,EDI RENÉE BISCAIA RAPOSO,2021,2020,9,152535,206706,-54171,1858047.0,-0.0291548060947866,-1.6883275078476707,0.005083723205515,0.0202795542577814
2021,1019820,186,EDI INAIÁ WANDERLEY CARMO,2021,2020,9,152535,206706,-54171,1858047.0,-0.0291548060947866,-1.6883275078476707,0.005083723205515,0.0202795542577814
2021,1019821,367,EDI PROFESSORA SOLANGE INÁCIA DE SÁ DE LACERDA,2021,2020,9,152535,206706,-54171,1858047.0,-0.0291548060947866,-1.6883275078476707,0.005083723205515,0.0202795542577814
2021,1019822,286,EDI PROFESSORA KATIA MIRANDA SANTOS,2021,2020,9,152535,206706,-54171,1858047.0,-0.0291548060947866,-1.6883275078476707,0.005083723205515,0.0202795542577814
2021,1019823,105,EDI MARIA ROSANGELA OLIVEIRA (TIA NEGUINHA),2021,2020,9,152535,206706,-54171,1858047.0,-0.0291548060947866,-1.6883275078476707,0.005083723205515,0.0202795542577814
2021,1019824,294,EDI PROFESSORA LILIA CHAVES DA COSTA,2021,2020,9,152535,206706,-54171,1858047.0,-0.0291548060947866,-1.6883275078476707,0.005083723205515,0.0202795542577814
2021,1019826,346,EDI THAMIRIS DE ANDRADE DA SILVA SANTOS,2021,2020,9,152535,206706,-54171,1858047.0,-0.0291548060947866,-1.6883275078476707,0.005083723205515,0.0202795542577814
2021,1019827,408,EDI MEDALHISTA OLÍMPICA POLIANA OKIMOTO,2021,2020,9,152535,206706,-54171,1858047.0,-0.0291548060947866,-1.6883275078476707,0.005083723205515,0.0202795542577814
2021,1019828,349,EDI MEDALHISTA OLÍMPICO ERLON DE SOUZA SILVA,2021,2020,9,152535,206706,-54171,1858047.0,-0.0291548060947866,-1.6883275078476707,0.005083723205515,0.0202795542577814
2021,1019831,450,EDI PROFESSORA MARIA MESQUITA DE SIQUEIRA,2021,2020,9,152535,206706,-54171,1858047.0,-0.0291548060947866,-1.6883275078476707,0.005083723205515,0.0202795542577814
2021,102601,191,CM SEMPRE VIDA SANTO ANTÔNIO DE PÁDUA,2021,2020,9,152535,206706,-54171,1858047.0,-0.0291548060947866,-1.6883275078476707,0.005083723205515,0.0202795542577814
2021,102602,383,CM ANA MARIA DA CRUZ SILVA,2021,2020,9,152535,206706,-54171,1858047.0,-0.0291548060947866,-1.6883275078476707,0.005083723205515,0.0202795542577814
2021,102604,457,CM ARCO-ÍRIS,2021,2020,9,152535,206706,-54171,1858047.0,-0.0291548060947866,-1.6883275078476707,0.005083723205515,0.0202795542577814
2021,102605,490,CM ALDEIA DOS CURUMINS,2021,2020,9,152535,206706,-54171,1858047.0,-0.0291548060947866,-1.6883275078476707,0.005083723205515,0.0202795542577814
2021,102606,434,CM GEORGE SAVALLA GOMES - PALHAÇO CAREQUINHA,2021,2020,9,152535,206706,-54171,1858047.0,-0.0291548060947866,-1.6883275078476707,0.005083723205515,0.0202795542577814
2021,1026601,476,CM SONHO DE CRIANÇA,2021,2020,9,152535,206706,-54171,1858047.0,-0.0291548060947866,-1.6883275078476707,0.005083723205515,0.0202795542577814
2021,1026602,317,CM NOSSA SENHORA DA GLÓRIA,2021,2020,9,152535,206706,-54171,1858047.0,-0.0291548060947866,-1.6883275078476707,0.005083723205515,0.0202795542577814
2021,1026603,329,CM SEMPRE VIDA COLÔNIA DOS PESCADORES,2021,2020,9,152535,206706,-54171,1858047.0,-0.0291548060947866,-1.6883275078476707,0.005083723205515,0.0202795542577814
2021,1026604,440,CM JOSEPHA FERREIRA DA COSTA,2021,2020,9,152535,206706,-54171,1858047.0,-0.0291548060947866,-1.6883275078476707,0.005083723205515,0.0202795542577814
2021,1026801,262,EDI SAMIRA PIRES RIBEIRO,2021,2020,9,152535,206706,-54171,1858047.0,-0.0291548060947866,-1.6883275078476707,0.005083723205515,0.0202795542577814
2021,1026802,886,EDI PROFESSOR MARCOS FLAMÍNIO PORTUGAL PINTO,2021,2020,9,152535,206706,-54171,1858047.0,-0.0291548060947866,-1.6883275078476707,0.005083723205515,0.0202795542577814
2021,1026803,237,EDI PADRE CARLOS HENRIQUE DE SOUZA,2021,2020,9,152535,206706,-54171,1858047.0,-0.0291548060947866,-1.6883275078476707,0.005083723205515,0.0202795542577814
2021,1026805,622,EDI MEDALHISTA OLÍMPICO IZAQUIAS QUEIROZ DOS SANTOS,2021,2020,9,152535,206706,-54171,1858047.0,-0.0291548060947866,-1.6883275078476707,0.005083723205515,0.0202795542577814
2021,1026806,530,EDI MEDALHISTA OLÍMPICO FELIPE ALMEIDA WU,2021,2020,9,152535,206706,-54171,1858047.0,-0.0291548060947866,-1.6883275078476707,0.005083723205515,0.0202795542577814
2021,1026807,765,EDI ALFREDO FERNANDO VAZ GUIMARÃES JÚNIOR,2021,2020,9,152535,206706,-54171,1858047.0,-0.0291548060947866,-1.6883275078476707,0.005083723205515,0.0202795542577814
2021,1026809,400,EDI MEDALHISTA PARALÍMPICO RICARDO COSTA DE OLIVEIRA,2021,2020,9,152535,206706,-54171,1858047.0,-0.0291548060947866,-1.6883275078476707,0.005083723205515,0.0202795542577814
2021,1026810,772,EDI ALCEBÍADES FRANCISCO ROSA,2021,2020,9,152535,206706,-54171,1858047.0,-0.0291548060947866,-1.6883275078476707,0.005083723205515,0.0202795542577814
2021,1026811,356,EDI GERMANO THOMÉ DE OLIVEIRA,2021,2020,9,152535,206706,-54171,1858047.0,-0.0291548060947866,-1.6883275078476707,0.005083723205515,0.0202795542577814
2021,102802,95,EDI CAMPOS SALLES,2021,2020,9,152535,206706,-54171,1858047.0,-0.0291548060947866,-1.6883275078476707,0.005083723205515,0.0202795542577814
2021,102803,133,EDI RACHEL DE QUEIROZ,2021,2020,9,152535,206706,-54171,1858047.0,-0.0291548060947866,-1.6883275078476707,0.005083723205515,0.0202795542577814
2021,103601,39,CM ESPAÇO LIVRE DA CRIANÇA,2021,2020,9,152535,206706,-54171,1858047.0,-0.0291548060947866,-1.6883275078476707,0.005083723205515,0.0202795542577814
2021,103602,132,CM DIREITOS HUMANOS,2021,2020,9,152535,206706,-54171,1858047.0,-0.0291548060947866,-1.6883275078476707,0.005083723205515,0.0202795542577814
2021,103604,136,CM SONHO INFANTIL,2021,2020,9,152535,206706,-54171,1858047.0,-0.0291548060947866,-1.6883275078476707,0.005083723205515,0.0202795542577814
2021,103605,227,CM BRINCADEIRAS DE CRIANÇA,2021,2020,9,152535,206706,-54171,1858047.0,-0.0291548060947866,-1.6883275078476707,0.005083723205515,0.0202795542577814
2021,103606,216,CM CAMPOS DA PAZ,2021,2020,9,152535,206706,-54171,1858047.0,-0.0291548060947866,-1.6883275078476707,0.005083723205515,0.0202795542577814
2021,103607,349,CM ESTÁCIO DE SÁ,2021,2020,9,152535,206706,-54171,1858047.0,-0.0291548060947866,-1.6883275078476707,0.005083723205515,0.0202795542577814
2021,103801,192,EDI PROFESSORA SIMONE SOUSA PIMENTEL,2021,2020,9,152535,206706,-54171,1858047.0,-0.0291548060947866,-1.6883275078476707,0.005083723205515,0.0202795542577814
2021,103802,322,EDI LILY MARINHO,2021,2020,9,152535,206706,-54171,1858047.0,-0.0291548060947866,-1.6883275078476707,0.005083723205515,0.0202795542577814
2021,103804,97,EDI ZÉLIA GATTAI AMADO,2021,2020,9,152535,206706,-54171,1858047.0,-0.0291548060947866,-1.6883275078476707,0.005083723205515,0.0202795542577814
2021,103805,184,EDI BEATRIZ VICÊNCIA BANDEIRA RYFF,2021,2020,9,152535,206706,-54171,1858047.0,-0.0291548060947866,-1.6883275078476707,0.005083723205515,0.0202795542577814
2021,103806,34,EDI FUNDAÇÃO LEÃO XIII,2021,2020,9,152535,206706,-54171,1858047.0,-0.0291548060947866,-1.6883275078476707,0.005083723205515,0.0202795542577814
2021,103807,320,EDI MARIA LUIZA NOBRE - TIA LUIZINHA,2021,2020,9,152535,206706,-54171,1858047.0,-0.0291548060947866,-1.6883275078476707,0.005083723205515,0.0202795542577814
2021,107601,130,CM ADALBERTO ISMAEL DE SOUZA,2021,2020,9,152535,206706,-54171,1858047.0,-0.0291548060947866,-1.6883275078476707,0.005083723205515,0.0202795542577814
2021,107602,325,CM DEPUTADO LUIZ EDUARDO DE MAGALHÃES,2021,2020,9,152535,206706,-54171,1858047.0,-0.0291548060947866,-1.6883275078476707,0.005083723205515,0.0202795542577814
2021,107603,187,CM VOVÓ LUCÍOLA,2021,2020,9,152535,206706,-54171,1858047.0,-0.0291548060947866,-1.6883275078476707,0.005083723205515,0.0202795542577814
2021,107604,283,CM HOMERO JOSÉ DOS SANTOS,2021,2020,9,152535,206706,-54171,1858047.0,-0.0291548060947866,-1.6883275078476707,0.005083723205515,0.0202795542577814
2021,107605,247,CM EDUARDO MOREIRA DOS SANTOS,2021,2020,9,152535,206706,-54171,1858047.0,-0.0291548060947866,-1.6883275078476707,0.005083723205515,0.0202795542577814
2021,107606,180,CM FRANCISCO ALVES,2021,2020,9,152535,206706,-54171,1858047.0,-0.0291548060947866,-1.6883275078476707,0.005083723205515,0.0202795542577814
2021,107607,330,CM NAÇÃO MANGUEIRENSE,2021,2020,9,152535,206706,-54171,1858047.0,-0.0291548060947866,-1.6883275078476707,0.005083723205515,0.0202795542577814
2021,107608,54,CM SAMORA MACHEL,2021,2020,9,152535,206706,-54171,1858047.0,-0.0291548060947866,-1.6883275078476707,0.005083723205515,0.0202795542577814
2021,107609,339,CM VASQUINHO,2021,2020,9,152535,206706,-54171,1858047.0,-0.0291548060947866,-1.6883275078476707,0.005083723205515,0.0202795542577814
2021,107610,520,CM ARARA AZUL,2021,2020,9,152535,206706,-54171,1858047.0,-0.0291548060947866,-1.6883275078476707,0.005083723205515,0.0202795542577814
2021,107801,140,EDI PROFESSORA DAYSE MALAGOLE,2021,2020,9,152535,206706,-54171,1858047.0,-0.0291548060947866,-1.6883275078476707,0.005083723205515,0.0202795542577814
2021,107802,46,EDI MORRO DOS TELÉGRAFOS,2021,2020,9,152535,206706,-54171,1858047.0,-0.0291548060947866,-1.6883275078476707,0.005083723205515,0.0202795542577814
2021,107803,45,EDI DOIS DE JULHO,2021,2020,9,152535,206706,-54171,1858047.0,-0.0291548060947866,-1.6883275078476707,0.005083723205515,0.0202795542577814
2021,1120201,58,CIEP OLGA BENÁRIO PRESTES,2021,2020,9,152535,206706,-54171,1858047.0,-0.0291548060947866,-1.6883275078476707,0.005083723205515,0.0202795542577814
2021,1120601,355,CM STELLA MARIS,2021,2020,9,152535,206706,-54171,1858047.0,-0.0291548060947866,-1.6883275078476707,0.005083723205515,0.0202795542577814
2021,1120602,531,CM CORA CORALINA,2021,2020,9,152535,206706,-54171,1858047.0,-0.0291548060947866,-1.6883275078476707,0.005083723205515,0.0202795542577814
2021,1120603,455,CM DOUTOR ANTÔNIO MONTEIRO,2021,2020,9,152535,206706,-54171,1858047.0,-0.0291548060947866,-1.6883275078476707,0.005083723205515,0.0202795542577814
2021,1120604,435,CM MARIA ARMINDA F. SOUZA AGUIAR,2021,2020,9,152535,206706,-54171,1858047.0,-0.0291548060947866,-1.6883275078476707,0.005083723205515,0.0202795542577814
2021,1120605,331,CM SEMPRE VIDA LORETO,2021,2020,9,152535,206706,-54171,1858047.0,-0.0291548060947866,-1.6883275078476707,0.005083723205515,0.0202795542577814
2021,1120606,556,CM TAUÁ,2021,2020,9,152535,206706,-54171,1858047.0,-0.0291548060947866,-1.6883275078476707,0.005083723205515,0.0202795542577814
2021,1120801,313,EDI JOSÉ DE SOUZA RAMOS,2021,2020,9,152535,206706,-54171,1858047.0,-0.0291548060947866,-1.6883275078476707,0.005083723205515,0.0202795542577814
2021,1120802,407,EDI NEUSA MARIA GOULART BRIZOLA,2021,2020,9,152535,206706,-54171,1858047.0,-0.0291548060947866,-1.6883275078476707,0.005083723205515,0.0202795542577814
2021,1120804,402,EDI PROFESSORA ANNA MARIA JESUS CONCEICAO,2021,2020,9,152535,206706,-54171,1858047.0,-0.0291548060947866,-1.6883275078476707,0.005083723205515,0.0202795542577814
2021,121001,37,EM JOAQUIM MANUEL DE MACEDO,2021,2020,9,152535,206706,-54171,1858047.0,-0.0291548060947866,-1.6883275078476707,0.005083723205515,0.0202795542577814
2021,123601,158,CM JOSÉ MARINHO DE OLIVEIRA,2021,2020,9,152535,206706,-54171,1858047.0,-0.0291548060947866,-1.6883275078476707,0.005083723205515,0.0202795542577814
2021,123603,139,CM FALLET,2021,2020,9,152535,206706,-54171,1858047.0,-0.0291548060947866,-1.6883275078476707,0.005083723205515,0.0202795542577814
2021,123801,28,EDI HELOÍSA MARINHO,2021,2020,9,152535,206706,-54171,1858047.0,-0.0291548060947866,-1.6883275078476707,0.005083723205515,0.0202795542577814
2021,204601,124,CM TIA AMÁLIA,2021,2020,9,152535,206706,-54171,1858047.0,-0.0291548060947866,-1.6883275078476707,0.005083723205515,0.0202795542577814
2021,204602,552,CM ARACY GUIMARÃES ROSA,2021,2020,9,152535,206706,-54171,1858047.0,-0.0291548060947866,-1.6883275078476707,0.005083723205515,0.0202795542577814
2021,204803,125,EDI GABRIELA MISTRAL,2021,2020,9,152535,206706,-54171,1858047.0,-0.0291548060947866,-1.6883275078476707,0.005083723205515,0.0202795542577814
2021,204804,136,EDI PROFESSORA SARITA KONDER,2021,2020,9,152535,206706,-54171,1858047.0,-0.0291548060947866,-1.6883275078476707,0.005083723205515,0.0202795542577814
2021,204805,266,EDI CLAUDIO CAVALCANTI,2021,2020,9,152535,206706,-54171,1858047.0,-0.0291548060947866,-1.6883275078476707,0.005083723205515,0.0202795542577814
2021,204806,257,EDI IRMA MARGARITA ALARCON,2021,2020,9,152535,206706,-54171,1858047.0,-0.0291548060947866,-1.6883275078476707,0.005083723205515,0.0202795542577814
2021,205601,618,CM IRMÃS BAPTISTA,2021,2020,9,152535,206706,-54171,1858047.0,-0.0291548060947866,-1.6883275078476707,0.005083723205515,0.0202795542577814
2021,205602,233,CM TIA SONIA CRISPINIANO,2021,2020,9,152535,206706,-54171,1858047.0,-0.0291548060947866,-1.6883275078476707,0.005083723205515,0.0202795542577814
2021,205801,217,EDI DONA MARCELA,2021,2020,9,152535,206706,-54171,1858047.0,-0.0291548060947866,-1.6883275078476707,0.005083723205515,0.0202795542577814
2021,205802,47,EDI PORTO RICO,2021,2020,9,152535,206706,-54171,1858047.0,-0.0291548060947866,-1.6883275078476707,0.005083723205515,0.0202795542577814
2021,206601,141,CM DOUTOR SOBRAL PINTO,2021,2020,9,152535,206706,-54171,1858047.0,-0.0291548060947866,-1.6883275078476707,0.005083723205515,0.0202795542577814
2021,206602,209,CM VIDIGAL,2021,2020,9,152535,206706,-54171,1858047.0,-0.0291548060947866,-1.6883275078476707,0.005083723205515,0.0202795542577814
2021,206603,344,CM JACÓ INÁCIO GOMES,2021,2020,9,152535,206706,-54171,1858047.0,-0.0291548060947866,-1.6883275078476707,0.005083723205515,0.0202795542577814
2021,206605,310,CM DOUTOR PEDRO BLOCH,2021,2020,9,152535,206706,-54171,1858047.0,-0.0291548060947866,-1.6883275078476707,0.005083723205515,0.0202795542577814
2021,206606,277,CM ELZA MACHADO DOS SANTOS - TIA ELZA,2021,2020,9,152535,206706,-54171,1858047.0,-0.0291548060947866,-1.6883275078476707,0.005083723205515,0.0202795542577814
2021,208601,155,CM CASA BRANCA - PROFESSOR PAULO FREIRE,2021,2020,9,152535,206706,-54171,1858047.0,-0.0291548060947866,-1.6883275078476707,0.005083723205515,0.0202795542577814
2021,208603,98,CM RAÍZES DO SALGUEIRO,2021,2020,9,152535,206706,-54171,1858047.0,-0.0291548060947866,-1.6883275078476707,0.005083723205515,0.0202795542577814
2021,208604,213,CM TIA BELA,2021,2020,9,152535,206706,-54171,1858047.0,-0.0291548060947866,-1.6883275078476707,0.005083723205515,0.0202795542577814
2021,208605,99,CM TIA MARIA,2021,2020,9,152535,206706,-54171,1858047.0,-0.0291548060947866,-1.6883275078476707,0.005083723205515,0.0202795542577814
2021,208606,174,CM DOUTOR RONALDO LUIZ GAZOLLA,2021,2020,9,152535,206706,-54171,1858047.0,-0.0291548060947866,-1.6883275078476707,0.005083723205515,0.0202795542577814
2021,208607,127,CM DOS SONHOS,2021,2020,9,152535,206706,-54171,1858047.0,-0.0291548060947866,-1.6883275078476707,0.005083723205515,0.0202795542577814
2021,208608,271,CM DOUTOR SÉRGIO AROUCA,2021,2020,9,152535,206706,-54171,1858047.0,-0.0291548060947866,-1.6883275078476707,0.005083723205515,0.0202795542577814
2021,208801,129,EDI IGOR MORAES DA SILVA,2021,2020,9,152535,206706,-54171,1858047.0,-0.0291548060947866,-1.6883275078476707,0.005083723205515,0.0202795542577814
2021,208806,91,EDI RAIO DE SOL,2021,2020,9,152535,206706,-54171,1858047.0,-0.0291548060947866,-1.6883275078476707,0.005083723205515,0.0202795542577814
2021,209601,170,CM PIPA NO CÉU,2021,2020,9,152535,206706,-54171,1858047.0,-0.0291548060947866,-1.6883275078476707,0.005083723205515,0.0202795542577814
2021,209602,197,CM CANTINHO DO CÉU,2021,2020,9,152535,206706,-54171,1858047.0,-0.0291548060947866,-1.6883275078476707,0.005083723205515,0.0202795542577814
2021,209603,101,CM GALDINO MANOEL DA SILVA,2021,2020,9,152535,206706,-54171,1858047.0,-0.0291548060947866,-1.6883275078476707,0.005083723205515,0.0202795542577814
2021,209604,121,CM NOVA DIVINÉIA,2021,2020,9,152535,206706,-54171,1858047.0,-0.0291548060947866,-1.6883275078476707,0.005083723205515,0.0202795542577814
2021,209605,132,CM SÃO SEBASTIÃO - ARRELIA,2021,2020,9,152535,206706,-54171,1858047.0,-0.0291548060947866,-1.6883275078476707,0.005083723205515,0.0202795542577814
2021,209606,129,CM WINNIE MANDELA,2021,2020,9,152535,206706,-54171,1858047.0,-0.0291548060947866,-1.6883275078476707,0.005083723205515,0.0202795542577814
2021,209607,216,CM SOLANGE MARIA MAGALHÃES,2021,2020,9,152535,206706,-54171,1858047.0,-0.0291548060947866,-1.6883275078476707,0.005083723205515,0.0202795542577814
2021,209608,151,CM GERMINAL DA VILA,2021,2020,9,152535,206706,-54171,1858047.0,-0.0291548060947866,-1.6883275078476707,0.005083723205515,0.0202795542577814
2021,209609,205,CM PAPA JOÃO PAULO II,2021,2020,9,152535,206706,-54171,1858047.0,-0.0291548060947866,-1.6883275078476707,0.005083723205515,0.0202795542577814
2021,209610,230,CM FRANCISCO DE PAULA,2021,2020,9,152535,206706,-54171,1858047.0,-0.0291548060947866,-1.6883275078476707,0.005083723205515,0.0202795542577814
2021,209801,121,EDI BARBARA OTTONI,2021,2020,9,152535,206706,-54171,1858047.0,-0.0291548060947866,-1.6883275078476707,0.005083723205515,0.0202795542577814
2021,209802,38,EDI ANÍBAL MACHADO,2021,2020,9,152535,206706,-54171,1858047.0,-0.0291548060947866,-1.6883275078476707,0.005083723205515,0.0202795542577814
2021,209803,217,EDI PROFESSORA SUELY DE PINHO CAVALCANTE,2021,2020,9,152535,206706,-54171,1858047.0,-0.0291548060947866,-1.6883275078476707,0.005083723205515,0.0202795542577814
2021,209804,102,EDI PROFESSORA LUCIA MARIA QUITETE DE CARVALHO AMARAL,2021,2020,9,152535,206706,-54171,1858047.0,-0.0291548060947866,-1.6883275078476707,0.005083723205515,0.0202795542577814
2021,227601,325,CM CASTELINHO,2021,2020,9,152535,206706,-54171,1858047.0,-0.0291548060947866,-1.6883275078476707,0.005083723205515,0.0202795542577814
2021,227602,73,CM IACYRA FRAZÃO,2021,2020,9,152535,206706,-54171,1858047.0,-0.0291548060947866,-1.6883275078476707,0.005083723205515,0.0202795542577814
2021,227801,385,EDI PROFESSORA EDIR CASEIRO RIBEIRO,2021,2020,9,152535,206706,-54171,1858047.0,-0.0291548060947866,-1.6883275078476707,0.005083723205515,0.0202795542577814
2021,312010,73,EM PACE,2021,2020,9,152535,206706,-54171,1858047.0,-0.0291548060947866,-1.6883275078476707,0.005083723205515,0.0202795542577814
2021,312017,86,EM LAURO SODRÉ,2021,2020,9,152535,206706,-54171,1858047.0,-0.0291548060947866,-1.6883275078476707,0.005083723205515,0.0202795542577814
2021,312502,258,CIEP PROCÓPIO FERREIRA,2021,2020,9,152535,206706,-54171,1858047.0,-0.0291548060947866,-1.6883275078476707,0.005083723205515,0.0202795542577814
2021,312601,478,CM CANTINHO FELIZ,2021,2020,9,152535,206706,-54171,1858047.0,-0.0291548060947866,-1.6883275078476707,0.005083723205515,0.0202795542577814
2021,312602,336,CM ENGENHO DA RAINHA,2021,2020,9,152535,206706,-54171,1858047.0,-0.0291548060947866,-1.6883275078476707,0.005083723205515,0.0202795542577814
2021,312603,345,CM RENASCER,2021,2020,9,152535,206706,-54171,1858047.0,-0.0291548060947866,-1.6883275078476707,0.005083723205515,0.0202795542577814
2021,312801,314,EDI HENRIQUE FORÉIS,2021,2020,9,152535,206706,-54171,1858047.0,-0.0291548060947866,-1.6883275078476707,0.005083723205515,0.0202795542577814
2021,312802,223,EDI LUCIA MARIA BATISTA DE ALBUQUERQUE,2021,2020,9,152535,206706,-54171,1858047.0,-0.0291548060947866,-1.6883275078476707,0.005083723205515,0.0202795542577814
2021,312803,172,EDI PROFESSORA LUIZA HELENA MAIA MEDEIROS,2021,2020,9,152535,206706,-54171,1858047.0,-0.0291548060947866,-1.6883275078476707,0.005083723205515,0.0202795542577814
2021,312804,303,EDI PROFESSORA TÂNIA MARTINS NOVO LENZ,2021,2020,9,152535,206706,-54171,1858047.0,-0.0291548060947866,-1.6883275078476707,0.005083723205515,0.0202795542577814
2021,312805,424,EDI TANIA CRISTINA MOREIRA,2021,2020,9,152535,206706,-54171,1858047.0,-0.0291548060947866,-1.6883275078476707,0.005083723205515,0.0202795542577814
2021,312806,359,EDI PROFESSORA ELIANE MONTE CHIARI DANTAS,2021,2020,9,152535,206706,-54171,1858047.0,-0.0291548060947866,-1.6883275078476707,0.005083723205515,0.0202795542577814
2021,312809,344,EDI PROFESSORA VALÉRIA PEREIRA DE SOUZA PINTO,2021,2020,9,152535,206706,-54171,1858047.0,-0.0291548060947866,-1.6883275078476707,0.005083723205515,0.0202795542577814
2021,312810,142,EDI MARIA MAZZETTI,2021,2020,9,152535,206706,-54171,1858047.0,-0.0291548060947866,-1.6883275078476707,0.005083723205515,0.0202795542577814
2021,312811,85,EDI BRICIO FILHO,2021,2020,9,152535,206706,-54171,1858047.0,-0.0291548060947866,-1.6883275078476707,0.005083723205515,0.0202795542577814
2021,312812,233,EDI HERMENEGILDO DE BARROS,2021,2020,9,152535,206706,-54171,1858047.0,-0.0291548060947866,-1.6883275078476707,0.005083723205515,0.0202795542577814
2021,313012,27,EM SENADOR JOÃO LYRA TAVARES,2021,2020,9,152535,206706,-54171,1858047.0,-0.0291548060947866,-1.6883275078476707,0.005083723205515,0.0202795542577814
2021,313025,186,EM PROFESSOR VISITAÇÃO,2021,2020,9,152535,206706,-54171,1858047.0,-0.0291548060947866,-1.6883275078476707,0.005083723205515,0.0202795542577814
2021,313502,41,CIEP CHANCELER WILLY BRANDT,2021,2020,9,152535,206706,-54171,1858047.0,-0.0291548060947866,-1.6883275078476707,0.005083723205515,0.0202795542577814
2021,313503,30,EM LINS DE VASCONCELOS,2021,2020,9,152535,206706,-54171,1858047.0,-0.0291548060947866,-1.6883275078476707,0.005083723205515,0.0202795542577814
2021,313601,253,CM VILA DOS MINEIROS,2021,2020,9,152535,206706,-54171,1858047.0,-0.0291548060947866,-1.6883275078476707,0.005083723205515,0.0202795542577814
2021,313602,245,CM ACONCHEGO,2021,2020,9,152535,206706,-54171,1858047.0,-0.0291548060947866,-1.6883275078476707,0.005083723205515,0.0202795542577814
2021,313603,270,CM SYLVIA ORTHOF,2021,2020,9,152535,206706,-54171,1858047.0,-0.0291548060947866,-1.6883275078476707,0.005083723205515,0.0202795542577814
2021,313604,252,CM NOSSO CANTINHO,2021,2020,9,152535,206706,-54171,1858047.0,-0.0291548060947866,-1.6883275078476707,0.005083723205515,0.0202795542577814
2021,313606,207,CM CANTINHO DO QUETO,2021,2020,9,152535,206706,-54171,1858047.0,-0.0291548060947866,-1.6883275078476707,0.005083723205515,0.0202795542577814
2021,313607,337,CM ODETINHA VIDAL DE OLIVEIRA,2021,2020,9,152535,206706,-54171,1858047.0,-0.0291548060947866,-1.6883275078476707,0.005083723205515,0.0202795542577814
2021,313608,671,CM RACHEL LEITE DIAS,2021,2020,9,152535,206706,-54171,1858047.0,-0.0291548060947866,-1.6883275078476707,0.005083723205515,0.0202795542577814
2021,313609,247,CM RECANTO DA CACHOEIRA,2021,2020,9,152535,206706,-54171,1858047.0,-0.0291548060947866,-1.6883275078476707,0.005083723205515,0.0202795542577814
2021,313610,339,CM EMMANUEL,2021,2020,9,152535,206706,-54171,1858047.0,-0.0291548060947866,-1.6883275078476707,0.005083723205515,0.0202795542577814
2021,313611,344,CM JOSÉ RAMOS JANUÁRIO - ZÉ PRETINHO,2021,2020,9,152535,206706,-54171,1858047.0,-0.0291548060947866,-1.6883275078476707,0.005083723205515,0.0202795542577814
2021,313612,469,CM MARCILIA CATARINA DA COSTA ORGÉLIO - TIA MANA,2021,2020,9,152535,206706,-54171,1858047.0,-0.0291548060947866,-1.6883275078476707,0.005083723205515,0.0202795542577814
2021,313801,163,EDI PROF. JOSÉ LIBONATI FILHO,2021,2020,9,152535,206706,-54171,1858047.0,-0.0291548060947866,-1.6883275078476707,0.005083723205515,0.0202795542577814
2021,313802,622,EDI ANÍSIO TEIXEIRA,2021,2020,9,152535,206706,-54171,1858047.0,-0.0291548060947866,-1.6883275078476707,0.005083723205515,0.0202795542577814
2021,313804,234,EDI GEORGE BERNANOS,2021,2020,9,152535,206706,-54171,1858047.0,-0.0291548060947866,-1.6883275078476707,0.005083723205515,0.0202795542577814
2021,313805,340,EDI MAURÍCIO CARDOSO,2021,2020,9,152535,206706,-54171,1858047.0,-0.0291548060947866,-1.6883275078476707,0.005083723205515,0.0202795542577814
2021,313806,229,EDI EDUCANDÁRIO DE SANTA CRUZ,2021,2020,9,152535,206706,-54171,1858047.0,-0.0291548060947866,-1.6883275078476707,0.005083723205515,0.0202795542577814
2021,313809,168,EDI ESCULTORA LYGIA CLARK,2021,2020,9,152535,206706,-54171,1858047.0,-0.0291548060947866,-1.6883275078476707,0.005083723205515,0.0202795542577814
2021,313830,103,EDI FÉLIX PACHECO,2021,2020,9,152535,206706,-54171,1858047.0,-0.0291548060947866,-1.6883275078476707,0.005083723205515,0.0202795542577814
2021,328601,228,CM GERALDA DE JESUS ALEIXO,2021,2020,9,152535,206706,-54171,1858047.0,-0.0291548060947866,-1.6883275078476707,0.005083723205515,0.0202795542577814
2021,328602,426,CM TIA ANDREZA,2021,2020,9,152535,206706,-54171,1858047.0,-0.0291548060947866,-1.6883275078476707,0.005083723205515,0.0202795542577814
2021,328604,387,CM DA COMUNIDADE DO JACAREZINHO,2021,2020,9,152535,206706,-54171,1858047.0,-0.0291548060947866,-1.6883275078476707,0.005083723205515,0.0202795542577814
2021,328801,522,EDI PADRE NELSON CARLOS DEL MÔNACO,2021,2020,9,152535,206706,-54171,1858047.0,-0.0291548060947866,-1.6883275078476707,0.005083723205515,0.0202795542577814
2021,329801,530,EDI DONA LINDU,2021,2020,9,152535,206706,-54171,1858047.0,-0.0291548060947866,-1.6883275078476707,0.005083723205515,0.0202795542577814
2021,330601,384,CM JOSÉ DE VIEIRA DA SILVA,2021,2020,9,152535,206706,-54171,1858047.0,-0.0291548060947866,-1.6883275078476707,0.005083723205515,0.0202795542577814
2021,330602,485,CM NOVA BRASÍLIA,2021,2020,9,152535,206706,-54171,1858047.0,-0.0291548060947866,-1.6883275078476707,0.005083723205515,0.0202795542577814
2021,410601,210,CM MANGUINHOS,2021,2020,9,152535,206706,-54171,1858047.0,-0.0291548060947866,-1.6883275078476707,0.005083723205515,0.0202795542577814
2021,410602,272,CM DR. JUVENIL DE SOUZA LOPES,2021,2020,9,152535,206706,-54171,1858047.0,-0.0291548060947866,-1.6883275078476707,0.005083723205515,0.0202795542577814
2021,410603,431,CM CHICO BENTO,2021,2020,9,152535,206706,-54171,1858047.0,-0.0291548060947866,-1.6883275078476707,0.005083723205515,0.0202795542577814
2021,410801,549,EDI DOUTOR DOMINGOS ARTHUR MACHADO FILHO,2021,2020,9,152535,206706,-54171,1858047.0,-0.0291548060947866,-1.6883275078476707,0.005083723205515,0.0202795542577814
2021,410802,200,EDI DOUTOR ANTÔNIO FERNANDES FIGUEIRA,2021,2020,9,152535,206706,-54171,1858047.0,-0.0291548060947866,-1.6883275078476707,0.005083723205515,0.0202795542577814
2021,410803,101,EDI JOAQUIM VENÂNCIO,2021,2020,9,152535,206706,-54171,1858047.0,-0.0291548060947866,-1.6883275078476707,0.005083723205515,0.0202795542577814
2021,410804,94,EDI SARGENTO JORGE FALEIRO SOUZA,2021,2020,9,152535,206706,-54171,1858047.0,-0.0291548060947866,-1.6883275078476707,0.005083723205515,0.0202795542577814
2021,410805,302,EDI COMPOSITOR NEOCI DIAS DE ANDRADE,2021,2020,9,152535,206706,-54171,1858047.0,-0.0291548060947866,-1.6883275078476707,0.005083723205515,0.0202795542577814
2021,410806,133,EDI PIERRE JANET,2021,2020,9,152535,206706,-54171,1858047.0,-0.0291548060947866,-1.6883275078476707,0.005083723205515,0.0202795542577814
2021,410807,418,EDI PROFESSORA TANIA DA ROCHA CORREA,2021,2020,9,152535,206706,-54171,1858047.0,-0.0291548060947866,-1.6883275078476707,0.005083723205515,0.0202795542577814
2021,410808,302,EDI ALMIR LEITE RIBEIRO,2021,2020,9,152535,206706,-54171,1858047.0,-0.0291548060947866,-1.6883275078476707,0.005083723205515,0.0202795542577814
2021,410810,291,EDI MIGUEL COUTO,2021,2020,9,152535,206706,-54171,1858047.0,-0.0291548060947866,-1.6883275078476707,0.005083723205515,0.0202795542577814
2021,410811,41,EDI LAIS NETTO DOS REIS,2021,2020,9,152535,206706,-54171,1858047.0,-0.0291548060947866,-1.6883275078476707,0.005083723205515,0.0202795542577814
2021,410812,43,EDI CORONEL ASSUNÇÃO,2021,2020,9,152535,206706,-54171,1858047.0,-0.0291548060947866,-1.6883275078476707,0.005083723205515,0.0202795542577814
2021,411601,366,CM CARLOS DRUMMOND DE ANDRADE,2021,2020,9,152535,206706,-54171,1858047.0,-0.0291548060947866,-1.6883275078476707,0.005083723205515,0.0202795542577814
2021,411602,187,CM TEMPO DE APRENDER,2021,2020,9,152535,206706,-54171,1858047.0,-0.0291548060947866,-1.6883275078476707,0.005083723205515,0.0202795542577814
2021,411603,180,CM MORRO DA PAZ,2021,2020,9,152535,206706,-54171,1858047.0,-0.0291548060947866,-1.6883275078476707,0.005083723205515,0.0202795542577814
2021,411604,189,CM BETINHO,2021,2020,9,152535,206706,-54171,1858047.0,-0.0291548060947866,-1.6883275078476707,0.005083723205515,0.0202795542577814
2021,411605,262,CM CARACOL,2021,2020,9,152535,206706,-54171,1858047.0,-0.0291548060947866,-1.6883275078476707,0.005083723205515,0.0202795542577814
2021,411607,89,CM MARIA ALTAMIRA C. OLEGÁRIO,2021,2020,9,152535,206706,-54171,1858047.0,-0.0291548060947866,-1.6883275078476707,0.005083723205515,0.0202795542577814
2021,411609,235,CM TIA RUTH COSTA DOS SANTOS,2021,2020,9,152535,206706,-54171,1858047.0,-0.0291548060947866,-1.6883275078476707,0.005083723205515,0.0202795542577814
2021,411610,125,CM MUSSUM - O TRAPALHÃO,2021,2020,9,152535,206706,-54171,1858047.0,-0.0291548060947866,-1.6883275078476707,0.005083723205515,0.0202795542577814
2021,411801,495,EDI MARIANA ROCHA DE SOUZA,2021,2020,9,152535,206706,-54171,1858047.0,-0.0291548060947866,-1.6883275078476707,0.005083723205515,0.0202795542577814
2021,411802,163,EDI JOEL LUIZ DE AZEVEDO BASTOS,2021,2020,9,152535,206706,-54171,1858047.0,-0.0291548060947866,-1.6883275078476707,0.005083723205515,0.0202795542577814
2021,411803,273,EDI MARIA DE LOURDES FERREIRA,2021,2020,9,152535,206706,-54171,1858047.0,-0.0291548060947866,-1.6883275078476707,0.005083723205515,0.0202795542577814
2021,411804,80,EDI MORRO DA FÉ,2021,2020,9,152535,206706,-54171,1858047.0,-0.0291548060947866,-1.6883275078476707,0.005083723205515,0.0202795542577814
2021,411805,39,EDI EDMUNDO DA LUZ PINTO,2021,2020,9,152535,206706,-54171,1858047.0,-0.0291548060947866,-1.6883275078476707,0.005083723205515,0.0202795542577814
2021,411806,59,EDI GÖETHE,2021,2020,9,152535,206706,-54171,1858047.0,-0.0291548060947866,-1.6883275078476707,0.005083723205515,0.0202795542577814
2021,411808,29,EDI PIONEIRAS SOCIAIS Nº12,2021,2020,9,152535,206706,-54171,1858047.0,-0.0291548060947866,-1.6883275078476707,0.005083723205515,0.0202795542577814
2021,430601,313,CM MENINO MALUQUINHO,2021,2020,9,152535,206706,-54171,1858047.0,-0.0291548060947866,-1.6883275078476707,0.005083723205515,0.0202795542577814
2021,430602,287,CM VILA PINHEIRO,2021,2020,9,152535,206706,-54171,1858047.0,-0.0291548060947866,-1.6883275078476707,0.005083723205515,0.0202795542577814
2021,430603,300,CM TIO MÁRIO,2021,2020,9,152535,206706,-54171,1858047.0,-0.0291548060947866,-1.6883275078476707,0.005083723205515,0.0202795542577814
2021,430604,222,CM MONTEIRO LOBATO,2021,2020,9,152535,206706,-54171,1858047.0,-0.0291548060947866,-1.6883275078476707,0.005083723205515,0.0202795542577814
2021,430605,130,CM NOVA HOLANDA,2021,2020,9,152535,206706,-54171,1858047.0,-0.0291548060947866,-1.6883275078476707,0.005083723205515,0.0202795542577814
2021,430607,127,CM PROFESSOR PAULO FREIRE,2021,2020,9,152535,206706,-54171,1858047.0,-0.0291548060947866,-1.6883275078476707,0.005083723205515,0.0202795542577814
2021,430801,244,"EDI PESCADOR ISIDORO DUARTE - ""DORO""",2021,2020,9,152535,206706,-54171,1858047.0,-0.0291548060947866,-1.6883275078476707,0.005083723205515,0.0202795542577814
2021,430802,228,EDI PROFESSORA KELITA FARIA DE PAULA,2021,2020,9,152535,206706,-54171,1858047.0,-0.0291548060947866,-1.6883275078476707,0.005083723205515,0.0202795542577814
2021,430803,235,EDI PROFESSOR MOACYR DE GÓES,2021,2020,9,152535,206706,-54171,1858047.0,-0.0291548060947866,-1.6883275078476707,0.005083723205515,0.0202795542577814
2021,430805,204,EDI PROFESSORA SOLANGE CONCEIÇÃO TRICARICO,2021,2020,9,152535,206706,-54171,1858047.0,-0.0291548060947866,-1.6883275078476707,0.005083723205515,0.0202795542577814
2021,430806,366,EDI CLEIA SANTOS DE OLIVEIRA,2021,2020,9,152535,206706,-54171,1858047.0,-0.0291548060947866,-1.6883275078476707,0.005083723205515,0.0202795542577814
2021,430807,212,EDI MARIA AMÉLIA CASTRO E SILVA BELFORT,2021,2020,9,152535,206706,-54171,1858047.0,-0.0291548060947866,-1.6883275078476707,0.005083723205515,0.0202795542577814
2021,430808,207,EDI AZOILDA TRINDADE (ZÔ),2021,2020,9,152535,206706,-54171,1858047.0,-0.0291548060947866,-1.6883275078476707,0.005083723205515,0.0202795542577814
2021,430809,280,EDI MEDALHISTA OLÍMPICO LUIZ FELIPE MARQUES FONTELES,2021,2020,9,152535,206706,-54171,1858047.0,-0.0291548060947866,-1.6883275078476707,0.005083723205515,0.0202795542577814
2021,430810,329,EDI MEDALHISTA OLÍMPICO EVANDRO MOTTA MARCONDES GUERRA,2021,2020,9,152535,206706,-54171,1858047.0,-0.0291548060947866,-1.6883275078476707,0.005083723205515,0.0202795542577814
2021,430811,322,EDI MEDALHISTA OLÍMPICO WILLIAM PEIXOTO ARJONA,2021,2020,9,152535,206706,-54171,1858047.0,-0.0291548060947866,-1.6883275078476707,0.005083723205515,0.0202795542577814
2021,430812,275,EDI MEDALHISTA OLÍMPICO EDER FRANCIS CARBONERA,2021,2020,9,152535,206706,-54171,1858047.0,-0.0291548060947866,-1.6883275078476707,0.005083723205515,0.0202795542577814
2021,430813,113,EDI ARMANDO DE SALLES OLIVEIRA,2021,2020,9,152535,206706,-54171,1858047.0,-0.0291548060947866,-1.6883275078476707,0.005083723205515,0.0202795542577814
2021,430815,100,EDI PESCADOR ALBANO ROSA,2021,2020,9,152535,206706,-54171,1858047.0,-0.0291548060947866,-1.6883275078476707,0.005083723205515,0.0202795542577814
2021,431601,244,CM LUÍS CARLOS DE OLIVEIRA CÂMARA,2021,2020,9,152535,206706,-54171,1858047.0,-0.0291548060947866,-1.6883275078476707,0.005083723205515,0.0202795542577814
2021,431602,465,CM BARBOSA LIMA SOBRINHO,2021,2020,9,152535,206706,-54171,1858047.0,-0.0291548060947866,-1.6883275078476707,0.005083723205515,0.0202795542577814
2021,431603,247,CM CHICO MENDES,2021,2020,9,152535,206706,-54171,1858047.0,-0.0291548060947866,-1.6883275078476707,0.005083723205515,0.0202795542577814
2021,431604,217,CM CORAÇÃO DE GENEVE,2021,2020,9,152535,206706,-54171,1858047.0,-0.0291548060947866,-1.6883275078476707,0.005083723205515,0.0202795542577814
2021,431605,482,CM SEMPRE VIDA DIQUE,2021,2020,9,152535,206706,-54171,1858047.0,-0.0291548060947866,-1.6883275078476707,0.005083723205515,0.0202795542577814
2021,431606,132,CM VISCONDE DE SABUGOSA,2021,2020,9,152535,206706,-54171,1858047.0,-0.0291548060947866,-1.6883275078476707,0.005083723205515,0.0202795542577814
2021,431607,19,CM ACAUÃ,2021,2020,9,152535,206706,-54171,1858047.0,-0.0291548060947866,-1.6883275078476707,0.005083723205515,0.0202795542577814
2021,431608,159,CM ARI PIMENTEL,2021,2020,9,152535,206706,-54171,1858047.0,-0.0291548060947866,-1.6883275078476707,0.005083723205515,0.0202795542577814
2021,431801,51,EDI CARVALHO MOURÃO,2021,2020,9,152535,206706,-54171,1858047.0,-0.0291548060947866,-1.6883275078476707,0.005083723205515,0.0202795542577814
2021,431802,523,EDI PROFESSOR CARLOS FALSETH,2021,2020,9,152535,206706,-54171,1858047.0,-0.0291548060947866,-1.6883275078476707,0.005083723205515,0.0202795542577814
2021,431803,82,EDI PROFESSOR EMMANUEL PEREIRA FILHO,2021,2020,9,152535,206706,-54171,1858047.0,-0.0291548060947866,-1.6883275078476707,0.005083723205515,0.0202795542577814
2021,431804,92,EDI ALFREDO VALLADÃO,2021,2020,9,152535,206706,-54171,1858047.0,-0.0291548060947866,-1.6883275078476707,0.005083723205515,0.0202795542577814
2021,514009,144,EM MATO GROSSO,2021,2020,9,152535,206706,-54171,1858047.0,-0.0291548060947866,-1.6883275078476707,0.005083723205515,0.0202795542577814
2021,514028,99,EM TARSILA DO AMARAL,2021,2020,9,152535,206706,-54171,1858047.0,-0.0291548060947866,-1.6883275078476707,0.005083723205515,0.0202795542577814
2021,514501,121,CIEP DOM OSCAR ROMERO,2021,2020,9,152535,206706,-54171,1858047.0,-0.0291548060947866,-1.6883275078476707,0.005083723205515,0.0202795542577814
2021,514601,215,CM TIO SEBASTIÃO XAVIER,2021,2020,9,152535,206706,-54171,1858047.0,-0.0291548060947866,-1.6883275078476707,0.005083723205515,0.0202795542577814
2021,514602,1052,CM JECIÁ DE FREITAS FERREIRA,2021,2020,9,152535,206706,-54171,1858047.0,-0.0291548060947866,-1.6883275078476707,0.005083723205515,0.0202795542577814
2021,514603,433,CM AMÁLIA FERNANDEZ CONDE,2021,2020,9,152535,206706,-54171,1858047.0,-0.0291548060947866,-1.6883275078476707,0.005083723205515,0.0202795542577814
2021,514604,332,CM ESTRELINHA DOURADA,2021,2020,9,152535,206706,-54171,1858047.0,-0.0291548060947866,-1.6883275078476707,0.005083723205515,0.0202795542577814
2021,514605,392,CM O SONHO DE RAMON PASCUAL,2021,2020,9,152535,206706,-54171,1858047.0,-0.0291548060947866,-1.6883275078476707,0.005083723205515,0.0202795542577814
2021,514606,256,CM ACALANTO,2021,2020,9,152535,206706,-54171,1858047.0,-0.0291548060947866,-1.6883275078476707,0.005083723205515,0.0202795542577814
2021,514607,423,CM SEMENTINHA,2021,2020,9,152535,206706,-54171,1858047.0,-0.0291548060947866,-1.6883275078476707,0.005083723205515,0.0202795542577814
2021,514608,287,CM JOSEPH BARBERA,2021,2020,9,152535,206706,-54171,1858047.0,-0.0291548060947866,-1.6883275078476707,0.005083723205515,0.0202795542577814
2021,514609,778,CM PARQUE BOM MENINO,2021,2020,9,152535,206706,-54171,1858047.0,-0.0291548060947866,-1.6883275078476707,0.005083723205515,0.0202795542577814
2021,514801,562,EDI DEPUTADO PEDRO FERNANDES,2021,2020,9,152535,206706,-54171,1858047.0,-0.0291548060947866,-1.6883275078476707,0.005083723205515,0.0202795542577814
2021,514802,125,EDI LUXEMBURGO,2021,2020,9,152535,206706,-54171,1858047.0,-0.0291548060947866,-1.6883275078476707,0.005083723205515,0.0202795542577814
2021,514803,125,EDI JOSÉ ALPOIM,2021,2020,9,152535,206706,-54171,1858047.0,-0.0291548060947866,-1.6883275078476707,0.005083723205515,0.0202795542577814
2021,514804,90,EDI VICENTE DE CARVALHO,2021,2020,9,152535,206706,-54171,1858047.0,-0.0291548060947866,-1.6883275078476707,0.005083723205515,0.0202795542577814
2021,515015,165,EM PADRE DEHON,2021,2020,9,152535,206706,-54171,1858047.0,-0.0291548060947866,-1.6883275078476707,0.005083723205515,0.0202795542577814
2021,515021,150,EM MOZART LAGO,2021,2020,9,152535,206706,-54171,1858047.0,-0.0291548060947866,-1.6883275078476707,0.005083723205515,0.0202795542577814
2021,515046,80,EM ADELMAR TAVARES,2021,2020,9,152535,206706,-54171,1858047.0,-0.0291548060947866,-1.6883275078476707,0.005083723205515,0.0202795542577814
2021,515053,66,EM SENADOR FRANCISCO GALLOTTI,2021,2020,9,152535,206706,-54171,1858047.0,-0.0291548060947866,-1.6883275078476707,0.005083723205515,0.0202795542577814
2021,515064,37,EM MESTRE DARCY DO JONGO,2021,2020,9,152535,206706,-54171,1858047.0,-0.0291548060947866,-1.6883275078476707,0.005083723205515,0.0202795542577814
2021,515501,146,CIEP AUGUSTO PINHEIRO DE CARVALHO,2021,2020,9,152535,206706,-54171,1858047.0,-0.0291548060947866,-1.6883275078476707,0.005083723205515,0.0202795542577814
2021,515503,111,CIEP METALÚRGICO BENEDITO CERQUEIRA,2021,2020,9,152535,206706,-54171,1858047.0,-0.0291548060947866,-1.6883275078476707,0.005083723205515,0.0202795542577814
2021,515601,307,CM OLGA BENÁRIO,2021,2020,9,152535,206706,-54171,1858047.0,-0.0291548060947866,-1.6883275078476707,0.005083723205515,0.0202795542577814
2021,515602,818,CM SÃO MIGUEL ARCANJO,2021,2020,9,152535,206706,-54171,1858047.0,-0.0291548060947866,-1.6883275078476707,0.005083723205515,0.0202795542577814
2021,515604,587,CM GERCINDA ROSA FONSECA,2021,2020,9,152535,206706,-54171,1858047.0,-0.0291548060947866,-1.6883275078476707,0.005083723205515,0.0202795542577814
2021,515605,576,CM JOSÉ RAIMUNDO DE SOUZA ALVES,2021,2020,9,152535,206706,-54171,1858047.0,-0.0291548060947866,-1.6883275078476707,0.005083723205515,0.0202795542577814
2021,515606,443,CM JOSUÉ DE CASTRO,2021,2020,9,152535,206706,-54171,1858047.0,-0.0291548060947866,-1.6883275078476707,0.005083723205515,0.0202795542577814
2021,515607,566,CM MANÉ GARRINCHA I,2021,2020,9,152535,206706,-54171,1858047.0,-0.0291548060947866,-1.6883275078476707,0.005083723205515,0.0202795542577814
2021,515608,308,CM MARIA JOSÉ DE PAULA DE JESUS,2021,2020,9,152535,206706,-54171,1858047.0,-0.0291548060947866,-1.6883275078476707,0.005083723205515,0.0202795542577814
2021,515610,181,CM SEMPRE VIDA PALMEIRINHA,2021,2020,9,152535,206706,-54171,1858047.0,-0.0291548060947866,-1.6883275078476707,0.005083723205515,0.0202795542577814
2021,515611,313,CM VOVÓ MARIA JOANA,2021,2020,9,152535,206706,-54171,1858047.0,-0.0291548060947866,-1.6883275078476707,0.005083723205515,0.0202795542577814
2021,515612,138,CM TIA MARIA DO JONGO,2021,2020,9,152535,206706,-54171,1858047.0,-0.0291548060947866,-1.6883275078476707,0.005083723205515,0.0202795542577814
2021,515613,356,CM MANOEL DA ROCHA APRISCO,2021,2020,9,152535,206706,-54171,1858047.0,-0.0291548060947866,-1.6883275078476707,0.005083723205515,0.0202795542577814
2021,515801,706,EDI KARINE LORRAINE CHAGAS DE OLIVEIRA,2021,2020,9,152535,206706,-54171,1858047.0,-0.0291548060947866,-1.6883275078476707,0.005083723205515,0.0202795542577814
2021,515802,112,EDI GUSTAVO LESSA,2021,2020,9,152535,206706,-54171,1858047.0,-0.0291548060947866,-1.6883275078476707,0.005083723205515,0.0202795542577814
2021,515803,208,EDI PIO XII,2021,2020,9,152535,206706,-54171,1858047.0,-0.0291548060947866,-1.6883275078476707,0.005083723205515,0.0202795542577814
2021,515804,168,EDI FERNÃO DIAS,2021,2020,9,152535,206706,-54171,1858047.0,-0.0291548060947866,-1.6883275078476707,0.005083723205515,0.0202795542577814
2021,515805,107,EDI ROCHA POMBO,2021,2020,9,152535,206706,-54171,1858047.0,-0.0291548060947866,-1.6883275078476707,0.005083723205515,0.0202795542577814
2021,515807,246,EDI BURITI CONGONHAS,2021,2020,9,152535,206706,-54171,1858047.0,-0.0291548060947866,-1.6883275078476707,0.005083723205515,0.0202795542577814
2021,515808,187,EDI GUARACIARA RODRIGUES DINIZ,2021,2020,9,152535,206706,-54171,1858047.0,-0.0291548060947866,-1.6883275078476707,0.005083723205515,0.0202795542577814
2021,515809,555,EDI PROFESSOR UBIRAJARA DE PAULA CASTRO,2021,2020,9,152535,206706,-54171,1858047.0,-0.0291548060947866,-1.6883275078476707,0.005083723205515,0.0202795542577814
2021,515810,441,EDI PROFESSORA TEREZINHA SARDOUX HENRIQUES,2021,2020,9,152535,206706,-54171,1858047.0,-0.0291548060947866,-1.6883275078476707,0.005083723205515,0.0202795542577814
2021,622023,284,EM GILBERTO AMADO,2021,2020,9,152535,206706,-54171,1858047.0,-0.0291548060947866,-1.6883275078476707,0.005083723205515,0.0202795542577814
2021,622202,302,CIEP GENERAL AUGUSTO CESAR SANDINO,2021,2020,9,152535,206706,-54171,1858047.0,-0.0291548060947866,-1.6883275078476707,0.005083723205515,0.0202795542577814
2021,622601,529,CM JOSÉ GOULART,2021,2020,9,152535,206706,-54171,1858047.0,-0.0291548060947866,-1.6883275078476707,0.005083723205515,0.0202795542577814
2021,622602,413,CM SILVIO AMANCIO,2021,2020,9,152535,206706,-54171,1858047.0,-0.0291548060947866,-1.6883275078476707,0.005083723205515,0.0202795542577814
2021,622603,469,CM YARA AMARAL,2021,2020,9,152535,206706,-54171,1858047.0,-0.0291548060947866,-1.6883275078476707,0.005083723205515,0.0202795542577814
2021,622801,397,EDI ERNANI CARDOSO,2021,2020,9,152535,206706,-54171,1858047.0,-0.0291548060947866,-1.6883275078476707,0.005083723205515,0.0202795542577814
2021,622802,97,EDI PROFESSORA MILTOLINA DA SILVA,2021,2020,9,152535,206706,-54171,1858047.0,-0.0291548060947866,-1.6883275078476707,0.005083723205515,0.0202795542577814
2021,622804,600,EDI MEDALHISTA PARALÍMPICO DANIEL MARTINS,2021,2020,9,152535,206706,-54171,1858047.0,-0.0291548060947866,-1.6883275078476707,0.005083723205515,0.0202795542577814
2021,622805,502,EDI MEDALHISTA OLÍMPICO MAURÍCIO LUIZ DE SOUZA,2021,2020,9,152535,206706,-54171,1858047.0,-0.0291548060947866,-1.6883275078476707,0.005083723205515,0.0202795542577814
2021,622809,138,EDI NORONHA SANTOS,2021,2020,9,152535,206706,-54171,1858047.0,-0.0291548060947866,-1.6883275078476707,0.005083723205515,0.0202795542577814
2021,622810,93,EDI ANTÔNIO FRANCISCO LISBOA,2021,2020,9,152535,206706,-54171,1858047.0,-0.0291548060947866,-1.6883275078476707,0.005083723205515,0.0202795542577814
2021,625601,218,CM OS SABIDINHOS,2021,2020,9,152535,206706,-54171,1858047.0,-0.0291548060947866,-1.6883275078476707,0.005083723205515,0.0202795542577814
2021,625602,210,CM PROFESSORA JUREMA GOMES SAMPAIO DELFIM,2021,2020,9,152535,206706,-54171,1858047.0,-0.0291548060947866,-1.6883275078476707,0.005083723205515,0.0202795542577814
2021,625603,184,CM DR. ALBERT SABIN,2021,2020,9,152535,206706,-54171,1858047.0,-0.0291548060947866,-1.6883275078476707,0.005083723205515,0.0202795542577814
2021,625604,647,CM HERBERT DE SOUZA - BETINHO,2021,2020,9,152535,206706,-54171,1858047.0,-0.0291548060947866,-1.6883275078476707,0.005083723205515,0.0202795542577814
2021,625605,261,CM LUÍS CARLOS PRESTES,2021,2020,9,152535,206706,-54171,1858047.0,-0.0291548060947866,-1.6883275078476707,0.005083723205515,0.0202795542577814
2021,625606,466,CM LUÍS DE SOUZA DA COSTA BARROS,2021,2020,9,152535,206706,-54171,1858047.0,-0.0291548060947866,-1.6883275078476707,0.005083723205515,0.0202795542577814
2021,625607,483,CM LUIZA DE BARROS DE SÁ FREIRE,2021,2020,9,152535,206706,-54171,1858047.0,-0.0291548060947866,-1.6883275078476707,0.005083723205515,0.0202795542577814
2021,625608,246,CM MAJOR CELESTINO R. DOS SANTOS,2021,2020,9,152535,206706,-54171,1858047.0,-0.0291548060947866,-1.6883275078476707,0.005083723205515,0.0202795542577814
2021,625609,185,CM SÔNIA MARIA DE M. ANGEL JONES,2021,2020,9,152535,206706,-54171,1858047.0,-0.0291548060947866,-1.6883275078476707,0.005083723205515,0.0202795542577814
2021,625610,209,CM ZUZU ANGEL,2021,2020,9,152535,206706,-54171,1858047.0,-0.0291548060947866,-1.6883275078476707,0.005083723205515,0.0202795542577814
2021,625611,556,CM ZILKA SALABERRY,2021,2020,9,152535,206706,-54171,1858047.0,-0.0291548060947866,-1.6883275078476707,0.005083723205515,0.0202795542577814
2021,625612,718,CM YEDDA MARQUES LAMOUNIER DE ANDRADE MACIEL,2021,2020,9,152535,206706,-54171,1858047.0,-0.0291548060947866,-1.6883275078476707,0.005083723205515,0.0202795542577814
2021,625614,424,CM SIMONE DE BEAUVOIR,2021,2020,9,152535,206706,-54171,1858047.0,-0.0291548060947866,-1.6883275078476707,0.005083723205515,0.0202795542577814
2021,625615,560,CM EDNA LOTTE,2021,2020,9,152535,206706,-54171,1858047.0,-0.0291548060947866,-1.6883275078476707,0.005083723205515,0.0202795542577814
2021,625616,162,CM PROFESSOR ROGÉRIO PEDRO BATISTA,2021,2020,9,152535,206706,-54171,1858047.0,-0.0291548060947866,-1.6883275078476707,0.005083723205515,0.0202795542577814
2021,625801,200,EDI PROFESSORA ROSENICE ROCHA ROQUE,2021,2020,9,152535,206706,-54171,1858047.0,-0.0291548060947866,-1.6883275078476707,0.005083723205515,0.0202795542577814
2021,625802,372,EDI WESLEY GUILBER RODRIGUES DE ANDRADE,2021,2020,9,152535,206706,-54171,1858047.0,-0.0291548060947866,-1.6883275078476707,0.005083723205515,0.0202795542577814
2021,625803,298,EDI PROFESSORA BEATRIZ DE SOUZA MADEIRA,2021,2020,9,152535,206706,-54171,1858047.0,-0.0291548060947866,-1.6883275078476707,0.005083723205515,0.0202795542577814
2021,625804,356,EDI PROFESSORA HELIA LÚCIA MORENO FERREIRA,2021,2020,9,152535,206706,-54171,1858047.0,-0.0291548060947866,-1.6883275078476707,0.005083723205515,0.0202795542577814
2021,625806,89,EDI ANA DE BARROS CÂMARA,2021,2020,9,152535,206706,-54171,1858047.0,-0.0291548060947866,-1.6883275078476707,0.005083723205515,0.0202795542577814
2021,625807,57,EDI FROTA PESSOA,2021,2020,9,152535,206706,-54171,1858047.0,-0.0291548060947866,-1.6883275078476707,0.005083723205515,0.0202795542577814
2021,625813,329,EDI PROFESSORA GRACÍLIA ROSA DE BELÉM MAYOR,2021,2020,9,152535,206706,-54171,1858047.0,-0.0291548060947866,-1.6883275078476707,0.005083723205515,0.0202795542577814
2021,625814,221,EDI PROFESSORA ROSEANE VASCONCELOS,2021,2020,9,152535,206706,-54171,1858047.0,-0.0291548060947866,-1.6883275078476707,0.005083723205515,0.0202795542577814
2021,625815,341,EDI PROFESSORA KRISTINA ROMOLO KIFFER,2021,2020,9,152535,206706,-54171,1858047.0,-0.0291548060947866,-1.6883275078476707,0.005083723205515,0.0202795542577814
2021,625816,334,EDI PROFESSORA REGINA CELI RABELO DE ALMEIDA,2021,2020,9,152535,206706,-54171,1858047.0,-0.0291548060947866,-1.6883275078476707,0.005083723205515,0.0202795542577814
2021,625817,412,EDI PROFESSORA DANIELE SIMÕES DE SOUZA LOPES,2021,2020,9,152535,206706,-54171,1858047.0,-0.0291548060947866,-1.6883275078476707,0.005083723205515,0.0202795542577814
2021,625818,309,EDI MARIA EUGENIA CANELHAS,2021,2020,9,152535,206706,-54171,1858047.0,-0.0291548060947866,-1.6883275078476707,0.005083723205515,0.0202795542577814
2021,625819,340,EDI MARIZA ALVES PIMENTA,2021,2020,9,152535,206706,-54171,1858047.0,-0.0291548060947866,-1.6883275078476707,0.005083723205515,0.0202795542577814
2021,716601,1094,CM OTÁVIO HENRIQUE DE OLIVEIRA,2021,2020,9,152535,206706,-54171,1858047.0,-0.0291548060947866,-1.6883275078476707,0.005083723205515,0.0202795542577814
2021,716602,376,CM TIA TEREZA,2021,2020,9,152535,206706,-54171,1858047.0,-0.0291548060947866,-1.6883275078476707,0.005083723205515,0.0202795542577814
2021,716603,1222,CM CRIANÇA DO FUTURO,2021,2020,9,152535,206706,-54171,1858047.0,-0.0291548060947866,-1.6883275078476707,0.005083723205515,0.0202795542577814
2021,716604,427,CM GERMINIO DE SOUZA ESTRELA,2021,2020,9,152535,206706,-54171,1858047.0,-0.0291548060947866,-1.6883275078476707,0.005083723205515,0.0202795542577814
2021,716605,928,CM SEMPRE VIDA NISE DA SILVEIRA,2021,2020,9,152535,206706,-54171,1858047.0,-0.0291548060947866,-1.6883275078476707,0.005083723205515,0.0202795542577814
2021,716606,757,CM AMIGUINHOS DA VILA SAPÊ,2021,2020,9,152535,206706,-54171,1858047.0,-0.0291548060947866,-1.6883275078476707,0.005083723205515,0.0202795542577814
2021,716607,781,CM EMÍLIA JOANA DA FONSECA MARQUES,2021,2020,9,152535,206706,-54171,1858047.0,-0.0291548060947866,-1.6883275078476707,0.005083723205515,0.0202795542577814
2021,716608,907,CM IRMÃ DULCE,2021,2020,9,152535,206706,-54171,1858047.0,-0.0291548060947866,-1.6883275078476707,0.005083723205515,0.0202795542577814
2021,716609,1655,CM RIO NOVO - RIO DAS FLORES,2021,2020,9,152535,206706,-54171,1858047.0,-0.0291548060947866,-1.6883275078476707,0.005083723205515,0.0202795542577814
2021,716610,458,CM TIA MALU,2021,2020,9,152535,206706,-54171,1858047.0,-0.0291548060947866,-1.6883275078476707,0.005083723205515,0.0202795542577814
2021,716611,650,CM VITORINO FREIRE,2021,2020,9,152535,206706,-54171,1858047.0,-0.0291548060947866,-1.6883275078476707,0.005083723205515,0.0202795542577814
2021,716612,298,CM TIA AUTA,2021,2020,9,152535,206706,-54171,1858047.0,-0.0291548060947866,-1.6883275078476707,0.005083723205515,0.0202795542577814
2021,716613,957,CM MARIA DA CONCEIÇÃO SILVEIRA DE CARVALHO,2021,2020,9,152535,206706,-54171,1858047.0,-0.0291548060947866,-1.6883275078476707,0.005083723205515,0.0202795542577814
2021,716614,1053,CM AUGUSTO DE CARVALHO TORRES FILHO,2021,2020,9,152535,206706,-54171,1858047.0,-0.0291548060947866,-1.6883275078476707,0.005083723205515,0.0202795542577814
2021,716801,639,EDI DOUTORA ZILDA ARNS,2021,2020,9,152535,206706,-54171,1858047.0,-0.0291548060947866,-1.6883275078476707,0.005083723205515,0.0202795542577814
2021,716802,400,EDI ARTHUR BISPO DO ROSÁRIO,2021,2020,9,152535,206706,-54171,1858047.0,-0.0291548060947866,-1.6883275078476707,0.005083723205515,0.0202795542577814
2021,716803,942,EDI COMPOSITOR ROBERTO RIBEIRO,2021,2020,9,152535,206706,-54171,1858047.0,-0.0291548060947866,-1.6883275078476707,0.005083723205515,0.0202795542577814
2021,716804,259,EDI RODRIGO LOPES (TIKINHO),2021,2020,9,152535,206706,-54171,1858047.0,-0.0291548060947866,-1.6883275078476707,0.005083723205515,0.0202795542577814
2021,716805,623,EDI ANNA MARIA NIEMEYER,2021,2020,9,152535,206706,-54171,1858047.0,-0.0291548060947866,-1.6883275078476707,0.005083723205515,0.0202795542577814
2021,716806,622,EDI PROFESSORA EDILIA COELHO GARCIA,2021,2020,9,152535,206706,-54171,1858047.0,-0.0291548060947866,-1.6883275078476707,0.005083723205515,0.0202795542577814
2021,716807,665,EDI LEILA DINIZ,2021,2020,9,152535,206706,-54171,1858047.0,-0.0291548060947866,-1.6883275078476707,0.005083723205515,0.0202795542577814
2021,716808,892,EDI PROFESSORA MARIA BERENICE PARENTE,2021,2020,9,152535,206706,-54171,1858047.0,-0.0291548060947866,-1.6883275078476707,0.005083723205515,0.0202795542577814
2021,716809,689,EDI PROFESSOR ROBERTO LUIZ PEREIRA,2021,2020,9,152535,206706,-54171,1858047.0,-0.0291548060947866,-1.6883275078476707,0.005083723205515,0.0202795542577814
2021,716813,564,EDI PROFESSORA KENIA MENDES DOS SANTOS,2021,2020,9,152535,206706,-54171,1858047.0,-0.0291548060947866,-1.6883275078476707,0.005083723205515,0.0202795542577814
2021,716814,591,EDI PROFESSORA EMILIA MARIA VIEIRA DE OLIVEIRA,2021,2020,9,152535,206706,-54171,1858047.0,-0.0291548060947866,-1.6883275078476707,0.005083723205515,0.0202795542577814
2021,716815,628,EDI EVARISTO DA VEIGA,2021,2020,9,152535,206706,-54171,1858047.0,-0.0291548060947866,-1.6883275078476707,0.005083723205515,0.0202795542577814
2021,716816,662,EDI DEBRET,2021,2020,9,152535,206706,-54171,1858047.0,-0.0291548060947866,-1.6883275078476707,0.005083723205515,0.0202795542577814
2021,716818,1372,EDI PROFESSORA CLÁUDIA PIRES CONTINO DA SILVA,2021,2020,9,152535,206706,-54171,1858047.0,-0.0291548060947866,-1.6883275078476707,0.005083723205515,0.0202795542577814
2021,716819,1311,EDI PROFESSORA NORMA ANDRADE NOGUEIRA,2021,2020,9,152535,206706,-54171,1858047.0,-0.0291548060947866,-1.6883275078476707,0.005083723205515,0.0202795542577814
2021,716820,1324,EDI MEDALHISTA OLÍMPICA ÁGATHA BEDNARCZUK RIPPEL,2021,2020,9,152535,206706,-54171,1858047.0,-0.0291548060947866,-1.6883275078476707,0.005083723205515,0.0202795542577814
2021,716821,1227,EDI MEDALHISTA PARALÍMPICO FELIPE DE SOUZA GOMES,2021,2020,9,152535,206706,-54171,1858047.0,-0.0291548060947866,-1.6883275078476707,0.005083723205515,0.0202795542577814
2021,716822,868,EDI MARCELO PARENTE GOMES DE OLIVEIRA,2021,2020,9,152535,206706,-54171,1858047.0,-0.0291548060947866,-1.6883275078476707,0.005083723205515,0.0202795542577814
2021,716823,877,EDI PROFESSOR EITEL SEIXAS,2021,2020,9,152535,206706,-54171,1858047.0,-0.0291548060947866,-1.6883275078476707,0.005083723205515,0.0202795542577814
2021,724601,603,CM MARIA VIEIRA BAZANI,2021,2020,9,152535,206706,-54171,1858047.0,-0.0291548060947866,-1.6883275078476707,0.005083723205515,0.0202795542577814
2021,724602,312,CM DINA SFAT,2021,2020,9,152535,206706,-54171,1858047.0,-0.0291548060947866,-1.6883275078476707,0.005083723205515,0.0202795542577814
2021,724603,449,CM BENEDITA SIQUEIRA LOPES,2021,2020,9,152535,206706,-54171,1858047.0,-0.0291548060947866,-1.6883275078476707,0.005083723205515,0.0202795542577814
2021,724604,311,CM EDSON LUIZ,2021,2020,9,152535,206706,-54171,1858047.0,-0.0291548060947866,-1.6883275078476707,0.005083723205515,0.0202795542577814
2021,724605,491,CM SEBASTIÃO BERNARDES DE SOUZA PRATA,2021,2020,9,152535,206706,-54171,1858047.0,-0.0291548060947866,-1.6883275078476707,0.005083723205515,0.0202795542577814
2021,724606,550,CM ROGÉRIO CARDOSO FURTADO,2021,2020,9,152535,206706,-54171,1858047.0,-0.0291548060947866,-1.6883275078476707,0.005083723205515,0.0202795542577814
2021,724801,641,EDI MILENA SANTOS NASCIMENTO,2021,2020,9,152535,206706,-54171,1858047.0,-0.0291548060947866,-1.6883275078476707,0.005083723205515,0.0202795542577814
2021,724802,152,EDI PORFIRIO DIAS,2021,2020,9,152535,206706,-54171,1858047.0,-0.0291548060947866,-1.6883275078476707,0.005083723205515,0.0202795542577814
2021,724803,308,EDI VERA LUCIA MARTINS COSTA,2021,2020,9,152535,206706,-54171,1858047.0,-0.0291548060947866,-1.6883275078476707,0.005083723205515,0.0202795542577814
2021,724804,675,EDI PROFESSORA MATILDE ROSA LOPES DE ARAUJO,2021,2020,9,152535,206706,-54171,1858047.0,-0.0291548060947866,-1.6883275078476707,0.005083723205515,0.0202795542577814
2021,724805,227,EDI TRISTÃO DE ATHAYDE,2021,2020,9,152535,206706,-54171,1858047.0,-0.0291548060947866,-1.6883275078476707,0.005083723205515,0.0202795542577814
2021,724806,299,EDI PROFESSORA RUTH CARDOSO,2021,2020,9,152535,206706,-54171,1858047.0,-0.0291548060947866,-1.6883275078476707,0.005083723205515,0.0202795542577814
2021,724807,672,EDI CARMEN MIRANDA,2021,2020,9,152535,206706,-54171,1858047.0,-0.0291548060947866,-1.6883275078476707,0.005083723205515,0.0202795542577814
2021,724808,328,EDI AMOR,2021,2020,9,152535,206706,-54171,1858047.0,-0.0291548060947866,-1.6883275078476707,0.005083723205515,0.0202795542577814
2021,724809,150,"EDI UGOCIONE JOSÉ DE MEDEIROS ""SEU UGO""",2021,2020,9,152535,206706,-54171,1858047.0,-0.0291548060947866,-1.6883275078476707,0.005083723205515,0.0202795542577814
2021,734601,268,CM LUZES DO AMANHÃ,2021,2020,9,152535,206706,-54171,1858047.0,-0.0291548060947866,-1.6883275078476707,0.005083723205515,0.0202795542577814
2021,734602,269,CM MARGARIDA GABINAL,2021,2020,9,152535,206706,-54171,1858047.0,-0.0291548060947866,-1.6883275078476707,0.005083723205515,0.0202795542577814
2021,734603,196,CM SEMPRE VIDA JOSUÉ,2021,2020,9,152535,206706,-54171,1858047.0,-0.0291548060947866,-1.6883275078476707,0.005083723205515,0.0202795542577814
2021,734801,363,EDI JARDIM DO AMANHÃ,2021,2020,9,152535,206706,-54171,1858047.0,-0.0291548060947866,-1.6883275078476707,0.005083723205515,0.0202795542577814
2021,734802,878,EDI SENHORA PERCILIANA PEREIRA DE ALVARENGA,2021,2020,9,152535,206706,-54171,1858047.0,-0.0291548060947866,-1.6883275078476707,0.005083723205515,0.0202795542577814
2021,734803,194,EDI ANA CAROLINA PACHECO DA SILVA,2021,2020,9,152535,206706,-54171,1858047.0,-0.0291548060947866,-1.6883275078476707,0.005083723205515,0.0202795542577814
2021,734804,372,EDI MARIA BERALDA,2021,2020,9,152535,206706,-54171,1858047.0,-0.0291548060947866,-1.6883275078476707,0.005083723205515,0.0202795542577814
2021,734805,319,EDI MONSENHOR CORDIOLI,2021,2020,9,152535,206706,-54171,1858047.0,-0.0291548060947866,-1.6883275078476707,0.005083723205515,0.0202795542577814
2021,817202,189,CIEP AMILCAR CABRAL,2021,2020,9,152535,206706,-54171,1858047.0,-0.0291548060947866,-1.6883275078476707,0.005083723205515,0.0202795542577814
2021,817504,167,CIEP ANTONIO EVARISTO DE MORAES,2021,2020,9,152535,206706,-54171,1858047.0,-0.0291548060947866,-1.6883275078476707,0.005083723205515,0.0202795542577814
2021,817505,180,CIEP MARECHAL JULIO CAETANO HORTA BARBOSA,2021,2020,9,152535,206706,-54171,1858047.0,-0.0291548060947866,-1.6883275078476707,0.005083723205515,0.0202795542577814
2021,817507,61,CIEP MESTRE ANDRÉ,2021,2020,9,152535,206706,-54171,1858047.0,-0.0291548060947866,-1.6883275078476707,0.005083723205515,0.0202795542577814
2021,817601,592,CM JOSÉ FÉLIX,2021,2020,9,152535,206706,-54171,1858047.0,-0.0291548060947866,-1.6883275078476707,0.005083723205515,0.0202795542577814
2021,817602,366,CM VILA PROGRESSO,2021,2020,9,152535,206706,-54171,1858047.0,-0.0291548060947866,-1.6883275078476707,0.005083723205515,0.0202795542577814
2021,817603,596,CM DENTE DE LEITE,2021,2020,9,152535,206706,-54171,1858047.0,-0.0291548060947866,-1.6883275078476707,0.005083723205515,0.0202795542577814
2021,817604,332,CM DRAMATURGO ALFREDO DE FREITAS DIAS GOMES,2021,2020,9,152535,206706,-54171,1858047.0,-0.0291548060947866,-1.6883275078476707,0.005083723205515,0.0202795542577814
2021,817605,600,CM MANÉ GARRINCHA II,2021,2020,9,152535,206706,-54171,1858047.0,-0.0291548060947866,-1.6883275078476707,0.005083723205515,0.0202795542577814
2021,817606,259,CM MEIMEI,2021,2020,9,152535,206706,-54171,1858047.0,-0.0291548060947866,-1.6883275078476707,0.005083723205515,0.0202795542577814
2021,817607,575,CM MULHERES DO QUAFÁ,2021,2020,9,152535,206706,-54171,1858047.0,-0.0291548060947866,-1.6883275078476707,0.005083723205515,0.0202795542577814
2021,817608,528,CM NOVA ALIANÇA,2021,2020,9,152535,206706,-54171,1858047.0,-0.0291548060947866,-1.6883275078476707,0.005083723205515,0.0202795542577814
2021,817609,776,CM RECANTO FELIZ,2021,2020,9,152535,206706,-54171,1858047.0,-0.0291548060947866,-1.6883275078476707,0.005083723205515,0.0202795542577814
2021,817610,371,CM SEMPRE VIDA FAZENDA COQUEIROS,2021,2020,9,152535,206706,-54171,1858047.0,-0.0291548060947866,-1.6883275078476707,0.005083723205515,0.0202795542577814
2021,817611,210,CM TIA ELZA,2021,2020,9,152535,206706,-54171,1858047.0,-0.0291548060947866,-1.6883275078476707,0.005083723205515,0.0202795542577814
2021,817612,557,CM VILA KENNEDY,2021,2020,9,152535,206706,-54171,1858047.0,-0.0291548060947866,-1.6883275078476707,0.005083723205515,0.0202795542577814
2021,817613,483,CM CÉLIA ALENCAR,2021,2020,9,152535,206706,-54171,1858047.0,-0.0291548060947866,-1.6883275078476707,0.005083723205515,0.0202795542577814
2021,817614,491,CM FAZENDA COQUEIROS II,2021,2020,9,152535,206706,-54171,1858047.0,-0.0291548060947866,-1.6883275078476707,0.005083723205515,0.0202795542577814
2021,817615,312,CM VILA UNIÃO DA PAZ,2021,2020,9,152535,206706,-54171,1858047.0,-0.0291548060947866,-1.6883275078476707,0.005083723205515,0.0202795542577814
2021,817616,174,CM PROFESSORA MARIA ASSUMPÇÃO,2021,2020,9,152535,206706,-54171,1858047.0,-0.0291548060947866,-1.6883275078476707,0.005083723205515,0.0202795542577814
2021,817617,498,CM JOSÉ MANOEL IBARRA PEREZ,2021,2020,9,152535,206706,-54171,1858047.0,-0.0291548060947866,-1.6883275078476707,0.005083723205515,0.0202795542577814
2021,817618,280,CM JANETE CLAIR,2021,2020,9,152535,206706,-54171,1858047.0,-0.0291548060947866,-1.6883275078476707,0.005083723205515,0.0202795542577814
2021,817619,333,CM PROFESSORA REGINA MARIA DA MATTA MONTEZANO,2021,2020,9,152535,206706,-54171,1858047.0,-0.0291548060947866,-1.6883275078476707,0.005083723205515,0.0202795542577814
2021,817801,379,EDI PROFESSORA TÂNIA MARIA LARRUBIA GOMES,2021,2020,9,152535,206706,-54171,1858047.0,-0.0291548060947866,-1.6883275078476707,0.005083723205515,0.0202795542577814
2021,817802,323,EDI PROFESSOR REINALDO JOSÉ DE ARAGÃO BARBOSA,2021,2020,9,152535,206706,-54171,1858047.0,-0.0291548060947866,-1.6883275078476707,0.005083723205515,0.0202795542577814
2021,817803,466,EDI JOSÉ EPHIM MINDLIN,2021,2020,9,152535,206706,-54171,1858047.0,-0.0291548060947866,-1.6883275078476707,0.005083723205515,0.0202795542577814
2021,817804,369,EDI PROFESSORA EDITH MARQUES DE SOUZA,2021,2020,9,152535,206706,-54171,1858047.0,-0.0291548060947866,-1.6883275078476707,0.005083723205515,0.0202795542577814
2021,817805,222,EDI RAFAEL PEREIRA DA SILVA,2021,2020,9,152535,206706,-54171,1858047.0,-0.0291548060947866,-1.6883275078476707,0.005083723205515,0.0202795542577814
2021,817806,307,EDI PROFESSORA MARIA YEDDA LEITE LINHARES,2021,2020,9,152535,206706,-54171,1858047.0,-0.0291548060947866,-1.6883275078476707,0.005083723205515,0.0202795542577814
2021,817807,255,EDI MARIA DO CARMO SOUZA PIRAN,2021,2020,9,152535,206706,-54171,1858047.0,-0.0291548060947866,-1.6883275078476707,0.005083723205515,0.0202795542577814
2021,817808,617,EDI PROFESSOR ANTONIO FLAVIO PIERUCCI,2021,2020,9,152535,206706,-54171,1858047.0,-0.0291548060947866,-1.6883275078476707,0.005083723205515,0.0202795542577814
2021,817809,175,EDI REPÚBLICA ÁRABE UNIDA,2021,2020,9,152535,206706,-54171,1858047.0,-0.0291548060947866,-1.6883275078476707,0.005083723205515,0.0202795542577814
2021,817810,319,EDI VILA DO VINTÉM,2021,2020,9,152535,206706,-54171,1858047.0,-0.0291548060947866,-1.6883275078476707,0.005083723205515,0.0202795542577814
2021,817814,710,EDI PROFESSORA GIOVANA BANSI,2021,2020,9,152535,206706,-54171,1858047.0,-0.0291548060947866,-1.6883275078476707,0.005083723205515,0.0202795542577814
2021,817815,401,EDI SENHOR JOÃO GOMES,2021,2020,9,152535,206706,-54171,1858047.0,-0.0291548060947866,-1.6883275078476707,0.005083723205515,0.0202795542577814
2021,833032,210,EM STELLA GUERRA DUVAL,2021,2020,9,152535,206706,-54171,1858047.0,-0.0291548060947866,-1.6883275078476707,0.005083723205515,0.0202795542577814
2021,833505,93,CIEP ARACY DE ALMEIDA (CANTORA),2021,2020,9,152535,206706,-54171,1858047.0,-0.0291548060947866,-1.6883275078476707,0.005083723205515,0.0202795542577814
2021,833601,635,CM CASA DE REALENGO,2021,2020,9,152535,206706,-54171,1858047.0,-0.0291548060947866,-1.6883275078476707,0.005083723205515,0.0202795542577814
2021,833602,747,CM JULINHO CACAU,2021,2020,9,152535,206706,-54171,1858047.0,-0.0291548060947866,-1.6883275078476707,0.005083723205515,0.0202795542577814
2021,833603,674,CM SILVEIRINHA,2021,2020,9,152535,206706,-54171,1858047.0,-0.0291548060947866,-1.6883275078476707,0.005083723205515,0.0202795542577814
2021,833801,215,EDI GESSICA GUEDES PEREIRA,2021,2020,9,152535,206706,-54171,1858047.0,-0.0291548060947866,-1.6883275078476707,0.005083723205515,0.0202795542577814
2021,833802,576,EDI PROFESSORA ZENA ELIAN,2021,2020,9,152535,206706,-54171,1858047.0,-0.0291548060947866,-1.6883275078476707,0.005083723205515,0.0202795542577814
2021,833803,584,EDI FREI ORLANDO,2021,2020,9,152535,206706,-54171,1858047.0,-0.0291548060947866,-1.6883275078476707,0.005083723205515,0.0202795542577814
2021,833805,360,EDI DEODORO,2021,2020,9,152535,206706,-54171,1858047.0,-0.0291548060947866,-1.6883275078476707,0.005083723205515,0.0202795542577814
2021,833806,729,EDI PROFESSOR CRISTIANO PINTO DE MORAES BISPO,2021,2020,9,152535,206706,-54171,1858047.0,-0.0291548060947866,-1.6883275078476707,0.005083723205515,0.0202795542577814
2021,833807,633,EDI LUIZA PAULA DA SILVEIRA MACHADO,2021,2020,9,152535,206706,-54171,1858047.0,-0.0291548060947866,-1.6883275078476707,0.005083723205515,0.0202795542577814
2021,833808,471,EDI PROFESSORA VANUZIA BASTOS DA SILVA,2021,2020,9,152535,206706,-54171,1858047.0,-0.0291548060947866,-1.6883275078476707,0.005083723205515,0.0202795542577814
2021,833809,441,EDI PROFESSORA MARIA CECILIA FERREIRA,2021,2020,9,152535,206706,-54171,1858047.0,-0.0291548060947866,-1.6883275078476707,0.005083723205515,0.0202795542577814
2021,833810,481,EDI MEDALHISTA OLÍMPICO SERGIO DUTRA DOS SANTOS,2021,2020,9,152535,206706,-54171,1858047.0,-0.0291548060947866,-1.6883275078476707,0.005083723205515,0.0202795542577814
2021,833811,620,EDI MEDALHISTA OLÍMPICA RAFAELA LOPES SILVA,2021,2020,9,152535,206706,-54171,1858047.0,-0.0291548060947866,-1.6883275078476707,0.005083723205515,0.0202795542577814
2021,918601,546,CM ALEGRIA DE NOVA CIDADE,2021,2020,9,152535,206706,-54171,1858047.0,-0.0291548060947866,-1.6883275078476707,0.005083723205515,0.0202795542577814
2021,918602,601,CM VITÓRIA DA PAZ,2021,2020,9,152535,206706,-54171,1858047.0,-0.0291548060947866,-1.6883275078476707,0.005083723205515,0.0202795542577814
2021,918603,188,CM SEMPRE VIDA ELZA RABELO DE ANDRADE,2021,2020,9,152535,206706,-54171,1858047.0,-0.0291548060947866,-1.6883275078476707,0.005083723205515,0.0202795542577814
2021,918604,114,CM VERA PACHECO JORDÃO,2021,2020,9,152535,206706,-54171,1858047.0,-0.0291548060947866,-1.6883275078476707,0.005083723205515,0.0202795542577814
2021,918605,192,CM SEMPRE VIDA PROFESSORA EUGENIA MARIA VELOSO MARCHESE,2021,2020,9,152535,206706,-54171,1858047.0,-0.0291548060947866,-1.6883275078476707,0.005083723205515,0.0202795542577814
2021,918606,468,CM CECÍLIA MEIRELES,2021,2020,9,152535,206706,-54171,1858047.0,-0.0291548060947866,-1.6883275078476707,0.005083723205515,0.0202795542577814
2021,918607,446,CM SONHO FELIZ,2021,2020,9,152535,206706,-54171,1858047.0,-0.0291548060947866,-1.6883275078476707,0.005083723205515,0.0202795542577814
2021,918608,614,CM JARDIM MONTE SANTO,2021,2020,9,152535,206706,-54171,1858047.0,-0.0291548060947866,-1.6883275078476707,0.005083723205515,0.0202795542577814
2021,918609,352,CM ADÉLIA VIEIRA,2021,2020,9,152535,206706,-54171,1858047.0,-0.0291548060947866,-1.6883275078476707,0.005083723205515,0.0202795542577814
2021,918610,234,CM ESPERANÇA DO AMANHÃ,2021,2020,9,152535,206706,-54171,1858047.0,-0.0291548060947866,-1.6883275078476707,0.005083723205515,0.0202795542577814
2021,918611,135,CM MÁRIO LOMBARDI,2021,2020,9,152535,206706,-54171,1858047.0,-0.0291548060947866,-1.6883275078476707,0.005083723205515,0.0202795542577814
2021,918613,669,CM PROFESSORA FLORA SANTINA FERRARI BRAZ,2021,2020,9,152535,206706,-54171,1858047.0,-0.0291548060947866,-1.6883275078476707,0.005083723205515,0.0202795542577814
2021,918614,410,CM ZÉLIA CHAUKE CURI,2021,2020,9,152535,206706,-54171,1858047.0,-0.0291548060947866,-1.6883275078476707,0.005083723205515,0.0202795542577814
2021,918615,207,CM MARCELO CARDOSO TOMÉ,2021,2020,9,152535,206706,-54171,1858047.0,-0.0291548060947866,-1.6883275078476707,0.005083723205515,0.0202795542577814
2021,918616,608,CM PADRE VALTER DA COSTA SANTOS,2021,2020,9,152535,206706,-54171,1858047.0,-0.0291548060947866,-1.6883275078476707,0.005083723205515,0.0202795542577814
2021,918617,949,CM CRIANDO O FUTURO,2021,2020,9,152535,206706,-54171,1858047.0,-0.0291548060947866,-1.6883275078476707,0.005083723205515,0.0202795542577814
2021,918618,694,CM ESPERANÇA DA VILA SÃO JORGE,2021,2020,9,152535,206706,-54171,1858047.0,-0.0291548060947866,-1.6883275078476707,0.005083723205515,0.0202795542577814
2021,918619,785,CM RAUL CORTEZ,2021,2020,9,152535,206706,-54171,1858047.0,-0.0291548060947866,-1.6883275078476707,0.005083723205515,0.0202795542577814
2021,918620,783,CM EMILIO IBRAHIM LÁZARO JUBRAM DIB,2021,2020,9,152535,206706,-54171,1858047.0,-0.0291548060947866,-1.6883275078476707,0.005083723205515,0.0202795542577814
2021,918621,455,CM ELIZABETH TAVARES DE SOUZA - BETINHA,2021,2020,9,152535,206706,-54171,1858047.0,-0.0291548060947866,-1.6883275078476707,0.005083723205515,0.0202795542577814
2021,918801,413,EDI BIANCA ROCHA TAVARES,2021,2020,9,152535,206706,-54171,1858047.0,-0.0291548060947866,-1.6883275078476707,0.005083723205515,0.0202795542577814
2021,918802,411,EDI PINTANDO O SETE,2021,2020,9,152535,206706,-54171,1858047.0,-0.0291548060947866,-1.6883275078476707,0.005083723205515,0.0202795542577814
2021,918803,206,EDI LUDMILA MÁXIMO MOREIRA CARDOSO,2021,2020,9,152535,206706,-54171,1858047.0,-0.0291548060947866,-1.6883275078476707,0.005083723205515,0.0202795542577814
2021,918804,89,EDI RENAN DE SOUZA LEAL,2021,2020,9,152535,206706,-54171,1858047.0,-0.0291548060947866,-1.6883275078476707,0.005083723205515,0.0202795542577814
2021,918805,347,EDI CANTORA CESÁRIA ÉVORA,2021,2020,9,152535,206706,-54171,1858047.0,-0.0291548060947866,-1.6883275078476707,0.005083723205515,0.0202795542577814
2021,918806,628,EDI COMENDADOR SERAFIM SOFIA,2021,2020,9,152535,206706,-54171,1858047.0,-0.0291548060947866,-1.6883275078476707,0.005083723205515,0.0202795542577814
2021,918807,592,EDI URBANO DE FREITAS,2021,2020,9,152535,206706,-54171,1858047.0,-0.0291548060947866,-1.6883275078476707,0.005083723205515,0.0202795542577814
2021,918808,415,EDI PROFESSORA MARTA REGINA PERROTA,2021,2020,9,152535,206706,-54171,1858047.0,-0.0291548060947866,-1.6883275078476707,0.005083723205515,0.0202795542577814
2021,918809,180,EDI CAMPO GRANDE,2021,2020,9,152535,206706,-54171,1858047.0,-0.0291548060947866,-1.6883275078476707,0.005083723205515,0.0202795542577814
2021,918810,412,EDI DOM BOSCO,2021,2020,9,152535,206706,-54171,1858047.0,-0.0291548060947866,-1.6883275078476707,0.005083723205515,0.0202795542577814
2021,918811,26,EDI ISABEL,2021,2020,9,152535,206706,-54171,1858047.0,-0.0291548060947866,-1.6883275078476707,0.005083723205515,0.0202795542577814
2021,918812,207,EDI PROFESSOR JORGE EUCLIDES PEREIRA NUNES,2021,2020,9,152535,206706,-54171,1858047.0,-0.0291548060947866,-1.6883275078476707,0.005083723205515,0.0202795542577814
2021,918813,242,EDI PROFESSOR MARCO ALTINO DE OLIVEIRA,2021,2020,9,152535,206706,-54171,1858047.0,-0.0291548060947866,-1.6883275078476707,0.005083723205515,0.0202795542577814
2021,918814,376,EDI PROFESSOR NESTOR MANOEL PINTO,2021,2020,9,152535,206706,-54171,1858047.0,-0.0291548060947866,-1.6883275078476707,0.005083723205515,0.0202795542577814
2021,918815,427,EDI PROFESSORA SIRLÉIA SILVA REIS,2021,2020,9,152535,206706,-54171,1858047.0,-0.0291548060947866,-1.6883275078476707,0.005083723205515,0.0202795542577814
2021,918816,69,EDI PROFESSOR JOÃO FERNANDES FILHO,2021,2020,9,152535,206706,-54171,1858047.0,-0.0291548060947866,-1.6883275078476707,0.005083723205515,0.0202795542577814
2021,918817,566,EDI PROFESSORA EUGENIA DE ALMEIDA AZEVEDO,2021,2020,9,152535,206706,-54171,1858047.0,-0.0291548060947866,-1.6883275078476707,0.005083723205515,0.0202795542577814
2021,918818,260,EDI FRANCISCO JOSÉ DE MORAES,2021,2020,9,152535,206706,-54171,1858047.0,-0.0291548060947866,-1.6883275078476707,0.005083723205515,0.0202795542577814
2021,918819,98,EDI JOARI,2021,2020,9,152535,206706,-54171,1858047.0,-0.0291548060947866,-1.6883275078476707,0.005083723205515,0.0202795542577814
2021,918820,87,EDI ALMO SATURNINO,2021,2020,9,152535,206706,-54171,1858047.0,-0.0291548060947866,-1.6883275078476707,0.005083723205515,0.0202795542577814
2021,918821,210,EDI PROFESSORA ENYR PORTILHO DE AVELLAR,2021,2020,9,152535,206706,-54171,1858047.0,-0.0291548060947866,-1.6883275078476707,0.005083723205515,0.0202795542577814
2021,918822,638,EDI PROFESSOR ANDRÉ LUIZ GILS,2021,2020,9,152535,206706,-54171,1858047.0,-0.0291548060947866,-1.6883275078476707,0.005083723205515,0.0202795542577814
2021,918823,264,EDI PROFESSOR DERSU GABRIEL BICEGO,2021,2020,9,152535,206706,-54171,1858047.0,-0.0291548060947866,-1.6883275078476707,0.005083723205515,0.0202795542577814
2021,918824,435,EDI ALBERTO FERREIRA PINTO,2021,2020,9,152535,206706,-54171,1858047.0,-0.0291548060947866,-1.6883275078476707,0.005083723205515,0.0202795542577814
2021,918825,429,EDI PROFESSORA TERESINHA DE JESUS SIQUEIRA BROWN,2021,2020,9,152535,206706,-54171,1858047.0,-0.0291548060947866,-1.6883275078476707,0.005083723205515,0.0202795542577814
2021,918826,579,EDI PROFESSORA MARLY DOS SANTOS DE OLIVEIRA (MARLY MARINHO),2021,2020,9,152535,206706,-54171,1858047.0,-0.0291548060947866,-1.6883275078476707,0.005083723205515,0.0202795542577814
2021,918827,470,EDI ATAULFO ALVES,2021,2020,9,152535,206706,-54171,1858047.0,-0.0291548060947866,-1.6883275078476707,0.005083723205515,0.0202795542577814
2021,918828,553,EDI ALYRIO CAVALLIERI,2021,2020,9,152535,206706,-54171,1858047.0,-0.0291548060947866,-1.6883275078476707,0.005083723205515,0.0202795542577814
2021,918829,183,EDI RUBEM AZEVEDO ALVES,2021,2020,9,152535,206706,-54171,1858047.0,-0.0291548060947866,-1.6883275078476707,0.005083723205515,0.0202795542577814
2021,918830,159,EDI HENRIQUE DIAS,2021,2020,9,152535,206706,-54171,1858047.0,-0.0291548060947866,-1.6883275078476707,0.005083723205515,0.0202795542577814
2021,918831,516,EDI ELFLODÍZIO DOS SANTOS,2021,2020,9,152535,206706,-54171,1858047.0,-0.0291548060947866,-1.6883275078476707,0.005083723205515,0.0202795542577814
2021,918832,802,EDI PROFESSORA JACINTHA REIS FERREIRA,2021,2020,9,152535,206706,-54171,1858047.0,-0.0291548060947866,-1.6883275078476707,0.005083723205515,0.0202795542577814
2021,918833,379,EDI PROFESSOR WILSON CHOERI,2021,2020,9,152535,206706,-54171,1858047.0,-0.0291548060947866,-1.6883275078476707,0.005083723205515,0.0202795542577814
2021,918834,374,EDI ENGENHEIRA ELAINE MONSORES PIRES,2021,2020,9,152535,206706,-54171,1858047.0,-0.0291548060947866,-1.6883275078476707,0.005083723205515,0.0202795542577814
2021,918835,563,EDI MEDALHISTA OLÍMPICO ARTHUR NORY OYAKAWA MARIANO,2021,2020,9,152535,206706,-54171,1858047.0,-0.0291548060947866,-1.6883275078476707,0.005083723205515,0.0202795542577814
2021,918836,610,EDI MEDALHISTA OLÍMPICO RAFAEL CARLOS DA SILVA,2021,2020,9,152535,206706,-54171,1858047.0,-0.0291548060947866,-1.6883275078476707,0.005083723205515,0.0202795542577814
2021,918837,591,EDI MEDALHISTA OLÍMPICO WALLACE LEANDRO DE SOUZA,2021,2020,9,152535,206706,-54171,1858047.0,-0.0291548060947866,-1.6883275078476707,0.005083723205515,0.0202795542577814
2021,918838,201,EDI EUSTORGIO WANDERLEY,2021,2020,9,152535,206706,-54171,1858047.0,-0.0291548060947866,-1.6883275078476707,0.005083723205515,0.0202795542577814
2021,918839,183,EDI DALILA TAVARES,2021,2020,9,152535,206706,-54171,1858047.0,-0.0291548060947866,-1.6883275078476707,0.005083723205515,0.0202795542577814
2022,101601,148,CM LADEIRA DOS FUNCIONÁRIOS,2022,2021,9,224425,192851,31574,1750261.0,0.0180395952375102,0.6388637475611166,0.005083723205515,0.0202795542577814
2022,101602,99,CM VIRGÍNIA LEMOS,2022,2021,9,224425,192851,31574,1750261.0,0.0180395952375102,0.6388637475611166,0.005083723205515,0.0202795542577814
2022,101603,341,CM SENNINHA,2022,2021,9,224425,192851,31574,1750261.0,0.0180395952375102,0.6388637475611166,0.005083723205515,0.0202795542577814
2022,101604,93,CM SEMPRE VIDA P. CONQUISTA,2022,2021,9,224425,192851,31574,1750261.0,0.0180395952375102,0.6388637475611166,0.005083723205515,0.0202795542577814
2022,101605,264,CM CLEMENTE FERREIRA,2022,2021,9,224425,192851,31574,1750261.0,0.0180395952375102,0.6388637475611166,0.005083723205515,0.0202795542577814
2022,101606,176,CM QUINTA DO CAJU,2022,2021,9,224425,192851,31574,1750261.0,0.0180395952375102,0.6388637475611166,0.005083723205515,0.0202795542577814
2022,101607,371,CM TIA DORA,2022,2021,9,224425,192851,31574,1750261.0,0.0180395952375102,0.6388637475611166,0.005083723205515,0.0202795542577814
2022,101801,297,EDI PARQUE DA ALEGRIA,2022,2021,9,224425,192851,31574,1750261.0,0.0180395952375102,0.6388637475611166,0.005083723205515,0.0202795542577814
2022,101802,181,EDI MACHADO DE ASSIS,2022,2021,9,224425,192851,31574,1750261.0,0.0180395952375102,0.6388637475611166,0.005083723205515,0.0202795542577814
2022,101803,68,EDI ANTÔNIO RAPOSO TAVARES,2022,2021,9,224425,192851,31574,1750261.0,0.0180395952375102,0.6388637475611166,0.005083723205515,0.0202795542577814
2022,1019601,73,CM SEMPRE VIDA VALE DO SOL,2022,2021,9,224425,192851,31574,1750261.0,0.0180395952375102,0.6388637475611166,0.005083723205515,0.0202795542577814
2022,1019602,284,CM SEMPRE VIDA ANTARES,2022,2021,9,224425,192851,31574,1750261.0,0.0180395952375102,0.6388637475611166,0.005083723205515,0.0202795542577814
2022,1019603,170,CM JARDIM DOS VIEIRAS,2022,2021,9,224425,192851,31574,1750261.0,0.0180395952375102,0.6388637475611166,0.005083723205515,0.0202795542577814
2022,1019604,88,CM AYRTON SENNA,2022,2021,9,224425,192851,31574,1750261.0,0.0180395952375102,0.6388637475611166,0.005083723205515,0.0202795542577814
2022,1019605,92,CM MARLENE DA SILVA CARDOSO,2022,2021,9,224425,192851,31574,1750261.0,0.0180395952375102,0.6388637475611166,0.005083723205515,0.0202795542577814
2022,1019606,142,CM TRINTA E UM DE OUTUBRO,2022,2021,9,224425,192851,31574,1750261.0,0.0180395952375102,0.6388637475611166,0.005083723205515,0.0202795542577814
2022,1019607,235,CM ADALTO BASTOS,2022,2021,9,224425,192851,31574,1750261.0,0.0180395952375102,0.6388637475611166,0.005083723205515,0.0202795542577814
2022,1019609,192,CM CANTINHO DA TIA DOLORES,2022,2021,9,224425,192851,31574,1750261.0,0.0180395952375102,0.6388637475611166,0.005083723205515,0.0202795542577814
2022,1019610,208,CM CHAVE DO TAMANHO,2022,2021,9,224425,192851,31574,1750261.0,0.0180395952375102,0.6388637475611166,0.005083723205515,0.0202795542577814
2022,1019611,64,CM CRIANÇA FELIZ,2022,2021,9,224425,192851,31574,1750261.0,0.0180395952375102,0.6388637475611166,0.005083723205515,0.0202795542577814
2022,1019612,576,CM DANIELA PEREZ,2022,2021,9,224425,192851,31574,1750261.0,0.0180395952375102,0.6388637475611166,0.005083723205515,0.0202795542577814
2022,1019613,163,CM DJANIRA MARIA RAMOS,2022,2021,9,224425,192851,31574,1750261.0,0.0180395952375102,0.6388637475611166,0.005083723205515,0.0202795542577814
2022,1019614,300,CM INSPETOR HERALDO CARVALHO DE SOUSA,2022,2021,9,224425,192851,31574,1750261.0,0.0180395952375102,0.6388637475611166,0.005083723205515,0.0202795542577814
2022,1019615,63,CM MARCOLINA,2022,2021,9,224425,192851,31574,1750261.0,0.0180395952375102,0.6388637475611166,0.005083723205515,0.0202795542577814
2022,1019616,74,CM MARIA HELENA PAPERA MONTEIRO,2022,2021,9,224425,192851,31574,1750261.0,0.0180395952375102,0.6388637475611166,0.005083723205515,0.0202795542577814
2022,1019618,141,CM LEUZA MARINS NOVAES S. SANTOS,2022,2021,9,224425,192851,31574,1750261.0,0.0180395952375102,0.6388637475611166,0.005083723205515,0.0202795542577814
2022,1019619,109,CM SANTA TEREZINHA,2022,2021,9,224425,192851,31574,1750261.0,0.0180395952375102,0.6388637475611166,0.005083723205515,0.0202795542577814
2022,1019620,152,CM SEMENTINHA DO AMOR,2022,2021,9,224425,192851,31574,1750261.0,0.0180395952375102,0.6388637475611166,0.005083723205515,0.0202795542577814
2022,1019621,187,CM SEMPRE VIDA ESTRELA DO ALAGADO,2022,2021,9,224425,192851,31574,1750261.0,0.0180395952375102,0.6388637475611166,0.005083723205515,0.0202795542577814
2022,1019622,22,CM SEMPRE VIDA PARQUE DE SANTA CRUZ,2022,2021,9,224425,192851,31574,1750261.0,0.0180395952375102,0.6388637475611166,0.005083723205515,0.0202795542577814
2022,1019623,322,CM SEMPRE VIDA TERRA DA PAZ,2022,2021,9,224425,192851,31574,1750261.0,0.0180395952375102,0.6388637475611166,0.005083723205515,0.0202795542577814
2022,1019624,129,CM ZACARIAS - O TRAPALHÃO,2022,2021,9,224425,192851,31574,1750261.0,0.0180395952375102,0.6388637475611166,0.005083723205515,0.0202795542577814
2022,1019625,68,CM NARIZINHO,2022,2021,9,224425,192851,31574,1750261.0,0.0180395952375102,0.6388637475611166,0.005083723205515,0.0202795542577814
2022,1019626,75,CM PEDRINHO,2022,2021,9,224425,192851,31574,1750261.0,0.0180395952375102,0.6388637475611166,0.005083723205515,0.0202795542577814
2022,1019627,83,CM VOVÓ BENTA,2022,2021,9,224425,192851,31574,1750261.0,0.0180395952375102,0.6388637475611166,0.005083723205515,0.0202795542577814
2022,1019628,212,CM IRINÉA DOS SANTOS PAIVA,2022,2021,9,224425,192851,31574,1750261.0,0.0180395952375102,0.6388637475611166,0.005083723205515,0.0202795542577814
2022,1019630,103,CM ESTRELA DALVA,2022,2021,9,224425,192851,31574,1750261.0,0.0180395952375102,0.6388637475611166,0.005083723205515,0.0202795542577814
2022,1019631,290,CM TIA HILDA MACEDO,2022,2021,9,224425,192851,31574,1750261.0,0.0180395952375102,0.6388637475611166,0.005083723205515,0.0202795542577814
2022,1019632,469,CM MIRIAM PIRES,2022,2021,9,224425,192851,31574,1750261.0,0.0180395952375102,0.6388637475611166,0.005083723205515,0.0202795542577814
2022,1019633,93,CM MERILUCE DE OLIVEIRA MÜLLER,2022,2021,9,224425,192851,31574,1750261.0,0.0180395952375102,0.6388637475611166,0.005083723205515,0.0202795542577814
2022,1019801,395,EDI SARGENTO IZO GOMES PATRÍCIO,2022,2021,9,224425,192851,31574,1750261.0,0.0180395952375102,0.6388637475611166,0.005083723205515,0.0202795542577814
2022,1019802,157,EDI LARISSA DOS SANTOS ATANAZIO,2022,2021,9,224425,192851,31574,1750261.0,0.0180395952375102,0.6388637475611166,0.005083723205515,0.0202795542577814
2022,1019803,308,EDI LARYSSA SILVA MARTINS,2022,2021,9,224425,192851,31574,1750261.0,0.0180395952375102,0.6388637475611166,0.005083723205515,0.0202795542577814
2022,1019804,88,EDI PROFESSORA MARIA LUIZA JOBIM DE QUEIROZ,2022,2021,9,224425,192851,31574,1750261.0,0.0180395952375102,0.6388637475611166,0.005083723205515,0.0202795542577814
2022,1019805,170,EDI PROFESSOR CELSO DE ALMEIDA CHAVES,2022,2021,9,224425,192851,31574,1750261.0,0.0180395952375102,0.6388637475611166,0.005083723205515,0.0202795542577814
2022,1019806,129,EDI PROFESSOR RUBEM GONÇALVES,2022,2021,9,224425,192851,31574,1750261.0,0.0180395952375102,0.6388637475611166,0.005083723205515,0.0202795542577814
2022,1019807,135,EDI PROFESSOR ANTONIO ALFREDO MERCADANTE,2022,2021,9,224425,192851,31574,1750261.0,0.0180395952375102,0.6388637475611166,0.005083723205515,0.0202795542577814
2022,1019808,153,EDI GEÓGRAFO AZIZ AB' SABER,2022,2021,9,224425,192851,31574,1750261.0,0.0180395952375102,0.6388637475611166,0.005083723205515,0.0202795542577814
2022,1019809,140,EDI PROFESSORA CARMEN FRAGA DE ARAÚJO,2022,2021,9,224425,192851,31574,1750261.0,0.0180395952375102,0.6388637475611166,0.005083723205515,0.0202795542577814
2022,1019810,54,EDI PROFESSORA ROSELE NICOLAU JORGE COUTINHO,2022,2021,9,224425,192851,31574,1750261.0,0.0180395952375102,0.6388637475611166,0.005083723205515,0.0202795542577814
2022,1019811,74,EDI PROFESSORA RAQUEL KELLY LANERA,2022,2021,9,224425,192851,31574,1750261.0,0.0180395952375102,0.6388637475611166,0.005083723205515,0.0202795542577814
2022,1019815,155,EDI JOÃO CORRÊA,2022,2021,9,224425,192851,31574,1750261.0,0.0180395952375102,0.6388637475611166,0.005083723205515,0.0202795542577814
2022,1019818,125,EDI RENÉE BISCAIA RAPOSO,2022,2021,9,224425,192851,31574,1750261.0,0.0180395952375102,0.6388637475611166,0.005083723205515,0.0202795542577814
2022,1019820,155,EDI INAIÁ WANDERLEY CARMO,2022,2021,9,224425,192851,31574,1750261.0,0.0180395952375102,0.6388637475611166,0.005083723205515,0.0202795542577814
2022,1019821,298,EDI PROFESSORA SOLANGE INÁCIA DE SÁ DE LACERDA,2022,2021,9,224425,192851,31574,1750261.0,0.0180395952375102,0.6388637475611166,0.005083723205515,0.0202795542577814
2022,1019822,291,EDI PROFESSORA KATIA MIRANDA SANTOS,2022,2021,9,224425,192851,31574,1750261.0,0.0180395952375102,0.6388637475611166,0.005083723205515,0.0202795542577814
2022,1019823,38,EDI MARIA ROSANGELA OLIVEIRA (TIA NEGUINHA),2022,2021,9,224425,192851,31574,1750261.0,0.0180395952375102,0.6388637475611166,0.005083723205515,0.0202795542577814
2022,1019824,256,EDI PROFESSORA LILIA CHAVES DA COSTA,2022,2021,9,224425,192851,31574,1750261.0,0.0180395952375102,0.6388637475611166,0.005083723205515,0.0202795542577814
2022,1019826,294,EDI THAMIRIS DE ANDRADE DA SILVA SANTOS,2022,2021,9,224425,192851,31574,1750261.0,0.0180395952375102,0.6388637475611166,0.005083723205515,0.0202795542577814
2022,1019827,352,EDI MEDALHISTA OLÍMPICA POLIANA OKIMOTO,2022,2021,9,224425,192851,31574,1750261.0,0.0180395952375102,0.6388637475611166,0.005083723205515,0.0202795542577814
2022,1019828,337,EDI MEDALHISTA OLÍMPICO ERLON DE SOUZA SILVA,2022,2021,9,224425,192851,31574,1750261.0,0.0180395952375102,0.6388637475611166,0.005083723205515,0.0202795542577814
2022,1019831,342,EDI PROFESSORA MARIA MESQUITA DE SIQUEIRA,2022,2021,9,224425,192851,31574,1750261.0,0.0180395952375102,0.6388637475611166,0.005083723205515,0.0202795542577814
2022,102601,211,CM SEMPRE VIDA SANTO ANTÔNIO DE PÁDUA,2022,2021,9,224425,192851,31574,1750261.0,0.0180395952375102,0.6388637475611166,0.005083723205515,0.0202795542577814
2022,102602,394,CM ANA MARIA DA CRUZ SILVA,2022,2021,9,224425,192851,31574,1750261.0,0.0180395952375102,0.6388637475611166,0.005083723205515,0.0202795542577814
2022,102604,476,CM ARCO-ÍRIS,2022,2021,9,224425,192851,31574,1750261.0,0.0180395952375102,0.6388637475611166,0.005083723205515,0.0202795542577814
2022,102605,488,CM ALDEIA DOS CURUMINS,2022,2021,9,224425,192851,31574,1750261.0,0.0180395952375102,0.6388637475611166,0.005083723205515,0.0202795542577814
2022,102606,441,CM GEORGE SAVALLA GOMES - PALHAÇO CAREQUINHA,2022,2021,9,224425,192851,31574,1750261.0,0.0180395952375102,0.6388637475611166,0.005083723205515,0.0202795542577814
2022,1026601,444,CM SONHO DE CRIANÇA,2022,2021,9,224425,192851,31574,1750261.0,0.0180395952375102,0.6388637475611166,0.005083723205515,0.0202795542577814
2022,1026602,270,CM NOSSA SENHORA DA GLÓRIA,2022,2021,9,224425,192851,31574,1750261.0,0.0180395952375102,0.6388637475611166,0.005083723205515,0.0202795542577814
2022,1026603,288,CM SEMPRE VIDA COLÔNIA DOS PESCADORES,2022,2021,9,224425,192851,31574,1750261.0,0.0180395952375102,0.6388637475611166,0.005083723205515,0.0202795542577814
2022,1026604,467,CM JOSEPHA FERREIRA DA COSTA,2022,2021,9,224425,192851,31574,1750261.0,0.0180395952375102,0.6388637475611166,0.005083723205515,0.0202795542577814
2022,1026801,238,EDI SAMIRA PIRES RIBEIRO,2022,2021,9,224425,192851,31574,1750261.0,0.0180395952375102,0.6388637475611166,0.005083723205515,0.0202795542577814
2022,1026802,734,EDI PROFESSOR MARCOS FLAMÍNIO PORTUGAL PINTO,2022,2021,9,224425,192851,31574,1750261.0,0.0180395952375102,0.6388637475611166,0.005083723205515,0.0202795542577814
2022,1026803,236,EDI PADRE CARLOS HENRIQUE DE SOUZA,2022,2021,9,224425,192851,31574,1750261.0,0.0180395952375102,0.6388637475611166,0.005083723205515,0.0202795542577814
2022,1026805,632,EDI MEDALHISTA OLÍMPICO IZAQUIAS QUEIROZ DOS SANTOS,2022,2021,9,224425,192851,31574,1750261.0,0.0180395952375102,0.6388637475611166,0.005083723205515,0.0202795542577814
2022,1026806,527,EDI MEDALHISTA OLÍMPICO FELIPE ALMEIDA WU,2022,2021,9,224425,192851,31574,1750261.0,0.0180395952375102,0.6388637475611166,0.005083723205515,0.0202795542577814
2022,1026807,585,EDI ALFREDO FERNANDO VAZ GUIMARÃES JÚNIOR,2022,2021,9,224425,192851,31574,1750261.0,0.0180395952375102,0.6388637475611166,0.005083723205515,0.0202795542577814
2022,1026809,419,EDI MEDALHISTA PARALÍMPICO RICARDO COSTA DE OLIVEIRA,2022,2021,9,224425,192851,31574,1750261.0,0.0180395952375102,0.6388637475611166,0.005083723205515,0.0202795542577814
2022,1026810,726,EDI ALCEBÍADES FRANCISCO ROSA,2022,2021,9,224425,192851,31574,1750261.0,0.0180395952375102,0.6388637475611166,0.005083723205515,0.0202795542577814
2022,1026811,372,EDI GERMANO THOMÉ DE OLIVEIRA,2022,2021,9,224425,192851,31574,1750261.0,0.0180395952375102,0.6388637475611166,0.005083723205515,0.0202795542577814
2022,102802,85,EDI CAMPOS SALLES,2022,2021,9,224425,192851,31574,1750261.0,0.0180395952375102,0.6388637475611166,0.005083723205515,0.0202795542577814
2022,102803,115,EDI RACHEL DE QUEIROZ,2022,2021,9,224425,192851,31574,1750261.0,0.0180395952375102,0.6388637475611166,0.005083723205515,0.0202795542577814
2022,103601,74,CM ESPAÇO LIVRE DA CRIANÇA,2022,2021,9,224425,192851,31574,1750261.0,0.0180395952375102,0.6388637475611166,0.005083723205515,0.0202795542577814
2022,103602,127,CM DIREITOS HUMANOS,2022,2021,9,224425,192851,31574,1750261.0,0.0180395952375102,0.6388637475611166,0.005083723205515,0.0202795542577814
2022,103604,131,CM SONHO INFANTIL,2022,2021,9,224425,192851,31574,1750261.0,0.0180395952375102,0.6388637475611166,0.005083723205515,0.0202795542577814
2022,103605,163,CM BRINCADEIRAS DE CRIANÇA,2022,2021,9,224425,192851,31574,1750261.0,0.0180395952375102,0.6388637475611166,0.005083723205515,0.0202795542577814
2022,103606,242,CM CAMPOS DA PAZ,2022,2021,9,224425,192851,31574,1750261.0,0.0180395952375102,0.6388637475611166,0.005083723205515,0.0202795542577814
2022,103607,432,CM ESTÁCIO DE SÁ,2022,2021,9,224425,192851,31574,1750261.0,0.0180395952375102,0.6388637475611166,0.005083723205515,0.0202795542577814
2022,103801,195,EDI PROFESSORA SIMONE SOUSA PIMENTEL,2022,2021,9,224425,192851,31574,1750261.0,0.0180395952375102,0.6388637475611166,0.005083723205515,0.0202795542577814
2022,103802,270,EDI LILY MARINHO,2022,2021,9,224425,192851,31574,1750261.0,0.0180395952375102,0.6388637475611166,0.005083723205515,0.0202795542577814
2022,103804,115,EDI ZÉLIA GATTAI AMADO,2022,2021,9,224425,192851,31574,1750261.0,0.0180395952375102,0.6388637475611166,0.005083723205515,0.0202795542577814
2022,103805,204,EDI BEATRIZ VICÊNCIA BANDEIRA RYFF,2022,2021,9,224425,192851,31574,1750261.0,0.0180395952375102,0.6388637475611166,0.005083723205515,0.0202795542577814
2022,103806,10,EDI FUNDAÇÃO LEÃO XIII,2022,2021,9,224425,192851,31574,1750261.0,0.0180395952375102,0.6388637475611166,0.005083723205515,0.0202795542577814
2022,103807,326,EDI MARIA LUIZA NOBRE - TIA LUIZINHA,2022,2021,9,224425,192851,31574,1750261.0,0.0180395952375102,0.6388637475611166,0.005083723205515,0.0202795542577814
2022,107601,54,CM ADALBERTO ISMAEL DE SOUZA,2022,2021,9,224425,192851,31574,1750261.0,0.0180395952375102,0.6388637475611166,0.005083723205515,0.0202795542577814
2022,107602,288,CM DEPUTADO LUIZ EDUARDO DE MAGALHÃES,2022,2021,9,224425,192851,31574,1750261.0,0.0180395952375102,0.6388637475611166,0.005083723205515,0.0202795542577814
2022,107603,236,CM VOVÓ LUCÍOLA,2022,2021,9,224425,192851,31574,1750261.0,0.0180395952375102,0.6388637475611166,0.005083723205515,0.0202795542577814
2022,107604,276,CM HOMERO JOSÉ DOS SANTOS,2022,2021,9,224425,192851,31574,1750261.0,0.0180395952375102,0.6388637475611166,0.005083723205515,0.0202795542577814
2022,107605,266,CM EDUARDO MOREIRA DOS SANTOS,2022,2021,9,224425,192851,31574,1750261.0,0.0180395952375102,0.6388637475611166,0.005083723205515,0.0202795542577814
2022,107606,240,CM FRANCISCO ALVES,2022,2021,9,224425,192851,31574,1750261.0,0.0180395952375102,0.6388637475611166,0.005083723205515,0.0202795542577814
2022,107607,348,CM NAÇÃO MANGUEIRENSE,2022,2021,9,224425,192851,31574,1750261.0,0.0180395952375102,0.6388637475611166,0.005083723205515,0.0202795542577814
2022,107608,217,CM SAMORA MACHEL,2022,2021,9,224425,192851,31574,1750261.0,0.0180395952375102,0.6388637475611166,0.005083723205515,0.0202795542577814
2022,107609,373,CM VASQUINHO,2022,2021,9,224425,192851,31574,1750261.0,0.0180395952375102,0.6388637475611166,0.005083723205515,0.0202795542577814
2022,107610,487,CM ARARA AZUL,2022,2021,9,224425,192851,31574,1750261.0,0.0180395952375102,0.6388637475611166,0.005083723205515,0.0202795542577814
2022,107801,90,EDI PROFESSORA DAYSE MALAGOLE,2022,2021,9,224425,192851,31574,1750261.0,0.0180395952375102,0.6388637475611166,0.005083723205515,0.0202795542577814
2022,107802,46,EDI MORRO DOS TELÉGRAFOS,2022,2021,9,224425,192851,31574,1750261.0,0.0180395952375102,0.6388637475611166,0.005083723205515,0.0202795542577814
2022,107803,62,EDI DOIS DE JULHO,2022,2021,9,224425,192851,31574,1750261.0,0.0180395952375102,0.6388637475611166,0.005083723205515,0.0202795542577814
2022,1120201,37,CIEP OLGA BENÁRIO PRESTES,2022,2021,9,224425,192851,31574,1750261.0,0.0180395952375102,0.6388637475611166,0.005083723205515,0.0202795542577814
2022,1120601,385,CM STELLA MARIS,2022,2021,9,224425,192851,31574,1750261.0,0.0180395952375102,0.6388637475611166,0.005083723205515,0.0202795542577814
2022,1120602,473,CM CORA CORALINA,2022,2021,9,224425,192851,31574,1750261.0,0.0180395952375102,0.6388637475611166,0.005083723205515,0.0202795542577814
2022,1120603,371,CM DOUTOR ANTÔNIO MONTEIRO,2022,2021,9,224425,192851,31574,1750261.0,0.0180395952375102,0.6388637475611166,0.005083723205515,0.0202795542577814
2022,1120604,324,CM MARIA ARMINDA F. SOUZA AGUIAR,2022,2021,9,224425,192851,31574,1750261.0,0.0180395952375102,0.6388637475611166,0.005083723205515,0.0202795542577814
2022,1120605,336,CM SEMPRE VIDA LORETO,2022,2021,9,224425,192851,31574,1750261.0,0.0180395952375102,0.6388637475611166,0.005083723205515,0.0202795542577814
2022,1120606,442,CM TAUÁ,2022,2021,9,224425,192851,31574,1750261.0,0.0180395952375102,0.6388637475611166,0.005083723205515,0.0202795542577814
2022,1120801,209,EDI JOSÉ DE SOUZA RAMOS,2022,2021,9,224425,192851,31574,1750261.0,0.0180395952375102,0.6388637475611166,0.005083723205515,0.0202795542577814
2022,1120802,328,EDI NEUSA MARIA GOULART BRIZOLA,2022,2021,9,224425,192851,31574,1750261.0,0.0180395952375102,0.6388637475611166,0.005083723205515,0.0202795542577814
2022,1120804,333,EDI PROFESSORA ANNA MARIA JESUS CONCEICAO,2022,2021,9,224425,192851,31574,1750261.0,0.0180395952375102,0.6388637475611166,0.005083723205515,0.0202795542577814
2022,121001,44,EM JOAQUIM MANUEL DE MACEDO,2022,2021,9,224425,192851,31574,1750261.0,0.0180395952375102,0.6388637475611166,0.005083723205515,0.0202795542577814
2022,123601,142,CM JOSÉ MARINHO DE OLIVEIRA,2022,2021,9,224425,192851,31574,1750261.0,0.0180395952375102,0.6388637475611166,0.005083723205515,0.0202795542577814
2022,123603,121,CM FALLET,2022,2021,9,224425,192851,31574,1750261.0,0.0180395952375102,0.6388637475611166,0.005083723205515,0.0202795542577814
2022,123801,31,EDI HELOÍSA MARINHO,2022,2021,9,224425,192851,31574,1750261.0,0.0180395952375102,0.6388637475611166,0.005083723205515,0.0202795542577814
2022,204601,118,CM TIA AMÁLIA,2022,2021,9,224425,192851,31574,1750261.0,0.0180395952375102,0.6388637475611166,0.005083723205515,0.0202795542577814
2022,204602,685,CM ARACY GUIMARÃES ROSA,2022,2021,9,224425,192851,31574,1750261.0,0.0180395952375102,0.6388637475611166,0.005083723205515,0.0202795542577814
2022,204803,148,EDI GABRIELA MISTRAL,2022,2021,9,224425,192851,31574,1750261.0,0.0180395952375102,0.6388637475611166,0.005083723205515,0.0202795542577814
2022,204804,220,EDI PROFESSORA SARITA KONDER,2022,2021,9,224425,192851,31574,1750261.0,0.0180395952375102,0.6388637475611166,0.005083723205515,0.0202795542577814
2022,204805,298,EDI CLAUDIO CAVALCANTI,2022,2021,9,224425,192851,31574,1750261.0,0.0180395952375102,0.6388637475611166,0.005083723205515,0.0202795542577814
2022,204806,285,EDI IRMA MARGARITA ALARCON,2022,2021,9,224425,192851,31574,1750261.0,0.0180395952375102,0.6388637475611166,0.005083723205515,0.0202795542577814
2022,205601,598,CM IRMÃS BAPTISTA,2022,2021,9,224425,192851,31574,1750261.0,0.0180395952375102,0.6388637475611166,0.005083723205515,0.0202795542577814
2022,205602,318,CM TIA SONIA CRISPINIANO,2022,2021,9,224425,192851,31574,1750261.0,0.0180395952375102,0.6388637475611166,0.005083723205515,0.0202795542577814
2022,205801,227,EDI DONA MARCELA,2022,2021,9,224425,192851,31574,1750261.0,0.0180395952375102,0.6388637475611166,0.005083723205515,0.0202795542577814
2022,205802,55,EDI PORTO RICO,2022,2021,9,224425,192851,31574,1750261.0,0.0180395952375102,0.6388637475611166,0.005083723205515,0.0202795542577814
2022,206601,145,CM DOUTOR SOBRAL PINTO,2022,2021,9,224425,192851,31574,1750261.0,0.0180395952375102,0.6388637475611166,0.005083723205515,0.0202795542577814
2022,206602,204,CM VIDIGAL,2022,2021,9,224425,192851,31574,1750261.0,0.0180395952375102,0.6388637475611166,0.005083723205515,0.0202795542577814
2022,206603,266,CM JACÓ INÁCIO GOMES,2022,2021,9,224425,192851,31574,1750261.0,0.0180395952375102,0.6388637475611166,0.005083723205515,0.0202795542577814
2022,206605,250,CM DOUTOR PEDRO BLOCH,2022,2021,9,224425,192851,31574,1750261.0,0.0180395952375102,0.6388637475611166,0.005083723205515,0.0202795542577814
2022,206606,313,CM ELZA MACHADO DOS SANTOS - TIA ELZA,2022,2021,9,224425,192851,31574,1750261.0,0.0180395952375102,0.6388637475611166,0.005083723205515,0.0202795542577814
2022,208601,122,CM CASA BRANCA - PROFESSOR PAULO FREIRE,2022,2021,9,224425,192851,31574,1750261.0,0.0180395952375102,0.6388637475611166,0.005083723205515,0.0202795542577814
2022,208603,107,CM RAÍZES DO SALGUEIRO,2022,2021,9,224425,192851,31574,1750261.0,0.0180395952375102,0.6388637475611166,0.005083723205515,0.0202795542577814
2022,208604,185,CM TIA BELA,2022,2021,9,224425,192851,31574,1750261.0,0.0180395952375102,0.6388637475611166,0.005083723205515,0.0202795542577814
2022,208605,88,CM TIA MARIA,2022,2021,9,224425,192851,31574,1750261.0,0.0180395952375102,0.6388637475611166,0.005083723205515,0.0202795542577814
2022,208606,148,CM DOUTOR RONALDO LUIZ GAZOLLA,2022,2021,9,224425,192851,31574,1750261.0,0.0180395952375102,0.6388637475611166,0.005083723205515,0.0202795542577814
2022,208607,110,CM DOS SONHOS,2022,2021,9,224425,192851,31574,1750261.0,0.0180395952375102,0.6388637475611166,0.005083723205515,0.0202795542577814
2022,208608,264,CM DOUTOR SÉRGIO AROUCA,2022,2021,9,224425,192851,31574,1750261.0,0.0180395952375102,0.6388637475611166,0.005083723205515,0.0202795542577814
2022,208801,132,EDI IGOR MORAES DA SILVA,2022,2021,9,224425,192851,31574,1750261.0,0.0180395952375102,0.6388637475611166,0.005083723205515,0.0202795542577814
2022,208806,81,EDI RAIO DE SOL,2022,2021,9,224425,192851,31574,1750261.0,0.0180395952375102,0.6388637475611166,0.005083723205515,0.0202795542577814
2022,209601,192,CM PIPA NO CÉU,2022,2021,9,224425,192851,31574,1750261.0,0.0180395952375102,0.6388637475611166,0.005083723205515,0.0202795542577814
2022,209602,188,CM CANTINHO DO CÉU,2022,2021,9,224425,192851,31574,1750261.0,0.0180395952375102,0.6388637475611166,0.005083723205515,0.0202795542577814
2022,209603,65,CM GALDINO MANOEL DA SILVA,2022,2021,9,224425,192851,31574,1750261.0,0.0180395952375102,0.6388637475611166,0.005083723205515,0.0202795542577814
2022,209604,104,CM NOVA DIVINÉIA,2022,2021,9,224425,192851,31574,1750261.0,0.0180395952375102,0.6388637475611166,0.005083723205515,0.0202795542577814
2022,209605,103,CM SÃO SEBASTIÃO - ARRELIA,2022,2021,9,224425,192851,31574,1750261.0,0.0180395952375102,0.6388637475611166,0.005083723205515,0.0202795542577814
2022,209606,95,CM WINNIE MANDELA,2022,2021,9,224425,192851,31574,1750261.0,0.0180395952375102,0.6388637475611166,0.005083723205515,0.0202795542577814
2022,209607,164,CM SOLANGE MARIA MAGALHÃES,2022,2021,9,224425,192851,31574,1750261.0,0.0180395952375102,0.6388637475611166,0.005083723205515,0.0202795542577814
2022,209608,211,CM GERMINAL DA VILA,2022,2021,9,224425,192851,31574,1750261.0,0.0180395952375102,0.6388637475611166,0.005083723205515,0.0202795542577814
2022,209609,235,CM PAPA JOÃO PAULO II,2022,2021,9,224425,192851,31574,1750261.0,0.0180395952375102,0.6388637475611166,0.005083723205515,0.0202795542577814
2022,209610,201,CM FRANCISCO DE PAULA,2022,2021,9,224425,192851,31574,1750261.0,0.0180395952375102,0.6388637475611166,0.005083723205515,0.0202795542577814
2022,209801,71,EDI BARBARA OTTONI,2022,2021,9,224425,192851,31574,1750261.0,0.0180395952375102,0.6388637475611166,0.005083723205515,0.0202795542577814
2022,209802,46,EDI ANÍBAL MACHADO,2022,2021,9,224425,192851,31574,1750261.0,0.0180395952375102,0.6388637475611166,0.005083723205515,0.0202795542577814
2022,209803,181,EDI PROFESSORA SUELY DE PINHO CAVALCANTE,2022,2021,9,224425,192851,31574,1750261.0,0.0180395952375102,0.6388637475611166,0.005083723205515,0.0202795542577814
2022,209804,88,EDI PROFESSORA LUCIA MARIA QUITETE DE CARVALHO AMARAL,2022,2021,9,224425,192851,31574,1750261.0,0.0180395952375102,0.6388637475611166,0.005083723205515,0.0202795542577814
2022,227601,300,CM CASTELINHO,2022,2021,9,224425,192851,31574,1750261.0,0.0180395952375102,0.6388637475611166,0.005083723205515,0.0202795542577814
2022,227602,44,CM IACYRA FRAZÃO,2022,2021,9,224425,192851,31574,1750261.0,0.0180395952375102,0.6388637475611166,0.005083723205515,0.0202795542577814
2022,227801,431,EDI PROFESSORA EDIR CASEIRO RIBEIRO,2022,2021,9,224425,192851,31574,1750261.0,0.0180395952375102,0.6388637475611166,0.005083723205515,0.0202795542577814
2022,312010,80,EM PACE,2022,2021,9,224425,192851,31574,1750261.0,0.0180395952375102,0.6388637475611166,0.005083723205515,0.0202795542577814
2022,312017,93,EM LAURO SODRÉ,2022,2021,9,224425,192851,31574,1750261.0,0.0180395952375102,0.6388637475611166,0.005083723205515,0.0202795542577814
2022,312502,271,CIEP PROCÓPIO FERREIRA,2022,2021,9,224425,192851,31574,1750261.0,0.0180395952375102,0.6388637475611166,0.005083723205515,0.0202795542577814
2022,312601,397,CM CANTINHO FELIZ,2022,2021,9,224425,192851,31574,1750261.0,0.0180395952375102,0.6388637475611166,0.005083723205515,0.0202795542577814
2022,312602,330,CM ENGENHO DA RAINHA,2022,2021,9,224425,192851,31574,1750261.0,0.0180395952375102,0.6388637475611166,0.005083723205515,0.0202795542577814
2022,312603,405,CM RENASCER,2022,2021,9,224425,192851,31574,1750261.0,0.0180395952375102,0.6388637475611166,0.005083723205515,0.0202795542577814
2022,312801,303,EDI HENRIQUE FORÉIS,2022,2021,9,224425,192851,31574,1750261.0,0.0180395952375102,0.6388637475611166,0.005083723205515,0.0202795542577814
2022,312802,190,EDI LUCIA MARIA BATISTA DE ALBUQUERQUE,2022,2021,9,224425,192851,31574,1750261.0,0.0180395952375102,0.6388637475611166,0.005083723205515,0.0202795542577814
2022,312803,143,EDI PROFESSORA LUIZA HELENA MAIA MEDEIROS,2022,2021,9,224425,192851,31574,1750261.0,0.0180395952375102,0.6388637475611166,0.005083723205515,0.0202795542577814
2022,312804,262,EDI PROFESSORA TÂNIA MARTINS NOVO LENZ,2022,2021,9,224425,192851,31574,1750261.0,0.0180395952375102,0.6388637475611166,0.005083723205515,0.0202795542577814
2022,312805,447,EDI TANIA CRISTINA MOREIRA,2022,2021,9,224425,192851,31574,1750261.0,0.0180395952375102,0.6388637475611166,0.005083723205515,0.0202795542577814
2022,312806,340,EDI PROFESSORA ELIANE MONTE CHIARI DANTAS,2022,2021,9,224425,192851,31574,1750261.0,0.0180395952375102,0.6388637475611166,0.005083723205515,0.0202795542577814
2022,312809,335,EDI PROFESSORA VALÉRIA PEREIRA DE SOUZA PINTO,2022,2021,9,224425,192851,31574,1750261.0,0.0180395952375102,0.6388637475611166,0.005083723205515,0.0202795542577814
2022,312810,119,EDI MARIA MAZZETTI,2022,2021,9,224425,192851,31574,1750261.0,0.0180395952375102,0.6388637475611166,0.005083723205515,0.0202795542577814
2022,312811,61,EDI BRICIO FILHO,2022,2021,9,224425,192851,31574,1750261.0,0.0180395952375102,0.6388637475611166,0.005083723205515,0.0202795542577814
2022,312812,236,EDI HERMENEGILDO DE BARROS,2022,2021,9,224425,192851,31574,1750261.0,0.0180395952375102,0.6388637475611166,0.005083723205515,0.0202795542577814
2022,313012,20,EM SENADOR JOÃO LYRA TAVARES,2022,2021,9,224425,192851,31574,1750261.0,0.0180395952375102,0.6388637475611166,0.005083723205515,0.0202795542577814
2022,313025,7,EM PROFESSOR VISITAÇÃO,2022,2021,9,224425,192851,31574,1750261.0,0.0180395952375102,0.6388637475611166,0.005083723205515,0.0202795542577814
2022,313503,11,EM LINS DE VASCONCELOS,2022,2021,9,224425,192851,31574,1750261.0,0.0180395952375102,0.6388637475611166,0.005083723205515,0.0202795542577814
2022,313601,229,CM VILA DOS MINEIROS,2022,2021,9,224425,192851,31574,1750261.0,0.0180395952375102,0.6388637475611166,0.005083723205515,0.0202795542577814
2022,313602,178,CM ACONCHEGO,2022,2021,9,224425,192851,31574,1750261.0,0.0180395952375102,0.6388637475611166,0.005083723205515,0.0202795542577814
2022,313603,247,CM SYLVIA ORTHOF,2022,2021,9,224425,192851,31574,1750261.0,0.0180395952375102,0.6388637475611166,0.005083723205515,0.0202795542577814
2022,313604,231,CM NOSSO CANTINHO,2022,2021,9,224425,192851,31574,1750261.0,0.0180395952375102,0.6388637475611166,0.005083723205515,0.0202795542577814
2022,313606,195,CM CANTINHO DO QUETO,2022,2021,9,224425,192851,31574,1750261.0,0.0180395952375102,0.6388637475611166,0.005083723205515,0.0202795542577814
2022,313607,337,CM ODETINHA VIDAL DE OLIVEIRA,2022,2021,9,224425,192851,31574,1750261.0,0.0180395952375102,0.6388637475611166,0.005083723205515,0.0202795542577814
2022,313608,499,CM RACHEL LEITE DIAS,2022,2021,9,224425,192851,31574,1750261.0,0.0180395952375102,0.6388637475611166,0.005083723205515,0.0202795542577814
2022,313609,234,CM RECANTO DA CACHOEIRA,2022,2021,9,224425,192851,31574,1750261.0,0.0180395952375102,0.6388637475611166,0.005083723205515,0.0202795542577814
2022,313610,271,CM EMMANUEL,2022,2021,9,224425,192851,31574,1750261.0,0.0180395952375102,0.6388637475611166,0.005083723205515,0.0202795542577814
2022,313611,421,CM JOSÉ RAMOS JANUÁRIO - ZÉ PRETINHO,2022,2021,9,224425,192851,31574,1750261.0,0.0180395952375102,0.6388637475611166,0.005083723205515,0.0202795542577814
2022,313612,414,CM MARCILIA CATARINA DA COSTA ORGÉLIO - TIA MANA,2022,2021,9,224425,192851,31574,1750261.0,0.0180395952375102,0.6388637475611166,0.005083723205515,0.0202795542577814
2022,313801,193,EDI PROF. JOSÉ LIBONATI FILHO,2022,2021,9,224425,192851,31574,1750261.0,0.0180395952375102,0.6388637475611166,0.005083723205515,0.0202795542577814
2022,313802,597,EDI ANÍSIO TEIXEIRA,2022,2021,9,224425,192851,31574,1750261.0,0.0180395952375102,0.6388637475611166,0.005083723205515,0.0202795542577814
2022,313804,186,EDI GEORGE BERNANOS,2022,2021,9,224425,192851,31574,1750261.0,0.0180395952375102,0.6388637475611166,0.005083723205515,0.0202795542577814
2022,313805,228,EDI MAURÍCIO CARDOSO,2022,2021,9,224425,192851,31574,1750261.0,0.0180395952375102,0.6388637475611166,0.005083723205515,0.0202795542577814
2022,313806,194,EDI EDUCANDÁRIO DE SANTA CRUZ,2022,2021,9,224425,192851,31574,1750261.0,0.0180395952375102,0.6388637475611166,0.005083723205515,0.0202795542577814
2022,313809,191,EDI ESCULTORA LYGIA CLARK,2022,2021,9,224425,192851,31574,1750261.0,0.0180395952375102,0.6388637475611166,0.005083723205515,0.0202795542577814
2022,313830,119,EDI FÉLIX PACHECO,2022,2021,9,224425,192851,31574,1750261.0,0.0180395952375102,0.6388637475611166,0.005083723205515,0.0202795542577814
2022,328601,213,CM GERALDA DE JESUS ALEIXO,2022,2021,9,224425,192851,31574,1750261.0,0.0180395952375102,0.6388637475611166,0.005083723205515,0.0202795542577814
2022,328602,410,CM TIA ANDREZA,2022,2021,9,224425,192851,31574,1750261.0,0.0180395952375102,0.6388637475611166,0.005083723205515,0.0202795542577814
2022,328604,351,CM DA COMUNIDADE DO JACAREZINHO,2022,2021,9,224425,192851,31574,1750261.0,0.0180395952375102,0.6388637475611166,0.005083723205515,0.0202795542577814
2022,328801,470,EDI PADRE NELSON CARLOS DEL MÔNACO,2022,2021,9,224425,192851,31574,1750261.0,0.0180395952375102,0.6388637475611166,0.005083723205515,0.0202795542577814
2022,329801,419,EDI DONA LINDU,2022,2021,9,224425,192851,31574,1750261.0,0.0180395952375102,0.6388637475611166,0.005083723205515,0.0202795542577814
2022,330601,274,CM JOSÉ DE VIEIRA DA SILVA,2022,2021,9,224425,192851,31574,1750261.0,0.0180395952375102,0.6388637475611166,0.005083723205515,0.0202795542577814
2022,330602,377,CM NOVA BRASÍLIA,2022,2021,9,224425,192851,31574,1750261.0,0.0180395952375102,0.6388637475611166,0.005083723205515,0.0202795542577814
2022,410601,187,CM MANGUINHOS,2022,2021,9,224425,192851,31574,1750261.0,0.0180395952375102,0.6388637475611166,0.005083723205515,0.0202795542577814
2022,410602,222,CM DR. JUVENIL DE SOUZA LOPES,2022,2021,9,224425,192851,31574,1750261.0,0.0180395952375102,0.6388637475611166,0.005083723205515,0.0202795542577814
2022,410603,435,CM CHICO BENTO,2022,2021,9,224425,192851,31574,1750261.0,0.0180395952375102,0.6388637475611166,0.005083723205515,0.0202795542577814
2022,410801,501,EDI DOUTOR DOMINGOS ARTHUR MACHADO FILHO,2022,2021,9,224425,192851,31574,1750261.0,0.0180395952375102,0.6388637475611166,0.005083723205515,0.0202795542577814
2022,410802,206,EDI DOUTOR ANTÔNIO FERNANDES FIGUEIRA,2022,2021,9,224425,192851,31574,1750261.0,0.0180395952375102,0.6388637475611166,0.005083723205515,0.0202795542577814
2022,410803,118,EDI JOAQUIM VENÂNCIO,2022,2021,9,224425,192851,31574,1750261.0,0.0180395952375102,0.6388637475611166,0.005083723205515,0.0202795542577814
2022,410804,96,EDI SARGENTO JORGE FALEIRO SOUZA,2022,2021,9,224425,192851,31574,1750261.0,0.0180395952375102,0.6388637475611166,0.005083723205515,0.0202795542577814
2022,410805,361,EDI COMPOSITOR NEOCI DIAS DE ANDRADE,2022,2021,9,224425,192851,31574,1750261.0,0.0180395952375102,0.6388637475611166,0.005083723205515,0.0202795542577814
2022,410806,86,EDI PIERRE JANET,2022,2021,9,224425,192851,31574,1750261.0,0.0180395952375102,0.6388637475611166,0.005083723205515,0.0202795542577814
2022,410807,318,EDI PROFESSORA TANIA DA ROCHA CORREA,2022,2021,9,224425,192851,31574,1750261.0,0.0180395952375102,0.6388637475611166,0.005083723205515,0.0202795542577814
2022,410808,295,EDI ALMIR LEITE RIBEIRO,2022,2021,9,224425,192851,31574,1750261.0,0.0180395952375102,0.6388637475611166,0.005083723205515,0.0202795542577814
2022,410810,264,EDI MIGUEL COUTO,2022,2021,9,224425,192851,31574,1750261.0,0.0180395952375102,0.6388637475611166,0.005083723205515,0.0202795542577814
2022,410811,42,EDI LAIS NETTO DOS REIS,2022,2021,9,224425,192851,31574,1750261.0,0.0180395952375102,0.6388637475611166,0.005083723205515,0.0202795542577814
2022,411601,343,CM CARLOS DRUMMOND DE ANDRADE,2022,2021,9,224425,192851,31574,1750261.0,0.0180395952375102,0.6388637475611166,0.005083723205515,0.0202795542577814
2022,411602,217,CM TEMPO DE APRENDER,2022,2021,9,224425,192851,31574,1750261.0,0.0180395952375102,0.6388637475611166,0.005083723205515,0.0202795542577814
2022,411603,155,CM MORRO DA PAZ,2022,2021,9,224425,192851,31574,1750261.0,0.0180395952375102,0.6388637475611166,0.005083723205515,0.0202795542577814
2022,411604,148,CM BETINHO,2022,2021,9,224425,192851,31574,1750261.0,0.0180395952375102,0.6388637475611166,0.005083723205515,0.0202795542577814
2022,411605,189,CM CARACOL,2022,2021,9,224425,192851,31574,1750261.0,0.0180395952375102,0.6388637475611166,0.005083723205515,0.0202795542577814
2022,411607,116,CM MARIA ALTAMIRA C. OLEGÁRIO,2022,2021,9,224425,192851,31574,1750261.0,0.0180395952375102,0.6388637475611166,0.005083723205515,0.0202795542577814
2022,411609,309,CM TIA RUTH COSTA DOS SANTOS,2022,2021,9,224425,192851,31574,1750261.0,0.0180395952375102,0.6388637475611166,0.005083723205515,0.0202795542577814
2022,411610,38,CM MUSSUM - O TRAPALHÃO,2022,2021,9,224425,192851,31574,1750261.0,0.0180395952375102,0.6388637475611166,0.005083723205515,0.0202795542577814
2022,411801,531,EDI MARIANA ROCHA DE SOUZA,2022,2021,9,224425,192851,31574,1750261.0,0.0180395952375102,0.6388637475611166,0.005083723205515,0.0202795542577814
2022,411802,146,EDI JOEL LUIZ DE AZEVEDO BASTOS,2022,2021,9,224425,192851,31574,1750261.0,0.0180395952375102,0.6388637475611166,0.005083723205515,0.0202795542577814
2022,411803,287,EDI MARIA DE LOURDES FERREIRA,2022,2021,9,224425,192851,31574,1750261.0,0.0180395952375102,0.6388637475611166,0.005083723205515,0.0202795542577814
2022,411804,10,EDI MORRO DA FÉ,2022,2021,9,224425,192851,31574,1750261.0,0.0180395952375102,0.6388637475611166,0.005083723205515,0.0202795542577814
2022,411805,52,EDI EDMUNDO DA LUZ PINTO,2022,2021,9,224425,192851,31574,1750261.0,0.0180395952375102,0.6388637475611166,0.005083723205515,0.0202795542577814
2022,411808,33,EDI PIONEIRAS SOCIAIS Nº12,2022,2021,9,224425,192851,31574,1750261.0,0.0180395952375102,0.6388637475611166,0.005083723205515,0.0202795542577814
2022,430601,446,CM MENINO MALUQUINHO,2022,2021,9,224425,192851,31574,1750261.0,0.0180395952375102,0.6388637475611166,0.005083723205515,0.0202795542577814
2022,430602,366,CM VILA PINHEIRO,2022,2021,9,224425,192851,31574,1750261.0,0.0180395952375102,0.6388637475611166,0.005083723205515,0.0202795542577814
2022,430603,368,CM TIO MÁRIO,2022,2021,9,224425,192851,31574,1750261.0,0.0180395952375102,0.6388637475611166,0.005083723205515,0.0202795542577814
2022,430604,225,CM MONTEIRO LOBATO,2022,2021,9,224425,192851,31574,1750261.0,0.0180395952375102,0.6388637475611166,0.005083723205515,0.0202795542577814
2022,430605,104,CM NOVA HOLANDA,2022,2021,9,224425,192851,31574,1750261.0,0.0180395952375102,0.6388637475611166,0.005083723205515,0.0202795542577814
2022,430607,81,CM PROFESSOR PAULO FREIRE,2022,2021,9,224425,192851,31574,1750261.0,0.0180395952375102,0.6388637475611166,0.005083723205515,0.0202795542577814
2022,430801,234,"EDI PESCADOR ISIDORO DUARTE - ""DORO""",2022,2021,9,224425,192851,31574,1750261.0,0.0180395952375102,0.6388637475611166,0.005083723205515,0.0202795542577814
2022,430802,335,EDI PROFESSORA KELITA FARIA DE PAULA,2022,2021,9,224425,192851,31574,1750261.0,0.0180395952375102,0.6388637475611166,0.005083723205515,0.0202795542577814
2022,430803,193,EDI PROFESSOR MOACYR DE GÓES,2022,2021,9,224425,192851,31574,1750261.0,0.0180395952375102,0.6388637475611166,0.005083723205515,0.0202795542577814
2022,430805,235,EDI PROFESSORA SOLANGE CONCEIÇÃO TRICARICO,2022,2021,9,224425,192851,31574,1750261.0,0.0180395952375102,0.6388637475611166,0.005083723205515,0.0202795542577814
2022,430806,244,EDI CLEIA SANTOS DE OLIVEIRA,2022,2021,9,224425,192851,31574,1750261.0,0.0180395952375102,0.6388637475611166,0.005083723205515,0.0202795542577814
2022,430807,281,EDI MARIA AMÉLIA CASTRO E SILVA BELFORT,2022,2021,9,224425,192851,31574,1750261.0,0.0180395952375102,0.6388637475611166,0.005083723205515,0.0202795542577814
2022,430808,100,EDI AZOILDA TRINDADE (ZÔ),2022,2021,9,224425,192851,31574,1750261.0,0.0180395952375102,0.6388637475611166,0.005083723205515,0.0202795542577814
2022,430809,380,EDI MEDALHISTA OLÍMPICO LUIZ FELIPE MARQUES FONTELES,2022,2021,9,224425,192851,31574,1750261.0,0.0180395952375102,0.6388637475611166,0.005083723205515,0.0202795542577814
2022,430810,414,EDI MEDALHISTA OLÍMPICO EVANDRO MOTTA MARCONDES GUERRA,2022,2021,9,224425,192851,31574,1750261.0,0.0180395952375102,0.6388637475611166,0.005083723205515,0.0202795542577814
2022,430811,430,EDI MEDALHISTA OLÍMPICO WILLIAM PEIXOTO ARJONA,2022,2021,9,224425,192851,31574,1750261.0,0.0180395952375102,0.6388637475611166,0.005083723205515,0.0202795542577814
2022,430812,214,EDI MEDALHISTA OLÍMPICO EDER FRANCIS CARBONERA,2022,2021,9,224425,192851,31574,1750261.0,0.0180395952375102,0.6388637475611166,0.005083723205515,0.0202795542577814
2022,430813,108,EDI ARMANDO DE SALLES OLIVEIRA,2022,2021,9,224425,192851,31574,1750261.0,0.0180395952375102,0.6388637475611166,0.005083723205515,0.0202795542577814
2022,430815,44,EDI PESCADOR ALBANO ROSA,2022,2021,9,224425,192851,31574,1750261.0,0.0180395952375102,0.6388637475611166,0.005083723205515,0.0202795542577814
2022,431601,205,CM LUÍS CARLOS DE OLIVEIRA CÂMARA,2022,2021,9,224425,192851,31574,1750261.0,0.0180395952375102,0.6388637475611166,0.005083723205515,0.0202795542577814
2022,431602,362,CM BARBOSA LIMA SOBRINHO,2022,2021,9,224425,192851,31574,1750261.0,0.0180395952375102,0.6388637475611166,0.005083723205515,0.0202795542577814
2022,431603,169,CM CHICO MENDES,2022,2021,9,224425,192851,31574,1750261.0,0.0180395952375102,0.6388637475611166,0.005083723205515,0.0202795542577814
2022,431604,182,CM CORAÇÃO DE GENEVE,2022,2021,9,224425,192851,31574,1750261.0,0.0180395952375102,0.6388637475611166,0.005083723205515,0.0202795542577814
2022,431605,367,CM SEMPRE VIDA DIQUE,2022,2021,9,224425,192851,31574,1750261.0,0.0180395952375102,0.6388637475611166,0.005083723205515,0.0202795542577814
2022,431606,102,CM VISCONDE DE SABUGOSA,2022,2021,9,224425,192851,31574,1750261.0,0.0180395952375102,0.6388637475611166,0.005083723205515,0.0202795542577814
2022,431607,27,CM ACAUÃ,2022,2021,9,224425,192851,31574,1750261.0,0.0180395952375102,0.6388637475611166,0.005083723205515,0.0202795542577814
2022,431608,98,CM ARI PIMENTEL,2022,2021,9,224425,192851,31574,1750261.0,0.0180395952375102,0.6388637475611166,0.005083723205515,0.0202795542577814
2022,431801,37,EDI CARVALHO MOURÃO,2022,2021,9,224425,192851,31574,1750261.0,0.0180395952375102,0.6388637475611166,0.005083723205515,0.0202795542577814
2022,431802,449,EDI PROFESSOR CARLOS FALSETH,2022,2021,9,224425,192851,31574,1750261.0,0.0180395952375102,0.6388637475611166,0.005083723205515,0.0202795542577814
2022,431803,77,EDI PROFESSOR EMMANUEL PEREIRA FILHO,2022,2021,9,224425,192851,31574,1750261.0,0.0180395952375102,0.6388637475611166,0.005083723205515,0.0202795542577814
2022,431804,42,EDI ALFREDO VALLADÃO,2022,2021,9,224425,192851,31574,1750261.0,0.0180395952375102,0.6388637475611166,0.005083723205515,0.0202795542577814
2022,514009,103,EM MATO GROSSO,2022,2021,9,224425,192851,31574,1750261.0,0.0180395952375102,0.6388637475611166,0.005083723205515,0.0202795542577814
2022,514028,95,EM TARSILA DO AMARAL,2022,2021,9,224425,192851,31574,1750261.0,0.0180395952375102,0.6388637475611166,0.005083723205515,0.0202795542577814
2022,514501,93,CIEP DOM OSCAR ROMERO,2022,2021,9,224425,192851,31574,1750261.0,0.0180395952375102,0.6388637475611166,0.005083723205515,0.0202795542577814
2022,514601,233,CM TIO SEBASTIÃO XAVIER,2022,2021,9,224425,192851,31574,1750261.0,0.0180395952375102,0.6388637475611166,0.005083723205515,0.0202795542577814
2022,514602,876,CM JECIÁ DE FREITAS FERREIRA,2022,2021,9,224425,192851,31574,1750261.0,0.0180395952375102,0.6388637475611166,0.005083723205515,0.0202795542577814
2022,514603,392,CM AMÁLIA FERNANDEZ CONDE,2022,2021,9,224425,192851,31574,1750261.0,0.0180395952375102,0.6388637475611166,0.005083723205515,0.0202795542577814
2022,514604,289,CM ESTRELINHA DOURADA,2022,2021,9,224425,192851,31574,1750261.0,0.0180395952375102,0.6388637475611166,0.005083723205515,0.0202795542577814
2022,514605,321,CM O SONHO DE RAMON PASCUAL,2022,2021,9,224425,192851,31574,1750261.0,0.0180395952375102,0.6388637475611166,0.005083723205515,0.0202795542577814
2022,514606,214,CM ACALANTO,2022,2021,9,224425,192851,31574,1750261.0,0.0180395952375102,0.6388637475611166,0.005083723205515,0.0202795542577814
2022,514607,292,CM SEMENTINHA,2022,2021,9,224425,192851,31574,1750261.0,0.0180395952375102,0.6388637475611166,0.005083723205515,0.0202795542577814
2022,514608,262,CM JOSEPH BARBERA,2022,2021,9,224425,192851,31574,1750261.0,0.0180395952375102,0.6388637475611166,0.005083723205515,0.0202795542577814
2022,514609,633,CM PARQUE BOM MENINO,2022,2021,9,224425,192851,31574,1750261.0,0.0180395952375102,0.6388637475611166,0.005083723205515,0.0202795542577814
2022,514801,458,EDI DEPUTADO PEDRO FERNANDES,2022,2021,9,224425,192851,31574,1750261.0,0.0180395952375102,0.6388637475611166,0.005083723205515,0.0202795542577814
2022,514802,106,EDI LUXEMBURGO,2022,2021,9,224425,192851,31574,1750261.0,0.0180395952375102,0.6388637475611166,0.005083723205515,0.0202795542577814
2022,514803,91,EDI JOSÉ ALPOIM,2022,2021,9,224425,192851,31574,1750261.0,0.0180395952375102,0.6388637475611166,0.005083723205515,0.0202795542577814
2022,514804,103,EDI VICENTE DE CARVALHO,2022,2021,9,224425,192851,31574,1750261.0,0.0180395952375102,0.6388637475611166,0.005083723205515,0.0202795542577814
2022,515015,144,EM PADRE DEHON,2022,2021,9,224425,192851,31574,1750261.0,0.0180395952375102,0.6388637475611166,0.005083723205515,0.0202795542577814
2022,515021,143,EM MOZART LAGO,2022,2021,9,224425,192851,31574,1750261.0,0.0180395952375102,0.6388637475611166,0.005083723205515,0.0202795542577814
2022,515046,79,EM ADELMAR TAVARES,2022,2021,9,224425,192851,31574,1750261.0,0.0180395952375102,0.6388637475611166,0.005083723205515,0.0202795542577814
2022,515053,60,EM SENADOR FRANCISCO GALLOTTI,2022,2021,9,224425,192851,31574,1750261.0,0.0180395952375102,0.6388637475611166,0.005083723205515,0.0202795542577814
2022,515064,32,EM MESTRE DARCY DO JONGO,2022,2021,9,224425,192851,31574,1750261.0,0.0180395952375102,0.6388637475611166,0.005083723205515,0.0202795542577814
2022,515501,158,CIEP AUGUSTO PINHEIRO DE CARVALHO,2022,2021,9,224425,192851,31574,1750261.0,0.0180395952375102,0.6388637475611166,0.005083723205515,0.0202795542577814
2022,515503,79,CIEP METALÚRGICO BENEDITO CERQUEIRA,2022,2021,9,224425,192851,31574,1750261.0,0.0180395952375102,0.6388637475611166,0.005083723205515,0.0202795542577814
2022,515601,207,CM OLGA BENÁRIO,2022,2021,9,224425,192851,31574,1750261.0,0.0180395952375102,0.6388637475611166,0.005083723205515,0.0202795542577814
2022,515602,562,CM SÃO MIGUEL ARCANJO,2022,2021,9,224425,192851,31574,1750261.0,0.0180395952375102,0.6388637475611166,0.005083723205515,0.0202795542577814
2022,515604,455,CM GERCINDA ROSA FONSECA,2022,2021,9,224425,192851,31574,1750261.0,0.0180395952375102,0.6388637475611166,0.005083723205515,0.0202795542577814
2022,515605,441,CM JOSÉ RAIMUNDO DE SOUZA ALVES,2022,2021,9,224425,192851,31574,1750261.0,0.0180395952375102,0.6388637475611166,0.005083723205515,0.0202795542577814
2022,515606,364,CM JOSUÉ DE CASTRO,2022,2021,9,224425,192851,31574,1750261.0,0.0180395952375102,0.6388637475611166,0.005083723205515,0.0202795542577814
2022,515607,511,CM MANÉ GARRINCHA I,2022,2021,9,224425,192851,31574,1750261.0,0.0180395952375102,0.6388637475611166,0.005083723205515,0.0202795542577814
2022,515608,229,CM MARIA JOSÉ DE PAULA DE JESUS,2022,2021,9,224425,192851,31574,1750261.0,0.0180395952375102,0.6388637475611166,0.005083723205515,0.0202795542577814
2022,515610,164,CM SEMPRE VIDA PALMEIRINHA,2022,2021,9,224425,192851,31574,1750261.0,0.0180395952375102,0.6388637475611166,0.005083723205515,0.0202795542577814
2022,515611,234,CM VOVÓ MARIA JOANA,2022,2021,9,224425,192851,31574,1750261.0,0.0180395952375102,0.6388637475611166,0.005083723205515,0.0202795542577814
2022,515612,215,CM TIA MARIA DO JONGO,2022,2021,9,224425,192851,31574,1750261.0,0.0180395952375102,0.6388637475611166,0.005083723205515,0.0202795542577814
2022,515613,282,CM MANOEL DA ROCHA APRISCO,2022,2021,9,224425,192851,31574,1750261.0,0.0180395952375102,0.6388637475611166,0.005083723205515,0.0202795542577814
2022,515801,599,EDI KARINE LORRAINE CHAGAS DE OLIVEIRA,2022,2021,9,224425,192851,31574,1750261.0,0.0180395952375102,0.6388637475611166,0.005083723205515,0.0202795542577814
2022,515802,170,EDI GUSTAVO LESSA,2022,2021,9,224425,192851,31574,1750261.0,0.0180395952375102,0.6388637475611166,0.005083723205515,0.0202795542577814
2022,515803,154,EDI PIO XII,2022,2021,9,224425,192851,31574,1750261.0,0.0180395952375102,0.6388637475611166,0.005083723205515,0.0202795542577814
2022,515804,167,EDI FERNÃO DIAS,2022,2021,9,224425,192851,31574,1750261.0,0.0180395952375102,0.6388637475611166,0.005083723205515,0.0202795542577814
2022,515805,88,EDI ROCHA POMBO,2022,2021,9,224425,192851,31574,1750261.0,0.0180395952375102,0.6388637475611166,0.005083723205515,0.0202795542577814
2022,515807,189,EDI BURITI CONGONHAS,2022,2021,9,224425,192851,31574,1750261.0,0.0180395952375102,0.6388637475611166,0.005083723205515,0.0202795542577814
2022,515808,145,EDI GUARACIARA RODRIGUES DINIZ,2022,2021,9,224425,192851,31574,1750261.0,0.0180395952375102,0.6388637475611166,0.005083723205515,0.0202795542577814
2022,515809,489,EDI PROFESSOR UBIRAJARA DE PAULA CASTRO,2022,2021,9,224425,192851,31574,1750261.0,0.0180395952375102,0.6388637475611166,0.005083723205515,0.0202795542577814
2022,515810,408,EDI PROFESSORA TEREZINHA SARDOUX HENRIQUES,2022,2021,9,224425,192851,31574,1750261.0,0.0180395952375102,0.6388637475611166,0.005083723205515,0.0202795542577814
2022,622023,130,EM GILBERTO AMADO,2022,2021,9,224425,192851,31574,1750261.0,0.0180395952375102,0.6388637475611166,0.005083723205515,0.0202795542577814
2022,622202,298,CIEP GENERAL AUGUSTO CESAR SANDINO,2022,2021,9,224425,192851,31574,1750261.0,0.0180395952375102,0.6388637475611166,0.005083723205515,0.0202795542577814
2022,622601,430,CM JOSÉ GOULART,2022,2021,9,224425,192851,31574,1750261.0,0.0180395952375102,0.6388637475611166,0.005083723205515,0.0202795542577814
2022,622602,336,CM SILVIO AMANCIO,2022,2021,9,224425,192851,31574,1750261.0,0.0180395952375102,0.6388637475611166,0.005083723205515,0.0202795542577814
2022,622603,419,CM YARA AMARAL,2022,2021,9,224425,192851,31574,1750261.0,0.0180395952375102,0.6388637475611166,0.005083723205515,0.0202795542577814
2022,622801,381,EDI ERNANI CARDOSO,2022,2021,9,224425,192851,31574,1750261.0,0.0180395952375102,0.6388637475611166,0.005083723205515,0.0202795542577814
2022,622802,91,EDI PROFESSORA MILTOLINA DA SILVA,2022,2021,9,224425,192851,31574,1750261.0,0.0180395952375102,0.6388637475611166,0.005083723205515,0.0202795542577814
2022,622804,524,EDI MEDALHISTA PARALÍMPICO DANIEL MARTINS,2022,2021,9,224425,192851,31574,1750261.0,0.0180395952375102,0.6388637475611166,0.005083723205515,0.0202795542577814
2022,622805,394,EDI MEDALHISTA OLÍMPICO MAURÍCIO LUIZ DE SOUZA,2022,2021,9,224425,192851,31574,1750261.0,0.0180395952375102,0.6388637475611166,0.005083723205515,0.0202795542577814
2022,622809,115,EDI NORONHA SANTOS,2022,2021,9,224425,192851,31574,1750261.0,0.0180395952375102,0.6388637475611166,0.005083723205515,0.0202795542577814
2022,622810,123,EDI ANTÔNIO FRANCISCO LISBOA,2022,2021,9,224425,192851,31574,1750261.0,0.0180395952375102,0.6388637475611166,0.005083723205515,0.0202795542577814
2022,625601,204,CM OS SABIDINHOS,2022,2021,9,224425,192851,31574,1750261.0,0.0180395952375102,0.6388637475611166,0.005083723205515,0.0202795542577814
2022,625602,184,CM PROFESSORA JUREMA GOMES SAMPAIO DELFIM,2022,2021,9,224425,192851,31574,1750261.0,0.0180395952375102,0.6388637475611166,0.005083723205515,0.0202795542577814
2022,625603,178,CM DR. ALBERT SABIN,2022,2021,9,224425,192851,31574,1750261.0,0.0180395952375102,0.6388637475611166,0.005083723205515,0.0202795542577814
2022,625604,498,CM HERBERT DE SOUZA - BETINHO,2022,2021,9,224425,192851,31574,1750261.0,0.0180395952375102,0.6388637475611166,0.005083723205515,0.0202795542577814
2022,625605,291,CM LUÍS CARLOS PRESTES,2022,2021,9,224425,192851,31574,1750261.0,0.0180395952375102,0.6388637475611166,0.005083723205515,0.0202795542577814
2022,625606,465,CM LUÍS DE SOUZA DA COSTA BARROS,2022,2021,9,224425,192851,31574,1750261.0,0.0180395952375102,0.6388637475611166,0.005083723205515,0.0202795542577814
2022,625607,532,CM LUIZA DE BARROS DE SÁ FREIRE,2022,2021,9,224425,192851,31574,1750261.0,0.0180395952375102,0.6388637475611166,0.005083723205515,0.0202795542577814
2022,625608,285,CM MAJOR CELESTINO R. DOS SANTOS,2022,2021,9,224425,192851,31574,1750261.0,0.0180395952375102,0.6388637475611166,0.005083723205515,0.0202795542577814
2022,625609,182,CM SÔNIA MARIA DE M. ANGEL JONES,2022,2021,9,224425,192851,31574,1750261.0,0.0180395952375102,0.6388637475611166,0.005083723205515,0.0202795542577814
2022,625610,190,CM ZUZU ANGEL,2022,2021,9,224425,192851,31574,1750261.0,0.0180395952375102,0.6388637475611166,0.005083723205515,0.0202795542577814
2022,625611,422,CM ZILKA SALABERRY,2022,2021,9,224425,192851,31574,1750261.0,0.0180395952375102,0.6388637475611166,0.005083723205515,0.0202795542577814
2022,625612,553,CM YEDDA MARQUES LAMOUNIER DE ANDRADE MACIEL,2022,2021,9,224425,192851,31574,1750261.0,0.0180395952375102,0.6388637475611166,0.005083723205515,0.0202795542577814
2022,625614,413,CM SIMONE DE BEAUVOIR,2022,2021,9,224425,192851,31574,1750261.0,0.0180395952375102,0.6388637475611166,0.005083723205515,0.0202795542577814
2022,625615,480,CM EDNA LOTTE,2022,2021,9,224425,192851,31574,1750261.0,0.0180395952375102,0.6388637475611166,0.005083723205515,0.0202795542577814
2022,625616,161,CM PROFESSOR ROGÉRIO PEDRO BATISTA,2022,2021,9,224425,192851,31574,1750261.0,0.0180395952375102,0.6388637475611166,0.005083723205515,0.0202795542577814
2022,625801,181,EDI PROFESSORA ROSENICE ROCHA ROQUE,2022,2021,9,224425,192851,31574,1750261.0,0.0180395952375102,0.6388637475611166,0.005083723205515,0.0202795542577814
2022,625802,394,EDI WESLEY GUILBER RODRIGUES DE ANDRADE,2022,2021,9,224425,192851,31574,1750261.0,0.0180395952375102,0.6388637475611166,0.005083723205515,0.0202795542577814
2022,625803,342,EDI PROFESSORA BEATRIZ DE SOUZA MADEIRA,2022,2021,9,224425,192851,31574,1750261.0,0.0180395952375102,0.6388637475611166,0.005083723205515,0.0202795542577814
2022,625804,365,EDI PROFESSORA HELIA LÚCIA MORENO FERREIRA,2022,2021,9,224425,192851,31574,1750261.0,0.0180395952375102,0.6388637475611166,0.005083723205515,0.0202795542577814
2022,625806,76,EDI ANA DE BARROS CÂMARA,2022,2021,9,224425,192851,31574,1750261.0,0.0180395952375102,0.6388637475611166,0.005083723205515,0.0202795542577814
2022,625807,67,EDI FROTA PESSOA,2022,2021,9,224425,192851,31574,1750261.0,0.0180395952375102,0.6388637475611166,0.005083723205515,0.0202795542577814
2022,625813,311,EDI PROFESSORA GRACÍLIA ROSA DE BELÉM MAYOR,2022,2021,9,224425,192851,31574,1750261.0,0.0180395952375102,0.6388637475611166,0.005083723205515,0.0202795542577814
2022,625814,195,EDI PROFESSORA ROSEANE VASCONCELOS,2022,2021,9,224425,192851,31574,1750261.0,0.0180395952375102,0.6388637475611166,0.005083723205515,0.0202795542577814
2022,625815,308,EDI PROFESSORA KRISTINA ROMOLO KIFFER,2022,2021,9,224425,192851,31574,1750261.0,0.0180395952375102,0.6388637475611166,0.005083723205515,0.0202795542577814
2022,625816,318,EDI PROFESSORA REGINA CELI RABELO DE ALMEIDA,2022,2021,9,224425,192851,31574,1750261.0,0.0180395952375102,0.6388637475611166,0.005083723205515,0.0202795542577814
2022,625817,365,EDI PROFESSORA DANIELE SIMÕES DE SOUZA LOPES,2022,2021,9,224425,192851,31574,1750261.0,0.0180395952375102,0.6388637475611166,0.005083723205515,0.0202795542577814
2022,625818,333,EDI MARIA EUGENIA CANELHAS,2022,2021,9,224425,192851,31574,1750261.0,0.0180395952375102,0.6388637475611166,0.005083723205515,0.0202795542577814
2022,625819,369,EDI MARIZA ALVES PIMENTA,2022,2021,9,224425,192851,31574,1750261.0,0.0180395952375102,0.6388637475611166,0.005083723205515,0.0202795542577814
2022,716601,991,CM OTÁVIO HENRIQUE DE OLIVEIRA,2022,2021,9,224425,192851,31574,1750261.0,0.0180395952375102,0.6388637475611166,0.005083723205515,0.0202795542577814
2022,716602,286,CM TIA TEREZA,2022,2021,9,224425,192851,31574,1750261.0,0.0180395952375102,0.6388637475611166,0.005083723205515,0.0202795542577814
2022,716603,1066,CM CRIANÇA DO FUTURO,2022,2021,9,224425,192851,31574,1750261.0,0.0180395952375102,0.6388637475611166,0.005083723205515,0.0202795542577814
2022,716604,421,CM GERMINIO DE SOUZA ESTRELA,2022,2021,9,224425,192851,31574,1750261.0,0.0180395952375102,0.6388637475611166,0.005083723205515,0.0202795542577814
2022,716605,857,CM SEMPRE VIDA NISE DA SILVEIRA,2022,2021,9,224425,192851,31574,1750261.0,0.0180395952375102,0.6388637475611166,0.005083723205515,0.0202795542577814
2022,716606,678,CM AMIGUINHOS DA VILA SAPÊ,2022,2021,9,224425,192851,31574,1750261.0,0.0180395952375102,0.6388637475611166,0.005083723205515,0.0202795542577814
2022,716607,685,CM EMÍLIA JOANA DA FONSECA MARQUES,2022,2021,9,224425,192851,31574,1750261.0,0.0180395952375102,0.6388637475611166,0.005083723205515,0.0202795542577814
2022,716608,791,CM IRMÃ DULCE,2022,2021,9,224425,192851,31574,1750261.0,0.0180395952375102,0.6388637475611166,0.005083723205515,0.0202795542577814
2022,716609,1425,CM RIO NOVO - RIO DAS FLORES,2022,2021,9,224425,192851,31574,1750261.0,0.0180395952375102,0.6388637475611166,0.005083723205515,0.0202795542577814
2022,716610,403,CM TIA MALU,2022,2021,9,224425,192851,31574,1750261.0,0.0180395952375102,0.6388637475611166,0.005083723205515,0.0202795542577814
2022,716611,478,CM VITORINO FREIRE,2022,2021,9,224425,192851,31574,1750261.0,0.0180395952375102,0.6388637475611166,0.005083723205515,0.0202795542577814
2022,716612,312,CM TIA AUTA,2022,2021,9,224425,192851,31574,1750261.0,0.0180395952375102,0.6388637475611166,0.005083723205515,0.0202795542577814
2022,716613,854,CM MARIA DA CONCEIÇÃO SILVEIRA DE CARVALHO,2022,2021,9,224425,192851,31574,1750261.0,0.0180395952375102,0.6388637475611166,0.005083723205515,0.0202795542577814
2022,716614,914,CM AUGUSTO DE CARVALHO TORRES FILHO,2022,2021,9,224425,192851,31574,1750261.0,0.0180395952375102,0.6388637475611166,0.005083723205515,0.0202795542577814
2022,716801,536,EDI DOUTORA ZILDA ARNS,2022,2021,9,224425,192851,31574,1750261.0,0.0180395952375102,0.6388637475611166,0.005083723205515,0.0202795542577814
2022,716802,332,EDI ARTHUR BISPO DO ROSÁRIO,2022,2021,9,224425,192851,31574,1750261.0,0.0180395952375102,0.6388637475611166,0.005083723205515,0.0202795542577814
2022,716803,798,EDI COMPOSITOR ROBERTO RIBEIRO,2022,2021,9,224425,192851,31574,1750261.0,0.0180395952375102,0.6388637475611166,0.005083723205515,0.0202795542577814
2022,716804,222,EDI RODRIGO LOPES (TIKINHO),2022,2021,9,224425,192851,31574,1750261.0,0.0180395952375102,0.6388637475611166,0.005083723205515,0.0202795542577814
2022,716805,474,EDI ANNA MARIA NIEMEYER,2022,2021,9,224425,192851,31574,1750261.0,0.0180395952375102,0.6388637475611166,0.005083723205515,0.0202795542577814
2022,716806,565,EDI PROFESSORA EDILIA COELHO GARCIA,2022,2021,9,224425,192851,31574,1750261.0,0.0180395952375102,0.6388637475611166,0.005083723205515,0.0202795542577814
2022,716807,590,EDI LEILA DINIZ,2022,2021,9,224425,192851,31574,1750261.0,0.0180395952375102,0.6388637475611166,0.005083723205515,0.0202795542577814
2022,716808,848,EDI PROFESSORA MARIA BERENICE PARENTE,2022,2021,9,224425,192851,31574,1750261.0,0.0180395952375102,0.6388637475611166,0.005083723205515,0.0202795542577814
2022,716809,541,EDI PROFESSOR ROBERTO LUIZ PEREIRA,2022,2021,9,224425,192851,31574,1750261.0,0.0180395952375102,0.6388637475611166,0.005083723205515,0.0202795542577814
2022,716813,495,EDI PROFESSORA KENIA MENDES DOS SANTOS,2022,2021,9,224425,192851,31574,1750261.0,0.0180395952375102,0.6388637475611166,0.005083723205515,0.0202795542577814
2022,716814,453,EDI PROFESSORA EMILIA MARIA VIEIRA DE OLIVEIRA,2022,2021,9,224425,192851,31574,1750261.0,0.0180395952375102,0.6388637475611166,0.005083723205515,0.0202795542577814
2022,716815,491,EDI EVARISTO DA VEIGA,2022,2021,9,224425,192851,31574,1750261.0,0.0180395952375102,0.6388637475611166,0.005083723205515,0.0202795542577814
2022,716816,484,EDI DEBRET,2022,2021,9,224425,192851,31574,1750261.0,0.0180395952375102,0.6388637475611166,0.005083723205515,0.0202795542577814
2022,716818,1358,EDI PROFESSORA CLÁUDIA PIRES CONTINO DA SILVA,2022,2021,9,224425,192851,31574,1750261.0,0.0180395952375102,0.6388637475611166,0.005083723205515,0.0202795542577814
2022,716819,1164,EDI PROFESSORA NORMA ANDRADE NOGUEIRA,2022,2021,9,224425,192851,31574,1750261.0,0.0180395952375102,0.6388637475611166,0.005083723205515,0.0202795542577814
2022,716820,1137,EDI MEDALHISTA OLÍMPICA ÁGATHA BEDNARCZUK RIPPEL,2022,2021,9,224425,192851,31574,1750261.0,0.0180395952375102,0.6388637475611166,0.005083723205515,0.0202795542577814
2022,716821,1073,EDI MEDALHISTA PARALÍMPICO FELIPE DE SOUZA GOMES,2022,2021,9,224425,192851,31574,1750261.0,0.0180395952375102,0.6388637475611166,0.005083723205515,0.0202795542577814
2022,716822,805,EDI MARCELO PARENTE GOMES DE OLIVEIRA,2022,2021,9,224425,192851,31574,1750261.0,0.0180395952375102,0.6388637475611166,0.005083723205515,0.0202795542577814
2022,716823,895,EDI PROFESSOR EITEL SEIXAS,2022,2021,9,224425,192851,31574,1750261.0,0.0180395952375102,0.6388637475611166,0.005083723205515,0.0202795542577814
2022,724601,594,CM MARIA VIEIRA BAZANI,2022,2021,9,224425,192851,31574,1750261.0,0.0180395952375102,0.6388637475611166,0.005083723205515,0.0202795542577814
2022,724602,309,CM DINA SFAT,2022,2021,9,224425,192851,31574,1750261.0,0.0180395952375102,0.6388637475611166,0.005083723205515,0.0202795542577814
2022,724603,418,CM BENEDITA SIQUEIRA LOPES,2022,2021,9,224425,192851,31574,1750261.0,0.0180395952375102,0.6388637475611166,0.005083723205515,0.0202795542577814
2022,724604,292,CM EDSON LUIZ,2022,2021,9,224425,192851,31574,1750261.0,0.0180395952375102,0.6388637475611166,0.005083723205515,0.0202795542577814
2022,724605,521,CM SEBASTIÃO BERNARDES DE SOUZA PRATA,2022,2021,9,224425,192851,31574,1750261.0,0.0180395952375102,0.6388637475611166,0.005083723205515,0.0202795542577814
2022,724606,577,CM ROGÉRIO CARDOSO FURTADO,2022,2021,9,224425,192851,31574,1750261.0,0.0180395952375102,0.6388637475611166,0.005083723205515,0.0202795542577814
2022,724801,637,EDI MILENA SANTOS NASCIMENTO,2022,2021,9,224425,192851,31574,1750261.0,0.0180395952375102,0.6388637475611166,0.005083723205515,0.0202795542577814
2022,724802,147,EDI PORFIRIO DIAS,2022,2021,9,224425,192851,31574,1750261.0,0.0180395952375102,0.6388637475611166,0.005083723205515,0.0202795542577814
2022,724803,327,EDI VERA LUCIA MARTINS COSTA,2022,2021,9,224425,192851,31574,1750261.0,0.0180395952375102,0.6388637475611166,0.005083723205515,0.0202795542577814
2022,724804,543,EDI PROFESSORA MATILDE ROSA LOPES DE ARAUJO,2022,2021,9,224425,192851,31574,1750261.0,0.0180395952375102,0.6388637475611166,0.005083723205515,0.0202795542577814
2022,724805,213,EDI TRISTÃO DE ATHAYDE,2022,2021,9,224425,192851,31574,1750261.0,0.0180395952375102,0.6388637475611166,0.005083723205515,0.0202795542577814
2022,724806,242,EDI PROFESSORA RUTH CARDOSO,2022,2021,9,224425,192851,31574,1750261.0,0.0180395952375102,0.6388637475611166,0.005083723205515,0.0202795542577814
2022,724807,546,EDI CARMEN MIRANDA,2022,2021,9,224425,192851,31574,1750261.0,0.0180395952375102,0.6388637475611166,0.005083723205515,0.0202795542577814
2022,724808,318,EDI AMOR,2022,2021,9,224425,192851,31574,1750261.0,0.0180395952375102,0.6388637475611166,0.005083723205515,0.0202795542577814
2022,724809,139,"EDI UGOCIONE JOSÉ DE MEDEIROS ""SEU UGO""",2022,2021,9,224425,192851,31574,1750261.0,0.0180395952375102,0.6388637475611166,0.005083723205515,0.0202795542577814
2022,734601,232,CM LUZES DO AMANHÃ,2022,2021,9,224425,192851,31574,1750261.0,0.0180395952375102,0.6388637475611166,0.005083723205515,0.0202795542577814
2022,734602,263,CM MARGARIDA GABINAL,2022,2021,9,224425,192851,31574,1750261.0,0.0180395952375102,0.6388637475611166,0.005083723205515,0.0202795542577814
2022,734603,158,CM SEMPRE VIDA JOSUÉ,2022,2021,9,224425,192851,31574,1750261.0,0.0180395952375102,0.6388637475611166,0.005083723205515,0.0202795542577814
2022,734801,299,EDI JARDIM DO AMANHÃ,2022,2021,9,224425,192851,31574,1750261.0,0.0180395952375102,0.6388637475611166,0.005083723205515,0.0202795542577814
2022,734802,848,EDI SENHORA PERCILIANA PEREIRA DE ALVARENGA,2022,2021,9,224425,192851,31574,1750261.0,0.0180395952375102,0.6388637475611166,0.005083723205515,0.0202795542577814
2022,734803,214,EDI ANA CAROLINA PACHECO DA SILVA,2022,2021,9,224425,192851,31574,1750261.0,0.0180395952375102,0.6388637475611166,0.005083723205515,0.0202795542577814
2022,734804,355,EDI MARIA BERALDA,2022,2021,9,224425,192851,31574,1750261.0,0.0180395952375102,0.6388637475611166,0.005083723205515,0.0202795542577814
2022,734805,349,EDI MONSENHOR CORDIOLI,2022,2021,9,224425,192851,31574,1750261.0,0.0180395952375102,0.6388637475611166,0.005083723205515,0.0202795542577814
2022,817202,202,CIEP AMILCAR CABRAL,2022,2021,9,224425,192851,31574,1750261.0,0.0180395952375102,0.6388637475611166,0.005083723205515,0.0202795542577814
2022,817504,230,CIEP ANTONIO EVARISTO DE MORAES,2022,2021,9,224425,192851,31574,1750261.0,0.0180395952375102,0.6388637475611166,0.005083723205515,0.0202795542577814
2022,817505,102,CIEP MARECHAL JULIO CAETANO HORTA BARBOSA,2022,2021,9,224425,192851,31574,1750261.0,0.0180395952375102,0.6388637475611166,0.005083723205515,0.0202795542577814
2022,817507,48,CIEP MESTRE ANDRÉ,2022,2021,9,224425,192851,31574,1750261.0,0.0180395952375102,0.6388637475611166,0.005083723205515,0.0202795542577814
2022,817601,493,CM JOSÉ FÉLIX,2022,2021,9,224425,192851,31574,1750261.0,0.0180395952375102,0.6388637475611166,0.005083723205515,0.0202795542577814
2022,817602,403,CM VILA PROGRESSO,2022,2021,9,224425,192851,31574,1750261.0,0.0180395952375102,0.6388637475611166,0.005083723205515,0.0202795542577814
2022,817603,507,CM DENTE DE LEITE,2022,2021,9,224425,192851,31574,1750261.0,0.0180395952375102,0.6388637475611166,0.005083723205515,0.0202795542577814
2022,817604,245,CM DRAMATURGO ALFREDO DE FREITAS DIAS GOMES,2022,2021,9,224425,192851,31574,1750261.0,0.0180395952375102,0.6388637475611166,0.005083723205515,0.0202795542577814
2022,817605,361,CM MANÉ GARRINCHA II,2022,2021,9,224425,192851,31574,1750261.0,0.0180395952375102,0.6388637475611166,0.005083723205515,0.0202795542577814
2022,817606,230,CM MEIMEI,2022,2021,9,224425,192851,31574,1750261.0,0.0180395952375102,0.6388637475611166,0.005083723205515,0.0202795542577814
2022,817607,590,CM MULHERES DO QUAFÁ,2022,2021,9,224425,192851,31574,1750261.0,0.0180395952375102,0.6388637475611166,0.005083723205515,0.0202795542577814
2022,817608,495,CM NOVA ALIANÇA,2022,2021,9,224425,192851,31574,1750261.0,0.0180395952375102,0.6388637475611166,0.005083723205515,0.0202795542577814
2022,817609,579,CM RECANTO FELIZ,2022,2021,9,224425,192851,31574,1750261.0,0.0180395952375102,0.6388637475611166,0.005083723205515,0.0202795542577814
2022,817610,226,CM SEMPRE VIDA FAZENDA COQUEIROS,2022,2021,9,224425,192851,31574,1750261.0,0.0180395952375102,0.6388637475611166,0.005083723205515,0.0202795542577814
2022,817611,145,CM TIA ELZA,2022,2021,9,224425,192851,31574,1750261.0,0.0180395952375102,0.6388637475611166,0.005083723205515,0.0202795542577814
2022,817612,459,CM VILA KENNEDY,2022,2021,9,224425,192851,31574,1750261.0,0.0180395952375102,0.6388637475611166,0.005083723205515,0.0202795542577814
2022,817613,371,CM CÉLIA ALENCAR,2022,2021,9,224425,192851,31574,1750261.0,0.0180395952375102,0.6388637475611166,0.005083723205515,0.0202795542577814
2022,817614,338,CM FAZENDA COQUEIROS II,2022,2021,9,224425,192851,31574,1750261.0,0.0180395952375102,0.6388637475611166,0.005083723205515,0.0202795542577814
2022,817615,203,CM VILA UNIÃO DA PAZ,2022,2021,9,224425,192851,31574,1750261.0,0.0180395952375102,0.6388637475611166,0.005083723205515,0.0202795542577814
2022,817616,121,CM PROFESSORA MARIA ASSUMPÇÃO,2022,2021,9,224425,192851,31574,1750261.0,0.0180395952375102,0.6388637475611166,0.005083723205515,0.0202795542577814
2022,817617,374,CM JOSÉ MANOEL IBARRA PEREZ,2022,2021,9,224425,192851,31574,1750261.0,0.0180395952375102,0.6388637475611166,0.005083723205515,0.0202795542577814
2022,817618,216,CM JANETE CLAIR,2022,2021,9,224425,192851,31574,1750261.0,0.0180395952375102,0.6388637475611166,0.005083723205515,0.0202795542577814
2022,817619,306,CM PROFESSORA REGINA MARIA DA MATTA MONTEZANO,2022,2021,9,224425,192851,31574,1750261.0,0.0180395952375102,0.6388637475611166,0.005083723205515,0.0202795542577814
2022,817801,423,EDI PROFESSORA TÂNIA MARIA LARRUBIA GOMES,2022,2021,9,224425,192851,31574,1750261.0,0.0180395952375102,0.6388637475611166,0.005083723205515,0.0202795542577814
2022,817802,262,EDI PROFESSOR REINALDO JOSÉ DE ARAGÃO BARBOSA,2022,2021,9,224425,192851,31574,1750261.0,0.0180395952375102,0.6388637475611166,0.005083723205515,0.0202795542577814
2022,817803,477,EDI JOSÉ EPHIM MINDLIN,2022,2021,9,224425,192851,31574,1750261.0,0.0180395952375102,0.6388637475611166,0.005083723205515,0.0202795542577814
2022,817804,448,EDI PROFESSORA EDITH MARQUES DE SOUZA,2022,2021,9,224425,192851,31574,1750261.0,0.0180395952375102,0.6388637475611166,0.005083723205515,0.0202795542577814
2022,817805,146,EDI RAFAEL PEREIRA DA SILVA,2022,2021,9,224425,192851,31574,1750261.0,0.0180395952375102,0.6388637475611166,0.005083723205515,0.0202795542577814
2022,817806,291,EDI PROFESSORA MARIA YEDDA LEITE LINHARES,2022,2021,9,224425,192851,31574,1750261.0,0.0180395952375102,0.6388637475611166,0.005083723205515,0.0202795542577814
2022,817807,278,EDI MARIA DO CARMO SOUZA PIRAN,2022,2021,9,224425,192851,31574,1750261.0,0.0180395952375102,0.6388637475611166,0.005083723205515,0.0202795542577814
2022,817808,493,EDI PROFESSOR ANTONIO FLAVIO PIERUCCI,2022,2021,9,224425,192851,31574,1750261.0,0.0180395952375102,0.6388637475611166,0.005083723205515,0.0202795542577814
2022,817809,85,EDI REPÚBLICA ÁRABE UNIDA,2022,2021,9,224425,192851,31574,1750261.0,0.0180395952375102,0.6388637475611166,0.005083723205515,0.0202795542577814
2022,817810,230,EDI VILA DO VINTÉM,2022,2021,9,224425,192851,31574,1750261.0,0.0180395952375102,0.6388637475611166,0.005083723205515,0.0202795542577814
2022,817814,469,EDI PROFESSORA GIOVANA BANSI,2022,2021,9,224425,192851,31574,1750261.0,0.0180395952375102,0.6388637475611166,0.005083723205515,0.0202795542577814
2022,817815,484,EDI SENHOR JOÃO GOMES,2022,2021,9,224425,192851,31574,1750261.0,0.0180395952375102,0.6388637475611166,0.005083723205515,0.0202795542577814
2022,833032,153,EM STELLA GUERRA DUVAL,2022,2021,9,224425,192851,31574,1750261.0,0.0180395952375102,0.6388637475611166,0.005083723205515,0.0202795542577814
2022,833505,69,CIEP ARACY DE ALMEIDA (CANTORA),2022,2021,9,224425,192851,31574,1750261.0,0.0180395952375102,0.6388637475611166,0.005083723205515,0.0202795542577814
2022,833601,713,CM CASA DE REALENGO,2022,2021,9,224425,192851,31574,1750261.0,0.0180395952375102,0.6388637475611166,0.005083723205515,0.0202795542577814
2022,833602,693,CM JULINHO CACAU,2022,2021,9,224425,192851,31574,1750261.0,0.0180395952375102,0.6388637475611166,0.005083723205515,0.0202795542577814
2022,833603,539,CM SILVEIRINHA,2022,2021,9,224425,192851,31574,1750261.0,0.0180395952375102,0.6388637475611166,0.005083723205515,0.0202795542577814
2022,833801,231,EDI GESSICA GUEDES PEREIRA,2022,2021,9,224425,192851,31574,1750261.0,0.0180395952375102,0.6388637475611166,0.005083723205515,0.0202795542577814
2022,833802,411,EDI PROFESSORA ZENA ELIAN,2022,2021,9,224425,192851,31574,1750261.0,0.0180395952375102,0.6388637475611166,0.005083723205515,0.0202795542577814
2022,833803,439,EDI FREI ORLANDO,2022,2021,9,224425,192851,31574,1750261.0,0.0180395952375102,0.6388637475611166,0.005083723205515,0.0202795542577814
2022,833805,268,EDI DEODORO,2022,2021,9,224425,192851,31574,1750261.0,0.0180395952375102,0.6388637475611166,0.005083723205515,0.0202795542577814
2022,833806,507,EDI PROFESSOR CRISTIANO PINTO DE MORAES BISPO,2022,2021,9,224425,192851,31574,1750261.0,0.0180395952375102,0.6388637475611166,0.005083723205515,0.0202795542577814
2022,833807,526,EDI LUIZA PAULA DA SILVEIRA MACHADO,2022,2021,9,224425,192851,31574,1750261.0,0.0180395952375102,0.6388637475611166,0.005083723205515,0.0202795542577814
2022,833808,332,EDI PROFESSORA VANUZIA BASTOS DA SILVA,2022,2021,9,224425,192851,31574,1750261.0,0.0180395952375102,0.6388637475611166,0.005083723205515,0.0202795542577814
2022,833809,315,EDI PROFESSORA MARIA CECILIA FERREIRA,2022,2021,9,224425,192851,31574,1750261.0,0.0180395952375102,0.6388637475611166,0.005083723205515,0.0202795542577814
2022,833810,401,EDI MEDALHISTA OLÍMPICO SERGIO DUTRA DOS SANTOS,2022,2021,9,224425,192851,31574,1750261.0,0.0180395952375102,0.6388637475611166,0.005083723205515,0.0202795542577814
2022,833811,522,EDI MEDALHISTA OLÍMPICA RAFAELA LOPES SILVA,2022,2021,9,224425,192851,31574,1750261.0,0.0180395952375102,0.6388637475611166,0.005083723205515,0.0202795542577814
2022,918601,618,CM ALEGRIA DE NOVA CIDADE,2022,2021,9,224425,192851,31574,1750261.0,0.0180395952375102,0.6388637475611166,0.005083723205515,0.0202795542577814
2022,918602,496,CM VITÓRIA DA PAZ,2022,2021,9,224425,192851,31574,1750261.0,0.0180395952375102,0.6388637475611166,0.005083723205515,0.0202795542577814
2022,918603,152,CM SEMPRE VIDA ELZA RABELO DE ANDRADE,2022,2021,9,224425,192851,31574,1750261.0,0.0180395952375102,0.6388637475611166,0.005083723205515,0.0202795542577814
2022,918604,151,CM VERA PACHECO JORDÃO,2022,2021,9,224425,192851,31574,1750261.0,0.0180395952375102,0.6388637475611166,0.005083723205515,0.0202795542577814
2022,918605,246,CM SEMPRE VIDA PROFESSORA EUGENIA MARIA VELOSO MARCHESE,2022,2021,9,224425,192851,31574,1750261.0,0.0180395952375102,0.6388637475611166,0.005083723205515,0.0202795542577814
2022,918606,427,CM CECÍLIA MEIRELES,2022,2021,9,224425,192851,31574,1750261.0,0.0180395952375102,0.6388637475611166,0.005083723205515,0.0202795542577814
2022,918607,439,CM SONHO FELIZ,2022,2021,9,224425,192851,31574,1750261.0,0.0180395952375102,0.6388637475611166,0.005083723205515,0.0202795542577814
2022,918608,529,CM JARDIM MONTE SANTO,2022,2021,9,224425,192851,31574,1750261.0,0.0180395952375102,0.6388637475611166,0.005083723205515,0.0202795542577814
2022,918609,271,CM ADÉLIA VIEIRA,2022,2021,9,224425,192851,31574,1750261.0,0.0180395952375102,0.6388637475611166,0.005083723205515,0.0202795542577814
2022,918610,235,CM ESPERANÇA DO AMANHÃ,2022,2021,9,224425,192851,31574,1750261.0,0.0180395952375102,0.6388637475611166,0.005083723205515,0.0202795542577814
2022,918611,138,CM MÁRIO LOMBARDI,2022,2021,9,224425,192851,31574,1750261.0,0.0180395952375102,0.6388637475611166,0.005083723205515,0.0202795542577814
2022,918613,656,CM PROFESSORA FLORA SANTINA FERRARI BRAZ,2022,2021,9,224425,192851,31574,1750261.0,0.0180395952375102,0.6388637475611166,0.005083723205515,0.0202795542577814
2022,918614,367,CM ZÉLIA CHAUKE CURI,2022,2021,9,224425,192851,31574,1750261.0,0.0180395952375102,0.6388637475611166,0.005083723205515,0.0202795542577814
2022,918615,233,CM MARCELO CARDOSO TOMÉ,2022,2021,9,224425,192851,31574,1750261.0,0.0180395952375102,0.6388637475611166,0.005083723205515,0.0202795542577814
2022,918616,567,CM PADRE VALTER DA COSTA SANTOS,2022,2021,9,224425,192851,31574,1750261.0,0.0180395952375102,0.6388637475611166,0.005083723205515,0.0202795542577814
2022,918617,738,CM CRIANDO O FUTURO,2022,2021,9,224425,192851,31574,1750261.0,0.0180395952375102,0.6388637475611166,0.005083723205515,0.0202795542577814
2022,918618,670,CM ESPERANÇA DA VILA SÃO JORGE,2022,2021,9,224425,192851,31574,1750261.0,0.0180395952375102,0.6388637475611166,0.005083723205515,0.0202795542577814
2022,918619,658,CM RAUL CORTEZ,2022,2021,9,224425,192851,31574,1750261.0,0.0180395952375102,0.6388637475611166,0.005083723205515,0.0202795542577814
2022,918620,644,CM EMILIO IBRAHIM LÁZARO JUBRAM DIB,2022,2021,9,224425,192851,31574,1750261.0,0.0180395952375102,0.6388637475611166,0.005083723205515,0.0202795542577814
2022,918621,464,CM ELIZABETH TAVARES DE SOUZA - BETINHA,2022,2021,9,224425,192851,31574,1750261.0,0.0180395952375102,0.6388637475611166,0.005083723205515,0.0202795542577814
2022,918801,381,EDI BIANCA ROCHA TAVARES,2022,2021,9,224425,192851,31574,1750261.0,0.0180395952375102,0.6388637475611166,0.005083723205515,0.0202795542577814
2022,918802,311,EDI PINTANDO O SETE,2022,2021,9,224425,192851,31574,1750261.0,0.0180395952375102,0.6388637475611166,0.005083723205515,0.0202795542577814
2022,918803,244,EDI LUDMILA MÁXIMO MOREIRA CARDOSO,2022,2021,9,224425,192851,31574,1750261.0,0.0180395952375102,0.6388637475611166,0.005083723205515,0.0202795542577814
2022,918804,114,EDI RENAN DE SOUZA LEAL,2022,2021,9,224425,192851,31574,1750261.0,0.0180395952375102,0.6388637475611166,0.005083723205515,0.0202795542577814
2022,918805,303,EDI CANTORA CESÁRIA ÉVORA,2022,2021,9,224425,192851,31574,1750261.0,0.0180395952375102,0.6388637475611166,0.005083723205515,0.0202795542577814
2022,918806,547,EDI COMENDADOR SERAFIM SOFIA,2022,2021,9,224425,192851,31574,1750261.0,0.0180395952375102,0.6388637475611166,0.005083723205515,0.0202795542577814
2022,918807,595,EDI URBANO DE FREITAS,2022,2021,9,224425,192851,31574,1750261.0,0.0180395952375102,0.6388637475611166,0.005083723205515,0.0202795542577814
2022,918808,418,EDI PROFESSORA MARTA REGINA PERROTA,2022,2021,9,224425,192851,31574,1750261.0,0.0180395952375102,0.6388637475611166,0.005083723205515,0.0202795542577814
2022,918809,167,EDI CAMPO GRANDE,2022,2021,9,224425,192851,31574,1750261.0,0.0180395952375102,0.6388637475611166,0.005083723205515,0.0202795542577814
2022,918810,320,EDI DOM BOSCO,2022,2021,9,224425,192851,31574,1750261.0,0.0180395952375102,0.6388637475611166,0.005083723205515,0.0202795542577814
2022,918811,44,EDI ISABEL,2022,2021,9,224425,192851,31574,1750261.0,0.0180395952375102,0.6388637475611166,0.005083723205515,0.0202795542577814
2022,918812,205,EDI PROFESSOR JORGE EUCLIDES PEREIRA NUNES,2022,2021,9,224425,192851,31574,1750261.0,0.0180395952375102,0.6388637475611166,0.005083723205515,0.0202795542577814
2022,918813,282,EDI PROFESSOR MARCO ALTINO DE OLIVEIRA,2022,2021,9,224425,192851,31574,1750261.0,0.0180395952375102,0.6388637475611166,0.005083723205515,0.0202795542577814
2022,918814,332,EDI PROFESSOR NESTOR MANOEL PINTO,2022,2021,9,224425,192851,31574,1750261.0,0.0180395952375102,0.6388637475611166,0.005083723205515,0.0202795542577814
2022,918815,452,EDI PROFESSORA SIRLÉIA SILVA REIS,2022,2021,9,224425,192851,31574,1750261.0,0.0180395952375102,0.6388637475611166,0.005083723205515,0.0202795542577814
2022,918816,126,EDI PROFESSOR JOÃO FERNANDES FILHO,2022,2021,9,224425,192851,31574,1750261.0,0.0180395952375102,0.6388637475611166,0.005083723205515,0.0202795542577814
2022,918817,584,EDI PROFESSORA EUGENIA DE ALMEIDA AZEVEDO,2022,2021,9,224425,192851,31574,1750261.0,0.0180395952375102,0.6388637475611166,0.005083723205515,0.0202795542577814
2022,918818,237,EDI FRANCISCO JOSÉ DE MORAES,2022,2021,9,224425,192851,31574,1750261.0,0.0180395952375102,0.6388637475611166,0.005083723205515,0.0202795542577814
2022,918819,94,EDI JOARI,2022,2021,9,224425,192851,31574,1750261.0,0.0180395952375102,0.6388637475611166,0.005083723205515,0.0202795542577814
2022,918820,121,EDI ALMO SATURNINO,2022,2021,9,224425,192851,31574,1750261.0,0.0180395952375102,0.6388637475611166,0.005083723205515,0.0202795542577814
2022,918821,238,EDI PROFESSORA ENYR PORTILHO DE AVELLAR,2022,2021,9,224425,192851,31574,1750261.0,0.0180395952375102,0.6388637475611166,0.005083723205515,0.0202795542577814
2022,918822,580,EDI PROFESSOR ANDRÉ LUIZ GILS,2022,2021,9,224425,192851,31574,1750261.0,0.0180395952375102,0.6388637475611166,0.005083723205515,0.0202795542577814
2022,918823,339,EDI PROFESSOR DERSU GABRIEL BICEGO,2022,2021,9,224425,192851,31574,1750261.0,0.0180395952375102,0.6388637475611166,0.005083723205515,0.0202795542577814
2022,918824,476,EDI ALBERTO FERREIRA PINTO,2022,2021,9,224425,192851,31574,1750261.0,0.0180395952375102,0.6388637475611166,0.005083723205515,0.0202795542577814
2022,918825,461,EDI PROFESSORA TERESINHA DE JESUS SIQUEIRA BROWN,2022,2021,9,224425,192851,31574,1750261.0,0.0180395952375102,0.6388637475611166,0.005083723205515,0.0202795542577814
2022,918826,541,EDI PROFESSORA MARLY DOS SANTOS DE OLIVEIRA (MARLY MARINHO),2022,2021,9,224425,192851,31574,1750261.0,0.0180395952375102,0.6388637475611166,0.005083723205515,0.0202795542577814
2022,918827,476,EDI ATAULFO ALVES,2022,2021,9,224425,192851,31574,1750261.0,0.0180395952375102,0.6388637475611166,0.005083723205515,0.0202795542577814
2022,918828,466,EDI ALYRIO CAVALLIERI,2022,2021,9,224425,192851,31574,1750261.0,0.0180395952375102,0.6388637475611166,0.005083723205515,0.0202795542577814
2022,918829,191,EDI RUBEM AZEVEDO ALVES,2022,2021,9,224425,192851,31574,1750261.0,0.0180395952375102,0.6388637475611166,0.005083723205515,0.0202795542577814
2022,918830,175,EDI HENRIQUE DIAS,2022,2021,9,224425,192851,31574,1750261.0,0.0180395952375102,0.6388637475611166,0.005083723205515,0.0202795542577814
2022,918831,474,EDI ELFLODÍZIO DOS SANTOS,2022,2021,9,224425,192851,31574,1750261.0,0.0180395952375102,0.6388637475611166,0.005083723205515,0.0202795542577814
2022,918832,606,EDI PROFESSORA JACINTHA REIS FERREIRA,2022,2021,9,224425,192851,31574,1750261.0,0.0180395952375102,0.6388637475611166,0.005083723205515,0.0202795542577814
2022,918833,352,EDI PROFESSOR WILSON CHOERI,2022,2021,9,224425,192851,31574,1750261.0,0.0180395952375102,0.6388637475611166,0.005083723205515,0.0202795542577814
2022,918834,323,EDI ENGENHEIRA ELAINE MONSORES PIRES,2022,2021,9,224425,192851,31574,1750261.0,0.0180395952375102,0.6388637475611166,0.005083723205515,0.0202795542577814
2022,918835,549,EDI MEDALHISTA OLÍMPICO ARTHUR NORY OYAKAWA MARIANO,2022,2021,9,224425,192851,31574,1750261.0,0.0180395952375102,0.6388637475611166,0.005083723205515,0.0202795542577814
2022,918836,635,EDI MEDALHISTA OLÍMPICO RAFAEL CARLOS DA SILVA,2022,2021,9,224425,192851,31574,1750261.0,0.0180395952375102,0.6388637475611166,0.005083723205515,0.0202795542577814
2022,918837,584,EDI MEDALHISTA OLÍMPICO WALLACE LEANDRO DE SOUZA,2022,2021,9,224425,192851,31574,1750261.0,0.0180395952375102,0.6388637475611166,0.005083723205515,0.0202795542577814
2022,918838,156,EDI EUSTORGIO WANDERLEY,2022,2021,9,224425,192851,31574,1750261.0,0.0180395952375102,0.6388637475611166,0.005083723205515,0.0202795542577814
2022,918839,179,EDI DALILA TAVARES,2022,2021,9,224425,192851,31574,1750261.0,0.0180395952375102,0.6388637475611166,0.005083723205515,0.0202795542577814
2023,101601,127,CM LADEIRA DOS FUNCIONÁRIOS,2023,2022,9,275465,235069,40396,1837234.0,0.02198740062507,0.8335329862128976,0.005083723205515,0.0202795542577814
2023,101602,99,CM VIRGÍNIA LEMOS,2023,2022,9,275465,235069,40396,1837234.0,0.02198740062507,0.8335329862128976,0.005083723205515,0.0202795542577814
2023,101603,338,CM SENNINHA,2023,2022,9,275465,235069,40396,1837234.0,0.02198740062507,0.8335329862128976,0.005083723205515,0.0202795542577814
2023,101604,84,CM SEMPRE VIDA P. CONQUISTA,2023,2022,9,275465,235069,40396,1837234.0,0.02198740062507,0.8335329862128976,0.005083723205515,0.0202795542577814
2023,101605,238,CM CLEMENTE FERREIRA,2023,2022,9,275465,235069,40396,1837234.0,0.02198740062507,0.8335329862128976,0.005083723205515,0.0202795542577814
2023,101606,135,CM QUINTA DO CAJU,2023,2022,9,275465,235069,40396,1837234.0,0.02198740062507,0.8335329862128976,0.005083723205515,0.0202795542577814
2023,101607,299,CM TIA DORA,2023,2022,9,275465,235069,40396,1837234.0,0.02198740062507,0.8335329862128976,0.005083723205515,0.0202795542577814
2023,101801,376,EDI PARQUE DA ALEGRIA,2023,2022,9,275465,235069,40396,1837234.0,0.02198740062507,0.8335329862128976,0.005083723205515,0.0202795542577814
2023,101802,139,EDI MACHADO DE ASSIS,2023,2022,9,275465,235069,40396,1837234.0,0.02198740062507,0.8335329862128976,0.005083723205515,0.0202795542577814
2023,101803,59,EDI ANTÔNIO RAPOSO TAVARES,2023,2022,9,275465,235069,40396,1837234.0,0.02198740062507,0.8335329862128976,0.005083723205515,0.0202795542577814
2023,1019601,65,CM SEMPRE VIDA VALE DO SOL,2023,2022,9,275465,235069,40396,1837234.0,0.02198740062507,0.8335329862128976,0.005083723205515,0.0202795542577814
2023,1019602,211,CM SEMPRE VIDA ANTARES,2023,2022,9,275465,235069,40396,1837234.0,0.02198740062507,0.8335329862128976,0.005083723205515,0.0202795542577814
2023,1019603,138,CM JARDIM DOS VIEIRAS,2023,2022,9,275465,235069,40396,1837234.0,0.02198740062507,0.8335329862128976,0.005083723205515,0.0202795542577814
2023,1019604,82,CM AYRTON SENNA,2023,2022,9,275465,235069,40396,1837234.0,0.02198740062507,0.8335329862128976,0.005083723205515,0.0202795542577814
2023,1019605,72,CM MARLENE DA SILVA CARDOSO,2023,2022,9,275465,235069,40396,1837234.0,0.02198740062507,0.8335329862128976,0.005083723205515,0.0202795542577814
2023,1019606,131,CM TRINTA E UM DE OUTUBRO,2023,2022,9,275465,235069,40396,1837234.0,0.02198740062507,0.8335329862128976,0.005083723205515,0.0202795542577814
2023,1019607,178,CM ADALTO BASTOS,2023,2022,9,275465,235069,40396,1837234.0,0.02198740062507,0.8335329862128976,0.005083723205515,0.0202795542577814
2023,1019609,237,CM CANTINHO DA TIA DOLORES,2023,2022,9,275465,235069,40396,1837234.0,0.02198740062507,0.8335329862128976,0.005083723205515,0.0202795542577814
2023,1019610,51,CM CHAVE DO TAMANHO,2023,2022,9,275465,235069,40396,1837234.0,0.02198740062507,0.8335329862128976,0.005083723205515,0.0202795542577814
2023,1019611,62,CM CRIANÇA FELIZ,2023,2022,9,275465,235069,40396,1837234.0,0.02198740062507,0.8335329862128976,0.005083723205515,0.0202795542577814
2023,1019612,353,CM DANIELA PEREZ,2023,2022,9,275465,235069,40396,1837234.0,0.02198740062507,0.8335329862128976,0.005083723205515,0.0202795542577814
2023,1019613,118,CM DJANIRA MARIA RAMOS,2023,2022,9,275465,235069,40396,1837234.0,0.02198740062507,0.8335329862128976,0.005083723205515,0.0202795542577814
2023,1019614,263,CM INSPETOR HERALDO CARVALHO DE SOUSA,2023,2022,9,275465,235069,40396,1837234.0,0.02198740062507,0.8335329862128976,0.005083723205515,0.0202795542577814
2023,1019615,62,CM MARCOLINA,2023,2022,9,275465,235069,40396,1837234.0,0.02198740062507,0.8335329862128976,0.005083723205515,0.0202795542577814
2023,1019616,72,CM MARIA HELENA PAPERA MONTEIRO,2023,2022,9,275465,235069,40396,1837234.0,0.02198740062507,0.8335329862128976,0.005083723205515,0.0202795542577814
2023,1019618,103,CM LEUZA MARINS NOVAES S. SANTOS,2023,2022,9,275465,235069,40396,1837234.0,0.02198740062507,0.8335329862128976,0.005083723205515,0.0202795542577814
2023,1019619,79,CM SANTA TEREZINHA,2023,2022,9,275465,235069,40396,1837234.0,0.02198740062507,0.8335329862128976,0.005083723205515,0.0202795542577814
2023,1019620,97,CM SEMENTINHA DO AMOR,2023,2022,9,275465,235069,40396,1837234.0,0.02198740062507,0.8335329862128976,0.005083723205515,0.0202795542577814
2023,1019621,43,CM SEMPRE VIDA ESTRELA DO ALAGADO,2023,2022,9,275465,235069,40396,1837234.0,0.02198740062507,0.8335329862128976,0.005083723205515,0.0202795542577814
2023,1019623,255,CM SEMPRE VIDA TERRA DA PAZ,2023,2022,9,275465,235069,40396,1837234.0,0.02198740062507,0.8335329862128976,0.005083723205515,0.0202795542577814
2023,1019624,25,CM ZACARIAS - O TRAPALHÃO,2023,2022,9,275465,235069,40396,1837234.0,0.02198740062507,0.8335329862128976,0.005083723205515,0.0202795542577814
2023,1019625,48,CM NARIZINHO,2023,2022,9,275465,235069,40396,1837234.0,0.02198740062507,0.8335329862128976,0.005083723205515,0.0202795542577814
2023,1019626,51,CM PEDRINHO,2023,2022,9,275465,235069,40396,1837234.0,0.02198740062507,0.8335329862128976,0.005083723205515,0.0202795542577814
2023,1019627,109,CM VOVÓ BENTA,2023,2022,9,275465,235069,40396,1837234.0,0.02198740062507,0.8335329862128976,0.005083723205515,0.0202795542577814
2023,1019628,125,CM IRINÉA DOS SANTOS PAIVA,2023,2022,9,275465,235069,40396,1837234.0,0.02198740062507,0.8335329862128976,0.005083723205515,0.0202795542577814
2023,1019630,73,CM ESTRELA DALVA,2023,2022,9,275465,235069,40396,1837234.0,0.02198740062507,0.8335329862128976,0.005083723205515,0.0202795542577814
2023,1019631,217,CM TIA HILDA MACEDO,2023,2022,9,275465,235069,40396,1837234.0,0.02198740062507,0.8335329862128976,0.005083723205515,0.0202795542577814
2023,1019632,282,CM MIRIAM PIRES,2023,2022,9,275465,235069,40396,1837234.0,0.02198740062507,0.8335329862128976,0.005083723205515,0.0202795542577814
2023,1019633,62,CM MERILUCE DE OLIVEIRA MÜLLER,2023,2022,9,275465,235069,40396,1837234.0,0.02198740062507,0.8335329862128976,0.005083723205515,0.0202795542577814
2023,1019801,245,EDI SARGENTO IZO GOMES PATRÍCIO,2023,2022,9,275465,235069,40396,1837234.0,0.02198740062507,0.8335329862128976,0.005083723205515,0.0202795542577814
2023,1019802,127,EDI LARISSA DOS SANTOS ATANAZIO,2023,2022,9,275465,235069,40396,1837234.0,0.02198740062507,0.8335329862128976,0.005083723205515,0.0202795542577814
2023,1019803,257,EDI LARYSSA SILVA MARTINS,2023,2022,9,275465,235069,40396,1837234.0,0.02198740062507,0.8335329862128976,0.005083723205515,0.0202795542577814
2023,1019804,61,EDI PROFESSORA MARIA LUIZA JOBIM DE QUEIROZ,2023,2022,9,275465,235069,40396,1837234.0,0.02198740062507,0.8335329862128976,0.005083723205515,0.0202795542577814
2023,1019805,31,EDI PROFESSOR CELSO DE ALMEIDA CHAVES,2023,2022,9,275465,235069,40396,1837234.0,0.02198740062507,0.8335329862128976,0.005083723205515,0.0202795542577814
2023,1019806,98,EDI PROFESSOR RUBEM GONÇALVES,2023,2022,9,275465,235069,40396,1837234.0,0.02198740062507,0.8335329862128976,0.005083723205515,0.0202795542577814
2023,1019807,103,EDI PROFESSOR ANTONIO ALFREDO MERCADANTE,2023,2022,9,275465,235069,40396,1837234.0,0.02198740062507,0.8335329862128976,0.005083723205515,0.0202795542577814
2023,1019808,63,EDI GEÓGRAFO AZIZ AB' SABER,2023,2022,9,275465,235069,40396,1837234.0,0.02198740062507,0.8335329862128976,0.005083723205515,0.0202795542577814
2023,1019809,77,EDI PROFESSORA CARMEN FRAGA DE ARAÚJO,2023,2022,9,275465,235069,40396,1837234.0,0.02198740062507,0.8335329862128976,0.005083723205515,0.0202795542577814
2023,1019810,60,EDI PROFESSORA ROSELE NICOLAU JORGE COUTINHO,2023,2022,9,275465,235069,40396,1837234.0,0.02198740062507,0.8335329862128976,0.005083723205515,0.0202795542577814
2023,1019811,49,EDI PROFESSORA RAQUEL KELLY LANERA,2023,2022,9,275465,235069,40396,1837234.0,0.02198740062507,0.8335329862128976,0.005083723205515,0.0202795542577814
2023,1019815,140,EDI JOÃO CORRÊA,2023,2022,9,275465,235069,40396,1837234.0,0.02198740062507,0.8335329862128976,0.005083723205515,0.0202795542577814
2023,1019818,114,EDI RENÉE BISCAIA RAPOSO,2023,2022,9,275465,235069,40396,1837234.0,0.02198740062507,0.8335329862128976,0.005083723205515,0.0202795542577814
2023,1019820,99,EDI INAIÁ WANDERLEY CARMO,2023,2022,9,275465,235069,40396,1837234.0,0.02198740062507,0.8335329862128976,0.005083723205515,0.0202795542577814
2023,1019821,227,EDI PROFESSORA SOLANGE INÁCIA DE SÁ DE LACERDA,2023,2022,9,275465,235069,40396,1837234.0,0.02198740062507,0.8335329862128976,0.005083723205515,0.0202795542577814
2023,1019822,130,EDI PROFESSORA KATIA MIRANDA SANTOS,2023,2022,9,275465,235069,40396,1837234.0,0.02198740062507,0.8335329862128976,0.005083723205515,0.0202795542577814
2023,1019824,67,EDI PROFESSORA LILIA CHAVES DA COSTA,2023,2022,9,275465,235069,40396,1837234.0,0.02198740062507,0.8335329862128976,0.005083723205515,0.0202795542577814
2023,1019826,148,EDI THAMIRIS DE ANDRADE DA SILVA SANTOS,2023,2022,9,275465,235069,40396,1837234.0,0.02198740062507,0.8335329862128976,0.005083723205515,0.0202795542577814
2023,1019827,247,EDI MEDALHISTA OLÍMPICA POLIANA OKIMOTO,2023,2022,9,275465,235069,40396,1837234.0,0.02198740062507,0.8335329862128976,0.005083723205515,0.0202795542577814
2023,1019828,216,EDI MEDALHISTA OLÍMPICO ERLON DE SOUZA SILVA,2023,2022,9,275465,235069,40396,1837234.0,0.02198740062507,0.8335329862128976,0.005083723205515,0.0202795542577814
2023,1019831,297,EDI PROFESSORA MARIA MESQUITA DE SIQUEIRA,2023,2022,9,275465,235069,40396,1837234.0,0.02198740062507,0.8335329862128976,0.005083723205515,0.0202795542577814
2023,102601,211,CM SEMPRE VIDA SANTO ANTÔNIO DE PÁDUA,2023,2022,9,275465,235069,40396,1837234.0,0.02198740062507,0.8335329862128976,0.005083723205515,0.0202795542577814
2023,102602,423,CM ANA MARIA DA CRUZ SILVA,2023,2022,9,275465,235069,40396,1837234.0,0.02198740062507,0.8335329862128976,0.005083723205515,0.0202795542577814
2023,102604,402,CM ARCO-ÍRIS,2023,2022,9,275465,235069,40396,1837234.0,0.02198740062507,0.8335329862128976,0.005083723205515,0.0202795542577814
2023,102605,417,CM ALDEIA DOS CURUMINS,2023,2022,9,275465,235069,40396,1837234.0,0.02198740062507,0.8335329862128976,0.005083723205515,0.0202795542577814
2023,102606,381,CM GEORGE SAVALLA GOMES - PALHAÇO CAREQUINHA,2023,2022,9,275465,235069,40396,1837234.0,0.02198740062507,0.8335329862128976,0.005083723205515,0.0202795542577814
2023,1026601,305,CM SONHO DE CRIANÇA,2023,2022,9,275465,235069,40396,1837234.0,0.02198740062507,0.8335329862128976,0.005083723205515,0.0202795542577814
2023,1026602,134,CM NOSSA SENHORA DA GLÓRIA,2023,2022,9,275465,235069,40396,1837234.0,0.02198740062507,0.8335329862128976,0.005083723205515,0.0202795542577814
2023,1026603,112,CM SEMPRE VIDA COLÔNIA DOS PESCADORES,2023,2022,9,275465,235069,40396,1837234.0,0.02198740062507,0.8335329862128976,0.005083723205515,0.0202795542577814
2023,1026604,421,CM JOSEPHA FERREIRA DA COSTA,2023,2022,9,275465,235069,40396,1837234.0,0.02198740062507,0.8335329862128976,0.005083723205515,0.0202795542577814
2023,1026801,155,EDI SAMIRA PIRES RIBEIRO,2023,2022,9,275465,235069,40396,1837234.0,0.02198740062507,0.8335329862128976,0.005083723205515,0.0202795542577814
2023,1026802,368,EDI PROFESSOR MARCOS FLAMÍNIO PORTUGAL PINTO,2023,2022,9,275465,235069,40396,1837234.0,0.02198740062507,0.8335329862128976,0.005083723205515,0.0202795542577814
2023,1026803,125,EDI PADRE CARLOS HENRIQUE DE SOUZA,2023,2022,9,275465,235069,40396,1837234.0,0.02198740062507,0.8335329862128976,0.005083723205515,0.0202795542577814
2023,1026805,339,EDI MEDALHISTA OLÍMPICO IZAQUIAS QUEIROZ DOS SANTOS,2023,2022,9,275465,235069,40396,1837234.0,0.02198740062507,0.8335329862128976,0.005083723205515,0.0202795542577814
2023,1026806,256,EDI MEDALHISTA OLÍMPICO FELIPE ALMEIDA WU,2023,2022,9,275465,235069,40396,1837234.0,0.02198740062507,0.8335329862128976,0.005083723205515,0.0202795542577814
2023,1026807,352,EDI ALFREDO FERNANDO VAZ GUIMARÃES JÚNIOR,2023,2022,9,275465,235069,40396,1837234.0,0.02198740062507,0.8335329862128976,0.005083723205515,0.0202795542577814
2023,1026809,278,EDI MEDALHISTA PARALÍMPICO RICARDO COSTA DE OLIVEIRA,2023,2022,9,275465,235069,40396,1837234.0,0.02198740062507,0.8335329862128976,0.005083723205515,0.0202795542577814
2023,1026810,319,EDI ALCEBÍADES FRANCISCO ROSA,2023,2022,9,275465,235069,40396,1837234.0,0.02198740062507,0.8335329862128976,0.005083723205515,0.0202795542577814
2023,1026811,169,EDI GERMANO THOMÉ DE OLIVEIRA,2023,2022,9,275465,235069,40396,1837234.0,0.02198740062507,0.8335329862128976,0.005083723205515,0.0202795542577814
2023,102802,69,EDI CAMPOS SALLES,2023,2022,9,275465,235069,40396,1837234.0,0.02198740062507,0.8335329862128976,0.005083723205515,0.0202795542577814
2023,102803,95,EDI RACHEL DE QUEIROZ,2023,2022,9,275465,235069,40396,1837234.0,0.02198740062507,0.8335329862128976,0.005083723205515,0.0202795542577814
2023,103601,85,CM ESPAÇO LIVRE DA CRIANÇA,2023,2022,9,275465,235069,40396,1837234.0,0.02198740062507,0.8335329862128976,0.005083723205515,0.0202795542577814
2023,103602,97,CM DIREITOS HUMANOS,2023,2022,9,275465,235069,40396,1837234.0,0.02198740062507,0.8335329862128976,0.005083723205515,0.0202795542577814
2023,103604,129,CM SONHO INFANTIL,2023,2022,9,275465,235069,40396,1837234.0,0.02198740062507,0.8335329862128976,0.005083723205515,0.0202795542577814
2023,103605,202,CM BRINCADEIRAS DE CRIANÇA,2023,2022,9,275465,235069,40396,1837234.0,0.02198740062507,0.8335329862128976,0.005083723205515,0.0202795542577814
2023,103606,150,CM CAMPOS DA PAZ,2023,2022,9,275465,235069,40396,1837234.0,0.02198740062507,0.8335329862128976,0.005083723205515,0.0202795542577814
2023,103607,370,CM ESTÁCIO DE SÁ,2023,2022,9,275465,235069,40396,1837234.0,0.02198740062507,0.8335329862128976,0.005083723205515,0.0202795542577814
2023,103801,170,EDI PROFESSORA SIMONE SOUSA PIMENTEL,2023,2022,9,275465,235069,40396,1837234.0,0.02198740062507,0.8335329862128976,0.005083723205515,0.0202795542577814
2023,103802,319,EDI LILY MARINHO,2023,2022,9,275465,235069,40396,1837234.0,0.02198740062507,0.8335329862128976,0.005083723205515,0.0202795542577814
2023,103804,99,EDI ZÉLIA GATTAI AMADO,2023,2022,9,275465,235069,40396,1837234.0,0.02198740062507,0.8335329862128976,0.005083723205515,0.0202795542577814
2023,103805,199,EDI BEATRIZ VICÊNCIA BANDEIRA RYFF,2023,2022,9,275465,235069,40396,1837234.0,0.02198740062507,0.8335329862128976,0.005083723205515,0.0202795542577814
2023,103806,21,EDI FUNDAÇÃO LEÃO XIII,2023,2022,9,275465,235069,40396,1837234.0,0.02198740062507,0.8335329862128976,0.005083723205515,0.0202795542577814
2023,103807,313,EDI MARIA LUIZA NOBRE - TIA LUIZINHA,2023,2022,9,275465,235069,40396,1837234.0,0.02198740062507,0.8335329862128976,0.005083723205515,0.0202795542577814
2023,107601,85,CM ADALBERTO ISMAEL DE SOUZA,2023,2022,9,275465,235069,40396,1837234.0,0.02198740062507,0.8335329862128976,0.005083723205515,0.0202795542577814
2023,107602,194,CM DEPUTADO LUIZ EDUARDO DE MAGALHÃES,2023,2022,9,275465,235069,40396,1837234.0,0.02198740062507,0.8335329862128976,0.005083723205515,0.0202795542577814
2023,107603,142,CM VOVÓ LUCÍOLA,2023,2022,9,275465,235069,40396,1837234.0,0.02198740062507,0.8335329862128976,0.005083723205515,0.0202795542577814
2023,107604,208,CM HOMERO JOSÉ DOS SANTOS,2023,2022,9,275465,235069,40396,1837234.0,0.02198740062507,0.8335329862128976,0.005083723205515,0.0202795542577814
2023,107605,159,CM EDUARDO MOREIRA DOS SANTOS,2023,2022,9,275465,235069,40396,1837234.0,0.02198740062507,0.8335329862128976,0.005083723205515,0.0202795542577814
2023,107606,183,CM FRANCISCO ALVES,2023,2022,9,275465,235069,40396,1837234.0,0.02198740062507,0.8335329862128976,0.005083723205515,0.0202795542577814
2023,107607,222,CM NAÇÃO MANGUEIRENSE,2023,2022,9,275465,235069,40396,1837234.0,0.02198740062507,0.8335329862128976,0.005083723205515,0.0202795542577814
2023,107608,169,CM SAMORA MACHEL,2023,2022,9,275465,235069,40396,1837234.0,0.02198740062507,0.8335329862128976,0.005083723205515,0.0202795542577814
2023,107609,296,CM VASQUINHO,2023,2022,9,275465,235069,40396,1837234.0,0.02198740062507,0.8335329862128976,0.005083723205515,0.0202795542577814
2023,107610,337,CM ARARA AZUL,2023,2022,9,275465,235069,40396,1837234.0,0.02198740062507,0.8335329862128976,0.005083723205515,0.0202795542577814
2023,107801,89,EDI PROFESSORA DAYSE MALAGOLE,2023,2022,9,275465,235069,40396,1837234.0,0.02198740062507,0.8335329862128976,0.005083723205515,0.0202795542577814
2023,107802,22,EDI MORRO DOS TELÉGRAFOS,2023,2022,9,275465,235069,40396,1837234.0,0.02198740062507,0.8335329862128976,0.005083723205515,0.0202795542577814
2023,107803,67,EDI DOIS DE JULHO,2023,2022,9,275465,235069,40396,1837234.0,0.02198740062507,0.8335329862128976,0.005083723205515,0.0202795542577814
2023,1120201,37,CIEP OLGA BENÁRIO PRESTES,2023,2022,9,275465,235069,40396,1837234.0,0.02198740062507,0.8335329862128976,0.005083723205515,0.0202795542577814
2023,1120601,374,CM STELLA MARIS,2023,2022,9,275465,235069,40396,1837234.0,0.02198740062507,0.8335329862128976,0.005083723205515,0.0202795542577814
2023,1120602,399,CM CORA CORALINA,2023,2022,9,275465,235069,40396,1837234.0,0.02198740062507,0.8335329862128976,0.005083723205515,0.0202795542577814
2023,1120603,319,CM DOUTOR ANTÔNIO MONTEIRO,2023,2022,9,275465,235069,40396,1837234.0,0.02198740062507,0.8335329862128976,0.005083723205515,0.0202795542577814
2023,1120604,327,CM MARIA ARMINDA F. SOUZA AGUIAR,2023,2022,9,275465,235069,40396,1837234.0,0.02198740062507,0.8335329862128976,0.005083723205515,0.0202795542577814
2023,1120605,325,CM SEMPRE VIDA LORETO,2023,2022,9,275465,235069,40396,1837234.0,0.02198740062507,0.8335329862128976,0.005083723205515,0.0202795542577814
2023,1120606,414,CM TAUÁ,2023,2022,9,275465,235069,40396,1837234.0,0.02198740062507,0.8335329862128976,0.005083723205515,0.0202795542577814
2023,1120801,183,EDI JOSÉ DE SOUZA RAMOS,2023,2022,9,275465,235069,40396,1837234.0,0.02198740062507,0.8335329862128976,0.005083723205515,0.0202795542577814
2023,1120802,334,EDI NEUSA MARIA GOULART BRIZOLA,2023,2022,9,275465,235069,40396,1837234.0,0.02198740062507,0.8335329862128976,0.005083723205515,0.0202795542577814
2023,1120804,324,EDI PROFESSORA ANNA MARIA JESUS CONCEICAO,2023,2022,9,275465,235069,40396,1837234.0,0.02198740062507,0.8335329862128976,0.005083723205515,0.0202795542577814
2023,121001,49,EM JOAQUIM MANUEL DE MACEDO,2023,2022,9,275465,235069,40396,1837234.0,0.02198740062507,0.8335329862128976,0.005083723205515,0.0202795542577814
2023,123601,121,CM JOSÉ MARINHO DE OLIVEIRA,2023,2022,9,275465,235069,40396,1837234.0,0.02198740062507,0.8335329862128976,0.005083723205515,0.0202795542577814
2023,123603,114,CM FALLET,2023,2022,9,275465,235069,40396,1837234.0,0.02198740062507,0.8335329862128976,0.005083723205515,0.0202795542577814
2023,123801,19,EDI HELOÍSA MARINHO,2023,2022,9,275465,235069,40396,1837234.0,0.02198740062507,0.8335329862128976,0.005083723205515,0.0202795542577814
2023,204601,115,CM TIA AMÁLIA,2023,2022,9,275465,235069,40396,1837234.0,0.02198740062507,0.8335329862128976,0.005083723205515,0.0202795542577814
2023,204602,569,CM ARACY GUIMARÃES ROSA,2023,2022,9,275465,235069,40396,1837234.0,0.02198740062507,0.8335329862128976,0.005083723205515,0.0202795542577814
2023,204804,53,EDI PROFESSORA SARITA KONDER,2023,2022,9,275465,235069,40396,1837234.0,0.02198740062507,0.8335329862128976,0.005083723205515,0.0202795542577814
2023,204805,229,EDI CLAUDIO CAVALCANTI,2023,2022,9,275465,235069,40396,1837234.0,0.02198740062507,0.8335329862128976,0.005083723205515,0.0202795542577814
2023,204806,293,EDI IRMA MARGARITA ALARCON,2023,2022,9,275465,235069,40396,1837234.0,0.02198740062507,0.8335329862128976,0.005083723205515,0.0202795542577814
2023,205601,553,CM IRMÃS BAPTISTA,2023,2022,9,275465,235069,40396,1837234.0,0.02198740062507,0.8335329862128976,0.005083723205515,0.0202795542577814
2023,205602,276,CM TIA SONIA CRISPINIANO,2023,2022,9,275465,235069,40396,1837234.0,0.02198740062507,0.8335329862128976,0.005083723205515,0.0202795542577814
2023,205801,187,EDI DONA MARCELA,2023,2022,9,275465,235069,40396,1837234.0,0.02198740062507,0.8335329862128976,0.005083723205515,0.0202795542577814
2023,206601,145,CM DOUTOR SOBRAL PINTO,2023,2022,9,275465,235069,40396,1837234.0,0.02198740062507,0.8335329862128976,0.005083723205515,0.0202795542577814
2023,206602,210,CM VIDIGAL,2023,2022,9,275465,235069,40396,1837234.0,0.02198740062507,0.8335329862128976,0.005083723205515,0.0202795542577814
2023,206603,204,CM JACÓ INÁCIO GOMES,2023,2022,9,275465,235069,40396,1837234.0,0.02198740062507,0.8335329862128976,0.005083723205515,0.0202795542577814
2023,206605,250,CM DOUTOR PEDRO BLOCH,2023,2022,9,275465,235069,40396,1837234.0,0.02198740062507,0.8335329862128976,0.005083723205515,0.0202795542577814
2023,206606,252,CM ELZA MACHADO DOS SANTOS - TIA ELZA,2023,2022,9,275465,235069,40396,1837234.0,0.02198740062507,0.8335329862128976,0.005083723205515,0.0202795542577814
2023,208601,129,CM CASA BRANCA - PROFESSOR PAULO FREIRE,2023,2022,9,275465,235069,40396,1837234.0,0.02198740062507,0.8335329862128976,0.005083723205515,0.0202795542577814
2023,208603,94,CM RAÍZES DO SALGUEIRO,2023,2022,9,275465,235069,40396,1837234.0,0.02198740062507,0.8335329862128976,0.005083723205515,0.0202795542577814
2023,208604,125,CM TIA BELA,2023,2022,9,275465,235069,40396,1837234.0,0.02198740062507,0.8335329862128976,0.005083723205515,0.0202795542577814
2023,208605,73,CM TIA MARIA,2023,2022,9,275465,235069,40396,1837234.0,0.02198740062507,0.8335329862128976,0.005083723205515,0.0202795542577814
2023,208606,85,CM DOUTOR RONALDO LUIZ GAZOLLA,2023,2022,9,275465,235069,40396,1837234.0,0.02198740062507,0.8335329862128976,0.005083723205515,0.0202795542577814
2023,208607,119,CM DOS SONHOS,2023,2022,9,275465,235069,40396,1837234.0,0.02198740062507,0.8335329862128976,0.005083723205515,0.0202795542577814
2023,208608,248,CM DOUTOR SÉRGIO AROUCA,2023,2022,9,275465,235069,40396,1837234.0,0.02198740062507,0.8335329862128976,0.005083723205515,0.0202795542577814
2023,208801,108,EDI IGOR MORAES DA SILVA,2023,2022,9,275465,235069,40396,1837234.0,0.02198740062507,0.8335329862128976,0.005083723205515,0.0202795542577814
2023,208803,103,EDI BOREL,2023,2022,9,275465,235069,40396,1837234.0,0.02198740062507,0.8335329862128976,0.005083723205515,0.0202795542577814
2023,209601,202,CM PIPA NO CÉU,2023,2022,9,275465,235069,40396,1837234.0,0.02198740062507,0.8335329862128976,0.005083723205515,0.0202795542577814
2023,209602,190,CM CANTINHO DO CÉU,2023,2022,9,275465,235069,40396,1837234.0,0.02198740062507,0.8335329862128976,0.005083723205515,0.0202795542577814
2023,209603,53,CM GALDINO MANOEL DA SILVA,2023,2022,9,275465,235069,40396,1837234.0,0.02198740062507,0.8335329862128976,0.005083723205515,0.0202795542577814
2023,209604,73,CM NOVA DIVINÉIA,2023,2022,9,275465,235069,40396,1837234.0,0.02198740062507,0.8335329862128976,0.005083723205515,0.0202795542577814
2023,209605,79,CM SÃO SEBASTIÃO - ARRELIA,2023,2022,9,275465,235069,40396,1837234.0,0.02198740062507,0.8335329862128976,0.005083723205515,0.0202795542577814
2023,209606,78,CM WINNIE MANDELA,2023,2022,9,275465,235069,40396,1837234.0,0.02198740062507,0.8335329862128976,0.005083723205515,0.0202795542577814
2023,209607,108,CM SOLANGE MARIA MAGALHÃES,2023,2022,9,275465,235069,40396,1837234.0,0.02198740062507,0.8335329862128976,0.005083723205515,0.0202795542577814
2023,209608,189,CM GERMINAL DA VILA,2023,2022,9,275465,235069,40396,1837234.0,0.02198740062507,0.8335329862128976,0.005083723205515,0.0202795542577814
2023,209609,189,CM PAPA JOÃO PAULO II,2023,2022,9,275465,235069,40396,1837234.0,0.02198740062507,0.8335329862128976,0.005083723205515,0.0202795542577814
2023,209610,134,CM FRANCISCO DE PAULA,2023,2022,9,275465,235069,40396,1837234.0,0.02198740062507,0.8335329862128976,0.005083723205515,0.0202795542577814
2023,209803,106,EDI PROFESSORA SUELY DE PINHO CAVALCANTE,2023,2022,9,275465,235069,40396,1837234.0,0.02198740062507,0.8335329862128976,0.005083723205515,0.0202795542577814
2023,209804,23,EDI PROFESSORA LUCIA MARIA QUITETE DE CARVALHO AMARAL,2023,2022,9,275465,235069,40396,1837234.0,0.02198740062507,0.8335329862128976,0.005083723205515,0.0202795542577814
2023,227601,141,CM CASTELINHO,2023,2022,9,275465,235069,40396,1837234.0,0.02198740062507,0.8335329862128976,0.005083723205515,0.0202795542577814
2023,227602,41,CM IACYRA FRAZÃO,2023,2022,9,275465,235069,40396,1837234.0,0.02198740062507,0.8335329862128976,0.005083723205515,0.0202795542577814
2023,227801,401,EDI PROFESSORA EDIR CASEIRO RIBEIRO,2023,2022,9,275465,235069,40396,1837234.0,0.02198740062507,0.8335329862128976,0.005083723205515,0.0202795542577814
2023,312502,182,CIEP PROCÓPIO FERREIRA,2023,2022,9,275465,235069,40396,1837234.0,0.02198740062507,0.8335329862128976,0.005083723205515,0.0202795542577814
2023,312601,322,CM CANTINHO FELIZ,2023,2022,9,275465,235069,40396,1837234.0,0.02198740062507,0.8335329862128976,0.005083723205515,0.0202795542577814
2023,312602,253,CM ENGENHO DA RAINHA,2023,2022,9,275465,235069,40396,1837234.0,0.02198740062507,0.8335329862128976,0.005083723205515,0.0202795542577814
2023,312603,257,CM RENASCER,2023,2022,9,275465,235069,40396,1837234.0,0.02198740062507,0.8335329862128976,0.005083723205515,0.0202795542577814
2023,312801,222,EDI HENRIQUE FORÉIS,2023,2022,9,275465,235069,40396,1837234.0,0.02198740062507,0.8335329862128976,0.005083723205515,0.0202795542577814
2023,312802,159,EDI LUCIA MARIA BATISTA DE ALBUQUERQUE,2023,2022,9,275465,235069,40396,1837234.0,0.02198740062507,0.8335329862128976,0.005083723205515,0.0202795542577814
2023,312803,100,EDI PROFESSORA LUIZA HELENA MAIA MEDEIROS,2023,2022,9,275465,235069,40396,1837234.0,0.02198740062507,0.8335329862128976,0.005083723205515,0.0202795542577814
2023,312804,188,EDI PROFESSORA TÂNIA MARTINS NOVO LENZ,2023,2022,9,275465,235069,40396,1837234.0,0.02198740062507,0.8335329862128976,0.005083723205515,0.0202795542577814
2023,312805,257,EDI TANIA CRISTINA MOREIRA,2023,2022,9,275465,235069,40396,1837234.0,0.02198740062507,0.8335329862128976,0.005083723205515,0.0202795542577814
2023,312806,281,EDI PROFESSORA ELIANE MONTE CHIARI DANTAS,2023,2022,9,275465,235069,40396,1837234.0,0.02198740062507,0.8335329862128976,0.005083723205515,0.0202795542577814
2023,312809,275,EDI PROFESSORA VALÉRIA PEREIRA DE SOUZA PINTO,2023,2022,9,275465,235069,40396,1837234.0,0.02198740062507,0.8335329862128976,0.005083723205515,0.0202795542577814
2023,312810,92,EDI MARIA MAZZETTI,2023,2022,9,275465,235069,40396,1837234.0,0.02198740062507,0.8335329862128976,0.005083723205515,0.0202795542577814
2023,312811,46,EDI BRICIO FILHO,2023,2022,9,275465,235069,40396,1837234.0,0.02198740062507,0.8335329862128976,0.005083723205515,0.0202795542577814
2023,312812,178,EDI HERMENEGILDO DE BARROS,2023,2022,9,275465,235069,40396,1837234.0,0.02198740062507,0.8335329862128976,0.005083723205515,0.0202795542577814
2023,312813,348,EDI JORNALISTA JORGE BASTOS MORENO,2023,2022,9,275465,235069,40396,1837234.0,0.02198740062507,0.8335329862128976,0.005083723205515,0.0202795542577814
2023,313601,144,CM VILA DOS MINEIROS,2023,2022,9,275465,235069,40396,1837234.0,0.02198740062507,0.8335329862128976,0.005083723205515,0.0202795542577814
2023,313602,137,CM ACONCHEGO,2023,2022,9,275465,235069,40396,1837234.0,0.02198740062507,0.8335329862128976,0.005083723205515,0.0202795542577814
2023,313603,170,CM SYLVIA ORTHOF,2023,2022,9,275465,235069,40396,1837234.0,0.02198740062507,0.8335329862128976,0.005083723205515,0.0202795542577814
2023,313604,163,CM NOSSO CANTINHO,2023,2022,9,275465,235069,40396,1837234.0,0.02198740062507,0.8335329862128976,0.005083723205515,0.0202795542577814
2023,313606,137,CM CANTINHO DO QUETO,2023,2022,9,275465,235069,40396,1837234.0,0.02198740062507,0.8335329862128976,0.005083723205515,0.0202795542577814
2023,313607,237,CM ODETINHA VIDAL DE OLIVEIRA,2023,2022,9,275465,235069,40396,1837234.0,0.02198740062507,0.8335329862128976,0.005083723205515,0.0202795542577814
2023,313608,367,CM RACHEL LEITE DIAS,2023,2022,9,275465,235069,40396,1837234.0,0.02198740062507,0.8335329862128976,0.005083723205515,0.0202795542577814
2023,313609,155,CM RECANTO DA CACHOEIRA,2023,2022,9,275465,235069,40396,1837234.0,0.02198740062507,0.8335329862128976,0.005083723205515,0.0202795542577814
2023,313610,199,CM EMMANUEL,2023,2022,9,275465,235069,40396,1837234.0,0.02198740062507,0.8335329862128976,0.005083723205515,0.0202795542577814
2023,313611,233,CM JOSÉ RAMOS JANUÁRIO - ZÉ PRETINHO,2023,2022,9,275465,235069,40396,1837234.0,0.02198740062507,0.8335329862128976,0.005083723205515,0.0202795542577814
2023,313612,307,CM MARCILIA CATARINA DA COSTA ORGÉLIO - TIA MANA,2023,2022,9,275465,235069,40396,1837234.0,0.02198740062507,0.8335329862128976,0.005083723205515,0.0202795542577814
2023,313801,172,EDI PROF. JOSÉ LIBONATI FILHO,2023,2022,9,275465,235069,40396,1837234.0,0.02198740062507,0.8335329862128976,0.005083723205515,0.0202795542577814
2023,313802,399,EDI ANÍSIO TEIXEIRA,2023,2022,9,275465,235069,40396,1837234.0,0.02198740062507,0.8335329862128976,0.005083723205515,0.0202795542577814
2023,313804,124,EDI GEORGE BERNANOS,2023,2022,9,275465,235069,40396,1837234.0,0.02198740062507,0.8335329862128976,0.005083723205515,0.0202795542577814
2023,313805,240,EDI MAURÍCIO CARDOSO,2023,2022,9,275465,235069,40396,1837234.0,0.02198740062507,0.8335329862128976,0.005083723205515,0.0202795542577814
2023,313806,42,EDI EDUCANDÁRIO DE SANTA CRUZ,2023,2022,9,275465,235069,40396,1837234.0,0.02198740062507,0.8335329862128976,0.005083723205515,0.0202795542577814
2023,313809,167,EDI ESCULTORA LYGIA CLARK,2023,2022,9,275465,235069,40396,1837234.0,0.02198740062507,0.8335329862128976,0.005083723205515,0.0202795542577814
2023,328601,134,CM GERALDA DE JESUS ALEIXO,2023,2022,9,275465,235069,40396,1837234.0,0.02198740062507,0.8335329862128976,0.005083723205515,0.0202795542577814
2023,328602,294,CM TIA ANDREZA,2023,2022,9,275465,235069,40396,1837234.0,0.02198740062507,0.8335329862128976,0.005083723205515,0.0202795542577814
2023,328604,256,CM DA COMUNIDADE DO JACAREZINHO,2023,2022,9,275465,235069,40396,1837234.0,0.02198740062507,0.8335329862128976,0.005083723205515,0.0202795542577814
2023,328801,337,EDI PADRE NELSON CARLOS DEL MÔNACO,2023,2022,9,275465,235069,40396,1837234.0,0.02198740062507,0.8335329862128976,0.005083723205515,0.0202795542577814
2023,329801,349,EDI DONA LINDU,2023,2022,9,275465,235069,40396,1837234.0,0.02198740062507,0.8335329862128976,0.005083723205515,0.0202795542577814
2023,330601,226,CM JOSÉ DE VIEIRA DA SILVA,2023,2022,9,275465,235069,40396,1837234.0,0.02198740062507,0.8335329862128976,0.005083723205515,0.0202795542577814
2023,330602,377,CM NOVA BRASÍLIA,2023,2022,9,275465,235069,40396,1837234.0,0.02198740062507,0.8335329862128976,0.005083723205515,0.0202795542577814
2023,410601,56,CM MANGUINHOS,2023,2022,9,275465,235069,40396,1837234.0,0.02198740062507,0.8335329862128976,0.005083723205515,0.0202795542577814
2023,410602,51,CM DR. JUVENIL DE SOUZA LOPES,2023,2022,9,275465,235069,40396,1837234.0,0.02198740062507,0.8335329862128976,0.005083723205515,0.0202795542577814
2023,410603,305,CM CHICO BENTO,2023,2022,9,275465,235069,40396,1837234.0,0.02198740062507,0.8335329862128976,0.005083723205515,0.0202795542577814
2023,410801,320,EDI DOUTOR DOMINGOS ARTHUR MACHADO FILHO,2023,2022,9,275465,235069,40396,1837234.0,0.02198740062507,0.8335329862128976,0.005083723205515,0.0202795542577814
2023,410802,181,EDI DOUTOR ANTÔNIO FERNANDES FIGUEIRA,2023,2022,9,275465,235069,40396,1837234.0,0.02198740062507,0.8335329862128976,0.005083723205515,0.0202795542577814
2023,410803,90,EDI JOAQUIM VENÂNCIO,2023,2022,9,275465,235069,40396,1837234.0,0.02198740062507,0.8335329862128976,0.005083723205515,0.0202795542577814
2023,410804,53,EDI SARGENTO JORGE FALEIRO SOUZA,2023,2022,9,275465,235069,40396,1837234.0,0.02198740062507,0.8335329862128976,0.005083723205515,0.0202795542577814
2023,410805,156,EDI COMPOSITOR NEOCI DIAS DE ANDRADE,2023,2022,9,275465,235069,40396,1837234.0,0.02198740062507,0.8335329862128976,0.005083723205515,0.0202795542577814
2023,410806,41,EDI PIERRE JANET,2023,2022,9,275465,235069,40396,1837234.0,0.02198740062507,0.8335329862128976,0.005083723205515,0.0202795542577814
2023,410807,166,EDI PROFESSORA TANIA DA ROCHA CORREA,2023,2022,9,275465,235069,40396,1837234.0,0.02198740062507,0.8335329862128976,0.005083723205515,0.0202795542577814
2023,410808,221,EDI ALMIR LEITE RIBEIRO,2023,2022,9,275465,235069,40396,1837234.0,0.02198740062507,0.8335329862128976,0.005083723205515,0.0202795542577814
2023,410810,33,EDI MIGUEL COUTO,2023,2022,9,275465,235069,40396,1837234.0,0.02198740062507,0.8335329862128976,0.005083723205515,0.0202795542577814
2023,411601,219,CM CARLOS DRUMMOND DE ANDRADE,2023,2022,9,275465,235069,40396,1837234.0,0.02198740062507,0.8335329862128976,0.005083723205515,0.0202795542577814
2023,411602,95,CM TEMPO DE APRENDER,2023,2022,9,275465,235069,40396,1837234.0,0.02198740062507,0.8335329862128976,0.005083723205515,0.0202795542577814
2023,411603,175,CM MORRO DA PAZ,2023,2022,9,275465,235069,40396,1837234.0,0.02198740062507,0.8335329862128976,0.005083723205515,0.0202795542577814
2023,411604,137,CM BETINHO,2023,2022,9,275465,235069,40396,1837234.0,0.02198740062507,0.8335329862128976,0.005083723205515,0.0202795542577814
2023,411605,174,CM CARACOL,2023,2022,9,275465,235069,40396,1837234.0,0.02198740062507,0.8335329862128976,0.005083723205515,0.0202795542577814
2023,411607,70,CM MARIA ALTAMIRA C. OLEGÁRIO,2023,2022,9,275465,235069,40396,1837234.0,0.02198740062507,0.8335329862128976,0.005083723205515,0.0202795542577814
2023,411609,53,CM TIA RUTH COSTA DOS SANTOS,2023,2022,9,275465,235069,40396,1837234.0,0.02198740062507,0.8335329862128976,0.005083723205515,0.0202795542577814
2023,411610,10,CM MUSSUM - O TRAPALHÃO,2023,2022,9,275465,235069,40396,1837234.0,0.02198740062507,0.8335329862128976,0.005083723205515,0.0202795542577814
2023,411801,315,EDI MARIANA ROCHA DE SOUZA,2023,2022,9,275465,235069,40396,1837234.0,0.02198740062507,0.8335329862128976,0.005083723205515,0.0202795542577814
2023,411802,116,EDI JOEL LUIZ DE AZEVEDO BASTOS,2023,2022,9,275465,235069,40396,1837234.0,0.02198740062507,0.8335329862128976,0.005083723205515,0.0202795542577814
2023,411803,181,EDI MARIA DE LOURDES FERREIRA,2023,2022,9,275465,235069,40396,1837234.0,0.02198740062507,0.8335329862128976,0.005083723205515,0.0202795542577814
2023,411804,37,EDI MORRO DA FÉ,2023,2022,9,275465,235069,40396,1837234.0,0.02198740062507,0.8335329862128976,0.005083723205515,0.0202795542577814
2023,411805,23,EDI EDMUNDO DA LUZ PINTO,2023,2022,9,275465,235069,40396,1837234.0,0.02198740062507,0.8335329862128976,0.005083723205515,0.0202795542577814
2023,430601,285,CM MENINO MALUQUINHO,2023,2022,9,275465,235069,40396,1837234.0,0.02198740062507,0.8335329862128976,0.005083723205515,0.0202795542577814
2023,430602,451,CM VILA PINHEIRO,2023,2022,9,275465,235069,40396,1837234.0,0.02198740062507,0.8335329862128976,0.005083723205515,0.0202795542577814
2023,430603,454,CM TIO MÁRIO,2023,2022,9,275465,235069,40396,1837234.0,0.02198740062507,0.8335329862128976,0.005083723205515,0.0202795542577814
2023,430604,215,CM MONTEIRO LOBATO,2023,2022,9,275465,235069,40396,1837234.0,0.02198740062507,0.8335329862128976,0.005083723205515,0.0202795542577814
2023,430605,76,CM NOVA HOLANDA,2023,2022,9,275465,235069,40396,1837234.0,0.02198740062507,0.8335329862128976,0.005083723205515,0.0202795542577814
2023,430607,120,CM PROFESSOR PAULO FREIRE,2023,2022,9,275465,235069,40396,1837234.0,0.02198740062507,0.8335329862128976,0.005083723205515,0.0202795542577814
2023,430801,277,"EDI PESCADOR ISIDORO DUARTE - ""DORO""",2023,2022,9,275465,235069,40396,1837234.0,0.02198740062507,0.8335329862128976,0.005083723205515,0.0202795542577814
2023,430802,275,EDI PROFESSORA KELITA FARIA DE PAULA,2023,2022,9,275465,235069,40396,1837234.0,0.02198740062507,0.8335329862128976,0.005083723205515,0.0202795542577814
2023,430803,174,EDI PROFESSOR MOACYR DE GÓES,2023,2022,9,275465,235069,40396,1837234.0,0.02198740062507,0.8335329862128976,0.005083723205515,0.0202795542577814
2023,430805,233,EDI PROFESSORA SOLANGE CONCEIÇÃO TRICARICO,2023,2022,9,275465,235069,40396,1837234.0,0.02198740062507,0.8335329862128976,0.005083723205515,0.0202795542577814
2023,430806,189,EDI CLEIA SANTOS DE OLIVEIRA,2023,2022,9,275465,235069,40396,1837234.0,0.02198740062507,0.8335329862128976,0.005083723205515,0.0202795542577814
2023,430807,224,EDI MARIA AMÉLIA CASTRO E SILVA BELFORT,2023,2022,9,275465,235069,40396,1837234.0,0.02198740062507,0.8335329862128976,0.005083723205515,0.0202795542577814
2023,430808,13,EDI AZOILDA TRINDADE (ZÔ),2023,2022,9,275465,235069,40396,1837234.0,0.02198740062507,0.8335329862128976,0.005083723205515,0.0202795542577814
2023,430809,442,EDI MEDALHISTA OLÍMPICO LUIZ FELIPE MARQUES FONTELES,2023,2022,9,275465,235069,40396,1837234.0,0.02198740062507,0.8335329862128976,0.005083723205515,0.0202795542577814
2023,430810,462,EDI MEDALHISTA OLÍMPICO EVANDRO MOTTA MARCONDES GUERRA,2023,2022,9,275465,235069,40396,1837234.0,0.02198740062507,0.8335329862128976,0.005083723205515,0.0202795542577814
2023,430811,523,EDI MEDALHISTA OLÍMPICO WILLIAM PEIXOTO ARJONA,2023,2022,9,275465,235069,40396,1837234.0,0.02198740062507,0.8335329862128976,0.005083723205515,0.0202795542577814
2023,430812,257,EDI MEDALHISTA OLÍMPICO EDER FRANCIS CARBONERA,2023,2022,9,275465,235069,40396,1837234.0,0.02198740062507,0.8335329862128976,0.005083723205515,0.0202795542577814
2023,430813,57,EDI ARMANDO DE SALLES OLIVEIRA,2023,2022,9,275465,235069,40396,1837234.0,0.02198740062507,0.8335329862128976,0.005083723205515,0.0202795542577814
2023,431601,78,CM LUÍS CARLOS DE OLIVEIRA CÂMARA,2023,2022,9,275465,235069,40396,1837234.0,0.02198740062507,0.8335329862128976,0.005083723205515,0.0202795542577814
2023,431602,297,CM BARBOSA LIMA SOBRINHO,2023,2022,9,275465,235069,40396,1837234.0,0.02198740062507,0.8335329862128976,0.005083723205515,0.0202795542577814
2023,431603,180,CM CHICO MENDES,2023,2022,9,275465,235069,40396,1837234.0,0.02198740062507,0.8335329862128976,0.005083723205515,0.0202795542577814
2023,431604,170,CM CORAÇÃO DE GENEVE,2023,2022,9,275465,235069,40396,1837234.0,0.02198740062507,0.8335329862128976,0.005083723205515,0.0202795542577814
2023,431605,309,CM SEMPRE VIDA DIQUE,2023,2022,9,275465,235069,40396,1837234.0,0.02198740062507,0.8335329862128976,0.005083723205515,0.0202795542577814
2023,431606,89,CM VISCONDE DE SABUGOSA,2023,2022,9,275465,235069,40396,1837234.0,0.02198740062507,0.8335329862128976,0.005083723205515,0.0202795542577814
2023,431607,19,CM ACAUÃ,2023,2022,9,275465,235069,40396,1837234.0,0.02198740062507,0.8335329862128976,0.005083723205515,0.0202795542577814
2023,431608,20,CM ARI PIMENTEL,2023,2022,9,275465,235069,40396,1837234.0,0.02198740062507,0.8335329862128976,0.005083723205515,0.0202795542577814
2023,431801,28,EDI CARVALHO MOURÃO,2023,2022,9,275465,235069,40396,1837234.0,0.02198740062507,0.8335329862128976,0.005083723205515,0.0202795542577814
2023,431802,190,EDI PROFESSOR CARLOS FALSETH,2023,2022,9,275465,235069,40396,1837234.0,0.02198740062507,0.8335329862128976,0.005083723205515,0.0202795542577814
2023,431803,38,EDI PROFESSOR EMMANUEL PEREIRA FILHO,2023,2022,9,275465,235069,40396,1837234.0,0.02198740062507,0.8335329862128976,0.005083723205515,0.0202795542577814
2023,431804,34,EDI ALFREDO VALLADÃO,2023,2022,9,275465,235069,40396,1837234.0,0.02198740062507,0.8335329862128976,0.005083723205515,0.0202795542577814
2023,514009,57,EM MATO GROSSO,2023,2022,9,275465,235069,40396,1837234.0,0.02198740062507,0.8335329862128976,0.005083723205515,0.0202795542577814
2023,514501,56,CIEP DOM OSCAR ROMERO,2023,2022,9,275465,235069,40396,1837234.0,0.02198740062507,0.8335329862128976,0.005083723205515,0.0202795542577814
2023,514601,101,CM TIO SEBASTIÃO XAVIER,2023,2022,9,275465,235069,40396,1837234.0,0.02198740062507,0.8335329862128976,0.005083723205515,0.0202795542577814
2023,514602,472,CM JECIÁ DE FREITAS FERREIRA,2023,2022,9,275465,235069,40396,1837234.0,0.02198740062507,0.8335329862128976,0.005083723205515,0.0202795542577814
2023,514603,130,CM AMÁLIA FERNANDEZ CONDE,2023,2022,9,275465,235069,40396,1837234.0,0.02198740062507,0.8335329862128976,0.005083723205515,0.0202795542577814
2023,514604,111,CM ESTRELINHA DOURADA,2023,2022,9,275465,235069,40396,1837234.0,0.02198740062507,0.8335329862128976,0.005083723205515,0.0202795542577814
2023,514605,212,CM O SONHO DE RAMON PASCUAL,2023,2022,9,275465,235069,40396,1837234.0,0.02198740062507,0.8335329862128976,0.005083723205515,0.0202795542577814
2023,514606,147,CM ACALANTO,2023,2022,9,275465,235069,40396,1837234.0,0.02198740062507,0.8335329862128976,0.005083723205515,0.0202795542577814
2023,514607,208,CM SEMENTINHA,2023,2022,9,275465,235069,40396,1837234.0,0.02198740062507,0.8335329862128976,0.005083723205515,0.0202795542577814
2023,514608,216,CM JOSEPH BARBERA,2023,2022,9,275465,235069,40396,1837234.0,0.02198740062507,0.8335329862128976,0.005083723205515,0.0202795542577814
2023,514609,341,CM PARQUE BOM MENINO,2023,2022,9,275465,235069,40396,1837234.0,0.02198740062507,0.8335329862128976,0.005083723205515,0.0202795542577814
2023,514801,178,EDI DEPUTADO PEDRO FERNANDES,2023,2022,9,275465,235069,40396,1837234.0,0.02198740062507,0.8335329862128976,0.005083723205515,0.0202795542577814
2023,514802,49,EDI LUXEMBURGO,2023,2022,9,275465,235069,40396,1837234.0,0.02198740062507,0.8335329862128976,0.005083723205515,0.0202795542577814
2023,514803,68,EDI JOSÉ ALPOIM,2023,2022,9,275465,235069,40396,1837234.0,0.02198740062507,0.8335329862128976,0.005083723205515,0.0202795542577814
2023,514804,42,EDI VICENTE DE CARVALHO,2023,2022,9,275465,235069,40396,1837234.0,0.02198740062507,0.8335329862128976,0.005083723205515,0.0202795542577814
2023,515015,110,EM PADRE DEHON,2023,2022,9,275465,235069,40396,1837234.0,0.02198740062507,0.8335329862128976,0.005083723205515,0.0202795542577814
2023,515021,93,EM MOZART LAGO,2023,2022,9,275465,235069,40396,1837234.0,0.02198740062507,0.8335329862128976,0.005083723205515,0.0202795542577814
2023,515046,62,EM ADELMAR TAVARES,2023,2022,9,275465,235069,40396,1837234.0,0.02198740062507,0.8335329862128976,0.005083723205515,0.0202795542577814
2023,515053,39,EM SENADOR FRANCISCO GALLOTTI,2023,2022,9,275465,235069,40396,1837234.0,0.02198740062507,0.8335329862128976,0.005083723205515,0.0202795542577814
2023,515064,34,EM MESTRE DARCY DO JONGO,2023,2022,9,275465,235069,40396,1837234.0,0.02198740062507,0.8335329862128976,0.005083723205515,0.0202795542577814
2023,515501,117,CIEP AUGUSTO PINHEIRO DE CARVALHO,2023,2022,9,275465,235069,40396,1837234.0,0.02198740062507,0.8335329862128976,0.005083723205515,0.0202795542577814
2023,515503,62,CIEP METALÚRGICO BENEDITO CERQUEIRA,2023,2022,9,275465,235069,40396,1837234.0,0.02198740062507,0.8335329862128976,0.005083723205515,0.0202795542577814
2023,515601,120,CM OLGA BENÁRIO,2023,2022,9,275465,235069,40396,1837234.0,0.02198740062507,0.8335329862128976,0.005083723205515,0.0202795542577814
2023,515602,498,CM SÃO MIGUEL ARCANJO,2023,2022,9,275465,235069,40396,1837234.0,0.02198740062507,0.8335329862128976,0.005083723205515,0.0202795542577814
2023,515604,330,CM GERCINDA ROSA FONSECA,2023,2022,9,275465,235069,40396,1837234.0,0.02198740062507,0.8335329862128976,0.005083723205515,0.0202795542577814
2023,515605,337,CM JOSÉ RAIMUNDO DE SOUZA ALVES,2023,2022,9,275465,235069,40396,1837234.0,0.02198740062507,0.8335329862128976,0.005083723205515,0.0202795542577814
2023,515606,285,CM JOSUÉ DE CASTRO,2023,2022,9,275465,235069,40396,1837234.0,0.02198740062507,0.8335329862128976,0.005083723205515,0.0202795542577814
2023,515607,306,CM MANÉ GARRINCHA I,2023,2022,9,275465,235069,40396,1837234.0,0.02198740062507,0.8335329862128976,0.005083723205515,0.0202795542577814
2023,515608,188,CM MARIA JOSÉ DE PAULA DE JESUS,2023,2022,9,275465,235069,40396,1837234.0,0.02198740062507,0.8335329862128976,0.005083723205515,0.0202795542577814
2023,515610,96,CM SEMPRE VIDA PALMEIRINHA,2023,2022,9,275465,235069,40396,1837234.0,0.02198740062507,0.8335329862128976,0.005083723205515,0.0202795542577814
2023,515611,224,CM VOVÓ MARIA JOANA,2023,2022,9,275465,235069,40396,1837234.0,0.02198740062507,0.8335329862128976,0.005083723205515,0.0202795542577814
2023,515612,210,CM TIA MARIA DO JONGO,2023,2022,9,275465,235069,40396,1837234.0,0.02198740062507,0.8335329862128976,0.005083723205515,0.0202795542577814
2023,515613,244,CM MANOEL DA ROCHA APRISCO,2023,2022,9,275465,235069,40396,1837234.0,0.02198740062507,0.8335329862128976,0.005083723205515,0.0202795542577814
2023,515801,438,EDI KARINE LORRAINE CHAGAS DE OLIVEIRA,2023,2022,9,275465,235069,40396,1837234.0,0.02198740062507,0.8335329862128976,0.005083723205515,0.0202795542577814
2023,515802,105,EDI GUSTAVO LESSA,2023,2022,9,275465,235069,40396,1837234.0,0.02198740062507,0.8335329862128976,0.005083723205515,0.0202795542577814
2023,515803,95,EDI PIO XII,2023,2022,9,275465,235069,40396,1837234.0,0.02198740062507,0.8335329862128976,0.005083723205515,0.0202795542577814
2023,515804,102,EDI FERNÃO DIAS,2023,2022,9,275465,235069,40396,1837234.0,0.02198740062507,0.8335329862128976,0.005083723205515,0.0202795542577814
2023,515805,75,EDI ROCHA POMBO,2023,2022,9,275465,235069,40396,1837234.0,0.02198740062507,0.8335329862128976,0.005083723205515,0.0202795542577814
2023,515807,190,EDI BURITI CONGONHAS,2023,2022,9,275465,235069,40396,1837234.0,0.02198740062507,0.8335329862128976,0.005083723205515,0.0202795542577814
2023,515808,149,EDI GUARACIARA RODRIGUES DINIZ,2023,2022,9,275465,235069,40396,1837234.0,0.02198740062507,0.8335329862128976,0.005083723205515,0.0202795542577814
2023,515809,358,EDI PROFESSOR UBIRAJARA DE PAULA CASTRO,2023,2022,9,275465,235069,40396,1837234.0,0.02198740062507,0.8335329862128976,0.005083723205515,0.0202795542577814
2023,515810,320,EDI PROFESSORA TEREZINHA SARDOUX HENRIQUES,2023,2022,9,275465,235069,40396,1837234.0,0.02198740062507,0.8335329862128976,0.005083723205515,0.0202795542577814
2023,622023,87,EM GILBERTO AMADO,2023,2022,9,275465,235069,40396,1837234.0,0.02198740062507,0.8335329862128976,0.005083723205515,0.0202795542577814
2023,622202,201,CIEP GENERAL AUGUSTO CESAR SANDINO,2023,2022,9,275465,235069,40396,1837234.0,0.02198740062507,0.8335329862128976,0.005083723205515,0.0202795542577814
2023,622601,342,CM JOSÉ GOULART,2023,2022,9,275465,235069,40396,1837234.0,0.02198740062507,0.8335329862128976,0.005083723205515,0.0202795542577814
2023,622602,287,CM SILVIO AMANCIO,2023,2022,9,275465,235069,40396,1837234.0,0.02198740062507,0.8335329862128976,0.005083723205515,0.0202795542577814
2023,622603,389,CM YARA AMARAL,2023,2022,9,275465,235069,40396,1837234.0,0.02198740062507,0.8335329862128976,0.005083723205515,0.0202795542577814
2023,622801,320,EDI ERNANI CARDOSO,2023,2022,9,275465,235069,40396,1837234.0,0.02198740062507,0.8335329862128976,0.005083723205515,0.0202795542577814
2023,622802,79,EDI PROFESSORA MILTOLINA DA SILVA,2023,2022,9,275465,235069,40396,1837234.0,0.02198740062507,0.8335329862128976,0.005083723205515,0.0202795542577814
2023,622804,393,EDI MEDALHISTA PARALÍMPICO DANIEL MARTINS,2023,2022,9,275465,235069,40396,1837234.0,0.02198740062507,0.8335329862128976,0.005083723205515,0.0202795542577814
2023,622805,263,EDI MEDALHISTA OLÍMPICO MAURÍCIO LUIZ DE SOUZA,2023,2022,9,275465,235069,40396,1837234.0,0.02198740062507,0.8335329862128976,0.005083723205515,0.0202795542577814
2023,622810,99,EDI ANTÔNIO FRANCISCO LISBOA,2023,2022,9,275465,235069,40396,1837234.0,0.02198740062507,0.8335329862128976,0.005083723205515,0.0202795542577814
2023,625601,179,CM OS SABIDINHOS,2023,2022,9,275465,235069,40396,1837234.0,0.02198740062507,0.8335329862128976,0.005083723205515,0.0202795542577814
2023,625602,182,CM PROFESSORA JUREMA GOMES SAMPAIO DELFIM,2023,2022,9,275465,235069,40396,1837234.0,0.02198740062507,0.8335329862128976,0.005083723205515,0.0202795542577814
2023,625603,193,CM DR. ALBERT SABIN,2023,2022,9,275465,235069,40396,1837234.0,0.02198740062507,0.8335329862128976,0.005083723205515,0.0202795542577814
2023,625604,381,CM HERBERT DE SOUZA - BETINHO,2023,2022,9,275465,235069,40396,1837234.0,0.02198740062507,0.8335329862128976,0.005083723205515,0.0202795542577814
2023,625605,243,CM LUÍS CARLOS PRESTES,2023,2022,9,275465,235069,40396,1837234.0,0.02198740062507,0.8335329862128976,0.005083723205515,0.0202795542577814
2023,625606,453,CM LUÍS DE SOUZA DA COSTA BARROS,2023,2022,9,275465,235069,40396,1837234.0,0.02198740062507,0.8335329862128976,0.005083723205515,0.0202795542577814
2023,625607,453,CM LUIZA DE BARROS DE SÁ FREIRE,2023,2022,9,275465,235069,40396,1837234.0,0.02198740062507,0.8335329862128976,0.005083723205515,0.0202795542577814
2023,625608,201,CM MAJOR CELESTINO R. DOS SANTOS,2023,2022,9,275465,235069,40396,1837234.0,0.02198740062507,0.8335329862128976,0.005083723205515,0.0202795542577814
2023,625609,147,CM SÔNIA MARIA DE M. ANGEL JONES,2023,2022,9,275465,235069,40396,1837234.0,0.02198740062507,0.8335329862128976,0.005083723205515,0.0202795542577814
2023,625610,94,CM ZUZU ANGEL,2023,2022,9,275465,235069,40396,1837234.0,0.02198740062507,0.8335329862128976,0.005083723205515,0.0202795542577814
2023,625611,452,CM ZILKA SALABERRY,2023,2022,9,275465,235069,40396,1837234.0,0.02198740062507,0.8335329862128976,0.005083723205515,0.0202795542577814
2023,625612,590,CM YEDDA MARQUES LAMOUNIER DE ANDRADE MACIEL,2023,2022,9,275465,235069,40396,1837234.0,0.02198740062507,0.8335329862128976,0.005083723205515,0.0202795542577814
2023,625613,1,CM BERÇO DO FUTURO,2023,2022,9,275465,235069,40396,1837234.0,0.02198740062507,0.8335329862128976,0.005083723205515,0.0202795542577814
2023,625614,399,CM SIMONE DE BEAUVOIR,2023,2022,9,275465,235069,40396,1837234.0,0.02198740062507,0.8335329862128976,0.005083723205515,0.0202795542577814
2023,625615,423,CM EDNA LOTTE,2023,2022,9,275465,235069,40396,1837234.0,0.02198740062507,0.8335329862128976,0.005083723205515,0.0202795542577814
2023,625616,121,CM PROFESSOR ROGÉRIO PEDRO BATISTA,2023,2022,9,275465,235069,40396,1837234.0,0.02198740062507,0.8335329862128976,0.005083723205515,0.0202795542577814
2023,625801,163,EDI PROFESSORA ROSENICE ROCHA ROQUE,2023,2022,9,275465,235069,40396,1837234.0,0.02198740062507,0.8335329862128976,0.005083723205515,0.0202795542577814
2023,625802,362,EDI WESLEY GUILBER RODRIGUES DE ANDRADE,2023,2022,9,275465,235069,40396,1837234.0,0.02198740062507,0.8335329862128976,0.005083723205515,0.0202795542577814
2023,625803,300,EDI PROFESSORA BEATRIZ DE SOUZA MADEIRA,2023,2022,9,275465,235069,40396,1837234.0,0.02198740062507,0.8335329862128976,0.005083723205515,0.0202795542577814
2023,625804,358,EDI PROFESSORA HELIA LÚCIA MORENO FERREIRA,2023,2022,9,275465,235069,40396,1837234.0,0.02198740062507,0.8335329862128976,0.005083723205515,0.0202795542577814
2023,625806,54,EDI ANA DE BARROS CÂMARA,2023,2022,9,275465,235069,40396,1837234.0,0.02198740062507,0.8335329862128976,0.005083723205515,0.0202795542577814
2023,625807,59,EDI FROTA PESSOA,2023,2022,9,275465,235069,40396,1837234.0,0.02198740062507,0.8335329862128976,0.005083723205515,0.0202795542577814
2023,625813,74,EDI PROFESSORA GRACÍLIA ROSA DE BELÉM MAYOR,2023,2022,9,275465,235069,40396,1837234.0,0.02198740062507,0.8335329862128976,0.005083723205515,0.0202795542577814
2023,625814,185,EDI PROFESSORA ROSEANE VASCONCELOS,2023,2022,9,275465,235069,40396,1837234.0,0.02198740062507,0.8335329862128976,0.005083723205515,0.0202795542577814
2023,625815,268,EDI PROFESSORA KRISTINA ROMOLO KIFFER,2023,2022,9,275465,235069,40396,1837234.0,0.02198740062507,0.8335329862128976,0.005083723205515,0.0202795542577814
2023,625816,294,EDI PROFESSORA REGINA CELI RABELO DE ALMEIDA,2023,2022,9,275465,235069,40396,1837234.0,0.02198740062507,0.8335329862128976,0.005083723205515,0.0202795542577814
2023,625817,283,EDI PROFESSORA DANIELE SIMÕES DE SOUZA LOPES,2023,2022,9,275465,235069,40396,1837234.0,0.02198740062507,0.8335329862128976,0.005083723205515,0.0202795542577814
2023,625818,295,EDI MARIA EUGENIA CANELHAS,2023,2022,9,275465,235069,40396,1837234.0,0.02198740062507,0.8335329862128976,0.005083723205515,0.0202795542577814
2023,625819,356,EDI MARIZA ALVES PIMENTA,2023,2022,9,275465,235069,40396,1837234.0,0.02198740062507,0.8335329862128976,0.005083723205515,0.0202795542577814
2023,625820,270,EDI BETH CARVALHO,2023,2022,9,275465,235069,40396,1837234.0,0.02198740062507,0.8335329862128976,0.005083723205515,0.0202795542577814
2023,716601,1022,CM OTÁVIO HENRIQUE DE OLIVEIRA,2023,2022,9,275465,235069,40396,1837234.0,0.02198740062507,0.8335329862128976,0.005083723205515,0.0202795542577814
2023,716602,187,CM TIA TEREZA,2023,2022,9,275465,235069,40396,1837234.0,0.02198740062507,0.8335329862128976,0.005083723205515,0.0202795542577814
2023,716603,929,CM CRIANÇA DO FUTURO,2023,2022,9,275465,235069,40396,1837234.0,0.02198740062507,0.8335329862128976,0.005083723205515,0.0202795542577814
2023,716604,314,CM GERMINIO DE SOUZA ESTRELA,2023,2022,9,275465,235069,40396,1837234.0,0.02198740062507,0.8335329862128976,0.005083723205515,0.0202795542577814
2023,716605,682,CM SEMPRE VIDA NISE DA SILVEIRA,2023,2022,9,275465,235069,40396,1837234.0,0.02198740062507,0.8335329862128976,0.005083723205515,0.0202795542577814
2023,716606,577,CM AMIGUINHOS DA VILA SAPÊ,2023,2022,9,275465,235069,40396,1837234.0,0.02198740062507,0.8335329862128976,0.005083723205515,0.0202795542577814
2023,716607,412,CM EMÍLIA JOANA DA FONSECA MARQUES,2023,2022,9,275465,235069,40396,1837234.0,0.02198740062507,0.8335329862128976,0.005083723205515,0.0202795542577814
2023,716608,443,CM IRMÃ DULCE,2023,2022,9,275465,235069,40396,1837234.0,0.02198740062507,0.8335329862128976,0.005083723205515,0.0202795542577814
2023,716609,1355,CM RIO NOVO - RIO DAS FLORES,2023,2022,9,275465,235069,40396,1837234.0,0.02198740062507,0.8335329862128976,0.005083723205515,0.0202795542577814
2023,716610,326,CM TIA MALU,2023,2022,9,275465,235069,40396,1837234.0,0.02198740062507,0.8335329862128976,0.005083723205515,0.0202795542577814
2023,716611,250,CM VITORINO FREIRE,2023,2022,9,275465,235069,40396,1837234.0,0.02198740062507,0.8335329862128976,0.005083723205515,0.0202795542577814
2023,716612,216,CM TIA AUTA,2023,2022,9,275465,235069,40396,1837234.0,0.02198740062507,0.8335329862128976,0.005083723205515,0.0202795542577814
2023,716613,752,CM MARIA DA CONCEIÇÃO SILVEIRA DE CARVALHO,2023,2022,9,275465,235069,40396,1837234.0,0.02198740062507,0.8335329862128976,0.005083723205515,0.0202795542577814
2023,716614,823,CM AUGUSTO DE CARVALHO TORRES FILHO,2023,2022,9,275465,235069,40396,1837234.0,0.02198740062507,0.8335329862128976,0.005083723205515,0.0202795542577814
2023,716801,440,EDI DOUTORA ZILDA ARNS,2023,2022,9,275465,235069,40396,1837234.0,0.02198740062507,0.8335329862128976,0.005083723205515,0.0202795542577814
2023,716802,294,EDI ARTHUR BISPO DO ROSÁRIO,2023,2022,9,275465,235069,40396,1837234.0,0.02198740062507,0.8335329862128976,0.005083723205515,0.0202795542577814
2023,716803,621,EDI COMPOSITOR ROBERTO RIBEIRO,2023,2022,9,275465,235069,40396,1837234.0,0.02198740062507,0.8335329862128976,0.005083723205515,0.0202795542577814
2023,716804,208,EDI RODRIGO LOPES (TIKINHO),2023,2022,9,275465,235069,40396,1837234.0,0.02198740062507,0.8335329862128976,0.005083723205515,0.0202795542577814
2023,716805,481,EDI ANNA MARIA NIEMEYER,2023,2022,9,275465,235069,40396,1837234.0,0.02198740062507,0.8335329862128976,0.005083723205515,0.0202795542577814
2023,716806,390,EDI PROFESSORA EDILIA COELHO GARCIA,2023,2022,9,275465,235069,40396,1837234.0,0.02198740062507,0.8335329862128976,0.005083723205515,0.0202795542577814
2023,716807,481,EDI LEILA DINIZ,2023,2022,9,275465,235069,40396,1837234.0,0.02198740062507,0.8335329862128976,0.005083723205515,0.0202795542577814
2023,716808,626,EDI PROFESSORA MARIA BERENICE PARENTE,2023,2022,9,275465,235069,40396,1837234.0,0.02198740062507,0.8335329862128976,0.005083723205515,0.0202795542577814
2023,716809,309,EDI PROFESSOR ROBERTO LUIZ PEREIRA,2023,2022,9,275465,235069,40396,1837234.0,0.02198740062507,0.8335329862128976,0.005083723205515,0.0202795542577814
2023,716813,420,EDI PROFESSORA KENIA MENDES DOS SANTOS,2023,2022,9,275465,235069,40396,1837234.0,0.02198740062507,0.8335329862128976,0.005083723205515,0.0202795542577814
2023,716814,416,EDI PROFESSORA EMILIA MARIA VIEIRA DE OLIVEIRA,2023,2022,9,275465,235069,40396,1837234.0,0.02198740062507,0.8335329862128976,0.005083723205515,0.0202795542577814
2023,716815,260,EDI EVARISTO DA VEIGA,2023,2022,9,275465,235069,40396,1837234.0,0.02198740062507,0.8335329862128976,0.005083723205515,0.0202795542577814
2023,716816,272,EDI DEBRET,2023,2022,9,275465,235069,40396,1837234.0,0.02198740062507,0.8335329862128976,0.005083723205515,0.0202795542577814
2023,716818,975,EDI PROFESSORA CLÁUDIA PIRES CONTINO DA SILVA,2023,2022,9,275465,235069,40396,1837234.0,0.02198740062507,0.8335329862128976,0.005083723205515,0.0202795542577814
2023,716819,891,EDI PROFESSORA NORMA ANDRADE NOGUEIRA,2023,2022,9,275465,235069,40396,1837234.0,0.02198740062507,0.8335329862128976,0.005083723205515,0.0202795542577814
2023,716820,857,EDI MEDALHISTA OLÍMPICA ÁGATHA BEDNARCZUK RIPPEL,2023,2022,9,275465,235069,40396,1837234.0,0.02198740062507,0.8335329862128976,0.005083723205515,0.0202795542577814
2023,716821,720,EDI MEDALHISTA PARALÍMPICO FELIPE DE SOUZA GOMES,2023,2022,9,275465,235069,40396,1837234.0,0.02198740062507,0.8335329862128976,0.005083723205515,0.0202795542577814
2023,716822,664,EDI MARCELO PARENTE GOMES DE OLIVEIRA,2023,2022,9,275465,235069,40396,1837234.0,0.02198740062507,0.8335329862128976,0.005083723205515,0.0202795542577814
2023,716823,793,EDI PROFESSOR EITEL SEIXAS,2023,2022,9,275465,235069,40396,1837234.0,0.02198740062507,0.8335329862128976,0.005083723205515,0.0202795542577814
2023,724601,512,CM MARIA VIEIRA BAZANI,2023,2022,9,275465,235069,40396,1837234.0,0.02198740062507,0.8335329862128976,0.005083723205515,0.0202795542577814
2023,724602,265,CM DINA SFAT,2023,2022,9,275465,235069,40396,1837234.0,0.02198740062507,0.8335329862128976,0.005083723205515,0.0202795542577814
2023,724603,411,CM BENEDITA SIQUEIRA LOPES,2023,2022,9,275465,235069,40396,1837234.0,0.02198740062507,0.8335329862128976,0.005083723205515,0.0202795542577814
2023,724604,265,CM EDSON LUIZ,2023,2022,9,275465,235069,40396,1837234.0,0.02198740062507,0.8335329862128976,0.005083723205515,0.0202795542577814
2023,724605,544,CM SEBASTIÃO BERNARDES DE SOUZA PRATA,2023,2022,9,275465,235069,40396,1837234.0,0.02198740062507,0.8335329862128976,0.005083723205515,0.0202795542577814
2023,724606,598,CM ROGÉRIO CARDOSO FURTADO,2023,2022,9,275465,235069,40396,1837234.0,0.02198740062507,0.8335329862128976,0.005083723205515,0.0202795542577814
2023,724801,555,EDI MILENA SANTOS NASCIMENTO,2023,2022,9,275465,235069,40396,1837234.0,0.02198740062507,0.8335329862128976,0.005083723205515,0.0202795542577814
2023,724802,118,EDI PORFIRIO DIAS,2023,2022,9,275465,235069,40396,1837234.0,0.02198740062507,0.8335329862128976,0.005083723205515,0.0202795542577814
2023,724803,306,EDI VERA LUCIA MARTINS COSTA,2023,2022,9,275465,235069,40396,1837234.0,0.02198740062507,0.8335329862128976,0.005083723205515,0.0202795542577814
2023,724804,592,EDI PROFESSORA MATILDE ROSA LOPES DE ARAUJO,2023,2022,9,275465,235069,40396,1837234.0,0.02198740062507,0.8335329862128976,0.005083723205515,0.0202795542577814
2023,724805,162,EDI TRISTÃO DE ATHAYDE,2023,2022,9,275465,235069,40396,1837234.0,0.02198740062507,0.8335329862128976,0.005083723205515,0.0202795542577814
2023,724806,235,EDI PROFESSORA RUTH CARDOSO,2023,2022,9,275465,235069,40396,1837234.0,0.02198740062507,0.8335329862128976,0.005083723205515,0.0202795542577814
2023,724807,423,EDI CARMEN MIRANDA,2023,2022,9,275465,235069,40396,1837234.0,0.02198740062507,0.8335329862128976,0.005083723205515,0.0202795542577814
2023,724808,299,EDI AMOR,2023,2022,9,275465,235069,40396,1837234.0,0.02198740062507,0.8335329862128976,0.005083723205515,0.0202795542577814
2023,724809,124,"EDI UGOCIONE JOSÉ DE MEDEIROS ""SEU UGO""",2023,2022,9,275465,235069,40396,1837234.0,0.02198740062507,0.8335329862128976,0.005083723205515,0.0202795542577814
2023,734601,254,CM LUZES DO AMANHÃ,2023,2022,9,275465,235069,40396,1837234.0,0.02198740062507,0.8335329862128976,0.005083723205515,0.0202795542577814
2023,734602,286,CM MARGARIDA GABINAL,2023,2022,9,275465,235069,40396,1837234.0,0.02198740062507,0.8335329862128976,0.005083723205515,0.0202795542577814
2023,734603,201,CM SEMPRE VIDA JOSUÉ,2023,2022,9,275465,235069,40396,1837234.0,0.02198740062507,0.8335329862128976,0.005083723205515,0.0202795542577814
2023,734801,300,EDI JARDIM DO AMANHÃ,2023,2022,9,275465,235069,40396,1837234.0,0.02198740062507,0.8335329862128976,0.005083723205515,0.0202795542577814
2023,734802,758,EDI SENHORA PERCILIANA PEREIRA DE ALVARENGA,2023,2022,9,275465,235069,40396,1837234.0,0.02198740062507,0.8335329862128976,0.005083723205515,0.0202795542577814
2023,734803,231,EDI ANA CAROLINA PACHECO DA SILVA,2023,2022,9,275465,235069,40396,1837234.0,0.02198740062507,0.8335329862128976,0.005083723205515,0.0202795542577814
2023,734804,389,EDI MARIA BERALDA,2023,2022,9,275465,235069,40396,1837234.0,0.02198740062507,0.8335329862128976,0.005083723205515,0.0202795542577814
2023,734805,325,EDI MONSENHOR CORDIOLI,2023,2022,9,275465,235069,40396,1837234.0,0.02198740062507,0.8335329862128976,0.005083723205515,0.0202795542577814
2023,817202,188,CIEP AMILCAR CABRAL,2023,2022,9,275465,235069,40396,1837234.0,0.02198740062507,0.8335329862128976,0.005083723205515,0.0202795542577814
2023,817504,268,CIEP ANTONIO EVARISTO DE MORAES,2023,2022,9,275465,235069,40396,1837234.0,0.02198740062507,0.8335329862128976,0.005083723205515,0.0202795542577814
2023,817505,81,CIEP MARECHAL JULIO CAETANO HORTA BARBOSA,2023,2022,9,275465,235069,40396,1837234.0,0.02198740062507,0.8335329862128976,0.005083723205515,0.0202795542577814
2023,817507,58,CIEP MESTRE ANDRÉ,2023,2022,9,275465,235069,40396,1837234.0,0.02198740062507,0.8335329862128976,0.005083723205515,0.0202795542577814
2023,817601,585,CM JOSÉ FÉLIX,2023,2022,9,275465,235069,40396,1837234.0,0.02198740062507,0.8335329862128976,0.005083723205515,0.0202795542577814
2023,817602,331,CM VILA PROGRESSO,2023,2022,9,275465,235069,40396,1837234.0,0.02198740062507,0.8335329862128976,0.005083723205515,0.0202795542577814
2023,817603,473,CM DENTE DE LEITE,2023,2022,9,275465,235069,40396,1837234.0,0.02198740062507,0.8335329862128976,0.005083723205515,0.0202795542577814
2023,817604,223,CM DRAMATURGO ALFREDO DE FREITAS DIAS GOMES,2023,2022,9,275465,235069,40396,1837234.0,0.02198740062507,0.8335329862128976,0.005083723205515,0.0202795542577814
2023,817605,320,CM MANÉ GARRINCHA II,2023,2022,9,275465,235069,40396,1837234.0,0.02198740062507,0.8335329862128976,0.005083723205515,0.0202795542577814
2023,817606,174,CM MEIMEI,2023,2022,9,275465,235069,40396,1837234.0,0.02198740062507,0.8335329862128976,0.005083723205515,0.0202795542577814
2023,817607,474,CM MULHERES DO QUAFÁ,2023,2022,9,275465,235069,40396,1837234.0,0.02198740062507,0.8335329862128976,0.005083723205515,0.0202795542577814
2023,817608,417,CM NOVA ALIANÇA,2023,2022,9,275465,235069,40396,1837234.0,0.02198740062507,0.8335329862128976,0.005083723205515,0.0202795542577814
2023,817609,516,CM RECANTO FELIZ,2023,2022,9,275465,235069,40396,1837234.0,0.02198740062507,0.8335329862128976,0.005083723205515,0.0202795542577814
2023,817610,210,CM SEMPRE VIDA FAZENDA COQUEIROS,2023,2022,9,275465,235069,40396,1837234.0,0.02198740062507,0.8335329862128976,0.005083723205515,0.0202795542577814
2023,817611,160,CM TIA ELZA,2023,2022,9,275465,235069,40396,1837234.0,0.02198740062507,0.8335329862128976,0.005083723205515,0.0202795542577814
2023,817612,366,CM VILA KENNEDY,2023,2022,9,275465,235069,40396,1837234.0,0.02198740062507,0.8335329862128976,0.005083723205515,0.0202795542577814
2023,817613,238,CM CÉLIA ALENCAR,2023,2022,9,275465,235069,40396,1837234.0,0.02198740062507,0.8335329862128976,0.005083723205515,0.0202795542577814
2023,817614,319,CM FAZENDA COQUEIROS II,2023,2022,9,275465,235069,40396,1837234.0,0.02198740062507,0.8335329862128976,0.005083723205515,0.0202795542577814
2023,817615,210,CM VILA UNIÃO DA PAZ,2023,2022,9,275465,235069,40396,1837234.0,0.02198740062507,0.8335329862128976,0.005083723205515,0.0202795542577814
2023,817616,112,CM PROFESSORA MARIA ASSUMPÇÃO,2023,2022,9,275465,235069,40396,1837234.0,0.02198740062507,0.8335329862128976,0.005083723205515,0.0202795542577814
2023,817617,300,CM JOSÉ MANOEL IBARRA PEREZ,2023,2022,9,275465,235069,40396,1837234.0,0.02198740062507,0.8335329862128976,0.005083723205515,0.0202795542577814
2023,817618,253,CM JANETE CLAIR,2023,2022,9,275465,235069,40396,1837234.0,0.02198740062507,0.8335329862128976,0.005083723205515,0.0202795542577814
2023,817619,295,CM PROFESSORA REGINA MARIA DA MATTA MONTEZANO,2023,2022,9,275465,235069,40396,1837234.0,0.02198740062507,0.8335329862128976,0.005083723205515,0.0202795542577814
2023,817801,348,EDI PROFESSORA TÂNIA MARIA LARRUBIA GOMES,2023,2022,9,275465,235069,40396,1837234.0,0.02198740062507,0.8335329862128976,0.005083723205515,0.0202795542577814
2023,817802,205,EDI PROFESSOR REINALDO JOSÉ DE ARAGÃO BARBOSA,2023,2022,9,275465,235069,40396,1837234.0,0.02198740062507,0.8335329862128976,0.005083723205515,0.0202795542577814
2023,817803,365,EDI JOSÉ EPHIM MINDLIN,2023,2022,9,275465,235069,40396,1837234.0,0.02198740062507,0.8335329862128976,0.005083723205515,0.0202795542577814
2023,817804,429,EDI PROFESSORA EDITH MARQUES DE SOUZA,2023,2022,9,275465,235069,40396,1837234.0,0.02198740062507,0.8335329862128976,0.005083723205515,0.0202795542577814
2023,817805,130,EDI RAFAEL PEREIRA DA SILVA,2023,2022,9,275465,235069,40396,1837234.0,0.02198740062507,0.8335329862128976,0.005083723205515,0.0202795542577814
2023,817806,279,EDI PROFESSORA MARIA YEDDA LEITE LINHARES,2023,2022,9,275465,235069,40396,1837234.0,0.02198740062507,0.8335329862128976,0.005083723205515,0.0202795542577814
2023,817807,249,EDI MARIA DO CARMO SOUZA PIRAN,2023,2022,9,275465,235069,40396,1837234.0,0.02198740062507,0.8335329862128976,0.005083723205515,0.0202795542577814
2023,817808,411,EDI PROFESSOR ANTONIO FLAVIO PIERUCCI,2023,2022,9,275465,235069,40396,1837234.0,0.02198740062507,0.8335329862128976,0.005083723205515,0.0202795542577814
2023,817809,63,EDI REPÚBLICA ÁRABE UNIDA,2023,2022,9,275465,235069,40396,1837234.0,0.02198740062507,0.8335329862128976,0.005083723205515,0.0202795542577814
2023,817810,235,EDI VILA DO VINTÉM,2023,2022,9,275465,235069,40396,1837234.0,0.02198740062507,0.8335329862128976,0.005083723205515,0.0202795542577814
2023,817814,546,EDI PROFESSORA GIOVANA BANSI,2023,2022,9,275465,235069,40396,1837234.0,0.02198740062507,0.8335329862128976,0.005083723205515,0.0202795542577814
2023,817815,424,EDI SENHOR JOÃO GOMES,2023,2022,9,275465,235069,40396,1837234.0,0.02198740062507,0.8335329862128976,0.005083723205515,0.0202795542577814
2023,833505,29,CIEP ARACY DE ALMEIDA (CANTORA),2023,2022,9,275465,235069,40396,1837234.0,0.02198740062507,0.8335329862128976,0.005083723205515,0.0202795542577814
2023,833601,413,CM CASA DE REALENGO,2023,2022,9,275465,235069,40396,1837234.0,0.02198740062507,0.8335329862128976,0.005083723205515,0.0202795542577814
2023,833602,349,CM JULINHO CACAU,2023,2022,9,275465,235069,40396,1837234.0,0.02198740062507,0.8335329862128976,0.005083723205515,0.0202795542577814
2023,833603,382,CM SILVEIRINHA,2023,2022,9,275465,235069,40396,1837234.0,0.02198740062507,0.8335329862128976,0.005083723205515,0.0202795542577814
2023,833801,153,EDI GESSICA GUEDES PEREIRA,2023,2022,9,275465,235069,40396,1837234.0,0.02198740062507,0.8335329862128976,0.005083723205515,0.0202795542577814
2023,833802,316,EDI PROFESSORA ZENA ELIAN,2023,2022,9,275465,235069,40396,1837234.0,0.02198740062507,0.8335329862128976,0.005083723205515,0.0202795542577814
2023,833803,230,EDI FREI ORLANDO,2023,2022,9,275465,235069,40396,1837234.0,0.02198740062507,0.8335329862128976,0.005083723205515,0.0202795542577814
2023,833805,160,EDI DEODORO,2023,2022,9,275465,235069,40396,1837234.0,0.02198740062507,0.8335329862128976,0.005083723205515,0.0202795542577814
2023,833806,327,EDI PROFESSOR CRISTIANO PINTO DE MORAES BISPO,2023,2022,9,275465,235069,40396,1837234.0,0.02198740062507,0.8335329862128976,0.005083723205515,0.0202795542577814
2023,833807,295,EDI LUIZA PAULA DA SILVEIRA MACHADO,2023,2022,9,275465,235069,40396,1837234.0,0.02198740062507,0.8335329862128976,0.005083723205515,0.0202795542577814
2023,833808,293,EDI PROFESSORA VANUZIA BASTOS DA SILVA,2023,2022,9,275465,235069,40396,1837234.0,0.02198740062507,0.8335329862128976,0.005083723205515,0.0202795542577814
2023,833809,287,EDI PROFESSORA MARIA CECILIA FERREIRA,2023,2022,9,275465,235069,40396,1837234.0,0.02198740062507,0.8335329862128976,0.005083723205515,0.0202795542577814
2023,833810,212,EDI MEDALHISTA OLÍMPICO SERGIO DUTRA DOS SANTOS,2023,2022,9,275465,235069,40396,1837234.0,0.02198740062507,0.8335329862128976,0.005083723205515,0.0202795542577814
2023,833811,296,EDI MEDALHISTA OLÍMPICA RAFAELA LOPES SILVA,2023,2022,9,275465,235069,40396,1837234.0,0.02198740062507,0.8335329862128976,0.005083723205515,0.0202795542577814
2023,918601,435,CM ALEGRIA DE NOVA CIDADE,2023,2022,9,275465,235069,40396,1837234.0,0.02198740062507,0.8335329862128976,0.005083723205515,0.0202795542577814
2023,918602,70,CM VITÓRIA DA PAZ,2023,2022,9,275465,235069,40396,1837234.0,0.02198740062507,0.8335329862128976,0.005083723205515,0.0202795542577814
2023,918603,107,CM SEMPRE VIDA ELZA RABELO DE ANDRADE,2023,2022,9,275465,235069,40396,1837234.0,0.02198740062507,0.8335329862128976,0.005083723205515,0.0202795542577814
2023,918604,88,CM VERA PACHECO JORDÃO,2023,2022,9,275465,235069,40396,1837234.0,0.02198740062507,0.8335329862128976,0.005083723205515,0.0202795542577814
2023,918605,151,CM SEMPRE VIDA PROFESSORA EUGENIA MARIA VELOSO MARCHESE,2023,2022,9,275465,235069,40396,1837234.0,0.02198740062507,0.8335329862128976,0.005083723205515,0.0202795542577814
2023,918606,276,CM CECÍLIA MEIRELES,2023,2022,9,275465,235069,40396,1837234.0,0.02198740062507,0.8335329862128976,0.005083723205515,0.0202795542577814
2023,918607,455,CM SONHO FELIZ,2023,2022,9,275465,235069,40396,1837234.0,0.02198740062507,0.8335329862128976,0.005083723205515,0.0202795542577814
2023,918608,156,CM JARDIM MONTE SANTO,2023,2022,9,275465,235069,40396,1837234.0,0.02198740062507,0.8335329862128976,0.005083723205515,0.0202795542577814
2023,918609,204,CM ADÉLIA VIEIRA,2023,2022,9,275465,235069,40396,1837234.0,0.02198740062507,0.8335329862128976,0.005083723205515,0.0202795542577814
2023,918610,125,CM ESPERANÇA DO AMANHÃ,2023,2022,9,275465,235069,40396,1837234.0,0.02198740062507,0.8335329862128976,0.005083723205515,0.0202795542577814
2023,918611,78,CM MÁRIO LOMBARDI,2023,2022,9,275465,235069,40396,1837234.0,0.02198740062507,0.8335329862128976,0.005083723205515,0.0202795542577814
2023,918613,601,CM PROFESSORA FLORA SANTINA FERRARI BRAZ,2023,2022,9,275465,235069,40396,1837234.0,0.02198740062507,0.8335329862128976,0.005083723205515,0.0202795542577814
2023,918614,300,CM ZÉLIA CHAUKE CURI,2023,2022,9,275465,235069,40396,1837234.0,0.02198740062507,0.8335329862128976,0.005083723205515,0.0202795542577814
2023,918615,129,CM MARCELO CARDOSO TOMÉ,2023,2022,9,275465,235069,40396,1837234.0,0.02198740062507,0.8335329862128976,0.005083723205515,0.0202795542577814
2023,918616,431,CM PADRE VALTER DA COSTA SANTOS,2023,2022,9,275465,235069,40396,1837234.0,0.02198740062507,0.8335329862128976,0.005083723205515,0.0202795542577814
2023,918617,401,CM CRIANDO O FUTURO,2023,2022,9,275465,235069,40396,1837234.0,0.02198740062507,0.8335329862128976,0.005083723205515,0.0202795542577814
2023,918618,149,CM ESPERANÇA DA VILA SÃO JORGE,2023,2022,9,275465,235069,40396,1837234.0,0.02198740062507,0.8335329862128976,0.005083723205515,0.0202795542577814
2023,918619,578,CM RAUL CORTEZ,2023,2022,9,275465,235069,40396,1837234.0,0.02198740062507,0.8335329862128976,0.005083723205515,0.0202795542577814
2023,918620,552,CM EMILIO IBRAHIM LÁZARO JUBRAM DIB,2023,2022,9,275465,235069,40396,1837234.0,0.02198740062507,0.8335329862128976,0.005083723205515,0.0202795542577814
2023,918621,343,CM ELIZABETH TAVARES DE SOUZA - BETINHA,2023,2022,9,275465,235069,40396,1837234.0,0.02198740062507,0.8335329862128976,0.005083723205515,0.0202795542577814
2023,918801,229,EDI BIANCA ROCHA TAVARES,2023,2022,9,275465,235069,40396,1837234.0,0.02198740062507,0.8335329862128976,0.005083723205515,0.0202795542577814
2023,918802,277,EDI PINTANDO O SETE,2023,2022,9,275465,235069,40396,1837234.0,0.02198740062507,0.8335329862128976,0.005083723205515,0.0202795542577814
2023,918803,157,EDI LUDMILA MÁXIMO MOREIRA CARDOSO,2023,2022,9,275465,235069,40396,1837234.0,0.02198740062507,0.8335329862128976,0.005083723205515,0.0202795542577814
2023,918804,76,EDI RENAN DE SOUZA LEAL,2023,2022,9,275465,235069,40396,1837234.0,0.02198740062507,0.8335329862128976,0.005083723205515,0.0202795542577814
2023,918805,287,EDI CANTORA CESÁRIA ÉVORA,2023,2022,9,275465,235069,40396,1837234.0,0.02198740062507,0.8335329862128976,0.005083723205515,0.0202795542577814
2023,918806,388,EDI COMENDADOR SERAFIM SOFIA,2023,2022,9,275465,235069,40396,1837234.0,0.02198740062507,0.8335329862128976,0.005083723205515,0.0202795542577814
2023,918807,410,EDI URBANO DE FREITAS,2023,2022,9,275465,235069,40396,1837234.0,0.02198740062507,0.8335329862128976,0.005083723205515,0.0202795542577814
2023,918808,345,EDI PROFESSORA MARTA REGINA PERROTA,2023,2022,9,275465,235069,40396,1837234.0,0.02198740062507,0.8335329862128976,0.005083723205515,0.0202795542577814
2023,918809,87,EDI CAMPO GRANDE,2023,2022,9,275465,235069,40396,1837234.0,0.02198740062507,0.8335329862128976,0.005083723205515,0.0202795542577814
2023,918810,218,EDI DOM BOSCO,2023,2022,9,275465,235069,40396,1837234.0,0.02198740062507,0.8335329862128976,0.005083723205515,0.0202795542577814
2023,918811,17,EDI ISABEL,2023,2022,9,275465,235069,40396,1837234.0,0.02198740062507,0.8335329862128976,0.005083723205515,0.0202795542577814
2023,918812,120,EDI PROFESSOR JORGE EUCLIDES PEREIRA NUNES,2023,2022,9,275465,235069,40396,1837234.0,0.02198740062507,0.8335329862128976,0.005083723205515,0.0202795542577814
2023,918813,293,EDI PROFESSOR MARCO ALTINO DE OLIVEIRA,2023,2022,9,275465,235069,40396,1837234.0,0.02198740062507,0.8335329862128976,0.005083723205515,0.0202795542577814
2023,918814,320,EDI PROFESSOR NESTOR MANOEL PINTO,2023,2022,9,275465,235069,40396,1837234.0,0.02198740062507,0.8335329862128976,0.005083723205515,0.0202795542577814
2023,918815,451,EDI PROFESSORA SIRLÉIA SILVA REIS,2023,2022,9,275465,235069,40396,1837234.0,0.02198740062507,0.8335329862128976,0.005083723205515,0.0202795542577814
2023,918816,106,EDI PROFESSOR JOÃO FERNANDES FILHO,2023,2022,9,275465,235069,40396,1837234.0,0.02198740062507,0.8335329862128976,0.005083723205515,0.0202795542577814
2023,918817,402,EDI PROFESSORA EUGENIA DE ALMEIDA AZEVEDO,2023,2022,9,275465,235069,40396,1837234.0,0.02198740062507,0.8335329862128976,0.005083723205515,0.0202795542577814
2023,918818,165,EDI FRANCISCO JOSÉ DE MORAES,2023,2022,9,275465,235069,40396,1837234.0,0.02198740062507,0.8335329862128976,0.005083723205515,0.0202795542577814
2023,918819,60,EDI JOARI,2023,2022,9,275465,235069,40396,1837234.0,0.02198740062507,0.8335329862128976,0.005083723205515,0.0202795542577814
2023,918820,76,EDI ALMO SATURNINO,2023,2022,9,275465,235069,40396,1837234.0,0.02198740062507,0.8335329862128976,0.005083723205515,0.0202795542577814
2023,918821,247,EDI PROFESSORA ENYR PORTILHO DE AVELLAR,2023,2022,9,275465,235069,40396,1837234.0,0.02198740062507,0.8335329862128976,0.005083723205515,0.0202795542577814
2023,918822,443,EDI PROFESSOR ANDRÉ LUIZ GILS,2023,2022,9,275465,235069,40396,1837234.0,0.02198740062507,0.8335329862128976,0.005083723205515,0.0202795542577814
2023,918823,352,EDI PROFESSOR DERSU GABRIEL BICEGO,2023,2022,9,275465,235069,40396,1837234.0,0.02198740062507,0.8335329862128976,0.005083723205515,0.0202795542577814
2023,918824,388,EDI ALBERTO FERREIRA PINTO,2023,2022,9,275465,235069,40396,1837234.0,0.02198740062507,0.8335329862128976,0.005083723205515,0.0202795542577814
2023,918825,418,EDI PROFESSORA TERESINHA DE JESUS SIQUEIRA BROWN,2023,2022,9,275465,235069,40396,1837234.0,0.02198740062507,0.8335329862128976,0.005083723205515,0.0202795542577814
2023,918826,397,EDI PROFESSORA MARLY DOS SANTOS DE OLIVEIRA (MARLY MARINHO),2023,2022,9,275465,235069,40396,1837234.0,0.02198740062507,0.8335329862128976,0.005083723205515,0.0202795542577814
2023,918827,350,EDI ATAULFO ALVES,2023,2022,9,275465,235069,40396,1837234.0,0.02198740062507,0.8335329862128976,0.005083723205515,0.0202795542577814
2023,918828,462,EDI ALYRIO CAVALLIERI,2023,2022,9,275465,235069,40396,1837234.0,0.02198740062507,0.8335329862128976,0.005083723205515,0.0202795542577814
2023,918829,122,EDI RUBEM AZEVEDO ALVES,2023,2022,9,275465,235069,40396,1837234.0,0.02198740062507,0.8335329862128976,0.005083723205515,0.0202795542577814
2023,918830,107,EDI HENRIQUE DIAS,2023,2022,9,275465,235069,40396,1837234.0,0.02198740062507,0.8335329862128976,0.005083723205515,0.0202795542577814
2023,918831,453,EDI ELFLODÍZIO DOS SANTOS,2023,2022,9,275465,235069,40396,1837234.0,0.02198740062507,0.8335329862128976,0.005083723205515,0.0202795542577814
2023,918832,429,EDI PROFESSORA JACINTHA REIS FERREIRA,2023,2022,9,275465,235069,40396,1837234.0,0.02198740062507,0.8335329862128976,0.005083723205515,0.0202795542577814
2023,918833,251,EDI PROFESSOR WILSON CHOERI,2023,2022,9,275465,235069,40396,1837234.0,0.02198740062507,0.8335329862128976,0.005083723205515,0.0202795542577814
2023,918834,259,EDI ENGENHEIRA ELAINE MONSORES PIRES,2023,2022,9,275465,235069,40396,1837234.0,0.02198740062507,0.8335329862128976,0.005083723205515,0.0202795542577814
2023,918835,417,EDI MEDALHISTA OLÍMPICO ARTHUR NORY OYAKAWA MARIANO,2023,2022,9,275465,235069,40396,1837234.0,0.02198740062507,0.8335329862128976,0.005083723205515,0.0202795542577814
2023,918836,569,EDI MEDALHISTA OLÍMPICO RAFAEL CARLOS DA SILVA,2023,2022,9,275465,235069,40396,1837234.0,0.02198740062507,0.8335329862128976,0.005083723205515,0.0202795542577814
2023,918837,499,EDI MEDALHISTA OLÍMPICO WALLACE LEANDRO DE SOUZA,2023,2022,9,275465,235069,40396,1837234.0,0.02198740062507,0.8335329862128976,0.005083723205515,0.0202795542577814
2023,918838,171,EDI EUSTORGIO WANDERLEY,2023,2022,9,275465,235069,40396,1837234.0,0.02198740062507,0.8335329862128976,0.005083723205515,0.0202795542577814
2023,918839,133,EDI DALILA TAVARES,2023,2022,9,275465,235069,40396,1837234.0,0.02198740062507,0.8335329862128976,0.005083723205515,0.0202795542577814
2024,10001,156,CP ESCOLA COMUNITÁRIA JARDIM DE INFÂNCIA TIA ANASTÁCIA,2024,2023,9,255093,236761,18332,1937290.0,0.0094627030542665,0.2159307740736566,0.005083723205515,0.0202795542577814
2024,10004,65,CP ESCOLA COMUNITÁRIA JARDIM BALÃO MÁGICO,2024,2023,9,255093,236761,18332,1937290.0,0.0094627030542665,0.2159307740736566,0.005083723205515,0.0202795542577814
2024,10005,41,CP CRECHE COMUNITÁRIA JARDIM PEDRA AZUL,2024,2023,9,255093,236761,18332,1937290.0,0.0094627030542665,0.2159307740736566,0.005083723205515,0.0202795542577814
2024,10006,114,CP CRECHE ESCOLA COMUNITÁRIA ISMÊNIA RIBEIRO,2024,2023,9,255093,236761,18332,1937290.0,0.0094627030542665,0.2159307740736566,0.005083723205515,0.0202795542577814
2024,10008,95,CP CRECHE COMUNITÁRIA JARDIM ESPERANÇA,2024,2023,9,255093,236761,18332,1937290.0,0.0094627030542665,0.2159307740736566,0.005083723205515,0.0202795542577814
2024,10009,89,CP JARDIM ESCOLA ERNESTO FAGUNDES VARELA,2024,2023,9,255093,236761,18332,1937290.0,0.0094627030542665,0.2159307740736566,0.005083723205515,0.0202795542577814
2024,10010,109,CP ESCOLA COMUNITÁRIA JARDIM ARCO-ÍRIS,2024,2023,9,255093,236761,18332,1937290.0,0.0094627030542665,0.2159307740736566,0.005083723205515,0.0202795542577814
2024,10011,41,CP CRECHE PINGUINHO DE GENTE,2024,2023,9,255093,236761,18332,1937290.0,0.0094627030542665,0.2159307740736566,0.005083723205515,0.0202795542577814
2024,10013,64,CP ESCOLA COMUNITÁRIA ENCANTO DE MARIA,2024,2023,9,255093,236761,18332,1937290.0,0.0094627030542665,0.2159307740736566,0.005083723205515,0.0202795542577814
2024,10014,48,CP CRECHE COMUNITÁRIA SÃO JOÃO BATISTA,2024,2023,9,255093,236761,18332,1937290.0,0.0094627030542665,0.2159307740736566,0.005083723205515,0.0202795542577814
2024,10018,210,CP CRECHE ESCOLA COMUNITÁRIA SÍTIO ALEGRE,2024,2023,9,255093,236761,18332,1937290.0,0.0094627030542665,0.2159307740736566,0.005083723205515,0.0202795542577814
2024,10019,188,CP ESCOLA COMUNITÁRIA JARDIM ALEXANDRINO,2024,2023,9,255093,236761,18332,1937290.0,0.0094627030542665,0.2159307740736566,0.005083723205515,0.0202795542577814
2024,10020,119,CP CASA MATERNAL NOSSA SENHORA DE NAZARÉ,2024,2023,9,255093,236761,18332,1937290.0,0.0094627030542665,0.2159307740736566,0.005083723205515,0.0202795542577814
2024,10022,210,CP ASSOCIAÇÃO DE MORADORES E AMIGOS DO PARQUE ESTORIL - AMAPE,2024,2023,9,255093,236761,18332,1937290.0,0.0094627030542665,0.2159307740736566,0.005083723205515,0.0202795542577814
2024,10023,117,CP CRECHE ESCOLA SOSSEGO DA MAMÃE,2024,2023,9,255093,236761,18332,1937290.0,0.0094627030542665,0.2159307740736566,0.005083723205515,0.0202795542577814
2024,10024,217,CP CRECHE COMUNITÁRIA MUNDO ENCANTADO DA CRIANÇA,2024,2023,9,255093,236761,18332,1937290.0,0.0094627030542665,0.2159307740736566,0.005083723205515,0.0202795542577814
2024,10026,239,CP CRECHE E ESCOLA COMUNITÁRIA GENTE BAIXINHA I,2024,2023,9,255093,236761,18332,1937290.0,0.0094627030542665,0.2159307740736566,0.005083723205515,0.0202795542577814
2024,10027,169,CP CRECHE CASULO AGOSTINHO - SANTA CRUZ,2024,2023,9,255093,236761,18332,1937290.0,0.0094627030542665,0.2159307740736566,0.005083723205515,0.0202795542577814
2024,10028,156,CP CRECHE CASULO AGOSTINHO - VERIDIANA,2024,2023,9,255093,236761,18332,1937290.0,0.0094627030542665,0.2159307740736566,0.005083723205515,0.0202795542577814
2024,10029,93,CP ASSOCIAÇÃO DE MORADORES DAS MORADAS DO IMPÉRIO,2024,2023,9,255093,236761,18332,1937290.0,0.0094627030542665,0.2159307740736566,0.005083723205515,0.0202795542577814
2024,10030,100,CP INSTITUTO AVELINO - GUARATIBA,2024,2023,9,255093,236761,18332,1937290.0,0.0094627030542665,0.2159307740736566,0.005083723205515,0.0202795542577814
2024,10032,186,CP CRECHE COMUNITÁRIA MUNDO MÁGICO,2024,2023,9,255093,236761,18332,1937290.0,0.0094627030542665,0.2159307740736566,0.005083723205515,0.0202795542577814
2024,10033,76,CP PROJETO QUEBRA CABEÇA,2024,2023,9,255093,236761,18332,1937290.0,0.0094627030542665,0.2159307740736566,0.005083723205515,0.0202795542577814
2024,10034,163,CP OS BENEDITINHOS,2024,2023,9,255093,236761,18332,1937290.0,0.0094627030542665,0.2159307740736566,0.005083723205515,0.0202795542577814
2024,10035,74,CP ESCOLA COMUNITÁRIA JARDIM DE INFÂNCIA CHAVE DO TAMANHO,2024,2023,9,255093,236761,18332,1937290.0,0.0094627030542665,0.2159307740736566,0.005083723205515,0.0202795542577814
2024,10036,206,CP CAAD DONA ZULMIRA TELLES,2024,2023,9,255093,236761,18332,1937290.0,0.0094627030542665,0.2159307740736566,0.005083723205515,0.0202795542577814
2024,10037,82,CP CAAD - COMITÊ DE ATENDIMENTO À CRIANÇA E AO ADOLESCENTE,2024,2023,9,255093,236761,18332,1937290.0,0.0094627030542665,0.2159307740736566,0.005083723205515,0.0202795542577814
2024,10039,281,CP FUNDAÇÃO KLINGNER PARA O DESENVOLVIMENTO SOCIAL,2024,2023,9,255093,236761,18332,1937290.0,0.0094627030542665,0.2159307740736566,0.005083723205515,0.0202795542577814
2024,1004,159,CP CRECHE CANTINHO FELIZ DE SANTA TERESA,2024,2023,9,255093,236761,18332,1937290.0,0.0094627030542665,0.2159307740736566,0.005083723205515,0.0202795542577814
2024,10040,219,CP CICIM I,2024,2023,9,255093,236761,18332,1937290.0,0.0094627030542665,0.2159307740736566,0.005083723205515,0.0202795542577814
2024,10041,154,CP CRECHE BEZERRA DE MENEZES - SANTA CRUZ,2024,2023,9,255093,236761,18332,1937290.0,0.0094627030542665,0.2159307740736566,0.005083723205515,0.0202795542577814
2024,10042,184,CP CICIM II,2024,2023,9,255093,236761,18332,1937290.0,0.0094627030542665,0.2159307740736566,0.005083723205515,0.0202795542577814
2024,10043,172,CP CRECHE CANTINHO CASLU,2024,2023,9,255093,236761,18332,1937290.0,0.0094627030542665,0.2159307740736566,0.005083723205515,0.0202795542577814
2024,10044,130,CP CRECHE COMUNITÁRIA MAGIA DA CRIANÇA,2024,2023,9,255093,236761,18332,1937290.0,0.0094627030542665,0.2159307740736566,0.005083723205515,0.0202795542577814
2024,10045,98,CP ESPAÇO CRIATIVO ERA UMA VEZ,2024,2023,9,255093,236761,18332,1937290.0,0.0094627030542665,0.2159307740736566,0.005083723205515,0.0202795542577814
2024,10046,241,CP CRECHE COMUNITÁRIA DEUS É FIEL - CCDF,2024,2023,9,255093,236761,18332,1937290.0,0.0094627030542665,0.2159307740736566,0.005083723205515,0.0202795542577814
2024,10047,272,CP CENTRO CULTURAL MONTESSORI - SANTA CRUZ,2024,2023,9,255093,236761,18332,1937290.0,0.0094627030542665,0.2159307740736566,0.005083723205515,0.0202795542577814
2024,1005,42,CP CASA MATERNAL CORAÇÃO DE MÃE,2024,2023,9,255093,236761,18332,1937290.0,0.0094627030542665,0.2159307740736566,0.005083723205515,0.0202795542577814
2024,10051,291,CP CRECHE COMUNITÁRIA DEUS É FIEL - UNIDADE VI,2024,2023,9,255093,236761,18332,1937290.0,0.0094627030542665,0.2159307740736566,0.005083723205515,0.0202795542577814
2024,10052,567,CP CRECHE COMUNITÁRIA DEUS É FIEL - UNIDADE VII,2024,2023,9,255093,236761,18332,1937290.0,0.0094627030542665,0.2159307740736566,0.005083723205515,0.0202795542577814
2024,10053,367,CP CRECHE COMUNITÁRIA GÊNIO DO FUTURO,2024,2023,9,255093,236761,18332,1937290.0,0.0094627030542665,0.2159307740736566,0.005083723205515,0.0202795542577814
2024,10054,114,CP CRECHE COMUNITÁRIA AQUARELA DO SABER,2024,2023,9,255093,236761,18332,1937290.0,0.0094627030542665,0.2159307740736566,0.005083723205515,0.0202795542577814
2024,10055,80,CP ESPAÇO DE DESENVOLVIMENTO MÃE GAIA,2024,2023,9,255093,236761,18332,1937290.0,0.0094627030542665,0.2159307740736566,0.005083723205515,0.0202795542577814
2024,10056,98,CP CRECHE MUNDO DA BIBI,2024,2023,9,255093,236761,18332,1937290.0,0.0094627030542665,0.2159307740736566,0.005083723205515,0.0202795542577814
2024,10057,353,CP CENTRO CULTURAL MONTESSORI - PACIÊNCIA,2024,2023,9,255093,236761,18332,1937290.0,0.0094627030542665,0.2159307740736566,0.005083723205515,0.0202795542577814
2024,10058,213,CP CRECHE ESCOLA COMUNITÁRIA MALLETZINHO,2024,2023,9,255093,236761,18332,1937290.0,0.0094627030542665,0.2159307740736566,0.005083723205515,0.0202795542577814
2024,10059,108,CP CRECHE COMUNITÁRIA PLANETA BEBÊ,2024,2023,9,255093,236761,18332,1937290.0,0.0094627030542665,0.2159307740736566,0.005083723205515,0.0202795542577814
2024,1006,290,CP CRECHE DO TUIUTI,2024,2023,9,255093,236761,18332,1937290.0,0.0094627030542665,0.2159307740736566,0.005083723205515,0.0202795542577814
2024,10060,94,CP CRECHE COMUNITÁRIA JARDIM DO CONHECIMENTO,2024,2023,9,255093,236761,18332,1937290.0,0.0094627030542665,0.2159307740736566,0.005083723205515,0.0202795542577814
2024,10061,174,CP CRECHE COMUNITÁRIA ESTRELA DO AMANHÃ,2024,2023,9,255093,236761,18332,1937290.0,0.0094627030542665,0.2159307740736566,0.005083723205515,0.0202795542577814
2024,10062,113,CP CENTRO CULTURAL DE DESENVOLVIMENTO INFANTIL JOÃO BATISTA,2024,2023,9,255093,236761,18332,1937290.0,0.0094627030542665,0.2159307740736566,0.005083723205515,0.0202795542577814
2024,10063,323,CP CRECHE COMUNITÁRIA UNIVERSO INFANTIL,2024,2023,9,255093,236761,18332,1937290.0,0.0094627030542665,0.2159307740736566,0.005083723205515,0.0202795542577814
2024,10064,282,CP CRECHE COMUNITÁRIA CORAÇÃO DE MÃE,2024,2023,9,255093,236761,18332,1937290.0,0.0094627030542665,0.2159307740736566,0.005083723205515,0.0202795542577814
2024,10065,168,CP CRECHE MAGIA DA CRIANÇA II,2024,2023,9,255093,236761,18332,1937290.0,0.0094627030542665,0.2159307740736566,0.005083723205515,0.0202795542577814
2024,10066,210,CP CRECHE COMUNITÁRIA ARTE & CULTURA,2024,2023,9,255093,236761,18332,1937290.0,0.0094627030542665,0.2159307740736566,0.005083723205515,0.0202795542577814
2024,10067,136,CP CRECHE COMUNITÁRIA ARCA DE NOÉ,2024,2023,9,255093,236761,18332,1937290.0,0.0094627030542665,0.2159307740736566,0.005083723205515,0.0202795542577814
2024,10068,114,CP CRECHE COMUNITÁRIA TIA NEIDE - GUARATIBA,2024,2023,9,255093,236761,18332,1937290.0,0.0094627030542665,0.2159307740736566,0.005083723205515,0.0202795542577814
2024,10069,461,CP CRECHE E ESCOLA COMUNITÁRIA GENTE BAIXINHA II,2024,2023,9,255093,236761,18332,1937290.0,0.0094627030542665,0.2159307740736566,0.005083723205515,0.0202795542577814
2024,1007,124,CP EDUCANDÁRIO NOSSA SENHORA DE NAZARÉ,2024,2023,9,255093,236761,18332,1937290.0,0.0094627030542665,0.2159307740736566,0.005083723205515,0.0202795542577814
2024,10070,157,CP PEDACINHO DO CÉU,2024,2023,9,255093,236761,18332,1937290.0,0.0094627030542665,0.2159307740736566,0.005083723205515,0.0202795542577814
2024,10071,184,CP CRECHE COMUNITÁRIA ARTE & CULTURA - UNIDADE I,2024,2023,9,255093,236761,18332,1937290.0,0.0094627030542665,0.2159307740736566,0.005083723205515,0.0202795542577814
2024,10072,235,CP CRECHE COMUNITÁRIA DEUS É FIEL - UNIDADE X,2024,2023,9,255093,236761,18332,1937290.0,0.0094627030542665,0.2159307740736566,0.005083723205515,0.0202795542577814
2024,10073,429,CP NINHO CARIOCA,2024,2023,9,255093,236761,18332,1937290.0,0.0094627030542665,0.2159307740736566,0.005083723205515,0.0202795542577814
2024,10074,211,CP CRECHE MUNDO MÁGICO II,2024,2023,9,255093,236761,18332,1937290.0,0.0094627030542665,0.2159307740736566,0.005083723205515,0.0202795542577814
2024,10075,210,CP CRECHE COMUNITÁRIA PEDACINHO DE CÉU,2024,2023,9,255093,236761,18332,1937290.0,0.0094627030542665,0.2159307740736566,0.005083723205515,0.0202795542577814
2024,10076,42,CP ESPAÇO DE DESENVOLVIMENTO MÃE GAIA - UNIDADE I,2024,2023,9,255093,236761,18332,1937290.0,0.0094627030542665,0.2159307740736566,0.005083723205515,0.0202795542577814
2024,10077,61,CP CRECHE COMUNITÁRIA CANTINHO DO SABER,2024,2023,9,255093,236761,18332,1937290.0,0.0094627030542665,0.2159307740736566,0.005083723205515,0.0202795542577814
2024,10078,75,CP CRECHE COMUNITÁRIA CRIANÇA FELIZ,2024,2023,9,255093,236761,18332,1937290.0,0.0094627030542665,0.2159307740736566,0.005083723205515,0.0202795542577814
2024,10079,159,CP CRECHE COMUNITÁRIA DEUS É FIEL - UNIDADE VIII,2024,2023,9,255093,236761,18332,1937290.0,0.0094627030542665,0.2159307740736566,0.005083723205515,0.0202795542577814
2024,10080,114,CP ASSOCIAÇÃO CENTRO EDUCACIONAL REBRAL XII (GUARATIBA),2024,2023,9,255093,236761,18332,1937290.0,0.0094627030542665,0.2159307740736566,0.005083723205515,0.0202795542577814
2024,10081,313,CP CENTRO EDUCACIONAL ESTRELA DO AMANHÃ,2024,2023,9,255093,236761,18332,1937290.0,0.0094627030542665,0.2159307740736566,0.005083723205515,0.0202795542577814
2024,10082,95,CP CRECHE ESCOLA BAIXINHOS SABIDOS,2024,2023,9,255093,236761,18332,1937290.0,0.0094627030542665,0.2159307740736566,0.005083723205515,0.0202795542577814
2024,10083,309,CP CRECHE COMUNITÁRIA CRISTÃ CORDEIRINHO DE CRISTO,2024,2023,9,255093,236761,18332,1937290.0,0.0094627030542665,0.2159307740736566,0.005083723205515,0.0202795542577814
2024,10084,273,CP CRECHE COMUNITÁRIA AQUARELA DO SABER (GUARATIBA),2024,2023,9,255093,236761,18332,1937290.0,0.0094627030542665,0.2159307740736566,0.005083723205515,0.0202795542577814
2024,10085,98,CP CRECHE VIDA,2024,2023,9,255093,236761,18332,1937290.0,0.0094627030542665,0.2159307740736566,0.005083723205515,0.0202795542577814
2024,1009,213,CP CRECHE COMUNITÁRIA ANITA WAY,2024,2023,9,255093,236761,18332,1937290.0,0.0094627030542665,0.2159307740736566,0.005083723205515,0.0202795542577814
2024,1010,478,CP CENTRO CULTURAL MONTESSORI - SÃO CRISTÓVÃO,2024,2023,9,255093,236761,18332,1937290.0,0.0094627030542665,0.2159307740736566,0.005083723205515,0.0202795542577814
2024,101601,106,CM LADEIRA DOS FUNCIONÁRIOS,2024,2023,9,255093,236761,18332,1937290.0,0.0094627030542665,0.2159307740736566,0.005083723205515,0.0202795542577814
2024,101602,67,CM VIRGÍNIA LEMOS,2024,2023,9,255093,236761,18332,1937290.0,0.0094627030542665,0.2159307740736566,0.005083723205515,0.0202795542577814
2024,101603,298,CM SENNINHA,2024,2023,9,255093,236761,18332,1937290.0,0.0094627030542665,0.2159307740736566,0.005083723205515,0.0202795542577814
2024,101604,72,CM SEMPRE VIDA P. CONQUISTA,2024,2023,9,255093,236761,18332,1937290.0,0.0094627030542665,0.2159307740736566,0.005083723205515,0.0202795542577814
2024,101605,233,CM CLEMENTE FERREIRA,2024,2023,9,255093,236761,18332,1937290.0,0.0094627030542665,0.2159307740736566,0.005083723205515,0.0202795542577814
2024,101606,177,CM QUINTA DO CAJU,2024,2023,9,255093,236761,18332,1937290.0,0.0094627030542665,0.2159307740736566,0.005083723205515,0.0202795542577814
2024,101607,361,CM TIA DORA,2024,2023,9,255093,236761,18332,1937290.0,0.0094627030542665,0.2159307740736566,0.005083723205515,0.0202795542577814
2024,101801,338,EDI PARQUE DA ALEGRIA,2024,2023,9,255093,236761,18332,1937290.0,0.0094627030542665,0.2159307740736566,0.005083723205515,0.0202795542577814
2024,101802,206,EDI MACHADO DE ASSIS,2024,2023,9,255093,236761,18332,1937290.0,0.0094627030542665,0.2159307740736566,0.005083723205515,0.0202795542577814
2024,101803,57,EDI ANTÔNIO RAPOSO TAVARES,2024,2023,9,255093,236761,18332,1937290.0,0.0094627030542665,0.2159307740736566,0.005083723205515,0.0202795542577814
2024,1019601,40,CM SEMPRE VIDA VALE DO SOL,2024,2023,9,255093,236761,18332,1937290.0,0.0094627030542665,0.2159307740736566,0.005083723205515,0.0202795542577814
2024,1019602,175,CM SEMPRE VIDA ANTARES,2024,2023,9,255093,236761,18332,1937290.0,0.0094627030542665,0.2159307740736566,0.005083723205515,0.0202795542577814
2024,1019603,150,CM JARDIM DOS VIEIRAS,2024,2023,9,255093,236761,18332,1937290.0,0.0094627030542665,0.2159307740736566,0.005083723205515,0.0202795542577814
2024,1019604,81,CM AYRTON SENNA,2024,2023,9,255093,236761,18332,1937290.0,0.0094627030542665,0.2159307740736566,0.005083723205515,0.0202795542577814
2024,1019605,86,CM MARLENE DA SILVA CARDOSO,2024,2023,9,255093,236761,18332,1937290.0,0.0094627030542665,0.2159307740736566,0.005083723205515,0.0202795542577814
2024,1019606,120,CM TRINTA E UM DE OUTUBRO,2024,2023,9,255093,236761,18332,1937290.0,0.0094627030542665,0.2159307740736566,0.005083723205515,0.0202795542577814
2024,1019607,211,CM ADALTO BASTOS,2024,2023,9,255093,236761,18332,1937290.0,0.0094627030542665,0.2159307740736566,0.005083723205515,0.0202795542577814
2024,1019609,166,CM CANTINHO DA TIA DOLORES,2024,2023,9,255093,236761,18332,1937290.0,0.0094627030542665,0.2159307740736566,0.005083723205515,0.0202795542577814
2024,1019610,49,CM CHAVE DO TAMANHO,2024,2023,9,255093,236761,18332,1937290.0,0.0094627030542665,0.2159307740736566,0.005083723205515,0.0202795542577814
2024,1019611,73,CM CRIANÇA FELIZ,2024,2023,9,255093,236761,18332,1937290.0,0.0094627030542665,0.2159307740736566,0.005083723205515,0.0202795542577814
2024,1019612,342,CM DANIELA PEREZ,2024,2023,9,255093,236761,18332,1937290.0,0.0094627030542665,0.2159307740736566,0.005083723205515,0.0202795542577814
2024,1019613,111,CM DJANIRA MARIA RAMOS,2024,2023,9,255093,236761,18332,1937290.0,0.0094627030542665,0.2159307740736566,0.005083723205515,0.0202795542577814
2024,1019614,268,CM INSPETOR HERALDO CARVALHO DE SOUSA,2024,2023,9,255093,236761,18332,1937290.0,0.0094627030542665,0.2159307740736566,0.005083723205515,0.0202795542577814
2024,1019615,74,CM MARCOLINA,2024,2023,9,255093,236761,18332,1937290.0,0.0094627030542665,0.2159307740736566,0.005083723205515,0.0202795542577814
2024,1019616,93,CM MARIA HELENA PAPERA MONTEIRO,2024,2023,9,255093,236761,18332,1937290.0,0.0094627030542665,0.2159307740736566,0.005083723205515,0.0202795542577814
2024,1019618,107,CM LEUZA MARINS NOVAES S. SANTOS,2024,2023,9,255093,236761,18332,1937290.0,0.0094627030542665,0.2159307740736566,0.005083723205515,0.0202795542577814
2024,1019619,67,CM SANTA TEREZINHA,2024,2023,9,255093,236761,18332,1937290.0,0.0094627030542665,0.2159307740736566,0.005083723205515,0.0202795542577814
2024,1019620,81,CM SEMENTINHA DO AMOR,2024,2023,9,255093,236761,18332,1937290.0,0.0094627030542665,0.2159307740736566,0.005083723205515,0.0202795542577814
2024,1019621,63,CM SEMPRE VIDA ESTRELA DO ALAGADO,2024,2023,9,255093,236761,18332,1937290.0,0.0094627030542665,0.2159307740736566,0.005083723205515,0.0202795542577814
2024,1019623,258,CM SEMPRE VIDA TERRA DA PAZ,2024,2023,9,255093,236761,18332,1937290.0,0.0094627030542665,0.2159307740736566,0.005083723205515,0.0202795542577814
2024,1019624,26,CM ZACARIAS - O TRAPALHÃO,2024,2023,9,255093,236761,18332,1937290.0,0.0094627030542665,0.2159307740736566,0.005083723205515,0.0202795542577814
2024,1019625,61,CM NARIZINHO,2024,2023,9,255093,236761,18332,1937290.0,0.0094627030542665,0.2159307740736566,0.005083723205515,0.0202795542577814
2024,1019626,50,CM PEDRINHO,2024,2023,9,255093,236761,18332,1937290.0,0.0094627030542665,0.2159307740736566,0.005083723205515,0.0202795542577814
2024,1019627,126,CM VOVÓ BENTA,2024,2023,9,255093,236761,18332,1937290.0,0.0094627030542665,0.2159307740736566,0.005083723205515,0.0202795542577814
2024,1019628,127,CM IRINÉA DOS SANTOS PAIVA,2024,2023,9,255093,236761,18332,1937290.0,0.0094627030542665,0.2159307740736566,0.005083723205515,0.0202795542577814
2024,1019630,89,CM ESTRELA DALVA,2024,2023,9,255093,236761,18332,1937290.0,0.0094627030542665,0.2159307740736566,0.005083723205515,0.0202795542577814
2024,1019631,122,CM TIA HILDA MACEDO,2024,2023,9,255093,236761,18332,1937290.0,0.0094627030542665,0.2159307740736566,0.005083723205515,0.0202795542577814
2024,1019632,333,CM MIRIAM PIRES,2024,2023,9,255093,236761,18332,1937290.0,0.0094627030542665,0.2159307740736566,0.005083723205515,0.0202795542577814
2024,1019633,52,CM MERILUCE DE OLIVEIRA MÜLLER,2024,2023,9,255093,236761,18332,1937290.0,0.0094627030542665,0.2159307740736566,0.005083723205515,0.0202795542577814
2024,1019801,243,EDI SARGENTO IZO GOMES PATRÍCIO,2024,2023,9,255093,236761,18332,1937290.0,0.0094627030542665,0.2159307740736566,0.005083723205515,0.0202795542577814
2024,1019802,102,EDI LARISSA DOS SANTOS ATANAZIO,2024,2023,9,255093,236761,18332,1937290.0,0.0094627030542665,0.2159307740736566,0.005083723205515,0.0202795542577814
2024,1019803,225,EDI LARYSSA SILVA MARTINS,2024,2023,9,255093,236761,18332,1937290.0,0.0094627030542665,0.2159307740736566,0.005083723205515,0.0202795542577814
2024,1019804,63,EDI PROFESSORA MARIA LUIZA JOBIM DE QUEIROZ,2024,2023,9,255093,236761,18332,1937290.0,0.0094627030542665,0.2159307740736566,0.005083723205515,0.0202795542577814
2024,1019805,28,EDI PROFESSOR CELSO DE ALMEIDA CHAVES,2024,2023,9,255093,236761,18332,1937290.0,0.0094627030542665,0.2159307740736566,0.005083723205515,0.0202795542577814
2024,1019806,105,EDI PROFESSOR RUBEM GONÇALVES,2024,2023,9,255093,236761,18332,1937290.0,0.0094627030542665,0.2159307740736566,0.005083723205515,0.0202795542577814
2024,1019807,109,EDI PROFESSOR ANTONIO ALFREDO MERCADANTE,2024,2023,9,255093,236761,18332,1937290.0,0.0094627030542665,0.2159307740736566,0.005083723205515,0.0202795542577814
2024,1019808,80,EDI GEÓGRAFO AZIZ AB' SABER,2024,2023,9,255093,236761,18332,1937290.0,0.0094627030542665,0.2159307740736566,0.005083723205515,0.0202795542577814
2024,1019809,55,EDI PROFESSORA CARMEN FRAGA DE ARAÚJO,2024,2023,9,255093,236761,18332,1937290.0,0.0094627030542665,0.2159307740736566,0.005083723205515,0.0202795542577814
2024,1019810,39,EDI PROFESSORA ROSELE NICOLAU JORGE COUTINHO,2024,2023,9,255093,236761,18332,1937290.0,0.0094627030542665,0.2159307740736566,0.005083723205515,0.0202795542577814
2024,1019811,43,EDI PROFESSORA RAQUEL KELLY LANERA,2024,2023,9,255093,236761,18332,1937290.0,0.0094627030542665,0.2159307740736566,0.005083723205515,0.0202795542577814
2024,1019815,101,EDI JOÃO CORRÊA,2024,2023,9,255093,236761,18332,1937290.0,0.0094627030542665,0.2159307740736566,0.005083723205515,0.0202795542577814
2024,1019818,107,EDI RENÉE BISCAIA RAPOSO,2024,2023,9,255093,236761,18332,1937290.0,0.0094627030542665,0.2159307740736566,0.005083723205515,0.0202795542577814
2024,1019820,124,EDI INAIÁ WANDERLEY CARMO,2024,2023,9,255093,236761,18332,1937290.0,0.0094627030542665,0.2159307740736566,0.005083723205515,0.0202795542577814
2024,1019821,162,EDI PROFESSORA SOLANGE INÁCIA DE SÁ DE LACERDA,2024,2023,9,255093,236761,18332,1937290.0,0.0094627030542665,0.2159307740736566,0.005083723205515,0.0202795542577814
2024,1019822,142,EDI PROFESSORA KATIA MIRANDA SANTOS,2024,2023,9,255093,236761,18332,1937290.0,0.0094627030542665,0.2159307740736566,0.005083723205515,0.0202795542577814
2024,1019824,48,EDI PROFESSORA LILIA CHAVES DA COSTA,2024,2023,9,255093,236761,18332,1937290.0,0.0094627030542665,0.2159307740736566,0.005083723205515,0.0202795542577814
2024,1019826,147,EDI THAMIRIS DE ANDRADE DA SILVA SANTOS,2024,2023,9,255093,236761,18332,1937290.0,0.0094627030542665,0.2159307740736566,0.005083723205515,0.0202795542577814
2024,1019827,256,EDI MEDALHISTA OLÍMPICA POLIANA OKIMOTO,2024,2023,9,255093,236761,18332,1937290.0,0.0094627030542665,0.2159307740736566,0.005083723205515,0.0202795542577814
2024,1019828,212,EDI MEDALHISTA OLÍMPICO ERLON DE SOUZA SILVA,2024,2023,9,255093,236761,18332,1937290.0,0.0094627030542665,0.2159307740736566,0.005083723205515,0.0202795542577814
2024,1019829,114,EDI ERASMO CARLOS,2024,2023,9,255093,236761,18332,1937290.0,0.0094627030542665,0.2159307740736566,0.005083723205515,0.0202795542577814
2024,1019830,138,EDI GAL COSTA,2024,2023,9,255093,236761,18332,1937290.0,0.0094627030542665,0.2159307740736566,0.005083723205515,0.0202795542577814
2024,1019831,307,EDI PROFESSORA MARIA MESQUITA DE SIQUEIRA,2024,2023,9,255093,236761,18332,1937290.0,0.0094627030542665,0.2159307740736566,0.005083723205515,0.0202795542577814
2024,102601,222,CM SEMPRE VIDA SANTO ANTÔNIO DE PÁDUA,2024,2023,9,255093,236761,18332,1937290.0,0.0094627030542665,0.2159307740736566,0.005083723205515,0.0202795542577814
2024,102602,361,CM ANA MARIA DA CRUZ SILVA,2024,2023,9,255093,236761,18332,1937290.0,0.0094627030542665,0.2159307740736566,0.005083723205515,0.0202795542577814
2024,102604,371,CM ARCO-ÍRIS,2024,2023,9,255093,236761,18332,1937290.0,0.0094627030542665,0.2159307740736566,0.005083723205515,0.0202795542577814
2024,102605,368,CM ALDEIA DOS CURUMINS,2024,2023,9,255093,236761,18332,1937290.0,0.0094627030542665,0.2159307740736566,0.005083723205515,0.0202795542577814
2024,102606,398,CM GEORGE SAVALLA GOMES - PALHAÇO CAREQUINHA,2024,2023,9,255093,236761,18332,1937290.0,0.0094627030542665,0.2159307740736566,0.005083723205515,0.0202795542577814
2024,1026601,330,CM SONHO DE CRIANÇA,2024,2023,9,255093,236761,18332,1937290.0,0.0094627030542665,0.2159307740736566,0.005083723205515,0.0202795542577814
2024,1026602,159,CM NOSSA SENHORA DA GLÓRIA,2024,2023,9,255093,236761,18332,1937290.0,0.0094627030542665,0.2159307740736566,0.005083723205515,0.0202795542577814
2024,1026603,124,CM SEMPRE VIDA COLÔNIA DOS PESCADORES,2024,2023,9,255093,236761,18332,1937290.0,0.0094627030542665,0.2159307740736566,0.005083723205515,0.0202795542577814
2024,1026604,396,CM JOSEPHA FERREIRA DA COSTA,2024,2023,9,255093,236761,18332,1937290.0,0.0094627030542665,0.2159307740736566,0.005083723205515,0.0202795542577814
2024,1026801,104,EDI SAMIRA PIRES RIBEIRO,2024,2023,9,255093,236761,18332,1937290.0,0.0094627030542665,0.2159307740736566,0.005083723205515,0.0202795542577814
2024,1026802,396,EDI PROFESSOR MARCOS FLAMÍNIO PORTUGAL PINTO,2024,2023,9,255093,236761,18332,1937290.0,0.0094627030542665,0.2159307740736566,0.005083723205515,0.0202795542577814
2024,1026803,116,EDI PADRE CARLOS HENRIQUE DE SOUZA,2024,2023,9,255093,236761,18332,1937290.0,0.0094627030542665,0.2159307740736566,0.005083723205515,0.0202795542577814
2024,1026805,381,EDI MEDALHISTA OLÍMPICO IZAQUIAS QUEIROZ DOS SANTOS,2024,2023,9,255093,236761,18332,1937290.0,0.0094627030542665,0.2159307740736566,0.005083723205515,0.0202795542577814
2024,1026806,270,EDI MEDALHISTA OLÍMPICO FELIPE ALMEIDA WU,2024,2023,9,255093,236761,18332,1937290.0,0.0094627030542665,0.2159307740736566,0.005083723205515,0.0202795542577814
2024,1026807,401,EDI ALFREDO FERNANDO VAZ GUIMARÃES JÚNIOR,2024,2023,9,255093,236761,18332,1937290.0,0.0094627030542665,0.2159307740736566,0.005083723205515,0.0202795542577814
2024,1026809,257,EDI MEDALHISTA PARALÍMPICO RICARDO COSTA DE OLIVEIRA,2024,2023,9,255093,236761,18332,1937290.0,0.0094627030542665,0.2159307740736566,0.005083723205515,0.0202795542577814
2024,1026810,344,EDI ALCEBÍADES FRANCISCO ROSA,2024,2023,9,255093,236761,18332,1937290.0,0.0094627030542665,0.2159307740736566,0.005083723205515,0.0202795542577814
2024,1026811,144,EDI GERMANO THOMÉ DE OLIVEIRA,2024,2023,9,255093,236761,18332,1937290.0,0.0094627030542665,0.2159307740736566,0.005083723205515,0.0202795542577814
2024,102802,52,EDI CAMPOS SALLES,2024,2023,9,255093,236761,18332,1937290.0,0.0094627030542665,0.2159307740736566,0.005083723205515,0.0202795542577814
2024,102803,67,EDI RACHEL DE QUEIROZ,2024,2023,9,255093,236761,18332,1937290.0,0.0094627030542665,0.2159307740736566,0.005083723205515,0.0202795542577814
2024,103601,61,CM ESPAÇO LIVRE DA CRIANÇA,2024,2023,9,255093,236761,18332,1937290.0,0.0094627030542665,0.2159307740736566,0.005083723205515,0.0202795542577814
2024,103602,91,CM DIREITOS HUMANOS,2024,2023,9,255093,236761,18332,1937290.0,0.0094627030542665,0.2159307740736566,0.005083723205515,0.0202795542577814
2024,103604,155,CM SONHO INFANTIL,2024,2023,9,255093,236761,18332,1937290.0,0.0094627030542665,0.2159307740736566,0.005083723205515,0.0202795542577814
2024,103605,175,CM BRINCADEIRAS DE CRIANÇA,2024,2023,9,255093,236761,18332,1937290.0,0.0094627030542665,0.2159307740736566,0.005083723205515,0.0202795542577814
2024,103606,153,CM CAMPOS DA PAZ,2024,2023,9,255093,236761,18332,1937290.0,0.0094627030542665,0.2159307740736566,0.005083723205515,0.0202795542577814
2024,103607,309,CM ESTÁCIO DE SÁ,2024,2023,9,255093,236761,18332,1937290.0,0.0094627030542665,0.2159307740736566,0.005083723205515,0.0202795542577814
2024,103801,204,EDI PROFESSORA SIMONE SOUSA PIMENTEL,2024,2023,9,255093,236761,18332,1937290.0,0.0094627030542665,0.2159307740736566,0.005083723205515,0.0202795542577814
2024,103802,247,EDI LILY MARINHO,2024,2023,9,255093,236761,18332,1937290.0,0.0094627030542665,0.2159307740736566,0.005083723205515,0.0202795542577814
2024,103804,78,EDI ZÉLIA GATTAI AMADO,2024,2023,9,255093,236761,18332,1937290.0,0.0094627030542665,0.2159307740736566,0.005083723205515,0.0202795542577814
2024,103805,152,EDI BEATRIZ VICÊNCIA BANDEIRA RYFF,2024,2023,9,255093,236761,18332,1937290.0,0.0094627030542665,0.2159307740736566,0.005083723205515,0.0202795542577814
2024,103806,8,EDI FUNDAÇÃO LEÃO XIII,2024,2023,9,255093,236761,18332,1937290.0,0.0094627030542665,0.2159307740736566,0.005083723205515,0.0202795542577814
2024,103807,300,EDI MARIA LUIZA NOBRE - TIA LUIZINHA,2024,2023,9,255093,236761,18332,1937290.0,0.0094627030542665,0.2159307740736566,0.005083723205515,0.0202795542577814
2024,107601,57,CM ADALBERTO ISMAEL DE SOUZA,2024,2023,9,255093,236761,18332,1937290.0,0.0094627030542665,0.2159307740736566,0.005083723205515,0.0202795542577814
2024,107602,243,CM DEPUTADO LUIZ EDUARDO DE MAGALHÃES,2024,2023,9,255093,236761,18332,1937290.0,0.0094627030542665,0.2159307740736566,0.005083723205515,0.0202795542577814
2024,107603,145,CM VOVÓ LUCÍOLA,2024,2023,9,255093,236761,18332,1937290.0,0.0094627030542665,0.2159307740736566,0.005083723205515,0.0202795542577814
2024,107604,226,CM HOMERO JOSÉ DOS SANTOS,2024,2023,9,255093,236761,18332,1937290.0,0.0094627030542665,0.2159307740736566,0.005083723205515,0.0202795542577814
2024,107605,190,CM EDUARDO MOREIRA DOS SANTOS,2024,2023,9,255093,236761,18332,1937290.0,0.0094627030542665,0.2159307740736566,0.005083723205515,0.0202795542577814
2024,107606,142,CM FRANCISCO ALVES,2024,2023,9,255093,236761,18332,1937290.0,0.0094627030542665,0.2159307740736566,0.005083723205515,0.0202795542577814
2024,107607,229,CM NAÇÃO MANGUEIRENSE,2024,2023,9,255093,236761,18332,1937290.0,0.0094627030542665,0.2159307740736566,0.005083723205515,0.0202795542577814
2024,107608,187,CM SAMORA MACHEL,2024,2023,9,255093,236761,18332,1937290.0,0.0094627030542665,0.2159307740736566,0.005083723205515,0.0202795542577814
2024,107609,242,CM VASQUINHO,2024,2023,9,255093,236761,18332,1937290.0,0.0094627030542665,0.2159307740736566,0.005083723205515,0.0202795542577814
2024,107610,355,CM ARARA AZUL,2024,2023,9,255093,236761,18332,1937290.0,0.0094627030542665,0.2159307740736566,0.005083723205515,0.0202795542577814
2024,107801,40,EDI PROFESSORA DAYSE MALAGOLE,2024,2023,9,255093,236761,18332,1937290.0,0.0094627030542665,0.2159307740736566,0.005083723205515,0.0202795542577814
2024,107802,14,EDI MORRO DOS TELÉGRAFOS,2024,2023,9,255093,236761,18332,1937290.0,0.0094627030542665,0.2159307740736566,0.005083723205515,0.0202795542577814
2024,107803,46,EDI DOIS DE JULHO,2024,2023,9,255093,236761,18332,1937290.0,0.0094627030542665,0.2159307740736566,0.005083723205515,0.0202795542577814
2024,11001,164,CP CRECHE COMUNITÁRIA ALEGRIA DA CRIANÇA,2024,2023,9,255093,236761,18332,1937290.0,0.0094627030542665,0.2159307740736566,0.005083723205515,0.0202795542577814
2024,11003,227,CP AMIG - ASSOCIAÇÃO DOS MORADORES DA ILHA DO GOVERNADOR,2024,2023,9,255093,236761,18332,1937290.0,0.0094627030542665,0.2159307740736566,0.005083723205515,0.0202795542577814
2024,11004,263,CP CENTRO DE ATIVIDADES EDUCACIONAIS E CULTURAIS ARCA DE NOÉ - CAECAN,2024,2023,9,255093,236761,18332,1937290.0,0.0094627030542665,0.2159307740736566,0.005083723205515,0.0202795542577814
2024,11006,415,CP CRECHE CASULO DO DENDÊ,2024,2023,9,255093,236761,18332,1937290.0,0.0094627030542665,0.2159307740736566,0.005083723205515,0.0202795542577814
2024,11007,168,CP CRECHE ESFERA KIDS,2024,2023,9,255093,236761,18332,1937290.0,0.0094627030542665,0.2159307740736566,0.005083723205515,0.0202795542577814
2024,11008,244,CP FILIAL BANCÁRIOS - RJ,2024,2023,9,255093,236761,18332,1937290.0,0.0094627030542665,0.2159307740736566,0.005083723205515,0.0202795542577814
2024,11009,169,CP CRECHE COMUNITÁRIA IRMÃ MOROCHA (CCIM),2024,2023,9,255093,236761,18332,1937290.0,0.0094627030542665,0.2159307740736566,0.005083723205515,0.0202795542577814
2024,11010,214,CP CHALÉ SEMENTINHA (ILHA DO GOVERNADOR),2024,2023,9,255093,236761,18332,1937290.0,0.0094627030542665,0.2159307740736566,0.005083723205515,0.0202795542577814
2024,1120201,37,CIEP OLGA BENÁRIO PRESTES,2024,2023,9,255093,236761,18332,1937290.0,0.0094627030542665,0.2159307740736566,0.005083723205515,0.0202795542577814
2024,1120601,394,CM STELLA MARIS,2024,2023,9,255093,236761,18332,1937290.0,0.0094627030542665,0.2159307740736566,0.005083723205515,0.0202795542577814
2024,1120602,338,CM CORA CORALINA,2024,2023,9,255093,236761,18332,1937290.0,0.0094627030542665,0.2159307740736566,0.005083723205515,0.0202795542577814
2024,1120603,352,CM DOUTOR ANTÔNIO MONTEIRO,2024,2023,9,255093,236761,18332,1937290.0,0.0094627030542665,0.2159307740736566,0.005083723205515,0.0202795542577814
2024,1120604,261,CM MARIA ARMINDA F. SOUZA AGUIAR,2024,2023,9,255093,236761,18332,1937290.0,0.0094627030542665,0.2159307740736566,0.005083723205515,0.0202795542577814
2024,1120605,352,CM SEMPRE VIDA LORETO,2024,2023,9,255093,236761,18332,1937290.0,0.0094627030542665,0.2159307740736566,0.005083723205515,0.0202795542577814
2024,1120606,412,CM TAUÁ,2024,2023,9,255093,236761,18332,1937290.0,0.0094627030542665,0.2159307740736566,0.005083723205515,0.0202795542577814
2024,1120801,177,EDI JOSÉ DE SOUZA RAMOS,2024,2023,9,255093,236761,18332,1937290.0,0.0094627030542665,0.2159307740736566,0.005083723205515,0.0202795542577814
2024,1120802,264,EDI NEUSA MARIA GOULART BRIZOLA,2024,2023,9,255093,236761,18332,1937290.0,0.0094627030542665,0.2159307740736566,0.005083723205515,0.0202795542577814
2024,1120804,245,EDI PROFESSORA ANNA MARIA JESUS CONCEICAO,2024,2023,9,255093,236761,18332,1937290.0,0.0094627030542665,0.2159307740736566,0.005083723205515,0.0202795542577814
2024,121001,42,EM JOAQUIM MANUEL DE MACEDO,2024,2023,9,255093,236761,18332,1937290.0,0.0094627030542665,0.2159307740736566,0.005083723205515,0.0202795542577814
2024,123601,134,CM JOSÉ MARINHO DE OLIVEIRA,2024,2023,9,255093,236761,18332,1937290.0,0.0094627030542665,0.2159307740736566,0.005083723205515,0.0202795542577814
2024,123603,93,CM FALLET,2024,2023,9,255093,236761,18332,1937290.0,0.0094627030542665,0.2159307740736566,0.005083723205515,0.0202795542577814
2024,123801,22,EDI HELOÍSA MARINHO,2024,2023,9,255093,236761,18332,1937290.0,0.0094627030542665,0.2159307740736566,0.005083723205515,0.0202795542577814
2024,2001,83,CP CRECHE ESPAÇO SEMENTE,2024,2023,9,255093,236761,18332,1937290.0,0.0094627030542665,0.2159307740736566,0.005083723205515,0.0202795542577814
2024,2002,35,CP EDUCANDÁRIO CASA DE JACIRA,2024,2023,9,255093,236761,18332,1937290.0,0.0094627030542665,0.2159307740736566,0.005083723205515,0.0202795542577814
2024,2003,51,CP CENTRO COMUNITÁRIO DA RUA UM UNIÃO FAZ A FORÇA,2024,2023,9,255093,236761,18332,1937290.0,0.0094627030542665,0.2159307740736566,0.005083723205515,0.0202795542577814
2024,2004,391,CP AÇÃO SOCIAL PADRE ANCHIETA - ASPA,2024,2023,9,255093,236761,18332,1937290.0,0.0094627030542665,0.2159307740736566,0.005083723205515,0.0202795542577814
2024,2005,97,CP ESCOLA COMUNITÁRIA DO CANTAGALO,2024,2023,9,255093,236761,18332,1937290.0,0.0094627030542665,0.2159307740736566,0.005083723205515,0.0202795542577814
2024,2006,95,CP CRECHE PRÉ-ESCOLA COMUNITÁRIA DOIS IRMÃOS,2024,2023,9,255093,236761,18332,1937290.0,0.0094627030542665,0.2159307740736566,0.005083723205515,0.0202795542577814
2024,2009,174,CP ABRIGO TERESA DE JESUS,2024,2023,9,255093,236761,18332,1937290.0,0.0094627030542665,0.2159307740736566,0.005083723205515,0.0202795542577814
2024,2010,240,CP CRECHE PATINHO FELIZ,2024,2023,9,255093,236761,18332,1937290.0,0.0094627030542665,0.2159307740736566,0.005083723205515,0.0202795542577814
2024,2011,143,CP SOCIEDADE CIVIL DE ASSISTÊNCIA A MENORES - CASA DA DINDA,2024,2023,9,255093,236761,18332,1937290.0,0.0094627030542665,0.2159307740736566,0.005083723205515,0.0202795542577814
2024,2012,108,CP GRUPO COMUNITÁRIO CRECHE ESCOLA TIA MAURA,2024,2023,9,255093,236761,18332,1937290.0,0.0094627030542665,0.2159307740736566,0.005083723205515,0.0202795542577814
2024,2013,75,CP CENTRO DE EDUCAÇÃO INFANTIL CRISTO REDENTOR,2024,2023,9,255093,236761,18332,1937290.0,0.0094627030542665,0.2159307740736566,0.005083723205515,0.0202795542577814
2024,2014,116,CP CRUZADA PELA INFÂNCIA DO LEME,2024,2023,9,255093,236761,18332,1937290.0,0.0094627030542665,0.2159307740736566,0.005083723205515,0.0202795542577814
2024,2015,152,CP CRECHE SANT ANNA,2024,2023,9,255093,236761,18332,1937290.0,0.0094627030542665,0.2159307740736566,0.005083723205515,0.0202795542577814
2024,2016,208,CP CASA MATERNAL MELLO MATTOS,2024,2023,9,255093,236761,18332,1937290.0,0.0094627030542665,0.2159307740736566,0.005083723205515,0.0202795542577814
2024,2018,127,CP FUNDAÇÃO CASA SANTA IGNEZ,2024,2023,9,255093,236761,18332,1937290.0,0.0094627030542665,0.2159307740736566,0.005083723205515,0.0202795542577814
2024,2019,63,CP UNIDAS - OBRAS SOCIAIS UNIDAS DE SANTA MARTA,2024,2023,9,255093,236761,18332,1937290.0,0.0094627030542665,0.2159307740736566,0.005083723205515,0.0202795542577814
2024,2020,149,CP CASA ESPÍRITA CRISTÃ MARIA DE NAZARÉ,2024,2023,9,255093,236761,18332,1937290.0,0.0094627030542665,0.2159307740736566,0.005083723205515,0.0202795542577814
2024,2022,67,CP CRECHE CHAPEUZINHO MARROM,2024,2023,9,255093,236761,18332,1937290.0,0.0094627030542665,0.2159307740736566,0.005083723205515,0.0202795542577814
2024,2024,17,CP CRECHE ESCADINHA DO SABER,2024,2023,9,255093,236761,18332,1937290.0,0.0094627030542665,0.2159307740736566,0.005083723205515,0.0202795542577814
2024,2025,381,CP CRECHE BEZERRA DE MENEZES - BOTAFOGO,2024,2023,9,255093,236761,18332,1937290.0,0.0094627030542665,0.2159307740736566,0.005083723205515,0.0202795542577814
2024,2026,87,CP CRECHE MONSENHOR FRANCA,2024,2023,9,255093,236761,18332,1937290.0,0.0094627030542665,0.2159307740736566,0.005083723205515,0.0202795542577814
2024,2028,179,CP OBRAS SOCIAIS PADRE ALEIXO,2024,2023,9,255093,236761,18332,1937290.0,0.0094627030542665,0.2159307740736566,0.005083723205515,0.0202795542577814
2024,2029,508,CP CASA DA CRIANÇA,2024,2023,9,255093,236761,18332,1937290.0,0.0094627030542665,0.2159307740736566,0.005083723205515,0.0202795542577814
2024,2031,77,CP CENTRO COMUNITÁRIO ALEGRIA DAS CRIANÇAS,2024,2023,9,255093,236761,18332,1937290.0,0.0094627030542665,0.2159307740736566,0.005083723205515,0.0202795542577814
2024,2032,72,CP PATRONATO OPERÁRIO DA GÁVEA,2024,2023,9,255093,236761,18332,1937290.0,0.0094627030542665,0.2159307740736566,0.005083723205515,0.0202795542577814
2024,2034,93,CP CENTRO SOCIAL DA MULHER UÊGA,2024,2023,9,255093,236761,18332,1937290.0,0.0094627030542665,0.2159307740736566,0.005083723205515,0.0202795542577814
2024,2035,100,CP CENTRO SOCIAL E AÍ COMO É QUE FICA ?,2024,2023,9,255093,236761,18332,1937290.0,0.0094627030542665,0.2159307740736566,0.005083723205515,0.0202795542577814
2024,2036,210,CP CRECHE BERÇÁRIO MARIA HELENA DA ROCINHA,2024,2023,9,255093,236761,18332,1937290.0,0.0094627030542665,0.2159307740736566,0.005083723205515,0.0202795542577814
2024,2037,218,CP CRECHE COMUNITÁRIA CANTINHO DA NATUREZA,2024,2023,9,255093,236761,18332,1937290.0,0.0094627030542665,0.2159307740736566,0.005083723205515,0.0202795542577814
2024,2038,90,CP CRECHE CHÁCARA DO CÉU,2024,2023,9,255093,236761,18332,1937290.0,0.0094627030542665,0.2159307740736566,0.005083723205515,0.0202795542577814
2024,2039,334,CP CRECHE ESCOLA MENINOS DE LUZ,2024,2023,9,255093,236761,18332,1937290.0,0.0094627030542665,0.2159307740736566,0.005083723205515,0.0202795542577814
2024,2040,128,CP CRECHE MARIA MARIA,2024,2023,9,255093,236761,18332,1937290.0,0.0094627030542665,0.2159307740736566,0.005083723205515,0.0202795542577814
2024,2041,41,CP CRECHE E PRÉ-ESCOLA COMUNITÁRIA DO 199 PINGO DE GENTE,2024,2023,9,255093,236761,18332,1937290.0,0.0094627030542665,0.2159307740736566,0.005083723205515,0.0202795542577814
2024,2042,148,CP CRECHE SANTA CLARA,2024,2023,9,255093,236761,18332,1937290.0,0.0094627030542665,0.2159307740736566,0.005083723205515,0.0202795542577814
2024,2043,193,CP CRECHE SANTA MÔNICA,2024,2023,9,255093,236761,18332,1937290.0,0.0094627030542665,0.2159307740736566,0.005083723205515,0.0202795542577814
2024,2044,103,CP CRECHE SÃO COSME E SÃO DAMIÃO,2024,2023,9,255093,236761,18332,1937290.0,0.0094627030542665,0.2159307740736566,0.005083723205515,0.0202795542577814
2024,2045,53,CP CREI - CENTRO DE RECUPERAÇÃO INFANTIL,2024,2023,9,255093,236761,18332,1937290.0,0.0094627030542665,0.2159307740736566,0.005083723205515,0.0202795542577814
2024,2046,283,CP ESPAÇO SANTA TEREZINHA - EST,2024,2023,9,255093,236761,18332,1937290.0,0.0094627030542665,0.2159307740736566,0.005083723205515,0.0202795542577814
2024,204601,76,CM TIA AMÁLIA,2024,2023,9,255093,236761,18332,1937290.0,0.0094627030542665,0.2159307740736566,0.005083723205515,0.0202795542577814
2024,204602,661,CM ARACY GUIMARÃES ROSA,2024,2023,9,255093,236761,18332,1937290.0,0.0094627030542665,0.2159307740736566,0.005083723205515,0.0202795542577814
2024,2047,89,CP GRUPO COMUNITÁRIO MORRO DA ALEGRIA,2024,2023,9,255093,236761,18332,1937290.0,0.0094627030542665,0.2159307740736566,0.005083723205515,0.0202795542577814
2024,2048,322,CP LAR CANTINHO FELIZ,2024,2023,9,255093,236761,18332,1937290.0,0.0094627030542665,0.2159307740736566,0.005083723205515,0.0202795542577814
2024,204804,49,EDI PROFESSORA SARITA KONDER,2024,2023,9,255093,236761,18332,1937290.0,0.0094627030542665,0.2159307740736566,0.005083723205515,0.0202795542577814
2024,204805,185,EDI CLAUDIO CAVALCANTI,2024,2023,9,255093,236761,18332,1937290.0,0.0094627030542665,0.2159307740736566,0.005083723205515,0.0202795542577814
2024,204806,174,EDI IRMA MARGARITA ALARCON,2024,2023,9,255093,236761,18332,1937290.0,0.0094627030542665,0.2159307740736566,0.005083723205515,0.0202795542577814
2024,2049,333,CP OBRA DO BERÇO,2024,2023,9,255093,236761,18332,1937290.0,0.0094627030542665,0.2159307740736566,0.005083723205515,0.0202795542577814
2024,2052,177,CP CRECHE CASA SANTA MARTA,2024,2023,9,255093,236761,18332,1937290.0,0.0094627030542665,0.2159307740736566,0.005083723205515,0.0202795542577814
2024,2053,241,CP CRECHE ESPERANÇA,2024,2023,9,255093,236761,18332,1937290.0,0.0094627030542665,0.2159307740736566,0.005083723205515,0.0202795542577814
2024,2054,100,CP UNIÃO DE MULHERES PRO-MELHORAMENTO DA ROUPA SUJA,2024,2023,9,255093,236761,18332,1937290.0,0.0094627030542665,0.2159307740736566,0.005083723205515,0.0202795542577814
2024,2055,115,CP CRECHE CASA DO POBRE DE NOSSA SENHORA DE COPACABANA,2024,2023,9,255093,236761,18332,1937290.0,0.0094627030542665,0.2159307740736566,0.005083723205515,0.0202795542577814
2024,2056,103,CP CRECHE SANTA CLARA DE ASSIS NA PROVIDÊNCIA DE DEUS,2024,2023,9,255093,236761,18332,1937290.0,0.0094627030542665,0.2159307740736566,0.005083723205515,0.0202795542577814
2024,205601,562,CM IRMÃS BAPTISTA,2024,2023,9,255093,236761,18332,1937290.0,0.0094627030542665,0.2159307740736566,0.005083723205515,0.0202795542577814
2024,205602,251,CM TIA SONIA CRISPINIANO,2024,2023,9,255093,236761,18332,1937290.0,0.0094627030542665,0.2159307740736566,0.005083723205515,0.0202795542577814
2024,2057,35,CP CENTRO EDUCACIONAL ESPERANÇA,2024,2023,9,255093,236761,18332,1937290.0,0.0094627030542665,0.2159307740736566,0.005083723205515,0.0202795542577814
2024,2058,69,CP NASCEER - NÚCLEO DE ASSIST. SOCIAL CULTURAL EDUC. ECOLÓGICO DA ROCINHA,2024,2023,9,255093,236761,18332,1937290.0,0.0094627030542665,0.2159307740736566,0.005083723205515,0.0202795542577814
2024,205801,107,EDI DONA MARCELA,2024,2023,9,255093,236761,18332,1937290.0,0.0094627030542665,0.2159307740736566,0.005083723205515,0.0202795542577814
2024,2060,86,CP ASSOCIAÇÃO CENTRO EDUCACIONAL REBRAL - ROCINHA,2024,2023,9,255093,236761,18332,1937290.0,0.0094627030542665,0.2159307740736566,0.005083723205515,0.0202795542577814
2024,2061,87,CP CRECHE INSTITUTO MACINTYRE,2024,2023,9,255093,236761,18332,1937290.0,0.0094627030542665,0.2159307740736566,0.005083723205515,0.0202795542577814
2024,2062,29,CP CENTRO EDUCACIONAL ROUPA FELIZ,2024,2023,9,255093,236761,18332,1937290.0,0.0094627030542665,0.2159307740736566,0.005083723205515,0.0202795542577814
2024,2063,81,CP CRECHE ANJOS DO BEM,2024,2023,9,255093,236761,18332,1937290.0,0.0094627030542665,0.2159307740736566,0.005083723205515,0.0202795542577814
2024,206601,36,CM DOUTOR SOBRAL PINTO,2024,2023,9,255093,236761,18332,1937290.0,0.0094627030542665,0.2159307740736566,0.005083723205515,0.0202795542577814
2024,206602,183,CM VIDIGAL,2024,2023,9,255093,236761,18332,1937290.0,0.0094627030542665,0.2159307740736566,0.005083723205515,0.0202795542577814
2024,206603,121,CM JACÓ INÁCIO GOMES,2024,2023,9,255093,236761,18332,1937290.0,0.0094627030542665,0.2159307740736566,0.005083723205515,0.0202795542577814
2024,206605,182,CM DOUTOR PEDRO BLOCH,2024,2023,9,255093,236761,18332,1937290.0,0.0094627030542665,0.2159307740736566,0.005083723205515,0.0202795542577814
2024,206606,262,CM ELZA MACHADO DOS SANTOS - TIA ELZA,2024,2023,9,255093,236761,18332,1937290.0,0.0094627030542665,0.2159307740736566,0.005083723205515,0.0202795542577814
2024,208601,106,CM CASA BRANCA - PROFESSOR PAULO FREIRE,2024,2023,9,255093,236761,18332,1937290.0,0.0094627030542665,0.2159307740736566,0.005083723205515,0.0202795542577814
2024,208603,86,CM RAÍZES DO SALGUEIRO,2024,2023,9,255093,236761,18332,1937290.0,0.0094627030542665,0.2159307740736566,0.005083723205515,0.0202795542577814
2024,208604,138,CM TIA BELA,2024,2023,9,255093,236761,18332,1937290.0,0.0094627030542665,0.2159307740736566,0.005083723205515,0.0202795542577814
2024,208605,57,CM TIA MARIA,2024,2023,9,255093,236761,18332,1937290.0,0.0094627030542665,0.2159307740736566,0.005083723205515,0.0202795542577814
2024,208606,82,CM DOUTOR RONALDO LUIZ GAZOLLA,2024,2023,9,255093,236761,18332,1937290.0,0.0094627030542665,0.2159307740736566,0.005083723205515,0.0202795542577814
2024,208607,67,CM DOS SONHOS,2024,2023,9,255093,236761,18332,1937290.0,0.0094627030542665,0.2159307740736566,0.005083723205515,0.0202795542577814
2024,208608,254,CM DOUTOR SÉRGIO AROUCA,2024,2023,9,255093,236761,18332,1937290.0,0.0094627030542665,0.2159307740736566,0.005083723205515,0.0202795542577814
2024,208801,96,EDI IGOR MORAES DA SILVA,2024,2023,9,255093,236761,18332,1937290.0,0.0094627030542665,0.2159307740736566,0.005083723205515,0.0202795542577814
2024,208803,96,EDI BOREL,2024,2023,9,255093,236761,18332,1937290.0,0.0094627030542665,0.2159307740736566,0.005083723205515,0.0202795542577814
2024,209601,122,CM PIPA NO CÉU,2024,2023,9,255093,236761,18332,1937290.0,0.0094627030542665,0.2159307740736566,0.005083723205515,0.0202795542577814
2024,209602,188,CM CANTINHO DO CÉU,2024,2023,9,255093,236761,18332,1937290.0,0.0094627030542665,0.2159307740736566,0.005083723205515,0.0202795542577814
2024,209603,42,CM GALDINO MANOEL DA SILVA,2024,2023,9,255093,236761,18332,1937290.0,0.0094627030542665,0.2159307740736566,0.005083723205515,0.0202795542577814
2024,209604,82,CM NOVA DIVINÉIA,2024,2023,9,255093,236761,18332,1937290.0,0.0094627030542665,0.2159307740736566,0.005083723205515,0.0202795542577814
2024,209605,108,CM SÃO SEBASTIÃO - ARRELIA,2024,2023,9,255093,236761,18332,1937290.0,0.0094627030542665,0.2159307740736566,0.005083723205515,0.0202795542577814
2024,209606,100,CM WINNIE MANDELA,2024,2023,9,255093,236761,18332,1937290.0,0.0094627030542665,0.2159307740736566,0.005083723205515,0.0202795542577814
2024,209607,129,CM SOLANGE MARIA MAGALHÃES,2024,2023,9,255093,236761,18332,1937290.0,0.0094627030542665,0.2159307740736566,0.005083723205515,0.0202795542577814
2024,209608,154,CM GERMINAL DA VILA,2024,2023,9,255093,236761,18332,1937290.0,0.0094627030542665,0.2159307740736566,0.005083723205515,0.0202795542577814
2024,209609,230,CM PAPA JOÃO PAULO II,2024,2023,9,255093,236761,18332,1937290.0,0.0094627030542665,0.2159307740736566,0.005083723205515,0.0202795542577814
2024,209610,122,CM FRANCISCO DE PAULA,2024,2023,9,255093,236761,18332,1937290.0,0.0094627030542665,0.2159307740736566,0.005083723205515,0.0202795542577814
2024,209803,57,EDI PROFESSORA SUELY DE PINHO CAVALCANTE,2024,2023,9,255093,236761,18332,1937290.0,0.0094627030542665,0.2159307740736566,0.005083723205515,0.0202795542577814
2024,209804,13,EDI PROFESSORA LUCIA MARIA QUITETE DE CARVALHO AMARAL,2024,2023,9,255093,236761,18332,1937290.0,0.0094627030542665,0.2159307740736566,0.005083723205515,0.0202795542577814
2024,227601,58,CM CASTELINHO,2024,2023,9,255093,236761,18332,1937290.0,0.0094627030542665,0.2159307740736566,0.005083723205515,0.0202795542577814
2024,227602,22,CM IACYRA FRAZÃO,2024,2023,9,255093,236761,18332,1937290.0,0.0094627030542665,0.2159307740736566,0.005083723205515,0.0202795542577814
2024,227801,405,EDI PROFESSORA EDIR CASEIRO RIBEIRO,2024,2023,9,255093,236761,18332,1937290.0,0.0094627030542665,0.2159307740736566,0.005083723205515,0.0202795542577814
2024,3001,199,CP ASSOCIAÇÃO PRESBITERIANA CUIDANDO DO AMANHÃ - APCA,2024,2023,9,255093,236761,18332,1937290.0,0.0094627030542665,0.2159307740736566,0.005083723205515,0.0202795542577814
2024,3002,311,CP ABRIGO MARIA IMACULADA,2024,2023,9,255093,236761,18332,1937290.0,0.0094627030542665,0.2159307740736566,0.005083723205515,0.0202795542577814
2024,3003,221,CP CASA SÃO ROQUE,2024,2023,9,255093,236761,18332,1937290.0,0.0094627030542665,0.2159307740736566,0.005083723205515,0.0202795542577814
2024,3004,129,CP CENTRO COMUNITÁRIO NOSSA SENHORA APARECIDA - CRECHE,2024,2023,9,255093,236761,18332,1937290.0,0.0094627030542665,0.2159307740736566,0.005083723205515,0.0202795542577814
2024,3005,172,CP COLÉGIO RUTH SANT ANNA / JARDIM DE INFÂNCIA CIRANDA CIRANDINHA,2024,2023,9,255093,236761,18332,1937290.0,0.0094627030542665,0.2159307740736566,0.005083723205515,0.0202795542577814
2024,3006,515,CP CRECHE CASA VIVA,2024,2023,9,255093,236761,18332,1937290.0,0.0094627030542665,0.2159307740736566,0.005083723205515,0.0202795542577814
2024,3007,115,CP CRECHE CHAMEGUINHO,2024,2023,9,255093,236761,18332,1937290.0,0.0094627030542665,0.2159307740736566,0.005083723205515,0.0202795542577814
2024,3008,109,CP CRECHE COMUNITÁRIA ELIANA SATURNINO BRAGA,2024,2023,9,255093,236761,18332,1937290.0,0.0094627030542665,0.2159307740736566,0.005083723205515,0.0202795542577814
2024,3009,49,CP CRECHE COMUNITÁRIA JOÃO FERREIRA,2024,2023,9,255093,236761,18332,1937290.0,0.0094627030542665,0.2159307740736566,0.005083723205515,0.0202795542577814
2024,3010,158,CP CRECHE ESCOLA COMUNITÁRIA MÃE SOCIAL,2024,2023,9,255093,236761,18332,1937290.0,0.0094627030542665,0.2159307740736566,0.005083723205515,0.0202795542577814
2024,3011,66,CP CRECHE DO CENTRO PASTORAL SOCIAL PADRE JUSTINO RUSSOLILLO,2024,2023,9,255093,236761,18332,1937290.0,0.0094627030542665,0.2159307740736566,0.005083723205515,0.0202795542577814
2024,3012,381,CP CRECHE MÃE DO DIVINO SALVADOR,2024,2023,9,255093,236761,18332,1937290.0,0.0094627030542665,0.2159307740736566,0.005083723205515,0.0202795542577814
2024,3013,216,CP CRECHE DO JACAREZINHO,2024,2023,9,255093,236761,18332,1937290.0,0.0094627030542665,0.2159307740736566,0.005083723205515,0.0202795542577814
2024,3014,711,CP CRECHE PLANTANDO O AMANHÃ,2024,2023,9,255093,236761,18332,1937290.0,0.0094627030542665,0.2159307740736566,0.005083723205515,0.0202795542577814
2024,3015,113,CP CRECHE MARIETTA NAVARRO GAIO,2024,2023,9,255093,236761,18332,1937290.0,0.0094627030542665,0.2159307740736566,0.005083723205515,0.0202795542577814
2024,3016,97,CP CRECHE SÃO PEDRO NOLASCO,2024,2023,9,255093,236761,18332,1937290.0,0.0094627030542665,0.2159307740736566,0.005083723205515,0.0202795542577814
2024,3017,67,CP CRECHE TERNURINHA,2024,2023,9,255093,236761,18332,1937290.0,0.0094627030542665,0.2159307740736566,0.005083723205515,0.0202795542577814
2024,3018,54,CP FRATERNIDADE ASSISTENCIAL CRISTÃ,2024,2023,9,255093,236761,18332,1937290.0,0.0094627030542665,0.2159307740736566,0.005083723205515,0.0202795542577814
2024,3019,269,CP INSTITUTO EDUCACIONAL CRESCENDO E APRENDENDO ALGODÃO DOCE,2024,2023,9,255093,236761,18332,1937290.0,0.0094627030542665,0.2159307740736566,0.005083723205515,0.0202795542577814
2024,3020,134,CP LAR DA CRIANÇA JESUS BOM PASTOR,2024,2023,9,255093,236761,18332,1937290.0,0.0094627030542665,0.2159307740736566,0.005083723205515,0.0202795542577814
2024,3021,265,CP CRECHE COMUNITÁRIA TIA ALICE,2024,2023,9,255093,236761,18332,1937290.0,0.0094627030542665,0.2159307740736566,0.005083723205515,0.0202795542577814
2024,3022,305,CP INSTITUTO AVANTE ELITE DO FUTURO,2024,2023,9,255093,236761,18332,1937290.0,0.0094627030542665,0.2159307740736566,0.005083723205515,0.0202795542577814
2024,3023,51,CP LAR DE MARIA DOLORES,2024,2023,9,255093,236761,18332,1937290.0,0.0094627030542665,0.2159307740736566,0.005083723205515,0.0202795542577814
2024,3024,262,CP CASA DE LEYLÁ,2024,2023,9,255093,236761,18332,1937290.0,0.0094627030542665,0.2159307740736566,0.005083723205515,0.0202795542577814
2024,3025,542,CP CENTRO CULTURAL EDUCAR - UNIDADE II,2024,2023,9,255093,236761,18332,1937290.0,0.0094627030542665,0.2159307740736566,0.005083723205515,0.0202795542577814
2024,3026,565,CP CHALÉ SEMENTINHA,2024,2023,9,255093,236761,18332,1937290.0,0.0094627030542665,0.2159307740736566,0.005083723205515,0.0202795542577814
2024,3027,315,CP CENTRO CULTURAL EDUCAR - UNIDADE IV,2024,2023,9,255093,236761,18332,1937290.0,0.0094627030542665,0.2159307740736566,0.005083723205515,0.0202795542577814
2024,3028,356,CP ESTRELINHA DO MAR,2024,2023,9,255093,236761,18332,1937290.0,0.0094627030542665,0.2159307740736566,0.005083723205515,0.0202795542577814
2024,3029,242,CP CRECHE BRINCANDO COM JUNINHO,2024,2023,9,255093,236761,18332,1937290.0,0.0094627030542665,0.2159307740736566,0.005083723205515,0.0202795542577814
2024,3030,108,CP CRECHE TIO KITO,2024,2023,9,255093,236761,18332,1937290.0,0.0094627030542665,0.2159307740736566,0.005083723205515,0.0202795542577814
2024,3031,152,CP ESCOLA COMUNITÁRIA JARDIM ARCO-ÍRIS - UNIDADE I,2024,2023,9,255093,236761,18332,1937290.0,0.0094627030542665,0.2159307740736566,0.005083723205515,0.0202795542577814
2024,3032,233,CP NÚCLEO RECREATIVO RAIOZINHO DE SOL,2024,2023,9,255093,236761,18332,1937290.0,0.0094627030542665,0.2159307740736566,0.005083723205515,0.0202795542577814
2024,3033,310,CP INSTITUTO EDUCACIONAL T & P CONQUISTA,2024,2023,9,255093,236761,18332,1937290.0,0.0094627030542665,0.2159307740736566,0.005083723205515,0.0202795542577814
2024,3034,151,CP CRECHE RISCO E RABISCO,2024,2023,9,255093,236761,18332,1937290.0,0.0094627030542665,0.2159307740736566,0.005083723205515,0.0202795542577814
2024,3035,127,CP CENTRO EDUCACIONAL SÃO VICENTE DE PAULO,2024,2023,9,255093,236761,18332,1937290.0,0.0094627030542665,0.2159307740736566,0.005083723205515,0.0202795542577814
2024,3036,209,CP CENTRO CULTURAL EVOLUIR,2024,2023,9,255093,236761,18332,1937290.0,0.0094627030542665,0.2159307740736566,0.005083723205515,0.0202795542577814
2024,3037,625,CP CRECHE FRUTOS DO AMANHÃ I,2024,2023,9,255093,236761,18332,1937290.0,0.0094627030542665,0.2159307740736566,0.005083723205515,0.0202795542577814
2024,3038,286,CP CRECHE FRUTOS DO AMANHÃ II,2024,2023,9,255093,236761,18332,1937290.0,0.0094627030542665,0.2159307740736566,0.005083723205515,0.0202795542577814
2024,3039,91,CP CRECHE COMUNITÁRIA CÉU AZUL,2024,2023,9,255093,236761,18332,1937290.0,0.0094627030542665,0.2159307740736566,0.005083723205515,0.0202795542577814
2024,3040,172,CP ASSOCIAÇÃO CRESCENCIO UNIDADE II,2024,2023,9,255093,236761,18332,1937290.0,0.0094627030542665,0.2159307740736566,0.005083723205515,0.0202795542577814
2024,3041,130,CP CENTRO DE DESENVOLVIMENTO INFANTIL ESPELHO D'AGUA,2024,2023,9,255093,236761,18332,1937290.0,0.0094627030542665,0.2159307740736566,0.005083723205515,0.0202795542577814
2024,312502,149,CIEP PROCÓPIO FERREIRA,2024,2023,9,255093,236761,18332,1937290.0,0.0094627030542665,0.2159307740736566,0.005083723205515,0.0202795542577814
2024,312601,296,CM CANTINHO FELIZ,2024,2023,9,255093,236761,18332,1937290.0,0.0094627030542665,0.2159307740736566,0.005083723205515,0.0202795542577814
2024,312602,284,CM ENGENHO DA RAINHA,2024,2023,9,255093,236761,18332,1937290.0,0.0094627030542665,0.2159307740736566,0.005083723205515,0.0202795542577814
2024,312603,306,CM RENASCER,2024,2023,9,255093,236761,18332,1937290.0,0.0094627030542665,0.2159307740736566,0.005083723205515,0.0202795542577814
2024,312801,285,EDI HENRIQUE FORÉIS,2024,2023,9,255093,236761,18332,1937290.0,0.0094627030542665,0.2159307740736566,0.005083723205515,0.0202795542577814
2024,312802,108,EDI LUCIA MARIA BATISTA DE ALBUQUERQUE,2024,2023,9,255093,236761,18332,1937290.0,0.0094627030542665,0.2159307740736566,0.005083723205515,0.0202795542577814
2024,312803,135,EDI PROFESSORA LUIZA HELENA MAIA MEDEIROS,2024,2023,9,255093,236761,18332,1937290.0,0.0094627030542665,0.2159307740736566,0.005083723205515,0.0202795542577814
2024,312804,170,EDI PROFESSORA TÂNIA MARTINS NOVO LENZ,2024,2023,9,255093,236761,18332,1937290.0,0.0094627030542665,0.2159307740736566,0.005083723205515,0.0202795542577814
2024,312805,392,EDI TANIA CRISTINA MOREIRA,2024,2023,9,255093,236761,18332,1937290.0,0.0094627030542665,0.2159307740736566,0.005083723205515,0.0202795542577814
2024,312806,295,EDI PROFESSORA ELIANE MONTE CHIARI DANTAS,2024,2023,9,255093,236761,18332,1937290.0,0.0094627030542665,0.2159307740736566,0.005083723205515,0.0202795542577814
2024,312809,254,EDI PROFESSORA VALÉRIA PEREIRA DE SOUZA PINTO,2024,2023,9,255093,236761,18332,1937290.0,0.0094627030542665,0.2159307740736566,0.005083723205515,0.0202795542577814
2024,312810,92,EDI MARIA MAZZETTI,2024,2023,9,255093,236761,18332,1937290.0,0.0094627030542665,0.2159307740736566,0.005083723205515,0.0202795542577814
2024,312811,42,EDI BRICIO FILHO,2024,2023,9,255093,236761,18332,1937290.0,0.0094627030542665,0.2159307740736566,0.005083723205515,0.0202795542577814
2024,312812,169,EDI HERMENEGILDO DE BARROS,2024,2023,9,255093,236761,18332,1937290.0,0.0094627030542665,0.2159307740736566,0.005083723205515,0.0202795542577814
2024,312813,301,EDI JORNALISTA JORGE BASTOS MORENO,2024,2023,9,255093,236761,18332,1937290.0,0.0094627030542665,0.2159307740736566,0.005083723205515,0.0202795542577814
2024,313601,143,CM VILA DOS MINEIROS,2024,2023,9,255093,236761,18332,1937290.0,0.0094627030542665,0.2159307740736566,0.005083723205515,0.0202795542577814
2024,313602,83,CM ACONCHEGO,2024,2023,9,255093,236761,18332,1937290.0,0.0094627030542665,0.2159307740736566,0.005083723205515,0.0202795542577814
2024,313603,223,CM SYLVIA ORTHOF,2024,2023,9,255093,236761,18332,1937290.0,0.0094627030542665,0.2159307740736566,0.005083723205515,0.0202795542577814
2024,313604,177,CM NOSSO CANTINHO,2024,2023,9,255093,236761,18332,1937290.0,0.0094627030542665,0.2159307740736566,0.005083723205515,0.0202795542577814
2024,313606,121,CM CANTINHO DO QUETO,2024,2023,9,255093,236761,18332,1937290.0,0.0094627030542665,0.2159307740736566,0.005083723205515,0.0202795542577814
2024,313607,262,CM ODETINHA VIDAL DE OLIVEIRA,2024,2023,9,255093,236761,18332,1937290.0,0.0094627030542665,0.2159307740736566,0.005083723205515,0.0202795542577814
2024,313608,430,CM RACHEL LEITE DIAS,2024,2023,9,255093,236761,18332,1937290.0,0.0094627030542665,0.2159307740736566,0.005083723205515,0.0202795542577814
2024,313609,157,CM RECANTO DA CACHOEIRA,2024,2023,9,255093,236761,18332,1937290.0,0.0094627030542665,0.2159307740736566,0.005083723205515,0.0202795542577814
2024,313610,202,CM EMMANUEL,2024,2023,9,255093,236761,18332,1937290.0,0.0094627030542665,0.2159307740736566,0.005083723205515,0.0202795542577814
2024,313611,216,CM JOSÉ RAMOS JANUÁRIO - ZÉ PRETINHO,2024,2023,9,255093,236761,18332,1937290.0,0.0094627030542665,0.2159307740736566,0.005083723205515,0.0202795542577814
2024,313612,311,CM MARCILIA CATARINA DA COSTA ORGÉLIO - TIA MANA,2024,2023,9,255093,236761,18332,1937290.0,0.0094627030542665,0.2159307740736566,0.005083723205515,0.0202795542577814
2024,313801,127,EDI PROF. JOSÉ LIBONATI FILHO,2024,2023,9,255093,236761,18332,1937290.0,0.0094627030542665,0.2159307740736566,0.005083723205515,0.0202795542577814
2024,313802,373,EDI ANÍSIO TEIXEIRA,2024,2023,9,255093,236761,18332,1937290.0,0.0094627030542665,0.2159307740736566,0.005083723205515,0.0202795542577814
2024,313804,135,EDI GEORGE BERNANOS,2024,2023,9,255093,236761,18332,1937290.0,0.0094627030542665,0.2159307740736566,0.005083723205515,0.0202795542577814
2024,313805,232,EDI MAURÍCIO CARDOSO,2024,2023,9,255093,236761,18332,1937290.0,0.0094627030542665,0.2159307740736566,0.005083723205515,0.0202795542577814
2024,313806,34,EDI EDUCANDÁRIO DE SANTA CRUZ,2024,2023,9,255093,236761,18332,1937290.0,0.0094627030542665,0.2159307740736566,0.005083723205515,0.0202795542577814
2024,313809,125,EDI ESCULTORA LYGIA CLARK,2024,2023,9,255093,236761,18332,1937290.0,0.0094627030542665,0.2159307740736566,0.005083723205515,0.0202795542577814
2024,328601,127,CM GERALDA DE JESUS ALEIXO,2024,2023,9,255093,236761,18332,1937290.0,0.0094627030542665,0.2159307740736566,0.005083723205515,0.0202795542577814
2024,328602,303,CM TIA ANDREZA,2024,2023,9,255093,236761,18332,1937290.0,0.0094627030542665,0.2159307740736566,0.005083723205515,0.0202795542577814
2024,328604,302,CM DA COMUNIDADE DO JACAREZINHO,2024,2023,9,255093,236761,18332,1937290.0,0.0094627030542665,0.2159307740736566,0.005083723205515,0.0202795542577814
2024,328801,339,EDI PADRE NELSON CARLOS DEL MÔNACO,2024,2023,9,255093,236761,18332,1937290.0,0.0094627030542665,0.2159307740736566,0.005083723205515,0.0202795542577814
2024,329801,406,EDI DONA LINDU,2024,2023,9,255093,236761,18332,1937290.0,0.0094627030542665,0.2159307740736566,0.005083723205515,0.0202795542577814
2024,330601,278,CM JOSÉ DE VIEIRA DA SILVA,2024,2023,9,255093,236761,18332,1937290.0,0.0094627030542665,0.2159307740736566,0.005083723205515,0.0202795542577814
2024,330602,341,CM NOVA BRASÍLIA,2024,2023,9,255093,236761,18332,1937290.0,0.0094627030542665,0.2159307740736566,0.005083723205515,0.0202795542577814
2024,4001,248,CP CENTRO EDUCACIONAL APRENDIZ DA MARÉ,2024,2023,9,255093,236761,18332,1937290.0,0.0094627030542665,0.2159307740736566,0.005083723205515,0.0202795542577814
2024,4002,174,CP INSTITUTO EDUCACIONAL LUIZ ANTONIO - IELA,2024,2023,9,255093,236761,18332,1937290.0,0.0094627030542665,0.2159307740736566,0.005083723205515,0.0202795542577814
2024,4003,158,CP ASSOCIAÇÃO CIVIL CENTRO EDUCACIONAL COMUNITÁRIO ESTAÇÃO DO SABER,2024,2023,9,255093,236761,18332,1937290.0,0.0094627030542665,0.2159307740736566,0.005083723205515,0.0202795542577814
2024,4004,118,CP CRECHE DO CENTRO COMUNITÁRIO DA VILA PROLETÁRIA DA PENHA,2024,2023,9,255093,236761,18332,1937290.0,0.0094627030542665,0.2159307740736566,0.005083723205515,0.0202795542577814
2024,4005,220,CP CASA DE JOEL,2024,2023,9,255093,236761,18332,1937290.0,0.0094627030542665,0.2159307740736566,0.005083723205515,0.0202795542577814
2024,4006,112,CP COMUNIDADE INSTITUCIONAL ADULÃO TEMPO FELIZ,2024,2023,9,255093,236761,18332,1937290.0,0.0094627030542665,0.2159307740736566,0.005083723205515,0.0202795542577814
2024,4007,141,CP CRECHE CASULO BOM JESUS DA PENHA,2024,2023,9,255093,236761,18332,1937290.0,0.0094627030542665,0.2159307740736566,0.005083723205515,0.0202795542577814
2024,4008,56,CP CRECHE COMUNITÁRIA CASULO DO PARQUE PROLETÁRIO DA PENHA,2024,2023,9,255093,236761,18332,1937290.0,0.0094627030542665,0.2159307740736566,0.005083723205515,0.0202795542577814
2024,4009,76,CP CRECHE COMUNITÁRIA DE MANGUINHOS,2024,2023,9,255093,236761,18332,1937290.0,0.0094627030542665,0.2159307740736566,0.005083723205515,0.0202795542577814
2024,4010,116,CP CRECHE COMUNITÁRIA SAGRADO CORAÇÃO DE MARIA,2024,2023,9,255093,236761,18332,1937290.0,0.0094627030542665,0.2159307740736566,0.005083723205515,0.0202795542577814
2024,4011,108,CP CRECHE E PRÉ-ESCOLA NOVA JERUSALÉM,2024,2023,9,255093,236761,18332,1937290.0,0.0094627030542665,0.2159307740736566,0.005083723205515,0.0202795542577814
2024,4012,286,CP CRECHE ESCOLA MIMI I,2024,2023,9,255093,236761,18332,1937290.0,0.0094627030542665,0.2159307740736566,0.005083723205515,0.0202795542577814
2024,4013,110,CP RECANTO DA CRIANÇA FELIZ,2024,2023,9,255093,236761,18332,1937290.0,0.0094627030542665,0.2159307740736566,0.005083723205515,0.0202795542577814
2024,4014,97,CP CRECHE SAGRADO CORAÇÃO DE MARIA E SANTO ANTÔNIO,2024,2023,9,255093,236761,18332,1937290.0,0.0094627030542665,0.2159307740736566,0.005083723205515,0.0202795542577814
2024,4015,239,CP ESPAÇO DE EDUCAÇÃO INFANTIL VILA DO JOÃO,2024,2023,9,255093,236761,18332,1937290.0,0.0094627030542665,0.2159307740736566,0.005083723205515,0.0202795542577814
2024,4016,167,CP CRECHE LAR IRMÃO FRANCISCO,2024,2023,9,255093,236761,18332,1937290.0,0.0094627030542665,0.2159307740736566,0.005083723205515,0.0202795542577814
2024,4017,199,CP ASSOCIAÇÃO CENTRO EDUCACIONAL REBRAL I,2024,2023,9,255093,236761,18332,1937290.0,0.0094627030542665,0.2159307740736566,0.005083723205515,0.0202795542577814
2024,4018,190,CP SOCIEDADE DE ENSINO TEREZA CRISTINA,2024,2023,9,255093,236761,18332,1937290.0,0.0094627030542665,0.2159307740736566,0.005083723205515,0.0202795542577814
2024,4020,124,CP CENTRO CULTURAL EDUCAR,2024,2023,9,255093,236761,18332,1937290.0,0.0094627030542665,0.2159307740736566,0.005083723205515,0.0202795542577814
2024,4021,222,CP ASSOCIAÇÃO CENTRO EDUCACIONAL REBRAL II,2024,2023,9,255093,236761,18332,1937290.0,0.0094627030542665,0.2159307740736566,0.005083723205515,0.0202795542577814
2024,4022,327,CP CRECHE VALE DO SOL NO GROTÃO,2024,2023,9,255093,236761,18332,1937290.0,0.0094627030542665,0.2159307740736566,0.005083723205515,0.0202795542577814
2024,4023,213,CP CENTRO CULTURAL EDUCAR - UNIDADE III,2024,2023,9,255093,236761,18332,1937290.0,0.0094627030542665,0.2159307740736566,0.005083723205515,0.0202795542577814
2024,4024,461,CP CRECHE VALE DO SOL,2024,2023,9,255093,236761,18332,1937290.0,0.0094627030542665,0.2159307740736566,0.005083723205515,0.0202795542577814
2024,4025,261,CP CRECHE E PRÉ-ESCOLA NOVA JERUSALÉM NO CORDOVIL,2024,2023,9,255093,236761,18332,1937290.0,0.0094627030542665,0.2159307740736566,0.005083723205515,0.0202795542577814
2024,4026,56,CP CRECHE ESCOLA PATINHO ESTUDIOSO,2024,2023,9,255093,236761,18332,1937290.0,0.0094627030542665,0.2159307740736566,0.005083723205515,0.0202795542577814
2024,4027,463,CP ASSOCIAÇÃO CENTRO EDUCACIONAL REBRAL IV,2024,2023,9,255093,236761,18332,1937290.0,0.0094627030542665,0.2159307740736566,0.005083723205515,0.0202795542577814
2024,4028,127,CP CRECHE TIA NANE I,2024,2023,9,255093,236761,18332,1937290.0,0.0094627030542665,0.2159307740736566,0.005083723205515,0.0202795542577814
2024,4029,358,CP SOLZINHO,2024,2023,9,255093,236761,18332,1937290.0,0.0094627030542665,0.2159307740736566,0.005083723205515,0.0202795542577814
2024,4030,349,CP CRECHE VALE DO SOL II,2024,2023,9,255093,236761,18332,1937290.0,0.0094627030542665,0.2159307740736566,0.005083723205515,0.0202795542577814
2024,4032,489,CP ASSOCIAÇÃO CENTRO EDUCACIONAL REBRAL V,2024,2023,9,255093,236761,18332,1937290.0,0.0094627030542665,0.2159307740736566,0.005083723205515,0.0202795542577814
2024,4034,442,CP CASA DE JOEL II,2024,2023,9,255093,236761,18332,1937290.0,0.0094627030542665,0.2159307740736566,0.005083723205515,0.0202795542577814
2024,4035,269,CP INSTITUTO DE EDUCAÇÃO EUCLIDES DOS SANTOS,2024,2023,9,255093,236761,18332,1937290.0,0.0094627030542665,0.2159307740736566,0.005083723205515,0.0202795542577814
2024,4036,165,CP CRECHE GIZ COLORIDO,2024,2023,9,255093,236761,18332,1937290.0,0.0094627030542665,0.2159307740736566,0.005083723205515,0.0202795542577814
2024,4037,108,CP CRECHE ESCOLA MIMI II,2024,2023,9,255093,236761,18332,1937290.0,0.0094627030542665,0.2159307740736566,0.005083723205515,0.0202795542577814
2024,4038,324,CP ASSOCIAÇÃO CENTRO EDUCACIONAL REBRAL VIII,2024,2023,9,255093,236761,18332,1937290.0,0.0094627030542665,0.2159307740736566,0.005083723205515,0.0202795542577814
2024,4039,103,CP ASSOCIAÇÃO CENTRO EDUCACIONAL REBRAL IX,2024,2023,9,255093,236761,18332,1937290.0,0.0094627030542665,0.2159307740736566,0.005083723205515,0.0202795542577814
2024,4040,311,CP ASSOCIAÇÃO CENTRO EDUCACIONAL REBRAL X,2024,2023,9,255093,236761,18332,1937290.0,0.0094627030542665,0.2159307740736566,0.005083723205515,0.0202795542577814
2024,4041,106,CP CRECHE ESCOLA OTACÍLIO BATISTA,2024,2023,9,255093,236761,18332,1937290.0,0.0094627030542665,0.2159307740736566,0.005083723205515,0.0202795542577814
2024,4042,227,CP CENTRO CULTURAL PEDACINHO DO CÉU,2024,2023,9,255093,236761,18332,1937290.0,0.0094627030542665,0.2159307740736566,0.005083723205515,0.0202795542577814
2024,4043,133,CP ASSOCIAÇÃO COMUNITÁRIA EDUCACIONAL FLORESCER,2024,2023,9,255093,236761,18332,1937290.0,0.0094627030542665,0.2159307740736566,0.005083723205515,0.0202795542577814
2024,4044,240,CP CRECHE HOUSE BABY - BONSUCESSO,2024,2023,9,255093,236761,18332,1937290.0,0.0094627030542665,0.2159307740736566,0.005083723205515,0.0202795542577814
2024,4045,155,CP CRECHE CRIANÇA FELIZ EM LUCAS,2024,2023,9,255093,236761,18332,1937290.0,0.0094627030542665,0.2159307740736566,0.005083723205515,0.0202795542577814
2024,4046,123,CP CRECHE TIA NANE III,2024,2023,9,255093,236761,18332,1937290.0,0.0094627030542665,0.2159307740736566,0.005083723205515,0.0202795542577814
2024,4047,355,CP CRECHE VALE DO SOL III,2024,2023,9,255093,236761,18332,1937290.0,0.0094627030542665,0.2159307740736566,0.005083723205515,0.0202795542577814
2024,4048,218,CP INSTITUTO DE EDUCAÇÃO EUCLIDES DOS SANTOS II,2024,2023,9,255093,236761,18332,1937290.0,0.0094627030542665,0.2159307740736566,0.005083723205515,0.0202795542577814
2024,4049,228,CP INSTITUTO JOSEFA LAURENTINO,2024,2023,9,255093,236761,18332,1937290.0,0.0094627030542665,0.2159307740736566,0.005083723205515,0.0202795542577814
2024,4050,160,CP CENTRO EDUCACIONAL CARIOQUINHA,2024,2023,9,255093,236761,18332,1937290.0,0.0094627030542665,0.2159307740736566,0.005083723205515,0.0202795542577814
2024,410601,61,CM MANGUINHOS,2024,2023,9,255093,236761,18332,1937290.0,0.0094627030542665,0.2159307740736566,0.005083723205515,0.0202795542577814
2024,410602,16,CM DR. JUVENIL DE SOUZA LOPES,2024,2023,9,255093,236761,18332,1937290.0,0.0094627030542665,0.2159307740736566,0.005083723205515,0.0202795542577814
2024,410603,380,CM CHICO BENTO,2024,2023,9,255093,236761,18332,1937290.0,0.0094627030542665,0.2159307740736566,0.005083723205515,0.0202795542577814
2024,410801,463,EDI DOUTOR DOMINGOS ARTHUR MACHADO FILHO,2024,2023,9,255093,236761,18332,1937290.0,0.0094627030542665,0.2159307740736566,0.005083723205515,0.0202795542577814
2024,410802,154,EDI DOUTOR ANTÔNIO FERNANDES FIGUEIRA,2024,2023,9,255093,236761,18332,1937290.0,0.0094627030542665,0.2159307740736566,0.005083723205515,0.0202795542577814
2024,410803,71,EDI JOAQUIM VENÂNCIO,2024,2023,9,255093,236761,18332,1937290.0,0.0094627030542665,0.2159307740736566,0.005083723205515,0.0202795542577814
2024,410804,20,EDI SARGENTO JORGE FALEIRO SOUZA,2024,2023,9,255093,236761,18332,1937290.0,0.0094627030542665,0.2159307740736566,0.005083723205515,0.0202795542577814
2024,410805,150,EDI COMPOSITOR NEOCI DIAS DE ANDRADE,2024,2023,9,255093,236761,18332,1937290.0,0.0094627030542665,0.2159307740736566,0.005083723205515,0.0202795542577814
2024,410807,168,EDI PROFESSORA TANIA DA ROCHA CORREA,2024,2023,9,255093,236761,18332,1937290.0,0.0094627030542665,0.2159307740736566,0.005083723205515,0.0202795542577814
2024,410808,225,EDI ALMIR LEITE RIBEIRO,2024,2023,9,255093,236761,18332,1937290.0,0.0094627030542665,0.2159307740736566,0.005083723205515,0.0202795542577814
2024,410810,48,EDI MIGUEL COUTO,2024,2023,9,255093,236761,18332,1937290.0,0.0094627030542665,0.2159307740736566,0.005083723205515,0.0202795542577814
2024,411601,253,CM CARLOS DRUMMOND DE ANDRADE,2024,2023,9,255093,236761,18332,1937290.0,0.0094627030542665,0.2159307740736566,0.005083723205515,0.0202795542577814
2024,411602,119,CM TEMPO DE APRENDER,2024,2023,9,255093,236761,18332,1937290.0,0.0094627030542665,0.2159307740736566,0.005083723205515,0.0202795542577814
2024,411603,143,CM MORRO DA PAZ,2024,2023,9,255093,236761,18332,1937290.0,0.0094627030542665,0.2159307740736566,0.005083723205515,0.0202795542577814
2024,411604,35,CM BETINHO,2024,2023,9,255093,236761,18332,1937290.0,0.0094627030542665,0.2159307740736566,0.005083723205515,0.0202795542577814
2024,411605,152,CM CARACOL,2024,2023,9,255093,236761,18332,1937290.0,0.0094627030542665,0.2159307740736566,0.005083723205515,0.0202795542577814
2024,411607,10,CM MARIA ALTAMIRA C. OLEGÁRIO,2024,2023,9,255093,236761,18332,1937290.0,0.0094627030542665,0.2159307740736566,0.005083723205515,0.0202795542577814
2024,411609,21,CM TIA RUTH COSTA DOS SANTOS,2024,2023,9,255093,236761,18332,1937290.0,0.0094627030542665,0.2159307740736566,0.005083723205515,0.0202795542577814
2024,411801,310,EDI MARIANA ROCHA DE SOUZA,2024,2023,9,255093,236761,18332,1937290.0,0.0094627030542665,0.2159307740736566,0.005083723205515,0.0202795542577814
2024,411802,115,EDI JOEL LUIZ DE AZEVEDO BASTOS,2024,2023,9,255093,236761,18332,1937290.0,0.0094627030542665,0.2159307740736566,0.005083723205515,0.0202795542577814
2024,411803,160,EDI MARIA DE LOURDES FERREIRA,2024,2023,9,255093,236761,18332,1937290.0,0.0094627030542665,0.2159307740736566,0.005083723205515,0.0202795542577814
2024,411804,35,EDI MORRO DA FÉ,2024,2023,9,255093,236761,18332,1937290.0,0.0094627030542665,0.2159307740736566,0.005083723205515,0.0202795542577814
2024,430601,332,CM MENINO MALUQUINHO,2024,2023,9,255093,236761,18332,1937290.0,0.0094627030542665,0.2159307740736566,0.005083723205515,0.0202795542577814
2024,430602,436,CM VILA PINHEIRO,2024,2023,9,255093,236761,18332,1937290.0,0.0094627030542665,0.2159307740736566,0.005083723205515,0.0202795542577814
2024,430603,514,CM TIO MÁRIO,2024,2023,9,255093,236761,18332,1937290.0,0.0094627030542665,0.2159307740736566,0.005083723205515,0.0202795542577814
2024,430604,113,CM MONTEIRO LOBATO,2024,2023,9,255093,236761,18332,1937290.0,0.0094627030542665,0.2159307740736566,0.005083723205515,0.0202795542577814
2024,430605,139,CM NOVA HOLANDA,2024,2023,9,255093,236761,18332,1937290.0,0.0094627030542665,0.2159307740736566,0.005083723205515,0.0202795542577814
2024,430607,95,CM PROFESSOR PAULO FREIRE,2024,2023,9,255093,236761,18332,1937290.0,0.0094627030542665,0.2159307740736566,0.005083723205515,0.0202795542577814
2024,430801,219,"EDI PESCADOR ISIDORO DUARTE - ""DORO""",2024,2023,9,255093,236761,18332,1937290.0,0.0094627030542665,0.2159307740736566,0.005083723205515,0.0202795542577814
2024,430802,263,EDI PROFESSORA KELITA FARIA DE PAULA,2024,2023,9,255093,236761,18332,1937290.0,0.0094627030542665,0.2159307740736566,0.005083723205515,0.0202795542577814
2024,430803,182,EDI PROFESSOR MOACYR DE GÓES,2024,2023,9,255093,236761,18332,1937290.0,0.0094627030542665,0.2159307740736566,0.005083723205515,0.0202795542577814
2024,430805,217,EDI PROFESSORA SOLANGE CONCEIÇÃO TRICARICO,2024,2023,9,255093,236761,18332,1937290.0,0.0094627030542665,0.2159307740736566,0.005083723205515,0.0202795542577814
2024,430806,223,EDI CLEIA SANTOS DE OLIVEIRA,2024,2023,9,255093,236761,18332,1937290.0,0.0094627030542665,0.2159307740736566,0.005083723205515,0.0202795542577814
2024,430807,190,EDI MARIA AMÉLIA CASTRO E SILVA BELFORT,2024,2023,9,255093,236761,18332,1937290.0,0.0094627030542665,0.2159307740736566,0.005083723205515,0.0202795542577814
2024,430808,5,EDI AZOILDA TRINDADE (ZÔ),2024,2023,9,255093,236761,18332,1937290.0,0.0094627030542665,0.2159307740736566,0.005083723205515,0.0202795542577814
2024,430809,432,EDI MEDALHISTA OLÍMPICO LUIZ FELIPE MARQUES FONTELES,2024,2023,9,255093,236761,18332,1937290.0,0.0094627030542665,0.2159307740736566,0.005083723205515,0.0202795542577814
2024,430810,442,EDI MEDALHISTA OLÍMPICO EVANDRO MOTTA MARCONDES GUERRA,2024,2023,9,255093,236761,18332,1937290.0,0.0094627030542665,0.2159307740736566,0.005083723205515,0.0202795542577814
2024,430811,424,EDI MEDALHISTA OLÍMPICO WILLIAM PEIXOTO ARJONA,2024,2023,9,255093,236761,18332,1937290.0,0.0094627030542665,0.2159307740736566,0.005083723205515,0.0202795542577814
2024,430812,234,EDI MEDALHISTA OLÍMPICO EDER FRANCIS CARBONERA,2024,2023,9,255093,236761,18332,1937290.0,0.0094627030542665,0.2159307740736566,0.005083723205515,0.0202795542577814
2024,430813,104,EDI ARMANDO DE SALLES OLIVEIRA,2024,2023,9,255093,236761,18332,1937290.0,0.0094627030542665,0.2159307740736566,0.005083723205515,0.0202795542577814
2024,430815,360,EDI PESCADOR ALBANO ROSA,2024,2023,9,255093,236761,18332,1937290.0,0.0094627030542665,0.2159307740736566,0.005083723205515,0.0202795542577814
2024,431601,14,CM LUÍS CARLOS DE OLIVEIRA CÂMARA,2024,2023,9,255093,236761,18332,1937290.0,0.0094627030542665,0.2159307740736566,0.005083723205515,0.0202795542577814
2024,431602,326,CM BARBOSA LIMA SOBRINHO,2024,2023,9,255093,236761,18332,1937290.0,0.0094627030542665,0.2159307740736566,0.005083723205515,0.0202795542577814
2024,431603,142,CM CHICO MENDES,2024,2023,9,255093,236761,18332,1937290.0,0.0094627030542665,0.2159307740736566,0.005083723205515,0.0202795542577814
2024,431604,150,CM CORAÇÃO DE GENEVE,2024,2023,9,255093,236761,18332,1937290.0,0.0094627030542665,0.2159307740736566,0.005083723205515,0.0202795542577814
2024,431605,343,CM SEMPRE VIDA DIQUE,2024,2023,9,255093,236761,18332,1937290.0,0.0094627030542665,0.2159307740736566,0.005083723205515,0.0202795542577814
2024,431606,80,CM VISCONDE DE SABUGOSA,2024,2023,9,255093,236761,18332,1937290.0,0.0094627030542665,0.2159307740736566,0.005083723205515,0.0202795542577814
2024,431607,54,CM ACAUÃ,2024,2023,9,255093,236761,18332,1937290.0,0.0094627030542665,0.2159307740736566,0.005083723205515,0.0202795542577814
2024,431608,5,CM ARI PIMENTEL,2024,2023,9,255093,236761,18332,1937290.0,0.0094627030542665,0.2159307740736566,0.005083723205515,0.0202795542577814
2024,431801,30,EDI CARVALHO MOURÃO,2024,2023,9,255093,236761,18332,1937290.0,0.0094627030542665,0.2159307740736566,0.005083723205515,0.0202795542577814
2024,431802,213,EDI PROFESSOR CARLOS FALSETH,2024,2023,9,255093,236761,18332,1937290.0,0.0094627030542665,0.2159307740736566,0.005083723205515,0.0202795542577814
2024,431803,30,EDI PROFESSOR EMMANUEL PEREIRA FILHO,2024,2023,9,255093,236761,18332,1937290.0,0.0094627030542665,0.2159307740736566,0.005083723205515,0.0202795542577814
2024,431804,38,EDI ALFREDO VALLADÃO,2024,2023,9,255093,236761,18332,1937290.0,0.0094627030542665,0.2159307740736566,0.005083723205515,0.0202795542577814
2024,5001,674,CP ASSOCIAÇÃO AMIGOS DA CRIANÇA - CRECHE ROCHA MIRANDA,2024,2023,9,255093,236761,18332,1937290.0,0.0094627030542665,0.2159307740736566,0.005083723205515,0.0202795542577814
2024,5002,139,CP CRECHE EFFATÁ,2024,2023,9,255093,236761,18332,1937290.0,0.0094627030542665,0.2159307740736566,0.005083723205515,0.0202795542577814
2024,5003,197,CP CRECHE PINTINHO DOURADO,2024,2023,9,255093,236761,18332,1937290.0,0.0094627030542665,0.2159307740736566,0.005083723205515,0.0202795542577814
2024,5004,98,CP CRECHE CASULO SÃO RAFAEL ARCANJO,2024,2023,9,255093,236761,18332,1937290.0,0.0094627030542665,0.2159307740736566,0.005083723205515,0.0202795542577814
2024,5005,194,CP CRECHE APÓSTOLO SÃO PEDRO,2024,2023,9,255093,236761,18332,1937290.0,0.0094627030542665,0.2159307740736566,0.005083723205515,0.0202795542577814
2024,5006,562,CP CRECHE CARDEAL CÂMARA,2024,2023,9,255093,236761,18332,1937290.0,0.0094627030542665,0.2159307740736566,0.005083723205515,0.0202795542577814
2024,5007,115,CP CENTRO COMUNITÁRIO FLOR DO AMANHÃ,2024,2023,9,255093,236761,18332,1937290.0,0.0094627030542665,0.2159307740736566,0.005083723205515,0.0202795542577814
2024,5008,261,CP ASSOCIAÇÃO HOUSE BABY - VILA KOSMOS,2024,2023,9,255093,236761,18332,1937290.0,0.0094627030542665,0.2159307740736566,0.005083723205515,0.0202795542577814
2024,5009,387,CP ASSOCIAÇÃO CRECHE ESPERANÇA - IRAJÁ,2024,2023,9,255093,236761,18332,1937290.0,0.0094627030542665,0.2159307740736566,0.005083723205515,0.0202795542577814
2024,5010,529,CP ASSOCIAÇÃO CENTRO EDUCACIONAL REBRAL VII,2024,2023,9,255093,236761,18332,1937290.0,0.0094627030542665,0.2159307740736566,0.005083723205515,0.0202795542577814
2024,5012,460,CP ASSOCIAÇÃO CENTRO EDUCACIONAL REBRAL XI,2024,2023,9,255093,236761,18332,1937290.0,0.0094627030542665,0.2159307740736566,0.005083723205515,0.0202795542577814
2024,5013,372,CP CENTRO EDUCACIONAL SOMAR,2024,2023,9,255093,236761,18332,1937290.0,0.0094627030542665,0.2159307740736566,0.005083723205515,0.0202795542577814
2024,5014,448,CP AEMMAC - MARECHAL HERMES,2024,2023,9,255093,236761,18332,1937290.0,0.0094627030542665,0.2159307740736566,0.005083723205515,0.0202795542577814
2024,5015,648,CP AEMMAC - ROCHA MIRANDA,2024,2023,9,255093,236761,18332,1937290.0,0.0094627030542665,0.2159307740736566,0.005083723205515,0.0202795542577814
2024,5016,442,CP ASSOCIAÇÃO EDUCACIONAL E CULTURAL SÃO BERNARDO - CSB,2024,2023,9,255093,236761,18332,1937290.0,0.0094627030542665,0.2159307740736566,0.005083723205515,0.0202795542577814
2024,514009,69,EM MATO GROSSO,2024,2023,9,255093,236761,18332,1937290.0,0.0094627030542665,0.2159307740736566,0.005083723205515,0.0202795542577814
2024,514501,42,CIEP DOM OSCAR ROMERO,2024,2023,9,255093,236761,18332,1937290.0,0.0094627030542665,0.2159307740736566,0.005083723205515,0.0202795542577814
2024,514601,120,CM TIO SEBASTIÃO XAVIER,2024,2023,9,255093,236761,18332,1937290.0,0.0094627030542665,0.2159307740736566,0.005083723205515,0.0202795542577814
2024,514602,578,CM JECIÁ DE FREITAS FERREIRA,2024,2023,9,255093,236761,18332,1937290.0,0.0094627030542665,0.2159307740736566,0.005083723205515,0.0202795542577814
2024,514603,164,CM AMÁLIA FERNANDEZ CONDE,2024,2023,9,255093,236761,18332,1937290.0,0.0094627030542665,0.2159307740736566,0.005083723205515,0.0202795542577814
2024,514604,130,CM ESTRELINHA DOURADA,2024,2023,9,255093,236761,18332,1937290.0,0.0094627030542665,0.2159307740736566,0.005083723205515,0.0202795542577814
2024,514605,194,CM O SONHO DE RAMON PASCUAL,2024,2023,9,255093,236761,18332,1937290.0,0.0094627030542665,0.2159307740736566,0.005083723205515,0.0202795542577814
2024,514606,152,CM ACALANTO,2024,2023,9,255093,236761,18332,1937290.0,0.0094627030542665,0.2159307740736566,0.005083723205515,0.0202795542577814
2024,514607,159,CM SEMENTINHA,2024,2023,9,255093,236761,18332,1937290.0,0.0094627030542665,0.2159307740736566,0.005083723205515,0.0202795542577814
2024,514608,215,CM JOSEPH BARBERA,2024,2023,9,255093,236761,18332,1937290.0,0.0094627030542665,0.2159307740736566,0.005083723205515,0.0202795542577814
2024,514609,349,CM PARQUE BOM MENINO,2024,2023,9,255093,236761,18332,1937290.0,0.0094627030542665,0.2159307740736566,0.005083723205515,0.0202795542577814
2024,514801,192,EDI DEPUTADO PEDRO FERNANDES,2024,2023,9,255093,236761,18332,1937290.0,0.0094627030542665,0.2159307740736566,0.005083723205515,0.0202795542577814
2024,514802,101,EDI LUXEMBURGO,2024,2023,9,255093,236761,18332,1937290.0,0.0094627030542665,0.2159307740736566,0.005083723205515,0.0202795542577814
2024,514803,57,EDI JOSÉ ALPOIM,2024,2023,9,255093,236761,18332,1937290.0,0.0094627030542665,0.2159307740736566,0.005083723205515,0.0202795542577814
2024,514804,27,EDI VICENTE DE CARVALHO,2024,2023,9,255093,236761,18332,1937290.0,0.0094627030542665,0.2159307740736566,0.005083723205515,0.0202795542577814
2024,515015,104,EM PADRE DEHON,2024,2023,9,255093,236761,18332,1937290.0,0.0094627030542665,0.2159307740736566,0.005083723205515,0.0202795542577814
2024,515021,88,EM MOZART LAGO,2024,2023,9,255093,236761,18332,1937290.0,0.0094627030542665,0.2159307740736566,0.005083723205515,0.0202795542577814
2024,515046,71,EM ADELMAR TAVARES,2024,2023,9,255093,236761,18332,1937290.0,0.0094627030542665,0.2159307740736566,0.005083723205515,0.0202795542577814
2024,515053,62,EM SENADOR FRANCISCO GALLOTTI,2024,2023,9,255093,236761,18332,1937290.0,0.0094627030542665,0.2159307740736566,0.005083723205515,0.0202795542577814
2024,515064,21,EM MESTRE DARCY DO JONGO,2024,2023,9,255093,236761,18332,1937290.0,0.0094627030542665,0.2159307740736566,0.005083723205515,0.0202795542577814
2024,515501,80,CIEP AUGUSTO PINHEIRO DE CARVALHO,2024,2023,9,255093,236761,18332,1937290.0,0.0094627030542665,0.2159307740736566,0.005083723205515,0.0202795542577814
2024,515503,69,CIEP METALÚRGICO BENEDITO CERQUEIRA,2024,2023,9,255093,236761,18332,1937290.0,0.0094627030542665,0.2159307740736566,0.005083723205515,0.0202795542577814
2024,515601,102,CM OLGA BENÁRIO,2024,2023,9,255093,236761,18332,1937290.0,0.0094627030542665,0.2159307740736566,0.005083723205515,0.0202795542577814
2024,515602,499,CM SÃO MIGUEL ARCANJO,2024,2023,9,255093,236761,18332,1937290.0,0.0094627030542665,0.2159307740736566,0.005083723205515,0.0202795542577814
2024,515604,303,CM GERCINDA ROSA FONSECA,2024,2023,9,255093,236761,18332,1937290.0,0.0094627030542665,0.2159307740736566,0.005083723205515,0.0202795542577814
2024,515605,288,CM JOSÉ RAIMUNDO DE SOUZA ALVES,2024,2023,9,255093,236761,18332,1937290.0,0.0094627030542665,0.2159307740736566,0.005083723205515,0.0202795542577814
2024,515606,189,CM JOSUÉ DE CASTRO,2024,2023,9,255093,236761,18332,1937290.0,0.0094627030542665,0.2159307740736566,0.005083723205515,0.0202795542577814
2024,515607,327,CM MANÉ GARRINCHA I,2024,2023,9,255093,236761,18332,1937290.0,0.0094627030542665,0.2159307740736566,0.005083723205515,0.0202795542577814
2024,515608,182,CM MARIA JOSÉ DE PAULA DE JESUS,2024,2023,9,255093,236761,18332,1937290.0,0.0094627030542665,0.2159307740736566,0.005083723205515,0.0202795542577814
2024,515610,100,CM SEMPRE VIDA PALMEIRINHA,2024,2023,9,255093,236761,18332,1937290.0,0.0094627030542665,0.2159307740736566,0.005083723205515,0.0202795542577814
2024,515611,219,CM VOVÓ MARIA JOANA,2024,2023,9,255093,236761,18332,1937290.0,0.0094627030542665,0.2159307740736566,0.005083723205515,0.0202795542577814
2024,515612,208,CM TIA MARIA DO JONGO,2024,2023,9,255093,236761,18332,1937290.0,0.0094627030542665,0.2159307740736566,0.005083723205515,0.0202795542577814
2024,515613,282,CM MANOEL DA ROCHA APRISCO,2024,2023,9,255093,236761,18332,1937290.0,0.0094627030542665,0.2159307740736566,0.005083723205515,0.0202795542577814
2024,515801,469,EDI KARINE LORRAINE CHAGAS DE OLIVEIRA,2024,2023,9,255093,236761,18332,1937290.0,0.0094627030542665,0.2159307740736566,0.005083723205515,0.0202795542577814
2024,515802,78,EDI GUSTAVO LESSA,2024,2023,9,255093,236761,18332,1937290.0,0.0094627030542665,0.2159307740736566,0.005083723205515,0.0202795542577814
2024,515803,89,EDI PIO XII,2024,2023,9,255093,236761,18332,1937290.0,0.0094627030542665,0.2159307740736566,0.005083723205515,0.0202795542577814
2024,515804,97,EDI FERNÃO DIAS,2024,2023,9,255093,236761,18332,1937290.0,0.0094627030542665,0.2159307740736566,0.005083723205515,0.0202795542577814
2024,515805,75,EDI ROCHA POMBO,2024,2023,9,255093,236761,18332,1937290.0,0.0094627030542665,0.2159307740736566,0.005083723205515,0.0202795542577814
2024,515807,135,EDI BURITI CONGONHAS,2024,2023,9,255093,236761,18332,1937290.0,0.0094627030542665,0.2159307740736566,0.005083723205515,0.0202795542577814
2024,515808,129,EDI GUARACIARA RODRIGUES DINIZ,2024,2023,9,255093,236761,18332,1937290.0,0.0094627030542665,0.2159307740736566,0.005083723205515,0.0202795542577814
2024,515809,409,EDI PROFESSOR UBIRAJARA DE PAULA CASTRO,2024,2023,9,255093,236761,18332,1937290.0,0.0094627030542665,0.2159307740736566,0.005083723205515,0.0202795542577814
2024,515810,246,EDI PROFESSORA TEREZINHA SARDOUX HENRIQUES,2024,2023,9,255093,236761,18332,1937290.0,0.0094627030542665,0.2159307740736566,0.005083723205515,0.0202795542577814
2024,6001,335,CP ESCOLA PATRONATO NOSSA SENHORA DE NAZARÉ,2024,2023,9,255093,236761,18332,1937290.0,0.0094627030542665,0.2159307740736566,0.005083723205515,0.0202795542577814
2024,6002,241,CP CRECHE GUADALUPE,2024,2023,9,255093,236761,18332,1937290.0,0.0094627030542665,0.2159307740736566,0.005083723205515,0.0202795542577814
2024,6003,506,CP CRECHE NOSSO LAR,2024,2023,9,255093,236761,18332,1937290.0,0.0094627030542665,0.2159307740736566,0.005083723205515,0.0202795542577814
2024,6004,103,CP CENTRO COMUNITÁRIO PARQUE UNIDOS DE ACARI,2024,2023,9,255093,236761,18332,1937290.0,0.0094627030542665,0.2159307740736566,0.005083723205515,0.0202795542577814
2024,6005,161,CP CRECHE DON GUANELLA,2024,2023,9,255093,236761,18332,1937290.0,0.0094627030542665,0.2159307740736566,0.005083723205515,0.0202795542577814
2024,6006,202,CP CRECHE ESCOLA COMUNITÁRIA TIO PATINHAS,2024,2023,9,255093,236761,18332,1937290.0,0.0094627030542665,0.2159307740736566,0.005083723205515,0.0202795542577814
2024,6007,162,CP CRECHE ABRINDO PORTAS,2024,2023,9,255093,236761,18332,1937290.0,0.0094627030542665,0.2159307740736566,0.005083723205515,0.0202795542577814
2024,6009,321,CP CENTRO EDUCACIONAL NOSSA SENHORA APARECIDA,2024,2023,9,255093,236761,18332,1937290.0,0.0094627030542665,0.2159307740736566,0.005083723205515,0.0202795542577814
2024,6012,278,CP ASSOCIAÇÃO CRESCÊNCIO,2024,2023,9,255093,236761,18332,1937290.0,0.0094627030542665,0.2159307740736566,0.005083723205515,0.0202795542577814
2024,6013,301,CP CRECHE COMUNITÁRIA AQUARELA,2024,2023,9,255093,236761,18332,1937290.0,0.0094627030542665,0.2159307740736566,0.005083723205515,0.0202795542577814
2024,6015,364,CP AEMMAC - PAVUNA,2024,2023,9,255093,236761,18332,1937290.0,0.0094627030542665,0.2159307740736566,0.005083723205515,0.0202795542577814
2024,6016,437,CP CRECHE NOSSO LAR II,2024,2023,9,255093,236761,18332,1937290.0,0.0094627030542665,0.2159307740736566,0.005083723205515,0.0202795542577814
2024,6017,250,CP CRECHE JOÃO E MARIA,2024,2023,9,255093,236761,18332,1937290.0,0.0094627030542665,0.2159307740736566,0.005083723205515,0.0202795542577814
2024,6018,278,CP ASSOCIAÇÃO CRECHE ESPERANÇA - COELHO NETO,2024,2023,9,255093,236761,18332,1937290.0,0.0094627030542665,0.2159307740736566,0.005083723205515,0.0202795542577814
2024,622023,60,EM GILBERTO AMADO,2024,2023,9,255093,236761,18332,1937290.0,0.0094627030542665,0.2159307740736566,0.005083723205515,0.0202795542577814
2024,622202,185,CIEP GENERAL AUGUSTO CESAR SANDINO,2024,2023,9,255093,236761,18332,1937290.0,0.0094627030542665,0.2159307740736566,0.005083723205515,0.0202795542577814
2024,622601,293,CM JOSÉ GOULART,2024,2023,9,255093,236761,18332,1937290.0,0.0094627030542665,0.2159307740736566,0.005083723205515,0.0202795542577814
2024,622602,202,CM SILVIO AMANCIO,2024,2023,9,255093,236761,18332,1937290.0,0.0094627030542665,0.2159307740736566,0.005083723205515,0.0202795542577814
2024,622603,326,CM YARA AMARAL,2024,2023,9,255093,236761,18332,1937290.0,0.0094627030542665,0.2159307740736566,0.005083723205515,0.0202795542577814
2024,622801,276,EDI ERNANI CARDOSO,2024,2023,9,255093,236761,18332,1937290.0,0.0094627030542665,0.2159307740736566,0.005083723205515,0.0202795542577814
2024,622802,59,EDI PROFESSORA MILTOLINA DA SILVA,2024,2023,9,255093,236761,18332,1937290.0,0.0094627030542665,0.2159307740736566,0.005083723205515,0.0202795542577814
2024,622804,353,EDI MEDALHISTA PARALÍMPICO DANIEL MARTINS,2024,2023,9,255093,236761,18332,1937290.0,0.0094627030542665,0.2159307740736566,0.005083723205515,0.0202795542577814
2024,622805,257,EDI MEDALHISTA OLÍMPICO MAURÍCIO LUIZ DE SOUZA,2024,2023,9,255093,236761,18332,1937290.0,0.0094627030542665,0.2159307740736566,0.005083723205515,0.0202795542577814
2024,622810,55,EDI ANTÔNIO FRANCISCO LISBOA,2024,2023,9,255093,236761,18332,1937290.0,0.0094627030542665,0.2159307740736566,0.005083723205515,0.0202795542577814
2024,625601,198,CM OS SABIDINHOS,2024,2023,9,255093,236761,18332,1937290.0,0.0094627030542665,0.2159307740736566,0.005083723205515,0.0202795542577814
2024,625602,233,CM PROFESSORA JUREMA GOMES SAMPAIO DELFIM,2024,2023,9,255093,236761,18332,1937290.0,0.0094627030542665,0.2159307740736566,0.005083723205515,0.0202795542577814
2024,625603,188,CM DR. ALBERT SABIN,2024,2023,9,255093,236761,18332,1937290.0,0.0094627030542665,0.2159307740736566,0.005083723205515,0.0202795542577814
2024,625604,360,CM HERBERT DE SOUZA - BETINHO,2024,2023,9,255093,236761,18332,1937290.0,0.0094627030542665,0.2159307740736566,0.005083723205515,0.0202795542577814
2024,625605,292,CM LUÍS CARLOS PRESTES,2024,2023,9,255093,236761,18332,1937290.0,0.0094627030542665,0.2159307740736566,0.005083723205515,0.0202795542577814
2024,625606,410,CM LUÍS DE SOUZA DA COSTA BARROS,2024,2023,9,255093,236761,18332,1937290.0,0.0094627030542665,0.2159307740736566,0.005083723205515,0.0202795542577814
2024,625607,452,CM LUIZA DE BARROS DE SÁ FREIRE,2024,2023,9,255093,236761,18332,1937290.0,0.0094627030542665,0.2159307740736566,0.005083723205515,0.0202795542577814
2024,625608,211,CM MAJOR CELESTINO R. DOS SANTOS,2024,2023,9,255093,236761,18332,1937290.0,0.0094627030542665,0.2159307740736566,0.005083723205515,0.0202795542577814
2024,625609,169,CM SÔNIA MARIA DE M. ANGEL JONES,2024,2023,9,255093,236761,18332,1937290.0,0.0094627030542665,0.2159307740736566,0.005083723205515,0.0202795542577814
2024,625610,121,CM ZUZU ANGEL,2024,2023,9,255093,236761,18332,1937290.0,0.0094627030542665,0.2159307740736566,0.005083723205515,0.0202795542577814
2024,625611,562,CM ZILKA SALABERRY,2024,2023,9,255093,236761,18332,1937290.0,0.0094627030542665,0.2159307740736566,0.005083723205515,0.0202795542577814
2024,625612,636,CM YEDDA MARQUES LAMOUNIER DE ANDRADE MACIEL,2024,2023,9,255093,236761,18332,1937290.0,0.0094627030542665,0.2159307740736566,0.005083723205515,0.0202795542577814
2024,625614,361,CM SIMONE DE BEAUVOIR,2024,2023,9,255093,236761,18332,1937290.0,0.0094627030542665,0.2159307740736566,0.005083723205515,0.0202795542577814
2024,625615,502,CM EDNA LOTTE,2024,2023,9,255093,236761,18332,1937290.0,0.0094627030542665,0.2159307740736566,0.005083723205515,0.0202795542577814
2024,625616,110,CM PROFESSOR ROGÉRIO PEDRO BATISTA,2024,2023,9,255093,236761,18332,1937290.0,0.0094627030542665,0.2159307740736566,0.005083723205515,0.0202795542577814
2024,625801,179,EDI PROFESSORA ROSENICE ROCHA ROQUE,2024,2023,9,255093,236761,18332,1937290.0,0.0094627030542665,0.2159307740736566,0.005083723205515,0.0202795542577814
2024,625802,374,EDI WESLEY GUILBER RODRIGUES DE ANDRADE,2024,2023,9,255093,236761,18332,1937290.0,0.0094627030542665,0.2159307740736566,0.005083723205515,0.0202795542577814
2024,625803,283,EDI PROFESSORA BEATRIZ DE SOUZA MADEIRA,2024,2023,9,255093,236761,18332,1937290.0,0.0094627030542665,0.2159307740736566,0.005083723205515,0.0202795542577814
2024,625804,316,EDI PROFESSORA HELIA LÚCIA MORENO FERREIRA,2024,2023,9,255093,236761,18332,1937290.0,0.0094627030542665,0.2159307740736566,0.005083723205515,0.0202795542577814
2024,625807,84,EDI FROTA PESSOA,2024,2023,9,255093,236761,18332,1937290.0,0.0094627030542665,0.2159307740736566,0.005083723205515,0.0202795542577814
2024,625813,35,EDI PROFESSORA GRACÍLIA ROSA DE BELÉM MAYOR,2024,2023,9,255093,236761,18332,1937290.0,0.0094627030542665,0.2159307740736566,0.005083723205515,0.0202795542577814
2024,625814,156,EDI PROFESSORA ROSEANE VASCONCELOS,2024,2023,9,255093,236761,18332,1937290.0,0.0094627030542665,0.2159307740736566,0.005083723205515,0.0202795542577814
2024,625815,240,EDI PROFESSORA KRISTINA ROMOLO KIFFER,2024,2023,9,255093,236761,18332,1937290.0,0.0094627030542665,0.2159307740736566,0.005083723205515,0.0202795542577814
2024,625816,295,EDI PROFESSORA REGINA CELI RABELO DE ALMEIDA,2024,2023,9,255093,236761,18332,1937290.0,0.0094627030542665,0.2159307740736566,0.005083723205515,0.0202795542577814
2024,625817,313,EDI PROFESSORA DANIELE SIMÕES DE SOUZA LOPES,2024,2023,9,255093,236761,18332,1937290.0,0.0094627030542665,0.2159307740736566,0.005083723205515,0.0202795542577814
2024,625818,265,EDI MARIA EUGENIA CANELHAS,2024,2023,9,255093,236761,18332,1937290.0,0.0094627030542665,0.2159307740736566,0.005083723205515,0.0202795542577814
2024,625819,349,EDI MARIZA ALVES PIMENTA,2024,2023,9,255093,236761,18332,1937290.0,0.0094627030542665,0.2159307740736566,0.005083723205515,0.0202795542577814
2024,625820,355,EDI BETH CARVALHO,2024,2023,9,255093,236761,18332,1937290.0,0.0094627030542665,0.2159307740736566,0.005083723205515,0.0202795542577814
2024,7001,274,CP CRECHE NOVO PALMARES,2024,2023,9,255093,236761,18332,1937290.0,0.0094627030542665,0.2159307740736566,0.005083723205515,0.0202795542577814
2024,7002,303,CP CRECHE CANTINHO FELIZ,2024,2023,9,255093,236761,18332,1937290.0,0.0094627030542665,0.2159307740736566,0.005083723205515,0.0202795542577814
2024,7003,721,CP CRECHE ESCOLA MÃE ASTÉRIA,2024,2023,9,255093,236761,18332,1937290.0,0.0094627030542665,0.2159307740736566,0.005083723205515,0.0202795542577814
2024,7004,281,CP CASA EMILIEN LACAY,2024,2023,9,255093,236761,18332,1937290.0,0.0094627030542665,0.2159307740736566,0.005083723205515,0.0202795542577814
2024,7007,227,CP SEMENTE DE AMOR,2024,2023,9,255093,236761,18332,1937290.0,0.0094627030542665,0.2159307740736566,0.005083723205515,0.0202795542577814
2024,7008,184,CP CRECHE SÃO PAULO APÓSTOLO,2024,2023,9,255093,236761,18332,1937290.0,0.0094627030542665,0.2159307740736566,0.005083723205515,0.0202795542577814
2024,7010,149,CP CRECHE NOVA ESPERANÇA,2024,2023,9,255093,236761,18332,1937290.0,0.0094627030542665,0.2159307740736566,0.005083723205515,0.0202795542577814
2024,7011,157,CP CRECHE RITA ALEXANDRINA FERREIRA,2024,2023,9,255093,236761,18332,1937290.0,0.0094627030542665,0.2159307740736566,0.005083723205515,0.0202795542577814
2024,7013,719,CP ESPAÇO DE EDUCAÇÃO INFANTIL CIDADE DE DEUS,2024,2023,9,255093,236761,18332,1937290.0,0.0094627030542665,0.2159307740736566,0.005083723205515,0.0202795542577814
2024,7014,752,CP CENTRO INTEGRADO SÃO JOSÉ,2024,2023,9,255093,236761,18332,1937290.0,0.0094627030542665,0.2159307740736566,0.005083723205515,0.0202795542577814
2024,7015,354,CP CRECHE CANTINHO FELIZ II,2024,2023,9,255093,236761,18332,1937290.0,0.0094627030542665,0.2159307740736566,0.005083723205515,0.0202795542577814
2024,7017,138,CP CRECHE RAIMUNDA NONATA DA SILVA,2024,2023,9,255093,236761,18332,1937290.0,0.0094627030542665,0.2159307740736566,0.005083723205515,0.0202795542577814
2024,7018,218,CP CRECHE SANT ANA IRMÃ ANCILA,2024,2023,9,255093,236761,18332,1937290.0,0.0094627030542665,0.2159307740736566,0.005083723205515,0.0202795542577814
2024,7019,297,CP JARDIM ESCOLA TURMINHA DA ARCA - JETA,2024,2023,9,255093,236761,18332,1937290.0,0.0094627030542665,0.2159307740736566,0.005083723205515,0.0202795542577814
2024,7020,398,CP JARDIM ESCOLA CRESCENDO E APRENDENDO,2024,2023,9,255093,236761,18332,1937290.0,0.0094627030542665,0.2159307740736566,0.005083723205515,0.0202795542577814
2024,7025,226,CP INSTITUTO CONSUELO PINHEIRO,2024,2023,9,255093,236761,18332,1937290.0,0.0094627030542665,0.2159307740736566,0.005083723205515,0.0202795542577814
2024,7027,353,CP CRECHE MUNDO MÁGICO I,2024,2023,9,255093,236761,18332,1937290.0,0.0094627030542665,0.2159307740736566,0.005083723205515,0.0202795542577814
2024,7034,323,CP INSTITUTO EDUCACIONAL DIVA ALVES,2024,2023,9,255093,236761,18332,1937290.0,0.0094627030542665,0.2159307740736566,0.005083723205515,0.0202795542577814
2024,7035,272,CP AEMMAC - ANIL,2024,2023,9,255093,236761,18332,1937290.0,0.0094627030542665,0.2159307740736566,0.005083723205515,0.0202795542577814
2024,7036,536,CP CAAD UNIVERSO ENCANTADO,2024,2023,9,255093,236761,18332,1937290.0,0.0094627030542665,0.2159307740736566,0.005083723205515,0.0202795542577814
2024,7037,582,CP CAAD UNIVERSO DA CRIANÇA,2024,2023,9,255093,236761,18332,1937290.0,0.0094627030542665,0.2159307740736566,0.005083723205515,0.0202795542577814
2024,7038,522,CP CAAD UNIVERSO DAS FLORES,2024,2023,9,255093,236761,18332,1937290.0,0.0094627030542665,0.2159307740736566,0.005083723205515,0.0202795542577814
2024,7039,323,CP CRECHE JARDIM CLARICE,2024,2023,9,255093,236761,18332,1937290.0,0.0094627030542665,0.2159307740736566,0.005083723205515,0.0202795542577814
2024,7040,866,CP CRECHE VALE DO SOL PRAÇA SECA,2024,2023,9,255093,236761,18332,1937290.0,0.0094627030542665,0.2159307740736566,0.005083723205515,0.0202795542577814
2024,7041,531,CP CRECHE VALE DO SOL TAQUARA,2024,2023,9,255093,236761,18332,1937290.0,0.0094627030542665,0.2159307740736566,0.005083723205515,0.0202795542577814
2024,7042,835,CP INSTITUTO EDUCACIONAL DIVA ALVES II,2024,2023,9,255093,236761,18332,1937290.0,0.0094627030542665,0.2159307740736566,0.005083723205515,0.0202795542577814
2024,7043,268,CP ESPAÇO DE EDUCAÇÃO INFANTIL PEQUENO APRENDIZ,2024,2023,9,255093,236761,18332,1937290.0,0.0094627030542665,0.2159307740736566,0.005083723205515,0.0202795542577814
2024,7044,397,CP CRECHE AMOR DE MÃE,2024,2023,9,255093,236761,18332,1937290.0,0.0094627030542665,0.2159307740736566,0.005083723205515,0.0202795542577814
2024,7045,224,CP JARDIM ESCOLA TURMINHA DA ARCA - JETA II,2024,2023,9,255093,236761,18332,1937290.0,0.0094627030542665,0.2159307740736566,0.005083723205515,0.0202795542577814
2024,7046,295,CP ASSOCIAÇÃO CRECHE ESCOLA SILVINA VIRGÍNIA,2024,2023,9,255093,236761,18332,1937290.0,0.0094627030542665,0.2159307740736566,0.005083723205515,0.0202795542577814
2024,716601,1125,CM OTÁVIO HENRIQUE DE OLIVEIRA,2024,2023,9,255093,236761,18332,1937290.0,0.0094627030542665,0.2159307740736566,0.005083723205515,0.0202795542577814
2024,716602,168,CM TIA TEREZA,2024,2023,9,255093,236761,18332,1937290.0,0.0094627030542665,0.2159307740736566,0.005083723205515,0.0202795542577814
2024,716603,858,CM CRIANÇA DO FUTURO,2024,2023,9,255093,236761,18332,1937290.0,0.0094627030542665,0.2159307740736566,0.005083723205515,0.0202795542577814
2024,716604,262,CM GERMINIO DE SOUZA ESTRELA,2024,2023,9,255093,236761,18332,1937290.0,0.0094627030542665,0.2159307740736566,0.005083723205515,0.0202795542577814
2024,716605,413,CM SEMPRE VIDA NISE DA SILVEIRA,2024,2023,9,255093,236761,18332,1937290.0,0.0094627030542665,0.2159307740736566,0.005083723205515,0.0202795542577814
2024,716606,542,CM AMIGUINHOS DA VILA SAPÊ,2024,2023,9,255093,236761,18332,1937290.0,0.0094627030542665,0.2159307740736566,0.005083723205515,0.0202795542577814
2024,716607,382,CM EMÍLIA JOANA DA FONSECA MARQUES,2024,2023,9,255093,236761,18332,1937290.0,0.0094627030542665,0.2159307740736566,0.005083723205515,0.0202795542577814
2024,716608,330,CM IRMÃ DULCE,2024,2023,9,255093,236761,18332,1937290.0,0.0094627030542665,0.2159307740736566,0.005083723205515,0.0202795542577814
2024,716609,1598,CM RIO NOVO - RIO DAS FLORES,2024,2023,9,255093,236761,18332,1937290.0,0.0094627030542665,0.2159307740736566,0.005083723205515,0.0202795542577814
2024,716610,371,CM TIA MALU,2024,2023,9,255093,236761,18332,1937290.0,0.0094627030542665,0.2159307740736566,0.005083723205515,0.0202795542577814
2024,716611,255,CM VITORINO FREIRE,2024,2023,9,255093,236761,18332,1937290.0,0.0094627030542665,0.2159307740736566,0.005083723205515,0.0202795542577814
2024,716612,177,CM TIA AUTA,2024,2023,9,255093,236761,18332,1937290.0,0.0094627030542665,0.2159307740736566,0.005083723205515,0.0202795542577814
2024,716613,840,CM MARIA DA CONCEIÇÃO SILVEIRA DE CARVALHO,2024,2023,9,255093,236761,18332,1937290.0,0.0094627030542665,0.2159307740736566,0.005083723205515,0.0202795542577814
2024,716614,732,CM AUGUSTO DE CARVALHO TORRES FILHO,2024,2023,9,255093,236761,18332,1937290.0,0.0094627030542665,0.2159307740736566,0.005083723205515,0.0202795542577814
2024,716801,431,EDI DOUTORA ZILDA ARNS,2024,2023,9,255093,236761,18332,1937290.0,0.0094627030542665,0.2159307740736566,0.005083723205515,0.0202795542577814
2024,716802,325,EDI ARTHUR BISPO DO ROSÁRIO,2024,2023,9,255093,236761,18332,1937290.0,0.0094627030542665,0.2159307740736566,0.005083723205515,0.0202795542577814
2024,716803,506,EDI COMPOSITOR ROBERTO RIBEIRO,2024,2023,9,255093,236761,18332,1937290.0,0.0094627030542665,0.2159307740736566,0.005083723205515,0.0202795542577814
2024,716804,200,EDI RODRIGO LOPES (TIKINHO),2024,2023,9,255093,236761,18332,1937290.0,0.0094627030542665,0.2159307740736566,0.005083723205515,0.0202795542577814
2024,716805,545,EDI ANNA MARIA NIEMEYER,2024,2023,9,255093,236761,18332,1937290.0,0.0094627030542665,0.2159307740736566,0.005083723205515,0.0202795542577814
2024,716806,311,EDI PROFESSORA EDILIA COELHO GARCIA,2024,2023,9,255093,236761,18332,1937290.0,0.0094627030542665,0.2159307740736566,0.005083723205515,0.0202795542577814
2024,716807,440,EDI LEILA DINIZ,2024,2023,9,255093,236761,18332,1937290.0,0.0094627030542665,0.2159307740736566,0.005083723205515,0.0202795542577814
2024,716808,579,EDI PROFESSORA MARIA BERENICE PARENTE,2024,2023,9,255093,236761,18332,1937290.0,0.0094627030542665,0.2159307740736566,0.005083723205515,0.0202795542577814
2024,716809,277,EDI PROFESSOR ROBERTO LUIZ PEREIRA,2024,2023,9,255093,236761,18332,1937290.0,0.0094627030542665,0.2159307740736566,0.005083723205515,0.0202795542577814
2024,716813,396,EDI PROFESSORA KENIA MENDES DOS SANTOS,2024,2023,9,255093,236761,18332,1937290.0,0.0094627030542665,0.2159307740736566,0.005083723205515,0.0202795542577814
2024,716814,492,EDI PROFESSORA EMILIA MARIA VIEIRA DE OLIVEIRA,2024,2023,9,255093,236761,18332,1937290.0,0.0094627030542665,0.2159307740736566,0.005083723205515,0.0202795542577814
2024,716815,239,EDI EVARISTO DA VEIGA,2024,2023,9,255093,236761,18332,1937290.0,0.0094627030542665,0.2159307740736566,0.005083723205515,0.0202795542577814
2024,716816,264,EDI DEBRET,2024,2023,9,255093,236761,18332,1937290.0,0.0094627030542665,0.2159307740736566,0.005083723205515,0.0202795542577814
2024,716818,957,EDI PROFESSORA CLÁUDIA PIRES CONTINO DA SILVA,2024,2023,9,255093,236761,18332,1937290.0,0.0094627030542665,0.2159307740736566,0.005083723205515,0.0202795542577814
2024,716819,855,EDI PROFESSORA NORMA ANDRADE NOGUEIRA,2024,2023,9,255093,236761,18332,1937290.0,0.0094627030542665,0.2159307740736566,0.005083723205515,0.0202795542577814
2024,716820,784,EDI MEDALHISTA OLÍMPICA ÁGATHA BEDNARCZUK RIPPEL,2024,2023,9,255093,236761,18332,1937290.0,0.0094627030542665,0.2159307740736566,0.005083723205515,0.0202795542577814
2024,716821,678,EDI MEDALHISTA PARALÍMPICO FELIPE DE SOUZA GOMES,2024,2023,9,255093,236761,18332,1937290.0,0.0094627030542665,0.2159307740736566,0.005083723205515,0.0202795542577814
2024,716822,601,EDI MARCELO PARENTE GOMES DE OLIVEIRA,2024,2023,9,255093,236761,18332,1937290.0,0.0094627030542665,0.2159307740736566,0.005083723205515,0.0202795542577814
2024,716823,722,EDI PROFESSOR EITEL SEIXAS,2024,2023,9,255093,236761,18332,1937290.0,0.0094627030542665,0.2159307740736566,0.005083723205515,0.0202795542577814
2024,724601,443,CM MARIA VIEIRA BAZANI,2024,2023,9,255093,236761,18332,1937290.0,0.0094627030542665,0.2159307740736566,0.005083723205515,0.0202795542577814
2024,724602,201,CM DINA SFAT,2024,2023,9,255093,236761,18332,1937290.0,0.0094627030542665,0.2159307740736566,0.005083723205515,0.0202795542577814
2024,724603,348,CM BENEDITA SIQUEIRA LOPES,2024,2023,9,255093,236761,18332,1937290.0,0.0094627030542665,0.2159307740736566,0.005083723205515,0.0202795542577814
2024,724604,177,CM EDSON LUIZ,2024,2023,9,255093,236761,18332,1937290.0,0.0094627030542665,0.2159307740736566,0.005083723205515,0.0202795542577814
2024,724605,498,CM SEBASTIÃO BERNARDES DE SOUZA PRATA,2024,2023,9,255093,236761,18332,1937290.0,0.0094627030542665,0.2159307740736566,0.005083723205515,0.0202795542577814
2024,724606,507,CM ROGÉRIO CARDOSO FURTADO,2024,2023,9,255093,236761,18332,1937290.0,0.0094627030542665,0.2159307740736566,0.005083723205515,0.0202795542577814
2024,724801,479,EDI MILENA SANTOS NASCIMENTO,2024,2023,9,255093,236761,18332,1937290.0,0.0094627030542665,0.2159307740736566,0.005083723205515,0.0202795542577814
2024,724802,85,EDI PORFIRIO DIAS,2024,2023,9,255093,236761,18332,1937290.0,0.0094627030542665,0.2159307740736566,0.005083723205515,0.0202795542577814
2024,724803,271,EDI VERA LUCIA MARTINS COSTA,2024,2023,9,255093,236761,18332,1937290.0,0.0094627030542665,0.2159307740736566,0.005083723205515,0.0202795542577814
2024,724804,621,EDI PROFESSORA MATILDE ROSA LOPES DE ARAUJO,2024,2023,9,255093,236761,18332,1937290.0,0.0094627030542665,0.2159307740736566,0.005083723205515,0.0202795542577814
2024,724805,167,EDI TRISTÃO DE ATHAYDE,2024,2023,9,255093,236761,18332,1937290.0,0.0094627030542665,0.2159307740736566,0.005083723205515,0.0202795542577814
2024,724806,176,EDI PROFESSORA RUTH CARDOSO,2024,2023,9,255093,236761,18332,1937290.0,0.0094627030542665,0.2159307740736566,0.005083723205515,0.0202795542577814
2024,724807,441,EDI CARMEN MIRANDA,2024,2023,9,255093,236761,18332,1937290.0,0.0094627030542665,0.2159307740736566,0.005083723205515,0.0202795542577814
2024,724808,201,EDI AMOR,2024,2023,9,255093,236761,18332,1937290.0,0.0094627030542665,0.2159307740736566,0.005083723205515,0.0202795542577814
2024,724809,106,"EDI UGOCIONE JOSÉ DE MEDEIROS ""SEU UGO""",2024,2023,9,255093,236761,18332,1937290.0,0.0094627030542665,0.2159307740736566,0.005083723205515,0.0202795542577814
2024,734601,273,CM LUZES DO AMANHÃ,2024,2023,9,255093,236761,18332,1937290.0,0.0094627030542665,0.2159307740736566,0.005083723205515,0.0202795542577814
2024,734602,183,CM MARGARIDA GABINAL,2024,2023,9,255093,236761,18332,1937290.0,0.0094627030542665,0.2159307740736566,0.005083723205515,0.0202795542577814
2024,734603,126,CM SEMPRE VIDA JOSUÉ,2024,2023,9,255093,236761,18332,1937290.0,0.0094627030542665,0.2159307740736566,0.005083723205515,0.0202795542577814
2024,734801,295,EDI JARDIM DO AMANHÃ,2024,2023,9,255093,236761,18332,1937290.0,0.0094627030542665,0.2159307740736566,0.005083723205515,0.0202795542577814
2024,734802,781,EDI SENHORA PERCILIANA PEREIRA DE ALVARENGA,2024,2023,9,255093,236761,18332,1937290.0,0.0094627030542665,0.2159307740736566,0.005083723205515,0.0202795542577814
2024,734803,152,EDI ANA CAROLINA PACHECO DA SILVA,2024,2023,9,255093,236761,18332,1937290.0,0.0094627030542665,0.2159307740736566,0.005083723205515,0.0202795542577814
2024,734804,322,EDI MARIA BERALDA,2024,2023,9,255093,236761,18332,1937290.0,0.0094627030542665,0.2159307740736566,0.005083723205515,0.0202795542577814
2024,734805,219,EDI MONSENHOR CORDIOLI,2024,2023,9,255093,236761,18332,1937290.0,0.0094627030542665,0.2159307740736566,0.005083723205515,0.0202795542577814
2024,8002,71,CP CRECHE ESPÍRITA FRANCISCO DE ASSIS,2024,2023,9,255093,236761,18332,1937290.0,0.0094627030542665,0.2159307740736566,0.005083723205515,0.0202795542577814
2024,8003,204,CP CRECHE CRIANÇA JABOUR,2024,2023,9,255093,236761,18332,1937290.0,0.0094627030542665,0.2159307740736566,0.005083723205515,0.0202795542577814
2024,8004,504,CP CRECHE COMUNITÁRIA NINO,2024,2023,9,255093,236761,18332,1937290.0,0.0094627030542665,0.2159307740736566,0.005083723205515,0.0202795542577814
2024,8005,361,CP CRECHE E ESCOLA COMUNITÁRIA GENTE INOCENTE - REALENGO,2024,2023,9,255093,236761,18332,1937290.0,0.0094627030542665,0.2159307740736566,0.005083723205515,0.0202795542577814
2024,8006,145,CP FUNDAÇÃO CASA DA JOANINHA - CRECHE,2024,2023,9,255093,236761,18332,1937290.0,0.0094627030542665,0.2159307740736566,0.005083723205515,0.0202795542577814
2024,8007,568,CP CRECHE E ESCOLA COMUNITÁRIA GENTE INOCENTE - BANGU,2024,2023,9,255093,236761,18332,1937290.0,0.0094627030542665,0.2159307740736566,0.005083723205515,0.0202795542577814
2024,8008,58,CP ASSOCIAÇÃO DE MORADORES DO CONJUNTO PEDRO I E ADJACÊNCIAS,2024,2023,9,255093,236761,18332,1937290.0,0.0094627030542665,0.2159307740736566,0.005083723205515,0.0202795542577814
2024,8009,639,CP ASSOCIAÇÃO RECREATIVA PINGUINHO DE GENTE,2024,2023,9,255093,236761,18332,1937290.0,0.0094627030542665,0.2159307740736566,0.005083723205515,0.0202795542577814
2024,8010,649,CP ASSOCIAÇÃO CENTRO EDUCACIONAL REBRAL III,2024,2023,9,255093,236761,18332,1937290.0,0.0094627030542665,0.2159307740736566,0.005083723205515,0.0202795542577814
2024,8011,243,CP ESPAÇO DE EDUCAÇÃO INFANTIL BATAN,2024,2023,9,255093,236761,18332,1937290.0,0.0094627030542665,0.2159307740736566,0.005083723205515,0.0202795542577814
2024,8013,370,CP CENTRO EDUCACIONAL LUIZA,2024,2023,9,255093,236761,18332,1937290.0,0.0094627030542665,0.2159307740736566,0.005083723205515,0.0202795542577814
2024,8014,250,"CP DO.RA., A AVENTUREIRA",2024,2023,9,255093,236761,18332,1937290.0,0.0094627030542665,0.2159307740736566,0.005083723205515,0.0202795542577814
2024,8015,209,CP CEM CRECHE ESCOLA MACHADO,2024,2023,9,255093,236761,18332,1937290.0,0.0094627030542665,0.2159307740736566,0.005083723205515,0.0202795542577814
2024,8016,562,CP ASSOCIAÇÃO CENTRO EDUCACIONAL REBRAL VI,2024,2023,9,255093,236761,18332,1937290.0,0.0094627030542665,0.2159307740736566,0.005083723205515,0.0202795542577814
2024,8017,356,CP ASSOCIAÇÃO CRECHE ESPERANÇA - REALENGO,2024,2023,9,255093,236761,18332,1937290.0,0.0094627030542665,0.2159307740736566,0.005083723205515,0.0202795542577814
2024,8018,255,CP CRECHE COMUNITÁRIA ESTRELINHA,2024,2023,9,255093,236761,18332,1937290.0,0.0094627030542665,0.2159307740736566,0.005083723205515,0.0202795542577814
2024,8019,238,CP ESCOLA COMUNITÁRIA JARDIM ARCO-ÍRIS - UNIDADE II,2024,2023,9,255093,236761,18332,1937290.0,0.0094627030542665,0.2159307740736566,0.005083723205515,0.0202795542577814
2024,8021,274,CP ASSOCIAÇÃO RECREATIVA MUNDO MÁGICO DA TIA NATY,2024,2023,9,255093,236761,18332,1937290.0,0.0094627030542665,0.2159307740736566,0.005083723205515,0.0202795542577814
2024,8022,219,CP ASSOCIAÇÃO CRECHE ESPERANÇA - MAGALHÃES BASTOS,2024,2023,9,255093,236761,18332,1937290.0,0.0094627030542665,0.2159307740736566,0.005083723205515,0.0202795542577814
2024,8023,200,CP CRECHE COMUNITÁRIA IRMÃ MARIA DE LOURDES,2024,2023,9,255093,236761,18332,1937290.0,0.0094627030542665,0.2159307740736566,0.005083723205515,0.0202795542577814
2024,8024,180,CP CEM CRECHE ESCOLA MACHADO - UNIDADE I,2024,2023,9,255093,236761,18332,1937290.0,0.0094627030542665,0.2159307740736566,0.005083723205515,0.0202795542577814
2024,8025,71,CP ASSOCIAÇÃO RECREATIVA MONIZ BARRETO,2024,2023,9,255093,236761,18332,1937290.0,0.0094627030542665,0.2159307740736566,0.005083723205515,0.0202795542577814
2024,8026,38,CP CRECHE COMUNITÁRIA SNOOPY,2024,2023,9,255093,236761,18332,1937290.0,0.0094627030542665,0.2159307740736566,0.005083723205515,0.0202795542577814
2024,8027,70,CP CENTRO EDUCACIONAL MUNDO DA MÔNICA,2024,2023,9,255093,236761,18332,1937290.0,0.0094627030542665,0.2159307740736566,0.005083723205515,0.0202795542577814
2024,817202,196,CIEP AMILCAR CABRAL,2024,2023,9,255093,236761,18332,1937290.0,0.0094627030542665,0.2159307740736566,0.005083723205515,0.0202795542577814
2024,817504,234,CIEP ANTONIO EVARISTO DE MORAES,2024,2023,9,255093,236761,18332,1937290.0,0.0094627030542665,0.2159307740736566,0.005083723205515,0.0202795542577814
2024,817505,110,CIEP MARECHAL JULIO CAETANO HORTA BARBOSA,2024,2023,9,255093,236761,18332,1937290.0,0.0094627030542665,0.2159307740736566,0.005083723205515,0.0202795542577814
2024,817507,55,CIEP MESTRE ANDRÉ,2024,2023,9,255093,236761,18332,1937290.0,0.0094627030542665,0.2159307740736566,0.005083723205515,0.0202795542577814
2024,817601,530,CM JOSÉ FÉLIX,2024,2023,9,255093,236761,18332,1937290.0,0.0094627030542665,0.2159307740736566,0.005083723205515,0.0202795542577814
2024,817602,411,CM VILA PROGRESSO,2024,2023,9,255093,236761,18332,1937290.0,0.0094627030542665,0.2159307740736566,0.005083723205515,0.0202795542577814
2024,817603,439,CM DENTE DE LEITE,2024,2023,9,255093,236761,18332,1937290.0,0.0094627030542665,0.2159307740736566,0.005083723205515,0.0202795542577814
2024,817604,251,CM DRAMATURGO ALFREDO DE FREITAS DIAS GOMES,2024,2023,9,255093,236761,18332,1937290.0,0.0094627030542665,0.2159307740736566,0.005083723205515,0.0202795542577814
2024,817605,303,CM MANÉ GARRINCHA II,2024,2023,9,255093,236761,18332,1937290.0,0.0094627030542665,0.2159307740736566,0.005083723205515,0.0202795542577814
2024,817606,113,CM MEIMEI,2024,2023,9,255093,236761,18332,1937290.0,0.0094627030542665,0.2159307740736566,0.005083723205515,0.0202795542577814
2024,817607,550,CM MULHERES DO QUAFÁ,2024,2023,9,255093,236761,18332,1937290.0,0.0094627030542665,0.2159307740736566,0.005083723205515,0.0202795542577814
2024,817608,389,CM NOVA ALIANÇA,2024,2023,9,255093,236761,18332,1937290.0,0.0094627030542665,0.2159307740736566,0.005083723205515,0.0202795542577814
2024,817609,423,CM RECANTO FELIZ,2024,2023,9,255093,236761,18332,1937290.0,0.0094627030542665,0.2159307740736566,0.005083723205515,0.0202795542577814
2024,817610,164,CM SEMPRE VIDA FAZENDA COQUEIROS,2024,2023,9,255093,236761,18332,1937290.0,0.0094627030542665,0.2159307740736566,0.005083723205515,0.0202795542577814
2024,817611,117,CM TIA ELZA,2024,2023,9,255093,236761,18332,1937290.0,0.0094627030542665,0.2159307740736566,0.005083723205515,0.0202795542577814
2024,817612,415,CM VILA KENNEDY,2024,2023,9,255093,236761,18332,1937290.0,0.0094627030542665,0.2159307740736566,0.005083723205515,0.0202795542577814
2024,817613,207,CM CÉLIA ALENCAR,2024,2023,9,255093,236761,18332,1937290.0,0.0094627030542665,0.2159307740736566,0.005083723205515,0.0202795542577814
2024,817614,324,CM FAZENDA COQUEIROS II,2024,2023,9,255093,236761,18332,1937290.0,0.0094627030542665,0.2159307740736566,0.005083723205515,0.0202795542577814
2024,817615,160,CM VILA UNIÃO DA PAZ,2024,2023,9,255093,236761,18332,1937290.0,0.0094627030542665,0.2159307740736566,0.005083723205515,0.0202795542577814
2024,817616,86,CM PROFESSORA MARIA ASSUMPÇÃO,2024,2023,9,255093,236761,18332,1937290.0,0.0094627030542665,0.2159307740736566,0.005083723205515,0.0202795542577814
2024,817617,305,CM JOSÉ MANOEL IBARRA PEREZ,2024,2023,9,255093,236761,18332,1937290.0,0.0094627030542665,0.2159307740736566,0.005083723205515,0.0202795542577814
2024,817618,229,CM JANETE CLAIR,2024,2023,9,255093,236761,18332,1937290.0,0.0094627030542665,0.2159307740736566,0.005083723205515,0.0202795542577814
2024,817619,240,CM PROFESSORA REGINA MARIA DA MATTA MONTEZANO,2024,2023,9,255093,236761,18332,1937290.0,0.0094627030542665,0.2159307740736566,0.005083723205515,0.0202795542577814
2024,817801,312,EDI PROFESSORA TÂNIA MARIA LARRUBIA GOMES,2024,2023,9,255093,236761,18332,1937290.0,0.0094627030542665,0.2159307740736566,0.005083723205515,0.0202795542577814
2024,817802,216,EDI PROFESSOR REINALDO JOSÉ DE ARAGÃO BARBOSA,2024,2023,9,255093,236761,18332,1937290.0,0.0094627030542665,0.2159307740736566,0.005083723205515,0.0202795542577814
2024,817803,360,EDI JOSÉ EPHIM MINDLIN,2024,2023,9,255093,236761,18332,1937290.0,0.0094627030542665,0.2159307740736566,0.005083723205515,0.0202795542577814
2024,817804,343,EDI PROFESSORA EDITH MARQUES DE SOUZA,2024,2023,9,255093,236761,18332,1937290.0,0.0094627030542665,0.2159307740736566,0.005083723205515,0.0202795542577814
2024,817805,119,EDI RAFAEL PEREIRA DA SILVA,2024,2023,9,255093,236761,18332,1937290.0,0.0094627030542665,0.2159307740736566,0.005083723205515,0.0202795542577814
2024,817806,249,EDI PROFESSORA MARIA YEDDA LEITE LINHARES,2024,2023,9,255093,236761,18332,1937290.0,0.0094627030542665,0.2159307740736566,0.005083723205515,0.0202795542577814
2024,817807,237,EDI MARIA DO CARMO SOUZA PIRAN,2024,2023,9,255093,236761,18332,1937290.0,0.0094627030542665,0.2159307740736566,0.005083723205515,0.0202795542577814
2024,817808,435,EDI PROFESSOR ANTONIO FLAVIO PIERUCCI,2024,2023,9,255093,236761,18332,1937290.0,0.0094627030542665,0.2159307740736566,0.005083723205515,0.0202795542577814
2024,817809,58,EDI REPÚBLICA ÁRABE UNIDA,2024,2023,9,255093,236761,18332,1937290.0,0.0094627030542665,0.2159307740736566,0.005083723205515,0.0202795542577814
2024,817810,206,EDI VILA DO VINTÉM,2024,2023,9,255093,236761,18332,1937290.0,0.0094627030542665,0.2159307740736566,0.005083723205515,0.0202795542577814
2024,817814,441,EDI PROFESSORA GIOVANA BANSI,2024,2023,9,255093,236761,18332,1937290.0,0.0094627030542665,0.2159307740736566,0.005083723205515,0.0202795542577814
2024,817815,413,EDI SENHOR JOÃO GOMES,2024,2023,9,255093,236761,18332,1937290.0,0.0094627030542665,0.2159307740736566,0.005083723205515,0.0202795542577814
2024,833505,33,CIEP ARACY DE ALMEIDA (CANTORA),2024,2023,9,255093,236761,18332,1937290.0,0.0094627030542665,0.2159307740736566,0.005083723205515,0.0202795542577814
2024,833601,491,CM CASA DE REALENGO,2024,2023,9,255093,236761,18332,1937290.0,0.0094627030542665,0.2159307740736566,0.005083723205515,0.0202795542577814
2024,833602,383,CM JULINHO CACAU,2024,2023,9,255093,236761,18332,1937290.0,0.0094627030542665,0.2159307740736566,0.005083723205515,0.0202795542577814
2024,833603,410,CM SILVEIRINHA,2024,2023,9,255093,236761,18332,1937290.0,0.0094627030542665,0.2159307740736566,0.005083723205515,0.0202795542577814
2024,833801,113,EDI GESSICA GUEDES PEREIRA,2024,2023,9,255093,236761,18332,1937290.0,0.0094627030542665,0.2159307740736566,0.005083723205515,0.0202795542577814
2024,833802,215,EDI PROFESSORA ZENA ELIAN,2024,2023,9,255093,236761,18332,1937290.0,0.0094627030542665,0.2159307740736566,0.005083723205515,0.0202795542577814
2024,833803,206,EDI FREI ORLANDO,2024,2023,9,255093,236761,18332,1937290.0,0.0094627030542665,0.2159307740736566,0.005083723205515,0.0202795542577814
2024,833805,112,EDI DEODORO,2024,2023,9,255093,236761,18332,1937290.0,0.0094627030542665,0.2159307740736566,0.005083723205515,0.0202795542577814
2024,833806,384,EDI PROFESSOR CRISTIANO PINTO DE MORAES BISPO,2024,2023,9,255093,236761,18332,1937290.0,0.0094627030542665,0.2159307740736566,0.005083723205515,0.0202795542577814
2024,833807,269,EDI LUIZA PAULA DA SILVEIRA MACHADO,2024,2023,9,255093,236761,18332,1937290.0,0.0094627030542665,0.2159307740736566,0.005083723205515,0.0202795542577814
2024,833808,168,EDI PROFESSORA VANUZIA BASTOS DA SILVA,2024,2023,9,255093,236761,18332,1937290.0,0.0094627030542665,0.2159307740736566,0.005083723205515,0.0202795542577814
2024,833809,210,EDI PROFESSORA MARIA CECILIA FERREIRA,2024,2023,9,255093,236761,18332,1937290.0,0.0094627030542665,0.2159307740736566,0.005083723205515,0.0202795542577814
2024,833810,233,EDI MEDALHISTA OLÍMPICO SERGIO DUTRA DOS SANTOS,2024,2023,9,255093,236761,18332,1937290.0,0.0094627030542665,0.2159307740736566,0.005083723205515,0.0202795542577814
2024,833811,253,EDI MEDALHISTA OLÍMPICA RAFAELA LOPES SILVA,2024,2023,9,255093,236761,18332,1937290.0,0.0094627030542665,0.2159307740736566,0.005083723205515,0.0202795542577814
2024,9001,139,CP CRECHE COMUNITÁRIA SANTA RITA,2024,2023,9,255093,236761,18332,1937290.0,0.0094627030542665,0.2159307740736566,0.005083723205515,0.0202795542577814
2024,9002,98,CP CRECHE SAGRADA FAMÍLIA,2024,2023,9,255093,236761,18332,1937290.0,0.0094627030542665,0.2159307740736566,0.005083723205515,0.0202795542577814
2024,9003,57,CP CRECHE SÃO JORGE,2024,2023,9,255093,236761,18332,1937290.0,0.0094627030542665,0.2159307740736566,0.005083723205515,0.0202795542577814
2024,9004,187,CP CRECHE E PRÉ-ESCOLA CANTINHO DO SABER,2024,2023,9,255093,236761,18332,1937290.0,0.0094627030542665,0.2159307740736566,0.005083723205515,0.0202795542577814
2024,9007,56,CP INSTITUTO AVELINO - CAMPO GRANDE,2024,2023,9,255093,236761,18332,1937290.0,0.0094627030542665,0.2159307740736566,0.005083723205515,0.0202795542577814
2024,9008,100,CP CRECHE COMUNITÁRIA ANA & LU,2024,2023,9,255093,236761,18332,1937290.0,0.0094627030542665,0.2159307740736566,0.005083723205515,0.0202795542577814
2024,9009,229,CP CRECHE COMUNITÁRIA CRIANÇAS DE OURO,2024,2023,9,255093,236761,18332,1937290.0,0.0094627030542665,0.2159307740736566,0.005083723205515,0.0202795542577814
2024,9010,227,CP CRECHE JARDIM ESCOLA RIO DA PRATA,2024,2023,9,255093,236761,18332,1937290.0,0.0094627030542665,0.2159307740736566,0.005083723205515,0.0202795542577814
2024,9011,260,CP CRECHE NOVA JERUSALÉM EM CAMPO GRANDE,2024,2023,9,255093,236761,18332,1937290.0,0.0094627030542665,0.2159307740736566,0.005083723205515,0.0202795542577814
2024,9012,237,CP CRECHE COMUNITÁRIA TIA NEIDE - CAMPO GRANDE,2024,2023,9,255093,236761,18332,1937290.0,0.0094627030542665,0.2159307740736566,0.005083723205515,0.0202795542577814
2024,9013,344,CP CRECHE COMUNITÁRIA SOL DO SABER,2024,2023,9,255093,236761,18332,1937290.0,0.0094627030542665,0.2159307740736566,0.005083723205515,0.0202795542577814
2024,9014,252,CP INSTITUTO DE ENSINO AVANÇADO,2024,2023,9,255093,236761,18332,1937290.0,0.0094627030542665,0.2159307740736566,0.005083723205515,0.0202795542577814
2024,9017,262,CP ESPAÇO CRESCER,2024,2023,9,255093,236761,18332,1937290.0,0.0094627030542665,0.2159307740736566,0.005083723205515,0.0202795542577814
2024,9018,215,CP ESPAÇO DE DESENVOLVIMENTO CARIOQUINHA,2024,2023,9,255093,236761,18332,1937290.0,0.0094627030542665,0.2159307740736566,0.005083723205515,0.0202795542577814
2024,9019,147,CP ASSOCIAÇÃO DE MORADORES UNIÃO DAS BASES DE URUCÂNIA E ADJACÊNCIAS - COSMOS,2024,2023,9,255093,236761,18332,1937290.0,0.0094627030542665,0.2159307740736566,0.005083723205515,0.0202795542577814
2024,9020,79,CP ASSOCIAÇÃO DE MORADORES UNIÃO DAS BASES DE URUCÂNIA E ADJACÊNCIAS - CAMPO GRANDE,2024,2023,9,255093,236761,18332,1937290.0,0.0094627030542665,0.2159307740736566,0.005083723205515,0.0202795542577814
2024,9021,309,CP INSTITUTO CRESCER & APRENDER,2024,2023,9,255093,236761,18332,1937290.0,0.0094627030542665,0.2159307740736566,0.005083723205515,0.0202795542577814
2024,9022,258,CP ESPAÇO CRIATIVO CASTELINHO RINALDI,2024,2023,9,255093,236761,18332,1937290.0,0.0094627030542665,0.2159307740736566,0.005083723205515,0.0202795542577814
2024,9023,237,CP ESPAÇO CRIATIVO SALOMÃO,2024,2023,9,255093,236761,18332,1937290.0,0.0094627030542665,0.2159307740736566,0.005083723205515,0.0202795542577814
2024,9024,250,CP CRECHE COMUNITÁRIA DOCE INFÂNCIA,2024,2023,9,255093,236761,18332,1937290.0,0.0094627030542665,0.2159307740736566,0.005083723205515,0.0202795542577814
2024,9025,138,CP INSTITUTO Ô LUAR,2024,2023,9,255093,236761,18332,1937290.0,0.0094627030542665,0.2159307740736566,0.005083723205515,0.0202795542577814
2024,9026,241,CP CRECHE COMUNITÁRIA LEÃOZINHO FELIZ,2024,2023,9,255093,236761,18332,1937290.0,0.0094627030542665,0.2159307740736566,0.005083723205515,0.0202795542577814
2024,9027,153,CP INSTITUTO FRUTIFICAR,2024,2023,9,255093,236761,18332,1937290.0,0.0094627030542665,0.2159307740736566,0.005083723205515,0.0202795542577814
2024,9028,311,CP CRECHE COMUNITÁRIA ALÉM DO ARCO-ÍRIS,2024,2023,9,255093,236761,18332,1937290.0,0.0094627030542665,0.2159307740736566,0.005083723205515,0.0202795542577814
2024,9029,267,CP INSTITUTO CRECHE DO PAPAI,2024,2023,9,255093,236761,18332,1937290.0,0.0094627030542665,0.2159307740736566,0.005083723205515,0.0202795542577814
2024,9030,220,CP ESPAÇO DE DESENVOLVIMENTO PEDRITA,2024,2023,9,255093,236761,18332,1937290.0,0.0094627030542665,0.2159307740736566,0.005083723205515,0.0202795542577814
2024,9031,194,CP ESPAÇO CRIATIVO TURMINHA DO BAIRRO,2024,2023,9,255093,236761,18332,1937290.0,0.0094627030542665,0.2159307740736566,0.005083723205515,0.0202795542577814
2024,9032,180,CP SOLDADINHOS DE DEUS,2024,2023,9,255093,236761,18332,1937290.0,0.0094627030542665,0.2159307740736566,0.005083723205515,0.0202795542577814
2024,9033,123,CP TEMPO DE CRIANÇA,2024,2023,9,255093,236761,18332,1937290.0,0.0094627030542665,0.2159307740736566,0.005083723205515,0.0202795542577814
2024,9034,179,CP CRECHE COMUNITÁRIA ARTE DA CRIANÇA,2024,2023,9,255093,236761,18332,1937290.0,0.0094627030542665,0.2159307740736566,0.005083723205515,0.0202795542577814
2024,9035,128,CP INSTITUTO CRESCER E APRENDER - FILIAL,2024,2023,9,255093,236761,18332,1937290.0,0.0094627030542665,0.2159307740736566,0.005083723205515,0.0202795542577814
2024,9036,536,CP INSTITUTO CONSTRUINDO AMANHÃ,2024,2023,9,255093,236761,18332,1937290.0,0.0094627030542665,0.2159307740736566,0.005083723205515,0.0202795542577814
2024,9037,93,CP CRECHE COMUNITÁRIA AURINA,2024,2023,9,255093,236761,18332,1937290.0,0.0094627030542665,0.2159307740736566,0.005083723205515,0.0202795542577814
2024,9038,315,CP CEM CRECHE ESCOLA MACHADO UNIDADE II,2024,2023,9,255093,236761,18332,1937290.0,0.0094627030542665,0.2159307740736566,0.005083723205515,0.0202795542577814
2024,9039,201,CP CRECHE COMUNITÁRIA ESTRELINHA DO SABER,2024,2023,9,255093,236761,18332,1937290.0,0.0094627030542665,0.2159307740736566,0.005083723205515,0.0202795542577814
2024,9040,323,CP CRECHE E ESCOLA COMUNITARIA GENTE BAIXINHA - UNIDADE COSMOS,2024,2023,9,255093,236761,18332,1937290.0,0.0094627030542665,0.2159307740736566,0.005083723205515,0.0202795542577814
2024,9041,151,CP CRECHE COMUNITÁRIA PEQUENOS PASSOS,2024,2023,9,255093,236761,18332,1937290.0,0.0094627030542665,0.2159307740736566,0.005083723205515,0.0202795542577814
2024,9042,88,CP CRECHE PEQUENA CANAÃ,2024,2023,9,255093,236761,18332,1937290.0,0.0094627030542665,0.2159307740736566,0.005083723205515,0.0202795542577814
2024,9043,144,CP CRECHE COMUNITÁRIA RIBEIRO,2024,2023,9,255093,236761,18332,1937290.0,0.0094627030542665,0.2159307740736566,0.005083723205515,0.0202795542577814
2024,9044,378,CP CRECHE COMUNITÁRIA JARDIM FELIZ,2024,2023,9,255093,236761,18332,1937290.0,0.0094627030542665,0.2159307740736566,0.005083723205515,0.0202795542577814
2024,9045,104,CP CRECHE COMUNITÁRIA PINTANDO SONHOS,2024,2023,9,255093,236761,18332,1937290.0,0.0094627030542665,0.2159307740736566,0.005083723205515,0.0202795542577814
2024,9046,298,CP CRECHE COMUNITÁRIA URSINHO PIMPÃO,2024,2023,9,255093,236761,18332,1937290.0,0.0094627030542665,0.2159307740736566,0.005083723205515,0.0202795542577814
2024,918601,286,CM ALEGRIA DE NOVA CIDADE,2024,2023,9,255093,236761,18332,1937290.0,0.0094627030542665,0.2159307740736566,0.005083723205515,0.0202795542577814
2024,918602,132,CM VITÓRIA DA PAZ,2024,2023,9,255093,236761,18332,1937290.0,0.0094627030542665,0.2159307740736566,0.005083723205515,0.0202795542577814
2024,918603,101,CM SEMPRE VIDA ELZA RABELO DE ANDRADE,2024,2023,9,255093,236761,18332,1937290.0,0.0094627030542665,0.2159307740736566,0.005083723205515,0.0202795542577814
2024,918604,70,CM VERA PACHECO JORDÃO,2024,2023,9,255093,236761,18332,1937290.0,0.0094627030542665,0.2159307740736566,0.005083723205515,0.0202795542577814
2024,918605,131,CM SEMPRE VIDA PROFESSORA EUGENIA MARIA VELOSO MARCHESE,2024,2023,9,255093,236761,18332,1937290.0,0.0094627030542665,0.2159307740736566,0.005083723205515,0.0202795542577814
2024,918606,326,CM CECÍLIA MEIRELES,2024,2023,9,255093,236761,18332,1937290.0,0.0094627030542665,0.2159307740736566,0.005083723205515,0.0202795542577814
2024,918607,448,CM SONHO FELIZ,2024,2023,9,255093,236761,18332,1937290.0,0.0094627030542665,0.2159307740736566,0.005083723205515,0.0202795542577814
2024,918608,208,CM JARDIM MONTE SANTO,2024,2023,9,255093,236761,18332,1937290.0,0.0094627030542665,0.2159307740736566,0.005083723205515,0.0202795542577814
2024,918609,232,CM ADÉLIA VIEIRA,2024,2023,9,255093,236761,18332,1937290.0,0.0094627030542665,0.2159307740736566,0.005083723205515,0.0202795542577814
2024,918610,75,CM ESPERANÇA DO AMANHÃ,2024,2023,9,255093,236761,18332,1937290.0,0.0094627030542665,0.2159307740736566,0.005083723205515,0.0202795542577814
2024,918611,64,CM MÁRIO LOMBARDI,2024,2023,9,255093,236761,18332,1937290.0,0.0094627030542665,0.2159307740736566,0.005083723205515,0.0202795542577814
2024,918613,518,CM PROFESSORA FLORA SANTINA FERRARI BRAZ,2024,2023,9,255093,236761,18332,1937290.0,0.0094627030542665,0.2159307740736566,0.005083723205515,0.0202795542577814
2024,918614,218,CM ZÉLIA CHAUKE CURI,2024,2023,9,255093,236761,18332,1937290.0,0.0094627030542665,0.2159307740736566,0.005083723205515,0.0202795542577814
2024,918615,179,CM MARCELO CARDOSO TOMÉ,2024,2023,9,255093,236761,18332,1937290.0,0.0094627030542665,0.2159307740736566,0.005083723205515,0.0202795542577814
2024,918616,326,CM PADRE VALTER DA COSTA SANTOS,2024,2023,9,255093,236761,18332,1937290.0,0.0094627030542665,0.2159307740736566,0.005083723205515,0.0202795542577814
2024,918617,404,CM CRIANDO O FUTURO,2024,2023,9,255093,236761,18332,1937290.0,0.0094627030542665,0.2159307740736566,0.005083723205515,0.0202795542577814
2024,918618,158,CM ESPERANÇA DA VILA SÃO JORGE,2024,2023,9,255093,236761,18332,1937290.0,0.0094627030542665,0.2159307740736566,0.005083723205515,0.0202795542577814
2024,918619,484,CM RAUL CORTEZ,2024,2023,9,255093,236761,18332,1937290.0,0.0094627030542665,0.2159307740736566,0.005083723205515,0.0202795542577814
2024,918620,497,CM EMILIO IBRAHIM LÁZARO JUBRAM DIB,2024,2023,9,255093,236761,18332,1937290.0,0.0094627030542665,0.2159307740736566,0.005083723205515,0.0202795542577814
2024,918621,258,CM ELIZABETH TAVARES DE SOUZA - BETINHA,2024,2023,9,255093,236761,18332,1937290.0,0.0094627030542665,0.2159307740736566,0.005083723205515,0.0202795542577814
2024,918801,210,EDI BIANCA ROCHA TAVARES,2024,2023,9,255093,236761,18332,1937290.0,0.0094627030542665,0.2159307740736566,0.005083723205515,0.0202795542577814
2024,918802,259,EDI PINTANDO O SETE,2024,2023,9,255093,236761,18332,1937290.0,0.0094627030542665,0.2159307740736566,0.005083723205515,0.0202795542577814
2024,918803,150,EDI LUDMILA MÁXIMO MOREIRA CARDOSO,2024,2023,9,255093,236761,18332,1937290.0,0.0094627030542665,0.2159307740736566,0.005083723205515,0.0202795542577814
2024,918804,67,EDI RENAN DE SOUZA LEAL,2024,2023,9,255093,236761,18332,1937290.0,0.0094627030542665,0.2159307740736566,0.005083723205515,0.0202795542577814
2024,918805,208,EDI CANTORA CESÁRIA ÉVORA,2024,2023,9,255093,236761,18332,1937290.0,0.0094627030542665,0.2159307740736566,0.005083723205515,0.0202795542577814
2024,918806,270,EDI COMENDADOR SERAFIM SOFIA,2024,2023,9,255093,236761,18332,1937290.0,0.0094627030542665,0.2159307740736566,0.005083723205515,0.0202795542577814
2024,918807,388,EDI URBANO DE FREITAS,2024,2023,9,255093,236761,18332,1937290.0,0.0094627030542665,0.2159307740736566,0.005083723205515,0.0202795542577814
2024,918808,255,EDI PROFESSORA MARTA REGINA PERROTA,2024,2023,9,255093,236761,18332,1937290.0,0.0094627030542665,0.2159307740736566,0.005083723205515,0.0202795542577814
2024,918809,71,EDI CAMPO GRANDE,2024,2023,9,255093,236761,18332,1937290.0,0.0094627030542665,0.2159307740736566,0.005083723205515,0.0202795542577814
2024,918810,230,EDI DOM BOSCO,2024,2023,9,255093,236761,18332,1937290.0,0.0094627030542665,0.2159307740736566,0.005083723205515,0.0202795542577814
2024,918811,34,EDI ISABEL,2024,2023,9,255093,236761,18332,1937290.0,0.0094627030542665,0.2159307740736566,0.005083723205515,0.0202795542577814
2024,918812,138,EDI PROFESSOR JORGE EUCLIDES PEREIRA NUNES,2024,2023,9,255093,236761,18332,1937290.0,0.0094627030542665,0.2159307740736566,0.005083723205515,0.0202795542577814
2024,918813,204,EDI PROFESSOR MARCO ALTINO DE OLIVEIRA,2024,2023,9,255093,236761,18332,1937290.0,0.0094627030542665,0.2159307740736566,0.005083723205515,0.0202795542577814
2024,918814,223,EDI PROFESSOR NESTOR MANOEL PINTO,2024,2023,9,255093,236761,18332,1937290.0,0.0094627030542665,0.2159307740736566,0.005083723205515,0.0202795542577814
2024,918815,369,EDI PROFESSORA SIRLÉIA SILVA REIS,2024,2023,9,255093,236761,18332,1937290.0,0.0094627030542665,0.2159307740736566,0.005083723205515,0.0202795542577814
2024,918816,69,EDI PROFESSOR JOÃO FERNANDES FILHO,2024,2023,9,255093,236761,18332,1937290.0,0.0094627030542665,0.2159307740736566,0.005083723205515,0.0202795542577814
2024,918817,383,EDI PROFESSORA EUGENIA DE ALMEIDA AZEVEDO,2024,2023,9,255093,236761,18332,1937290.0,0.0094627030542665,0.2159307740736566,0.005083723205515,0.0202795542577814
2024,918818,120,EDI FRANCISCO JOSÉ DE MORAES,2024,2023,9,255093,236761,18332,1937290.0,0.0094627030542665,0.2159307740736566,0.005083723205515,0.0202795542577814
2024,918819,46,EDI JOARI,2024,2023,9,255093,236761,18332,1937290.0,0.0094627030542665,0.2159307740736566,0.005083723205515,0.0202795542577814
2024,918820,64,EDI ALMO SATURNINO,2024,2023,9,255093,236761,18332,1937290.0,0.0094627030542665,0.2159307740736566,0.005083723205515,0.0202795542577814
2024,918821,230,EDI PROFESSORA ENYR PORTILHO DE AVELLAR,2024,2023,9,255093,236761,18332,1937290.0,0.0094627030542665,0.2159307740736566,0.005083723205515,0.0202795542577814
2024,918822,347,EDI PROFESSOR ANDRÉ LUIZ GILS,2024,2023,9,255093,236761,18332,1937290.0,0.0094627030542665,0.2159307740736566,0.005083723205515,0.0202795542577814
2024,918823,242,EDI PROFESSOR DERSU GABRIEL BICEGO,2024,2023,9,255093,236761,18332,1937290.0,0.0094627030542665,0.2159307740736566,0.005083723205515,0.0202795542577814
2024,918824,303,EDI ALBERTO FERREIRA PINTO,2024,2023,9,255093,236761,18332,1937290.0,0.0094627030542665,0.2159307740736566,0.005083723205515,0.0202795542577814
2024,918825,326,EDI PROFESSORA TERESINHA DE JESUS SIQUEIRA BROWN,2024,2023,9,255093,236761,18332,1937290.0,0.0094627030542665,0.2159307740736566,0.005083723205515,0.0202795542577814
2024,918826,320,EDI PROFESSORA MARLY DOS SANTOS DE OLIVEIRA (MARLY MARINHO),2024,2023,9,255093,236761,18332,1937290.0,0.0094627030542665,0.2159307740736566,0.005083723205515,0.0202795542577814
2024,918827,187,EDI ATAULFO ALVES,2024,2023,9,255093,236761,18332,1937290.0,0.0094627030542665,0.2159307740736566,0.005083723205515,0.0202795542577814
2024,918828,347,EDI ALYRIO CAVALLIERI,2024,2023,9,255093,236761,18332,1937290.0,0.0094627030542665,0.2159307740736566,0.005083723205515,0.0202795542577814
2024,918829,108,EDI RUBEM AZEVEDO ALVES,2024,2023,9,255093,236761,18332,1937290.0,0.0094627030542665,0.2159307740736566,0.005083723205515,0.0202795542577814
2024,918830,87,EDI HENRIQUE DIAS,2024,2023,9,255093,236761,18332,1937290.0,0.0094627030542665,0.2159307740736566,0.005083723205515,0.0202795542577814
2024,918831,336,EDI ELFLODÍZIO DOS SANTOS,2024,2023,9,255093,236761,18332,1937290.0,0.0094627030542665,0.2159307740736566,0.005083723205515,0.0202795542577814
2024,918832,396,EDI PROFESSORA JACINTHA REIS FERREIRA,2024,2023,9,255093,236761,18332,1937290.0,0.0094627030542665,0.2159307740736566,0.005083723205515,0.0202795542577814
2024,918833,205,EDI PROFESSOR WILSON CHOERI,2024,2023,9,255093,236761,18332,1937290.0,0.0094627030542665,0.2159307740736566,0.005083723205515,0.0202795542577814
2024,918834,181,EDI ENGENHEIRA ELAINE MONSORES PIRES,2024,2023,9,255093,236761,18332,1937290.0,0.0094627030542665,0.2159307740736566,0.005083723205515,0.0202795542577814
2024,918835,376,EDI MEDALHISTA OLÍMPICO ARTHUR NORY OYAKAWA MARIANO,2024,2023,9,255093,236761,18332,1937290.0,0.0094627030542665,0.2159307740736566,0.005083723205515,0.0202795542577814
2024,918836,465,EDI MEDALHISTA OLÍMPICO RAFAEL CARLOS DA SILVA,2024,2023,9,255093,236761,18332,1937290.0,0.0094627030542665,0.2159307740736566,0.005083723205515,0.0202795542577814
2024,918837,440,EDI MEDALHISTA OLÍMPICO WALLACE LEANDRO DE SOUZA,2024,2023,9,255093,236761,18332,1937290.0,0.0094627030542665,0.2159307740736566,0.005083723205515,0.0202795542577814
2024,918838,132,EDI EUSTORGIO WANDERLEY,2024,2023,9,255093,236761,18332,1937290.0,0.0094627030542665,0.2159307740736566,0.005083723205515,0.0202795542577814
2024,918839,89,EDI DALILA TAVARES,2024,2023,9,255093,236761,18332,1937290.0,0.0094627030542665,0.2159307740736566,0.005083723205515,0.0202795542577814
2025,10001,116,CP ESCOLA COMUNITÁRIA JARDIM DE INFÂNCIA TIA ANASTÁCIA,2025,2024,9,287457,257320,30137,2007743.0,0.0150103872856237,0.4894912360462613,0.005083723205515,0.0202795542577814
2025,10004,38,CP ESCOLA COMUNITÁRIA JARDIM BALÃO MÁGICO,2025,2024,9,287457,257320,30137,2007743.0,0.0150103872856237,0.4894912360462613,0.005083723205515,0.0202795542577814
2025,10005,26,CP CRECHE COMUNITÁRIA JARDIM PEDRA AZUL,2025,2024,9,287457,257320,30137,2007743.0,0.0150103872856237,0.4894912360462613,0.005083723205515,0.0202795542577814
2025,10006,84,CP CRECHE ESCOLA COMUNITÁRIA ISMÊNIA RIBEIRO,2025,2024,9,287457,257320,30137,2007743.0,0.0150103872856237,0.4894912360462613,0.005083723205515,0.0202795542577814
2025,10008,92,CP CRECHE COMUNITÁRIA JARDIM ESPERANÇA,2025,2024,9,287457,257320,30137,2007743.0,0.0150103872856237,0.4894912360462613,0.005083723205515,0.0202795542577814
2025,10009,68,CP JARDIM ESCOLA ERNESTO FAGUNDES VARELA,2025,2024,9,287457,257320,30137,2007743.0,0.0150103872856237,0.4894912360462613,0.005083723205515,0.0202795542577814
2025,10010,95,CP ESCOLA COMUNITÁRIA JARDIM ARCO-ÍRIS,2025,2024,9,287457,257320,30137,2007743.0,0.0150103872856237,0.4894912360462613,0.005083723205515,0.0202795542577814
2025,10011,30,CP CRECHE PINGUINHO DE GENTE,2025,2024,9,287457,257320,30137,2007743.0,0.0150103872856237,0.4894912360462613,0.005083723205515,0.0202795542577814
2025,10013,53,CP ESCOLA COMUNITÁRIA ENCANTO DE MARIA,2025,2024,9,287457,257320,30137,2007743.0,0.0150103872856237,0.4894912360462613,0.005083723205515,0.0202795542577814
2025,10014,54,CP CRECHE COMUNITÁRIA SÃO JOÃO BATISTA,2025,2024,9,287457,257320,30137,2007743.0,0.0150103872856237,0.4894912360462613,0.005083723205515,0.0202795542577814
2025,10018,244,CP CRECHE ESCOLA COMUNITÁRIA SÍTIO ALEGRE,2025,2024,9,287457,257320,30137,2007743.0,0.0150103872856237,0.4894912360462613,0.005083723205515,0.0202795542577814
2025,10019,166,CP ESCOLA COMUNITÁRIA JARDIM ALEXANDRINO,2025,2024,9,287457,257320,30137,2007743.0,0.0150103872856237,0.4894912360462613,0.005083723205515,0.0202795542577814
2025,10020,112,CP CASA MATERNAL NOSSA SENHORA DE NAZARÉ,2025,2024,9,287457,257320,30137,2007743.0,0.0150103872856237,0.4894912360462613,0.005083723205515,0.0202795542577814
2025,10022,203,CP ASSOCIAÇÃO DE MORADORES E AMIGOS DO PARQUE ESTORIL - AMAPE,2025,2024,9,287457,257320,30137,2007743.0,0.0150103872856237,0.4894912360462613,0.005083723205515,0.0202795542577814
2025,10023,90,CP CRECHE ESCOLA SOSSEGO DA MAMÃE,2025,2024,9,287457,257320,30137,2007743.0,0.0150103872856237,0.4894912360462613,0.005083723205515,0.0202795542577814
2025,10024,170,CP CRECHE COMUNITÁRIA MUNDO ENCANTADO DA CRIANÇA,2025,2024,9,287457,257320,30137,2007743.0,0.0150103872856237,0.4894912360462613,0.005083723205515,0.0202795542577814
2025,10026,249,CP CRECHE E ESCOLA COMUNITÁRIA GENTE BAIXINHA I,2025,2024,9,287457,257320,30137,2007743.0,0.0150103872856237,0.4894912360462613,0.005083723205515,0.0202795542577814
2025,10027,194,CP CRECHE CASULO AGOSTINHO - SANTA CRUZ,2025,2024,9,287457,257320,30137,2007743.0,0.0150103872856237,0.4894912360462613,0.005083723205515,0.0202795542577814
2025,10028,124,CP CRECHE CASULO AGOSTINHO - VERIDIANA,2025,2024,9,287457,257320,30137,2007743.0,0.0150103872856237,0.4894912360462613,0.005083723205515,0.0202795542577814
2025,10029,65,CP ASSOCIAÇÃO DE MORADORES DAS MORADAS DO IMPÉRIO,2025,2024,9,287457,257320,30137,2007743.0,0.0150103872856237,0.4894912360462613,0.005083723205515,0.0202795542577814
2025,10030,93,CP INSTITUTO AVELINO - GUARATIBA,2025,2024,9,287457,257320,30137,2007743.0,0.0150103872856237,0.4894912360462613,0.005083723205515,0.0202795542577814
2025,10032,150,CP CRECHE COMUNITÁRIA MUNDO MÁGICO,2025,2024,9,287457,257320,30137,2007743.0,0.0150103872856237,0.4894912360462613,0.005083723205515,0.0202795542577814
2025,10033,69,CP PROJETO QUEBRA CABEÇA,2025,2024,9,287457,257320,30137,2007743.0,0.0150103872856237,0.4894912360462613,0.005083723205515,0.0202795542577814
2025,10034,134,CP OS BENEDITINHOS,2025,2024,9,287457,257320,30137,2007743.0,0.0150103872856237,0.4894912360462613,0.005083723205515,0.0202795542577814
2025,10035,139,CP ESCOLA COMUNITÁRIA JARDIM DE INFÂNCIA CHAVE DO TAMANHO,2025,2024,9,287457,257320,30137,2007743.0,0.0150103872856237,0.4894912360462613,0.005083723205515,0.0202795542577814
2025,10036,157,CP CAAD DONA ZULMIRA TELLES,2025,2024,9,287457,257320,30137,2007743.0,0.0150103872856237,0.4894912360462613,0.005083723205515,0.0202795542577814
2025,10037,71,CP CAAD - COMITÊ DE ATENDIMENTO À CRIANÇA E AO ADOLESCENTE,2025,2024,9,287457,257320,30137,2007743.0,0.0150103872856237,0.4894912360462613,0.005083723205515,0.0202795542577814
2025,10039,243,CP FUNDAÇÃO KLINGNER PARA O DESENVOLVIMENTO SOCIAL,2025,2024,9,287457,257320,30137,2007743.0,0.0150103872856237,0.4894912360462613,0.005083723205515,0.0202795542577814
2025,1004,136,CP CRECHE CANTINHO FELIZ DE SANTA TERESA,2025,2024,9,287457,257320,30137,2007743.0,0.0150103872856237,0.4894912360462613,0.005083723205515,0.0202795542577814
2025,10040,219,CP CICIM I,2025,2024,9,287457,257320,30137,2007743.0,0.0150103872856237,0.4894912360462613,0.005083723205515,0.0202795542577814
2025,10041,173,CP CRECHE BEZERRA DE MENEZES - SANTA CRUZ,2025,2024,9,287457,257320,30137,2007743.0,0.0150103872856237,0.4894912360462613,0.005083723205515,0.0202795542577814
2025,10042,179,CP CICIM II,2025,2024,9,287457,257320,30137,2007743.0,0.0150103872856237,0.4894912360462613,0.005083723205515,0.0202795542577814
2025,10043,168,CP CRECHE CANTINHO CASLU,2025,2024,9,287457,257320,30137,2007743.0,0.0150103872856237,0.4894912360462613,0.005083723205515,0.0202795542577814
2025,10044,93,CP CRECHE COMUNITÁRIA MAGIA DA CRIANÇA,2025,2024,9,287457,257320,30137,2007743.0,0.0150103872856237,0.4894912360462613,0.005083723205515,0.0202795542577814
2025,10045,73,CP ESPAÇO CRIATIVO ERA UMA VEZ,2025,2024,9,287457,257320,30137,2007743.0,0.0150103872856237,0.4894912360462613,0.005083723205515,0.0202795542577814
2025,10046,191,CP CRECHE COMUNITÁRIA DEUS É FIEL - CCDF,2025,2024,9,287457,257320,30137,2007743.0,0.0150103872856237,0.4894912360462613,0.005083723205515,0.0202795542577814
2025,10047,194,CP CENTRO CULTURAL MONTESSORI - SANTA CRUZ,2025,2024,9,287457,257320,30137,2007743.0,0.0150103872856237,0.4894912360462613,0.005083723205515,0.0202795542577814
2025,1005,48,CP CASA MATERNAL CORAÇÃO DE MÃE,2025,2024,9,287457,257320,30137,2007743.0,0.0150103872856237,0.4894912360462613,0.005083723205515,0.0202795542577814
2025,10051,244,CP CRECHE COMUNITÁRIA DEUS É FIEL - UNIDADE VI,2025,2024,9,287457,257320,30137,2007743.0,0.0150103872856237,0.4894912360462613,0.005083723205515,0.0202795542577814
2025,10052,493,CP CRECHE COMUNITÁRIA DEUS É FIEL - UNIDADE VII,2025,2024,9,287457,257320,30137,2007743.0,0.0150103872856237,0.4894912360462613,0.005083723205515,0.0202795542577814
2025,10053,311,CP CRECHE COMUNITÁRIA GÊNIO DO FUTURO,2025,2024,9,287457,257320,30137,2007743.0,0.0150103872856237,0.4894912360462613,0.005083723205515,0.0202795542577814
2025,10054,51,CP CRECHE COMUNITÁRIA AQUARELA DO SABER,2025,2024,9,287457,257320,30137,2007743.0,0.0150103872856237,0.4894912360462613,0.005083723205515,0.0202795542577814
2025,10055,140,CP ESPAÇO DE DESENVOLVIMENTO MÃE GAIA,2025,2024,9,287457,257320,30137,2007743.0,0.0150103872856237,0.4894912360462613,0.005083723205515,0.0202795542577814
2025,10056,100,CP CRECHE MUNDO DA BIBI,2025,2024,9,287457,257320,30137,2007743.0,0.0150103872856237,0.4894912360462613,0.005083723205515,0.0202795542577814
2025,10057,358,CP CENTRO CULTURAL MONTESSORI - PACIÊNCIA,2025,2024,9,287457,257320,30137,2007743.0,0.0150103872856237,0.4894912360462613,0.005083723205515,0.0202795542577814
2025,10058,261,CP CRECHE ESCOLA COMUNITÁRIA MALLETZINHO,2025,2024,9,287457,257320,30137,2007743.0,0.0150103872856237,0.4894912360462613,0.005083723205515,0.0202795542577814
2025,10059,95,CP CRECHE COMUNITÁRIA PLANETA BEBÊ,2025,2024,9,287457,257320,30137,2007743.0,0.0150103872856237,0.4894912360462613,0.005083723205515,0.0202795542577814
2025,1006,233,CP CRECHE DO TUIUTI,2025,2024,9,287457,257320,30137,2007743.0,0.0150103872856237,0.4894912360462613,0.005083723205515,0.0202795542577814
2025,10060,83,CP CRECHE COMUNITÁRIA JARDIM DO CONHECIMENTO,2025,2024,9,287457,257320,30137,2007743.0,0.0150103872856237,0.4894912360462613,0.005083723205515,0.0202795542577814
2025,10061,113,CP CRECHE COMUNITÁRIA ESTRELA DO AMANHÃ,2025,2024,9,287457,257320,30137,2007743.0,0.0150103872856237,0.4894912360462613,0.005083723205515,0.0202795542577814
2025,10062,79,CP CENTRO CULTURAL DE DESENVOLVIMENTO INFANTIL JOÃO BATISTA,2025,2024,9,287457,257320,30137,2007743.0,0.0150103872856237,0.4894912360462613,0.005083723205515,0.0202795542577814
2025,10063,313,CP CRECHE COMUNITÁRIA UNIVERSO INFANTIL,2025,2024,9,287457,257320,30137,2007743.0,0.0150103872856237,0.4894912360462613,0.005083723205515,0.0202795542577814
2025,10064,269,CP CRECHE COMUNITÁRIA CORAÇÃO DE MÃE,2025,2024,9,287457,257320,30137,2007743.0,0.0150103872856237,0.4894912360462613,0.005083723205515,0.0202795542577814
2025,10065,94,CP CRECHE MAGIA DA CRIANÇA II,2025,2024,9,287457,257320,30137,2007743.0,0.0150103872856237,0.4894912360462613,0.005083723205515,0.0202795542577814
2025,10066,219,CP CRECHE COMUNITÁRIA ARTE & CULTURA,2025,2024,9,287457,257320,30137,2007743.0,0.0150103872856237,0.4894912360462613,0.005083723205515,0.0202795542577814
2025,10067,117,CP CRECHE COMUNITÁRIA ARCA DE NOÉ,2025,2024,9,287457,257320,30137,2007743.0,0.0150103872856237,0.4894912360462613,0.005083723205515,0.0202795542577814
2025,10068,152,CP CRECHE COMUNITÁRIA TIA NEIDE - GUARATIBA,2025,2024,9,287457,257320,30137,2007743.0,0.0150103872856237,0.4894912360462613,0.005083723205515,0.0202795542577814
2025,10069,411,CP CRECHE E ESCOLA COMUNITÁRIA GENTE BAIXINHA II,2025,2024,9,287457,257320,30137,2007743.0,0.0150103872856237,0.4894912360462613,0.005083723205515,0.0202795542577814
2025,1007,78,CP EDUCANDÁRIO NOSSA SENHORA DE NAZARÉ,2025,2024,9,287457,257320,30137,2007743.0,0.0150103872856237,0.4894912360462613,0.005083723205515,0.0202795542577814
2025,10070,121,CP PEDACINHO DO CÉU,2025,2024,9,287457,257320,30137,2007743.0,0.0150103872856237,0.4894912360462613,0.005083723205515,0.0202795542577814
2025,10071,251,CP CRECHE COMUNITÁRIA ARTE & CULTURA - UNIDADE I,2025,2024,9,287457,257320,30137,2007743.0,0.0150103872856237,0.4894912360462613,0.005083723205515,0.0202795542577814
2025,10072,219,CP CRECHE COMUNITÁRIA DEUS É FIEL - UNIDADE X,2025,2024,9,287457,257320,30137,2007743.0,0.0150103872856237,0.4894912360462613,0.005083723205515,0.0202795542577814
2025,10073,435,CP NINHO CARIOCA,2025,2024,9,287457,257320,30137,2007743.0,0.0150103872856237,0.4894912360462613,0.005083723205515,0.0202795542577814
2025,10074,201,CP CRECHE MUNDO MÁGICO II,2025,2024,9,287457,257320,30137,2007743.0,0.0150103872856237,0.4894912360462613,0.005083723205515,0.0202795542577814
2025,10075,153,CP CRECHE COMUNITÁRIA PEDACINHO DE CÉU,2025,2024,9,287457,257320,30137,2007743.0,0.0150103872856237,0.4894912360462613,0.005083723205515,0.0202795542577814
2025,10076,73,CP ESPAÇO DE DESENVOLVIMENTO MÃE GAIA - UNIDADE I,2025,2024,9,287457,257320,30137,2007743.0,0.0150103872856237,0.4894912360462613,0.005083723205515,0.0202795542577814
2025,10077,40,CP CRECHE COMUNITÁRIA CANTINHO DO SABER,2025,2024,9,287457,257320,30137,2007743.0,0.0150103872856237,0.4894912360462613,0.005083723205515,0.0202795542577814
2025,10078,72,CP CRECHE COMUNITÁRIA CRIANÇA FELIZ,2025,2024,9,287457,257320,30137,2007743.0,0.0150103872856237,0.4894912360462613,0.005083723205515,0.0202795542577814
2025,10079,100,CP CRECHE COMUNITÁRIA DEUS É FIEL - UNIDADE VIII,2025,2024,9,287457,257320,30137,2007743.0,0.0150103872856237,0.4894912360462613,0.005083723205515,0.0202795542577814
2025,10080,154,CP ASSOCIAÇÃO CENTRO EDUCACIONAL REBRAL XII (GUARATIBA),2025,2024,9,287457,257320,30137,2007743.0,0.0150103872856237,0.4894912360462613,0.005083723205515,0.0202795542577814
2025,10081,228,CP CENTRO EDUCACIONAL ESTRELA DO AMANHÃ,2025,2024,9,287457,257320,30137,2007743.0,0.0150103872856237,0.4894912360462613,0.005083723205515,0.0202795542577814
2025,10082,70,CP CRECHE ESCOLA BAIXINHOS SABIDOS,2025,2024,9,287457,257320,30137,2007743.0,0.0150103872856237,0.4894912360462613,0.005083723205515,0.0202795542577814
2025,10083,116,CP CRECHE COMUNITÁRIA CRISTÃ CORDEIRINHO DE CRISTO,2025,2024,9,287457,257320,30137,2007743.0,0.0150103872856237,0.4894912360462613,0.005083723205515,0.0202795542577814
2025,10084,284,CP CRECHE COMUNITÁRIA AQUARELA DO SABER (GUARATIBA),2025,2024,9,287457,257320,30137,2007743.0,0.0150103872856237,0.4894912360462613,0.005083723205515,0.0202795542577814
2025,10085,50,CP CRECHE VIDA,2025,2024,9,287457,257320,30137,2007743.0,0.0150103872856237,0.4894912360462613,0.005083723205515,0.0202795542577814
2025,1009,179,CP CRECHE COMUNITÁRIA ANITA WAY,2025,2024,9,287457,257320,30137,2007743.0,0.0150103872856237,0.4894912360462613,0.005083723205515,0.0202795542577814
2025,1010,465,CP CENTRO CULTURAL MONTESSORI - SÃO CRISTÓVÃO,2025,2024,9,287457,257320,30137,2007743.0,0.0150103872856237,0.4894912360462613,0.005083723205515,0.0202795542577814
2025,101601,122,CM LADEIRA DOS FUNCIONÁRIOS,2025,2024,9,287457,257320,30137,2007743.0,0.0150103872856237,0.4894912360462613,0.005083723205515,0.0202795542577814
2025,101602,58,CM VIRGÍNIA LEMOS,2025,2024,9,287457,257320,30137,2007743.0,0.0150103872856237,0.4894912360462613,0.005083723205515,0.0202795542577814
2025,101603,255,CM SENNINHA,2025,2024,9,287457,257320,30137,2007743.0,0.0150103872856237,0.4894912360462613,0.005083723205515,0.0202795542577814
2025,101604,68,CM SEMPRE VIDA P. CONQUISTA,2025,2024,9,287457,257320,30137,2007743.0,0.0150103872856237,0.4894912360462613,0.005083723205515,0.0202795542577814
2025,101605,199,CM CLEMENTE FERREIRA,2025,2024,9,287457,257320,30137,2007743.0,0.0150103872856237,0.4894912360462613,0.005083723205515,0.0202795542577814
2025,101606,143,CM QUINTA DO CAJU,2025,2024,9,287457,257320,30137,2007743.0,0.0150103872856237,0.4894912360462613,0.005083723205515,0.0202795542577814
2025,101607,259,CM TIA DORA,2025,2024,9,287457,257320,30137,2007743.0,0.0150103872856237,0.4894912360462613,0.005083723205515,0.0202795542577814
2025,101801,271,EDI PARQUE DA ALEGRIA,2025,2024,9,287457,257320,30137,2007743.0,0.0150103872856237,0.4894912360462613,0.005083723205515,0.0202795542577814
2025,101802,152,EDI MACHADO DE ASSIS,2025,2024,9,287457,257320,30137,2007743.0,0.0150103872856237,0.4894912360462613,0.005083723205515,0.0202795542577814
2025,101803,38,EDI ANTÔNIO RAPOSO TAVARES,2025,2024,9,287457,257320,30137,2007743.0,0.0150103872856237,0.4894912360462613,0.005083723205515,0.0202795542577814
2025,1019601,29,CM SEMPRE VIDA VALE DO SOL,2025,2024,9,287457,257320,30137,2007743.0,0.0150103872856237,0.4894912360462613,0.005083723205515,0.0202795542577814
2025,1019602,151,CM SEMPRE VIDA ANTARES,2025,2024,9,287457,257320,30137,2007743.0,0.0150103872856237,0.4894912360462613,0.005083723205515,0.0202795542577814
2025,1019603,137,CM JARDIM DOS VIEIRAS,2025,2024,9,287457,257320,30137,2007743.0,0.0150103872856237,0.4894912360462613,0.005083723205515,0.0202795542577814
2025,1019604,63,CM AYRTON SENNA,2025,2024,9,287457,257320,30137,2007743.0,0.0150103872856237,0.4894912360462613,0.005083723205515,0.0202795542577814
2025,1019605,57,CM MARLENE DA SILVA CARDOSO,2025,2024,9,287457,257320,30137,2007743.0,0.0150103872856237,0.4894912360462613,0.005083723205515,0.0202795542577814
2025,1019606,124,CM TRINTA E UM DE OUTUBRO,2025,2024,9,287457,257320,30137,2007743.0,0.0150103872856237,0.4894912360462613,0.005083723205515,0.0202795542577814
2025,1019607,221,CM ADALTO BASTOS,2025,2024,9,287457,257320,30137,2007743.0,0.0150103872856237,0.4894912360462613,0.005083723205515,0.0202795542577814
2025,1019609,76,CM CANTINHO DA TIA DOLORES,2025,2024,9,287457,257320,30137,2007743.0,0.0150103872856237,0.4894912360462613,0.005083723205515,0.0202795542577814
2025,1019610,56,CM CHAVE DO TAMANHO,2025,2024,9,287457,257320,30137,2007743.0,0.0150103872856237,0.4894912360462613,0.005083723205515,0.0202795542577814
2025,1019611,51,CM CRIANÇA FELIZ,2025,2024,9,287457,257320,30137,2007743.0,0.0150103872856237,0.4894912360462613,0.005083723205515,0.0202795542577814
2025,1019612,305,CM DANIELA PEREZ,2025,2024,9,287457,257320,30137,2007743.0,0.0150103872856237,0.4894912360462613,0.005083723205515,0.0202795542577814
2025,1019613,128,CM DJANIRA MARIA RAMOS,2025,2024,9,287457,257320,30137,2007743.0,0.0150103872856237,0.4894912360462613,0.005083723205515,0.0202795542577814
2025,1019614,240,CM INSPETOR HERALDO CARVALHO DE SOUSA,2025,2024,9,287457,257320,30137,2007743.0,0.0150103872856237,0.4894912360462613,0.005083723205515,0.0202795542577814
2025,1019615,44,CM MARCOLINA,2025,2024,9,287457,257320,30137,2007743.0,0.0150103872856237,0.4894912360462613,0.005083723205515,0.0202795542577814
2025,1019616,60,CM MARIA HELENA PAPERA MONTEIRO,2025,2024,9,287457,257320,30137,2007743.0,0.0150103872856237,0.4894912360462613,0.005083723205515,0.0202795542577814
2025,1019618,75,CM LEUZA MARINS NOVAES S. SANTOS,2025,2024,9,287457,257320,30137,2007743.0,0.0150103872856237,0.4894912360462613,0.005083723205515,0.0202795542577814
2025,1019619,41,CM SANTA TEREZINHA,2025,2024,9,287457,257320,30137,2007743.0,0.0150103872856237,0.4894912360462613,0.005083723205515,0.0202795542577814
2025,1019620,68,CM SEMENTINHA DO AMOR,2025,2024,9,287457,257320,30137,2007743.0,0.0150103872856237,0.4894912360462613,0.005083723205515,0.0202795542577814
2025,1019621,48,CM SEMPRE VIDA ESTRELA DO ALAGADO,2025,2024,9,287457,257320,30137,2007743.0,0.0150103872856237,0.4894912360462613,0.005083723205515,0.0202795542577814
2025,1019623,243,CM SEMPRE VIDA TERRA DA PAZ,2025,2024,9,287457,257320,30137,2007743.0,0.0150103872856237,0.4894912360462613,0.005083723205515,0.0202795542577814
2025,1019624,27,CM ZACARIAS - O TRAPALHÃO,2025,2024,9,287457,257320,30137,2007743.0,0.0150103872856237,0.4894912360462613,0.005083723205515,0.0202795542577814
2025,1019625,41,CM NARIZINHO,2025,2024,9,287457,257320,30137,2007743.0,0.0150103872856237,0.4894912360462613,0.005083723205515,0.0202795542577814
2025,1019626,52,CM PEDRINHO,2025,2024,9,287457,257320,30137,2007743.0,0.0150103872856237,0.4894912360462613,0.005083723205515,0.0202795542577814
2025,1019627,104,CM VOVÓ BENTA,2025,2024,9,287457,257320,30137,2007743.0,0.0150103872856237,0.4894912360462613,0.005083723205515,0.0202795542577814
2025,1019628,77,CM IRINÉA DOS SANTOS PAIVA,2025,2024,9,287457,257320,30137,2007743.0,0.0150103872856237,0.4894912360462613,0.005083723205515,0.0202795542577814
2025,1019630,69,CM ESTRELA DALVA,2025,2024,9,287457,257320,30137,2007743.0,0.0150103872856237,0.4894912360462613,0.005083723205515,0.0202795542577814
2025,1019631,147,CM TIA HILDA MACEDO,2025,2024,9,287457,257320,30137,2007743.0,0.0150103872856237,0.4894912360462613,0.005083723205515,0.0202795542577814
2025,1019632,326,CM MIRIAM PIRES,2025,2024,9,287457,257320,30137,2007743.0,0.0150103872856237,0.4894912360462613,0.005083723205515,0.0202795542577814
2025,1019633,44,CM MERILUCE DE OLIVEIRA MÜLLER,2025,2024,9,287457,257320,30137,2007743.0,0.0150103872856237,0.4894912360462613,0.005083723205515,0.0202795542577814
2025,1019801,217,EDI SARGENTO IZO GOMES PATRÍCIO,2025,2024,9,287457,257320,30137,2007743.0,0.0150103872856237,0.4894912360462613,0.005083723205515,0.0202795542577814
2025,1019802,120,EDI LARISSA DOS SANTOS ATANAZIO,2025,2024,9,287457,257320,30137,2007743.0,0.0150103872856237,0.4894912360462613,0.005083723205515,0.0202795542577814
2025,1019803,189,EDI LARYSSA SILVA MARTINS,2025,2024,9,287457,257320,30137,2007743.0,0.0150103872856237,0.4894912360462613,0.005083723205515,0.0202795542577814
2025,1019804,55,EDI PROFESSORA MARIA LUIZA JOBIM DE QUEIROZ,2025,2024,9,287457,257320,30137,2007743.0,0.0150103872856237,0.4894912360462613,0.005083723205515,0.0202795542577814
2025,1019806,64,EDI PROFESSOR RUBEM GONÇALVES,2025,2024,9,287457,257320,30137,2007743.0,0.0150103872856237,0.4894912360462613,0.005083723205515,0.0202795542577814
2025,1019807,107,EDI PROFESSOR ANTONIO ALFREDO MERCADANTE,2025,2024,9,287457,257320,30137,2007743.0,0.0150103872856237,0.4894912360462613,0.005083723205515,0.0202795542577814
2025,1019808,82,EDI GEÓGRAFO AZIZ AB' SABER,2025,2024,9,287457,257320,30137,2007743.0,0.0150103872856237,0.4894912360462613,0.005083723205515,0.0202795542577814
2025,1019809,48,EDI PROFESSORA CARMEN FRAGA DE ARAÚJO,2025,2024,9,287457,257320,30137,2007743.0,0.0150103872856237,0.4894912360462613,0.005083723205515,0.0202795542577814
2025,1019810,51,EDI PROFESSORA ROSELE NICOLAU JORGE COUTINHO,2025,2024,9,287457,257320,30137,2007743.0,0.0150103872856237,0.4894912360462613,0.005083723205515,0.0202795542577814
2025,1019811,55,EDI PROFESSORA RAQUEL KELLY LANERA,2025,2024,9,287457,257320,30137,2007743.0,0.0150103872856237,0.4894912360462613,0.005083723205515,0.0202795542577814
2025,1019815,92,EDI JOÃO CORRÊA,2025,2024,9,287457,257320,30137,2007743.0,0.0150103872856237,0.4894912360462613,0.005083723205515,0.0202795542577814
2025,1019818,41,EDI RENÉE BISCAIA RAPOSO,2025,2024,9,287457,257320,30137,2007743.0,0.0150103872856237,0.4894912360462613,0.005083723205515,0.0202795542577814
2025,1019820,54,EDI INAIÁ WANDERLEY CARMO,2025,2024,9,287457,257320,30137,2007743.0,0.0150103872856237,0.4894912360462613,0.005083723205515,0.0202795542577814
2025,1019821,120,EDI PROFESSORA SOLANGE INÁCIA DE SÁ DE LACERDA,2025,2024,9,287457,257320,30137,2007743.0,0.0150103872856237,0.4894912360462613,0.005083723205515,0.0202795542577814
2025,1019822,36,EDI PROFESSORA KATIA MIRANDA SANTOS,2025,2024,9,287457,257320,30137,2007743.0,0.0150103872856237,0.4894912360462613,0.005083723205515,0.0202795542577814
2025,1019824,26,EDI PROFESSORA LILIA CHAVES DA COSTA,2025,2024,9,287457,257320,30137,2007743.0,0.0150103872856237,0.4894912360462613,0.005083723205515,0.0202795542577814
2025,1019826,140,EDI THAMIRIS DE ANDRADE DA SILVA SANTOS,2025,2024,9,287457,257320,30137,2007743.0,0.0150103872856237,0.4894912360462613,0.005083723205515,0.0202795542577814
2025,1019827,200,EDI MEDALHISTA OLÍMPICA POLIANA OKIMOTO,2025,2024,9,287457,257320,30137,2007743.0,0.0150103872856237,0.4894912360462613,0.005083723205515,0.0202795542577814
2025,1019828,171,EDI MEDALHISTA OLÍMPICO ERLON DE SOUZA SILVA,2025,2024,9,287457,257320,30137,2007743.0,0.0150103872856237,0.4894912360462613,0.005083723205515,0.0202795542577814
2025,1019829,94,EDI ERASMO CARLOS,2025,2024,9,287457,257320,30137,2007743.0,0.0150103872856237,0.4894912360462613,0.005083723205515,0.0202795542577814
2025,1019830,109,EDI GAL COSTA,2025,2024,9,287457,257320,30137,2007743.0,0.0150103872856237,0.4894912360462613,0.005083723205515,0.0202795542577814
2025,1019831,218,EDI PROFESSORA MARIA MESQUITA DE SIQUEIRA,2025,2024,9,287457,257320,30137,2007743.0,0.0150103872856237,0.4894912360462613,0.005083723205515,0.0202795542577814
2025,102601,142,CM SEMPRE VIDA SANTO ANTÔNIO DE PÁDUA,2025,2024,9,287457,257320,30137,2007743.0,0.0150103872856237,0.4894912360462613,0.005083723205515,0.0202795542577814
2025,102602,249,CM ANA MARIA DA CRUZ SILVA,2025,2024,9,287457,257320,30137,2007743.0,0.0150103872856237,0.4894912360462613,0.005083723205515,0.0202795542577814
2025,102604,292,CM ARCO-ÍRIS,2025,2024,9,287457,257320,30137,2007743.0,0.0150103872856237,0.4894912360462613,0.005083723205515,0.0202795542577814
2025,102605,281,CM ALDEIA DOS CURUMINS,2025,2024,9,287457,257320,30137,2007743.0,0.0150103872856237,0.4894912360462613,0.005083723205515,0.0202795542577814
2025,102606,279,CM GEORGE SAVALLA GOMES - PALHAÇO CAREQUINHA,2025,2024,9,287457,257320,30137,2007743.0,0.0150103872856237,0.4894912360462613,0.005083723205515,0.0202795542577814
2025,1026601,248,CM SONHO DE CRIANÇA,2025,2024,9,287457,257320,30137,2007743.0,0.0150103872856237,0.4894912360462613,0.005083723205515,0.0202795542577814
2025,1026602,118,CM NOSSA SENHORA DA GLÓRIA,2025,2024,9,287457,257320,30137,2007743.0,0.0150103872856237,0.4894912360462613,0.005083723205515,0.0202795542577814
2025,1026603,116,CM SEMPRE VIDA COLÔNIA DOS PESCADORES,2025,2024,9,287457,257320,30137,2007743.0,0.0150103872856237,0.4894912360462613,0.005083723205515,0.0202795542577814
2025,1026604,319,CM JOSEPHA FERREIRA DA COSTA,2025,2024,9,287457,257320,30137,2007743.0,0.0150103872856237,0.4894912360462613,0.005083723205515,0.0202795542577814
2025,1026801,36,EDI SAMIRA PIRES RIBEIRO,2025,2024,9,287457,257320,30137,2007743.0,0.0150103872856237,0.4894912360462613,0.005083723205515,0.0202795542577814
2025,1026802,387,EDI PROFESSOR MARCOS FLAMÍNIO PORTUGAL PINTO,2025,2024,9,287457,257320,30137,2007743.0,0.0150103872856237,0.4894912360462613,0.005083723205515,0.0202795542577814
2025,1026803,99,EDI PADRE CARLOS HENRIQUE DE SOUZA,2025,2024,9,287457,257320,30137,2007743.0,0.0150103872856237,0.4894912360462613,0.005083723205515,0.0202795542577814
2025,1026805,330,EDI MEDALHISTA OLÍMPICO IZAQUIAS QUEIROZ DOS SANTOS,2025,2024,9,287457,257320,30137,2007743.0,0.0150103872856237,0.4894912360462613,0.005083723205515,0.0202795542577814
2025,1026806,253,EDI MEDALHISTA OLÍMPICO FELIPE ALMEIDA WU,2025,2024,9,287457,257320,30137,2007743.0,0.0150103872856237,0.4894912360462613,0.005083723205515,0.0202795542577814
2025,1026807,379,EDI ALFREDO FERNANDO VAZ GUIMARÃES JÚNIOR,2025,2024,9,287457,257320,30137,2007743.0,0.0150103872856237,0.4894912360462613,0.005083723205515,0.0202795542577814
2025,1026809,238,EDI MEDALHISTA PARALÍMPICO RICARDO COSTA DE OLIVEIRA,2025,2024,9,287457,257320,30137,2007743.0,0.0150103872856237,0.4894912360462613,0.005083723205515,0.0202795542577814
2025,1026810,331,EDI ALCEBÍADES FRANCISCO ROSA,2025,2024,9,287457,257320,30137,2007743.0,0.0150103872856237,0.4894912360462613,0.005083723205515,0.0202795542577814
2025,1026811,43,EDI GERMANO THOMÉ DE OLIVEIRA,2025,2024,9,287457,257320,30137,2007743.0,0.0150103872856237,0.4894912360462613,0.005083723205515,0.0202795542577814
2025,102802,31,EDI CAMPOS SALLES,2025,2024,9,287457,257320,30137,2007743.0,0.0150103872856237,0.4894912360462613,0.005083723205515,0.0202795542577814
2025,102803,53,EDI RACHEL DE QUEIROZ,2025,2024,9,287457,257320,30137,2007743.0,0.0150103872856237,0.4894912360462613,0.005083723205515,0.0202795542577814
2025,103601,51,CM ESPAÇO LIVRE DA CRIANÇA,2025,2024,9,287457,257320,30137,2007743.0,0.0150103872856237,0.4894912360462613,0.005083723205515,0.0202795542577814
2025,103602,87,CM DIREITOS HUMANOS,2025,2024,9,287457,257320,30137,2007743.0,0.0150103872856237,0.4894912360462613,0.005083723205515,0.0202795542577814
2025,103604,107,CM SONHO INFANTIL,2025,2024,9,287457,257320,30137,2007743.0,0.0150103872856237,0.4894912360462613,0.005083723205515,0.0202795542577814
2025,103605,123,CM BRINCADEIRAS DE CRIANÇA,2025,2024,9,287457,257320,30137,2007743.0,0.0150103872856237,0.4894912360462613,0.005083723205515,0.0202795542577814
2025,103606,102,CM CAMPOS DA PAZ,2025,2024,9,287457,257320,30137,2007743.0,0.0150103872856237,0.4894912360462613,0.005083723205515,0.0202795542577814
2025,103607,227,CM ESTÁCIO DE SÁ,2025,2024,9,287457,257320,30137,2007743.0,0.0150103872856237,0.4894912360462613,0.005083723205515,0.0202795542577814
2025,103801,134,EDI PROFESSORA SIMONE SOUSA PIMENTEL,2025,2024,9,287457,257320,30137,2007743.0,0.0150103872856237,0.4894912360462613,0.005083723205515,0.0202795542577814
2025,103802,175,EDI LILY MARINHO,2025,2024,9,287457,257320,30137,2007743.0,0.0150103872856237,0.4894912360462613,0.005083723205515,0.0202795542577814
2025,103804,73,EDI ZÉLIA GATTAI AMADO,2025,2024,9,287457,257320,30137,2007743.0,0.0150103872856237,0.4894912360462613,0.005083723205515,0.0202795542577814
2025,103805,86,EDI BEATRIZ VICÊNCIA BANDEIRA RYFF,2025,2024,9,287457,257320,30137,2007743.0,0.0150103872856237,0.4894912360462613,0.005083723205515,0.0202795542577814
2025,103806,19,EDI FUNDAÇÃO LEÃO XIII,2025,2024,9,287457,257320,30137,2007743.0,0.0150103872856237,0.4894912360462613,0.005083723205515,0.0202795542577814
2025,103807,232,EDI MARIA LUIZA NOBRE - TIA LUIZINHA,2025,2024,9,287457,257320,30137,2007743.0,0.0150103872856237,0.4894912360462613,0.005083723205515,0.0202795542577814
2025,107601,67,CM ADALBERTO ISMAEL DE SOUZA,2025,2024,9,287457,257320,30137,2007743.0,0.0150103872856237,0.4894912360462613,0.005083723205515,0.0202795542577814
2025,107602,188,CM DEPUTADO LUIZ EDUARDO DE MAGALHÃES,2025,2024,9,287457,257320,30137,2007743.0,0.0150103872856237,0.4894912360462613,0.005083723205515,0.0202795542577814
2025,107603,130,CM VOVÓ LUCÍOLA,2025,2024,9,287457,257320,30137,2007743.0,0.0150103872856237,0.4894912360462613,0.005083723205515,0.0202795542577814
2025,107604,174,CM HOMERO JOSÉ DOS SANTOS,2025,2024,9,287457,257320,30137,2007743.0,0.0150103872856237,0.4894912360462613,0.005083723205515,0.0202795542577814
2025,107605,152,CM EDUARDO MOREIRA DOS SANTOS,2025,2024,9,287457,257320,30137,2007743.0,0.0150103872856237,0.4894912360462613,0.005083723205515,0.0202795542577814
2025,107606,154,CM FRANCISCO ALVES,2025,2024,9,287457,257320,30137,2007743.0,0.0150103872856237,0.4894912360462613,0.005083723205515,0.0202795542577814
2025,107607,175,CM NAÇÃO MANGUEIRENSE,2025,2024,9,287457,257320,30137,2007743.0,0.0150103872856237,0.4894912360462613,0.005083723205515,0.0202795542577814
2025,107608,138,CM SAMORA MACHEL,2025,2024,9,287457,257320,30137,2007743.0,0.0150103872856237,0.4894912360462613,0.005083723205515,0.0202795542577814
2025,107609,239,CM VASQUINHO,2025,2024,9,287457,257320,30137,2007743.0,0.0150103872856237,0.4894912360462613,0.005083723205515,0.0202795542577814
2025,107610,335,CM ARARA AZUL,2025,2024,9,287457,257320,30137,2007743.0,0.0150103872856237,0.4894912360462613,0.005083723205515,0.0202795542577814
2025,107801,48,EDI PROFESSORA DAYSE MALAGOLE,2025,2024,9,287457,257320,30137,2007743.0,0.0150103872856237,0.4894912360462613,0.005083723205515,0.0202795542577814
2025,107802,16,EDI MORRO DOS TELÉGRAFOS,2025,2024,9,287457,257320,30137,2007743.0,0.0150103872856237,0.4894912360462613,0.005083723205515,0.0202795542577814
2025,107803,45,EDI DOIS DE JULHO,2025,2024,9,287457,257320,30137,2007743.0,0.0150103872856237,0.4894912360462613,0.005083723205515,0.0202795542577814
2025,11001,118,CP CRECHE COMUNITÁRIA ALEGRIA DA CRIANÇA,2025,2024,9,287457,257320,30137,2007743.0,0.0150103872856237,0.4894912360462613,0.005083723205515,0.0202795542577814
2025,11003,215,CP AMIG - ASSOCIAÇÃO DOS MORADORES DA ILHA DO GOVERNADOR,2025,2024,9,287457,257320,30137,2007743.0,0.0150103872856237,0.4894912360462613,0.005083723205515,0.0202795542577814
2025,11004,237,CP CENTRO DE ATIVIDADES EDUCACIONAIS E CULTURAIS ARCA DE NOÉ - CAECAN,2025,2024,9,287457,257320,30137,2007743.0,0.0150103872856237,0.4894912360462613,0.005083723205515,0.0202795542577814
2025,11006,391,CP CRECHE CASULO DO DENDÊ,2025,2024,9,287457,257320,30137,2007743.0,0.0150103872856237,0.4894912360462613,0.005083723205515,0.0202795542577814
2025,11007,135,CP CRECHE ESFERA KIDS,2025,2024,9,287457,257320,30137,2007743.0,0.0150103872856237,0.4894912360462613,0.005083723205515,0.0202795542577814
2025,11008,213,CP FILIAL BANCÁRIOS - RJ,2025,2024,9,287457,257320,30137,2007743.0,0.0150103872856237,0.4894912360462613,0.005083723205515,0.0202795542577814
2025,11009,147,CP CRECHE COMUNITÁRIA IRMÃ MOROCHA (CCIM),2025,2024,9,287457,257320,30137,2007743.0,0.0150103872856237,0.4894912360462613,0.005083723205515,0.0202795542577814
2025,11010,54,CP CHALÉ SEMENTINHA (ILHA DO GOVERNADOR),2025,2024,9,287457,257320,30137,2007743.0,0.0150103872856237,0.4894912360462613,0.005083723205515,0.0202795542577814
2025,1120201,34,CIEP OLGA BENÁRIO PRESTES,2025,2024,9,287457,257320,30137,2007743.0,0.0150103872856237,0.4894912360462613,0.005083723205515,0.0202795542577814
2025,1120601,289,CM STELLA MARIS,2025,2024,9,287457,257320,30137,2007743.0,0.0150103872856237,0.4894912360462613,0.005083723205515,0.0202795542577814
2025,1120602,274,CM CORA CORALINA,2025,2024,9,287457,257320,30137,2007743.0,0.0150103872856237,0.4894912360462613,0.005083723205515,0.0202795542577814
2025,1120603,294,CM DOUTOR ANTÔNIO MONTEIRO,2025,2024,9,287457,257320,30137,2007743.0,0.0150103872856237,0.4894912360462613,0.005083723205515,0.0202795542577814
2025,1120604,194,CM MARIA ARMINDA F. SOUZA AGUIAR,2025,2024,9,287457,257320,30137,2007743.0,0.0150103872856237,0.4894912360462613,0.005083723205515,0.0202795542577814
2025,1120605,264,CM SEMPRE VIDA LORETO,2025,2024,9,287457,257320,30137,2007743.0,0.0150103872856237,0.4894912360462613,0.005083723205515,0.0202795542577814
2025,1120606,364,CM TAUÁ,2025,2024,9,287457,257320,30137,2007743.0,0.0150103872856237,0.4894912360462613,0.005083723205515,0.0202795542577814
2025,1120801,135,EDI JOSÉ DE SOUZA RAMOS,2025,2024,9,287457,257320,30137,2007743.0,0.0150103872856237,0.4894912360462613,0.005083723205515,0.0202795542577814
2025,1120802,197,EDI NEUSA MARIA GOULART BRIZOLA,2025,2024,9,287457,257320,30137,2007743.0,0.0150103872856237,0.4894912360462613,0.005083723205515,0.0202795542577814
2025,1120804,178,EDI PROFESSORA ANNA MARIA JESUS CONCEICAO,2025,2024,9,287457,257320,30137,2007743.0,0.0150103872856237,0.4894912360462613,0.005083723205515,0.0202795542577814
2025,121001,56,EM JOAQUIM MANUEL DE MACEDO,2025,2024,9,287457,257320,30137,2007743.0,0.0150103872856237,0.4894912360462613,0.005083723205515,0.0202795542577814
2025,123601,130,CM JOSÉ MARINHO DE OLIVEIRA,2025,2024,9,287457,257320,30137,2007743.0,0.0150103872856237,0.4894912360462613,0.005083723205515,0.0202795542577814
2025,123603,92,CM FALLET,2025,2024,9,287457,257320,30137,2007743.0,0.0150103872856237,0.4894912360462613,0.005083723205515,0.0202795542577814
2025,123801,14,EDI HELOÍSA MARINHO,2025,2024,9,287457,257320,30137,2007743.0,0.0150103872856237,0.4894912360462613,0.005083723205515,0.0202795542577814
2025,2001,62,CP CRECHE ESPAÇO SEMENTE,2025,2024,9,287457,257320,30137,2007743.0,0.0150103872856237,0.4894912360462613,0.005083723205515,0.0202795542577814
2025,2002,38,CP EDUCANDÁRIO CASA DE JACIRA,2025,2024,9,287457,257320,30137,2007743.0,0.0150103872856237,0.4894912360462613,0.005083723205515,0.0202795542577814
2025,2003,135,CP CENTRO COMUNITÁRIO DA RUA UM UNIÃO FAZ A FORÇA,2025,2024,9,287457,257320,30137,2007743.0,0.0150103872856237,0.4894912360462613,0.005083723205515,0.0202795542577814
2025,2004,293,CP AÇÃO SOCIAL PADRE ANCHIETA - ASPA,2025,2024,9,287457,257320,30137,2007743.0,0.0150103872856237,0.4894912360462613,0.005083723205515,0.0202795542577814
2025,2005,61,CP ESCOLA COMUNITÁRIA DO CANTAGALO,2025,2024,9,287457,257320,30137,2007743.0,0.0150103872856237,0.4894912360462613,0.005083723205515,0.0202795542577814
2025,2006,73,CP CRECHE PRÉ-ESCOLA COMUNITÁRIA DOIS IRMÃOS,2025,2024,9,287457,257320,30137,2007743.0,0.0150103872856237,0.4894912360462613,0.005083723205515,0.0202795542577814
2025,2009,137,CP ABRIGO TERESA DE JESUS,2025,2024,9,287457,257320,30137,2007743.0,0.0150103872856237,0.4894912360462613,0.005083723205515,0.0202795542577814
2025,2010,141,CP CRECHE PATINHO FELIZ,2025,2024,9,287457,257320,30137,2007743.0,0.0150103872856237,0.4894912360462613,0.005083723205515,0.0202795542577814
2025,2011,80,CP SOCIEDADE CIVIL DE ASSISTÊNCIA A MENORES - CASA DA DINDA,2025,2024,9,287457,257320,30137,2007743.0,0.0150103872856237,0.4894912360462613,0.005083723205515,0.0202795542577814
2025,2012,107,CP GRUPO COMUNITÁRIO CRECHE ESCOLA TIA MAURA,2025,2024,9,287457,257320,30137,2007743.0,0.0150103872856237,0.4894912360462613,0.005083723205515,0.0202795542577814
2025,2013,57,CP CENTRO DE EDUCAÇÃO INFANTIL CRISTO REDENTOR,2025,2024,9,287457,257320,30137,2007743.0,0.0150103872856237,0.4894912360462613,0.005083723205515,0.0202795542577814
2025,2014,114,CP CRUZADA PELA INFÂNCIA DO LEME,2025,2024,9,287457,257320,30137,2007743.0,0.0150103872856237,0.4894912360462613,0.005083723205515,0.0202795542577814
2025,2015,127,CP CRECHE SANT ANNA,2025,2024,9,287457,257320,30137,2007743.0,0.0150103872856237,0.4894912360462613,0.005083723205515,0.0202795542577814
2025,2016,184,CP CASA MATERNAL MELLO MATTOS,2025,2024,9,287457,257320,30137,2007743.0,0.0150103872856237,0.4894912360462613,0.005083723205515,0.0202795542577814
2025,2018,84,CP FUNDAÇÃO CASA SANTA IGNEZ,2025,2024,9,287457,257320,30137,2007743.0,0.0150103872856237,0.4894912360462613,0.005083723205515,0.0202795542577814
2025,2019,45,CP UNIDAS - OBRAS SOCIAIS UNIDAS DE SANTA MARTA,2025,2024,9,287457,257320,30137,2007743.0,0.0150103872856237,0.4894912360462613,0.005083723205515,0.0202795542577814
2025,2020,104,CP CASA ESPÍRITA CRISTÃ MARIA DE NAZARÉ,2025,2024,9,287457,257320,30137,2007743.0,0.0150103872856237,0.4894912360462613,0.005083723205515,0.0202795542577814
2025,2022,49,CP CRECHE CHAPEUZINHO MARROM,2025,2024,9,287457,257320,30137,2007743.0,0.0150103872856237,0.4894912360462613,0.005083723205515,0.0202795542577814
2025,2024,11,CP CRECHE ESCADINHA DO SABER,2025,2024,9,287457,257320,30137,2007743.0,0.0150103872856237,0.4894912360462613,0.005083723205515,0.0202795542577814
2025,2025,238,CP CRECHE BEZERRA DE MENEZES - BOTAFOGO,2025,2024,9,287457,257320,30137,2007743.0,0.0150103872856237,0.4894912360462613,0.005083723205515,0.0202795542577814
2025,2026,63,CP CRECHE MONSENHOR FRANCA,2025,2024,9,287457,257320,30137,2007743.0,0.0150103872856237,0.4894912360462613,0.005083723205515,0.0202795542577814
2025,2028,155,CP OBRAS SOCIAIS PADRE ALEIXO,2025,2024,9,287457,257320,30137,2007743.0,0.0150103872856237,0.4894912360462613,0.005083723205515,0.0202795542577814
2025,2029,416,CP CASA DA CRIANÇA,2025,2024,9,287457,257320,30137,2007743.0,0.0150103872856237,0.4894912360462613,0.005083723205515,0.0202795542577814
2025,2031,86,CP CENTRO COMUNITÁRIO ALEGRIA DAS CRIANÇAS,2025,2024,9,287457,257320,30137,2007743.0,0.0150103872856237,0.4894912360462613,0.005083723205515,0.0202795542577814
2025,2032,71,CP PATRONATO OPERÁRIO DA GÁVEA,2025,2024,9,287457,257320,30137,2007743.0,0.0150103872856237,0.4894912360462613,0.005083723205515,0.0202795542577814
2025,2034,76,CP CENTRO SOCIAL DA MULHER UÊGA,2025,2024,9,287457,257320,30137,2007743.0,0.0150103872856237,0.4894912360462613,0.005083723205515,0.0202795542577814
2025,2035,82,CP CENTRO SOCIAL E AÍ COMO É QUE FICA ?,2025,2024,9,287457,257320,30137,2007743.0,0.0150103872856237,0.4894912360462613,0.005083723205515,0.0202795542577814
2025,2036,177,CP CRECHE BERÇÁRIO MARIA HELENA DA ROCINHA,2025,2024,9,287457,257320,30137,2007743.0,0.0150103872856237,0.4894912360462613,0.005083723205515,0.0202795542577814
2025,2037,176,CP CRECHE COMUNITÁRIA CANTINHO DA NATUREZA,2025,2024,9,287457,257320,30137,2007743.0,0.0150103872856237,0.4894912360462613,0.005083723205515,0.0202795542577814
2025,2038,45,CP CRECHE CHÁCARA DO CÉU,2025,2024,9,287457,257320,30137,2007743.0,0.0150103872856237,0.4894912360462613,0.005083723205515,0.0202795542577814
2025,2039,268,CP CRECHE ESCOLA MENINOS DE LUZ,2025,2024,9,287457,257320,30137,2007743.0,0.0150103872856237,0.4894912360462613,0.005083723205515,0.0202795542577814
2025,2040,123,CP CRECHE MARIA MARIA,2025,2024,9,287457,257320,30137,2007743.0,0.0150103872856237,0.4894912360462613,0.005083723205515,0.0202795542577814
2025,2041,80,CP CRECHE E PRÉ-ESCOLA COMUNITÁRIA DO 199 PINGO DE GENTE,2025,2024,9,287457,257320,30137,2007743.0,0.0150103872856237,0.4894912360462613,0.005083723205515,0.0202795542577814
2025,2042,133,CP CRECHE SANTA CLARA,2025,2024,9,287457,257320,30137,2007743.0,0.0150103872856237,0.4894912360462613,0.005083723205515,0.0202795542577814
2025,2043,124,CP CRECHE SANTA MÔNICA,2025,2024,9,287457,257320,30137,2007743.0,0.0150103872856237,0.4894912360462613,0.005083723205515,0.0202795542577814
2025,2044,89,CP CRECHE SÃO COSME E SÃO DAMIÃO,2025,2024,9,287457,257320,30137,2007743.0,0.0150103872856237,0.4894912360462613,0.005083723205515,0.0202795542577814
2025,2045,63,CP CREI - CENTRO DE RECUPERAÇÃO INFANTIL,2025,2024,9,287457,257320,30137,2007743.0,0.0150103872856237,0.4894912360462613,0.005083723205515,0.0202795542577814
2025,2046,207,CP ESPAÇO SANTA TEREZINHA - EST,2025,2024,9,287457,257320,30137,2007743.0,0.0150103872856237,0.4894912360462613,0.005083723205515,0.0202795542577814
2025,204601,58,CM TIA AMÁLIA,2025,2024,9,287457,257320,30137,2007743.0,0.0150103872856237,0.4894912360462613,0.005083723205515,0.0202795542577814
2025,204602,587,CM ARACY GUIMARÃES ROSA,2025,2024,9,287457,257320,30137,2007743.0,0.0150103872856237,0.4894912360462613,0.005083723205515,0.0202795542577814
2025,2047,66,CP GRUPO COMUNITÁRIO MORRO DA ALEGRIA,2025,2024,9,287457,257320,30137,2007743.0,0.0150103872856237,0.4894912360462613,0.005083723205515,0.0202795542577814
2025,2048,212,CP LAR CANTINHO FELIZ,2025,2024,9,287457,257320,30137,2007743.0,0.0150103872856237,0.4894912360462613,0.005083723205515,0.0202795542577814
2025,204804,30,EDI PROFESSORA SARITA KONDER,2025,2024,9,287457,257320,30137,2007743.0,0.0150103872856237,0.4894912360462613,0.005083723205515,0.0202795542577814
2025,204805,188,EDI CLAUDIO CAVALCANTI,2025,2024,9,287457,257320,30137,2007743.0,0.0150103872856237,0.4894912360462613,0.005083723205515,0.0202795542577814
2025,204806,133,EDI IRMA MARGARITA ALARCON,2025,2024,9,287457,257320,30137,2007743.0,0.0150103872856237,0.4894912360462613,0.005083723205515,0.0202795542577814
2025,2049,285,CP OBRA DO BERÇO,2025,2024,9,287457,257320,30137,2007743.0,0.0150103872856237,0.4894912360462613,0.005083723205515,0.0202795542577814
2025,2052,137,CP CRECHE CASA SANTA MARTA,2025,2024,9,287457,257320,30137,2007743.0,0.0150103872856237,0.4894912360462613,0.005083723205515,0.0202795542577814
2025,2053,184,CP CRECHE ESPERANÇA,2025,2024,9,287457,257320,30137,2007743.0,0.0150103872856237,0.4894912360462613,0.005083723205515,0.0202795542577814
2025,2054,78,CP UNIÃO DE MULHERES PRO-MELHORAMENTO DA ROUPA SUJA,2025,2024,9,287457,257320,30137,2007743.0,0.0150103872856237,0.4894912360462613,0.005083723205515,0.0202795542577814
2025,2055,136,CP CRECHE CASA DO POBRE DE NOSSA SENHORA DE COPACABANA,2025,2024,9,287457,257320,30137,2007743.0,0.0150103872856237,0.4894912360462613,0.005083723205515,0.0202795542577814
2025,2056,70,CP CRECHE SANTA CLARA DE ASSIS NA PROVIDÊNCIA DE DEUS,2025,2024,9,287457,257320,30137,2007743.0,0.0150103872856237,0.4894912360462613,0.005083723205515,0.0202795542577814
2025,205601,425,CM IRMÃS BAPTISTA,2025,2024,9,287457,257320,30137,2007743.0,0.0150103872856237,0.4894912360462613,0.005083723205515,0.0202795542577814
2025,205602,181,CM TIA SONIA CRISPINIANO,2025,2024,9,287457,257320,30137,2007743.0,0.0150103872856237,0.4894912360462613,0.005083723205515,0.0202795542577814
2025,2057,37,CP CENTRO EDUCACIONAL ESPERANÇA,2025,2024,9,287457,257320,30137,2007743.0,0.0150103872856237,0.4894912360462613,0.005083723205515,0.0202795542577814
2025,2058,82,CP NASCEER - NÚCLEO DE ASSIST. SOCIAL CULTURAL EDUC. ECOLÓGICO DA ROCINHA,2025,2024,9,287457,257320,30137,2007743.0,0.0150103872856237,0.4894912360462613,0.005083723205515,0.0202795542577814
2025,205801,90,EDI DONA MARCELA,2025,2024,9,287457,257320,30137,2007743.0,0.0150103872856237,0.4894912360462613,0.005083723205515,0.0202795542577814
2025,2060,138,CP ASSOCIAÇÃO CENTRO EDUCACIONAL REBRAL - ROCINHA,2025,2024,9,287457,257320,30137,2007743.0,0.0150103872856237,0.4894912360462613,0.005083723205515,0.0202795542577814
2025,2061,60,CP CRECHE INSTITUTO MACINTYRE,2025,2024,9,287457,257320,30137,2007743.0,0.0150103872856237,0.4894912360462613,0.005083723205515,0.0202795542577814
2025,2062,13,CP CENTRO EDUCACIONAL ROUPA FELIZ,2025,2024,9,287457,257320,30137,2007743.0,0.0150103872856237,0.4894912360462613,0.005083723205515,0.0202795542577814
2025,2063,66,CP CRECHE ANJOS DO BEM,2025,2024,9,287457,257320,30137,2007743.0,0.0150103872856237,0.4894912360462613,0.005083723205515,0.0202795542577814
2025,206601,74,CM DOUTOR SOBRAL PINTO,2025,2024,9,287457,257320,30137,2007743.0,0.0150103872856237,0.4894912360462613,0.005083723205515,0.0202795542577814
2025,206602,139,CM VIDIGAL,2025,2024,9,287457,257320,30137,2007743.0,0.0150103872856237,0.4894912360462613,0.005083723205515,0.0202795542577814
2025,206603,88,CM JACÓ INÁCIO GOMES,2025,2024,9,287457,257320,30137,2007743.0,0.0150103872856237,0.4894912360462613,0.005083723205515,0.0202795542577814
2025,206605,121,CM DOUTOR PEDRO BLOCH,2025,2024,9,287457,257320,30137,2007743.0,0.0150103872856237,0.4894912360462613,0.005083723205515,0.0202795542577814
2025,206606,196,CM ELZA MACHADO DOS SANTOS - TIA ELZA,2025,2024,9,287457,257320,30137,2007743.0,0.0150103872856237,0.4894912360462613,0.005083723205515,0.0202795542577814
2025,208601,82,CM CASA BRANCA - PROFESSOR PAULO FREIRE,2025,2024,9,287457,257320,30137,2007743.0,0.0150103872856237,0.4894912360462613,0.005083723205515,0.0202795542577814
2025,208603,85,CM RAÍZES DO SALGUEIRO,2025,2024,9,287457,257320,30137,2007743.0,0.0150103872856237,0.4894912360462613,0.005083723205515,0.0202795542577814
2025,208604,89,CM TIA BELA,2025,2024,9,287457,257320,30137,2007743.0,0.0150103872856237,0.4894912360462613,0.005083723205515,0.0202795542577814
2025,208605,30,CM TIA MARIA,2025,2024,9,287457,257320,30137,2007743.0,0.0150103872856237,0.4894912360462613,0.005083723205515,0.0202795542577814
2025,208606,48,CM DOUTOR RONALDO LUIZ GAZOLLA,2025,2024,9,287457,257320,30137,2007743.0,0.0150103872856237,0.4894912360462613,0.005083723205515,0.0202795542577814
2025,208607,57,CM DOS SONHOS,2025,2024,9,287457,257320,30137,2007743.0,0.0150103872856237,0.4894912360462613,0.005083723205515,0.0202795542577814
2025,208608,181,CM DOUTOR SÉRGIO AROUCA,2025,2024,9,287457,257320,30137,2007743.0,0.0150103872856237,0.4894912360462613,0.005083723205515,0.0202795542577814
2025,208801,70,EDI IGOR MORAES DA SILVA,2025,2024,9,287457,257320,30137,2007743.0,0.0150103872856237,0.4894912360462613,0.005083723205515,0.0202795542577814
2025,208803,58,EDI BOREL,2025,2024,9,287457,257320,30137,2007743.0,0.0150103872856237,0.4894912360462613,0.005083723205515,0.0202795542577814
2025,209601,101,CM PIPA NO CÉU,2025,2024,9,287457,257320,30137,2007743.0,0.0150103872856237,0.4894912360462613,0.005083723205515,0.0202795542577814
2025,209602,152,CM CANTINHO DO CÉU,2025,2024,9,287457,257320,30137,2007743.0,0.0150103872856237,0.4894912360462613,0.005083723205515,0.0202795542577814
2025,209603,46,CM GALDINO MANOEL DA SILVA,2025,2024,9,287457,257320,30137,2007743.0,0.0150103872856237,0.4894912360462613,0.005083723205515,0.0202795542577814
2025,209604,56,CM NOVA DIVINÉIA,2025,2024,9,287457,257320,30137,2007743.0,0.0150103872856237,0.4894912360462613,0.005083723205515,0.0202795542577814
2025,209605,75,CM SÃO SEBASTIÃO - ARRELIA,2025,2024,9,287457,257320,30137,2007743.0,0.0150103872856237,0.4894912360462613,0.005083723205515,0.0202795542577814
2025,209606,55,CM WINNIE MANDELA,2025,2024,9,287457,257320,30137,2007743.0,0.0150103872856237,0.4894912360462613,0.005083723205515,0.0202795542577814
2025,209607,71,CM SOLANGE MARIA MAGALHÃES,2025,2024,9,287457,257320,30137,2007743.0,0.0150103872856237,0.4894912360462613,0.005083723205515,0.0202795542577814
2025,209608,124,CM GERMINAL DA VILA,2025,2024,9,287457,257320,30137,2007743.0,0.0150103872856237,0.4894912360462613,0.005083723205515,0.0202795542577814
2025,209609,146,CM PAPA JOÃO PAULO II,2025,2024,9,287457,257320,30137,2007743.0,0.0150103872856237,0.4894912360462613,0.005083723205515,0.0202795542577814
2025,209610,92,CM FRANCISCO DE PAULA,2025,2024,9,287457,257320,30137,2007743.0,0.0150103872856237,0.4894912360462613,0.005083723205515,0.0202795542577814
2025,209803,34,EDI PROFESSORA SUELY DE PINHO CAVALCANTE,2025,2024,9,287457,257320,30137,2007743.0,0.0150103872856237,0.4894912360462613,0.005083723205515,0.0202795542577814
2025,209804,15,EDI PROFESSORA LUCIA MARIA QUITETE DE CARVALHO AMARAL,2025,2024,9,287457,257320,30137,2007743.0,0.0150103872856237,0.4894912360462613,0.005083723205515,0.0202795542577814
2025,227601,44,CM CASTELINHO,2025,2024,9,287457,257320,30137,2007743.0,0.0150103872856237,0.4894912360462613,0.005083723205515,0.0202795542577814
2025,227602,15,CM IACYRA FRAZÃO,2025,2024,9,287457,257320,30137,2007743.0,0.0150103872856237,0.4894912360462613,0.005083723205515,0.0202795542577814
2025,227801,347,EDI PROFESSORA EDIR CASEIRO RIBEIRO,2025,2024,9,287457,257320,30137,2007743.0,0.0150103872856237,0.4894912360462613,0.005083723205515,0.0202795542577814
2025,3001,161,CP ASSOCIAÇÃO PRESBITERIANA CUIDANDO DO AMANHÃ - APCA,2025,2024,9,287457,257320,30137,2007743.0,0.0150103872856237,0.4894912360462613,0.005083723205515,0.0202795542577814
2025,3002,249,CP ABRIGO MARIA IMACULADA,2025,2024,9,287457,257320,30137,2007743.0,0.0150103872856237,0.4894912360462613,0.005083723205515,0.0202795542577814
2025,3003,158,CP CASA SÃO ROQUE,2025,2024,9,287457,257320,30137,2007743.0,0.0150103872856237,0.4894912360462613,0.005083723205515,0.0202795542577814
2025,3004,85,CP CENTRO COMUNITÁRIO NOSSA SENHORA APARECIDA - CRECHE,2025,2024,9,287457,257320,30137,2007743.0,0.0150103872856237,0.4894912360462613,0.005083723205515,0.0202795542577814
2025,3005,94,CP COLÉGIO RUTH SANT ANNA / JARDIM DE INFÂNCIA CIRANDA CIRANDINHA,2025,2024,9,287457,257320,30137,2007743.0,0.0150103872856237,0.4894912360462613,0.005083723205515,0.0202795542577814
2025,3006,421,CP CRECHE CASA VIVA,2025,2024,9,287457,257320,30137,2007743.0,0.0150103872856237,0.4894912360462613,0.005083723205515,0.0202795542577814
2025,3007,85,CP CRECHE CHAMEGUINHO,2025,2024,9,287457,257320,30137,2007743.0,0.0150103872856237,0.4894912360462613,0.005083723205515,0.0202795542577814
2025,3008,105,CP CRECHE COMUNITÁRIA ELIANA SATURNINO BRAGA,2025,2024,9,287457,257320,30137,2007743.0,0.0150103872856237,0.4894912360462613,0.005083723205515,0.0202795542577814
2025,3009,46,CP CRECHE COMUNITÁRIA JOÃO FERREIRA,2025,2024,9,287457,257320,30137,2007743.0,0.0150103872856237,0.4894912360462613,0.005083723205515,0.0202795542577814
2025,3010,122,CP CRECHE ESCOLA COMUNITÁRIA MÃE SOCIAL,2025,2024,9,287457,257320,30137,2007743.0,0.0150103872856237,0.4894912360462613,0.005083723205515,0.0202795542577814
2025,3011,44,CP CRECHE DO CENTRO PASTORAL SOCIAL PADRE JUSTINO RUSSOLILLO,2025,2024,9,287457,257320,30137,2007743.0,0.0150103872856237,0.4894912360462613,0.005083723205515,0.0202795542577814
2025,3012,328,CP CRECHE MÃE DO DIVINO SALVADOR,2025,2024,9,287457,257320,30137,2007743.0,0.0150103872856237,0.4894912360462613,0.005083723205515,0.0202795542577814
2025,3013,179,CP CRECHE DO JACAREZINHO,2025,2024,9,287457,257320,30137,2007743.0,0.0150103872856237,0.4894912360462613,0.005083723205515,0.0202795542577814
2025,3014,584,CP CRECHE PLANTANDO O AMANHÃ,2025,2024,9,287457,257320,30137,2007743.0,0.0150103872856237,0.4894912360462613,0.005083723205515,0.0202795542577814
2025,3015,68,CP CRECHE MARIETTA NAVARRO GAIO,2025,2024,9,287457,257320,30137,2007743.0,0.0150103872856237,0.4894912360462613,0.005083723205515,0.0202795542577814
2025,3016,80,CP CRECHE SÃO PEDRO NOLASCO,2025,2024,9,287457,257320,30137,2007743.0,0.0150103872856237,0.4894912360462613,0.005083723205515,0.0202795542577814
2025,3017,43,CP CRECHE TERNURINHA,2025,2024,9,287457,257320,30137,2007743.0,0.0150103872856237,0.4894912360462613,0.005083723205515,0.0202795542577814
2025,3018,42,CP FRATERNIDADE ASSISTENCIAL CRISTÃ,2025,2024,9,287457,257320,30137,2007743.0,0.0150103872856237,0.4894912360462613,0.005083723205515,0.0202795542577814
2025,3019,202,CP INSTITUTO EDUCACIONAL CRESCENDO E APRENDENDO ALGODÃO DOCE,2025,2024,9,287457,257320,30137,2007743.0,0.0150103872856237,0.4894912360462613,0.005083723205515,0.0202795542577814
2025,3020,118,CP LAR DA CRIANÇA JESUS BOM PASTOR,2025,2024,9,287457,257320,30137,2007743.0,0.0150103872856237,0.4894912360462613,0.005083723205515,0.0202795542577814
2025,3021,199,CP CRECHE COMUNITÁRIA TIA ALICE,2025,2024,9,287457,257320,30137,2007743.0,0.0150103872856237,0.4894912360462613,0.005083723205515,0.0202795542577814
2025,3022,257,CP INSTITUTO AVANTE ELITE DO FUTURO,2025,2024,9,287457,257320,30137,2007743.0,0.0150103872856237,0.4894912360462613,0.005083723205515,0.0202795542577814
2025,3023,49,CP LAR DE MARIA DOLORES,2025,2024,9,287457,257320,30137,2007743.0,0.0150103872856237,0.4894912360462613,0.005083723205515,0.0202795542577814
2025,3024,191,CP CASA DE LEYLÁ,2025,2024,9,287457,257320,30137,2007743.0,0.0150103872856237,0.4894912360462613,0.005083723205515,0.0202795542577814
2025,3025,486,CP CENTRO CULTURAL EDUCAR - UNIDADE II,2025,2024,9,287457,257320,30137,2007743.0,0.0150103872856237,0.4894912360462613,0.005083723205515,0.0202795542577814
2025,3026,504,CP CHALÉ SEMENTINHA,2025,2024,9,287457,257320,30137,2007743.0,0.0150103872856237,0.4894912360462613,0.005083723205515,0.0202795542577814
2025,3027,239,CP CENTRO CULTURAL EDUCAR - UNIDADE IV,2025,2024,9,287457,257320,30137,2007743.0,0.0150103872856237,0.4894912360462613,0.005083723205515,0.0202795542577814
2025,3028,299,CP ESTRELINHA DO MAR,2025,2024,9,287457,257320,30137,2007743.0,0.0150103872856237,0.4894912360462613,0.005083723205515,0.0202795542577814
2025,3029,179,CP CRECHE BRINCANDO COM JUNINHO,2025,2024,9,287457,257320,30137,2007743.0,0.0150103872856237,0.4894912360462613,0.005083723205515,0.0202795542577814
2025,3030,65,CP CRECHE TIO KITO,2025,2024,9,287457,257320,30137,2007743.0,0.0150103872856237,0.4894912360462613,0.005083723205515,0.0202795542577814
2025,3031,110,CP ESCOLA COMUNITÁRIA JARDIM ARCO-ÍRIS - UNIDADE I,2025,2024,9,287457,257320,30137,2007743.0,0.0150103872856237,0.4894912360462613,0.005083723205515,0.0202795542577814
2025,3032,188,CP NÚCLEO RECREATIVO RAIOZINHO DE SOL,2025,2024,9,287457,257320,30137,2007743.0,0.0150103872856237,0.4894912360462613,0.005083723205515,0.0202795542577814
2025,3033,270,CP INSTITUTO EDUCACIONAL T & P CONQUISTA,2025,2024,9,287457,257320,30137,2007743.0,0.0150103872856237,0.4894912360462613,0.005083723205515,0.0202795542577814
2025,3034,129,CP CRECHE RISCO E RABISCO,2025,2024,9,287457,257320,30137,2007743.0,0.0150103872856237,0.4894912360462613,0.005083723205515,0.0202795542577814
2025,3035,76,CP CENTRO EDUCACIONAL SÃO VICENTE DE PAULO,2025,2024,9,287457,257320,30137,2007743.0,0.0150103872856237,0.4894912360462613,0.005083723205515,0.0202795542577814
2025,3036,178,CP CENTRO CULTURAL EVOLUIR,2025,2024,9,287457,257320,30137,2007743.0,0.0150103872856237,0.4894912360462613,0.005083723205515,0.0202795542577814
2025,3037,447,CP CRECHE FRUTOS DO AMANHÃ I,2025,2024,9,287457,257320,30137,2007743.0,0.0150103872856237,0.4894912360462613,0.005083723205515,0.0202795542577814
2025,3038,210,CP CRECHE FRUTOS DO AMANHÃ II,2025,2024,9,287457,257320,30137,2007743.0,0.0150103872856237,0.4894912360462613,0.005083723205515,0.0202795542577814
2025,3039,101,CP CRECHE COMUNITÁRIA CÉU AZUL,2025,2024,9,287457,257320,30137,2007743.0,0.0150103872856237,0.4894912360462613,0.005083723205515,0.0202795542577814
2025,3040,100,CP ASSOCIAÇÃO CRESCENCIO UNIDADE II,2025,2024,9,287457,257320,30137,2007743.0,0.0150103872856237,0.4894912360462613,0.005083723205515,0.0202795542577814
2025,3041,124,CP CENTRO DE DESENVOLVIMENTO INFANTIL ESPELHO D'AGUA,2025,2024,9,287457,257320,30137,2007743.0,0.0150103872856237,0.4894912360462613,0.005083723205515,0.0202795542577814
2025,312502,143,CIEP PROCÓPIO FERREIRA,2025,2024,9,287457,257320,30137,2007743.0,0.0150103872856237,0.4894912360462613,0.005083723205515,0.0202795542577814
2025,312601,228,CM CANTINHO FELIZ,2025,2024,9,287457,257320,30137,2007743.0,0.0150103872856237,0.4894912360462613,0.005083723205515,0.0202795542577814
2025,312602,244,CM ENGENHO DA RAINHA,2025,2024,9,287457,257320,30137,2007743.0,0.0150103872856237,0.4894912360462613,0.005083723205515,0.0202795542577814
2025,312603,248,CM RENASCER,2025,2024,9,287457,257320,30137,2007743.0,0.0150103872856237,0.4894912360462613,0.005083723205515,0.0202795542577814
2025,312801,186,EDI HENRIQUE FORÉIS,2025,2024,9,287457,257320,30137,2007743.0,0.0150103872856237,0.4894912360462613,0.005083723205515,0.0202795542577814
2025,312802,76,EDI LUCIA MARIA BATISTA DE ALBUQUERQUE,2025,2024,9,287457,257320,30137,2007743.0,0.0150103872856237,0.4894912360462613,0.005083723205515,0.0202795542577814
2025,312803,70,EDI PROFESSORA LUIZA HELENA MAIA MEDEIROS,2025,2024,9,287457,257320,30137,2007743.0,0.0150103872856237,0.4894912360462613,0.005083723205515,0.0202795542577814
2025,312804,129,EDI PROFESSORA TÂNIA MARTINS NOVO LENZ,2025,2024,9,287457,257320,30137,2007743.0,0.0150103872856237,0.4894912360462613,0.005083723205515,0.0202795542577814
2025,312805,273,EDI TANIA CRISTINA MOREIRA,2025,2024,9,287457,257320,30137,2007743.0,0.0150103872856237,0.4894912360462613,0.005083723205515,0.0202795542577814
2025,312806,189,EDI PROFESSORA ELIANE MONTE CHIARI DANTAS,2025,2024,9,287457,257320,30137,2007743.0,0.0150103872856237,0.4894912360462613,0.005083723205515,0.0202795542577814
2025,312809,161,EDI PROFESSORA VALÉRIA PEREIRA DE SOUZA PINTO,2025,2024,9,287457,257320,30137,2007743.0,0.0150103872856237,0.4894912360462613,0.005083723205515,0.0202795542577814
2025,312810,55,EDI MARIA MAZZETTI,2025,2024,9,287457,257320,30137,2007743.0,0.0150103872856237,0.4894912360462613,0.005083723205515,0.0202795542577814
2025,312812,152,EDI HERMENEGILDO DE BARROS,2025,2024,9,287457,257320,30137,2007743.0,0.0150103872856237,0.4894912360462613,0.005083723205515,0.0202795542577814
2025,312813,217,EDI JORNALISTA JORGE BASTOS MORENO,2025,2024,9,287457,257320,30137,2007743.0,0.0150103872856237,0.4894912360462613,0.005083723205515,0.0202795542577814
2025,313601,102,CM VILA DOS MINEIROS,2025,2024,9,287457,257320,30137,2007743.0,0.0150103872856237,0.4894912360462613,0.005083723205515,0.0202795542577814
2025,313602,76,CM ACONCHEGO,2025,2024,9,287457,257320,30137,2007743.0,0.0150103872856237,0.4894912360462613,0.005083723205515,0.0202795542577814
2025,313603,147,CM SYLVIA ORTHOF,2025,2024,9,287457,257320,30137,2007743.0,0.0150103872856237,0.4894912360462613,0.005083723205515,0.0202795542577814
2025,313604,111,CM NOSSO CANTINHO,2025,2024,9,287457,257320,30137,2007743.0,0.0150103872856237,0.4894912360462613,0.005083723205515,0.0202795542577814
2025,313606,73,CM CANTINHO DO QUETO,2025,2024,9,287457,257320,30137,2007743.0,0.0150103872856237,0.4894912360462613,0.005083723205515,0.0202795542577814
2025,313607,133,CM ODETINHA VIDAL DE OLIVEIRA,2025,2024,9,287457,257320,30137,2007743.0,0.0150103872856237,0.4894912360462613,0.005083723205515,0.0202795542577814
2025,313608,322,CM RACHEL LEITE DIAS,2025,2024,9,287457,257320,30137,2007743.0,0.0150103872856237,0.4894912360462613,0.005083723205515,0.0202795542577814
2025,313609,128,CM RECANTO DA CACHOEIRA,2025,2024,9,287457,257320,30137,2007743.0,0.0150103872856237,0.4894912360462613,0.005083723205515,0.0202795542577814
2025,313610,134,CM EMMANUEL,2025,2024,9,287457,257320,30137,2007743.0,0.0150103872856237,0.4894912360462613,0.005083723205515,0.0202795542577814
2025,313611,133,CM JOSÉ RAMOS JANUÁRIO - ZÉ PRETINHO,2025,2024,9,287457,257320,30137,2007743.0,0.0150103872856237,0.4894912360462613,0.005083723205515,0.0202795542577814
2025,313612,218,CM MARCILIA CATARINA DA COSTA ORGÉLIO - TIA MANA,2025,2024,9,287457,257320,30137,2007743.0,0.0150103872856237,0.4894912360462613,0.005083723205515,0.0202795542577814
2025,313801,101,EDI PROF. JOSÉ LIBONATI FILHO,2025,2024,9,287457,257320,30137,2007743.0,0.0150103872856237,0.4894912360462613,0.005083723205515,0.0202795542577814
2025,313802,316,EDI ANÍSIO TEIXEIRA,2025,2024,9,287457,257320,30137,2007743.0,0.0150103872856237,0.4894912360462613,0.005083723205515,0.0202795542577814
2025,313804,84,EDI GEORGE BERNANOS,2025,2024,9,287457,257320,30137,2007743.0,0.0150103872856237,0.4894912360462613,0.005083723205515,0.0202795542577814
2025,313805,160,EDI MAURÍCIO CARDOSO,2025,2024,9,287457,257320,30137,2007743.0,0.0150103872856237,0.4894912360462613,0.005083723205515,0.0202795542577814
2025,313806,28,EDI EDUCANDÁRIO DE SANTA CRUZ,2025,2024,9,287457,257320,30137,2007743.0,0.0150103872856237,0.4894912360462613,0.005083723205515,0.0202795542577814
2025,313809,123,EDI ESCULTORA LYGIA CLARK,2025,2024,9,287457,257320,30137,2007743.0,0.0150103872856237,0.4894912360462613,0.005083723205515,0.0202795542577814
2025,328601,105,CM GERALDA DE JESUS ALEIXO,2025,2024,9,287457,257320,30137,2007743.0,0.0150103872856237,0.4894912360462613,0.005083723205515,0.0202795542577814
2025,328602,214,CM TIA ANDREZA,2025,2024,9,287457,257320,30137,2007743.0,0.0150103872856237,0.4894912360462613,0.005083723205515,0.0202795542577814
2025,328604,201,CM DA COMUNIDADE DO JACAREZINHO,2025,2024,9,287457,257320,30137,2007743.0,0.0150103872856237,0.4894912360462613,0.005083723205515,0.0202795542577814
2025,328801,288,EDI PADRE NELSON CARLOS DEL MÔNACO,2025,2024,9,287457,257320,30137,2007743.0,0.0150103872856237,0.4894912360462613,0.005083723205515,0.0202795542577814
2025,329801,323,EDI DONA LINDU,2025,2024,9,287457,257320,30137,2007743.0,0.0150103872856237,0.4894912360462613,0.005083723205515,0.0202795542577814
2025,330601,220,CM JOSÉ DE VIEIRA DA SILVA,2025,2024,9,287457,257320,30137,2007743.0,0.0150103872856237,0.4894912360462613,0.005083723205515,0.0202795542577814
2025,330602,258,CM NOVA BRASÍLIA,2025,2024,9,287457,257320,30137,2007743.0,0.0150103872856237,0.4894912360462613,0.005083723205515,0.0202795542577814
2025,4001,178,CP CENTRO EDUCACIONAL APRENDIZ DA MARÉ,2025,2024,9,287457,257320,30137,2007743.0,0.0150103872856237,0.4894912360462613,0.005083723205515,0.0202795542577814
2025,4002,114,CP INSTITUTO EDUCACIONAL LUIZ ANTONIO - IELA,2025,2024,9,287457,257320,30137,2007743.0,0.0150103872856237,0.4894912360462613,0.005083723205515,0.0202795542577814
2025,4003,100,CP ASSOCIAÇÃO CIVIL CENTRO EDUCACIONAL COMUNITÁRIO ESTAÇÃO DO SABER,2025,2024,9,287457,257320,30137,2007743.0,0.0150103872856237,0.4894912360462613,0.005083723205515,0.0202795542577814
2025,4004,108,CP CRECHE DO CENTRO COMUNITÁRIO DA VILA PROLETÁRIA DA PENHA,2025,2024,9,287457,257320,30137,2007743.0,0.0150103872856237,0.4894912360462613,0.005083723205515,0.0202795542577814
2025,4005,193,CP CASA DE JOEL,2025,2024,9,287457,257320,30137,2007743.0,0.0150103872856237,0.4894912360462613,0.005083723205515,0.0202795542577814
2025,4006,92,CP COMUNIDADE INSTITUCIONAL ADULÃO TEMPO FELIZ,2025,2024,9,287457,257320,30137,2007743.0,0.0150103872856237,0.4894912360462613,0.005083723205515,0.0202795542577814
2025,4007,80,CP CRECHE CASULO BOM JESUS DA PENHA,2025,2024,9,287457,257320,30137,2007743.0,0.0150103872856237,0.4894912360462613,0.005083723205515,0.0202795542577814
2025,4008,65,CP CRECHE COMUNITÁRIA CASULO DO PARQUE PROLETÁRIO DA PENHA,2025,2024,9,287457,257320,30137,2007743.0,0.0150103872856237,0.4894912360462613,0.005083723205515,0.0202795542577814
2025,4009,59,CP CRECHE COMUNITÁRIA DE MANGUINHOS,2025,2024,9,287457,257320,30137,2007743.0,0.0150103872856237,0.4894912360462613,0.005083723205515,0.0202795542577814
2025,4010,114,CP CRECHE COMUNITÁRIA SAGRADO CORAÇÃO DE MARIA,2025,2024,9,287457,257320,30137,2007743.0,0.0150103872856237,0.4894912360462613,0.005083723205515,0.0202795542577814
2025,4011,71,CP CRECHE E PRÉ-ESCOLA NOVA JERUSALÉM,2025,2024,9,287457,257320,30137,2007743.0,0.0150103872856237,0.4894912360462613,0.005083723205515,0.0202795542577814
2025,4012,200,CP CRECHE ESCOLA MIMI I,2025,2024,9,287457,257320,30137,2007743.0,0.0150103872856237,0.4894912360462613,0.005083723205515,0.0202795542577814
2025,4013,87,CP RECANTO DA CRIANÇA FELIZ,2025,2024,9,287457,257320,30137,2007743.0,0.0150103872856237,0.4894912360462613,0.005083723205515,0.0202795542577814
2025,4014,109,CP CRECHE SAGRADO CORAÇÃO DE MARIA E SANTO ANTÔNIO,2025,2024,9,287457,257320,30137,2007743.0,0.0150103872856237,0.4894912360462613,0.005083723205515,0.0202795542577814
2025,4015,325,CP ESPAÇO DE EDUCAÇÃO INFANTIL VILA DO JOÃO,2025,2024,9,287457,257320,30137,2007743.0,0.0150103872856237,0.4894912360462613,0.005083723205515,0.0202795542577814
2025,4016,182,CP CRECHE LAR IRMÃO FRANCISCO,2025,2024,9,287457,257320,30137,2007743.0,0.0150103872856237,0.4894912360462613,0.005083723205515,0.0202795542577814
2025,4017,144,CP ASSOCIAÇÃO CENTRO EDUCACIONAL REBRAL I,2025,2024,9,287457,257320,30137,2007743.0,0.0150103872856237,0.4894912360462613,0.005083723205515,0.0202795542577814
2025,4018,149,CP SOCIEDADE DE ENSINO TEREZA CRISTINA,2025,2024,9,287457,257320,30137,2007743.0,0.0150103872856237,0.4894912360462613,0.005083723205515,0.0202795542577814
2025,4020,77,CP CENTRO CULTURAL EDUCAR,2025,2024,9,287457,257320,30137,2007743.0,0.0150103872856237,0.4894912360462613,0.005083723205515,0.0202795542577814
2025,4021,184,CP ASSOCIAÇÃO CENTRO EDUCACIONAL REBRAL II,2025,2024,9,287457,257320,30137,2007743.0,0.0150103872856237,0.4894912360462613,0.005083723205515,0.0202795542577814
2025,4022,306,CP CRECHE VALE DO SOL NO GROTÃO,2025,2024,9,287457,257320,30137,2007743.0,0.0150103872856237,0.4894912360462613,0.005083723205515,0.0202795542577814
2025,4023,106,CP CENTRO CULTURAL EDUCAR - UNIDADE III,2025,2024,9,287457,257320,30137,2007743.0,0.0150103872856237,0.4894912360462613,0.005083723205515,0.0202795542577814
2025,4024,358,CP CRECHE VALE DO SOL,2025,2024,9,287457,257320,30137,2007743.0,0.0150103872856237,0.4894912360462613,0.005083723205515,0.0202795542577814
2025,4025,189,CP CRECHE E PRÉ-ESCOLA NOVA JERUSALÉM NO CORDOVIL,2025,2024,9,287457,257320,30137,2007743.0,0.0150103872856237,0.4894912360462613,0.005083723205515,0.0202795542577814
2025,4026,40,CP CRECHE ESCOLA PATINHO ESTUDIOSO,2025,2024,9,287457,257320,30137,2007743.0,0.0150103872856237,0.4894912360462613,0.005083723205515,0.0202795542577814
2025,4027,392,CP ASSOCIAÇÃO CENTRO EDUCACIONAL REBRAL IV,2025,2024,9,287457,257320,30137,2007743.0,0.0150103872856237,0.4894912360462613,0.005083723205515,0.0202795542577814
2025,4028,92,CP CRECHE TIA NANE I,2025,2024,9,287457,257320,30137,2007743.0,0.0150103872856237,0.4894912360462613,0.005083723205515,0.0202795542577814
2025,4029,290,CP SOLZINHO,2025,2024,9,287457,257320,30137,2007743.0,0.0150103872856237,0.4894912360462613,0.005083723205515,0.0202795542577814
2025,4030,327,CP CRECHE VALE DO SOL II,2025,2024,9,287457,257320,30137,2007743.0,0.0150103872856237,0.4894912360462613,0.005083723205515,0.0202795542577814
2025,4032,377,CP ASSOCIAÇÃO CENTRO EDUCACIONAL REBRAL V,2025,2024,9,287457,257320,30137,2007743.0,0.0150103872856237,0.4894912360462613,0.005083723205515,0.0202795542577814
2025,4034,341,CP CASA DE JOEL II,2025,2024,9,287457,257320,30137,2007743.0,0.0150103872856237,0.4894912360462613,0.005083723205515,0.0202795542577814
2025,4035,178,CP INSTITUTO DE EDUCAÇÃO EUCLIDES DOS SANTOS,2025,2024,9,287457,257320,30137,2007743.0,0.0150103872856237,0.4894912360462613,0.005083723205515,0.0202795542577814
2025,4036,93,CP CRECHE GIZ COLORIDO,2025,2024,9,287457,257320,30137,2007743.0,0.0150103872856237,0.4894912360462613,0.005083723205515,0.0202795542577814
2025,4037,92,CP CRECHE ESCOLA MIMI II,2025,2024,9,287457,257320,30137,2007743.0,0.0150103872856237,0.4894912360462613,0.005083723205515,0.0202795542577814
2025,4038,227,CP ASSOCIAÇÃO CENTRO EDUCACIONAL REBRAL VIII,2025,2024,9,287457,257320,30137,2007743.0,0.0150103872856237,0.4894912360462613,0.005083723205515,0.0202795542577814
2025,4039,89,CP ASSOCIAÇÃO CENTRO EDUCACIONAL REBRAL IX,2025,2024,9,287457,257320,30137,2007743.0,0.0150103872856237,0.4894912360462613,0.005083723205515,0.0202795542577814
2025,4040,503,CP ASSOCIAÇÃO CENTRO EDUCACIONAL REBRAL X,2025,2024,9,287457,257320,30137,2007743.0,0.0150103872856237,0.4894912360462613,0.005083723205515,0.0202795542577814
2025,4041,105,CP CRECHE ESCOLA OTACÍLIO BATISTA,2025,2024,9,287457,257320,30137,2007743.0,0.0150103872856237,0.4894912360462613,0.005083723205515,0.0202795542577814
2025,4042,167,CP CENTRO CULTURAL PEDACINHO DO CÉU,2025,2024,9,287457,257320,30137,2007743.0,0.0150103872856237,0.4894912360462613,0.005083723205515,0.0202795542577814
2025,4043,104,CP ASSOCIAÇÃO COMUNITÁRIA EDUCACIONAL FLORESCER,2025,2024,9,287457,257320,30137,2007743.0,0.0150103872856237,0.4894912360462613,0.005083723205515,0.0202795542577814
2025,4044,186,CP CRECHE HOUSE BABY - BONSUCESSO,2025,2024,9,287457,257320,30137,2007743.0,0.0150103872856237,0.4894912360462613,0.005083723205515,0.0202795542577814
2025,4045,112,CP CRECHE CRIANÇA FELIZ EM LUCAS,2025,2024,9,287457,257320,30137,2007743.0,0.0150103872856237,0.4894912360462613,0.005083723205515,0.0202795542577814
2025,4046,84,CP CRECHE TIA NANE III,2025,2024,9,287457,257320,30137,2007743.0,0.0150103872856237,0.4894912360462613,0.005083723205515,0.0202795542577814
2025,4047,305,CP CRECHE VALE DO SOL III,2025,2024,9,287457,257320,30137,2007743.0,0.0150103872856237,0.4894912360462613,0.005083723205515,0.0202795542577814
2025,4048,117,CP INSTITUTO DE EDUCAÇÃO EUCLIDES DOS SANTOS II,2025,2024,9,287457,257320,30137,2007743.0,0.0150103872856237,0.4894912360462613,0.005083723205515,0.0202795542577814
2025,4049,91,CP INSTITUTO JOSEFA LAURENTINO,2025,2024,9,287457,257320,30137,2007743.0,0.0150103872856237,0.4894912360462613,0.005083723205515,0.0202795542577814
2025,4050,112,CP CENTRO EDUCACIONAL CARIOQUINHA,2025,2024,9,287457,257320,30137,2007743.0,0.0150103872856237,0.4894912360462613,0.005083723205515,0.0202795542577814
2025,410601,62,CM MANGUINHOS,2025,2024,9,287457,257320,30137,2007743.0,0.0150103872856237,0.4894912360462613,0.005083723205515,0.0202795542577814
2025,410602,27,CM DR. JUVENIL DE SOUZA LOPES,2025,2024,9,287457,257320,30137,2007743.0,0.0150103872856237,0.4894912360462613,0.005083723205515,0.0202795542577814
2025,410603,143,CM CHICO BENTO,2025,2024,9,287457,257320,30137,2007743.0,0.0150103872856237,0.4894912360462613,0.005083723205515,0.0202795542577814
2025,410801,452,EDI DOUTOR DOMINGOS ARTHUR MACHADO FILHO,2025,2024,9,287457,257320,30137,2007743.0,0.0150103872856237,0.4894912360462613,0.005083723205515,0.0202795542577814
2025,410802,187,EDI DOUTOR ANTÔNIO FERNANDES FIGUEIRA,2025,2024,9,287457,257320,30137,2007743.0,0.0150103872856237,0.4894912360462613,0.005083723205515,0.0202795542577814
2025,410803,68,EDI JOAQUIM VENÂNCIO,2025,2024,9,287457,257320,30137,2007743.0,0.0150103872856237,0.4894912360462613,0.005083723205515,0.0202795542577814
2025,410804,22,EDI SARGENTO JORGE FALEIRO SOUZA,2025,2024,9,287457,257320,30137,2007743.0,0.0150103872856237,0.4894912360462613,0.005083723205515,0.0202795542577814
2025,410805,150,EDI COMPOSITOR NEOCI DIAS DE ANDRADE,2025,2024,9,287457,257320,30137,2007743.0,0.0150103872856237,0.4894912360462613,0.005083723205515,0.0202795542577814
2025,410807,132,EDI PROFESSORA TANIA DA ROCHA CORREA,2025,2024,9,287457,257320,30137,2007743.0,0.0150103872856237,0.4894912360462613,0.005083723205515,0.0202795542577814
2025,410808,158,EDI ALMIR LEITE RIBEIRO,2025,2024,9,287457,257320,30137,2007743.0,0.0150103872856237,0.4894912360462613,0.005083723205515,0.0202795542577814
2025,410810,42,EDI MIGUEL COUTO,2025,2024,9,287457,257320,30137,2007743.0,0.0150103872856237,0.4894912360462613,0.005083723205515,0.0202795542577814
2025,411601,138,CM CARLOS DRUMMOND DE ANDRADE,2025,2024,9,287457,257320,30137,2007743.0,0.0150103872856237,0.4894912360462613,0.005083723205515,0.0202795542577814
2025,411602,94,CM TEMPO DE APRENDER,2025,2024,9,287457,257320,30137,2007743.0,0.0150103872856237,0.4894912360462613,0.005083723205515,0.0202795542577814
2025,411603,108,CM MORRO DA PAZ,2025,2024,9,287457,257320,30137,2007743.0,0.0150103872856237,0.4894912360462613,0.005083723205515,0.0202795542577814
2025,411604,11,CM BETINHO,2025,2024,9,287457,257320,30137,2007743.0,0.0150103872856237,0.4894912360462613,0.005083723205515,0.0202795542577814
2025,411605,101,CM CARACOL,2025,2024,9,287457,257320,30137,2007743.0,0.0150103872856237,0.4894912360462613,0.005083723205515,0.0202795542577814
2025,411607,5,CM MARIA ALTAMIRA C. OLEGÁRIO,2025,2024,9,287457,257320,30137,2007743.0,0.0150103872856237,0.4894912360462613,0.005083723205515,0.0202795542577814
2025,411609,31,CM TIA RUTH COSTA DOS SANTOS,2025,2024,9,287457,257320,30137,2007743.0,0.0150103872856237,0.4894912360462613,0.005083723205515,0.0202795542577814
2025,411801,208,EDI MARIANA ROCHA DE SOUZA,2025,2024,9,287457,257320,30137,2007743.0,0.0150103872856237,0.4894912360462613,0.005083723205515,0.0202795542577814
2025,411802,51,EDI JOEL LUIZ DE AZEVEDO BASTOS,2025,2024,9,287457,257320,30137,2007743.0,0.0150103872856237,0.4894912360462613,0.005083723205515,0.0202795542577814
2025,411803,96,EDI MARIA DE LOURDES FERREIRA,2025,2024,9,287457,257320,30137,2007743.0,0.0150103872856237,0.4894912360462613,0.005083723205515,0.0202795542577814
2025,411804,4,EDI MORRO DA FÉ,2025,2024,9,287457,257320,30137,2007743.0,0.0150103872856237,0.4894912360462613,0.005083723205515,0.0202795542577814
2025,430601,115,CM MENINO MALUQUINHO,2025,2024,9,287457,257320,30137,2007743.0,0.0150103872856237,0.4894912360462613,0.005083723205515,0.0202795542577814
2025,430602,377,CM VILA PINHEIRO,2025,2024,9,287457,257320,30137,2007743.0,0.0150103872856237,0.4894912360462613,0.005083723205515,0.0202795542577814
2025,430603,439,CM TIO MÁRIO,2025,2024,9,287457,257320,30137,2007743.0,0.0150103872856237,0.4894912360462613,0.005083723205515,0.0202795542577814
2025,430604,69,CM MONTEIRO LOBATO,2025,2024,9,287457,257320,30137,2007743.0,0.0150103872856237,0.4894912360462613,0.005083723205515,0.0202795542577814
2025,430605,73,CM NOVA HOLANDA,2025,2024,9,287457,257320,30137,2007743.0,0.0150103872856237,0.4894912360462613,0.005083723205515,0.0202795542577814
2025,430607,78,CM PROFESSOR PAULO FREIRE,2025,2024,9,287457,257320,30137,2007743.0,0.0150103872856237,0.4894912360462613,0.005083723205515,0.0202795542577814
2025,430801,176,"EDI PESCADOR ISIDORO DUARTE - ""DORO""",2025,2024,9,287457,257320,30137,2007743.0,0.0150103872856237,0.4894912360462613,0.005083723205515,0.0202795542577814
2025,430802,87,EDI PROFESSORA KELITA FARIA DE PAULA,2025,2024,9,287457,257320,30137,2007743.0,0.0150103872856237,0.4894912360462613,0.005083723205515,0.0202795542577814
2025,430803,60,EDI PROFESSOR MOACYR DE GÓES,2025,2024,9,287457,257320,30137,2007743.0,0.0150103872856237,0.4894912360462613,0.005083723205515,0.0202795542577814
2025,430805,178,EDI PROFESSORA SOLANGE CONCEIÇÃO TRICARICO,2025,2024,9,287457,257320,30137,2007743.0,0.0150103872856237,0.4894912360462613,0.005083723205515,0.0202795542577814
2025,430806,74,EDI CLEIA SANTOS DE OLIVEIRA,2025,2024,9,287457,257320,30137,2007743.0,0.0150103872856237,0.4894912360462613,0.005083723205515,0.0202795542577814
2025,430807,161,EDI MARIA AMÉLIA CASTRO E SILVA BELFORT,2025,2024,9,287457,257320,30137,2007743.0,0.0150103872856237,0.4894912360462613,0.005083723205515,0.0202795542577814
2025,430809,406,EDI MEDALHISTA OLÍMPICO LUIZ FELIPE MARQUES FONTELES,2025,2024,9,287457,257320,30137,2007743.0,0.0150103872856237,0.4894912360462613,0.005083723205515,0.0202795542577814
2025,430810,402,EDI MEDALHISTA OLÍMPICO EVANDRO MOTTA MARCONDES GUERRA,2025,2024,9,287457,257320,30137,2007743.0,0.0150103872856237,0.4894912360462613,0.005083723205515,0.0202795542577814
2025,430811,387,EDI MEDALHISTA OLÍMPICO WILLIAM PEIXOTO ARJONA,2025,2024,9,287457,257320,30137,2007743.0,0.0150103872856237,0.4894912360462613,0.005083723205515,0.0202795542577814
2025,430812,204,EDI MEDALHISTA OLÍMPICO EDER FRANCIS CARBONERA,2025,2024,9,287457,257320,30137,2007743.0,0.0150103872856237,0.4894912360462613,0.005083723205515,0.0202795542577814
2025,430813,82,EDI ARMANDO DE SALLES OLIVEIRA,2025,2024,9,287457,257320,30137,2007743.0,0.0150103872856237,0.4894912360462613,0.005083723205515,0.0202795542577814
2025,430815,340,EDI PESCADOR ALBANO ROSA,2025,2024,9,287457,257320,30137,2007743.0,0.0150103872856237,0.4894912360462613,0.005083723205515,0.0202795542577814
2025,431601,23,CM LUÍS CARLOS DE OLIVEIRA CÂMARA,2025,2024,9,287457,257320,30137,2007743.0,0.0150103872856237,0.4894912360462613,0.005083723205515,0.0202795542577814
2025,431602,289,CM BARBOSA LIMA SOBRINHO,2025,2024,9,287457,257320,30137,2007743.0,0.0150103872856237,0.4894912360462613,0.005083723205515,0.0202795542577814
2025,431603,104,CM CHICO MENDES,2025,2024,9,287457,257320,30137,2007743.0,0.0150103872856237,0.4894912360462613,0.005083723205515,0.0202795542577814
2025,431604,109,CM CORAÇÃO DE GENEVE,2025,2024,9,287457,257320,30137,2007743.0,0.0150103872856237,0.4894912360462613,0.005083723205515,0.0202795542577814
2025,431605,306,CM SEMPRE VIDA DIQUE,2025,2024,9,287457,257320,30137,2007743.0,0.0150103872856237,0.4894912360462613,0.005083723205515,0.0202795542577814
2025,431606,61,CM VISCONDE DE SABUGOSA,2025,2024,9,287457,257320,30137,2007743.0,0.0150103872856237,0.4894912360462613,0.005083723205515,0.0202795542577814
2025,431607,32,CM ACAUÃ,2025,2024,9,287457,257320,30137,2007743.0,0.0150103872856237,0.4894912360462613,0.005083723205515,0.0202795542577814
2025,431608,8,CM ARI PIMENTEL,2025,2024,9,287457,257320,30137,2007743.0,0.0150103872856237,0.4894912360462613,0.005083723205515,0.0202795542577814
2025,431801,26,EDI CARVALHO MOURÃO,2025,2024,9,287457,257320,30137,2007743.0,0.0150103872856237,0.4894912360462613,0.005083723205515,0.0202795542577814
2025,431802,158,EDI PROFESSOR CARLOS FALSETH,2025,2024,9,287457,257320,30137,2007743.0,0.0150103872856237,0.4894912360462613,0.005083723205515,0.0202795542577814
2025,431803,31,EDI PROFESSOR EMMANUEL PEREIRA FILHO,2025,2024,9,287457,257320,30137,2007743.0,0.0150103872856237,0.4894912360462613,0.005083723205515,0.0202795542577814
2025,5001,490,CP ASSOCIAÇÃO AMIGOS DA CRIANÇA - CRECHE ROCHA MIRANDA,2025,2024,9,287457,257320,30137,2007743.0,0.0150103872856237,0.4894912360462613,0.005083723205515,0.0202795542577814
2025,5002,116,CP CRECHE EFFATÁ,2025,2024,9,287457,257320,30137,2007743.0,0.0150103872856237,0.4894912360462613,0.005083723205515,0.0202795542577814
2025,5003,175,CP CRECHE PINTINHO DOURADO,2025,2024,9,287457,257320,30137,2007743.0,0.0150103872856237,0.4894912360462613,0.005083723205515,0.0202795542577814
2025,5004,72,CP CRECHE CASULO SÃO RAFAEL ARCANJO,2025,2024,9,287457,257320,30137,2007743.0,0.0150103872856237,0.4894912360462613,0.005083723205515,0.0202795542577814
2025,5005,147,CP CRECHE APÓSTOLO SÃO PEDRO,2025,2024,9,287457,257320,30137,2007743.0,0.0150103872856237,0.4894912360462613,0.005083723205515,0.0202795542577814
2025,5006,470,CP CRECHE CARDEAL CÂMARA,2025,2024,9,287457,257320,30137,2007743.0,0.0150103872856237,0.4894912360462613,0.005083723205515,0.0202795542577814
2025,5007,75,CP CENTRO COMUNITÁRIO FLOR DO AMANHÃ,2025,2024,9,287457,257320,30137,2007743.0,0.0150103872856237,0.4894912360462613,0.005083723205515,0.0202795542577814
2025,5008,223,CP ASSOCIAÇÃO HOUSE BABY - VILA KOSMOS,2025,2024,9,287457,257320,30137,2007743.0,0.0150103872856237,0.4894912360462613,0.005083723205515,0.0202795542577814
2025,5009,249,CP ASSOCIAÇÃO CRECHE ESPERANÇA - IRAJÁ,2025,2024,9,287457,257320,30137,2007743.0,0.0150103872856237,0.4894912360462613,0.005083723205515,0.0202795542577814
2025,5010,641,CP ASSOCIAÇÃO CENTRO EDUCACIONAL REBRAL VII,2025,2024,9,287457,257320,30137,2007743.0,0.0150103872856237,0.4894912360462613,0.005083723205515,0.0202795542577814
2025,5012,351,CP ASSOCIAÇÃO CENTRO EDUCACIONAL REBRAL XI,2025,2024,9,287457,257320,30137,2007743.0,0.0150103872856237,0.4894912360462613,0.005083723205515,0.0202795542577814
2025,5013,281,CP CENTRO EDUCACIONAL SOMAR,2025,2024,9,287457,257320,30137,2007743.0,0.0150103872856237,0.4894912360462613,0.005083723205515,0.0202795542577814
2025,5014,407,CP AEMMAC - MARECHAL HERMES,2025,2024,9,287457,257320,30137,2007743.0,0.0150103872856237,0.4894912360462613,0.005083723205515,0.0202795542577814
2025,5015,578,CP AEMMAC - ROCHA MIRANDA,2025,2024,9,287457,257320,30137,2007743.0,0.0150103872856237,0.4894912360462613,0.005083723205515,0.0202795542577814
2025,5016,338,CP ASSOCIAÇÃO EDUCACIONAL E CULTURAL SÃO BERNARDO - CSB,2025,2024,9,287457,257320,30137,2007743.0,0.0150103872856237,0.4894912360462613,0.005083723205515,0.0202795542577814
2025,514009,64,EM MATO GROSSO,2025,2024,9,287457,257320,30137,2007743.0,0.0150103872856237,0.4894912360462613,0.005083723205515,0.0202795542577814
2025,514501,46,CIEP DOM OSCAR ROMERO,2025,2024,9,287457,257320,30137,2007743.0,0.0150103872856237,0.4894912360462613,0.005083723205515,0.0202795542577814
2025,514601,72,CM TIO SEBASTIÃO XAVIER,2025,2024,9,287457,257320,30137,2007743.0,0.0150103872856237,0.4894912360462613,0.005083723205515,0.0202795542577814
2025,514602,470,CM JECIÁ DE FREITAS FERREIRA,2025,2024,9,287457,257320,30137,2007743.0,0.0150103872856237,0.4894912360462613,0.005083723205515,0.0202795542577814
2025,514603,110,CM AMÁLIA FERNANDEZ CONDE,2025,2024,9,287457,257320,30137,2007743.0,0.0150103872856237,0.4894912360462613,0.005083723205515,0.0202795542577814
2025,514604,80,CM ESTRELINHA DOURADA,2025,2024,9,287457,257320,30137,2007743.0,0.0150103872856237,0.4894912360462613,0.005083723205515,0.0202795542577814
2025,514605,149,CM O SONHO DE RAMON PASCUAL,2025,2024,9,287457,257320,30137,2007743.0,0.0150103872856237,0.4894912360462613,0.005083723205515,0.0202795542577814
2025,514606,112,CM ACALANTO,2025,2024,9,287457,257320,30137,2007743.0,0.0150103872856237,0.4894912360462613,0.005083723205515,0.0202795542577814
2025,514607,104,CM SEMENTINHA,2025,2024,9,287457,257320,30137,2007743.0,0.0150103872856237,0.4894912360462613,0.005083723205515,0.0202795542577814
2025,514608,158,CM JOSEPH BARBERA,2025,2024,9,287457,257320,30137,2007743.0,0.0150103872856237,0.4894912360462613,0.005083723205515,0.0202795542577814
2025,514609,287,CM PARQUE BOM MENINO,2025,2024,9,287457,257320,30137,2007743.0,0.0150103872856237,0.4894912360462613,0.005083723205515,0.0202795542577814
2025,514801,123,EDI DEPUTADO PEDRO FERNANDES,2025,2024,9,287457,257320,30137,2007743.0,0.0150103872856237,0.4894912360462613,0.005083723205515,0.0202795542577814
2025,514802,81,EDI LUXEMBURGO,2025,2024,9,287457,257320,30137,2007743.0,0.0150103872856237,0.4894912360462613,0.005083723205515,0.0202795542577814
2025,514803,58,EDI JOSÉ ALPOIM,2025,2024,9,287457,257320,30137,2007743.0,0.0150103872856237,0.4894912360462613,0.005083723205515,0.0202795542577814
2025,515015,80,EM PADRE DEHON,2025,2024,9,287457,257320,30137,2007743.0,0.0150103872856237,0.4894912360462613,0.005083723205515,0.0202795542577814
2025,515021,71,EM MOZART LAGO,2025,2024,9,287457,257320,30137,2007743.0,0.0150103872856237,0.4894912360462613,0.005083723205515,0.0202795542577814
2025,515046,55,EM ADELMAR TAVARES,2025,2024,9,287457,257320,30137,2007743.0,0.0150103872856237,0.4894912360462613,0.005083723205515,0.0202795542577814
2025,515053,34,EM SENADOR FRANCISCO GALLOTTI,2025,2024,9,287457,257320,30137,2007743.0,0.0150103872856237,0.4894912360462613,0.005083723205515,0.0202795542577814
2025,515064,24,EM MESTRE DARCY DO JONGO,2025,2024,9,287457,257320,30137,2007743.0,0.0150103872856237,0.4894912360462613,0.005083723205515,0.0202795542577814
2025,515501,76,CIEP AUGUSTO PINHEIRO DE CARVALHO,2025,2024,9,287457,257320,30137,2007743.0,0.0150103872856237,0.4894912360462613,0.005083723205515,0.0202795542577814
2025,515503,47,CIEP METALÚRGICO BENEDITO CERQUEIRA,2025,2024,9,287457,257320,30137,2007743.0,0.0150103872856237,0.4894912360462613,0.005083723205515,0.0202795542577814
2025,515601,102,CM OLGA BENÁRIO,2025,2024,9,287457,257320,30137,2007743.0,0.0150103872856237,0.4894912360462613,0.005083723205515,0.0202795542577814
2025,515602,339,CM SÃO MIGUEL ARCANJO,2025,2024,9,287457,257320,30137,2007743.0,0.0150103872856237,0.4894912360462613,0.005083723205515,0.0202795542577814
2025,515604,222,CM GERCINDA ROSA FONSECA,2025,2024,9,287457,257320,30137,2007743.0,0.0150103872856237,0.4894912360462613,0.005083723205515,0.0202795542577814
2025,515605,244,CM JOSÉ RAIMUNDO DE SOUZA ALVES,2025,2024,9,287457,257320,30137,2007743.0,0.0150103872856237,0.4894912360462613,0.005083723205515,0.0202795542577814
2025,515606,153,CM JOSUÉ DE CASTRO,2025,2024,9,287457,257320,30137,2007743.0,0.0150103872856237,0.4894912360462613,0.005083723205515,0.0202795542577814
2025,515607,299,CM MANÉ GARRINCHA I,2025,2024,9,287457,257320,30137,2007743.0,0.0150103872856237,0.4894912360462613,0.005083723205515,0.0202795542577814
2025,515608,128,CM MARIA JOSÉ DE PAULA DE JESUS,2025,2024,9,287457,257320,30137,2007743.0,0.0150103872856237,0.4894912360462613,0.005083723205515,0.0202795542577814
2025,515610,69,CM SEMPRE VIDA PALMEIRINHA,2025,2024,9,287457,257320,30137,2007743.0,0.0150103872856237,0.4894912360462613,0.005083723205515,0.0202795542577814
2025,515611,169,CM VOVÓ MARIA JOANA,2025,2024,9,287457,257320,30137,2007743.0,0.0150103872856237,0.4894912360462613,0.005083723205515,0.0202795542577814
2025,515612,150,CM TIA MARIA DO JONGO,2025,2024,9,287457,257320,30137,2007743.0,0.0150103872856237,0.4894912360462613,0.005083723205515,0.0202795542577814
2025,515613,189,CM MANOEL DA ROCHA APRISCO,2025,2024,9,287457,257320,30137,2007743.0,0.0150103872856237,0.4894912360462613,0.005083723205515,0.0202795542577814
2025,515801,433,EDI KARINE LORRAINE CHAGAS DE OLIVEIRA,2025,2024,9,287457,257320,30137,2007743.0,0.0150103872856237,0.4894912360462613,0.005083723205515,0.0202795542577814
2025,515802,96,EDI GUSTAVO LESSA,2025,2024,9,287457,257320,30137,2007743.0,0.0150103872856237,0.4894912360462613,0.005083723205515,0.0202795542577814
2025,515803,89,EDI PIO XII,2025,2024,9,287457,257320,30137,2007743.0,0.0150103872856237,0.4894912360462613,0.005083723205515,0.0202795542577814
2025,515804,85,EDI FERNÃO DIAS,2025,2024,9,287457,257320,30137,2007743.0,0.0150103872856237,0.4894912360462613,0.005083723205515,0.0202795542577814
2025,515805,45,EDI ROCHA POMBO,2025,2024,9,287457,257320,30137,2007743.0,0.0150103872856237,0.4894912360462613,0.005083723205515,0.0202795542577814
2025,515807,102,EDI BURITI CONGONHAS,2025,2024,9,287457,257320,30137,2007743.0,0.0150103872856237,0.4894912360462613,0.005083723205515,0.0202795542577814
2025,515808,95,EDI GUARACIARA RODRIGUES DINIZ,2025,2024,9,287457,257320,30137,2007743.0,0.0150103872856237,0.4894912360462613,0.005083723205515,0.0202795542577814
2025,515809,305,EDI PROFESSOR UBIRAJARA DE PAULA CASTRO,2025,2024,9,287457,257320,30137,2007743.0,0.0150103872856237,0.4894912360462613,0.005083723205515,0.0202795542577814
2025,515810,195,EDI PROFESSORA TEREZINHA SARDOUX HENRIQUES,2025,2024,9,287457,257320,30137,2007743.0,0.0150103872856237,0.4894912360462613,0.005083723205515,0.0202795542577814
2025,6001,295,CP ESCOLA PATRONATO NOSSA SENHORA DE NAZARÉ,2025,2024,9,287457,257320,30137,2007743.0,0.0150103872856237,0.4894912360462613,0.005083723205515,0.0202795542577814
2025,6002,197,CP CRECHE GUADALUPE,2025,2024,9,287457,257320,30137,2007743.0,0.0150103872856237,0.4894912360462613,0.005083723205515,0.0202795542577814
2025,6003,416,CP CRECHE NOSSO LAR,2025,2024,9,287457,257320,30137,2007743.0,0.0150103872856237,0.4894912360462613,0.005083723205515,0.0202795542577814
2025,6004,91,CP CENTRO COMUNITÁRIO PARQUE UNIDOS DE ACARI,2025,2024,9,287457,257320,30137,2007743.0,0.0150103872856237,0.4894912360462613,0.005083723205515,0.0202795542577814
2025,6005,132,CP CRECHE DON GUANELLA,2025,2024,9,287457,257320,30137,2007743.0,0.0150103872856237,0.4894912360462613,0.005083723205515,0.0202795542577814
2025,6006,161,CP CRECHE ESCOLA COMUNITÁRIA TIO PATINHAS,2025,2024,9,287457,257320,30137,2007743.0,0.0150103872856237,0.4894912360462613,0.005083723205515,0.0202795542577814
2025,6007,131,CP CRECHE ABRINDO PORTAS,2025,2024,9,287457,257320,30137,2007743.0,0.0150103872856237,0.4894912360462613,0.005083723205515,0.0202795542577814
2025,6009,315,CP CENTRO EDUCACIONAL NOSSA SENHORA APARECIDA,2025,2024,9,287457,257320,30137,2007743.0,0.0150103872856237,0.4894912360462613,0.005083723205515,0.0202795542577814
2025,6012,221,CP ASSOCIAÇÃO CRESCÊNCIO,2025,2024,9,287457,257320,30137,2007743.0,0.0150103872856237,0.4894912360462613,0.005083723205515,0.0202795542577814
2025,6013,279,CP CRECHE COMUNITÁRIA AQUARELA,2025,2024,9,287457,257320,30137,2007743.0,0.0150103872856237,0.4894912360462613,0.005083723205515,0.0202795542577814
2025,6015,356,CP AEMMAC - PAVUNA,2025,2024,9,287457,257320,30137,2007743.0,0.0150103872856237,0.4894912360462613,0.005083723205515,0.0202795542577814
2025,6016,368,CP CRECHE NOSSO LAR II,2025,2024,9,287457,257320,30137,2007743.0,0.0150103872856237,0.4894912360462613,0.005083723205515,0.0202795542577814
2025,6017,271,CP CRECHE JOÃO E MARIA,2025,2024,9,287457,257320,30137,2007743.0,0.0150103872856237,0.4894912360462613,0.005083723205515,0.0202795542577814
2025,6018,181,CP ASSOCIAÇÃO CRECHE ESPERANÇA - COELHO NETO,2025,2024,9,287457,257320,30137,2007743.0,0.0150103872856237,0.4894912360462613,0.005083723205515,0.0202795542577814
2025,622202,179,CIEP GENERAL AUGUSTO CESAR SANDINO,2025,2024,9,287457,257320,30137,2007743.0,0.0150103872856237,0.4894912360462613,0.005083723205515,0.0202795542577814
2025,622601,216,CM JOSÉ GOULART,2025,2024,9,287457,257320,30137,2007743.0,0.0150103872856237,0.4894912360462613,0.005083723205515,0.0202795542577814
2025,622602,176,CM SILVIO AMANCIO,2025,2024,9,287457,257320,30137,2007743.0,0.0150103872856237,0.4894912360462613,0.005083723205515,0.0202795542577814
2025,622603,239,CM YARA AMARAL,2025,2024,9,287457,257320,30137,2007743.0,0.0150103872856237,0.4894912360462613,0.005083723205515,0.0202795542577814
2025,622801,244,EDI ERNANI CARDOSO,2025,2024,9,287457,257320,30137,2007743.0,0.0150103872856237,0.4894912360462613,0.005083723205515,0.0202795542577814
2025,622802,50,EDI PROFESSORA MILTOLINA DA SILVA,2025,2024,9,287457,257320,30137,2007743.0,0.0150103872856237,0.4894912360462613,0.005083723205515,0.0202795542577814
2025,622804,302,EDI MEDALHISTA PARALÍMPICO DANIEL MARTINS,2025,2024,9,287457,257320,30137,2007743.0,0.0150103872856237,0.4894912360462613,0.005083723205515,0.0202795542577814
2025,622805,155,EDI MEDALHISTA OLÍMPICO MAURÍCIO LUIZ DE SOUZA,2025,2024,9,287457,257320,30137,2007743.0,0.0150103872856237,0.4894912360462613,0.005083723205515,0.0202795542577814
2025,622810,61,EDI ANTÔNIO FRANCISCO LISBOA,2025,2024,9,287457,257320,30137,2007743.0,0.0150103872856237,0.4894912360462613,0.005083723205515,0.0202795542577814
2025,625601,160,CM OS SABIDINHOS,2025,2024,9,287457,257320,30137,2007743.0,0.0150103872856237,0.4894912360462613,0.005083723205515,0.0202795542577814
2025,625602,193,CM PROFESSORA JUREMA GOMES SAMPAIO DELFIM,2025,2024,9,287457,257320,30137,2007743.0,0.0150103872856237,0.4894912360462613,0.005083723205515,0.0202795542577814
2025,625603,136,CM DR. ALBERT SABIN,2025,2024,9,287457,257320,30137,2007743.0,0.0150103872856237,0.4894912360462613,0.005083723205515,0.0202795542577814
2025,625604,332,CM HERBERT DE SOUZA - BETINHO,2025,2024,9,287457,257320,30137,2007743.0,0.0150103872856237,0.4894912360462613,0.005083723205515,0.0202795542577814
2025,625605,253,CM LUÍS CARLOS PRESTES,2025,2024,9,287457,257320,30137,2007743.0,0.0150103872856237,0.4894912360462613,0.005083723205515,0.0202795542577814
2025,625606,328,CM LUÍS DE SOUZA DA COSTA BARROS,2025,2024,9,287457,257320,30137,2007743.0,0.0150103872856237,0.4894912360462613,0.005083723205515,0.0202795542577814
2025,625607,382,CM LUIZA DE BARROS DE SÁ FREIRE,2025,2024,9,287457,257320,30137,2007743.0,0.0150103872856237,0.4894912360462613,0.005083723205515,0.0202795542577814
2025,625608,184,CM MAJOR CELESTINO R. DOS SANTOS,2025,2024,9,287457,257320,30137,2007743.0,0.0150103872856237,0.4894912360462613,0.005083723205515,0.0202795542577814
2025,625609,103,CM SÔNIA MARIA DE M. ANGEL JONES,2025,2024,9,287457,257320,30137,2007743.0,0.0150103872856237,0.4894912360462613,0.005083723205515,0.0202795542577814
2025,625610,110,CM ZUZU ANGEL,2025,2024,9,287457,257320,30137,2007743.0,0.0150103872856237,0.4894912360462613,0.005083723205515,0.0202795542577814
2025,625611,407,CM ZILKA SALABERRY,2025,2024,9,287457,257320,30137,2007743.0,0.0150103872856237,0.4894912360462613,0.005083723205515,0.0202795542577814
2025,625612,484,CM YEDDA MARQUES LAMOUNIER DE ANDRADE MACIEL,2025,2024,9,287457,257320,30137,2007743.0,0.0150103872856237,0.4894912360462613,0.005083723205515,0.0202795542577814
2025,625614,291,CM SIMONE DE BEAUVOIR,2025,2024,9,287457,257320,30137,2007743.0,0.0150103872856237,0.4894912360462613,0.005083723205515,0.0202795542577814
2025,625615,408,CM EDNA LOTTE,2025,2024,9,287457,257320,30137,2007743.0,0.0150103872856237,0.4894912360462613,0.005083723205515,0.0202795542577814
2025,625616,97,CM PROFESSOR ROGÉRIO PEDRO BATISTA,2025,2024,9,287457,257320,30137,2007743.0,0.0150103872856237,0.4894912360462613,0.005083723205515,0.0202795542577814
2025,625801,131,EDI PROFESSORA ROSENICE ROCHA ROQUE,2025,2024,9,287457,257320,30137,2007743.0,0.0150103872856237,0.4894912360462613,0.005083723205515,0.0202795542577814
2025,625802,325,EDI WESLEY GUILBER RODRIGUES DE ANDRADE,2025,2024,9,287457,257320,30137,2007743.0,0.0150103872856237,0.4894912360462613,0.005083723205515,0.0202795542577814
2025,625803,219,EDI PROFESSORA BEATRIZ DE SOUZA MADEIRA,2025,2024,9,287457,257320,30137,2007743.0,0.0150103872856237,0.4894912360462613,0.005083723205515,0.0202795542577814
2025,625804,270,EDI PROFESSORA HELIA LÚCIA MORENO FERREIRA,2025,2024,9,287457,257320,30137,2007743.0,0.0150103872856237,0.4894912360462613,0.005083723205515,0.0202795542577814
2025,625807,49,EDI FROTA PESSOA,2025,2024,9,287457,257320,30137,2007743.0,0.0150103872856237,0.4894912360462613,0.005083723205515,0.0202795542577814
2025,625813,22,EDI PROFESSORA GRACÍLIA ROSA DE BELÉM MAYOR,2025,2024,9,287457,257320,30137,2007743.0,0.0150103872856237,0.4894912360462613,0.005083723205515,0.0202795542577814
2025,625814,103,EDI PROFESSORA ROSEANE VASCONCELOS,2025,2024,9,287457,257320,30137,2007743.0,0.0150103872856237,0.4894912360462613,0.005083723205515,0.0202795542577814
2025,625815,165,EDI PROFESSORA KRISTINA ROMOLO KIFFER,2025,2024,9,287457,257320,30137,2007743.0,0.0150103872856237,0.4894912360462613,0.005083723205515,0.0202795542577814
2025,625816,243,EDI PROFESSORA REGINA CELI RABELO DE ALMEIDA,2025,2024,9,287457,257320,30137,2007743.0,0.0150103872856237,0.4894912360462613,0.005083723205515,0.0202795542577814
2025,625817,242,EDI PROFESSORA DANIELE SIMÕES DE SOUZA LOPES,2025,2024,9,287457,257320,30137,2007743.0,0.0150103872856237,0.4894912360462613,0.005083723205515,0.0202795542577814
2025,625818,230,EDI MARIA EUGENIA CANELHAS,2025,2024,9,287457,257320,30137,2007743.0,0.0150103872856237,0.4894912360462613,0.005083723205515,0.0202795542577814
2025,625819,253,EDI MARIZA ALVES PIMENTA,2025,2024,9,287457,257320,30137,2007743.0,0.0150103872856237,0.4894912360462613,0.005083723205515,0.0202795542577814
2025,625820,272,EDI BETH CARVALHO,2025,2024,9,287457,257320,30137,2007743.0,0.0150103872856237,0.4894912360462613,0.005083723205515,0.0202795542577814
2025,7001,219,CP CRECHE NOVO PALMARES,2025,2024,9,287457,257320,30137,2007743.0,0.0150103872856237,0.4894912360462613,0.005083723205515,0.0202795542577814
2025,7002,220,CP CRECHE CANTINHO FELIZ,2025,2024,9,287457,257320,30137,2007743.0,0.0150103872856237,0.4894912360462613,0.005083723205515,0.0202795542577814
2025,7003,658,CP CRECHE ESCOLA MÃE ASTÉRIA,2025,2024,9,287457,257320,30137,2007743.0,0.0150103872856237,0.4894912360462613,0.005083723205515,0.0202795542577814
2025,7004,201,CP CASA EMILIEN LACAY,2025,2024,9,287457,257320,30137,2007743.0,0.0150103872856237,0.4894912360462613,0.005083723205515,0.0202795542577814
2025,7007,170,CP SEMENTE DE AMOR,2025,2024,9,287457,257320,30137,2007743.0,0.0150103872856237,0.4894912360462613,0.005083723205515,0.0202795542577814
2025,7008,138,CP CRECHE SÃO PAULO APÓSTOLO,2025,2024,9,287457,257320,30137,2007743.0,0.0150103872856237,0.4894912360462613,0.005083723205515,0.0202795542577814
2025,7010,88,CP CRECHE NOVA ESPERANÇA,2025,2024,9,287457,257320,30137,2007743.0,0.0150103872856237,0.4894912360462613,0.005083723205515,0.0202795542577814
2025,7011,117,CP CRECHE RITA ALEXANDRINA FERREIRA,2025,2024,9,287457,257320,30137,2007743.0,0.0150103872856237,0.4894912360462613,0.005083723205515,0.0202795542577814
2025,7013,673,CP ESPAÇO DE EDUCAÇÃO INFANTIL CIDADE DE DEUS,2025,2024,9,287457,257320,30137,2007743.0,0.0150103872856237,0.4894912360462613,0.005083723205515,0.0202795542577814
2025,7014,712,CP CENTRO INTEGRADO SÃO JOSÉ,2025,2024,9,287457,257320,30137,2007743.0,0.0150103872856237,0.4894912360462613,0.005083723205515,0.0202795542577814
2025,7015,323,CP CRECHE CANTINHO FELIZ II,2025,2024,9,287457,257320,30137,2007743.0,0.0150103872856237,0.4894912360462613,0.005083723205515,0.0202795542577814
2025,7017,90,CP CRECHE RAIMUNDA NONATA DA SILVA,2025,2024,9,287457,257320,30137,2007743.0,0.0150103872856237,0.4894912360462613,0.005083723205515,0.0202795542577814
2025,7018,150,CP CRECHE SANT ANA IRMÃ ANCILA,2025,2024,9,287457,257320,30137,2007743.0,0.0150103872856237,0.4894912360462613,0.005083723205515,0.0202795542577814
2025,7019,291,CP JARDIM ESCOLA TURMINHA DA ARCA - JETA,2025,2024,9,287457,257320,30137,2007743.0,0.0150103872856237,0.4894912360462613,0.005083723205515,0.0202795542577814
2025,7020,260,CP JARDIM ESCOLA CRESCENDO E APRENDENDO,2025,2024,9,287457,257320,30137,2007743.0,0.0150103872856237,0.4894912360462613,0.005083723205515,0.0202795542577814
2025,7025,177,CP INSTITUTO CONSUELO PINHEIRO,2025,2024,9,287457,257320,30137,2007743.0,0.0150103872856237,0.4894912360462613,0.005083723205515,0.0202795542577814
2025,7027,207,CP CRECHE MUNDO MÁGICO I,2025,2024,9,287457,257320,30137,2007743.0,0.0150103872856237,0.4894912360462613,0.005083723205515,0.0202795542577814
2025,7034,349,CP INSTITUTO EDUCACIONAL DIVA ALVES,2025,2024,9,287457,257320,30137,2007743.0,0.0150103872856237,0.4894912360462613,0.005083723205515,0.0202795542577814
2025,7035,274,CP AEMMAC - ANIL,2025,2024,9,287457,257320,30137,2007743.0,0.0150103872856237,0.4894912360462613,0.005083723205515,0.0202795542577814
2025,7036,427,CP CAAD UNIVERSO ENCANTADO,2025,2024,9,287457,257320,30137,2007743.0,0.0150103872856237,0.4894912360462613,0.005083723205515,0.0202795542577814
2025,7037,483,CP CAAD UNIVERSO DA CRIANÇA,2025,2024,9,287457,257320,30137,2007743.0,0.0150103872856237,0.4894912360462613,0.005083723205515,0.0202795542577814
2025,7038,541,CP CAAD UNIVERSO DAS FLORES,2025,2024,9,287457,257320,30137,2007743.0,0.0150103872856237,0.4894912360462613,0.005083723205515,0.0202795542577814
2025,7039,217,CP CRECHE JARDIM CLARICE,2025,2024,9,287457,257320,30137,2007743.0,0.0150103872856237,0.4894912360462613,0.005083723205515,0.0202795542577814
2025,7040,887,CP CRECHE VALE DO SOL PRAÇA SECA,2025,2024,9,287457,257320,30137,2007743.0,0.0150103872856237,0.4894912360462613,0.005083723205515,0.0202795542577814
2025,7041,531,CP CRECHE VALE DO SOL TAQUARA,2025,2024,9,287457,257320,30137,2007743.0,0.0150103872856237,0.4894912360462613,0.005083723205515,0.0202795542577814
2025,7042,717,CP INSTITUTO EDUCACIONAL DIVA ALVES II,2025,2024,9,287457,257320,30137,2007743.0,0.0150103872856237,0.4894912360462613,0.005083723205515,0.0202795542577814
2025,7043,286,CP ESPAÇO DE EDUCAÇÃO INFANTIL PEQUENO APRENDIZ,2025,2024,9,287457,257320,30137,2007743.0,0.0150103872856237,0.4894912360462613,0.005083723205515,0.0202795542577814
2025,7044,512,CP CRECHE AMOR DE MÃE,2025,2024,9,287457,257320,30137,2007743.0,0.0150103872856237,0.4894912360462613,0.005083723205515,0.0202795542577814
2025,7045,177,CP JARDIM ESCOLA TURMINHA DA ARCA - JETA II,2025,2024,9,287457,257320,30137,2007743.0,0.0150103872856237,0.4894912360462613,0.005083723205515,0.0202795542577814
2025,716601,892,CM OTÁVIO HENRIQUE DE OLIVEIRA,2025,2024,9,287457,257320,30137,2007743.0,0.0150103872856237,0.4894912360462613,0.005083723205515,0.0202795542577814
2025,716602,121,CM TIA TEREZA,2025,2024,9,287457,257320,30137,2007743.0,0.0150103872856237,0.4894912360462613,0.005083723205515,0.0202795542577814
2025,716603,714,CM CRIANÇA DO FUTURO,2025,2024,9,287457,257320,30137,2007743.0,0.0150103872856237,0.4894912360462613,0.005083723205515,0.0202795542577814
2025,716604,198,CM GERMINIO DE SOUZA ESTRELA,2025,2024,9,287457,257320,30137,2007743.0,0.0150103872856237,0.4894912360462613,0.005083723205515,0.0202795542577814
2025,716605,384,CM SEMPRE VIDA NISE DA SILVEIRA,2025,2024,9,287457,257320,30137,2007743.0,0.0150103872856237,0.4894912360462613,0.005083723205515,0.0202795542577814
2025,716606,461,CM AMIGUINHOS DA VILA SAPÊ,2025,2024,9,287457,257320,30137,2007743.0,0.0150103872856237,0.4894912360462613,0.005083723205515,0.0202795542577814
2025,716607,322,CM EMÍLIA JOANA DA FONSECA MARQUES,2025,2024,9,287457,257320,30137,2007743.0,0.0150103872856237,0.4894912360462613,0.005083723205515,0.0202795542577814
2025,716608,276,CM IRMÃ DULCE,2025,2024,9,287457,257320,30137,2007743.0,0.0150103872856237,0.4894912360462613,0.005083723205515,0.0202795542577814
2025,716609,1217,CM RIO NOVO - RIO DAS FLORES,2025,2024,9,287457,257320,30137,2007743.0,0.0150103872856237,0.4894912360462613,0.005083723205515,0.0202795542577814
2025,716610,250,CM TIA MALU,2025,2024,9,287457,257320,30137,2007743.0,0.0150103872856237,0.4894912360462613,0.005083723205515,0.0202795542577814
2025,716611,241,CM VITORINO FREIRE,2025,2024,9,287457,257320,30137,2007743.0,0.0150103872856237,0.4894912360462613,0.005083723205515,0.0202795542577814
2025,716612,150,CM TIA AUTA,2025,2024,9,287457,257320,30137,2007743.0,0.0150103872856237,0.4894912360462613,0.005083723205515,0.0202795542577814
2025,716613,555,CM MARIA DA CONCEIÇÃO SILVEIRA DE CARVALHO,2025,2024,9,287457,257320,30137,2007743.0,0.0150103872856237,0.4894912360462613,0.005083723205515,0.0202795542577814
2025,716614,602,CM AUGUSTO DE CARVALHO TORRES FILHO,2025,2024,9,287457,257320,30137,2007743.0,0.0150103872856237,0.4894912360462613,0.005083723205515,0.0202795542577814
2025,716801,285,EDI DOUTORA ZILDA ARNS,2025,2024,9,287457,257320,30137,2007743.0,0.0150103872856237,0.4894912360462613,0.005083723205515,0.0202795542577814
2025,716802,213,EDI ARTHUR BISPO DO ROSÁRIO,2025,2024,9,287457,257320,30137,2007743.0,0.0150103872856237,0.4894912360462613,0.005083723205515,0.0202795542577814
2025,716803,323,EDI COMPOSITOR ROBERTO RIBEIRO,2025,2024,9,287457,257320,30137,2007743.0,0.0150103872856237,0.4894912360462613,0.005083723205515,0.0202795542577814
2025,716804,148,EDI RODRIGO LOPES (TIKINHO),2025,2024,9,287457,257320,30137,2007743.0,0.0150103872856237,0.4894912360462613,0.005083723205515,0.0202795542577814
2025,716805,451,EDI ANNA MARIA NIEMEYER,2025,2024,9,287457,257320,30137,2007743.0,0.0150103872856237,0.4894912360462613,0.005083723205515,0.0202795542577814
2025,716806,256,EDI PROFESSORA EDILIA COELHO GARCIA,2025,2024,9,287457,257320,30137,2007743.0,0.0150103872856237,0.4894912360462613,0.005083723205515,0.0202795542577814
2025,716807,729,EDI LEILA DINIZ,2025,2024,9,287457,257320,30137,2007743.0,0.0150103872856237,0.4894912360462613,0.005083723205515,0.0202795542577814
2025,716808,394,EDI PROFESSORA MARIA BERENICE PARENTE,2025,2024,9,287457,257320,30137,2007743.0,0.0150103872856237,0.4894912360462613,0.005083723205515,0.0202795542577814
2025,716809,243,EDI PROFESSOR ROBERTO LUIZ PEREIRA,2025,2024,9,287457,257320,30137,2007743.0,0.0150103872856237,0.4894912360462613,0.005083723205515,0.0202795542577814
2025,716812,1043,EDI ESCRITORA CLARICE LISPECTOR,2025,2024,9,287457,257320,30137,2007743.0,0.0150103872856237,0.4894912360462613,0.005083723205515,0.0202795542577814
2025,716813,260,EDI PROFESSORA KENIA MENDES DOS SANTOS,2025,2024,9,287457,257320,30137,2007743.0,0.0150103872856237,0.4894912360462613,0.005083723205515,0.0202795542577814
2025,716814,818,EDI PROFESSORA EMILIA MARIA VIEIRA DE OLIVEIRA,2025,2024,9,287457,257320,30137,2007743.0,0.0150103872856237,0.4894912360462613,0.005083723205515,0.0202795542577814
2025,716815,207,EDI EVARISTO DA VEIGA,2025,2024,9,287457,257320,30137,2007743.0,0.0150103872856237,0.4894912360462613,0.005083723205515,0.0202795542577814
2025,716816,240,EDI DEBRET,2025,2024,9,287457,257320,30137,2007743.0,0.0150103872856237,0.4894912360462613,0.005083723205515,0.0202795542577814
2025,716818,674,EDI PROFESSORA CLÁUDIA PIRES CONTINO DA SILVA,2025,2024,9,287457,257320,30137,2007743.0,0.0150103872856237,0.4894912360462613,0.005083723205515,0.0202795542577814
2025,716819,571,EDI PROFESSORA NORMA ANDRADE NOGUEIRA,2025,2024,9,287457,257320,30137,2007743.0,0.0150103872856237,0.4894912360462613,0.005083723205515,0.0202795542577814
2025,716820,606,EDI MEDALHISTA OLÍMPICA ÁGATHA BEDNARCZUK RIPPEL,2025,2024,9,287457,257320,30137,2007743.0,0.0150103872856237,0.4894912360462613,0.005083723205515,0.0202795542577814
2025,716821,509,EDI MEDALHISTA PARALÍMPICO FELIPE DE SOUZA GOMES,2025,2024,9,287457,257320,30137,2007743.0,0.0150103872856237,0.4894912360462613,0.005083723205515,0.0202795542577814
2025,716822,415,EDI MARCELO PARENTE GOMES DE OLIVEIRA,2025,2024,9,287457,257320,30137,2007743.0,0.0150103872856237,0.4894912360462613,0.005083723205515,0.0202795542577814
2025,716824,170,EDI PROFESSORA TEREZINHA SARAIVA,2025,2024,9,287457,257320,30137,2007743.0,0.0150103872856237,0.4894912360462613,0.005083723205515,0.0202795542577814
2025,724601,260,CM MARIA VIEIRA BAZANI,2025,2024,9,287457,257320,30137,2007743.0,0.0150103872856237,0.4894912360462613,0.005083723205515,0.0202795542577814
2025,724602,131,CM DINA SFAT,2025,2024,9,287457,257320,30137,2007743.0,0.0150103872856237,0.4894912360462613,0.005083723205515,0.0202795542577814
2025,724603,242,CM BENEDITA SIQUEIRA LOPES,2025,2024,9,287457,257320,30137,2007743.0,0.0150103872856237,0.4894912360462613,0.005083723205515,0.0202795542577814
2025,724604,105,CM EDSON LUIZ,2025,2024,9,287457,257320,30137,2007743.0,0.0150103872856237,0.4894912360462613,0.005083723205515,0.0202795542577814
2025,724605,267,CM SEBASTIÃO BERNARDES DE SOUZA PRATA,2025,2024,9,287457,257320,30137,2007743.0,0.0150103872856237,0.4894912360462613,0.005083723205515,0.0202795542577814
2025,724606,286,CM ROGÉRIO CARDOSO FURTADO,2025,2024,9,287457,257320,30137,2007743.0,0.0150103872856237,0.4894912360462613,0.005083723205515,0.0202795542577814
2025,724801,350,EDI MILENA SANTOS NASCIMENTO,2025,2024,9,287457,257320,30137,2007743.0,0.0150103872856237,0.4894912360462613,0.005083723205515,0.0202795542577814
2025,724802,76,EDI PORFIRIO DIAS,2025,2024,9,287457,257320,30137,2007743.0,0.0150103872856237,0.4894912360462613,0.005083723205515,0.0202795542577814
2025,724803,176,EDI VERA LUCIA MARTINS COSTA,2025,2024,9,287457,257320,30137,2007743.0,0.0150103872856237,0.4894912360462613,0.005083723205515,0.0202795542577814
2025,724804,366,EDI PROFESSORA MATILDE ROSA LOPES DE ARAUJO,2025,2024,9,287457,257320,30137,2007743.0,0.0150103872856237,0.4894912360462613,0.005083723205515,0.0202795542577814
2025,724805,100,EDI TRISTÃO DE ATHAYDE,2025,2024,9,287457,257320,30137,2007743.0,0.0150103872856237,0.4894912360462613,0.005083723205515,0.0202795542577814
2025,724806,93,EDI PROFESSORA RUTH CARDOSO,2025,2024,9,287457,257320,30137,2007743.0,0.0150103872856237,0.4894912360462613,0.005083723205515,0.0202795542577814
2025,724807,332,EDI CARMEN MIRANDA,2025,2024,9,287457,257320,30137,2007743.0,0.0150103872856237,0.4894912360462613,0.005083723205515,0.0202795542577814
2025,724808,150,EDI AMOR,2025,2024,9,287457,257320,30137,2007743.0,0.0150103872856237,0.4894912360462613,0.005083723205515,0.0202795542577814
2025,724809,72,"EDI UGOCIONE JOSÉ DE MEDEIROS ""SEU UGO""",2025,2024,9,287457,257320,30137,2007743.0,0.0150103872856237,0.4894912360462613,0.005083723205515,0.0202795542577814
2025,734601,190,CM LUZES DO AMANHÃ,2025,2024,9,287457,257320,30137,2007743.0,0.0150103872856237,0.4894912360462613,0.005083723205515,0.0202795542577814
2025,734602,122,CM MARGARIDA GABINAL,2025,2024,9,287457,257320,30137,2007743.0,0.0150103872856237,0.4894912360462613,0.005083723205515,0.0202795542577814
2025,734603,84,CM SEMPRE VIDA JOSUÉ,2025,2024,9,287457,257320,30137,2007743.0,0.0150103872856237,0.4894912360462613,0.005083723205515,0.0202795542577814
2025,734801,208,EDI JARDIM DO AMANHÃ,2025,2024,9,287457,257320,30137,2007743.0,0.0150103872856237,0.4894912360462613,0.005083723205515,0.0202795542577814
2025,734802,721,EDI SENHORA PERCILIANA PEREIRA DE ALVARENGA,2025,2024,9,287457,257320,30137,2007743.0,0.0150103872856237,0.4894912360462613,0.005083723205515,0.0202795542577814
2025,734803,97,EDI ANA CAROLINA PACHECO DA SILVA,2025,2024,9,287457,257320,30137,2007743.0,0.0150103872856237,0.4894912360462613,0.005083723205515,0.0202795542577814
2025,734804,237,EDI MARIA BERALDA,2025,2024,9,287457,257320,30137,2007743.0,0.0150103872856237,0.4894912360462613,0.005083723205515,0.0202795542577814
2025,734805,148,EDI MONSENHOR CORDIOLI,2025,2024,9,287457,257320,30137,2007743.0,0.0150103872856237,0.4894912360462613,0.005083723205515,0.0202795542577814
2025,8002,71,CP CRECHE ESPÍRITA FRANCISCO DE ASSIS,2025,2024,9,287457,257320,30137,2007743.0,0.0150103872856237,0.4894912360462613,0.005083723205515,0.0202795542577814
2025,8003,164,CP CRECHE CRIANÇA JABOUR,2025,2024,9,287457,257320,30137,2007743.0,0.0150103872856237,0.4894912360462613,0.005083723205515,0.0202795542577814
2025,8004,449,CP CRECHE COMUNITÁRIA NINO,2025,2024,9,287457,257320,30137,2007743.0,0.0150103872856237,0.4894912360462613,0.005083723205515,0.0202795542577814
2025,8005,309,CP CRECHE E ESCOLA COMUNITÁRIA GENTE INOCENTE - REALENGO,2025,2024,9,287457,257320,30137,2007743.0,0.0150103872856237,0.4894912360462613,0.005083723205515,0.0202795542577814
2025,8006,134,CP FUNDAÇÃO CASA DA JOANINHA - CRECHE,2025,2024,9,287457,257320,30137,2007743.0,0.0150103872856237,0.4894912360462613,0.005083723205515,0.0202795542577814
2025,8007,479,CP CRECHE E ESCOLA COMUNITÁRIA GENTE INOCENTE - BANGU,2025,2024,9,287457,257320,30137,2007743.0,0.0150103872856237,0.4894912360462613,0.005083723205515,0.0202795542577814
2025,8008,45,CP ASSOCIAÇÃO DE MORADORES DO CONJUNTO PEDRO I E ADJACÊNCIAS,2025,2024,9,287457,257320,30137,2007743.0,0.0150103872856237,0.4894912360462613,0.005083723205515,0.0202795542577814
2025,8009,555,CP ASSOCIAÇÃO RECREATIVA PINGUINHO DE GENTE,2025,2024,9,287457,257320,30137,2007743.0,0.0150103872856237,0.4894912360462613,0.005083723205515,0.0202795542577814
2025,8010,557,CP ASSOCIAÇÃO CENTRO EDUCACIONAL REBRAL III,2025,2024,9,287457,257320,30137,2007743.0,0.0150103872856237,0.4894912360462613,0.005083723205515,0.0202795542577814
2025,8011,202,CP ESPAÇO DE EDUCAÇÃO INFANTIL BATAN,2025,2024,9,287457,257320,30137,2007743.0,0.0150103872856237,0.4894912360462613,0.005083723205515,0.0202795542577814
2025,8013,294,CP CENTRO EDUCACIONAL LUIZA,2025,2024,9,287457,257320,30137,2007743.0,0.0150103872856237,0.4894912360462613,0.005083723205515,0.0202795542577814
2025,8014,216,"CP DO.RA., A AVENTUREIRA",2025,2024,9,287457,257320,30137,2007743.0,0.0150103872856237,0.4894912360462613,0.005083723205515,0.0202795542577814
2025,8015,205,CP CEM CRECHE ESCOLA MACHADO,2025,2024,9,287457,257320,30137,2007743.0,0.0150103872856237,0.4894912360462613,0.005083723205515,0.0202795542577814
2025,8016,454,CP ASSOCIAÇÃO CENTRO EDUCACIONAL REBRAL VI,2025,2024,9,287457,257320,30137,2007743.0,0.0150103872856237,0.4894912360462613,0.005083723205515,0.0202795542577814
2025,8017,232,CP ASSOCIAÇÃO CRECHE ESPERANÇA - REALENGO,2025,2024,9,287457,257320,30137,2007743.0,0.0150103872856237,0.4894912360462613,0.005083723205515,0.0202795542577814
2025,8018,203,CP CRECHE COMUNITÁRIA ESTRELINHA,2025,2024,9,287457,257320,30137,2007743.0,0.0150103872856237,0.4894912360462613,0.005083723205515,0.0202795542577814
2025,8019,182,CP ESCOLA COMUNITÁRIA JARDIM ARCO-ÍRIS - UNIDADE II,2025,2024,9,287457,257320,30137,2007743.0,0.0150103872856237,0.4894912360462613,0.005083723205515,0.0202795542577814
2025,8021,197,CP ASSOCIAÇÃO RECREATIVA MUNDO MÁGICO DA TIA NATY,2025,2024,9,287457,257320,30137,2007743.0,0.0150103872856237,0.4894912360462613,0.005083723205515,0.0202795542577814
2025,8022,146,CP ASSOCIAÇÃO CRECHE ESPERANÇA - MAGALHÃES BASTOS,2025,2024,9,287457,257320,30137,2007743.0,0.0150103872856237,0.4894912360462613,0.005083723205515,0.0202795542577814
2025,8023,152,CP CRECHE COMUNITÁRIA IRMÃ MARIA DE LOURDES,2025,2024,9,287457,257320,30137,2007743.0,0.0150103872856237,0.4894912360462613,0.005083723205515,0.0202795542577814
2025,8024,128,CP CEM CRECHE ESCOLA MACHADO - UNIDADE I,2025,2024,9,287457,257320,30137,2007743.0,0.0150103872856237,0.4894912360462613,0.005083723205515,0.0202795542577814
2025,8025,56,CP ASSOCIAÇÃO RECREATIVA MONIZ BARRETO,2025,2024,9,287457,257320,30137,2007743.0,0.0150103872856237,0.4894912360462613,0.005083723205515,0.0202795542577814
2025,8027,56,CP CENTRO EDUCACIONAL MUNDO DA MÔNICA,2025,2024,9,287457,257320,30137,2007743.0,0.0150103872856237,0.4894912360462613,0.005083723205515,0.0202795542577814
2025,817202,145,CIEP AMILCAR CABRAL,2025,2024,9,287457,257320,30137,2007743.0,0.0150103872856237,0.4894912360462613,0.005083723205515,0.0202795542577814
2025,817504,198,CIEP ANTONIO EVARISTO DE MORAES,2025,2024,9,287457,257320,30137,2007743.0,0.0150103872856237,0.4894912360462613,0.005083723205515,0.0202795542577814
2025,817505,103,CIEP MARECHAL JULIO CAETANO HORTA BARBOSA,2025,2024,9,287457,257320,30137,2007743.0,0.0150103872856237,0.4894912360462613,0.005083723205515,0.0202795542577814
2025,817601,403,CM JOSÉ FÉLIX,2025,2024,9,287457,257320,30137,2007743.0,0.0150103872856237,0.4894912360462613,0.005083723205515,0.0202795542577814
2025,817602,372,CM VILA PROGRESSO,2025,2024,9,287457,257320,30137,2007743.0,0.0150103872856237,0.4894912360462613,0.005083723205515,0.0202795542577814
2025,817603,376,CM DENTE DE LEITE,2025,2024,9,287457,257320,30137,2007743.0,0.0150103872856237,0.4894912360462613,0.005083723205515,0.0202795542577814
2025,817604,156,CM DRAMATURGO ALFREDO DE FREITAS DIAS GOMES,2025,2024,9,287457,257320,30137,2007743.0,0.0150103872856237,0.4894912360462613,0.005083723205515,0.0202795542577814
2025,817605,239,CM MANÉ GARRINCHA II,2025,2024,9,287457,257320,30137,2007743.0,0.0150103872856237,0.4894912360462613,0.005083723205515,0.0202795542577814
2025,817606,117,CM MEIMEI,2025,2024,9,287457,257320,30137,2007743.0,0.0150103872856237,0.4894912360462613,0.005083723205515,0.0202795542577814
2025,817607,492,CM MULHERES DO QUAFÁ,2025,2024,9,287457,257320,30137,2007743.0,0.0150103872856237,0.4894912360462613,0.005083723205515,0.0202795542577814
2025,817608,161,CM NOVA ALIANÇA,2025,2024,9,287457,257320,30137,2007743.0,0.0150103872856237,0.4894912360462613,0.005083723205515,0.0202795542577814
2025,817609,369,CM RECANTO FELIZ,2025,2024,9,287457,257320,30137,2007743.0,0.0150103872856237,0.4894912360462613,0.005083723205515,0.0202795542577814
2025,817610,128,CM SEMPRE VIDA FAZENDA COQUEIROS,2025,2024,9,287457,257320,30137,2007743.0,0.0150103872856237,0.4894912360462613,0.005083723205515,0.0202795542577814
2025,817611,99,CM TIA ELZA,2025,2024,9,287457,257320,30137,2007743.0,0.0150103872856237,0.4894912360462613,0.005083723205515,0.0202795542577814
2025,817612,398,CM VILA KENNEDY,2025,2024,9,287457,257320,30137,2007743.0,0.0150103872856237,0.4894912360462613,0.005083723205515,0.0202795542577814
2025,817613,175,CM CÉLIA ALENCAR,2025,2024,9,287457,257320,30137,2007743.0,0.0150103872856237,0.4894912360462613,0.005083723205515,0.0202795542577814
2025,817614,246,CM FAZENDA COQUEIROS II,2025,2024,9,287457,257320,30137,2007743.0,0.0150103872856237,0.4894912360462613,0.005083723205515,0.0202795542577814
2025,817615,163,CM VILA UNIÃO DA PAZ,2025,2024,9,287457,257320,30137,2007743.0,0.0150103872856237,0.4894912360462613,0.005083723205515,0.0202795542577814
2025,817616,47,CM PROFESSORA MARIA ASSUMPÇÃO,2025,2024,9,287457,257320,30137,2007743.0,0.0150103872856237,0.4894912360462613,0.005083723205515,0.0202795542577814
2025,817617,219,CM JOSÉ MANOEL IBARRA PEREZ,2025,2024,9,287457,257320,30137,2007743.0,0.0150103872856237,0.4894912360462613,0.005083723205515,0.0202795542577814
2025,817618,170,CM JANETE CLAIR,2025,2024,9,287457,257320,30137,2007743.0,0.0150103872856237,0.4894912360462613,0.005083723205515,0.0202795542577814
2025,817619,208,CM PROFESSORA REGINA MARIA DA MATTA MONTEZANO,2025,2024,9,287457,257320,30137,2007743.0,0.0150103872856237,0.4894912360462613,0.005083723205515,0.0202795542577814
2025,817801,321,EDI PROFESSORA TÂNIA MARIA LARRUBIA GOMES,2025,2024,9,287457,257320,30137,2007743.0,0.0150103872856237,0.4894912360462613,0.005083723205515,0.0202795542577814
2025,817802,145,EDI PROFESSOR REINALDO JOSÉ DE ARAGÃO BARBOSA,2025,2024,9,287457,257320,30137,2007743.0,0.0150103872856237,0.4894912360462613,0.005083723205515,0.0202795542577814
2025,817803,303,EDI JOSÉ EPHIM MINDLIN,2025,2024,9,287457,257320,30137,2007743.0,0.0150103872856237,0.4894912360462613,0.005083723205515,0.0202795542577814
2025,817804,324,EDI PROFESSORA EDITH MARQUES DE SOUZA,2025,2024,9,287457,257320,30137,2007743.0,0.0150103872856237,0.4894912360462613,0.005083723205515,0.0202795542577814
2025,817805,106,EDI RAFAEL PEREIRA DA SILVA,2025,2024,9,287457,257320,30137,2007743.0,0.0150103872856237,0.4894912360462613,0.005083723205515,0.0202795542577814
2025,817806,149,EDI PROFESSORA MARIA YEDDA LEITE LINHARES,2025,2024,9,287457,257320,30137,2007743.0,0.0150103872856237,0.4894912360462613,0.005083723205515,0.0202795542577814
2025,817807,168,EDI MARIA DO CARMO SOUZA PIRAN,2025,2024,9,287457,257320,30137,2007743.0,0.0150103872856237,0.4894912360462613,0.005083723205515,0.0202795542577814
2025,817808,377,EDI PROFESSOR ANTONIO FLAVIO PIERUCCI,2025,2024,9,287457,257320,30137,2007743.0,0.0150103872856237,0.4894912360462613,0.005083723205515,0.0202795542577814
2025,817809,64,EDI REPÚBLICA ÁRABE UNIDA,2025,2024,9,287457,257320,30137,2007743.0,0.0150103872856237,0.4894912360462613,0.005083723205515,0.0202795542577814
2025,817810,143,EDI VILA DO VINTÉM,2025,2024,9,287457,257320,30137,2007743.0,0.0150103872856237,0.4894912360462613,0.005083723205515,0.0202795542577814
2025,817814,363,EDI PROFESSORA GIOVANA BANSI,2025,2024,9,287457,257320,30137,2007743.0,0.0150103872856237,0.4894912360462613,0.005083723205515,0.0202795542577814
2025,817815,337,EDI SENHOR JOÃO GOMES,2025,2024,9,287457,257320,30137,2007743.0,0.0150103872856237,0.4894912360462613,0.005083723205515,0.0202795542577814
2025,833505,25,CIEP ARACY DE ALMEIDA (CANTORA),2025,2024,9,287457,257320,30137,2007743.0,0.0150103872856237,0.4894912360462613,0.005083723205515,0.0202795542577814
2025,833601,398,CM CASA DE REALENGO,2025,2024,9,287457,257320,30137,2007743.0,0.0150103872856237,0.4894912360462613,0.005083723205515,0.0202795542577814
2025,833602,296,CM JULINHO CACAU,2025,2024,9,287457,257320,30137,2007743.0,0.0150103872856237,0.4894912360462613,0.005083723205515,0.0202795542577814
2025,833603,287,CM SILVEIRINHA,2025,2024,9,287457,257320,30137,2007743.0,0.0150103872856237,0.4894912360462613,0.005083723205515,0.0202795542577814
2025,833801,69,EDI GESSICA GUEDES PEREIRA,2025,2024,9,287457,257320,30137,2007743.0,0.0150103872856237,0.4894912360462613,0.005083723205515,0.0202795542577814
2025,833802,139,EDI PROFESSORA ZENA ELIAN,2025,2024,9,287457,257320,30137,2007743.0,0.0150103872856237,0.4894912360462613,0.005083723205515,0.0202795542577814
2025,833803,192,EDI FREI ORLANDO,2025,2024,9,287457,257320,30137,2007743.0,0.0150103872856237,0.4894912360462613,0.005083723205515,0.0202795542577814
2025,833805,89,EDI DEODORO,2025,2024,9,287457,257320,30137,2007743.0,0.0150103872856237,0.4894912360462613,0.005083723205515,0.0202795542577814
2025,833806,324,EDI PROFESSOR CRISTIANO PINTO DE MORAES BISPO,2025,2024,9,287457,257320,30137,2007743.0,0.0150103872856237,0.4894912360462613,0.005083723205515,0.0202795542577814
2025,833807,256,EDI LUIZA PAULA DA SILVEIRA MACHADO,2025,2024,9,287457,257320,30137,2007743.0,0.0150103872856237,0.4894912360462613,0.005083723205515,0.0202795542577814
2025,833808,166,EDI PROFESSORA VANUZIA BASTOS DA SILVA,2025,2024,9,287457,257320,30137,2007743.0,0.0150103872856237,0.4894912360462613,0.005083723205515,0.0202795542577814
2025,833809,157,EDI PROFESSORA MARIA CECILIA FERREIRA,2025,2024,9,287457,257320,30137,2007743.0,0.0150103872856237,0.4894912360462613,0.005083723205515,0.0202795542577814
2025,833810,209,EDI MEDALHISTA OLÍMPICO SERGIO DUTRA DOS SANTOS,2025,2024,9,287457,257320,30137,2007743.0,0.0150103872856237,0.4894912360462613,0.005083723205515,0.0202795542577814
2025,833811,310,EDI MEDALHISTA OLÍMPICA RAFAELA LOPES SILVA,2025,2024,9,287457,257320,30137,2007743.0,0.0150103872856237,0.4894912360462613,0.005083723205515,0.0202795542577814
2025,9001,56,CP CRECHE COMUNITÁRIA SANTA RITA,2025,2024,9,287457,257320,30137,2007743.0,0.0150103872856237,0.4894912360462613,0.005083723205515,0.0202795542577814
2025,9002,40,CP CRECHE SAGRADA FAMÍLIA,2025,2024,9,287457,257320,30137,2007743.0,0.0150103872856237,0.4894912360462613,0.005083723205515,0.0202795542577814
2025,9003,47,CP CRECHE SÃO JORGE,2025,2024,9,287457,257320,30137,2007743.0,0.0150103872856237,0.4894912360462613,0.005083723205515,0.0202795542577814
2025,9004,158,CP CRECHE E PRÉ-ESCOLA CANTINHO DO SABER,2025,2024,9,287457,257320,30137,2007743.0,0.0150103872856237,0.4894912360462613,0.005083723205515,0.0202795542577814
2025,9007,17,CP INSTITUTO AVELINO - CAMPO GRANDE,2025,2024,9,287457,257320,30137,2007743.0,0.0150103872856237,0.4894912360462613,0.005083723205515,0.0202795542577814
2025,9008,60,CP CRECHE COMUNITÁRIA ANA & LU,2025,2024,9,287457,257320,30137,2007743.0,0.0150103872856237,0.4894912360462613,0.005083723205515,0.0202795542577814
2025,9009,159,CP CRECHE COMUNITÁRIA CRIANÇAS DE OURO,2025,2024,9,287457,257320,30137,2007743.0,0.0150103872856237,0.4894912360462613,0.005083723205515,0.0202795542577814
2025,9010,153,CP CRECHE JARDIM ESCOLA RIO DA PRATA,2025,2024,9,287457,257320,30137,2007743.0,0.0150103872856237,0.4894912360462613,0.005083723205515,0.0202795542577814
2025,9011,212,CP CRECHE NOVA JERUSALÉM EM CAMPO GRANDE,2025,2024,9,287457,257320,30137,2007743.0,0.0150103872856237,0.4894912360462613,0.005083723205515,0.0202795542577814
2025,9012,170,CP CRECHE COMUNITÁRIA TIA NEIDE - CAMPO GRANDE,2025,2024,9,287457,257320,30137,2007743.0,0.0150103872856237,0.4894912360462613,0.005083723205515,0.0202795542577814
2025,9013,301,CP CRECHE COMUNITÁRIA SOL DO SABER,2025,2024,9,287457,257320,30137,2007743.0,0.0150103872856237,0.4894912360462613,0.005083723205515,0.0202795542577814
2025,9014,221,CP INSTITUTO DE ENSINO AVANÇADO,2025,2024,9,287457,257320,30137,2007743.0,0.0150103872856237,0.4894912360462613,0.005083723205515,0.0202795542577814
2025,9017,236,CP ESPAÇO CRESCER,2025,2024,9,287457,257320,30137,2007743.0,0.0150103872856237,0.4894912360462613,0.005083723205515,0.0202795542577814
2025,9018,213,CP ESPAÇO DE DESENVOLVIMENTO CARIOQUINHA,2025,2024,9,287457,257320,30137,2007743.0,0.0150103872856237,0.4894912360462613,0.005083723205515,0.0202795542577814
2025,9019,121,CP ASSOCIAÇÃO DE MORADORES UNIÃO DAS BASES DE URUCÂNIA E ADJACÊNCIAS - COSMOS,2025,2024,9,287457,257320,30137,2007743.0,0.0150103872856237,0.4894912360462613,0.005083723205515,0.0202795542577814
2025,9020,56,CP ASSOCIAÇÃO DE MORADORES UNIÃO DAS BASES DE URUCÂNIA E ADJACÊNCIAS - CAMPO GRANDE,2025,2024,9,287457,257320,30137,2007743.0,0.0150103872856237,0.4894912360462613,0.005083723205515,0.0202795542577814
2025,9021,332,CP INSTITUTO CRESCER & APRENDER,2025,2024,9,287457,257320,30137,2007743.0,0.0150103872856237,0.4894912360462613,0.005083723205515,0.0202795542577814
2025,9022,237,CP ESPAÇO CRIATIVO CASTELINHO RINALDI,2025,2024,9,287457,257320,30137,2007743.0,0.0150103872856237,0.4894912360462613,0.005083723205515,0.0202795542577814
2025,9023,172,CP ESPAÇO CRIATIVO SALOMÃO,2025,2024,9,287457,257320,30137,2007743.0,0.0150103872856237,0.4894912360462613,0.005083723205515,0.0202795542577814
2025,9024,196,CP CRECHE COMUNITÁRIA DOCE INFÂNCIA,2025,2024,9,287457,257320,30137,2007743.0,0.0150103872856237,0.4894912360462613,0.005083723205515,0.0202795542577814
2025,9025,113,CP INSTITUTO Ô LUAR,2025,2024,9,287457,257320,30137,2007743.0,0.0150103872856237,0.4894912360462613,0.005083723205515,0.0202795542577814
2025,9026,207,CP CRECHE COMUNITÁRIA LEÃOZINHO FELIZ,2025,2024,9,287457,257320,30137,2007743.0,0.0150103872856237,0.4894912360462613,0.005083723205515,0.0202795542577814
2025,9027,152,CP INSTITUTO FRUTIFICAR,2025,2024,9,287457,257320,30137,2007743.0,0.0150103872856237,0.4894912360462613,0.005083723205515,0.0202795542577814
2025,9028,215,CP CRECHE COMUNITÁRIA ALÉM DO ARCO-ÍRIS,2025,2024,9,287457,257320,30137,2007743.0,0.0150103872856237,0.4894912360462613,0.005083723205515,0.0202795542577814
2025,9029,237,CP INSTITUTO CRECHE DO PAPAI,2025,2024,9,287457,257320,30137,2007743.0,0.0150103872856237,0.4894912360462613,0.005083723205515,0.0202795542577814
2025,9030,146,CP ESPAÇO DE DESENVOLVIMENTO PEDRITA,2025,2024,9,287457,257320,30137,2007743.0,0.0150103872856237,0.4894912360462613,0.005083723205515,0.0202795542577814
2025,9031,136,CP ESPAÇO CRIATIVO TURMINHA DO BAIRRO,2025,2024,9,287457,257320,30137,2007743.0,0.0150103872856237,0.4894912360462613,0.005083723205515,0.0202795542577814
2025,9032,91,CP SOLDADINHOS DE DEUS,2025,2024,9,287457,257320,30137,2007743.0,0.0150103872856237,0.4894912360462613,0.005083723205515,0.0202795542577814
2025,9033,121,CP TEMPO DE CRIANÇA,2025,2024,9,287457,257320,30137,2007743.0,0.0150103872856237,0.4894912360462613,0.005083723205515,0.0202795542577814
2025,9034,111,CP CRECHE COMUNITÁRIA ARTE DA CRIANÇA,2025,2024,9,287457,257320,30137,2007743.0,0.0150103872856237,0.4894912360462613,0.005083723205515,0.0202795542577814
2025,9035,108,CP INSTITUTO CRESCER E APRENDER - FILIAL,2025,2024,9,287457,257320,30137,2007743.0,0.0150103872856237,0.4894912360462613,0.005083723205515,0.0202795542577814
2025,9036,344,CP INSTITUTO CONSTRUINDO AMANHÃ,2025,2024,9,287457,257320,30137,2007743.0,0.0150103872856237,0.4894912360462613,0.005083723205515,0.0202795542577814
2025,9037,56,CP CRECHE COMUNITÁRIA AURINA,2025,2024,9,287457,257320,30137,2007743.0,0.0150103872856237,0.4894912360462613,0.005083723205515,0.0202795542577814
2025,9038,154,CP CEM CRECHE ESCOLA MACHADO UNIDADE II,2025,2024,9,287457,257320,30137,2007743.0,0.0150103872856237,0.4894912360462613,0.005083723205515,0.0202795542577814
2025,9039,140,CP CRECHE COMUNITÁRIA ESTRELINHA DO SABER,2025,2024,9,287457,257320,30137,2007743.0,0.0150103872856237,0.4894912360462613,0.005083723205515,0.0202795542577814
2025,9040,249,CP CRECHE E ESCOLA COMUNITARIA GENTE BAIXINHA - UNIDADE COSMOS,2025,2024,9,287457,257320,30137,2007743.0,0.0150103872856237,0.4894912360462613,0.005083723205515,0.0202795542577814
2025,9041,114,CP CRECHE COMUNITÁRIA PEQUENOS PASSOS,2025,2024,9,287457,257320,30137,2007743.0,0.0150103872856237,0.4894912360462613,0.005083723205515,0.0202795542577814
2025,9042,60,CP CRECHE PEQUENA CANAÃ,2025,2024,9,287457,257320,30137,2007743.0,0.0150103872856237,0.4894912360462613,0.005083723205515,0.0202795542577814
2025,9043,109,CP CRECHE COMUNITÁRIA RIBEIRO,2025,2024,9,287457,257320,30137,2007743.0,0.0150103872856237,0.4894912360462613,0.005083723205515,0.0202795542577814
2025,9044,250,CP CRECHE COMUNITÁRIA JARDIM FELIZ,2025,2024,9,287457,257320,30137,2007743.0,0.0150103872856237,0.4894912360462613,0.005083723205515,0.0202795542577814
2025,9045,107,CP CRECHE COMUNITÁRIA PINTANDO SONHOS,2025,2024,9,287457,257320,30137,2007743.0,0.0150103872856237,0.4894912360462613,0.005083723205515,0.0202795542577814
2025,9046,310,CP CRECHE COMUNITÁRIA URSINHO PIMPÃO,2025,2024,9,287457,257320,30137,2007743.0,0.0150103872856237,0.4894912360462613,0.005083723205515,0.0202795542577814
2025,918601,288,CM ALEGRIA DE NOVA CIDADE,2025,2024,9,287457,257320,30137,2007743.0,0.0150103872856237,0.4894912360462613,0.005083723205515,0.0202795542577814
2025,918602,126,CM VITÓRIA DA PAZ,2025,2024,9,287457,257320,30137,2007743.0,0.0150103872856237,0.4894912360462613,0.005083723205515,0.0202795542577814
2025,918603,98,CM SEMPRE VIDA ELZA RABELO DE ANDRADE,2025,2024,9,287457,257320,30137,2007743.0,0.0150103872856237,0.4894912360462613,0.005083723205515,0.0202795542577814
2025,918604,48,CM VERA PACHECO JORDÃO,2025,2024,9,287457,257320,30137,2007743.0,0.0150103872856237,0.4894912360462613,0.005083723205515,0.0202795542577814
2025,918605,99,CM SEMPRE VIDA PROFESSORA EUGENIA MARIA VELOSO MARCHESE,2025,2024,9,287457,257320,30137,2007743.0,0.0150103872856237,0.4894912360462613,0.005083723205515,0.0202795542577814
2025,918606,175,CM CECÍLIA MEIRELES,2025,2024,9,287457,257320,30137,2007743.0,0.0150103872856237,0.4894912360462613,0.005083723205515,0.0202795542577814
2025,918607,316,CM SONHO FELIZ,2025,2024,9,287457,257320,30137,2007743.0,0.0150103872856237,0.4894912360462613,0.005083723205515,0.0202795542577814
2025,918608,125,CM JARDIM MONTE SANTO,2025,2024,9,287457,257320,30137,2007743.0,0.0150103872856237,0.4894912360462613,0.005083723205515,0.0202795542577814
2025,918609,123,CM ADÉLIA VIEIRA,2025,2024,9,287457,257320,30137,2007743.0,0.0150103872856237,0.4894912360462613,0.005083723205515,0.0202795542577814
2025,918610,63,CM ESPERANÇA DO AMANHÃ,2025,2024,9,287457,257320,30137,2007743.0,0.0150103872856237,0.4894912360462613,0.005083723205515,0.0202795542577814
2025,918611,43,CM MÁRIO LOMBARDI,2025,2024,9,287457,257320,30137,2007743.0,0.0150103872856237,0.4894912360462613,0.005083723205515,0.0202795542577814
2025,918613,376,CM PROFESSORA FLORA SANTINA FERRARI BRAZ,2025,2024,9,287457,257320,30137,2007743.0,0.0150103872856237,0.4894912360462613,0.005083723205515,0.0202795542577814
2025,918614,161,CM ZÉLIA CHAUKE CURI,2025,2024,9,287457,257320,30137,2007743.0,0.0150103872856237,0.4894912360462613,0.005083723205515,0.0202795542577814
2025,918615,122,CM MARCELO CARDOSO TOMÉ,2025,2024,9,287457,257320,30137,2007743.0,0.0150103872856237,0.4894912360462613,0.005083723205515,0.0202795542577814
2025,918616,285,CM PADRE VALTER DA COSTA SANTOS,2025,2024,9,287457,257320,30137,2007743.0,0.0150103872856237,0.4894912360462613,0.005083723205515,0.0202795542577814
2025,918617,246,CM CRIANDO O FUTURO,2025,2024,9,287457,257320,30137,2007743.0,0.0150103872856237,0.4894912360462613,0.005083723205515,0.0202795542577814
2025,918618,146,CM ESPERANÇA DA VILA SÃO JORGE,2025,2024,9,287457,257320,30137,2007743.0,0.0150103872856237,0.4894912360462613,0.005083723205515,0.0202795542577814
2025,918619,400,CM RAUL CORTEZ,2025,2024,9,287457,257320,30137,2007743.0,0.0150103872856237,0.4894912360462613,0.005083723205515,0.0202795542577814
2025,918620,327,CM EMILIO IBRAHIM LÁZARO JUBRAM DIB,2025,2024,9,287457,257320,30137,2007743.0,0.0150103872856237,0.4894912360462613,0.005083723205515,0.0202795542577814
2025,918621,217,CM ELIZABETH TAVARES DE SOUZA - BETINHA,2025,2024,9,287457,257320,30137,2007743.0,0.0150103872856237,0.4894912360462613,0.005083723205515,0.0202795542577814
2025,918801,153,EDI BIANCA ROCHA TAVARES,2025,2024,9,287457,257320,30137,2007743.0,0.0150103872856237,0.4894912360462613,0.005083723205515,0.0202795542577814
2025,918802,198,EDI PINTANDO O SETE,2025,2024,9,287457,257320,30137,2007743.0,0.0150103872856237,0.4894912360462613,0.005083723205515,0.0202795542577814
2025,918803,96,EDI LUDMILA MÁXIMO MOREIRA CARDOSO,2025,2024,9,287457,257320,30137,2007743.0,0.0150103872856237,0.4894912360462613,0.005083723205515,0.0202795542577814
2025,918804,53,EDI RENAN DE SOUZA LEAL,2025,2024,9,287457,257320,30137,2007743.0,0.0150103872856237,0.4894912360462613,0.005083723205515,0.0202795542577814
2025,918805,148,EDI CANTORA CESÁRIA ÉVORA,2025,2024,9,287457,257320,30137,2007743.0,0.0150103872856237,0.4894912360462613,0.005083723205515,0.0202795542577814
2025,918806,224,EDI COMENDADOR SERAFIM SOFIA,2025,2024,9,287457,257320,30137,2007743.0,0.0150103872856237,0.4894912360462613,0.005083723205515,0.0202795542577814
2025,918807,259,EDI URBANO DE FREITAS,2025,2024,9,287457,257320,30137,2007743.0,0.0150103872856237,0.4894912360462613,0.005083723205515,0.0202795542577814
2025,918808,206,EDI PROFESSORA MARTA REGINA PERROTA,2025,2024,9,287457,257320,30137,2007743.0,0.0150103872856237,0.4894912360462613,0.005083723205515,0.0202795542577814
2025,918809,39,EDI CAMPO GRANDE,2025,2024,9,287457,257320,30137,2007743.0,0.0150103872856237,0.4894912360462613,0.005083723205515,0.0202795542577814
2025,918810,145,EDI DOM BOSCO,2025,2024,9,287457,257320,30137,2007743.0,0.0150103872856237,0.4894912360462613,0.005083723205515,0.0202795542577814
2025,918811,14,EDI ISABEL,2025,2024,9,287457,257320,30137,2007743.0,0.0150103872856237,0.4894912360462613,0.005083723205515,0.0202795542577814
2025,918812,85,EDI PROFESSOR JORGE EUCLIDES PEREIRA NUNES,2025,2024,9,287457,257320,30137,2007743.0,0.0150103872856237,0.4894912360462613,0.005083723205515,0.0202795542577814
2025,918813,184,EDI PROFESSOR MARCO ALTINO DE OLIVEIRA,2025,2024,9,287457,257320,30137,2007743.0,0.0150103872856237,0.4894912360462613,0.005083723205515,0.0202795542577814
2025,918814,177,EDI PROFESSOR NESTOR MANOEL PINTO,2025,2024,9,287457,257320,30137,2007743.0,0.0150103872856237,0.4894912360462613,0.005083723205515,0.0202795542577814
2025,918815,282,EDI PROFESSORA SIRLÉIA SILVA REIS,2025,2024,9,287457,257320,30137,2007743.0,0.0150103872856237,0.4894912360462613,0.005083723205515,0.0202795542577814
2025,918816,46,EDI PROFESSOR JOÃO FERNANDES FILHO,2025,2024,9,287457,257320,30137,2007743.0,0.0150103872856237,0.4894912360462613,0.005083723205515,0.0202795542577814
2025,918817,307,EDI PROFESSORA EUGENIA DE ALMEIDA AZEVEDO,2025,2024,9,287457,257320,30137,2007743.0,0.0150103872856237,0.4894912360462613,0.005083723205515,0.0202795542577814
2025,918818,101,EDI FRANCISCO JOSÉ DE MORAES,2025,2024,9,287457,257320,30137,2007743.0,0.0150103872856237,0.4894912360462613,0.005083723205515,0.0202795542577814
2025,918819,18,EDI JOARI,2025,2024,9,287457,257320,30137,2007743.0,0.0150103872856237,0.4894912360462613,0.005083723205515,0.0202795542577814
2025,918820,30,EDI ALMO SATURNINO,2025,2024,9,287457,257320,30137,2007743.0,0.0150103872856237,0.4894912360462613,0.005083723205515,0.0202795542577814
2025,918821,169,EDI PROFESSORA ENYR PORTILHO DE AVELLAR,2025,2024,9,287457,257320,30137,2007743.0,0.0150103872856237,0.4894912360462613,0.005083723205515,0.0202795542577814
2025,918822,241,EDI PROFESSOR ANDRÉ LUIZ GILS,2025,2024,9,287457,257320,30137,2007743.0,0.0150103872856237,0.4894912360462613,0.005083723205515,0.0202795542577814
2025,918823,147,EDI PROFESSOR DERSU GABRIEL BICEGO,2025,2024,9,287457,257320,30137,2007743.0,0.0150103872856237,0.4894912360462613,0.005083723205515,0.0202795542577814
2025,918824,228,EDI ALBERTO FERREIRA PINTO,2025,2024,9,287457,257320,30137,2007743.0,0.0150103872856237,0.4894912360462613,0.005083723205515,0.0202795542577814
2025,918825,231,EDI PROFESSORA TERESINHA DE JESUS SIQUEIRA BROWN,2025,2024,9,287457,257320,30137,2007743.0,0.0150103872856237,0.4894912360462613,0.005083723205515,0.0202795542577814
2025,918826,208,EDI PROFESSORA MARLY DOS SANTOS DE OLIVEIRA (MARLY MARINHO),2025,2024,9,287457,257320,30137,2007743.0,0.0150103872856237,0.4894912360462613,0.005083723205515,0.0202795542577814
2025,918827,178,EDI ATAULFO ALVES,2025,2024,9,287457,257320,30137,2007743.0,0.0150103872856237,0.4894912360462613,0.005083723205515,0.0202795542577814
2025,918828,241,EDI ALYRIO CAVALLIERI,2025,2024,9,287457,257320,30137,2007743.0,0.0150103872856237,0.4894912360462613,0.005083723205515,0.0202795542577814
2025,918829,143,EDI RUBEM AZEVEDO ALVES,2025,2024,9,287457,257320,30137,2007743.0,0.0150103872856237,0.4894912360462613,0.005083723205515,0.0202795542577814
2025,918830,47,EDI HENRIQUE DIAS,2025,2024,9,287457,257320,30137,2007743.0,0.0150103872856237,0.4894912360462613,0.005083723205515,0.0202795542577814
2025,918831,233,EDI ELFLODÍZIO DOS SANTOS,2025,2024,9,287457,257320,30137,2007743.0,0.0150103872856237,0.4894912360462613,0.005083723205515,0.0202795542577814
2025,918832,367,EDI PROFESSORA JACINTHA REIS FERREIRA,2025,2024,9,287457,257320,30137,2007743.0,0.0150103872856237,0.4894912360462613,0.005083723205515,0.0202795542577814
2025,918833,175,EDI PROFESSOR WILSON CHOERI,2025,2024,9,287457,257320,30137,2007743.0,0.0150103872856237,0.4894912360462613,0.005083723205515,0.0202795542577814
2025,918834,127,EDI ENGENHEIRA ELAINE MONSORES PIRES,2025,2024,9,287457,257320,30137,2007743.0,0.0150103872856237,0.4894912360462613,0.005083723205515,0.0202795542577814
2025,918835,254,EDI MEDALHISTA OLÍMPICO ARTHUR NORY OYAKAWA MARIANO,2025,2024,9,287457,257320,30137,2007743.0,0.0150103872856237,0.4894912360462613,0.005083723205515,0.0202795542577814
2025,918836,325,EDI MEDALHISTA OLÍMPICO RAFAEL CARLOS DA SILVA,2025,2024,9,287457,257320,30137,2007743.0,0.0150103872856237,0.4894912360462613,0.005083723205515,0.0202795542577814
2025,918837,333,EDI MEDALHISTA OLÍMPICO WALLACE LEANDRO DE SOUZA,2025,2024,9,287457,257320,30137,2007743.0,0.0150103872856237,0.4894912360462613,0.005083723205515,0.0202795542577814
2025,918838,100,EDI EUSTORGIO WANDERLEY,2025,2024,9,287457,257320,30137,2007743.0,0.0150103872856237,0.4894912360462613,0.005083723205515,0.0202795542577814
2025,918839,69,EDI DALILA TAVARES,2025,2024,9,287457,257320,30137,2007743.0,0.0150103872856237,0.4894912360462613,0.005083723205515,0.0202795542577814
